28
360  1
2451545.000000  6.0315013166e-01  1.000000 0.000000 0.000000  1.000000 0.000000 0.000000
2451545.000667  6.0406877345e-01  1.000000 0.000000 0.000000  1.000000 0.000000 0.000000
2451545.001334  6.0624771671e-01  1.000000 0.000000 0.000000  1.000000 0.000000 0.000000
2451545.002001  6.1203867581e-01  1.000000 0.000000 0.000000  1.000000 0.000000 0.000000
2451545.002668  6.2037547408e-01  1.000000 0.000000 0.000000  1.000000 0.000000 0.000000
2451545.003334  6.3204151302e-01  1.000000 0.000000 0.000000  1.000000 0.000000 0.000000
2451545.004001  6.5235969522e-01  1.000000 0.000000 0.000000  1.000000 0.000000 0.000000
2451545.004668  6.6569607040e-01  1.000000 0.000000 0.000000  1.000000 0.000000 0.000000
2451545.005335  6.7982771026e-01  1.000000 0.000000 0.000000  1.000000 0.000000 0.000000
2451545.006002  7.0069375584e-01  1.000000 0.000000 0.000000  1.000000 0.000000 0.000000
2451545.006669  7.1547873357e-01  1.000000 0.000000 0.000000  1.000000 0.000000 0.000000
2451545.007336  7.3059695891e-01  1.000000 0.000000 0.000000  1.000000 0.000000 0.000000
2451545.008003  7.5195651293e-01  1.000000 0.000000 0.000000  1.000000 0.000000 0.000000
2451545.008670  7.6642830261e-01  1.000000 0.000000 0.000000  1.000000 0.000000 0.000000
2451545.009337  7.8061537590e-01  1.000000 0.000000 0.000000  1.000000 0.000000 0.000000
2451545.010003  8.0172127348e-01  1.000000 0.000000 0.000000  1.000000 0.000000 0.000000
2451545.010670  8.1493750697e-01  1.000000 0.000000 0.000000  1.000000 0.000000 0.000000
2451545.011337  8.2745338124e-01  1.000000 0.000000 0.000000  1.000000 0.000000 0.000000
2451545.012004  8.4812487061e-01  1.000000 0.000000 0.000000  1.000000 0.000000 0.000000
2451545.012671  8.6254532507e-01  1.000000 0.000000 0.000000  1.000000 0.000000 0.000000
2451545.013338  8.7593821214e-01  1.000000 0.000000 0.000000  1.000000 0.000000 0.000000
2451545.014005  8.9550275864e-01  1.000000 0.000000 0.000000  1.000000 0.000000 0.000000
2451545.014672  9.0741425764e-01  1.000000 0.000000 0.000000  1.000000 0.000000 0.000000
2451545.015339  9.2084963648e-01  1.000000 0.000000 0.000000  1.000000 0.000000 0.000000
2451545.016006  9.3896579613e-01  1.000000 0.000000 0.000000  1.000000 0.000000 0.000000
2451545.016672  9.5153473118e-01  1.000000 0.000000 0.000000  1.000000 0.000000 0.000000
2451545.017339  9.6344364185e-01  1.000000 0.000000 0.000000  1.000000 0.000000 0.000000
2451545.018006  9.8243875555e-01  1.000000 0.000000 0.000000  1.000000 0.000000 0.000000
2451545.018673  9.9676818703e-01  1.000000 0.000000 0.000000  1.000000 0.000000 0.000000
2451545.019340  1.0105469511e+00  1.000000 0.000000 0.000000  1.000000 0.000000 0.000000
2451545.020007  1.0296872270e+00  1.000000 0.000000 0.000000  1.000000 0.000000 0.000000
2451545.020674  1.0419330521e+00  1.000000 0.000000 0.000000  1.000000 0.000000 0.000000
2451545.021341  1.0537975298e+00  1.000000 0.000000 0.000000  1.000000 0.000000 0.000000
2451545.022008  1.0709454379e+00  1.000000 0.000000 0.000000  1.000000 0.000000 0.000000
2451545.022674  1.0819876891e+00  1.000000 0.000000 0.000000  1.000000 0.000000 0.000000
2451545.023341  1.0915714158e+00  1.000000 0.000000 0.000000  1.000000 0.000000 0.000000
2451545.024008  1.1069128847e+00  1.000000 0.000000 0.000000  1.000000 0.000000 0.000000
2451545.024675  1.1162293662e+00  1.000000 0.000000 0.000000  1.000000 0.000000 0.000000
2451545.025342  1.1231365431e+00  1.000000 0.000000 0.000000  1.000000 0.000000 0.000000
2451545.026009  1.1321299146e+00  1.000000 0.000000 0.000000  1.000000 0.000000 0.000000
2451545.026676  1.1364979388e+00  1.000000 0.000000 0.000000  1.000000 0.000000 0.000000
2451545.027343  1.1395756800e+00  1.000000 0.000000 0.000000  1.000000 0.000000 0.000000
2451545.028010  1.1432254423e+00  1.000000 0.000000 0.000000  1.000000 0.000000 0.000000
2451545.028677  1.1439104872e+00  1.000000 0.000000 0.000000  1.000000 0.000000 0.000000
2451545.029343  1.1437590698e+00  1.000000 0.000000 0.000000  1.000000 0.000000 0.000000
2451545.030010  1.1425183965e+00  1.000000 0.000000 0.000000  1.000000 0.000000 0.000000
2451545.030677  1.1428613504e+00  1.000000 0.000000 0.000000  1.000000 0.000000 0.000000
2451545.031344  1.1412675856e+00  1.000000 0.000000 0.000000  1.000000 0.000000 0.000000
2451545.032011  1.1397219207e+00  1.000000 0.000000 0.000000  1.000000 0.000000 0.000000
2451545.032678  1.1357947755e+00  1.000000 0.000000 0.000000  1.000000 0.000000 0.000000
2451545.033345  1.1355982781e+00  1.000000 0.000000 0.000000  1.000000 0.000000 0.000000
2451545.034012  1.1324737312e+00  1.000000 0.000000 0.000000  1.000000 0.000000 0.000000
2451545.034679  1.1273855040e+00  1.000000 0.000000 0.000000  1.000000 0.000000 0.000000
2451545.035345  1.1226436817e+00  1.000000 0.000000 0.000000  1.000000 0.000000 0.000000
2451545.036012  1.1188714051e+00  1.000000 0.000000 0.000000  1.000000 0.000000 0.000000
2451545.036679  1.1159299826e+00  1.000000 0.000000 0.000000  1.000000 0.000000 0.000000
2451545.037346  1.1100831587e+00  1.000000 0.000000 0.000000  1.000000 0.000000 0.000000
2451545.038013  1.1044207534e+00  1.000000 0.000000 0.000000  1.000000 0.000000 0.000000
2451545.038680  1.1005486103e+00  1.000000 0.000000 0.000000  1.000000 0.000000 0.000000
2451545.039347  1.0943980889e+00  1.000000 0.000000 0.000000  1.000000 0.000000 0.000000
2451545.040014  1.0891530520e+00  1.000000 0.000000 0.000000  1.000000 0.000000 0.000000
2451545.040681  1.0842988530e+00  1.000000 0.000000 0.000000  1.000000 0.000000 0.000000
2451545.041348  1.0747921291e+00  1.000000 0.000000 0.000000  1.000000 0.000000 0.000000
2451545.042014  1.0698186512e+00  1.000000 0.000000 0.000000  1.000000 0.000000 0.000000
2451545.042681  1.0653393288e+00  1.000000 0.000000 0.000000  1.000000 0.000000 0.000000
2451545.043348  1.0590580967e+00  1.000000 0.000000 0.000000  1.000000 0.000000 0.000000
2451545.044015  1.0570135310e+00  1.000000 0.000000 0.000000  1.000000 0.000000 0.000000
2451545.044682  1.0532915111e+00  1.000000 0.000000 0.000000  1.000000 0.000000 0.000000
2451545.045349  1.0484364493e+00  1.000000 0.000000 0.000000  1.000000 0.000000 0.000000
2451545.046016  1.0488894072e+00  1.000000 0.000000 0.000000  1.000000 0.000000 0.000000
2451545.046683  1.0478027396e+00  1.000000 0.000000 0.000000  1.000000 0.000000 0.000000
2451545.047350  1.0445418740e+00  1.000000 0.000000 0.000000  1.000000 0.000000 0.000000
2451545.048017  1.0426204697e+00  1.000000 0.000000 0.000000  1.000000 0.000000 0.000000
2451545.048683  1.0413124998e+00  1.000000 0.000000 0.000000  1.000000 0.000000 0.000000
2451545.049350  1.0411213947e+00  1.000000 0.000000 0.000000  1.000000 0.000000 0.000000
2451545.050017  1.0395129627e+00  1.000000 0.000000 0.000000  1.000000 0.000000 0.000000
2451545.050684  1.0383186636e+00  1.000000 0.000000 0.000000  1.000000 0.000000 0.000000
2451545.051351  1.0384457076e+00  1.000000 0.000000 0.000000  1.000000 0.000000 0.000000
2451545.052018  1.0370976185e+00  1.000000 0.000000 0.000000  1.000000 0.000000 0.000000
2451545.052685  1.0368782575e+00  1.000000 0.000000 0.000000  1.000000 0.000000 0.000000
2451545.053352  1.0360286378e+00  1.000000 0.000000 0.000000  1.000000 0.000000 0.000000
2451545.054019  1.0342515330e+00  1.000000 0.000000 0.000000  1.000000 0.000000 0.000000
2451545.054685  1.0351257417e+00  1.000000 0.000000 0.000000  1.000000 0.000000 0.000000
2451545.055352  1.0353433772e+00  1.000000 0.000000 0.000000  1.000000 0.000000 0.000000
2451545.056019  1.0356218385e+00  1.000000 0.000000 0.000000  1.000000 0.000000 0.000000
2451545.056686  1.0360806202e+00  1.000000 0.000000 0.000000  1.000000 0.000000 0.000000
2451545.057353  1.0386879322e+00  1.000000 0.000000 0.000000  1.000000 0.000000 0.000000
2451545.058020  1.0404952343e+00  1.000000 0.000000 0.000000  1.000000 0.000000 0.000000
2451545.058687  1.0401460253e+00  1.000000 0.000000 0.000000  1.000000 0.000000 0.000000
2451545.059354  1.0431042719e+00  1.000000 0.000000 0.000000  1.000000 0.000000 0.000000
2451545.060021  1.0443115126e+00  1.000000 0.000000 0.000000  1.000000 0.000000 0.000000
2451545.060688  1.0464928285e+00  1.000000 0.000000 0.000000  1.000000 0.000000 0.000000
2451545.061354  1.0484586658e+00  1.000000 0.000000 0.000000  1.000000 0.000000 0.000000
2451545.062021  1.0493069913e+00  1.000000 0.000000 0.000000  1.000000 0.000000 0.000000
2451545.062688  1.0504892114e+00  1.000000 0.000000 0.000000  1.000000 0.000000 0.000000
2451545.063355  1.0536023265e+00  1.000000 0.000000 0.000000  1.000000 0.000000 0.000000
2451545.064022  1.0557881720e+00  1.000000 0.000000 0.000000  1.000000 0.000000 0.000000
2451545.064689  1.0579811353e+00  1.000000 0.000000 0.000000  1.000000 0.000000 0.000000
2451545.065356  1.0604027346e+00  1.000000 0.000000 0.000000  1.000000 0.000000 0.000000
2451545.066023  1.0626235226e+00  1.000000 0.000000 0.000000  1.000000 0.000000 0.000000
2451545.066690  1.0664225453e+00  1.000000 0.000000 0.000000  1.000000 0.000000 0.000000
2451545.067356  1.0684876020e+00  1.000000 0.000000 0.000000  1.000000 0.000000 0.000000
2451545.068023  1.0708736118e+00  1.000000 0.000000 0.000000  1.000000 0.000000 0.000000
2451545.068690  1.0738217207e+00  1.000000 0.000000 0.000000  1.000000 0.000000 0.000000
2451545.069357  1.0759517014e+00  1.000000 0.000000 0.000000  1.000000 0.000000 0.000000
2451545.070024  1.0781328016e+00  1.000000 0.000000 0.000000  1.000000 0.000000 0.000000
2451545.070691  1.0814547087e+00  1.000000 0.000000 0.000000  1.000000 0.000000 0.000000
2451545.071358  1.0847852435e+00  1.000000 0.000000 0.000000  1.000000 0.000000 0.000000
2451545.072025  1.0848603051e+00  1.000000 0.000000 0.000000  1.000000 0.000000 0.000000
2451545.072692  1.0874654602e+00  1.000000 0.000000 0.000000  1.000000 0.000000 0.000000
2451545.073359  1.0909282156e+00  1.000000 0.000000 0.000000  1.000000 0.000000 0.000000
2451545.074025  1.0926030814e+00  1.000000 0.000000 0.000000  1.000000 0.000000 0.000000
2451545.074692  1.0951765294e+00  1.000000 0.000000 0.000000  1.000000 0.000000 0.000000
2451545.075359  1.0965379915e+00  1.000000 0.000000 0.000000  1.000000 0.000000 0.000000
2451545.076026  1.0990549277e+00  1.000000 0.000000 0.000000  1.000000 0.000000 0.000000
2451545.076693  1.1020750785e+00  1.000000 0.000000 0.000000  1.000000 0.000000 0.000000
2451545.077360  1.1032316310e+00  1.000000 0.000000 0.000000  1.000000 0.000000 0.000000
2451545.078027  1.1028957951e+00  1.000000 0.000000 0.000000  1.000000 0.000000 0.000000
2451545.078694  1.1043720065e+00  1.000000 0.000000 0.000000  1.000000 0.000000 0.000000
2451545.079361  1.1073807255e+00  1.000000 0.000000 0.000000  1.000000 0.000000 0.000000
2451545.080028  1.1078546058e+00  1.000000 0.000000 0.000000  1.000000 0.000000 0.000000
2451545.080694  1.1096094942e+00  1.000000 0.000000 0.000000  1.000000 0.000000 0.000000
2451545.081361  1.1086487920e+00  1.000000 0.000000 0.000000  1.000000 0.000000 0.000000
2451545.082028  1.1103456586e+00  1.000000 0.000000 0.000000  1.000000 0.000000 0.000000
2451545.082695  1.1111036082e+00  1.000000 0.000000 0.000000  1.000000 0.000000 0.000000
2451545.083362  1.1111163342e+00  1.000000 0.000000 0.000000  1.000000 0.000000 0.000000
2451545.084029  1.1103400506e+00  1.000000 0.000000 0.000000  1.000000 0.000000 0.000000
2451545.084696  1.1094654104e+00  1.000000 0.000000 0.000000  1.000000 0.000000 0.000000
2451545.085363  1.1085661811e+00  1.000000 0.000000 0.000000  1.000000 0.000000 0.000000
2451545.086030  1.1076220874e+00  1.000000 0.000000 0.000000  1.000000 0.000000 0.000000
2451545.086696  1.1061523468e+00  1.000000 0.000000 0.000000  1.000000 0.000000 0.000000
2451545.087363  1.1048907512e+00  1.000000 0.000000 0.000000  1.000000 0.000000 0.000000
2451545.088030  1.1034251088e+00  1.000000 0.000000 0.000000  1.000000 0.000000 0.000000
2451545.088697  1.1021937103e+00  1.000000 0.000000 0.000000  1.000000 0.000000 0.000000
2451545.089364  1.1009551940e+00  1.000000 0.000000 0.000000  1.000000 0.000000 0.000000
2451545.090031  1.0992721318e+00  1.000000 0.000000 0.000000  1.000000 0.000000 0.000000
2451545.090698  1.0975931678e+00  1.000000 0.000000 0.000000  1.000000 0.000000 0.000000
2451545.091365  1.0976347968e+00  1.000000 0.000000 0.000000  1.000000 0.000000 0.000000
2451545.092032  1.0960000501e+00  1.000000 0.000000 0.000000  1.000000 0.000000 0.000000
2451545.092699  1.0956189183e+00  1.000000 0.000000 0.000000  1.000000 0.000000 0.000000
2451545.093365  1.0939632493e+00  1.000000 0.000000 0.000000  1.000000 0.000000 0.000000
2451545.094032  1.0941161765e+00  1.000000 0.000000 0.000000  1.000000 0.000000 0.000000
2451545.094699  1.0923774652e+00  1.000000 0.000000 0.000000  1.000000 0.000000 0.000000
2451545.095366  1.0908080739e+00  1.000000 0.000000 0.000000  1.000000 0.000000 0.000000
2451545.096033  1.0854991914e+00  1.000000 0.000000 0.000000  1.000000 0.000000 0.000000
2451545.096700  1.0757245753e+00  1.000000 0.000000 0.000000  1.000000 0.000000 0.000000
2451545.097367  1.0690481914e+00  1.000000 0.000000 0.000000  1.000000 0.000000 0.000000
2451545.098034  1.0605731331e+00  1.000000 0.000000 0.000000  1.000000 0.000000 0.000000
2451545.098701  1.0448880633e+00  1.000000 0.000000 0.000000  1.000000 0.000000 0.000000
2451545.099367  1.0328894238e+00  1.000000 0.000000 0.000000  1.000000 0.000000 0.000000
2451545.100034  1.0215650445e+00  1.000000 0.000000 0.000000  1.000000 0.000000 0.000000
2451545.100701  1.0037208753e+00  1.000000 0.000000 0.000000  1.000000 0.000000 0.000000
2451545.101368  9.9047120924e-01  1.000000 0.000000 0.000000  1.000000 0.000000 0.000000
2451545.102035  9.7493238012e-01  1.000000 0.000000 0.000000  1.000000 0.000000 0.000000
2451545.102702  9.5417526013e-01  1.000000 0.000000 0.000000  1.000000 0.000000 0.000000
2451545.103369  9.3943342125e-01  1.000000 0.000000 0.000000  1.000000 0.000000 0.000000
2451545.104036  9.1739313620e-01  1.000000 0.000000 0.000000  1.000000 0.000000 0.000000
2451545.104703  9.0324057400e-01  1.000000 0.000000 0.000000  1.000000 0.000000 0.000000
2451545.105370  8.8854554077e-01  1.000000 0.000000 0.000000  1.000000 0.000000 0.000000
2451545.106036  8.6468911017e-01  1.000000 0.000000 0.000000  1.000000 0.000000 0.000000
2451545.106703  8.4919989073e-01  1.000000 0.000000 0.000000  1.000000 0.000000 0.000000
2451545.107370  8.3357003864e-01  1.000000 0.000000 0.000000  1.000000 0.000000 0.000000
2451545.108037  8.0604400185e-01  1.000000 0.000000 0.000000  1.000000 0.000000 0.000000
2451545.108704  7.8840236954e-01  1.000000 0.000000 0.000000  1.000000 0.000000 0.000000
2451545.109371  7.6871056342e-01  1.000000 0.000000 0.000000  1.000000 0.000000 0.000000
2451545.110038  7.4119876245e-01  1.000000 0.000000 0.000000  1.000000 0.000000 0.000000
2451545.110705  7.2367446781e-01  1.000000 0.000000 0.000000  1.000000 0.000000 0.000000
2451545.111372  7.0574768770e-01  1.000000 0.000000 0.000000  1.000000 0.000000 0.000000
2451545.112039  6.8158540267e-01  1.000000 0.000000 0.000000  1.000000 0.000000 0.000000
2451545.112705  6.6730342392e-01  1.000000 0.000000 0.000000  1.000000 0.000000 0.000000
2451545.113372  6.5067426039e-01  1.000000 0.000000 0.000000  1.000000 0.000000 0.000000
2451545.114039  6.2943851487e-01  1.000000 0.000000 0.000000  1.000000 0.000000 0.000000
2451545.114706  6.1505192441e-01  1.000000 0.000000 0.000000  1.000000 0.000000 0.000000
2451545.115373  6.0171684340e-01  1.000000 0.000000 0.000000  1.000000 0.000000 0.000000
2451545.116040  5.8045154777e-01  1.000000 0.000000 0.000000  1.000000 0.000000 0.000000
2451545.116707  5.7156623903e-01  1.000000 0.000000 0.000000  1.000000 0.000000 0.000000
2451545.117374  5.6605244704e-01  1.000000 0.000000 0.000000  1.000000 0.000000 0.000000
2451545.118041  5.6194088334e-01  1.000000 0.000000 0.000000  1.000000 0.000000 0.000000
2451545.118707  5.6290654648e-01  1.000000 0.000000 0.000000  1.000000 0.000000 0.000000
2451545.119374  5.6559021427e-01  1.000000 0.000000 0.000000  1.000000 0.000000 0.000000
2451545.120041  5.7582814162e-01  1.000000 0.000000 0.000000  1.000000 0.000000 0.000000
2451545.120708  5.8572591914e-01  1.000000 0.000000 0.000000  1.000000 0.000000 0.000000
2451545.121375  5.9893266208e-01  1.000000 0.000000 0.000000  1.000000 0.000000 0.000000
2451545.122042  6.1826576866e-01  1.000000 0.000000 0.000000  1.000000 0.000000 0.000000
2451545.122709  6.3049088709e-01  1.000000 0.000000 0.000000  1.000000 0.000000 0.000000
2451545.123376  6.4434881096e-01  1.000000 0.000000 0.000000  1.000000 0.000000 0.000000
2451545.124043  6.6579054448e-01  1.000000 0.000000 0.000000  1.000000 0.000000 0.000000
2451545.124710  6.8199112354e-01  1.000000 0.000000 0.000000  1.000000 0.000000 0.000000
2451545.125376  6.9651101304e-01  1.000000 0.000000 0.000000  1.000000 0.000000 0.000000
2451545.126043  7.1675780045e-01  1.000000 0.000000 0.000000  1.000000 0.000000 0.000000
2451545.126710  7.2821763569e-01  1.000000 0.000000 0.000000  1.000000 0.000000 0.000000
2451545.127377  7.4133270858e-01  1.000000 0.000000 0.000000  1.000000 0.000000 0.000000
2451545.128044  7.5976744863e-01  1.000000 0.000000 0.000000  1.000000 0.000000 0.000000
2451545.128711  7.7076116861e-01  1.000000 0.000000 0.000000  1.000000 0.000000 0.000000
2451545.129378  7.8176330067e-01  1.000000 0.000000 0.000000  1.000000 0.000000 0.000000
2451545.130045  7.9766600598e-01  1.000000 0.000000 0.000000  1.000000 0.000000 0.000000
2451545.130712  8.0782024396e-01  1.000000 0.000000 0.000000  1.000000 0.000000 0.000000
2451545.131378  8.1993794665e-01  1.000000 0.000000 0.000000  1.000000 0.000000 0.000000
2451545.132045  8.3494099126e-01  1.000000 0.000000 0.000000  1.000000 0.000000 0.000000
2451545.132712  8.4373721827e-01  1.000000 0.000000 0.000000  1.000000 0.000000 0.000000
2451545.133379  8.5417725113e-01  1.000000 0.000000 0.000000  1.000000 0.000000 0.000000
2451545.134046  8.6794177939e-01  1.000000 0.000000 0.000000  1.000000 0.000000 0.000000
2451545.134713  8.7763874557e-01  1.000000 0.000000 0.000000  1.000000 0.000000 0.000000
2451545.135380  8.8653483901e-01  1.000000 0.000000 0.000000  1.000000 0.000000 0.000000
2451545.136047  9.0069516621e-01  1.000000 0.000000 0.000000  1.000000 0.000000 0.000000
2451545.136714  9.1116151376e-01  1.000000 0.000000 0.000000  1.000000 0.000000 0.000000
2451545.137381  9.2507832215e-01  1.000000 0.000000 0.000000  1.000000 0.000000 0.000000
2451545.138047  9.3704525457e-01  1.000000 0.000000 0.000000  1.000000 0.000000 0.000000
2451545.138714  9.4658023437e-01  1.000000 0.000000 0.000000  1.000000 0.000000 0.000000
2451545.139381  9.6236905312e-01  1.000000 0.000000 0.000000  1.000000 0.000000 0.000000
2451545.140048  9.7279765418e-01  1.000000 0.000000 0.000000  1.000000 0.000000 0.000000
2451545.140715  9.8340851688e-01  1.000000 0.000000 0.000000  1.000000 0.000000 0.000000
2451545.141382  9.9957544763e-01  1.000000 0.000000 0.000000  1.000000 0.000000 0.000000
2451545.142049  1.0104660658e+00  1.000000 0.000000 0.000000  1.000000 0.000000 0.000000
2451545.142716  1.0216968337e+00  1.000000 0.000000 0.000000  1.000000 0.000000 0.000000
2451545.143383  1.0382634459e+00  1.000000 0.000000 0.000000  1.000000 0.000000 0.000000
2451545.144050  1.0472408561e+00  1.000000 0.000000 0.000000  1.000000 0.000000 0.000000
2451545.144716  1.0567844637e+00  1.000000 0.000000 0.000000  1.000000 0.000000 0.000000
2451545.145383  1.0702252349e+00  1.000000 0.000000 0.000000  1.000000 0.000000 0.000000
2451545.146050  1.0785406794e+00  1.000000 0.000000 0.000000  1.000000 0.000000 0.000000
2451545.146717  1.0840283724e+00  1.000000 0.000000 0.000000  1.000000 0.000000 0.000000
2451545.147384  1.0940083294e+00  1.000000 0.000000 0.000000  1.000000 0.000000 0.000000
2451545.148051  1.0970795998e+00  1.000000 0.000000 0.000000  1.000000 0.000000 0.000000
2451545.148718  1.1020714117e+00  1.000000 0.000000 0.000000  1.000000 0.000000 0.000000
2451545.149385  1.1057817841e+00  1.000000 0.000000 0.000000  1.000000 0.000000 0.000000
2451545.150052  1.1080957520e+00  1.000000 0.000000 0.000000  1.000000 0.000000 0.000000
2451545.150718  1.1100766879e+00  1.000000 0.000000 0.000000  1.000000 0.000000 0.000000
2451545.151385  1.1138209243e+00  1.000000 0.000000 0.000000  1.000000 0.000000 0.000000
2451545.152052  1.1169124699e+00  1.000000 0.000000 0.000000  1.000000 0.000000 0.000000
2451545.152719  1.1182706966e+00  1.000000 0.000000 0.000000  1.000000 0.000000 0.000000
2451545.153386  1.1204371296e+00  1.000000 0.000000 0.000000  1.000000 0.000000 0.000000
2451545.154053  1.1224724205e+00  1.000000 0.000000 0.000000  1.000000 0.000000 0.000000
2451545.154720  1.1253892538e+00  1.000000 0.000000 0.000000  1.000000 0.000000 0.000000
2451545.155387  1.1271352987e+00  1.000000 0.000000 0.000000  1.000000 0.000000 0.000000
2451545.156054  1.1283789917e+00  1.000000 0.000000 0.000000  1.000000 0.000000 0.000000
2451545.156721  1.1292217091e+00  1.000000 0.000000 0.000000  1.000000 0.000000 0.000000
2451545.157387  1.1313836125e+00  1.000000 0.000000 0.000000  1.000000 0.000000 0.000000
2451545.158054  1.1315917575e+00  1.000000 0.000000 0.000000  1.000000 0.000000 0.000000
2451545.158721  1.1328882956e+00  1.000000 0.000000 0.000000  1.000000 0.000000 0.000000
2451545.159388  1.1337754460e+00  1.000000 0.000000 0.000000  1.000000 0.000000 0.000000
2451545.160055  1.1350588268e+00  1.000000 0.000000 0.000000  1.000000 0.000000 0.000000
2451545.160722  1.1357421461e+00  1.000000 0.000000 0.000000  1.000000 0.000000 0.000000
2451545.161389  1.1381367836e+00  1.000000 0.000000 0.000000  1.000000 0.000000 0.000000
2451545.162056  1.1402268609e+00  1.000000 0.000000 0.000000  1.000000 0.000000 0.000000
2451545.162723  1.1417203278e+00  1.000000 0.000000 0.000000  1.000000 0.000000 0.000000
2451545.163389  1.1471234687e+00  1.000000 0.000000 0.000000  1.000000 0.000000 0.000000
2451545.164056  1.1502682908e+00  1.000000 0.000000 0.000000  1.000000 0.000000 0.000000
2451545.164723  1.1550316825e+00  1.000000 0.000000 0.000000  1.000000 0.000000 0.000000
2451545.165390  1.1591837967e+00  1.000000 0.000000 0.000000  1.000000 0.000000 0.000000
2451545.166057  1.1613627400e+00  1.000000 0.000000 0.000000  1.000000 0.000000 0.000000
2451545.166724  1.1653144742e+00  1.000000 0.000000 0.000000  1.000000 0.000000 0.000000
2451545.167391  1.1686353028e+00  1.000000 0.000000 0.000000  1.000000 0.000000 0.000000
2451545.168058  1.1712020644e+00  1.000000 0.000000 0.000000  1.000000 0.000000 0.000000
2451545.168725  1.1742161757e+00  1.000000 0.000000 0.000000  1.000000 0.000000 0.000000
2451545.169392  1.1778840564e+00  1.000000 0.000000 0.000000  1.000000 0.000000 0.000000
2451545.170058  1.1812130814e+00  1.000000 0.000000 0.000000  1.000000 0.000000 0.000000
2451545.170725  1.1823575550e+00  1.000000 0.000000 0.000000  1.000000 0.000000 0.000000
2451545.171392  1.1841978583e+00  1.000000 0.000000 0.000000  1.000000 0.000000 0.000000
2451545.172059  1.1849381210e+00  1.000000 0.000000 0.000000  1.000000 0.000000 0.000000
2451545.172726  1.1872175777e+00  1.000000 0.000000 0.000000  1.000000 0.000000 0.000000
2451545.173393  1.1880262155e+00  1.000000 0.000000 0.000000  1.000000 0.000000 0.000000
2451545.174060  1.1877794613e+00  1.000000 0.000000 0.000000  1.000000 0.000000 0.000000
2451545.174727  1.1891053338e+00  1.000000 0.000000 0.000000  1.000000 0.000000 0.000000
2451545.175394  1.1890792348e+00  1.000000 0.000000 0.000000  1.000000 0.000000 0.000000
2451545.176061  1.1892297894e+00  1.000000 0.000000 0.000000  1.000000 0.000000 0.000000
2451545.176727  1.1880201760e+00  1.000000 0.000000 0.000000  1.000000 0.000000 0.000000
2451545.177394  1.1871694779e+00  1.000000 0.000000 0.000000  1.000000 0.000000 0.000000
2451545.178061  1.1856852858e+00  1.000000 0.000000 0.000000  1.000000 0.000000 0.000000
2451545.178728  1.1849607689e+00  1.000000 0.000000 0.000000  1.000000 0.000000 0.000000
2451545.179395  1.1852206804e+00  1.000000 0.000000 0.000000  1.000000 0.000000 0.000000
2451545.180062  1.1840164595e+00  1.000000 0.000000 0.000000  1.000000 0.000000 0.000000
2451545.180729  1.1814684633e+00  1.000000 0.000000 0.000000  1.000000 0.000000 0.000000
2451545.181396  1.1802165739e+00  1.000000 0.000000 0.000000  1.000000 0.000000 0.000000
2451545.182063  1.1791290436e+00  1.000000 0.000000 0.000000  1.000000 0.000000 0.000000
2451545.182729  1.1755092627e+00  1.000000 0.000000 0.000000  1.000000 0.000000 0.000000
2451545.183396  1.1743656518e+00  1.000000 0.000000 0.000000  1.000000 0.000000 0.000000
2451545.184063  1.1710879621e+00  1.000000 0.000000 0.000000  1.000000 0.000000 0.000000
2451545.184730  1.1668931404e+00  1.000000 0.000000 0.000000  1.000000 0.000000 0.000000
2451545.185397  1.1642836714e+00  1.000000 0.000000 0.000000  1.000000 0.000000 0.000000
2451545.186064  1.1630874312e+00  1.000000 0.000000 0.000000  1.000000 0.000000 0.000000
2451545.186731  1.1597698380e+00  1.000000 0.000000 0.000000  1.000000 0.000000 0.000000
2451545.187398  1.1564093216e+00  1.000000 0.000000 0.000000  1.000000 0.000000 0.000000
2451545.188065  1.1552264544e+00  1.000000 0.000000 0.000000  1.000000 0.000000 0.000000
2451545.188732  1.1476340170e+00  1.000000 0.000000 0.000000  1.000000 0.000000 0.000000
2451545.189398  1.1469019507e+00  1.000000 0.000000 0.000000  1.000000 0.000000 0.000000
2451545.190065  1.1479073016e+00  1.000000 0.000000 0.000000  1.000000 0.000000 0.000000
2451545.190732  1.1463467537e+00  1.000000 0.000000 0.000000  1.000000 0.000000 0.000000
2451545.191399  1.1474521867e+00  1.000000 0.000000 0.000000  1.000000 0.000000 0.000000
2451545.192066  1.1476967840e+00  1.000000 0.000000 0.000000  1.000000 0.000000 0.000000
2451545.192733  1.1461588840e+00  1.000000 0.000000 0.000000  1.000000 0.000000 0.000000
2451545.193400  1.1476965683e+00  1.000000 0.000000 0.000000  1.000000 0.000000 0.000000
2451545.194067  1.1470449560e+00  1.000000 0.000000 0.000000  1.000000 0.000000 0.000000
2451545.194734  1.1450810599e+00  1.000000 0.000000 0.000000  1.000000 0.000000 0.000000
2451545.195400  1.1431523219e+00  1.000000 0.000000 0.000000  1.000000 0.000000 0.000000
2451545.196067  1.1430785545e+00  1.000000 0.000000 0.000000  1.000000 0.000000 0.000000
2451545.196734  1.1440332172e+00  1.000000 0.000000 0.000000  1.000000 0.000000 0.000000
2451545.197401  1.1432987783e+00  1.000000 0.000000 0.000000  1.000000 0.000000 0.000000
2451545.198068  1.1399854990e+00  1.000000 0.000000 0.000000  1.000000 0.000000 0.000000
2451545.198735  1.1389995606e+00  1.000000 0.000000 0.000000  1.000000 0.000000 0.000000
2451545.199402  1.1386792547e+00  1.000000 0.000000 0.000000  1.000000 0.000000 0.000000
2451545.200069  1.1378169091e+00  1.000000 0.000000 0.000000  1.000000 0.000000 0.000000
2451545.200736  1.1366189432e+00  1.000000 0.000000 0.000000  1.000000 0.000000 0.000000
2451545.201403  1.1351733604e+00  1.000000 0.000000 0.000000  1.000000 0.000000 0.000000
2451545.202069  1.1347408935e+00  1.000000 0.000000 0.000000  1.000000 0.000000 0.000000
2451545.202736  1.1326046576e+00  1.000000 0.000000 0.000000  1.000000 0.000000 0.000000
2451545.203403  1.1312416857e+00  1.000000 0.000000 0.000000  1.000000 0.000000 0.000000
2451545.204070  1.1299082639e+00  1.000000 0.000000 0.000000  1.000000 0.000000 0.000000
2451545.204737  1.1273415024e+00  1.000000 0.000000 0.000000  1.000000 0.000000 0.000000
2451545.205404  1.1267746579e+00  1.000000 0.000000 0.000000  1.000000 0.000000 0.000000
2451545.206071  1.1239369844e+00  1.000000 0.000000 0.000000  1.000000 0.000000 0.000000
2451545.206738  1.1239527301e+00  1.000000 0.000000 0.000000  1.000000 0.000000 0.000000
2451545.207405  1.1210900361e+00  1.000000 0.000000 0.000000  1.000000 0.000000 0.000000
2451545.208072  1.1190344699e+00  1.000000 0.000000 0.000000  1.000000 0.000000 0.000000
2451545.208738  1.1194811727e+00  1.000000 0.000000 0.000000  1.000000 0.000000 0.000000
2451545.209405  1.1173417015e+00  1.000000 0.000000 0.000000  1.000000 0.000000 0.000000
2451545.210072  1.1183487779e+00  1.000000 0.000000 0.000000  1.000000 0.000000 0.000000
2451545.210739  1.1179808035e+00  1.000000 0.000000 0.000000  1.000000 0.000000 0.000000
2451545.211406  1.1192242808e+00  1.000000 0.000000 0.000000  1.000000 0.000000 0.000000
2451545.212073  1.1201433540e+00  1.000000 0.000000 0.000000  1.000000 0.000000 0.000000
2451545.212740  1.1206109791e+00  1.000000 0.000000 0.000000  1.000000 0.000000 0.000000
2451545.213407  1.1225306579e+00  1.000000 0.000000 0.000000  1.000000 0.000000 0.000000
2451545.214074  1.1246578346e+00  1.000000 0.000000 0.000000  1.000000 0.000000 0.000000
2451545.214740  1.1241997000e+00  1.000000 0.000000 0.000000  1.000000 0.000000 0.000000
2451545.215407  1.1196636500e+00  1.000000 0.000000 0.000000  1.000000 0.000000 0.000000
2451545.216074  1.1105641569e+00  1.000000 0.000000 0.000000  1.000000 0.000000 0.000000
2451545.216741  1.1037835926e+00  1.000000 0.000000 0.000000  1.000000 0.000000 0.000000
2451545.217408  1.0985974402e+00  1.000000 0.000000 0.000000  1.000000 0.000000 0.000000
2451545.218075  1.0854925049e+00  1.000000 0.000000 0.000000  1.000000 0.000000 0.000000
2451545.218742  1.0753706211e+00  1.000000 0.000000 0.000000  1.000000 0.000000 0.000000
2451545.219409  1.0635751656e+00  1.000000 0.000000 0.000000  1.000000 0.000000 0.000000
2451545.220076  1.0453917093e+00  1.000000 0.000000 0.000000  1.000000 0.000000 0.000000
2451545.220743  1.0323279717e+00  1.000000 0.000000 0.000000  1.000000 0.000000 0.000000
2451545.221409  1.0185932092e+00  1.000000 0.000000 0.000000  1.000000 0.000000 0.000000
2451545.222076  9.9771314352e-01  1.000000 0.000000 0.000000  1.000000 0.000000 0.000000
2451545.222743  9.8301530627e-01  1.000000 0.000000 0.000000  1.000000 0.000000 0.000000
2451545.223410  9.6778448853e-01  1.000000 0.000000 0.000000  1.000000 0.000000 0.000000
2451545.224077  9.4465084935e-01  1.000000 0.000000 0.000000  1.000000 0.000000 0.000000
2451545.224744  9.2755751181e-01  1.000000 0.000000 0.000000  1.000000 0.000000 0.000000
2451545.225411  9.1080648103e-01  1.000000 0.000000 0.000000  1.000000 0.000000 0.000000
2451545.226078  8.8638018624e-01  1.000000 0.000000 0.000000  1.000000 0.000000 0.000000
2451545.226745  8.6983622194e-01  1.000000 0.000000 0.000000  1.000000 0.000000 0.000000
2451545.227411  8.5339363394e-01  1.000000 0.000000 0.000000  1.000000 0.000000 0.000000
2451545.228078  8.2812742575e-01  1.000000 0.000000 0.000000  1.000000 0.000000 0.000000
2451545.228745  8.1053389326e-01  1.000000 0.000000 0.000000  1.000000 0.000000 0.000000
2451545.229412  7.9450543820e-01  1.000000 0.000000 0.000000  1.000000 0.000000 0.000000
2451545.230079  7.6715368236e-01  1.000000 0.000000 0.000000  1.000000 0.000000 0.000000
2451545.230746  7.5059095266e-01  1.000000 0.000000 0.000000  1.000000 0.000000 0.000000
2451545.231413  7.3304983387e-01  1.000000 0.000000 0.000000  1.000000 0.000000 0.000000
2451545.232080  7.0669393836e-01  1.000000 0.000000 0.000000  1.000000 0.000000 0.000000
2451545.232747  6.8964158272e-01  1.000000 0.000000 0.000000  1.000000 0.000000 0.000000
2451545.233414  6.7234333565e-01  1.000000 0.000000 0.000000  1.000000 0.000000 0.000000
2451545.234080  6.5124606583e-01  1.000000 0.000000 0.000000  1.000000 0.000000 0.000000
2451545.234747  6.4049457049e-01  1.000000 0.000000 0.000000  1.000000 0.000000 0.000000
2451545.235414  6.3117032396e-01  1.000000 0.000000 0.000000  1.000000 0.000000 0.000000
2451545.236081  6.1941261497e-01  1.000000 0.000000 0.000000  1.000000 0.000000 0.000000
2451545.236748  6.1451290449e-01  1.000000 0.000000 0.000000  1.000000 0.000000 0.000000
2451545.237415  6.0999885533e-01  1.000000 0.000000 0.000000  1.000000 0.000000 0.000000
2451545.238082  6.0571710887e-01  1.000000 0.000000 0.000000  1.000000 0.000000 0.000000
2451545.238749  6.0388413917e-01  1.000000 0.000000 0.000000  1.000000 0.000000 0.000000
2451545.239416  6.0309922782e-01  1.000000 0.000000 0.000000  1.000000 0.000000 0.000000
360  1
2451545.000000  5.6187676017e-01  1.000000 0.000000 0.000000  1.000000 0.000000 0.000000
2451545.000667  5.7391300079e-01  1.000000 0.000000 0.000000  1.000000 0.000000 0.000000
2451545.001334  5.8684749043e-01  1.000000 0.000000 0.000000  1.000000 0.000000 0.000000
2451545.002001  6.0698891582e-01  1.000000 0.000000 0.000000  1.000000 0.000000 0.000000
2451545.002668  6.2179838922e-01  1.000000 0.000000 0.000000  1.000000 0.000000 0.000000
2451545.003334  6.3573901930e-01  1.000000 0.000000 0.000000  1.000000 0.000000 0.000000
2451545.004001  6.5727668668e-01  1.000000 0.000000 0.000000  1.000000 0.000000 0.000000
2451545.004668  6.7062243305e-01  1.000000 0.000000 0.000000  1.000000 0.000000 0.000000
2451545.005335  6.8342047177e-01  1.000000 0.000000 0.000000  1.000000 0.000000 0.000000
2451545.006002  7.0146584176e-01  1.000000 0.000000 0.000000  1.000000 0.000000 0.000000
2451545.006669  7.1408342678e-01  1.000000 0.000000 0.000000  1.000000 0.000000 0.000000
2451545.007336  7.2709915232e-01  1.000000 0.000000 0.000000  1.000000 0.000000 0.000000
2451545.008003  7.4907050093e-01  1.000000 0.000000 0.000000  1.000000 0.000000 0.000000
2451545.008670  7.6204137748e-01  1.000000 0.000000 0.000000  1.000000 0.000000 0.000000
2451545.009337  7.7579245713e-01  1.000000 0.000000 0.000000  1.000000 0.000000 0.000000
2451545.010003  7.9521566410e-01  1.000000 0.000000 0.000000  1.000000 0.000000 0.000000
2451545.010670  8.0812476753e-01  1.000000 0.000000 0.000000  1.000000 0.000000 0.000000
2451545.011337  8.1926783638e-01  1.000000 0.000000 0.000000  1.000000 0.000000 0.000000
2451545.012004  8.3451606825e-01  1.000000 0.000000 0.000000  1.000000 0.000000 0.000000
2451545.012671  8.4457916507e-01  1.000000 0.000000 0.000000  1.000000 0.000000 0.000000
2451545.013338  8.5239135057e-01  1.000000 0.000000 0.000000  1.000000 0.000000 0.000000
2451545.014005  8.6649847193e-01  1.000000 0.000000 0.000000  1.000000 0.000000 0.000000
2451545.014672  8.7619664188e-01  1.000000 0.000000 0.000000  1.000000 0.000000 0.000000
2451545.015339  8.8616263642e-01  1.000000 0.000000 0.000000  1.000000 0.000000 0.000000
2451545.016006  9.0325115754e-01  1.000000 0.000000 0.000000  1.000000 0.000000 0.000000
2451545.016672  9.1456600647e-01  1.000000 0.000000 0.000000  1.000000 0.000000 0.000000
2451545.017339  9.2456923414e-01  1.000000 0.000000 0.000000  1.000000 0.000000 0.000000
2451545.018006  9.3978975271e-01  1.000000 0.000000 0.000000  1.000000 0.000000 0.000000
2451545.018673  9.5015156071e-01  1.000000 0.000000 0.000000  1.000000 0.000000 0.000000
2451545.019340  9.6031916414e-01  1.000000 0.000000 0.000000  1.000000 0.000000 0.000000
2451545.020007  9.7351322786e-01  1.000000 0.000000 0.000000  1.000000 0.000000 0.000000
2451545.020674  9.8088707799e-01  1.000000 0.000000 0.000000  1.000000 0.000000 0.000000
2451545.021341  9.9034090558e-01  1.000000 0.000000 0.000000  1.000000 0.000000 0.000000
2451545.022008  1.0017041999e+00  1.000000 0.000000 0.000000  1.000000 0.000000 0.000000
2451545.022674  1.0103539190e+00  1.000000 0.000000 0.000000  1.000000 0.000000 0.000000
2451545.023341  1.0162978904e+00  1.000000 0.000000 0.000000  1.000000 0.000000 0.000000
2451545.024008  1.0249256082e+00  1.000000 0.000000 0.000000  1.000000 0.000000 0.000000
2451545.024675  1.0305277118e+00  1.000000 0.000000 0.000000  1.000000 0.000000 0.000000
2451545.025342  1.0362772671e+00  1.000000 0.000000 0.000000  1.000000 0.000000 0.000000
2451545.026009  1.0434175640e+00  1.000000 0.000000 0.000000  1.000000 0.000000 0.000000
2451545.026676  1.0453232228e+00  1.000000 0.000000 0.000000  1.000000 0.000000 0.000000
2451545.027343  1.0494123079e+00  1.000000 0.000000 0.000000  1.000000 0.000000 0.000000
2451545.028010  1.0543992189e+00  1.000000 0.000000 0.000000  1.000000 0.000000 0.000000
2451545.028677  1.0573560786e+00  1.000000 0.000000 0.000000  1.000000 0.000000 0.000000
2451545.029343  1.0573892922e+00  1.000000 0.000000 0.000000  1.000000 0.000000 0.000000
2451545.030010  1.0601724680e+00  1.000000 0.000000 0.000000  1.000000 0.000000 0.000000
2451545.030677  1.0595196190e+00  1.000000 0.000000 0.000000  1.000000 0.000000 0.000000
2451545.031344  1.0602699933e+00  1.000000 0.000000 0.000000  1.000000 0.000000 0.000000
2451545.032011  1.0617047378e+00  1.000000 0.000000 0.000000  1.000000 0.000000 0.000000
2451545.032678  1.0617751845e+00  1.000000 0.000000 0.000000  1.000000 0.000000 0.000000
2451545.033345  1.0622484259e+00  1.000000 0.000000 0.000000  1.000000 0.000000 0.000000
2451545.034012  1.0630311677e+00  1.000000 0.000000 0.000000  1.000000 0.000000 0.000000
2451545.034679  1.0632215643e+00  1.000000 0.000000 0.000000  1.000000 0.000000 0.000000
2451545.035345  1.0633652080e+00  1.000000 0.000000 0.000000  1.000000 0.000000 0.000000
2451545.036012  1.0625166736e+00  1.000000 0.000000 0.000000  1.000000 0.000000 0.000000
2451545.036679  1.0633279749e+00  1.000000 0.000000 0.000000  1.000000 0.000000 0.000000
2451545.037346  1.0627294948e+00  1.000000 0.000000 0.000000  1.000000 0.000000 0.000000
2451545.038013  1.0640098064e+00  1.000000 0.000000 0.000000  1.000000 0.000000 0.000000
2451545.038680  1.0623586444e+00  1.000000 0.000000 0.000000  1.000000 0.000000 0.000000
2451545.039347  1.0628120000e+00  1.000000 0.000000 0.000000  1.000000 0.000000 0.000000
2451545.040014  1.0626723758e+00  1.000000 0.000000 0.000000  1.000000 0.000000 0.000000
2451545.040681  1.0618636132e+00  1.000000 0.000000 0.000000  1.000000 0.000000 0.000000
2451545.041348  1.0610588701e+00  1.000000 0.000000 0.000000  1.000000 0.000000 0.000000
2451545.042014  1.0597745390e+00  1.000000 0.000000 0.000000  1.000000 0.000000 0.000000
2451545.042681  1.0590690137e+00  1.000000 0.000000 0.000000  1.000000 0.000000 0.000000
2451545.043348  1.0577315831e+00  1.000000 0.000000 0.000000  1.000000 0.000000 0.000000
2451545.044015  1.0560070127e+00  1.000000 0.000000 0.000000  1.000000 0.000000 0.000000
2451545.044682  1.0558893899e+00  1.000000 0.000000 0.000000  1.000000 0.000000 0.000000
2451545.045349  1.0552230016e+00  1.000000 0.000000 0.000000  1.000000 0.000000 0.000000
2451545.046016  1.0533215739e+00  1.000000 0.000000 0.000000  1.000000 0.000000 0.000000
2451545.046683  1.0530816741e+00  1.000000 0.000000 0.000000  1.000000 0.000000 0.000000
2451545.047350  1.0515028629e+00  1.000000 0.000000 0.000000  1.000000 0.000000 0.000000
2451545.048017  1.0522892010e+00  1.000000 0.000000 0.000000  1.000000 0.000000 0.000000
2451545.048683  1.0542504979e+00  1.000000 0.000000 0.000000  1.000000 0.000000 0.000000
2451545.049350  1.0571278142e+00  1.000000 0.000000 0.000000  1.000000 0.000000 0.000000
2451545.050017  1.0600000532e+00  1.000000 0.000000 0.000000  1.000000 0.000000 0.000000
2451545.050684  1.0610878527e+00  1.000000 0.000000 0.000000  1.000000 0.000000 0.000000
2451545.051351  1.0624838831e+00  1.000000 0.000000 0.000000  1.000000 0.000000 0.000000
2451545.052018  1.0654138758e+00  1.000000 0.000000 0.000000  1.000000 0.000000 0.000000
2451545.052685  1.0675613383e+00  1.000000 0.000000 0.000000  1.000000 0.000000 0.000000
2451545.053352  1.0701782342e+00  1.000000 0.000000 0.000000  1.000000 0.000000 0.000000
2451545.054019  1.0712571485e+00  1.000000 0.000000 0.000000  1.000000 0.000000 0.000000
2451545.054685  1.0721898805e+00  1.000000 0.000000 0.000000  1.000000 0.000000 0.000000
2451545.055352  1.0763722599e+00  1.000000 0.000000 0.000000  1.000000 0.000000 0.000000
2451545.056019  1.0766895876e+00  1.000000 0.000000 0.000000  1.000000 0.000000 0.000000
2451545.056686  1.0763453928e+00  1.000000 0.000000 0.000000  1.000000 0.000000 0.000000
2451545.057353  1.0786826173e+00  1.000000 0.000000 0.000000  1.000000 0.000000 0.000000
2451545.058020  1.0803644542e+00  1.000000 0.000000 0.000000  1.000000 0.000000 0.000000
2451545.058687  1.0834755352e+00  1.000000 0.000000 0.000000  1.000000 0.000000 0.000000
2451545.059354  1.0833577009e+00  1.000000 0.000000 0.000000  1.000000 0.000000 0.000000
2451545.060021  1.0832952931e+00  1.000000 0.000000 0.000000  1.000000 0.000000 0.000000
2451545.060688  1.0848254474e+00  1.000000 0.000000 0.000000  1.000000 0.000000 0.000000
2451545.061354  1.0857319469e+00  1.000000 0.000000 0.000000  1.000000 0.000000 0.000000
2451545.062021  1.0862238049e+00  1.000000 0.000000 0.000000  1.000000 0.000000 0.000000
2451545.062688  1.0873553956e+00  1.000000 0.000000 0.000000  1.000000 0.000000 0.000000
2451545.063355  1.0871150727e+00  1.000000 0.000000 0.000000  1.000000 0.000000 0.000000
2451545.064022  1.0884417141e+00  1.000000 0.000000 0.000000  1.000000 0.000000 0.000000
2451545.064689  1.0897962804e+00  1.000000 0.000000 0.000000  1.000000 0.000000 0.000000
2451545.065356  1.0913177611e+00  1.000000 0.000000 0.000000  1.000000 0.000000 0.000000
2451545.066023  1.0911764445e+00  1.000000 0.000000 0.000000  1.000000 0.000000 0.000000
2451545.066690  1.0928396649e+00  1.000000 0.000000 0.000000  1.000000 0.000000 0.000000
2451545.067356  1.0949340279e+00  1.000000 0.000000 0.000000  1.000000 0.000000 0.000000
2451545.068023  1.0951957175e+00  1.000000 0.000000 0.000000  1.000000 0.000000 0.000000
2451545.068690  1.0954375212e+00  1.000000 0.000000 0.000000  1.000000 0.000000 0.000000
2451545.069357  1.0956761516e+00  1.000000 0.000000 0.000000  1.000000 0.000000 0.000000
2451545.070024  1.0965572650e+00  1.000000 0.000000 0.000000  1.000000 0.000000 0.000000
2451545.070691  1.0964548739e+00  1.000000 0.000000 0.000000  1.000000 0.000000 0.000000
2451545.071358  1.0957487139e+00  1.000000 0.000000 0.000000  1.000000 0.000000 0.000000
2451545.072025  1.0946740307e+00  1.000000 0.000000 0.000000  1.000000 0.000000 0.000000
2451545.072692  1.0946059110e+00  1.000000 0.000000 0.000000  1.000000 0.000000 0.000000
2451545.073359  1.0943137579e+00  1.000000 0.000000 0.000000  1.000000 0.000000 0.000000
2451545.074025  1.0937389716e+00  1.000000 0.000000 0.000000  1.000000 0.000000 0.000000
2451545.074692  1.0851747194e+00  1.000000 0.000000 0.000000  1.000000 0.000000 0.000000
2451545.075359  1.0845595268e+00  1.000000 0.000000 0.000000  1.000000 0.000000 0.000000
2451545.076026  1.0844596743e+00  1.000000 0.000000 0.000000  1.000000 0.000000 0.000000
2451545.076693  1.0849910925e+00  1.000000 0.000000 0.000000  1.000000 0.000000 0.000000
2451545.077360  1.0840974976e+00  1.000000 0.000000 0.000000  1.000000 0.000000 0.000000
2451545.078027  1.0846183382e+00  1.000000 0.000000 0.000000  1.000000 0.000000 0.000000
2451545.078694  1.0835961198e+00  1.000000 0.000000 0.000000  1.000000 0.000000 0.000000
2451545.079361  1.0855677827e+00  1.000000 0.000000 0.000000  1.000000 0.000000 0.000000
2451545.080028  1.0836640279e+00  1.000000 0.000000 0.000000  1.000000 0.000000 0.000000
2451545.080694  1.0837746695e+00  1.000000 0.000000 0.000000  1.000000 0.000000 0.000000
2451545.081361  1.0845159471e+00  1.000000 0.000000 0.000000  1.000000 0.000000 0.000000
2451545.082028  1.0838563285e+00  1.000000 0.000000 0.000000  1.000000 0.000000 0.000000
2451545.082695  1.0836259486e+00  1.000000 0.000000 0.000000  1.000000 0.000000 0.000000
2451545.083362  1.0823708117e+00  1.000000 0.000000 0.000000  1.000000 0.000000 0.000000
2451545.084029  1.0827044289e+00  1.000000 0.000000 0.000000  1.000000 0.000000 0.000000
2451545.084696  1.0819223218e+00  1.000000 0.000000 0.000000  1.000000 0.000000 0.000000
2451545.085363  1.0807450359e+00  1.000000 0.000000 0.000000  1.000000 0.000000 0.000000
2451545.086030  1.0792529610e+00  1.000000 0.000000 0.000000  1.000000 0.000000 0.000000
2451545.086696  1.0796775455e+00  1.000000 0.000000 0.000000  1.000000 0.000000 0.000000
2451545.087363  1.0786164016e+00  1.000000 0.000000 0.000000  1.000000 0.000000 0.000000
2451545.088030  1.0775844518e+00  1.000000 0.000000 0.000000  1.000000 0.000000 0.000000
2451545.088697  1.0759277895e+00  1.000000 0.000000 0.000000  1.000000 0.000000 0.000000
2451545.089364  1.0749599400e+00  1.000000 0.000000 0.000000  1.000000 0.000000 0.000000
2451545.090031  1.0747651007e+00  1.000000 0.000000 0.000000  1.000000 0.000000 0.000000
2451545.090698  1.0724371845e+00  1.000000 0.000000 0.000000  1.000000 0.000000 0.000000
2451545.091365  1.0723830273e+00  1.000000 0.000000 0.000000  1.000000 0.000000 0.000000
2451545.092032  1.0703519183e+00  1.000000 0.000000 0.000000  1.000000 0.000000 0.000000
2451545.092699  1.0690768955e+00  1.000000 0.000000 0.000000  1.000000 0.000000 0.000000
2451545.093365  1.0687726840e+00  1.000000 0.000000 0.000000  1.000000 0.000000 0.000000
2451545.094032  1.0679789415e+00  1.000000 0.000000 0.000000  1.000000 0.000000 0.000000
2451545.094699  1.0671098867e+00  1.000000 0.000000 0.000000  1.000000 0.000000 0.000000
2451545.095366  1.0661693273e+00  1.000000 0.000000 0.000000  1.000000 0.000000 0.000000
2451545.096033  1.0649040359e+00  1.000000 0.000000 0.000000  1.000000 0.000000 0.000000
2451545.096700  1.0586641035e+00  1.000000 0.000000 0.000000  1.000000 0.000000 0.000000
2451545.097367  1.0549179439e+00  1.000000 0.000000 0.000000  1.000000 0.000000 0.000000
2451545.098034  1.0501935687e+00  1.000000 0.000000 0.000000  1.000000 0.000000 0.000000
2451545.098701  1.0405918664e+00  1.000000 0.000000 0.000000  1.000000 0.000000 0.000000
2451545.099367  1.0315685468e+00  1.000000 0.000000 0.000000  1.000000 0.000000 0.000000
2451545.100034  1.0226658117e+00  1.000000 0.000000 0.000000  1.000000 0.000000 0.000000
2451545.100701  1.0062756231e+00  1.000000 0.000000 0.000000  1.000000 0.000000 0.000000
2451545.101368  9.9378729624e-01  1.000000 0.000000 0.000000  1.000000 0.000000 0.000000
2451545.102035  9.8376270184e-01  1.000000 0.000000 0.000000  1.000000 0.000000 0.000000
2451545.102702  9.6400080041e-01  1.000000 0.000000 0.000000  1.000000 0.000000 0.000000
2451545.103369  9.5303078094e-01  1.000000 0.000000 0.000000  1.000000 0.000000 0.000000
2451545.104036  9.3314089066e-01  1.000000 0.000000 0.000000  1.000000 0.000000 0.000000
2451545.104703  9.1826879793e-01  1.000000 0.000000 0.000000  1.000000 0.000000 0.000000
2451545.105370  9.0490041551e-01  1.000000 0.000000 0.000000  1.000000 0.000000 0.000000
2451545.106036  8.8299549417e-01  1.000000 0.000000 0.000000  1.000000 0.000000 0.000000
2451545.106703  8.6752640221e-01  1.000000 0.000000 0.000000  1.000000 0.000000 0.000000
2451545.107370  8.5192530192e-01  1.000000 0.000000 0.000000  1.000000 0.000000 0.000000
2451545.108037  8.3001255317e-01  1.000000 0.000000 0.000000  1.000000 0.000000 0.000000
2451545.108704  8.1563168375e-01  1.000000 0.000000 0.000000  1.000000 0.000000 0.000000
2451545.109371  8.0089033004e-01  1.000000 0.000000 0.000000  1.000000 0.000000 0.000000
2451545.110038  7.7901650682e-01  1.000000 0.000000 0.000000  1.000000 0.000000 0.000000
2451545.110705  7.6207353335e-01  1.000000 0.000000 0.000000  1.000000 0.000000 0.000000
2451545.111372  7.4721476839e-01  1.000000 0.000000 0.000000  1.000000 0.000000 0.000000
2451545.112039  7.2371686187e-01  1.000000 0.000000 0.000000  1.000000 0.000000 0.000000
2451545.112705  7.0872291529e-01  1.000000 0.000000 0.000000  1.000000 0.000000 0.000000
2451545.113372  6.9307781222e-01  1.000000 0.000000 0.000000  1.000000 0.000000 0.000000
2451545.114039  6.7222641893e-01  1.000000 0.000000 0.000000  1.000000 0.000000 0.000000
2451545.114706  6.6014130984e-01  1.000000 0.000000 0.000000  1.000000 0.000000 0.000000
2451545.115373  6.5161788713e-01  1.000000 0.000000 0.000000  1.000000 0.000000 0.000000
2451545.116040  6.4074962408e-01  1.000000 0.000000 0.000000  1.000000 0.000000 0.000000
2451545.116707  6.3395331041e-01  1.000000 0.000000 0.000000  1.000000 0.000000 0.000000
2451545.117374  6.2789954362e-01  1.000000 0.000000 0.000000  1.000000 0.000000 0.000000
2451545.118041  6.2163591742e-01  1.000000 0.000000 0.000000  1.000000 0.000000 0.000000
2451545.118707  6.2030906443e-01  1.000000 0.000000 0.000000  1.000000 0.000000 0.000000
2451545.119374  6.1911718149e-01  1.000000 0.000000 0.000000  1.000000 0.000000 0.000000
2451545.120041  6.2078061343e-01  1.000000 0.000000 0.000000  1.000000 0.000000 0.000000
2451545.120708  6.2289232366e-01  1.000000 0.000000 0.000000  1.000000 0.000000 0.000000
2451545.121375  6.2539477011e-01  1.000000 0.000000 0.000000  1.000000 0.000000 0.000000
2451545.122042  6.3315470230e-01  1.000000 0.000000 0.000000  1.000000 0.000000 0.000000
2451545.122709  6.4223429474e-01  1.000000 0.000000 0.000000  1.000000 0.000000 0.000000
2451545.123376  6.5365661199e-01  1.000000 0.000000 0.000000  1.000000 0.000000 0.000000
2451545.124043  6.7550801072e-01  1.000000 0.000000 0.000000  1.000000 0.000000 0.000000
2451545.124710  6.9113280481e-01  1.000000 0.000000 0.000000  1.000000 0.000000 0.000000
2451545.125376  7.0607682516e-01  1.000000 0.000000 0.000000  1.000000 0.000000 0.000000
2451545.126043  7.2859863160e-01  1.000000 0.000000 0.000000  1.000000 0.000000 0.000000
2451545.126710  7.4366767907e-01  1.000000 0.000000 0.000000  1.000000 0.000000 0.000000
2451545.127377  7.5935488096e-01  1.000000 0.000000 0.000000  1.000000 0.000000 0.000000
2451545.128044  7.8126974523e-01  1.000000 0.000000 0.000000  1.000000 0.000000 0.000000
2451545.128711  7.9535084572e-01  1.000000 0.000000 0.000000  1.000000 0.000000 0.000000
2451545.129378  8.1030755917e-01  1.000000 0.000000 0.000000  1.000000 0.000000 0.000000
2451545.130045  8.3104344517e-01  1.000000 0.000000 0.000000  1.000000 0.000000 0.000000
2451545.130712  8.4428256943e-01  1.000000 0.000000 0.000000  1.000000 0.000000 0.000000
2451545.131378  8.5796404853e-01  1.000000 0.000000 0.000000  1.000000 0.000000 0.000000
2451545.132045  8.7802191096e-01  1.000000 0.000000 0.000000  1.000000 0.000000 0.000000
2451545.132712  8.9168223488e-01  1.000000 0.000000 0.000000  1.000000 0.000000 0.000000
2451545.133379  9.0426999109e-01  1.000000 0.000000 0.000000  1.000000 0.000000 0.000000
2451545.134046  9.2530162653e-01  1.000000 0.000000 0.000000  1.000000 0.000000 0.000000
2451545.134713  9.3712250741e-01  1.000000 0.000000 0.000000  1.000000 0.000000 0.000000
2451545.135380  9.4970243620e-01  1.000000 0.000000 0.000000  1.000000 0.000000 0.000000
2451545.136047  9.6727943047e-01  1.000000 0.000000 0.000000  1.000000 0.000000 0.000000
2451545.136714  9.7906815547e-01  1.000000 0.000000 0.000000  1.000000 0.000000 0.000000
2451545.137381  9.9581798213e-01  1.000000 0.000000 0.000000  1.000000 0.000000 0.000000
2451545.138047  1.0053919712e+00  1.000000 0.000000 0.000000  1.000000 0.000000 0.000000
2451545.138714  1.0163162954e+00  1.000000 0.000000 0.000000  1.000000 0.000000 0.000000
2451545.139381  1.0320028627e+00  1.000000 0.000000 0.000000  1.000000 0.000000 0.000000
2451545.140048  1.0414577480e+00  1.000000 0.000000 0.000000  1.000000 0.000000 0.000000
2451545.140715  1.0510160822e+00  1.000000 0.000000 0.000000  1.000000 0.000000 0.000000
2451545.141382  1.0631602143e+00  1.000000 0.000000 0.000000  1.000000 0.000000 0.000000
2451545.142049  1.0725795589e+00  1.000000 0.000000 0.000000  1.000000 0.000000 0.000000
2451545.142716  1.0819388228e+00  1.000000 0.000000 0.000000  1.000000 0.000000 0.000000
2451545.143383  1.0932420364e+00  1.000000 0.000000 0.000000  1.000000 0.000000 0.000000
2451545.144050  1.1020770750e+00  1.000000 0.000000 0.000000  1.000000 0.000000 0.000000
2451545.144716  1.1118835594e+00  1.000000 0.000000 0.000000  1.000000 0.000000 0.000000
2451545.145383  1.1251533587e+00  1.000000 0.000000 0.000000  1.000000 0.000000 0.000000
2451545.146050  1.1335052129e+00  1.000000 0.000000 0.000000  1.000000 0.000000 0.000000
2451545.146717  1.1405680818e+00  1.000000 0.000000 0.000000  1.000000 0.000000 0.000000
2451545.147384  1.1493375393e+00  1.000000 0.000000 0.000000  1.000000 0.000000 0.000000
2451545.148051  1.1536809097e+00  1.000000 0.000000 0.000000  1.000000 0.000000 0.000000
2451545.148718  1.1585523134e+00  1.000000 0.000000 0.000000  1.000000 0.000000 0.000000
2451545.149385  1.1616001404e+00  1.000000 0.000000 0.000000  1.000000 0.000000 0.000000
2451545.150052  1.1635017797e+00  1.000000 0.000000 0.000000  1.000000 0.000000 0.000000
2451545.150718  1.1664285991e+00  1.000000 0.000000 0.000000  1.000000 0.000000 0.000000
2451545.151385  1.1699492444e+00  1.000000 0.000000 0.000000  1.000000 0.000000 0.000000
2451545.152052  1.1704650077e+00  1.000000 0.000000 0.000000  1.000000 0.000000 0.000000
2451545.152719  1.1729116045e+00  1.000000 0.000000 0.000000  1.000000 0.000000 0.000000
2451545.153386  1.1748955374e+00  1.000000 0.000000 0.000000  1.000000 0.000000 0.000000
2451545.154053  1.1760630919e+00  1.000000 0.000000 0.000000  1.000000 0.000000 0.000000
2451545.154720  1.1774648342e+00  1.000000 0.000000 0.000000  1.000000 0.000000 0.000000
2451545.155387  1.1783292350e+00  1.000000 0.000000 0.000000  1.000000 0.000000 0.000000
2451545.156054  1.1775348579e+00  1.000000 0.000000 0.000000  1.000000 0.000000 0.000000
2451545.156721  1.1783814883e+00  1.000000 0.000000 0.000000  1.000000 0.000000 0.000000
2451545.157387  1.1779818669e+00  1.000000 0.000000 0.000000  1.000000 0.000000 0.000000
2451545.158054  1.1791978667e+00  1.000000 0.000000 0.000000  1.000000 0.000000 0.000000
2451545.158721  1.1776112281e+00  1.000000 0.000000 0.000000  1.000000 0.000000 0.000000
2451545.159388  1.1766380897e+00  1.000000 0.000000 0.000000  1.000000 0.000000 0.000000
2451545.160055  1.1762801441e+00  1.000000 0.000000 0.000000  1.000000 0.000000 0.000000
2451545.160722  1.1748494191e+00  1.000000 0.000000 0.000000  1.000000 0.000000 0.000000
2451545.161389  1.1730692106e+00  1.000000 0.000000 0.000000  1.000000 0.000000 0.000000
2451545.162056  1.1706503271e+00  1.000000 0.000000 0.000000  1.000000 0.000000 0.000000
2451545.162723  1.1704042924e+00  1.000000 0.000000 0.000000  1.000000 0.000000 0.000000
2451545.163389  1.1665187201e+00  1.000000 0.000000 0.000000  1.000000 0.000000 0.000000
2451545.164056  1.1655578518e+00  1.000000 0.000000 0.000000  1.000000 0.000000 0.000000
2451545.164723  1.1617581696e+00  1.000000 0.000000 0.000000  1.000000 0.000000 0.000000
2451545.165390  1.1591055214e+00  1.000000 0.000000 0.000000  1.000000 0.000000 0.000000
2451545.166057  1.1563477319e+00  1.000000 0.000000 0.000000  1.000000 0.000000 0.000000
2451545.166724  1.1535353620e+00  1.000000 0.000000 0.000000  1.000000 0.000000 0.000000
2451545.167391  1.1485152374e+00  1.000000 0.000000 0.000000  1.000000 0.000000 0.000000
2451545.168058  1.1441147481e+00  1.000000 0.000000 0.000000  1.000000 0.000000 0.000000
2451545.168725  1.1418272383e+00  1.000000 0.000000 0.000000  1.000000 0.000000 0.000000
2451545.169392  1.1393772567e+00  1.000000 0.000000 0.000000  1.000000 0.000000 0.000000
2451545.170058  1.1388069130e+00  1.000000 0.000000 0.000000  1.000000 0.000000 0.000000
2451545.170725  1.1371549048e+00  1.000000 0.000000 0.000000  1.000000 0.000000 0.000000
2451545.171392  1.1361149161e+00  1.000000 0.000000 0.000000  1.000000 0.000000 0.000000
2451545.172059  1.1362564443e+00  1.000000 0.000000 0.000000  1.000000 0.000000 0.000000
2451545.172726  1.1355083970e+00  1.000000 0.000000 0.000000  1.000000 0.000000 0.000000
2451545.173393  1.1352979030e+00  1.000000 0.000000 0.000000  1.000000 0.000000 0.000000
2451545.174060  1.1343541703e+00  1.000000 0.000000 0.000000  1.000000 0.000000 0.000000
2451545.174727  1.1336401829e+00  1.000000 0.000000 0.000000  1.000000 0.000000 0.000000
2451545.175394  1.1336054884e+00  1.000000 0.000000 0.000000  1.000000 0.000000 0.000000
2451545.176061  1.1326571017e+00  1.000000 0.000000 0.000000  1.000000 0.000000 0.000000
2451545.176727  1.1331821733e+00  1.000000 0.000000 0.000000  1.000000 0.000000 0.000000
2451545.177394  1.1296105439e+00  1.000000 0.000000 0.000000  1.000000 0.000000 0.000000
2451545.178061  1.1296264103e+00  1.000000 0.000000 0.000000  1.000000 0.000000 0.000000
2451545.178728  1.1285574390e+00  1.000000 0.000000 0.000000  1.000000 0.000000 0.000000
2451545.179395  1.1282204369e+00  1.000000 0.000000 0.000000  1.000000 0.000000 0.000000
2451545.180062  1.1273177453e+00  1.000000 0.000000 0.000000  1.000000 0.000000 0.000000
2451545.180729  1.1263213363e+00  1.000000 0.000000 0.000000  1.000000 0.000000 0.000000
2451545.181396  1.1257992264e+00  1.000000 0.000000 0.000000  1.000000 0.000000 0.000000
2451545.182063  1.1260016815e+00  1.000000 0.000000 0.000000  1.000000 0.000000 0.000000
2451545.182729  1.1240329803e+00  1.000000 0.000000 0.000000  1.000000 0.000000 0.000000
2451545.183396  1.1236545141e+00  1.000000 0.000000 0.000000  1.000000 0.000000 0.000000
2451545.184063  1.1230471488e+00  1.000000 0.000000 0.000000  1.000000 0.000000 0.000000
2451545.184730  1.1224027620e+00  1.000000 0.000000 0.000000  1.000000 0.000000 0.000000
2451545.185397  1.1226771447e+00  1.000000 0.000000 0.000000  1.000000 0.000000 0.000000
2451545.186064  1.1213767357e+00  1.000000 0.000000 0.000000  1.000000 0.000000 0.000000
2451545.186731  1.1205455486e+00  1.000000 0.000000 0.000000  1.000000 0.000000 0.000000
2451545.187398  1.1214537405e+00  1.000000 0.000000 0.000000  1.000000 0.000000 0.000000
2451545.188065  1.1206318617e+00  1.000000 0.000000 0.000000  1.000000 0.000000 0.000000
2451545.188732  1.1199337407e+00  1.000000 0.000000 0.000000  1.000000 0.000000 0.000000
2451545.189398  1.1185028042e+00  1.000000 0.000000 0.000000  1.000000 0.000000 0.000000
2451545.190065  1.1173942727e+00  1.000000 0.000000 0.000000  1.000000 0.000000 0.000000
2451545.190732  1.1187120290e+00  1.000000 0.000000 0.000000  1.000000 0.000000 0.000000
2451545.191399  1.1195755835e+00  1.000000 0.000000 0.000000  1.000000 0.000000 0.000000
2451545.192066  1.1216930056e+00  1.000000 0.000000 0.000000  1.000000 0.000000 0.000000
2451545.192733  1.1252923482e+00  1.000000 0.000000 0.000000  1.000000 0.000000 0.000000
2451545.193400  1.1282790368e+00  1.000000 0.000000 0.000000  1.000000 0.000000 0.000000
2451545.194067  1.1318493968e+00  1.000000 0.000000 0.000000  1.000000 0.000000 0.000000
2451545.194734  1.1350994674e+00  1.000000 0.000000 0.000000  1.000000 0.000000 0.000000
2451545.195400  1.1372137162e+00  1.000000 0.000000 0.000000  1.000000 0.000000 0.000000
2451545.196067  1.1397682044e+00  1.000000 0.000000 0.000000  1.000000 0.000000 0.000000
2451545.196734  1.1436797975e+00  1.000000 0.000000 0.000000  1.000000 0.000000 0.000000
2451545.197401  1.1443798225e+00  1.000000 0.000000 0.000000  1.000000 0.000000 0.000000
2451545.198068  1.1459393825e+00  1.000000 0.000000 0.000000  1.000000 0.000000 0.000000
2451545.198735  1.1475734087e+00  1.000000 0.000000 0.000000  1.000000 0.000000 0.000000
2451545.199402  1.1507441473e+00  1.000000 0.000000 0.000000  1.000000 0.000000 0.000000
2451545.200069  1.1511293832e+00  1.000000 0.000000 0.000000  1.000000 0.000000 0.000000
2451545.200736  1.1539362527e+00  1.000000 0.000000 0.000000  1.000000 0.000000 0.000000
2451545.201403  1.1532831923e+00  1.000000 0.000000 0.000000  1.000000 0.000000 0.000000
2451545.202069  1.1546669527e+00  1.000000 0.000000 0.000000  1.000000 0.000000 0.000000
2451545.202736  1.1553597849e+00  1.000000 0.000000 0.000000  1.000000 0.000000 0.000000
2451545.203403  1.1553379951e+00  1.000000 0.000000 0.000000  1.000000 0.000000 0.000000
2451545.204070  1.1544575164e+00  1.000000 0.000000 0.000000  1.000000 0.000000 0.000000
2451545.204737  1.1542064044e+00  1.000000 0.000000 0.000000  1.000000 0.000000 0.000000
2451545.205404  1.1541234761e+00  1.000000 0.000000 0.000000  1.000000 0.000000 0.000000
2451545.206071  1.1535654024e+00  1.000000 0.000000 0.000000  1.000000 0.000000 0.000000
2451545.206738  1.1529753844e+00  1.000000 0.000000 0.000000  1.000000 0.000000 0.000000
2451545.207405  1.1511234598e+00  1.000000 0.000000 0.000000  1.000000 0.000000 0.000000
2451545.208072  1.1490113264e+00  1.000000 0.000000 0.000000  1.000000 0.000000 0.000000
2451545.208738  1.1479497594e+00  1.000000 0.000000 0.000000  1.000000 0.000000 0.000000
2451545.209405  1.1473180657e+00  1.000000 0.000000 0.000000  1.000000 0.000000 0.000000
2451545.210072  1.1447064585e+00  1.000000 0.000000 0.000000  1.000000 0.000000 0.000000
2451545.210739  1.1414485605e+00  1.000000 0.000000 0.000000  1.000000 0.000000 0.000000
2451545.211406  1.1395644800e+00  1.000000 0.000000 0.000000  1.000000 0.000000 0.000000
2451545.212073  1.1350169622e+00  1.000000 0.000000 0.000000  1.000000 0.000000 0.000000
2451545.212740  1.1335908914e+00  1.000000 0.000000 0.000000  1.000000 0.000000 0.000000
2451545.213407  1.1306632258e+00  1.000000 0.000000 0.000000  1.000000 0.000000 0.000000
2451545.214074  1.1272460293e+00  1.000000 0.000000 0.000000  1.000000 0.000000 0.000000
2451545.214740  1.1240922148e+00  1.000000 0.000000 0.000000  1.000000 0.000000 0.000000
2451545.215407  1.1223716639e+00  1.000000 0.000000 0.000000  1.000000 0.000000 0.000000
2451545.216074  1.1167496743e+00  1.000000 0.000000 0.000000  1.000000 0.000000 0.000000
2451545.216741  1.1088991980e+00  1.000000 0.000000 0.000000  1.000000 0.000000 0.000000
2451545.217408  1.1003643514e+00  1.000000 0.000000 0.000000  1.000000 0.000000 0.000000
2451545.218075  1.0869314457e+00  1.000000 0.000000 0.000000  1.000000 0.000000 0.000000
2451545.218742  1.0767661694e+00  1.000000 0.000000 0.000000  1.000000 0.000000 0.000000
2451545.219409  1.0658414220e+00  1.000000 0.000000 0.000000  1.000000 0.000000 0.000000
2451545.220076  1.0476225795e+00  1.000000 0.000000 0.000000  1.000000 0.000000 0.000000
2451545.220743  1.0346277976e+00  1.000000 0.000000 0.000000  1.000000 0.000000 0.000000
2451545.221409  1.0219668445e+00  1.000000 0.000000 0.000000  1.000000 0.000000 0.000000
2451545.222076  1.0004786802e+00  1.000000 0.000000 0.000000  1.000000 0.000000 0.000000
2451545.222743  9.8532924304e-01  1.000000 0.000000 0.000000  1.000000 0.000000 0.000000
2451545.223410  9.7041483995e-01  1.000000 0.000000 0.000000  1.000000 0.000000 0.000000
2451545.224077  9.4649361824e-01  1.000000 0.000000 0.000000  1.000000 0.000000 0.000000
2451545.224744  9.3163929586e-01  1.000000 0.000000 0.000000  1.000000 0.000000 0.000000
2451545.225411  9.1429712411e-01  1.000000 0.000000 0.000000  1.000000 0.000000 0.000000
2451545.226078  8.9044846468e-01  1.000000 0.000000 0.000000  1.000000 0.000000 0.000000
2451545.226745  8.7449322665e-01  1.000000 0.000000 0.000000  1.000000 0.000000 0.000000
2451545.227411  8.5842777012e-01  1.000000 0.000000 0.000000  1.000000 0.000000 0.000000
2451545.228078  8.2942063118e-01  1.000000 0.000000 0.000000  1.000000 0.000000 0.000000
2451545.228745  8.0955633867e-01  1.000000 0.000000 0.000000  1.000000 0.000000 0.000000
2451545.229412  7.9206946548e-01  1.000000 0.000000 0.000000  1.000000 0.000000 0.000000
2451545.230079  7.6528425528e-01  1.000000 0.000000 0.000000  1.000000 0.000000 0.000000
2451545.230746  7.4828754765e-01  1.000000 0.000000 0.000000  1.000000 0.000000 0.000000
2451545.231413  7.3069680252e-01  1.000000 0.000000 0.000000  1.000000 0.000000 0.000000
2451545.232080  7.0540832142e-01  1.000000 0.000000 0.000000  1.000000 0.000000 0.000000
2451545.232747  6.8790917823e-01  1.000000 0.000000 0.000000  1.000000 0.000000 0.000000
2451545.233414  6.7081621452e-01  1.000000 0.000000 0.000000  1.000000 0.000000 0.000000
2451545.234080  6.4365401898e-01  1.000000 0.000000 0.000000  1.000000 0.000000 0.000000
2451545.234747  6.2629682705e-01  1.000000 0.000000 0.000000  1.000000 0.000000 0.000000
2451545.235414  6.0962485146e-01  1.000000 0.000000 0.000000  1.000000 0.000000 0.000000
2451545.236081  5.8600043696e-01  1.000000 0.000000 0.000000  1.000000 0.000000 0.000000
2451545.236748  5.7316981926e-01  1.000000 0.000000 0.000000  1.000000 0.000000 0.000000
2451545.237415  5.6489581615e-01  1.000000 0.000000 0.000000  1.000000 0.000000 0.000000
2451545.238082  5.5712572946e-01  1.000000 0.000000 0.000000  1.000000 0.000000 0.000000
2451545.238749  5.5416421557e-01  1.000000 0.000000 0.000000  1.000000 0.000000 0.000000
2451545.239416  5.5744644202e-01  1.000000 0.000000 0.000000  1.000000 0.000000 0.000000
360  1
2451545.000000  5.7917684110e-01  1.000000 0.000000 0.000000  0.000000 0.000000 1.000000
2451545.000667  5.7919317743e-01  1.000000 0.000000 0.000000  0.000000 0.000000 1.000000
2451545.001334  5.8172229333e-01  1.000000 0.000000 0.000000  0.000000 0.000000 1.000000
2451545.002001  5.8846945080e-01  1.000000 0.000000 0.000000  0.000000 0.000000 1.000000
2451545.002668  5.9839666426e-01  1.000000 0.000000 0.000000  0.000000 0.000000 1.000000
2451545.003334  6.0927339575e-01  1.000000 0.000000 0.000000  0.000000 0.000000 1.000000
2451545.004001  6.2924469030e-01  1.000000 0.000000 0.000000  0.000000 0.000000 1.000000
2451545.004668  6.4248114247e-01  1.000000 0.000000 0.000000  0.000000 0.000000 1.000000
2451545.005335  6.5707627501e-01  1.000000 0.000000 0.000000  0.000000 0.000000 1.000000
2451545.006002  6.8039199422e-01  1.000000 0.000000 0.000000  0.000000 0.000000 1.000000
2451545.006669  6.9446059413e-01  1.000000 0.000000 0.000000  0.000000 0.000000 1.000000
2451545.007336  7.1080798704e-01  1.000000 0.000000 0.000000  0.000000 0.000000 1.000000
2451545.008003  7.3401789707e-01  1.000000 0.000000 0.000000  0.000000 0.000000 1.000000
2451545.008670  7.5086568447e-01  1.000000 0.000000 0.000000  0.000000 0.000000 1.000000
2451545.009337  7.6528765186e-01  1.000000 0.000000 0.000000  0.000000 0.000000 1.000000
2451545.010003  7.8894065354e-01  1.000000 0.000000 0.000000  0.000000 0.000000 1.000000
2451545.010670  8.0363506073e-01  1.000000 0.000000 0.000000  0.000000 0.000000 1.000000
2451545.011337  8.1970272533e-01  1.000000 0.000000 0.000000  0.000000 0.000000 1.000000
2451545.012004  8.4187666042e-01  1.000000 0.000000 0.000000  0.000000 0.000000 1.000000
2451545.012671  8.5714510127e-01  1.000000 0.000000 0.000000  0.000000 0.000000 1.000000
2451545.013338  8.7166031144e-01  1.000000 0.000000 0.000000  0.000000 0.000000 1.000000
2451545.014005  8.9473550954e-01  1.000000 0.000000 0.000000  0.000000 0.000000 1.000000
2451545.014672  9.0984787556e-01  1.000000 0.000000 0.000000  0.000000 0.000000 1.000000
2451545.015339  9.2096336886e-01  1.000000 0.000000 0.000000  0.000000 0.000000 1.000000
2451545.016006  9.3966822050e-01  1.000000 0.000000 0.000000  0.000000 0.000000 1.000000
2451545.016672  9.5076385887e-01  1.000000 0.000000 0.000000  0.000000 0.000000 1.000000
2451545.017339  9.6407847411e-01  1.000000 0.000000 0.000000  0.000000 0.000000 1.000000
2451545.018006  9.8066663946e-01  1.000000 0.000000 0.000000  0.000000 0.000000 1.000000
2451545.018673  9.9291838765e-01  1.000000 0.000000 0.000000  0.000000 0.000000 1.000000
2451545.019340  1.0036340178e+00  1.000000 0.000000 0.000000  0.000000 0.000000 1.000000
2451545.020007  1.0202659142e+00  1.000000 0.000000 0.000000  0.000000 0.000000 1.000000
2451545.020674  1.0338886579e+00  1.000000 0.000000 0.000000  0.000000 0.000000 1.000000
2451545.021341  1.0443768359e+00  1.000000 0.000000 0.000000  0.000000 0.000000 1.000000
2451545.022008  1.0591747903e+00  1.000000 0.000000 0.000000  0.000000 0.000000 1.000000
2451545.022674  1.0673150601e+00  1.000000 0.000000 0.000000  0.000000 0.000000 1.000000
2451545.023341  1.0768451750e+00  1.000000 0.000000 0.000000  0.000000 0.000000 1.000000
2451545.024008  1.0882217983e+00  1.000000 0.000000 0.000000  0.000000 0.000000 1.000000
2451545.024675  1.0958134186e+00  1.000000 0.000000 0.000000  0.000000 0.000000 1.000000
2451545.025342  1.1014635284e+00  1.000000 0.000000 0.000000  0.000000 0.000000 1.000000
2451545.026009  1.1100049180e+00  1.000000 0.000000 0.000000  0.000000 0.000000 1.000000
2451545.026676  1.1154278271e+00  1.000000 0.000000 0.000000  0.000000 0.000000 1.000000
2451545.027343  1.1184060665e+00  1.000000 0.000000 0.000000  0.000000 0.000000 1.000000
2451545.028010  1.1202018067e+00  1.000000 0.000000 0.000000  0.000000 0.000000 1.000000
2451545.028677  1.1203133964e+00  1.000000 0.000000 0.000000  0.000000 0.000000 1.000000
2451545.029343  1.1221850377e+00  1.000000 0.000000 0.000000  0.000000 0.000000 1.000000
2451545.030010  1.1201957748e+00  1.000000 0.000000 0.000000  0.000000 0.000000 1.000000
2451545.030677  1.1195752454e+00  1.000000 0.000000 0.000000  0.000000 0.000000 1.000000
2451545.031344  1.1187677278e+00  1.000000 0.000000 0.000000  0.000000 0.000000 1.000000
2451545.032011  1.1148417297e+00  1.000000 0.000000 0.000000  0.000000 0.000000 1.000000
2451545.032678  1.1127438930e+00  1.000000 0.000000 0.000000  0.000000 0.000000 1.000000
2451545.033345  1.1121515124e+00  1.000000 0.000000 0.000000  0.000000 0.000000 1.000000
2451545.034012  1.1078402280e+00  1.000000 0.000000 0.000000  0.000000 0.000000 1.000000
2451545.034679  1.1039881204e+00  1.000000 0.000000 0.000000  0.000000 0.000000 1.000000
2451545.035345  1.0998882031e+00  1.000000 0.000000 0.000000  0.000000 0.000000 1.000000
2451545.036012  1.0959282756e+00  1.000000 0.000000 0.000000  0.000000 0.000000 1.000000
2451545.036679  1.0928638306e+00  1.000000 0.000000 0.000000  0.000000 0.000000 1.000000
2451545.037346  1.0876329363e+00  1.000000 0.000000 0.000000  0.000000 0.000000 1.000000
2451545.038013  1.0836461167e+00  1.000000 0.000000 0.000000  0.000000 0.000000 1.000000
2451545.038680  1.0812197940e+00  1.000000 0.000000 0.000000  0.000000 0.000000 1.000000
2451545.039347  1.0742577509e+00  1.000000 0.000000 0.000000  0.000000 0.000000 1.000000
2451545.040014  1.0713609419e+00  1.000000 0.000000 0.000000  0.000000 0.000000 1.000000
2451545.040681  1.0662446532e+00  1.000000 0.000000 0.000000  0.000000 0.000000 1.000000
2451545.041348  1.0594909612e+00  1.000000 0.000000 0.000000  0.000000 0.000000 1.000000
2451545.042014  1.0557054555e+00  1.000000 0.000000 0.000000  0.000000 0.000000 1.000000
2451545.042681  1.0507060345e+00  1.000000 0.000000 0.000000  0.000000 0.000000 1.000000
2451545.043348  1.0465387613e+00  1.000000 0.000000 0.000000  0.000000 0.000000 1.000000
2451545.044015  1.0440759960e+00  1.000000 0.000000 0.000000  0.000000 0.000000 1.000000
2451545.044682  1.0424732760e+00  1.000000 0.000000 0.000000  0.000000 0.000000 1.000000
2451545.045349  1.0399129954e+00  1.000000 0.000000 0.000000  0.000000 0.000000 1.000000
2451545.046016  1.0372260453e+00  1.000000 0.000000 0.000000  0.000000 0.000000 1.000000
2451545.046683  1.0364956855e+00  1.000000 0.000000 0.000000  0.000000 0.000000 1.000000
2451545.047350  1.0349022646e+00  1.000000 0.000000 0.000000  0.000000 0.000000 1.000000
2451545.048017  1.0342410200e+00  1.000000 0.000000 0.000000  0.000000 0.000000 1.000000
2451545.048683  1.0332771763e+00  1.000000 0.000000 0.000000  0.000000 0.000000 1.000000
2451545.049350  1.0316171534e+00  1.000000 0.000000 0.000000  0.000000 0.000000 1.000000
2451545.050017  1.0307480604e+00  1.000000 0.000000 0.000000  0.000000 0.000000 1.000000
2451545.050684  1.0311366138e+00  1.000000 0.000000 0.000000  0.000000 0.000000 1.000000
2451545.051351  1.0314369510e+00  1.000000 0.000000 0.000000  0.000000 0.000000 1.000000
2451545.052018  1.0317692070e+00  1.000000 0.000000 0.000000  0.000000 0.000000 1.000000
2451545.052685  1.0308820183e+00  1.000000 0.000000 0.000000  0.000000 0.000000 1.000000
2451545.053352  1.0312657965e+00  1.000000 0.000000 0.000000  0.000000 0.000000 1.000000
2451545.054019  1.0318438514e+00  1.000000 0.000000 0.000000  0.000000 0.000000 1.000000
2451545.054685  1.0330331366e+00  1.000000 0.000000 0.000000  0.000000 0.000000 1.000000
2451545.055352  1.0339527466e+00  1.000000 0.000000 0.000000  0.000000 0.000000 1.000000
2451545.056019  1.0358801827e+00  1.000000 0.000000 0.000000  0.000000 0.000000 1.000000
2451545.056686  1.0381991882e+00  1.000000 0.000000 0.000000  0.000000 0.000000 1.000000
2451545.057353  1.0408388885e+00  1.000000 0.000000 0.000000  0.000000 0.000000 1.000000
2451545.058020  1.0423538950e+00  1.000000 0.000000 0.000000  0.000000 0.000000 1.000000
2451545.058687  1.0444645495e+00  1.000000 0.000000 0.000000  0.000000 0.000000 1.000000
2451545.059354  1.0478152573e+00  1.000000 0.000000 0.000000  0.000000 0.000000 1.000000
2451545.060021  1.0487527116e+00  1.000000 0.000000 0.000000  0.000000 0.000000 1.000000
2451545.060688  1.0521355895e+00  1.000000 0.000000 0.000000  0.000000 0.000000 1.000000
2451545.061354  1.0553397730e+00  1.000000 0.000000 0.000000  0.000000 0.000000 1.000000
2451545.062021  1.0585195777e+00  1.000000 0.000000 0.000000  0.000000 0.000000 1.000000
2451545.062688  1.0612914766e+00  1.000000 0.000000 0.000000  0.000000 0.000000 1.000000
2451545.063355  1.0639982816e+00  1.000000 0.000000 0.000000  0.000000 0.000000 1.000000
2451545.064022  1.0667214229e+00  1.000000 0.000000 0.000000  0.000000 0.000000 1.000000
2451545.064689  1.0687094291e+00  1.000000 0.000000 0.000000  0.000000 0.000000 1.000000
2451545.065356  1.0715393849e+00  1.000000 0.000000 0.000000  0.000000 0.000000 1.000000
2451545.066023  1.0750054524e+00  1.000000 0.000000 0.000000  0.000000 0.000000 1.000000
2451545.066690  1.0760027228e+00  1.000000 0.000000 0.000000  0.000000 0.000000 1.000000
2451545.067356  1.0805733779e+00  1.000000 0.000000 0.000000  0.000000 0.000000 1.000000
2451545.068023  1.0820715454e+00  1.000000 0.000000 0.000000  0.000000 0.000000 1.000000
2451545.068690  1.0852357677e+00  1.000000 0.000000 0.000000  0.000000 0.000000 1.000000
2451545.069357  1.0898579451e+00  1.000000 0.000000 0.000000  0.000000 0.000000 1.000000
2451545.070024  1.0914277411e+00  1.000000 0.000000 0.000000  0.000000 0.000000 1.000000
2451545.070691  1.0950905986e+00  1.000000 0.000000 0.000000  0.000000 0.000000 1.000000
2451545.071358  1.0971168068e+00  1.000000 0.000000 0.000000  0.000000 0.000000 1.000000
2451545.072025  1.1002274962e+00  1.000000 0.000000 0.000000  0.000000 0.000000 1.000000
2451545.072692  1.1043726526e+00  1.000000 0.000000 0.000000  0.000000 0.000000 1.000000
2451545.073359  1.1061530617e+00  1.000000 0.000000 0.000000  0.000000 0.000000 1.000000
2451545.074025  1.1071686790e+00  1.000000 0.000000 0.000000  0.000000 0.000000 1.000000
2451545.074692  1.1100697607e+00  1.000000 0.000000 0.000000  0.000000 0.000000 1.000000
2451545.075359  1.1136293223e+00  1.000000 0.000000 0.000000  0.000000 0.000000 1.000000
2451545.076026  1.1147329046e+00  1.000000 0.000000 0.000000  0.000000 0.000000 1.000000
2451545.076693  1.1161961375e+00  1.000000 0.000000 0.000000  0.000000 0.000000 1.000000
2451545.077360  1.1181092479e+00  1.000000 0.000000 0.000000  0.000000 0.000000 1.000000
2451545.078027  1.1215489259e+00  1.000000 0.000000 0.000000  0.000000 0.000000 1.000000
2451545.078694  1.1222164537e+00  1.000000 0.000000 0.000000  0.000000 0.000000 1.000000
2451545.079361  1.1234316257e+00  1.000000 0.000000 0.000000  0.000000 0.000000 1.000000
2451545.080028  1.1250315811e+00  1.000000 0.000000 0.000000  0.000000 0.000000 1.000000
2451545.080694  1.1253892212e+00  1.000000 0.000000 0.000000  0.000000 0.000000 1.000000
2451545.081361  1.1280749146e+00  1.000000 0.000000 0.000000  0.000000 0.000000 1.000000
2451545.082028  1.1284790504e+00  1.000000 0.000000 0.000000  0.000000 0.000000 1.000000
2451545.082695  1.1287630513e+00  1.000000 0.000000 0.000000  0.000000 0.000000 1.000000
2451545.083362  1.1291340117e+00  1.000000 0.000000 0.000000  0.000000 0.000000 1.000000
2451545.084029  1.1290882700e+00  1.000000 0.000000 0.000000  0.000000 0.000000 1.000000
2451545.084696  1.1291046063e+00  1.000000 0.000000 0.000000  0.000000 0.000000 1.000000
2451545.085363  1.1282478284e+00  1.000000 0.000000 0.000000  0.000000 0.000000 1.000000
2451545.086030  1.1274176913e+00  1.000000 0.000000 0.000000  0.000000 0.000000 1.000000
2451545.086696  1.1256463300e+00  1.000000 0.000000 0.000000  0.000000 0.000000 1.000000
2451545.087363  1.1249491455e+00  1.000000 0.000000 0.000000  0.000000 0.000000 1.000000
2451545.088030  1.1232182480e+00  1.000000 0.000000 0.000000  0.000000 0.000000 1.000000
2451545.088697  1.1240461232e+00  1.000000 0.000000 0.000000  0.000000 0.000000 1.000000
2451545.089364  1.1220623895e+00  1.000000 0.000000 0.000000  0.000000 0.000000 1.000000
2451545.090031  1.1224376225e+00  1.000000 0.000000 0.000000  0.000000 0.000000 1.000000
2451545.090698  1.1199547510e+00  1.000000 0.000000 0.000000  0.000000 0.000000 1.000000
2451545.091365  1.1191261219e+00  1.000000 0.000000 0.000000  0.000000 0.000000 1.000000
2451545.092032  1.1179152225e+00  1.000000 0.000000 0.000000  0.000000 0.000000 1.000000
2451545.092699  1.1174153307e+00  1.000000 0.000000 0.000000  0.000000 0.000000 1.000000
2451545.093365  1.1171217793e+00  1.000000 0.000000 0.000000  0.000000 0.000000 1.000000
2451545.094032  1.1168656759e+00  1.000000 0.000000 0.000000  0.000000 0.000000 1.000000
2451545.094699  1.1163424105e+00  1.000000 0.000000 0.000000  0.000000 0.000000 1.000000
2451545.095366  1.1157281643e+00  1.000000 0.000000 0.000000  0.000000 0.000000 1.000000
2451545.096033  1.1148723917e+00  1.000000 0.000000 0.000000  0.000000 0.000000 1.000000
2451545.096700  1.1088897747e+00  1.000000 0.000000 0.000000  0.000000 0.000000 1.000000
2451545.097367  1.1012740269e+00  1.000000 0.000000 0.000000  0.000000 0.000000 1.000000
2451545.098034  1.0935710682e+00  1.000000 0.000000 0.000000  0.000000 0.000000 1.000000
2451545.098701  1.0804811404e+00  1.000000 0.000000 0.000000  0.000000 0.000000 1.000000
2451545.099367  1.0712586513e+00  1.000000 0.000000 0.000000  0.000000 0.000000 1.000000
2451545.100034  1.0611773736e+00  1.000000 0.000000 0.000000  0.000000 0.000000 1.000000
2451545.100701  1.0410520149e+00  1.000000 0.000000 0.000000  0.000000 0.000000 1.000000
2451545.101368  1.0284262903e+00  1.000000 0.000000 0.000000  0.000000 0.000000 1.000000
2451545.102035  1.0140576045e+00  1.000000 0.000000 0.000000  0.000000 0.000000 1.000000
2451545.102702  9.9172131133e-01  1.000000 0.000000 0.000000  0.000000 0.000000 1.000000
2451545.103369  9.7713120535e-01  1.000000 0.000000 0.000000  0.000000 0.000000 1.000000
2451545.104036  9.5470795266e-01  1.000000 0.000000 0.000000  0.000000 0.000000 1.000000
2451545.104703  9.3948424824e-01  1.000000 0.000000 0.000000  0.000000 0.000000 1.000000
2451545.105370  9.2495797963e-01  1.000000 0.000000 0.000000  0.000000 0.000000 1.000000
2451545.106036  9.0270864607e-01  1.000000 0.000000 0.000000  0.000000 0.000000 1.000000
2451545.106703  8.8797779629e-01  1.000000 0.000000 0.000000  0.000000 0.000000 1.000000
2451545.107370  8.6995479812e-01  1.000000 0.000000 0.000000  0.000000 0.000000 1.000000
2451545.108037  8.4320392477e-01  1.000000 0.000000 0.000000  0.000000 0.000000 1.000000
2451545.108704  8.2736119893e-01  1.000000 0.000000 0.000000  0.000000 0.000000 1.000000
2451545.109371  8.1076046717e-01  1.000000 0.000000 0.000000  0.000000 0.000000 1.000000
2451545.110038  7.8677370161e-01  1.000000 0.000000 0.000000  0.000000 0.000000 1.000000
2451545.110705  7.6843352722e-01  1.000000 0.000000 0.000000  0.000000 0.000000 1.000000
2451545.111372  7.5003253141e-01  1.000000 0.000000 0.000000  0.000000 0.000000 1.000000
2451545.112039  7.1948710455e-01  1.000000 0.000000 0.000000  0.000000 0.000000 1.000000
2451545.112705  6.9937079362e-01  1.000000 0.000000 0.000000  0.000000 0.000000 1.000000
2451545.113372  6.7836503210e-01  1.000000 0.000000 0.000000  0.000000 0.000000 1.000000
2451545.114039  6.5083001469e-01  1.000000 0.000000 0.000000  0.000000 0.000000 1.000000
2451545.114706  6.3440471004e-01  1.000000 0.000000 0.000000  0.000000 0.000000 1.000000
2451545.115373  6.1737948491e-01  1.000000 0.000000 0.000000  0.000000 0.000000 1.000000
2451545.116040  5.9459808950e-01  1.000000 0.000000 0.000000  0.000000 0.000000 1.000000
2451545.116707  5.8666039025e-01  1.000000 0.000000 0.000000  0.000000 0.000000 1.000000
2451545.117374  5.8183036447e-01  1.000000 0.000000 0.000000  0.000000 0.000000 1.000000
2451545.118041  5.7626017707e-01  1.000000 0.000000 0.000000  0.000000 0.000000 1.000000
2451545.118707  5.7426990888e-01  1.000000 0.000000 0.000000  0.000000 0.000000 1.000000
2451545.119374  5.7389744045e-01  1.000000 0.000000 0.000000  0.000000 0.000000 1.000000
2451545.120041  5.7690634193e-01  1.000000 0.000000 0.000000  0.000000 0.000000 1.000000
2451545.120708  5.8041563790e-01  1.000000 0.000000 0.000000  0.000000 0.000000 1.000000
2451545.121375  5.8529366738e-01  1.000000 0.000000 0.000000  0.000000 0.000000 1.000000
2451545.122042  5.9583010045e-01  1.000000 0.000000 0.000000  0.000000 0.000000 1.000000
2451545.122709  6.0387034162e-01  1.000000 0.000000 0.000000  0.000000 0.000000 1.000000
2451545.123376  6.1518790281e-01  1.000000 0.000000 0.000000  0.000000 0.000000 1.000000
2451545.124043  6.3534141032e-01  1.000000 0.000000 0.000000  0.000000 0.000000 1.000000
2451545.124710  6.4882868806e-01  1.000000 0.000000 0.000000  0.000000 0.000000 1.000000
2451545.125376  6.6267838109e-01  1.000000 0.000000 0.000000  0.000000 0.000000 1.000000
2451545.126043  6.8214777318e-01  1.000000 0.000000 0.000000  0.000000 0.000000 1.000000
2451545.126710  6.9303154186e-01  1.000000 0.000000 0.000000  0.000000 0.000000 1.000000
2451545.127377  7.0327643419e-01  1.000000 0.000000 0.000000  0.000000 0.000000 1.000000
2451545.128044  7.2033810191e-01  1.000000 0.000000 0.000000  0.000000 0.000000 1.000000
2451545.128711  7.3350870609e-01  1.000000 0.000000 0.000000  0.000000 0.000000 1.000000
2451545.129378  7.4728249800e-01  1.000000 0.000000 0.000000  0.000000 0.000000 1.000000
2451545.130045  7.6677777689e-01  1.000000 0.000000 0.000000  0.000000 0.000000 1.000000
2451545.130712  7.7951810715e-01  1.000000 0.000000 0.000000  0.000000 0.000000 1.000000
2451545.131378  7.9126870687e-01  1.000000 0.000000 0.000000  0.000000 0.000000 1.000000
2451545.132045  8.0934800256e-01  1.000000 0.000000 0.000000  0.000000 0.000000 1.000000
2451545.132712  8.2078167739e-01  1.000000 0.000000 0.000000  0.000000 0.000000 1.000000
2451545.133379  8.3268885459e-01  1.000000 0.000000 0.000000  0.000000 0.000000 1.000000
2451545.134046  8.5055401864e-01  1.000000 0.000000 0.000000  0.000000 0.000000 1.000000
2451545.134713  8.6125758498e-01  1.000000 0.000000 0.000000  0.000000 0.000000 1.000000
2451545.135380  8.7159195016e-01  1.000000 0.000000 0.000000  0.000000 0.000000 1.000000
2451545.136047  8.8746760000e-01  1.000000 0.000000 0.000000  0.000000 0.000000 1.000000
2451545.136714  8.9862330581e-01  1.000000 0.000000 0.000000  0.000000 0.000000 1.000000
2451545.137381  9.1565833274e-01  1.000000 0.000000 0.000000  0.000000 0.000000 1.000000
2451545.138047  9.2660970871e-01  1.000000 0.000000 0.000000  0.000000 0.000000 1.000000
2451545.138714  9.3944755432e-01  1.000000 0.000000 0.000000  0.000000 0.000000 1.000000
2451545.139381  9.5632550110e-01  1.000000 0.000000 0.000000  0.000000 0.000000 1.000000
2451545.140048  9.6712809077e-01  1.000000 0.000000 0.000000  0.000000 0.000000 1.000000
2451545.140715  9.7840292616e-01  1.000000 0.000000 0.000000  0.000000 0.000000 1.000000
2451545.141382  9.9488829826e-01  1.000000 0.000000 0.000000  0.000000 0.000000 1.000000
2451545.142049  1.0066602609e+00  1.000000 0.000000 0.000000  0.000000 0.000000 1.000000
2451545.142716  1.0188579735e+00  1.000000 0.000000 0.000000  0.000000 0.000000 1.000000
2451545.143383  1.0346828550e+00  1.000000 0.000000 0.000000  0.000000 0.000000 1.000000
2451545.144050  1.0448236975e+00  1.000000 0.000000 0.000000  0.000000 0.000000 1.000000
2451545.144716  1.0536141534e+00  1.000000 0.000000 0.000000  0.000000 0.000000 1.000000
2451545.145383  1.0665967641e+00  1.000000 0.000000 0.000000  0.000000 0.000000 1.000000
2451545.146050  1.0739554031e+00  1.000000 0.000000 0.000000  0.000000 0.000000 1.000000
2451545.146717  1.0801614509e+00  1.000000 0.000000 0.000000  0.000000 0.000000 1.000000
2451545.147384  1.0892585272e+00  1.000000 0.000000 0.000000  0.000000 0.000000 1.000000
2451545.148051  1.0937409661e+00  1.000000 0.000000 0.000000  0.000000 0.000000 1.000000
2451545.148718  1.0970582473e+00  1.000000 0.000000 0.000000  0.000000 0.000000 1.000000
2451545.149385  1.1014343743e+00  1.000000 0.000000 0.000000  0.000000 0.000000 1.000000
2451545.150052  1.1024834183e+00  1.000000 0.000000 0.000000  0.000000 0.000000 1.000000
2451545.150718  1.1051314125e+00  1.000000 0.000000 0.000000  0.000000 0.000000 1.000000
2451545.151385  1.1072656917e+00  1.000000 0.000000 0.000000  0.000000 0.000000 1.000000
2451545.152052  1.1097244357e+00  1.000000 0.000000 0.000000  0.000000 0.000000 1.000000
2451545.152719  1.1115606397e+00  1.000000 0.000000 0.000000  0.000000 0.000000 1.000000
2451545.153386  1.1143652114e+00  1.000000 0.000000 0.000000  0.000000 0.000000 1.000000
2451545.154053  1.1163718159e+00  1.000000 0.000000 0.000000  0.000000 0.000000 1.000000
2451545.154720  1.1183020166e+00  1.000000 0.000000 0.000000  0.000000 0.000000 1.000000
2451545.155387  1.1210603439e+00  1.000000 0.000000 0.000000  0.000000 0.000000 1.000000
2451545.156054  1.1231772815e+00  1.000000 0.000000 0.000000  0.000000 0.000000 1.000000
2451545.156721  1.1246425250e+00  1.000000 0.000000 0.000000  0.000000 0.000000 1.000000
2451545.157387  1.1275647183e+00  1.000000 0.000000 0.000000  0.000000 0.000000 1.000000
2451545.158054  1.1289950272e+00  1.000000 0.000000 0.000000  0.000000 0.000000 1.000000
2451545.158721  1.1296339035e+00  1.000000 0.000000 0.000000  0.000000 0.000000 1.000000
2451545.159388  1.1324171123e+00  1.000000 0.000000 0.000000  0.000000 0.000000 1.000000
2451545.160055  1.1348386597e+00  1.000000 0.000000 0.000000  0.000000 0.000000 1.000000
2451545.160722  1.1370224506e+00  1.000000 0.000000 0.000000  0.000000 0.000000 1.000000
2451545.161389  1.1402877069e+00  1.000000 0.000000 0.000000  0.000000 0.000000 1.000000
2451545.162056  1.1423332673e+00  1.000000 0.000000 0.000000  0.000000 0.000000 1.000000
2451545.162723  1.1461876369e+00  1.000000 0.000000 0.000000  0.000000 0.000000 1.000000
2451545.163389  1.1522061939e+00  1.000000 0.000000 0.000000  0.000000 0.000000 1.000000
2451545.164056  1.1567763463e+00  1.000000 0.000000 0.000000  0.000000 0.000000 1.000000
2451545.164723  1.1601071992e+00  1.000000 0.000000 0.000000  0.000000 0.000000 1.000000
2451545.165390  1.1654383735e+00  1.000000 0.000000 0.000000  0.000000 0.000000 1.000000
2451545.166057  1.1702588488e+00  1.000000 0.000000 0.000000  0.000000 0.000000 1.000000
2451545.166724  1.1736047814e+00  1.000000 0.000000 0.000000  0.000000 0.000000 1.000000
2451545.167391  1.1783842902e+00  1.000000 0.000000 0.000000  0.000000 0.000000 1.000000
2451545.168058  1.1812172619e+00  1.000000 0.000000 0.000000  0.000000 0.000000 1.000000
2451545.168725  1.1845606813e+00  1.000000 0.000000 0.000000  0.000000 0.000000 1.000000
2451545.169392  1.1878633854e+00  1.000000 0.000000 0.000000  0.000000 0.000000 1.000000
2451545.170058  1.1901605254e+00  1.000000 0.000000 0.000000  0.000000 0.000000 1.000000
2451545.170725  1.1913490566e+00  1.000000 0.000000 0.000000  0.000000 0.000000 1.000000
2451545.171392  1.1935544617e+00  1.000000 0.000000 0.000000  0.000000 0.000000 1.000000
2451545.172059  1.1961383672e+00  1.000000 0.000000 0.000000  0.000000 0.000000 1.000000
2451545.172726  1.1974299429e+00  1.000000 0.000000 0.000000  0.000000 0.000000 1.000000
2451545.173393  1.1969416122e+00  1.000000 0.000000 0.000000  0.000000 0.000000 1.000000
2451545.174060  1.1977383226e+00  1.000000 0.000000 0.000000  0.000000 0.000000 1.000000
2451545.174727  1.1985028631e+00  1.000000 0.000000 0.000000  0.000000 0.000000 1.000000
2451545.175394  1.1984176628e+00  1.000000 0.000000 0.000000  0.000000 0.000000 1.000000
2451545.176061  1.1974804599e+00  1.000000 0.000000 0.000000  0.000000 0.000000 1.000000
2451545.176727  1.1963788883e+00  1.000000 0.000000 0.000000  0.000000 0.000000 1.000000
2451545.177394  1.1947402283e+00  1.000000 0.000000 0.000000  0.000000 0.000000 1.000000
2451545.178061  1.1949154040e+00  1.000000 0.000000 0.000000  0.000000 0.000000 1.000000
2451545.178728  1.1956628542e+00  1.000000 0.000000 0.000000  0.000000 0.000000 1.000000
2451545.179395  1.1941880602e+00  1.000000 0.000000 0.000000  0.000000 0.000000 1.000000
2451545.180062  1.1934818279e+00  1.000000 0.000000 0.000000  0.000000 0.000000 1.000000
2451545.180729  1.1918577449e+00  1.000000 0.000000 0.000000  0.000000 0.000000 1.000000
2451545.181396  1.1907941238e+00  1.000000 0.000000 0.000000  0.000000 0.000000 1.000000
2451545.182063  1.1879360193e+00  1.000000 0.000000 0.000000  0.000000 0.000000 1.000000
2451545.182729  1.1854197211e+00  1.000000 0.000000 0.000000  0.000000 0.000000 1.000000
2451545.183396  1.1833874811e+00  1.000000 0.000000 0.000000  0.000000 0.000000 1.000000
2451545.184063  1.1807972925e+00  1.000000 0.000000 0.000000  0.000000 0.000000 1.000000
2451545.184730  1.1759112205e+00  1.000000 0.000000 0.000000  0.000000 0.000000 1.000000
2451545.185397  1.1731554065e+00  1.000000 0.000000 0.000000  0.000000 0.000000 1.000000
2451545.186064  1.1683530269e+00  1.000000 0.000000 0.000000  0.000000 0.000000 1.000000
2451545.186731  1.1632638817e+00  1.000000 0.000000 0.000000  0.000000 0.000000 1.000000
2451545.187398  1.1599641934e+00  1.000000 0.000000 0.000000  0.000000 0.000000 1.000000
2451545.188065  1.1562601181e+00  1.000000 0.000000 0.000000  0.000000 0.000000 1.000000
2451545.188732  1.1296014822e+00  1.000000 0.000000 0.000000  0.000000 0.000000 1.000000
2451545.189398  1.1299070973e+00  1.000000 0.000000 0.000000  0.000000 0.000000 1.000000
2451545.190065  1.1291390383e+00  1.000000 0.000000 0.000000  0.000000 0.000000 1.000000
2451545.190732  1.1291950845e+00  1.000000 0.000000 0.000000  0.000000 0.000000 1.000000
2451545.191399  1.1286645306e+00  1.000000 0.000000 0.000000  0.000000 0.000000 1.000000
2451545.192066  1.1293345716e+00  1.000000 0.000000 0.000000  0.000000 0.000000 1.000000
2451545.192733  1.1281995734e+00  1.000000 0.000000 0.000000  0.000000 0.000000 1.000000
2451545.193400  1.1265757417e+00  1.000000 0.000000 0.000000  0.000000 0.000000 1.000000
2451545.194067  1.1236392228e+00  1.000000 0.000000 0.000000  0.000000 0.000000 1.000000
2451545.194734  1.1225936974e+00  1.000000 0.000000 0.000000  0.000000 0.000000 1.000000
2451545.195400  1.1205564308e+00  1.000000 0.000000 0.000000  0.000000 0.000000 1.000000
2451545.196067  1.1190620332e+00  1.000000 0.000000 0.000000  0.000000 0.000000 1.000000
2451545.196734  1.1137725794e+00  1.000000 0.000000 0.000000  0.000000 0.000000 1.000000
2451545.197401  1.1121354274e+00  1.000000 0.000000 0.000000  0.000000 0.000000 1.000000
2451545.198068  1.1113884799e+00  1.000000 0.000000 0.000000  0.000000 0.000000 1.000000
2451545.198735  1.1100026561e+00  1.000000 0.000000 0.000000  0.000000 0.000000 1.000000
2451545.199402  1.1087558168e+00  1.000000 0.000000 0.000000  0.000000 0.000000 1.000000
2451545.200069  1.1077404507e+00  1.000000 0.000000 0.000000  0.000000 0.000000 1.000000
2451545.200736  1.1074466481e+00  1.000000 0.000000 0.000000  0.000000 0.000000 1.000000
2451545.201403  1.1070842328e+00  1.000000 0.000000 0.000000  0.000000 0.000000 1.000000
2451545.202069  1.1059072627e+00  1.000000 0.000000 0.000000  0.000000 0.000000 1.000000
2451545.202736  1.1065953994e+00  1.000000 0.000000 0.000000  0.000000 0.000000 1.000000
2451545.203403  1.1049642792e+00  1.000000 0.000000 0.000000  0.000000 0.000000 1.000000
2451545.204070  1.1058997228e+00  1.000000 0.000000 0.000000  0.000000 0.000000 1.000000
2451545.204737  1.1069447456e+00  1.000000 0.000000 0.000000  0.000000 0.000000 1.000000
2451545.205404  1.1076198132e+00  1.000000 0.000000 0.000000  0.000000 0.000000 1.000000
2451545.206071  1.1082044026e+00  1.000000 0.000000 0.000000  0.000000 0.000000 1.000000
2451545.206738  1.1080189224e+00  1.000000 0.000000 0.000000  0.000000 0.000000 1.000000
2451545.207405  1.1089714564e+00  1.000000 0.000000 0.000000  0.000000 0.000000 1.000000
2451545.208072  1.1121668434e+00  1.000000 0.000000 0.000000  0.000000 0.000000 1.000000
2451545.208738  1.1127119743e+00  1.000000 0.000000 0.000000  0.000000 0.000000 1.000000
2451545.209405  1.1127112203e+00  1.000000 0.000000 0.000000  0.000000 0.000000 1.000000
2451545.210072  1.1146916867e+00  1.000000 0.000000 0.000000  0.000000 0.000000 1.000000
2451545.210739  1.1170280339e+00  1.000000 0.000000 0.000000  0.000000 0.000000 1.000000
2451545.211406  1.1200786558e+00  1.000000 0.000000 0.000000  0.000000 0.000000 1.000000
2451545.212073  1.1236005182e+00  1.000000 0.000000 0.000000  0.000000 0.000000 1.000000
2451545.212740  1.1253251325e+00  1.000000 0.000000 0.000000  0.000000 0.000000 1.000000
2451545.213407  1.1277147612e+00  1.000000 0.000000 0.000000  0.000000 0.000000 1.000000
2451545.214074  1.1303547129e+00  1.000000 0.000000 0.000000  0.000000 0.000000 1.000000
2451545.214740  1.1311094515e+00  1.000000 0.000000 0.000000  0.000000 0.000000 1.000000
2451545.215407  1.1319805552e+00  1.000000 0.000000 0.000000  0.000000 0.000000 1.000000
2451545.216074  1.1330544807e+00  1.000000 0.000000 0.000000  0.000000 0.000000 1.000000
2451545.216741  1.1334299650e+00  1.000000 0.000000 0.000000  0.000000 0.000000 1.000000
2451545.217408  1.1280615942e+00  1.000000 0.000000 0.000000  0.000000 0.000000 1.000000
2451545.218075  1.1165040145e+00  1.000000 0.000000 0.000000  0.000000 0.000000 1.000000
2451545.218742  1.1047081757e+00  1.000000 0.000000 0.000000  0.000000 0.000000 1.000000
2451545.219409  1.0924255142e+00  1.000000 0.000000 0.000000  0.000000 0.000000 1.000000
2451545.220076  1.0730352905e+00  1.000000 0.000000 0.000000  0.000000 0.000000 1.000000
2451545.220743  1.0561641296e+00  1.000000 0.000000 0.000000  0.000000 0.000000 1.000000
2451545.221409  1.0423589216e+00  1.000000 0.000000 0.000000  0.000000 0.000000 1.000000
2451545.222076  1.0197936685e+00  1.000000 0.000000 0.000000  0.000000 0.000000 1.000000
2451545.222743  1.0055571813e+00  1.000000 0.000000 0.000000  0.000000 0.000000 1.000000
2451545.223410  9.9030382015e-01  1.000000 0.000000 0.000000  0.000000 0.000000 1.000000
2451545.224077  9.6262378636e-01  1.000000 0.000000 0.000000  0.000000 0.000000 1.000000
2451545.224744  9.4435498919e-01  1.000000 0.000000 0.000000  0.000000 0.000000 1.000000
2451545.225411  9.2706059154e-01  1.000000 0.000000 0.000000  0.000000 0.000000 1.000000
2451545.226078  8.9837273157e-01  1.000000 0.000000 0.000000  0.000000 0.000000 1.000000
2451545.226745  8.7961183374e-01  1.000000 0.000000 0.000000  0.000000 0.000000 1.000000
2451545.227411  8.6135635697e-01  1.000000 0.000000 0.000000  0.000000 0.000000 1.000000
2451545.228078  8.3280446557e-01  1.000000 0.000000 0.000000  0.000000 0.000000 1.000000
2451545.228745  8.1495840247e-01  1.000000 0.000000 0.000000  0.000000 0.000000 1.000000
2451545.229412  7.9574360587e-01  1.000000 0.000000 0.000000  0.000000 0.000000 1.000000
2451545.230079  7.6845539278e-01  1.000000 0.000000 0.000000  0.000000 0.000000 1.000000
2451545.230746  7.4929211847e-01  1.000000 0.000000 0.000000  0.000000 0.000000 1.000000
2451545.231413  7.3173156423e-01  1.000000 0.000000 0.000000  0.000000 0.000000 1.000000
2451545.232080  7.0716724641e-01  1.000000 0.000000 0.000000  0.000000 0.000000 1.000000
2451545.232747  6.9036319012e-01  1.000000 0.000000 0.000000  0.000000 0.000000 1.000000
2451545.233414  6.7559740571e-01  1.000000 0.000000 0.000000  0.000000 0.000000 1.000000
2451545.234080  6.5456249013e-01  1.000000 0.000000 0.000000  0.000000 0.000000 1.000000
2451545.234747  6.4140420103e-01  1.000000 0.000000 0.000000  0.000000 0.000000 1.000000
2451545.235414  6.2793652690e-01  1.000000 0.000000 0.000000  0.000000 0.000000 1.000000
2451545.236081  6.0890469725e-01  1.000000 0.000000 0.000000  0.000000 0.000000 1.000000
2451545.236748  6.0052013641e-01  1.000000 0.000000 0.000000  0.000000 0.000000 1.000000
2451545.237415  5.9439200036e-01  1.000000 0.000000 0.000000  0.000000 0.000000 1.000000
2451545.238082  5.8620196757e-01  1.000000 0.000000 0.000000  0.000000 0.000000 1.000000
2451545.238749  5.8317170319e-01  1.000000 0.000000 0.000000  0.000000 0.000000 1.000000
2451545.239416  5.7962320002e-01  1.000000 0.000000 0.000000  0.000000 0.000000 1.000000
360  1
2451545.000000  5.8693594830e-01  1.000000 0.000000 0.000000  0.000000 0.000000 -1.000000
2451545.000667  6.0015726393e-01  1.000000 0.000000 0.000000  0.000000 0.000000 -1.000000
2451545.001334  6.1369064194e-01  1.000000 0.000000 0.000000  0.000000 0.000000 -1.000000
2451545.002001  6.3450051013e-01  1.000000 0.000000 0.000000  0.000000 0.000000 -1.000000
2451545.002668  6.4693260835e-01  1.000000 0.000000 0.000000  0.000000 0.000000 -1.000000
2451545.003334  6.5874654006e-01  1.000000 0.000000 0.000000  0.000000 0.000000 -1.000000
2451545.004001  6.7396212542e-01  1.000000 0.000000 0.000000  0.000000 0.000000 -1.000000
2451545.004668  6.8419265711e-01  1.000000 0.000000 0.000000  0.000000 0.000000 -1.000000
2451545.005335  6.9471067348e-01  1.000000 0.000000 0.000000  0.000000 0.000000 -1.000000
2451545.006002  7.1362706536e-01  1.000000 0.000000 0.000000  0.000000 0.000000 -1.000000
2451545.006669  7.2709564760e-01  1.000000 0.000000 0.000000  0.000000 0.000000 -1.000000
2451545.007336  7.4093885364e-01  1.000000 0.000000 0.000000  0.000000 0.000000 -1.000000
2451545.008003  7.6300665345e-01  1.000000 0.000000 0.000000  0.000000 0.000000 -1.000000
2451545.008670  7.7677389204e-01  1.000000 0.000000 0.000000  0.000000 0.000000 -1.000000
2451545.009337  7.9260863695e-01  1.000000 0.000000 0.000000  0.000000 0.000000 -1.000000
2451545.010003  8.1131574595e-01  1.000000 0.000000 0.000000  0.000000 0.000000 -1.000000
2451545.010670  8.2238762958e-01  1.000000 0.000000 0.000000  0.000000 0.000000 -1.000000
2451545.011337  8.3099032279e-01  1.000000 0.000000 0.000000  0.000000 0.000000 -1.000000
2451545.012004  8.4606638623e-01  1.000000 0.000000 0.000000  0.000000 0.000000 -1.000000
2451545.012671  8.5668569253e-01  1.000000 0.000000 0.000000  0.000000 0.000000 -1.000000
2451545.013338  8.6886928284e-01  1.000000 0.000000 0.000000  0.000000 0.000000 -1.000000
2451545.014005  8.8799669542e-01  1.000000 0.000000 0.000000  0.000000 0.000000 -1.000000
2451545.014672  8.9958098696e-01  1.000000 0.000000 0.000000  0.000000 0.000000 -1.000000
2451545.015339  9.1207241924e-01  1.000000 0.000000 0.000000  0.000000 0.000000 -1.000000
2451545.016006  9.3027804376e-01  1.000000 0.000000 0.000000  0.000000 0.000000 -1.000000
2451545.016672  9.4047853603e-01  1.000000 0.000000 0.000000  0.000000 0.000000 -1.000000
2451545.017339  9.5144217846e-01  1.000000 0.000000 0.000000  0.000000 0.000000 -1.000000
2451545.018006  9.6599540708e-01  1.000000 0.000000 0.000000  0.000000 0.000000 -1.000000
2451545.018673  9.7640667180e-01  1.000000 0.000000 0.000000  0.000000 0.000000 -1.000000
2451545.019340  9.8603517386e-01  1.000000 0.000000 0.000000  0.000000 0.000000 -1.000000
2451545.020007  9.9894144800e-01  1.000000 0.000000 0.000000  0.000000 0.000000 -1.000000
2451545.020674  1.0076042200e+00  1.000000 0.000000 0.000000  0.000000 0.000000 -1.000000
2451545.021341  1.0170596851e+00  1.000000 0.000000 0.000000  0.000000 0.000000 -1.000000
2451545.022008  1.0297437669e+00  1.000000 0.000000 0.000000  0.000000 0.000000 -1.000000
2451545.022674  1.0374708483e+00  1.000000 0.000000 0.000000  0.000000 0.000000 -1.000000
2451545.023341  1.0439439703e+00  1.000000 0.000000 0.000000  0.000000 0.000000 -1.000000
2451545.024008  1.0532837464e+00  1.000000 0.000000 0.000000  0.000000 0.000000 -1.000000
2451545.024675  1.0587903936e+00  1.000000 0.000000 0.000000  0.000000 0.000000 -1.000000
2451545.025342  1.0633256008e+00  1.000000 0.000000 0.000000  0.000000 0.000000 -1.000000
2451545.026009  1.0720906558e+00  1.000000 0.000000 0.000000  0.000000 0.000000 -1.000000
2451545.026676  1.0758378868e+00  1.000000 0.000000 0.000000  0.000000 0.000000 -1.000000
2451545.027343  1.0796615819e+00  1.000000 0.000000 0.000000  0.000000 0.000000 -1.000000
2451545.028010  1.0833837387e+00  1.000000 0.000000 0.000000  0.000000 0.000000 -1.000000
2451545.028677  1.0849785587e+00  1.000000 0.000000 0.000000  0.000000 0.000000 -1.000000
2451545.029343  1.0862523789e+00  1.000000 0.000000 0.000000  0.000000 0.000000 -1.000000
2451545.030010  1.0875237166e+00  1.000000 0.000000 0.000000  0.000000 0.000000 -1.000000
2451545.030677  1.0887017086e+00  1.000000 0.000000 0.000000  0.000000 0.000000 -1.000000
2451545.031344  1.0904782546e+00  1.000000 0.000000 0.000000  0.000000 0.000000 -1.000000
2451545.032011  1.0918769494e+00  1.000000 0.000000 0.000000  0.000000 0.000000 -1.000000
2451545.032678  1.0915638940e+00  1.000000 0.000000 0.000000  0.000000 0.000000 -1.000000
2451545.033345  1.0924645800e+00  1.000000 0.000000 0.000000  0.000000 0.000000 -1.000000
2451545.034012  1.0924901508e+00  1.000000 0.000000 0.000000  0.000000 0.000000 -1.000000
2451545.034679  1.0944317894e+00  1.000000 0.000000 0.000000  0.000000 0.000000 -1.000000
2451545.035345  1.0944873996e+00  1.000000 0.000000 0.000000  0.000000 0.000000 -1.000000
2451545.036012  1.0939948525e+00  1.000000 0.000000 0.000000  0.000000 0.000000 -1.000000
2451545.036679  1.0946003577e+00  1.000000 0.000000 0.000000  0.000000 0.000000 -1.000000
2451545.037346  1.0940256367e+00  1.000000 0.000000 0.000000  0.000000 0.000000 -1.000000
2451545.038013  1.0934504191e+00  1.000000 0.000000 0.000000  0.000000 0.000000 -1.000000
2451545.038680  1.0924839443e+00  1.000000 0.000000 0.000000  0.000000 0.000000 -1.000000
2451545.039347  1.0921368773e+00  1.000000 0.000000 0.000000  0.000000 0.000000 -1.000000
2451545.040014  1.0921259539e+00  1.000000 0.000000 0.000000  0.000000 0.000000 -1.000000
2451545.040681  1.0921162717e+00  1.000000 0.000000 0.000000  0.000000 0.000000 -1.000000
2451545.041348  1.0914839544e+00  1.000000 0.000000 0.000000  0.000000 0.000000 -1.000000
2451545.042014  1.0893474319e+00  1.000000 0.000000 0.000000  0.000000 0.000000 -1.000000
2451545.042681  1.0898707633e+00  1.000000 0.000000 0.000000  0.000000 0.000000 -1.000000
2451545.043348  1.0884072726e+00  1.000000 0.000000 0.000000  0.000000 0.000000 -1.000000
2451545.044015  1.0870232251e+00  1.000000 0.000000 0.000000  0.000000 0.000000 -1.000000
2451545.044682  1.0865500422e+00  1.000000 0.000000 0.000000  0.000000 0.000000 -1.000000
2451545.045349  1.0851088950e+00  1.000000 0.000000 0.000000  0.000000 0.000000 -1.000000
2451545.046016  1.0843809977e+00  1.000000 0.000000 0.000000  0.000000 0.000000 -1.000000
2451545.046683  1.0833671053e+00  1.000000 0.000000 0.000000  0.000000 0.000000 -1.000000
2451545.047350  1.0829465535e+00  1.000000 0.000000 0.000000  0.000000 0.000000 -1.000000
2451545.048017  1.0849912199e+00  1.000000 0.000000 0.000000  0.000000 0.000000 -1.000000
2451545.048683  1.0864743231e+00  1.000000 0.000000 0.000000  0.000000 0.000000 -1.000000
2451545.049350  1.0889544369e+00  1.000000 0.000000 0.000000  0.000000 0.000000 -1.000000
2451545.050017  1.0906239830e+00  1.000000 0.000000 0.000000  0.000000 0.000000 -1.000000
2451545.050684  1.0918451722e+00  1.000000 0.000000 0.000000  0.000000 0.000000 -1.000000
2451545.051351  1.0946805456e+00  1.000000 0.000000 0.000000  0.000000 0.000000 -1.000000
2451545.052018  1.0964791867e+00  1.000000 0.000000 0.000000  0.000000 0.000000 -1.000000
2451545.052685  1.0984873590e+00  1.000000 0.000000 0.000000  0.000000 0.000000 -1.000000
2451545.053352  1.0998411188e+00  1.000000 0.000000 0.000000  0.000000 0.000000 -1.000000
2451545.054019  1.0993977271e+00  1.000000 0.000000 0.000000  0.000000 0.000000 -1.000000
2451545.054685  1.1012110156e+00  1.000000 0.000000 0.000000  0.000000 0.000000 -1.000000
2451545.055352  1.1036357675e+00  1.000000 0.000000 0.000000  0.000000 0.000000 -1.000000
2451545.056019  1.1047534324e+00  1.000000 0.000000 0.000000  0.000000 0.000000 -1.000000
2451545.056686  1.1046295509e+00  1.000000 0.000000 0.000000  0.000000 0.000000 -1.000000
2451545.057353  1.1049242351e+00  1.000000 0.000000 0.000000  0.000000 0.000000 -1.000000
2451545.058020  1.1056317751e+00  1.000000 0.000000 0.000000  0.000000 0.000000 -1.000000
2451545.058687  1.1071685023e+00  1.000000 0.000000 0.000000  0.000000 0.000000 -1.000000
2451545.059354  1.1074477944e+00  1.000000 0.000000 0.000000  0.000000 0.000000 -1.000000
2451545.060021  1.1063984008e+00  1.000000 0.000000 0.000000  0.000000 0.000000 -1.000000
2451545.060688  1.1058420510e+00  1.000000 0.000000 0.000000  0.000000 0.000000 -1.000000
2451545.061354  1.1061995449e+00  1.000000 0.000000 0.000000  0.000000 0.000000 -1.000000
2451545.062021  1.1065927881e+00  1.000000 0.000000 0.000000  0.000000 0.000000 -1.000000
2451545.062688  1.1058626565e+00  1.000000 0.000000 0.000000  0.000000 0.000000 -1.000000
2451545.063355  1.1046248339e+00  1.000000 0.000000 0.000000  0.000000 0.000000 -1.000000
2451545.064022  1.1047382886e+00  1.000000 0.000000 0.000000  0.000000 0.000000 -1.000000
2451545.064689  1.1036660552e+00  1.000000 0.000000 0.000000  0.000000 0.000000 -1.000000
2451545.065356  1.1033192365e+00  1.000000 0.000000 0.000000  0.000000 0.000000 -1.000000
2451545.066023  1.1018443259e+00  1.000000 0.000000 0.000000  0.000000 0.000000 -1.000000
2451545.066690  1.1006909116e+00  1.000000 0.000000 0.000000  0.000000 0.000000 -1.000000
2451545.067356  1.0984009646e+00  1.000000 0.000000 0.000000  0.000000 0.000000 -1.000000
2451545.068023  1.0974059400e+00  1.000000 0.000000 0.000000  0.000000 0.000000 -1.000000
2451545.068690  1.0960293403e+00  1.000000 0.000000 0.000000  0.000000 0.000000 -1.000000
2451545.069357  1.0938096508e+00  1.000000 0.000000 0.000000  0.000000 0.000000 -1.000000
2451545.070024  1.0931467975e+00  1.000000 0.000000 0.000000  0.000000 0.000000 -1.000000
2451545.070691  1.0900549719e+00  1.000000 0.000000 0.000000  0.000000 0.000000 -1.000000
2451545.071358  1.0879335932e+00  1.000000 0.000000 0.000000  0.000000 0.000000 -1.000000
2451545.072025  1.0852518926e+00  1.000000 0.000000 0.000000  0.000000 0.000000 -1.000000
2451545.072692  1.0828211824e+00  1.000000 0.000000 0.000000  0.000000 0.000000 -1.000000
2451545.073359  1.0811141491e+00  1.000000 0.000000 0.000000  0.000000 0.000000 -1.000000
2451545.074025  1.0795473825e+00  1.000000 0.000000 0.000000  0.000000 0.000000 -1.000000
2451545.074692  1.0640860200e+00  1.000000 0.000000 0.000000  0.000000 0.000000 -1.000000
2451545.075359  1.0644906833e+00  1.000000 0.000000 0.000000  0.000000 0.000000 -1.000000
2451545.076026  1.0649633696e+00  1.000000 0.000000 0.000000  0.000000 0.000000 -1.000000
2451545.076693  1.0649373024e+00  1.000000 0.000000 0.000000  0.000000 0.000000 -1.000000
2451545.077360  1.0649052769e+00  1.000000 0.000000 0.000000  0.000000 0.000000 -1.000000
2451545.078027  1.0651808451e+00  1.000000 0.000000 0.000000  0.000000 0.000000 -1.000000
2451545.078694  1.0640485328e+00  1.000000 0.000000 0.000000  0.000000 0.000000 -1.000000
2451545.079361  1.0652585503e+00  1.000000 0.000000 0.000000  0.000000 0.000000 -1.000000
2451545.080028  1.0633519163e+00  1.000000 0.000000 0.000000  0.000000 0.000000 -1.000000
2451545.080694  1.0629383157e+00  1.000000 0.000000 0.000000  0.000000 0.000000 -1.000000
2451545.081361  1.0636359253e+00  1.000000 0.000000 0.000000  0.000000 0.000000 -1.000000
2451545.082028  1.0622657803e+00  1.000000 0.000000 0.000000  0.000000 0.000000 -1.000000
2451545.082695  1.0615833146e+00  1.000000 0.000000 0.000000  0.000000 0.000000 -1.000000
2451545.083362  1.0607081993e+00  1.000000 0.000000 0.000000  0.000000 0.000000 -1.000000
2451545.084029  1.0591029525e+00  1.000000 0.000000 0.000000  0.000000 0.000000 -1.000000
2451545.084696  1.0576906033e+00  1.000000 0.000000 0.000000  0.000000 0.000000 -1.000000
2451545.085363  1.0568005925e+00  1.000000 0.000000 0.000000  0.000000 0.000000 -1.000000
2451545.086030  1.0559227464e+00  1.000000 0.000000 0.000000  0.000000 0.000000 -1.000000
2451545.086696  1.0549808493e+00  1.000000 0.000000 0.000000  0.000000 0.000000 -1.000000
2451545.087363  1.0548008611e+00  1.000000 0.000000 0.000000  0.000000 0.000000 -1.000000
2451545.088030  1.0540732121e+00  1.000000 0.000000 0.000000  0.000000 0.000000 -1.000000
2451545.088697  1.0527961644e+00  1.000000 0.000000 0.000000  0.000000 0.000000 -1.000000
2451545.089364  1.0516097316e+00  1.000000 0.000000 0.000000  0.000000 0.000000 -1.000000
2451545.090031  1.0511325766e+00  1.000000 0.000000 0.000000  0.000000 0.000000 -1.000000
2451545.090698  1.0500598466e+00  1.000000 0.000000 0.000000  0.000000 0.000000 -1.000000
2451545.091365  1.0498515568e+00  1.000000 0.000000 0.000000  0.000000 0.000000 -1.000000
2451545.092032  1.0482440756e+00  1.000000 0.000000 0.000000  0.000000 0.000000 -1.000000
2451545.092699  1.0487232167e+00  1.000000 0.000000 0.000000  0.000000 0.000000 -1.000000
2451545.093365  1.0484910939e+00  1.000000 0.000000 0.000000  0.000000 0.000000 -1.000000
2451545.094032  1.0496904363e+00  1.000000 0.000000 0.000000  0.000000 0.000000 -1.000000
2451545.094699  1.0504657512e+00  1.000000 0.000000 0.000000  0.000000 0.000000 -1.000000
2451545.095366  1.0501891899e+00  1.000000 0.000000 0.000000  0.000000 0.000000 -1.000000
2451545.096033  1.0503518000e+00  1.000000 0.000000 0.000000  0.000000 0.000000 -1.000000
2451545.096700  1.0471346033e+00  1.000000 0.000000 0.000000  0.000000 0.000000 -1.000000
2451545.097367  1.0422950297e+00  1.000000 0.000000 0.000000  0.000000 0.000000 -1.000000
2451545.098034  1.0364750789e+00  1.000000 0.000000 0.000000  0.000000 0.000000 -1.000000
2451545.098701  1.0241050456e+00  1.000000 0.000000 0.000000  0.000000 0.000000 -1.000000
2451545.099367  1.0144326016e+00  1.000000 0.000000 0.000000  0.000000 0.000000 -1.000000
2451545.100034  1.0042410466e+00  1.000000 0.000000 0.000000  0.000000 0.000000 -1.000000
2451545.100701  9.8771762947e-01  1.000000 0.000000 0.000000  0.000000 0.000000 -1.000000
2451545.101368  9.7586943793e-01  1.000000 0.000000 0.000000  0.000000 0.000000 -1.000000
2451545.102035  9.6466448713e-01  1.000000 0.000000 0.000000  0.000000 0.000000 -1.000000
2451545.102702  9.4729723543e-01  1.000000 0.000000 0.000000  0.000000 0.000000 -1.000000
2451545.103369  9.3489269403e-01  1.000000 0.000000 0.000000  0.000000 0.000000 -1.000000
2451545.104036  9.1751849106e-01  1.000000 0.000000 0.000000  0.000000 0.000000 -1.000000
2451545.104703  9.0500645323e-01  1.000000 0.000000 0.000000  0.000000 0.000000 -1.000000
2451545.105370  8.9153787099e-01  1.000000 0.000000 0.000000  0.000000 0.000000 -1.000000
2451545.106036  8.7090501193e-01  1.000000 0.000000 0.000000  0.000000 0.000000 -1.000000
2451545.106703  8.5615019647e-01  1.000000 0.000000 0.000000  0.000000 0.000000 -1.000000
2451545.107370  8.3996987413e-01  1.000000 0.000000 0.000000  0.000000 0.000000 -1.000000
2451545.108037  8.1516501174e-01  1.000000 0.000000 0.000000  0.000000 0.000000 -1.000000
2451545.108704  7.9842163653e-01  1.000000 0.000000 0.000000  0.000000 0.000000 -1.000000
2451545.109371  7.8307720442e-01  1.000000 0.000000 0.000000  0.000000 0.000000 -1.000000
2451545.110038  7.5886121390e-01  1.000000 0.000000 0.000000  0.000000 0.000000 -1.000000
2451545.110705  7.4232265290e-01  1.000000 0.000000 0.000000  0.000000 0.000000 -1.000000
2451545.111372  7.2465649659e-01  1.000000 0.000000 0.000000  0.000000 0.000000 -1.000000
2451545.112039  6.9954031660e-01  1.000000 0.000000 0.000000  0.000000 0.000000 -1.000000
2451545.112705  6.8236124572e-01  1.000000 0.000000 0.000000  0.000000 0.000000 -1.000000
2451545.113372  6.6603569149e-01  1.000000 0.000000 0.000000  0.000000 0.000000 -1.000000
2451545.114039  6.4560069536e-01  1.000000 0.000000 0.000000  0.000000 0.000000 -1.000000
2451545.114706  6.3621226038e-01  1.000000 0.000000 0.000000  0.000000 0.000000 -1.000000
2451545.115373  6.2897574000e-01  1.000000 0.000000 0.000000  0.000000 0.000000 -1.000000
2451545.116040  6.1867370953e-01  1.000000 0.000000 0.000000  0.000000 0.000000 -1.000000
2451545.116707  6.1252878680e-01  1.000000 0.000000 0.000000  0.000000 0.000000 -1.000000
2451545.117374  6.0773563785e-01  1.000000 0.000000 0.000000  0.000000 0.000000 -1.000000
2451545.118041  6.0515125495e-01  1.000000 0.000000 0.000000  0.000000 0.000000 -1.000000
2451545.118707  6.0517037094e-01  1.000000 0.000000 0.000000  0.000000 0.000000 -1.000000
2451545.119374  6.0571306652e-01  1.000000 0.000000 0.000000  0.000000 0.000000 -1.000000
2451545.120041  6.1054469572e-01  1.000000 0.000000 0.000000  0.000000 0.000000 -1.000000
2451545.120708  6.1909897830e-01  1.000000 0.000000 0.000000  0.000000 0.000000 -1.000000
2451545.121375  6.2787470848e-01  1.000000 0.000000 0.000000  0.000000 0.000000 -1.000000
2451545.122042  6.4234154275e-01  1.000000 0.000000 0.000000  0.000000 0.000000 -1.000000
2451545.122709  6.5089731488e-01  1.000000 0.000000 0.000000  0.000000 0.000000 -1.000000
2451545.123376  6.6116607856e-01  1.000000 0.000000 0.000000  0.000000 0.000000 -1.000000
2451545.124043  6.7830915180e-01  1.000000 0.000000 0.000000  0.000000 0.000000 -1.000000
2451545.124710  6.8922289403e-01  1.000000 0.000000 0.000000  0.000000 0.000000 -1.000000
2451545.125376  7.0097575387e-01  1.000000 0.000000 0.000000  0.000000 0.000000 -1.000000
2451545.126043  7.1915481461e-01  1.000000 0.000000 0.000000  0.000000 0.000000 -1.000000
2451545.126710  7.3076393211e-01  1.000000 0.000000 0.000000  0.000000 0.000000 -1.000000
2451545.127377  7.4345819251e-01  1.000000 0.000000 0.000000  0.000000 0.000000 -1.000000
2451545.128044  7.6261092758e-01  1.000000 0.000000 0.000000  0.000000 0.000000 -1.000000
2451545.128711  7.7475082420e-01  1.000000 0.000000 0.000000  0.000000 0.000000 -1.000000
2451545.129378  7.8847536213e-01  1.000000 0.000000 0.000000  0.000000 0.000000 -1.000000
2451545.130045  8.0716484470e-01  1.000000 0.000000 0.000000  0.000000 0.000000 -1.000000
2451545.130712  8.1898448638e-01  1.000000 0.000000 0.000000  0.000000 0.000000 -1.000000
2451545.131378  8.3159260069e-01  1.000000 0.000000 0.000000  0.000000 0.000000 -1.000000
2451545.132045  8.5135655099e-01  1.000000 0.000000 0.000000  0.000000 0.000000 -1.000000
2451545.132712  8.6459201743e-01  1.000000 0.000000 0.000000  0.000000 0.000000 -1.000000
2451545.133379  8.7784610333e-01  1.000000 0.000000 0.000000  0.000000 0.000000 -1.000000
2451545.134046  8.9795960322e-01  1.000000 0.000000 0.000000  0.000000 0.000000 -1.000000
2451545.134713  9.1085495394e-01  1.000000 0.000000 0.000000  0.000000 0.000000 -1.000000
2451545.135380  9.2522422217e-01  1.000000 0.000000 0.000000  0.000000 0.000000 -1.000000
2451545.136047  9.4419200380e-01  1.000000 0.000000 0.000000  0.000000 0.000000 -1.000000
2451545.136714  9.5669584906e-01  1.000000 0.000000 0.000000  0.000000 0.000000 -1.000000
2451545.137381  9.7340347488e-01  1.000000 0.000000 0.000000  0.000000 0.000000 -1.000000
2451545.138047  9.8412158852e-01  1.000000 0.000000 0.000000  0.000000 0.000000 -1.000000
2451545.138714  9.9673839191e-01  1.000000 0.000000 0.000000  0.000000 0.000000 -1.000000
2451545.139381  1.0140490404e+00  1.000000 0.000000 0.000000  0.000000 0.000000 -1.000000
2451545.140048  1.0249051864e+00  1.000000 0.000000 0.000000  0.000000 0.000000 -1.000000
2451545.140715  1.0355234997e+00  1.000000 0.000000 0.000000  0.000000 0.000000 -1.000000
2451545.141382  1.0507405746e+00  1.000000 0.000000 0.000000  0.000000 0.000000 -1.000000
2451545.142049  1.0620674209e+00  1.000000 0.000000 0.000000  0.000000 0.000000 -1.000000
2451545.142716  1.0741839811e+00  1.000000 0.000000 0.000000  0.000000 0.000000 -1.000000
2451545.143383  1.0901651992e+00  1.000000 0.000000 0.000000  0.000000 0.000000 -1.000000
2451545.144050  1.1006032759e+00  1.000000 0.000000 0.000000  0.000000 0.000000 -1.000000
2451545.144716  1.1107099261e+00  1.000000 0.000000 0.000000  0.000000 0.000000 -1.000000
2451545.145383  1.1223150714e+00  1.000000 0.000000 0.000000  0.000000 0.000000 -1.000000
2451545.146050  1.1284406299e+00  1.000000 0.000000 0.000000  0.000000 0.000000 -1.000000
2451545.146717  1.1332332823e+00  1.000000 0.000000 0.000000  0.000000 0.000000 -1.000000
2451545.147384  1.1392605300e+00  1.000000 0.000000 0.000000  0.000000 0.000000 -1.000000
2451545.148051  1.1436887373e+00  1.000000 0.000000 0.000000  0.000000 0.000000 -1.000000
2451545.148718  1.1463319577e+00  1.000000 0.000000 0.000000  0.000000 0.000000 -1.000000
2451545.149385  1.1501789892e+00  1.000000 0.000000 0.000000  0.000000 0.000000 -1.000000
2451545.150052  1.1520732102e+00  1.000000 0.000000 0.000000  0.000000 0.000000 -1.000000
2451545.150718  1.1547161824e+00  1.000000 0.000000 0.000000  0.000000 0.000000 -1.000000
2451545.151385  1.1581578059e+00  1.000000 0.000000 0.000000  0.000000 0.000000 -1.000000
2451545.152052  1.1590602297e+00  1.000000 0.000000 0.000000  0.000000 0.000000 -1.000000
2451545.152719  1.1605001356e+00  1.000000 0.000000 0.000000  0.000000 0.000000 -1.000000
2451545.153386  1.1620398419e+00  1.000000 0.000000 0.000000  0.000000 0.000000 -1.000000
2451545.154053  1.1618817005e+00  1.000000 0.000000 0.000000  0.000000 0.000000 -1.000000
2451545.154720  1.1640964248e+00  1.000000 0.000000 0.000000  0.000000 0.000000 -1.000000
2451545.155387  1.1645897167e+00  1.000000 0.000000 0.000000  0.000000 0.000000 -1.000000
2451545.156054  1.1638288009e+00  1.000000 0.000000 0.000000  0.000000 0.000000 -1.000000
2451545.156721  1.1640028310e+00  1.000000 0.000000 0.000000  0.000000 0.000000 -1.000000
2451545.157387  1.1625306513e+00  1.000000 0.000000 0.000000  0.000000 0.000000 -1.000000
2451545.158054  1.1628474306e+00  1.000000 0.000000 0.000000  0.000000 0.000000 -1.000000
2451545.158721  1.1617727146e+00  1.000000 0.000000 0.000000  0.000000 0.000000 -1.000000
2451545.159388  1.1596168278e+00  1.000000 0.000000 0.000000  0.000000 0.000000 -1.000000
2451545.160055  1.1593469696e+00  1.000000 0.000000 0.000000  0.000000 0.000000 -1.000000
2451545.160722  1.1576041869e+00  1.000000 0.000000 0.000000  0.000000 0.000000 -1.000000
2451545.161389  1.1549999432e+00  1.000000 0.000000 0.000000  0.000000 0.000000 -1.000000
2451545.162056  1.1523165047e+00  1.000000 0.000000 0.000000  0.000000 0.000000 -1.000000
2451545.162723  1.1507331047e+00  1.000000 0.000000 0.000000  0.000000 0.000000 -1.000000
2451545.163389  1.1473825925e+00  1.000000 0.000000 0.000000  0.000000 0.000000 -1.000000
2451545.164056  1.1438952893e+00  1.000000 0.000000 0.000000  0.000000 0.000000 -1.000000
2451545.164723  1.1409318139e+00  1.000000 0.000000 0.000000  0.000000 0.000000 -1.000000
2451545.165390  1.1375170025e+00  1.000000 0.000000 0.000000  0.000000 0.000000 -1.000000
2451545.166057  1.1354842525e+00  1.000000 0.000000 0.000000  0.000000 0.000000 -1.000000
2451545.166724  1.1314391099e+00  1.000000 0.000000 0.000000  0.000000 0.000000 -1.000000
2451545.167391  1.1272134825e+00  1.000000 0.000000 0.000000  0.000000 0.000000 -1.000000
2451545.168058  1.1254493494e+00  1.000000 0.000000 0.000000  0.000000 0.000000 -1.000000
2451545.168725  1.1244317332e+00  1.000000 0.000000 0.000000  0.000000 0.000000 -1.000000
2451545.169392  1.1238937545e+00  1.000000 0.000000 0.000000  0.000000 0.000000 -1.000000
2451545.170058  1.1239744389e+00  1.000000 0.000000 0.000000  0.000000 0.000000 -1.000000
2451545.170725  1.1238647081e+00  1.000000 0.000000 0.000000  0.000000 0.000000 -1.000000
2451545.171392  1.1238743903e+00  1.000000 0.000000 0.000000  0.000000 0.000000 -1.000000
2451545.172059  1.1247033292e+00  1.000000 0.000000 0.000000  0.000000 0.000000 -1.000000
2451545.172726  1.1244873433e+00  1.000000 0.000000 0.000000  0.000000 0.000000 -1.000000
2451545.173393  1.1246638559e+00  1.000000 0.000000 0.000000  0.000000 0.000000 -1.000000
2451545.174060  1.1246055149e+00  1.000000 0.000000 0.000000  0.000000 0.000000 -1.000000
2451545.174727  1.1255570941e+00  1.000000 0.000000 0.000000  0.000000 0.000000 -1.000000
2451545.175394  1.1266161698e+00  1.000000 0.000000 0.000000  0.000000 0.000000 -1.000000
2451545.176061  1.1273038490e+00  1.000000 0.000000 0.000000  0.000000 0.000000 -1.000000
2451545.176727  1.1284535394e+00  1.000000 0.000000 0.000000  0.000000 0.000000 -1.000000
2451545.177394  1.1282373052e+00  1.000000 0.000000 0.000000  0.000000 0.000000 -1.000000
2451545.178061  1.1287238942e+00  1.000000 0.000000 0.000000  0.000000 0.000000 -1.000000
2451545.178728  1.1289885389e+00  1.000000 0.000000 0.000000  0.000000 0.000000 -1.000000
2451545.179395  1.1299326704e+00  1.000000 0.000000 0.000000  0.000000 0.000000 -1.000000
2451545.180062  1.1287057712e+00  1.000000 0.000000 0.000000  0.000000 0.000000 -1.000000
2451545.180729  1.1297129606e+00  1.000000 0.000000 0.000000  0.000000 0.000000 -1.000000
2451545.181396  1.1289172884e+00  1.000000 0.000000 0.000000  0.000000 0.000000 -1.000000
2451545.182063  1.1279691848e+00  1.000000 0.000000 0.000000  0.000000 0.000000 -1.000000
2451545.182729  1.1286936065e+00  1.000000 0.000000 0.000000  0.000000 0.000000 -1.000000
2451545.183396  1.1284587529e+00  1.000000 0.000000 0.000000  0.000000 0.000000 -1.000000
2451545.184063  1.1296054642e+00  1.000000 0.000000 0.000000  0.000000 0.000000 -1.000000
2451545.184730  1.1284381473e+00  1.000000 0.000000 0.000000  0.000000 0.000000 -1.000000
2451545.185397  1.1288770704e+00  1.000000 0.000000 0.000000  0.000000 0.000000 -1.000000
2451545.186064  1.1287194255e+00  1.000000 0.000000 0.000000  0.000000 0.000000 -1.000000
2451545.186731  1.1272715752e+00  1.000000 0.000000 0.000000  0.000000 0.000000 -1.000000
2451545.187398  1.1279205259e+00  1.000000 0.000000 0.000000  0.000000 0.000000 -1.000000
2451545.188065  1.1282929154e+00  1.000000 0.000000 0.000000  0.000000 0.000000 -1.000000
2451545.188732  1.1291278126e+00  1.000000 0.000000 0.000000  0.000000 0.000000 -1.000000
2451545.189398  1.1284103422e+00  1.000000 0.000000 0.000000  0.000000 0.000000 -1.000000
2451545.190065  1.1293651488e+00  1.000000 0.000000 0.000000  0.000000 0.000000 -1.000000
2451545.190732  1.1305766559e+00  1.000000 0.000000 0.000000  0.000000 0.000000 -1.000000
2451545.191399  1.1309803261e+00  1.000000 0.000000 0.000000  0.000000 0.000000 -1.000000
2451545.192066  1.1334976789e+00  1.000000 0.000000 0.000000  0.000000 0.000000 -1.000000
2451545.192733  1.1375763366e+00  1.000000 0.000000 0.000000  0.000000 0.000000 -1.000000
2451545.193400  1.1419005231e+00  1.000000 0.000000 0.000000  0.000000 0.000000 -1.000000
2451545.194067  1.1447987061e+00  1.000000 0.000000 0.000000  0.000000 0.000000 -1.000000
2451545.194734  1.1487353593e+00  1.000000 0.000000 0.000000  0.000000 0.000000 -1.000000
2451545.195400  1.1517733126e+00  1.000000 0.000000 0.000000  0.000000 0.000000 -1.000000
2451545.196067  1.1538393294e+00  1.000000 0.000000 0.000000  0.000000 0.000000 -1.000000
2451545.196734  1.1571300109e+00  1.000000 0.000000 0.000000  0.000000 0.000000 -1.000000
2451545.197401  1.1598060017e+00  1.000000 0.000000 0.000000  0.000000 0.000000 -1.000000
2451545.198068  1.1610135366e+00  1.000000 0.000000 0.000000  0.000000 0.000000 -1.000000
2451545.198735  1.1623476839e+00  1.000000 0.000000 0.000000  0.000000 0.000000 -1.000000
2451545.199402  1.1643201068e+00  1.000000 0.000000 0.000000  0.000000 0.000000 -1.000000
2451545.200069  1.1654196487e+00  1.000000 0.000000 0.000000  0.000000 0.000000 -1.000000
2451545.200736  1.1663133835e+00  1.000000 0.000000 0.000000  0.000000 0.000000 -1.000000
2451545.201403  1.1674931133e+00  1.000000 0.000000 0.000000  0.000000 0.000000 -1.000000
2451545.202069  1.1690708033e+00  1.000000 0.000000 0.000000  0.000000 0.000000 -1.000000
2451545.202736  1.1688046690e+00  1.000000 0.000000 0.000000  0.000000 0.000000 -1.000000
2451545.203403  1.1695348006e+00  1.000000 0.000000 0.000000  0.000000 0.000000 -1.000000
2451545.204070  1.1694508889e+00  1.000000 0.000000 0.000000  0.000000 0.000000 -1.000000
2451545.204737  1.1694563506e+00  1.000000 0.000000 0.000000  0.000000 0.000000 -1.000000
2451545.205404  1.1699104175e+00  1.000000 0.000000 0.000000  0.000000 0.000000 -1.000000
2451545.206071  1.1694441858e+00  1.000000 0.000000 0.000000  0.000000 0.000000 -1.000000
2451545.206738  1.1682952402e+00  1.000000 0.000000 0.000000  0.000000 0.000000 -1.000000
2451545.207405  1.1670901879e+00  1.000000 0.000000 0.000000  0.000000 0.000000 -1.000000
2451545.208072  1.1649449763e+00  1.000000 0.000000 0.000000  0.000000 0.000000 -1.000000
2451545.208738  1.1638844111e+00  1.000000 0.000000 0.000000  0.000000 0.000000 -1.000000
2451545.209405  1.1628553749e+00  1.000000 0.000000 0.000000  0.000000 0.000000 -1.000000
2451545.210072  1.1603976044e+00  1.000000 0.000000 0.000000  0.000000 0.000000 -1.000000
2451545.210739  1.1575572658e+00  1.000000 0.000000 0.000000  0.000000 0.000000 -1.000000
2451545.211406  1.1561923343e+00  1.000000 0.000000 0.000000  0.000000 0.000000 -1.000000
2451545.212073  1.1525881008e+00  1.000000 0.000000 0.000000  0.000000 0.000000 -1.000000
2451545.212740  1.1501477084e+00  1.000000 0.000000 0.000000  0.000000 0.000000 -1.000000
2451545.213407  1.1475253418e+00  1.000000 0.000000 0.000000  0.000000 0.000000 -1.000000
2451545.214074  1.1435648557e+00  1.000000 0.000000 0.000000  0.000000 0.000000 -1.000000
2451545.214740  1.1408272966e+00  1.000000 0.000000 0.000000  0.000000 0.000000 -1.000000
2451545.215407  1.1341262723e+00  1.000000 0.000000 0.000000  0.000000 0.000000 -1.000000
2451545.216074  1.1237050772e+00  1.000000 0.000000 0.000000  0.000000 0.000000 -1.000000
2451545.216741  1.1133819446e+00  1.000000 0.000000 0.000000  0.000000 0.000000 -1.000000
2451545.217408  1.1032546890e+00  1.000000 0.000000 0.000000  0.000000 0.000000 -1.000000
2451545.218075  1.0863094787e+00  1.000000 0.000000 0.000000  0.000000 0.000000 -1.000000
2451545.218742  1.0737073226e+00  1.000000 0.000000 0.000000  0.000000 0.000000 -1.000000
2451545.219409  1.0611225447e+00  1.000000 0.000000 0.000000  0.000000 0.000000 -1.000000
2451545.220076  1.0403648110e+00  1.000000 0.000000 0.000000  0.000000 0.000000 -1.000000
2451545.220743  1.0268542729e+00  1.000000 0.000000 0.000000  0.000000 0.000000 -1.000000
2451545.221409  1.0114917178e+00  1.000000 0.000000 0.000000  0.000000 0.000000 -1.000000
2451545.222076  9.8852199072e-01  1.000000 0.000000 0.000000  0.000000 0.000000 -1.000000
2451545.222743  9.7086824739e-01  1.000000 0.000000 0.000000  0.000000 0.000000 -1.000000
2451545.223410  9.5505832844e-01  1.000000 0.000000 0.000000  0.000000 0.000000 -1.000000
2451545.224077  9.2989547564e-01  1.000000 0.000000 0.000000  0.000000 0.000000 -1.000000
2451545.224744  9.1382264973e-01  1.000000 0.000000 0.000000  0.000000 0.000000 -1.000000
2451545.225411  8.9683250443e-01  1.000000 0.000000 0.000000  0.000000 0.000000 -1.000000
2451545.226078  8.7245464863e-01  1.000000 0.000000 0.000000  0.000000 0.000000 -1.000000
2451545.226745  8.5616037512e-01  1.000000 0.000000 0.000000  0.000000 0.000000 -1.000000
2451545.227411  8.3771071137e-01  1.000000 0.000000 0.000000  0.000000 0.000000 -1.000000
2451545.228078  8.0477087694e-01  1.000000 0.000000 0.000000  0.000000 0.000000 -1.000000
2451545.228745  7.7982773393e-01  1.000000 0.000000 0.000000  0.000000 0.000000 -1.000000
2451545.229412  7.5540469487e-01  1.000000 0.000000 0.000000  0.000000 0.000000 -1.000000
2451545.230079  7.2224266806e-01  1.000000 0.000000 0.000000  0.000000 0.000000 -1.000000
2451545.230746  7.0365546847e-01  1.000000 0.000000 0.000000  0.000000 0.000000 -1.000000
2451545.231413  6.8549229635e-01  1.000000 0.000000 0.000000  0.000000 0.000000 -1.000000
2451545.232080  6.5903601081e-01  1.000000 0.000000 0.000000  0.000000 0.000000 -1.000000
2451545.232747  6.4365359497e-01  1.000000 0.000000 0.000000  0.000000 0.000000 -1.000000
2451545.233414  6.2659393697e-01  1.000000 0.000000 0.000000  0.000000 0.000000 -1.000000
2451545.234080  6.0472052446e-01  1.000000 0.000000 0.000000  0.000000 0.000000 -1.000000
2451545.234747  5.9201161674e-01  1.000000 0.000000 0.000000  0.000000 0.000000 -1.000000
2451545.235414  5.8245659953e-01  1.000000 0.000000 0.000000  0.000000 0.000000 -1.000000
2451545.236081  5.7261806982e-01  1.000000 0.000000 0.000000  0.000000 0.000000 -1.000000
2451545.236748  5.6983929962e-01  1.000000 0.000000 0.000000  0.000000 0.000000 -1.000000
2451545.237415  5.6789989527e-01  1.000000 0.000000 0.000000  0.000000 0.000000 -1.000000
2451545.238082  5.6722835293e-01  1.000000 0.000000 0.000000  0.000000 0.000000 -1.000000
2451545.238749  5.7007266368e-01  1.000000 0.000000 0.000000  0.000000 0.000000 -1.000000
2451545.239416  5.8129251006e-01  1.000000 0.000000 0.000000  0.000000 0.000000 -1.000000
360  1
2451545.000000  6.0464628293e-01  1.000000 0.000000 0.000000  0.707107 0.707107 0.000000
2451545.000667  6.3012536642e-01  1.000000 0.000000 0.000000  0.707107 0.707107 0.000000
2451545.001334  6.6374930650e-01  1.000000 0.000000 0.000000  0.707107 0.707107 0.000000
2451545.002001  7.1075604123e-01  1.000000 0.000000 0.000000  0.707107 0.707107 0.000000
2451545.002668  7.3915108403e-01  1.000000 0.000000 0.000000  0.707107 0.707107 0.000000
2451545.003334  7.6643531389e-01  1.000000 0.000000 0.000000  0.707107 0.707107 0.000000
2451545.004001  8.0927815757e-01  1.000000 0.000000 0.000000  0.707107 0.707107 0.000000
2451545.004668  8.3704456342e-01  1.000000 0.000000 0.000000  0.707107 0.707107 0.000000
2451545.005335  8.6180942372e-01  1.000000 0.000000 0.000000  0.707107 0.707107 0.000000
2451545.006002  8.9768090664e-01  1.000000 0.000000 0.000000  0.707107 0.707107 0.000000
2451545.006669  9.1963257139e-01  1.000000 0.000000 0.000000  0.707107 0.707107 0.000000
2451545.007336  9.4154234710e-01  1.000000 0.000000 0.000000  0.707107 0.707107 0.000000
2451545.008003  9.7352477928e-01  1.000000 0.000000 0.000000  0.707107 0.707107 0.000000
2451545.008670  9.9206926793e-01  1.000000 0.000000 0.000000  0.707107 0.707107 0.000000
2451545.009337  1.0100056121e+00  1.000000 0.000000 0.000000  0.707107 0.707107 0.000000
2451545.010003  1.0374007424e+00  1.000000 0.000000 0.000000  0.707107 0.707107 0.000000
2451545.010670  1.0552903758e+00  1.000000 0.000000 0.000000  0.707107 0.707107 0.000000
2451545.011337  1.0703255273e+00  1.000000 0.000000 0.000000  0.707107 0.707107 0.000000
2451545.012004  1.0938313056e+00  1.000000 0.000000 0.000000  0.707107 0.707107 0.000000
2451545.012671  1.1066978706e+00  1.000000 0.000000 0.000000  0.707107 0.707107 0.000000
2451545.013338  1.1187152031e+00  1.000000 0.000000 0.000000  0.707107 0.707107 0.000000
2451545.014005  1.1390919605e+00  1.000000 0.000000 0.000000  0.707107 0.707107 0.000000
2451545.014672  1.1496356426e+00  1.000000 0.000000 0.000000  0.707107 0.707107 0.000000
2451545.015339  1.1600069469e+00  1.000000 0.000000 0.000000  0.707107 0.707107 0.000000
2451545.016006  1.1769982261e+00  1.000000 0.000000 0.000000  0.707107 0.707107 0.000000
2451545.016672  1.1865986514e+00  1.000000 0.000000 0.000000  0.707107 0.707107 0.000000
2451545.017339  1.1935293286e+00  1.000000 0.000000 0.000000  0.707107 0.707107 0.000000
2451545.018006  1.2029037340e+00  1.000000 0.000000 0.000000  0.707107 0.707107 0.000000
2451545.018673  1.2053266683e+00  1.000000 0.000000 0.000000  0.707107 0.707107 0.000000
2451545.019340  1.2078614072e+00  1.000000 0.000000 0.000000  0.707107 0.707107 0.000000
2451545.020007  1.2114518102e+00  1.000000 0.000000 0.000000  0.707107 0.707107 0.000000
2451545.020674  1.2108635555e+00  1.000000 0.000000 0.000000  0.707107 0.707107 0.000000
2451545.021341  1.2089215917e+00  1.000000 0.000000 0.000000  0.707107 0.707107 0.000000
2451545.022008  1.2045241467e+00  1.000000 0.000000 0.000000  0.707107 0.707107 0.000000
2451545.022674  1.2023209037e+00  1.000000 0.000000 0.000000  0.707107 0.707107 0.000000
2451545.023341  1.1977402318e+00  1.000000 0.000000 0.000000  0.707107 0.707107 0.000000
2451545.024008  1.1923696954e+00  1.000000 0.000000 0.000000  0.707107 0.707107 0.000000
2451545.024675  1.1888449889e+00  1.000000 0.000000 0.000000  0.707107 0.707107 0.000000
2451545.025342  1.1858190331e+00  1.000000 0.000000 0.000000  0.707107 0.707107 0.000000
2451545.026009  1.1836989656e+00  1.000000 0.000000 0.000000  0.707107 0.707107 0.000000
2451545.026676  1.1778778959e+00  1.000000 0.000000 0.000000  0.707107 0.707107 0.000000
2451545.027343  1.1732761288e+00  1.000000 0.000000 0.000000  0.707107 0.707107 0.000000
2451545.028010  1.1685954054e+00  1.000000 0.000000 0.000000  0.707107 0.707107 0.000000
2451545.028677  1.1643070526e+00  1.000000 0.000000 0.000000  0.707107 0.707107 0.000000
2451545.029343  1.1604779725e+00  1.000000 0.000000 0.000000  0.707107 0.707107 0.000000
2451545.030010  1.1533866705e+00  1.000000 0.000000 0.000000  0.707107 0.707107 0.000000
2451545.030677  1.1458882311e+00  1.000000 0.000000 0.000000  0.707107 0.707107 0.000000
2451545.031344  1.1411975628e+00  1.000000 0.000000 0.000000  0.707107 0.707107 0.000000
2451545.032011  1.1330105158e+00  1.000000 0.000000 0.000000  0.707107 0.707107 0.000000
2451545.032678  1.1265047562e+00  1.000000 0.000000 0.000000  0.707107 0.707107 0.000000
2451545.033345  1.1206342635e+00  1.000000 0.000000 0.000000  0.707107 0.707107 0.000000
2451545.034012  1.1130219100e+00  1.000000 0.000000 0.000000  0.707107 0.707107 0.000000
2451545.034679  1.1092684713e+00  1.000000 0.000000 0.000000  0.707107 0.707107 0.000000
2451545.035345  1.1007212991e+00  1.000000 0.000000 0.000000  0.707107 0.707107 0.000000
2451545.036012  1.0952187670e+00  1.000000 0.000000 0.000000  0.707107 0.707107 0.000000
2451545.036679  1.0889125077e+00  1.000000 0.000000 0.000000  0.707107 0.707107 0.000000
2451545.037346  1.0813809187e+00  1.000000 0.000000 0.000000  0.707107 0.707107 0.000000
2451545.038013  1.0760194231e+00  1.000000 0.000000 0.000000  0.707107 0.707107 0.000000
2451545.038680  1.0719543781e+00  1.000000 0.000000 0.000000  0.707107 0.707107 0.000000
2451545.039347  1.0655896550e+00  1.000000 0.000000 0.000000  0.707107 0.707107 0.000000
2451545.040014  1.0623590759e+00  1.000000 0.000000 0.000000  0.707107 0.707107 0.000000
2451545.040681  1.0624326077e+00  1.000000 0.000000 0.000000  0.707107 0.707107 0.000000
2451545.041348  1.0638821493e+00  1.000000 0.000000 0.000000  0.707107 0.707107 0.000000
2451545.042014  1.0658159764e+00  1.000000 0.000000 0.000000  0.707107 0.707107 0.000000
2451545.042681  1.0674701414e+00  1.000000 0.000000 0.000000  0.707107 0.707107 0.000000
2451545.043348  1.0701368760e+00  1.000000 0.000000 0.000000  0.707107 0.707107 0.000000
2451545.044015  1.0719763774e+00  1.000000 0.000000 0.000000  0.707107 0.707107 0.000000
2451545.044682  1.0733053750e+00  1.000000 0.000000 0.000000  0.707107 0.707107 0.000000
2451545.045349  1.0758283608e+00  1.000000 0.000000 0.000000  0.707107 0.707107 0.000000
2451545.046016  1.0754763724e+00  1.000000 0.000000 0.000000  0.707107 0.707107 0.000000
2451545.046683  1.0775774542e+00  1.000000 0.000000 0.000000  0.707107 0.707107 0.000000
2451545.047350  1.0804780442e+00  1.000000 0.000000 0.000000  0.707107 0.707107 0.000000
2451545.048017  1.0849023103e+00  1.000000 0.000000 0.000000  0.707107 0.707107 0.000000
2451545.048683  1.0914843139e+00  1.000000 0.000000 0.000000  0.707107 0.707107 0.000000
2451545.049350  1.1059480869e+00  1.000000 0.000000 0.000000  0.707107 0.707107 0.000000
2451545.050017  1.1156124006e+00  1.000000 0.000000 0.000000  0.707107 0.707107 0.000000
2451545.050684  1.1250039834e+00  1.000000 0.000000 0.000000  0.707107 0.707107 0.000000
2451545.051351  1.1387875869e+00  1.000000 0.000000 0.000000  0.707107 0.707107 0.000000
2451545.052018  1.1470065780e+00  1.000000 0.000000 0.000000  0.707107 0.707107 0.000000
2451545.052685  1.1556125154e+00  1.000000 0.000000 0.000000  0.707107 0.707107 0.000000
2451545.053352  1.1681418586e+00  1.000000 0.000000 0.000000  0.707107 0.707107 0.000000
2451545.054019  1.1769204752e+00  1.000000 0.000000 0.000000  0.707107 0.707107 0.000000
2451545.054685  1.1842968638e+00  1.000000 0.000000 0.000000  0.707107 0.707107 0.000000
2451545.055352  1.1967038548e+00  1.000000 0.000000 0.000000  0.707107 0.707107 0.000000
2451545.056019  1.2047152089e+00  1.000000 0.000000 0.000000  0.707107 0.707107 0.000000
2451545.056686  1.2120491057e+00  1.000000 0.000000 0.000000  0.707107 0.707107 0.000000
2451545.057353  1.2232376983e+00  1.000000 0.000000 0.000000  0.707107 0.707107 0.000000
2451545.058020  1.2296654056e+00  1.000000 0.000000 0.000000  0.707107 0.707107 0.000000
2451545.058687  1.2381351283e+00  1.000000 0.000000 0.000000  0.707107 0.707107 0.000000
2451545.059354  1.2474573983e+00  1.000000 0.000000 0.000000  0.707107 0.707107 0.000000
2451545.060021  1.2552466501e+00  1.000000 0.000000 0.000000  0.707107 0.707107 0.000000
2451545.060688  1.2620667282e+00  1.000000 0.000000 0.000000  0.707107 0.707107 0.000000
2451545.061354  1.2706401187e+00  1.000000 0.000000 0.000000  0.707107 0.707107 0.000000
2451545.062021  1.2779191680e+00  1.000000 0.000000 0.000000  0.707107 0.707107 0.000000
2451545.062688  1.2838393851e+00  1.000000 0.000000 0.000000  0.707107 0.707107 0.000000
2451545.063355  1.2924263368e+00  1.000000 0.000000 0.000000  0.707107 0.707107 0.000000
2451545.064022  1.2975132935e+00  1.000000 0.000000 0.000000  0.707107 0.707107 0.000000
2451545.064689  1.3028087913e+00  1.000000 0.000000 0.000000  0.707107 0.707107 0.000000
2451545.065356  1.3120246813e+00  1.000000 0.000000 0.000000  0.707107 0.707107 0.000000
2451545.066023  1.3156168925e+00  1.000000 0.000000 0.000000  0.707107 0.707107 0.000000
2451545.066690  1.3199248336e+00  1.000000 0.000000 0.000000  0.707107 0.707107 0.000000
2451545.067356  1.3249346422e+00  1.000000 0.000000 0.000000  0.707107 0.707107 0.000000
2451545.068023  1.3258760908e+00  1.000000 0.000000 0.000000  0.707107 0.707107 0.000000
2451545.068690  1.3226744422e+00  1.000000 0.000000 0.000000  0.707107 0.707107 0.000000
2451545.069357  1.3177770409e+00  1.000000 0.000000 0.000000  0.707107 0.707107 0.000000
2451545.070024  1.3100284727e+00  1.000000 0.000000 0.000000  0.707107 0.707107 0.000000
2451545.070691  1.2958986066e+00  1.000000 0.000000 0.000000  0.707107 0.707107 0.000000
2451545.071358  1.2851738071e+00  1.000000 0.000000 0.000000  0.707107 0.707107 0.000000
2451545.072025  1.2712612216e+00  1.000000 0.000000 0.000000  0.707107 0.707107 0.000000
2451545.072692  1.2494635518e+00  1.000000 0.000000 0.000000  0.707107 0.707107 0.000000
2451545.073359  1.2328170284e+00  1.000000 0.000000 0.000000  0.707107 0.707107 0.000000
2451545.074025  1.2166653381e+00  1.000000 0.000000 0.000000  0.707107 0.707107 0.000000
2451545.074692  1.1901323987e+00  1.000000 0.000000 0.000000  0.707107 0.707107 0.000000
2451545.075359  1.1704288796e+00  1.000000 0.000000 0.000000  0.707107 0.707107 0.000000
2451545.076026  1.1493776785e+00  1.000000 0.000000 0.000000  0.707107 0.707107 0.000000
2451545.076693  1.1158830218e+00  1.000000 0.000000 0.000000  0.707107 0.707107 0.000000
2451545.077360  1.0941043377e+00  1.000000 0.000000 0.000000  0.707107 0.707107 0.000000
2451545.078027  1.0733454558e+00  1.000000 0.000000 0.000000  0.707107 0.707107 0.000000
2451545.078694  1.0426519404e+00  1.000000 0.000000 0.000000  0.707107 0.707107 0.000000
2451545.079361  1.0215250979e+00  1.000000 0.000000 0.000000  0.707107 0.707107 0.000000
2451545.080028  1.0010763155e+00  1.000000 0.000000 0.000000  0.707107 0.707107 0.000000
2451545.080694  9.7028124165e-01  1.000000 0.000000 0.000000  0.707107 0.707107 0.000000
2451545.081361  9.5109907526e-01  1.000000 0.000000 0.000000  0.707107 0.707107 0.000000
2451545.082028  9.3191871702e-01  1.000000 0.000000 0.000000  0.707107 0.707107 0.000000
2451545.082695  9.0252074815e-01  1.000000 0.000000 0.000000  0.707107 0.707107 0.000000
2451545.083362  8.8482217701e-01  1.000000 0.000000 0.000000  0.707107 0.707107 0.000000
2451545.084029  8.6593745293e-01  1.000000 0.000000 0.000000  0.707107 0.707107 0.000000
2451545.084696  8.3729318541e-01  1.000000 0.000000 0.000000  0.707107 0.707107 0.000000
2451545.085363  8.1750558679e-01  1.000000 0.000000 0.000000  0.707107 0.707107 0.000000
2451545.086030  7.9653424610e-01  1.000000 0.000000 0.000000  0.707107 0.707107 0.000000
2451545.086696  7.6404372097e-01  1.000000 0.000000 0.000000  0.707107 0.707107 0.000000
2451545.087363  7.4038183825e-01  1.000000 0.000000 0.000000  0.707107 0.707107 0.000000
2451545.088030  7.1576464434e-01  1.000000 0.000000 0.000000  0.707107 0.707107 0.000000
2451545.088697  6.8435208391e-01  1.000000 0.000000 0.000000  0.707107 0.707107 0.000000
2451545.089364  6.7046782622e-01  1.000000 0.000000 0.000000  0.707107 0.707107 0.000000
2451545.090031  6.6137398702e-01  1.000000 0.000000 0.000000  0.707107 0.707107 0.000000
2451545.090698  6.5464009793e-01  1.000000 0.000000 0.000000  0.707107 0.707107 0.000000
2451545.091365  6.5080318248e-01  1.000000 0.000000 0.000000  0.707107 0.707107 0.000000
2451545.092032  6.4817050156e-01  1.000000 0.000000 0.000000  0.707107 0.707107 0.000000
2451545.092699  6.4253175469e-01  1.000000 0.000000 0.000000  0.707107 0.707107 0.000000
2451545.093365  6.3899107611e-01  1.000000 0.000000 0.000000  0.707107 0.707107 0.000000
2451545.094032  6.3472351723e-01  1.000000 0.000000 0.000000  0.707107 0.707107 0.000000
2451545.094699  6.3098243425e-01  1.000000 0.000000 0.000000  0.707107 0.707107 0.000000
2451545.095366  6.3183889935e-01  1.000000 0.000000 0.000000  0.707107 0.707107 0.000000
2451545.096033  6.3720943582e-01  1.000000 0.000000 0.000000  0.707107 0.707107 0.000000
2451545.096700  6.5443758401e-01  1.000000 0.000000 0.000000  0.707107 0.707107 0.000000
2451545.097367  6.6206410141e-01  1.000000 0.000000 0.000000  0.707107 0.707107 0.000000
2451545.098034  6.6715648260e-01  1.000000 0.000000 0.000000  0.707107 0.707107 0.000000
2451545.098701  6.6987053071e-01  1.000000 0.000000 0.000000  0.707107 0.707107 0.000000
2451545.099367  6.7058505526e-01  1.000000 0.000000 0.000000  0.707107 0.707107 0.000000
2451545.100034  6.7174559260e-01  1.000000 0.000000 0.000000  0.707107 0.707107 0.000000
2451545.100701  6.7294862170e-01  1.000000 0.000000 0.000000  0.707107 0.707107 0.000000
2451545.101368  6.7526849094e-01  1.000000 0.000000 0.000000  0.707107 0.707107 0.000000
2451545.102035  6.7668759516e-01  1.000000 0.000000 0.000000  0.707107 0.707107 0.000000
2451545.102702  6.7891374144e-01  1.000000 0.000000 0.000000  0.707107 0.707107 0.000000
2451545.103369  6.8206536427e-01  1.000000 0.000000 0.000000  0.707107 0.707107 0.000000
2451545.104036  6.8811456345e-01  1.000000 0.000000 0.000000  0.707107 0.707107 0.000000
2451545.104703  6.9280101273e-01  1.000000 0.000000 0.000000  0.707107 0.707107 0.000000
2451545.105370  6.9692090522e-01  1.000000 0.000000 0.000000  0.707107 0.707107 0.000000
2451545.106036  7.0289476440e-01  1.000000 0.000000 0.000000  0.707107 0.707107 0.000000
2451545.106703  7.0553136299e-01  1.000000 0.000000 0.000000  0.707107 0.707107 0.000000
2451545.107370  7.0801065167e-01  1.000000 0.000000 0.000000  0.707107 0.707107 0.000000
2451545.108037  7.0920072229e-01  1.000000 0.000000 0.000000  0.707107 0.707107 0.000000
2451545.108704  7.0916154549e-01  1.000000 0.000000 0.000000  0.707107 0.707107 0.000000
2451545.109371  7.0607019466e-01  1.000000 0.000000 0.000000  0.707107 0.707107 0.000000
2451545.110038  6.9234174010e-01  1.000000 0.000000 0.000000  0.707107 0.707107 0.000000
2451545.110705  6.7717670243e-01  1.000000 0.000000 0.000000  0.707107 0.707107 0.000000
2451545.111372  6.6232749004e-01  1.000000 0.000000 0.000000  0.707107 0.707107 0.000000
2451545.112039  6.4170572695e-01  1.000000 0.000000 0.000000  0.707107 0.707107 0.000000
2451545.112705  6.2916764436e-01  1.000000 0.000000 0.000000  0.707107 0.707107 0.000000
2451545.113372  6.1833977974e-01  1.000000 0.000000 0.000000  0.707107 0.707107 0.000000
2451545.114039  6.0280768560e-01  1.000000 0.000000 0.000000  0.707107 0.707107 0.000000
2451545.114706  5.9370179200e-01  1.000000 0.000000 0.000000  0.707107 0.707107 0.000000
2451545.115373  5.8861031488e-01  1.000000 0.000000 0.000000  0.707107 0.707107 0.000000
2451545.116040  5.9300595177e-01  1.000000 0.000000 0.000000  0.707107 0.707107 0.000000
2451545.116707  5.9945143934e-01  1.000000 0.000000 0.000000  0.707107 0.707107 0.000000
2451545.117374  6.0663556026e-01  1.000000 0.000000 0.000000  0.707107 0.707107 0.000000
2451545.118041  6.1913476741e-01  1.000000 0.000000 0.000000  0.707107 0.707107 0.000000
2451545.118707  6.2845643477e-01  1.000000 0.000000 0.000000  0.707107 0.707107 0.000000
2451545.119374  6.4413860619e-01  1.000000 0.000000 0.000000  0.707107 0.707107 0.000000
2451545.120041  6.7297664818e-01  1.000000 0.000000 0.000000  0.707107 0.707107 0.000000
2451545.120708  6.9458265302e-01  1.000000 0.000000 0.000000  0.707107 0.707107 0.000000
2451545.121375  7.2122558881e-01  1.000000 0.000000 0.000000  0.707107 0.707107 0.000000
2451545.122042  7.6358836602e-01  1.000000 0.000000 0.000000  0.707107 0.707107 0.000000
2451545.122709  7.9229350825e-01  1.000000 0.000000 0.000000  0.707107 0.707107 0.000000
2451545.123376  8.2324227565e-01  1.000000 0.000000 0.000000  0.707107 0.707107 0.000000
2451545.124043  8.6802376818e-01  1.000000 0.000000 0.000000  0.707107 0.707107 0.000000
2451545.124710  8.9676567633e-01  1.000000 0.000000 0.000000  0.707107 0.707107 0.000000
2451545.125376  9.2433529411e-01  1.000000 0.000000 0.000000  0.707107 0.707107 0.000000
2451545.126043  9.5968904055e-01  1.000000 0.000000 0.000000  0.707107 0.707107 0.000000
2451545.126710  9.7846557639e-01  1.000000 0.000000 0.000000  0.707107 0.707107 0.000000
2451545.127377  9.9396934269e-01  1.000000 0.000000 0.000000  0.707107 0.707107 0.000000
2451545.128044  1.0120506410e+00  1.000000 0.000000 0.000000  0.707107 0.707107 0.000000
2451545.128711  1.0210971667e+00  1.000000 0.000000 0.000000  0.707107 0.707107 0.000000
2451545.129378  1.0285353341e+00  1.000000 0.000000 0.000000  0.707107 0.707107 0.000000
2451545.130045  1.0365096209e+00  1.000000 0.000000 0.000000  0.707107 0.707107 0.000000
2451545.130712  1.0412005906e+00  1.000000 0.000000 0.000000  0.707107 0.707107 0.000000
2451545.131378  1.0462890541e+00  1.000000 0.000000 0.000000  0.707107 0.707107 0.000000
2451545.132045  1.0552605412e+00  1.000000 0.000000 0.000000  0.707107 0.707107 0.000000
2451545.132712  1.0623307480e+00  1.000000 0.000000 0.000000  0.707107 0.707107 0.000000
2451545.133379  1.0688940674e+00  1.000000 0.000000 0.000000  0.707107 0.707107 0.000000
2451545.134046  1.0779698250e+00  1.000000 0.000000 0.000000  0.707107 0.707107 0.000000
2451545.134713  1.0849547469e+00  1.000000 0.000000 0.000000  0.707107 0.707107 0.000000
2451545.135380  1.0913248945e+00  1.000000 0.000000 0.000000  0.707107 0.707107 0.000000
2451545.136047  1.0999380645e+00  1.000000 0.000000 0.000000  0.707107 0.707107 0.000000
2451545.136714  1.1049635438e+00  1.000000 0.000000 0.000000  0.707107 0.707107 0.000000
2451545.137381  1.1129351184e+00  1.000000 0.000000 0.000000  0.707107 0.707107 0.000000
2451545.138047  1.1187715574e+00  1.000000 0.000000 0.000000  0.707107 0.707107 0.000000
2451545.138714  1.1233706123e+00  1.000000 0.000000 0.000000  0.707107 0.707107 0.000000
2451545.139381  1.1288074479e+00  1.000000 0.000000 0.000000  0.707107 0.707107 0.000000
2451545.140048  1.1303449866e+00  1.000000 0.000000 0.000000  0.707107 0.707107 0.000000
2451545.140715  1.1355081874e+00  1.000000 0.000000 0.000000  0.707107 0.707107 0.000000
2451545.141382  1.1401099546e+00  1.000000 0.000000 0.000000  0.707107 0.707107 0.000000
2451545.142049  1.1436024155e+00  1.000000 0.000000 0.000000  0.707107 0.707107 0.000000
2451545.142716  1.1451607481e+00  1.000000 0.000000 0.000000  0.707107 0.707107 0.000000
2451545.143383  1.1518663093e+00  1.000000 0.000000 0.000000  0.707107 0.707107 0.000000
2451545.144050  1.1581556924e+00  1.000000 0.000000 0.000000  0.707107 0.707107 0.000000
2451545.144716  1.1645017312e+00  1.000000 0.000000 0.000000  0.707107 0.707107 0.000000
2451545.145383  1.1778751837e+00  1.000000 0.000000 0.000000  0.707107 0.707107 0.000000
2451545.146050  1.1868231646e+00  1.000000 0.000000 0.000000  0.707107 0.707107 0.000000
2451545.146717  1.1987913755e+00  1.000000 0.000000 0.000000  0.707107 0.707107 0.000000
2451545.147384  1.2138078427e+00  1.000000 0.000000 0.000000  0.707107 0.707107 0.000000
2451545.148051  1.2255611838e+00  1.000000 0.000000 0.000000  0.707107 0.707107 0.000000
2451545.148718  1.2335381829e+00  1.000000 0.000000 0.000000  0.707107 0.707107 0.000000
2451545.149385  1.2476107906e+00  1.000000 0.000000 0.000000  0.707107 0.707107 0.000000
2451545.150052  1.2574996175e+00  1.000000 0.000000 0.000000  0.707107 0.707107 0.000000
2451545.150718  1.2652707876e+00  1.000000 0.000000 0.000000  0.707107 0.707107 0.000000
2451545.151385  1.2772070543e+00  1.000000 0.000000 0.000000  0.707107 0.707107 0.000000
2451545.152052  1.2828587597e+00  1.000000 0.000000 0.000000  0.707107 0.707107 0.000000
2451545.152719  1.2907137079e+00  1.000000 0.000000 0.000000  0.707107 0.707107 0.000000
2451545.153386  1.2990734342e+00  1.000000 0.000000 0.000000  0.707107 0.707107 0.000000
2451545.154053  1.3044861611e+00  1.000000 0.000000 0.000000  0.707107 0.707107 0.000000
2451545.154720  1.3098346983e+00  1.000000 0.000000 0.000000  0.707107 0.707107 0.000000
2451545.155387  1.3149475719e+00  1.000000 0.000000 0.000000  0.707107 0.707107 0.000000
2451545.156054  1.3196587327e+00  1.000000 0.000000 0.000000  0.707107 0.707107 0.000000
2451545.156721  1.3231198523e+00  1.000000 0.000000 0.000000  0.707107 0.707107 0.000000
2451545.157387  1.3274799287e+00  1.000000 0.000000 0.000000  0.707107 0.707107 0.000000
2451545.158054  1.3291681474e+00  1.000000 0.000000 0.000000  0.707107 0.707107 0.000000
2451545.158721  1.3325810493e+00  1.000000 0.000000 0.000000  0.707107 0.707107 0.000000
2451545.159388  1.3363474465e+00  1.000000 0.000000 0.000000  0.707107 0.707107 0.000000
2451545.160055  1.3393890730e+00  1.000000 0.000000 0.000000  0.707107 0.707107 0.000000
2451545.160722  1.3404929546e+00  1.000000 0.000000 0.000000  0.707107 0.707107 0.000000
2451545.161389  1.3434715968e+00  1.000000 0.000000 0.000000  0.707107 0.707107 0.000000
2451545.162056  1.3445420275e+00  1.000000 0.000000 0.000000  0.707107 0.707107 0.000000
2451545.162723  1.3447761842e+00  1.000000 0.000000 0.000000  0.707107 0.707107 0.000000
2451545.163389  1.3465918782e+00  1.000000 0.000000 0.000000  0.707107 0.707107 0.000000
2451545.164056  1.3444859745e+00  1.000000 0.000000 0.000000  0.707107 0.707107 0.000000
2451545.164723  1.3456775520e+00  1.000000 0.000000 0.000000  0.707107 0.707107 0.000000
2451545.165390  1.3430722948e+00  1.000000 0.000000 0.000000  0.707107 0.707107 0.000000
2451545.166057  1.3419675091e+00  1.000000 0.000000 0.000000  0.707107 0.707107 0.000000
2451545.166724  1.3394870150e+00  1.000000 0.000000 0.000000  0.707107 0.707107 0.000000
2451545.167391  1.3355599929e+00  1.000000 0.000000 0.000000  0.707107 0.707107 0.000000
2451545.168058  1.3335583598e+00  1.000000 0.000000 0.000000  0.707107 0.707107 0.000000
2451545.168725  1.3299100957e+00  1.000000 0.000000 0.000000  0.707107 0.707107 0.000000
2451545.169392  1.3253869835e+00  1.000000 0.000000 0.000000  0.707107 0.707107 0.000000
2451545.170058  1.3200619524e+00  1.000000 0.000000 0.000000  0.707107 0.707107 0.000000
2451545.170725  1.3155936878e+00  1.000000 0.000000 0.000000  0.707107 0.707107 0.000000
2451545.171392  1.3073322049e+00  1.000000 0.000000 0.000000  0.707107 0.707107 0.000000
2451545.172059  1.3021717163e+00  1.000000 0.000000 0.000000  0.707107 0.707107 0.000000
2451545.172726  1.2919263806e+00  1.000000 0.000000 0.000000  0.707107 0.707107 0.000000
2451545.173393  1.2856984749e+00  1.000000 0.000000 0.000000  0.707107 0.707107 0.000000
2451545.174060  1.2786562945e+00  1.000000 0.000000 0.000000  0.707107 0.707107 0.000000
2451545.174727  1.2674227994e+00  1.000000 0.000000 0.000000  0.707107 0.707107 0.000000
2451545.175394  1.2580266961e+00  1.000000 0.000000 0.000000  0.707107 0.707107 0.000000
2451545.176061  1.2491007144e+00  1.000000 0.000000 0.000000  0.707107 0.707107 0.000000
2451545.176727  1.2357730686e+00  1.000000 0.000000 0.000000  0.707107 0.707107 0.000000
2451545.177394  1.1962720059e+00  1.000000 0.000000 0.000000  0.707107 0.707107 0.000000
2451545.178061  1.1972200845e+00  1.000000 0.000000 0.000000  0.707107 0.707107 0.000000
2451545.178728  1.1940904609e+00  1.000000 0.000000 0.000000  0.707107 0.707107 0.000000
2451545.179395  1.1876919855e+00  1.000000 0.000000 0.000000  0.707107 0.707107 0.000000
2451545.180062  1.1777522288e+00  1.000000 0.000000 0.000000  0.707107 0.707107 0.000000
2451545.180729  1.1635397901e+00  1.000000 0.000000 0.000000  0.707107 0.707107 0.000000
2451545.181396  1.1516089479e+00  1.000000 0.000000 0.000000  0.707107 0.707107 0.000000
2451545.182063  1.1404613403e+00  1.000000 0.000000 0.000000  0.707107 0.707107 0.000000
2451545.182729  1.1231195794e+00  1.000000 0.000000 0.000000  0.707107 0.707107 0.000000
2451545.183396  1.1130378821e+00  1.000000 0.000000 0.000000  0.707107 0.707107 0.000000
2451545.184063  1.1034874825e+00  1.000000 0.000000 0.000000  0.707107 0.707107 0.000000
2451545.184730  1.0927123559e+00  1.000000 0.000000 0.000000  0.707107 0.707107 0.000000
2451545.185397  1.0875922496e+00  1.000000 0.000000 0.000000  0.707107 0.707107 0.000000
2451545.186064  1.0840847206e+00  1.000000 0.000000 0.000000  0.707107 0.707107 0.000000
2451545.186731  1.0799527737e+00  1.000000 0.000000 0.000000  0.707107 0.707107 0.000000
2451545.187398  1.0769238044e+00  1.000000 0.000000 0.000000  0.707107 0.707107 0.000000
2451545.188065  1.0751364383e+00  1.000000 0.000000 0.000000  0.707107 0.707107 0.000000
2451545.188732  1.0696266735e+00  1.000000 0.000000 0.000000  0.707107 0.707107 0.000000
2451545.189398  1.0664687221e+00  1.000000 0.000000 0.000000  0.707107 0.707107 0.000000
2451545.190065  1.0608733711e+00  1.000000 0.000000 0.000000  0.707107 0.707107 0.000000
2451545.190732  1.0511644561e+00  1.000000 0.000000 0.000000  0.707107 0.707107 0.000000
2451545.191399  1.0411433322e+00  1.000000 0.000000 0.000000  0.707107 0.707107 0.000000
2451545.192066  1.0311870007e+00  1.000000 0.000000 0.000000  0.707107 0.707107 0.000000
2451545.192733  1.0180359519e+00  1.000000 0.000000 0.000000  0.707107 0.707107 0.000000
2451545.193400  1.0112990492e+00  1.000000 0.000000 0.000000  0.707107 0.707107 0.000000
2451545.194067  1.0065508211e+00  1.000000 0.000000 0.000000  0.707107 0.707107 0.000000
2451545.194734  9.9470888012e-01  1.000000 0.000000 0.000000  0.707107 0.707107 0.000000
2451545.195400  9.8551619484e-01  1.000000 0.000000 0.000000  0.707107 0.707107 0.000000
2451545.196067  9.7548994780e-01  1.000000 0.000000 0.000000  0.707107 0.707107 0.000000
2451545.196734  9.5976558599e-01  1.000000 0.000000 0.000000  0.707107 0.707107 0.000000
2451545.197401  9.4765694139e-01  1.000000 0.000000 0.000000  0.707107 0.707107 0.000000
2451545.198068  9.3397519762e-01  1.000000 0.000000 0.000000  0.707107 0.707107 0.000000
2451545.198735  9.1094707497e-01  1.000000 0.000000 0.000000  0.707107 0.707107 0.000000
2451545.199402  8.9432857805e-01  1.000000 0.000000 0.000000  0.707107 0.707107 0.000000
2451545.200069  8.7798672961e-01  1.000000 0.000000 0.000000  0.707107 0.707107 0.000000
2451545.200736  8.5362237674e-01  1.000000 0.000000 0.000000  0.707107 0.707107 0.000000
2451545.201403  8.3572099032e-01  1.000000 0.000000 0.000000  0.707107 0.707107 0.000000
2451545.202069  8.1719609007e-01  1.000000 0.000000 0.000000  0.707107 0.707107 0.000000
2451545.202736  7.9082829596e-01  1.000000 0.000000 0.000000  0.707107 0.707107 0.000000
2451545.203403  7.7490774878e-01  1.000000 0.000000 0.000000  0.707107 0.707107 0.000000
2451545.204070  7.5995969032e-01  1.000000 0.000000 0.000000  0.707107 0.707107 0.000000
2451545.204737  7.4649221350e-01  1.000000 0.000000 0.000000  0.707107 0.707107 0.000000
2451545.205404  7.4105869279e-01  1.000000 0.000000 0.000000  0.707107 0.707107 0.000000
2451545.206071  7.3541060377e-01  1.000000 0.000000 0.000000  0.707107 0.707107 0.000000
2451545.206738  7.3463098546e-01  1.000000 0.000000 0.000000  0.707107 0.707107 0.000000
2451545.207405  7.3299008029e-01  1.000000 0.000000 0.000000  0.707107 0.707107 0.000000
2451545.208072  7.3358225268e-01  1.000000 0.000000 0.000000  0.707107 0.707107 0.000000
2451545.208738  7.3522587009e-01  1.000000 0.000000 0.000000  0.707107 0.707107 0.000000
2451545.209405  7.3961758930e-01  1.000000 0.000000 0.000000  0.707107 0.707107 0.000000
2451545.210072  7.4650456926e-01  1.000000 0.000000 0.000000  0.707107 0.707107 0.000000
2451545.210739  7.5336382411e-01  1.000000 0.000000 0.000000  0.707107 0.707107 0.000000
2451545.211406  7.5986114560e-01  1.000000 0.000000 0.000000  0.707107 0.707107 0.000000
2451545.212073  7.7218465987e-01  1.000000 0.000000 0.000000  0.707107 0.707107 0.000000
2451545.212740  7.8231276658e-01  1.000000 0.000000 0.000000  0.707107 0.707107 0.000000
2451545.213407  7.9395671406e-01  1.000000 0.000000 0.000000  0.707107 0.707107 0.000000
2451545.214074  8.1268593639e-01  1.000000 0.000000 0.000000  0.707107 0.707107 0.000000
2451545.214740  8.2605908752e-01  1.000000 0.000000 0.000000  0.707107 0.707107 0.000000
2451545.215407  8.3964710833e-01  1.000000 0.000000 0.000000  0.707107 0.707107 0.000000
2451545.216074  8.6091167230e-01  1.000000 0.000000 0.000000  0.707107 0.707107 0.000000
2451545.216741  8.7176485115e-01  1.000000 0.000000 0.000000  0.707107 0.707107 0.000000
2451545.217408  8.7156173452e-01  1.000000 0.000000 0.000000  0.707107 0.707107 0.000000
2451545.218075  8.7295251089e-01  1.000000 0.000000 0.000000  0.707107 0.707107 0.000000
2451545.218742  8.7486674958e-01  1.000000 0.000000 0.000000  0.707107 0.707107 0.000000
2451545.219409  8.7504877102e-01  1.000000 0.000000 0.000000  0.707107 0.707107 0.000000
2451545.220076  8.7312910785e-01  1.000000 0.000000 0.000000  0.707107 0.707107 0.000000
2451545.220743  8.6892965632e-01  1.000000 0.000000 0.000000  0.707107 0.707107 0.000000
2451545.221409  8.6537752606e-01  1.000000 0.000000 0.000000  0.707107 0.707107 0.000000
2451545.222076  8.5779108955e-01  1.000000 0.000000 0.000000  0.707107 0.707107 0.000000
2451545.222743  8.5203662044e-01  1.000000 0.000000 0.000000  0.707107 0.707107 0.000000
2451545.223410  8.4509599840e-01  1.000000 0.000000 0.000000  0.707107 0.707107 0.000000
2451545.224077  8.3378173875e-01  1.000000 0.000000 0.000000  0.707107 0.707107 0.000000
2451545.224744  8.2534878201e-01  1.000000 0.000000 0.000000  0.707107 0.707107 0.000000
2451545.225411  8.1613771377e-01  1.000000 0.000000 0.000000  0.707107 0.707107 0.000000
2451545.226078  8.0117247778e-01  1.000000 0.000000 0.000000  0.707107 0.707107 0.000000
2451545.226745  7.8995555741e-01  1.000000 0.000000 0.000000  0.707107 0.707107 0.000000
2451545.227411  7.7798614113e-01  1.000000 0.000000 0.000000  0.707107 0.707107 0.000000
2451545.228078  7.5991117136e-01  1.000000 0.000000 0.000000  0.707107 0.707107 0.000000
2451545.228745  7.4637679262e-01  1.000000 0.000000 0.000000  0.707107 0.707107 0.000000
2451545.229412  7.3240272966e-01  1.000000 0.000000 0.000000  0.707107 0.707107 0.000000
2451545.230079  7.1043177787e-01  1.000000 0.000000 0.000000  0.707107 0.707107 0.000000
2451545.230746  6.9530651973e-01  1.000000 0.000000 0.000000  0.707107 0.707107 0.000000
2451545.231413  6.7996247422e-01  1.000000 0.000000 0.000000  0.707107 0.707107 0.000000
2451545.232080  6.5567014639e-01  1.000000 0.000000 0.000000  0.707107 0.707107 0.000000
2451545.232747  6.4110903416e-01  1.000000 0.000000 0.000000  0.707107 0.707107 0.000000
2451545.233414  6.3033089394e-01  1.000000 0.000000 0.000000  0.707107 0.707107 0.000000
2451545.234080  6.1665487601e-01  1.000000 0.000000 0.000000  0.707107 0.707107 0.000000
2451545.234747  6.0888280174e-01  1.000000 0.000000 0.000000  0.707107 0.707107 0.000000
2451545.235414  6.0397183926e-01  1.000000 0.000000 0.000000  0.707107 0.707107 0.000000
2451545.236081  5.9904671287e-01  1.000000 0.000000 0.000000  0.707107 0.707107 0.000000
2451545.236748  5.9712011842e-01  1.000000 0.000000 0.000000  0.707107 0.707107 0.000000
2451545.237415  5.9419722783e-01  1.000000 0.000000 0.000000  0.707107 0.707107 0.000000
2451545.238082  5.9066830229e-01  1.000000 0.000000 0.000000  0.707107 0.707107 0.000000
2451545.238749  5.9144792060e-01  1.000000 0.000000 0.000000  0.707107 0.707107 0.000000
2451545.239416  5.9849462136e-01  1.000000 0.000000 0.000000  0.707107 0.707107 0.000000
360  1
2451545.000000  6.0727624894e-01  1.000000 0.000000 0.000000  0.707107 0.707107 0.000000
2451545.000667  6.3769315852e-01  1.000000 0.000000 0.000000  0.707107 0.707107 0.000000
2451545.001334  6.7162029880e-01  1.000000 0.000000 0.000000  0.707107 0.707107 0.000000
2451545.002001  7.1916600483e-01  1.000000 0.000000 0.000000  0.707107 0.707107 0.000000
2451545.002668  7.4738268199e-01  1.000000 0.000000 0.000000  0.707107 0.707107 0.000000
2451545.003334  7.7371632666e-01  1.000000 0.000000 0.000000  0.707107 0.707107 0.000000
2451545.004001  8.1327671882e-01  1.000000 0.000000 0.000000  0.707107 0.707107 0.000000
2451545.004668  8.3802753294e-01  1.000000 0.000000 0.000000  0.707107 0.707107 0.000000
2451545.005335  8.6198405077e-01  1.000000 0.000000 0.000000  0.707107 0.707107 0.000000
2451545.006002  8.9614368909e-01  1.000000 0.000000 0.000000  0.707107 0.707107 0.000000
2451545.006669  9.1784437088e-01  1.000000 0.000000 0.000000  0.707107 0.707107 0.000000
2451545.007336  9.4024802072e-01  1.000000 0.000000 0.000000  0.707107 0.707107 0.000000
2451545.008003  9.7020540815e-01  1.000000 0.000000 0.000000  0.707107 0.707107 0.000000
2451545.008670  9.8953933475e-01  1.000000 0.000000 0.000000  0.707107 0.707107 0.000000
2451545.009337  1.0079415406e+00  1.000000 0.000000 0.000000  0.707107 0.707107 0.000000
2451545.010003  1.0323803406e+00  1.000000 0.000000 0.000000  0.707107 0.707107 0.000000
2451545.010670  1.0483671020e+00  1.000000 0.000000 0.000000  0.707107 0.707107 0.000000
2451545.011337  1.0641236702e+00  1.000000 0.000000 0.000000  0.707107 0.707107 0.000000
2451545.012004  1.0852308626e+00  1.000000 0.000000 0.000000  0.707107 0.707107 0.000000
2451545.012671  1.0991744070e+00  1.000000 0.000000 0.000000  0.707107 0.707107 0.000000
2451545.013338  1.1129442261e+00  1.000000 0.000000 0.000000  0.707107 0.707107 0.000000
2451545.014005  1.1323104201e+00  1.000000 0.000000 0.000000  0.707107 0.707107 0.000000
2451545.014672  1.1448566715e+00  1.000000 0.000000 0.000000  0.707107 0.707107 0.000000
2451545.015339  1.1562824954e+00  1.000000 0.000000 0.000000  0.707107 0.707107 0.000000
2451545.016006  1.1722343966e+00  1.000000 0.000000 0.000000  0.707107 0.707107 0.000000
2451545.016672  1.1804257031e+00  1.000000 0.000000 0.000000  0.707107 0.707107 0.000000
2451545.017339  1.1883960357e+00  1.000000 0.000000 0.000000  0.707107 0.707107 0.000000
2451545.018006  1.1992436396e+00  1.000000 0.000000 0.000000  0.707107 0.707107 0.000000
2451545.018673  1.2048613340e+00  1.000000 0.000000 0.000000  0.707107 0.707107 0.000000
2451545.019340  1.2080393835e+00  1.000000 0.000000 0.000000  0.707107 0.707107 0.000000
2451545.020007  1.2120244058e+00  1.000000 0.000000 0.000000  0.707107 0.707107 0.000000
2451545.020674  1.2120376584e+00  1.000000 0.000000 0.000000  0.707107 0.707107 0.000000
2451545.021341  1.2139598727e+00  1.000000 0.000000 0.000000  0.707107 0.707107 0.000000
2451545.022008  1.2133810765e+00  1.000000 0.000000 0.000000  0.707107 0.707107 0.000000
2451545.022674  1.2125357862e+00  1.000000 0.000000 0.000000  0.707107 0.707107 0.000000
2451545.023341  1.2113413167e+00  1.000000 0.000000 0.000000  0.707107 0.707107 0.000000
2451545.024008  1.2063490910e+00  1.000000 0.000000 0.000000  0.707107 0.707107 0.000000
2451545.024675  1.2051246590e+00  1.000000 0.000000 0.000000  0.707107 0.707107 0.000000
2451545.025342  1.2015303026e+00  1.000000 0.000000 0.000000  0.707107 0.707107 0.000000
2451545.026009  1.1957864197e+00  1.000000 0.000000 0.000000  0.707107 0.707107 0.000000
2451545.026676  1.1917308125e+00  1.000000 0.000000 0.000000  0.707107 0.707107 0.000000
2451545.027343  1.1861880246e+00  1.000000 0.000000 0.000000  0.707107 0.707107 0.000000
2451545.028010  1.1789272864e+00  1.000000 0.000000 0.000000  0.707107 0.707107 0.000000
2451545.028677  1.1723813284e+00  1.000000 0.000000 0.000000  0.707107 0.707107 0.000000
2451545.029343  1.1661220316e+00  1.000000 0.000000 0.000000  0.707107 0.707107 0.000000
2451545.030010  1.1571257690e+00  1.000000 0.000000 0.000000  0.707107 0.707107 0.000000
2451545.030677  1.1501807902e+00  1.000000 0.000000 0.000000  0.707107 0.707107 0.000000
2451545.031344  1.1437238557e+00  1.000000 0.000000 0.000000  0.707107 0.707107 0.000000
2451545.032011  1.1347938565e+00  1.000000 0.000000 0.000000  0.707107 0.707107 0.000000
2451545.032678  1.1293406681e+00  1.000000 0.000000 0.000000  0.707107 0.707107 0.000000
2451545.033345  1.1229030364e+00  1.000000 0.000000 0.000000  0.707107 0.707107 0.000000
2451545.034012  1.1129940677e+00  1.000000 0.000000 0.000000  0.707107 0.707107 0.000000
2451545.034679  1.1080960513e+00  1.000000 0.000000 0.000000  0.707107 0.707107 0.000000
2451545.035345  1.0989061844e+00  1.000000 0.000000 0.000000  0.707107 0.707107 0.000000
2451545.036012  1.0932297172e+00  1.000000 0.000000 0.000000  0.707107 0.707107 0.000000
2451545.036679  1.0878312682e+00  1.000000 0.000000 0.000000  0.707107 0.707107 0.000000
2451545.037346  1.0788658325e+00  1.000000 0.000000 0.000000  0.707107 0.707107 0.000000
2451545.038013  1.0734273373e+00  1.000000 0.000000 0.000000  0.707107 0.707107 0.000000
2451545.038680  1.0689629139e+00  1.000000 0.000000 0.000000  0.707107 0.707107 0.000000
2451545.039347  1.0586094043e+00  1.000000 0.000000 0.000000  0.707107 0.707107 0.000000
2451545.040014  1.0549980500e+00  1.000000 0.000000 0.000000  0.707107 0.707107 0.000000
2451545.040681  1.0493835247e+00  1.000000 0.000000 0.000000  0.707107 0.707107 0.000000
2451545.041348  1.0480916768e+00  1.000000 0.000000 0.000000  0.707107 0.707107 0.000000
2451545.042014  1.0482844168e+00  1.000000 0.000000 0.000000  0.707107 0.707107 0.000000
2451545.042681  1.0514489255e+00  1.000000 0.000000 0.000000  0.707107 0.707107 0.000000
2451545.043348  1.0529317848e+00  1.000000 0.000000 0.000000  0.707107 0.707107 0.000000
2451545.044015  1.0539421574e+00  1.000000 0.000000 0.000000  0.707107 0.707107 0.000000
2451545.044682  1.0548888594e+00  1.000000 0.000000 0.000000  0.707107 0.707107 0.000000
2451545.045349  1.0582492773e+00  1.000000 0.000000 0.000000  0.707107 0.707107 0.000000
2451545.046016  1.0592973911e+00  1.000000 0.000000 0.000000  0.707107 0.707107 0.000000
2451545.046683  1.0609168106e+00  1.000000 0.000000 0.000000  0.707107 0.707107 0.000000
2451545.047350  1.0707007432e+00  1.000000 0.000000 0.000000  0.707107 0.707107 0.000000
2451545.048017  1.0805794612e+00  1.000000 0.000000 0.000000  0.707107 0.707107 0.000000
2451545.048683  1.0905472026e+00  1.000000 0.000000 0.000000  0.707107 0.707107 0.000000
2451545.049350  1.1046033948e+00  1.000000 0.000000 0.000000  0.707107 0.707107 0.000000
2451545.050017  1.1124584867e+00  1.000000 0.000000 0.000000  0.707107 0.707107 0.000000
2451545.050684  1.1202617203e+00  1.000000 0.000000 0.000000  0.707107 0.707107 0.000000
2451545.051351  1.1317970229e+00  1.000000 0.000000 0.000000  0.707107 0.707107 0.000000
2451545.052018  1.1430021610e+00  1.000000 0.000000 0.000000  0.707107 0.707107 0.000000
2451545.052685  1.1506861206e+00  1.000000 0.000000 0.000000  0.707107 0.707107 0.000000
2451545.053352  1.1628699400e+00  1.000000 0.000000 0.000000  0.707107 0.707107 0.000000
2451545.054019  1.1705778120e+00  1.000000 0.000000 0.000000  0.707107 0.707107 0.000000
2451545.054685  1.1787198532e+00  1.000000 0.000000 0.000000  0.707107 0.707107 0.000000
2451545.055352  1.1894911102e+00  1.000000 0.000000 0.000000  0.707107 0.707107 0.000000
2451545.056019  1.1960145962e+00  1.000000 0.000000 0.000000  0.707107 0.707107 0.000000
2451545.056686  1.2030915255e+00  1.000000 0.000000 0.000000  0.707107 0.707107 0.000000
2451545.057353  1.2143836703e+00  1.000000 0.000000 0.000000  0.707107 0.707107 0.000000
2451545.058020  1.2210731029e+00  1.000000 0.000000 0.000000  0.707107 0.707107 0.000000
2451545.058687  1.2286640056e+00  1.000000 0.000000 0.000000  0.707107 0.707107 0.000000
2451545.059354  1.2373329847e+00  1.000000 0.000000 0.000000  0.707107 0.707107 0.000000
2451545.060021  1.2452500185e+00  1.000000 0.000000 0.000000  0.707107 0.707107 0.000000
2451545.060688  1.2497567928e+00  1.000000 0.000000 0.000000  0.707107 0.707107 0.000000
2451545.061354  1.2572419622e+00  1.000000 0.000000 0.000000  0.707107 0.707107 0.000000
2451545.062021  1.2628302702e+00  1.000000 0.000000 0.000000  0.707107 0.707107 0.000000
2451545.062688  1.2693791092e+00  1.000000 0.000000 0.000000  0.707107 0.707107 0.000000
2451545.063355  1.2775312339e+00  1.000000 0.000000 0.000000  0.707107 0.707107 0.000000
2451545.064022  1.2848086820e+00  1.000000 0.000000 0.000000  0.707107 0.707107 0.000000
2451545.064689  1.2884355939e+00  1.000000 0.000000 0.000000  0.707107 0.707107 0.000000
2451545.065356  1.2967916946e+00  1.000000 0.000000 0.000000  0.707107 0.707107 0.000000
2451545.066023  1.3020097920e+00  1.000000 0.000000 0.000000  0.707107 0.707107 0.000000
2451545.066690  1.3060409105e+00  1.000000 0.000000 0.000000  0.707107 0.707107 0.000000
2451545.067356  1.3110446602e+00  1.000000 0.000000 0.000000  0.707107 0.707107 0.000000
2451545.068023  1.3112126235e+00  1.000000 0.000000 0.000000  0.707107 0.707107 0.000000
2451545.068690  1.3095393290e+00  1.000000 0.000000 0.000000  0.707107 0.707107 0.000000
2451545.069357  1.3048121569e+00  1.000000 0.000000 0.000000  0.707107 0.707107 0.000000
2451545.070024  1.2988680433e+00  1.000000 0.000000 0.000000  0.707107 0.707107 0.000000
2451545.070691  1.2879377542e+00  1.000000 0.000000 0.000000  0.707107 0.707107 0.000000
2451545.071358  1.2768547712e+00  1.000000 0.000000 0.000000  0.707107 0.707107 0.000000
2451545.072025  1.2643361776e+00  1.000000 0.000000 0.000000  0.707107 0.707107 0.000000
2451545.072692  1.2453909002e+00  1.000000 0.000000 0.000000  0.707107 0.707107 0.000000
2451545.073359  1.2301073949e+00  1.000000 0.000000 0.000000  0.707107 0.707107 0.000000
2451545.074025  1.2126709059e+00  1.000000 0.000000 0.000000  0.707107 0.707107 0.000000
2451545.074692  1.1857123687e+00  1.000000 0.000000 0.000000  0.707107 0.707107 0.000000
2451545.075359  1.1659834547e+00  1.000000 0.000000 0.000000  0.707107 0.707107 0.000000
2451545.076026  1.1489641369e+00  1.000000 0.000000 0.000000  0.707107 0.707107 0.000000
2451545.076693  1.1186549773e+00  1.000000 0.000000 0.000000  0.707107 0.707107 0.000000
2451545.077360  1.0970444714e+00  1.000000 0.000000 0.000000  0.707107 0.707107 0.000000
2451545.078027  1.0762389215e+00  1.000000 0.000000 0.000000  0.707107 0.707107 0.000000
2451545.078694  1.0468130816e+00  1.000000 0.000000 0.000000  0.707107 0.707107 0.000000
2451545.079361  1.0278669399e+00  1.000000 0.000000 0.000000  0.707107 0.707107 0.000000
2451545.080028  1.0073889616e+00  1.000000 0.000000 0.000000  0.707107 0.707107 0.000000
2451545.080694  9.7877902563e-01  1.000000 0.000000 0.000000  0.707107 0.707107 0.000000
2451545.081361  9.5976662049e-01  1.000000 0.000000 0.000000  0.707107 0.707107 0.000000
2451545.082028  9.4149089131e-01  1.000000 0.000000 0.000000  0.707107 0.707107 0.000000
2451545.082695  9.1435978123e-01  1.000000 0.000000 0.000000  0.707107 0.707107 0.000000
2451545.083362  8.9368330087e-01  1.000000 0.000000 0.000000  0.707107 0.707107 0.000000
2451545.084029  8.7394315092e-01  1.000000 0.000000 0.000000  0.707107 0.707107 0.000000
2451545.084696  8.4145882378e-01  1.000000 0.000000 0.000000  0.707107 0.707107 0.000000
2451545.085363  8.1632771546e-01  1.000000 0.000000 0.000000  0.707107 0.707107 0.000000
2451545.086030  7.9177972491e-01  1.000000 0.000000 0.000000  0.707107 0.707107 0.000000
2451545.086696  7.5647459436e-01  1.000000 0.000000 0.000000  0.707107 0.707107 0.000000
2451545.087363  7.3440888777e-01  1.000000 0.000000 0.000000  0.707107 0.707107 0.000000
2451545.088030  7.1141607002e-01  1.000000 0.000000 0.000000  0.707107 0.707107 0.000000
2451545.088697  6.7643908726e-01  1.000000 0.000000 0.000000  0.707107 0.707107 0.000000
2451545.089364  6.5570441037e-01  1.000000 0.000000 0.000000  0.707107 0.707107 0.000000
2451545.090031  6.4102332568e-01  1.000000 0.000000 0.000000  0.707107 0.707107 0.000000
2451545.090698  6.3287782727e-01  1.000000 0.000000 0.000000  0.707107 0.707107 0.000000
2451545.091365  6.3236817543e-01  1.000000 0.000000 0.000000  0.707107 0.707107 0.000000
2451545.092032  6.3189079097e-01  1.000000 0.000000 0.000000  0.707107 0.707107 0.000000
2451545.092699  6.3047794040e-01  1.000000 0.000000 0.000000  0.707107 0.707107 0.000000
2451545.093365  6.2706191894e-01  1.000000 0.000000 0.000000  0.707107 0.707107 0.000000
2451545.094032  6.2252806303e-01  1.000000 0.000000 0.000000  0.707107 0.707107 0.000000
2451545.094699  6.1645055839e-01  1.000000 0.000000 0.000000  0.707107 0.707107 0.000000
2451545.095366  6.1487809949e-01  1.000000 0.000000 0.000000  0.707107 0.707107 0.000000
2451545.096033  6.1464877057e-01  1.000000 0.000000 0.000000  0.707107 0.707107 0.000000
2451545.096700  6.1449665289e-01  1.000000 0.000000 0.000000  0.707107 0.707107 0.000000
2451545.097367  6.1379915875e-01  1.000000 0.000000 0.000000  0.707107 0.707107 0.000000
2451545.098034  6.1296452823e-01  1.000000 0.000000 0.000000  0.707107 0.707107 0.000000
2451545.098701  6.1188760420e-01  1.000000 0.000000 0.000000  0.707107 0.707107 0.000000
2451545.099367  6.1193946250e-01  1.000000 0.000000 0.000000  0.707107 0.707107 0.000000
2451545.100034  6.1305844937e-01  1.000000 0.000000 0.000000  0.707107 0.707107 0.000000
2451545.100701  6.1713508794e-01  1.000000 0.000000 0.000000  0.707107 0.707107 0.000000
2451545.101368  6.2051480859e-01  1.000000 0.000000 0.000000  0.707107 0.707107 0.000000
2451545.102035  6.2553267530e-01  1.000000 0.000000 0.000000  0.707107 0.707107 0.000000
2451545.102702  6.3433274069e-01  1.000000 0.000000 0.000000  0.707107 0.707107 0.000000
2451545.103369  6.4021750532e-01  1.000000 0.000000 0.000000  0.707107 0.707107 0.000000
2451545.104036  6.4830711199e-01  1.000000 0.000000 0.000000  0.707107 0.707107 0.000000
2451545.104703  6.5355920536e-01  1.000000 0.000000 0.000000  0.707107 0.707107 0.000000
2451545.105370  6.6007116732e-01  1.000000 0.000000 0.000000  0.707107 0.707107 0.000000
2451545.106036  6.6763556466e-01  1.000000 0.000000 0.000000  0.707107 0.707107 0.000000
2451545.106703  6.7196976612e-01  1.000000 0.000000 0.000000  0.707107 0.707107 0.000000
2451545.107370  6.7492309630e-01  1.000000 0.000000 0.000000  0.707107 0.707107 0.000000
2451545.108037  6.7690379525e-01  1.000000 0.000000 0.000000  0.707107 0.707107 0.000000
2451545.108704  6.7537051819e-01  1.000000 0.000000 0.000000  0.707107 0.707107 0.000000
2451545.109371  6.7040911940e-01  1.000000 0.000000 0.000000  0.707107 0.707107 0.000000
2451545.110038  6.5445664205e-01  1.000000 0.000000 0.000000  0.707107 0.707107 0.000000
2451545.110705  6.4288302193e-01  1.000000 0.000000 0.000000  0.707107 0.707107 0.000000
2451545.111372  6.3173809708e-01  1.000000 0.000000 0.000000  0.707107 0.707107 0.000000
2451545.112039  6.1482624119e-01  1.000000 0.000000 0.000000  0.707107 0.707107 0.000000
2451545.112705  6.0408552299e-01  1.000000 0.000000 0.000000  0.707107 0.707107 0.000000
2451545.113372  5.9471789732e-01  1.000000 0.000000 0.000000  0.707107 0.707107 0.000000
2451545.114039  5.8150325010e-01  1.000000 0.000000 0.000000  0.707107 0.707107 0.000000
2451545.114706  5.7850756898e-01  1.000000 0.000000 0.000000  0.707107 0.707107 0.000000
2451545.115373  5.8366660551e-01  1.000000 0.000000 0.000000  0.707107 0.707107 0.000000
2451545.116040  5.9765480570e-01  1.000000 0.000000 0.000000  0.707107 0.707107 0.000000
2451545.116707  6.0602185428e-01  1.000000 0.000000 0.000000  0.707107 0.707107 0.000000
2451545.117374  6.1199967575e-01  1.000000 0.000000 0.000000  0.707107 0.707107 0.000000
2451545.118041  6.2072627521e-01  1.000000 0.000000 0.000000  0.707107 0.707107 0.000000
2451545.118707  6.2984987877e-01  1.000000 0.000000 0.000000  0.707107 0.707107 0.000000
2451545.119374  6.4986430150e-01  1.000000 0.000000 0.000000  0.707107 0.707107 0.000000
2451545.120041  6.8480296673e-01  1.000000 0.000000 0.000000  0.707107 0.707107 0.000000
2451545.120708  7.0918645122e-01  1.000000 0.000000 0.000000  0.707107 0.707107 0.000000
2451545.121375  7.3550367410e-01  1.000000 0.000000 0.000000  0.707107 0.707107 0.000000
2451545.122042  7.7776098595e-01  1.000000 0.000000 0.000000  0.707107 0.707107 0.000000
2451545.122709  8.0562358617e-01  1.000000 0.000000 0.000000  0.707107 0.707107 0.000000
2451545.123376  8.3515602364e-01  1.000000 0.000000 0.000000  0.707107 0.707107 0.000000
2451545.124043  8.8077721054e-01  1.000000 0.000000 0.000000  0.707107 0.707107 0.000000
2451545.124710  9.1181757213e-01  1.000000 0.000000 0.000000  0.707107 0.707107 0.000000
2451545.125376  9.3963695709e-01  1.000000 0.000000 0.000000  0.707107 0.707107 0.000000
2451545.126043  9.7665225913e-01  1.000000 0.000000 0.000000  0.707107 0.707107 0.000000
2451545.126710  9.9603429870e-01  1.000000 0.000000 0.000000  0.707107 0.707107 0.000000
2451545.127377  1.0147055915e+00  1.000000 0.000000 0.000000  0.707107 0.707107 0.000000
2451545.128044  1.0361919256e+00  1.000000 0.000000 0.000000  0.707107 0.707107 0.000000
2451545.128711  1.0450703547e+00  1.000000 0.000000 0.000000  0.707107 0.707107 0.000000
2451545.129378  1.0531271177e+00  1.000000 0.000000 0.000000  0.707107 0.707107 0.000000
2451545.130045  1.0616998709e+00  1.000000 0.000000 0.000000  0.707107 0.707107 0.000000
2451545.130712  1.0685840602e+00  1.000000 0.000000 0.000000  0.707107 0.707107 0.000000
2451545.131378  1.0745751344e+00  1.000000 0.000000 0.000000  0.707107 0.707107 0.000000
2451545.132045  1.0836180695e+00  1.000000 0.000000 0.000000  0.707107 0.707107 0.000000
2451545.132712  1.0902081070e+00  1.000000 0.000000 0.000000  0.707107 0.707107 0.000000
2451545.133379  1.0944630805e+00  1.000000 0.000000 0.000000  0.707107 0.707107 0.000000
2451545.134046  1.1033619647e+00  1.000000 0.000000 0.000000  0.707107 0.707107 0.000000
2451545.134713  1.1081058467e+00  1.000000 0.000000 0.000000  0.707107 0.707107 0.000000
2451545.135380  1.1141620319e+00  1.000000 0.000000 0.000000  0.707107 0.707107 0.000000
2451545.136047  1.1219816873e+00  1.000000 0.000000 0.000000  0.707107 0.707107 0.000000
2451545.136714  1.1240263448e+00  1.000000 0.000000 0.000000  0.707107 0.707107 0.000000
2451545.137381  1.1316961874e+00  1.000000 0.000000 0.000000  0.707107 0.707107 0.000000
2451545.138047  1.1358880666e+00  1.000000 0.000000 0.000000  0.707107 0.707107 0.000000
2451545.138714  1.1397206831e+00  1.000000 0.000000 0.000000  0.707107 0.707107 0.000000
2451545.139381  1.1455625205e+00  1.000000 0.000000 0.000000  0.707107 0.707107 0.000000
2451545.140048  1.1483285846e+00  1.000000 0.000000 0.000000  0.707107 0.707107 0.000000
2451545.140715  1.1508324762e+00  1.000000 0.000000 0.000000  0.707107 0.707107 0.000000
2451545.141382  1.1546224536e+00  1.000000 0.000000 0.000000  0.707107 0.707107 0.000000
2451545.142049  1.1571856942e+00  1.000000 0.000000 0.000000  0.707107 0.707107 0.000000
2451545.142716  1.1612433180e+00  1.000000 0.000000 0.000000  0.707107 0.707107 0.000000
2451545.143383  1.1676797973e+00  1.000000 0.000000 0.000000  0.707107 0.707107 0.000000
2451545.144050  1.1749728029e+00  1.000000 0.000000 0.000000  0.707107 0.707107 0.000000
2451545.144716  1.1839609987e+00  1.000000 0.000000 0.000000  0.707107 0.707107 0.000000
2451545.145383  1.1979659088e+00  1.000000 0.000000 0.000000  0.707107 0.707107 0.000000
2451545.146050  1.2085772693e+00  1.000000 0.000000 0.000000  0.707107 0.707107 0.000000
2451545.146717  1.2177711697e+00  1.000000 0.000000 0.000000  0.707107 0.707107 0.000000
2451545.147384  1.2318651032e+00  1.000000 0.000000 0.000000  0.707107 0.707107 0.000000
2451545.148051  1.2406789974e+00  1.000000 0.000000 0.000000  0.707107 0.707107 0.000000
2451545.148718  1.2492589532e+00  1.000000 0.000000 0.000000  0.707107 0.707107 0.000000
2451545.149385  1.2612733688e+00  1.000000 0.000000 0.000000  0.707107 0.707107 0.000000
2451545.150052  1.2679126717e+00  1.000000 0.000000 0.000000  0.707107 0.707107 0.000000
2451545.150718  1.2748997133e+00  1.000000 0.000000 0.000000  0.707107 0.707107 0.000000
2451545.151385  1.2884188840e+00  1.000000 0.000000 0.000000  0.707107 0.707107 0.000000
2451545.152052  1.2955799390e+00  1.000000 0.000000 0.000000  0.707107 0.707107 0.000000
2451545.152719  1.3016188380e+00  1.000000 0.000000 0.000000  0.707107 0.707107 0.000000
2451545.153386  1.3109086762e+00  1.000000 0.000000 0.000000  0.707107 0.707107 0.000000
2451545.154053  1.3597116579e+00  1.000000 0.000000 0.000000  0.707107 0.707107 0.000000
2451545.154720  1.3593881198e+00  1.000000 0.000000 0.000000  0.707107 0.707107 0.000000
2451545.155387  1.3605981468e+00  1.000000 0.000000 0.000000  0.707107 0.707107 0.000000
2451545.156054  1.3608634884e+00  1.000000 0.000000 0.000000  0.707107 0.707107 0.000000
2451545.156721  1.3610294350e+00  1.000000 0.000000 0.000000  0.707107 0.707107 0.000000
2451545.157387  1.3600654468e+00  1.000000 0.000000 0.000000  0.707107 0.707107 0.000000
2451545.158054  1.3595313063e+00  1.000000 0.000000 0.000000  0.707107 0.707107 0.000000
2451545.158721  1.3604918373e+00  1.000000 0.000000 0.000000  0.707107 0.707107 0.000000
2451545.159388  1.3599787282e+00  1.000000 0.000000 0.000000  0.707107 0.707107 0.000000
2451545.160055  1.3603812062e+00  1.000000 0.000000 0.000000  0.707107 0.707107 0.000000
2451545.160722  1.3589254285e+00  1.000000 0.000000 0.000000  0.707107 0.707107 0.000000
2451545.161389  1.3605895037e+00  1.000000 0.000000 0.000000  0.707107 0.707107 0.000000
2451545.162056  1.3619216858e+00  1.000000 0.000000 0.000000  0.707107 0.707107 0.000000
2451545.162723  1.3625889293e+00  1.000000 0.000000 0.000000  0.707107 0.707107 0.000000
2451545.163389  1.3621760796e+00  1.000000 0.000000 0.000000  0.707107 0.707107 0.000000
2451545.164056  1.3612622211e+00  1.000000 0.000000 0.000000  0.707107 0.707107 0.000000
2451545.164723  1.3600458559e+00  1.000000 0.000000 0.000000  0.707107 0.707107 0.000000
2451545.165390  1.3602861327e+00  1.000000 0.000000 0.000000  0.707107 0.707107 0.000000
2451545.166057  1.3595001913e+00  1.000000 0.000000 0.000000  0.707107 0.707107 0.000000
2451545.166724  1.3567540062e+00  1.000000 0.000000 0.000000  0.707107 0.707107 0.000000
2451545.167391  1.3533460516e+00  1.000000 0.000000 0.000000  0.707107 0.707107 0.000000
2451545.168058  1.3501642568e+00  1.000000 0.000000 0.000000  0.707107 0.707107 0.000000
2451545.168725  1.3485782572e+00  1.000000 0.000000 0.000000  0.707107 0.707107 0.000000
2451545.169392  1.3434324733e+00  1.000000 0.000000 0.000000  0.707107 0.707107 0.000000
2451545.170058  1.3379346292e+00  1.000000 0.000000 0.000000  0.707107 0.707107 0.000000
2451545.170725  1.3329781282e+00  1.000000 0.000000 0.000000  0.707107 0.707107 0.000000
2451545.171392  1.3237905660e+00  1.000000 0.000000 0.000000  0.707107 0.707107 0.000000
2451545.172059  1.3188303197e+00  1.000000 0.000000 0.000000  0.707107 0.707107 0.000000
2451545.172726  1.3081639317e+00  1.000000 0.000000 0.000000  0.707107 0.707107 0.000000
2451545.173393  1.3008449970e+00  1.000000 0.000000 0.000000  0.707107 0.707107 0.000000
2451545.174060  1.2928104177e+00  1.000000 0.000000 0.000000  0.707107 0.707107 0.000000
2451545.174727  1.2796375452e+00  1.000000 0.000000 0.000000  0.707107 0.707107 0.000000
2451545.175394  1.2717692006e+00  1.000000 0.000000 0.000000  0.707107 0.707107 0.000000
2451545.176061  1.2621854987e+00  1.000000 0.000000 0.000000  0.707107 0.707107 0.000000
2451545.176727  1.2481526428e+00  1.000000 0.000000 0.000000  0.707107 0.707107 0.000000
2451545.177394  1.2386634382e+00  1.000000 0.000000 0.000000  0.707107 0.707107 0.000000
2451545.178061  1.2275009391e+00  1.000000 0.000000 0.000000  0.707107 0.707107 0.000000
2451545.178728  1.2128097709e+00  1.000000 0.000000 0.000000  0.707107 0.707107 0.000000
2451545.179395  1.2010897951e+00  1.000000 0.000000 0.000000  0.707107 0.707107 0.000000
2451545.180062  1.1892926081e+00  1.000000 0.000000 0.000000  0.707107 0.707107 0.000000
2451545.180729  1.1744268502e+00  1.000000 0.000000 0.000000  0.707107 0.707107 0.000000
2451545.181396  1.1640632571e+00  1.000000 0.000000 0.000000  0.707107 0.707107 0.000000
2451545.182063  1.1542176708e+00  1.000000 0.000000 0.000000  0.707107 0.707107 0.000000
2451545.182729  1.1369278255e+00  1.000000 0.000000 0.000000  0.707107 0.707107 0.000000
2451545.183396  1.1270531409e+00  1.000000 0.000000 0.000000  0.707107 0.707107 0.000000
2451545.184063  1.1166794642e+00  1.000000 0.000000 0.000000  0.707107 0.707107 0.000000
2451545.184730  1.1018773768e+00  1.000000 0.000000 0.000000  0.707107 0.707107 0.000000
2451545.185397  1.0927269798e+00  1.000000 0.000000 0.000000  0.707107 0.707107 0.000000
2451545.186064  1.0842556384e+00  1.000000 0.000000 0.000000  0.707107 0.707107 0.000000
2451545.186731  1.0772714779e+00  1.000000 0.000000 0.000000  0.707107 0.707107 0.000000
2451545.187398  1.0729352597e+00  1.000000 0.000000 0.000000  0.707107 0.707107 0.000000
2451545.188065  1.0694984949e+00  1.000000 0.000000 0.000000  0.707107 0.707107 0.000000
2451545.188732  1.0649035614e+00  1.000000 0.000000 0.000000  0.707107 0.707107 0.000000
2451545.189398  1.0614472057e+00  1.000000 0.000000 0.000000  0.707107 0.707107 0.000000
2451545.190065  1.0566903591e+00  1.000000 0.000000 0.000000  0.707107 0.707107 0.000000
2451545.190732  1.0467836953e+00  1.000000 0.000000 0.000000  0.707107 0.707107 0.000000
2451545.191399  1.0380320310e+00  1.000000 0.000000 0.000000  0.707107 0.707107 0.000000
2451545.192066  1.0339988957e+00  1.000000 0.000000 0.000000  0.707107 0.707107 0.000000
2451545.192733  1.0292760451e+00  1.000000 0.000000 0.000000  0.707107 0.707107 0.000000
2451545.193400  1.0254780009e+00  1.000000 0.000000 0.000000  0.707107 0.707107 0.000000
2451545.194067  1.0203195405e+00  1.000000 0.000000 0.000000  0.707107 0.707107 0.000000
2451545.194734  1.0108430124e+00  1.000000 0.000000 0.000000  0.707107 0.707107 0.000000
2451545.195400  1.0033166445e+00  1.000000 0.000000 0.000000  0.707107 0.707107 0.000000
2451545.196067  9.9628840437e-01  1.000000 0.000000 0.000000  0.707107 0.707107 0.000000
2451545.196734  9.8165716127e-01  1.000000 0.000000 0.000000  0.707107 0.707107 0.000000
2451545.197401  9.6966521753e-01  1.000000 0.000000 0.000000  0.707107 0.707107 0.000000
2451545.198068  9.5809534272e-01  1.000000 0.000000 0.000000  0.707107 0.707107 0.000000
2451545.198735  9.3907688745e-01  1.000000 0.000000 0.000000  0.707107 0.707107 0.000000
2451545.199402  9.2529525616e-01  1.000000 0.000000 0.000000  0.707107 0.707107 0.000000
2451545.200069  9.1047732318e-01  1.000000 0.000000 0.000000  0.707107 0.707107 0.000000
2451545.200736  8.8720014908e-01  1.000000 0.000000 0.000000  0.707107 0.707107 0.000000
2451545.201403  8.7063026986e-01  1.000000 0.000000 0.000000  0.707107 0.707107 0.000000
2451545.202069  8.5187398711e-01  1.000000 0.000000 0.000000  0.707107 0.707107 0.000000
2451545.202736  8.2273336790e-01  1.000000 0.000000 0.000000  0.707107 0.707107 0.000000
2451545.203403  8.0346685709e-01  1.000000 0.000000 0.000000  0.707107 0.707107 0.000000
2451545.204070  7.8565756451e-01  1.000000 0.000000 0.000000  0.707107 0.707107 0.000000
2451545.204737  7.6349620817e-01  1.000000 0.000000 0.000000  0.707107 0.707107 0.000000
2451545.205404  7.5360222076e-01  1.000000 0.000000 0.000000  0.707107 0.707107 0.000000
2451545.206071  7.4545153652e-01  1.000000 0.000000 0.000000  0.707107 0.707107 0.000000
2451545.206738  7.4113375686e-01  1.000000 0.000000 0.000000  0.707107 0.707107 0.000000
2451545.207405  7.3741061903e-01  1.000000 0.000000 0.000000  0.707107 0.707107 0.000000
2451545.208072  7.3420462369e-01  1.000000 0.000000 0.000000  0.707107 0.707107 0.000000
2451545.208738  7.3361315097e-01  1.000000 0.000000 0.000000  0.707107 0.707107 0.000000
2451545.209405  7.3407901136e-01  1.000000 0.000000 0.000000  0.707107 0.707107 0.000000
2451545.210072  7.3846679974e-01  1.000000 0.000000 0.000000  0.707107 0.707107 0.000000
2451545.210739  7.4349273330e-01  1.000000 0.000000 0.000000  0.707107 0.707107 0.000000
2451545.211406  7.5099173156e-01  1.000000 0.000000 0.000000  0.707107 0.707107 0.000000
2451545.212073  7.6338528903e-01  1.000000 0.000000 0.000000  0.707107 0.707107 0.000000
2451545.212740  7.7372929124e-01  1.000000 0.000000 0.000000  0.707107 0.707107 0.000000
2451545.213407  7.8342247179e-01  1.000000 0.000000 0.000000  0.707107 0.707107 0.000000
2451545.214074  7.9994078081e-01  1.000000 0.000000 0.000000  0.707107 0.707107 0.000000
2451545.214740  8.1132799915e-01  1.000000 0.000000 0.000000  0.707107 0.707107 0.000000
2451545.215407  8.2090392232e-01  1.000000 0.000000 0.000000  0.707107 0.707107 0.000000
2451545.216074  8.3021565627e-01  1.000000 0.000000 0.000000  0.707107 0.707107 0.000000
2451545.216741  8.3361381542e-01  1.000000 0.000000 0.000000  0.707107 0.707107 0.000000
2451545.217408  8.3925916756e-01  1.000000 0.000000 0.000000  0.707107 0.707107 0.000000
2451545.218075  8.4468383383e-01  1.000000 0.000000 0.000000  0.707107 0.707107 0.000000
2451545.218742  8.4546458934e-01  1.000000 0.000000 0.000000  0.707107 0.707107 0.000000
2451545.219409  8.4423122611e-01  1.000000 0.000000 0.000000  0.707107 0.707107 0.000000
2451545.220076  8.4328049061e-01  1.000000 0.000000 0.000000  0.707107 0.707107 0.000000
2451545.220743  8.4198576173e-01  1.000000 0.000000 0.000000  0.707107 0.707107 0.000000
2451545.221409  8.3870169084e-01  1.000000 0.000000 0.000000  0.707107 0.707107 0.000000
2451545.222076  8.3227385457e-01  1.000000 0.000000 0.000000  0.707107 0.707107 0.000000
2451545.222743  8.2671176381e-01  1.000000 0.000000 0.000000  0.707107 0.707107 0.000000
2451545.223410  8.2174863641e-01  1.000000 0.000000 0.000000  0.707107 0.707107 0.000000
2451545.224077  8.1137928125e-01  1.000000 0.000000 0.000000  0.707107 0.707107 0.000000
2451545.224744  8.0242162425e-01  1.000000 0.000000 0.000000  0.707107 0.707107 0.000000
2451545.225411  7.9486788667e-01  1.000000 0.000000 0.000000  0.707107 0.707107 0.000000
2451545.226078  7.8103382088e-01  1.000000 0.000000 0.000000  0.707107 0.707107 0.000000
2451545.226745  7.7192231759e-01  1.000000 0.000000 0.000000  0.707107 0.707107 0.000000
2451545.227411  7.6064025635e-01  1.000000 0.000000 0.000000  0.707107 0.707107 0.000000
2451545.228078  7.4490443146e-01  1.000000 0.000000 0.000000  0.707107 0.707107 0.000000
2451545.228745  7.3411185495e-01  1.000000 0.000000 0.000000  0.707107 0.707107 0.000000
2451545.229412  7.2240455566e-01  1.000000 0.000000 0.000000  0.707107 0.707107 0.000000
2451545.230079  7.0293723799e-01  1.000000 0.000000 0.000000  0.707107 0.707107 0.000000
2451545.230746  6.8875860260e-01  1.000000 0.000000 0.000000  0.707107 0.707107 0.000000
2451545.231413  6.7546242262e-01  1.000000 0.000000 0.000000  0.707107 0.707107 0.000000
2451545.232080  6.5399481508e-01  1.000000 0.000000 0.000000  0.707107 0.707107 0.000000
2451545.232747  6.4044856285e-01  1.000000 0.000000 0.000000  0.707107 0.707107 0.000000
2451545.233414  6.2997462679e-01  1.000000 0.000000 0.000000  0.707107 0.707107 0.000000
2451545.234080  6.1560843722e-01  1.000000 0.000000 0.000000  0.707107 0.707107 0.000000
2451545.234747  6.0654591121e-01  1.000000 0.000000 0.000000  0.707107 0.707107 0.000000
2451545.235414  5.9756462988e-01  1.000000 0.000000 0.000000  0.707107 0.707107 0.000000
2451545.236081  5.8628084003e-01  1.000000 0.000000 0.000000  0.707107 0.707107 0.000000
2451545.236748  5.8074496652e-01  1.000000 0.000000 0.000000  0.707107 0.707107 0.000000
2451545.237415  5.7713706936e-01  1.000000 0.000000 0.000000  0.707107 0.707107 0.000000
2451545.238082  5.7571154231e-01  1.000000 0.000000 0.000000  0.707107 0.707107 0.000000
2451545.238749  5.7908319611e-01  1.000000 0.000000 0.000000  0.707107 0.707107 0.000000
2451545.239416  5.9646148860e-01  1.000000 0.000000 0.000000  0.707107 0.707107 0.000000
360  1
2451545.000000  5.6624703440e-01  1.000000 0.000000 0.000000  0.000000 0.000000 1.000000
2451545.000667  5.8928735960e-01  1.000000 0.000000 0.000000  0.000000 0.000000 1.000000
2451545.001334  6.1589352168e-01  1.000000 0.000000 0.000000  0.000000 0.000000 1.000000
2451545.002001  6.5331225873e-01  1.000000 0.000000 0.000000  0.000000 0.000000 1.000000
2451545.002668  6.7854690061e-01  1.000000 0.000000 0.000000  0.000000 0.000000 1.000000
2451545.003334  7.0415130942e-01  1.000000 0.000000 0.000000  0.000000 0.000000 1.000000
2451545.004001  7.3864342358e-01  1.000000 0.000000 0.000000  0.000000 0.000000 1.000000
2451545.004668  7.6107691468e-01  1.000000 0.000000 0.000000  0.000000 0.000000 1.000000
2451545.005335  7.8273762469e-01  1.000000 0.000000 0.000000  0.000000 0.000000 1.000000
2451545.006002  8.1364973575e-01  1.000000 0.000000 0.000000  0.000000 0.000000 1.000000
2451545.006669  8.3306929386e-01  1.000000 0.000000 0.000000  0.000000 0.000000 1.000000
2451545.007336  8.5135700087e-01  1.000000 0.000000 0.000000  0.000000 0.000000 1.000000
2451545.008003  8.7753933314e-01  1.000000 0.000000 0.000000  0.000000 0.000000 1.000000
2451545.008670  8.9597332794e-01  1.000000 0.000000 0.000000  0.000000 0.000000 1.000000
2451545.009337  9.1183716788e-01  1.000000 0.000000 0.000000  0.000000 0.000000 1.000000
2451545.010003  9.3592637066e-01  1.000000 0.000000 0.000000  0.000000 0.000000 1.000000
2451545.010670  9.4841055816e-01  1.000000 0.000000 0.000000  0.000000 0.000000 1.000000
2451545.011337  9.6372133778e-01  1.000000 0.000000 0.000000  0.000000 0.000000 1.000000
2451545.012004  9.8309463888e-01  1.000000 0.000000 0.000000  0.000000 0.000000 1.000000
2451545.012671  9.9426252547e-01  1.000000 0.000000 0.000000  0.000000 0.000000 1.000000
2451545.013338  1.0045385192e+00  1.000000 0.000000 0.000000  0.000000 0.000000 1.000000
2451545.014005  1.0207862923e+00  1.000000 0.000000 0.000000  0.000000 0.000000 1.000000
2451545.014672  1.0329021584e+00  1.000000 0.000000 0.000000  0.000000 0.000000 1.000000
2451545.015339  1.0427199186e+00  1.000000 0.000000 0.000000  0.000000 0.000000 1.000000
2451545.016006  1.0577317623e+00  1.000000 0.000000 0.000000  0.000000 0.000000 1.000000
2451545.016672  1.0642991006e+00  1.000000 0.000000 0.000000  0.000000 0.000000 1.000000
2451545.017339  1.0728809315e+00  1.000000 0.000000 0.000000  0.000000 0.000000 1.000000
2451545.018006  1.0815636605e+00  1.000000 0.000000 0.000000  0.000000 0.000000 1.000000
2451545.018673  1.0869121268e+00  1.000000 0.000000 0.000000  0.000000 0.000000 1.000000
2451545.019340  1.0894247495e+00  1.000000 0.000000 0.000000  0.000000 0.000000 1.000000
2451545.020007  1.0935083757e+00  1.000000 0.000000 0.000000  0.000000 0.000000 1.000000
2451545.020674  1.0971626791e+00  1.000000 0.000000 0.000000  0.000000 0.000000 1.000000
2451545.021341  1.0977981347e+00  1.000000 0.000000 0.000000  0.000000 0.000000 1.000000
2451545.022008  1.0980589086e+00  1.000000 0.000000 0.000000  0.000000 0.000000 1.000000
2451545.022674  1.0972846820e+00  1.000000 0.000000 0.000000  0.000000 0.000000 1.000000
2451545.023341  1.0978605817e+00  1.000000 0.000000 0.000000  0.000000 0.000000 1.000000
2451545.024008  1.0989216017e+00  1.000000 0.000000 0.000000  0.000000 0.000000 1.000000
2451545.024675  1.0981655888e+00  1.000000 0.000000 0.000000  0.000000 0.000000 1.000000
2451545.025342  1.0987310807e+00  1.000000 0.000000 0.000000  0.000000 0.000000 1.000000
2451545.026009  1.0978490174e+00  1.000000 0.000000 0.000000  0.000000 0.000000 1.000000
2451545.026676  1.0988022008e+00  1.000000 0.000000 0.000000  0.000000 0.000000 1.000000
2451545.027343  1.0973537784e+00  1.000000 0.000000 0.000000  0.000000 0.000000 1.000000
2451545.028010  1.0967466552e+00  1.000000 0.000000 0.000000  0.000000 0.000000 1.000000
2451545.028677  1.0934384120e+00  1.000000 0.000000 0.000000  0.000000 0.000000 1.000000
2451545.029343  1.0929183098e+00  1.000000 0.000000 0.000000  0.000000 0.000000 1.000000
2451545.030010  1.0897124102e+00  1.000000 0.000000 0.000000  0.000000 0.000000 1.000000
2451545.030677  1.0880399304e+00  1.000000 0.000000 0.000000  0.000000 0.000000 1.000000
2451545.031344  1.0852468746e+00  1.000000 0.000000 0.000000  0.000000 0.000000 1.000000
2451545.032011  1.0809305178e+00  1.000000 0.000000 0.000000  0.000000 0.000000 1.000000
2451545.032678  1.0795902210e+00  1.000000 0.000000 0.000000  0.000000 0.000000 1.000000
2451545.033345  1.0769477896e+00  1.000000 0.000000 0.000000  0.000000 0.000000 1.000000
2451545.034012  1.0735571511e+00  1.000000 0.000000 0.000000  0.000000 0.000000 1.000000
2451545.034679  1.0703362180e+00  1.000000 0.000000 0.000000  0.000000 0.000000 1.000000
2451545.035345  1.0652624028e+00  1.000000 0.000000 0.000000  0.000000 0.000000 1.000000
2451545.036012  1.0628443178e+00  1.000000 0.000000 0.000000  0.000000 0.000000 1.000000
2451545.036679  1.0600634045e+00  1.000000 0.000000 0.000000  0.000000 0.000000 1.000000
2451545.037346  1.0560529222e+00  1.000000 0.000000 0.000000  0.000000 0.000000 1.000000
2451545.038013  1.0529875282e+00  1.000000 0.000000 0.000000  0.000000 0.000000 1.000000
2451545.038680  1.0508270370e+00  1.000000 0.000000 0.000000  0.000000 0.000000 1.000000
2451545.039347  1.0461686675e+00  1.000000 0.000000 0.000000  0.000000 0.000000 1.000000
2451545.040014  1.0440755380e+00  1.000000 0.000000 0.000000  0.000000 0.000000 1.000000
2451545.040681  1.0401965990e+00  1.000000 0.000000 0.000000  0.000000 0.000000 1.000000
2451545.041348  1.0353468411e+00  1.000000 0.000000 0.000000  0.000000 0.000000 1.000000
2451545.042014  1.0320438018e+00  1.000000 0.000000 0.000000  0.000000 0.000000 1.000000
2451545.042681  1.0300400062e+00  1.000000 0.000000 0.000000  0.000000 0.000000 1.000000
2451545.043348  1.0256464580e+00  1.000000 0.000000 0.000000  0.000000 0.000000 1.000000
2451545.044015  1.0214307102e+00  1.000000 0.000000 0.000000  0.000000 0.000000 1.000000
2451545.044682  1.0195480501e+00  1.000000 0.000000 0.000000  0.000000 0.000000 1.000000
2451545.045349  1.0145011217e+00  1.000000 0.000000 0.000000  0.000000 0.000000 1.000000
2451545.046016  1.0130336182e+00  1.000000 0.000000 0.000000  0.000000 0.000000 1.000000
2451545.046683  1.0099239910e+00  1.000000 0.000000 0.000000  0.000000 0.000000 1.000000
2451545.047350  1.0054804275e+00  1.000000 0.000000 0.000000  0.000000 0.000000 1.000000
2451545.048017  1.0046923237e+00  1.000000 0.000000 0.000000  0.000000 0.000000 1.000000
2451545.048683  1.0089046023e+00  1.000000 0.000000 0.000000  0.000000 0.000000 1.000000
2451545.049350  1.0148046833e+00  1.000000 0.000000 0.000000  0.000000 0.000000 1.000000
2451545.050017  1.0197365474e+00  1.000000 0.000000 0.000000  0.000000 0.000000 1.000000
2451545.050684  1.0250800988e+00  1.000000 0.000000 0.000000  0.000000 0.000000 1.000000
2451545.051351  1.0336824562e+00  1.000000 0.000000 0.000000  0.000000 0.000000 1.000000
2451545.052018  1.0383688691e+00  1.000000 0.000000 0.000000  0.000000 0.000000 1.000000
2451545.052685  1.0424929702e+00  1.000000 0.000000 0.000000  0.000000 0.000000 1.000000
2451545.053352  1.0505899698e+00  1.000000 0.000000 0.000000  0.000000 0.000000 1.000000
2451545.054019  1.0559659012e+00  1.000000 0.000000 0.000000  0.000000 0.000000 1.000000
2451545.054685  1.0615823689e+00  1.000000 0.000000 0.000000  0.000000 0.000000 1.000000
2451545.055352  1.0704452111e+00  1.000000 0.000000 0.000000  0.000000 0.000000 1.000000
2451545.056019  1.0751998530e+00  1.000000 0.000000 0.000000  0.000000 0.000000 1.000000
2451545.056686  1.0827088105e+00  1.000000 0.000000 0.000000  0.000000 0.000000 1.000000
2451545.057353  1.0895536909e+00  1.000000 0.000000 0.000000  0.000000 0.000000 1.000000
2451545.058020  1.0948619713e+00  1.000000 0.000000 0.000000  0.000000 0.000000 1.000000
2451545.058687  1.0995836551e+00  1.000000 0.000000 0.000000  0.000000 0.000000 1.000000
2451545.059354  1.1086425114e+00  1.000000 0.000000 0.000000  0.000000 0.000000 1.000000
2451545.060021  1.1170034651e+00  1.000000 0.000000 0.000000  0.000000 0.000000 1.000000
2451545.060688  1.1216222270e+00  1.000000 0.000000 0.000000  0.000000 0.000000 1.000000
2451545.061354  1.1313419803e+00  1.000000 0.000000 0.000000  0.000000 0.000000 1.000000
2451545.062021  1.1349994639e+00  1.000000 0.000000 0.000000  0.000000 0.000000 1.000000
2451545.062688  1.1406283632e+00  1.000000 0.000000 0.000000  0.000000 0.000000 1.000000
2451545.063355  1.1503735577e+00  1.000000 0.000000 0.000000  0.000000 0.000000 1.000000
2451545.064022  1.1541952537e+00  1.000000 0.000000 0.000000  0.000000 0.000000 1.000000
2451545.064689  1.1580785293e+00  1.000000 0.000000 0.000000  0.000000 0.000000 1.000000
2451545.065356  1.1661226225e+00  1.000000 0.000000 0.000000  0.000000 0.000000 1.000000
2451545.066023  1.1718726573e+00  1.000000 0.000000 0.000000  0.000000 0.000000 1.000000
2451545.066690  1.1750970597e+00  1.000000 0.000000 0.000000  0.000000 0.000000 1.000000
2451545.067356  1.1809514619e+00  1.000000 0.000000 0.000000  0.000000 0.000000 1.000000
2451545.068023  1.1829827227e+00  1.000000 0.000000 0.000000  0.000000 0.000000 1.000000
2451545.068690  1.1877957641e+00  1.000000 0.000000 0.000000  0.000000 0.000000 1.000000
2451545.069357  1.1915119362e+00  1.000000 0.000000 0.000000  0.000000 0.000000 1.000000
2451545.070024  1.1951335706e+00  1.000000 0.000000 0.000000  0.000000 0.000000 1.000000
2451545.070691  1.1980101781e+00  1.000000 0.000000 0.000000  0.000000 0.000000 1.000000
2451545.071358  1.1973888887e+00  1.000000 0.000000 0.000000  0.000000 0.000000 1.000000
2451545.072025  1.2000775772e+00  1.000000 0.000000 0.000000  0.000000 0.000000 1.000000
2451545.072692  1.2004057128e+00  1.000000 0.000000 0.000000  0.000000 0.000000 1.000000
2451545.073359  1.1989280906e+00  1.000000 0.000000 0.000000  0.000000 0.000000 1.000000
2451545.074025  1.1958519997e+00  1.000000 0.000000 0.000000  0.000000 0.000000 1.000000
2451545.074692  1.1943717756e+00  1.000000 0.000000 0.000000  0.000000 0.000000 1.000000
2451545.075359  1.1914610535e+00  1.000000 0.000000 0.000000  0.000000 0.000000 1.000000
2451545.076026  1.1883444878e+00  1.000000 0.000000 0.000000  0.000000 0.000000 1.000000
2451545.076693  1.1833406363e+00  1.000000 0.000000 0.000000  0.000000 0.000000 1.000000
2451545.077360  1.1784333462e+00  1.000000 0.000000 0.000000  0.000000 0.000000 1.000000
2451545.078027  1.1771416193e+00  1.000000 0.000000 0.000000  0.000000 0.000000 1.000000
2451545.078694  1.1696748714e+00  1.000000 0.000000 0.000000  0.000000 0.000000 1.000000
2451545.079361  1.1645270449e+00  1.000000 0.000000 0.000000  0.000000 0.000000 1.000000
2451545.080028  1.1562201541e+00  1.000000 0.000000 0.000000  0.000000 0.000000 1.000000
2451545.080694  1.1445518245e+00  1.000000 0.000000 0.000000  0.000000 0.000000 1.000000
2451545.081361  1.1383846093e+00  1.000000 0.000000 0.000000  0.000000 0.000000 1.000000
2451545.082028  1.1328028343e+00  1.000000 0.000000 0.000000  0.000000 0.000000 1.000000
2451545.082695  1.1234083257e+00  1.000000 0.000000 0.000000  0.000000 0.000000 1.000000
2451545.083362  1.1179835354e+00  1.000000 0.000000 0.000000  0.000000 0.000000 1.000000
2451545.084029  1.1124806864e+00  1.000000 0.000000 0.000000  0.000000 0.000000 1.000000
2451545.084696  1.1033183301e+00  1.000000 0.000000 0.000000  0.000000 0.000000 1.000000
2451545.085363  1.0986923405e+00  1.000000 0.000000 0.000000  0.000000 0.000000 1.000000
2451545.086030  1.0914424222e+00  1.000000 0.000000 0.000000  0.000000 0.000000 1.000000
2451545.086696  1.0823526316e+00  1.000000 0.000000 0.000000  0.000000 0.000000 1.000000
2451545.087363  1.0769009544e+00  1.000000 0.000000 0.000000  0.000000 0.000000 1.000000
2451545.088030  1.0709508580e+00  1.000000 0.000000 0.000000  0.000000 0.000000 1.000000
2451545.088697  1.0598870497e+00  1.000000 0.000000 0.000000  0.000000 0.000000 1.000000
2451545.089364  1.0526671985e+00  1.000000 0.000000 0.000000  0.000000 0.000000 1.000000
2451545.090031  1.0474017057e+00  1.000000 0.000000 0.000000  0.000000 0.000000 1.000000
2451545.090698  1.0372205389e+00  1.000000 0.000000 0.000000  0.000000 0.000000 1.000000
2451545.091365  1.0305569282e+00  1.000000 0.000000 0.000000  0.000000 0.000000 1.000000
2451545.092032  1.0235816609e+00  1.000000 0.000000 0.000000  0.000000 0.000000 1.000000
2451545.092699  1.0134366323e+00  1.000000 0.000000 0.000000  0.000000 0.000000 1.000000
2451545.093365  1.0078320180e+00  1.000000 0.000000 0.000000  0.000000 0.000000 1.000000
2451545.094032  1.0013647104e+00  1.000000 0.000000 0.000000  0.000000 0.000000 1.000000
2451545.094699  9.9479130086e-01  1.000000 0.000000 0.000000  0.000000 0.000000 1.000000
2451545.095366  9.9120464832e-01  1.000000 0.000000 0.000000  0.000000 0.000000 1.000000
2451545.096033  9.8913840572e-01  1.000000 0.000000 0.000000  0.000000 0.000000 1.000000
2451545.096700  9.8669979423e-01  1.000000 0.000000 0.000000  0.000000 0.000000 1.000000
2451545.097367  9.7961987047e-01  1.000000 0.000000 0.000000  0.000000 0.000000 1.000000
2451545.098034  9.6747249180e-01  1.000000 0.000000 0.000000  0.000000 0.000000 1.000000
2451545.098701  9.4803298535e-01  1.000000 0.000000 0.000000  0.000000 0.000000 1.000000
2451545.099367  9.3507437445e-01  1.000000 0.000000 0.000000  0.000000 0.000000 1.000000
2451545.100034  9.2286281418e-01  1.000000 0.000000 0.000000  0.000000 0.000000 1.000000
2451545.100701  9.0551065509e-01  1.000000 0.000000 0.000000  0.000000 0.000000 1.000000
2451545.101368  8.9291255972e-01  1.000000 0.000000 0.000000  0.000000 0.000000 1.000000
2451545.102035  8.8193056847e-01  1.000000 0.000000 0.000000  0.000000 0.000000 1.000000
2451545.102702  8.6495858415e-01  1.000000 0.000000 0.000000  0.000000 0.000000 1.000000
2451545.103369  8.5525386446e-01  1.000000 0.000000 0.000000  0.000000 0.000000 1.000000
2451545.104036  8.4224205799e-01  1.000000 0.000000 0.000000  0.000000 0.000000 1.000000
2451545.104703  8.3353186391e-01  1.000000 0.000000 0.000000  0.000000 0.000000 1.000000
2451545.105370  8.2684483559e-01  1.000000 0.000000 0.000000  0.000000 0.000000 1.000000
2451545.106036  8.1605885840e-01  1.000000 0.000000 0.000000  0.000000 0.000000 1.000000
2451545.106703  8.0786269529e-01  1.000000 0.000000 0.000000  0.000000 0.000000 1.000000
2451545.107370  7.9904986848e-01  1.000000 0.000000 0.000000  0.000000 0.000000 1.000000
2451545.108037  7.8660008463e-01  1.000000 0.000000 0.000000  0.000000 0.000000 1.000000
2451545.108704  7.7794800091e-01  1.000000 0.000000 0.000000  0.000000 0.000000 1.000000
2451545.109371  7.6535944605e-01  1.000000 0.000000 0.000000  0.000000 0.000000 1.000000
2451545.110038  7.3628691827e-01  1.000000 0.000000 0.000000  0.000000 0.000000 1.000000
2451545.110705  7.1407632810e-01  1.000000 0.000000 0.000000  0.000000 0.000000 1.000000
2451545.111372  6.9334046909e-01  1.000000 0.000000 0.000000  0.000000 0.000000 1.000000
2451545.112039  6.6264807881e-01  1.000000 0.000000 0.000000  0.000000 0.000000 1.000000
2451545.112705  6.4274629142e-01  1.000000 0.000000 0.000000  0.000000 0.000000 1.000000
2451545.113372  6.2193728852e-01  1.000000 0.000000 0.000000  0.000000 0.000000 1.000000
2451545.114039  5.9500674918e-01  1.000000 0.000000 0.000000  0.000000 0.000000 1.000000
2451545.114706  5.8050662358e-01  1.000000 0.000000 0.000000  0.000000 0.000000 1.000000
2451545.115373  5.6970387822e-01  1.000000 0.000000 0.000000  0.000000 0.000000 1.000000
2451545.116040  5.6737715086e-01  1.000000 0.000000 0.000000  0.000000 0.000000 1.000000
2451545.116707  5.6815831604e-01  1.000000 0.000000 0.000000  0.000000 0.000000 1.000000
2451545.117374  5.7233069791e-01  1.000000 0.000000 0.000000  0.000000 0.000000 1.000000
2451545.118041  5.7768407894e-01  1.000000 0.000000 0.000000  0.000000 0.000000 1.000000
2451545.118707  5.8526936048e-01  1.000000 0.000000 0.000000  0.000000 0.000000 1.000000
2451545.119374  5.9739332155e-01  1.000000 0.000000 0.000000  0.000000 0.000000 1.000000
2451545.120041  6.1989272889e-01  1.000000 0.000000 0.000000  0.000000 0.000000 1.000000
2451545.120708  6.3810237720e-01  1.000000 0.000000 0.000000  0.000000 0.000000 1.000000
2451545.121375  6.6125661027e-01  1.000000 0.000000 0.000000  0.000000 0.000000 1.000000
2451545.122042  6.9673631149e-01  1.000000 0.000000 0.000000  0.000000 0.000000 1.000000
2451545.122709  7.1903652459e-01  1.000000 0.000000 0.000000  0.000000 0.000000 1.000000
2451545.123376  7.4345935603e-01  1.000000 0.000000 0.000000  0.000000 0.000000 1.000000
2451545.124043  7.7820241444e-01  1.000000 0.000000 0.000000  0.000000 0.000000 1.000000
2451545.124710  8.0143846458e-01  1.000000 0.000000 0.000000  0.000000 0.000000 1.000000
2451545.125376  8.2099216801e-01  1.000000 0.000000 0.000000  0.000000 0.000000 1.000000
2451545.126043  8.4793253695e-01  1.000000 0.000000 0.000000  0.000000 0.000000 1.000000
2451545.126710  8.6402187979e-01  1.000000 0.000000 0.000000  0.000000 0.000000 1.000000
2451545.127377  8.7704062481e-01  1.000000 0.000000 0.000000  0.000000 0.000000 1.000000
2451545.128044  8.9195966541e-01  1.000000 0.000000 0.000000  0.000000 0.000000 1.000000
2451545.128711  8.9985082140e-01  1.000000 0.000000 0.000000  0.000000 0.000000 1.000000
2451545.129378  9.0652194887e-01  1.000000 0.000000 0.000000  0.000000 0.000000 1.000000
2451545.130045  9.1503150319e-01  1.000000 0.000000 0.000000  0.000000 0.000000 1.000000
2451545.130712  9.1934410161e-01  1.000000 0.000000 0.000000  0.000000 0.000000 1.000000
2451545.131378  9.2339621527e-01  1.000000 0.000000 0.000000  0.000000 0.000000 1.000000
2451545.132045  9.2946889273e-01  1.000000 0.000000 0.000000  0.000000 0.000000 1.000000
2451545.132712  9.3644791840e-01  1.000000 0.000000 0.000000  0.000000 0.000000 1.000000
2451545.133379  9.4227196446e-01  1.000000 0.000000 0.000000  0.000000 0.000000 1.000000
2451545.134046  9.4984510353e-01  1.000000 0.000000 0.000000  0.000000 0.000000 1.000000
2451545.134713  9.5506896495e-01  1.000000 0.000000 0.000000  0.000000 0.000000 1.000000
2451545.135380  9.6194535788e-01  1.000000 0.000000 0.000000  0.000000 0.000000 1.000000
2451545.136047  9.7194814616e-01  1.000000 0.000000 0.000000  0.000000 0.000000 1.000000
2451545.136714  9.7963663864e-01  1.000000 0.000000 0.000000  0.000000 0.000000 1.000000
2451545.137381  9.9121158687e-01  1.000000 0.000000 0.000000  0.000000 0.000000 1.000000
2451545.138047  9.9834210423e-01  1.000000 0.000000 0.000000  0.000000 0.000000 1.000000
2451545.138714  1.0064419949e+00  1.000000 0.000000 0.000000  0.000000 0.000000 1.000000
2451545.139381  1.0171134861e+00  1.000000 0.000000 0.000000  0.000000 0.000000 1.000000
2451545.140048  1.0229930405e+00  1.000000 0.000000 0.000000  0.000000 0.000000 1.000000
2451545.140715  1.0274681167e+00  1.000000 0.000000 0.000000  0.000000 0.000000 1.000000
2451545.141382  1.0360881096e+00  1.000000 0.000000 0.000000  0.000000 0.000000 1.000000
2451545.142049  1.0411174025e+00  1.000000 0.000000 0.000000  0.000000 0.000000 1.000000
2451545.142716  1.0455410177e+00  1.000000 0.000000 0.000000  0.000000 0.000000 1.000000
2451545.143383  1.0519823057e+00  1.000000 0.000000 0.000000  0.000000 0.000000 1.000000
2451545.144050  1.0574244424e+00  1.000000 0.000000 0.000000  0.000000 0.000000 1.000000
2451545.144716  1.0631016224e+00  1.000000 0.000000 0.000000  0.000000 0.000000 1.000000
2451545.145383  1.0721619242e+00  1.000000 0.000000 0.000000  0.000000 0.000000 1.000000
2451545.146050  1.0789374191e+00  1.000000 0.000000 0.000000  0.000000 0.000000 1.000000
2451545.146717  1.0857496304e+00  1.000000 0.000000 0.000000  0.000000 0.000000 1.000000
2451545.147384  1.0951661111e+00  1.000000 0.000000 0.000000  0.000000 0.000000 1.000000
2451545.148051  1.1021263449e+00  1.000000 0.000000 0.000000  0.000000 0.000000 1.000000
2451545.148718  1.1094783176e+00  1.000000 0.000000 0.000000  0.000000 0.000000 1.000000
2451545.149385  1.1191497901e+00  1.000000 0.000000 0.000000  0.000000 0.000000 1.000000
2451545.150052  1.1245202284e+00  1.000000 0.000000 0.000000  0.000000 0.000000 1.000000
2451545.150718  1.1305877020e+00  1.000000 0.000000 0.000000  0.000000 0.000000 1.000000
2451545.151385  1.1383137783e+00  1.000000 0.000000 0.000000  0.000000 0.000000 1.000000
2451545.152052  1.1441823467e+00  1.000000 0.000000 0.000000  0.000000 0.000000 1.000000
2451545.152719  1.1472645088e+00  1.000000 0.000000 0.000000  0.000000 0.000000 1.000000
2451545.153386  1.1535528595e+00  1.000000 0.000000 0.000000  0.000000 0.000000 1.000000
2451545.154053  1.1579718491e+00  1.000000 0.000000 0.000000  0.000000 0.000000 1.000000
2451545.154720  1.1619707672e+00  1.000000 0.000000 0.000000  0.000000 0.000000 1.000000
2451545.155387  1.1670096006e+00  1.000000 0.000000 0.000000  0.000000 0.000000 1.000000
2451545.156054  1.1690284297e+00  1.000000 0.000000 0.000000  0.000000 0.000000 1.000000
2451545.156721  1.1727972192e+00  1.000000 0.000000 0.000000  0.000000 0.000000 1.000000
2451545.157387  1.1761861231e+00  1.000000 0.000000 0.000000  0.000000 0.000000 1.000000
2451545.158054  1.1775053151e+00  1.000000 0.000000 0.000000  0.000000 0.000000 1.000000
2451545.158721  1.1800647730e+00  1.000000 0.000000 0.000000  0.000000 0.000000 1.000000
2451545.159388  1.1825655423e+00  1.000000 0.000000 0.000000  0.000000 0.000000 1.000000
2451545.160055  1.1850608186e+00  1.000000 0.000000 0.000000  0.000000 0.000000 1.000000
2451545.160722  1.1884664907e+00  1.000000 0.000000 0.000000  0.000000 0.000000 1.000000
2451545.161389  1.1902283043e+00  1.000000 0.000000 0.000000  0.000000 0.000000 1.000000
2451545.162056  1.1911453495e+00  1.000000 0.000000 0.000000  0.000000 0.000000 1.000000
2451545.162723  1.1921349603e+00  1.000000 0.000000 0.000000  0.000000 0.000000 1.000000
2451545.163389  1.1932121703e+00  1.000000 0.000000 0.000000  0.000000 0.000000 1.000000
2451545.164056  1.1942529529e+00  1.000000 0.000000 0.000000  0.000000 0.000000 1.000000
2451545.164723  1.1943879655e+00  1.000000 0.000000 0.000000  0.000000 0.000000 1.000000
2451545.165390  1.1947499266e+00  1.000000 0.000000 0.000000  0.000000 0.000000 1.000000
2451545.166057  1.1946432464e+00  1.000000 0.000000 0.000000  0.000000 0.000000 1.000000
2451545.166724  1.1943168454e+00  1.000000 0.000000 0.000000  0.000000 0.000000 1.000000
2451545.167391  1.1931401828e+00  1.000000 0.000000 0.000000  0.000000 0.000000 1.000000
2451545.168058  1.1928117581e+00  1.000000 0.000000 0.000000  0.000000 0.000000 1.000000
2451545.168725  1.1916934950e+00  1.000000 0.000000 0.000000  0.000000 0.000000 1.000000
2451545.169392  1.1896399731e+00  1.000000 0.000000 0.000000  0.000000 0.000000 1.000000
2451545.170058  1.1876318408e+00  1.000000 0.000000 0.000000  0.000000 0.000000 1.000000
2451545.170725  1.1856861555e+00  1.000000 0.000000 0.000000  0.000000 0.000000 1.000000
2451545.171392  1.1815111717e+00  1.000000 0.000000 0.000000  0.000000 0.000000 1.000000
2451545.172059  1.1789352347e+00  1.000000 0.000000 0.000000  0.000000 0.000000 1.000000
2451545.172726  1.1747189087e+00  1.000000 0.000000 0.000000  0.000000 0.000000 1.000000
2451545.173393  1.1710547757e+00  1.000000 0.000000 0.000000  0.000000 0.000000 1.000000
2451545.174060  1.1672677725e+00  1.000000 0.000000 0.000000  0.000000 0.000000 1.000000
2451545.174727  1.1613367571e+00  1.000000 0.000000 0.000000  0.000000 0.000000 1.000000
2451545.175394  1.1578995725e+00  1.000000 0.000000 0.000000  0.000000 0.000000 1.000000
2451545.176061  1.1546769048e+00  1.000000 0.000000 0.000000  0.000000 0.000000 1.000000
2451545.176727  1.1478545747e+00  1.000000 0.000000 0.000000  0.000000 0.000000 1.000000
2451545.177394  1.1299458860e+00  1.000000 0.000000 0.000000  0.000000 0.000000 1.000000
2451545.178061  1.1315368379e+00  1.000000 0.000000 0.000000  0.000000 0.000000 1.000000
2451545.178728  1.1285364929e+00  1.000000 0.000000 0.000000  0.000000 0.000000 1.000000
2451545.179395  1.1242201361e+00  1.000000 0.000000 0.000000  0.000000 0.000000 1.000000
2451545.180062  1.1197152820e+00  1.000000 0.000000 0.000000  0.000000 0.000000 1.000000
2451545.180729  1.1130129311e+00  1.000000 0.000000 0.000000  0.000000 0.000000 1.000000
2451545.181396  1.1076416254e+00  1.000000 0.000000 0.000000  0.000000 0.000000 1.000000
2451545.182063  1.1010977047e+00  1.000000 0.000000 0.000000  0.000000 0.000000 1.000000
2451545.182729  1.0936974512e+00  1.000000 0.000000 0.000000  0.000000 0.000000 1.000000
2451545.183396  1.0890399490e+00  1.000000 0.000000 0.000000  0.000000 0.000000 1.000000
2451545.184063  1.0857585927e+00  1.000000 0.000000 0.000000  0.000000 0.000000 1.000000
2451545.184730  1.0822927866e+00  1.000000 0.000000 0.000000  0.000000 0.000000 1.000000
2451545.185397  1.0782924229e+00  1.000000 0.000000 0.000000  0.000000 0.000000 1.000000
2451545.186064  1.0727126717e+00  1.000000 0.000000 0.000000  0.000000 0.000000 1.000000
2451545.186731  1.0686536195e+00  1.000000 0.000000 0.000000  0.000000 0.000000 1.000000
2451545.187398  1.0649842825e+00  1.000000 0.000000 0.000000  0.000000 0.000000 1.000000
2451545.188065  1.0609914357e+00  1.000000 0.000000 0.000000  0.000000 0.000000 1.000000
2451545.188732  1.0540939380e+00  1.000000 0.000000 0.000000  0.000000 0.000000 1.000000
2451545.189398  1.0516822134e+00  1.000000 0.000000 0.000000  0.000000 0.000000 1.000000
2451545.190065  1.0478775747e+00  1.000000 0.000000 0.000000  0.000000 0.000000 1.000000
2451545.190732  1.0425239045e+00  1.000000 0.000000 0.000000  0.000000 0.000000 1.000000
2451545.191399  1.0379875379e+00  1.000000 0.000000 0.000000  0.000000 0.000000 1.000000
2451545.192066  1.0356475116e+00  1.000000 0.000000 0.000000  0.000000 0.000000 1.000000
2451545.192733  1.0378470322e+00  1.000000 0.000000 0.000000  0.000000 0.000000 1.000000
2451545.193400  1.0408051677e+00  1.000000 0.000000 0.000000  0.000000 0.000000 1.000000
2451545.194067  1.0442342573e+00  1.000000 0.000000 0.000000  0.000000 0.000000 1.000000
2451545.194734  1.0495327082e+00  1.000000 0.000000 0.000000  0.000000 0.000000 1.000000
2451545.195400  1.0519733434e+00  1.000000 0.000000 0.000000  0.000000 0.000000 1.000000
2451545.196067  1.0545290429e+00  1.000000 0.000000 0.000000  0.000000 0.000000 1.000000
2451545.196734  1.0581339092e+00  1.000000 0.000000 0.000000  0.000000 0.000000 1.000000
2451545.197401  1.0582495517e+00  1.000000 0.000000 0.000000  0.000000 0.000000 1.000000
2451545.198068  1.0602845708e+00  1.000000 0.000000 0.000000  0.000000 0.000000 1.000000
2451545.198735  1.0610105167e+00  1.000000 0.000000 0.000000  0.000000 0.000000 1.000000
2451545.199402  1.0612808311e+00  1.000000 0.000000 0.000000  0.000000 0.000000 1.000000
2451545.200069  1.0617410883e+00  1.000000 0.000000 0.000000  0.000000 0.000000 1.000000
2451545.200736  1.0627720413e+00  1.000000 0.000000 0.000000  0.000000 0.000000 1.000000
2451545.201403  1.0629446377e+00  1.000000 0.000000 0.000000  0.000000 0.000000 1.000000
2451545.202069  1.0635890556e+00  1.000000 0.000000 0.000000  0.000000 0.000000 1.000000
2451545.202736  1.0627434197e+00  1.000000 0.000000 0.000000  0.000000 0.000000 1.000000
2451545.203403  1.0623060019e+00  1.000000 0.000000 0.000000  0.000000 0.000000 1.000000
2451545.204070  1.0634569340e+00  1.000000 0.000000 0.000000  0.000000 0.000000 1.000000
2451545.204737  1.0612736034e+00  1.000000 0.000000 0.000000  0.000000 0.000000 1.000000
2451545.205404  1.0614993954e+00  1.000000 0.000000 0.000000  0.000000 0.000000 1.000000
2451545.206071  1.0606468210e+00  1.000000 0.000000 0.000000  0.000000 0.000000 1.000000
2451545.206738  1.0587187712e+00  1.000000 0.000000 0.000000  0.000000 0.000000 1.000000
2451545.207405  1.0571442984e+00  1.000000 0.000000 0.000000  0.000000 0.000000 1.000000
2451545.208072  1.0558462112e+00  1.000000 0.000000 0.000000  0.000000 0.000000 1.000000
2451545.208738  1.0550994496e+00  1.000000 0.000000 0.000000  0.000000 0.000000 1.000000
2451545.209405  1.0545209480e+00  1.000000 0.000000 0.000000  0.000000 0.000000 1.000000
2451545.210072  1.0537198345e+00  1.000000 0.000000 0.000000  0.000000 0.000000 1.000000
2451545.210739  1.0543229102e+00  1.000000 0.000000 0.000000  0.000000 0.000000 1.000000
2451545.211406  1.0556796859e+00  1.000000 0.000000 0.000000  0.000000 0.000000 1.000000
2451545.212073  1.0591781611e+00  1.000000 0.000000 0.000000  0.000000 0.000000 1.000000
2451545.212740  1.0621984544e+00  1.000000 0.000000 0.000000  0.000000 0.000000 1.000000
2451545.213407  1.0659710023e+00  1.000000 0.000000 0.000000  0.000000 0.000000 1.000000
2451545.214074  1.0727129608e+00  1.000000 0.000000 0.000000  0.000000 0.000000 1.000000
2451545.214740  1.0773667046e+00  1.000000 0.000000 0.000000  0.000000 0.000000 1.000000
2451545.215407  1.0826038649e+00  1.000000 0.000000 0.000000  0.000000 0.000000 1.000000
2451545.216074  1.0903085474e+00  1.000000 0.000000 0.000000  0.000000 0.000000 1.000000
2451545.216741  1.0909318605e+00  1.000000 0.000000 0.000000  0.000000 0.000000 1.000000
2451545.217408  1.0814329845e+00  1.000000 0.000000 0.000000  0.000000 0.000000 1.000000
2451545.218075  1.0628307298e+00  1.000000 0.000000 0.000000  0.000000 0.000000 1.000000
2451545.218742  1.0465335196e+00  1.000000 0.000000 0.000000  0.000000 0.000000 1.000000
2451545.219409  1.0314308965e+00  1.000000 0.000000 0.000000  0.000000 0.000000 1.000000
2451545.220076  1.0050152554e+00  1.000000 0.000000 0.000000  0.000000 0.000000 1.000000
2451545.220743  9.8645607763e-01  1.000000 0.000000 0.000000  0.000000 0.000000 1.000000
2451545.221409  9.6778761764e-01  1.000000 0.000000 0.000000  0.000000 0.000000 1.000000
2451545.222076  9.4120978798e-01  1.000000 0.000000 0.000000  0.000000 0.000000 1.000000
2451545.222743  9.2468534018e-01  1.000000 0.000000 0.000000  0.000000 0.000000 1.000000
2451545.223410  9.0563207973e-01  1.000000 0.000000 0.000000  0.000000 0.000000 1.000000
2451545.224077  8.8122052344e-01  1.000000 0.000000 0.000000  0.000000 0.000000 1.000000
2451545.224744  8.6292992536e-01  1.000000 0.000000 0.000000  0.000000 0.000000 1.000000
2451545.225411  8.4539100362e-01  1.000000 0.000000 0.000000  0.000000 0.000000 1.000000
2451545.226078  8.1863566270e-01  1.000000 0.000000 0.000000  0.000000 0.000000 1.000000
2451545.226745  8.0007908684e-01  1.000000 0.000000 0.000000  0.000000 0.000000 1.000000
2451545.227411  7.7997723791e-01  1.000000 0.000000 0.000000  0.000000 0.000000 1.000000
2451545.228078  7.5267722075e-01  1.000000 0.000000 0.000000  0.000000 0.000000 1.000000
2451545.228745  7.3594866392e-01  1.000000 0.000000 0.000000  0.000000 0.000000 1.000000
2451545.229412  7.1998016750e-01  1.000000 0.000000 0.000000  0.000000 0.000000 1.000000
2451545.230079  6.9582331384e-01  1.000000 0.000000 0.000000  0.000000 0.000000 1.000000
2451545.230746  6.8137089078e-01  1.000000 0.000000 0.000000  0.000000 0.000000 1.000000
2451545.231413  6.6847559415e-01  1.000000 0.000000 0.000000  0.000000 0.000000 1.000000
2451545.232080  6.4714619993e-01  1.000000 0.000000 0.000000  0.000000 0.000000 1.000000
2451545.232747  6.3449201794e-01  1.000000 0.000000 0.000000  0.000000 0.000000 1.000000
2451545.233414  6.2129229240e-01  1.000000 0.000000 0.000000  0.000000 0.000000 1.000000
2451545.234080  6.0406097974e-01  1.000000 0.000000 0.000000  0.000000 0.000000 1.000000
2451545.234747  5.9307985581e-01  1.000000 0.000000 0.000000  0.000000 0.000000 1.000000
2451545.235414  5.8476140074e-01  1.000000 0.000000 0.000000  0.000000 0.000000 1.000000
2451545.236081  5.7322663828e-01  1.000000 0.000000 0.000000  0.000000 0.000000 1.000000
2451545.236748  5.6629097856e-01  1.000000 0.000000 0.000000  0.000000 0.000000 1.000000
2451545.237415  5.6184943874e-01  1.000000 0.000000 0.000000  0.000000 0.000000 1.000000
2451545.238082  5.5718413066e-01  1.000000 0.000000 0.000000  0.000000 0.000000 1.000000
2451545.238749  5.5704160126e-01  1.000000 0.000000 0.000000  0.000000 0.000000 1.000000
2451545.239416  5.6165487021e-01  1.000000 0.000000 0.000000  0.000000 0.000000 1.000000
360  1
2451545.000000  5.9666756385e-01  1.000000 0.000000 0.000000  0.000000 0.000000 -1.000000
2451545.000667  5.8803242478e-01  1.000000 0.000000 0.000000  0.000000 0.000000 -1.000000
2451545.001334  5.8061969067e-01  1.000000 0.000000 0.000000  0.000000 0.000000 -1.000000
2451545.002001  5.7326486657e-01  1.000000 0.000000 0.000000  0.000000 0.000000 -1.000000
2451545.002668  5.6886924441e-01  1.000000 0.000000 0.000000  0.000000 0.000000 -1.000000
2451545.003334  5.6579145283e-01  1.000000 0.000000 0.000000  0.000000 0.000000 -1.000000
2451545.004001  5.6692548206e-01  1.000000 0.000000 0.000000  0.000000 0.000000 -1.000000
2451545.004668  5.7326184518e-01  1.000000 0.000000 0.000000  0.000000 0.000000 -1.000000
2451545.005335  5.8946179510e-01  1.000000 0.000000 0.000000  0.000000 0.000000 -1.000000
2451545.006002  6.2531262846e-01  1.000000 0.000000 0.000000  0.000000 0.000000 -1.000000
2451545.006669  6.4931482032e-01  1.000000 0.000000 0.000000  0.000000 0.000000 -1.000000
2451545.007336  6.7125944405e-01  1.000000 0.000000 0.000000  0.000000 0.000000 -1.000000
2451545.008003  7.0275947256e-01  1.000000 0.000000 0.000000  0.000000 0.000000 -1.000000
2451545.008670  7.2333263599e-01  1.000000 0.000000 0.000000  0.000000 0.000000 -1.000000
2451545.009337  7.4301801366e-01  1.000000 0.000000 0.000000  0.000000 0.000000 -1.000000
2451545.010003  7.7208708032e-01  1.000000 0.000000 0.000000  0.000000 0.000000 -1.000000
2451545.010670  7.9072680449e-01  1.000000 0.000000 0.000000  0.000000 0.000000 -1.000000
2451545.011337  8.0839288501e-01  1.000000 0.000000 0.000000  0.000000 0.000000 -1.000000
2451545.012004  8.3501311325e-01  1.000000 0.000000 0.000000  0.000000 0.000000 -1.000000
2451545.012671  8.5062917912e-01  1.000000 0.000000 0.000000  0.000000 0.000000 -1.000000
2451545.013338  8.6712396656e-01  1.000000 0.000000 0.000000  0.000000 0.000000 -1.000000
2451545.014005  8.8991407656e-01  1.000000 0.000000 0.000000  0.000000 0.000000 -1.000000
2451545.014672  9.0370622864e-01  1.000000 0.000000 0.000000  0.000000 0.000000 -1.000000
2451545.015339  9.1717735779e-01  1.000000 0.000000 0.000000  0.000000 0.000000 -1.000000
2451545.016006  9.3597268365e-01  1.000000 0.000000 0.000000  0.000000 0.000000 -1.000000
2451545.016672  9.4895308835e-01  1.000000 0.000000 0.000000  0.000000 0.000000 -1.000000
2451545.017339  9.6139593700e-01  1.000000 0.000000 0.000000  0.000000 0.000000 -1.000000
2451545.018006  9.7975265743e-01  1.000000 0.000000 0.000000  0.000000 0.000000 -1.000000
2451545.018673  9.9187750454e-01  1.000000 0.000000 0.000000  0.000000 0.000000 -1.000000
2451545.019340  1.0038271109e+00  1.000000 0.000000 0.000000  0.000000 0.000000 -1.000000
2451545.020007  1.0198341953e+00  1.000000 0.000000 0.000000  0.000000 0.000000 -1.000000
2451545.020674  1.0300988719e+00  1.000000 0.000000 0.000000  0.000000 0.000000 -1.000000
2451545.021341  1.0376699773e+00  1.000000 0.000000 0.000000  0.000000 0.000000 -1.000000
2451545.022008  1.0515457213e+00  1.000000 0.000000 0.000000  0.000000 0.000000 -1.000000
2451545.022674  1.0588801510e+00  1.000000 0.000000 0.000000  0.000000 0.000000 -1.000000
2451545.023341  1.0661931791e+00  1.000000 0.000000 0.000000  0.000000 0.000000 -1.000000
2451545.024008  1.0745652053e+00  1.000000 0.000000 0.000000  0.000000 0.000000 -1.000000
2451545.024675  1.0790794171e+00  1.000000 0.000000 0.000000  0.000000 0.000000 -1.000000
2451545.025342  1.0847641666e+00  1.000000 0.000000 0.000000  0.000000 0.000000 -1.000000
2451545.026009  1.0909056500e+00  1.000000 0.000000 0.000000  0.000000 0.000000 -1.000000
2451545.026676  1.0942115566e+00  1.000000 0.000000 0.000000  0.000000 0.000000 -1.000000
2451545.027343  1.0977548944e+00  1.000000 0.000000 0.000000  0.000000 0.000000 -1.000000
2451545.028010  1.1041743458e+00  1.000000 0.000000 0.000000  0.000000 0.000000 -1.000000
2451545.028677  1.1069039219e+00  1.000000 0.000000 0.000000  0.000000 0.000000 -1.000000
2451545.029343  1.1105379015e+00  1.000000 0.000000 0.000000  0.000000 0.000000 -1.000000
2451545.030010  1.1121719711e+00  1.000000 0.000000 0.000000  0.000000 0.000000 -1.000000
2451545.030677  1.1137554324e+00  1.000000 0.000000 0.000000  0.000000 0.000000 -1.000000
2451545.031344  1.1151417479e+00  1.000000 0.000000 0.000000  0.000000 0.000000 -1.000000
2451545.032011  1.1139553479e+00  1.000000 0.000000 0.000000  0.000000 0.000000 -1.000000
2451545.032678  1.1146734321e+00  1.000000 0.000000 0.000000  0.000000 0.000000 -1.000000
2451545.033345  1.1140983605e+00  1.000000 0.000000 0.000000  0.000000 0.000000 -1.000000
2451545.034012  1.1124023523e+00  1.000000 0.000000 0.000000  0.000000 0.000000 -1.000000
2451545.034679  1.1114742813e+00  1.000000 0.000000 0.000000  0.000000 0.000000 -1.000000
2451545.035345  1.1088368576e+00  1.000000 0.000000 0.000000  0.000000 0.000000 -1.000000
2451545.036012  1.1073080332e+00  1.000000 0.000000 0.000000  0.000000 0.000000 -1.000000
2451545.036679  1.1052207547e+00  1.000000 0.000000 0.000000  0.000000 0.000000 -1.000000
2451545.037346  1.1021412006e+00  1.000000 0.000000 0.000000  0.000000 0.000000 -1.000000
2451545.038013  1.0999516984e+00  1.000000 0.000000 0.000000  0.000000 0.000000 -1.000000
2451545.038680  1.0987700822e+00  1.000000 0.000000 0.000000  0.000000 0.000000 -1.000000
2451545.039347  1.0946234731e+00  1.000000 0.000000 0.000000  0.000000 0.000000 -1.000000
2451545.040014  1.0923498754e+00  1.000000 0.000000 0.000000  0.000000 0.000000 -1.000000
2451545.040681  1.0890401920e+00  1.000000 0.000000 0.000000  0.000000 0.000000 -1.000000
2451545.041348  1.0851728099e+00  1.000000 0.000000 0.000000  0.000000 0.000000 -1.000000
2451545.042014  1.0818155396e+00  1.000000 0.000000 0.000000  0.000000 0.000000 -1.000000
2451545.042681  1.0795590631e+00  1.000000 0.000000 0.000000  0.000000 0.000000 -1.000000
2451545.043348  1.0744478746e+00  1.000000 0.000000 0.000000  0.000000 0.000000 -1.000000
2451545.044015  1.0717666407e+00  1.000000 0.000000 0.000000  0.000000 0.000000 -1.000000
2451545.044682  1.0692097875e+00  1.000000 0.000000 0.000000  0.000000 0.000000 -1.000000
2451545.045349  1.0639140422e+00  1.000000 0.000000 0.000000  0.000000 0.000000 -1.000000
2451545.046016  1.0609991541e+00  1.000000 0.000000 0.000000  0.000000 0.000000 -1.000000
2451545.046683  1.0578543883e+00  1.000000 0.000000 0.000000  0.000000 0.000000 -1.000000
2451545.047350  1.0534897354e+00  1.000000 0.000000 0.000000  0.000000 0.000000 -1.000000
2451545.048017  1.0507155937e+00  1.000000 0.000000 0.000000  0.000000 0.000000 -1.000000
2451545.048683  1.0461062081e+00  1.000000 0.000000 0.000000  0.000000 0.000000 -1.000000
2451545.049350  1.0420547728e+00  1.000000 0.000000 0.000000  0.000000 0.000000 -1.000000
2451545.050017  1.0397348472e+00  1.000000 0.000000 0.000000  0.000000 0.000000 -1.000000
2451545.050684  1.0353236145e+00  1.000000 0.000000 0.000000  0.000000 0.000000 -1.000000
2451545.051351  1.0288719349e+00  1.000000 0.000000 0.000000  0.000000 0.000000 -1.000000
2451545.052018  1.0269503294e+00  1.000000 0.000000 0.000000  0.000000 0.000000 -1.000000
2451545.052685  1.0309138925e+00  1.000000 0.000000 0.000000  0.000000 0.000000 -1.000000
2451545.053352  1.0376007371e+00  1.000000 0.000000 0.000000  0.000000 0.000000 -1.000000
2451545.054019  1.0402157521e+00  1.000000 0.000000 0.000000  0.000000 0.000000 -1.000000
2451545.054685  1.0436684481e+00  1.000000 0.000000 0.000000  0.000000 0.000000 -1.000000
2451545.055352  1.0483065370e+00  1.000000 0.000000 0.000000  0.000000 0.000000 -1.000000
2451545.056019  1.0522902427e+00  1.000000 0.000000 0.000000  0.000000 0.000000 -1.000000
2451545.056686  1.0553310222e+00  1.000000 0.000000 0.000000  0.000000 0.000000 -1.000000
2451545.057353  1.0632087989e+00  1.000000 0.000000 0.000000  0.000000 0.000000 -1.000000
2451545.058020  1.0667594384e+00  1.000000 0.000000 0.000000  0.000000 0.000000 -1.000000
2451545.058687  1.0711475071e+00  1.000000 0.000000 0.000000  0.000000 0.000000 -1.000000
2451545.059354  1.0761728378e+00  1.000000 0.000000 0.000000  0.000000 0.000000 -1.000000
2451545.060021  1.0813069385e+00  1.000000 0.000000 0.000000  0.000000 0.000000 -1.000000
2451545.060688  1.0848120053e+00  1.000000 0.000000 0.000000  0.000000 0.000000 -1.000000
2451545.061354  1.0906364943e+00  1.000000 0.000000 0.000000  0.000000 0.000000 -1.000000
2451545.062021  1.0969937553e+00  1.000000 0.000000 0.000000  0.000000 0.000000 -1.000000
2451545.062688  1.1011771247e+00  1.000000 0.000000 0.000000  0.000000 0.000000 -1.000000
2451545.063355  1.1088096651e+00  1.000000 0.000000 0.000000  0.000000 0.000000 -1.000000
2451545.064022  1.1134142669e+00  1.000000 0.000000 0.000000  0.000000 0.000000 -1.000000
2451545.064689  1.1173050648e+00  1.000000 0.000000 0.000000  0.000000 0.000000 -1.000000
2451545.065356  1.1244164150e+00  1.000000 0.000000 0.000000  0.000000 0.000000 -1.000000
2451545.066023  1.1275339883e+00  1.000000 0.000000 0.000000  0.000000 0.000000 -1.000000
2451545.066690  1.1328503797e+00  1.000000 0.000000 0.000000  0.000000 0.000000 -1.000000
2451545.067356  1.1387287501e+00  1.000000 0.000000 0.000000  0.000000 0.000000 -1.000000
2451545.068023  1.1439026326e+00  1.000000 0.000000 0.000000  0.000000 0.000000 -1.000000
2451545.068690  1.1516713874e+00  1.000000 0.000000 0.000000  0.000000 0.000000 -1.000000
2451545.069357  1.1561239125e+00  1.000000 0.000000 0.000000  0.000000 0.000000 -1.000000
2451545.070024  1.1615724898e+00  1.000000 0.000000 0.000000  0.000000 0.000000 -1.000000
2451545.070691  1.1669060025e+00  1.000000 0.000000 0.000000  0.000000 0.000000 -1.000000
2451545.071358  1.1727438359e+00  1.000000 0.000000 0.000000  0.000000 0.000000 -1.000000
2451545.072025  1.1758128151e+00  1.000000 0.000000 0.000000  0.000000 0.000000 -1.000000
2451545.072692  1.1798728109e+00  1.000000 0.000000 0.000000  0.000000 0.000000 -1.000000
2451545.073359  1.1833479156e+00  1.000000 0.000000 0.000000  0.000000 0.000000 -1.000000
2451545.074025  1.1876843688e+00  1.000000 0.000000 0.000000  0.000000 0.000000 -1.000000
2451545.074692  1.1889780283e+00  1.000000 0.000000 0.000000  0.000000 0.000000 -1.000000
2451545.075359  1.1896082403e+00  1.000000 0.000000 0.000000  0.000000 0.000000 -1.000000
2451545.076026  1.1906478511e+00  1.000000 0.000000 0.000000  0.000000 0.000000 -1.000000
2451545.076693  1.1892564999e+00  1.000000 0.000000 0.000000  0.000000 0.000000 -1.000000
2451545.077360  1.1882163856e+00  1.000000 0.000000 0.000000  0.000000 0.000000 -1.000000
2451545.078027  1.1866155513e+00  1.000000 0.000000 0.000000  0.000000 0.000000 -1.000000
2451545.078694  1.1828604643e+00  1.000000 0.000000 0.000000  0.000000 0.000000 -1.000000
2451545.079361  1.1791884656e+00  1.000000 0.000000 0.000000  0.000000 0.000000 -1.000000
2451545.080028  1.1758644305e+00  1.000000 0.000000 0.000000  0.000000 0.000000 -1.000000
2451545.080694  1.1712746839e+00  1.000000 0.000000 0.000000  0.000000 0.000000 -1.000000
2451545.081361  1.1669316843e+00  1.000000 0.000000 0.000000  0.000000 0.000000 -1.000000
2451545.082028  1.1630444114e+00  1.000000 0.000000 0.000000  0.000000 0.000000 -1.000000
2451545.082695  1.1554677668e+00  1.000000 0.000000 0.000000  0.000000 0.000000 -1.000000
2451545.083362  1.1504426879e+00  1.000000 0.000000 0.000000  0.000000 0.000000 -1.000000
2451545.084029  1.1454166019e+00  1.000000 0.000000 0.000000  0.000000 0.000000 -1.000000
2451545.084696  1.1338524748e+00  1.000000 0.000000 0.000000  0.000000 0.000000 -1.000000
2451545.085363  1.1255330712e+00  1.000000 0.000000 0.000000  0.000000 0.000000 -1.000000
2451545.086030  1.1186148383e+00  1.000000 0.000000 0.000000  0.000000 0.000000 -1.000000
2451545.086696  1.1097057597e+00  1.000000 0.000000 0.000000  0.000000 0.000000 -1.000000
2451545.087363  1.1047564674e+00  1.000000 0.000000 0.000000  0.000000 0.000000 -1.000000
2451545.088030  1.0994415866e+00  1.000000 0.000000 0.000000  0.000000 0.000000 -1.000000
2451545.088697  1.0928030843e+00  1.000000 0.000000 0.000000  0.000000 0.000000 -1.000000
2451545.089364  1.0870412893e+00  1.000000 0.000000 0.000000  0.000000 0.000000 -1.000000
2451545.090031  1.0810604433e+00  1.000000 0.000000 0.000000  0.000000 0.000000 -1.000000
2451545.090698  1.0718366363e+00  1.000000 0.000000 0.000000  0.000000 0.000000 -1.000000
2451545.091365  1.0650770265e+00  1.000000 0.000000 0.000000  0.000000 0.000000 -1.000000
2451545.092032  1.0585233749e+00  1.000000 0.000000 0.000000  0.000000 0.000000 -1.000000
2451545.092699  1.0491991066e+00  1.000000 0.000000 0.000000  0.000000 0.000000 -1.000000
2451545.093365  1.0412717287e+00  1.000000 0.000000 0.000000  0.000000 0.000000 -1.000000
2451545.094032  1.0345753163e+00  1.000000 0.000000 0.000000  0.000000 0.000000 -1.000000
2451545.094699  1.0250367810e+00  1.000000 0.000000 0.000000  0.000000 0.000000 -1.000000
2451545.095366  1.0182310949e+00  1.000000 0.000000 0.000000  0.000000 0.000000 -1.000000
2451545.096033  1.0103865535e+00  1.000000 0.000000 0.000000  0.000000 0.000000 -1.000000
2451545.096700  9.9972884410e-01  1.000000 0.000000 0.000000  0.000000 0.000000 -1.000000
2451545.097367  9.9320742070e-01  1.000000 0.000000 0.000000  0.000000 0.000000 -1.000000
2451545.098034  9.8739803874e-01  1.000000 0.000000 0.000000  0.000000 0.000000 -1.000000
2451545.098701  9.7971438646e-01  1.000000 0.000000 0.000000  0.000000 0.000000 -1.000000
2451545.099367  9.7374663319e-01  1.000000 0.000000 0.000000  0.000000 0.000000 -1.000000
2451545.100034  9.7021487743e-01  1.000000 0.000000 0.000000  0.000000 0.000000 -1.000000
2451545.100701  9.6481111738e-01  1.000000 0.000000 0.000000  0.000000 0.000000 -1.000000
2451545.101368  9.5783975832e-01  1.000000 0.000000 0.000000  0.000000 0.000000 -1.000000
2451545.102035  9.4782359121e-01  1.000000 0.000000 0.000000  0.000000 0.000000 -1.000000
2451545.102702  9.3136229086e-01  1.000000 0.000000 0.000000  0.000000 0.000000 -1.000000
2451545.103369  9.1884617344e-01  1.000000 0.000000 0.000000  0.000000 0.000000 -1.000000
2451545.104036  9.0093233876e-01  1.000000 0.000000 0.000000  0.000000 0.000000 -1.000000
2451545.104703  8.9271868392e-01  1.000000 0.000000 0.000000  0.000000 0.000000 -1.000000
2451545.105370  8.8318165927e-01  1.000000 0.000000 0.000000  0.000000 0.000000 -1.000000
2451545.106036  8.6876533791e-01  1.000000 0.000000 0.000000  0.000000 0.000000 -1.000000
2451545.106703  8.5936905978e-01  1.000000 0.000000 0.000000  0.000000 0.000000 -1.000000
2451545.107370  8.5057731188e-01  1.000000 0.000000 0.000000  0.000000 0.000000 -1.000000
2451545.108037  8.3839707257e-01  1.000000 0.000000 0.000000  0.000000 0.000000 -1.000000
2451545.108704  8.3040372758e-01  1.000000 0.000000 0.000000  0.000000 0.000000 -1.000000
2451545.109371  8.2293333523e-01  1.000000 0.000000 0.000000  0.000000 0.000000 -1.000000
2451545.110038  8.1322786796e-01  1.000000 0.000000 0.000000  0.000000 0.000000 -1.000000
2451545.110705  8.0698038413e-01  1.000000 0.000000 0.000000  0.000000 0.000000 -1.000000
2451545.111372  8.0156856703e-01  1.000000 0.000000 0.000000  0.000000 0.000000 -1.000000
2451545.112039  7.9086478140e-01  1.000000 0.000000 0.000000  0.000000 0.000000 -1.000000
2451545.112705  7.8205213555e-01  1.000000 0.000000 0.000000  0.000000 0.000000 -1.000000
2451545.113372  7.7519005017e-01  1.000000 0.000000 0.000000  0.000000 0.000000 -1.000000
2451545.114039  7.5561042123e-01  1.000000 0.000000 0.000000  0.000000 0.000000 -1.000000
2451545.114706  7.3945100832e-01  1.000000 0.000000 0.000000  0.000000 0.000000 -1.000000
2451545.115373  7.1993356970e-01  1.000000 0.000000 0.000000  0.000000 0.000000 -1.000000
2451545.116040  6.9190310663e-01  1.000000 0.000000 0.000000  0.000000 0.000000 -1.000000
2451545.116707  6.7227614254e-01  1.000000 0.000000 0.000000  0.000000 0.000000 -1.000000
2451545.117374  6.5204313752e-01  1.000000 0.000000 0.000000  0.000000 0.000000 -1.000000
2451545.118041  6.2226328833e-01  1.000000 0.000000 0.000000  0.000000 0.000000 -1.000000
2451545.118707  6.0212822678e-01  1.000000 0.000000 0.000000  0.000000 0.000000 -1.000000
2451545.119374  5.8613549401e-01  1.000000 0.000000 0.000000  0.000000 0.000000 -1.000000
2451545.120041  5.7693308855e-01  1.000000 0.000000 0.000000  0.000000 0.000000 -1.000000
2451545.120708  5.7802683255e-01  1.000000 0.000000 0.000000  0.000000 0.000000 -1.000000
2451545.121375  5.7983463225e-01  1.000000 0.000000 0.000000  0.000000 0.000000 -1.000000
2451545.122042  5.8351569514e-01  1.000000 0.000000 0.000000  0.000000 0.000000 -1.000000
2451545.122709  5.8560599502e-01  1.000000 0.000000 0.000000  0.000000 0.000000 -1.000000
2451545.123376  5.9094177374e-01  1.000000 0.000000 0.000000  0.000000 0.000000 -1.000000
2451545.124043  6.1036529741e-01  1.000000 0.000000 0.000000  0.000000 0.000000 -1.000000
2451545.124710  6.2927946471e-01  1.000000 0.000000 0.000000  0.000000 0.000000 -1.000000
2451545.125376  6.4884373491e-01  1.000000 0.000000 0.000000  0.000000 0.000000 -1.000000
2451545.126043  6.8164774597e-01  1.000000 0.000000 0.000000  0.000000 0.000000 -1.000000
2451545.126710  7.0483214765e-01  1.000000 0.000000 0.000000  0.000000 0.000000 -1.000000
2451545.127377  7.2845515478e-01  1.000000 0.000000 0.000000  0.000000 0.000000 -1.000000
2451545.128044  7.6350506741e-01  1.000000 0.000000 0.000000  0.000000 0.000000 -1.000000
2451545.128711  7.8757272276e-01  1.000000 0.000000 0.000000  0.000000 0.000000 -1.000000
2451545.129378  8.1461770840e-01  1.000000 0.000000 0.000000  0.000000 0.000000 -1.000000
2451545.130045  8.4995641577e-01  1.000000 0.000000 0.000000  0.000000 0.000000 -1.000000
2451545.130712  8.7030675152e-01  1.000000 0.000000 0.000000  0.000000 0.000000 -1.000000
2451545.131378  8.8807681829e-01  1.000000 0.000000 0.000000  0.000000 0.000000 -1.000000
2451545.132045  9.1129420350e-01  1.000000 0.000000 0.000000  0.000000 0.000000 -1.000000
2451545.132712  9.2275384076e-01  1.000000 0.000000 0.000000  0.000000 0.000000 -1.000000
2451545.133379  9.3284302484e-01  1.000000 0.000000 0.000000  0.000000 0.000000 -1.000000
2451545.134046  9.4232667157e-01  1.000000 0.000000 0.000000  0.000000 0.000000 -1.000000
2451545.134713  9.4734570767e-01  1.000000 0.000000 0.000000  0.000000 0.000000 -1.000000
2451545.135380  9.5323591187e-01  1.000000 0.000000 0.000000  0.000000 0.000000 -1.000000
2451545.136047  9.6039006516e-01  1.000000 0.000000 0.000000  0.000000 0.000000 -1.000000
2451545.136714  9.6603629194e-01  1.000000 0.000000 0.000000  0.000000 0.000000 -1.000000
2451545.137381  9.7388259584e-01  1.000000 0.000000 0.000000  0.000000 0.000000 -1.000000
2451545.138047  9.7938732074e-01  1.000000 0.000000 0.000000  0.000000 0.000000 -1.000000
2451545.138714  9.8683882939e-01  1.000000 0.000000 0.000000  0.000000 0.000000 -1.000000
2451545.139381  9.9565147525e-01  1.000000 0.000000 0.000000  0.000000 0.000000 -1.000000
2451545.140048  1.0020258576e+00  1.000000 0.000000 0.000000  0.000000 0.000000 -1.000000
2451545.140715  1.0082207188e+00  1.000000 0.000000 0.000000  0.000000 0.000000 -1.000000
2451545.141382  1.0165124263e+00  1.000000 0.000000 0.000000  0.000000 0.000000 -1.000000
2451545.142049  1.0227407746e+00  1.000000 0.000000 0.000000  0.000000 0.000000 -1.000000
2451545.142716  1.0294603510e+00  1.000000 0.000000 0.000000  0.000000 0.000000 -1.000000
2451545.143383  1.0384776962e+00  1.000000 0.000000 0.000000  0.000000 0.000000 -1.000000
2451545.144050  1.0435999632e+00  1.000000 0.000000 0.000000  0.000000 0.000000 -1.000000
2451545.144716  1.0489362455e+00  1.000000 0.000000 0.000000  0.000000 0.000000 -1.000000
2451545.145383  1.0566848577e+00  1.000000 0.000000 0.000000  0.000000 0.000000 -1.000000
2451545.146050  1.0613662532e+00  1.000000 0.000000 0.000000  0.000000 0.000000 -1.000000
2451545.146717  1.0667415618e+00  1.000000 0.000000 0.000000  0.000000 0.000000 -1.000000
2451545.147384  1.0740634024e+00  1.000000 0.000000 0.000000  0.000000 0.000000 -1.000000
2451545.148051  1.0779886945e+00  1.000000 0.000000 0.000000  0.000000 0.000000 -1.000000
2451545.148718  1.0848787278e+00  1.000000 0.000000 0.000000  0.000000 0.000000 -1.000000
2451545.149385  1.0953536429e+00  1.000000 0.000000 0.000000  0.000000 0.000000 -1.000000
2451545.150052  1.1027767001e+00  1.000000 0.000000 0.000000  0.000000 0.000000 -1.000000
2451545.150718  1.1104125137e+00  1.000000 0.000000 0.000000  0.000000 0.000000 -1.000000
2451545.151385  1.1193314118e+00  1.000000 0.000000 0.000000  0.000000 0.000000 -1.000000
2451545.152052  1.1258986597e+00  1.000000 0.000000 0.000000  0.000000 0.000000 -1.000000
2451545.152719  1.1324445060e+00  1.000000 0.000000 0.000000  0.000000 0.000000 -1.000000
2451545.153386  1.1405942081e+00  1.000000 0.000000 0.000000  0.000000 0.000000 -1.000000
2451545.154053  1.2156664896e+00  1.000000 0.000000 0.000000  0.000000 0.000000 -1.000000
2451545.154720  1.2165837340e+00  1.000000 0.000000 0.000000  0.000000 0.000000 -1.000000
2451545.155387  1.2166640526e+00  1.000000 0.000000 0.000000  0.000000 0.000000 -1.000000
2451545.156054  1.2159502487e+00  1.000000 0.000000 0.000000  0.000000 0.000000 -1.000000
2451545.156721  1.2152346823e+00  1.000000 0.000000 0.000000  0.000000 0.000000 -1.000000
2451545.157387  1.2165580521e+00  1.000000 0.000000 0.000000  0.000000 0.000000 -1.000000
2451545.158054  1.2156488648e+00  1.000000 0.000000 0.000000  0.000000 0.000000 -1.000000
2451545.158721  1.2173692959e+00  1.000000 0.000000 0.000000  0.000000 0.000000 -1.000000
2451545.159388  1.2162826019e+00  1.000000 0.000000 0.000000  0.000000 0.000000 -1.000000
2451545.160055  1.2165683752e+00  1.000000 0.000000 0.000000  0.000000 0.000000 -1.000000
2451545.160722  1.2165265793e+00  1.000000 0.000000 0.000000  0.000000 0.000000 -1.000000
2451545.161389  1.2169198638e+00  1.000000 0.000000 0.000000  0.000000 0.000000 -1.000000
2451545.162056  1.2164628783e+00  1.000000 0.000000 0.000000  0.000000 0.000000 -1.000000
2451545.162723  1.2154565029e+00  1.000000 0.000000 0.000000  0.000000 0.000000 -1.000000
2451545.163389  1.2174979569e+00  1.000000 0.000000 0.000000  0.000000 0.000000 -1.000000
2451545.164056  1.2171076937e+00  1.000000 0.000000 0.000000  0.000000 0.000000 -1.000000
2451545.164723  1.2169828095e+00  1.000000 0.000000 0.000000  0.000000 0.000000 -1.000000
2451545.165390  1.2161149146e+00  1.000000 0.000000 0.000000  0.000000 0.000000 -1.000000
2451545.166057  1.2172063925e+00  1.000000 0.000000 0.000000  0.000000 0.000000 -1.000000
2451545.166724  1.2169306905e+00  1.000000 0.000000 0.000000  0.000000 0.000000 -1.000000
2451545.167391  1.2174586788e+00  1.000000 0.000000 0.000000  0.000000 0.000000 -1.000000
2451545.168058  1.2170623728e+00  1.000000 0.000000 0.000000  0.000000 0.000000 -1.000000
2451545.168725  1.2163880988e+00  1.000000 0.000000 0.000000  0.000000 0.000000 -1.000000
2451545.169392  1.2164097521e+00  1.000000 0.000000 0.000000  0.000000 0.000000 -1.000000
2451545.170058  1.2168156258e+00  1.000000 0.000000 0.000000  0.000000 0.000000 -1.000000
2451545.170725  1.2163228871e+00  1.000000 0.000000 0.000000  0.000000 0.000000 -1.000000
2451545.171392  1.2144692629e+00  1.000000 0.000000 0.000000  0.000000 0.000000 -1.000000
2451545.172059  1.2122719554e+00  1.000000 0.000000 0.000000  0.000000 0.000000 -1.000000
2451545.172726  1.2112449338e+00  1.000000 0.000000 0.000000  0.000000 0.000000 -1.000000
2451545.173393  1.2094597946e+00  1.000000 0.000000 0.000000  0.000000 0.000000 -1.000000
2451545.174060  1.2080039871e+00  1.000000 0.000000 0.000000  0.000000 0.000000 -1.000000
2451545.174727  1.2040076923e+00  1.000000 0.000000 0.000000  0.000000 0.000000 -1.000000
2451545.175394  1.2003304061e+00  1.000000 0.000000 0.000000  0.000000 0.000000 -1.000000
2451545.176061  1.1972075454e+00  1.000000 0.000000 0.000000  0.000000 0.000000 -1.000000
2451545.176727  1.1925739886e+00  1.000000 0.000000 0.000000  0.000000 0.000000 -1.000000
2451545.177394  1.1886557464e+00  1.000000 0.000000 0.000000  0.000000 0.000000 -1.000000
2451545.178061  1.1833975168e+00  1.000000 0.000000 0.000000  0.000000 0.000000 -1.000000
2451545.178728  1.1764807946e+00  1.000000 0.000000 0.000000  0.000000 0.000000 -1.000000
2451545.179395  1.1709335184e+00  1.000000 0.000000 0.000000  0.000000 0.000000 -1.000000
2451545.180062  1.1669231237e+00  1.000000 0.000000 0.000000  0.000000 0.000000 -1.000000
2451545.180729  1.1580389716e+00  1.000000 0.000000 0.000000  0.000000 0.000000 -1.000000
2451545.181396  1.1514687023e+00  1.000000 0.000000 0.000000  0.000000 0.000000 -1.000000
2451545.182063  1.1447957058e+00  1.000000 0.000000 0.000000  0.000000 0.000000 -1.000000
2451545.182729  1.1348686697e+00  1.000000 0.000000 0.000000  0.000000 0.000000 -1.000000
2451545.183396  1.1288394815e+00  1.000000 0.000000 0.000000  0.000000 0.000000 -1.000000
2451545.184063  1.1210989263e+00  1.000000 0.000000 0.000000  0.000000 0.000000 -1.000000
2451545.184730  1.1101325313e+00  1.000000 0.000000 0.000000  0.000000 0.000000 -1.000000
2451545.185397  1.1039855088e+00  1.000000 0.000000 0.000000  0.000000 0.000000 -1.000000
2451545.186064  1.0966032404e+00  1.000000 0.000000 0.000000  0.000000 0.000000 -1.000000
2451545.186731  1.0874438898e+00  1.000000 0.000000 0.000000  0.000000 0.000000 -1.000000
2451545.187398  1.0803977513e+00  1.000000 0.000000 0.000000  0.000000 0.000000 -1.000000
2451545.188065  1.0743861878e+00  1.000000 0.000000 0.000000  0.000000 0.000000 -1.000000
2451545.188732  1.0672086187e+00  1.000000 0.000000 0.000000  0.000000 0.000000 -1.000000
2451545.189398  1.0615543349e+00  1.000000 0.000000 0.000000  0.000000 0.000000 -1.000000
2451545.190065  1.0560188925e+00  1.000000 0.000000 0.000000  0.000000 0.000000 -1.000000
2451545.190732  1.0476335219e+00  1.000000 0.000000 0.000000  0.000000 0.000000 -1.000000
2451545.191399  1.0425948467e+00  1.000000 0.000000 0.000000  0.000000 0.000000 -1.000000
2451545.192066  1.0380443782e+00  1.000000 0.000000 0.000000  0.000000 0.000000 -1.000000
2451545.192733  1.0300087337e+00  1.000000 0.000000 0.000000  0.000000 0.000000 -1.000000
2451545.193400  1.0251840738e+00  1.000000 0.000000 0.000000  0.000000 0.000000 -1.000000
2451545.194067  1.0208126228e+00  1.000000 0.000000 0.000000  0.000000 0.000000 -1.000000
2451545.194734  1.0143944303e+00  1.000000 0.000000 0.000000  0.000000 0.000000 -1.000000
2451545.195400  1.0100280149e+00  1.000000 0.000000 0.000000  0.000000 0.000000 -1.000000
2451545.196067  1.0053277357e+00  1.000000 0.000000 0.000000  0.000000 0.000000 -1.000000
2451545.196734  1.0043329423e+00  1.000000 0.000000 0.000000  0.000000 0.000000 -1.000000
2451545.197401  1.0079472828e+00  1.000000 0.000000 0.000000  0.000000 0.000000 -1.000000
2451545.198068  1.0118670357e+00  1.000000 0.000000 0.000000  0.000000 0.000000 -1.000000
2451545.198735  1.0176585411e+00  1.000000 0.000000 0.000000  0.000000 0.000000 -1.000000
2451545.199402  1.0194119557e+00  1.000000 0.000000 0.000000  0.000000 0.000000 -1.000000
2451545.200069  1.0232012852e+00  1.000000 0.000000 0.000000  0.000000 0.000000 -1.000000
2451545.200736  1.0265250684e+00  1.000000 0.000000 0.000000  0.000000 0.000000 -1.000000
2451545.201403  1.0296658057e+00  1.000000 0.000000 0.000000  0.000000 0.000000 -1.000000
2451545.202069  1.0307268179e+00  1.000000 0.000000 0.000000  0.000000 0.000000 -1.000000
2451545.202736  1.0335795158e+00  1.000000 0.000000 0.000000  0.000000 0.000000 -1.000000
2451545.203403  1.0353571016e+00  1.000000 0.000000 0.000000  0.000000 0.000000 -1.000000
2451545.204070  1.0374652780e+00  1.000000 0.000000 0.000000  0.000000 0.000000 -1.000000
2451545.204737  1.0388410186e+00  1.000000 0.000000 0.000000  0.000000 0.000000 -1.000000
2451545.205404  1.0387513840e+00  1.000000 0.000000 0.000000  0.000000 0.000000 -1.000000
2451545.206071  1.0387491179e+00  1.000000 0.000000 0.000000  0.000000 0.000000 -1.000000
2451545.206738  1.0375294826e+00  1.000000 0.000000 0.000000  0.000000 0.000000 -1.000000
2451545.207405  1.0359724585e+00  1.000000 0.000000 0.000000  0.000000 0.000000 -1.000000
2451545.208072  1.0343139659e+00  1.000000 0.000000 0.000000  0.000000 0.000000 -1.000000
2451545.208738  1.0330130047e+00  1.000000 0.000000 0.000000  0.000000 0.000000 -1.000000
2451545.209405  1.0318762059e+00  1.000000 0.000000 0.000000  0.000000 0.000000 -1.000000
2451545.210072  1.0320242541e+00  1.000000 0.000000 0.000000  0.000000 0.000000 -1.000000
2451545.210739  1.0321325207e+00  1.000000 0.000000 0.000000  0.000000 0.000000 -1.000000
2451545.211406  1.0316274446e+00  1.000000 0.000000 0.000000  0.000000 0.000000 -1.000000
2451545.212073  1.0308167044e+00  1.000000 0.000000 0.000000  0.000000 0.000000 -1.000000
2451545.212740  1.0304153628e+00  1.000000 0.000000 0.000000  0.000000 0.000000 -1.000000
2451545.213407  1.0289368948e+00  1.000000 0.000000 0.000000  0.000000 0.000000 -1.000000
2451545.214074  1.0287535970e+00  1.000000 0.000000 0.000000  0.000000 0.000000 -1.000000
2451545.214740  1.0279035787e+00  1.000000 0.000000 0.000000  0.000000 0.000000 -1.000000
2451545.215407  1.0283323646e+00  1.000000 0.000000 0.000000  0.000000 0.000000 -1.000000
2451545.216074  1.0266038764e+00  1.000000 0.000000 0.000000  0.000000 0.000000 -1.000000
2451545.216741  1.0270374462e+00  1.000000 0.000000 0.000000  0.000000 0.000000 -1.000000
2451545.217408  1.0276908223e+00  1.000000 0.000000 0.000000  0.000000 0.000000 -1.000000
2451545.218075  1.0289081916e+00  1.000000 0.000000 0.000000  0.000000 0.000000 -1.000000
2451545.218742  1.0311739840e+00  1.000000 0.000000 0.000000  0.000000 0.000000 -1.000000
2451545.219409  1.0327171601e+00  1.000000 0.000000 0.000000  0.000000 0.000000 -1.000000
2451545.220076  1.0359832851e+00  1.000000 0.000000 0.000000  0.000000 0.000000 -1.000000
2451545.220743  1.0353505552e+00  1.000000 0.000000 0.000000  0.000000 0.000000 -1.000000
2451545.221409  1.0282266158e+00  1.000000 0.000000 0.000000  0.000000 0.000000 -1.000000
2451545.222076  1.0128897770e+00  1.000000 0.000000 0.000000  0.000000 0.000000 -1.000000
2451545.222743  1.0008011866e+00  1.000000 0.000000 0.000000  0.000000 0.000000 -1.000000
2451545.223410  9.8441894598e-01  1.000000 0.000000 0.000000  0.000000 0.000000 -1.000000
2451545.224077  9.5937210775e-01  1.000000 0.000000 0.000000  0.000000 0.000000 -1.000000
2451545.224744  9.4281236037e-01  1.000000 0.000000 0.000000  0.000000 0.000000 -1.000000
2451545.225411  9.2810749605e-01  1.000000 0.000000 0.000000  0.000000 0.000000 -1.000000
2451545.226078  9.0679081835e-01  1.000000 0.000000 0.000000  0.000000 0.000000 -1.000000
2451545.226745  8.9244575149e-01  1.000000 0.000000 0.000000  0.000000 0.000000 -1.000000
2451545.227411  8.7887818957e-01  1.000000 0.000000 0.000000  0.000000 0.000000 -1.000000
2451545.228078  8.6117887374e-01  1.000000 0.000000 0.000000  0.000000 0.000000 -1.000000
2451545.228745  8.4812922881e-01  1.000000 0.000000 0.000000  0.000000 0.000000 -1.000000
2451545.229412  8.3536535723e-01  1.000000 0.000000 0.000000  0.000000 0.000000 -1.000000
2451545.230079  8.1525119364e-01  1.000000 0.000000 0.000000  0.000000 0.000000 -1.000000
2451545.230746  8.0162395922e-01  1.000000 0.000000 0.000000  0.000000 0.000000 -1.000000
2451545.231413  7.8805841157e-01  1.000000 0.000000 0.000000  0.000000 0.000000 -1.000000
2451545.232080  7.6723170297e-01  1.000000 0.000000 0.000000  0.000000 0.000000 -1.000000
2451545.232747  7.5309662287e-01  1.000000 0.000000 0.000000  0.000000 0.000000 -1.000000
2451545.233414  7.3898445500e-01  1.000000 0.000000 0.000000  0.000000 0.000000 -1.000000
2451545.234080  7.1923285848e-01  1.000000 0.000000 0.000000  0.000000 0.000000 -1.000000
2451545.234747  7.0629853002e-01  1.000000 0.000000 0.000000  0.000000 0.000000 -1.000000
2451545.235414  6.9251317608e-01  1.000000 0.000000 0.000000  0.000000 0.000000 -1.000000
2451545.236081  6.7236149687e-01  1.000000 0.000000 0.000000  0.000000 0.000000 -1.000000
2451545.236748  6.6026988507e-01  1.000000 0.000000 0.000000  0.000000 0.000000 -1.000000
2451545.237415  6.4729350890e-01  1.000000 0.000000 0.000000  0.000000 0.000000 -1.000000
2451545.238082  6.2887787132e-01  1.000000 0.000000 0.000000  0.000000 0.000000 -1.000000
2451545.238749  6.1723569162e-01  1.000000 0.000000 0.000000  0.000000 0.000000 -1.000000
2451545.239416  6.0088165069e-01  1.000000 0.000000 0.000000  0.000000 0.000000 -1.000000
360  1
2451545.000000  5.5137120698e-01  1.000000 0.000000 0.000000  0.000000 1.000000 0.000000
2451545.000667  6.1247019183e-01  1.000000 0.000000 0.000000  0.000000 1.000000 0.000000
2451545.001334  6.6321244201e-01  1.000000 0.000000 0.000000  0.000000 1.000000 0.000000
2451545.002001  7.2500543903e-01  1.000000 0.000000 0.000000  0.000000 1.000000 0.000000
2451545.002668  7.6390494249e-01  1.000000 0.000000 0.000000  0.000000 1.000000 0.000000
2451545.003334  7.9393210371e-01  1.000000 0.000000 0.000000  0.000000 1.000000 0.000000
2451545.004001  8.2703575526e-01  1.000000 0.000000 0.000000  0.000000 1.000000 0.000000
2451545.004668  8.4492296735e-01  1.000000 0.000000 0.000000  0.000000 1.000000 0.000000
2451545.005335  8.5931501430e-01  1.000000 0.000000 0.000000  0.000000 1.000000 0.000000
2451545.006002  8.7636973571e-01  1.000000 0.000000 0.000000  0.000000 1.000000 0.000000
2451545.006669  8.8490762402e-01  1.000000 0.000000 0.000000  0.000000 1.000000 0.000000
2451545.007336  8.8914539027e-01  1.000000 0.000000 0.000000  0.000000 1.000000 0.000000
2451545.008003  8.9514045687e-01  1.000000 0.000000 0.000000  0.000000 1.000000 0.000000
2451545.008670  9.0006818620e-01  1.000000 0.000000 0.000000  0.000000 1.000000 0.000000
2451545.009337  9.0590209945e-01  1.000000 0.000000 0.000000  0.000000 1.000000 0.000000
2451545.010003  9.1953858824e-01  1.000000 0.000000 0.000000  0.000000 1.000000 0.000000
2451545.010670  9.2997630449e-01  1.000000 0.000000 0.000000  0.000000 1.000000 0.000000
2451545.011337  9.4156233959e-01  1.000000 0.000000 0.000000  0.000000 1.000000 0.000000
2451545.012004  9.5732216549e-01  1.000000 0.000000 0.000000  0.000000 1.000000 0.000000
2451545.012671  9.6660508436e-01  1.000000 0.000000 0.000000  0.000000 1.000000 0.000000
2451545.013338  9.7776515633e-01  1.000000 0.000000 0.000000  0.000000 1.000000 0.000000
2451545.014005  9.9318000069e-01  1.000000 0.000000 0.000000  0.000000 1.000000 0.000000
2451545.014672  1.0031868949e+00  1.000000 0.000000 0.000000  0.000000 1.000000 0.000000
2451545.015339  1.0086094217e+00  1.000000 0.000000 0.000000  0.000000 1.000000 0.000000
2451545.016006  1.0177765369e+00  1.000000 0.000000 0.000000  0.000000 1.000000 0.000000
2451545.016672  1.0206044138e+00  1.000000 0.000000 0.000000  0.000000 1.000000 0.000000
2451545.017339  1.0243935421e+00  1.000000 0.000000 0.000000  0.000000 1.000000 0.000000
2451545.018006  1.0258001922e+00  1.000000 0.000000 0.000000  0.000000 1.000000 0.000000
2451545.018673  1.0265711369e+00  1.000000 0.000000 0.000000  0.000000 1.000000 0.000000
2451545.019340  1.0230451987e+00  1.000000 0.000000 0.000000  0.000000 1.000000 0.000000
2451545.020007  1.0204319230e+00  1.000000 0.000000 0.000000  0.000000 1.000000 0.000000
2451545.020674  1.0206991623e+00  1.000000 0.000000 0.000000  0.000000 1.000000 0.000000
2451545.021341  1.0196982299e+00  1.000000 0.000000 0.000000  0.000000 1.000000 0.000000
2451545.022008  1.0218652971e+00  1.000000 0.000000 0.000000  0.000000 1.000000 0.000000
2451545.022674  1.0246016648e+00  1.000000 0.000000 0.000000  0.000000 1.000000 0.000000
2451545.023341  1.0271210018e+00  1.000000 0.000000 0.000000  0.000000 1.000000 0.000000
2451545.024008  1.0390908896e+00  1.000000 0.000000 0.000000  0.000000 1.000000 0.000000
2451545.024675  1.0534659304e+00  1.000000 0.000000 0.000000  0.000000 1.000000 0.000000
2451545.025342  1.0591071075e+00  1.000000 0.000000 0.000000  0.000000 1.000000 0.000000
2451545.026009  1.0721904921e+00  1.000000 0.000000 0.000000  0.000000 1.000000 0.000000
2451545.026676  1.0785005771e+00  1.000000 0.000000 0.000000  0.000000 1.000000 0.000000
2451545.027343  1.0846519381e+00  1.000000 0.000000 0.000000  0.000000 1.000000 0.000000
2451545.028010  1.0890516675e+00  1.000000 0.000000 0.000000  0.000000 1.000000 0.000000
2451545.028677  1.0965618995e+00  1.000000 0.000000 0.000000  0.000000 1.000000 0.000000
2451545.029343  1.0976122307e+00  1.000000 0.000000 0.000000  0.000000 1.000000 0.000000
2451545.030010  1.1085496033e+00  1.000000 0.000000 0.000000  0.000000 1.000000 0.000000
2451545.030677  1.1056415546e+00  1.000000 0.000000 0.000000  0.000000 1.000000 0.000000
2451545.031344  1.1139340688e+00  1.000000 0.000000 0.000000  0.000000 1.000000 0.000000
2451545.032011  1.1164040070e+00  1.000000 0.000000 0.000000  0.000000 1.000000 0.000000
2451545.032678  1.1204628040e+00  1.000000 0.000000 0.000000  0.000000 1.000000 0.000000
2451545.033345  1.1250552696e+00  1.000000 0.000000 0.000000  0.000000 1.000000 0.000000
2451545.034012  1.1325258206e+00  1.000000 0.000000 0.000000  0.000000 1.000000 0.000000
2451545.034679  1.1350297712e+00  1.000000 0.000000 0.000000  0.000000 1.000000 0.000000
2451545.035345  1.1397412797e+00  1.000000 0.000000 0.000000  0.000000 1.000000 0.000000
2451545.036012  1.1436721257e+00  1.000000 0.000000 0.000000  0.000000 1.000000 0.000000
2451545.036679  1.1497060635e+00  1.000000 0.000000 0.000000  0.000000 1.000000 0.000000
2451545.037346  1.1566089336e+00  1.000000 0.000000 0.000000  0.000000 1.000000 0.000000
2451545.038013  1.1596157798e+00  1.000000 0.000000 0.000000  0.000000 1.000000 0.000000
2451545.038680  1.1647184294e+00  1.000000 0.000000 0.000000  0.000000 1.000000 0.000000
2451545.039347  1.1716812259e+00  1.000000 0.000000 0.000000  0.000000 1.000000 0.000000
2451545.040014  1.1743471396e+00  1.000000 0.000000 0.000000  0.000000 1.000000 0.000000
2451545.040681  1.1775758753e+00  1.000000 0.000000 0.000000  0.000000 1.000000 0.000000
2451545.041348  1.1776309428e+00  1.000000 0.000000 0.000000  0.000000 1.000000 0.000000
2451545.042014  1.1828971751e+00  1.000000 0.000000 0.000000  0.000000 1.000000 0.000000
2451545.042681  1.1839863774e+00  1.000000 0.000000 0.000000  0.000000 1.000000 0.000000
2451545.043348  1.1841783038e+00  1.000000 0.000000 0.000000  0.000000 1.000000 0.000000
2451545.044015  1.1834438008e+00  1.000000 0.000000 0.000000  0.000000 1.000000 0.000000
2451545.044682  1.1820598256e+00  1.000000 0.000000 0.000000  0.000000 1.000000 0.000000
2451545.045349  1.1795607339e+00  1.000000 0.000000 0.000000  0.000000 1.000000 0.000000
2451545.046016  1.1757465014e+00  1.000000 0.000000 0.000000  0.000000 1.000000 0.000000
2451545.046683  1.1722723914e+00  1.000000 0.000000 0.000000  0.000000 1.000000 0.000000
2451545.047350  1.1645135460e+00  1.000000 0.000000 0.000000  0.000000 1.000000 0.000000
2451545.048017  1.1584059150e+00  1.000000 0.000000 0.000000  0.000000 1.000000 0.000000
2451545.048683  1.1486217201e+00  1.000000 0.000000 0.000000  0.000000 1.000000 0.000000
2451545.049350  1.1327072194e+00  1.000000 0.000000 0.000000  0.000000 1.000000 0.000000
2451545.050017  1.1175579946e+00  1.000000 0.000000 0.000000  0.000000 1.000000 0.000000
2451545.050684  1.1067542416e+00  1.000000 0.000000 0.000000  0.000000 1.000000 0.000000
2451545.051351  1.0850511773e+00  1.000000 0.000000 0.000000  0.000000 1.000000 0.000000
2451545.052018  1.0717612897e+00  1.000000 0.000000 0.000000  0.000000 1.000000 0.000000
2451545.052685  1.0591961873e+00  1.000000 0.000000 0.000000  0.000000 1.000000 0.000000
2451545.053352  1.0478215141e+00  1.000000 0.000000 0.000000  0.000000 1.000000 0.000000
2451545.054019  1.0374340064e+00  1.000000 0.000000 0.000000  0.000000 1.000000 0.000000
2451545.054685  1.0304444860e+00  1.000000 0.000000 0.000000  0.000000 1.000000 0.000000
2451545.055352  1.0161245126e+00  1.000000 0.000000 0.000000  0.000000 1.000000 0.000000
2451545.056019  1.0048907474e+00  1.000000 0.000000 0.000000  0.000000 1.000000 0.000000
2451545.056686  9.8861830811e-01  1.000000 0.000000 0.000000  0.000000 1.000000 0.000000
2451545.057353  9.4525024089e-01  1.000000 0.000000 0.000000  0.000000 1.000000 0.000000
2451545.058020  9.1250047885e-01  1.000000 0.000000 0.000000  0.000000 1.000000 0.000000
2451545.058687  8.8376011499e-01  1.000000 0.000000 0.000000  0.000000 1.000000 0.000000
2451545.059354  8.6637579854e-01  1.000000 0.000000 0.000000  0.000000 1.000000 0.000000
2451545.060021  8.6729251006e-01  1.000000 0.000000 0.000000  0.000000 1.000000 0.000000
2451545.060688  8.7187120877e-01  1.000000 0.000000 0.000000  0.000000 1.000000 0.000000
2451545.061354  8.8165702328e-01  1.000000 0.000000 0.000000  0.000000 1.000000 0.000000
2451545.062021  8.8509955038e-01  1.000000 0.000000 0.000000  0.000000 1.000000 0.000000
2451545.062688  8.8986126746e-01  1.000000 0.000000 0.000000  0.000000 1.000000 0.000000
2451545.063355  8.9519309490e-01  1.000000 0.000000 0.000000  0.000000 1.000000 0.000000
2451545.064022  8.9851091036e-01  1.000000 0.000000 0.000000  0.000000 1.000000 0.000000
2451545.064689  9.0083589161e-01  1.000000 0.000000 0.000000  0.000000 1.000000 0.000000
2451545.065356  9.0253245578e-01  1.000000 0.000000 0.000000  0.000000 1.000000 0.000000
2451545.066023  9.0633130184e-01  1.000000 0.000000 0.000000  0.000000 1.000000 0.000000
2451545.066690  9.1706703032e-01  1.000000 0.000000 0.000000  0.000000 1.000000 0.000000
2451545.067356  9.4549561508e-01  1.000000 0.000000 0.000000  0.000000 1.000000 0.000000
2451545.068023  9.7127448245e-01  1.000000 0.000000 0.000000  0.000000 1.000000 0.000000
2451545.068690  1.0200585979e+00  1.000000 0.000000 0.000000  0.000000 1.000000 0.000000
2451545.069357  1.0597541504e+00  1.000000 0.000000 0.000000  0.000000 1.000000 0.000000
2451545.070024  1.0942417772e+00  1.000000 0.000000 0.000000  0.000000 1.000000 0.000000
2451545.070691  1.1371199058e+00  1.000000 0.000000 0.000000  0.000000 1.000000 0.000000
2451545.071358  1.1553213265e+00  1.000000 0.000000 0.000000  0.000000 1.000000 0.000000
2451545.072025  1.1696218642e+00  1.000000 0.000000 0.000000  0.000000 1.000000 0.000000
2451545.072692  1.1890768798e+00  1.000000 0.000000 0.000000  0.000000 1.000000 0.000000
2451545.073359  1.1980536882e+00  1.000000 0.000000 0.000000  0.000000 1.000000 0.000000
2451545.074025  1.2048529020e+00  1.000000 0.000000 0.000000  0.000000 1.000000 0.000000
2451545.074692  1.2112933673e+00  1.000000 0.000000 0.000000  0.000000 1.000000 0.000000
2451545.075359  1.2142589128e+00  1.000000 0.000000 0.000000  0.000000 1.000000 0.000000
2451545.076026  1.2137697841e+00  1.000000 0.000000 0.000000  0.000000 1.000000 0.000000
2451545.076693  1.2094437479e+00  1.000000 0.000000 0.000000  0.000000 1.000000 0.000000
2451545.077360  1.2060206564e+00  1.000000 0.000000 0.000000  0.000000 1.000000 0.000000
2451545.078027  1.2037475034e+00  1.000000 0.000000 0.000000  0.000000 1.000000 0.000000
2451545.078694  1.1974657620e+00  1.000000 0.000000 0.000000  0.000000 1.000000 0.000000
2451545.079361  1.1952395782e+00  1.000000 0.000000 0.000000  0.000000 1.000000 0.000000
2451545.080028  1.1932037012e+00  1.000000 0.000000 0.000000  0.000000 1.000000 0.000000
2451545.080694  1.1945650016e+00  1.000000 0.000000 0.000000  0.000000 1.000000 0.000000
2451545.081361  1.1992360194e+00  1.000000 0.000000 0.000000  0.000000 1.000000 0.000000
2451545.082028  1.2045224971e+00  1.000000 0.000000 0.000000  0.000000 1.000000 0.000000
2451545.082695  1.2182488754e+00  1.000000 0.000000 0.000000  0.000000 1.000000 0.000000
2451545.083362  1.2261923589e+00  1.000000 0.000000 0.000000  0.000000 1.000000 0.000000
2451545.084029  1.2336799161e+00  1.000000 0.000000 0.000000  0.000000 1.000000 0.000000
2451545.084696  1.2360753513e+00  1.000000 0.000000 0.000000  0.000000 1.000000 0.000000
2451545.085363  1.2302811191e+00  1.000000 0.000000 0.000000  0.000000 1.000000 0.000000
2451545.086030  1.2185582251e+00  1.000000 0.000000 0.000000  0.000000 1.000000 0.000000
2451545.086696  1.2004912339e+00  1.000000 0.000000 0.000000  0.000000 1.000000 0.000000
2451545.087363  1.1882800210e+00  1.000000 0.000000 0.000000  0.000000 1.000000 0.000000
2451545.088030  1.1763587221e+00  1.000000 0.000000 0.000000  0.000000 1.000000 0.000000
2451545.088697  1.1560509705e+00  1.000000 0.000000 0.000000  0.000000 1.000000 0.000000
2451545.089364  1.1400862612e+00  1.000000 0.000000 0.000000  0.000000 1.000000 0.000000
2451545.090031  1.1276693551e+00  1.000000 0.000000 0.000000  0.000000 1.000000 0.000000
2451545.090698  1.1038162298e+00  1.000000 0.000000 0.000000  0.000000 1.000000 0.000000
2451545.091365  1.0882183670e+00  1.000000 0.000000 0.000000  0.000000 1.000000 0.000000
2451545.092032  1.0687811674e+00  1.000000 0.000000 0.000000  0.000000 1.000000 0.000000
2451545.092699  1.0417357481e+00  1.000000 0.000000 0.000000  0.000000 1.000000 0.000000
2451545.093365  1.0260884866e+00  1.000000 0.000000 0.000000  0.000000 1.000000 0.000000
2451545.094032  1.0096006363e+00  1.000000 0.000000 0.000000  0.000000 1.000000 0.000000
2451545.094699  9.8973909322e-01  1.000000 0.000000 0.000000  0.000000 1.000000 0.000000
2451545.095366  9.8065457922e-01  1.000000 0.000000 0.000000  0.000000 1.000000 0.000000
2451545.096033  9.7713997851e-01  1.000000 0.000000 0.000000  0.000000 1.000000 0.000000
2451545.096700  9.3891991053e-01  1.000000 0.000000 0.000000  0.000000 1.000000 0.000000
2451545.097367  9.0258833307e-01  1.000000 0.000000 0.000000  0.000000 1.000000 0.000000
2451545.098034  8.6600247344e-01  1.000000 0.000000 0.000000  0.000000 1.000000 0.000000
2451545.098701  8.1303565917e-01  1.000000 0.000000 0.000000  0.000000 1.000000 0.000000
2451545.099367  7.8184317297e-01  1.000000 0.000000 0.000000  0.000000 1.000000 0.000000
2451545.100034  7.5352229372e-01  1.000000 0.000000 0.000000  0.000000 1.000000 0.000000
2451545.100701  7.1293918314e-01  1.000000 0.000000 0.000000  0.000000 1.000000 0.000000
2451545.101368  6.8722510105e-01  1.000000 0.000000 0.000000  0.000000 1.000000 0.000000
2451545.102035  6.6177420910e-01  1.000000 0.000000 0.000000  0.000000 1.000000 0.000000
2451545.102702  6.2585158863e-01  1.000000 0.000000 0.000000  0.000000 1.000000 0.000000
2451545.103369  6.0419144459e-01  1.000000 0.000000 0.000000  0.000000 1.000000 0.000000
2451545.104036  5.7712577987e-01  1.000000 0.000000 0.000000  0.000000 1.000000 0.000000
2451545.104703  5.5768939010e-01  1.000000 0.000000 0.000000  0.000000 1.000000 0.000000
2451545.105370  5.3948230076e-01  1.000000 0.000000 0.000000  0.000000 1.000000 0.000000
2451545.106036  5.1683094214e-01  1.000000 0.000000 0.000000  0.000000 1.000000 0.000000
2451545.106703  5.0177484620e-01  1.000000 0.000000 0.000000  0.000000 1.000000 0.000000
2451545.107370  4.9190319122e-01  1.000000 0.000000 0.000000  0.000000 1.000000 0.000000
2451545.108037  4.8030743833e-01  1.000000 0.000000 0.000000  0.000000 1.000000 0.000000
2451545.108704  4.7573440833e-01  1.000000 0.000000 0.000000  0.000000 1.000000 0.000000
2451545.109371  4.7204812666e-01  1.000000 0.000000 0.000000  0.000000 1.000000 0.000000
2451545.110038  4.6889146455e-01  1.000000 0.000000 0.000000  0.000000 1.000000 0.000000
2451545.110705  4.6934334179e-01  1.000000 0.000000 0.000000  0.000000 1.000000 0.000000
2451545.111372  4.7161163593e-01  1.000000 0.000000 0.000000  0.000000 1.000000 0.000000
2451545.112039  4.7650940208e-01  1.000000 0.000000 0.000000  0.000000 1.000000 0.000000
2451545.112705  4.8228905767e-01  1.000000 0.000000 0.000000  0.000000 1.000000 0.000000
2451545.113372  4.8763384216e-01  1.000000 0.000000 0.000000  0.000000 1.000000 0.000000
2451545.114039  5.0520036717e-01  1.000000 0.000000 0.000000  0.000000 1.000000 0.000000
2451545.114706  5.2821128402e-01  1.000000 0.000000 0.000000  0.000000 1.000000 0.000000
2451545.115373  5.6842349895e-01  1.000000 0.000000 0.000000  0.000000 1.000000 0.000000
2451545.116040  6.2377036194e-01  1.000000 0.000000 0.000000  0.000000 1.000000 0.000000
2451545.116707  6.5030964637e-01  1.000000 0.000000 0.000000  0.000000 1.000000 0.000000
2451545.117374  6.7436927472e-01  1.000000 0.000000 0.000000  0.000000 1.000000 0.000000
2451545.118041  7.0561763821e-01  1.000000 0.000000 0.000000  0.000000 1.000000 0.000000
2451545.118707  7.2529940218e-01  1.000000 0.000000 0.000000  0.000000 1.000000 0.000000
2451545.119374  7.4361905592e-01  1.000000 0.000000 0.000000  0.000000 1.000000 0.000000
2451545.120041  7.7974979905e-01  1.000000 0.000000 0.000000  0.000000 1.000000 0.000000
2451545.120708  8.1711065243e-01  1.000000 0.000000 0.000000  0.000000 1.000000 0.000000
2451545.121375  8.6128772567e-01  1.000000 0.000000 0.000000  0.000000 1.000000 0.000000
2451545.122042  9.3121613253e-01  1.000000 0.000000 0.000000  0.000000 1.000000 0.000000
2451545.122709  9.8203369558e-01  1.000000 0.000000 0.000000  0.000000 1.000000 0.000000
2451545.123376  1.0436420546e+00  1.000000 0.000000 0.000000  0.000000 1.000000 0.000000
2451545.124043  1.1438308496e+00  1.000000 0.000000 0.000000  0.000000 1.000000 0.000000
2451545.124710  1.1970972957e+00  1.000000 0.000000 0.000000  0.000000 1.000000 0.000000
2451545.125376  1.2341698547e+00  1.000000 0.000000 0.000000  0.000000 1.000000 0.000000
2451545.126043  1.2670678130e+00  1.000000 0.000000 0.000000  0.000000 1.000000 0.000000
2451545.126710  1.2776399587e+00  1.000000 0.000000 0.000000  0.000000 1.000000 0.000000
2451545.127377  1.2845695528e+00  1.000000 0.000000 0.000000  0.000000 1.000000 0.000000
2451545.128044  1.2930467049e+00  1.000000 0.000000 0.000000  0.000000 1.000000 0.000000
2451545.128711  1.2972844711e+00  1.000000 0.000000 0.000000  0.000000 1.000000 0.000000
2451545.129378  1.2997681763e+00  1.000000 0.000000 0.000000  0.000000 1.000000 0.000000
2451545.130045  1.3060636846e+00  1.000000 0.000000 0.000000  0.000000 1.000000 0.000000
2451545.130712  1.3122352910e+00  1.000000 0.000000 0.000000  0.000000 1.000000 0.000000
2451545.131378  1.3173298424e+00  1.000000 0.000000 0.000000  0.000000 1.000000 0.000000
2451545.132045  1.3315161962e+00  1.000000 0.000000 0.000000  0.000000 1.000000 0.000000
2451545.132712  1.3427540105e+00  1.000000 0.000000 0.000000  0.000000 1.000000 0.000000
2451545.133379  1.3473140834e+00  1.000000 0.000000 0.000000  0.000000 1.000000 0.000000
2451545.134046  1.3570618366e+00  1.000000 0.000000 0.000000  0.000000 1.000000 0.000000
2451545.134713  1.3633970258e+00  1.000000 0.000000 0.000000  0.000000 1.000000 0.000000
2451545.135380  1.3693046323e+00  1.000000 0.000000 0.000000  0.000000 1.000000 0.000000
2451545.136047  1.3766974410e+00  1.000000 0.000000 0.000000  0.000000 1.000000 0.000000
2451545.136714  1.3784895635e+00  1.000000 0.000000 0.000000  0.000000 1.000000 0.000000
2451545.137381  1.3784142506e+00  1.000000 0.000000 0.000000  0.000000 1.000000 0.000000
2451545.138047  1.3774481403e+00  1.000000 0.000000 0.000000  0.000000 1.000000 0.000000
2451545.138714  1.3818859311e+00  1.000000 0.000000 0.000000  0.000000 1.000000 0.000000
2451545.139381  1.3756697847e+00  1.000000 0.000000 0.000000  0.000000 1.000000 0.000000
2451545.140048  1.3712692455e+00  1.000000 0.000000 0.000000  0.000000 1.000000 0.000000
2451545.140715  1.3674452952e+00  1.000000 0.000000 0.000000  0.000000 1.000000 0.000000
2451545.141382  1.3572991126e+00  1.000000 0.000000 0.000000  0.000000 1.000000 0.000000
2451545.142049  1.3512457393e+00  1.000000 0.000000 0.000000  0.000000 1.000000 0.000000
2451545.142716  1.3751701284e+00  1.000000 0.000000 0.000000  0.000000 1.000000 0.000000
2451545.143383  1.3733982513e+00  1.000000 0.000000 0.000000  0.000000 1.000000 0.000000
2451545.144050  1.3721778589e+00  1.000000 0.000000 0.000000  0.000000 1.000000 0.000000
2451545.144716  1.3728759201e+00  1.000000 0.000000 0.000000  0.000000 1.000000 0.000000
2451545.145383  1.3726823741e+00  1.000000 0.000000 0.000000  0.000000 1.000000 0.000000
2451545.146050  1.3717195031e+00  1.000000 0.000000 0.000000  0.000000 1.000000 0.000000
2451545.146717  1.3742542267e+00  1.000000 0.000000 0.000000  0.000000 1.000000 0.000000
2451545.147384  1.3749595763e+00  1.000000 0.000000 0.000000  0.000000 1.000000 0.000000
2451545.148051  1.3744121407e+00  1.000000 0.000000 0.000000  0.000000 1.000000 0.000000
2451545.148718  1.3733334661e+00  1.000000 0.000000 0.000000  0.000000 1.000000 0.000000
2451545.149385  1.3679643871e+00  1.000000 0.000000 0.000000  0.000000 1.000000 0.000000
2451545.150052  1.3599966091e+00  1.000000 0.000000 0.000000  0.000000 1.000000 0.000000
2451545.150718  1.3519624263e+00  1.000000 0.000000 0.000000  0.000000 1.000000 0.000000
2451545.151385  1.3380376430e+00  1.000000 0.000000 0.000000  0.000000 1.000000 0.000000
2451545.152052  1.3245185776e+00  1.000000 0.000000 0.000000  0.000000 1.000000 0.000000
2451545.152719  1.3097021871e+00  1.000000 0.000000 0.000000  0.000000 1.000000 0.000000
2451545.153386  1.2907265825e+00  1.000000 0.000000 0.000000  0.000000 1.000000 0.000000
2451545.154053  1.2776893575e+00  1.000000 0.000000 0.000000  0.000000 1.000000 0.000000
2451545.154720  1.2686007944e+00  1.000000 0.000000 0.000000  0.000000 1.000000 0.000000
2451545.155387  1.2641362797e+00  1.000000 0.000000 0.000000  0.000000 1.000000 0.000000
2451545.156054  1.2635904639e+00  1.000000 0.000000 0.000000  0.000000 1.000000 0.000000
2451545.156721  1.2617262678e+00  1.000000 0.000000 0.000000  0.000000 1.000000 0.000000
2451545.157387  1.2647695557e+00  1.000000 0.000000 0.000000  0.000000 1.000000 0.000000
2451545.158054  1.2659632242e+00  1.000000 0.000000 0.000000  0.000000 1.000000 0.000000
2451545.158721  1.2691320336e+00  1.000000 0.000000 0.000000  0.000000 1.000000 0.000000
2451545.159388  1.2743909776e+00  1.000000 0.000000 0.000000  0.000000 1.000000 0.000000
2451545.160055  1.2768301429e+00  1.000000 0.000000 0.000000  0.000000 1.000000 0.000000
2451545.160722  1.2793826824e+00  1.000000 0.000000 0.000000  0.000000 1.000000 0.000000
2451545.161389  1.2810177005e+00  1.000000 0.000000 0.000000  0.000000 1.000000 0.000000
2451545.162056  1.2824867065e+00  1.000000 0.000000 0.000000  0.000000 1.000000 0.000000
2451545.162723  1.2810581913e+00  1.000000 0.000000 0.000000  0.000000 1.000000 0.000000
2451545.163389  1.2795859462e+00  1.000000 0.000000 0.000000  0.000000 1.000000 0.000000
2451545.164056  1.2742816525e+00  1.000000 0.000000 0.000000  0.000000 1.000000 0.000000
2451545.164723  1.2682161319e+00  1.000000 0.000000 0.000000  0.000000 1.000000 0.000000
2451545.165390  1.2510933859e+00  1.000000 0.000000 0.000000  0.000000 1.000000 0.000000
2451545.166057  1.2385371915e+00  1.000000 0.000000 0.000000  0.000000 1.000000 0.000000
2451545.166724  1.2173426915e+00  1.000000 0.000000 0.000000  0.000000 1.000000 0.000000
2451545.167391  1.1852723650e+00  1.000000 0.000000 0.000000  0.000000 1.000000 0.000000
2451545.168058  1.1567255471e+00  1.000000 0.000000 0.000000  0.000000 1.000000 0.000000
2451545.168725  1.1282661893e+00  1.000000 0.000000 0.000000  0.000000 1.000000 0.000000
2451545.169392  1.0797428345e+00  1.000000 0.000000 0.000000  0.000000 1.000000 0.000000
2451545.170058  1.0393929509e+00  1.000000 0.000000 0.000000  0.000000 1.000000 0.000000
2451545.170725  1.0017389442e+00  1.000000 0.000000 0.000000  0.000000 1.000000 0.000000
2451545.171392  9.3748734633e-01  1.000000 0.000000 0.000000  0.000000 1.000000 0.000000
2451545.172059  8.9145984392e-01  1.000000 0.000000 0.000000  0.000000 1.000000 0.000000
2451545.172726  8.3018836829e-01  1.000000 0.000000 0.000000  0.000000 1.000000 0.000000
2451545.173393  7.9314091364e-01  1.000000 0.000000 0.000000  0.000000 1.000000 0.000000
2451545.174060  7.6652307708e-01  1.000000 0.000000 0.000000  0.000000 1.000000 0.000000
2451545.174727  7.4728833145e-01  1.000000 0.000000 0.000000  0.000000 1.000000 0.000000
2451545.175394  7.3699962131e-01  1.000000 0.000000 0.000000  0.000000 1.000000 0.000000
2451545.176061  7.2609140206e-01  1.000000 0.000000 0.000000  0.000000 1.000000 0.000000
2451545.176727  7.1455395591e-01  1.000000 0.000000 0.000000  0.000000 1.000000 0.000000
2451545.177394  7.0561439895e-01  1.000000 0.000000 0.000000  0.000000 1.000000 0.000000
2451545.178061  6.9733808115e-01  1.000000 0.000000 0.000000  0.000000 1.000000 0.000000
2451545.178728  6.8797741995e-01  1.000000 0.000000 0.000000  0.000000 1.000000 0.000000
2451545.179395  6.7868397347e-01  1.000000 0.000000 0.000000  0.000000 1.000000 0.000000
2451545.180062  6.7248483328e-01  1.000000 0.000000 0.000000  0.000000 1.000000 0.000000
2451545.180729  6.6140250363e-01  1.000000 0.000000 0.000000  0.000000 1.000000 0.000000
2451545.181396  6.5592086027e-01  1.000000 0.000000 0.000000  0.000000 1.000000 0.000000
2451545.182063  6.5021813718e-01  1.000000 0.000000 0.000000  0.000000 1.000000 0.000000
2451545.182729  6.4438179449e-01  1.000000 0.000000 0.000000  0.000000 1.000000 0.000000
2451545.183396  6.4232081319e-01  1.000000 0.000000 0.000000  0.000000 1.000000 0.000000
2451545.184063  6.4050763555e-01  1.000000 0.000000 0.000000  0.000000 1.000000 0.000000
2451545.184730  6.3587872826e-01  1.000000 0.000000 0.000000  0.000000 1.000000 0.000000
2451545.185397  6.3195921963e-01  1.000000 0.000000 0.000000  0.000000 1.000000 0.000000
2451545.186064  6.2802189506e-01  1.000000 0.000000 0.000000  0.000000 1.000000 0.000000
2451545.186731  6.2356709817e-01  1.000000 0.000000 0.000000  0.000000 1.000000 0.000000
2451545.187398  6.2127774881e-01  1.000000 0.000000 0.000000  0.000000 1.000000 0.000000
2451545.188065  6.1904913565e-01  1.000000 0.000000 0.000000  0.000000 1.000000 0.000000
2451545.188732  6.1580825269e-01  1.000000 0.000000 0.000000  0.000000 1.000000 0.000000
2451545.189398  6.1483080498e-01  1.000000 0.000000 0.000000  0.000000 1.000000 0.000000
2451545.190065  6.1312047394e-01  1.000000 0.000000 0.000000  0.000000 1.000000 0.000000
2451545.190732  6.1062219211e-01  1.000000 0.000000 0.000000  0.000000 1.000000 0.000000
2451545.191399  6.1537824048e-01  1.000000 0.000000 0.000000  0.000000 1.000000 0.000000
2451545.192066  6.3562687553e-01  1.000000 0.000000 0.000000  0.000000 1.000000 0.000000
2451545.192733  6.7081418322e-01  1.000000 0.000000 0.000000  0.000000 1.000000 0.000000
2451545.193400  6.9318129649e-01  1.000000 0.000000 0.000000  0.000000 1.000000 0.000000
2451545.194067  7.1257071694e-01  1.000000 0.000000 0.000000  0.000000 1.000000 0.000000
2451545.194734  7.3838440638e-01  1.000000 0.000000 0.000000  0.000000 1.000000 0.000000
2451545.195400  7.5543507871e-01  1.000000 0.000000 0.000000  0.000000 1.000000 0.000000
2451545.196067  7.6996398454e-01  1.000000 0.000000 0.000000  0.000000 1.000000 0.000000
2451545.196734  7.9314334309e-01  1.000000 0.000000 0.000000  0.000000 1.000000 0.000000
2451545.197401  8.0861811381e-01  1.000000 0.000000 0.000000  0.000000 1.000000 0.000000
2451545.198068  8.2515050401e-01  1.000000 0.000000 0.000000  0.000000 1.000000 0.000000
2451545.198735  8.4848129811e-01  1.000000 0.000000 0.000000  0.000000 1.000000 0.000000
2451545.199402  8.6644382307e-01  1.000000 0.000000 0.000000  0.000000 1.000000 0.000000
2451545.200069  8.8142217669e-01  1.000000 0.000000 0.000000  0.000000 1.000000 0.000000
2451545.200736  9.1050266319e-01  1.000000 0.000000 0.000000  0.000000 1.000000 0.000000
2451545.201403  9.3350710152e-01  1.000000 0.000000 0.000000  0.000000 1.000000 0.000000
2451545.202069  9.6324110940e-01  1.000000 0.000000 0.000000  0.000000 1.000000 0.000000
2451545.202736  1.0206521930e+00  1.000000 0.000000 0.000000  0.000000 1.000000 0.000000
2451545.203403  1.0579312549e+00  1.000000 0.000000 0.000000  0.000000 1.000000 0.000000
2451545.204070  1.0912098267e+00  1.000000 0.000000 0.000000  0.000000 1.000000 0.000000
2451545.204737  1.1343033664e+00  1.000000 0.000000 0.000000  0.000000 1.000000 0.000000
2451545.205404  1.1588213505e+00  1.000000 0.000000 0.000000  0.000000 1.000000 0.000000
2451545.206071  1.1849638251e+00  1.000000 0.000000 0.000000  0.000000 1.000000 0.000000
2451545.206738  1.2028194544e+00  1.000000 0.000000 0.000000  0.000000 1.000000 0.000000
2451545.207405  1.2169774646e+00  1.000000 0.000000 0.000000  0.000000 1.000000 0.000000
2451545.208072  1.2371726518e+00  1.000000 0.000000 0.000000  0.000000 1.000000 0.000000
2451545.208738  1.2517841588e+00  1.000000 0.000000 0.000000  0.000000 1.000000 0.000000
2451545.209405  1.2644610159e+00  1.000000 0.000000 0.000000  0.000000 1.000000 0.000000
2451545.210072  1.2819668047e+00  1.000000 0.000000 0.000000  0.000000 1.000000 0.000000
2451545.210739  1.2951044469e+00  1.000000 0.000000 0.000000  0.000000 1.000000 0.000000
2451545.211406  1.3094211810e+00  1.000000 0.000000 0.000000  0.000000 1.000000 0.000000
2451545.212073  1.3306796564e+00  1.000000 0.000000 0.000000  0.000000 1.000000 0.000000
2451545.212740  1.3433192619e+00  1.000000 0.000000 0.000000  0.000000 1.000000 0.000000
2451545.213407  1.3603828913e+00  1.000000 0.000000 0.000000  0.000000 1.000000 0.000000
2451545.214074  1.3806979312e+00  1.000000 0.000000 0.000000  0.000000 1.000000 0.000000
2451545.214740  1.3917907885e+00  1.000000 0.000000 0.000000  0.000000 1.000000 0.000000
2451545.215407  1.4010591307e+00  1.000000 0.000000 0.000000  0.000000 1.000000 0.000000
2451545.216074  1.3996047014e+00  1.000000 0.000000 0.000000  0.000000 1.000000 0.000000
2451545.216741  1.3672355529e+00  1.000000 0.000000 0.000000  0.000000 1.000000 0.000000
2451545.217408  1.3235030685e+00  1.000000 0.000000 0.000000  0.000000 1.000000 0.000000
2451545.218075  1.2570673973e+00  1.000000 0.000000 0.000000  0.000000 1.000000 0.000000
2451545.218742  1.2128555020e+00  1.000000 0.000000 0.000000  0.000000 1.000000 0.000000
2451545.219409  1.1680419135e+00  1.000000 0.000000 0.000000  0.000000 1.000000 0.000000
2451545.220076  1.1023545122e+00  1.000000 0.000000 0.000000  0.000000 1.000000 0.000000
2451545.220743  1.0657427384e+00  1.000000 0.000000 0.000000  0.000000 1.000000 0.000000
2451545.221409  1.0316745962e+00  1.000000 0.000000 0.000000  0.000000 1.000000 0.000000
2451545.222076  9.8626660293e-01  1.000000 0.000000 0.000000  0.000000 1.000000 0.000000
2451545.222743  9.5712861950e-01  1.000000 0.000000 0.000000  0.000000 1.000000 0.000000
2451545.223410  9.3536238959e-01  1.000000 0.000000 0.000000  0.000000 1.000000 0.000000
2451545.224077  9.0202227181e-01  1.000000 0.000000 0.000000  0.000000 1.000000 0.000000
2451545.224744  8.7848902374e-01  1.000000 0.000000 0.000000  0.000000 1.000000 0.000000
2451545.225411  8.5508858548e-01  1.000000 0.000000 0.000000  0.000000 1.000000 0.000000
2451545.226078  8.2021629615e-01  1.000000 0.000000 0.000000  0.000000 1.000000 0.000000
2451545.226745  7.9847436070e-01  1.000000 0.000000 0.000000  0.000000 1.000000 0.000000
2451545.227411  7.7516543163e-01  1.000000 0.000000 0.000000  0.000000 1.000000 0.000000
2451545.228078  7.4445154659e-01  1.000000 0.000000 0.000000  0.000000 1.000000 0.000000
2451545.228745  7.2285780745e-01  1.000000 0.000000 0.000000  0.000000 1.000000 0.000000
2451545.229412  7.0202610500e-01  1.000000 0.000000 0.000000  0.000000 1.000000 0.000000
2451545.230079  6.7144826902e-01  1.000000 0.000000 0.000000  0.000000 1.000000 0.000000
2451545.230746  6.5138994069e-01  1.000000 0.000000 0.000000  0.000000 1.000000 0.000000
2451545.231413  6.3222807849e-01  1.000000 0.000000 0.000000  0.000000 1.000000 0.000000
2451545.232080  6.0545475728e-01  1.000000 0.000000 0.000000  0.000000 1.000000 0.000000
2451545.232747  5.8700148393e-01  1.000000 0.000000 0.000000  0.000000 1.000000 0.000000
2451545.233414  5.6955643129e-01  1.000000 0.000000 0.000000  0.000000 1.000000 0.000000
2451545.234080  5.4546522012e-01  1.000000 0.000000 0.000000  0.000000 1.000000 0.000000
2451545.234747  5.3200041230e-01  1.000000 0.000000 0.000000  0.000000 1.000000 0.000000
2451545.235414  5.2153273286e-01  1.000000 0.000000 0.000000  0.000000 1.000000 0.000000
2451545.236081  5.0491774145e-01  1.000000 0.000000 0.000000  0.000000 1.000000 0.000000
2451545.236748  4.9160193973e-01  1.000000 0.000000 0.000000  0.000000 1.000000 0.000000
2451545.237415  4.8187686141e-01  1.000000 0.000000 0.000000  0.000000 1.000000 0.000000
2451545.238082  4.7822540183e-01  1.000000 0.000000 0.000000  0.000000 1.000000 0.000000
2451545.238749  4.7997946292e-01  1.000000 0.000000 0.000000  0.000000 1.000000 0.000000
2451545.239416  5.1700667218e-01  1.000000 0.000000 0.000000  0.000000 1.000000 0.000000
360  1
2451545.000000  5.9487482173e-01  1.000000 0.000000 0.000000  0.000000 1.000000 0.000000
2451545.000667  6.5299292744e-01  1.000000 0.000000 0.000000  0.000000 1.000000 0.000000
2451545.001334  7.0519761360e-01  1.000000 0.000000 0.000000  0.000000 1.000000 0.000000
2451545.002001  7.6428119076e-01  1.000000 0.000000 0.000000  0.000000 1.000000 0.000000
2451545.002668  7.9573829008e-01  1.000000 0.000000 0.000000  0.000000 1.000000 0.000000
2451545.003334  8.2383596562e-01  1.000000 0.000000 0.000000  0.000000 1.000000 0.000000
2451545.004001  8.5810238586e-01  1.000000 0.000000 0.000000  0.000000 1.000000 0.000000
2451545.004668  8.7575406233e-01  1.000000 0.000000 0.000000  0.000000 1.000000 0.000000
2451545.005335  8.9167429195e-01  1.000000 0.000000 0.000000  0.000000 1.000000 0.000000
2451545.006002  9.0701910951e-01  1.000000 0.000000 0.000000  0.000000 1.000000 0.000000
2451545.006669  9.1620560381e-01  1.000000 0.000000 0.000000  0.000000 1.000000 0.000000
2451545.007336  9.2404252237e-01  1.000000 0.000000 0.000000  0.000000 1.000000 0.000000
2451545.008003  9.2872472391e-01  1.000000 0.000000 0.000000  0.000000 1.000000 0.000000
2451545.008670  9.3264020564e-01  1.000000 0.000000 0.000000  0.000000 1.000000 0.000000
2451545.009337  9.3357590156e-01  1.000000 0.000000 0.000000  0.000000 1.000000 0.000000
2451545.010003  9.3278759449e-01  1.000000 0.000000 0.000000  0.000000 1.000000 0.000000
2451545.010670  9.3443343672e-01  1.000000 0.000000 0.000000  0.000000 1.000000 0.000000
2451545.011337  9.3541379593e-01  1.000000 0.000000 0.000000  0.000000 1.000000 0.000000
2451545.012004  9.4482211790e-01  1.000000 0.000000 0.000000  0.000000 1.000000 0.000000
2451545.012671  9.5531501343e-01  1.000000 0.000000 0.000000  0.000000 1.000000 0.000000
2451545.013338  9.6825917917e-01  1.000000 0.000000 0.000000  0.000000 1.000000 0.000000
2451545.014005  9.8210926530e-01  1.000000 0.000000 0.000000  0.000000 1.000000 0.000000
2451545.014672  9.8847080653e-01  1.000000 0.000000 0.000000  0.000000 1.000000 0.000000
2451545.015339  9.9852153549e-01  1.000000 0.000000 0.000000  0.000000 1.000000 0.000000
2451545.016006  1.0123366354e+00  1.000000 0.000000 0.000000  0.000000 1.000000 0.000000
2451545.016672  1.0193889688e+00  1.000000 0.000000 0.000000  0.000000 1.000000 0.000000
2451545.017339  1.0212566387e+00  1.000000 0.000000 0.000000  0.000000 1.000000 0.000000
2451545.018006  1.0240190632e+00  1.000000 0.000000 0.000000  0.000000 1.000000 0.000000
2451545.018673  1.0298528332e+00  1.000000 0.000000 0.000000  0.000000 1.000000 0.000000
2451545.019340  1.0310594864e+00  1.000000 0.000000 0.000000  0.000000 1.000000 0.000000
2451545.020007  1.0295952749e+00  1.000000 0.000000 0.000000  0.000000 1.000000 0.000000
2451545.020674  1.0296667362e+00  1.000000 0.000000 0.000000  0.000000 1.000000 0.000000
2451545.021341  1.0303761381e+00  1.000000 0.000000 0.000000  0.000000 1.000000 0.000000
2451545.022008  1.0357945395e+00  1.000000 0.000000 0.000000  0.000000 1.000000 0.000000
2451545.022674  1.0387780473e+00  1.000000 0.000000 0.000000  0.000000 1.000000 0.000000
2451545.023341  1.0414280691e+00  1.000000 0.000000 0.000000  0.000000 1.000000 0.000000
2451545.024008  1.0517966518e+00  1.000000 0.000000 0.000000  0.000000 1.000000 0.000000
2451545.024675  1.0570356557e+00  1.000000 0.000000 0.000000  0.000000 1.000000 0.000000
2451545.025342  1.0635684062e+00  1.000000 0.000000 0.000000  0.000000 1.000000 0.000000
2451545.026009  1.0722643487e+00  1.000000 0.000000 0.000000  0.000000 1.000000 0.000000
2451545.026676  1.0771229702e+00  1.000000 0.000000 0.000000  0.000000 1.000000 0.000000
2451545.027343  1.0820098785e+00  1.000000 0.000000 0.000000  0.000000 1.000000 0.000000
2451545.028010  1.0822056526e+00  1.000000 0.000000 0.000000  0.000000 1.000000 0.000000
2451545.028677  1.0833274456e+00  1.000000 0.000000 0.000000  0.000000 1.000000 0.000000
2451545.029343  1.0808002478e+00  1.000000 0.000000 0.000000  0.000000 1.000000 0.000000
2451545.030010  1.0838440509e+00  1.000000 0.000000 0.000000  0.000000 1.000000 0.000000
2451545.030677  1.0823552746e+00  1.000000 0.000000 0.000000  0.000000 1.000000 0.000000
2451545.031344  1.0843688446e+00  1.000000 0.000000 0.000000  0.000000 1.000000 0.000000
2451545.032011  1.0869176297e+00  1.000000 0.000000 0.000000  0.000000 1.000000 0.000000
2451545.032678  1.0888359180e+00  1.000000 0.000000 0.000000  0.000000 1.000000 0.000000
2451545.033345  1.0909522135e+00  1.000000 0.000000 0.000000  0.000000 1.000000 0.000000
2451545.034012  1.0962894766e+00  1.000000 0.000000 0.000000  0.000000 1.000000 0.000000
2451545.034679  1.1017763618e+00  1.000000 0.000000 0.000000  0.000000 1.000000 0.000000
2451545.035345  1.1077359334e+00  1.000000 0.000000 0.000000  0.000000 1.000000 0.000000
2451545.036012  1.1141354384e+00  1.000000 0.000000 0.000000  0.000000 1.000000 0.000000
2451545.036679  1.1196297674e+00  1.000000 0.000000 0.000000  0.000000 1.000000 0.000000
2451545.037346  1.1249104570e+00  1.000000 0.000000 0.000000  0.000000 1.000000 0.000000
2451545.038013  1.1326826138e+00  1.000000 0.000000 0.000000  0.000000 1.000000 0.000000
2451545.038680  1.1332937565e+00  1.000000 0.000000 0.000000  0.000000 1.000000 0.000000
2451545.039347  1.1400140928e+00  1.000000 0.000000 0.000000  0.000000 1.000000 0.000000
2451545.040014  1.1428018265e+00  1.000000 0.000000 0.000000  0.000000 1.000000 0.000000
2451545.040681  1.1447052270e+00  1.000000 0.000000 0.000000  0.000000 1.000000 0.000000
2451545.041348  1.1477564741e+00  1.000000 0.000000 0.000000  0.000000 1.000000 0.000000
2451545.042014  1.1483155096e+00  1.000000 0.000000 0.000000  0.000000 1.000000 0.000000
2451545.042681  1.1510630463e+00  1.000000 0.000000 0.000000  0.000000 1.000000 0.000000
2451545.043348  1.1533297083e+00  1.000000 0.000000 0.000000  0.000000 1.000000 0.000000
2451545.044015  1.1557534361e+00  1.000000 0.000000 0.000000  0.000000 1.000000 0.000000
2451545.044682  1.1547619111e+00  1.000000 0.000000 0.000000  0.000000 1.000000 0.000000
2451545.045349  1.1570598374e+00  1.000000 0.000000 0.000000  0.000000 1.000000 0.000000
2451545.046016  1.1562067685e+00  1.000000 0.000000 0.000000  0.000000 1.000000 0.000000
2451545.046683  1.1553127583e+00  1.000000 0.000000 0.000000  0.000000 1.000000 0.000000
2451545.047350  1.1527267539e+00  1.000000 0.000000 0.000000  0.000000 1.000000 0.000000
2451545.048017  1.1500767320e+00  1.000000 0.000000 0.000000  0.000000 1.000000 0.000000
2451545.048683  1.1455515964e+00  1.000000 0.000000 0.000000  0.000000 1.000000 0.000000
2451545.049350  1.1394863216e+00  1.000000 0.000000 0.000000  0.000000 1.000000 0.000000
2451545.050017  1.1331448789e+00  1.000000 0.000000 0.000000  0.000000 1.000000 0.000000
2451545.050684  1.1257434274e+00  1.000000 0.000000 0.000000  0.000000 1.000000 0.000000
2451545.051351  1.1153413472e+00  1.000000 0.000000 0.000000  0.000000 1.000000 0.000000
2451545.052018  1.1105005910e+00  1.000000 0.000000 0.000000  0.000000 1.000000 0.000000
2451545.052685  1.1038479940e+00  1.000000 0.000000 0.000000  0.000000 1.000000 0.000000
2451545.053352  1.0919065191e+00  1.000000 0.000000 0.000000  0.000000 1.000000 0.000000
2451545.054019  1.0781070514e+00  1.000000 0.000000 0.000000  0.000000 1.000000 0.000000
2451545.054685  1.0652656112e+00  1.000000 0.000000 0.000000  0.000000 1.000000 0.000000
2451545.055352  1.0415613146e+00  1.000000 0.000000 0.000000  0.000000 1.000000 0.000000
2451545.056019  1.0267971198e+00  1.000000 0.000000 0.000000  0.000000 1.000000 0.000000
2451545.056686  1.0141350772e+00  1.000000 0.000000 0.000000  0.000000 1.000000 0.000000
2451545.057353  9.9069429397e-01  1.000000 0.000000 0.000000  0.000000 1.000000 0.000000
2451545.058020  9.6917179905e-01  1.000000 0.000000 0.000000  0.000000 1.000000 0.000000
2451545.058687  9.4416631193e-01  1.000000 0.000000 0.000000  0.000000 1.000000 0.000000
2451545.059354  9.0397679509e-01  1.000000 0.000000 0.000000  0.000000 1.000000 0.000000
2451545.060021  8.7818746723e-01  1.000000 0.000000 0.000000  0.000000 1.000000 0.000000
2451545.060688  8.6287168081e-01  1.000000 0.000000 0.000000  0.000000 1.000000 0.000000
2451545.061354  8.5641857984e-01  1.000000 0.000000 0.000000  0.000000 1.000000 0.000000
2451545.062021  8.5849467842e-01  1.000000 0.000000 0.000000  0.000000 1.000000 0.000000
2451545.062688  8.6255531584e-01  1.000000 0.000000 0.000000  0.000000 1.000000 0.000000
2451545.063355  8.7397646340e-01  1.000000 0.000000 0.000000  0.000000 1.000000 0.000000
2451545.064022  8.7643964383e-01  1.000000 0.000000 0.000000  0.000000 1.000000 0.000000
2451545.064689  8.7565878065e-01  1.000000 0.000000 0.000000  0.000000 1.000000 0.000000
2451545.065356  8.7642475607e-01  1.000000 0.000000 0.000000  0.000000 1.000000 0.000000
2451545.066023  8.7409556551e-01  1.000000 0.000000 0.000000  0.000000 1.000000 0.000000
2451545.066690  8.7460621579e-01  1.000000 0.000000 0.000000  0.000000 1.000000 0.000000
2451545.067356  8.7128475581e-01  1.000000 0.000000 0.000000  0.000000 1.000000 0.000000
2451545.068023  8.7077261676e-01  1.000000 0.000000 0.000000  0.000000 1.000000 0.000000
2451545.068690  8.8095882436e-01  1.000000 0.000000 0.000000  0.000000 1.000000 0.000000
2451545.069357  8.9792417495e-01  1.000000 0.000000 0.000000  0.000000 1.000000 0.000000
2451545.070024  9.2481891923e-01  1.000000 0.000000 0.000000  0.000000 1.000000 0.000000
2451545.070691  9.7179651171e-01  1.000000 0.000000 0.000000  0.000000 1.000000 0.000000
2451545.071358  1.0002969013e+00  1.000000 0.000000 0.000000  0.000000 1.000000 0.000000
2451545.072025  1.0326941628e+00  1.000000 0.000000 0.000000  0.000000 1.000000 0.000000
2451545.072692  1.0719293740e+00  1.000000 0.000000 0.000000  0.000000 1.000000 0.000000
2451545.073359  1.0912909101e+00  1.000000 0.000000 0.000000  0.000000 1.000000 0.000000
2451545.074025  1.1052295784e+00  1.000000 0.000000 0.000000  0.000000 1.000000 0.000000
2451545.074692  1.1204530607e+00  1.000000 0.000000 0.000000  0.000000 1.000000 0.000000
2451545.075359  1.1291646354e+00  1.000000 0.000000 0.000000  0.000000 1.000000 0.000000
2451545.076026  1.1360971223e+00  1.000000 0.000000 0.000000  0.000000 1.000000 0.000000
2451545.076693  1.1413993992e+00  1.000000 0.000000 0.000000  0.000000 1.000000 0.000000
2451545.077360  1.1426038193e+00  1.000000 0.000000 0.000000  0.000000 1.000000 0.000000
2451545.078027  1.1450818874e+00  1.000000 0.000000 0.000000  0.000000 1.000000 0.000000
2451545.078694  1.1412430777e+00  1.000000 0.000000 0.000000  0.000000 1.000000 0.000000
2451545.079361  1.1408291979e+00  1.000000 0.000000 0.000000  0.000000 1.000000 0.000000
2451545.080028  1.1398949907e+00  1.000000 0.000000 0.000000  0.000000 1.000000 0.000000
2451545.080694  1.1353810209e+00  1.000000 0.000000 0.000000  0.000000 1.000000 0.000000
2451545.081361  1.1383474077e+00  1.000000 0.000000 0.000000  0.000000 1.000000 0.000000
2451545.082028  1.1385029849e+00  1.000000 0.000000 0.000000  0.000000 1.000000 0.000000
2451545.082695  1.1458448853e+00  1.000000 0.000000 0.000000  0.000000 1.000000 0.000000
2451545.083362  1.1538708785e+00  1.000000 0.000000 0.000000  0.000000 1.000000 0.000000
2451545.084029  1.1618514639e+00  1.000000 0.000000 0.000000  0.000000 1.000000 0.000000
2451545.084696  1.1720748910e+00  1.000000 0.000000 0.000000  0.000000 1.000000 0.000000
2451545.085363  1.1790967045e+00  1.000000 0.000000 0.000000  0.000000 1.000000 0.000000
2451545.086030  1.1821405077e+00  1.000000 0.000000 0.000000  0.000000 1.000000 0.000000
2451545.086696  1.1893714943e+00  1.000000 0.000000 0.000000  0.000000 1.000000 0.000000
2451545.087363  1.1866760647e+00  1.000000 0.000000 0.000000  0.000000 1.000000 0.000000
2451545.088030  1.1808713259e+00  1.000000 0.000000 0.000000  0.000000 1.000000 0.000000
2451545.088697  1.1680551949e+00  1.000000 0.000000 0.000000  0.000000 1.000000 0.000000
2451545.089364  1.1539028872e+00  1.000000 0.000000 0.000000  0.000000 1.000000 0.000000
2451545.090031  1.1399069009e+00  1.000000 0.000000 0.000000  0.000000 1.000000 0.000000
2451545.090698  1.1189918268e+00  1.000000 0.000000 0.000000  0.000000 1.000000 0.000000
2451545.091365  1.1050330600e+00  1.000000 0.000000 0.000000  0.000000 1.000000 0.000000
2451545.092032  1.0892460758e+00  1.000000 0.000000 0.000000  0.000000 1.000000 0.000000
2451545.092699  1.0656072854e+00  1.000000 0.000000 0.000000  0.000000 1.000000 0.000000
2451545.093365  1.0473861520e+00  1.000000 0.000000 0.000000  0.000000 1.000000 0.000000
2451545.094032  1.0327380817e+00  1.000000 0.000000 0.000000  0.000000 1.000000 0.000000
2451545.094699  1.0132016144e+00  1.000000 0.000000 0.000000  0.000000 1.000000 0.000000
2451545.095366  9.9952497073e-01  1.000000 0.000000 0.000000  0.000000 1.000000 0.000000
2451545.096033  9.7409815991e-01  1.000000 0.000000 0.000000  0.000000 1.000000 0.000000
2451545.096700  9.3015543796e-01  1.000000 0.000000 0.000000  0.000000 1.000000 0.000000
2451545.097367  8.9992583472e-01  1.000000 0.000000 0.000000  0.000000 1.000000 0.000000
2451545.098034  8.6843002721e-01  1.000000 0.000000 0.000000  0.000000 1.000000 0.000000
2451545.098701  8.2332308218e-01  1.000000 0.000000 0.000000  0.000000 1.000000 0.000000
2451545.099367  7.9910292457e-01  1.000000 0.000000 0.000000  0.000000 1.000000 0.000000
2451545.100034  7.7479046282e-01  1.000000 0.000000 0.000000  0.000000 1.000000 0.000000
2451545.100701  7.3929654650e-01  1.000000 0.000000 0.000000  0.000000 1.000000 0.000000
2451545.101368  7.1600315215e-01  1.000000 0.000000 0.000000  0.000000 1.000000 0.000000
2451545.102035  6.9345637913e-01  1.000000 0.000000 0.000000  0.000000 1.000000 0.000000
2451545.102702  6.6065119285e-01  1.000000 0.000000 0.000000  0.000000 1.000000 0.000000
2451545.103369  6.4388757145e-01  1.000000 0.000000 0.000000  0.000000 1.000000 0.000000
2451545.104036  6.2066489398e-01  1.000000 0.000000 0.000000  0.000000 1.000000 0.000000
2451545.104703  6.0174180252e-01  1.000000 0.000000 0.000000  0.000000 1.000000 0.000000
2451545.105370  5.8531985529e-01  1.000000 0.000000 0.000000  0.000000 1.000000 0.000000
2451545.106036  5.6122996561e-01  1.000000 0.000000 0.000000  0.000000 1.000000 0.000000
2451545.106703  5.4531494671e-01  1.000000 0.000000 0.000000  0.000000 1.000000 0.000000
2451545.107370  5.3032594669e-01  1.000000 0.000000 0.000000  0.000000 1.000000 0.000000
2451545.108037  5.0692461606e-01  1.000000 0.000000 0.000000  0.000000 1.000000 0.000000
2451545.108704  4.9528759593e-01  1.000000 0.000000 0.000000  0.000000 1.000000 0.000000
2451545.109371  4.8948881215e-01  1.000000 0.000000 0.000000  0.000000 1.000000 0.000000
2451545.110038  4.8663110600e-01  1.000000 0.000000 0.000000  0.000000 1.000000 0.000000
2451545.110705  4.8686037755e-01  1.000000 0.000000 0.000000  0.000000 1.000000 0.000000
2451545.111372  4.8409795309e-01  1.000000 0.000000 0.000000  0.000000 1.000000 0.000000
2451545.112039  4.8446940278e-01  1.000000 0.000000 0.000000  0.000000 1.000000 0.000000
2451545.112705  4.8683060203e-01  1.000000 0.000000 0.000000  0.000000 1.000000 0.000000
2451545.113372  4.9098800991e-01  1.000000 0.000000 0.000000  0.000000 1.000000 0.000000
2451545.114039  5.0891287684e-01  1.000000 0.000000 0.000000  0.000000 1.000000 0.000000
2451545.114706  5.4193468007e-01  1.000000 0.000000 0.000000  0.000000 1.000000 0.000000
2451545.115373  5.8528710221e-01  1.000000 0.000000 0.000000  0.000000 1.000000 0.000000
2451545.116040  6.3359045001e-01  1.000000 0.000000 0.000000  0.000000 1.000000 0.000000
2451545.116707  6.5404623669e-01  1.000000 0.000000 0.000000  0.000000 1.000000 0.000000
2451545.117374  6.7704410894e-01  1.000000 0.000000 0.000000  0.000000 1.000000 0.000000
2451545.118041  7.0927686073e-01  1.000000 0.000000 0.000000  0.000000 1.000000 0.000000
2451545.118707  7.3019640123e-01  1.000000 0.000000 0.000000  0.000000 1.000000 0.000000
2451545.119374  7.5681646627e-01  1.000000 0.000000 0.000000  0.000000 1.000000 0.000000
2451545.120041  8.0036466250e-01  1.000000 0.000000 0.000000  0.000000 1.000000 0.000000
2451545.120708  8.3525711318e-01  1.000000 0.000000 0.000000  0.000000 1.000000 0.000000
2451545.121375  8.7992933553e-01  1.000000 0.000000 0.000000  0.000000 1.000000 0.000000
2451545.122042  9.4935246425e-01  1.000000 0.000000 0.000000  0.000000 1.000000 0.000000
2451545.122709  9.9936343850e-01  1.000000 0.000000 0.000000  0.000000 1.000000 0.000000
2451545.123376  1.0584849795e+00  1.000000 0.000000 0.000000  0.000000 1.000000 0.000000
2451545.124043  1.1517262962e+00  1.000000 0.000000 0.000000  0.000000 1.000000 0.000000
2451545.124710  1.2086005293e+00  1.000000 0.000000 0.000000  0.000000 1.000000 0.000000
2451545.125376  1.2517080477e+00  1.000000 0.000000 0.000000  0.000000 1.000000 0.000000
2451545.126043  1.3449813731e+00  1.000000 0.000000 0.000000  0.000000 1.000000 0.000000
2451545.126710  1.3436064882e+00  1.000000 0.000000 0.000000  0.000000 1.000000 0.000000
2451545.127377  1.3442756931e+00  1.000000 0.000000 0.000000  0.000000 1.000000 0.000000
2451545.128044  1.3453892978e+00  1.000000 0.000000 0.000000  0.000000 1.000000 0.000000
2451545.128711  1.3439109429e+00  1.000000 0.000000 0.000000  0.000000 1.000000 0.000000
2451545.129378  1.3471073457e+00  1.000000 0.000000 0.000000  0.000000 1.000000 0.000000
2451545.130045  1.3501250953e+00  1.000000 0.000000 0.000000  0.000000 1.000000 0.000000
2451545.130712  1.3558941036e+00  1.000000 0.000000 0.000000  0.000000 1.000000 0.000000
2451545.131378  1.3605688612e+00  1.000000 0.000000 0.000000  0.000000 1.000000 0.000000
2451545.132045  1.3735085606e+00  1.000000 0.000000 0.000000  0.000000 1.000000 0.000000
2451545.132712  1.3823429593e+00  1.000000 0.000000 0.000000  0.000000 1.000000 0.000000
2451545.133379  1.3876943658e+00  1.000000 0.000000 0.000000  0.000000 1.000000 0.000000
2451545.134046  1.3922753306e+00  1.000000 0.000000 0.000000  0.000000 1.000000 0.000000
2451545.134713  1.3966166023e+00  1.000000 0.000000 0.000000  0.000000 1.000000 0.000000
2451545.135380  1.3989986444e+00  1.000000 0.000000 0.000000  0.000000 1.000000 0.000000
2451545.136047  1.4016002811e+00  1.000000 0.000000 0.000000  0.000000 1.000000 0.000000
2451545.136714  1.4033056744e+00  1.000000 0.000000 0.000000  0.000000 1.000000 0.000000
2451545.137381  1.4056542190e+00  1.000000 0.000000 0.000000  0.000000 1.000000 0.000000
2451545.138047  1.4049812921e+00  1.000000 0.000000 0.000000  0.000000 1.000000 0.000000
2451545.138714  1.4063427780e+00  1.000000 0.000000 0.000000  0.000000 1.000000 0.000000
2451545.139381  1.4040701610e+00  1.000000 0.000000 0.000000  0.000000 1.000000 0.000000
2451545.140048  1.4014953223e+00  1.000000 0.000000 0.000000  0.000000 1.000000 0.000000
2451545.140715  1.3982944532e+00  1.000000 0.000000 0.000000  0.000000 1.000000 0.000000
2451545.141382  1.3867951449e+00  1.000000 0.000000 0.000000  0.000000 1.000000 0.000000
2451545.142049  1.3854388697e+00  1.000000 0.000000 0.000000  0.000000 1.000000 0.000000
2451545.142716  1.3808564162e+00  1.000000 0.000000 0.000000  0.000000 1.000000 0.000000
2451545.143383  1.3842478486e+00  1.000000 0.000000 0.000000  0.000000 1.000000 0.000000
2451545.144050  1.3929236927e+00  1.000000 0.000000 0.000000  0.000000 1.000000 0.000000
2451545.144716  1.4016650428e+00  1.000000 0.000000 0.000000  0.000000 1.000000 0.000000
2451545.145383  1.4120842439e+00  1.000000 0.000000 0.000000  0.000000 1.000000 0.000000
2451545.146050  1.4129179587e+00  1.000000 0.000000 0.000000  0.000000 1.000000 0.000000
2451545.146717  1.4126417907e+00  1.000000 0.000000 0.000000  0.000000 1.000000 0.000000
2451545.147384  1.4139988103e+00  1.000000 0.000000 0.000000  0.000000 1.000000 0.000000
2451545.148051  1.4097550534e+00  1.000000 0.000000 0.000000  0.000000 1.000000 0.000000
2451545.148718  1.4072874066e+00  1.000000 0.000000 0.000000  0.000000 1.000000 0.000000
2451545.149385  1.4005253846e+00  1.000000 0.000000 0.000000  0.000000 1.000000 0.000000
2451545.150052  1.3955841360e+00  1.000000 0.000000 0.000000  0.000000 1.000000 0.000000
2451545.150718  1.3882459575e+00  1.000000 0.000000 0.000000  0.000000 1.000000 0.000000
2451545.151385  1.3755459510e+00  1.000000 0.000000 0.000000  0.000000 1.000000 0.000000
2451545.152052  1.3652123546e+00  1.000000 0.000000 0.000000  0.000000 1.000000 0.000000
2451545.152719  1.3552732838e+00  1.000000 0.000000 0.000000  0.000000 1.000000 0.000000
2451545.153386  1.3351472611e+00  1.000000 0.000000 0.000000  0.000000 1.000000 0.000000
2451545.154053  1.3216373604e+00  1.000000 0.000000 0.000000  0.000000 1.000000 0.000000
2451545.154720  1.3040318360e+00  1.000000 0.000000 0.000000  0.000000 1.000000 0.000000
2451545.155387  1.2776023343e+00  1.000000 0.000000 0.000000  0.000000 1.000000 0.000000
2451545.156054  1.2606496383e+00  1.000000 0.000000 0.000000  0.000000 1.000000 0.000000
2451545.156721  1.2498761084e+00  1.000000 0.000000 0.000000  0.000000 1.000000 0.000000
2451545.157387  1.2518226835e+00  1.000000 0.000000 0.000000  0.000000 1.000000 0.000000
2451545.158054  1.2562860349e+00  1.000000 0.000000 0.000000  0.000000 1.000000 0.000000
2451545.158721  1.2571249604e+00  1.000000 0.000000 0.000000  0.000000 1.000000 0.000000
2451545.159388  1.2614558107e+00  1.000000 0.000000 0.000000  0.000000 1.000000 0.000000
2451545.160055  1.2649752779e+00  1.000000 0.000000 0.000000  0.000000 1.000000 0.000000
2451545.160722  1.2645331113e+00  1.000000 0.000000 0.000000  0.000000 1.000000 0.000000
2451545.161389  1.2665422150e+00  1.000000 0.000000 0.000000  0.000000 1.000000 0.000000
2451545.162056  1.2650705596e+00  1.000000 0.000000 0.000000  0.000000 1.000000 0.000000
2451545.162723  1.2664179022e+00  1.000000 0.000000 0.000000  0.000000 1.000000 0.000000
2451545.163389  1.2686227799e+00  1.000000 0.000000 0.000000  0.000000 1.000000 0.000000
2451545.164056  1.2674347364e+00  1.000000 0.000000 0.000000  0.000000 1.000000 0.000000
2451545.164723  1.2656779803e+00  1.000000 0.000000 0.000000  0.000000 1.000000 0.000000
2451545.165390  1.2574978988e+00  1.000000 0.000000 0.000000  0.000000 1.000000 0.000000
2451545.166057  1.2516968819e+00  1.000000 0.000000 0.000000  0.000000 1.000000 0.000000
2451545.166724  1.2439917200e+00  1.000000 0.000000 0.000000  0.000000 1.000000 0.000000
2451545.167391  1.2256336192e+00  1.000000 0.000000 0.000000  0.000000 1.000000 0.000000
2451545.168058  1.2104868089e+00  1.000000 0.000000 0.000000  0.000000 1.000000 0.000000
2451545.168725  1.1918354191e+00  1.000000 0.000000 0.000000  0.000000 1.000000 0.000000
2451545.169392  1.1635174047e+00  1.000000 0.000000 0.000000  0.000000 1.000000 0.000000
2451545.170058  1.1398920132e+00  1.000000 0.000000 0.000000  0.000000 1.000000 0.000000
2451545.170725  1.1108162116e+00  1.000000 0.000000 0.000000  0.000000 1.000000 0.000000
2451545.171392  1.0635296980e+00  1.000000 0.000000 0.000000  0.000000 1.000000 0.000000
2451545.172059  1.0283543798e+00  1.000000 0.000000 0.000000  0.000000 1.000000 0.000000
2451545.172726  9.7443387897e-01  1.000000 0.000000 0.000000  0.000000 1.000000 0.000000
2451545.173393  9.3698445495e-01  1.000000 0.000000 0.000000  0.000000 1.000000 0.000000
2451545.174060  8.9529871790e-01  1.000000 0.000000 0.000000  0.000000 1.000000 0.000000
2451545.174727  8.4417116142e-01  1.000000 0.000000 0.000000  0.000000 1.000000 0.000000
2451545.175394  8.1192724381e-01  1.000000 0.000000 0.000000  0.000000 1.000000 0.000000
2451545.176061  7.8421962766e-01  1.000000 0.000000 0.000000  0.000000 1.000000 0.000000
2451545.176727  7.5602369288e-01  1.000000 0.000000 0.000000  0.000000 1.000000 0.000000
2451545.177394  7.4362367489e-01  1.000000 0.000000 0.000000  0.000000 1.000000 0.000000
2451545.178061  7.3311961354e-01  1.000000 0.000000 0.000000  0.000000 1.000000 0.000000
2451545.178728  7.1776437454e-01  1.000000 0.000000 0.000000  0.000000 1.000000 0.000000
2451545.179395  7.0923368621e-01  1.000000 0.000000 0.000000  0.000000 1.000000 0.000000
2451545.180062  7.0052285595e-01  1.000000 0.000000 0.000000  0.000000 1.000000 0.000000
2451545.180729  6.8750871772e-01  1.000000 0.000000 0.000000  0.000000 1.000000 0.000000
2451545.181396  6.8012959787e-01  1.000000 0.000000 0.000000  0.000000 1.000000 0.000000
2451545.182063  6.7257331365e-01  1.000000 0.000000 0.000000  0.000000 1.000000 0.000000
2451545.182729  6.6258511329e-01  1.000000 0.000000 0.000000  0.000000 1.000000 0.000000
2451545.183396  6.6062513926e-01  1.000000 0.000000 0.000000  0.000000 1.000000 0.000000
2451545.184063  6.5720914199e-01  1.000000 0.000000 0.000000  0.000000 1.000000 0.000000
2451545.184730  6.5386758353e-01  1.000000 0.000000 0.000000  0.000000 1.000000 0.000000
2451545.185397  6.5140440311e-01  1.000000 0.000000 0.000000  0.000000 1.000000 0.000000
2451545.186064  6.4934095912e-01  1.000000 0.000000 0.000000  0.000000 1.000000 0.000000
2451545.186731  6.4566591477e-01  1.000000 0.000000 0.000000  0.000000 1.000000 0.000000
2451545.187398  6.4324739763e-01  1.000000 0.000000 0.000000  0.000000 1.000000 0.000000
2451545.188065  6.4024974651e-01  1.000000 0.000000 0.000000  0.000000 1.000000 0.000000
2451545.188732  6.3628364638e-01  1.000000 0.000000 0.000000  0.000000 1.000000 0.000000
2451545.189398  6.3570600117e-01  1.000000 0.000000 0.000000  0.000000 1.000000 0.000000
2451545.190065  6.3479114812e-01  1.000000 0.000000 0.000000  0.000000 1.000000 0.000000
2451545.190732  6.3157613565e-01  1.000000 0.000000 0.000000  0.000000 1.000000 0.000000
2451545.191399  6.4149213035e-01  1.000000 0.000000 0.000000  0.000000 1.000000 0.000000
2451545.192066  6.6301090332e-01  1.000000 0.000000 0.000000  0.000000 1.000000 0.000000
2451545.192733  6.9389110182e-01  1.000000 0.000000 0.000000  0.000000 1.000000 0.000000
2451545.193400  7.1710559102e-01  1.000000 0.000000 0.000000  0.000000 1.000000 0.000000
2451545.194067  7.3431137899e-01  1.000000 0.000000 0.000000  0.000000 1.000000 0.000000
2451545.194734  7.5791518320e-01  1.000000 0.000000 0.000000  0.000000 1.000000 0.000000
2451545.195400  7.7107671028e-01  1.000000 0.000000 0.000000  0.000000 1.000000 0.000000
2451545.196067  7.8341196651e-01  1.000000 0.000000 0.000000  0.000000 1.000000 0.000000
2451545.196734  8.0048971971e-01  1.000000 0.000000 0.000000  0.000000 1.000000 0.000000
2451545.197401  8.1065955077e-01  1.000000 0.000000 0.000000  0.000000 1.000000 0.000000
2451545.198068  8.1951181479e-01  1.000000 0.000000 0.000000  0.000000 1.000000 0.000000
2451545.198735  8.3318399215e-01  1.000000 0.000000 0.000000  0.000000 1.000000 0.000000
2451545.199402  8.4491852713e-01  1.000000 0.000000 0.000000  0.000000 1.000000 0.000000
2451545.200069  8.5440500986e-01  1.000000 0.000000 0.000000  0.000000 1.000000 0.000000
2451545.200736  8.6791342183e-01  1.000000 0.000000 0.000000  0.000000 1.000000 0.000000
2451545.201403  8.7819342234e-01  1.000000 0.000000 0.000000  0.000000 1.000000 0.000000
2451545.202069  8.9226608053e-01  1.000000 0.000000 0.000000  0.000000 1.000000 0.000000
2451545.202736  9.1073286204e-01  1.000000 0.000000 0.000000  0.000000 1.000000 0.000000
2451545.203403  9.3086856181e-01  1.000000 0.000000 0.000000  0.000000 1.000000 0.000000
2451545.204070  9.5804170726e-01  1.000000 0.000000 0.000000  0.000000 1.000000 0.000000
2451545.204737  1.0087427293e+00  1.000000 0.000000 0.000000  0.000000 1.000000 0.000000
2451545.205404  1.0418062183e+00  1.000000 0.000000 0.000000  0.000000 1.000000 0.000000
2451545.206071  1.0888954690e+00  1.000000 0.000000 0.000000  0.000000 1.000000 0.000000
2451545.206738  1.1188541150e+00  1.000000 0.000000 0.000000  0.000000 1.000000 0.000000
2451545.207405  1.1441305594e+00  1.000000 0.000000 0.000000  0.000000 1.000000 0.000000
2451545.208072  1.1653634873e+00  1.000000 0.000000 0.000000  0.000000 1.000000 0.000000
2451545.208738  1.1782101382e+00  1.000000 0.000000 0.000000  0.000000 1.000000 0.000000
2451545.209405  1.1911088962e+00  1.000000 0.000000 0.000000  0.000000 1.000000 0.000000
2451545.210072  1.2128949046e+00  1.000000 0.000000 0.000000  0.000000 1.000000 0.000000
2451545.210739  1.2262417843e+00  1.000000 0.000000 0.000000  0.000000 1.000000 0.000000
2451545.211406  1.2392425235e+00  1.000000 0.000000 0.000000  0.000000 1.000000 0.000000
2451545.212073  1.2634604480e+00  1.000000 0.000000 0.000000  0.000000 1.000000 0.000000
2451545.212740  1.2752284804e+00  1.000000 0.000000 0.000000  0.000000 1.000000 0.000000
2451545.213407  1.2870314991e+00  1.000000 0.000000 0.000000  0.000000 1.000000 0.000000
2451545.214074  1.3077880186e+00  1.000000 0.000000 0.000000  0.000000 1.000000 0.000000
2451545.214740  1.3220021106e+00  1.000000 0.000000 0.000000  0.000000 1.000000 0.000000
2451545.215407  1.3262726655e+00  1.000000 0.000000 0.000000  0.000000 1.000000 0.000000
2451545.216074  1.2984079834e+00  1.000000 0.000000 0.000000  0.000000 1.000000 0.000000
2451545.216741  1.2691661833e+00  1.000000 0.000000 0.000000  0.000000 1.000000 0.000000
2451545.217408  1.2384616604e+00  1.000000 0.000000 0.000000  0.000000 1.000000 0.000000
2451545.218075  1.1849155867e+00  1.000000 0.000000 0.000000  0.000000 1.000000 0.000000
2451545.218742  1.1491648565e+00  1.000000 0.000000 0.000000  0.000000 1.000000 0.000000
2451545.219409  1.1132421726e+00  1.000000 0.000000 0.000000  0.000000 1.000000 0.000000
2451545.220076  1.0623200673e+00  1.000000 0.000000 0.000000  0.000000 1.000000 0.000000
2451545.220743  1.0318433271e+00  1.000000 0.000000 0.000000  0.000000 1.000000 0.000000
2451545.221409  1.0012742829e+00  1.000000 0.000000 0.000000  0.000000 1.000000 0.000000
2451545.222076  9.5838710337e-01  1.000000 0.000000 0.000000  0.000000 1.000000 0.000000
2451545.222743  9.3763356143e-01  1.000000 0.000000 0.000000  0.000000 1.000000 0.000000
2451545.223410  9.1801521143e-01  1.000000 0.000000 0.000000  0.000000 1.000000 0.000000
2451545.224077  8.9140928976e-01  1.000000 0.000000 0.000000  0.000000 1.000000 0.000000
2451545.224744  8.7104357405e-01  1.000000 0.000000 0.000000  0.000000 1.000000 0.000000
2451545.225411  8.5415861738e-01  1.000000 0.000000 0.000000  0.000000 1.000000 0.000000
2451545.226078  8.2374366149e-01  1.000000 0.000000 0.000000  0.000000 1.000000 0.000000
2451545.226745  8.0530516673e-01  1.000000 0.000000 0.000000  0.000000 1.000000 0.000000
2451545.227411  7.8722174512e-01  1.000000 0.000000 0.000000  0.000000 1.000000 0.000000
2451545.228078  7.5640407523e-01  1.000000 0.000000 0.000000  0.000000 1.000000 0.000000
2451545.228745  7.3655422052e-01  1.000000 0.000000 0.000000  0.000000 1.000000 0.000000
2451545.229412  7.1747555194e-01  1.000000 0.000000 0.000000  0.000000 1.000000 0.000000
2451545.230079  6.9181500323e-01  1.000000 0.000000 0.000000  0.000000 1.000000 0.000000
2451545.230746  6.7559999591e-01  1.000000 0.000000 0.000000  0.000000 1.000000 0.000000
2451545.231413  6.5903959248e-01  1.000000 0.000000 0.000000  0.000000 1.000000 0.000000
2451545.232080  6.3361054849e-01  1.000000 0.000000 0.000000  0.000000 1.000000 0.000000
2451545.232747  6.1739479678e-01  1.000000 0.000000 0.000000  0.000000 1.000000 0.000000
2451545.233414  6.0300577362e-01  1.000000 0.000000 0.000000  0.000000 1.000000 0.000000
2451545.234080  5.7793403595e-01  1.000000 0.000000 0.000000  0.000000 1.000000 0.000000
2451545.234747  5.6214258549e-01  1.000000 0.000000 0.000000  0.000000 1.000000 0.000000
2451545.235414  5.4957954649e-01  1.000000 0.000000 0.000000  0.000000 1.000000 0.000000
2451545.236081  5.2839128186e-01  1.000000 0.000000 0.000000  0.000000 1.000000 0.000000
2451545.236748  5.1459479168e-01  1.000000 0.000000 0.000000  0.000000 1.000000 0.000000
2451545.237415  5.0790199772e-01  1.000000 0.000000 0.000000  0.000000 1.000000 0.000000
2451545.238082  5.0337090698e-01  1.000000 0.000000 0.000000  0.000000 1.000000 0.000000
2451545.238749  5.1181524628e-01  1.000000 0.000000 0.000000  0.000000 1.000000 0.000000
2451545.239416  5.6450080719e-01  1.000000 0.000000 0.000000  0.000000 1.000000 0.000000
360  1
2451545.000000  5.2787103680e-01  1.000000 0.000000 0.000000  0.000000 0.000000 1.000000
2451545.000667  5.8567627746e-01  1.000000 0.000000 0.000000  0.000000 0.000000 1.000000
2451545.001334  6.3700145258e-01  1.000000 0.000000 0.000000  0.000000 0.000000 1.000000
2451545.002001  7.0367399364e-01  1.000000 0.000000 0.000000  0.000000 0.000000 1.000000
2451545.002668  7.4442327636e-01  1.000000 0.000000 0.000000  0.000000 0.000000 1.000000
2451545.003334  7.8121306002e-01  1.000000 0.000000 0.000000  0.000000 0.000000 1.000000
2451545.004001  8.2421025358e-01  1.000000 0.000000 0.000000  0.000000 0.000000 1.000000
2451545.004668  8.4785189365e-01  1.000000 0.000000 0.000000  0.000000 0.000000 1.000000
2451545.005335  8.7091900936e-01  1.000000 0.000000 0.000000  0.000000 0.000000 1.000000
2451545.006002  8.9889617356e-01  1.000000 0.000000 0.000000  0.000000 0.000000 1.000000
2451545.006669  9.1448848012e-01  1.000000 0.000000 0.000000  0.000000 0.000000 1.000000
2451545.007336  9.3051299079e-01  1.000000 0.000000 0.000000  0.000000 0.000000 1.000000
2451545.008003  9.5012696789e-01  1.000000 0.000000 0.000000  0.000000 0.000000 1.000000
2451545.008670  9.6127813371e-01  1.000000 0.000000 0.000000  0.000000 0.000000 1.000000
2451545.009337  9.6987727280e-01  1.000000 0.000000 0.000000  0.000000 0.000000 1.000000
2451545.010003  9.8121495305e-01  1.000000 0.000000 0.000000  0.000000 0.000000 1.000000
2451545.010670  9.8988600132e-01  1.000000 0.000000 0.000000  0.000000 0.000000 1.000000
2451545.011337  9.9351441855e-01  1.000000 0.000000 0.000000  0.000000 0.000000 1.000000
2451545.012004  9.9747691383e-01  1.000000 0.000000 0.000000  0.000000 0.000000 1.000000
2451545.012671  9.9873307726e-01  1.000000 0.000000 0.000000  0.000000 0.000000 1.000000
2451545.013338  1.0022408968e+00  1.000000 0.000000 0.000000  0.000000 0.000000 1.000000
2451545.014005  1.0055644491e+00  1.000000 0.000000 0.000000  0.000000 0.000000 1.000000
2451545.014672  1.0070543173e+00  1.000000 0.000000 0.000000  0.000000 0.000000 1.000000
2451545.015339  1.0049614607e+00  1.000000 0.000000 0.000000  0.000000 0.000000 1.000000
2451545.016006  1.0038288911e+00  1.000000 0.000000 0.000000  0.000000 0.000000 1.000000
2451545.016672  1.0004686352e+00  1.000000 0.000000 0.000000  0.000000 0.000000 1.000000
2451545.017339  9.9567319197e-01  1.000000 0.000000 0.000000  0.000000 0.000000 1.000000
2451545.018006  9.8620964465e-01  1.000000 0.000000 0.000000  0.000000 0.000000 1.000000
2451545.018673  9.7991085017e-01  1.000000 0.000000 0.000000  0.000000 0.000000 1.000000
2451545.019340  9.7445324325e-01  1.000000 0.000000 0.000000  0.000000 0.000000 1.000000
2451545.020007  9.6349758050e-01  1.000000 0.000000 0.000000  0.000000 0.000000 1.000000
2451545.020674  9.5676133853e-01  1.000000 0.000000 0.000000  0.000000 0.000000 1.000000
2451545.021341  9.5031348232e-01  1.000000 0.000000 0.000000  0.000000 0.000000 1.000000
2451545.022008  9.4008290377e-01  1.000000 0.000000 0.000000  0.000000 0.000000 1.000000
2451545.022674  9.3394066157e-01  1.000000 0.000000 0.000000  0.000000 0.000000 1.000000
2451545.023341  9.3512117056e-01  1.000000 0.000000 0.000000  0.000000 0.000000 1.000000
2451545.024008  9.3698406768e-01  1.000000 0.000000 0.000000  0.000000 0.000000 1.000000
2451545.024675  9.4062521882e-01  1.000000 0.000000 0.000000  0.000000 0.000000 1.000000
2451545.025342  9.4094731201e-01  1.000000 0.000000 0.000000  0.000000 0.000000 1.000000
2451545.026009  9.4337199957e-01  1.000000 0.000000 0.000000  0.000000 0.000000 1.000000
2451545.026676  9.4365963628e-01  1.000000 0.000000 0.000000  0.000000 0.000000 1.000000
2451545.027343  9.4864758638e-01  1.000000 0.000000 0.000000  0.000000 0.000000 1.000000
2451545.028010  9.4852324343e-01  1.000000 0.000000 0.000000  0.000000 0.000000 1.000000
2451545.028677  9.4597571102e-01  1.000000 0.000000 0.000000  0.000000 0.000000 1.000000
2451545.029343  9.5033145961e-01  1.000000 0.000000 0.000000  0.000000 0.000000 1.000000
2451545.030010  9.5493963938e-01  1.000000 0.000000 0.000000  0.000000 0.000000 1.000000
2451545.030677  9.5466548564e-01  1.000000 0.000000 0.000000  0.000000 0.000000 1.000000
2451545.031344  9.5977103721e-01  1.000000 0.000000 0.000000  0.000000 0.000000 1.000000
2451545.032011  9.6310882151e-01  1.000000 0.000000 0.000000  0.000000 0.000000 1.000000
2451545.032678  9.6150210084e-01  1.000000 0.000000 0.000000  0.000000 0.000000 1.000000
2451545.033345  9.6267961361e-01  1.000000 0.000000 0.000000  0.000000 0.000000 1.000000
2451545.034012  9.6472153462e-01  1.000000 0.000000 0.000000  0.000000 0.000000 1.000000
2451545.034679  9.6772449182e-01  1.000000 0.000000 0.000000  0.000000 0.000000 1.000000
2451545.035345  9.7102407437e-01  1.000000 0.000000 0.000000  0.000000 0.000000 1.000000
2451545.036012  9.7445923568e-01  1.000000 0.000000 0.000000  0.000000 0.000000 1.000000
2451545.036679  9.7783597079e-01  1.000000 0.000000 0.000000  0.000000 0.000000 1.000000
2451545.037346  9.8064791923e-01  1.000000 0.000000 0.000000  0.000000 0.000000 1.000000
2451545.038013  9.8457520897e-01  1.000000 0.000000 0.000000  0.000000 0.000000 1.000000
2451545.038680  9.8804183055e-01  1.000000 0.000000 0.000000  0.000000 0.000000 1.000000
2451545.039347  9.9219758174e-01  1.000000 0.000000 0.000000  0.000000 0.000000 1.000000
2451545.040014  9.9479979509e-01  1.000000 0.000000 0.000000  0.000000 0.000000 1.000000
2451545.040681  9.9861397769e-01  1.000000 0.000000 0.000000  0.000000 0.000000 1.000000
2451545.041348  1.0014206828e+00  1.000000 0.000000 0.000000  0.000000 0.000000 1.000000
2451545.042014  1.0043082856e+00  1.000000 0.000000 0.000000  0.000000 0.000000 1.000000
2451545.042681  1.0044558493e+00  1.000000 0.000000 0.000000  0.000000 0.000000 1.000000
2451545.043348  1.0051861769e+00  1.000000 0.000000 0.000000  0.000000 0.000000 1.000000
2451545.044015  1.0061172509e+00  1.000000 0.000000 0.000000  0.000000 0.000000 1.000000
2451545.044682  1.0092273228e+00  1.000000 0.000000 0.000000  0.000000 0.000000 1.000000
2451545.045349  1.0103666338e+00  1.000000 0.000000 0.000000  0.000000 0.000000 1.000000
2451545.046016  1.0099973502e+00  1.000000 0.000000 0.000000  0.000000 0.000000 1.000000
2451545.046683  1.0094467956e+00  1.000000 0.000000 0.000000  0.000000 0.000000 1.000000
2451545.047350  1.0144654569e+00  1.000000 0.000000 0.000000  0.000000 0.000000 1.000000
2451545.048017  1.0271162287e+00  1.000000 0.000000 0.000000  0.000000 0.000000 1.000000
2451545.048683  1.0369528049e+00  1.000000 0.000000 0.000000  0.000000 0.000000 1.000000
2451545.049350  1.0484942278e+00  1.000000 0.000000 0.000000  0.000000 0.000000 1.000000
2451545.050017  1.0556686663e+00  1.000000 0.000000 0.000000  0.000000 0.000000 1.000000
2451545.050684  1.0641726756e+00  1.000000 0.000000 0.000000  0.000000 0.000000 1.000000
2451545.051351  1.0792533783e+00  1.000000 0.000000 0.000000  0.000000 0.000000 1.000000
2451545.052018  1.0884285398e+00  1.000000 0.000000 0.000000  0.000000 0.000000 1.000000
2451545.052685  1.0985639885e+00  1.000000 0.000000 0.000000  0.000000 0.000000 1.000000
2451545.053352  1.1112971563e+00  1.000000 0.000000 0.000000  0.000000 0.000000 1.000000
2451545.054019  1.1196086586e+00  1.000000 0.000000 0.000000  0.000000 0.000000 1.000000
2451545.054685  1.1289291367e+00  1.000000 0.000000 0.000000  0.000000 0.000000 1.000000
2451545.055352  1.1389919271e+00  1.000000 0.000000 0.000000  0.000000 0.000000 1.000000
2451545.056019  1.1461199243e+00  1.000000 0.000000 0.000000  0.000000 0.000000 1.000000
2451545.056686  1.1554074440e+00  1.000000 0.000000 0.000000  0.000000 0.000000 1.000000
2451545.057353  1.1675024177e+00  1.000000 0.000000 0.000000  0.000000 0.000000 1.000000
2451545.058020  1.1763240258e+00  1.000000 0.000000 0.000000  0.000000 0.000000 1.000000
2451545.058687  1.1855913210e+00  1.000000 0.000000 0.000000  0.000000 0.000000 1.000000
2451545.059354  1.1984668090e+00  1.000000 0.000000 0.000000  0.000000 0.000000 1.000000
2451545.060021  1.2051865718e+00  1.000000 0.000000 0.000000  0.000000 0.000000 1.000000
2451545.060688  1.2107048521e+00  1.000000 0.000000 0.000000  0.000000 0.000000 1.000000
2451545.061354  1.2192215952e+00  1.000000 0.000000 0.000000  0.000000 0.000000 1.000000
2451545.062021  1.2294379417e+00  1.000000 0.000000 0.000000  0.000000 0.000000 1.000000
2451545.062688  1.2344663408e+00  1.000000 0.000000 0.000000  0.000000 0.000000 1.000000
2451545.063355  1.2437089172e+00  1.000000 0.000000 0.000000  0.000000 0.000000 1.000000
2451545.064022  1.2524181672e+00  1.000000 0.000000 0.000000  0.000000 0.000000 1.000000
2451545.064689  1.2588869969e+00  1.000000 0.000000 0.000000  0.000000 0.000000 1.000000
2451545.065356  1.2674636644e+00  1.000000 0.000000 0.000000  0.000000 0.000000 1.000000
2451545.066023  1.2746942819e+00  1.000000 0.000000 0.000000  0.000000 0.000000 1.000000
2451545.066690  1.2779257006e+00  1.000000 0.000000 0.000000  0.000000 0.000000 1.000000
2451545.067356  1.2881600244e+00  1.000000 0.000000 0.000000  0.000000 0.000000 1.000000
2451545.068023  1.2944176209e+00  1.000000 0.000000 0.000000  0.000000 0.000000 1.000000
2451545.068690  1.3019268865e+00  1.000000 0.000000 0.000000  0.000000 0.000000 1.000000
2451545.069357  1.3093140564e+00  1.000000 0.000000 0.000000  0.000000 0.000000 1.000000
2451545.070024  1.3134301077e+00  1.000000 0.000000 0.000000  0.000000 0.000000 1.000000
2451545.070691  1.3185850968e+00  1.000000 0.000000 0.000000  0.000000 0.000000 1.000000
2451545.071358  1.3184270465e+00  1.000000 0.000000 0.000000  0.000000 0.000000 1.000000
2451545.072025  1.3168435465e+00  1.000000 0.000000 0.000000  0.000000 0.000000 1.000000
2451545.072692  1.3132668140e+00  1.000000 0.000000 0.000000  0.000000 0.000000 1.000000
2451545.073359  1.3117020403e+00  1.000000 0.000000 0.000000  0.000000 0.000000 1.000000
2451545.074025  1.3081837340e+00  1.000000 0.000000 0.000000  0.000000 0.000000 1.000000
2451545.074692  1.3053290895e+00  1.000000 0.000000 0.000000  0.000000 0.000000 1.000000
2451545.075359  1.2996812229e+00  1.000000 0.000000 0.000000  0.000000 0.000000 1.000000
2451545.076026  1.2953412044e+00  1.000000 0.000000 0.000000  0.000000 0.000000 1.000000
2451545.076693  1.2849675566e+00  1.000000 0.000000 0.000000  0.000000 0.000000 1.000000
2451545.077360  1.2796215587e+00  1.000000 0.000000 0.000000  0.000000 0.000000 1.000000
2451545.078027  1.2716149212e+00  1.000000 0.000000 0.000000  0.000000 0.000000 1.000000
2451545.078694  1.2608375333e+00  1.000000 0.000000 0.000000  0.000000 0.000000 1.000000
2451545.079361  1.2538173999e+00  1.000000 0.000000 0.000000  0.000000 0.000000 1.000000
2451545.080028  1.2454414789e+00  1.000000 0.000000 0.000000  0.000000 0.000000 1.000000
2451545.080694  1.2319525158e+00  1.000000 0.000000 0.000000  0.000000 0.000000 1.000000
2451545.081361  1.2243481203e+00  1.000000 0.000000 0.000000  0.000000 0.000000 1.000000
2451545.082028  1.2147767092e+00  1.000000 0.000000 0.000000  0.000000 0.000000 1.000000
2451545.082695  1.2016750070e+00  1.000000 0.000000 0.000000  0.000000 0.000000 1.000000
2451545.083362  1.1921957295e+00  1.000000 0.000000 0.000000  0.000000 0.000000 1.000000
2451545.084029  1.1841995788e+00  1.000000 0.000000 0.000000  0.000000 0.000000 1.000000
2451545.084696  1.1688589544e+00  1.000000 0.000000 0.000000  0.000000 0.000000 1.000000
2451545.085363  1.1567033072e+00  1.000000 0.000000 0.000000  0.000000 0.000000 1.000000
2451545.086030  1.1458360329e+00  1.000000 0.000000 0.000000  0.000000 0.000000 1.000000
2451545.086696  1.1266767315e+00  1.000000 0.000000 0.000000  0.000000 0.000000 1.000000
2451545.087363  1.1156978481e+00  1.000000 0.000000 0.000000  0.000000 0.000000 1.000000
2451545.088030  1.1029377144e+00  1.000000 0.000000 0.000000  0.000000 0.000000 1.000000
2451545.088697  1.0829964008e+00  1.000000 0.000000 0.000000  0.000000 0.000000 1.000000
2451545.089364  1.0690295412e+00  1.000000 0.000000 0.000000  0.000000 0.000000 1.000000
2451545.090031  1.0557345831e+00  1.000000 0.000000 0.000000  0.000000 0.000000 1.000000
2451545.090698  1.0346786771e+00  1.000000 0.000000 0.000000  0.000000 0.000000 1.000000
2451545.091365  1.0188721412e+00  1.000000 0.000000 0.000000  0.000000 0.000000 1.000000
2451545.092032  1.0019240470e+00  1.000000 0.000000 0.000000  0.000000 0.000000 1.000000
2451545.092699  9.7907041166e-01  1.000000 0.000000 0.000000  0.000000 0.000000 1.000000
2451545.093365  9.6467284611e-01  1.000000 0.000000 0.000000  0.000000 0.000000 1.000000
2451545.094032  9.5068051874e-01  1.000000 0.000000 0.000000  0.000000 0.000000 1.000000
2451545.094699  9.3456836876e-01  1.000000 0.000000 0.000000  0.000000 0.000000 1.000000
2451545.095366  9.2721265919e-01  1.000000 0.000000 0.000000  0.000000 0.000000 1.000000
2451545.096033  9.2433853927e-01  1.000000 0.000000 0.000000  0.000000 0.000000 1.000000
2451545.096700  9.0048416788e-01  1.000000 0.000000 0.000000  0.000000 0.000000 1.000000
2451545.097367  8.6850181233e-01  1.000000 0.000000 0.000000  0.000000 0.000000 1.000000
2451545.098034  8.4007746294e-01  1.000000 0.000000 0.000000  0.000000 0.000000 1.000000
2451545.098701  7.9834392335e-01  1.000000 0.000000 0.000000  0.000000 0.000000 1.000000
2451545.099367  7.7167985069e-01  1.000000 0.000000 0.000000  0.000000 0.000000 1.000000
2451545.100034  7.4715807225e-01  1.000000 0.000000 0.000000  0.000000 0.000000 1.000000
2451545.100701  7.1242444162e-01  1.000000 0.000000 0.000000  0.000000 0.000000 1.000000
2451545.101368  6.8966069276e-01  1.000000 0.000000 0.000000  0.000000 0.000000 1.000000
2451545.102035  6.6858905672e-01  1.000000 0.000000 0.000000  0.000000 0.000000 1.000000
2451545.102702  6.3852203206e-01  1.000000 0.000000 0.000000  0.000000 0.000000 1.000000
2451545.103369  6.2083761788e-01  1.000000 0.000000 0.000000  0.000000 0.000000 1.000000
2451545.104036  5.9857423704e-01  1.000000 0.000000 0.000000  0.000000 0.000000 1.000000
2451545.104703  5.8661409297e-01  1.000000 0.000000 0.000000  0.000000 0.000000 1.000000
2451545.105370  5.7523896003e-01  1.000000 0.000000 0.000000  0.000000 0.000000 1.000000
2451545.106036  5.6107285215e-01  1.000000 0.000000 0.000000  0.000000 0.000000 1.000000
2451545.106703  5.5152241457e-01  1.000000 0.000000 0.000000  0.000000 0.000000 1.000000
2451545.107370  5.4431052335e-01  1.000000 0.000000 0.000000  0.000000 0.000000 1.000000
2451545.108037  5.3330767021e-01  1.000000 0.000000 0.000000  0.000000 0.000000 1.000000
2451545.108704  5.2575870472e-01  1.000000 0.000000 0.000000  0.000000 0.000000 1.000000
2451545.109371  5.1790861956e-01  1.000000 0.000000 0.000000  0.000000 0.000000 1.000000
2451545.110038  5.0641363798e-01  1.000000 0.000000 0.000000  0.000000 0.000000 1.000000
2451545.110705  5.0083992771e-01  1.000000 0.000000 0.000000  0.000000 0.000000 1.000000
2451545.111372  4.9360856109e-01  1.000000 0.000000 0.000000  0.000000 0.000000 1.000000
2451545.112039  4.8369333425e-01  1.000000 0.000000 0.000000  0.000000 0.000000 1.000000
2451545.112705  4.7335713910e-01  1.000000 0.000000 0.000000  0.000000 0.000000 1.000000
2451545.113372  4.6210035667e-01  1.000000 0.000000 0.000000  0.000000 0.000000 1.000000
2451545.114039  4.4966381431e-01  1.000000 0.000000 0.000000  0.000000 0.000000 1.000000
2451545.114706  4.4835896237e-01  1.000000 0.000000 0.000000  0.000000 0.000000 1.000000
2451545.115373  4.6128014262e-01  1.000000 0.000000 0.000000  0.000000 0.000000 1.000000
2451545.116040  4.8354352346e-01  1.000000 0.000000 0.000000  0.000000 0.000000 1.000000
2451545.116707  4.9770438797e-01  1.000000 0.000000 0.000000  0.000000 0.000000 1.000000
2451545.117374  5.1028624679e-01  1.000000 0.000000 0.000000  0.000000 0.000000 1.000000
2451545.118041  5.3490615129e-01  1.000000 0.000000 0.000000  0.000000 0.000000 1.000000
2451545.118707  5.5178907776e-01  1.000000 0.000000 0.000000  0.000000 0.000000 1.000000
2451545.119374  5.6550425518e-01  1.000000 0.000000 0.000000  0.000000 0.000000 1.000000
2451545.120041  5.8905376162e-01  1.000000 0.000000 0.000000  0.000000 0.000000 1.000000
2451545.120708  6.1894101333e-01  1.000000 0.000000 0.000000  0.000000 0.000000 1.000000
2451545.121375  6.5141100299e-01  1.000000 0.000000 0.000000  0.000000 0.000000 1.000000
2451545.122042  7.0537734227e-01  1.000000 0.000000 0.000000  0.000000 0.000000 1.000000
2451545.122709  7.4552138942e-01  1.000000 0.000000 0.000000  0.000000 0.000000 1.000000
2451545.123376  7.8720099712e-01  1.000000 0.000000 0.000000  0.000000 0.000000 1.000000
2451545.124043  8.6655951550e-01  1.000000 0.000000 0.000000  0.000000 0.000000 1.000000
2451545.124710  9.0875147608e-01  1.000000 0.000000 0.000000  0.000000 0.000000 1.000000
2451545.125376  9.4515025360e-01  1.000000 0.000000 0.000000  0.000000 0.000000 1.000000
2451545.126043  9.8271006469e-01  1.000000 0.000000 0.000000  0.000000 0.000000 1.000000
2451545.126710  1.0010379162e+00  1.000000 0.000000 0.000000  0.000000 0.000000 1.000000
2451545.127377  1.0142984179e+00  1.000000 0.000000 0.000000  0.000000 0.000000 1.000000
2451545.128044  1.0309820960e+00  1.000000 0.000000 0.000000  0.000000 0.000000 1.000000
2451545.128711  1.0386291876e+00  1.000000 0.000000 0.000000  0.000000 0.000000 1.000000
2451545.129378  1.0478028510e+00  1.000000 0.000000 0.000000  0.000000 0.000000 1.000000
2451545.130045  1.0570424312e+00  1.000000 0.000000 0.000000  0.000000 0.000000 1.000000
2451545.130712  1.0646580625e+00  1.000000 0.000000 0.000000  0.000000 0.000000 1.000000
2451545.131378  1.0745028783e+00  1.000000 0.000000 0.000000  0.000000 0.000000 1.000000
2451545.132045  1.0905281380e+00  1.000000 0.000000 0.000000  0.000000 0.000000 1.000000
2451545.132712  1.1004201442e+00  1.000000 0.000000 0.000000  0.000000 0.000000 1.000000
2451545.133379  1.1109990328e+00  1.000000 0.000000 0.000000  0.000000 0.000000 1.000000
2451545.134046  1.1245419278e+00  1.000000 0.000000 0.000000  0.000000 0.000000 1.000000
2451545.134713  1.1365380265e+00  1.000000 0.000000 0.000000  0.000000 0.000000 1.000000
2451545.135380  1.1462652408e+00  1.000000 0.000000 0.000000  0.000000 0.000000 1.000000
2451545.136047  1.1584081540e+00  1.000000 0.000000 0.000000  0.000000 0.000000 1.000000
2451545.136714  1.1618275852e+00  1.000000 0.000000 0.000000  0.000000 0.000000 1.000000
2451545.137381  1.1727300651e+00  1.000000 0.000000 0.000000  0.000000 0.000000 1.000000
2451545.138047  1.1774273823e+00  1.000000 0.000000 0.000000  0.000000 0.000000 1.000000
2451545.138714  1.1821194561e+00  1.000000 0.000000 0.000000  0.000000 0.000000 1.000000
2451545.139381  1.1851006907e+00  1.000000 0.000000 0.000000  0.000000 0.000000 1.000000
2451545.140048  1.1857044282e+00  1.000000 0.000000 0.000000  0.000000 0.000000 1.000000
2451545.140715  1.1861508643e+00  1.000000 0.000000 0.000000  0.000000 0.000000 1.000000
2451545.141382  1.1866429927e+00  1.000000 0.000000 0.000000  0.000000 0.000000 1.000000
2451545.142049  1.1890189918e+00  1.000000 0.000000 0.000000  0.000000 0.000000 1.000000
2451545.142716  1.3102294003e+00  1.000000 0.000000 0.000000  0.000000 0.000000 1.000000
2451545.143383  1.3104129185e+00  1.000000 0.000000 0.000000  0.000000 0.000000 1.000000
2451545.144050  1.3084474010e+00  1.000000 0.000000 0.000000  0.000000 0.000000 1.000000
2451545.144716  1.3089110654e+00  1.000000 0.000000 0.000000  0.000000 0.000000 1.000000
2451545.145383  1.3098361470e+00  1.000000 0.000000 0.000000  0.000000 0.000000 1.000000
2451545.146050  1.3091507626e+00  1.000000 0.000000 0.000000  0.000000 0.000000 1.000000
2451545.146717  1.3106765855e+00  1.000000 0.000000 0.000000  0.000000 0.000000 1.000000
2451545.147384  1.3104646032e+00  1.000000 0.000000 0.000000  0.000000 0.000000 1.000000
2451545.148051  1.3101207875e+00  1.000000 0.000000 0.000000  0.000000 0.000000 1.000000
2451545.148718  1.3088032016e+00  1.000000 0.000000 0.000000  0.000000 0.000000 1.000000
2451545.149385  1.3134413435e+00  1.000000 0.000000 0.000000  0.000000 0.000000 1.000000
2451545.150052  1.3152780238e+00  1.000000 0.000000 0.000000  0.000000 0.000000 1.000000
2451545.150718  1.3174974705e+00  1.000000 0.000000 0.000000  0.000000 0.000000 1.000000
2451545.151385  1.3168892387e+00  1.000000 0.000000 0.000000  0.000000 0.000000 1.000000
2451545.152052  1.3184779821e+00  1.000000 0.000000 0.000000  0.000000 0.000000 1.000000
2451545.152719  1.3191026931e+00  1.000000 0.000000 0.000000  0.000000 0.000000 1.000000
2451545.153386  1.3153963743e+00  1.000000 0.000000 0.000000  0.000000 0.000000 1.000000
2451545.154053  1.3099672314e+00  1.000000 0.000000 0.000000  0.000000 0.000000 1.000000
2451545.154720  1.3068406803e+00  1.000000 0.000000 0.000000  0.000000 0.000000 1.000000
2451545.155387  1.2994377803e+00  1.000000 0.000000 0.000000  0.000000 0.000000 1.000000
2451545.156054  1.2934408546e+00  1.000000 0.000000 0.000000  0.000000 0.000000 1.000000
2451545.156721  1.2877031015e+00  1.000000 0.000000 0.000000  0.000000 0.000000 1.000000
2451545.157387  1.2817159135e+00  1.000000 0.000000 0.000000  0.000000 0.000000 1.000000
2451545.158054  1.2806282872e+00  1.000000 0.000000 0.000000  0.000000 0.000000 1.000000
2451545.158721  1.2786799979e+00  1.000000 0.000000 0.000000  0.000000 0.000000 1.000000
2451545.159388  1.2767908839e+00  1.000000 0.000000 0.000000  0.000000 0.000000 1.000000
2451545.160055  1.2724755842e+00  1.000000 0.000000 0.000000  0.000000 0.000000 1.000000
2451545.160722  1.2685430511e+00  1.000000 0.000000 0.000000  0.000000 0.000000 1.000000
2451545.161389  1.2659453321e+00  1.000000 0.000000 0.000000  0.000000 0.000000 1.000000
2451545.162056  1.2612120603e+00  1.000000 0.000000 0.000000  0.000000 0.000000 1.000000
2451545.162723  1.2578113555e+00  1.000000 0.000000 0.000000  0.000000 0.000000 1.000000
2451545.163389  1.2491560373e+00  1.000000 0.000000 0.000000  0.000000 0.000000 1.000000
2451545.164056  1.2431748417e+00  1.000000 0.000000 0.000000  0.000000 0.000000 1.000000
2451545.164723  1.2357989077e+00  1.000000 0.000000 0.000000  0.000000 0.000000 1.000000
2451545.165390  1.2274432111e+00  1.000000 0.000000 0.000000  0.000000 0.000000 1.000000
2451545.166057  1.2192118575e+00  1.000000 0.000000 0.000000  0.000000 0.000000 1.000000
2451545.166724  1.2137946995e+00  1.000000 0.000000 0.000000  0.000000 0.000000 1.000000
2451545.167391  1.1997611742e+00  1.000000 0.000000 0.000000  0.000000 0.000000 1.000000
2451545.168058  1.1909313265e+00  1.000000 0.000000 0.000000  0.000000 0.000000 1.000000
2451545.168725  1.1810752749e+00  1.000000 0.000000 0.000000  0.000000 0.000000 1.000000
2451545.169392  1.1680597138e+00  1.000000 0.000000 0.000000  0.000000 0.000000 1.000000
2451545.170058  1.1575347571e+00  1.000000 0.000000 0.000000  0.000000 0.000000 1.000000
2451545.170725  1.1475386324e+00  1.000000 0.000000 0.000000  0.000000 0.000000 1.000000
2451545.171392  1.1324489411e+00  1.000000 0.000000 0.000000  0.000000 0.000000 1.000000
2451545.172059  1.1198236371e+00  1.000000 0.000000 0.000000  0.000000 0.000000 1.000000
2451545.172726  1.1037953812e+00  1.000000 0.000000 0.000000  0.000000 0.000000 1.000000
2451545.173393  1.0906629677e+00  1.000000 0.000000 0.000000  0.000000 0.000000 1.000000
2451545.174060  1.0773290587e+00  1.000000 0.000000 0.000000  0.000000 0.000000 1.000000
2451545.174727  1.0571757628e+00  1.000000 0.000000 0.000000  0.000000 0.000000 1.000000
2451545.175394  1.0437909182e+00  1.000000 0.000000 0.000000  0.000000 0.000000 1.000000
2451545.176061  1.0293866111e+00  1.000000 0.000000 0.000000  0.000000 0.000000 1.000000
2451545.176727  1.0086670305e+00  1.000000 0.000000 0.000000  0.000000 0.000000 1.000000
2451545.177394  9.9333239844e-01  1.000000 0.000000 0.000000  0.000000 0.000000 1.000000
2451545.178061  9.7960973049e-01  1.000000 0.000000 0.000000  0.000000 0.000000 1.000000
2451545.178728  9.5809165831e-01  1.000000 0.000000 0.000000  0.000000 0.000000 1.000000
2451545.179395  9.4391805988e-01  1.000000 0.000000 0.000000  0.000000 0.000000 1.000000
2451545.180062  9.3073021643e-01  1.000000 0.000000 0.000000  0.000000 0.000000 1.000000
2451545.180729  9.1077167453e-01  1.000000 0.000000 0.000000  0.000000 0.000000 1.000000
2451545.181396  8.9694039375e-01  1.000000 0.000000 0.000000  0.000000 0.000000 1.000000
2451545.182063  8.8852402382e-01  1.000000 0.000000 0.000000  0.000000 0.000000 1.000000
2451545.182729  8.7480510113e-01  1.000000 0.000000 0.000000  0.000000 0.000000 1.000000
2451545.183396  8.7008755950e-01  1.000000 0.000000 0.000000  0.000000 0.000000 1.000000
2451545.184063  8.6524118058e-01  1.000000 0.000000 0.000000  0.000000 0.000000 1.000000
2451545.184730  8.6050641071e-01  1.000000 0.000000 0.000000  0.000000 0.000000 1.000000
2451545.185397  8.5856411387e-01  1.000000 0.000000 0.000000  0.000000 0.000000 1.000000
2451545.186064  8.5841430309e-01  1.000000 0.000000 0.000000  0.000000 0.000000 1.000000
2451545.186731  8.5768772078e-01  1.000000 0.000000 0.000000  0.000000 0.000000 1.000000
2451545.187398  8.5802179883e-01  1.000000 0.000000 0.000000  0.000000 0.000000 1.000000
2451545.188065  8.6029817371e-01  1.000000 0.000000 0.000000  0.000000 0.000000 1.000000
2451545.188732  8.6442995518e-01  1.000000 0.000000 0.000000  0.000000 0.000000 1.000000
2451545.189398  8.6567712997e-01  1.000000 0.000000 0.000000  0.000000 0.000000 1.000000
2451545.190065  8.6805088187e-01  1.000000 0.000000 0.000000  0.000000 0.000000 1.000000
2451545.190732  8.7278490269e-01  1.000000 0.000000 0.000000  0.000000 0.000000 1.000000
2451545.191399  8.7939680171e-01  1.000000 0.000000 0.000000  0.000000 0.000000 1.000000
2451545.192066  8.9995084149e-01  1.000000 0.000000 0.000000  0.000000 0.000000 1.000000
2451545.192733  9.3185679354e-01  1.000000 0.000000 0.000000  0.000000 0.000000 1.000000
2451545.193400  9.5089849344e-01  1.000000 0.000000 0.000000  0.000000 0.000000 1.000000
2451545.194067  9.7042108596e-01  1.000000 0.000000 0.000000  0.000000 0.000000 1.000000
2451545.194734  9.9430991382e-01  1.000000 0.000000 0.000000  0.000000 0.000000 1.000000
2451545.195400  1.0090453027e+00  1.000000 0.000000 0.000000  0.000000 0.000000 1.000000
2451545.196067  1.0213889624e+00  1.000000 0.000000 0.000000  0.000000 0.000000 1.000000
2451545.196734  1.0389055885e+00  1.000000 0.000000 0.000000  0.000000 0.000000 1.000000
2451545.197401  1.0499496396e+00  1.000000 0.000000 0.000000  0.000000 0.000000 1.000000
2451545.198068  1.0601157995e+00  1.000000 0.000000 0.000000  0.000000 0.000000 1.000000
2451545.198735  1.0742377132e+00  1.000000 0.000000 0.000000  0.000000 0.000000 1.000000
2451545.199402  1.0818301238e+00  1.000000 0.000000 0.000000  0.000000 0.000000 1.000000
2451545.200069  1.0899333892e+00  1.000000 0.000000 0.000000  0.000000 0.000000 1.000000
2451545.200736  1.1008987896e+00  1.000000 0.000000 0.000000  0.000000 0.000000 1.000000
2451545.201403  1.1082470087e+00  1.000000 0.000000 0.000000  0.000000 0.000000 1.000000
2451545.202069  1.1141518008e+00  1.000000 0.000000 0.000000  0.000000 0.000000 1.000000
2451545.202736  1.1230191012e+00  1.000000 0.000000 0.000000  0.000000 0.000000 1.000000
2451545.203403  1.1305448460e+00  1.000000 0.000000 0.000000  0.000000 0.000000 1.000000
2451545.204070  1.1345155809e+00  1.000000 0.000000 0.000000  0.000000 0.000000 1.000000
2451545.204737  1.1433941171e+00  1.000000 0.000000 0.000000  0.000000 0.000000 1.000000
2451545.205404  1.1504060109e+00  1.000000 0.000000 0.000000  0.000000 0.000000 1.000000
2451545.206071  1.1632245707e+00  1.000000 0.000000 0.000000  0.000000 0.000000 1.000000
2451545.206738  1.1681271287e+00  1.000000 0.000000 0.000000  0.000000 0.000000 1.000000
2451545.207405  1.1743555121e+00  1.000000 0.000000 0.000000  0.000000 0.000000 1.000000
2451545.208072  1.1820333149e+00  1.000000 0.000000 0.000000  0.000000 0.000000 1.000000
2451545.208738  1.1861373813e+00  1.000000 0.000000 0.000000  0.000000 0.000000 1.000000
2451545.209405  1.1912736441e+00  1.000000 0.000000 0.000000  0.000000 0.000000 1.000000
2451545.210072  1.1979926579e+00  1.000000 0.000000 0.000000  0.000000 0.000000 1.000000
2451545.210739  1.2036652432e+00  1.000000 0.000000 0.000000  0.000000 0.000000 1.000000
2451545.211406  1.2097445649e+00  1.000000 0.000000 0.000000  0.000000 0.000000 1.000000
2451545.212073  1.2196792672e+00  1.000000 0.000000 0.000000  0.000000 0.000000 1.000000
2451545.212740  1.2259780616e+00  1.000000 0.000000 0.000000  0.000000 0.000000 1.000000
2451545.213407  1.2368243625e+00  1.000000 0.000000 0.000000  0.000000 0.000000 1.000000
2451545.214074  1.2486983654e+00  1.000000 0.000000 0.000000  0.000000 0.000000 1.000000
2451545.214740  1.2549926655e+00  1.000000 0.000000 0.000000  0.000000 0.000000 1.000000
2451545.215407  1.2608203051e+00  1.000000 0.000000 0.000000  0.000000 0.000000 1.000000
2451545.216074  1.2573544326e+00  1.000000 0.000000 0.000000  0.000000 0.000000 1.000000
2451545.216741  1.2279203585e+00  1.000000 0.000000 0.000000  0.000000 0.000000 1.000000
2451545.217408  1.1891470800e+00  1.000000 0.000000 0.000000  0.000000 0.000000 1.000000
2451545.218075  1.1338152154e+00  1.000000 0.000000 0.000000  0.000000 0.000000 1.000000
2451545.218742  1.0937550623e+00  1.000000 0.000000 0.000000  0.000000 0.000000 1.000000
2451545.219409  1.0549413349e+00  1.000000 0.000000 0.000000  0.000000 0.000000 1.000000
2451545.220076  1.0004633918e+00  1.000000 0.000000 0.000000  0.000000 0.000000 1.000000
2451545.220743  9.6641889082e-01  1.000000 0.000000 0.000000  0.000000 0.000000 1.000000
2451545.221409  9.3512566488e-01  1.000000 0.000000 0.000000  0.000000 0.000000 1.000000
2451545.222076  8.9003486559e-01  1.000000 0.000000 0.000000  0.000000 0.000000 1.000000
2451545.222743  8.6657973995e-01  1.000000 0.000000 0.000000  0.000000 0.000000 1.000000
2451545.223410  8.4298678839e-01  1.000000 0.000000 0.000000  0.000000 0.000000 1.000000
2451545.224077  8.1165386259e-01  1.000000 0.000000 0.000000  0.000000 0.000000 1.000000
2451545.224744  7.9027811066e-01  1.000000 0.000000 0.000000  0.000000 0.000000 1.000000
2451545.225411  7.6905216951e-01  1.000000 0.000000 0.000000  0.000000 0.000000 1.000000
2451545.226078  7.3477770893e-01  1.000000 0.000000 0.000000  0.000000 0.000000 1.000000
2451545.226745  7.1463714693e-01  1.000000 0.000000 0.000000  0.000000 0.000000 1.000000
2451545.227411  6.9690404424e-01  1.000000 0.000000 0.000000  0.000000 0.000000 1.000000
2451545.228078  6.6929990890e-01  1.000000 0.000000 0.000000  0.000000 0.000000 1.000000
2451545.228745  6.5406565011e-01  1.000000 0.000000 0.000000  0.000000 0.000000 1.000000
2451545.229412  6.3668535183e-01  1.000000 0.000000 0.000000  0.000000 0.000000 1.000000
2451545.230079  6.1307517202e-01  1.000000 0.000000 0.000000  0.000000 0.000000 1.000000
2451545.230746  5.9803416916e-01  1.000000 0.000000 0.000000  0.000000 0.000000 1.000000
2451545.231413  5.8217819561e-01  1.000000 0.000000 0.000000  0.000000 0.000000 1.000000
2451545.232080  5.5866988714e-01  1.000000 0.000000 0.000000  0.000000 0.000000 1.000000
2451545.232747  5.4502137553e-01  1.000000 0.000000 0.000000  0.000000 0.000000 1.000000
2451545.233414  5.3165001386e-01  1.000000 0.000000 0.000000  0.000000 0.000000 1.000000
2451545.234080  5.1138061458e-01  1.000000 0.000000 0.000000  0.000000 0.000000 1.000000
2451545.234747  5.0082944095e-01  1.000000 0.000000 0.000000  0.000000 0.000000 1.000000
2451545.235414  4.8985879713e-01  1.000000 0.000000 0.000000  0.000000 0.000000 1.000000
2451545.236081  4.7683050216e-01  1.000000 0.000000 0.000000  0.000000 0.000000 1.000000
2451545.236748  4.6920063885e-01  1.000000 0.000000 0.000000  0.000000 0.000000 1.000000
2451545.237415  4.6686883398e-01  1.000000 0.000000 0.000000  0.000000 0.000000 1.000000
2451545.238082  4.6685759817e-01  1.000000 0.000000 0.000000  0.000000 0.000000 1.000000
2451545.238749  4.7218412065e-01  1.000000 0.000000 0.000000  0.000000 0.000000 1.000000
2451545.239416  4.9978825599e-01  1.000000 0.000000 0.000000  0.000000 0.000000 1.000000
360  1
2451545.000000  6.7717505631e-01  1.000000 0.000000 0.000000  0.000000 0.000000 -1.000000
2451545.000667  7.0847532681e-01  1.000000 0.000000 0.000000  0.000000 0.000000 -1.000000
2451545.001334  7.3694537743e-01  1.000000 0.000000 0.000000  0.000000 0.000000 -1.000000
2451545.002001  7.7732284582e-01  1.000000 0.000000 0.000000  0.000000 0.000000 -1.000000
2451545.002668  8.0035060112e-01  1.000000 0.000000 0.000000  0.000000 0.000000 -1.000000
2451545.003334  8.2032181953e-01  1.000000 0.000000 0.000000  0.000000 0.000000 -1.000000
2451545.004001  8.4564417780e-01  1.000000 0.000000 0.000000  0.000000 0.000000 -1.000000
2451545.004668  8.6012783748e-01  1.000000 0.000000 0.000000  0.000000 0.000000 -1.000000
2451545.005335  8.7495977389e-01  1.000000 0.000000 0.000000  0.000000 0.000000 -1.000000
2451545.006002  8.9348570676e-01  1.000000 0.000000 0.000000  0.000000 0.000000 -1.000000
2451545.006669  9.0503856122e-01  1.000000 0.000000 0.000000  0.000000 0.000000 -1.000000
2451545.007336  9.1586468664e-01  1.000000 0.000000 0.000000  0.000000 0.000000 -1.000000
2451545.008003  9.2928905701e-01  1.000000 0.000000 0.000000  0.000000 0.000000 -1.000000
2451545.008670  9.3645953413e-01  1.000000 0.000000 0.000000  0.000000 0.000000 -1.000000
2451545.009337  9.4274926090e-01  1.000000 0.000000 0.000000  0.000000 0.000000 -1.000000
2451545.010003  9.5154984912e-01  1.000000 0.000000 0.000000  0.000000 0.000000 -1.000000
2451545.010670  9.5713799318e-01  1.000000 0.000000 0.000000  0.000000 0.000000 -1.000000
2451545.011337  9.6368232658e-01  1.000000 0.000000 0.000000  0.000000 0.000000 -1.000000
2451545.012004  9.7300784452e-01  1.000000 0.000000 0.000000  0.000000 0.000000 -1.000000
2451545.012671  9.7641517277e-01  1.000000 0.000000 0.000000  0.000000 0.000000 -1.000000
2451545.013338  9.8090442204e-01  1.000000 0.000000 0.000000  0.000000 0.000000 -1.000000
2451545.014005  9.8156325598e-01  1.000000 0.000000 0.000000  0.000000 0.000000 -1.000000
2451545.014672  9.8354101515e-01  1.000000 0.000000 0.000000  0.000000 0.000000 -1.000000
2451545.015339  9.8247669656e-01  1.000000 0.000000 0.000000  0.000000 0.000000 -1.000000
2451545.016006  9.7770769433e-01  1.000000 0.000000 0.000000  0.000000 0.000000 -1.000000
2451545.016672  9.7312728961e-01  1.000000 0.000000 0.000000  0.000000 0.000000 -1.000000
2451545.017339  9.7099173720e-01  1.000000 0.000000 0.000000  0.000000 0.000000 -1.000000
2451545.018006  9.6307944323e-01  1.000000 0.000000 0.000000  0.000000 0.000000 -1.000000
2451545.018673  9.5679223109e-01  1.000000 0.000000 0.000000  0.000000 0.000000 -1.000000
2451545.019340  9.5219799588e-01  1.000000 0.000000 0.000000  0.000000 0.000000 -1.000000
2451545.020007  9.4706562912e-01  1.000000 0.000000 0.000000  0.000000 0.000000 -1.000000
2451545.020674  9.4711214984e-01  1.000000 0.000000 0.000000  0.000000 0.000000 -1.000000
2451545.021341  9.4553861799e-01  1.000000 0.000000 0.000000  0.000000 0.000000 -1.000000
2451545.022008  9.4188234104e-01  1.000000 0.000000 0.000000  0.000000 0.000000 -1.000000
2451545.022674  9.4698453220e-01  1.000000 0.000000 0.000000  0.000000 0.000000 -1.000000
2451545.023341  9.4892582918e-01  1.000000 0.000000 0.000000  0.000000 0.000000 -1.000000
2451545.024008  9.5163471800e-01  1.000000 0.000000 0.000000  0.000000 0.000000 -1.000000
2451545.024675  9.5321202179e-01  1.000000 0.000000 0.000000  0.000000 0.000000 -1.000000
2451545.025342  9.5376461248e-01  1.000000 0.000000 0.000000  0.000000 0.000000 -1.000000
2451545.026009  9.5578134846e-01  1.000000 0.000000 0.000000  0.000000 0.000000 -1.000000
2451545.026676  9.5752210343e-01  1.000000 0.000000 0.000000  0.000000 0.000000 -1.000000
2451545.027343  9.5641692205e-01  1.000000 0.000000 0.000000  0.000000 0.000000 -1.000000
2451545.028010  9.5526019069e-01  1.000000 0.000000 0.000000  0.000000 0.000000 -1.000000
2451545.028677  9.5576374603e-01  1.000000 0.000000 0.000000  0.000000 0.000000 -1.000000
2451545.029343  9.5814887580e-01  1.000000 0.000000 0.000000  0.000000 0.000000 -1.000000
2451545.030010  9.5832992941e-01  1.000000 0.000000 0.000000  0.000000 0.000000 -1.000000
2451545.030677  9.6012349167e-01  1.000000 0.000000 0.000000  0.000000 0.000000 -1.000000
2451545.031344  9.6242438123e-01  1.000000 0.000000 0.000000  0.000000 0.000000 -1.000000
2451545.032011  9.6659364340e-01  1.000000 0.000000 0.000000  0.000000 0.000000 -1.000000
2451545.032678  9.7089366650e-01  1.000000 0.000000 0.000000  0.000000 0.000000 -1.000000
2451545.033345  9.7503903965e-01  1.000000 0.000000 0.000000  0.000000 0.000000 -1.000000
2451545.034012  9.7937803957e-01  1.000000 0.000000 0.000000  0.000000 0.000000 -1.000000
2451545.034679  9.8586453640e-01  1.000000 0.000000 0.000000  0.000000 0.000000 -1.000000
2451545.035345  9.9384032487e-01  1.000000 0.000000 0.000000  0.000000 0.000000 -1.000000
2451545.036012  9.9690503432e-01  1.000000 0.000000 0.000000  0.000000 0.000000 -1.000000
2451545.036679  1.0037995304e+00  1.000000 0.000000 0.000000  0.000000 0.000000 -1.000000
2451545.037346  1.0085886497e+00  1.000000 0.000000 0.000000  0.000000 0.000000 -1.000000
2451545.038013  1.0140768371e+00  1.000000 0.000000 0.000000  0.000000 0.000000 -1.000000
2451545.038680  1.0184296675e+00  1.000000 0.000000 0.000000  0.000000 0.000000 -1.000000
2451545.039347  1.0247847747e+00  1.000000 0.000000 0.000000  0.000000 0.000000 -1.000000
2451545.040014  1.0305231681e+00  1.000000 0.000000 0.000000  0.000000 0.000000 -1.000000
2451545.040681  1.0340210232e+00  1.000000 0.000000 0.000000  0.000000 0.000000 -1.000000
2451545.041348  1.0400724885e+00  1.000000 0.000000 0.000000  0.000000 0.000000 -1.000000
2451545.042014  1.0457505307e+00  1.000000 0.000000 0.000000  0.000000 0.000000 -1.000000
2451545.042681  1.0502146336e+00  1.000000 0.000000 0.000000  0.000000 0.000000 -1.000000
2451545.043348  1.0552929357e+00  1.000000 0.000000 0.000000  0.000000 0.000000 -1.000000
2451545.044015  1.0597457228e+00  1.000000 0.000000 0.000000  0.000000 0.000000 -1.000000
2451545.044682  1.0607654067e+00  1.000000 0.000000 0.000000  0.000000 0.000000 -1.000000
2451545.045349  1.0711131231e+00  1.000000 0.000000 0.000000  0.000000 0.000000 -1.000000
2451545.046016  1.0831582170e+00  1.000000 0.000000 0.000000  0.000000 0.000000 -1.000000
2451545.046683  1.0958602589e+00  1.000000 0.000000 0.000000  0.000000 0.000000 -1.000000
2451545.047350  1.1087012344e+00  1.000000 0.000000 0.000000  0.000000 0.000000 -1.000000
2451545.048017  1.1152518544e+00  1.000000 0.000000 0.000000  0.000000 0.000000 -1.000000
2451545.048683  1.1227970119e+00  1.000000 0.000000 0.000000  0.000000 0.000000 -1.000000
2451545.049350  1.1336658860e+00  1.000000 0.000000 0.000000  0.000000 0.000000 -1.000000
2451545.050017  1.1453828203e+00  1.000000 0.000000 0.000000  0.000000 0.000000 -1.000000
2451545.050684  1.1550094656e+00  1.000000 0.000000 0.000000  0.000000 0.000000 -1.000000
2451545.051351  1.1683565110e+00  1.000000 0.000000 0.000000  0.000000 0.000000 -1.000000
2451545.052018  1.1784414482e+00  1.000000 0.000000 0.000000  0.000000 0.000000 -1.000000
2451545.052685  1.1864618714e+00  1.000000 0.000000 0.000000  0.000000 0.000000 -1.000000
2451545.053352  1.1978896229e+00  1.000000 0.000000 0.000000  0.000000 0.000000 -1.000000
2451545.054019  1.2057579108e+00  1.000000 0.000000 0.000000  0.000000 0.000000 -1.000000
2451545.054685  1.2107639172e+00  1.000000 0.000000 0.000000  0.000000 0.000000 -1.000000
2451545.055352  1.2258680627e+00  1.000000 0.000000 0.000000  0.000000 0.000000 -1.000000
2451545.056019  1.2296525859e+00  1.000000 0.000000 0.000000  0.000000 0.000000 -1.000000
2451545.056686  1.2356939927e+00  1.000000 0.000000 0.000000  0.000000 0.000000 -1.000000
2451545.057353  1.2420333835e+00  1.000000 0.000000 0.000000  0.000000 0.000000 -1.000000
2451545.058020  1.2457908744e+00  1.000000 0.000000 0.000000  0.000000 0.000000 -1.000000
2451545.058687  1.2499067006e+00  1.000000 0.000000 0.000000  0.000000 0.000000 -1.000000
2451545.059354  1.2520347091e+00  1.000000 0.000000 0.000000  0.000000 0.000000 -1.000000
2451545.060021  1.2532046423e+00  1.000000 0.000000 0.000000  0.000000 0.000000 -1.000000
2451545.060688  1.2544827047e+00  1.000000 0.000000 0.000000  0.000000 0.000000 -1.000000
2451545.061354  1.2565729937e+00  1.000000 0.000000 0.000000  0.000000 0.000000 -1.000000
2451545.062021  1.2588990296e+00  1.000000 0.000000 0.000000  0.000000 0.000000 -1.000000
2451545.062688  1.2597860665e+00  1.000000 0.000000 0.000000  0.000000 0.000000 -1.000000
2451545.063355  1.2615834008e+00  1.000000 0.000000 0.000000  0.000000 0.000000 -1.000000
2451545.064022  1.2638956062e+00  1.000000 0.000000 0.000000  0.000000 0.000000 -1.000000
2451545.064689  1.2652912277e+00  1.000000 0.000000 0.000000  0.000000 0.000000 -1.000000
2451545.065356  1.2701696165e+00  1.000000 0.000000 0.000000  0.000000 0.000000 -1.000000
2451545.066023  1.2721800659e+00  1.000000 0.000000 0.000000  0.000000 0.000000 -1.000000
2451545.066690  1.2761123239e+00  1.000000 0.000000 0.000000  0.000000 0.000000 -1.000000
2451545.067356  1.2819707910e+00  1.000000 0.000000 0.000000  0.000000 0.000000 -1.000000
2451545.068023  1.2898340496e+00  1.000000 0.000000 0.000000  0.000000 0.000000 -1.000000
2451545.068690  1.3073604157e+00  1.000000 0.000000 0.000000  0.000000 0.000000 -1.000000
2451545.069357  1.3129875366e+00  1.000000 0.000000 0.000000  0.000000 0.000000 -1.000000
2451545.070024  1.3183958844e+00  1.000000 0.000000 0.000000  0.000000 0.000000 -1.000000
2451545.070691  1.3184468057e+00  1.000000 0.000000 0.000000  0.000000 0.000000 -1.000000
2451545.071358  1.3165608306e+00  1.000000 0.000000 0.000000  0.000000 0.000000 -1.000000
2451545.072025  1.3139368107e+00  1.000000 0.000000 0.000000  0.000000 0.000000 -1.000000
2451545.072692  1.3072340554e+00  1.000000 0.000000 0.000000  0.000000 0.000000 -1.000000
2451545.073359  1.3006388007e+00  1.000000 0.000000 0.000000  0.000000 0.000000 -1.000000
2451545.074025  1.2954712290e+00  1.000000 0.000000 0.000000  0.000000 0.000000 -1.000000
2451545.074692  1.2845275445e+00  1.000000 0.000000 0.000000  0.000000 0.000000 -1.000000
2451545.075359  1.2801143629e+00  1.000000 0.000000 0.000000  0.000000 0.000000 -1.000000
2451545.076026  1.2728621602e+00  1.000000 0.000000 0.000000  0.000000 0.000000 -1.000000
2451545.076693  1.2649712406e+00  1.000000 0.000000 0.000000  0.000000 0.000000 -1.000000
2451545.077360  1.2589870418e+00  1.000000 0.000000 0.000000  0.000000 0.000000 -1.000000
2451545.078027  1.2516644293e+00  1.000000 0.000000 0.000000  0.000000 0.000000 -1.000000
2451545.078694  1.2422439840e+00  1.000000 0.000000 0.000000  0.000000 0.000000 -1.000000
2451545.079361  1.2336483384e+00  1.000000 0.000000 0.000000  0.000000 0.000000 -1.000000
2451545.080028  1.2246654393e+00  1.000000 0.000000 0.000000  0.000000 0.000000 -1.000000
2451545.080694  1.2109562867e+00  1.000000 0.000000 0.000000  0.000000 0.000000 -1.000000
2451545.081361  1.2012202548e+00  1.000000 0.000000 0.000000  0.000000 0.000000 -1.000000
2451545.082028  1.1905123172e+00  1.000000 0.000000 0.000000  0.000000 0.000000 -1.000000
2451545.082695  1.1762989806e+00  1.000000 0.000000 0.000000  0.000000 0.000000 -1.000000
2451545.083362  1.1656073881e+00  1.000000 0.000000 0.000000  0.000000 0.000000 -1.000000
2451545.084029  1.1557330514e+00  1.000000 0.000000 0.000000  0.000000 0.000000 -1.000000
2451545.084696  1.1375409361e+00  1.000000 0.000000 0.000000  0.000000 0.000000 -1.000000
2451545.085363  1.1278539396e+00  1.000000 0.000000 0.000000  0.000000 0.000000 -1.000000
2451545.086030  1.1151393245e+00  1.000000 0.000000 0.000000  0.000000 0.000000 -1.000000
2451545.086696  1.0946111148e+00  1.000000 0.000000 0.000000  0.000000 0.000000 -1.000000
2451545.087363  1.0815457084e+00  1.000000 0.000000 0.000000  0.000000 0.000000 -1.000000
2451545.088030  1.0702153989e+00  1.000000 0.000000 0.000000  0.000000 0.000000 -1.000000
2451545.088697  1.0472297638e+00  1.000000 0.000000 0.000000  0.000000 0.000000 -1.000000
2451545.089364  1.0346081901e+00  1.000000 0.000000 0.000000  0.000000 0.000000 -1.000000
2451545.090031  1.0205935095e+00  1.000000 0.000000 0.000000  0.000000 0.000000 -1.000000
2451545.090698  1.0005305070e+00  1.000000 0.000000 0.000000  0.000000 0.000000 -1.000000
2451545.091365  9.8559421331e-01  1.000000 0.000000 0.000000  0.000000 0.000000 -1.000000
2451545.092032  9.7093704392e-01  1.000000 0.000000 0.000000  0.000000 0.000000 -1.000000
2451545.092699  9.5687835728e-01  1.000000 0.000000 0.000000  0.000000 0.000000 -1.000000
2451545.093365  9.4833489033e-01  1.000000 0.000000 0.000000  0.000000 0.000000 -1.000000
2451545.094032  9.3669402369e-01  1.000000 0.000000 0.000000  0.000000 0.000000 -1.000000
2451545.094699  9.0314001301e-01  1.000000 0.000000 0.000000  0.000000 0.000000 -1.000000
2451545.095366  8.7644843686e-01  1.000000 0.000000 0.000000  0.000000 0.000000 -1.000000
2451545.096033  8.5047730318e-01  1.000000 0.000000 0.000000  0.000000 0.000000 -1.000000
2451545.096700  8.0951706849e-01  1.000000 0.000000 0.000000  0.000000 0.000000 -1.000000
2451545.097367  7.8649245649e-01  1.000000 0.000000 0.000000  0.000000 0.000000 -1.000000
2451545.098034  7.6830411316e-01  1.000000 0.000000 0.000000  0.000000 0.000000 -1.000000
2451545.098701  7.4244362334e-01  1.000000 0.000000 0.000000  0.000000 0.000000 -1.000000
2451545.099367  7.2499332491e-01  1.000000 0.000000 0.000000  0.000000 0.000000 -1.000000
2451545.100034  7.0873684868e-01  1.000000 0.000000 0.000000  0.000000 0.000000 -1.000000
2451545.100701  6.8706259481e-01  1.000000 0.000000 0.000000  0.000000 0.000000 -1.000000
2451545.101368  6.7217785110e-01  1.000000 0.000000 0.000000  0.000000 0.000000 -1.000000
2451545.102035  6.6242421682e-01  1.000000 0.000000 0.000000  0.000000 0.000000 -1.000000
2451545.102702  6.4481423917e-01  1.000000 0.000000 0.000000  0.000000 0.000000 -1.000000
2451545.103369  6.3547740538e-01  1.000000 0.000000 0.000000  0.000000 0.000000 -1.000000
2451545.104036  6.2135773888e-01  1.000000 0.000000 0.000000  0.000000 0.000000 -1.000000
2451545.104703  6.1280107010e-01  1.000000 0.000000 0.000000  0.000000 0.000000 -1.000000
2451545.105370  6.0260297438e-01  1.000000 0.000000 0.000000  0.000000 0.000000 -1.000000
2451545.106036  5.9097656688e-01  1.000000 0.000000 0.000000  0.000000 0.000000 -1.000000
2451545.106703  5.8295928697e-01  1.000000 0.000000 0.000000  0.000000 0.000000 -1.000000
2451545.107370  5.7590951225e-01  1.000000 0.000000 0.000000  0.000000 0.000000 -1.000000
2451545.108037  5.6242981995e-01  1.000000 0.000000 0.000000  0.000000 0.000000 -1.000000
2451545.108704  5.5224995531e-01  1.000000 0.000000 0.000000  0.000000 0.000000 -1.000000
2451545.109371  5.4156464937e-01  1.000000 0.000000 0.000000  0.000000 0.000000 -1.000000
2451545.110038  5.2456949958e-01  1.000000 0.000000 0.000000  0.000000 0.000000 -1.000000
2451545.110705  5.1388356497e-01  1.000000 0.000000 0.000000  0.000000 0.000000 -1.000000
2451545.111372  5.0431349894e-01  1.000000 0.000000 0.000000  0.000000 0.000000 -1.000000
2451545.112039  4.9107898339e-01  1.000000 0.000000 0.000000  0.000000 0.000000 -1.000000
2451545.112705  4.9238785007e-01  1.000000 0.000000 0.000000  0.000000 0.000000 -1.000000
2451545.113372  5.1011098623e-01  1.000000 0.000000 0.000000  0.000000 0.000000 -1.000000
2451545.114039  5.4588038893e-01  1.000000 0.000000 0.000000  0.000000 0.000000 -1.000000
2451545.114706  5.6150443486e-01  1.000000 0.000000 0.000000  0.000000 0.000000 -1.000000
2451545.115373  5.7701657960e-01  1.000000 0.000000 0.000000  0.000000 0.000000 -1.000000
2451545.116040  6.0197305871e-01  1.000000 0.000000 0.000000  0.000000 0.000000 -1.000000
2451545.116707  6.2033302577e-01  1.000000 0.000000 0.000000  0.000000 0.000000 -1.000000
2451545.117374  6.3497825065e-01  1.000000 0.000000 0.000000  0.000000 0.000000 -1.000000
2451545.118041  6.6069477771e-01  1.000000 0.000000 0.000000  0.000000 0.000000 -1.000000
2451545.118707  6.8954202333e-01  1.000000 0.000000 0.000000  0.000000 0.000000 -1.000000
2451545.119374  7.2425779464e-01  1.000000 0.000000 0.000000  0.000000 0.000000 -1.000000
2451545.120041  7.8026559555e-01  1.000000 0.000000 0.000000  0.000000 0.000000 -1.000000
2451545.120708  8.1448535542e-01  1.000000 0.000000 0.000000  0.000000 0.000000 -1.000000
2451545.121375  8.5747615657e-01  1.000000 0.000000 0.000000  0.000000 0.000000 -1.000000
2451545.122042  9.3499538884e-01  1.000000 0.000000 0.000000  0.000000 0.000000 -1.000000
2451545.122709  9.8251064412e-01  1.000000 0.000000 0.000000  0.000000 0.000000 -1.000000
2451545.123376  1.0294645075e+00  1.000000 0.000000 0.000000  0.000000 0.000000 -1.000000
2451545.124043  1.0776222516e+00  1.000000 0.000000 0.000000  0.000000 0.000000 -1.000000
2451545.124710  1.0980882241e+00  1.000000 0.000000 0.000000  0.000000 0.000000 -1.000000
2451545.125376  1.1119614566e+00  1.000000 0.000000 0.000000  0.000000 0.000000 -1.000000
2451545.126043  1.1394287971e+00  1.000000 0.000000 0.000000  0.000000 0.000000 -1.000000
2451545.126710  1.1421320280e+00  1.000000 0.000000 0.000000  0.000000 0.000000 -1.000000
2451545.127377  1.1403378371e+00  1.000000 0.000000 0.000000  0.000000 0.000000 -1.000000
2451545.128044  1.1438275196e+00  1.000000 0.000000 0.000000  0.000000 0.000000 -1.000000
2451545.128711  1.1444014846e+00  1.000000 0.000000 0.000000  0.000000 0.000000 -1.000000
2451545.129378  1.1514883502e+00  1.000000 0.000000 0.000000  0.000000 0.000000 -1.000000
2451545.130045  1.1618115489e+00  1.000000 0.000000 0.000000  0.000000 0.000000 -1.000000
2451545.130712  1.1706548859e+00  1.000000 0.000000 0.000000  0.000000 0.000000 -1.000000
2451545.131378  1.1765931927e+00  1.000000 0.000000 0.000000  0.000000 0.000000 -1.000000
2451545.132045  1.1858376137e+00  1.000000 0.000000 0.000000  0.000000 0.000000 -1.000000
2451545.132712  1.1903142898e+00  1.000000 0.000000 0.000000  0.000000 0.000000 -1.000000
2451545.133379  1.1947702202e+00  1.000000 0.000000 0.000000  0.000000 0.000000 -1.000000
2451545.134046  1.2012303134e+00  1.000000 0.000000 0.000000  0.000000 0.000000 -1.000000
2451545.134713  1.2042925082e+00  1.000000 0.000000 0.000000  0.000000 0.000000 -1.000000
2451545.135380  1.2085284081e+00  1.000000 0.000000 0.000000  0.000000 0.000000 -1.000000
2451545.136047  1.2149903873e+00  1.000000 0.000000 0.000000  0.000000 0.000000 -1.000000
2451545.136714  1.2173635725e+00  1.000000 0.000000 0.000000  0.000000 0.000000 -1.000000
2451545.137381  1.2206307100e+00  1.000000 0.000000 0.000000  0.000000 0.000000 -1.000000
2451545.138047  1.2237809170e+00  1.000000 0.000000 0.000000  0.000000 0.000000 -1.000000
2451545.138714  1.2250589794e+00  1.000000 0.000000 0.000000  0.000000 0.000000 -1.000000
2451545.139381  1.2255927103e+00  1.000000 0.000000 0.000000  0.000000 0.000000 -1.000000
2451545.140048  1.2250979562e+00  1.000000 0.000000 0.000000  0.000000 0.000000 -1.000000
2451545.140715  1.2267374972e+00  1.000000 0.000000 0.000000  0.000000 0.000000 -1.000000
2451545.141382  1.2355613458e+00  1.000000 0.000000 0.000000  0.000000 0.000000 -1.000000
2451545.142049  1.2441620206e+00  1.000000 0.000000 0.000000  0.000000 0.000000 -1.000000
2451545.142716  1.2570092826e+00  1.000000 0.000000 0.000000  0.000000 0.000000 -1.000000
2451545.143383  1.2721127994e+00  1.000000 0.000000 0.000000  0.000000 0.000000 -1.000000
2451545.144050  1.2807813694e+00  1.000000 0.000000 0.000000  0.000000 0.000000 -1.000000
2451545.144716  1.2881963946e+00  1.000000 0.000000 0.000000  0.000000 0.000000 -1.000000
2451545.145383  1.2984177507e+00  1.000000 0.000000 0.000000  0.000000 0.000000 -1.000000
2451545.146050  1.3046905037e+00  1.000000 0.000000 0.000000  0.000000 0.000000 -1.000000
2451545.146717  1.3070530018e+00  1.000000 0.000000 0.000000  0.000000 0.000000 -1.000000
2451545.147384  1.3121734240e+00  1.000000 0.000000 0.000000  0.000000 0.000000 -1.000000
2451545.148051  1.3145704983e+00  1.000000 0.000000 0.000000  0.000000 0.000000 -1.000000
2451545.148718  1.3166331264e+00  1.000000 0.000000 0.000000  0.000000 0.000000 -1.000000
2451545.149385  1.3182248893e+00  1.000000 0.000000 0.000000  0.000000 0.000000 -1.000000
2451545.150052  1.3162169545e+00  1.000000 0.000000 0.000000  0.000000 0.000000 -1.000000
2451545.150718  1.3143825295e+00  1.000000 0.000000 0.000000  0.000000 0.000000 -1.000000
2451545.151385  1.3125009550e+00  1.000000 0.000000 0.000000  0.000000 0.000000 -1.000000
2451545.152052  1.3125405605e+00  1.000000 0.000000 0.000000  0.000000 0.000000 -1.000000
2451545.152719  1.3088346195e+00  1.000000 0.000000 0.000000  0.000000 0.000000 -1.000000
2451545.153386  1.3033439175e+00  1.000000 0.000000 0.000000  0.000000 0.000000 -1.000000
2451545.154053  1.2999824813e+00  1.000000 0.000000 0.000000  0.000000 0.000000 -1.000000
2451545.154720  1.2979996929e+00  1.000000 0.000000 0.000000  0.000000 0.000000 -1.000000
2451545.155387  1.2956535400e+00  1.000000 0.000000 0.000000  0.000000 0.000000 -1.000000
2451545.156054  1.2948714890e+00  1.000000 0.000000 0.000000  0.000000 0.000000 -1.000000
2451545.156721  1.2962381922e+00  1.000000 0.000000 0.000000  0.000000 0.000000 -1.000000
2451545.157387  1.2900754544e+00  1.000000 0.000000 0.000000  0.000000 0.000000 -1.000000
2451545.158054  1.2918375838e+00  1.000000 0.000000 0.000000  0.000000 0.000000 -1.000000
2451545.158721  1.2902565080e+00  1.000000 0.000000 0.000000  0.000000 0.000000 -1.000000
2451545.159388  1.2852505016e+00  1.000000 0.000000 0.000000  0.000000 0.000000 -1.000000
2451545.160055  1.2817815648e+00  1.000000 0.000000 0.000000  0.000000 0.000000 -1.000000
2451545.160722  1.2762449708e+00  1.000000 0.000000 0.000000  0.000000 0.000000 -1.000000
2451545.161389  1.2717444056e+00  1.000000 0.000000 0.000000  0.000000 0.000000 -1.000000
2451545.162056  1.2680491519e+00  1.000000 0.000000 0.000000  0.000000 0.000000 -1.000000
2451545.162723  1.2652258472e+00  1.000000 0.000000 0.000000  0.000000 0.000000 -1.000000
2451545.163389  1.2569985954e+00  1.000000 0.000000 0.000000  0.000000 0.000000 -1.000000
2451545.164056  1.2490762429e+00  1.000000 0.000000 0.000000  0.000000 0.000000 -1.000000
2451545.164723  1.2433284196e+00  1.000000 0.000000 0.000000  0.000000 0.000000 -1.000000
2451545.165390  1.2345636650e+00  1.000000 0.000000 0.000000  0.000000 0.000000 -1.000000
2451545.166057  1.2311368483e+00  1.000000 0.000000 0.000000  0.000000 0.000000 -1.000000
2451545.166724  1.2227643764e+00  1.000000 0.000000 0.000000  0.000000 0.000000 -1.000000
2451545.167391  1.2112894756e+00  1.000000 0.000000 0.000000  0.000000 0.000000 -1.000000
2451545.168058  1.2036179578e+00  1.000000 0.000000 0.000000  0.000000 0.000000 -1.000000
2451545.168725  1.1967712397e+00  1.000000 0.000000 0.000000  0.000000 0.000000 -1.000000
2451545.169392  1.1798559295e+00  1.000000 0.000000 0.000000  0.000000 0.000000 -1.000000
2451545.170058  1.1691586791e+00  1.000000 0.000000 0.000000  0.000000 0.000000 -1.000000
2451545.170725  1.1582501994e+00  1.000000 0.000000 0.000000  0.000000 0.000000 -1.000000
2451545.171392  1.1407709827e+00  1.000000 0.000000 0.000000  0.000000 0.000000 -1.000000
2451545.172059  1.1307306802e+00  1.000000 0.000000 0.000000  0.000000 0.000000 -1.000000
2451545.172726  1.1130232605e+00  1.000000 0.000000 0.000000  0.000000 0.000000 -1.000000
2451545.173393  1.1007870544e+00  1.000000 0.000000 0.000000  0.000000 0.000000 -1.000000
2451545.174060  1.0890952665e+00  1.000000 0.000000 0.000000  0.000000 0.000000 -1.000000
2451545.174727  1.0712067932e+00  1.000000 0.000000 0.000000  0.000000 0.000000 -1.000000
2451545.175394  1.0557902045e+00  1.000000 0.000000 0.000000  0.000000 0.000000 -1.000000
2451545.176061  1.0429888345e+00  1.000000 0.000000 0.000000  0.000000 0.000000 -1.000000
2451545.176727  1.0225423504e+00  1.000000 0.000000 0.000000  0.000000 0.000000 -1.000000
2451545.177394  1.0094121922e+00  1.000000 0.000000 0.000000  0.000000 0.000000 -1.000000
2451545.178061  9.9280052396e-01  1.000000 0.000000 0.000000  0.000000 0.000000 -1.000000
2451545.178728  9.6821935388e-01  1.000000 0.000000 0.000000  0.000000 0.000000 -1.000000
2451545.179395  9.5262108295e-01  1.000000 0.000000 0.000000  0.000000 0.000000 -1.000000
2451545.180062  9.3466471454e-01  1.000000 0.000000 0.000000  0.000000 0.000000 -1.000000
2451545.180729  9.0881491192e-01  1.000000 0.000000 0.000000  0.000000 0.000000 -1.000000
2451545.181396  8.9457391436e-01  1.000000 0.000000 0.000000  0.000000 0.000000 -1.000000
2451545.182063  8.8032663021e-01  1.000000 0.000000 0.000000  0.000000 0.000000 -1.000000
2451545.182729  8.6129588469e-01  1.000000 0.000000 0.000000  0.000000 0.000000 -1.000000
2451545.183396  8.4955128943e-01  1.000000 0.000000 0.000000  0.000000 0.000000 -1.000000
2451545.184063  8.3670151279e-01  1.000000 0.000000 0.000000  0.000000 0.000000 -1.000000
2451545.184730  8.1958754658e-01  1.000000 0.000000 0.000000  0.000000 0.000000 -1.000000
2451545.185397  8.1018156037e-01  1.000000 0.000000 0.000000  0.000000 0.000000 -1.000000
2451545.186064  8.0070767906e-01  1.000000 0.000000 0.000000  0.000000 0.000000 -1.000000
2451545.186731  7.8986269389e-01  1.000000 0.000000 0.000000  0.000000 0.000000 -1.000000
2451545.187398  7.8298517156e-01  1.000000 0.000000 0.000000  0.000000 0.000000 -1.000000
2451545.188065  7.7893975509e-01  1.000000 0.000000 0.000000  0.000000 0.000000 -1.000000
2451545.188732  7.7724803548e-01  1.000000 0.000000 0.000000  0.000000 0.000000 -1.000000
2451545.189398  7.7671493320e-01  1.000000 0.000000 0.000000  0.000000 0.000000 -1.000000
2451545.190065  7.8688473930e-01  1.000000 0.000000 0.000000  0.000000 0.000000 -1.000000
2451545.190732  8.1389567389e-01  1.000000 0.000000 0.000000  0.000000 0.000000 -1.000000
2451545.191399  8.3193879714e-01  1.000000 0.000000 0.000000  0.000000 0.000000 -1.000000
2451545.192066  8.5016423132e-01  1.000000 0.000000 0.000000  0.000000 0.000000 -1.000000
2451545.192733  8.7460395327e-01  1.000000 0.000000 0.000000  0.000000 0.000000 -1.000000
2451545.193400  8.8616057968e-01  1.000000 0.000000 0.000000  0.000000 0.000000 -1.000000
2451545.194067  8.9881295760e-01  1.000000 0.000000 0.000000  0.000000 0.000000 -1.000000
2451545.194734  9.1268744735e-01  1.000000 0.000000 0.000000  0.000000 0.000000 -1.000000
2451545.195400  9.2215252744e-01  1.000000 0.000000 0.000000  0.000000 0.000000 -1.000000
2451545.196067  9.3004344703e-01  1.000000 0.000000 0.000000  0.000000 0.000000 -1.000000
2451545.196734  9.4483263467e-01  1.000000 0.000000 0.000000  0.000000 0.000000 -1.000000
2451545.197401  9.5491568592e-01  1.000000 0.000000 0.000000  0.000000 0.000000 -1.000000
2451545.198068  9.6360185832e-01  1.000000 0.000000 0.000000  0.000000 0.000000 -1.000000
2451545.198735  9.7557025595e-01  1.000000 0.000000 0.000000  0.000000 0.000000 -1.000000
2451545.199402  9.8135894202e-01  1.000000 0.000000 0.000000  0.000000 0.000000 -1.000000
2451545.200069  9.8598461015e-01  1.000000 0.000000 0.000000  0.000000 0.000000 -1.000000
2451545.200736  9.9076241359e-01  1.000000 0.000000 0.000000  0.000000 0.000000 -1.000000
2451545.201403  9.9210711380e-01  1.000000 0.000000 0.000000  0.000000 0.000000 -1.000000
2451545.202069  9.9658756185e-01  1.000000 0.000000 0.000000  0.000000 0.000000 -1.000000
2451545.202736  1.0052586464e+00  1.000000 0.000000 0.000000  0.000000 0.000000 -1.000000
2451545.203403  1.0082177413e+00  1.000000 0.000000 0.000000  0.000000 0.000000 -1.000000
2451545.204070  1.0153442123e+00  1.000000 0.000000 0.000000  0.000000 0.000000 -1.000000
2451545.204737  1.0235532330e+00  1.000000 0.000000 0.000000  0.000000 0.000000 -1.000000
2451545.205404  1.0295103995e+00  1.000000 0.000000 0.000000  0.000000 0.000000 -1.000000
2451545.206071  1.0366909352e+00  1.000000 0.000000 0.000000  0.000000 0.000000 -1.000000
2451545.206738  1.0452689784e+00  1.000000 0.000000 0.000000  0.000000 0.000000 -1.000000
2451545.207405  1.0501379373e+00  1.000000 0.000000 0.000000  0.000000 0.000000 -1.000000
2451545.208072  1.0609822938e+00  1.000000 0.000000 0.000000  0.000000 0.000000 -1.000000
2451545.208738  1.0656142485e+00  1.000000 0.000000 0.000000  0.000000 0.000000 -1.000000
2451545.209405  1.0728966268e+00  1.000000 0.000000 0.000000  0.000000 0.000000 -1.000000
2451545.210072  1.0827363873e+00  1.000000 0.000000 0.000000  0.000000 0.000000 -1.000000
2451545.210739  1.0934537548e+00  1.000000 0.000000 0.000000  0.000000 0.000000 -1.000000
2451545.211406  1.0999911729e+00  1.000000 0.000000 0.000000  0.000000 0.000000 -1.000000
2451545.212073  1.1135997402e+00  1.000000 0.000000 0.000000  0.000000 0.000000 -1.000000
2451545.212740  1.1243328242e+00  1.000000 0.000000 0.000000  0.000000 0.000000 -1.000000
2451545.213407  1.1358052104e+00  1.000000 0.000000 0.000000  0.000000 0.000000 -1.000000
2451545.214074  1.1297594031e+00  1.000000 0.000000 0.000000  0.000000 0.000000 -1.000000
2451545.214740  1.1078820925e+00  1.000000 0.000000 0.000000  0.000000 0.000000 -1.000000
2451545.215407  1.0828055397e+00  1.000000 0.000000 0.000000  0.000000 0.000000 -1.000000
2451545.216074  1.0439877727e+00  1.000000 0.000000 0.000000  0.000000 0.000000 -1.000000
2451545.216741  1.0102193895e+00  1.000000 0.000000 0.000000  0.000000 0.000000 -1.000000
2451545.217408  9.8015946189e-01  1.000000 0.000000 0.000000  0.000000 0.000000 -1.000000
2451545.218075  9.3195519706e-01  1.000000 0.000000 0.000000  0.000000 0.000000 -1.000000
2451545.218742  9.0398115788e-01  1.000000 0.000000 0.000000  0.000000 0.000000 -1.000000
2451545.219409  8.7778244988e-01  1.000000 0.000000 0.000000  0.000000 0.000000 -1.000000
2451545.220076  8.4166414179e-01  1.000000 0.000000 0.000000  0.000000 0.000000 -1.000000
2451545.220743  8.1932602470e-01  1.000000 0.000000 0.000000  0.000000 0.000000 -1.000000
2451545.221409  7.9784351163e-01  1.000000 0.000000 0.000000  0.000000 0.000000 -1.000000
2451545.222076  7.6785839439e-01  1.000000 0.000000 0.000000  0.000000 0.000000 -1.000000
2451545.222743  7.5111093599e-01  1.000000 0.000000 0.000000  0.000000 0.000000 -1.000000
2451545.223410  7.3645879587e-01  1.000000 0.000000 0.000000  0.000000 0.000000 -1.000000
2451545.224077  7.1290736816e-01  1.000000 0.000000 0.000000  0.000000 0.000000 -1.000000
2451545.224744  6.9668735412e-01  1.000000 0.000000 0.000000  0.000000 0.000000 -1.000000
2451545.225411  6.8140655565e-01  1.000000 0.000000 0.000000  0.000000 0.000000 -1.000000
2451545.226078  6.6136932811e-01  1.000000 0.000000 0.000000  0.000000 0.000000 -1.000000
2451545.226745  6.4979949987e-01  1.000000 0.000000 0.000000  0.000000 0.000000 -1.000000
2451545.227411  6.3782418700e-01  1.000000 0.000000 0.000000  0.000000 0.000000 -1.000000
2451545.228078  6.1893426095e-01  1.000000 0.000000 0.000000  0.000000 0.000000 -1.000000
2451545.228745  6.0730659614e-01  1.000000 0.000000 0.000000  0.000000 0.000000 -1.000000
2451545.229412  5.9623655128e-01  1.000000 0.000000 0.000000  0.000000 0.000000 -1.000000
2451545.230079  5.7794762261e-01  1.000000 0.000000 0.000000  0.000000 0.000000 -1.000000
2451545.230746  5.6683734363e-01  1.000000 0.000000 0.000000  0.000000 0.000000 -1.000000
2451545.231413  5.5506005813e-01  1.000000 0.000000 0.000000  0.000000 0.000000 -1.000000
2451545.232080  5.3853640210e-01  1.000000 0.000000 0.000000  0.000000 0.000000 -1.000000
2451545.232747  5.2801329001e-01  1.000000 0.000000 0.000000  0.000000 0.000000 -1.000000
2451545.233414  5.2009848141e-01  1.000000 0.000000 0.000000  0.000000 0.000000 -1.000000
2451545.234080  5.1169017600e-01  1.000000 0.000000 0.000000  0.000000 0.000000 -1.000000
2451545.234747  5.0603036489e-01  1.000000 0.000000 0.000000  0.000000 0.000000 -1.000000
2451545.235414  5.0212262460e-01  1.000000 0.000000 0.000000  0.000000 0.000000 -1.000000
2451545.236081  4.9762960338e-01  1.000000 0.000000 0.000000  0.000000 0.000000 -1.000000
2451545.236748  4.9842359887e-01  1.000000 0.000000 0.000000  0.000000 0.000000 -1.000000
2451545.237415  5.0777049120e-01  1.000000 0.000000 0.000000  0.000000 0.000000 -1.000000
2451545.238082  5.5134657327e-01  1.000000 0.000000 0.000000  0.000000 0.000000 -1.000000
2451545.238749  5.9789620932e-01  1.000000 0.000000 0.000000  0.000000 0.000000 -1.000000
2451545.239416  6.5713657146e-01  1.000000 0.000000 0.000000  0.000000 0.000000 -1.000000
360  1
2451545.000000  1.1245826253e+00  1.000000 0.000000 0.000000  -0.707107 0.707107 0.000000
2451545.000667  1.1376996246e+00  1.000000 0.000000 0.000000  -0.707107 0.707107 0.000000
2451545.001334  1.1315482043e+00  1.000000 0.000000 0.000000  -0.707107 0.707107 0.000000
2451545.002001  1.1336636248e+00  1.000000 0.000000 0.000000  -0.707107 0.707107 0.000000
2451545.002668  1.1325363283e+00  1.000000 0.000000 0.000000  -0.707107 0.707107 0.000000
2451545.003334  1.1429046726e+00  1.000000 0.000000 0.000000  -0.707107 0.707107 0.000000
2451545.004001  1.1546577822e+00  1.000000 0.000000 0.000000  -0.707107 0.707107 0.000000
2451545.004668  1.1581788441e+00  1.000000 0.000000 0.000000  -0.707107 0.707107 0.000000
2451545.005335  1.1515611962e+00  1.000000 0.000000 0.000000  -0.707107 0.707107 0.000000
2451545.006002  1.1533565202e+00  1.000000 0.000000 0.000000  -0.707107 0.707107 0.000000
2451545.006669  1.1710592503e+00  1.000000 0.000000 0.000000  -0.707107 0.707107 0.000000
2451545.007336  1.1614911474e+00  1.000000 0.000000 0.000000  -0.707107 0.707107 0.000000
2451545.008003  1.1570724235e+00  1.000000 0.000000 0.000000  -0.707107 0.707107 0.000000
2451545.008670  1.1518464996e+00  1.000000 0.000000 0.000000  -0.707107 0.707107 0.000000
2451545.009337  1.1559451270e+00  1.000000 0.000000 0.000000  -0.707107 0.707107 0.000000
2451545.010003  1.1666961953e+00  1.000000 0.000000 0.000000  -0.707107 0.707107 0.000000
2451545.010670  1.1594661889e+00  1.000000 0.000000 0.000000  -0.707107 0.707107 0.000000
2451545.011337  1.1688255332e+00  1.000000 0.000000 0.000000  -0.707107 0.707107 0.000000
2451545.012004  1.1716576916e+00  1.000000 0.000000 0.000000  -0.707107 0.707107 0.000000
2451545.012671  1.1749352018e+00  1.000000 0.000000 0.000000  -0.707107 0.707107 0.000000
2451545.013338  1.1740375398e+00  1.000000 0.000000 0.000000  -0.707107 0.707107 0.000000
2451545.014005  1.1599324164e+00  1.000000 0.000000 0.000000  -0.707107 0.707107 0.000000
2451545.014672  1.1525771548e+00  1.000000 0.000000 0.000000  -0.707107 0.707107 0.000000
2451545.015339  1.1421740174e+00  1.000000 0.000000 0.000000  -0.707107 0.707107 0.000000
2451545.016006  1.1258560529e+00  1.000000 0.000000 0.000000  -0.707107 0.707107 0.000000
2451545.016672  1.1125442122e+00  1.000000 0.000000 0.000000  -0.707107 0.707107 0.000000
2451545.017339  1.0940273236e+00  1.000000 0.000000 0.000000  -0.707107 0.707107 0.000000
2451545.018006  1.1143673708e+00  1.000000 0.000000 0.000000  -0.707107 0.707107 0.000000
2451545.018673  1.1198925153e+00  1.000000 0.000000 0.000000  -0.707107 0.707107 0.000000
2451545.019340  1.1286255837e+00  1.000000 0.000000 0.000000  -0.707107 0.707107 0.000000
2451545.020007  1.1248122598e+00  1.000000 0.000000 0.000000  -0.707107 0.707107 0.000000
2451545.020674  1.1269346390e+00  1.000000 0.000000 0.000000  -0.707107 0.707107 0.000000
2451545.021341  1.1425080312e+00  1.000000 0.000000 0.000000  -0.707107 0.707107 0.000000
2451545.022008  1.1252228184e+00  1.000000 0.000000 0.000000  -0.707107 0.707107 0.000000
2451545.022674  1.0993228337e+00  1.000000 0.000000 0.000000  -0.707107 0.707107 0.000000
2451545.023341  1.0610504221e+00  1.000000 0.000000 0.000000  -0.707107 0.707107 0.000000
2451545.024008  9.5847340036e-01  1.000000 0.000000 0.000000  -0.707107 0.707107 0.000000
2451545.024675  8.5822055782e-01  1.000000 0.000000 0.000000  -0.707107 0.707107 0.000000
2451545.025342  7.7034014215e-01  1.000000 0.000000 0.000000  -0.707107 0.707107 0.000000
2451545.026009  7.0240313225e-01  1.000000 0.000000 0.000000  -0.707107 0.707107 0.000000
2451545.026676  6.9570893952e-01  1.000000 0.000000 0.000000  -0.707107 0.707107 0.000000
2451545.027343  7.1050992489e-01  1.000000 0.000000 0.000000  -0.707107 0.707107 0.000000
2451545.028010  7.3382826148e-01  1.000000 0.000000 0.000000  -0.707107 0.707107 0.000000
2451545.028677  7.4612414354e-01  1.000000 0.000000 0.000000  -0.707107 0.707107 0.000000
2451545.029343  7.5294359142e-01  1.000000 0.000000 0.000000  -0.707107 0.707107 0.000000
2451545.030010  7.7738922451e-01  1.000000 0.000000 0.000000  -0.707107 0.707107 0.000000
2451545.030677  7.8935805141e-01  1.000000 0.000000 0.000000  -0.707107 0.707107 0.000000
2451545.031344  8.0804890551e-01  1.000000 0.000000 0.000000  -0.707107 0.707107 0.000000
2451545.032011  8.4149203464e-01  1.000000 0.000000 0.000000  -0.707107 0.707107 0.000000
2451545.032678  8.6832447448e-01  1.000000 0.000000 0.000000  -0.707107 0.707107 0.000000
2451545.033345  8.9822566587e-01  1.000000 0.000000 0.000000  -0.707107 0.707107 0.000000
2451545.034012  9.3672771195e-01  1.000000 0.000000 0.000000  -0.707107 0.707107 0.000000
2451545.034679  9.6595391717e-01  1.000000 0.000000 0.000000  -0.707107 0.707107 0.000000
2451545.035345  9.9248713635e-01  1.000000 0.000000 0.000000  -0.707107 0.707107 0.000000
2451545.036012  1.0190133969e+00  1.000000 0.000000 0.000000  -0.707107 0.707107 0.000000
2451545.036679  1.0345311201e+00  1.000000 0.000000 0.000000  -0.707107 0.707107 0.000000
2451545.037346  1.0640147943e+00  1.000000 0.000000 0.000000  -0.707107 0.707107 0.000000
2451545.038013  1.0790871659e+00  1.000000 0.000000 0.000000  -0.707107 0.707107 0.000000
2451545.038680  1.0931922892e+00  1.000000 0.000000 0.000000  -0.707107 0.707107 0.000000
2451545.039347  1.1147361776e+00  1.000000 0.000000 0.000000  -0.707107 0.707107 0.000000
2451545.040014  1.1302886940e+00  1.000000 0.000000 0.000000  -0.707107 0.707107 0.000000
2451545.040681  1.1361408936e+00  1.000000 0.000000 0.000000  -0.707107 0.707107 0.000000
2451545.041348  1.1447487069e+00  1.000000 0.000000 0.000000  -0.707107 0.707107 0.000000
2451545.042014  1.1410119279e+00  1.000000 0.000000 0.000000  -0.707107 0.707107 0.000000
2451545.042681  1.1398567969e+00  1.000000 0.000000 0.000000  -0.707107 0.707107 0.000000
2451545.043348  1.1190783567e+00  1.000000 0.000000 0.000000  -0.707107 0.707107 0.000000
2451545.044015  1.1485341964e+00  1.000000 0.000000 0.000000  -0.707107 0.707107 0.000000
2451545.044682  1.2311051848e+00  1.000000 0.000000 0.000000  -0.707107 0.707107 0.000000
2451545.045349  1.3547459501e+00  1.000000 0.000000 0.000000  -0.707107 0.707107 0.000000
2451545.046016  1.4054047058e+00  1.000000 0.000000 0.000000  -0.707107 0.707107 0.000000
2451545.046683  1.4232466083e+00  1.000000 0.000000 0.000000  -0.707107 0.707107 0.000000
2451545.047350  1.4273521942e+00  1.000000 0.000000 0.000000  -0.707107 0.707107 0.000000
2451545.048017  1.4056830506e+00  1.000000 0.000000 0.000000  -0.707107 0.707107 0.000000
2451545.048683  1.4074922919e+00  1.000000 0.000000 0.000000  -0.707107 0.707107 0.000000
2451545.049350  1.4062258230e+00  1.000000 0.000000 0.000000  -0.707107 0.707107 0.000000
2451545.050017  1.4199621395e+00  1.000000 0.000000 0.000000  -0.707107 0.707107 0.000000
2451545.050684  1.4640867508e+00  1.000000 0.000000 0.000000  -0.707107 0.707107 0.000000
2451545.051351  1.5757238961e+00  1.000000 0.000000 0.000000  -0.707107 0.707107 0.000000
2451545.052018  1.6238149209e+00  1.000000 0.000000 0.000000  -0.707107 0.707107 0.000000
2451545.052685  1.6403138096e+00  1.000000 0.000000 0.000000  -0.707107 0.707107 0.000000
2451545.053352  1.6974579995e+00  1.000000 0.000000 0.000000  -0.707107 0.707107 0.000000
2451545.054019  1.7417496176e+00  1.000000 0.000000 0.000000  -0.707107 0.707107 0.000000
2451545.054685  1.8048782209e+00  1.000000 0.000000 0.000000  -0.707107 0.707107 0.000000
2451545.055352  1.9331325515e+00  1.000000 0.000000 0.000000  -0.707107 0.707107 0.000000
2451545.056019  1.9802980799e+00  1.000000 0.000000 0.000000  -0.707107 0.707107 0.000000
2451545.056686  2.0262458496e+00  1.000000 0.000000 0.000000  -0.707107 0.707107 0.000000
2451545.057353  2.0809406051e+00  1.000000 0.000000 0.000000  -0.707107 0.707107 0.000000
2451545.058020  2.1201872236e+00  1.000000 0.000000 0.000000  -0.707107 0.707107 0.000000
2451545.058687  2.1547298147e+00  1.000000 0.000000 0.000000  -0.707107 0.707107 0.000000
2451545.059354  2.1728083102e+00  1.000000 0.000000 0.000000  -0.707107 0.707107 0.000000
2451545.060021  2.1795929650e+00  1.000000 0.000000 0.000000  -0.707107 0.707107 0.000000
2451545.060688  2.2092506047e+00  1.000000 0.000000 0.000000  -0.707107 0.707107 0.000000
2451545.061354  2.2143860665e+00  1.000000 0.000000 0.000000  -0.707107 0.707107 0.000000
2451545.062021  2.2060983497e+00  1.000000 0.000000 0.000000  -0.707107 0.707107 0.000000
2451545.062688  2.1894811644e+00  1.000000 0.000000 0.000000  -0.707107 0.707107 0.000000
2451545.063355  2.1674640898e+00  1.000000 0.000000 0.000000  -0.707107 0.707107 0.000000
2451545.064022  2.1735041723e+00  1.000000 0.000000 0.000000  -0.707107 0.707107 0.000000
2451545.064689  2.1550151181e+00  1.000000 0.000000 0.000000  -0.707107 0.707107 0.000000
2451545.065356  2.1219547131e+00  1.000000 0.000000 0.000000  -0.707107 0.707107 0.000000
2451545.066023  2.0831395291e+00  1.000000 0.000000 0.000000  -0.707107 0.707107 0.000000
2451545.066690  2.0646365578e+00  1.000000 0.000000 0.000000  -0.707107 0.707107 0.000000
2451545.067356  2.0218062499e+00  1.000000 0.000000 0.000000  -0.707107 0.707107 0.000000
2451545.068023  1.9869713967e+00  1.000000 0.000000 0.000000  -0.707107 0.707107 0.000000
2451545.068690  1.9314624826e+00  1.000000 0.000000 0.000000  -0.707107 0.707107 0.000000
2451545.069357  1.8831696578e+00  1.000000 0.000000 0.000000  -0.707107 0.707107 0.000000
2451545.070024  1.8223165234e+00  1.000000 0.000000 0.000000  -0.707107 0.707107 0.000000
2451545.070691  1.7261483909e+00  1.000000 0.000000 0.000000  -0.707107 0.707107 0.000000
2451545.071358  1.6394509407e+00  1.000000 0.000000 0.000000  -0.707107 0.707107 0.000000
2451545.072025  1.5582925523e+00  1.000000 0.000000 0.000000  -0.707107 0.707107 0.000000
2451545.072692  1.4204422843e+00  1.000000 0.000000 0.000000  -0.707107 0.707107 0.000000
2451545.073359  1.3256102070e+00  1.000000 0.000000 0.000000  -0.707107 0.707107 0.000000
2451545.074025  1.2408890049e+00  1.000000 0.000000 0.000000  -0.707107 0.707107 0.000000
2451545.074692  1.1379640522e+00  1.000000 0.000000 0.000000  -0.707107 0.707107 0.000000
2451545.075359  1.0707646560e+00  1.000000 0.000000 0.000000  -0.707107 0.707107 0.000000
2451545.076026  1.0136204662e+00  1.000000 0.000000 0.000000  -0.707107 0.707107 0.000000
2451545.076693  9.5655282116e-01  1.000000 0.000000 0.000000  -0.707107 0.707107 0.000000
2451545.077360  9.3267083632e-01  1.000000 0.000000 0.000000  -0.707107 0.707107 0.000000
2451545.078027  9.1676343033e-01  1.000000 0.000000 0.000000  -0.707107 0.707107 0.000000
2451545.078694  8.9164976970e-01  1.000000 0.000000 0.000000  -0.707107 0.707107 0.000000
2451545.079361  8.8074561170e-01  1.000000 0.000000 0.000000  -0.707107 0.707107 0.000000
2451545.080028  8.7634080506e-01  1.000000 0.000000 0.000000  -0.707107 0.707107 0.000000
2451545.080694  8.6383616439e-01  1.000000 0.000000 0.000000  -0.707107 0.707107 0.000000
2451545.081361  8.5366962015e-01  1.000000 0.000000 0.000000  -0.707107 0.707107 0.000000
2451545.082028  8.4474866893e-01  1.000000 0.000000 0.000000  -0.707107 0.707107 0.000000
2451545.082695  8.2884126295e-01  1.000000 0.000000 0.000000  -0.707107 0.707107 0.000000
2451545.083362  8.2125636683e-01  1.000000 0.000000 0.000000  -0.707107 0.707107 0.000000
2451545.084029  8.1158388462e-01  1.000000 0.000000 0.000000  -0.707107 0.707107 0.000000
2451545.084696  8.0238458860e-01  1.000000 0.000000 0.000000  -0.707107 0.707107 0.000000
2451545.085363  7.9527983728e-01  1.000000 0.000000 0.000000  -0.707107 0.707107 0.000000
2451545.086030  7.8701299637e-01  1.000000 0.000000 0.000000  -0.707107 0.707107 0.000000
2451545.086696  7.6861440432e-01  1.000000 0.000000 0.000000  -0.707107 0.707107 0.000000
2451545.087363  7.5742494289e-01  1.000000 0.000000 0.000000  -0.707107 0.707107 0.000000
2451545.088030  7.5437010858e-01  1.000000 0.000000 0.000000  -0.707107 0.707107 0.000000
2451545.088697  7.4453757811e-01  1.000000 0.000000 0.000000  -0.707107 0.707107 0.000000
2451545.089364  7.3703618544e-01  1.000000 0.000000 0.000000  -0.707107 0.707107 0.000000
2451545.090031  7.3162933747e-01  1.000000 0.000000 0.000000  -0.707107 0.707107 0.000000
2451545.090698  7.3663258546e-01  1.000000 0.000000 0.000000  -0.707107 0.707107 0.000000
2451545.091365  7.5693783947e-01  1.000000 0.000000 0.000000  -0.707107 0.707107 0.000000
2451545.092032  7.8972685829e-01  1.000000 0.000000 0.000000  -0.707107 0.707107 0.000000
2451545.092699  9.0118307950e-01  1.000000 0.000000 0.000000  -0.707107 0.707107 0.000000
2451545.093365  8.9789165210e-01  1.000000 0.000000 0.000000  -0.707107 0.707107 0.000000
2451545.094032  7.8645630675e-01  1.000000 0.000000 0.000000  -0.707107 0.707107 0.000000
2451545.094699  6.7709463024e-01  1.000000 0.000000 0.000000  -0.707107 0.707107 0.000000
2451545.095366  6.4775012847e-01  1.000000 0.000000 0.000000  -0.707107 0.707107 0.000000
2451545.096033  6.3319269482e-01  1.000000 0.000000 0.000000  -0.707107 0.707107 0.000000
2451545.096700  6.2211457132e-01  1.000000 0.000000 0.000000  -0.707107 0.707107 0.000000
2451545.097367  6.1375030973e-01  1.000000 0.000000 0.000000  -0.707107 0.707107 0.000000
2451545.098034  6.1182973053e-01  1.000000 0.000000 0.000000  -0.707107 0.707107 0.000000
2451545.098701  6.1429308211e-01  1.000000 0.000000 0.000000  -0.707107 0.707107 0.000000
2451545.099367  6.0779373076e-01  1.000000 0.000000 0.000000  -0.707107 0.707107 0.000000
2451545.100034  6.1291527529e-01  1.000000 0.000000 0.000000  -0.707107 0.707107 0.000000
2451545.100701  6.3256641900e-01  1.000000 0.000000 0.000000  -0.707107 0.707107 0.000000
2451545.101368  6.3737482562e-01  1.000000 0.000000 0.000000  -0.707107 0.707107 0.000000
2451545.102035  6.4729781816e-01  1.000000 0.000000 0.000000  -0.707107 0.707107 0.000000
2451545.102702  6.6172303802e-01  1.000000 0.000000 0.000000  -0.707107 0.707107 0.000000
2451545.103369  6.6717859633e-01  1.000000 0.000000 0.000000  -0.707107 0.707107 0.000000
2451545.104036  6.7401892008e-01  1.000000 0.000000 0.000000  -0.707107 0.707107 0.000000
2451545.104703  6.8202829203e-01  1.000000 0.000000 0.000000  -0.707107 0.707107 0.000000
2451545.105370  6.8578594699e-01  1.000000 0.000000 0.000000  -0.707107 0.707107 0.000000
2451545.106036  6.9074744326e-01  1.000000 0.000000 0.000000  -0.707107 0.707107 0.000000
2451545.106703  6.9465818786e-01  1.000000 0.000000 0.000000  -0.707107 0.707107 0.000000
2451545.107370  6.9267498108e-01  1.000000 0.000000 0.000000  -0.707107 0.707107 0.000000
2451545.108037  6.9991194618e-01  1.000000 0.000000 0.000000  -0.707107 0.707107 0.000000
2451545.108704  7.0379485630e-01  1.000000 0.000000 0.000000  -0.707107 0.707107 0.000000
2451545.109371  7.1735024863e-01  1.000000 0.000000 0.000000  -0.707107 0.707107 0.000000
2451545.110038  7.3985442666e-01  1.000000 0.000000 0.000000  -0.707107 0.707107 0.000000
2451545.110705  7.6169057713e-01  1.000000 0.000000 0.000000  -0.707107 0.707107 0.000000
2451545.111372  7.8784107219e-01  1.000000 0.000000 0.000000  -0.707107 0.707107 0.000000
2451545.112039  8.6685620560e-01  1.000000 0.000000 0.000000  -0.707107 0.707107 0.000000
2451545.112705  9.7966239915e-01  1.000000 0.000000 0.000000  -0.707107 0.707107 0.000000
2451545.113372  9.7873690265e-01  1.000000 0.000000 0.000000  -0.707107 0.707107 0.000000
2451545.114039  9.8108195769e-01  1.000000 0.000000 0.000000  -0.707107 0.707107 0.000000
2451545.114706  9.7429034428e-01  1.000000 0.000000 0.000000  -0.707107 0.707107 0.000000
2451545.115373  9.8092886804e-01  1.000000 0.000000 0.000000  -0.707107 0.707107 0.000000
2451545.116040  9.8776223317e-01  1.000000 0.000000 0.000000  -0.707107 0.707107 0.000000
2451545.116707  9.8980806753e-01  1.000000 0.000000 0.000000  -0.707107 0.707107 0.000000
2451545.117374  9.9568114306e-01  1.000000 0.000000 0.000000  -0.707107 0.707107 0.000000
2451545.118041  9.9787310845e-01  1.000000 0.000000 0.000000  -0.707107 0.707107 0.000000
2451545.118707  1.0101759491e+00  1.000000 0.000000 0.000000  -0.707107 0.707107 0.000000
2451545.119374  1.0043585426e+00  1.000000 0.000000 0.000000  -0.707107 0.707107 0.000000
2451545.120041  1.0169675625e+00  1.000000 0.000000 0.000000  -0.707107 0.707107 0.000000
2451545.120708  1.0247264242e+00  1.000000 0.000000 0.000000  -0.707107 0.707107 0.000000
2451545.121375  1.0117764318e+00  1.000000 0.000000 0.000000  -0.707107 0.707107 0.000000
2451545.122042  1.0192499900e+00  1.000000 0.000000 0.000000  -0.707107 0.707107 0.000000
2451545.122709  1.0291312308e+00  1.000000 0.000000 0.000000  -0.707107 0.707107 0.000000
2451545.123376  1.0278786791e+00  1.000000 0.000000 0.000000  -0.707107 0.707107 0.000000
2451545.124043  1.0455048643e+00  1.000000 0.000000 0.000000  -0.707107 0.707107 0.000000
2451545.124710  1.0530619260e+00  1.000000 0.000000 0.000000  -0.707107 0.707107 0.000000
2451545.125376  1.0635833599e+00  1.000000 0.000000 0.000000  -0.707107 0.707107 0.000000
2451545.126043  1.0871869999e+00  1.000000 0.000000 0.000000  -0.707107 0.707107 0.000000
2451545.126710  1.1027116818e+00  1.000000 0.000000 0.000000  -0.707107 0.707107 0.000000
2451545.127377  1.1240746461e+00  1.000000 0.000000 0.000000  -0.707107 0.707107 0.000000
2451545.128044  1.1636274438e+00  1.000000 0.000000 0.000000  -0.707107 0.707107 0.000000
2451545.128711  1.2097283032e+00  1.000000 0.000000 0.000000  -0.707107 0.707107 0.000000
2451545.129378  1.2714651825e+00  1.000000 0.000000 0.000000  -0.707107 0.707107 0.000000
2451545.130045  1.3247125449e+00  1.000000 0.000000 0.000000  -0.707107 0.707107 0.000000
2451545.130712  1.3812791693e+00  1.000000 0.000000 0.000000  -0.707107 0.707107 0.000000
2451545.131378  1.4240886013e+00  1.000000 0.000000 0.000000  -0.707107 0.707107 0.000000
2451545.132045  1.5099023068e+00  1.000000 0.000000 0.000000  -0.707107 0.707107 0.000000
2451545.132712  1.5639847037e+00  1.000000 0.000000 0.000000  -0.707107 0.707107 0.000000
2451545.133379  1.5923202055e+00  1.000000 0.000000 0.000000  -0.707107 0.707107 0.000000
2451545.134046  1.5947209295e+00  1.000000 0.000000 0.000000  -0.707107 0.707107 0.000000
2451545.134713  1.5681459586e+00  1.000000 0.000000 0.000000  -0.707107 0.707107 0.000000
2451545.135380  1.5242927335e+00  1.000000 0.000000 0.000000  -0.707107 0.707107 0.000000
2451545.136047  1.3985574235e+00  1.000000 0.000000 0.000000  -0.707107 0.707107 0.000000
2451545.136714  1.2931204088e+00  1.000000 0.000000 0.000000  -0.707107 0.707107 0.000000
2451545.137381  1.1061422816e+00  1.000000 0.000000 0.000000  -0.707107 0.707107 0.000000
2451545.138047  9.6269728288e-01  1.000000 0.000000 0.000000  -0.707107 0.707107 0.000000
2451545.138714  7.8930238245e-01  1.000000 0.000000 0.000000  -0.707107 0.707107 0.000000
2451545.139381  5.7329984997e-01  1.000000 0.000000 0.000000  -0.707107 0.707107 0.000000
2451545.140048  4.5878879445e-01  1.000000 0.000000 0.000000  -0.707107 0.707107 0.000000
2451545.140715  4.3144141671e-01  1.000000 0.000000 0.000000  -0.707107 0.707107 0.000000
2451545.141382  4.9861297838e-01  1.000000 0.000000 0.000000  -0.707107 0.707107 0.000000
2451545.142049  5.5882591977e-01  1.000000 0.000000 0.000000  -0.707107 0.707107 0.000000
2451545.142716  5.9796815891e-01  1.000000 0.000000 0.000000  -0.707107 0.707107 0.000000
2451545.143383  6.4653236992e-01  1.000000 0.000000 0.000000  -0.707107 0.707107 0.000000
2451545.144050  6.4709601817e-01  1.000000 0.000000 0.000000  -0.707107 0.707107 0.000000
2451545.144716  6.4973333526e-01  1.000000 0.000000 0.000000  -0.707107 0.707107 0.000000
2451545.145383  6.2883659852e-01  1.000000 0.000000 0.000000  -0.707107 0.707107 0.000000
2451545.146050  6.2968555020e-01  1.000000 0.000000 0.000000  -0.707107 0.707107 0.000000
2451545.146717  6.1169751674e-01  1.000000 0.000000 0.000000  -0.707107 0.707107 0.000000
2451545.147384  6.0071681392e-01  1.000000 0.000000 0.000000  -0.707107 0.707107 0.000000
2451545.148051  6.0008357948e-01  1.000000 0.000000 0.000000  -0.707107 0.707107 0.000000
2451545.148718  5.9446101428e-01  1.000000 0.000000 0.000000  -0.707107 0.707107 0.000000
2451545.149385  5.8115613228e-01  1.000000 0.000000 0.000000  -0.707107 0.707107 0.000000
2451545.150052  5.7096175356e-01  1.000000 0.000000 0.000000  -0.707107 0.707107 0.000000
2451545.150718  5.6848448473e-01  1.000000 0.000000 0.000000  -0.707107 0.707107 0.000000
2451545.151385  5.5816485084e-01  1.000000 0.000000 0.000000  -0.707107 0.707107 0.000000
2451545.152052  5.5860324392e-01  1.000000 0.000000 0.000000  -0.707107 0.707107 0.000000
2451545.152719  5.5277887873e-01  1.000000 0.000000 0.000000  -0.707107 0.707107 0.000000
2451545.153386  5.5536052686e-01  1.000000 0.000000 0.000000  -0.707107 0.707107 0.000000
2451545.154053  5.6698142275e-01  1.000000 0.000000 0.000000  -0.707107 0.707107 0.000000
2451545.154720  5.6950044329e-01  1.000000 0.000000 0.000000  -0.707107 0.707107 0.000000
2451545.155387  5.8718925608e-01  1.000000 0.000000 0.000000  -0.707107 0.707107 0.000000
2451545.156054  6.0073768978e-01  1.000000 0.000000 0.000000  -0.707107 0.707107 0.000000
2451545.156721  6.0422395855e-01  1.000000 0.000000 0.000000  -0.707107 0.707107 0.000000
2451545.157387  6.2080635070e-01  1.000000 0.000000 0.000000  -0.707107 0.707107 0.000000
2451545.158054  6.2450137808e-01  1.000000 0.000000 0.000000  -0.707107 0.707107 0.000000
2451545.158721  6.2933066056e-01  1.000000 0.000000 0.000000  -0.707107 0.707107 0.000000
2451545.159388  6.3189839145e-01  1.000000 0.000000 0.000000  -0.707107 0.707107 0.000000
2451545.160055  6.3299089484e-01  1.000000 0.000000 0.000000  -0.707107 0.707107 0.000000
2451545.160722  6.3611531535e-01  1.000000 0.000000 0.000000  -0.707107 0.707107 0.000000
2451545.161389  6.4833465258e-01  1.000000 0.000000 0.000000  -0.707107 0.707107 0.000000
2451545.162056  6.4306001840e-01  1.000000 0.000000 0.000000  -0.707107 0.707107 0.000000
2451545.162723  6.3610139811e-01  1.000000 0.000000 0.000000  -0.707107 0.707107 0.000000
2451545.163389  6.3160612940e-01  1.000000 0.000000 0.000000  -0.707107 0.707107 0.000000
2451545.164056  6.2584439180e-01  1.000000 0.000000 0.000000  -0.707107 0.707107 0.000000
2451545.164723  6.1848913015e-01  1.000000 0.000000 0.000000  -0.707107 0.707107 0.000000
2451545.165390  5.8996574557e-01  1.000000 0.000000 0.000000  -0.707107 0.707107 0.000000
2451545.166057  5.6272274713e-01  1.000000 0.000000 0.000000  -0.707107 0.707107 0.000000
2451545.166724  5.2292639768e-01  1.000000 0.000000 0.000000  -0.707107 0.707107 0.000000
2451545.167391  4.4126698856e-01  1.000000 0.000000 0.000000  -0.707107 0.707107 0.000000
2451545.168058  4.0273014938e-01  1.000000 0.000000 0.000000  -0.707107 0.707107 0.000000
2451545.168725  4.1696748650e-01  1.000000 0.000000 0.000000  -0.707107 0.707107 0.000000
2451545.169392  5.0482702630e-01  1.000000 0.000000 0.000000  -0.707107 0.707107 0.000000
2451545.170058  5.6716930550e-01  1.000000 0.000000 0.000000  -0.707107 0.707107 0.000000
2451545.170725  6.2714565379e-01  1.000000 0.000000 0.000000  -0.707107 0.707107 0.000000
2451545.171392  7.3381434424e-01  1.000000 0.000000 0.000000  -0.707107 0.707107 0.000000
2451545.172059  7.7519030050e-01  1.000000 0.000000 0.000000  -0.707107 0.707107 0.000000
2451545.172726  7.7199629378e-01  1.000000 0.000000 0.000000  -0.707107 0.707107 0.000000
2451545.173393  7.8064585881e-01  1.000000 0.000000 0.000000  -0.707107 0.707107 0.000000
2451545.174060  7.7281741098e-01  1.000000 0.000000 0.000000  -0.707107 0.707107 0.000000
2451545.174727  7.7161356967e-01  1.000000 0.000000 0.000000  -0.707107 0.707107 0.000000
2451545.175394  7.6425830802e-01  1.000000 0.000000 0.000000  -0.707107 0.707107 0.000000
2451545.176061  7.6275524604e-01  1.000000 0.000000 0.000000  -0.707107 0.707107 0.000000
2451545.176727  7.6047977720e-01  1.000000 0.000000 0.000000  -0.707107 0.707107 0.000000
2451545.177394  7.5570616368e-01  1.000000 0.000000 0.000000  -0.707107 0.707107 0.000000
2451545.178061  7.5598450849e-01  1.000000 0.000000 0.000000  -0.707107 0.707107 0.000000
2451545.178728  7.6243514950e-01  1.000000 0.000000 0.000000  -0.707107 0.707107 0.000000
2451545.179395  7.6788374919e-01  1.000000 0.000000 0.000000  -0.707107 0.707107 0.000000
2451545.180062  7.8366590001e-01  1.000000 0.000000 0.000000  -0.707107 0.707107 0.000000
2451545.180729  8.1001123644e-01  1.000000 0.000000 0.000000  -0.707107 0.707107 0.000000
2451545.181396  8.2056746342e-01  1.000000 0.000000 0.000000  -0.707107 0.707107 0.000000
2451545.182063  8.3615477287e-01  1.000000 0.000000 0.000000  -0.707107 0.707107 0.000000
2451545.182729  8.5241706849e-01  1.000000 0.000000 0.000000  -0.707107 0.707107 0.000000
2451545.183396  8.6951439855e-01  1.000000 0.000000 0.000000  -0.707107 0.707107 0.000000
2451545.184063  8.8487903215e-01  1.000000 0.000000 0.000000  -0.707107 0.707107 0.000000
2451545.184730  9.0956821695e-01  1.000000 0.000000 0.000000  -0.707107 0.707107 0.000000
2451545.185397  9.3096597435e-01  1.000000 0.000000 0.000000  -0.707107 0.707107 0.000000
2451545.186064  9.5026918704e-01  1.000000 0.000000 0.000000  -0.707107 0.707107 0.000000
2451545.186731  9.7498620631e-01  1.000000 0.000000 0.000000  -0.707107 0.707107 0.000000
2451545.187398  9.9215312257e-01  1.000000 0.000000 0.000000  -0.707107 0.707107 0.000000
2451545.188065  1.0044142115e+00  1.000000 0.000000 0.000000  -0.707107 0.707107 0.000000
2451545.188732  1.1198925153e+00  1.000000 0.000000 0.000000  -0.707107 0.707107 0.000000
2451545.189398  1.2225878335e+00  1.000000 0.000000 0.000000  -0.707107 0.707107 0.000000
2451545.190065  1.2963492086e+00  1.000000 0.000000 0.000000  -0.707107 0.707107 0.000000
2451545.190732  1.3734368042e+00  1.000000 0.000000 0.000000  -0.707107 0.707107 0.000000
2451545.191399  1.3893302930e+00  1.000000 0.000000 0.000000  -0.707107 0.707107 0.000000
2451545.192066  1.4018001405e+00  1.000000 0.000000 0.000000  -0.707107 0.707107 0.000000
2451545.192733  1.4115839607e+00  1.000000 0.000000 0.000000  -0.707107 0.707107 0.000000
2451545.193400  1.4141864846e+00  1.000000 0.000000 0.000000  -0.707107 0.707107 0.000000
2451545.194067  1.4099695607e+00  1.000000 0.000000 0.000000  -0.707107 0.707107 0.000000
2451545.194734  1.4044444162e+00  1.000000 0.000000 0.000000  -0.707107 0.707107 0.000000
2451545.195400  1.4198995119e+00  1.000000 0.000000 0.000000  -0.707107 0.707107 0.000000
2451545.196067  1.4264127805e+00  1.000000 0.000000 0.000000  -0.707107 0.707107 0.000000
2451545.196734  1.4241303530e+00  1.000000 0.000000 0.000000  -0.707107 0.707107 0.000000
2451545.197401  1.4375048212e+00  1.000000 0.000000 0.000000  -0.707107 0.707107 0.000000
2451545.198068  1.4515194825e+00  1.000000 0.000000 0.000000  -0.707107 0.707107 0.000000
2451545.198735  1.4626323991e+00  1.000000 0.000000 0.000000  -0.707107 0.707107 0.000000
2451545.199402  1.4733208399e+00  1.000000 0.000000 0.000000  -0.707107 0.707107 0.000000
2451545.200069  1.5031594037e+00  1.000000 0.000000 0.000000  -0.707107 0.707107 0.000000
2451545.200736  1.5155735823e+00  1.000000 0.000000 0.000000  -0.707107 0.707107 0.000000
2451545.201403  1.5275841609e+00  1.000000 0.000000 0.000000  -0.707107 0.707107 0.000000
2451545.202069  1.5565389800e+00  1.000000 0.000000 0.000000  -0.707107 0.707107 0.000000
2451545.202736  1.5955490053e+00  1.000000 0.000000 0.000000  -0.707107 0.707107 0.000000
2451545.203403  1.6113589906e+00  1.000000 0.000000 0.000000  -0.707107 0.707107 0.000000
2451545.204070  1.6177609213e+00  1.000000 0.000000 0.000000  -0.707107 0.707107 0.000000
2451545.204737  1.6288738379e+00  1.000000 0.000000 0.000000  -0.707107 0.707107 0.000000
2451545.205404  1.6235644106e+00  1.000000 0.000000 0.000000  -0.707107 0.707107 0.000000
2451545.206071  1.6330768445e+00  1.000000 0.000000 0.000000  -0.707107 0.707107 0.000000
2451545.206738  1.6163204869e+00  1.000000 0.000000 0.000000  -0.707107 0.707107 0.000000
2451545.207405  1.6036627566e+00  1.000000 0.000000 0.000000  -0.707107 0.707107 0.000000
2451545.208072  1.5989100189e+00  1.000000 0.000000 0.000000  -0.707107 0.707107 0.000000
2451545.208738  1.6243576933e+00  1.000000 0.000000 0.000000  -0.707107 0.707107 0.000000
2451545.209405  1.6419908371e+00  1.000000 0.000000 0.000000  -0.707107 0.707107 0.000000
2451545.210072  1.7141238951e+00  1.000000 0.000000 0.000000  -0.707107 0.707107 0.000000
2451545.210739  1.7462100932e+00  1.000000 0.000000 0.000000  -0.707107 0.707107 0.000000
2451545.211406  1.7740167399e+00  1.000000 0.000000 0.000000  -0.707107 0.707107 0.000000
2451545.212073  1.8284888196e+00  1.000000 0.000000 0.000000  -0.707107 0.707107 0.000000
2451545.212740  1.8194565304e+00  1.000000 0.000000 0.000000  -0.707107 0.707107 0.000000
2451545.213407  1.7180903086e+00  1.000000 0.000000 0.000000  -0.707107 0.707107 0.000000
2451545.214074  1.2858904023e+00  1.000000 0.000000 0.000000  -0.707107 0.707107 0.000000
2451545.214740  9.2358287822e-01  1.000000 0.000000 0.000000  -0.707107 0.707107 0.000000
2451545.215407  6.2543383320e-01  1.000000 0.000000 0.000000  -0.707107 0.707107 0.000000
2451545.216074  3.9543055670e-01  1.000000 0.000000 0.000000  -0.707107 0.707107 0.000000
2451545.216741  3.2173180919e-01  1.000000 0.000000 0.000000  -0.707107 0.707107 0.000000
2451545.217408  2.6765637090e-01  1.000000 0.000000 0.000000  -0.707107 0.707107 0.000000
2451545.218075  2.1367835330e-01  1.000000 0.000000 0.000000  -0.707107 0.707107 0.000000
2451545.218742  1.9064532013e-01  1.000000 0.000000 0.000000  -0.707107 0.707107 0.000000
2451545.219409  1.7280341770e-01  1.000000 0.000000 0.000000  -0.707107 0.707107 0.000000
2451545.220076  1.5419606704e-01  1.000000 0.000000 0.000000  -0.707107 0.707107 0.000000
2451545.220743  1.4732790882e-01  1.000000 0.000000 0.000000  -0.707107 0.707107 0.000000
2451545.221409  1.3912369549e-01  1.000000 0.000000 0.000000  -0.707107 0.707107 0.000000
2451545.222076  1.3013315808e-01  1.000000 0.000000 0.000000  -0.707107 0.707107 0.000000
2451545.222743  1.2346679984e-01  1.000000 0.000000 0.000000  -0.707107 0.707107 0.000000
2451545.223410  1.1769810361e-01  1.000000 0.000000 0.000000  -0.707107 0.707107 0.000000
2451545.224077  1.1466414517e-01  1.000000 0.000000 0.000000  -0.707107 0.707107 0.000000
2451545.224744  1.1204074532e-01  1.000000 0.000000 0.000000  -0.707107 0.707107 0.000000
2451545.225411  1.0980006958e-01  1.000000 0.000000 0.000000  -0.707107 0.707107 0.000000
2451545.226078  1.0385740785e-01  1.000000 0.000000 0.000000  -0.707107 0.707107 0.000000
2451545.226745  1.0019021496e-01  1.000000 0.000000 0.000000  -0.707107 0.707107 0.000000
2451545.227411  9.8798490902e-02  1.000000 0.000000 0.000000  -0.707107 0.707107 0.000000
2451545.228078  9.5103463527e-02  1.000000 0.000000 0.000000  -0.707107 0.707107 0.000000
2451545.228745  8.8485815629e-02  1.000000 0.000000 0.000000  -0.707107 0.707107 0.000000
2451545.229412  8.8910291467e-02  1.000000 0.000000 0.000000  -0.707107 0.707107 0.000000
2451545.230079  8.0803498827e-02  1.000000 0.000000 0.000000  -0.707107 0.707107 0.000000
2451545.230746  7.8722871360e-02  1.000000 0.000000 0.000000  -0.707107 0.707107 0.000000
2451545.231413  7.9328271325e-02  1.000000 0.000000 0.000000  -0.707107 0.707107 0.000000
2451545.232080  8.3239015929e-02  1.000000 0.000000 0.000000  -0.707107 0.707107 0.000000
2451545.232747  8.7121926052e-02  1.000000 0.000000 0.000000  -0.707107 0.707107 0.000000
2451545.233414  8.6252098516e-02  1.000000 0.000000 0.000000  -0.707107 0.707107 0.000000
2451545.234080  9.2995001578e-02  1.000000 0.000000 0.000000  -0.707107 0.707107 0.000000
2451545.234747  1.1160235224e-01  1.000000 0.000000 0.000000  -0.707107 0.707107 0.000000
2451545.235414  1.4164271604e-01  1.000000 0.000000 0.000000  -0.707107 0.707107 0.000000
2451545.236081  2.2223049764e-01  1.000000 0.000000 0.000000  -0.707107 0.707107 0.000000
2451545.236748  5.1440208782e-01  1.000000 0.000000 0.000000  -0.707107 0.707107 0.000000
2451545.237415  8.0198098862e-01  1.000000 0.000000 0.000000  -0.707107 0.707107 0.000000
2451545.238082  9.9819320498e-01  1.000000 0.000000 0.000000  -0.707107 0.707107 0.000000
2451545.238749  1.0703401802e+00  1.000000 0.000000 0.000000  -0.707107 0.707107 0.000000
2451545.239416  1.1168028879e+00  1.000000 0.000000 0.000000  -0.707107 0.707107 0.000000
360  1
2451545.000000  1.0922748835e+00  1.000000 0.000000 0.000000  -0.707107 0.707107 0.000000
2451545.000667  1.0888206638e+00  1.000000 0.000000 0.000000  -0.707107 0.707107 0.000000
2451545.001334  1.0824536012e+00  1.000000 0.000000 0.000000  -0.707107 0.707107 0.000000
2451545.002001  1.0702608529e+00  1.000000 0.000000 0.000000  -0.707107 0.707107 0.000000
2451545.002668  1.0647529318e+00  1.000000 0.000000 0.000000  -0.707107 0.707107 0.000000
2451545.003334  1.0523777630e+00  1.000000 0.000000 0.000000  -0.707107 0.707107 0.000000
2451545.004001  1.0532486736e+00  1.000000 0.000000 0.000000  -0.707107 0.707107 0.000000
2451545.004668  1.0485469333e+00  1.000000 0.000000 0.000000  -0.707107 0.707107 0.000000
2451545.005335  1.0444689533e+00  1.000000 0.000000 0.000000  -0.707107 0.707107 0.000000
2451545.006002  1.0491648091e+00  1.000000 0.000000 0.000000  -0.707107 0.707107 0.000000
2451545.006669  1.0459224325e+00  1.000000 0.000000 0.000000  -0.707107 0.707107 0.000000
2451545.007336  1.0436156963e+00  1.000000 0.000000 0.000000  -0.707107 0.707107 0.000000
2451545.008003  1.0559496734e+00  1.000000 0.000000 0.000000  -0.707107 0.707107 0.000000
2451545.008670  1.0672008967e+00  1.000000 0.000000 0.000000  -0.707107 0.707107 0.000000
2451545.009337  1.0809353922e+00  1.000000 0.000000 0.000000  -0.707107 0.707107 0.000000
2451545.010003  1.1085338428e+00  1.000000 0.000000 0.000000  -0.707107 0.707107 0.000000
2451545.010670  1.1275349935e+00  1.000000 0.000000 0.000000  -0.707107 0.707107 0.000000
2451545.011337  1.1386744108e+00  1.000000 0.000000 0.000000  -0.707107 0.707107 0.000000
2451545.012004  1.1407339967e+00  1.000000 0.000000 0.000000  -0.707107 0.707107 0.000000
2451545.012671  1.1400513911e+00  1.000000 0.000000 0.000000  -0.707107 0.707107 0.000000
2451545.013338  1.1200557546e+00  1.000000 0.000000 0.000000  -0.707107 0.707107 0.000000
2451545.014005  1.1347258905e+00  1.000000 0.000000 0.000000  -0.707107 0.707107 0.000000
2451545.014672  1.1344905092e+00  1.000000 0.000000 0.000000  -0.707107 0.707107 0.000000
2451545.015339  1.1584405506e+00  1.000000 0.000000 0.000000  -0.707107 0.707107 0.000000
2451545.016006  1.1682500638e+00  1.000000 0.000000 0.000000  -0.707107 0.707107 0.000000
2451545.016672  1.2235999628e+00  1.000000 0.000000 0.000000  -0.707107 0.707107 0.000000
2451545.017339  1.2156499614e+00  1.000000 0.000000 0.000000  -0.707107 0.707107 0.000000
2451545.018006  1.2817979749e+00  1.000000 0.000000 0.000000  -0.707107 0.707107 0.000000
2451545.018673  1.3132390242e+00  1.000000 0.000000 0.000000  -0.707107 0.707107 0.000000
2451545.019340  1.3416789628e+00  1.000000 0.000000 0.000000  -0.707107 0.707107 0.000000
2451545.020007  1.3561078329e+00  1.000000 0.000000 0.000000  -0.707107 0.707107 0.000000
2451545.020674  1.3409492809e+00  1.000000 0.000000 0.000000  -0.707107 0.707107 0.000000
2451545.021341  1.3401784074e+00  1.000000 0.000000 0.000000  -0.707107 0.707107 0.000000
2451545.022008  1.2860760289e+00  1.000000 0.000000 0.000000  -0.707107 0.707107 0.000000
2451545.022674  1.2369696174e+00  1.000000 0.000000 0.000000  -0.707107 0.707107 0.000000
2451545.023341  1.1753762309e+00  1.000000 0.000000 0.000000  -0.707107 0.707107 0.000000
2451545.024008  1.0663711778e+00  1.000000 0.000000 0.000000  -0.707107 0.707107 0.000000
2451545.024675  1.0048189831e+00  1.000000 0.000000 0.000000  -0.707107 0.707107 0.000000
2451545.025342  9.3659961471e-01  1.000000 0.000000 0.000000  -0.707107 0.707107 0.000000
2451545.026009  7.9778352736e-01  1.000000 0.000000 0.000000  -0.707107 0.707107 0.000000
2451545.026676  7.1300508859e-01  1.000000 0.000000 0.000000  -0.707107 0.707107 0.000000
2451545.027343  6.7392003339e-01  1.000000 0.000000 0.000000  -0.707107 0.707107 0.000000
2451545.028010  6.9391566988e-01  1.000000 0.000000 0.000000  -0.707107 0.707107 0.000000
2451545.028677  7.0597895853e-01  1.000000 0.000000 0.000000  -0.707107 0.707107 0.000000
2451545.029343  7.1955457165e-01  1.000000 0.000000 0.000000  -0.707107 0.707107 0.000000
2451545.030010  7.5427918934e-01  1.000000 0.000000 0.000000  -0.707107 0.707107 0.000000
2451545.030677  7.6733107920e-01  1.000000 0.000000 0.000000  -0.707107 0.707107 0.000000
2451545.031344  7.8497290327e-01  1.000000 0.000000 0.000000  -0.707107 0.707107 0.000000
2451545.032011  8.0583356583e-01  1.000000 0.000000 0.000000  -0.707107 0.707107 0.000000
2451545.032678  8.2175710684e-01  1.000000 0.000000 0.000000  -0.707107 0.707107 0.000000
2451545.033345  8.3845152141e-01  1.000000 0.000000 0.000000  -0.707107 0.707107 0.000000
2451545.034012  8.6453764753e-01  1.000000 0.000000 0.000000  -0.707107 0.707107 0.000000
2451545.034679  8.8845238170e-01  1.000000 0.000000 0.000000  -0.707107 0.707107 0.000000
2451545.035345  9.3392803762e-01  1.000000 0.000000 0.000000  -0.707107 0.707107 0.000000
2451545.036012  9.5484166095e-01  1.000000 0.000000 0.000000  -0.707107 0.707107 0.000000
2451545.036679  9.7487260463e-01  1.000000 0.000000 0.000000  -0.707107 0.707107 0.000000
2451545.037346  1.0095736842e+00  1.000000 0.000000 0.000000  -0.707107 0.707107 0.000000
2451545.038013  1.0357775009e+00  1.000000 0.000000 0.000000  -0.707107 0.707107 0.000000
2451545.038680  1.0654061148e+00  1.000000 0.000000 0.000000  -0.707107 0.707107 0.000000
2451545.039347  1.1015077127e+00  1.000000 0.000000 0.000000  -0.707107 0.707107 0.000000
2451545.040014  1.1242102335e+00  1.000000 0.000000 0.000000  -0.707107 0.707107 0.000000
2451545.040681  1.1489782247e+00  1.000000 0.000000 0.000000  -0.707107 0.707107 0.000000
2451545.041348  1.1832438489e+00  1.000000 0.000000 0.000000  -0.707107 0.707107 0.000000
2451545.042014  1.1960721266e+00  1.000000 0.000000 0.000000  -0.707107 0.707107 0.000000
2451545.042681  1.2211049217e+00  1.000000 0.000000 0.000000  -0.707107 0.707107 0.000000
2451545.043348  1.3341879548e+00  1.000000 0.000000 0.000000  -0.707107 0.707107 0.000000
2451545.044015  1.4341955599e+00  1.000000 0.000000 0.000000  -0.707107 0.707107 0.000000
2451545.044682  1.4926524913e+00  1.000000 0.000000 0.000000  -0.707107 0.707107 0.000000
2451545.045349  1.5579178251e+00  1.000000 0.000000 0.000000  -0.707107 0.707107 0.000000
2451545.046016  1.5807380365e+00  1.000000 0.000000 0.000000  -0.707107 0.707107 0.000000
2451545.046683  1.5910653885e+00  1.000000 0.000000 0.000000  -0.707107 0.707107 0.000000
2451545.047350  1.5762599084e+00  1.000000 0.000000 0.000000  -0.707107 0.707107 0.000000
2451545.048017  1.5615426962e+00  1.000000 0.000000 0.000000  -0.707107 0.707107 0.000000
2451545.048683  1.5517508366e+00  1.000000 0.000000 0.000000  -0.707107 0.707107 0.000000
2451545.049350  1.5661973603e+00  1.000000 0.000000 0.000000  -0.707107 0.707107 0.000000
2451545.050017  1.5814559493e+00  1.000000 0.000000 0.000000  -0.707107 0.707107 0.000000
2451545.050684  1.6040702021e+00  1.000000 0.000000 0.000000  -0.707107 0.707107 0.000000
2451545.051351  1.6308036266e+00  1.000000 0.000000 0.000000  -0.707107 0.707107 0.000000
2451545.052018  1.6629213971e+00  1.000000 0.000000 0.000000  -0.707107 0.707107 0.000000
2451545.052685  1.7322588264e+00  1.000000 0.000000 0.000000  -0.707107 0.707107 0.000000
2451545.053352  1.8510498546e+00  1.000000 0.000000 0.000000  -0.707107 0.707107 0.000000
2451545.054019  1.9632560925e+00  1.000000 0.000000 0.000000  -0.707107 0.707107 0.000000
2451545.054685  2.0280271257e+00  1.000000 0.000000 0.000000  -0.707107 0.707107 0.000000
2451545.055352  2.0895263597e+00  1.000000 0.000000 0.000000  -0.707107 0.707107 0.000000
2451545.056019  2.1045377984e+00  1.000000 0.000000 0.000000  -0.707107 0.707107 0.000000
2451545.056686  2.1231799927e+00  1.000000 0.000000 0.000000  -0.707107 0.707107 0.000000
2451545.057353  2.1559627152e+00  1.000000 0.000000 0.000000  -0.707107 0.707107 0.000000
2451545.058020  2.1538266304e+00  1.000000 0.000000 0.000000  -0.707107 0.707107 0.000000
2451545.058687  2.1638244487e+00  1.000000 0.000000 0.000000  -0.707107 0.707107 0.000000
2451545.059354  2.1728807419e+00  1.000000 0.000000 0.000000  -0.707107 0.707107 0.000000
2451545.060021  2.1684320365e+00  1.000000 0.000000 0.000000  -0.707107 0.707107 0.000000
2451545.060688  2.1659546489e+00  1.000000 0.000000 0.000000  -0.707107 0.707107 0.000000
2451545.061354  2.1515434324e+00  1.000000 0.000000 0.000000  -0.707107 0.707107 0.000000
2451545.062021  2.1413985009e+00  1.000000 0.000000 0.000000  -0.707107 0.707107 0.000000
2451545.062688  2.1324363601e+00  1.000000 0.000000 0.000000  -0.707107 0.707107 0.000000
2451545.063355  2.1069328025e+00  1.000000 0.000000 0.000000  -0.707107 0.707107 0.000000
2451545.064022  2.0829180313e+00  1.000000 0.000000 0.000000  -0.707107 0.707107 0.000000
2451545.064689  2.0613218024e+00  1.000000 0.000000 0.000000  -0.707107 0.707107 0.000000
2451545.065356  2.0255320846e+00  1.000000 0.000000 0.000000  -0.707107 0.707107 0.000000
2451545.066023  2.0027707185e+00  1.000000 0.000000 0.000000  -0.707107 0.707107 0.000000
2451545.066690  1.9792031717e+00  1.000000 0.000000 0.000000  -0.707107 0.707107 0.000000
2451545.067356  1.9379290709e+00  1.000000 0.000000 0.000000  -0.707107 0.707107 0.000000
2451545.068023  1.9137436483e+00  1.000000 0.000000 0.000000  -0.707107 0.707107 0.000000
2451545.068690  1.8792132201e+00  1.000000 0.000000 0.000000  -0.707107 0.707107 0.000000
2451545.069357  1.8365856773e+00  1.000000 0.000000 0.000000  -0.707107 0.707107 0.000000
2451545.070024  1.7979184238e+00  1.000000 0.000000 0.000000  -0.707107 0.707107 0.000000
2451545.070691  1.7228553458e+00  1.000000 0.000000 0.000000  -0.707107 0.707107 0.000000
2451545.071358  1.6588257635e+00  1.000000 0.000000 0.000000  -0.707107 0.707107 0.000000
2451545.072025  1.5842746396e+00  1.000000 0.000000 0.000000  -0.707107 0.707107 0.000000
2451545.072692  1.4608112938e+00  1.000000 0.000000 0.000000  -0.707107 0.707107 0.000000
2451545.073359  1.3814348545e+00  1.000000 0.000000 0.000000  -0.707107 0.707107 0.000000
2451545.074025  1.2930668518e+00  1.000000 0.000000 0.000000  -0.707107 0.707107 0.000000
2451545.074692  1.1519087211e+00  1.000000 0.000000 0.000000  -0.707107 0.707107 0.000000
2451545.075359  1.0786345405e+00  1.000000 0.000000 0.000000  -0.707107 0.707107 0.000000
2451545.076026  1.0349772047e+00  1.000000 0.000000 0.000000  -0.707107 0.707107 0.000000
2451545.076693  9.9134340702e-01  1.000000 0.000000 0.000000  -0.707107 0.707107 0.000000
2451545.077360  9.6937645263e-01  1.000000 0.000000 0.000000  -0.707107 0.707107 0.000000
2451545.078027  9.4230760982e-01  1.000000 0.000000 0.000000  -0.707107 0.707107 0.000000
2451545.078694  9.2014058138e-01  1.000000 0.000000 0.000000  -0.707107 0.707107 0.000000
2451545.079361  9.0592355437e-01  1.000000 0.000000 0.000000  -0.707107 0.707107 0.000000
2451545.080028  8.9717914124e-01  1.000000 0.000000 0.000000  -0.707107 0.707107 0.000000
2451545.080694  8.7209926993e-01  1.000000 0.000000 0.000000  -0.707107 0.707107 0.000000
2451545.081361  8.6243098542e-01  1.000000 0.000000 0.000000  -0.707107 0.707107 0.000000
2451545.082028  8.5505766802e-01  1.000000 0.000000 0.000000  -0.707107 0.707107 0.000000
2451545.082695  8.4425955355e-01  1.000000 0.000000 0.000000  -0.707107 0.707107 0.000000
2451545.083362  8.3400870047e-01  1.000000 0.000000 0.000000  -0.707107 0.707107 0.000000
2451545.084029  8.2366957943e-01  1.000000 0.000000 0.000000  -0.707107 0.707107 0.000000
2451545.084696  8.0892294463e-01  1.000000 0.000000 0.000000  -0.707107 0.707107 0.000000
2451545.085363  8.0495088617e-01  1.000000 0.000000 0.000000  -0.707107 0.707107 0.000000
2451545.086030  7.9441757560e-01  1.000000 0.000000 0.000000  -0.707107 0.707107 0.000000
2451545.086696  7.7709351620e-01  1.000000 0.000000 0.000000  -0.707107 0.707107 0.000000
2451545.087363  7.6904347774e-01  1.000000 0.000000 0.000000  -0.707107 0.707107 0.000000
2451545.088030  7.5528544415e-01  1.000000 0.000000 0.000000  -0.707107 0.707107 0.000000
2451545.088697  7.4261604881e-01  1.000000 0.000000 0.000000  -0.707107 0.707107 0.000000
2451545.089364  7.3281830462e-01  1.000000 0.000000 0.000000  -0.707107 0.707107 0.000000
2451545.090031  7.3041153142e-01  1.000000 0.000000 0.000000  -0.707107 0.707107 0.000000
2451545.090698  7.3935601861e-01  1.000000 0.000000 0.000000  -0.707107 0.707107 0.000000
2451545.091365  7.5505594744e-01  1.000000 0.000000 0.000000  -0.707107 0.707107 0.000000
2451545.092032  7.2174361720e-01  1.000000 0.000000 0.000000  -0.707107 0.707107 0.000000
2451545.092699  6.7662691767e-01  1.000000 0.000000 0.000000  -0.707107 0.707107 0.000000
2451545.093365  5.8791172764e-01  1.000000 0.000000 0.000000  -0.707107 0.707107 0.000000
2451545.094032  5.8735269719e-01  1.000000 0.000000 0.000000  -0.707107 0.707107 0.000000
2451545.094699  5.8542257101e-01  1.000000 0.000000 0.000000  -0.707107 0.707107 0.000000
2451545.095366  5.8093267382e-01  1.000000 0.000000 0.000000  -0.707107 0.707107 0.000000
2451545.096033  5.7221179881e-01  1.000000 0.000000 0.000000  -0.707107 0.707107 0.000000
2451545.096700  5.5953063441e-01  1.000000 0.000000 0.000000  -0.707107 0.707107 0.000000
2451545.097367  5.4286564249e-01  1.000000 0.000000 0.000000  -0.707107 0.707107 0.000000
2451545.098034  5.3103185056e-01  1.000000 0.000000 0.000000  -0.707107 0.707107 0.000000
2451545.098701  5.2296415850e-01  1.000000 0.000000 0.000000  -0.707107 0.707107 0.000000
2451545.099367  5.3037278308e-01  1.000000 0.000000 0.000000  -0.707107 0.707107 0.000000
2451545.100034  5.4851479229e-01  1.000000 0.000000 0.000000  -0.707107 0.707107 0.000000
2451545.100701  5.6897530674e-01  1.000000 0.000000 0.000000  -0.707107 0.707107 0.000000
2451545.101368  5.8542257101e-01  1.000000 0.000000 0.000000  -0.707107 0.707107 0.000000
2451545.102035  5.9062449645e-01  1.000000 0.000000 0.000000  -0.707107 0.707107 0.000000
2451545.102702  6.0173449106e-01  1.000000 0.000000 0.000000  -0.707107 0.707107 0.000000
2451545.103369  6.1444507812e-01  1.000000 0.000000 0.000000  -0.707107 0.707107 0.000000
2451545.104036  6.2197139333e-01  1.000000 0.000000 0.000000  -0.707107 0.707107 0.000000
2451545.104703  6.3312846419e-01  1.000000 0.000000 0.000000  -0.707107 0.707107 0.000000
2451545.105370  6.3458194336e-01  1.000000 0.000000 0.000000  -0.707107 0.707107 0.000000
2451545.106036  6.4366177476e-01  1.000000 0.000000 0.000000  -0.707107 0.707107 0.000000
2451545.106703  6.4009574895e-01  1.000000 0.000000 0.000000  -0.707107 0.707107 0.000000
2451545.107370  6.4548597938e-01  1.000000 0.000000 0.000000  -0.707107 0.707107 0.000000
2451545.108037  6.4502698596e-01  1.000000 0.000000 0.000000  -0.707107 0.707107 0.000000
2451545.108704  6.5015241250e-01  1.000000 0.000000 0.000000  -0.707107 0.707107 0.000000
2451545.109371  6.5907336157e-01  1.000000 0.000000 0.000000  -0.707107 0.707107 0.000000
2451545.110038  6.7462617712e-01  1.000000 0.000000 0.000000  -0.707107 0.707107 0.000000
2451545.110705  7.2448580866e-01  1.000000 0.000000 0.000000  -0.707107 0.707107 0.000000
2451545.111372  8.1629626203e-01  1.000000 0.000000 0.000000  -0.707107 0.707107 0.000000
2451545.112039  8.4889067948e-01  1.000000 0.000000 0.000000  -0.707107 0.707107 0.000000
2451545.112705  8.5126803003e-01  1.000000 0.000000 0.000000  -0.707107 0.707107 0.000000
2451545.113372  8.6623827700e-01  1.000000 0.000000 0.000000  -0.707107 0.707107 0.000000
2451545.114039  8.7726588818e-01  1.000000 0.000000 0.000000  -0.707107 0.707107 0.000000
2451545.114706  8.9634353783e-01  1.000000 0.000000 0.000000  -0.707107 0.707107 0.000000
2451545.115373  9.1020160844e-01  1.000000 0.000000 0.000000  -0.707107 0.707107 0.000000
2451545.116040  9.3339254529e-01  1.000000 0.000000 0.000000  -0.707107 0.707107 0.000000
2451545.116707  9.4693285122e-01  1.000000 0.000000 0.000000  -0.707107 0.707107 0.000000
2451545.117374  9.6674606725e-01  1.000000 0.000000 0.000000  -0.707107 0.707107 0.000000
2451545.118041  1.0024592862e+00  1.000000 0.000000 0.000000  -0.707107 0.707107 0.000000
2451545.118707  1.0456164368e+00  1.000000 0.000000 0.000000  -0.707107 0.707107 0.000000
2451545.119374  1.1230392118e+00  1.000000 0.000000 0.000000  -0.707107 0.707107 0.000000
2451545.120041  1.2784790994e+00  1.000000 0.000000 0.000000  -0.707107 0.707107 0.000000
2451545.120708  1.3291154890e+00  1.000000 0.000000 0.000000  -0.707107 0.707107 0.000000
2451545.121375  1.3080312143e+00  1.000000 0.000000 0.000000  -0.707107 0.707107 0.000000
2451545.122042  1.2196926342e+00  1.000000 0.000000 0.000000  -0.707107 0.707107 0.000000
2451545.122709  1.1747995469e+00  1.000000 0.000000 0.000000  -0.707107 0.707107 0.000000
2451545.123376  1.1732048390e+00  1.000000 0.000000 0.000000  -0.707107 0.707107 0.000000
2451545.124043  1.1809429973e+00  1.000000 0.000000 0.000000  -0.707107 0.707107 0.000000
2451545.124710  1.1852740121e+00  1.000000 0.000000 0.000000  -0.707107 0.707107 0.000000
2451545.125376  1.1851386679e+00  1.000000 0.000000 0.000000  -0.707107 0.707107 0.000000
2451545.126043  1.1842912955e+00  1.000000 0.000000 0.000000  -0.707107 0.707107 0.000000
2451545.126710  1.1896226806e+00  1.000000 0.000000 0.000000  -0.707107 0.707107 0.000000
2451545.127377  1.2220287930e+00  1.000000 0.000000 0.000000  -0.707107 0.707107 0.000000
2451545.128044  1.2614374975e+00  1.000000 0.000000 0.000000  -0.707107 0.707107 0.000000
2451545.128711  1.2954030106e+00  1.000000 0.000000 0.000000  -0.707107 0.707107 0.000000
2451545.129378  1.3106498306e+00  1.000000 0.000000 0.000000  -0.707107 0.707107 0.000000
2451545.130045  1.3452861803e+00  1.000000 0.000000 0.000000  -0.707107 0.707107 0.000000
2451545.130712  1.3731553193e+00  1.000000 0.000000 0.000000  -0.707107 0.707107 0.000000
2451545.131378  1.4024779375e+00  1.000000 0.000000 0.000000  -0.707107 0.707107 0.000000
2451545.132045  1.4474769464e+00  1.000000 0.000000 0.000000  -0.707107 0.707107 0.000000
2451545.132712  1.4775645537e+00  1.000000 0.000000 0.000000  -0.707107 0.707107 0.000000
2451545.133379  1.5088467207e+00  1.000000 0.000000 0.000000  -0.707107 0.707107 0.000000
2451545.134046  1.5670800399e+00  1.000000 0.000000 0.000000  -0.707107 0.707107 0.000000
2451545.134713  1.5825622411e+00  1.000000 0.000000 0.000000  -0.707107 0.707107 0.000000
2451545.135380  1.5938134645e+00  1.000000 0.000000 0.000000  -0.707107 0.707107 0.000000
2451545.136047  1.5396934324e+00  1.000000 0.000000 0.000000  -0.707107 0.707107 0.000000
2451545.136714  1.4730923101e+00  1.000000 0.000000 0.000000  -0.707107 0.707107 0.000000
2451545.137381  1.3506175654e+00  1.000000 0.000000 0.000000  -0.707107 0.707107 0.000000
2451545.138047  1.2563768008e+00  1.000000 0.000000 0.000000  -0.707107 0.707107 0.000000
2451545.138714  1.1618241559e+00  1.000000 0.000000 0.000000  -0.707107 0.707107 0.000000
2451545.139381  1.0409146965e+00  1.000000 0.000000 0.000000  -0.707107 0.707107 0.000000
2451545.140048  9.7037093838e-01  1.000000 0.000000 0.000000  -0.707107 0.707107 0.000000
2451545.140715  9.0002725427e-01  1.000000 0.000000 0.000000  -0.707107 0.707107 0.000000
2451545.141382  8.0518038288e-01  1.000000 0.000000 0.000000  -0.707107 0.707107 0.000000
2451545.142049  7.6509495740e-01  1.000000 0.000000 0.000000  -0.707107 0.707107 0.000000
2451545.142716  7.4501693748e-01  1.000000 0.000000 0.000000  -0.707107 0.707107 0.000000
2451545.143383  7.0271304380e-01  1.000000 0.000000 0.000000  -0.707107 0.707107 0.000000
2451545.144050  6.7781559295e-01  1.000000 0.000000 0.000000  -0.707107 0.707107 0.000000
2451545.144716  6.5940289531e-01  1.000000 0.000000 0.000000  -0.707107 0.707107 0.000000
2451545.145383  6.4489752628e-01  1.000000 0.000000 0.000000  -0.707107 0.707107 0.000000
2451545.146050  6.2647305958e-01  1.000000 0.000000 0.000000  -0.707107 0.707107 0.000000
2451545.146717  6.1355062940e-01  1.000000 0.000000 0.000000  -0.707107 0.707107 0.000000
2451545.147384  6.0125195952e-01  1.000000 0.000000 0.000000  -0.707107 0.707107 0.000000
2451545.148051  5.9438471179e-01  1.000000 0.000000 0.000000  -0.707107 0.707107 0.000000
2451545.148718  6.0123430593e-01  1.000000 0.000000 0.000000  -0.707107 0.707107 0.000000
2451545.149385  6.0879004379e-01  1.000000 0.000000 0.000000  -0.707107 0.707107 0.000000
2451545.150052  6.2011188152e-01  1.000000 0.000000 0.000000  -0.707107 0.707107 0.000000
2451545.150718  6.2137705569e-01  1.000000 0.000000 0.000000  -0.707107 0.707107 0.000000
2451545.151385  6.4452091629e-01  1.000000 0.000000 0.000000  -0.707107 0.707107 0.000000
2451545.152052  6.6714693816e-01  1.000000 0.000000 0.000000  -0.707107 0.707107 0.000000
2451545.152719  6.9064387062e-01  1.000000 0.000000 0.000000  -0.707107 0.707107 0.000000
2451545.153386  7.1159868567e-01  1.000000 0.000000 0.000000  -0.707107 0.707107 0.000000
2451545.154053  7.3446008878e-01  1.000000 0.000000 0.000000  -0.707107 0.707107 0.000000
2451545.154720  7.5021886292e-01  1.000000 0.000000 0.000000  -0.707107 0.707107 0.000000
2451545.155387  7.7027922925e-01  1.000000 0.000000 0.000000  -0.707107 0.707107 0.000000
2451545.156054  7.7434544021e-01  1.000000 0.000000 0.000000  -0.707107 0.707107 0.000000
2451545.156721  7.7187982170e-01  1.000000 0.000000 0.000000  -0.707107 0.707107 0.000000
2451545.157387  7.7759370134e-01  1.000000 0.000000 0.000000  -0.707107 0.707107 0.000000
2451545.158054  7.7654625482e-01  1.000000 0.000000 0.000000  -0.707107 0.707107 0.000000
2451545.158721  7.6814902902e-01  1.000000 0.000000 0.000000  -0.707107 0.707107 0.000000
2451545.159388  7.6853152353e-01  1.000000 0.000000 0.000000  -0.707107 0.707107 0.000000
2451545.160055  7.5802175109e-01  1.000000 0.000000 0.000000  -0.707107 0.707107 0.000000
2451545.160722  7.3667267246e-01  1.000000 0.000000 0.000000  -0.707107 0.707107 0.000000
2451545.161389  7.2224968687e-01  1.000000 0.000000 0.000000  -0.707107 0.707107 0.000000
2451545.162056  7.1898377214e-01  1.000000 0.000000 0.000000  -0.707107 0.707107 0.000000
2451545.162723  7.2133170002e-01  1.000000 0.000000 0.000000  -0.707107 0.707107 0.000000
2451545.163389  7.3148251608e-01  1.000000 0.000000 0.000000  -0.707107 0.707107 0.000000
2451545.164056  7.4292792896e-01  1.000000 0.000000 0.000000  -0.707107 0.707107 0.000000
2451545.164723  7.3945017111e-01  1.000000 0.000000 0.000000  -0.707107 0.707107 0.000000
2451545.165390  7.1931919041e-01  1.000000 0.000000 0.000000  -0.707107 0.707107 0.000000
2451545.166057  6.9292706867e-01  1.000000 0.000000 0.000000  -0.707107 0.707107 0.000000
2451545.166724  6.5937347265e-01  1.000000 0.000000 0.000000  -0.707107 0.707107 0.000000
2451545.167391  5.8385140122e-01  1.000000 0.000000 0.000000  -0.707107 0.707107 0.000000
2451545.168058  5.2234039821e-01  1.000000 0.000000 0.000000  -0.707107 0.707107 0.000000
2451545.168725  4.5335015623e-01  1.000000 0.000000 0.000000  -0.707107 0.707107 0.000000
2451545.169392  3.6830691357e-01  1.000000 0.000000 0.000000  -0.707107 0.707107 0.000000
2451545.170058  3.6529403368e-01  1.000000 0.000000 0.000000  -0.707107 0.707107 0.000000
2451545.170725  3.9069166967e-01  1.000000 0.000000 0.000000  -0.707107 0.707107 0.000000
2451545.171392  4.4182235992e-01  1.000000 0.000000 0.000000  -0.707107 0.707107 0.000000
2451545.172059  4.9086992618e-01  1.000000 0.000000 0.000000  -0.707107 0.707107 0.000000
2451545.172726  5.7551890526e-01  1.000000 0.000000 0.000000  -0.707107 0.707107 0.000000
2451545.173393  6.1620455290e-01  1.000000 0.000000 0.000000  -0.707107 0.707107 0.000000
2451545.174060  6.1875255485e-01  1.000000 0.000000 0.000000  -0.707107 0.707107 0.000000
2451545.174727  5.9975140410e-01  1.000000 0.000000 0.000000  -0.707107 0.707107 0.000000
2451545.175394  5.8418093496e-01  1.000000 0.000000 0.000000  -0.707107 0.707107 0.000000
2451545.176061  5.7088189480e-01  1.000000 0.000000 0.000000  -0.707107 0.707107 0.000000
2451545.176727  5.6101353623e-01  1.000000 0.000000 0.000000  -0.707107 0.707107 0.000000
2451545.177394  5.5632944952e-01  1.000000 0.000000 0.000000  -0.707107 0.707107 0.000000
2451545.178061  5.4804991434e-01  1.000000 0.000000 0.000000  -0.707107 0.707107 0.000000
2451545.178728  5.4631397768e-01  1.000000 0.000000 0.000000  -0.707107 0.707107 0.000000
2451545.179395  5.5901279568e-01  1.000000 0.000000 0.000000  -0.707107 0.707107 0.000000
2451545.180062  5.7082304949e-01  1.000000 0.000000 0.000000  -0.707107 0.707107 0.000000
2451545.180729  5.9574992299e-01  1.000000 0.000000 0.000000  -0.707107 0.707107 0.000000
2451545.181396  6.1140277557e-01  1.000000 0.000000 0.000000  -0.707107 0.707107 0.000000
2451545.182063  6.3165733143e-01  1.000000 0.000000 0.000000  -0.707107 0.707107 0.000000
2451545.182729  6.5562502637e-01  1.000000 0.000000 0.000000  -0.707107 0.707107 0.000000
2451545.183396  6.7284316421e-01  1.000000 0.000000 0.000000  -0.707107 0.707107 0.000000
2451545.184063  6.9103224967e-01  1.000000 0.000000 0.000000  -0.707107 0.707107 0.000000
2451545.184730  7.1694772439e-01  1.000000 0.000000 0.000000  -0.707107 0.707107 0.000000
2451545.185397  7.3246523276e-01  1.000000 0.000000 0.000000  -0.707107 0.707107 0.000000
2451545.186064  7.5084850774e-01  1.000000 0.000000 0.000000  -0.707107 0.707107 0.000000
2451545.186731  7.8357826942e-01  1.000000 0.000000 0.000000  -0.707107 0.707107 0.000000
2451545.187398  7.9964303917e-01  1.000000 0.000000 0.000000  -0.707107 0.707107 0.000000
2451545.188065  8.9840900823e-01  1.000000 0.000000 0.000000  -0.707107 0.707107 0.000000
2451545.188732  1.0525248763e+00  1.000000 0.000000 0.000000  -0.707107 0.707107 0.000000
2451545.189398  1.1314893984e+00  1.000000 0.000000 0.000000  -0.707107 0.707107 0.000000
2451545.190065  1.2064406703e+00  1.000000 0.000000 0.000000  -0.707107 0.707107 0.000000
2451545.190732  1.2705585206e+00  1.000000 0.000000 0.000000  -0.707107 0.707107 0.000000
2451545.191399  1.3074309921e+00  1.000000 0.000000 0.000000  -0.707107 0.707107 0.000000
2451545.192066  1.3266734086e+00  1.000000 0.000000 0.000000  -0.707107 0.707107 0.000000
2451545.192733  1.3436267426e+00  1.000000 0.000000 0.000000  -0.707107 0.707107 0.000000
2451545.193400  1.3560077959e+00  1.000000 0.000000 0.000000  -0.707107 0.707107 0.000000
2451545.194067  1.3619394032e+00  1.000000 0.000000 0.000000  -0.707107 0.707107 0.000000
2451545.194734  1.3745322996e+00  1.000000 0.000000 0.000000  -0.707107 0.707107 0.000000
2451545.195400  1.3900498080e+00  1.000000 0.000000 0.000000  -0.707107 0.707107 0.000000
2451545.196067  1.3921211629e+00  1.000000 0.000000 0.000000  -0.707107 0.707107 0.000000
2451545.196734  1.4093098781e+00  1.000000 0.000000 0.000000  -0.707107 0.707107 0.000000
2451545.197401  1.4112870805e+00  1.000000 0.000000 0.000000  -0.707107 0.707107 0.000000
2451545.198068  1.4170127292e+00  1.000000 0.000000 0.000000  -0.707107 0.707107 0.000000
2451545.198735  1.4132348603e+00  1.000000 0.000000 0.000000  -0.707107 0.707107 0.000000
2451545.199402  1.4034076934e+00  1.000000 0.000000 0.000000  -0.707107 0.707107 0.000000
2451545.200069  1.4038549178e+00  1.000000 0.000000 0.000000  -0.707107 0.707107 0.000000
2451545.200736  1.4172422259e+00  1.000000 0.000000 0.000000  -0.707107 0.707107 0.000000
2451545.201403  1.4286582162e+00  1.000000 0.000000 0.000000  -0.707107 0.707107 0.000000
2451545.202069  1.4298998522e+00  1.000000 0.000000 0.000000  -0.707107 0.707107 0.000000
2451545.202736  1.4462000032e+00  1.000000 0.000000 0.000000  -0.707107 0.707107 0.000000
2451545.203403  1.4444346439e+00  1.000000 0.000000 0.000000  -0.707107 0.707107 0.000000
2451545.204070  1.4479241708e+00  1.000000 0.000000 0.000000  -0.707107 0.707107 0.000000
2451545.204737  1.4403566639e+00  1.000000 0.000000 0.000000  -0.707107 0.707107 0.000000
2451545.205404  1.4393916008e+00  1.000000 0.000000 0.000000  -0.707107 0.707107 0.000000
2451545.206071  1.4242683560e+00  1.000000 0.000000 0.000000  -0.707107 0.707107 0.000000
2451545.206738  1.4198019969e+00  1.000000 0.000000 0.000000  -0.707107 0.707107 0.000000
2451545.207405  1.4283757587e+00  1.000000 0.000000 0.000000  -0.707107 0.707107 0.000000
2451545.208072  1.4489892709e+00  1.000000 0.000000 0.000000  -0.707107 0.707107 0.000000
2451545.208738  1.4640419013e+00  1.000000 0.000000 0.000000  -0.707107 0.707107 0.000000
2451545.209405  1.4837080041e+00  1.000000 0.000000 0.000000  -0.707107 0.707107 0.000000
2451545.210072  1.5404701905e+00  1.000000 0.000000 0.000000  -0.707107 0.707107 0.000000
2451545.210739  1.5869932930e+00  1.000000 0.000000 0.000000  -0.707107 0.707107 0.000000
2451545.211406  1.6258311979e+00  1.000000 0.000000 0.000000  -0.707107 0.707107 0.000000
2451545.212073  1.5495382529e+00  1.000000 0.000000 0.000000  -0.707107 0.707107 0.000000
2451545.212740  1.4089979979e+00  1.000000 0.000000 0.000000  -0.707107 0.707107 0.000000
2451545.213407  1.2254477056e+00  1.000000 0.000000 0.000000  -0.707107 0.707107 0.000000
2451545.214074  9.4421419788e-01  1.000000 0.000000 0.000000  -0.707107 0.707107 0.000000
2451545.214740  7.6077571162e-01  1.000000 0.000000 0.000000  -0.707107 0.707107 0.000000
2451545.215407  6.2253630831e-01  1.000000 0.000000 0.000000  -0.707107 0.707107 0.000000
2451545.216074  4.3602021231e-01  1.000000 0.000000 0.000000  -0.707107 0.707107 0.000000
2451545.216741  3.3746608637e-01  1.000000 0.000000 0.000000  -0.707107 0.707107 0.000000
2451545.217408  2.6911725828e-01  1.000000 0.000000 0.000000  -0.707107 0.707107 0.000000
2451545.218075  2.1435581237e-01  1.000000 0.000000 0.000000  -0.707107 0.707107 0.000000
2451545.218742  1.9378349184e-01  1.000000 0.000000 0.000000  -0.707107 0.707107 0.000000
2451545.219409  1.7903685704e-01  1.000000 0.000000 0.000000  -0.707107 0.707107 0.000000
2451545.220076  1.6864477522e-01  1.000000 0.000000 0.000000  -0.707107 0.707107 0.000000
2451545.220743  1.6427256865e-01  1.000000 0.000000 0.000000  -0.707107 0.707107 0.000000
2451545.221409  1.5930013992e-01  1.000000 0.000000 0.000000  -0.707107 0.707107 0.000000
2451545.222076  1.5378633433e-01  1.000000 0.000000 0.000000  -0.707107 0.707107 0.000000
2451545.222743  1.5250939109e-01  1.000000 0.000000 0.000000  -0.707107 0.707107 0.000000
2451545.223410  1.4728981206e-01  1.000000 0.000000 0.000000  -0.707107 0.707107 0.000000
2451545.224077  1.4122874508e-01  1.000000 0.000000 0.000000  -0.707107 0.707107 0.000000
2451545.224744  1.3986353388e-01  1.000000 0.000000 0.000000  -0.707107 0.707107 0.000000
2451545.225411  1.3693303742e-01  1.000000 0.000000 0.000000  -0.707107 0.707107 0.000000
2451545.226078  1.3292567177e-01  1.000000 0.000000 0.000000  -0.707107 0.707107 0.000000
2451545.226745  1.2786497508e-01  1.000000 0.000000 0.000000  -0.707107 0.707107 0.000000
2451545.227411  1.3244314023e-01  1.000000 0.000000 0.000000  -0.707107 0.707107 0.000000
2451545.228078  1.2619965279e-01  1.000000 0.000000 0.000000  -0.707107 0.707107 0.000000
2451545.228745  1.2108599531e-01  1.000000 0.000000 0.000000  -0.707107 0.707107 0.000000
2451545.229412  1.2005031785e-01  1.000000 0.000000 0.000000  -0.707107 0.707107 0.000000
2451545.230079  1.1539565379e-01  1.000000 0.000000 0.000000  -0.707107 0.707107 0.000000
2451545.230746  1.1150009424e-01  1.000000 0.000000 0.000000  -0.707107 0.707107 0.000000
2451545.231413  1.0388551107e-01  1.000000 0.000000 0.000000  -0.707107 0.707107 0.000000
2451545.232080  9.1345575411e-02  1.000000 0.000000 0.000000  -0.707107 0.707107 0.000000
2451545.232747  8.1594907469e-02  1.000000 0.000000 0.000000  -0.707107 0.707107 0.000000
2451545.233414  8.7973739122e-02  1.000000 0.000000 0.000000  -0.707107 0.707107 0.000000
2451545.234080  1.0468580729e-01  1.000000 0.000000 0.000000  -0.707107 0.707107 0.000000
2451545.234747  1.4121697602e-01  1.000000 0.000000 0.000000  -0.707107 0.707107 0.000000
2451545.235414  2.5264645588e-01  1.000000 0.000000 0.000000  -0.707107 0.707107 0.000000
2451545.236081  5.6159610481e-01  1.000000 0.000000 0.000000  -0.707107 0.707107 0.000000
2451545.236748  8.1089426253e-01  1.000000 0.000000 0.000000  -0.707107 0.707107 0.000000
2451545.237415  9.6449817639e-01  1.000000 0.000000 0.000000  -0.707107 0.707107 0.000000
2451545.238082  1.0613457883e+00  1.000000 0.000000 0.000000  -0.707107 0.707107 0.000000
2451545.238749  1.0832068212e+00  1.000000 0.000000 0.000000  -0.707107 0.707107 0.000000
2451545.239416  1.0902211822e+00  1.000000 0.000000 0.000000  -0.707107 0.707107 0.000000
360  1
2451545.000000  7.0901182429e-01  1.000000 0.000000 0.000000  -0.000000 0.000000 1.000000
2451545.000667  7.1874718399e-01  1.000000 0.000000 0.000000  -0.000000 0.000000 1.000000
2451545.001334  7.2684195530e-01  1.000000 0.000000 0.000000  -0.000000 0.000000 1.000000
2451545.002001  7.3395597926e-01  1.000000 0.000000 0.000000  -0.000000 0.000000 1.000000
2451545.002668  7.3664942878e-01  1.000000 0.000000 0.000000  -0.000000 0.000000 1.000000
2451545.003334  7.3850275281e-01  1.000000 0.000000 0.000000  -0.000000 0.000000 1.000000
2451545.004001  7.4547615491e-01  1.000000 0.000000 0.000000  -0.000000 0.000000 1.000000
2451545.004668  7.5278488606e-01  1.000000 0.000000 0.000000  -0.000000 0.000000 1.000000
2451545.005335  7.5448316547e-01  1.000000 0.000000 0.000000  -0.000000 0.000000 1.000000
2451545.006002  7.6042173489e-01  1.000000 0.000000 0.000000  -0.000000 0.000000 1.000000
2451545.006669  7.5824029318e-01  1.000000 0.000000 0.000000  -0.000000 0.000000 1.000000
2451545.007336  7.7041309850e-01  1.000000 0.000000 0.000000  -0.000000 0.000000 1.000000
2451545.008003  7.7312097077e-01  1.000000 0.000000 0.000000  -0.000000 0.000000 1.000000
2451545.008670  7.7588653406e-01  1.000000 0.000000 0.000000  -0.000000 0.000000 1.000000
2451545.009337  7.7834200812e-01  1.000000 0.000000 0.000000  -0.000000 0.000000 1.000000
2451545.010003  7.9327316535e-01  1.000000 0.000000 0.000000  -0.000000 0.000000 1.000000
2451545.010670  8.0563707217e-01  1.000000 0.000000 0.000000  -0.000000 0.000000 1.000000
2451545.011337  8.1662000019e-01  1.000000 0.000000 0.000000  -0.000000 0.000000 1.000000
2451545.012004  8.3159442569e-01  1.000000 0.000000 0.000000  -0.000000 0.000000 1.000000
2451545.012671  8.3602221151e-01  1.000000 0.000000 0.000000  -0.000000 0.000000 1.000000
2451545.013338  8.5105432802e-01  1.000000 0.000000 0.000000  -0.000000 0.000000 1.000000
2451545.014005  8.5931135532e-01  1.000000 0.000000 0.000000  -0.000000 0.000000 1.000000
2451545.014672  8.7724965700e-01  1.000000 0.000000 0.000000  -0.000000 0.000000 1.000000
2451545.015339  8.8055246792e-01  1.000000 0.000000 0.000000  -0.000000 0.000000 1.000000
2451545.016006  9.0087412987e-01  1.000000 0.000000 0.000000  -0.000000 0.000000 1.000000
2451545.016672  9.0317095362e-01  1.000000 0.000000 0.000000  -0.000000 0.000000 1.000000
2451545.017339  9.3186141923e-01  1.000000 0.000000 0.000000  -0.000000 0.000000 1.000000
2451545.018006  9.2721729209e-01  1.000000 0.000000 0.000000  -0.000000 0.000000 1.000000
2451545.018673  9.2027273550e-01  1.000000 0.000000 0.000000  -0.000000 0.000000 1.000000
2451545.019340  9.3025328204e-01  1.000000 0.000000 0.000000  -0.000000 0.000000 1.000000
2451545.020007  9.7480877827e-01  1.000000 0.000000 0.000000  -0.000000 0.000000 1.000000
2451545.020674  9.9453189589e-01  1.000000 0.000000 0.000000  -0.000000 0.000000 1.000000
2451545.021341  1.0121492913e+00  1.000000 0.000000 0.000000  -0.000000 0.000000 1.000000
2451545.022008  1.0519705181e+00  1.000000 0.000000 0.000000  -0.000000 0.000000 1.000000
2451545.022674  1.0569355516e+00  1.000000 0.000000 0.000000  -0.000000 0.000000 1.000000
2451545.023341  1.0784543022e+00  1.000000 0.000000 0.000000  -0.000000 0.000000 1.000000
2451545.024008  1.0752668733e+00  1.000000 0.000000 0.000000  -0.000000 0.000000 1.000000
2451545.024675  1.0816597595e+00  1.000000 0.000000 0.000000  -0.000000 0.000000 1.000000
2451545.025342  1.0929708052e+00  1.000000 0.000000 0.000000  -0.000000 0.000000 1.000000
2451545.026009  1.0827811287e+00  1.000000 0.000000 0.000000  -0.000000 0.000000 1.000000
2451545.026676  1.0929275370e+00  1.000000 0.000000 0.000000  -0.000000 0.000000 1.000000
2451545.027343  1.1057349435e+00  1.000000 0.000000 0.000000  -0.000000 0.000000 1.000000
2451545.028010  1.1166457577e+00  1.000000 0.000000 0.000000  -0.000000 0.000000 1.000000
2451545.028677  1.1147455598e+00  1.000000 0.000000 0.000000  -0.000000 0.000000 1.000000
2451545.029343  1.1143417226e+00  1.000000 0.000000 0.000000  -0.000000 0.000000 1.000000
2451545.030010  1.1247297120e+00  1.000000 0.000000 0.000000  -0.000000 0.000000 1.000000
2451545.030677  1.1277584906e+00  1.000000 0.000000 0.000000  -0.000000 0.000000 1.000000
2451545.031344  1.1305060254e+00  1.000000 0.000000 0.000000  -0.000000 0.000000 1.000000
2451545.032011  1.1307403952e+00  1.000000 0.000000 0.000000  -0.000000 0.000000 1.000000
2451545.032678  1.1319951749e+00  1.000000 0.000000 0.000000  -0.000000 0.000000 1.000000
2451545.033345  1.1193932926e+00  1.000000 0.000000 0.000000  -0.000000 0.000000 1.000000
2451545.034012  1.1310757242e+00  1.000000 0.000000 0.000000  -0.000000 0.000000 1.000000
2451545.034679  1.1368989116e+00  1.000000 0.000000 0.000000  -0.000000 0.000000 1.000000
2451545.035345  1.1386404593e+00  1.000000 0.000000 0.000000  -0.000000 0.000000 1.000000
2451545.036012  1.1427437331e+00  1.000000 0.000000 0.000000  -0.000000 0.000000 1.000000
2451545.036679  1.1441463461e+00  1.000000 0.000000 0.000000  -0.000000 0.000000 1.000000
2451545.037346  1.1452496868e+00  1.000000 0.000000 0.000000  -0.000000 0.000000 1.000000
2451545.038013  1.1477304007e+00  1.000000 0.000000 0.000000  -0.000000 0.000000 1.000000
2451545.038680  1.1390226623e+00  1.000000 0.000000 0.000000  -0.000000 0.000000 1.000000
2451545.039347  1.1401981168e+00  1.000000 0.000000 0.000000  -0.000000 0.000000 1.000000
2451545.040014  1.1336069178e+00  1.000000 0.000000 0.000000  -0.000000 0.000000 1.000000
2451545.040681  1.1342018564e+00  1.000000 0.000000 0.000000  -0.000000 0.000000 1.000000
2451545.041348  1.1283390064e+00  1.000000 0.000000 0.000000  -0.000000 0.000000 1.000000
2451545.042014  1.1216432424e+00  1.000000 0.000000 0.000000  -0.000000 0.000000 1.000000
2451545.042681  1.1157767867e+00  1.000000 0.000000 0.000000  -0.000000 0.000000 1.000000
2451545.043348  1.1082264744e+00  1.000000 0.000000 0.000000  -0.000000 0.000000 1.000000
2451545.044015  1.1039248877e+00  1.000000 0.000000 0.000000  -0.000000 0.000000 1.000000
2451545.044682  1.1297776763e+00  1.000000 0.000000 0.000000  -0.000000 0.000000 1.000000
2451545.045349  1.1863797787e+00  1.000000 0.000000 0.000000  -0.000000 0.000000 1.000000
2451545.046016  1.2254942906e+00  1.000000 0.000000 0.000000  -0.000000 0.000000 1.000000
2451545.046683  1.2621641455e+00  1.000000 0.000000 0.000000  -0.000000 0.000000 1.000000
2451545.047350  1.2926105815e+00  1.000000 0.000000 0.000000  -0.000000 0.000000 1.000000
2451545.048017  1.3134622797e+00  1.000000 0.000000 0.000000  -0.000000 0.000000 1.000000
2451545.048683  1.3085080633e+00  1.000000 0.000000 0.000000  -0.000000 0.000000 1.000000
2451545.049350  1.3137723689e+00  1.000000 0.000000 0.000000  -0.000000 0.000000 1.000000
2451545.050017  1.3253105730e+00  1.000000 0.000000 0.000000  -0.000000 0.000000 1.000000
2451545.050684  1.3291037576e+00  1.000000 0.000000 0.000000  -0.000000 0.000000 1.000000
2451545.051351  1.3453834425e+00  1.000000 0.000000 0.000000  -0.000000 0.000000 1.000000
2451545.052018  1.3515888328e+00  1.000000 0.000000 0.000000  -0.000000 0.000000 1.000000
2451545.052685  1.3581656092e+00  1.000000 0.000000 0.000000  -0.000000 0.000000 1.000000
2451545.053352  1.3795834005e+00  1.000000 0.000000 0.000000  -0.000000 0.000000 1.000000
2451545.054019  1.3883235901e+00  1.000000 0.000000 0.000000  -0.000000 0.000000 1.000000
2451545.054685  1.4107221288e+00  1.000000 0.000000 0.000000  -0.000000 0.000000 1.000000
2451545.055352  1.4406024717e+00  1.000000 0.000000 0.000000  -0.000000 0.000000 1.000000
2451545.056019  1.4632389859e+00  1.000000 0.000000 0.000000  -0.000000 0.000000 1.000000
2451545.056686  1.4800919752e+00  1.000000 0.000000 0.000000  -0.000000 0.000000 1.000000
2451545.057353  1.5033414565e+00  1.000000 0.000000 0.000000  -0.000000 0.000000 1.000000
2451545.058020  1.5007489662e+00  1.000000 0.000000 0.000000  -0.000000 0.000000 1.000000
2451545.058687  1.5185971257e+00  1.000000 0.000000 0.000000  -0.000000 0.000000 1.000000
2451545.059354  1.5322951373e+00  1.000000 0.000000 0.000000  -0.000000 0.000000 1.000000
2451545.060021  1.5299802851e+00  1.000000 0.000000 0.000000  -0.000000 0.000000 1.000000
2451545.060688  1.5435376750e+00  1.000000 0.000000 0.000000  -0.000000 0.000000 1.000000
2451545.061354  1.5403394290e+00  1.000000 0.000000 0.000000  -0.000000 0.000000 1.000000
2451545.062021  1.5270957341e+00  1.000000 0.000000 0.000000  -0.000000 0.000000 1.000000
2451545.062688  1.5149770141e+00  1.000000 0.000000 0.000000  -0.000000 0.000000 1.000000
2451545.063355  1.4989929958e+00  1.000000 0.000000 0.000000  -0.000000 0.000000 1.000000
2451545.064022  1.4800234671e+00  1.000000 0.000000 0.000000  -0.000000 0.000000 1.000000
2451545.064689  1.4725128174e+00  1.000000 0.000000 0.000000  -0.000000 0.000000 1.000000
2451545.065356  1.4316675749e+00  1.000000 0.000000 0.000000  -0.000000 0.000000 1.000000
2451545.066023  1.4119696971e+00  1.000000 0.000000 0.000000  -0.000000 0.000000 1.000000
2451545.066690  1.3817648422e+00  1.000000 0.000000 0.000000  -0.000000 0.000000 1.000000
2451545.067356  1.3402309132e+00  1.000000 0.000000 0.000000  -0.000000 0.000000 1.000000
2451545.068023  1.3079491816e+00  1.000000 0.000000 0.000000  -0.000000 0.000000 1.000000
2451545.068690  1.2519600462e+00  1.000000 0.000000 0.000000  -0.000000 0.000000 1.000000
2451545.069357  1.2174680274e+00  1.000000 0.000000 0.000000  -0.000000 0.000000 1.000000
2451545.070024  1.1841694915e+00  1.000000 0.000000 0.000000  -0.000000 0.000000 1.000000
2451545.070691  1.1308629886e+00  1.000000 0.000000 0.000000  -0.000000 0.000000 1.000000
2451545.071358  1.1067841989e+00  1.000000 0.000000 0.000000  -0.000000 0.000000 1.000000
2451545.072025  1.0847245950e+00  1.000000 0.000000 0.000000  -0.000000 0.000000 1.000000
2451545.072692  1.0545666140e+00  1.000000 0.000000 0.000000  -0.000000 0.000000 1.000000
2451545.073359  1.0379083319e+00  1.000000 0.000000 0.000000  -0.000000 0.000000 1.000000
2451545.074025  1.0155097932e+00  1.000000 0.000000 0.000000  -0.000000 0.000000 1.000000
2451545.074692  9.8926037889e-01  1.000000 0.000000 0.000000  -0.000000 0.000000 1.000000
2451545.075359  9.7097232541e-01  1.000000 0.000000 0.000000  -0.000000 0.000000 1.000000
2451545.076026  9.5011341583e-01  1.000000 0.000000 0.000000  -0.000000 0.000000 1.000000
2451545.076693  9.2267051854e-01  1.000000 0.000000 0.000000  -0.000000 0.000000 1.000000
2451545.077360  9.0622136633e-01  1.000000 0.000000 0.000000  -0.000000 0.000000 1.000000
2451545.078027  8.8591773282e-01  1.000000 0.000000 0.000000  -0.000000 0.000000 1.000000
2451545.078694  8.5967552989e-01  1.000000 0.000000 0.000000  -0.000000 0.000000 1.000000
2451545.079361  8.4062667608e-01  1.000000 0.000000 0.000000  -0.000000 0.000000 1.000000
2451545.080028  8.2069803420e-01  1.000000 0.000000 0.000000  -0.000000 0.000000 1.000000
2451545.080694  7.9531759089e-01  1.000000 0.000000 0.000000  -0.000000 0.000000 1.000000
2451545.081361  7.7774706947e-01  1.000000 0.000000 0.000000  -0.000000 0.000000 1.000000
2451545.082028  7.5485815711e-01  1.000000 0.000000 0.000000  -0.000000 0.000000 1.000000
2451545.082695  7.2767486941e-01  1.000000 0.000000 0.000000  -0.000000 0.000000 1.000000
2451545.083362  7.1371724815e-01  1.000000 0.000000 0.000000  -0.000000 0.000000 1.000000
2451545.084029  6.9444123594e-01  1.000000 0.000000 0.000000  -0.000000 0.000000 1.000000
2451545.084696  6.7245735146e-01  1.000000 0.000000 0.000000  -0.000000 0.000000 1.000000
2451545.085363  6.5380512341e-01  1.000000 0.000000 0.000000  -0.000000 0.000000 1.000000
2451545.086030  6.3739563378e-01  1.000000 0.000000 0.000000  -0.000000 0.000000 1.000000
2451545.086696  6.1540814361e-01  1.000000 0.000000 0.000000  -0.000000 0.000000 1.000000
2451545.087363  6.0135316875e-01  1.000000 0.000000 0.000000  -0.000000 0.000000 1.000000
2451545.088030  5.8853133945e-01  1.000000 0.000000 0.000000  -0.000000 0.000000 1.000000
2451545.088697  5.6747051130e-01  1.000000 0.000000 0.000000  -0.000000 0.000000 1.000000
2451545.089364  5.5746472494e-01  1.000000 0.000000 0.000000  -0.000000 0.000000 1.000000
2451545.090031  5.4841084042e-01  1.000000 0.000000 0.000000  -0.000000 0.000000 1.000000
2451545.090698  5.4627266697e-01  1.000000 0.000000 0.000000  -0.000000 0.000000 1.000000
2451545.091365  5.5092761119e-01  1.000000 0.000000 0.000000  -0.000000 0.000000 1.000000
2451545.092032  5.6938873773e-01  1.000000 0.000000 0.000000  -0.000000 0.000000 1.000000
2451545.092699  6.1430840853e-01  1.000000 0.000000 0.000000  -0.000000 0.000000 1.000000
2451545.093365  6.2616751892e-01  1.000000 0.000000 0.000000  -0.000000 0.000000 1.000000
2451545.094032  6.0636147046e-01  1.000000 0.000000 0.000000  -0.000000 0.000000 1.000000
2451545.094699  5.7052092401e-01  1.000000 0.000000 0.000000  -0.000000 0.000000 1.000000
2451545.095366  5.4157806018e-01  1.000000 0.000000 0.000000  -0.000000 0.000000 1.000000
2451545.096033  5.1343205358e-01  1.000000 0.000000 0.000000  -0.000000 0.000000 1.000000
2451545.096700  4.9096140111e-01  1.000000 0.000000 0.000000  -0.000000 0.000000 1.000000
2451545.097367  4.8738816354e-01  1.000000 0.000000 0.000000  -0.000000 0.000000 1.000000
2451545.098034  4.7930060361e-01  1.000000 0.000000 0.000000  -0.000000 0.000000 1.000000
2451545.098701  4.6169763099e-01  1.000000 0.000000 0.000000  -0.000000 0.000000 1.000000
2451545.099367  4.6046087974e-01  1.000000 0.000000 0.000000  -0.000000 0.000000 1.000000
2451545.100034  4.7479349263e-01  1.000000 0.000000 0.000000  -0.000000 0.000000 1.000000
2451545.100701  4.9140490083e-01  1.000000 0.000000 0.000000  -0.000000 0.000000 1.000000
2451545.101368  4.9617162140e-01  1.000000 0.000000 0.000000  -0.000000 0.000000 1.000000
2451545.102035  4.9879295714e-01  1.000000 0.000000 0.000000  -0.000000 0.000000 1.000000
2451545.102702  5.0724469164e-01  1.000000 0.000000 0.000000  -0.000000 0.000000 1.000000
2451545.103369  5.1111720138e-01  1.000000 0.000000 0.000000  -0.000000 0.000000 1.000000
2451545.104036  5.1129388014e-01  1.000000 0.000000 0.000000  -0.000000 0.000000 1.000000
2451545.104703  5.1275778978e-01  1.000000 0.000000 0.000000  -0.000000 0.000000 1.000000
2451545.105370  5.1255226552e-01  1.000000 0.000000 0.000000  -0.000000 0.000000 1.000000
2451545.106036  5.1038524656e-01  1.000000 0.000000 0.000000  -0.000000 0.000000 1.000000
2451545.106703  5.0706080151e-01  1.000000 0.000000 0.000000  -0.000000 0.000000 1.000000
2451545.107370  5.0592500954e-01  1.000000 0.000000 0.000000  -0.000000 0.000000 1.000000
2451545.108037  5.0708964702e-01  1.000000 0.000000 0.000000  -0.000000 0.000000 1.000000
2451545.108704  5.0463417296e-01  1.000000 0.000000 0.000000  -0.000000 0.000000 1.000000
2451545.109371  5.0880234919e-01  1.000000 0.000000 0.000000  -0.000000 0.000000 1.000000
2451545.110038  5.1736225435e-01  1.000000 0.000000 0.000000  -0.000000 0.000000 1.000000
2451545.110705  5.2667935415e-01  1.000000 0.000000 0.000000  -0.000000 0.000000 1.000000
2451545.111372  5.4343498990e-01  1.000000 0.000000 0.000000  -0.000000 0.000000 1.000000
2451545.112039  5.7688135901e-01  1.000000 0.000000 0.000000  -0.000000 0.000000 1.000000
2451545.112705  6.8216025996e-01  1.000000 0.000000 0.000000  -0.000000 0.000000 1.000000
2451545.113372  6.8379003129e-01  1.000000 0.000000 0.000000  -0.000000 0.000000 1.000000
2451545.114039  6.8224679649e-01  1.000000 0.000000 0.000000  -0.000000 0.000000 1.000000
2451545.114706  6.8273356448e-01  1.000000 0.000000 0.000000  -0.000000 0.000000 1.000000
2451545.115373  6.8201603241e-01  1.000000 0.000000 0.000000  -0.000000 0.000000 1.000000
2451545.116040  6.9068050254e-01  1.000000 0.000000 0.000000  -0.000000 0.000000 1.000000
2451545.116707  7.0491576184e-01  1.000000 0.000000 0.000000  -0.000000 0.000000 1.000000
2451545.117374  7.3081542433e-01  1.000000 0.000000 0.000000  -0.000000 0.000000 1.000000
2451545.118041  7.7061501707e-01  1.000000 0.000000 0.000000  -0.000000 0.000000 1.000000
2451545.118707  7.9895933655e-01  1.000000 0.000000 0.000000  -0.000000 0.000000 1.000000
2451545.119374  8.2367272744e-01  1.000000 0.000000 0.000000  -0.000000 0.000000 1.000000
2451545.120041  8.9572881198e-01  1.000000 0.000000 0.000000  -0.000000 0.000000 1.000000
2451545.120708  9.6301817596e-01  1.000000 0.000000 0.000000  -0.000000 0.000000 1.000000
2451545.121375  1.0380020798e+00  1.000000 0.000000 0.000000  -0.000000 0.000000 1.000000
2451545.122042  1.1318509473e+00  1.000000 0.000000 0.000000  -0.000000 0.000000 1.000000
2451545.122709  1.1762513989e+00  1.000000 0.000000 0.000000  -0.000000 0.000000 1.000000
2451545.123376  1.2122542014e+00  1.000000 0.000000 0.000000  -0.000000 0.000000 1.000000
2451545.124043  1.2353955120e+00  1.000000 0.000000 0.000000  -0.000000 0.000000 1.000000
2451545.124710  1.2481091706e+00  1.000000 0.000000 0.000000  -0.000000 0.000000 1.000000
2451545.125376  1.2516139001e+00  1.000000 0.000000 0.000000  -0.000000 0.000000 1.000000
2451545.126043  1.2630439335e+00  1.000000 0.000000 0.000000  -0.000000 0.000000 1.000000
2451545.126710  1.2689788972e+00  1.000000 0.000000 0.000000  -0.000000 0.000000 1.000000
2451545.127377  1.2723970902e+00  1.000000 0.000000 0.000000  -0.000000 0.000000 1.000000
2451545.128044  1.2816456819e+00  1.000000 0.000000 0.000000  -0.000000 0.000000 1.000000
2451545.128711  1.2976044605e+00  1.000000 0.000000 0.000000  -0.000000 0.000000 1.000000
2451545.129378  1.3156797783e+00  1.000000 0.000000 0.000000  -0.000000 0.000000 1.000000
2451545.130045  1.3308272769e+00  1.000000 0.000000 0.000000  -0.000000 0.000000 1.000000
2451545.130712  1.3367478178e+00  1.000000 0.000000 0.000000  -0.000000 0.000000 1.000000
2451545.131378  1.3485672656e+00  1.000000 0.000000 0.000000  -0.000000 0.000000 1.000000
2451545.132045  1.3667507542e+00  1.000000 0.000000 0.000000  -0.000000 0.000000 1.000000
2451545.132712  1.3683841312e+00  1.000000 0.000000 0.000000  -0.000000 0.000000 1.000000
2451545.133379  1.3733780101e+00  1.000000 0.000000 0.000000  -0.000000 0.000000 1.000000
2451545.134046  1.3808237575e+00  1.000000 0.000000 0.000000  -0.000000 0.000000 1.000000
2451545.134713  1.3870868389e+00  1.000000 0.000000 0.000000  -0.000000 0.000000 1.000000
2451545.135380  1.3852407262e+00  1.000000 0.000000 0.000000  -0.000000 0.000000 1.000000
2451545.136047  1.3791362951e+00  1.000000 0.000000 0.000000  -0.000000 0.000000 1.000000
2451545.136714  1.3752782081e+00  1.000000 0.000000 0.000000  -0.000000 0.000000 1.000000
2451545.137381  1.3592689499e+00  1.000000 0.000000 0.000000  -0.000000 0.000000 1.000000
2451545.138047  1.3420265462e+00  1.000000 0.000000 0.000000  -0.000000 0.000000 1.000000
2451545.138714  1.3305676673e+00  1.000000 0.000000 0.000000  -0.000000 0.000000 1.000000
2451545.139381  1.3202590030e+00  1.000000 0.000000 0.000000  -0.000000 0.000000 1.000000
2451545.140048  1.3401732222e+00  1.000000 0.000000 0.000000  -0.000000 0.000000 1.000000
2451545.140715  1.3502943906e+00  1.000000 0.000000 0.000000  -0.000000 0.000000 1.000000
2451545.141382  1.3616487045e+00  1.000000 0.000000 0.000000  -0.000000 0.000000 1.000000
2451545.142049  1.3590417915e+00  1.000000 0.000000 0.000000  -0.000000 0.000000 1.000000
2451545.142716  1.3490684564e+00  1.000000 0.000000 0.000000  -0.000000 0.000000 1.000000
2451545.143383  1.3230822574e+00  1.000000 0.000000 0.000000  -0.000000 0.000000 1.000000
2451545.144050  1.2949434621e+00  1.000000 0.000000 0.000000  -0.000000 0.000000 1.000000
2451545.144716  1.2759847505e+00  1.000000 0.000000 0.000000  -0.000000 0.000000 1.000000
2451545.145383  1.2346779799e+00  1.000000 0.000000 0.000000  -0.000000 0.000000 1.000000
2451545.146050  1.2031426258e+00  1.000000 0.000000 0.000000  -0.000000 0.000000 1.000000
2451545.146717  1.1714666499e+00  1.000000 0.000000 0.000000  -0.000000 0.000000 1.000000
2451545.147384  1.1289880304e+00  1.000000 0.000000 0.000000  -0.000000 0.000000 1.000000
2451545.148051  1.0994754678e+00  1.000000 0.000000 0.000000  -0.000000 0.000000 1.000000
2451545.148718  1.0660471271e+00  1.000000 0.000000 0.000000  -0.000000 0.000000 1.000000
2451545.149385  1.0278773057e+00  1.000000 0.000000 0.000000  -0.000000 0.000000 1.000000
2451545.150052  1.0005245506e+00  1.000000 0.000000 0.000000  -0.000000 0.000000 1.000000
2451545.150718  9.7713084184e-01  1.000000 0.000000 0.000000  -0.000000 0.000000 1.000000
2451545.151385  9.4342125745e-01  1.000000 0.000000 0.000000  -0.000000 0.000000 1.000000
2451545.152052  9.2478345216e-01  1.000000 0.000000 0.000000  -0.000000 0.000000 1.000000
2451545.152719  9.0729946727e-01  1.000000 0.000000 0.000000  -0.000000 0.000000 1.000000
2451545.153386  8.9126857497e-01  1.000000 0.000000 0.000000  -0.000000 0.000000 1.000000
2451545.154053  8.9809774951e-01  1.000000 0.000000 0.000000  -0.000000 0.000000 1.000000
2451545.154720  9.0106523138e-01  1.000000 0.000000 0.000000  -0.000000 0.000000 1.000000
2451545.155387  9.2485917162e-01  1.000000 0.000000 0.000000  -0.000000 0.000000 1.000000
2451545.156054  9.2379549343e-01  1.000000 0.000000 0.000000  -0.000000 0.000000 1.000000
2451545.156721  9.3835165903e-01  1.000000 0.000000 0.000000  -0.000000 0.000000 1.000000
2451545.157387  9.5212899585e-01  1.000000 0.000000 0.000000  -0.000000 0.000000 1.000000
2451545.158054  9.6898198520e-01  1.000000 0.000000 0.000000  -0.000000 0.000000 1.000000
2451545.158721  9.6251337954e-01  1.000000 0.000000 0.000000  -0.000000 0.000000 1.000000
2451545.159388  9.7740126850e-01  1.000000 0.000000 0.000000  -0.000000 0.000000 1.000000
2451545.160055  9.8145045700e-01  1.000000 0.000000 0.000000  -0.000000 0.000000 1.000000
2451545.160722  9.7586885077e-01  1.000000 0.000000 0.000000  -0.000000 0.000000 1.000000
2451545.161389  9.8521119039e-01  1.000000 0.000000 0.000000  -0.000000 0.000000 1.000000
2451545.162056  9.8396362208e-01  1.000000 0.000000 0.000000  -0.000000 0.000000 1.000000
2451545.162723  9.8491912960e-01  1.000000 0.000000 0.000000  -0.000000 0.000000 1.000000
2451545.163389  9.8239514746e-01  1.000000 0.000000 0.000000  -0.000000 0.000000 1.000000
2451545.164056  9.8409703256e-01  1.000000 0.000000 0.000000  -0.000000 0.000000 1.000000
2451545.164723  9.8062835996e-01  1.000000 0.000000 0.000000  -0.000000 0.000000 1.000000
2451545.165390  9.7447705490e-01  1.000000 0.000000 0.000000  -0.000000 0.000000 1.000000
2451545.166057  9.7886517814e-01  1.000000 0.000000 0.000000  -0.000000 0.000000 1.000000
2451545.166724  9.7709117927e-01  1.000000 0.000000 0.000000  -0.000000 0.000000 1.000000
2451545.167391  9.6644718599e-01  1.000000 0.000000 0.000000  -0.000000 0.000000 1.000000
2451545.168058  9.5420587259e-01  1.000000 0.000000 0.000000  -0.000000 0.000000 1.000000
2451545.168725  9.5524070527e-01  1.000000 0.000000 0.000000  -0.000000 0.000000 1.000000
2451545.169392  9.4413518383e-01  1.000000 0.000000 0.000000  -0.000000 0.000000 1.000000
2451545.170058  9.3875189049e-01  1.000000 0.000000 0.000000  -0.000000 0.000000 1.000000
2451545.170725  9.2780501936e-01  1.000000 0.000000 0.000000  -0.000000 0.000000 1.000000
2451545.171392  9.2675936961e-01  1.000000 0.000000 0.000000  -0.000000 0.000000 1.000000
2451545.172059  9.2114531218e-01  1.000000 0.000000 0.000000  -0.000000 0.000000 1.000000
2451545.172726  9.1546635236e-01  1.000000 0.000000 0.000000  -0.000000 0.000000 1.000000
2451545.173393  9.0748335740e-01  1.000000 0.000000 0.000000  -0.000000 0.000000 1.000000
2451545.174060  9.0180079189e-01  1.000000 0.000000 0.000000  -0.000000 0.000000 1.000000
2451545.174727  8.9023734798e-01  1.000000 0.000000 0.000000  -0.000000 0.000000 1.000000
2451545.175394  8.7993589514e-01  1.000000 0.000000 0.000000  -0.000000 0.000000 1.000000
2451545.176061  8.7720278304e-01  1.000000 0.000000 0.000000  -0.000000 0.000000 1.000000
2451545.176727  8.5723087290e-01  1.000000 0.000000 0.000000  -0.000000 0.000000 1.000000
2451545.177394  8.5582465428e-01  1.000000 0.000000 0.000000  -0.000000 0.000000 1.000000
2451545.178061  8.4216630518e-01  1.000000 0.000000 0.000000  -0.000000 0.000000 1.000000
2451545.178728  8.3558592316e-01  1.000000 0.000000 0.000000  -0.000000 0.000000 1.000000
2451545.179395  8.4461456786e-01  1.000000 0.000000 0.000000  -0.000000 0.000000 1.000000
2451545.180062  8.4714936708e-01  1.000000 0.000000 0.000000  -0.000000 0.000000 1.000000
2451545.180729  8.6536530678e-01  1.000000 0.000000 0.000000  -0.000000 0.000000 1.000000
2451545.181396  8.7755974623e-01  1.000000 0.000000 0.000000  -0.000000 0.000000 1.000000
2451545.182063  8.8462329055e-01  1.000000 0.000000 0.000000  -0.000000 0.000000 1.000000
2451545.182729  9.0569493577e-01  1.000000 0.000000 0.000000  -0.000000 0.000000 1.000000
2451545.183396  9.1709251800e-01  1.000000 0.000000 0.000000  -0.000000 0.000000 1.000000
2451545.184063  9.2632308127e-01  1.000000 0.000000 0.000000  -0.000000 0.000000 1.000000
2451545.184730  9.4228907118e-01  1.000000 0.000000 0.000000  -0.000000 0.000000 1.000000
2451545.185397  9.5317464560e-01  1.000000 0.000000 0.000000  -0.000000 0.000000 1.000000
2451545.186064  9.6557821500e-01  1.000000 0.000000 0.000000  -0.000000 0.000000 1.000000
2451545.186731  9.8155141628e-01  1.000000 0.000000 0.000000  -0.000000 0.000000 1.000000
2451545.187398  9.8988055736e-01  1.000000 0.000000 0.000000  -0.000000 0.000000 1.000000
2451545.188065  9.9733351607e-01  1.000000 0.000000 0.000000  -0.000000 0.000000 1.000000
2451545.188732  1.0493311539e+00  1.000000 0.000000 0.000000  -0.000000 0.000000 1.000000
2451545.189398  1.0962087137e+00  1.000000 0.000000 0.000000  -0.000000 0.000000 1.000000
2451545.190065  1.1412293438e+00  1.000000 0.000000 0.000000  -0.000000 0.000000 1.000000
2451545.190732  1.1919613849e+00  1.000000 0.000000 0.000000  -0.000000 0.000000 1.000000
2451545.191399  1.2190653475e+00  1.000000 0.000000 0.000000  -0.000000 0.000000 1.000000
2451545.192066  1.2373065270e+00  1.000000 0.000000 0.000000  -0.000000 0.000000 1.000000
2451545.192733  1.2655823384e+00  1.000000 0.000000 0.000000  -0.000000 0.000000 1.000000
2451545.193400  1.2783140255e+00  1.000000 0.000000 0.000000  -0.000000 0.000000 1.000000
2451545.194067  1.2984770371e+00  1.000000 0.000000 0.000000  -0.000000 0.000000 1.000000
2451545.194734  1.3185643293e+00  1.000000 0.000000 0.000000  -0.000000 0.000000 1.000000
2451545.195400  1.3323452718e+00  1.000000 0.000000 0.000000  -0.000000 0.000000 1.000000
2451545.196067  1.3499590615e+00  1.000000 0.000000 0.000000  -0.000000 0.000000 1.000000
2451545.196734  1.3704898534e+00  1.000000 0.000000 0.000000  -0.000000 0.000000 1.000000
2451545.197401  1.3889221345e+00  1.000000 0.000000 0.000000  -0.000000 0.000000 1.000000
2451545.198068  1.4024182275e+00  1.000000 0.000000 0.000000  -0.000000 0.000000 1.000000
2451545.198735  1.4235691979e+00  1.000000 0.000000 0.000000  -0.000000 0.000000 1.000000
2451545.199402  1.4293851739e+00  1.000000 0.000000 0.000000  -0.000000 0.000000 1.000000
2451545.200069  1.4477886094e+00  1.000000 0.000000 0.000000  -0.000000 0.000000 1.000000
2451545.200736  1.4559518888e+00  1.000000 0.000000 0.000000  -0.000000 0.000000 1.000000
2451545.201403  1.4640033919e+00  1.000000 0.000000 0.000000  -0.000000 0.000000 1.000000
2451545.202069  1.4771208877e+00  1.000000 0.000000 0.000000  -0.000000 0.000000 1.000000
2451545.202736  1.5036767855e+00  1.000000 0.000000 0.000000  -0.000000 0.000000 1.000000
2451545.203403  1.5204684782e+00  1.000000 0.000000 0.000000  -0.000000 0.000000 1.000000
2451545.204070  1.5327891167e+00  1.000000 0.000000 0.000000  -0.000000 0.000000 1.000000
2451545.204737  1.5377289103e+00  1.000000 0.000000 0.000000  -0.000000 0.000000 1.000000
2451545.205404  1.5396651652e+00  1.000000 0.000000 0.000000  -0.000000 0.000000 1.000000
2451545.206071  1.5394488239e+00  1.000000 0.000000 0.000000  -0.000000 0.000000 1.000000
2451545.206738  1.5524509376e+00  1.000000 0.000000 0.000000  -0.000000 0.000000 1.000000
2451545.207405  1.5509040971e+00  1.000000 0.000000 0.000000  -0.000000 0.000000 1.000000
2451545.208072  1.5552814033e+00  1.000000 0.000000 0.000000  -0.000000 0.000000 1.000000
2451545.208738  1.5531143843e+00  1.000000 0.000000 0.000000  -0.000000 0.000000 1.000000
2451545.209405  1.5625829231e+00  1.000000 0.000000 0.000000  -0.000000 0.000000 1.000000
2451545.210072  1.5686909599e+00  1.000000 0.000000 0.000000  -0.000000 0.000000 1.000000
2451545.210739  1.5693183497e+00  1.000000 0.000000 0.000000  -0.000000 0.000000 1.000000
2451545.211406  1.5627235449e+00  1.000000 0.000000 0.000000  -0.000000 0.000000 1.000000
2451545.212073  1.5687738907e+00  1.000000 0.000000 0.000000  -0.000000 0.000000 1.000000
2451545.212740  1.5604808065e+00  1.000000 0.000000 0.000000  -0.000000 0.000000 1.000000
2451545.213407  1.5250621257e+00  1.000000 0.000000 0.000000  -0.000000 0.000000 1.000000
2451545.214074  1.3743154892e+00  1.000000 0.000000 0.000000  -0.000000 0.000000 1.000000
2451545.214740  1.2737203780e+00  1.000000 0.000000 0.000000  -0.000000 0.000000 1.000000
2451545.215407  1.1874182171e+00  1.000000 0.000000 0.000000  -0.000000 0.000000 1.000000
2451545.216074  1.0906523473e+00  1.000000 0.000000 0.000000  -0.000000 0.000000 1.000000
2451545.216741  1.0392929164e+00  1.000000 0.000000 0.000000  -0.000000 0.000000 1.000000
2451545.217408  1.0010401641e+00  1.000000 0.000000 0.000000  -0.000000 0.000000 1.000000
2451545.218075  9.4330587541e-01  1.000000 0.000000 0.000000  -0.000000 0.000000 1.000000
2451545.218742  9.0840280804e-01  1.000000 0.000000 0.000000  -0.000000 0.000000 1.000000
2451545.219409  8.8142865029e-01  1.000000 0.000000 0.000000  -0.000000 0.000000 1.000000
2451545.220076  8.4303167049e-01  1.000000 0.000000 0.000000  -0.000000 0.000000 1.000000
2451545.220743  8.2284702471e-01  1.000000 0.000000 0.000000  -0.000000 0.000000 1.000000
2451545.221409  7.9800382903e-01  1.000000 0.000000 0.000000  -0.000000 0.000000 1.000000
2451545.222076  7.6324498920e-01  1.000000 0.000000 0.000000  -0.000000 0.000000 1.000000
2451545.222743  7.4192815715e-01  1.000000 0.000000 0.000000  -0.000000 0.000000 1.000000
2451545.223410  7.1880487501e-01  1.000000 0.000000 0.000000  -0.000000 0.000000 1.000000
2451545.224077  6.8811685782e-01  1.000000 0.000000 0.000000  -0.000000 0.000000 1.000000
2451545.224744  6.6420753553e-01  1.000000 0.000000 0.000000  -0.000000 0.000000 1.000000
2451545.225411  6.4222004536e-01  1.000000 0.000000 0.000000  -0.000000 0.000000 1.000000
2451545.226078  6.0358869579e-01  1.000000 0.000000 0.000000  -0.000000 0.000000 1.000000
2451545.226745  5.7988489776e-01  1.000000 0.000000 0.000000  -0.000000 0.000000 1.000000
2451545.227411  5.5774957435e-01  1.000000 0.000000 0.000000  -0.000000 0.000000 1.000000
2451545.228078  5.2440777022e-01  1.000000 0.000000 0.000000  -0.000000 0.000000 1.000000
2451545.228745  5.0166308541e-01  1.000000 0.000000 0.000000  -0.000000 0.000000 1.000000
2451545.229412  4.8113589919e-01  1.000000 0.000000 0.000000  -0.000000 0.000000 1.000000
2451545.230079  4.4735780672e-01  1.000000 0.000000 0.000000  -0.000000 0.000000 1.000000
2451545.230746  4.2870918436e-01  1.000000 0.000000 0.000000  -0.000000 0.000000 1.000000
2451545.231413  4.1013988715e-01  1.000000 0.000000 0.000000  -0.000000 0.000000 1.000000
2451545.232080  3.8052636521e-01  1.000000 0.000000 0.000000  -0.000000 0.000000 1.000000
2451545.232747  3.6383923755e-01  1.000000 0.000000 0.000000  -0.000000 0.000000 1.000000
2451545.233414  3.4536729394e-01  1.000000 0.000000 0.000000  -0.000000 0.000000 1.000000
2451545.234080  3.2527639606e-01  1.000000 0.000000 0.000000  -0.000000 0.000000 1.000000
2451545.234747  3.2949505194e-01  1.000000 0.000000 0.000000  -0.000000 0.000000 1.000000
2451545.235414  3.3485310546e-01  1.000000 0.000000 0.000000  -0.000000 0.000000 1.000000
2451545.236081  3.4874582432e-01  1.000000 0.000000 0.000000  -0.000000 0.000000 1.000000
2451545.236748  4.0694164120e-01  1.000000 0.000000 0.000000  -0.000000 0.000000 1.000000
2451545.237415  5.1934177749e-01  1.000000 0.000000 0.000000  -0.000000 0.000000 1.000000
2451545.238082  6.2251495619e-01  1.000000 0.000000 0.000000  -0.000000 0.000000 1.000000
2451545.238749  6.6576879877e-01  1.000000 0.000000 0.000000  -0.000000 0.000000 1.000000
2451545.239416  7.0305522643e-01  1.000000 0.000000 0.000000  -0.000000 0.000000 1.000000
360  1
2451545.000000  6.3255812972e-01  1.000000 0.000000 0.000000  -0.000000 0.000000 -1.000000
2451545.000667  6.3915728693e-01  1.000000 0.000000 0.000000  -0.000000 0.000000 -1.000000
2451545.001334  6.3812574447e-01  1.000000 0.000000 0.000000  -0.000000 0.000000 -1.000000
2451545.002001  6.3869852199e-01  1.000000 0.000000 0.000000  -0.000000 0.000000 -1.000000
2451545.002668  6.3815289032e-01  1.000000 0.000000 0.000000  -0.000000 0.000000 -1.000000
2451545.003334  6.3893469093e-01  1.000000 0.000000 0.000000  -0.000000 0.000000 -1.000000
2451545.004001  6.3972192071e-01  1.000000 0.000000 0.000000  -0.000000 0.000000 -1.000000
2451545.004668  6.4588945884e-01  1.000000 0.000000 0.000000  -0.000000 0.000000 -1.000000
2451545.005335  6.5026537058e-01  1.000000 0.000000 0.000000  -0.000000 0.000000 -1.000000
2451545.006002  6.5239903474e-01  1.000000 0.000000 0.000000  -0.000000 0.000000 -1.000000
2451545.006669  6.5449740929e-01  1.000000 0.000000 0.000000  -0.000000 0.000000 -1.000000
2451545.007336  6.5752688665e-01  1.000000 0.000000 0.000000  -0.000000 0.000000 -1.000000
2451545.008003  6.6610769124e-01  1.000000 0.000000 0.000000  -0.000000 0.000000 -1.000000
2451545.008670  6.7043474044e-01  1.000000 0.000000 0.000000  -0.000000 0.000000 -1.000000
2451545.009337  6.7870336771e-01  1.000000 0.000000 0.000000  -0.000000 0.000000 -1.000000
2451545.010003  6.9792534725e-01  1.000000 0.000000 0.000000  -0.000000 0.000000 -1.000000
2451545.010670  7.1178330595e-01  1.000000 0.000000 0.000000  -0.000000 0.000000 -1.000000
2451545.011337  7.2644478194e-01  1.000000 0.000000 0.000000  -0.000000 0.000000 -1.000000
2451545.012004  7.4731722943e-01  1.000000 0.000000 0.000000  -0.000000 0.000000 -1.000000
2451545.012671  7.6037438542e-01  1.000000 0.000000 0.000000  -0.000000 0.000000 -1.000000
2451545.013338  7.7414004822e-01  1.000000 0.000000 0.000000  -0.000000 0.000000 -1.000000
2451545.014005  7.9101119676e-01  1.000000 0.000000 0.000000  -0.000000 0.000000 -1.000000
2451545.014672  8.1149545854e-01  1.000000 0.000000 0.000000  -0.000000 0.000000 -1.000000
2451545.015339  8.2943343916e-01  1.000000 0.000000 0.000000  -0.000000 0.000000 -1.000000
2451545.016006  8.7089601726e-01  1.000000 0.000000 0.000000  -0.000000 0.000000 -1.000000
2451545.016672  8.7763361834e-01  1.000000 0.000000 0.000000  -0.000000 0.000000 -1.000000
2451545.017339  8.9344064939e-01  1.000000 0.000000 0.000000  -0.000000 0.000000 -1.000000
2451545.018006  9.2722095067e-01  1.000000 0.000000 0.000000  -0.000000 0.000000 -1.000000
2451545.018673  9.6646299787e-01  1.000000 0.000000 0.000000  -0.000000 0.000000 -1.000000
2451545.019340  9.9191766560e-01  1.000000 0.000000 0.000000  -0.000000 0.000000 -1.000000
2451545.020007  1.0710478313e+00  1.000000 0.000000 0.000000  -0.000000 0.000000 -1.000000
2451545.020674  1.1041712029e+00  1.000000 0.000000 0.000000  -0.000000 0.000000 -1.000000
2451545.021341  1.1498793927e+00  1.000000 0.000000 0.000000  -0.000000 0.000000 -1.000000
2451545.022008  1.2058487154e+00  1.000000 0.000000 0.000000  -0.000000 0.000000 -1.000000
2451545.022674  1.2308853370e+00  1.000000 0.000000 0.000000  -0.000000 0.000000 -1.000000
2451545.023341  1.2405845508e+00  1.000000 0.000000 0.000000  -0.000000 0.000000 -1.000000
2451545.024008  1.2725189339e+00  1.000000 0.000000 0.000000  -0.000000 0.000000 -1.000000
2451545.024675  1.2704857094e+00  1.000000 0.000000 0.000000  -0.000000 0.000000 -1.000000
2451545.025342  1.2710802037e+00  1.000000 0.000000 0.000000  -0.000000 0.000000 -1.000000
2451545.026009  1.2709716202e+00  1.000000 0.000000 0.000000  -0.000000 0.000000 -1.000000
2451545.026676  1.2775870650e+00  1.000000 0.000000 0.000000  -0.000000 0.000000 -1.000000
2451545.027343  1.2877070395e+00  1.000000 0.000000 0.000000  -0.000000 0.000000 -1.000000
2451545.028010  1.2804210922e+00  1.000000 0.000000 0.000000  -0.000000 0.000000 -1.000000
2451545.028677  1.2838523282e+00  1.000000 0.000000 0.000000  -0.000000 0.000000 -1.000000
2451545.029343  1.2717018437e+00  1.000000 0.000000 0.000000  -0.000000 0.000000 -1.000000
2451545.030010  1.2719380127e+00  1.000000 0.000000 0.000000  -0.000000 0.000000 -1.000000
2451545.030677  1.2745413001e+00  1.000000 0.000000 0.000000  -0.000000 0.000000 -1.000000
2451545.031344  1.2708576077e+00  1.000000 0.000000 0.000000  -0.000000 0.000000 -1.000000
2451545.032011  1.2694215919e+00  1.000000 0.000000 0.000000  -0.000000 0.000000 -1.000000
2451545.032678  1.2708657514e+00  1.000000 0.000000 0.000000  -0.000000 0.000000 -1.000000
2451545.033345  1.2647335029e+00  1.000000 0.000000 0.000000  -0.000000 0.000000 -1.000000
2451545.034012  1.2672852132e+00  1.000000 0.000000 0.000000  -0.000000 0.000000 -1.000000
2451545.034679  1.2588998588e+00  1.000000 0.000000 0.000000  -0.000000 0.000000 -1.000000
2451545.035345  1.2634522186e+00  1.000000 0.000000 0.000000  -0.000000 0.000000 -1.000000
2451545.036012  1.2663052479e+00  1.000000 0.000000 0.000000  -0.000000 0.000000 -1.000000
2451545.036679  1.2726058007e+00  1.000000 0.000000 0.000000  -0.000000 0.000000 -1.000000
2451545.037346  1.2866564949e+00  1.000000 0.000000 0.000000  -0.000000 0.000000 -1.000000
2451545.038013  1.2945885136e+00  1.000000 0.000000 0.000000  -0.000000 0.000000 -1.000000
2451545.038680  1.2994286195e+00  1.000000 0.000000 0.000000  -0.000000 0.000000 -1.000000
2451545.039347  1.3084899057e+00  1.000000 0.000000 0.000000  -0.000000 0.000000 -1.000000
2451545.040014  1.3110144701e+00  1.000000 0.000000 0.000000  -0.000000 0.000000 -1.000000
2451545.040681  1.3186696011e+00  1.000000 0.000000 0.000000  -0.000000 0.000000 -1.000000
2451545.041348  1.3297532535e+00  1.000000 0.000000 0.000000  -0.000000 0.000000 -1.000000
2451545.042014  1.3356140435e+00  1.000000 0.000000 0.000000  -0.000000 0.000000 -1.000000
2451545.042681  1.3390832837e+00  1.000000 0.000000 0.000000  -0.000000 0.000000 -1.000000
2451545.043348  1.3417110024e+00  1.000000 0.000000 0.000000  -0.000000 0.000000 -1.000000
2451545.044015  1.3636258507e+00  1.000000 0.000000 0.000000  -0.000000 0.000000 -1.000000
2451545.044682  1.4018879325e+00  1.000000 0.000000 0.000000  -0.000000 0.000000 -1.000000
2451545.045349  1.4349787291e+00  1.000000 0.000000 0.000000  -0.000000 0.000000 -1.000000
2451545.046016  1.4528434159e+00  1.000000 0.000000 0.000000  -0.000000 0.000000 -1.000000
2451545.046683  1.4713378866e+00  1.000000 0.000000 0.000000  -0.000000 0.000000 -1.000000
2451545.047350  1.4847425095e+00  1.000000 0.000000 0.000000  -0.000000 0.000000 -1.000000
2451545.048017  1.4955438450e+00  1.000000 0.000000 0.000000  -0.000000 0.000000 -1.000000
2451545.048683  1.5033211323e+00  1.000000 0.000000 0.000000  -0.000000 0.000000 -1.000000
2451545.049350  1.5129986294e+00  1.000000 0.000000 0.000000  -0.000000 0.000000 -1.000000
2451545.050017  1.5087883074e+00  1.000000 0.000000 0.000000  -0.000000 0.000000 -1.000000
2451545.050684  1.5051453337e+00  1.000000 0.000000 0.000000  -0.000000 0.000000 -1.000000
2451545.051351  1.4990836644e+00  1.000000 0.000000 0.000000  -0.000000 0.000000 -1.000000
2451545.052018  1.4993334063e+00  1.000000 0.000000 0.000000  -0.000000 0.000000 -1.000000
2451545.052685  1.4985244598e+00  1.000000 0.000000 0.000000  -0.000000 0.000000 -1.000000
2451545.053352  1.5042088017e+00  1.000000 0.000000 0.000000  -0.000000 0.000000 -1.000000
2451545.054019  1.5235176480e+00  1.000000 0.000000 0.000000  -0.000000 0.000000 -1.000000
2451545.054685  1.5288382355e+00  1.000000 0.000000 0.000000  -0.000000 0.000000 -1.000000
2451545.055352  1.5427749172e+00  1.000000 0.000000 0.000000  -0.000000 0.000000 -1.000000
2451545.056019  1.5481959443e+00  1.000000 0.000000 0.000000  -0.000000 0.000000 -1.000000
2451545.056686  1.5429785111e+00  1.000000 0.000000 0.000000  -0.000000 0.000000 -1.000000
2451545.057353  1.5379293821e+00  1.000000 0.000000 0.000000  -0.000000 0.000000 -1.000000
2451545.058020  1.5294273005e+00  1.000000 0.000000 0.000000  -0.000000 0.000000 -1.000000
2451545.058687  1.5145405139e+00  1.000000 0.000000 0.000000  -0.000000 0.000000 -1.000000
2451545.059354  1.4926310948e+00  1.000000 0.000000 0.000000  -0.000000 0.000000 -1.000000
2451545.060021  1.4898024968e+00  1.000000 0.000000 0.000000  -0.000000 0.000000 -1.000000
2451545.060688  1.4787134152e+00  1.000000 0.000000 0.000000  -0.000000 0.000000 -1.000000
2451545.061354  1.4569560129e+00  1.000000 0.000000 0.000000  -0.000000 0.000000 -1.000000
2451545.062021  1.4486466668e+00  1.000000 0.000000 0.000000  -0.000000 0.000000 -1.000000
2451545.062688  1.4334477029e+00  1.000000 0.000000 0.000000  -0.000000 0.000000 -1.000000
2451545.063355  1.4185419142e+00  1.000000 0.000000 0.000000  -0.000000 0.000000 -1.000000
2451545.064022  1.4009432568e+00  1.000000 0.000000 0.000000  -0.000000 0.000000 -1.000000
2451545.064689  1.3917706726e+00  1.000000 0.000000 0.000000  -0.000000 0.000000 -1.000000
2451545.065356  1.3604552149e+00  1.000000 0.000000 0.000000  -0.000000 0.000000 -1.000000
2451545.066023  1.3513613536e+00  1.000000 0.000000 0.000000  -0.000000 0.000000 -1.000000
2451545.066690  1.3414829772e+00  1.000000 0.000000 0.000000  -0.000000 0.000000 -1.000000
2451545.067356  1.3233794069e+00  1.000000 0.000000 0.000000  -0.000000 0.000000 -1.000000
2451545.068023  1.3096083149e+00  1.000000 0.000000 0.000000  -0.000000 0.000000 -1.000000
2451545.068690  1.2891349115e+00  1.000000 0.000000 0.000000  -0.000000 0.000000 -1.000000
2451545.069357  1.2769247061e+00  1.000000 0.000000 0.000000  -0.000000 0.000000 -1.000000
2451545.070024  1.2600861326e+00  1.000000 0.000000 0.000000  -0.000000 0.000000 -1.000000
2451545.070691  1.2307170327e+00  1.000000 0.000000 0.000000  -0.000000 0.000000 -1.000000
2451545.071358  1.2151434560e+00  1.000000 0.000000 0.000000  -0.000000 0.000000 -1.000000
2451545.072025  1.1958563264e+00  1.000000 0.000000 0.000000  -0.000000 0.000000 -1.000000
2451545.072692  1.1706948339e+00  1.000000 0.000000 0.000000  -0.000000 0.000000 -1.000000
2451545.073359  1.1555664492e+00  1.000000 0.000000 0.000000  -0.000000 0.000000 -1.000000
2451545.074025  1.1369932556e+00  1.000000 0.000000 0.000000  -0.000000 0.000000 -1.000000
2451545.074692  1.1135500957e+00  1.000000 0.000000 0.000000  -0.000000 0.000000 -1.000000
2451545.075359  1.1006340981e+00  1.000000 0.000000 0.000000  -0.000000 0.000000 -1.000000
2451545.076026  1.0879135507e+00  1.000000 0.000000 0.000000  -0.000000 0.000000 -1.000000
2451545.076693  1.0685286960e+00  1.000000 0.000000 0.000000  -0.000000 0.000000 -1.000000
2451545.077360  1.0562289094e+00  1.000000 0.000000 0.000000  -0.000000 0.000000 -1.000000
2451545.078027  1.0449118027e+00  1.000000 0.000000 0.000000  -0.000000 0.000000 -1.000000
2451545.078694  1.0297426992e+00  1.000000 0.000000 0.000000  -0.000000 0.000000 -1.000000
2451545.079361  1.0182274277e+00  1.000000 0.000000 0.000000  -0.000000 0.000000 -1.000000
2451545.080028  1.0018557629e+00  1.000000 0.000000 0.000000  -0.000000 0.000000 -1.000000
2451545.080694  9.8462357450e-01  1.000000 0.000000 0.000000  -0.000000 0.000000 -1.000000
2451545.081361  9.7003810691e-01  1.000000 0.000000 0.000000  -0.000000 0.000000 -1.000000
2451545.082028  9.5621000864e-01  1.000000 0.000000 0.000000  -0.000000 0.000000 -1.000000
2451545.082695  9.2972651304e-01  1.000000 0.000000 0.000000  -0.000000 0.000000 -1.000000
2451545.083362  9.1113431732e-01  1.000000 0.000000 0.000000  -0.000000 0.000000 -1.000000
2451545.084029  8.9264799044e-01  1.000000 0.000000 0.000000  -0.000000 0.000000 -1.000000
2451545.084696  8.6626221990e-01  1.000000 0.000000 0.000000  -0.000000 0.000000 -1.000000
2451545.085363  8.4763201999e-01  1.000000 0.000000 0.000000  -0.000000 0.000000 -1.000000
2451545.086030  8.2734592295e-01  1.000000 0.000000 0.000000  -0.000000 0.000000 -1.000000
2451545.086696  7.9996118498e-01  1.000000 0.000000 0.000000  -0.000000 0.000000 -1.000000
2451545.087363  7.8488166283e-01  1.000000 0.000000 0.000000  -0.000000 0.000000 -1.000000
2451545.088030  7.6508962034e-01  1.000000 0.000000 0.000000  -0.000000 0.000000 -1.000000
2451545.088697  7.4058777211e-01  1.000000 0.000000 0.000000  -0.000000 0.000000 -1.000000
2451545.089364  7.2240004963e-01  1.000000 0.000000 0.000000  -0.000000 0.000000 -1.000000
2451545.090031  7.0591980139e-01  1.000000 0.000000 0.000000  -0.000000 0.000000 -1.000000
2451545.090698  6.9953781100e-01  1.000000 0.000000 0.000000  -0.000000 0.000000 -1.000000
2451545.091365  7.0236912362e-01  1.000000 0.000000 0.000000  -0.000000 0.000000 -1.000000
2451545.092032  7.0909315177e-01  1.000000 0.000000 0.000000  -0.000000 0.000000 -1.000000
2451545.092699  6.8532152702e-01  1.000000 0.000000 0.000000  -0.000000 0.000000 -1.000000
2451545.093365  5.4443454239e-01  1.000000 0.000000 0.000000  -0.000000 0.000000 -1.000000
2451545.094032  5.4386990862e-01  1.000000 0.000000 0.000000  -0.000000 0.000000 -1.000000
2451545.094699  5.4495031363e-01  1.000000 0.000000 0.000000  -0.000000 0.000000 -1.000000
2451545.095366  5.3920625083e-01  1.000000 0.000000 0.000000  -0.000000 0.000000 -1.000000
2451545.096033  5.3247950809e-01  1.000000 0.000000 0.000000  -0.000000 0.000000 -1.000000
2451545.096700  5.1590424936e-01  1.000000 0.000000 0.000000  -0.000000 0.000000 -1.000000
2451545.097367  4.9803141879e-01  1.000000 0.000000 0.000000  -0.000000 0.000000 -1.000000
2451545.098034  4.7851626402e-01  1.000000 0.000000 0.000000  -0.000000 0.000000 -1.000000
2451545.098701  4.5806186268e-01  1.000000 0.000000 0.000000  -0.000000 0.000000 -1.000000
2451545.099367  4.4558834256e-01  1.000000 0.000000 0.000000  -0.000000 0.000000 -1.000000
2451545.100034  4.4121785999e-01  1.000000 0.000000 0.000000  -0.000000 0.000000 -1.000000
2451545.100701  4.4153275191e-01  1.000000 0.000000 0.000000  -0.000000 0.000000 -1.000000
2451545.101368  4.4290904673e-01  1.000000 0.000000 0.000000  -0.000000 0.000000 -1.000000
2451545.102035  4.4865310953e-01  1.000000 0.000000 0.000000  -0.000000 0.000000 -1.000000
2451545.102702  4.5275213355e-01  1.000000 0.000000 0.000000  -0.000000 0.000000 -1.000000
2451545.103369  4.5682401172e-01  1.000000 0.000000 0.000000  -0.000000 0.000000 -1.000000
2451545.104036  4.6677839655e-01  1.000000 0.000000 0.000000  -0.000000 0.000000 -1.000000
2451545.104703  4.6904507540e-01  1.000000 0.000000 0.000000  -0.000000 0.000000 -1.000000
2451545.105370  4.7863570578e-01  1.000000 0.000000 0.000000  -0.000000 0.000000 -1.000000
2451545.106036  4.8510999206e-01  1.000000 0.000000 0.000000  -0.000000 0.000000 -1.000000
2451545.106703  4.9009668553e-01  1.000000 0.000000 0.000000  -0.000000 0.000000 -1.000000
2451545.107370  4.9877792978e-01  1.000000 0.000000 0.000000  -0.000000 0.000000 -1.000000
2451545.108037  5.1048050764e-01  1.000000 0.000000 0.000000  -0.000000 0.000000 -1.000000
2451545.108704  5.1492971319e-01  1.000000 0.000000 0.000000  -0.000000 0.000000 -1.000000
2451545.109371  5.2564146735e-01  1.000000 0.000000 0.000000  -0.000000 0.000000 -1.000000
2451545.110038  5.3749606200e-01  1.000000 0.000000 0.000000  -0.000000 0.000000 -1.000000
2451545.110705  5.5112871010e-01  1.000000 0.000000 0.000000  -0.000000 0.000000 -1.000000
2451545.111372  5.8651061680e-01  1.000000 0.000000 0.000000  -0.000000 0.000000 -1.000000
2451545.112039  6.4576458791e-01  1.000000 0.000000 0.000000  -0.000000 0.000000 -1.000000
2451545.112705  6.6045320976e-01  1.000000 0.000000 0.000000  -0.000000 0.000000 -1.000000
2451545.113372  6.7364880961e-01  1.000000 0.000000 0.000000  -0.000000 0.000000 -1.000000
2451545.114039  6.9939665256e-01  1.000000 0.000000 0.000000  -0.000000 0.000000 -1.000000
2451545.114706  7.1266826080e-01  1.000000 0.000000 0.000000  -0.000000 0.000000 -1.000000
2451545.115373  7.3183323405e-01  1.000000 0.000000 0.000000  -0.000000 0.000000 -1.000000
2451545.116040  7.6838512707e-01  1.000000 0.000000 0.000000  -0.000000 0.000000 -1.000000
2451545.116707  8.0719012602e-01  1.000000 0.000000 0.000000  -0.000000 0.000000 -1.000000
2451545.117374  8.4268604531e-01  1.000000 0.000000 0.000000  -0.000000 0.000000 -1.000000
2451545.118041  9.1613186913e-01  1.000000 0.000000 0.000000  -0.000000 0.000000 -1.000000
2451545.118707  9.5664434232e-01  1.000000 0.000000 0.000000  -0.000000 0.000000 -1.000000
2451545.119374  1.0079798677e+00  1.000000 0.000000 0.000000  -0.000000 0.000000 -1.000000
2451545.120041  1.1432422313e+00  1.000000 0.000000 0.000000  -0.000000 0.000000 -1.000000
2451545.120708  1.2620107737e+00  1.000000 0.000000 0.000000  -0.000000 0.000000 -1.000000
2451545.121375  1.3393411693e+00  1.000000 0.000000 0.000000  -0.000000 0.000000 -1.000000
2451545.122042  1.3999605769e+00  1.000000 0.000000 0.000000  -0.000000 0.000000 -1.000000
2451545.122709  1.4135443624e+00  1.000000 0.000000 0.000000  -0.000000 0.000000 -1.000000
2451545.123376  1.4236724807e+00  1.000000 0.000000 0.000000  -0.000000 0.000000 -1.000000
2451545.124043  1.4201842384e+00  1.000000 0.000000 0.000000  -0.000000 0.000000 -1.000000
2451545.124710  1.4180831493e+00  1.000000 0.000000 0.000000  -0.000000 0.000000 -1.000000
2451545.125376  1.4144917528e+00  1.000000 0.000000 0.000000  -0.000000 0.000000 -1.000000
2451545.126043  1.3993443660e+00  1.000000 0.000000 0.000000  -0.000000 0.000000 -1.000000
2451545.126710  1.3906929821e+00  1.000000 0.000000 0.000000  -0.000000 0.000000 -1.000000
2451545.127377  1.3830351366e+00  1.000000 0.000000 0.000000  -0.000000 0.000000 -1.000000
2451545.128044  1.3876255006e+00  1.000000 0.000000 0.000000  -0.000000 0.000000 -1.000000
2451545.128711  1.3955330880e+00  1.000000 0.000000 0.000000  -0.000000 0.000000 -1.000000
2451545.129378  1.3971672684e+00  1.000000 0.000000 0.000000  -0.000000 0.000000 -1.000000
2451545.130045  1.3975093062e+00  1.000000 0.000000 0.000000  -0.000000 0.000000 -1.000000
2451545.130712  1.3949250209e+00  1.000000 0.000000 0.000000  -0.000000 0.000000 -1.000000
2451545.131378  1.3982313859e+00  1.000000 0.000000 0.000000  -0.000000 0.000000 -1.000000
2451545.132045  1.3904785299e+00  1.000000 0.000000 0.000000  -0.000000 0.000000 -1.000000
2451545.132712  1.3938391867e+00  1.000000 0.000000 0.000000  -0.000000 0.000000 -1.000000
2451545.133379  1.3913743431e+00  1.000000 0.000000 0.000000  -0.000000 0.000000 -1.000000
2451545.134046  1.3838902310e+00  1.000000 0.000000 0.000000  -0.000000 0.000000 -1.000000
2451545.134713  1.3881738469e+00  1.000000 0.000000 0.000000  -0.000000 0.000000 -1.000000
2451545.135380  1.3879539654e+00  1.000000 0.000000 0.000000  -0.000000 0.000000 -1.000000
2451545.136047  1.3828261135e+00  1.000000 0.000000 0.000000  -0.000000 0.000000 -1.000000
2451545.136714  1.3772313529e+00  1.000000 0.000000 0.000000  -0.000000 0.000000 -1.000000
2451545.137381  1.3788628188e+00  1.000000 0.000000 0.000000  -0.000000 0.000000 -1.000000
2451545.138047  1.3781353099e+00  1.000000 0.000000 0.000000  -0.000000 0.000000 -1.000000
2451545.138714  1.3809041870e+00  1.000000 0.000000 0.000000  -0.000000 0.000000 -1.000000
2451545.139381  1.3921887187e+00  1.000000 0.000000 0.000000  -0.000000 0.000000 -1.000000
2451545.140048  1.4107700561e+00  1.000000 0.000000 0.000000  -0.000000 0.000000 -1.000000
2451545.140715  1.4271715814e+00  1.000000 0.000000 0.000000  -0.000000 0.000000 -1.000000
2451545.141382  1.4543853005e+00  1.000000 0.000000 0.000000  -0.000000 0.000000 -1.000000
2451545.142049  1.4596353087e+00  1.000000 0.000000 0.000000  -0.000000 0.000000 -1.000000
2451545.142716  1.4581314284e+00  1.000000 0.000000 0.000000  -0.000000 0.000000 -1.000000
2451545.143383  1.4461736795e+00  1.000000 0.000000 0.000000  -0.000000 0.000000 -1.000000
2451545.144050  1.4310941573e+00  1.000000 0.000000 0.000000  -0.000000 0.000000 -1.000000
2451545.144716  1.4122169301e+00  1.000000 0.000000 0.000000  -0.000000 0.000000 -1.000000
2451545.145383  1.3877123673e+00  1.000000 0.000000 0.000000  -0.000000 0.000000 -1.000000
2451545.146050  1.3641524802e+00  1.000000 0.000000 0.000000  -0.000000 0.000000 -1.000000
2451545.146717  1.3438962437e+00  1.000000 0.000000 0.000000  -0.000000 0.000000 -1.000000
2451545.147384  1.3136340451e+00  1.000000 0.000000 0.000000  -0.000000 0.000000 -1.000000
2451545.148051  1.2981771956e+00  1.000000 0.000000 0.000000  -0.000000 0.000000 -1.000000
2451545.148718  1.2783417197e+00  1.000000 0.000000 0.000000  -0.000000 0.000000 -1.000000
2451545.149385  1.2495589702e+00  1.000000 0.000000 0.000000  -0.000000 0.000000 -1.000000
2451545.150052  1.2269817631e+00  1.000000 0.000000 0.000000  -0.000000 0.000000 -1.000000
2451545.150718  1.2146765473e+00  1.000000 0.000000 0.000000  -0.000000 0.000000 -1.000000
2451545.151385  1.1818924988e+00  1.000000 0.000000 0.000000  -0.000000 0.000000 -1.000000
2451545.152052  1.1565979917e+00  1.000000 0.000000 0.000000  -0.000000 0.000000 -1.000000
2451545.152719  1.1355708128e+00  1.000000 0.000000 0.000000  -0.000000 0.000000 -1.000000
2451545.153386  1.1159769350e+00  1.000000 0.000000 0.000000  -0.000000 0.000000 -1.000000
2451545.154053  1.0979765190e+00  1.000000 0.000000 0.000000  -0.000000 0.000000 -1.000000
2451545.154720  1.0847537733e+00  1.000000 0.000000 0.000000  -0.000000 0.000000 -1.000000
2451545.155387  1.0623855892e+00  1.000000 0.000000 0.000000  -0.000000 0.000000 -1.000000
2451545.156054  1.0529931235e+00  1.000000 0.000000 0.000000  -0.000000 0.000000 -1.000000
2451545.156721  1.0452728425e+00  1.000000 0.000000 0.000000  -0.000000 0.000000 -1.000000
2451545.157387  1.0475585235e+00  1.000000 0.000000 0.000000  -0.000000 0.000000 -1.000000
2451545.158054  1.0426804134e+00  1.000000 0.000000 0.000000  -0.000000 0.000000 -1.000000
2451545.158721  1.0404653117e+00  1.000000 0.000000 0.000000  -0.000000 0.000000 -1.000000
2451545.159388  1.0379326035e+00  1.000000 0.000000 0.000000  -0.000000 0.000000 -1.000000
2451545.160055  1.0288686027e+00  1.000000 0.000000 0.000000  -0.000000 0.000000 -1.000000
2451545.160722  1.0269629637e+00  1.000000 0.000000 0.000000  -0.000000 0.000000 -1.000000
2451545.161389  1.0189060741e+00  1.000000 0.000000 0.000000  -0.000000 0.000000 -1.000000
2451545.162056  1.0135067636e+00  1.000000 0.000000 0.000000  -0.000000 0.000000 -1.000000
2451545.162723  9.9842181232e-01  1.000000 0.000000 0.000000  -0.000000 0.000000 -1.000000
2451545.163389  9.8444712645e-01  1.000000 0.000000 0.000000  -0.000000 0.000000 -1.000000
2451545.164056  9.7961787894e-01  1.000000 0.000000 0.000000  -0.000000 0.000000 -1.000000
2451545.164723  9.6707106501e-01  1.000000 0.000000 0.000000  -0.000000 0.000000 -1.000000
2451545.165390  9.5458397196e-01  1.000000 0.000000 0.000000  -0.000000 0.000000 -1.000000
2451545.166057  9.4498791241e-01  1.000000 0.000000 0.000000  -0.000000 0.000000 -1.000000
2451545.166724  9.3487879621e-01  1.000000 0.000000 0.000000  -0.000000 0.000000 -1.000000
2451545.167391  9.1441896571e-01  1.000000 0.000000 0.000000  -0.000000 0.000000 -1.000000
2451545.168058  9.0451615800e-01  1.000000 0.000000 0.000000  -0.000000 0.000000 -1.000000
2451545.168725  8.9182275646e-01  1.000000 0.000000 0.000000  -0.000000 0.000000 -1.000000
2451545.169392  8.7203342856e-01  1.000000 0.000000 0.000000  -0.000000 0.000000 -1.000000
2451545.170058  8.5533329890e-01  1.000000 0.000000 0.000000  -0.000000 0.000000 -1.000000
2451545.170725  8.4286792253e-01  1.000000 0.000000 0.000000  -0.000000 0.000000 -1.000000
2451545.171392  8.2051331139e-01  1.000000 0.000000 0.000000  -0.000000 0.000000 -1.000000
2451545.172059  8.0999700737e-01  1.000000 0.000000 0.000000  -0.000000 0.000000 -1.000000
2451545.172726  7.8612765755e-01  1.000000 0.000000 0.000000  -0.000000 0.000000 -1.000000
2451545.173393  7.6723414285e-01  1.000000 0.000000 0.000000  -0.000000 0.000000 -1.000000
2451545.174060  7.5580302353e-01  1.000000 0.000000 0.000000  -0.000000 0.000000 -1.000000
2451545.174727  7.2671081131e-01  1.000000 0.000000 0.000000  -0.000000 0.000000 -1.000000
2451545.175394  7.1242394811e-01  1.000000 0.000000 0.000000  -0.000000 0.000000 -1.000000
2451545.176061  6.9125832539e-01  1.000000 0.000000 0.000000  -0.000000 0.000000 -1.000000
2451545.176727  6.6461738383e-01  1.000000 0.000000 0.000000  -0.000000 0.000000 -1.000000
2451545.177394  6.5034409356e-01  1.000000 0.000000 0.000000  -0.000000 0.000000 -1.000000
2451545.178061  6.3258799016e-01  1.000000 0.000000 0.000000  -0.000000 0.000000 -1.000000
2451545.178728  6.0835760047e-01  1.000000 0.000000 0.000000  -0.000000 0.000000 -1.000000
2451545.179395  5.9758069625e-01  1.000000 0.000000 0.000000  -0.000000 0.000000 -1.000000
2451545.180062  5.9574563649e-01  1.000000 0.000000 0.000000  -0.000000 0.000000 -1.000000
2451545.180729  5.9429604786e-01  1.000000 0.000000 0.000000  -0.000000 0.000000 -1.000000
2451545.181396  5.9617725557e-01  1.000000 0.000000 0.000000  -0.000000 0.000000 -1.000000
2451545.182063  6.0010526071e-01  1.000000 0.000000 0.000000  -0.000000 0.000000 -1.000000
2451545.182729  6.0361250511e-01  1.000000 0.000000 0.000000  -0.000000 0.000000 -1.000000
2451545.183396  6.0148698471e-01  1.000000 0.000000 0.000000  -0.000000 0.000000 -1.000000
2451545.184063  6.0071332785e-01  1.000000 0.000000 0.000000  -0.000000 0.000000 -1.000000
2451545.184730  6.0020841496e-01  1.000000 0.000000 0.000000  -0.000000 0.000000 -1.000000
2451545.185397  5.9979308339e-01  1.000000 0.000000 0.000000  -0.000000 0.000000 -1.000000
2451545.186064  6.0341705496e-01  1.000000 0.000000 0.000000  -0.000000 0.000000 -1.000000
2451545.186731  6.0893852175e-01  1.000000 0.000000 0.000000  -0.000000 0.000000 -1.000000
2451545.187398  6.1015737062e-01  1.000000 0.000000 0.000000  -0.000000 0.000000 -1.000000
2451545.188065  6.1694654882e-01  1.000000 0.000000 0.000000  -0.000000 0.000000 -1.000000
2451545.188732  6.7285072149e-01  1.000000 0.000000 0.000000  -0.000000 0.000000 -1.000000
2451545.189398  7.2144451555e-01  1.000000 0.000000 0.000000  -0.000000 0.000000 -1.000000
2451545.190065  7.5650610116e-01  1.000000 0.000000 0.000000  -0.000000 0.000000 -1.000000
2451545.190732  8.0531706206e-01  1.000000 0.000000 0.000000  -0.000000 0.000000 -1.000000
2451545.191399  8.2511996289e-01  1.000000 0.000000 0.000000  -0.000000 0.000000 -1.000000
2451545.192066  8.4818851001e-01  1.000000 0.000000 0.000000  -0.000000 0.000000 -1.000000
2451545.192733  8.7652063830e-01  1.000000 0.000000 0.000000  -0.000000 0.000000 -1.000000
2451545.193400  8.8882042496e-01  1.000000 0.000000 0.000000  -0.000000 0.000000 -1.000000
2451545.194067  9.0123693879e-01  1.000000 0.000000 0.000000  -0.000000 0.000000 -1.000000
2451545.194734  9.1371860266e-01  1.000000 0.000000 0.000000  -0.000000 0.000000 -1.000000
2451545.195400  9.2116199596e-01  1.000000 0.000000 0.000000  -0.000000 0.000000 -1.000000
2451545.196067  9.3532398823e-01  1.000000 0.000000 0.000000  -0.000000 0.000000 -1.000000
2451545.196734  9.5132104026e-01  1.000000 0.000000 0.000000  -0.000000 0.000000 -1.000000
2451545.197401  9.5543635179e-01  1.000000 0.000000 0.000000  -0.000000 0.000000 -1.000000
2451545.198068  9.6446506299e-01  1.000000 0.000000 0.000000  -0.000000 0.000000 -1.000000
2451545.198735  9.6898484775e-01  1.000000 0.000000 0.000000  -0.000000 0.000000 -1.000000
2451545.199402  9.8288623982e-01  1.000000 0.000000 0.000000  -0.000000 0.000000 -1.000000
2451545.200069  9.8605959021e-01  1.000000 0.000000 0.000000  -0.000000 0.000000 -1.000000
2451545.200736  1.0003030200e+00  1.000000 0.000000 0.000000  -0.000000 0.000000 -1.000000
2451545.201403  1.0091009915e+00  1.000000 0.000000 0.000000  -0.000000 0.000000 -1.000000
2451545.202069  1.0349275574e+00  1.000000 0.000000 0.000000  -0.000000 0.000000 -1.000000
2451545.202736  1.0642450802e+00  1.000000 0.000000 0.000000  -0.000000 0.000000 -1.000000
2451545.203403  1.0775031155e+00  1.000000 0.000000 0.000000  -0.000000 0.000000 -1.000000
2451545.204070  1.1012150194e+00  1.000000 0.000000 0.000000  -0.000000 0.000000 -1.000000
2451545.204737  1.1260833367e+00  1.000000 0.000000 0.000000  -0.000000 0.000000 -1.000000
2451545.205404  1.1447596845e+00  1.000000 0.000000 0.000000  -0.000000 0.000000 -1.000000
2451545.206071  1.1682842820e+00  1.000000 0.000000 0.000000  -0.000000 0.000000 -1.000000
2451545.206738  1.1875035470e+00  1.000000 0.000000 0.000000  -0.000000 0.000000 -1.000000
2451545.207405  1.1983075970e+00  1.000000 0.000000 0.000000  -0.000000 0.000000 -1.000000
2451545.208072  1.2187484254e+00  1.000000 0.000000 0.000000  -0.000000 0.000000 -1.000000
2451545.208738  1.2352015278e+00  1.000000 0.000000 0.000000  -0.000000 0.000000 -1.000000
2451545.209405  1.2535358379e+00  1.000000 0.000000 0.000000  -0.000000 0.000000 -1.000000
2451545.210072  1.2865886303e+00  1.000000 0.000000 0.000000  -0.000000 0.000000 -1.000000
2451545.210739  1.3119184271e+00  1.000000 0.000000 0.000000  -0.000000 0.000000 -1.000000
2451545.211406  1.3294953679e+00  1.000000 0.000000 0.000000  -0.000000 0.000000 -1.000000
2451545.212073  1.3598064289e+00  1.000000 0.000000 0.000000  -0.000000 0.000000 -1.000000
2451545.212740  1.3480577031e+00  1.000000 0.000000 0.000000  -0.000000 0.000000 -1.000000
2451545.213407  1.3113456496e+00  1.000000 0.000000 0.000000  -0.000000 0.000000 -1.000000
2451545.214074  1.2456499672e+00  1.000000 0.000000 0.000000  -0.000000 0.000000 -1.000000
2451545.214740  1.2006041363e+00  1.000000 0.000000 0.000000  -0.000000 0.000000 -1.000000
2451545.215407  1.1487175501e+00  1.000000 0.000000 0.000000  -0.000000 0.000000 -1.000000
2451545.216074  1.0831250220e+00  1.000000 0.000000 0.000000  -0.000000 0.000000 -1.000000
2451545.216741  1.0441082854e+00  1.000000 0.000000 0.000000  -0.000000 0.000000 -1.000000
2451545.217408  1.0102845507e+00  1.000000 0.000000 0.000000  -0.000000 0.000000 -1.000000
2451545.218075  9.7182973330e-01  1.000000 0.000000 0.000000  -0.000000 0.000000 -1.000000
2451545.218742  9.4816669197e-01  1.000000 0.000000 0.000000  -0.000000 0.000000 -1.000000
2451545.219409  9.2393630228e-01  1.000000 0.000000 0.000000  -0.000000 0.000000 -1.000000
2451545.220076  8.8683877758e-01  1.000000 0.000000 0.000000  -0.000000 0.000000 -1.000000
2451545.220743  8.6537726505e-01  1.000000 0.000000 0.000000  -0.000000 0.000000 -1.000000
2451545.221409  8.4113601702e-01  1.000000 0.000000 0.000000  -0.000000 0.000000 -1.000000
2451545.222076  8.0624816487e-01  1.000000 0.000000 0.000000  -0.000000 0.000000 -1.000000
2451545.222743  7.8177346249e-01  1.000000 0.000000 0.000000  -0.000000 0.000000 -1.000000
2451545.223410  7.6248361832e-01  1.000000 0.000000 0.000000  -0.000000 0.000000 -1.000000
2451545.224077  7.2748175358e-01  1.000000 0.000000 0.000000  -0.000000 0.000000 -1.000000
2451545.224744  7.0337352024e-01  1.000000 0.000000 0.000000  -0.000000 0.000000 -1.000000
2451545.225411  6.8113563627e-01  1.000000 0.000000 0.000000  -0.000000 0.000000 -1.000000
2451545.226078  6.5103902743e-01  1.000000 0.000000 0.000000  -0.000000 0.000000 -1.000000
2451545.226745  6.2697694204e-01  1.000000 0.000000 0.000000  -0.000000 0.000000 -1.000000
2451545.227411  6.0586561103e-01  1.000000 0.000000 0.000000  -0.000000 0.000000 -1.000000
2451545.228078  5.7135237167e-01  1.000000 0.000000 0.000000  -0.000000 0.000000 -1.000000
2451545.228745  5.4953253386e-01  1.000000 0.000000 0.000000  -0.000000 0.000000 -1.000000
2451545.229412  5.3010153124e-01  1.000000 0.000000 0.000000  -0.000000 0.000000 -1.000000
2451545.230079  4.9941042819e-01  1.000000 0.000000 0.000000  -0.000000 0.000000 -1.000000
2451545.230746  4.7991156094e-01  1.000000 0.000000 0.000000  -0.000000 0.000000 -1.000000
2451545.231413  4.5981548488e-01  1.000000 0.000000 0.000000  -0.000000 0.000000 -1.000000
2451545.232080  4.2952614048e-01  1.000000 0.000000 0.000000  -0.000000 0.000000 -1.000000
2451545.232747  4.1511169176e-01  1.000000 0.000000 0.000000  -0.000000 0.000000 -1.000000
2451545.233414  4.0412033529e-01  1.000000 0.000000 0.000000  -0.000000 0.000000 -1.000000
2451545.234080  3.8452374296e-01  1.000000 0.000000 0.000000  -0.000000 0.000000 -1.000000
2451545.234747  3.7220223962e-01  1.000000 0.000000 0.000000  -0.000000 0.000000 -1.000000
2451545.235414  3.6189767327e-01  1.000000 0.000000 0.000000  -0.000000 0.000000 -1.000000
2451545.236081  3.7904842412e-01  1.000000 0.000000 0.000000  -0.000000 0.000000 -1.000000
2451545.236748  4.3330484342e-01  1.000000 0.000000 0.000000  -0.000000 0.000000 -1.000000
2451545.237415  5.0926708795e-01  1.000000 0.000000 0.000000  -0.000000 0.000000 -1.000000
2451545.238082  5.7915137566e-01  1.000000 0.000000 0.000000  -0.000000 0.000000 -1.000000
2451545.238749  6.0387581990e-01  1.000000 0.000000 0.000000  -0.000000 0.000000 -1.000000
2451545.239416  6.2670548350e-01  1.000000 0.000000 0.000000  -0.000000 0.000000 -1.000000
360  1
2451545.000000  6.3364770349e-01  1.000000 0.000000 0.000000  -0.707107 -0.707107 0.000000
2451545.000667  6.4418907708e-01  1.000000 0.000000 0.000000  -0.707107 -0.707107 0.000000
2451545.001334  6.5500533910e-01  1.000000 0.000000 0.000000  -0.707107 -0.707107 0.000000
2451545.002001  6.5095372272e-01  1.000000 0.000000 0.000000  -0.707107 -0.707107 0.000000
2451545.002668  6.3266169065e-01  1.000000 0.000000 0.000000  -0.707107 -0.707107 0.000000
2451545.003334  6.2281351396e-01  1.000000 0.000000 0.000000  -0.707107 -0.707107 0.000000
2451545.004001  5.9951970769e-01  1.000000 0.000000 0.000000  -0.707107 -0.707107 0.000000
2451545.004668  5.8687484004e-01  1.000000 0.000000 0.000000  -0.707107 -0.707107 0.000000
2451545.005335  5.7125998222e-01  1.000000 0.000000 0.000000  -0.707107 -0.707107 0.000000
2451545.006002  5.5829241947e-01  1.000000 0.000000 0.000000  -0.707107 -0.707107 0.000000
2451545.006669  5.5306953935e-01  1.000000 0.000000 0.000000  -0.707107 -0.707107 0.000000
2451545.007336  5.4301818426e-01  1.000000 0.000000 0.000000  -0.707107 -0.707107 0.000000
2451545.008003  5.3987489486e-01  1.000000 0.000000 0.000000  -0.707107 -0.707107 0.000000
2451545.008670  5.3437712632e-01  1.000000 0.000000 0.000000  -0.707107 -0.707107 0.000000
2451545.009337  5.2720612387e-01  1.000000 0.000000 0.000000  -0.707107 -0.707107 0.000000
2451545.010003  5.1142991849e-01  1.000000 0.000000 0.000000  -0.707107 -0.707107 0.000000
2451545.010670  5.0553774482e-01  1.000000 0.000000 0.000000  -0.707107 -0.707107 0.000000
2451545.011337  5.0130087754e-01  1.000000 0.000000 0.000000  -0.707107 -0.707107 0.000000
2451545.012004  4.8288335293e-01  1.000000 0.000000 0.000000  -0.707107 -0.707107 0.000000
2451545.012671  4.6449570750e-01  1.000000 0.000000 0.000000  -0.707107 -0.707107 0.000000
2451545.013338  4.5899196312e-01  1.000000 0.000000 0.000000  -0.707107 -0.707107 0.000000
2451545.014005  4.3297915175e-01  1.000000 0.000000 0.000000  -0.707107 -0.707107 0.000000
2451545.014672  4.2162506455e-01  1.000000 0.000000 0.000000  -0.707107 -0.707107 0.000000
2451545.015339  4.1328279837e-01  1.000000 0.000000 0.000000  -0.707107 -0.707107 0.000000
2451545.016006  4.1077294752e-01  1.000000 0.000000 0.000000  -0.707107 -0.707107 0.000000
2451545.016672  4.0755197225e-01  1.000000 0.000000 0.000000  -0.707107 -0.707107 0.000000
2451545.017339  4.0851408175e-01  1.000000 0.000000 0.000000  -0.707107 -0.707107 0.000000
2451545.018006  4.0958375628e-01  1.000000 0.000000 0.000000  -0.707107 -0.707107 0.000000
2451545.018673  4.1726868056e-01  1.000000 0.000000 0.000000  -0.707107 -0.707107 0.000000
2451545.019340  4.1523689654e-01  1.000000 0.000000 0.000000  -0.707107 -0.707107 0.000000
2451545.020007  4.2302938586e-01  1.000000 0.000000 0.000000  -0.707107 -0.707107 0.000000
2451545.020674  4.2422455294e-01  1.000000 0.000000 0.000000  -0.707107 -0.707107 0.000000
2451545.021341  4.3176605717e-01  1.000000 0.000000 0.000000  -0.707107 -0.707107 0.000000
2451545.022008  4.4420177058e-01  1.000000 0.000000 0.000000  -0.707107 -0.707107 0.000000
2451545.022674  4.5232293085e-01  1.000000 0.000000 0.000000  -0.707107 -0.707107 0.000000
2451545.023341  4.5814937033e-01  1.000000 0.000000 0.000000  -0.707107 -0.707107 0.000000
2451545.024008  4.6093410961e-01  1.000000 0.000000 0.000000  -0.707107 -0.707107 0.000000
2451545.024675  4.4522961426e-01  1.000000 0.000000 0.000000  -0.707107 -0.707107 0.000000
2451545.025342  4.3151507209e-01  1.000000 0.000000 0.000000  -0.707107 -0.707107 0.000000
2451545.026009  4.0467759544e-01  1.000000 0.000000 0.000000  -0.707107 -0.707107 0.000000
2451545.026676  4.0969729715e-01  1.000000 0.000000 0.000000  -0.707107 -0.707107 0.000000
2451545.027343  4.5494034674e-01  1.000000 0.000000 0.000000  -0.707107 -0.707107 0.000000
2451545.028010  5.5900951971e-01  1.000000 0.000000 0.000000  -0.707107 -0.707107 0.000000
2451545.028677  6.2557434990e-01  1.000000 0.000000 0.000000  -0.707107 -0.707107 0.000000
2451545.029343  6.8466341004e-01  1.000000 0.000000 0.000000  -0.707107 -0.707107 0.000000
2451545.030010  7.2978694292e-01  1.000000 0.000000 0.000000  -0.707107 -0.707107 0.000000
2451545.030677  7.2905191517e-01  1.000000 0.000000 0.000000  -0.707107 -0.707107 0.000000
2451545.031344  7.2742051212e-01  1.000000 0.000000 0.000000  -0.707107 -0.707107 0.000000
2451545.032011  7.2739660878e-01  1.000000 0.000000 0.000000  -0.707107 -0.707107 0.000000
2451545.032678  7.2685280776e-01  1.000000 0.000000 0.000000  -0.707107 -0.707107 0.000000
2451545.033345  7.3340829916e-01  1.000000 0.000000 0.000000  -0.707107 -0.707107 0.000000
2451545.034012  7.5112665103e-01  1.000000 0.000000 0.000000  -0.707107 -0.707107 0.000000
2451545.034679  7.6544475258e-01  1.000000 0.000000 0.000000  -0.707107 -0.707107 0.000000
2451545.035345  7.9003531513e-01  1.000000 0.000000 0.000000  -0.707107 -0.707107 0.000000
2451545.036012  8.0510039609e-01  1.000000 0.000000 0.000000  -0.707107 -0.707107 0.000000
2451545.036679  8.2138454748e-01  1.000000 0.000000 0.000000  -0.707107 -0.707107 0.000000
2451545.037346  8.3852921916e-01  1.000000 0.000000 0.000000  -0.707107 -0.707107 0.000000
2451545.038013  8.5167008114e-01  1.000000 0.000000 0.000000  -0.707107 -0.707107 0.000000
2451545.038680  8.5960599051e-01  1.000000 0.000000 0.000000  -0.707107 -0.707107 0.000000
2451545.039347  8.8671835558e-01  1.000000 0.000000 0.000000  -0.707107 -0.707107 0.000000
2451545.040014  9.0299055530e-01  1.000000 0.000000 0.000000  -0.707107 -0.707107 0.000000
2451545.040681  9.2493979861e-01  1.000000 0.000000 0.000000  -0.707107 -0.707107 0.000000
2451545.041348  9.4953633699e-01  1.000000 0.000000 0.000000  -0.707107 -0.707107 0.000000
2451545.042014  9.6665710533e-01  1.000000 0.000000 0.000000  -0.707107 -0.707107 0.000000
2451545.042681  9.8784144172e-01  1.000000 0.000000 0.000000  -0.707107 -0.707107 0.000000
2451545.043348  1.0084879529e+00  1.000000 0.000000 0.000000  -0.707107 -0.707107 0.000000
2451545.044015  1.0244852642e+00  1.000000 0.000000 0.000000  -0.707107 -0.707107 0.000000
2451545.044682  1.0466018309e+00  1.000000 0.000000 0.000000  -0.707107 -0.707107 0.000000
2451545.045349  1.1175708518e+00  1.000000 0.000000 0.000000  -0.707107 -0.707107 0.000000
2451545.046016  1.2032762827e+00  1.000000 0.000000 0.000000  -0.707107 -0.707107 0.000000
2451545.046683  1.2855097532e+00  1.000000 0.000000 0.000000  -0.707107 -0.707107 0.000000
2451545.047350  1.3905948182e+00  1.000000 0.000000 0.000000  -0.707107 -0.707107 0.000000
2451545.048017  1.4545541841e+00  1.000000 0.000000 0.000000  -0.707107 -0.707107 0.000000
2451545.048683  1.4986857283e+00  1.000000 0.000000 0.000000  -0.707107 -0.707107 0.000000
2451545.049350  1.5424049399e+00  1.000000 0.000000 0.000000  -0.707107 -0.707107 0.000000
2451545.050017  1.5579719911e+00  1.000000 0.000000 0.000000  -0.707107 -0.707107 0.000000
2451545.050684  1.5707662546e+00  1.000000 0.000000 0.000000  -0.707107 -0.707107 0.000000
2451545.051351  1.5724275368e+00  1.000000 0.000000 0.000000  -0.707107 -0.707107 0.000000
2451545.052018  1.5867695417e+00  1.000000 0.000000 0.000000  -0.707107 -0.707107 0.000000
2451545.052685  1.5773755285e+00  1.000000 0.000000 0.000000  -0.707107 -0.707107 0.000000
2451545.053352  1.6324189481e+00  1.000000 0.000000 0.000000  -0.707107 -0.707107 0.000000
2451545.054019  1.6263833544e+00  1.000000 0.000000 0.000000  -0.707107 -0.707107 0.000000
2451545.054685  1.6286362443e+00  1.000000 0.000000 0.000000  -0.707107 -0.707107 0.000000
2451545.055352  1.6261323693e+00  1.000000 0.000000 0.000000  -0.707107 -0.707107 0.000000
2451545.056019  1.6276203523e+00  1.000000 0.000000 0.000000  -0.707107 -0.707107 0.000000
2451545.056686  1.6243993770e+00  1.000000 0.000000 0.000000  -0.707107 -0.707107 0.000000
2451545.057353  1.6233715333e+00  1.000000 0.000000 0.000000  -0.707107 -0.707107 0.000000
2451545.058020  1.6288573502e+00  1.000000 0.000000 0.000000  -0.707107 -0.707107 0.000000
2451545.058687  1.6282717183e+00  1.000000 0.000000 0.000000  -0.707107 -0.707107 0.000000
2451545.059354  1.6331659275e+00  1.000000 0.000000 0.000000  -0.707107 -0.707107 0.000000
2451545.060021  1.6357534642e+00  1.000000 0.000000 0.000000  -0.707107 -0.707107 0.000000
2451545.060688  1.6318452679e+00  1.000000 0.000000 0.000000  -0.707107 -0.707107 0.000000
2451545.061354  1.6204732532e+00  1.000000 0.000000 0.000000  -0.707107 -0.707107 0.000000
2451545.062021  1.6041114159e+00  1.000000 0.000000 0.000000  -0.707107 -0.707107 0.000000
2451545.062688  1.5846540960e+00  1.000000 0.000000 0.000000  -0.707107 -0.707107 0.000000
2451545.063355  1.5727920628e+00  1.000000 0.000000 0.000000  -0.707107 -0.707107 0.000000
2451545.064022  1.5714415240e+00  1.000000 0.000000 0.000000  -0.707107 -0.707107 0.000000
2451545.064689  1.5689017939e+00  1.000000 0.000000 0.000000  -0.707107 -0.707107 0.000000
2451545.065356  1.6023067137e+00  1.000000 0.000000 0.000000  -0.707107 -0.707107 0.000000
2451545.066023  1.6339607136e+00  1.000000 0.000000 0.000000  -0.707107 -0.707107 0.000000
2451545.066690  1.6667501223e+00  1.000000 0.000000 0.000000  -0.707107 -0.707107 0.000000
2451545.067356  1.7075232470e+00  1.000000 0.000000 0.000000  -0.707107 -0.707107 0.000000
2451545.068023  1.7380597658e+00  1.000000 0.000000 0.000000  -0.707107 -0.707107 0.000000
2451545.068690  1.6616766381e+00  1.000000 0.000000 0.000000  -0.707107 -0.707107 0.000000
2451545.069357  1.5128484582e+00  1.000000 0.000000 0.000000  -0.707107 -0.707107 0.000000
2451545.070024  1.3283086861e+00  1.000000 0.000000 0.000000  -0.707107 -0.707107 0.000000
2451545.070691  1.0263676523e+00  1.000000 0.000000 0.000000  -0.707107 -0.707107 0.000000
2451545.071358  8.4420626276e-01  1.000000 0.000000 0.000000  -0.707107 -0.707107 0.000000
2451545.072025  7.0679790425e-01  1.000000 0.000000 0.000000  -0.707107 -0.707107 0.000000
2451545.072692  5.6517658181e-01  1.000000 0.000000 0.000000  -0.707107 -0.707107 0.000000
2451545.073359  4.6616894140e-01  1.000000 0.000000 0.000000  -0.707107 -0.707107 0.000000
2451545.074025  3.4192534822e-01  1.000000 0.000000 0.000000  -0.707107 -0.707107 0.000000
2451545.074692  2.2414760890e-01  1.000000 0.000000 0.000000  -0.707107 -0.707107 0.000000
2451545.075359  2.0649499122e-01  1.000000 0.000000 0.000000  -0.707107 -0.707107 0.000000
2451545.076026  1.9413098784e-01  1.000000 0.000000 0.000000  -0.707107 -0.707107 0.000000
2451545.076693  1.7938860198e-01  1.000000 0.000000 0.000000  -0.707107 -0.707107 0.000000
2451545.077360  1.7003641963e-01  1.000000 0.000000 0.000000  -0.707107 -0.707107 0.000000
2451545.078027  1.6497488707e-01  1.000000 0.000000 0.000000  -0.707107 -0.707107 0.000000
2451545.078694  1.5739752782e-01  1.000000 0.000000 0.000000  -0.707107 -0.707107 0.000000
2451545.079361  1.5342957313e-01  1.000000 0.000000 0.000000  -0.707107 -0.707107 0.000000
2451545.080028  1.4884610740e-01  1.000000 0.000000 0.000000  -0.707107 -0.707107 0.000000
2451545.080694  1.4486022521e-01  1.000000 0.000000 0.000000  -0.707107 -0.707107 0.000000
2451545.081361  1.4120301396e-01  1.000000 0.000000 0.000000  -0.707107 -0.707107 0.000000
2451545.082028  1.3743226185e-01  1.000000 0.000000 0.000000  -0.707107 -0.707107 0.000000
2451545.082695  1.3456386087e-01  1.000000 0.000000 0.000000  -0.707107 -0.707107 0.000000
2451545.083362  1.3290257863e-01  1.000000 0.000000 0.000000  -0.707107 -0.707107 0.000000
2451545.084029  1.2917365736e-01  1.000000 0.000000 0.000000  -0.707107 -0.707107 0.000000
2451545.084696  1.3029711441e-01  1.000000 0.000000 0.000000  -0.707107 -0.707107 0.000000
2451545.085363  1.2136921637e-01  1.000000 0.000000 0.000000  -0.707107 -0.707107 0.000000
2451545.086030  1.2008441177e-01  1.000000 0.000000 0.000000  -0.707107 -0.707107 0.000000
2451545.086696  1.1291340932e-01  1.000000 0.000000 0.000000  -0.707107 -0.707107 0.000000
2451545.087363  1.1298511935e-01  1.000000 0.000000 0.000000  -0.707107 -0.707107 0.000000
2451545.088030  1.1431773063e-01  1.000000 0.000000 0.000000  -0.707107 -0.707107 0.000000
2451545.088697  1.1952268324e-01  1.000000 0.000000 0.000000  -0.707107 -0.707107 0.000000
2451545.089364  1.2505033096e-01  1.000000 0.000000 0.000000  -0.707107 -0.707107 0.000000
2451545.090031  1.3267549689e-01  1.000000 0.000000 0.000000  -0.707107 -0.707107 0.000000
2451545.090698  1.5555099469e-01  1.000000 0.000000 0.000000  -0.707107 -0.707107 0.000000
2451545.091365  1.9373060687e-01  1.000000 0.000000 0.000000  -0.707107 -0.707107 0.000000
2451545.092032  2.6804011970e-01  1.000000 0.000000 0.000000  -0.707107 -0.707107 0.000000
2451545.092699  5.6940747326e-01  1.000000 0.000000 0.000000  -0.707107 -0.707107 0.000000
2451545.093365  8.1430915840e-01  1.000000 0.000000 0.000000  -0.707107 -0.707107 0.000000
2451545.094032  1.0299352261e+00  1.000000 0.000000 0.000000  -0.707107 -0.707107 0.000000
2451545.094699  1.2245980633e+00  1.000000 0.000000 0.000000  -0.707107 -0.707107 0.000000
2451545.095366  1.2958718517e+00  1.000000 0.000000 0.000000  -0.707107 -0.707107 0.000000
2451545.096033  1.3367107106e+00  1.000000 0.000000 0.000000  -0.707107 -0.707107 0.000000
2451545.096700  1.3596280393e+00  1.000000 0.000000 0.000000  -0.707107 -0.707107 0.000000
2451545.097367  1.3720099702e+00  1.000000 0.000000 0.000000  -0.707107 -0.707107 0.000000
2451545.098034  1.3698467178e+00  1.000000 0.000000 0.000000  -0.707107 -0.707107 0.000000
2451545.098701  1.3547099268e+00  1.000000 0.000000 0.000000  -0.707107 -0.707107 0.000000
2451545.099367  1.3537776965e+00  1.000000 0.000000 0.000000  -0.707107 -0.707107 0.000000
2451545.100034  1.3581699354e+00  1.000000 0.000000 0.000000  -0.707107 -0.707107 0.000000
2451545.100701  1.3588213015e+00  1.000000 0.000000 0.000000  -0.707107 -0.707107 0.000000
2451545.101368  1.3725956020e+00  1.000000 0.000000 0.000000  -0.707107 -0.707107 0.000000
2451545.102035  1.3618271467e+00  1.000000 0.000000 0.000000  -0.707107 -0.707107 0.000000
2451545.102702  1.3700200170e+00  1.000000 0.000000 0.000000  -0.707107 -0.707107 0.000000
2451545.103369  1.3644983451e+00  1.000000 0.000000 0.000000  -0.707107 -0.707107 0.000000
2451545.104036  1.3554987370e+00  1.000000 0.000000 0.000000  -0.707107 -0.707107 0.000000
2451545.104703  1.3540047782e+00  1.000000 0.000000 0.000000  -0.707107 -0.707107 0.000000
2451545.105370  1.3456625120e+00  1.000000 0.000000 0.000000  -0.707107 -0.707107 0.000000
2451545.106036  1.3124368674e+00  1.000000 0.000000 0.000000  -0.707107 -0.707107 0.000000
2451545.106703  1.2909119084e+00  1.000000 0.000000 0.000000  -0.707107 -0.707107 0.000000
2451545.107370  1.2606622297e+00  1.000000 0.000000 0.000000  -0.707107 -0.707107 0.000000
2451545.108037  1.2074713191e+00  1.000000 0.000000 0.000000  -0.707107 -0.707107 0.000000
2451545.108704  1.1761340384e+00  1.000000 0.000000 0.000000  -0.707107 -0.707107 0.000000
2451545.109371  1.1418088400e+00  1.000000 0.000000 0.000000  -0.707107 -0.707107 0.000000
2451545.110038  1.1054638093e+00  1.000000 0.000000 0.000000  -0.707107 -0.707107 0.000000
2451545.110705  1.0873630040e+00  1.000000 0.000000 0.000000  -0.707107 -0.707107 0.000000
2451545.111372  1.0626648764e+00  1.000000 0.000000 0.000000  -0.707107 -0.707107 0.000000
2451545.112039  1.0285667598e+00  1.000000 0.000000 0.000000  -0.707107 -0.707107 0.000000
2451545.112705  1.0227104411e+00  1.000000 0.000000 0.000000  -0.707107 -0.707107 0.000000
2451545.113372  1.0026495618e+00  1.000000 0.000000 0.000000  -0.707107 -0.707107 0.000000
2451545.114039  9.8812828182e-01  1.000000 0.000000 0.000000  -0.707107 -0.707107 0.000000
2451545.114706  9.9261015834e-01  1.000000 0.000000 0.000000  -0.707107 -0.707107 0.000000
2451545.115373  9.8574392350e-01  1.000000 0.000000 0.000000  -0.707107 -0.707107 0.000000
2451545.116040  9.9425948891e-01  1.000000 0.000000 0.000000  -0.707107 -0.707107 0.000000
2451545.116707  1.0100715493e+00  1.000000 0.000000 0.000000  -0.707107 -0.707107 0.000000
2451545.117374  1.0362994907e+00  1.000000 0.000000 0.000000  -0.707107 -0.707107 0.000000
2451545.118041  1.0689753585e+00  1.000000 0.000000 0.000000  -0.707107 -0.707107 0.000000
2451545.118707  1.0849786457e+00  1.000000 0.000000 0.000000  -0.707107 -0.707107 0.000000
2451545.119374  1.0933268877e+00  1.000000 0.000000 0.000000  -0.707107 -0.707107 0.000000
2451545.120041  1.0739592052e+00  1.000000 0.000000 0.000000  -0.707107 -0.707107 0.000000
2451545.120708  1.0377575946e+00  1.000000 0.000000 0.000000  -0.707107 -0.707107 0.000000
2451545.121375  9.9907601221e-01  1.000000 0.000000 0.000000  -0.707107 -0.707107 0.000000
2451545.122042  8.9559247111e-01  1.000000 0.000000 0.000000  -0.707107 -0.707107 0.000000
2451545.122709  8.1157222580e-01  1.000000 0.000000 0.000000  -0.707107 -0.707107 0.000000
2451545.123376  7.4043588155e-01  1.000000 0.000000 0.000000  -0.707107 -0.707107 0.000000
2451545.124043  7.4458311130e-01  1.000000 0.000000 0.000000  -0.707107 -0.707107 0.000000
2451545.124710  7.4815068502e-01  1.000000 0.000000 0.000000  -0.707107 -0.707107 0.000000
2451545.125376  7.6113617528e-01  1.000000 0.000000 0.000000  -0.707107 -0.707107 0.000000
2451545.126043  7.6802033762e-01  1.000000 0.000000 0.000000  -0.707107 -0.707107 0.000000
2451545.126710  7.7830475029e-01  1.000000 0.000000 0.000000  -0.707107 -0.707107 0.000000
2451545.127377  7.7984053998e-01  1.000000 0.000000 0.000000  -0.707107 -0.707107 0.000000
2451545.128044  8.0024204194e-01  1.000000 0.000000 0.000000  -0.707107 -0.707107 0.000000
2451545.128711  8.1062206798e-01  1.000000 0.000000 0.000000  -0.707107 -0.707107 0.000000
2451545.129378  8.2352389654e-01  1.000000 0.000000 0.000000  -0.707107 -0.707107 0.000000
2451545.130045  8.4944707038e-01  1.000000 0.000000 0.000000  -0.707107 -0.707107 0.000000
2451545.130712  8.5955818382e-01  1.000000 0.000000 0.000000  -0.707107 -0.707107 0.000000
2451545.131378  8.7331455685e-01  1.000000 0.000000 0.000000  -0.707107 -0.707107 0.000000
2451545.132045  8.9641713639e-01  1.000000 0.000000 0.000000  -0.707107 -0.707107 0.000000
2451545.132712  9.0847039633e-01  1.000000 0.000000 0.000000  -0.707107 -0.707107 0.000000
2451545.133379  9.2227457604e-01  1.000000 0.000000 0.000000  -0.707107 -0.707107 0.000000
2451545.134046  9.4586717408e-01  1.000000 0.000000 0.000000  -0.707107 -0.707107 0.000000
2451545.134713  9.4865191336e-01  1.000000 0.000000 0.000000  -0.707107 -0.707107 0.000000
2451545.135380  9.6013746894e-01  1.000000 0.000000 0.000000  -0.707107 -0.707107 0.000000
2451545.136047  9.7960076474e-01  1.000000 0.000000 0.000000  -0.707107 -0.707107 0.000000
2451545.136714  9.8617418365e-01  1.000000 0.000000 0.000000  -0.707107 -0.707107 0.000000
2451545.137381  9.9384715626e-01  1.000000 0.000000 0.000000  -0.707107 -0.707107 0.000000
2451545.138047  1.0004803335e+00  1.000000 0.000000 0.000000  -0.707107 -0.707107 0.000000
2451545.138714  1.0137108330e+00  1.000000 0.000000 0.000000  -0.707107 -0.707107 0.000000
2451545.139381  1.1285006547e+00  1.000000 0.000000 0.000000  -0.707107 -0.707107 0.000000
2451545.140048  1.2268868082e+00  1.000000 0.000000 0.000000  -0.707107 -0.707107 0.000000
2451545.140715  1.3012142485e+00  1.000000 0.000000 0.000000  -0.707107 -0.707107 0.000000
2451545.141382  1.3826170779e+00  1.000000 0.000000 0.000000  -0.707107 -0.707107 0.000000
2451545.142049  1.4206891251e+00  1.000000 0.000000 0.000000  -0.707107 -0.707107 0.000000
2451545.142716  1.4509806346e+00  1.000000 0.000000 0.000000  -0.707107 -0.707107 0.000000
2451545.143383  1.4453932285e+00  1.000000 0.000000 0.000000  -0.707107 -0.707107 0.000000
2451545.144050  1.4373198749e+00  1.000000 0.000000 0.000000  -0.707107 -0.707107 0.000000
2451545.144716  1.4132133550e+00  1.000000 0.000000 0.000000  -0.707107 -0.707107 0.000000
2451545.145383  1.3852165663e+00  1.000000 0.000000 0.000000  -0.707107 -0.707107 0.000000
2451545.146050  1.3867702835e+00  1.000000 0.000000 0.000000  -0.707107 -0.707107 0.000000
2451545.146717  1.4089705119e+00  1.000000 0.000000 0.000000  -0.707107 -0.707107 0.000000
2451545.147384  1.4663086523e+00  1.000000 0.000000 0.000000  -0.707107 -0.707107 0.000000
2451545.148051  1.5207186334e+00  1.000000 0.000000 0.000000  -0.707107 -0.707107 0.000000
2451545.148718  1.5714056690e+00  1.000000 0.000000 0.000000  -0.707107 -0.707107 0.000000
2451545.149385  1.6619455507e+00  1.000000 0.000000 0.000000  -0.707107 -0.707107 0.000000
2451545.150052  1.6949560652e+00  1.000000 0.000000 0.000000  -0.707107 -0.707107 0.000000
2451545.150718  1.7188474551e+00  1.000000 0.000000 0.000000  -0.707107 -0.707107 0.000000
2451545.151385  1.7449140489e+00  1.000000 0.000000 0.000000  -0.707107 -0.707107 0.000000
2451545.152052  1.7545889264e+00  1.000000 0.000000 0.000000  -0.707107 -0.707107 0.000000
2451545.152719  1.7742852798e+00  1.000000 0.000000 0.000000  -0.707107 -0.707107 0.000000
2451545.153386  1.7882747104e+00  1.000000 0.000000 0.000000  -0.707107 -0.707107 0.000000
2451545.154053  1.7954098578e+00  1.000000 0.000000 0.000000  -0.707107 -0.707107 0.000000
2451545.154720  1.7846772575e+00  1.000000 0.000000 0.000000  -0.707107 -0.707107 0.000000
2451545.155387  1.7833446462e+00  1.000000 0.000000 0.000000  -0.707107 -0.707107 0.000000
2451545.156054  1.7717335981e+00  1.000000 0.000000 0.000000  -0.707107 -0.707107 0.000000
2451545.156721  1.7667377997e+00  1.000000 0.000000 0.000000  -0.707107 -0.707107 0.000000
2451545.157387  1.7518400421e+00  1.000000 0.000000 0.000000  -0.707107 -0.707107 0.000000
2451545.158054  1.7447108705e+00  1.000000 0.000000 0.000000  -0.707107 -0.707107 0.000000
2451545.158721  1.7377071915e+00  1.000000 0.000000 0.000000  -0.707107 -0.707107 0.000000
2451545.159388  1.7491807954e+00  1.000000 0.000000 0.000000  -0.707107 -0.707107 0.000000
2451545.160055  1.7489118828e+00  1.000000 0.000000 0.000000  -0.707107 -0.707107 0.000000
2451545.160722  1.7490433512e+00  1.000000 0.000000 0.000000  -0.707107 -0.707107 0.000000
2451545.161389  1.7523957948e+00  1.000000 0.000000 0.000000  -0.707107 -0.707107 0.000000
2451545.162056  1.7482903959e+00  1.000000 0.000000 0.000000  -0.707107 -0.707107 0.000000
2451545.162723  1.7401991148e+00  1.000000 0.000000 0.000000  -0.707107 -0.707107 0.000000
2451545.163389  1.7479019666e+00  1.000000 0.000000 0.000000  -0.707107 -0.707107 0.000000
2451545.164056  1.7318508728e+00  1.000000 0.000000 0.000000  -0.707107 -0.707107 0.000000
2451545.164723  1.7284745258e+00  1.000000 0.000000 0.000000  -0.707107 -0.707107 0.000000
2451545.165390  1.7124055045e+00  1.000000 0.000000 0.000000  -0.707107 -0.707107 0.000000
2451545.166057  1.6994498934e+00  1.000000 0.000000 0.000000  -0.707107 -0.707107 0.000000
2451545.166724  1.6774588193e+00  1.000000 0.000000 0.000000  -0.707107 -0.707107 0.000000
2451545.167391  1.6236942285e+00  1.000000 0.000000 0.000000  -0.707107 -0.707107 0.000000
2451545.168058  1.5755588745e+00  1.000000 0.000000 0.000000  -0.707107 -0.707107 0.000000
2451545.168725  1.5067052994e+00  1.000000 0.000000 0.000000  -0.707107 -0.707107 0.000000
2451545.169392  1.3727868288e+00  1.000000 0.000000 0.000000  -0.707107 -0.707107 0.000000
2451545.170058  1.2642417551e+00  1.000000 0.000000 0.000000  -0.707107 -0.707107 0.000000
2451545.170725  1.1675348113e+00  1.000000 0.000000 0.000000  -0.707107 -0.707107 0.000000
2451545.171392  1.1032348227e+00  1.000000 0.000000 0.000000  -0.707107 -0.707107 0.000000
2451545.172059  1.0648520321e+00  1.000000 0.000000 0.000000  -0.707107 -0.707107 0.000000
2451545.172726  1.0082489195e+00  1.000000 0.000000 0.000000  -0.707107 -0.707107 0.000000
2451545.173393  9.7538182497e-01  1.000000 0.000000 0.000000  -0.707107 -0.707107 0.000000
2451545.174060  9.4754638382e-01  1.000000 0.000000 0.000000  -0.707107 -0.707107 0.000000
2451545.174727  9.0216589001e-01  1.000000 0.000000 0.000000  -0.707107 -0.707107 0.000000
2451545.175394  8.8978395913e-01  1.000000 0.000000 0.000000  -0.707107 -0.707107 0.000000
2451545.176061  8.8281015925e-01  1.000000 0.000000 0.000000  -0.707107 -0.707107 0.000000
2451545.176727  8.6786459499e-01  1.000000 0.000000 0.000000  -0.707107 -0.707107 0.000000
2451545.177394  8.5980319307e-01  1.000000 0.000000 0.000000  -0.707107 -0.707107 0.000000
2451545.178061  8.4978171716e-01  1.000000 0.000000 0.000000  -0.707107 -0.707107 0.000000
2451545.178728  8.3309120897e-01  1.000000 0.000000 0.000000  -0.707107 -0.707107 0.000000
2451545.179395  8.2770100547e-01  1.000000 0.000000 0.000000  -0.707107 -0.707107 0.000000
2451545.180062  8.2701976023e-01  1.000000 0.000000 0.000000  -0.707107 -0.707107 0.000000
2451545.180729  8.2143235416e-01  1.000000 0.000000 0.000000  -0.707107 -0.707107 0.000000
2451545.181396  8.1537883293e-01  1.000000 0.000000 0.000000  -0.707107 -0.707107 0.000000
2451545.182063  8.0758036777e-01  1.000000 0.000000 0.000000  -0.707107 -0.707107 0.000000
2451545.182729  8.0015240441e-01  1.000000 0.000000 0.000000  -0.707107 -0.707107 0.000000
2451545.183396  8.0056473705e-01  1.000000 0.000000 0.000000  -0.707107 -0.707107 0.000000
2451545.184063  7.8748363342e-01  1.000000 0.000000 0.000000  -0.707107 -0.707107 0.000000
2451545.184730  7.8481243501e-01  1.000000 0.000000 0.000000  -0.707107 -0.707107 0.000000
2451545.185397  8.0590115803e-01  1.000000 0.000000 0.000000  -0.707107 -0.707107 0.000000
2451545.186064  8.3239801207e-01  1.000000 0.000000 0.000000  -0.707107 -0.707107 0.000000
2451545.186731  8.8237989910e-01  1.000000 0.000000 0.000000  -0.707107 -0.707107 0.000000
2451545.187398  9.3770418296e-01  1.000000 0.000000 0.000000  -0.707107 -0.707107 0.000000
2451545.188065  1.0041375448e+00  1.000000 0.000000 0.000000  -0.707107 -0.707107 0.000000
2451545.188732  1.0168959533e+00  1.000000 0.000000 0.000000  -0.707107 -0.707107 0.000000
2451545.189398  9.0233918924e-01  1.000000 0.000000 0.000000  -0.707107 -0.707107 0.000000
2451545.190065  7.9592151297e-01  1.000000 0.000000 0.000000  -0.707107 -0.707107 0.000000
2451545.190732  7.3101796501e-01  1.000000 0.000000 0.000000  -0.707107 -0.707107 0.000000
2451545.191399  7.1423184345e-01  1.000000 0.000000 0.000000  -0.707107 -0.707107 0.000000
2451545.192066  6.9592785972e-01  1.000000 0.000000 0.000000  -0.707107 -0.707107 0.000000
2451545.192733  6.7337505703e-01  1.000000 0.000000 0.000000  -0.707107 -0.707107 0.000000
2451545.193400  6.6914416559e-01  1.000000 0.000000 0.000000  -0.707107 -0.707107 0.000000
2451545.194067  6.7000468588e-01  1.000000 0.000000 0.000000  -0.707107 -0.707107 0.000000
2451545.194734  6.6825974195e-01  1.000000 0.000000 0.000000  -0.707107 -0.707107 0.000000
2451545.195400  6.7044689770e-01  1.000000 0.000000 0.000000  -0.707107 -0.707107 0.000000
2451545.196067  6.8029507439e-01  1.000000 0.000000 0.000000  -0.707107 -0.707107 0.000000
2451545.196734  6.9654934659e-01  1.000000 0.000000 0.000000  -0.707107 -0.707107 0.000000
2451545.197401  7.0448525597e-01  1.000000 0.000000 0.000000  -0.707107 -0.707107 0.000000
2451545.198068  7.0868029240e-01  1.000000 0.000000 0.000000  -0.707107 -0.707107 0.000000
2451545.198735  7.2727709207e-01  1.000000 0.000000 0.000000  -0.707107 -0.707107 0.000000
2451545.199402  7.3819494329e-01  1.000000 0.000000 0.000000  -0.707107 -0.707107 0.000000
2451545.200069  7.5501691986e-01  1.000000 0.000000 0.000000  -0.707107 -0.707107 0.000000
2451545.200736  7.5925378713e-01  1.000000 0.000000 0.000000  -0.707107 -0.707107 0.000000
2451545.201403  7.6273769916e-01  1.000000 0.000000 0.000000  -0.707107 -0.707107 0.000000
2451545.202069  7.6766178750e-01  1.000000 0.000000 0.000000  -0.707107 -0.707107 0.000000
2451545.202736  7.6994455661e-01  1.000000 0.000000 0.000000  -0.707107 -0.707107 0.000000
2451545.203403  7.8078472197e-01  1.000000 0.000000 0.000000  -0.707107 -0.707107 0.000000
2451545.204070  7.9581394793e-01  1.000000 0.000000 0.000000  -0.707107 -0.707107 0.000000
2451545.204737  8.1510992034e-01  1.000000 0.000000 0.000000  -0.707107 -0.707107 0.000000
2451545.205404  8.2934436019e-01  1.000000 0.000000 0.000000  -0.707107 -0.707107 0.000000
2451545.206071  8.5571572168e-01  1.000000 0.000000 0.000000  -0.707107 -0.707107 0.000000
2451545.206738  8.8668250057e-01  1.000000 0.000000 0.000000  -0.707107 -0.707107 0.000000
2451545.207405  9.1913128663e-01  1.000000 0.000000 0.000000  -0.707107 -0.707107 0.000000
2451545.208072  9.7745543984e-01  1.000000 0.000000 0.000000  -0.707107 -0.707107 0.000000
2451545.208738  1.0098623951e+00  1.000000 0.000000 0.000000  -0.707107 -0.707107 0.000000
2451545.209405  1.0194775142e+00  1.000000 0.000000 0.000000  -0.707107 -0.707107 0.000000
2451545.210072  1.0212583131e+00  1.000000 0.000000 0.000000  -0.707107 -0.707107 0.000000
2451545.210739  1.0216288149e+00  1.000000 0.000000 0.000000  -0.707107 -0.707107 0.000000
2451545.211406  1.0185333322e+00  1.000000 0.000000 0.000000  -0.707107 -0.707107 0.000000
2451545.212073  1.0237681640e+00  1.000000 0.000000 0.000000  -0.707107 -0.707107 0.000000
2451545.212740  1.0222682293e+00  1.000000 0.000000 0.000000  -0.707107 -0.707107 0.000000
2451545.213407  1.0270668251e+00  1.000000 0.000000 0.000000  -0.707107 -0.707107 0.000000
2451545.214074  1.0294750867e+00  1.000000 0.000000 0.000000  -0.707107 -0.707107 0.000000
2451545.214740  1.0293555700e+00  1.000000 0.000000 0.000000  -0.707107 -0.707107 0.000000
2451545.215407  1.0257581171e+00  1.000000 0.000000 0.000000  -0.707107 -0.707107 0.000000
2451545.216074  1.0863829670e+00  1.000000 0.000000 0.000000  -0.707107 -0.707107 0.000000
2451545.216741  1.1276879411e+00  1.000000 0.000000 0.000000  -0.707107 -0.707107 0.000000
2451545.217408  1.1575790696e+00  1.000000 0.000000 0.000000  -0.707107 -0.707107 0.000000
2451545.218075  1.0783514442e+00  1.000000 0.000000 0.000000  -0.707107 -0.707107 0.000000
2451545.218742  1.0601251464e+00  1.000000 0.000000 0.000000  -0.707107 -0.707107 0.000000
2451545.219409  1.0748017980e+00  1.000000 0.000000 0.000000  -0.707107 -0.707107 0.000000
2451545.220076  1.1038025271e+00  1.000000 0.000000 0.000000  -0.707107 -0.707107 0.000000
2451545.220743  1.1335920664e+00  1.000000 0.000000 0.000000  -0.707107 -0.707107 0.000000
2451545.221409  1.1537664866e+00  1.000000 0.000000 0.000000  -0.707107 -0.707107 0.000000
2451545.222076  1.1462488857e+00  1.000000 0.000000 0.000000  -0.707107 -0.707107 0.000000
2451545.222743  1.1548720162e+00  1.000000 0.000000 0.000000  -0.707107 -0.707107 0.000000
2451545.223410  1.1450357911e+00  1.000000 0.000000 0.000000  -0.707107 -0.707107 0.000000
2451545.224077  1.1811178851e+00  1.000000 0.000000 0.000000  -0.707107 -0.707107 0.000000
2451545.224744  1.2126105375e+00  1.000000 0.000000 0.000000  -0.707107 -0.707107 0.000000
2451545.225411  1.2457345930e+00  1.000000 0.000000 0.000000  -0.707107 -0.707107 0.000000
2451545.226078  1.2977303365e+00  1.000000 0.000000 0.000000  -0.707107 -0.707107 0.000000
2451545.226745  1.3273585283e+00  1.000000 0.000000 0.000000  -0.707107 -0.707107 0.000000
2451545.227411  1.3585583647e+00  1.000000 0.000000 0.000000  -0.707107 -0.707107 0.000000
2451545.228078  1.4038133660e+00  1.000000 0.000000 0.000000  -0.707107 -0.707107 0.000000
2451545.228745  1.4224998032e+00  1.000000 0.000000 0.000000  -0.707107 -0.707107 0.000000
2451545.229412  1.4493552074e+00  1.000000 0.000000 0.000000  -0.707107 -0.707107 0.000000
2451545.230079  1.4886702283e+00  1.000000 0.000000 0.000000  -0.707107 -0.707107 0.000000
2451545.230746  1.5139002052e+00  1.000000 0.000000 0.000000  -0.707107 -0.707107 0.000000
2451545.231413  1.5309313360e+00  1.000000 0.000000 0.000000  -0.707107 -0.707107 0.000000
2451545.232080  1.5295031113e+00  1.000000 0.000000 0.000000  -0.707107 -0.707107 0.000000
2451545.232747  1.4990502543e+00  1.000000 0.000000 0.000000  -0.707107 -0.707107 0.000000
2451545.233414  1.4463852172e+00  1.000000 0.000000 0.000000  -0.707107 -0.707107 0.000000
2451545.234080  1.3229065309e+00  1.000000 0.000000 0.000000  -0.707107 -0.707107 0.000000
2451545.234747  1.2265880164e+00  1.000000 0.000000 0.000000  -0.707107 -0.707107 0.000000
2451545.235414  1.1375361177e+00  1.000000 0.000000 0.000000  -0.707107 -0.707107 0.000000
2451545.236081  9.8820596768e-01  1.000000 0.000000 0.000000  -0.707107 -0.707107 0.000000
2451545.236748  8.6364565522e-01  1.000000 0.000000 0.000000  -0.707107 -0.707107 0.000000
2451545.237415  7.4155933860e-01  1.000000 0.000000 0.000000  -0.707107 -0.707107 0.000000
2451545.238082  6.0218493026e-01  1.000000 0.000000 0.000000  -0.707107 -0.707107 0.000000
2451545.238749  5.9362155818e-01  1.000000 0.000000 0.000000  -0.707107 -0.707107 0.000000
2451545.239416  6.2090124664e-01  1.000000 0.000000 0.000000  -0.707107 -0.707107 0.000000
360  1
2451545.000000  5.9318824978e-01  1.000000 0.000000 0.000000  -0.707107 -0.707107 0.000000
2451545.000667  6.1572175862e-01  1.000000 0.000000 0.000000  -0.707107 -0.707107 0.000000
2451545.001334  6.2344649300e-01  1.000000 0.000000 0.000000  -0.707107 -0.707107 0.000000
2451545.002001  6.0544880839e-01  1.000000 0.000000 0.000000  -0.707107 -0.707107 0.000000
2451545.002668  6.0901631060e-01  1.000000 0.000000 0.000000  -0.707107 -0.707107 0.000000
2451545.003334  6.0779316698e-01  1.000000 0.000000 0.000000  -0.707107 -0.707107 0.000000
2451545.004001  6.3692291460e-01  1.000000 0.000000 0.000000  -0.707107 -0.707107 0.000000
2451545.004668  6.4014094721e-01  1.000000 0.000000 0.000000  -0.707107 -0.707107 0.000000
2451545.005335  6.4647508378e-01  1.000000 0.000000 0.000000  -0.707107 -0.707107 0.000000
2451545.006002  6.5203019436e-01  1.000000 0.000000 0.000000  -0.707107 -0.707107 0.000000
2451545.006669  6.5049398423e-01  1.000000 0.000000 0.000000  -0.707107 -0.707107 0.000000
2451545.007336  6.5269273048e-01  1.000000 0.000000 0.000000  -0.707107 -0.707107 0.000000
2451545.008003  6.4153882562e-01  1.000000 0.000000 0.000000  -0.707107 -0.707107 0.000000
2451545.008670  6.4520097585e-01  1.000000 0.000000 0.000000  -0.707107 -0.707107 0.000000
2451545.009337  6.4078892210e-01  1.000000 0.000000 0.000000  -0.707107 -0.707107 0.000000
2451545.010003  6.4327161241e-01  1.000000 0.000000 0.000000  -0.707107 -0.707107 0.000000
2451545.010670  6.4137137144e-01  1.000000 0.000000 0.000000  -0.707107 -0.707107 0.000000
2451545.011337  6.2209229828e-01  1.000000 0.000000 0.000000  -0.707107 -0.707107 0.000000
2451545.012004  5.9325377533e-01  1.000000 0.000000 0.000000  -0.707107 -0.707107 0.000000
2451545.012671  5.7169586913e-01  1.000000 0.000000 0.000000  -0.707107 -0.707107 0.000000
2451545.013338  5.6408034401e-01  1.000000 0.000000 0.000000  -0.707107 -0.707107 0.000000
2451545.014005  5.5550377748e-01  1.000000 0.000000 0.000000  -0.707107 -0.707107 0.000000
2451545.014672  5.4034553340e-01  1.000000 0.000000 0.000000  -0.707107 -0.707107 0.000000
2451545.015339  5.4392759684e-01  1.000000 0.000000 0.000000  -0.707107 -0.707107 0.000000
2451545.016006  5.4331602504e-01  1.000000 0.000000 0.000000  -0.707107 -0.707107 0.000000
2451545.016672  5.4334514750e-01  1.000000 0.000000 0.000000  -0.707107 -0.707107 0.000000
2451545.017339  5.4048386512e-01  1.000000 0.000000 0.000000  -0.707107 -0.707107 0.000000
2451545.018006  5.4301023913e-01  1.000000 0.000000 0.000000  -0.707107 -0.707107 0.000000
2451545.018673  5.4437171446e-01  1.000000 0.000000 0.000000  -0.707107 -0.707107 0.000000
2451545.019340  5.4882745192e-01  1.000000 0.000000 0.000000  -0.707107 -0.707107 0.000000
2451545.020007  5.6905300525e-01  1.000000 0.000000 0.000000  -0.707107 -0.707107 0.000000
2451545.020674  5.7883815416e-01  1.000000 0.000000 0.000000  -0.707107 -0.707107 0.000000
2451545.021341  5.8122619646e-01  1.000000 0.000000 0.000000  -0.707107 -0.707107 0.000000
2451545.022008  5.9457884758e-01  1.000000 0.000000 0.000000  -0.707107 -0.707107 0.000000
2451545.022674  5.9350859692e-01  1.000000 0.000000 0.000000  -0.707107 -0.707107 0.000000
2451545.023341  5.7031983257e-01  1.000000 0.000000 0.000000  -0.707107 -0.707107 0.000000
2451545.024008  5.3040749154e-01  1.000000 0.000000 0.000000  -0.707107 -0.707107 0.000000
2451545.024675  4.9870040559e-01  1.000000 0.000000 0.000000  -0.707107 -0.707107 0.000000
2451545.025342  4.5242480552e-01  1.000000 0.000000 0.000000  -0.707107 -0.707107 0.000000
2451545.026009  4.4464182621e-01  1.000000 0.000000 0.000000  -0.707107 -0.707107 0.000000
2451545.026676  4.7195141964e-01  1.000000 0.000000 0.000000  -0.707107 -0.707107 0.000000
2451545.027343  5.1388777213e-01  1.000000 0.000000 0.000000  -0.707107 -0.707107 0.000000
2451545.028010  5.8871795109e-01  1.000000 0.000000 0.000000  -0.707107 -0.707107 0.000000
2451545.028677  6.3030483398e-01  1.000000 0.000000 0.000000  -0.707107 -0.707107 0.000000
2451545.029343  6.3790579786e-01  1.000000 0.000000 0.000000  -0.707107 -0.707107 0.000000
2451545.030010  6.1430203836e-01  1.000000 0.000000 0.000000  -0.707107 -0.707107 0.000000
2451545.030677  5.9891809516e-01  1.000000 0.000000 0.000000  -0.707107 -0.707107 0.000000
2451545.031344  5.9484823040e-01  1.000000 0.000000 0.000000  -0.707107 -0.707107 0.000000
2451545.032011  5.7626081583e-01  1.000000 0.000000 0.000000  -0.707107 -0.707107 0.000000
2451545.032678  5.6991939864e-01  1.000000 0.000000 0.000000  -0.707107 -0.707107 0.000000
2451545.033345  5.6646838630e-01  1.000000 0.000000 0.000000  -0.707107 -0.707107 0.000000
2451545.034012  5.6826669864e-01  1.000000 0.000000 0.000000  -0.707107 -0.707107 0.000000
2451545.034679  5.7313015063e-01  1.000000 0.000000 0.000000  -0.707107 -0.707107 0.000000
2451545.035345  5.9321737225e-01  1.000000 0.000000 0.000000  -0.707107 -0.707107 0.000000
2451545.036012  6.0642441103e-01  1.000000 0.000000 0.000000  -0.707107 -0.707107 0.000000
2451545.036679  6.2376684013e-01  1.000000 0.000000 0.000000  -0.707107 -0.707107 0.000000
2451545.037346  6.4800401330e-01  1.000000 0.000000 0.000000  -0.707107 -0.707107 0.000000
2451545.038013  6.7500054021e-01  1.000000 0.000000 0.000000  -0.707107 -0.707107 0.000000
2451545.038680  6.9159306578e-01  1.000000 0.000000 0.000000  -0.707107 -0.707107 0.000000
2451545.039347  7.2335839667e-01  1.000000 0.000000 0.000000  -0.707107 -0.707107 0.000000
2451545.040014  7.4838915706e-01  1.000000 0.000000 0.000000  -0.707107 -0.707107 0.000000
2451545.040681  7.6890593506e-01  1.000000 0.000000 0.000000  -0.707107 -0.707107 0.000000
2451545.041348  7.9364547078e-01  1.000000 0.000000 0.000000  -0.707107 -0.707107 0.000000
2451545.042014  8.1555284659e-01  1.000000 0.000000 0.000000  -0.707107 -0.707107 0.000000
2451545.042681  8.3730732944e-01  1.000000 0.000000 0.000000  -0.707107 -0.707107 0.000000
2451545.043348  9.4871532696e-01  1.000000 0.000000 0.000000  -0.707107 -0.707107 0.000000
2451545.044015  9.4444888554e-01  1.000000 0.000000 0.000000  -0.707107 -0.707107 0.000000
2451545.044682  9.5447429481e-01  1.000000 0.000000 0.000000  -0.707107 -0.707107 0.000000
2451545.045349  9.8578094684e-01  1.000000 0.000000 0.000000  -0.707107 -0.707107 0.000000
2451545.046016  1.0583978183e+00  1.000000 0.000000 0.000000  -0.707107 -0.707107 0.000000
2451545.046683  1.1633115057e+00  1.000000 0.000000 0.000000  -0.707107 -0.707107 0.000000
2451545.047350  1.3170198865e+00  1.000000 0.000000 0.000000  -0.707107 -0.707107 0.000000
2451545.048017  1.3942745109e+00  1.000000 0.000000 0.000000  -0.707107 -0.707107 0.000000
2451545.048683  1.4506774489e+00  1.000000 0.000000 0.000000  -0.707107 -0.707107 0.000000
2451545.049350  1.5144410904e+00  1.000000 0.000000 0.000000  -0.707107 -0.707107 0.000000
2451545.050017  1.5384962481e+00  1.000000 0.000000 0.000000  -0.707107 -0.707107 0.000000
2451545.050684  1.5546300948e+00  1.000000 0.000000 0.000000  -0.707107 -0.707107 0.000000
2451545.051351  1.5819396883e+00  1.000000 0.000000 0.000000  -0.707107 -0.707107 0.000000
2451545.052018  1.5943021755e+00  1.000000 0.000000 0.000000  -0.707107 -0.707107 0.000000
2451545.052685  1.6099190984e+00  1.000000 0.000000 0.000000  -0.707107 -0.707107 0.000000
2451545.053352  1.6474798002e+00  1.000000 0.000000 0.000000  -0.707107 -0.707107 0.000000
2451545.054019  1.6665695774e+00  1.000000 0.000000 0.000000  -0.707107 -0.707107 0.000000
2451545.054685  1.6769881399e+00  1.000000 0.000000 0.000000  -0.707107 -0.707107 0.000000
2451545.055352  1.6745272915e+00  1.000000 0.000000 0.000000  -0.707107 -0.707107 0.000000
2451545.056019  1.6720591624e+00  1.000000 0.000000 0.000000  -0.707107 -0.707107 0.000000
2451545.056686  1.6894743977e+00  1.000000 0.000000 0.000000  -0.707107 -0.707107 0.000000
2451545.057353  1.6628928659e+00  1.000000 0.000000 0.000000  -0.707107 -0.707107 0.000000
2451545.058020  1.6532678906e+00  1.000000 0.000000 0.000000  -0.707107 -0.707107 0.000000
2451545.058687  1.6361657218e+00  1.000000 0.000000 0.000000  -0.707107 -0.707107 0.000000
2451545.059354  1.5993767654e+00  1.000000 0.000000 0.000000  -0.707107 -0.707107 0.000000
2451545.060021  1.5649758512e+00  1.000000 0.000000 0.000000  -0.707107 -0.707107 0.000000
2451545.060688  1.5328392089e+00  1.000000 0.000000 0.000000  -0.707107 -0.707107 0.000000
2451545.061354  1.4936767714e+00  1.000000 0.000000 0.000000  -0.707107 -0.707107 0.000000
2451545.062021  1.4887259520e+00  1.000000 0.000000 0.000000  -0.707107 -0.707107 0.000000
2451545.062688  1.4777249401e+00  1.000000 0.000000 0.000000  -0.707107 -0.707107 0.000000
2451545.063355  1.4771424907e+00  1.000000 0.000000 0.000000  -0.707107 -0.707107 0.000000
2451545.064022  1.4838989031e+00  1.000000 0.000000 0.000000  -0.707107 -0.707107 0.000000
2451545.064689  1.4941281696e+00  1.000000 0.000000 0.000000  -0.707107 -0.707107 0.000000
2451545.065356  1.5249397397e+00  1.000000 0.000000 0.000000  -0.707107 -0.707107 0.000000
2451545.066023  1.5688418587e+00  1.000000 0.000000 0.000000  -0.707107 -0.707107 0.000000
2451545.066690  1.5934285015e+00  1.000000 0.000000 0.000000  -0.707107 -0.707107 0.000000
2451545.067356  1.6489796073e+00  1.000000 0.000000 0.000000  -0.707107 -0.707107 0.000000
2451545.068023  1.6868169725e+00  1.000000 0.000000 0.000000  -0.707107 -0.707107 0.000000
2451545.068690  1.7056009638e+00  1.000000 0.000000 0.000000  -0.707107 -0.707107 0.000000
2451545.069357  1.5899410861e+00  1.000000 0.000000 0.000000  -0.707107 -0.707107 0.000000
2451545.070024  1.3913185805e+00  1.000000 0.000000 0.000000  -0.707107 -0.707107 0.000000
2451545.070691  1.0124571266e+00  1.000000 0.000000 0.000000  -0.707107 -0.707107 0.000000
2451545.071358  7.7217493198e-01  1.000000 0.000000 0.000000  -0.707107 -0.707107 0.000000
2451545.072025  6.0352672557e-01  1.000000 0.000000 0.000000  -0.707107 -0.707107 0.000000
2451545.072692  3.8194115475e-01  1.000000 0.000000 0.000000  -0.707107 -0.707107 0.000000
2451545.073359  2.8461387003e-01  1.000000 0.000000 0.000000  -0.707107 -0.707107 0.000000
2451545.074025  2.5967047704e-01  1.000000 0.000000 0.000000  -0.707107 -0.707107 0.000000
2451545.074692  2.2885162633e-01  1.000000 0.000000 0.000000  -0.707107 -0.707107 0.000000
2451545.075359  2.2718436510e-01  1.000000 0.000000 0.000000  -0.707107 -0.707107 0.000000
2451545.076026  2.1921937037e-01  1.000000 0.000000 0.000000  -0.707107 -0.707107 0.000000
2451545.076693  2.1652554217e-01  1.000000 0.000000 0.000000  -0.707107 -0.707107 0.000000
2451545.077360  2.1710799151e-01  1.000000 0.000000 0.000000  -0.707107 -0.707107 0.000000
2451545.078027  2.1654010341e-01  1.000000 0.000000 0.000000  -0.707107 -0.707107 0.000000
2451545.078694  2.1162568710e-01  1.000000 0.000000 0.000000  -0.707107 -0.707107 0.000000
2451545.079361  2.0645644921e-01  1.000000 0.000000 0.000000  -0.707107 -0.707107 0.000000
2451545.080028  2.0917939987e-01  1.000000 0.000000 0.000000  -0.707107 -0.707107 0.000000
2451545.080694  2.0115616021e-01  1.000000 0.000000 0.000000  -0.707107 -0.707107 0.000000
2451545.081361  1.9710813730e-01  1.000000 0.000000 0.000000  -0.707107 -0.707107 0.000000
2451545.082028  1.9621990205e-01  1.000000 0.000000 0.000000  -0.707107 -0.707107 0.000000
2451545.082695  1.9197530249e-01  1.000000 0.000000 0.000000  -0.707107 -0.707107 0.000000
2451545.083362  1.8984208178e-01  1.000000 0.000000 0.000000  -0.707107 -0.707107 0.000000
2451545.084029  1.8592510997e-01  1.000000 0.000000 0.000000  -0.707107 -0.707107 0.000000
2451545.084696  1.8402486900e-01  1.000000 0.000000 0.000000  -0.707107 -0.707107 0.000000
2451545.085363  1.7520076149e-01  1.000000 0.000000 0.000000  -0.707107 -0.707107 0.000000
2451545.086030  1.7067949849e-01  1.000000 0.000000 0.000000  -0.707107 -0.707107 0.000000
2451545.086696  1.5717395442e-01  1.000000 0.000000 0.000000  -0.707107 -0.707107 0.000000
2451545.087363  1.4548856453e-01  1.000000 0.000000 0.000000  -0.707107 -0.707107 0.000000
2451545.088030  1.3113846892e-01  1.000000 0.000000 0.000000  -0.707107 -0.707107 0.000000
2451545.088697  1.2398162265e-01  1.000000 0.000000 0.000000  -0.707107 -0.707107 0.000000
2451545.089364  1.3007549887e-01  1.000000 0.000000 0.000000  -0.707107 -0.707107 0.000000
2451545.090031  1.3093461165e-01  1.000000 0.000000 0.000000  -0.707107 -0.707107 0.000000
2451545.090698  1.4577978920e-01  1.000000 0.000000 0.000000  -0.707107 -0.707107 0.000000
2451545.091365  1.5853542975e-01  1.000000 0.000000 0.000000  -0.707107 -0.707107 0.000000
2451545.092032  1.9256503244e-01  1.000000 0.000000 0.000000  -0.707107 -0.707107 0.000000
2451545.092699  3.6998638205e-01  1.000000 0.000000 0.000000  -0.707107 -0.707107 0.000000
2451545.093365  5.9211799912e-01  1.000000 0.000000 0.000000  -0.707107 -0.707107 0.000000
2451545.094032  8.4335752196e-01  1.000000 0.000000 0.000000  -0.707107 -0.707107 0.000000
2451545.094699  1.1615495964e+00  1.000000 0.000000 0.000000  -0.707107 -0.707107 0.000000
2451545.095366  1.2828009878e+00  1.000000 0.000000 0.000000  -0.707107 -0.707107 0.000000
2451545.096033  1.3580607232e+00  1.000000 0.000000 0.000000  -0.707107 -0.707107 0.000000
2451545.096700  1.3847077805e+00  1.000000 0.000000 0.000000  -0.707107 -0.707107 0.000000
2451545.097367  1.3838122646e+00  1.000000 0.000000 0.000000  -0.707107 -0.707107 0.000000
2451545.098034  1.3843364690e+00  1.000000 0.000000 0.000000  -0.707107 -0.707107 0.000000
2451545.098701  1.3808636148e+00  1.000000 0.000000 0.000000  -0.707107 -0.707107 0.000000
2451545.099367  1.3750900857e+00  1.000000 0.000000 0.000000  -0.707107 -0.707107 0.000000
2451545.100034  1.3914641928e+00  1.000000 0.000000 0.000000  -0.707107 -0.707107 0.000000
2451545.100701  1.3835865655e+00  1.000000 0.000000 0.000000  -0.707107 -0.707107 0.000000
2451545.101368  1.3891343955e+00  1.000000 0.000000 0.000000  -0.707107 -0.707107 0.000000
2451545.102035  1.3799535377e+00  1.000000 0.000000 0.000000  -0.707107 -0.707107 0.000000
2451545.102702  1.3681443774e+00  1.000000 0.000000 0.000000  -0.707107 -0.707107 0.000000
2451545.103369  1.3701829501e+00  1.000000 0.000000 0.000000  -0.707107 -0.707107 0.000000
2451545.104036  1.3353451989e+00  1.000000 0.000000 0.000000  -0.707107 -0.707107 0.000000
2451545.104703  1.3116759138e+00  1.000000 0.000000 0.000000  -0.707107 -0.707107 0.000000
2451545.105370  1.2775735050e+00  1.000000 0.000000 0.000000  -0.707107 -0.707107 0.000000
2451545.106036  1.2427939988e+00  1.000000 0.000000 0.000000  -0.707107 -0.707107 0.000000
2451545.106703  1.2123537401e+00  1.000000 0.000000 0.000000  -0.707107 -0.707107 0.000000
2451545.107370  1.1964747150e+00  1.000000 0.000000 0.000000  -0.707107 -0.707107 0.000000
2451545.108037  1.1676361920e+00  1.000000 0.000000 0.000000  -0.707107 -0.707107 0.000000
2451545.108704  1.1554120365e+00  1.000000 0.000000 0.000000  -0.707107 -0.707107 0.000000
2451545.109371  1.1403848435e+00  1.000000 0.000000 0.000000  -0.707107 -0.707107 0.000000
2451545.110038  1.1175601100e+00  1.000000 0.000000 0.000000  -0.707107 -0.707107 0.000000
2451545.110705  1.1162932827e+00  1.000000 0.000000 0.000000  -0.707107 -0.707107 0.000000
2451545.111372  1.1188269373e+00  1.000000 0.000000 0.000000  -0.707107 -0.707107 0.000000
2451545.112039  1.1111240448e+00  1.000000 0.000000 0.000000  -0.707107 -0.707107 0.000000
2451545.112705  1.1032536981e+00  1.000000 0.000000 0.000000  -0.707107 -0.707107 0.000000
2451545.113372  1.1006690792e+00  1.000000 0.000000 0.000000  -0.707107 -0.707107 0.000000
2451545.114039  1.0987615576e+00  1.000000 0.000000 0.000000  -0.707107 -0.707107 0.000000
2451545.114706  1.1115099175e+00  1.000000 0.000000 0.000000  -0.707107 -0.707107 0.000000
2451545.115373  1.1264279012e+00  1.000000 0.000000 0.000000  -0.707107 -0.707107 0.000000
2451545.116040  1.1380841687e+00  1.000000 0.000000 0.000000  -0.707107 -0.707107 0.000000
2451545.116707  1.1266463197e+00  1.000000 0.000000 0.000000  -0.707107 -0.707107 0.000000
2451545.117374  1.1147061083e+00  1.000000 0.000000 0.000000  -0.707107 -0.707107 0.000000
2451545.118041  1.0961332549e+00  1.000000 0.000000 0.000000  -0.707107 -0.707107 0.000000
2451545.118707  1.0498794967e+00  1.000000 0.000000 0.000000  -0.707107 -0.707107 0.000000
2451545.119374  1.0068583323e+00  1.000000 0.000000 0.000000  -0.707107 -0.707107 0.000000
2451545.120041  8.9795486697e-01  1.000000 0.000000 0.000000  -0.707107 -0.707107 0.000000
2451545.120708  8.1966639505e-01  1.000000 0.000000 0.000000  -0.707107 -0.707107 0.000000
2451545.121375  7.1979817508e-01  1.000000 0.000000 0.000000  -0.707107 -0.707107 0.000000
2451545.122042  6.4684639523e-01  1.000000 0.000000 0.000000  -0.707107 -0.707107 0.000000
2451545.122709  6.5713390670e-01  1.000000 0.000000 0.000000  -0.707107 -0.707107 0.000000
2451545.123376  6.6177165957e-01  1.000000 0.000000 0.000000  -0.707107 -0.707107 0.000000
2451545.124043  6.8158221775e-01  1.000000 0.000000 0.000000  -0.707107 -0.707107 0.000000
2451545.124710  6.8425420410e-01  1.000000 0.000000 0.000000  -0.707107 -0.707107 0.000000
2451545.125376  6.8788723186e-01  1.000000 0.000000 0.000000  -0.707107 -0.707107 0.000000
2451545.126043  6.9826939135e-01  1.000000 0.000000 0.000000  -0.707107 -0.707107 0.000000
2451545.126710  7.0487291074e-01  1.000000 0.000000 0.000000  -0.707107 -0.707107 0.000000
2451545.127377  7.2036606318e-01  1.000000 0.000000 0.000000  -0.707107 -0.707107 0.000000
2451545.128044  7.3670376717e-01  1.000000 0.000000 0.000000  -0.707107 -0.707107 0.000000
2451545.128711  7.4634330375e-01  1.000000 0.000000 0.000000  -0.707107 -0.707107 0.000000
2451545.129378  7.6035121038e-01  1.000000 0.000000 0.000000  -0.707107 -0.707107 0.000000
2451545.130045  7.9857444832e-01  1.000000 0.000000 0.000000  -0.707107 -0.707107 0.000000
2451545.130712  8.0903669459e-01  1.000000 0.000000 0.000000  -0.707107 -0.707107 0.000000
2451545.131378  8.2891277832e-01  1.000000 0.000000 0.000000  -0.707107 -0.707107 0.000000
2451545.132045  8.4986639333e-01  1.000000 0.000000 0.000000  -0.707107 -0.707107 0.000000
2451545.132712  8.7111123301e-01  1.000000 0.000000 0.000000  -0.707107 -0.707107 0.000000
2451545.133379  8.9618567710e-01  1.000000 0.000000 0.000000  -0.707107 -0.707107 0.000000
2451545.134046  9.2641479785e-01  1.000000 0.000000 0.000000  -0.707107 -0.707107 0.000000
2451545.134713  9.4652386132e-01  1.000000 0.000000 0.000000  -0.707107 -0.707107 0.000000
2451545.135380  9.6906465078e-01  1.000000 0.000000 0.000000  -0.707107 -0.707107 0.000000
2451545.136047  9.9159815962e-01  1.000000 0.000000 0.000000  -0.707107 -0.707107 0.000000
2451545.136714  1.0111029319e+00  1.000000 0.000000 0.000000  -0.707107 -0.707107 0.000000
2451545.137381  1.0281031720e+00  1.000000 0.000000 0.000000  -0.707107 -0.707107 0.000000
2451545.138047  1.0393517249e+00  1.000000 0.000000 0.000000  -0.707107 -0.707107 0.000000
2451545.138714  1.0475278575e+00  1.000000 0.000000 0.000000  -0.707107 -0.707107 0.000000
2451545.139381  1.0753034104e+00  1.000000 0.000000 0.000000  -0.707107 -0.707107 0.000000
2451545.140048  1.1734752467e+00  1.000000 0.000000 0.000000  -0.707107 -0.707107 0.000000
2451545.140715  1.2597432746e+00  1.000000 0.000000 0.000000  -0.707107 -0.707107 0.000000
2451545.141382  1.3619922562e+00  1.000000 0.000000 0.000000  -0.707107 -0.707107 0.000000
2451545.142049  1.4150097074e+00  1.000000 0.000000 0.000000  -0.707107 -0.707107 0.000000
2451545.142716  1.4388755691e+00  1.000000 0.000000 0.000000  -0.707107 -0.707107 0.000000
2451545.143383  1.4680417198e+00  1.000000 0.000000 0.000000  -0.707107 -0.707107 0.000000
2451545.144050  1.4987003969e+00  1.000000 0.000000 0.000000  -0.707107 -0.707107 0.000000
2451545.144716  1.5198724305e+00  1.000000 0.000000 0.000000  -0.707107 -0.707107 0.000000
2451545.145383  1.5468762380e+00  1.000000 0.000000 0.000000  -0.707107 -0.707107 0.000000
2451545.146050  1.5868031402e+00  1.000000 0.000000 0.000000  -0.707107 -0.707107 0.000000
2451545.146717  1.6240362143e+00  1.000000 0.000000 0.000000  -0.707107 -0.707107 0.000000
2451545.147384  1.6989756025e+00  1.000000 0.000000 0.000000  -0.707107 -0.707107 0.000000
2451545.148051  1.7567691383e+00  1.000000 0.000000 0.000000  -0.707107 -0.707107 0.000000
2451545.148718  1.8336451706e+00  1.000000 0.000000 0.000000  -0.707107 -0.707107 0.000000
2451545.149385  1.8784136830e+00  1.000000 0.000000 0.000000  -0.707107 -0.707107 0.000000
2451545.150052  1.8988649354e+00  1.000000 0.000000 0.000000  -0.707107 -0.707107 0.000000
2451545.150718  1.9321810377e+00  1.000000 0.000000 0.000000  -0.707107 -0.707107 0.000000
2451545.151385  1.9657665227e+00  1.000000 0.000000 0.000000  -0.707107 -0.707107 0.000000
2451545.152052  1.9912341201e+00  1.000000 0.000000 0.000000  -0.707107 -0.707107 0.000000
2451545.152719  1.9958864342e+00  1.000000 0.000000 0.000000  -0.707107 -0.707107 0.000000
2451545.153386  1.9970149298e+00  1.000000 0.000000 0.000000  -0.707107 -0.707107 0.000000
2451545.154053  2.0013760193e+00  1.000000 0.000000 0.000000  -0.707107 -0.707107 0.000000
2451545.154720  1.9941390862e+00  1.000000 0.000000 0.000000  -0.707107 -0.707107 0.000000
2451545.155387  1.9781217294e+00  1.000000 0.000000 0.000000  -0.707107 -0.707107 0.000000
2451545.156054  1.9521226470e+00  1.000000 0.000000 0.000000  -0.707107 -0.707107 0.000000
2451545.156721  1.9543869188e+00  1.000000 0.000000 0.000000  -0.707107 -0.707107 0.000000
2451545.157387  1.9508849421e+00  1.000000 0.000000 0.000000  -0.707107 -0.707107 0.000000
2451545.158054  1.9476669095e+00  1.000000 0.000000 0.000000  -0.707107 -0.707107 0.000000
2451545.158721  1.9327416452e+00  1.000000 0.000000 0.000000  -0.707107 -0.707107 0.000000
2451545.159388  1.9194181165e+00  1.000000 0.000000 0.000000  -0.707107 -0.707107 0.000000
2451545.160055  1.9047986381e+00  1.000000 0.000000 0.000000  -0.707107 -0.707107 0.000000
2451545.160722  1.8873906834e+00  1.000000 0.000000 0.000000  -0.707107 -0.707107 0.000000
2451545.161389  1.8645222662e+00  1.000000 0.000000 0.000000  -0.707107 -0.707107 0.000000
2451545.162056  1.8562660468e+00  1.000000 0.000000 0.000000  -0.707107 -0.707107 0.000000
2451545.162723  1.8507254975e+00  1.000000 0.000000 0.000000  -0.707107 -0.707107 0.000000
2451545.163389  1.8454907340e+00  1.000000 0.000000 0.000000  -0.707107 -0.707107 0.000000
2451545.164056  1.8313372151e+00  1.000000 0.000000 0.000000  -0.707107 -0.707107 0.000000
2451545.164723  1.8227606485e+00  1.000000 0.000000 0.000000  -0.707107 -0.707107 0.000000
2451545.165390  1.7942206309e+00  1.000000 0.000000 0.000000  -0.707107 -0.707107 0.000000
2451545.166057  1.7512941145e+00  1.000000 0.000000 0.000000  -0.707107 -0.707107 0.000000
2451545.166724  1.7024994210e+00  1.000000 0.000000 0.000000  -0.707107 -0.707107 0.000000
2451545.167391  1.5913389645e+00  1.000000 0.000000 0.000000  -0.707107 -0.707107 0.000000
2451545.168058  1.4907499634e+00  1.000000 0.000000 0.000000  -0.707107 -0.707107 0.000000
2451545.168725  1.3601284183e+00  1.000000 0.000000 0.000000  -0.707107 -0.707107 0.000000
2451545.169392  1.2021317542e+00  1.000000 0.000000 0.000000  -0.707107 -0.707107 0.000000
2451545.170058  1.1577709563e+00  1.000000 0.000000 0.000000  -0.707107 -0.707107 0.000000
2451545.170725  1.1293911123e+00  1.000000 0.000000 0.000000  -0.707107 -0.707107 0.000000
2451545.171392  1.0740365831e+00  1.000000 0.000000 0.000000  -0.707107 -0.707107 0.000000
2451545.172059  1.0422712522e+00  1.000000 0.000000 0.000000  -0.707107 -0.707107 0.000000
2451545.172726  9.9791045435e-01  1.000000 0.000000 0.000000  -0.707107 -0.707107 0.000000
2451545.173393  9.7833287590e-01  1.000000 0.000000 0.000000  -0.707107 -0.707107 0.000000
2451545.174060  9.5963625209e-01  1.000000 0.000000 0.000000  -0.707107 -0.707107 0.000000
2451545.174727  9.4837313797e-01  1.000000 0.000000 0.000000  -0.707107 -0.707107 0.000000
2451545.175394  9.4043726571e-01  1.000000 0.000000 0.000000  -0.707107 -0.707107 0.000000
2451545.176061  9.3948350492e-01  1.000000 0.000000 0.000000  -0.707107 -0.707107 0.000000
2451545.176727  9.3439435381e-01  1.000000 0.000000 0.000000  -0.707107 -0.707107 0.000000
2451545.177394  9.1899584938e-01  1.000000 0.000000 0.000000  -0.707107 -0.707107 0.000000
2451545.178061  9.1743779740e-01  1.000000 0.000000 0.000000  -0.707107 -0.707107 0.000000
2451545.178728  9.0982955289e-01  1.000000 0.000000 0.000000  -0.707107 -0.707107 0.000000
2451545.179395  9.0372839606e-01  1.000000 0.000000 0.000000  -0.707107 -0.707107 0.000000
2451545.180062  8.9074705639e-01  1.000000 0.000000 0.000000  -0.707107 -0.707107 0.000000
2451545.180729  8.8073620836e-01  1.000000 0.000000 0.000000  -0.707107 -0.707107 0.000000
2451545.181396  8.8210496431e-01  1.000000 0.000000 0.000000  -0.707107 -0.707107 0.000000
2451545.182063  8.8375766431e-01  1.000000 0.000000 0.000000  -0.707107 -0.707107 0.000000
2451545.182729  8.7935289117e-01  1.000000 0.000000 0.000000  -0.707107 -0.707107 0.000000
2451545.183396  8.7115491671e-01  1.000000 0.000000 0.000000  -0.707107 -0.707107 0.000000
2451545.184063  8.7240718279e-01  1.000000 0.000000 0.000000  -0.707107 -0.707107 0.000000
2451545.184730  8.6592743389e-01  1.000000 0.000000 0.000000  -0.707107 -0.707107 0.000000
2451545.185397  8.8188654580e-01  1.000000 0.000000 0.000000  -0.707107 -0.707107 0.000000
2451545.186064  8.9290211895e-01  1.000000 0.000000 0.000000  -0.707107 -0.707107 0.000000
2451545.186731  9.1517352559e-01  1.000000 0.000000 0.000000  -0.707107 -0.707107 0.000000
2451545.187398  9.4996031242e-01  1.000000 0.000000 0.000000  -0.707107 -0.707107 0.000000
2451545.188065  9.7343302083e-01  1.000000 0.000000 0.000000  -0.707107 -0.707107 0.000000
2451545.188732  8.9585804935e-01  1.000000 0.000000 0.000000  -0.707107 -0.707107 0.000000
2451545.189398  8.3552357833e-01  1.000000 0.000000 0.000000  -0.707107 -0.707107 0.000000
2451545.190065  8.1912034879e-01  1.000000 0.000000 0.000000  -0.707107 -0.707107 0.000000
2451545.190732  7.7836345622e-01  1.000000 0.000000 0.000000  -0.707107 -0.707107 0.000000
2451545.191399  7.5245174121e-01  1.000000 0.000000 0.000000  -0.707107 -0.707107 0.000000
2451545.192066  7.2633616892e-01  1.000000 0.000000 0.000000  -0.707107 -0.707107 0.000000
2451545.192733  6.9624537989e-01  1.000000 0.000000 0.000000  -0.707107 -0.707107 0.000000
2451545.193400  6.7856076180e-01  1.000000 0.000000 0.000000  -0.707107 -0.707107 0.000000
2451545.194067  6.6100719481e-01  1.000000 0.000000 0.000000  -0.707107 -0.707107 0.000000
2451545.194734  6.2000276127e-01  1.000000 0.000000 0.000000  -0.707107 -0.707107 0.000000
2451545.195400  6.0356312865e-01  1.000000 0.000000 0.000000  -0.707107 -0.707107 0.000000
2451545.196067  5.9959519252e-01  1.000000 0.000000 0.000000  -0.707107 -0.707107 0.000000
2451545.196734  6.0173569385e-01  1.000000 0.000000 0.000000  -0.707107 -0.707107 0.000000
2451545.197401  6.1158636831e-01  1.000000 0.000000 0.000000  -0.707107 -0.707107 0.000000
2451545.198068  6.1930382207e-01  1.000000 0.000000 0.000000  -0.707107 -0.707107 0.000000
2451545.198735  6.4259451505e-01  1.000000 0.000000 0.000000  -0.707107 -0.707107 0.000000
2451545.199402  6.5955107146e-01  1.000000 0.000000 0.000000  -0.707107 -0.707107 0.000000
2451545.200069  6.7963829308e-01  1.000000 0.000000 0.000000  -0.707107 -0.707107 0.000000
2451545.200736  6.9936876447e-01  1.000000 0.000000 0.000000  -0.707107 -0.707107 0.000000
2451545.201403  7.1483279445e-01  1.000000 0.000000 0.000000  -0.707107 -0.707107 0.000000
2451545.202069  7.2935762487e-01  1.000000 0.000000 0.000000  -0.707107 -0.707107 0.000000
2451545.202736  7.4895704517e-01  1.000000 0.000000 0.000000  -0.707107 -0.707107 0.000000
2451545.203403  7.6277565576e-01  1.000000 0.000000 0.000000  -0.707107 -0.707107 0.000000
2451545.204070  7.7445376503e-01  1.000000 0.000000 0.000000  -0.707107 -0.707107 0.000000
2451545.204737  7.8810492143e-01  1.000000 0.000000 0.000000  -0.707107 -0.707107 0.000000
2451545.205404  7.9210926065e-01  1.000000 0.000000 0.000000  -0.707107 -0.707107 0.000000
2451545.206071  7.9004884611e-01  1.000000 0.000000 0.000000  -0.707107 -0.707107 0.000000
2451545.206738  7.9724937607e-01  1.000000 0.000000 0.000000  -0.707107 -0.707107 0.000000
2451545.207405  8.2287714704e-01  1.000000 0.000000 0.000000  -0.707107 -0.707107 0.000000
2451545.208072  8.7259647883e-01  1.000000 0.000000 0.000000  -0.707107 -0.707107 0.000000
2451545.208738  9.4703350449e-01  1.000000 0.000000 0.000000  -0.707107 -0.707107 0.000000
2451545.209405  9.6086667632e-01  1.000000 0.000000 0.000000  -0.707107 -0.707107 0.000000
2451545.210072  9.7284329087e-01  1.000000 0.000000 0.000000  -0.707107 -0.707107 0.000000
2451545.210739  9.6781238470e-01  1.000000 0.000000 0.000000  -0.707107 -0.707107 0.000000
2451545.211406  9.6544618425e-01  1.000000 0.000000 0.000000  -0.707107 -0.707107 0.000000
2451545.212073  9.5974546134e-01  1.000000 0.000000 0.000000  -0.707107 -0.707107 0.000000
2451545.212740  9.7330196973e-01  1.000000 0.000000 0.000000  -0.707107 -0.707107 0.000000
2451545.213407  9.7360047501e-01  1.000000 0.000000 0.000000  -0.707107 -0.707107 0.000000
2451545.214074  9.7891532524e-01  1.000000 0.000000 0.000000  -0.707107 -0.707107 0.000000
2451545.214740  9.9182385874e-01  1.000000 0.000000 0.000000  -0.707107 -0.707107 0.000000
2451545.215407  1.0095157574e+00  1.000000 0.000000 0.000000  -0.707107 -0.707107 0.000000
2451545.216074  1.0325953125e+00  1.000000 0.000000 0.000000  -0.707107 -0.707107 0.000000
2451545.216741  1.0549031223e+00  1.000000 0.000000 0.000000  -0.707107 -0.707107 0.000000
2451545.217408  1.0746263130e+00  1.000000 0.000000 0.000000  -0.707107 -0.707107 0.000000
2451545.218075  1.1057072660e+00  1.000000 0.000000 0.000000  -0.707107 -0.707107 0.000000
2451545.218742  1.1344292990e+00  1.000000 0.000000 0.000000  -0.707107 -0.707107 0.000000
2451545.219409  1.1689758255e+00  1.000000 0.000000 0.000000  -0.707107 -0.707107 0.000000
2451545.220076  1.2335694573e+00  1.000000 0.000000 0.000000  -0.707107 -0.707107 0.000000
2451545.220743  1.2505915393e+00  1.000000 0.000000 0.000000  -0.707107 -0.707107 0.000000
2451545.221409  1.2591317028e+00  1.000000 0.000000 0.000000  -0.707107 -0.707107 0.000000
2451545.222076  1.2585419728e+00  1.000000 0.000000 0.000000  -0.707107 -0.707107 0.000000
2451545.222743  1.2240172882e+00  1.000000 0.000000 0.000000  -0.707107 -0.707107 0.000000
2451545.223410  1.2176467485e+00  1.000000 0.000000 0.000000  -0.707107 -0.707107 0.000000
2451545.224077  1.1910506555e+00  1.000000 0.000000 0.000000  -0.707107 -0.707107 0.000000
2451545.224744  1.2105991115e+00  1.000000 0.000000 0.000000  -0.707107 -0.707107 0.000000
2451545.225411  1.2539042199e+00  1.000000 0.000000 0.000000  -0.707107 -0.707107 0.000000
2451545.226078  1.3066741301e+00  1.000000 0.000000 0.000000  -0.707107 -0.707107 0.000000
2451545.226745  1.3445624597e+00  1.000000 0.000000 0.000000  -0.707107 -0.707107 0.000000
2451545.227411  1.3817882532e+00  1.000000 0.000000 0.000000  -0.707107 -0.707107 0.000000
2451545.228078  1.4333641422e+00  1.000000 0.000000 0.000000  -0.707107 -0.707107 0.000000
2451545.228745  1.4664691066e+00  1.000000 0.000000 0.000000  -0.707107 -0.707107 0.000000
2451545.229412  1.5067818815e+00  1.000000 0.000000 0.000000  -0.707107 -0.707107 0.000000
2451545.230079  1.5568142798e+00  1.000000 0.000000 0.000000  -0.707107 -0.707107 0.000000
2451545.230746  1.5684632666e+00  1.000000 0.000000 0.000000  -0.707107 -0.707107 0.000000
2451545.231413  1.5245393058e+00  1.000000 0.000000 0.000000  -0.707107 -0.707107 0.000000
2451545.232080  1.4113184347e+00  1.000000 0.000000 0.000000  -0.707107 -0.707107 0.000000
2451545.232747  1.3419851214e+00  1.000000 0.000000 0.000000  -0.707107 -0.707107 0.000000
2451545.233414  1.2403040278e+00  1.000000 0.000000 0.000000  -0.707107 -0.707107 0.000000
2451545.234080  1.1067556748e+00  1.000000 0.000000 0.000000  -0.707107 -0.707107 0.000000
2451545.234747  9.6787791025e-01  1.000000 0.000000 0.000000  -0.707107 -0.707107 0.000000
2451545.235414  8.0813389812e-01  1.000000 0.000000 0.000000  -0.707107 -0.707107 0.000000
2451545.236081  5.8699972554e-01  1.000000 0.000000 0.000000  -0.707107 -0.707107 0.000000
2451545.236748  4.8250103332e-01  1.000000 0.000000 0.000000  -0.707107 -0.707107 0.000000
2451545.237415  4.7193685841e-01  1.000000 0.000000 0.000000  -0.707107 -0.707107 0.000000
2451545.238082  4.9750638444e-01  1.000000 0.000000 0.000000  -0.707107 -0.707107 0.000000
2451545.238749  5.3144133912e-01  1.000000 0.000000 0.000000  -0.707107 -0.707107 0.000000
2451545.239416  5.8295170263e-01  1.000000 0.000000 0.000000  -0.707107 -0.707107 0.000000
360  1
2451545.000000  6.5321065320e-01  1.000000 0.000000 0.000000  -0.000000 -0.000000 1.000000
2451545.000667  6.3631310246e-01  1.000000 0.000000 0.000000  -0.000000 -0.000000 1.000000
2451545.001334  6.2925362217e-01  1.000000 0.000000 0.000000  -0.000000 -0.000000 1.000000
2451545.002001  6.1783880150e-01  1.000000 0.000000 0.000000  -0.000000 -0.000000 1.000000
2451545.002668  6.0747160239e-01  1.000000 0.000000 0.000000  -0.000000 -0.000000 1.000000
2451545.003334  6.0149165092e-01  1.000000 0.000000 0.000000  -0.000000 -0.000000 1.000000
2451545.004001  5.8681963125e-01  1.000000 0.000000 0.000000  -0.000000 -0.000000 1.000000
2451545.004668  5.8052326615e-01  1.000000 0.000000 0.000000  -0.000000 -0.000000 1.000000
2451545.005335  5.6936370353e-01  1.000000 0.000000 0.000000  -0.000000 -0.000000 1.000000
2451545.006002  5.7443961610e-01  1.000000 0.000000 0.000000  -0.000000 -0.000000 1.000000
2451545.006669  5.7322182251e-01  1.000000 0.000000 0.000000  -0.000000 -0.000000 1.000000
2451545.007336  5.7411788461e-01  1.000000 0.000000 0.000000  -0.000000 -0.000000 1.000000
2451545.008003  5.7211304538e-01  1.000000 0.000000 0.000000  -0.000000 -0.000000 1.000000
2451545.008670  5.6932913734e-01  1.000000 0.000000 0.000000  -0.000000 -0.000000 1.000000
2451545.009337  5.6524766757e-01  1.000000 0.000000 0.000000  -0.000000 -0.000000 1.000000
2451545.010003  5.5924644459e-01  1.000000 0.000000 0.000000  -0.000000 -0.000000 1.000000
2451545.010670  5.5453480652e-01  1.000000 0.000000 0.000000  -0.000000 -0.000000 1.000000
2451545.011337  5.4984709889e-01  1.000000 0.000000 0.000000  -0.000000 -0.000000 1.000000
2451545.012004  5.4523650047e-01  1.000000 0.000000 0.000000  -0.000000 -0.000000 1.000000
2451545.012671  5.3172909563e-01  1.000000 0.000000 0.000000  -0.000000 -0.000000 1.000000
2451545.013338  5.2382673201e-01  1.000000 0.000000 0.000000  -0.000000 -0.000000 1.000000
2451545.014005  5.1543778274e-01  1.000000 0.000000 0.000000  -0.000000 -0.000000 1.000000
2451545.014672  5.1722724799e-01  1.000000 0.000000 0.000000  -0.000000 -0.000000 1.000000
2451545.015339  5.1883058758e-01  1.000000 0.000000 0.000000  -0.000000 -0.000000 1.000000
2451545.016006  5.2935998190e-01  1.000000 0.000000 0.000000  -0.000000 -0.000000 1.000000
2451545.016672  5.3333775309e-01  1.000000 0.000000 0.000000  -0.000000 -0.000000 1.000000
2451545.017339  5.3919539342e-01  1.000000 0.000000 0.000000  -0.000000 -0.000000 1.000000
2451545.018006  5.5237308996e-01  1.000000 0.000000 0.000000  -0.000000 -0.000000 1.000000
2451545.018673  5.5949372582e-01  1.000000 0.000000 0.000000  -0.000000 -0.000000 1.000000
2451545.019340  5.6649470947e-01  1.000000 0.000000 0.000000  -0.000000 -0.000000 1.000000
2451545.020007  5.7685127283e-01  1.000000 0.000000 0.000000  -0.000000 -0.000000 1.000000
2451545.020674  5.8707488929e-01  1.000000 0.000000 0.000000  -0.000000 -0.000000 1.000000
2451545.021341  5.9897895454e-01  1.000000 0.000000 0.000000  -0.000000 -0.000000 1.000000
2451545.022008  6.1353929882e-01  1.000000 0.000000 0.000000  -0.000000 -0.000000 1.000000
2451545.022674  6.3158285183e-01  1.000000 0.000000 0.000000  -0.000000 -0.000000 1.000000
2451545.023341  6.4851230983e-01  1.000000 0.000000 0.000000  -0.000000 -0.000000 1.000000
2451545.024008  6.7424019354e-01  1.000000 0.000000 0.000000  -0.000000 -0.000000 1.000000
2451545.024675  6.8796297236e-01  1.000000 0.000000 0.000000  -0.000000 -0.000000 1.000000
2451545.025342  6.9883271074e-01  1.000000 0.000000 0.000000  -0.000000 -0.000000 1.000000
2451545.026009  7.2532370965e-01  1.000000 0.000000 0.000000  -0.000000 -0.000000 1.000000
2451545.026676  7.5828390462e-01  1.000000 0.000000 0.000000  -0.000000 -0.000000 1.000000
2451545.027343  8.0574328829e-01  1.000000 0.000000 0.000000  -0.000000 -0.000000 1.000000
2451545.028010  8.8644737329e-01  1.000000 0.000000 0.000000  -0.000000 -0.000000 1.000000
2451545.028677  9.3729956180e-01  1.000000 0.000000 0.000000  -0.000000 -0.000000 1.000000
2451545.029343  9.7778455120e-01  1.000000 0.000000 0.000000  -0.000000 -0.000000 1.000000
2451545.030010  1.0238346978e+00  1.000000 0.000000 0.000000  -0.000000 -0.000000 1.000000
2451545.030677  1.0465393690e+00  1.000000 0.000000 0.000000  -0.000000 -0.000000 1.000000
2451545.031344  1.0674333035e+00  1.000000 0.000000 0.000000  -0.000000 -0.000000 1.000000
2451545.032011  1.0951500728e+00  1.000000 0.000000 0.000000  -0.000000 -0.000000 1.000000
2451545.032678  1.1173442280e+00  1.000000 0.000000 0.000000  -0.000000 -0.000000 1.000000
2451545.033345  1.1352521751e+00  1.000000 0.000000 0.000000  -0.000000 -0.000000 1.000000
2451545.034012  1.1594352159e+00  1.000000 0.000000 0.000000  -0.000000 -0.000000 1.000000
2451545.034679  1.1789491616e+00  1.000000 0.000000 0.000000  -0.000000 -0.000000 1.000000
2451545.035345  1.1944614057e+00  1.000000 0.000000 0.000000  -0.000000 -0.000000 1.000000
2451545.036012  1.2119731711e+00  1.000000 0.000000 0.000000  -0.000000 -0.000000 1.000000
2451545.036679  1.2309739418e+00  1.000000 0.000000 0.000000  -0.000000 -0.000000 1.000000
2451545.037346  1.2502166758e+00  1.000000 0.000000 0.000000  -0.000000 -0.000000 1.000000
2451545.038013  1.2576510663e+00  1.000000 0.000000 0.000000  -0.000000 -0.000000 1.000000
2451545.038680  1.2702863395e+00  1.000000 0.000000 0.000000  -0.000000 -0.000000 1.000000
2451545.039347  1.2812145745e+00  1.000000 0.000000 0.000000  -0.000000 -0.000000 1.000000
2451545.040014  1.2954133032e+00  1.000000 0.000000 0.000000  -0.000000 -0.000000 1.000000
2451545.040681  1.3069078921e+00  1.000000 0.000000 0.000000  -0.000000 -0.000000 1.000000
2451545.041348  1.3172511607e+00  1.000000 0.000000 0.000000  -0.000000 -0.000000 1.000000
2451545.042014  1.3226567816e+00  1.000000 0.000000 0.000000  -0.000000 -0.000000 1.000000
2451545.042681  1.3238240554e+00  1.000000 0.000000 0.000000  -0.000000 -0.000000 1.000000
2451545.043348  1.3284692200e+00  1.000000 0.000000 0.000000  -0.000000 -0.000000 1.000000
2451545.044015  1.3274322342e+00  1.000000 0.000000 0.000000  -0.000000 -0.000000 1.000000
2451545.044682  1.3253609215e+00  1.000000 0.000000 0.000000  -0.000000 -0.000000 1.000000
2451545.045349  1.3227019835e+00  1.000000 0.000000 0.000000  -0.000000 -0.000000 1.000000
2451545.046016  1.3163550986e+00  1.000000 0.000000 0.000000  -0.000000 -0.000000 1.000000
2451545.046683  1.3114227687e+00  1.000000 0.000000 0.000000  -0.000000 -0.000000 1.000000
2451545.047350  1.3060251246e+00  1.000000 0.000000 0.000000  -0.000000 -0.000000 1.000000
2451545.048017  1.2949852142e+00  1.000000 0.000000 0.000000  -0.000000 -0.000000 1.000000
2451545.048683  1.2943975889e+00  1.000000 0.000000 0.000000  -0.000000 -0.000000 1.000000
2451545.049350  1.2784120539e+00  1.000000 0.000000 0.000000  -0.000000 -0.000000 1.000000
2451545.050017  1.2720784637e+00  1.000000 0.000000 0.000000  -0.000000 -0.000000 1.000000
2451545.050684  1.2631657037e+00  1.000000 0.000000 0.000000  -0.000000 -0.000000 1.000000
2451545.051351  1.2432183511e+00  1.000000 0.000000 0.000000  -0.000000 -0.000000 1.000000
2451545.052018  1.2335344990e+00  1.000000 0.000000 0.000000  -0.000000 -0.000000 1.000000
2451545.052685  1.2204472064e+00  1.000000 0.000000 0.000000  -0.000000 -0.000000 1.000000
2451545.053352  1.0382647541e+00  1.000000 0.000000 0.000000  -0.000000 -0.000000 1.000000
2451545.054019  1.0388390847e+00  1.000000 0.000000 0.000000  -0.000000 -0.000000 1.000000
2451545.054685  1.0365151729e+00  1.000000 0.000000 0.000000  -0.000000 -0.000000 1.000000
2451545.055352  1.0331250270e+00  1.000000 0.000000 0.000000  -0.000000 -0.000000 1.000000
2451545.056019  1.0312159095e+00  1.000000 0.000000 0.000000  -0.000000 -0.000000 1.000000
2451545.056686  1.0379802477e+00  1.000000 0.000000 0.000000  -0.000000 -0.000000 1.000000
2451545.057353  1.0369512387e+00  1.000000 0.000000 0.000000  -0.000000 -0.000000 1.000000
2451545.058020  1.0383604758e+00  1.000000 0.000000 0.000000  -0.000000 -0.000000 1.000000
2451545.058687  1.0377861452e+00  1.000000 0.000000 0.000000  -0.000000 -0.000000 1.000000
2451545.059354  1.0404450832e+00  1.000000 0.000000 0.000000  -0.000000 -0.000000 1.000000
2451545.060021  1.0382886845e+00  1.000000 0.000000 0.000000  -0.000000 -0.000000 1.000000
2451545.060688  1.0374590959e+00  1.000000 0.000000 0.000000  -0.000000 -0.000000 1.000000
2451545.061354  1.0157036655e+00  1.000000 0.000000 0.000000  -0.000000 -0.000000 1.000000
2451545.062021  9.9569515731e-01  1.000000 0.000000 0.000000  -0.000000 -0.000000 1.000000
2451545.062688  9.8057377712e-01  1.000000 0.000000 0.000000  -0.000000 -0.000000 1.000000
2451545.063355  9.5506924420e-01  1.000000 0.000000 0.000000  -0.000000 -0.000000 1.000000
2451545.064022  9.4305882143e-01  1.000000 0.000000 0.000000  -0.000000 -0.000000 1.000000
2451545.064689  9.2688716075e-01  1.000000 0.000000 0.000000  -0.000000 -0.000000 1.000000
2451545.065356  9.2436116968e-01  1.000000 0.000000 0.000000  -0.000000 -0.000000 1.000000
2451545.066023  9.2627028714e-01  1.000000 0.000000 0.000000  -0.000000 -0.000000 1.000000
2451545.066690  9.3481611375e-01  1.000000 0.000000 0.000000  -0.000000 -0.000000 1.000000
2451545.067356  9.4844051186e-01  1.000000 0.000000 0.000000  -0.000000 -0.000000 1.000000
2451545.068023  9.5748621881e-01  1.000000 0.000000 0.000000  -0.000000 -0.000000 1.000000
2451545.068690  9.7206251671e-01  1.000000 0.000000 0.000000  -0.000000 -0.000000 1.000000
2451545.069357  9.7966973822e-01  1.000000 0.000000 0.000000  -0.000000 -0.000000 1.000000
2451545.070024  9.8306786093e-01  1.000000 0.000000 0.000000  -0.000000 -0.000000 1.000000
2451545.070691  9.8934029558e-01  1.000000 0.000000 0.000000  -0.000000 -0.000000 1.000000
2451545.071358  9.8914087523e-01  1.000000 0.000000 0.000000  -0.000000 -0.000000 1.000000
2451545.072025  9.8271156324e-01  1.000000 0.000000 0.000000  -0.000000 -0.000000 1.000000
2451545.072692  9.5944851502e-01  1.000000 0.000000 0.000000  -0.000000 -0.000000 1.000000
2451545.073359  9.3867955060e-01  1.000000 0.000000 0.000000  -0.000000 -0.000000 1.000000
2451545.074025  9.0340342067e-01  1.000000 0.000000 0.000000  -0.000000 -0.000000 1.000000
2451545.074692  8.8187400000e-01  1.000000 0.000000 0.000000  -0.000000 -0.000000 1.000000
2451545.075359  8.9242998371e-01  1.000000 0.000000 0.000000  -0.000000 -0.000000 1.000000
2451545.076026  9.0648512977e-01  1.000000 0.000000 0.000000  -0.000000 -0.000000 1.000000
2451545.076693  9.2993962153e-01  1.000000 0.000000 0.000000  -0.000000 -0.000000 1.000000
2451545.077360  9.4489348862e-01  1.000000 0.000000 0.000000  -0.000000 -0.000000 1.000000
2451545.078027  9.6134167885e-01  1.000000 0.000000 0.000000  -0.000000 -0.000000 1.000000
2451545.078694  9.8176498133e-01  1.000000 0.000000 0.000000  -0.000000 -0.000000 1.000000
2451545.079361  9.9961177293e-01  1.000000 0.000000 0.000000  -0.000000 -0.000000 1.000000
2451545.080028  1.0096146975e+00  1.000000 0.000000 0.000000  -0.000000 -0.000000 1.000000
2451545.080694  1.0332686096e+00  1.000000 0.000000 0.000000  -0.000000 -0.000000 1.000000
2451545.081361  1.0418702739e+00  1.000000 0.000000 0.000000  -0.000000 -0.000000 1.000000
2451545.082028  1.0566300386e+00  1.000000 0.000000 0.000000  -0.000000 -0.000000 1.000000
2451545.082695  1.0790448856e+00  1.000000 0.000000 0.000000  -0.000000 -0.000000 1.000000
2451545.083362  1.0876279373e+00  1.000000 0.000000 0.000000  -0.000000 -0.000000 1.000000
2451545.084029  1.1037703497e+00  1.000000 0.000000 0.000000  -0.000000 -0.000000 1.000000
2451545.084696  1.1222233791e+00  1.000000 0.000000 0.000000  -0.000000 -0.000000 1.000000
2451545.085363  1.1307293217e+00  1.000000 0.000000 0.000000  -0.000000 -0.000000 1.000000
2451545.086030  1.1391581550e+00  1.000000 0.000000 0.000000  -0.000000 -0.000000 1.000000
2451545.086696  1.1471828298e+00  1.000000 0.000000 0.000000  -0.000000 -0.000000 1.000000
2451545.087363  1.1501502045e+00  1.000000 0.000000 0.000000  -0.000000 -0.000000 1.000000
2451545.088030  1.1541652009e+00  1.000000 0.000000 0.000000  -0.000000 -0.000000 1.000000
2451545.088697  1.1587890940e+00  1.000000 0.000000 0.000000  -0.000000 -0.000000 1.000000
2451545.089364  1.1630912556e+00  1.000000 0.000000 0.000000  -0.000000 -0.000000 1.000000
2451545.090031  1.1606530095e+00  1.000000 0.000000 0.000000  -0.000000 -0.000000 1.000000
2451545.090698  1.1607141651e+00  1.000000 0.000000 0.000000  -0.000000 -0.000000 1.000000
2451545.091365  1.1618388958e+00  1.000000 0.000000 0.000000  -0.000000 -0.000000 1.000000
2451545.092032  1.1554574447e+00  1.000000 0.000000 0.000000  -0.000000 -0.000000 1.000000
2451545.092699  1.1600707021e+00  1.000000 0.000000 0.000000  -0.000000 -0.000000 1.000000
2451545.093365  1.1598579870e+00  1.000000 0.000000 0.000000  -0.000000 -0.000000 1.000000
2451545.094032  1.1429710720e+00  1.000000 0.000000 0.000000  -0.000000 -0.000000 1.000000
2451545.094699  1.1334972761e+00  1.000000 0.000000 0.000000  -0.000000 -0.000000 1.000000
2451545.095366  1.1245339962e+00  1.000000 0.000000 0.000000  -0.000000 -0.000000 1.000000
2451545.096033  1.1249727210e+00  1.000000 0.000000 0.000000  -0.000000 -0.000000 1.000000
2451545.096700  1.1252492505e+00  1.000000 0.000000 0.000000  -0.000000 -0.000000 1.000000
2451545.097367  1.1266318983e+00  1.000000 0.000000 0.000000  -0.000000 -0.000000 1.000000
2451545.098034  1.1251987307e+00  1.000000 0.000000 0.000000  -0.000000 -0.000000 1.000000
2451545.098701  1.1315828408e+00  1.000000 0.000000 0.000000  -0.000000 -0.000000 1.000000
2451545.099367  1.1258980314e+00  1.000000 0.000000 0.000000  -0.000000 -0.000000 1.000000
2451545.100034  1.1356137907e+00  1.000000 0.000000 0.000000  -0.000000 -0.000000 1.000000
2451545.100701  1.1437235515e+00  1.000000 0.000000 0.000000  -0.000000 -0.000000 1.000000
2451545.101368  1.1379509972e+00  1.000000 0.000000 0.000000  -0.000000 -0.000000 1.000000
2451545.102035  1.1256773395e+00  1.000000 0.000000 0.000000  -0.000000 -0.000000 1.000000
2451545.102702  1.1175516251e+00  1.000000 0.000000 0.000000  -0.000000 -0.000000 1.000000
2451545.103369  1.1132255331e+00  1.000000 0.000000 0.000000  -0.000000 -0.000000 1.000000
2451545.104036  1.0976282030e+00  1.000000 0.000000 0.000000  -0.000000 -0.000000 1.000000
2451545.104703  1.0974420773e+00  1.000000 0.000000 0.000000  -0.000000 -0.000000 1.000000
2451545.105370  1.0845861123e+00  1.000000 0.000000 0.000000  -0.000000 -0.000000 1.000000
2451545.106036  1.0652157492e+00  1.000000 0.000000 0.000000  -0.000000 -0.000000 1.000000
2451545.106703  1.0571565083e+00  1.000000 0.000000 0.000000  -0.000000 -0.000000 1.000000
2451545.107370  1.0430721139e+00  1.000000 0.000000 0.000000  -0.000000 -0.000000 1.000000
2451545.108037  1.0105160775e+00  1.000000 0.000000 0.000000  -0.000000 -0.000000 1.000000
2451545.108704  9.9719479832e-01  1.000000 0.000000 0.000000  -0.000000 -0.000000 1.000000
2451545.109371  9.8877394180e-01  1.000000 0.000000 0.000000  -0.000000 -0.000000 1.000000
2451545.110038  9.8288705315e-01  1.000000 0.000000 0.000000  -0.000000 -0.000000 1.000000
2451545.110705  9.8448507486e-01  1.000000 0.000000 0.000000  -0.000000 -0.000000 1.000000
2451545.111372  9.8487593874e-01  1.000000 0.000000 0.000000  -0.000000 -0.000000 1.000000
2451545.112039  9.8375652586e-01  1.000000 0.000000 0.000000  -0.000000 -0.000000 1.000000
2451545.112705  9.8772100236e-01  1.000000 0.000000 0.000000  -0.000000 -0.000000 1.000000
2451545.113372  9.9005554989e-01  1.000000 0.000000 0.000000  -0.000000 -0.000000 1.000000
2451545.114039  9.8903451772e-01  1.000000 0.000000 0.000000  -0.000000 -0.000000 1.000000
2451545.114706  9.9303887829e-01  1.000000 0.000000 0.000000  -0.000000 -0.000000 1.000000
2451545.115373  9.8825013102e-01  1.000000 0.000000 0.000000  -0.000000 -0.000000 1.000000
2451545.116040  9.8409686992e-01  1.000000 0.000000 0.000000  -0.000000 -0.000000 1.000000
2451545.116707  9.8090348543e-01  1.000000 0.000000 0.000000  -0.000000 -0.000000 1.000000
2451545.117374  9.7693900893e-01  1.000000 0.000000 0.000000  -0.000000 -0.000000 1.000000
2451545.118041  9.6323218374e-01  1.000000 0.000000 0.000000  -0.000000 -0.000000 1.000000
2451545.118707  9.4993749393e-01  1.000000 0.000000 0.000000  -0.000000 -0.000000 1.000000
2451545.119374  9.2498602010e-01  1.000000 0.000000 0.000000  -0.000000 -0.000000 1.000000
2451545.120041  8.7071177844e-01  1.000000 0.000000 0.000000  -0.000000 -0.000000 1.000000
2451545.120708  8.4185166581e-01  1.000000 0.000000 0.000000  -0.000000 -0.000000 1.000000
2451545.121375  8.0382885296e-01  1.000000 0.000000 0.000000  -0.000000 -0.000000 1.000000
2451545.122042  7.3771967843e-01  1.000000 0.000000 0.000000  -0.000000 -0.000000 1.000000
2451545.122709  6.8340289375e-01  1.000000 0.000000 0.000000  -0.000000 -0.000000 1.000000
2451545.123376  6.4479245562e-01  1.000000 0.000000 0.000000  -0.000000 -0.000000 1.000000
2451545.124043  6.4631070919e-01  1.000000 0.000000 0.000000  -0.000000 -0.000000 1.000000
2451545.124710  6.4598365982e-01  1.000000 0.000000 0.000000  -0.000000 -0.000000 1.000000
2451545.125376  6.5682414989e-01  1.000000 0.000000 0.000000  -0.000000 -0.000000 1.000000
2451545.126043  6.6361773638e-01  1.000000 0.000000 0.000000  -0.000000 -0.000000 1.000000
2451545.126710  6.6627933328e-01  1.000000 0.000000 0.000000  -0.000000 -0.000000 1.000000
2451545.127377  6.6805550384e-01  1.000000 0.000000 0.000000  -0.000000 -0.000000 1.000000
2451545.128044  6.6979179033e-01  1.000000 0.000000 0.000000  -0.000000 -0.000000 1.000000
2451545.128711  6.6698661078e-01  1.000000 0.000000 0.000000  -0.000000 -0.000000 1.000000
2451545.129378  6.6977051883e-01  1.000000 0.000000 0.000000  -0.000000 -0.000000 1.000000
2451545.130045  6.7237361909e-01  1.000000 0.000000 0.000000  -0.000000 -0.000000 1.000000
2451545.130712  6.7612538055e-01  1.000000 0.000000 0.000000  -0.000000 -0.000000 1.000000
2451545.131378  6.8333110243e-01  1.000000 0.000000 0.000000  -0.000000 -0.000000 1.000000
2451545.132045  7.0623785297e-01  1.000000 0.000000 0.000000  -0.000000 -0.000000 1.000000
2451545.132712  7.3610836202e-01  1.000000 0.000000 0.000000  -0.000000 -0.000000 1.000000
2451545.133379  7.8524021767e-01  1.000000 0.000000 0.000000  -0.000000 -0.000000 1.000000
2451545.134046  8.6948600804e-01  1.000000 0.000000 0.000000  -0.000000 -0.000000 1.000000
2451545.134713  9.3402640917e-01  1.000000 0.000000 0.000000  -0.000000 -0.000000 1.000000
2451545.135380  9.9110848933e-01  1.000000 0.000000 0.000000  -0.000000 -0.000000 1.000000
2451545.136047  1.0604296609e+00  1.000000 0.000000 0.000000  -0.000000 -0.000000 1.000000
2451545.136714  1.0810151586e+00  1.000000 0.000000 0.000000  -0.000000 -0.000000 1.000000
2451545.137381  1.0922385357e+00  1.000000 0.000000 0.000000  -0.000000 -0.000000 1.000000
2451545.138047  1.0947246427e+00  1.000000 0.000000 0.000000  -0.000000 -0.000000 1.000000
2451545.138714  1.0948097288e+00  1.000000 0.000000 0.000000  -0.000000 -0.000000 1.000000
2451545.139381  1.0964768829e+00  1.000000 0.000000 0.000000  -0.000000 -0.000000 1.000000
2451545.140048  1.1007684087e+00  1.000000 0.000000 0.000000  -0.000000 -0.000000 1.000000
2451545.140715  1.1016884013e+00  1.000000 0.000000 0.000000  -0.000000 -0.000000 1.000000
2451545.141382  1.1003163893e+00  1.000000 0.000000 0.000000  -0.000000 -0.000000 1.000000
2451545.142049  1.0969262434e+00  1.000000 0.000000 0.000000  -0.000000 -0.000000 1.000000
2451545.142716  1.1014916399e+00  1.000000 0.000000 0.000000  -0.000000 -0.000000 1.000000
2451545.143383  1.1056608546e+00  1.000000 0.000000 0.000000  -0.000000 -0.000000 1.000000
2451545.144050  1.1069318269e+00  1.000000 0.000000 0.000000  -0.000000 -0.000000 1.000000
2451545.144716  1.1039883826e+00  1.000000 0.000000 0.000000  -0.000000 -0.000000 1.000000
2451545.145383  1.1048711500e+00  1.000000 0.000000 0.000000  -0.000000 -0.000000 1.000000
2451545.146050  1.1142412474e+00  1.000000 0.000000 0.000000  -0.000000 -0.000000 1.000000
2451545.146717  1.1241431323e+00  1.000000 0.000000 0.000000  -0.000000 -0.000000 1.000000
2451545.147384  1.1358929792e+00  1.000000 0.000000 0.000000  -0.000000 -0.000000 1.000000
2451545.148051  1.1507989854e+00  1.000000 0.000000 0.000000  -0.000000 -0.000000 1.000000
2451545.148718  1.1638783012e+00  1.000000 0.000000 0.000000  -0.000000 -0.000000 1.000000
2451545.149385  1.1793905453e+00  1.000000 0.000000 0.000000  -0.000000 -0.000000 1.000000
2451545.150052  1.1929271985e+00  1.000000 0.000000 0.000000  -0.000000 -0.000000 1.000000
2451545.150718  1.1927198013e+00  1.000000 0.000000 0.000000  -0.000000 -0.000000 1.000000
2451545.151385  1.1948894947e+00  1.000000 0.000000 0.000000  -0.000000 -0.000000 1.000000
2451545.152052  1.1897657212e+00  1.000000 0.000000 0.000000  -0.000000 -0.000000 1.000000
2451545.152719  1.1934377146e+00  1.000000 0.000000 0.000000  -0.000000 -0.000000 1.000000
2451545.153386  1.1873434287e+00  1.000000 0.000000 0.000000  -0.000000 -0.000000 1.000000
2451545.154053  1.1793719327e+00  1.000000 0.000000 0.000000  -0.000000 -0.000000 1.000000
2451545.154720  1.1693450777e+00  1.000000 0.000000 0.000000  -0.000000 -0.000000 1.000000
2451545.155387  1.1552021867e+00  1.000000 0.000000 0.000000  -0.000000 -0.000000 1.000000
2451545.156054  1.1423994004e+00  1.000000 0.000000 0.000000  -0.000000 -0.000000 1.000000
2451545.156721  1.1308649275e+00  1.000000 0.000000 0.000000  -0.000000 -0.000000 1.000000
2451545.157387  1.1154563820e+00  1.000000 0.000000 0.000000  -0.000000 -0.000000 1.000000
2451545.158054  1.1019702487e+00  1.000000 0.000000 0.000000  -0.000000 -0.000000 1.000000
2451545.158721  1.1020500168e+00  1.000000 0.000000 0.000000  -0.000000 -0.000000 1.000000
2451545.159388  1.0992900392e+00  1.000000 0.000000 0.000000  -0.000000 -0.000000 1.000000
2451545.160055  1.0959477542e+00  1.000000 0.000000 0.000000  -0.000000 -0.000000 1.000000
2451545.160722  1.0929032702e+00  1.000000 0.000000 0.000000  -0.000000 -0.000000 1.000000
2451545.161389  1.0883325559e+00  1.000000 0.000000 0.000000  -0.000000 -0.000000 1.000000
2451545.162056  1.0852535057e+00  1.000000 0.000000 0.000000  -0.000000 -0.000000 1.000000
2451545.162723  1.0750032999e+00  1.000000 0.000000 0.000000  -0.000000 -0.000000 1.000000
2451545.163389  1.0726926828e+00  1.000000 0.000000 0.000000  -0.000000 -0.000000 1.000000
2451545.164056  1.0680102930e+00  1.000000 0.000000 0.000000  -0.000000 -0.000000 1.000000
2451545.164723  1.0594564896e+00  1.000000 0.000000 0.000000  -0.000000 -0.000000 1.000000
2451545.165390  1.0489935687e+00  1.000000 0.000000 0.000000  -0.000000 -0.000000 1.000000
2451545.166057  1.0412507414e+00  1.000000 0.000000 0.000000  -0.000000 -0.000000 1.000000
2451545.166724  1.0280650681e+00  1.000000 0.000000 0.000000  -0.000000 -0.000000 1.000000
2451545.167391  1.0113589608e+00  1.000000 0.000000 0.000000  -0.000000 -0.000000 1.000000
2451545.168058  9.9678000400e-01  1.000000 0.000000 0.000000  -0.000000 -0.000000 1.000000
2451545.168725  9.7563347039e-01  1.000000 0.000000 0.000000  -0.000000 -0.000000 1.000000
2451545.169392  9.2619583688e-01  1.000000 0.000000 0.000000  -0.000000 -0.000000 1.000000
2451545.170058  8.9136906746e-01  1.000000 0.000000 0.000000  -0.000000 -0.000000 1.000000
2451545.170725  8.5856574983e-01  1.000000 0.000000 0.000000  -0.000000 -0.000000 1.000000
2451545.171392  8.3390941812e-01  1.000000 0.000000 0.000000  -0.000000 -0.000000 1.000000
2451545.172059  8.2988910392e-01  1.000000 0.000000 0.000000  -0.000000 -0.000000 1.000000
2451545.172726  8.2805443672e-01  1.000000 0.000000 0.000000  -0.000000 -0.000000 1.000000
2451545.173393  8.3050065965e-01  1.000000 0.000000 0.000000  -0.000000 -0.000000 1.000000
2451545.174060  8.3311971354e-01  1.000000 0.000000 0.000000  -0.000000 -0.000000 1.000000
2451545.174727  8.4126669945e-01  1.000000 0.000000 0.000000  -0.000000 -0.000000 1.000000
2451545.175394  8.5373445955e-01  1.000000 0.000000 0.000000  -0.000000 -0.000000 1.000000
2451545.176061  8.6261265341e-01  1.000000 0.000000 0.000000  -0.000000 -0.000000 1.000000
2451545.176727  8.8499293423e-01  1.000000 0.000000 0.000000  -0.000000 -0.000000 1.000000
2451545.177394  8.9714693965e-01  1.000000 0.000000 0.000000  -0.000000 -0.000000 1.000000
2451545.178061  9.1465338719e-01  1.000000 0.000000 0.000000  -0.000000 -0.000000 1.000000
2451545.178728  9.3805735912e-01  1.000000 0.000000 0.000000  -0.000000 -0.000000 1.000000
2451545.179395  9.5438323820e-01  1.000000 0.000000 0.000000  -0.000000 -0.000000 1.000000
2451545.180062  9.7169026539e-01  1.000000 0.000000 0.000000  -0.000000 -0.000000 1.000000
2451545.180729  9.9794461882e-01  1.000000 0.000000 0.000000  -0.000000 -0.000000 1.000000
2451545.181396  1.0124331718e+00  1.000000 0.000000 0.000000  -0.000000 -0.000000 1.000000
2451545.182063  1.0333935797e+00  1.000000 0.000000 0.000000  -0.000000 -0.000000 1.000000
2451545.182729  1.0578930341e+00  1.000000 0.000000 0.000000  -0.000000 -0.000000 1.000000
2451545.183396  1.0730995003e+00  1.000000 0.000000 0.000000  -0.000000 -0.000000 1.000000
2451545.184063  1.0895104654e+00  1.000000 0.000000 0.000000  -0.000000 -0.000000 1.000000
2451545.184730  1.1081123954e+00  1.000000 0.000000 0.000000  -0.000000 -0.000000 1.000000
2451545.185397  1.1233401331e+00  1.000000 0.000000 0.000000  -0.000000 -0.000000 1.000000
2451545.186064  1.1393868237e+00  1.000000 0.000000 0.000000  -0.000000 -0.000000 1.000000
2451545.186731  1.1598739407e+00  1.000000 0.000000 0.000000  -0.000000 -0.000000 1.000000
2451545.187398  1.1715839034e+00  1.000000 0.000000 0.000000  -0.000000 -0.000000 1.000000
2451545.188065  1.1922199210e+00  1.000000 0.000000 0.000000  -0.000000 -0.000000 1.000000
2451545.188732  1.2059506766e+00  1.000000 0.000000 0.000000  -0.000000 -0.000000 1.000000
2451545.189398  1.2145284105e+00  1.000000 0.000000 0.000000  -0.000000 -0.000000 1.000000
2451545.190065  1.2265414922e+00  1.000000 0.000000 0.000000  -0.000000 -0.000000 1.000000
2451545.190732  1.2417000975e+00  1.000000 0.000000 0.000000  -0.000000 -0.000000 1.000000
2451545.191399  1.2504506623e+00  1.000000 0.000000 0.000000  -0.000000 -0.000000 1.000000
2451545.192066  1.2602355540e+00  1.000000 0.000000 0.000000  -0.000000 -0.000000 1.000000
2451545.192733  1.2762317248e+00  1.000000 0.000000 0.000000  -0.000000 -0.000000 1.000000
2451545.193400  1.2863223944e+00  1.000000 0.000000 0.000000  -0.000000 -0.000000 1.000000
2451545.194067  1.2934270766e+00  1.000000 0.000000 0.000000  -0.000000 -0.000000 1.000000
2451545.194734  1.3037251433e+00  1.000000 0.000000 0.000000  -0.000000 -0.000000 1.000000
2451545.195400  1.3025259623e+00  1.000000 0.000000 0.000000  -0.000000 -0.000000 1.000000
2451545.196067  1.3102953790e+00  1.000000 0.000000 0.000000  -0.000000 -0.000000 1.000000
2451545.196734  1.3031002929e+00  1.000000 0.000000 0.000000  -0.000000 -0.000000 1.000000
2451545.197401  1.3063681276e+00  1.000000 0.000000 0.000000  -0.000000 -0.000000 1.000000
2451545.198068  1.3026243430e+00  1.000000 0.000000 0.000000  -0.000000 -0.000000 1.000000
2451545.198735  1.2920524057e+00  1.000000 0.000000 0.000000  -0.000000 -0.000000 1.000000
2451545.199402  1.2886409883e+00  1.000000 0.000000 0.000000  -0.000000 -0.000000 1.000000
2451545.200069  1.2812677533e+00  1.000000 0.000000 0.000000  -0.000000 -0.000000 1.000000
2451545.200736  1.2804700719e+00  1.000000 0.000000 0.000000  -0.000000 -0.000000 1.000000
2451545.201403  1.2742534749e+00  1.000000 0.000000 0.000000  -0.000000 -0.000000 1.000000
2451545.202069  1.2667100680e+00  1.000000 0.000000 0.000000  -0.000000 -0.000000 1.000000
2451545.202736  1.2463053780e+00  1.000000 0.000000 0.000000  -0.000000 -0.000000 1.000000
2451545.203403  1.2322050300e+00  1.000000 0.000000 0.000000  -0.000000 -0.000000 1.000000
2451545.204070  1.2160572998e+00  1.000000 0.000000 0.000000  -0.000000 -0.000000 1.000000
2451545.204737  1.1969182643e+00  1.000000 0.000000 0.000000  -0.000000 -0.000000 1.000000
2451545.205404  1.1775505602e+00  1.000000 0.000000 0.000000  -0.000000 -0.000000 1.000000
2451545.206071  1.1497646585e+00  1.000000 0.000000 0.000000  -0.000000 -0.000000 1.000000
2451545.206738  1.1267036896e+00  1.000000 0.000000 0.000000  -0.000000 -0.000000 1.000000
2451545.207405  1.1024993773e+00  1.000000 0.000000 0.000000  -0.000000 -0.000000 1.000000
2451545.208072  1.0604695450e+00  1.000000 0.000000 0.000000  -0.000000 -0.000000 1.000000
2451545.208738  1.0425988229e+00  1.000000 0.000000 0.000000  -0.000000 -0.000000 1.000000
2451545.209405  1.0302347614e+00  1.000000 0.000000 0.000000  -0.000000 -0.000000 1.000000
2451545.210072  1.0178148622e+00  1.000000 0.000000 0.000000  -0.000000 -0.000000 1.000000
2451545.210739  1.0114520237e+00  1.000000 0.000000 0.000000  -0.000000 -0.000000 1.000000
2451545.211406  1.0038448022e+00  1.000000 0.000000 0.000000  -0.000000 -0.000000 1.000000
2451545.212073  9.9250709069e-01  1.000000 0.000000 0.000000  -0.000000 -0.000000 1.000000
2451545.212740  9.8505674653e-01  1.000000 0.000000 0.000000  -0.000000 -0.000000 1.000000
2451545.213407  9.8368473454e-01  1.000000 0.000000 0.000000  -0.000000 -0.000000 1.000000
2451545.214074  9.7150679868e-01  1.000000 0.000000 0.000000  -0.000000 -0.000000 1.000000
2451545.214740  9.6287322711e-01  1.000000 0.000000 0.000000  -0.000000 -0.000000 1.000000
2451545.215407  9.4844051186e-01  1.000000 0.000000 0.000000  -0.000000 -0.000000 1.000000
2451545.216074  9.3452097163e-01  1.000000 0.000000 0.000000  -0.000000 -0.000000 1.000000
2451545.216741  9.2794807699e-01  1.000000 0.000000 0.000000  -0.000000 -0.000000 1.000000
2451545.217408  9.2024513372e-01  1.000000 0.000000 0.000000  -0.000000 -0.000000 1.000000
2451545.218075  9.1774041416e-01  1.000000 0.000000 0.000000  -0.000000 -0.000000 1.000000
2451545.218742  9.2491954666e-01  1.000000 0.000000 0.000000  -0.000000 -0.000000 1.000000
2451545.219409  9.3936555660e-01  1.000000 0.000000 0.000000  -0.000000 -0.000000 1.000000
2451545.220076  9.5193967422e-01  1.000000 0.000000 0.000000  -0.000000 -0.000000 1.000000
2451545.220743  9.6051474914e-01  1.000000 0.000000 0.000000  -0.000000 -0.000000 1.000000
2451545.221409  9.8587038154e-01  1.000000 0.000000 0.000000  -0.000000 -0.000000 1.000000
2451545.222076  9.9593977960e-01  1.000000 0.000000 0.000000  -0.000000 -0.000000 1.000000
2451545.222743  1.0036480408e+00  1.000000 0.000000 0.000000  -0.000000 -0.000000 1.000000
2451545.223410  1.0138264553e+00  1.000000 0.000000 0.000000  -0.000000 -0.000000 1.000000
2451545.224077  1.0170224987e+00  1.000000 0.000000 0.000000  -0.000000 -0.000000 1.000000
2451545.224744  1.0233481121e+00  1.000000 0.000000 0.000000  -0.000000 -0.000000 1.000000
2451545.225411  1.0323087330e+00  1.000000 0.000000 0.000000  -0.000000 -0.000000 1.000000
2451545.226078  1.0429178955e+00  1.000000 0.000000 0.000000  -0.000000 -0.000000 1.000000
2451545.226745  1.0538674020e+00  1.000000 0.000000 0.000000  -0.000000 -0.000000 1.000000
2451545.227411  1.0637001546e+00  1.000000 0.000000 0.000000  -0.000000 -0.000000 1.000000
2451545.228078  1.0852535057e+00  1.000000 0.000000 0.000000  -0.000000 -0.000000 1.000000
2451545.228745  1.0979977954e+00  1.000000 0.000000 0.000000  -0.000000 -0.000000 1.000000
2451545.229412  1.1050439810e+00  1.000000 0.000000 0.000000  -0.000000 -0.000000 1.000000
2451545.230079  1.1189980874e+00  1.000000 0.000000 0.000000  -0.000000 -0.000000 1.000000
2451545.230746  1.1298917562e+00  1.000000 0.000000 0.000000  -0.000000 -0.000000 1.000000
2451545.231413  1.1403068162e+00  1.000000 0.000000 0.000000  -0.000000 -0.000000 1.000000
2451545.232080  1.1446435440e+00  1.000000 0.000000 0.000000  -0.000000 -0.000000 1.000000
2451545.232747  1.1380387421e+00  1.000000 0.000000 0.000000  -0.000000 -0.000000 1.000000
2451545.233414  1.1164162586e+00  1.000000 0.000000 0.000000  -0.000000 -0.000000 1.000000
2451545.234080  1.0670158502e+00  1.000000 0.000000 0.000000  -0.000000 -0.000000 1.000000
2451545.234747  1.0343720689e+00  1.000000 0.000000 0.000000  -0.000000 -0.000000 1.000000
2451545.235414  9.9512880352e-01  1.000000 0.000000 0.000000  -0.000000 -0.000000 1.000000
2451545.236081  9.1405512615e-01  1.000000 0.000000 0.000000  -0.000000 -0.000000 1.000000
2451545.236748  8.4313859178e-01  1.000000 0.000000 0.000000  -0.000000 -0.000000 1.000000
2451545.237415  7.6888243133e-01  1.000000 0.000000 0.000000  -0.000000 -0.000000 1.000000
2451545.238082  6.8293757961e-01  1.000000 0.000000 0.000000  -0.000000 -0.000000 1.000000
2451545.238749  6.6946739990e-01  1.000000 0.000000 0.000000  -0.000000 -0.000000 1.000000
2451545.239416  6.5712195094e-01  1.000000 0.000000 0.000000  -0.000000 -0.000000 1.000000
360  1
2451545.000000  7.3041129814e-01  1.000000 0.000000 0.000000  -0.000000 -0.000000 -1.000000
2451545.000667  7.1436731980e-01  1.000000 0.000000 0.000000  -0.000000 -0.000000 -1.000000
2451545.001334  7.0176011062e-01  1.000000 0.000000 0.000000  -0.000000 -0.000000 -1.000000
2451545.002001  6.7781945987e-01  1.000000 0.000000 0.000000  -0.000000 -0.000000 -1.000000
2451545.002668  6.6447065016e-01  1.000000 0.000000 0.000000  -0.000000 -0.000000 -1.000000
2451545.003334  6.4418650206e-01  1.000000 0.000000 0.000000  -0.000000 -0.000000 -1.000000
2451545.004001  6.3378692783e-01  1.000000 0.000000 0.000000  -0.000000 -0.000000 -1.000000
2451545.004668  6.2442765435e-01  1.000000 0.000000 0.000000  -0.000000 -0.000000 -1.000000
2451545.005335  6.2274531980e-01  1.000000 0.000000 0.000000  -0.000000 -0.000000 -1.000000
2451545.006002  6.1395598007e-01  1.000000 0.000000 0.000000  -0.000000 -0.000000 -1.000000
2451545.006669  6.1529154771e-01  1.000000 0.000000 0.000000  -0.000000 -0.000000 -1.000000
2451545.007336  6.1548381451e-01  1.000000 0.000000 0.000000  -0.000000 -0.000000 -1.000000
2451545.008003  6.1608121495e-01  1.000000 0.000000 0.000000  -0.000000 -0.000000 -1.000000
2451545.008670  6.1647261523e-01  1.000000 0.000000 0.000000  -0.000000 -0.000000 -1.000000
2451545.009337  6.1166937840e-01  1.000000 0.000000 0.000000  -0.000000 -0.000000 -1.000000
2451545.010003  6.0163030443e-01  1.000000 0.000000 0.000000  -0.000000 -0.000000 -1.000000
2451545.010670  5.9859866889e-01  1.000000 0.000000 0.000000  -0.000000 -0.000000 -1.000000
2451545.011337  5.9269676460e-01  1.000000 0.000000 0.000000  -0.000000 -0.000000 -1.000000
2451545.012004  5.7560905217e-01  1.000000 0.000000 0.000000  -0.000000 -0.000000 -1.000000
2451545.012671  5.7735662010e-01  1.000000 0.000000 0.000000  -0.000000 -0.000000 -1.000000
2451545.013338  5.6024487432e-01  1.000000 0.000000 0.000000  -0.000000 -0.000000 -1.000000
2451545.014005  5.4639823091e-01  1.000000 0.000000 0.000000  -0.000000 -0.000000 -1.000000
2451545.014672  5.3408628862e-01  1.000000 0.000000 0.000000  -0.000000 -0.000000 -1.000000
2451545.015339  5.2484718190e-01  1.000000 0.000000 0.000000  -0.000000 -0.000000 -1.000000
2451545.016006  5.2359401432e-01  1.000000 0.000000 0.000000  -0.000000 -0.000000 -1.000000
2451545.016672  5.2323694739e-01  1.000000 0.000000 0.000000  -0.000000 -0.000000 -1.000000
2451545.017339  5.1783974346e-01  1.000000 0.000000 0.000000  -0.000000 -0.000000 -1.000000
2451545.018006  5.1924741115e-01  1.000000 0.000000 0.000000  -0.000000 -0.000000 -1.000000
2451545.018673  5.2058641213e-01  1.000000 0.000000 0.000000  -0.000000 -0.000000 -1.000000
2451545.019340  5.2164731290e-01  1.000000 0.000000 0.000000  -0.000000 -0.000000 -1.000000
2451545.020007  5.2335711415e-01  1.000000 0.000000 0.000000  -0.000000 -0.000000 -1.000000
2451545.020674  5.2113231253e-01  1.000000 0.000000 0.000000  -0.000000 -0.000000 -1.000000
2451545.021341  5.2209707989e-01  1.000000 0.000000 0.000000  -0.000000 -0.000000 -1.000000
2451545.022008  5.3173102024e-01  1.000000 0.000000 0.000000  -0.000000 -0.000000 -1.000000
2451545.022674  5.3927749240e-01  1.000000 0.000000 0.000000  -0.000000 -0.000000 -1.000000
2451545.023341  5.4212029446e-01  1.000000 0.000000 0.000000  -0.000000 -0.000000 -1.000000
2451545.024008  5.5650597160e-01  1.000000 0.000000 0.000000  -0.000000 -0.000000 -1.000000
2451545.024675  5.6727977944e-01  1.000000 0.000000 0.000000  -0.000000 -0.000000 -1.000000
2451545.025342  5.7612061920e-01  1.000000 0.000000 0.000000  -0.000000 -0.000000 -1.000000
2451545.026009  5.8890636184e-01  1.000000 0.000000 0.000000  -0.000000 -0.000000 -1.000000
2451545.026676  5.8997756262e-01  1.000000 0.000000 0.000000  -0.000000 -0.000000 -1.000000
2451545.027343  5.9577303350e-01  1.000000 0.000000 0.000000  -0.000000 -0.000000 -1.000000
2451545.028010  6.1455681384e-01  1.000000 0.000000 0.000000  -0.000000 -0.000000 -1.000000
2451545.028677  6.4033773260e-01  1.000000 0.000000 0.000000  -0.000000 -0.000000 -1.000000
2451545.029343  6.7521355797e-01  1.000000 0.000000 0.000000  -0.000000 -0.000000 -1.000000
2451545.030010  7.2700886233e-01  1.000000 0.000000 0.000000  -0.000000 -0.000000 -1.000000
2451545.030677  7.5610981684e-01  1.000000 0.000000 0.000000  -0.000000 -0.000000 -1.000000
2451545.031344  7.9123970907e-01  1.000000 0.000000 0.000000  -0.000000 -0.000000 -1.000000
2451545.032011  8.3132047156e-01  1.000000 0.000000 0.000000  -0.000000 -0.000000 -1.000000
2451545.032678  8.5146041955e-01  1.000000 0.000000 0.000000  -0.000000 -0.000000 -1.000000
2451545.033345  8.7340630219e-01  1.000000 0.000000 0.000000  -0.000000 -0.000000 -1.000000
2451545.034012  9.0100688894e-01  1.000000 0.000000 0.000000  -0.000000 -0.000000 -1.000000
2451545.034679  9.2313473837e-01  1.000000 0.000000 0.000000  -0.000000 -0.000000 -1.000000
2451545.035345  9.5454976123e-01  1.000000 0.000000 0.000000  -0.000000 -0.000000 -1.000000
2451545.036012  9.7733681114e-01  1.000000 0.000000 0.000000  -0.000000 -0.000000 -1.000000
2451545.036679  9.9803982621e-01  1.000000 0.000000 0.000000  -0.000000 -0.000000 -1.000000
2451545.037346  1.0260695799e+00  1.000000 0.000000 0.000000  -0.000000 -0.000000 -1.000000
2451545.038013  1.0454988274e+00  1.000000 0.000000 0.000000  -0.000000 -0.000000 -1.000000
2451545.038680  1.0686669776e+00  1.000000 0.000000 0.000000  -0.000000 -0.000000 -1.000000
2451545.039347  1.0986022327e+00  1.000000 0.000000 0.000000  -0.000000 -0.000000 -1.000000
2451545.040014  1.1130703099e+00  1.000000 0.000000 0.000000  -0.000000 -0.000000 -1.000000
2451545.040681  1.1333269913e+00  1.000000 0.000000 0.000000  -0.000000 -0.000000 -1.000000
2451545.041348  1.1595370771e+00  1.000000 0.000000 0.000000  -0.000000 -0.000000 -1.000000
2451545.042014  1.1761681558e+00  1.000000 0.000000 0.000000  -0.000000 -0.000000 -1.000000
2451545.042681  1.1923597676e+00  1.000000 0.000000 0.000000  -0.000000 -0.000000 -1.000000
2451545.043348  1.2966164435e+00  1.000000 0.000000 0.000000  -0.000000 -0.000000 -1.000000
2451545.044015  1.2911711728e+00  1.000000 0.000000 0.000000  -0.000000 -0.000000 -1.000000
2451545.044682  1.2961220431e+00  1.000000 0.000000 0.000000  -0.000000 -0.000000 -1.000000
2451545.045349  1.2923076070e+00  1.000000 0.000000 0.000000  -0.000000 -0.000000 -1.000000
2451545.046016  1.2905016723e+00  1.000000 0.000000 0.000000  -0.000000 -0.000000 -1.000000
2451545.046683  1.2913634396e+00  1.000000 0.000000 0.000000  -0.000000 -0.000000 -1.000000
2451545.047350  1.2976739109e+00  1.000000 0.000000 0.000000  -0.000000 -0.000000 -1.000000
2451545.048017  1.2933273077e+00  1.000000 0.000000 0.000000  -0.000000 -0.000000 -1.000000
2451545.048683  1.3020342474e+00  1.000000 0.000000 0.000000  -0.000000 -0.000000 -1.000000
2451545.049350  1.3071224511e+00  1.000000 0.000000 0.000000  -0.000000 -0.000000 -1.000000
2451545.050017  1.3014574470e+00  1.000000 0.000000 0.000000  -0.000000 -0.000000 -1.000000
2451545.050684  1.3026522479e+00  1.000000 0.000000 0.000000  -0.000000 -0.000000 -1.000000
2451545.051351  1.2886785710e+00  1.000000 0.000000 0.000000  -0.000000 -0.000000 -1.000000
2451545.052018  1.2768232624e+00  1.000000 0.000000 0.000000  -0.000000 -0.000000 -1.000000
2451545.052685  1.2738122269e+00  1.000000 0.000000 0.000000  -0.000000 -0.000000 -1.000000
2451545.053352  1.2596943499e+00  1.000000 0.000000 0.000000  -0.000000 -0.000000 -1.000000
2451545.054019  1.2579330486e+00  1.000000 0.000000 0.000000  -0.000000 -0.000000 -1.000000
2451545.054685  1.2513822439e+00  1.000000 0.000000 0.000000  -0.000000 -0.000000 -1.000000
2451545.055352  1.2374600671e+00  1.000000 0.000000 0.000000  -0.000000 -0.000000 -1.000000
2451545.056019  1.2310465957e+00  1.000000 0.000000 0.000000  -0.000000 -0.000000 -1.000000
2451545.056686  1.2228477898e+00  1.000000 0.000000 0.000000  -0.000000 -0.000000 -1.000000
2451545.057353  1.2106079475e+00  1.000000 0.000000 0.000000  -0.000000 -0.000000 -1.000000
2451545.058020  1.1948592361e+00  1.000000 0.000000 0.000000  -0.000000 -0.000000 -1.000000
2451545.058687  1.1853557625e+00  1.000000 0.000000 0.000000  -0.000000 -0.000000 -1.000000
2451545.059354  1.1639660803e+00  1.000000 0.000000 0.000000  -0.000000 -0.000000 -1.000000
2451545.060021  1.1526978721e+00  1.000000 0.000000 0.000000  -0.000000 -0.000000 -1.000000
2451545.060688  1.1280808542e+00  1.000000 0.000000 0.000000  -0.000000 -0.000000 -1.000000
2451545.061354  1.0988082329e+00  1.000000 0.000000 0.000000  -0.000000 -0.000000 -1.000000
2451545.062021  1.0789566851e+00  1.000000 0.000000 0.000000  -0.000000 -0.000000 -1.000000
2451545.062688  1.0664009759e+00  1.000000 0.000000 0.000000  -0.000000 -0.000000 -1.000000
2451545.063355  1.0387248558e+00  1.000000 0.000000 0.000000  -0.000000 -0.000000 -1.000000
2451545.064022  1.0275665144e+00  1.000000 0.000000 0.000000  -0.000000 -0.000000 -1.000000
2451545.064689  1.0144786382e+00  1.000000 0.000000 0.000000  -0.000000 -0.000000 -1.000000
2451545.065356  9.8488671664e-01  1.000000 0.000000 0.000000  -0.000000 -0.000000 -1.000000
2451545.066023  9.7473777592e-01  1.000000 0.000000 0.000000  -0.000000 -0.000000 -1.000000
2451545.066690  9.6456480185e-01  1.000000 0.000000 0.000000  -0.000000 -0.000000 -1.000000
2451545.067356  9.5889636439e-01  1.000000 0.000000 0.000000  -0.000000 -0.000000 -1.000000
2451545.068023  9.5843973073e-01  1.000000 0.000000 0.000000  -0.000000 -0.000000 -1.000000
2451545.068690  9.6258033374e-01  1.000000 0.000000 0.000000  -0.000000 -0.000000 -1.000000
2451545.069357  9.7201857394e-01  1.000000 0.000000 0.000000  -0.000000 -0.000000 -1.000000
2451545.070024  9.7028817268e-01  1.000000 0.000000 0.000000  -0.000000 -0.000000 -1.000000
2451545.070691  9.7722694440e-01  1.000000 0.000000 0.000000  -0.000000 -0.000000 -1.000000
2451545.071358  9.7925604587e-01  1.000000 0.000000 0.000000  -0.000000 -0.000000 -1.000000
2451545.072025  9.7847667864e-01  1.000000 0.000000 0.000000  -0.000000 -0.000000 -1.000000
2451545.072692  9.6991737241e-01  1.000000 0.000000 0.000000  -0.000000 -0.000000 -1.000000
2451545.073359  9.6232283355e-01  1.000000 0.000000 0.000000  -0.000000 -0.000000 -1.000000
2451545.074025  9.5433689441e-01  1.000000 0.000000 0.000000  -0.000000 -0.000000 -1.000000
2451545.074692  9.2519130653e-01  1.000000 0.000000 0.000000  -0.000000 -0.000000 -1.000000
2451545.075359  8.9475821772e-01  1.000000 0.000000 0.000000  -0.000000 -0.000000 -1.000000
2451545.076026  8.6418436214e-01  1.000000 0.000000 0.000000  -0.000000 -0.000000 -1.000000
2451545.076693  8.5471522192e-01  1.000000 0.000000 0.000000  -0.000000 -0.000000 -1.000000
2451545.077360  8.6355949502e-01  1.000000 0.000000 0.000000  -0.000000 -0.000000 -1.000000
2451545.078027  8.7613923751e-01  1.000000 0.000000 0.000000  -0.000000 -0.000000 -1.000000
2451545.078694  8.9097124830e-01  1.000000 0.000000 0.000000  -0.000000 -0.000000 -1.000000
2451545.079361  9.0421362460e-01  1.000000 0.000000 0.000000  -0.000000 -0.000000 -1.000000
2451545.080028  9.1425269857e-01  1.000000 0.000000 0.000000  -0.000000 -0.000000 -1.000000
2451545.080694  9.2915680942e-01  1.000000 0.000000 0.000000  -0.000000 -0.000000 -1.000000
2451545.081361  9.4247128577e-01  1.000000 0.000000 0.000000  -0.000000 -0.000000 -1.000000
2451545.082028  9.5853929746e-01  1.000000 0.000000 0.000000  -0.000000 -0.000000 -1.000000
2451545.082695  9.7352924170e-01  1.000000 0.000000 0.000000  -0.000000 -0.000000 -1.000000
2451545.083362  9.8481461658e-01  1.000000 0.000000 0.000000  -0.000000 -0.000000 -1.000000
2451545.084029  9.9490175726e-01  1.000000 0.000000 0.000000  -0.000000 -0.000000 -1.000000
2451545.084696  1.0108805022e+00  1.000000 0.000000 0.000000  -0.000000 -0.000000 -1.000000
2451545.085363  1.0241125785e+00  1.000000 0.000000 0.000000  -0.000000 -0.000000 -1.000000
2451545.086030  1.0348623530e+00  1.000000 0.000000 0.000000  -0.000000 -0.000000 -1.000000
2451545.086696  1.0508960313e+00  1.000000 0.000000 0.000000  -0.000000 -0.000000 -1.000000
2451545.087363  1.0637195407e+00  1.000000 0.000000 0.000000  -0.000000 -0.000000 -1.000000
2451545.088030  1.0775352840e+00  1.000000 0.000000 0.000000  -0.000000 -0.000000 -1.000000
2451545.088697  1.0884429920e+00  1.000000 0.000000 0.000000  -0.000000 -0.000000 -1.000000
2451545.089364  1.0904617935e+00  1.000000 0.000000 0.000000  -0.000000 -0.000000 -1.000000
2451545.090031  1.0912445940e+00  1.000000 0.000000 0.000000  -0.000000 -0.000000 -1.000000
2451545.090698  1.1003841340e+00  1.000000 0.000000 0.000000  -0.000000 -0.000000 -1.000000
2451545.091365  1.1017780684e+00  1.000000 0.000000 0.000000  -0.000000 -0.000000 -1.000000
2451545.092032  1.1081640730e+00  1.000000 0.000000 0.000000  -0.000000 -0.000000 -1.000000
2451545.092699  1.1026810357e+00  1.000000 0.000000 0.000000  -0.000000 -0.000000 -1.000000
2451545.093365  1.1028801692e+00  1.000000 0.000000 0.000000  -0.000000 -0.000000 -1.000000
2451545.094032  1.0988116662e+00  1.000000 0.000000 0.000000  -0.000000 -0.000000 -1.000000
2451545.094699  1.0828157546e+00  1.000000 0.000000 0.000000  -0.000000 -0.000000 -1.000000
2451545.095366  1.0745997819e+00  1.000000 0.000000 0.000000  -0.000000 -0.000000 -1.000000
2451545.096033  1.0628955401e+00  1.000000 0.000000 0.000000  -0.000000 -0.000000 -1.000000
2451545.096700  1.0782082179e+00  1.000000 0.000000 0.000000  -0.000000 -0.000000 -1.000000
2451545.097367  1.0849890561e+00  1.000000 0.000000 0.000000  -0.000000 -0.000000 -1.000000
2451545.098034  1.0901939933e+00  1.000000 0.000000 0.000000  -0.000000 -0.000000 -1.000000
2451545.098701  1.1075872726e+00  1.000000 0.000000 0.000000  -0.000000 -0.000000 -1.000000
2451545.099367  1.1155697784e+00  1.000000 0.000000 0.000000  -0.000000 -0.000000 -1.000000
2451545.100034  1.1274697204e+00  1.000000 0.000000 0.000000  -0.000000 -0.000000 -1.000000
2451545.100701  1.1263195529e+00  1.000000 0.000000 0.000000  -0.000000 -0.000000 -1.000000
2451545.101368  1.1332720579e+00  1.000000 0.000000 0.000000  -0.000000 -0.000000 -1.000000
2451545.102035  1.1363963935e+00  1.000000 0.000000 0.000000  -0.000000 -0.000000 -1.000000
2451545.102702  1.1359019932e+00  1.000000 0.000000 0.000000  -0.000000 -0.000000 -1.000000
2451545.103369  1.1263607529e+00  1.000000 0.000000 0.000000  -0.000000 -0.000000 -1.000000
2451545.104036  1.1239436845e+00  1.000000 0.000000 0.000000  -0.000000 -0.000000 -1.000000
2451545.104703  1.1234424175e+00  1.000000 0.000000 0.000000  -0.000000 -0.000000 -1.000000
2451545.105370  1.1211249158e+00  1.000000 0.000000 0.000000  -0.000000 -0.000000 -1.000000
2451545.106036  1.1095305407e+00  1.000000 0.000000 0.000000  -0.000000 -0.000000 -1.000000
2451545.106703  1.1186632140e+00  1.000000 0.000000 0.000000  -0.000000 -0.000000 -1.000000
2451545.107370  1.1099528410e+00  1.000000 0.000000 0.000000  -0.000000 -0.000000 -1.000000
2451545.108037  1.1170495461e+00  1.000000 0.000000 0.000000  -0.000000 -0.000000 -1.000000
2451545.108704  1.1162118122e+00  1.000000 0.000000 0.000000  -0.000000 -0.000000 -1.000000
2451545.109371  1.1122394426e+00  1.000000 0.000000 0.000000  -0.000000 -0.000000 -1.000000
2451545.110038  1.1054620377e+00  1.000000 0.000000 0.000000  -0.000000 -0.000000 -1.000000
2451545.110705  1.1144093109e+00  1.000000 0.000000 0.000000  -0.000000 -0.000000 -1.000000
2451545.111372  1.1259762193e+00  1.000000 0.000000 0.000000  -0.000000 -0.000000 -1.000000
2451545.112039  1.1431806651e+00  1.000000 0.000000 0.000000  -0.000000 -0.000000 -1.000000
2451545.112705  1.1499409034e+00  1.000000 0.000000 0.000000  -0.000000 -0.000000 -1.000000
2451545.113372  1.1642819472e+00  1.000000 0.000000 0.000000  -0.000000 -0.000000 -1.000000
2451545.114039  1.1742180211e+00  1.000000 0.000000 0.000000  -0.000000 -0.000000 -1.000000
2451545.114706  1.1793268248e+00  1.000000 0.000000 0.000000  -0.000000 -0.000000 -1.000000
2451545.115373  1.1905847330e+00  1.000000 0.000000 0.000000  -0.000000 -0.000000 -1.000000
2451545.116040  1.1966342707e+00  1.000000 0.000000 0.000000  -0.000000 -0.000000 -1.000000
2451545.116707  1.2007199403e+00  1.000000 0.000000 0.000000  -0.000000 -0.000000 -1.000000
2451545.117374  1.2016572410e+00  1.000000 0.000000 0.000000  -0.000000 -0.000000 -1.000000
2451545.118041  1.2032365755e+00  1.000000 0.000000 0.000000  -0.000000 -0.000000 -1.000000
2451545.118707  1.1895650322e+00  1.000000 0.000000 0.000000  -0.000000 -0.000000 -1.000000
2451545.119374  1.1660192151e+00  1.000000 0.000000 0.000000  -0.000000 -0.000000 -1.000000
2451545.120041  1.1265289864e+00  1.000000 0.000000 0.000000  -0.000000 -0.000000 -1.000000
2451545.120708  1.0939122960e+00  1.000000 0.000000 0.000000  -0.000000 -0.000000 -1.000000
2451545.121375  1.0506625645e+00  1.000000 0.000000 0.000000  -0.000000 -0.000000 -1.000000
2451545.122042  9.7749131125e-01  1.000000 0.000000 0.000000  -0.000000 -0.000000 -1.000000
2451545.122709  9.2443253931e-01  1.000000 0.000000 0.000000  -0.000000 -0.000000 -1.000000
2451545.123376  8.6700656420e-01  1.000000 0.000000 0.000000  -0.000000 -0.000000 -1.000000
2451545.124043  7.9141480919e-01  1.000000 0.000000 0.000000  -0.000000 -0.000000 -1.000000
2451545.124710  7.5611325017e-01  1.000000 0.000000 0.000000  -0.000000 -0.000000 -1.000000
2451545.125376  7.5464721577e-01  1.000000 0.000000 0.000000  -0.000000 -0.000000 -1.000000
2451545.126043  7.5826595174e-01  1.000000 0.000000 0.000000  -0.000000 -0.000000 -1.000000
2451545.126710  7.5732865106e-01  1.000000 0.000000 0.000000  -0.000000 -0.000000 -1.000000
2451545.127377  7.5911055235e-01  1.000000 0.000000 0.000000  -0.000000 -0.000000 -1.000000
2451545.128044  7.6071048685e-01  1.000000 0.000000 0.000000  -0.000000 -0.000000 -1.000000
2451545.128711  7.5655271716e-01  1.000000 0.000000 0.000000  -0.000000 -0.000000 -1.000000
2451545.129378  7.5746941783e-01  1.000000 0.000000 0.000000  -0.000000 -0.000000 -1.000000
2451545.130045  7.5790888481e-01  1.000000 0.000000 0.000000  -0.000000 -0.000000 -1.000000
2451545.130712  7.5849941858e-01  1.000000 0.000000 0.000000  -0.000000 -0.000000 -1.000000
2451545.131378  7.6121175388e-01  1.000000 0.000000 0.000000  -0.000000 -0.000000 -1.000000
2451545.132045  7.6828785903e-01  1.000000 0.000000 0.000000  -0.000000 -0.000000 -1.000000
2451545.132712  7.8504597123e-01  1.000000 0.000000 0.000000  -0.000000 -0.000000 -1.000000
2451545.133379  8.1559236012e-01  1.000000 0.000000 0.000000  -0.000000 -0.000000 -1.000000
2451545.134046  8.8480497715e-01  1.000000 0.000000 0.000000  -0.000000 -0.000000 -1.000000
2451545.134713  9.3674448161e-01  1.000000 0.000000 0.000000  -0.000000 -0.000000 -1.000000
2451545.135380  9.7837024523e-01  1.000000 0.000000 0.000000  -0.000000 -0.000000 -1.000000
2451545.136047  1.0151035053e+00  1.000000 0.000000 0.000000  -0.000000 -0.000000 -1.000000
2451545.136714  1.0202638090e+00  1.000000 0.000000 0.000000  -0.000000 -0.000000 -1.000000
2451545.137381  1.0315663506e+00  1.000000 0.000000 0.000000  -0.000000 -0.000000 -1.000000
2451545.138047  1.0322942178e+00  1.000000 0.000000 0.000000  -0.000000 -0.000000 -1.000000
2451545.138714  1.0343164526e+00  1.000000 0.000000 0.000000  -0.000000 -0.000000 -1.000000
2451545.139381  1.0290497154e+00  1.000000 0.000000 0.000000  -0.000000 -0.000000 -1.000000
2451545.140048  1.0218946436e+00  1.000000 0.000000 0.000000  -0.000000 -0.000000 -1.000000
2451545.140715  1.0188630080e+00  1.000000 0.000000 0.000000  -0.000000 -0.000000 -1.000000
2451545.141382  9.9965349405e-01  1.000000 0.000000 0.000000  -0.000000 -0.000000 -1.000000
2451545.142049  9.8610898419e-01  1.000000 0.000000 0.000000  -0.000000 -0.000000 -1.000000
2451545.142716  9.7068643964e-01  1.000000 0.000000 0.000000  -0.000000 -0.000000 -1.000000
2451545.143383  9.4469608739e-01  1.000000 0.000000 0.000000  -0.000000 -0.000000 -1.000000
2451545.144050  9.3271717868e-01  1.000000 0.000000 0.000000  -0.000000 -0.000000 -1.000000
2451545.144716  9.1218583040e-01  1.000000 0.000000 0.000000  -0.000000 -0.000000 -1.000000
2451545.145383  8.7304923526e-01  1.000000 0.000000 0.000000  -0.000000 -0.000000 -1.000000
2451545.146050  8.6560576318e-01  1.000000 0.000000 0.000000  -0.000000 -0.000000 -1.000000
2451545.146717  8.7317283535e-01  1.000000 0.000000 0.000000  -0.000000 -0.000000 -1.000000
2451545.147384  8.9410245058e-01  1.000000 0.000000 0.000000  -0.000000 -0.000000 -1.000000
2451545.148051  9.1196266357e-01  1.000000 0.000000 0.000000  -0.000000 -0.000000 -1.000000
2451545.148718  9.2087217006e-01  1.000000 0.000000 0.000000  -0.000000 -0.000000 -1.000000
2451545.149385  9.4564025475e-01  1.000000 0.000000 0.000000  -0.000000 -0.000000 -1.000000
2451545.150052  9.5533256180e-01  1.000000 0.000000 0.000000  -0.000000 -0.000000 -1.000000
2451545.150718  9.6756553737e-01  1.000000 0.000000 0.000000  -0.000000 -0.000000 -1.000000
2451545.151385  9.8570041723e-01  1.000000 0.000000 0.000000  -0.000000 -0.000000 -1.000000
2451545.152052  9.9658752515e-01  1.000000 0.000000 0.000000  -0.000000 -0.000000 -1.000000
2451545.152719  9.9610342480e-01  1.000000 0.000000 0.000000  -0.000000 -0.000000 -1.000000
2451545.153386  9.8821705239e-01  1.000000 0.000000 0.000000  -0.000000 -0.000000 -1.000000
2451545.154053  9.9315075598e-01  1.000000 0.000000 0.000000  -0.000000 -0.000000 -1.000000
2451545.154720  9.9224092199e-01  1.000000 0.000000 0.000000  -0.000000 -0.000000 -1.000000
2451545.155387  9.9299282253e-01  1.000000 0.000000 0.000000  -0.000000 -0.000000 -1.000000
2451545.156054  9.8869085274e-01  1.000000 0.000000 0.000000  -0.000000 -0.000000 -1.000000
2451545.156721  9.8422751616e-01  1.000000 0.000000 0.000000  -0.000000 -0.000000 -1.000000
2451545.157387  9.6394336806e-01  1.000000 0.000000 0.000000  -0.000000 -0.000000 -1.000000
2451545.158054  9.5454289456e-01  1.000000 0.000000 0.000000  -0.000000 -0.000000 -1.000000
2451545.158721  9.4757665615e-01  1.000000 0.000000 0.000000  -0.000000 -0.000000 -1.000000
2451545.159388  9.4373475336e-01  1.000000 0.000000 0.000000  -0.000000 -0.000000 -1.000000
2451545.160055  9.4694835570e-01  1.000000 0.000000 0.000000  -0.000000 -0.000000 -1.000000
2451545.160722  9.4427035375e-01  1.000000 0.000000 0.000000  -0.000000 -0.000000 -1.000000
2451545.161389  9.5173785918e-01  1.000000 0.000000 0.000000  -0.000000 -0.000000 -1.000000
2451545.162056  9.5117822544e-01  1.000000 0.000000 0.000000  -0.000000 -0.000000 -1.000000
2451545.162723  9.5505789493e-01  1.000000 0.000000 0.000000  -0.000000 -0.000000 -1.000000
2451545.163389  9.5838823069e-01  1.000000 0.000000 0.000000  -0.000000 -0.000000 -1.000000
2451545.164056  9.5522612839e-01  1.000000 0.000000 0.000000  -0.000000 -0.000000 -1.000000
2451545.164723  9.5959333156e-01  1.000000 0.000000 0.000000  -0.000000 -0.000000 -1.000000
2451545.165390  9.6809427108e-01  1.000000 0.000000 0.000000  -0.000000 -0.000000 -1.000000
2451545.166057  9.7128727341e-01  1.000000 0.000000 0.000000  -0.000000 -0.000000 -1.000000
2451545.166724  9.7715827768e-01  1.000000 0.000000 0.000000  -0.000000 -0.000000 -1.000000
2451545.167391  9.8484208327e-01  1.000000 0.000000 0.000000  -0.000000 -0.000000 -1.000000
2451545.168058  9.8221214802e-01  1.000000 0.000000 0.000000  -0.000000 -0.000000 -1.000000
2451545.168725  9.8256921495e-01  1.000000 0.000000 0.000000  -0.000000 -0.000000 -1.000000
2451545.169392  9.7164777367e-01  1.000000 0.000000 0.000000  -0.000000 -0.000000 -1.000000
2451545.170058  9.6045853219e-01  1.000000 0.000000 0.000000  -0.000000 -0.000000 -1.000000
2451545.170725  9.3286137878e-01  1.000000 0.000000 0.000000  -0.000000 -0.000000 -1.000000
2451545.171392  8.7727223833e-01  1.000000 0.000000 0.000000  -0.000000 -0.000000 -1.000000
2451545.172059  8.4290111332e-01  1.000000 0.000000 0.000000  -0.000000 -0.000000 -1.000000
2451545.172726  8.4517741498e-01  1.000000 0.000000 0.000000  -0.000000 -0.000000 -1.000000
2451545.173393  8.4379378064e-01  1.000000 0.000000 0.000000  -0.000000 -0.000000 -1.000000
2451545.174060  8.4585721547e-01  1.000000 0.000000 0.000000  -0.000000 -0.000000 -1.000000
2451545.174727  8.3875707697e-01  1.000000 0.000000 0.000000  -0.000000 -0.000000 -1.000000
2451545.175394  8.4692154958e-01  1.000000 0.000000 0.000000  -0.000000 -0.000000 -1.000000
2451545.176061  8.5437188834e-01  1.000000 0.000000 0.000000  -0.000000 -0.000000 -1.000000
2451545.176727  8.8531311085e-01  1.000000 0.000000 0.000000  -0.000000 -0.000000 -1.000000
2451545.177394  9.0350635742e-01  1.000000 0.000000 0.000000  -0.000000 -0.000000 -1.000000
2451545.178061  9.2345747194e-01  1.000000 0.000000 0.000000  -0.000000 -0.000000 -1.000000
2451545.178728  9.5241079301e-01  1.000000 0.000000 0.000000  -0.000000 -0.000000 -1.000000
2451545.179395  9.7998734640e-01  1.000000 0.000000 0.000000  -0.000000 -0.000000 -1.000000
2451545.180062  1.0001204277e+00  1.000000 0.000000 0.000000  -0.000000 -0.000000 -1.000000
2451545.180729  1.0288746153e+00  1.000000 0.000000 0.000000  -0.000000 -0.000000 -1.000000
2451545.181396  1.0441701264e+00  1.000000 0.000000 0.000000  -0.000000 -0.000000 -1.000000
2451545.182063  1.0658619422e+00  1.000000 0.000000 0.000000  -0.000000 -0.000000 -1.000000
2451545.182729  1.0947156966e+00  1.000000 0.000000 0.000000  -0.000000 -0.000000 -1.000000
2451545.183396  1.1163319789e+00  1.000000 0.000000 0.000000  -0.000000 -0.000000 -1.000000
2451545.184063  1.1360908267e+00  1.000000 0.000000 0.000000  -0.000000 -0.000000 -1.000000
2451545.184730  1.1667127489e+00  1.000000 0.000000 0.000000  -0.000000 -0.000000 -1.000000
2451545.185397  1.1846107286e+00  1.000000 0.000000 0.000000  -0.000000 -0.000000 -1.000000
2451545.186064  1.2022203081e+00  1.000000 0.000000 0.000000  -0.000000 -0.000000 -1.000000
2451545.186731  1.2297796948e+00  1.000000 0.000000 0.000000  -0.000000 -0.000000 -1.000000
2451545.187398  1.2466099071e+00  1.000000 0.000000 0.000000  -0.000000 -0.000000 -1.000000
2451545.188065  1.2601372503e+00  1.000000 0.000000 0.000000  -0.000000 -0.000000 -1.000000
2451545.188732  1.2896364717e+00  1.000000 0.000000 0.000000  -0.000000 -0.000000 -1.000000
2451545.189398  1.3019930474e+00  1.000000 0.000000 0.000000  -0.000000 -0.000000 -1.000000
2451545.190065  1.3128973220e+00  1.000000 0.000000 0.000000  -0.000000 -0.000000 -1.000000
2451545.190732  1.3326870697e+00  1.000000 0.000000 0.000000  -0.000000 -0.000000 -1.000000
2451545.191399  1.3465543131e+00  1.000000 0.000000 0.000000  -0.000000 -0.000000 -1.000000
2451545.192066  1.3594361892e+00  1.000000 0.000000 0.000000  -0.000000 -0.000000 -1.000000
2451545.192733  1.3718408315e+00  1.000000 0.000000 0.000000  -0.000000 -0.000000 -1.000000
2451545.193400  1.3805340379e+00  1.000000 0.000000 0.000000  -0.000000 -0.000000 -1.000000
2451545.194067  1.3908889787e+00  1.000000 0.000000 0.000000  -0.000000 -0.000000 -1.000000
2451545.194734  1.3979067172e+00  1.000000 0.000000 0.000000  -0.000000 -0.000000 -1.000000
2451545.195400  1.4104521263e+00  1.000000 0.000000 0.000000  -0.000000 -0.000000 -1.000000
2451545.196067  1.4120417608e+00  1.000000 0.000000 0.000000  -0.000000 -0.000000 -1.000000
2451545.196734  1.4200517333e+00  1.000000 0.000000 0.000000  -0.000000 -0.000000 -1.000000
2451545.197401  1.4178406650e+00  1.000000 0.000000 0.000000  -0.000000 -0.000000 -1.000000
2451545.198068  1.4195882329e+00  1.000000 0.000000 0.000000  -0.000000 -0.000000 -1.000000
2451545.198735  1.4223177349e+00  1.000000 0.000000 0.000000  -0.000000 -0.000000 -1.000000
2451545.199402  1.4200895000e+00  1.000000 0.000000 0.000000  -0.000000 -0.000000 -1.000000
2451545.200069  1.4157737968e+00  1.000000 0.000000 0.000000  -0.000000 -0.000000 -1.000000
2451545.200736  1.4060952231e+00  1.000000 0.000000 0.000000  -0.000000 -0.000000 -1.000000
2451545.201403  1.4084298915e+00  1.000000 0.000000 0.000000  -0.000000 -0.000000 -1.000000
2451545.202069  1.4024490205e+00  1.000000 0.000000 0.000000  -0.000000 -0.000000 -1.000000
2451545.202736  1.3971410833e+00  1.000000 0.000000 0.000000  -0.000000 -0.000000 -1.000000
2451545.203403  1.3841047071e+00  1.000000 0.000000 0.000000  -0.000000 -0.000000 -1.000000
2451545.204070  1.3789135033e+00  1.000000 0.000000 0.000000  -0.000000 -0.000000 -1.000000
2451545.204737  1.3689636961e+00  1.000000 0.000000 0.000000  -0.000000 -0.000000 -1.000000
2451545.205404  1.3548595525e+00  1.000000 0.000000 0.000000  -0.000000 -0.000000 -1.000000
2451545.206071  1.3358869387e+00  1.000000 0.000000 0.000000  -0.000000 -0.000000 -1.000000
2451545.206738  1.3191871932e+00  1.000000 0.000000 0.000000  -0.000000 -0.000000 -1.000000
2451545.207405  1.3047980827e+00  1.000000 0.000000 0.000000  -0.000000 -0.000000 -1.000000
2451545.208072  1.2705677245e+00  1.000000 0.000000 0.000000  -0.000000 -0.000000 -1.000000
2451545.208738  1.2361656995e+00  1.000000 0.000000 0.000000  -0.000000 -0.000000 -1.000000
2451545.209405  1.2163381850e+00  1.000000 0.000000 0.000000  -0.000000 -0.000000 -1.000000
2451545.210072  1.1759484223e+00  1.000000 0.000000 0.000000  -0.000000 -0.000000 -1.000000
2451545.210739  1.1534841060e+00  1.000000 0.000000 0.000000  -0.000000 -0.000000 -1.000000
2451545.211406  1.1353732595e+00  1.000000 0.000000 0.000000  -0.000000 -0.000000 -1.000000
2451545.212073  1.1180932802e+00  1.000000 0.000000 0.000000  -0.000000 -0.000000 -1.000000
2451545.212740  1.0997009002e+00  1.000000 0.000000 0.000000  -0.000000 -0.000000 -1.000000
2451545.213407  1.0877666248e+00  1.000000 0.000000 0.000000  -0.000000 -0.000000 -1.000000
2451545.214074  1.0662979759e+00  1.000000 0.000000 0.000000  -0.000000 -0.000000 -1.000000
2451545.214740  1.0500342640e+00  1.000000 0.000000 0.000000  -0.000000 -0.000000 -1.000000
2451545.215407  1.0436345260e+00  1.000000 0.000000 0.000000  -0.000000 -0.000000 -1.000000
2451545.216074  1.0117251028e+00  1.000000 0.000000 0.000000  -0.000000 -0.000000 -1.000000
2451545.216741  9.8951485334e-01  1.000000 0.000000 0.000000  -0.000000 -0.000000 -1.000000
2451545.217408  9.6986587237e-01  1.000000 0.000000 0.000000  -0.000000 -0.000000 -1.000000
2451545.218075  9.2919114278e-01  1.000000 0.000000 0.000000  -0.000000 -0.000000 -1.000000
2451545.218742  9.1101506288e-01  1.000000 0.000000 0.000000  -0.000000 -0.000000 -1.000000
2451545.219409  8.8929578041e-01  1.000000 0.000000 0.000000  -0.000000 -0.000000 -1.000000
2451545.220076  8.7007253309e-01  1.000000 0.000000 0.000000  -0.000000 -0.000000 -1.000000
2451545.220743  8.7848077254e-01  1.000000 0.000000 0.000000  -0.000000 -0.000000 -1.000000
2451545.221409  8.8101457439e-01  1.000000 0.000000 0.000000  -0.000000 -0.000000 -1.000000
2451545.222076  8.9940695444e-01  1.000000 0.000000 0.000000  -0.000000 -0.000000 -1.000000
2451545.222743  9.0707016001e-01  1.000000 0.000000 0.000000  -0.000000 -0.000000 -1.000000
2451545.223410  9.2896454261e-01  1.000000 0.000000 0.000000  -0.000000 -0.000000 -1.000000
2451545.224077  9.6850970472e-01  1.000000 0.000000 0.000000  -0.000000 -0.000000 -1.000000
2451545.224744  9.5972036499e-01  1.000000 0.000000 0.000000  -0.000000 -0.000000 -1.000000
2451545.225411  9.3232234505e-01  1.000000 0.000000 0.000000  -0.000000 -0.000000 -1.000000
2451545.226078  9.3260044526e-01  1.000000 0.000000 0.000000  -0.000000 -0.000000 -1.000000
2451545.226745  9.3780881571e-01  1.000000 0.000000 0.000000  -0.000000 -0.000000 -1.000000
2451545.227411  9.5265112651e-01  1.000000 0.000000 0.000000  -0.000000 -0.000000 -1.000000
2451545.228078  9.9326405606e-01  1.000000 0.000000 0.000000  -0.000000 -0.000000 -1.000000
2451545.228745  1.0213933765e+00  1.000000 0.000000 0.000000  -0.000000 -0.000000 -1.000000
2451545.229412  1.0447949936e+00  1.000000 0.000000 0.000000  -0.000000 -0.000000 -1.000000
2451545.230079  1.0727732473e+00  1.000000 0.000000 0.000000  -0.000000 -0.000000 -1.000000
2451545.230746  1.0991000664e+00  1.000000 0.000000 0.000000  -0.000000 -0.000000 -1.000000
2451545.231413  1.1182031470e+00  1.000000 0.000000 0.000000  -0.000000 -0.000000 -1.000000
2451545.232080  1.1503700704e+00  1.000000 0.000000 0.000000  -0.000000 -0.000000 -1.000000
2451545.232747  1.1673307494e+00  1.000000 0.000000 0.000000  -0.000000 -0.000000 -1.000000
2451545.233414  1.1820013934e+00  1.000000 0.000000 0.000000  -0.000000 -0.000000 -1.000000
2451545.234080  1.1803636922e+00  1.000000 0.000000 0.000000  -0.000000 -0.000000 -1.000000
2451545.234747  1.1636330467e+00  1.000000 0.000000 0.000000  -0.000000 -0.000000 -1.000000
2451545.235414  1.1334368581e+00  1.000000 0.000000 0.000000  -0.000000 -0.000000 -1.000000
2451545.236081  1.0757636828e+00  1.000000 0.000000 0.000000  -0.000000 -0.000000 -1.000000
2451545.236748  1.0307045833e+00  1.000000 0.000000 0.000000  -0.000000 -0.000000 -1.000000
2451545.237415  9.7753937796e-01  1.000000 0.000000 0.000000  -0.000000 -0.000000 -1.000000
2451545.238082  8.7258230159e-01  1.000000 0.000000 0.000000  -0.000000 -0.000000 -1.000000
2451545.238749  8.0688885379e-01  1.000000 0.000000 0.000000  -0.000000 -0.000000 -1.000000
2451545.239416  7.3902553774e-01  1.000000 0.000000 0.000000  -0.000000 -0.000000 -1.000000
360  1
2451545.000000  6.2641971443e-01  1.000000 0.000000 0.000000  -0.000000 -1.000000 0.000000
2451545.000667  6.1512215979e-01  1.000000 0.000000 0.000000  -0.000000 -1.000000 0.000000
2451545.001334  6.0028225454e-01  1.000000 0.000000 0.000000  -0.000000 -1.000000 0.000000
2451545.002001  5.8628142697e-01  1.000000 0.000000 0.000000  -0.000000 -1.000000 0.000000
2451545.002668  5.7881705259e-01  1.000000 0.000000 0.000000  -0.000000 -1.000000 0.000000
2451545.003334  5.7202242166e-01  1.000000 0.000000 0.000000  -0.000000 -1.000000 0.000000
2451545.004001  5.6964490831e-01  1.000000 0.000000 0.000000  -0.000000 -1.000000 0.000000
2451545.004668  5.6758783912e-01  1.000000 0.000000 0.000000  -0.000000 -1.000000 0.000000
2451545.005335  5.6644274486e-01  1.000000 0.000000 0.000000  -0.000000 -1.000000 0.000000
2451545.006002  5.5764268028e-01  1.000000 0.000000 0.000000  -0.000000 -1.000000 0.000000
2451545.006669  5.5609816985e-01  1.000000 0.000000 0.000000  -0.000000 -1.000000 0.000000
2451545.007336  5.5376849532e-01  1.000000 0.000000 0.000000  -0.000000 -1.000000 0.000000
2451545.008003  5.4773928549e-01  1.000000 0.000000 0.000000  -0.000000 -1.000000 0.000000
2451545.008670  5.4769979949e-01  1.000000 0.000000 0.000000  -0.000000 -1.000000 0.000000
2451545.009337  5.4794886508e-01  1.000000 0.000000 0.000000  -0.000000 -1.000000 0.000000
2451545.010003  5.4648636406e-01  1.000000 0.000000 0.000000  -0.000000 -1.000000 0.000000
2451545.010670  5.4692982231e-01  1.000000 0.000000 0.000000  -0.000000 -1.000000 0.000000
2451545.011337  5.4776814065e-01  1.000000 0.000000 0.000000  -0.000000 -1.000000 0.000000
2451545.012004  5.5067947447e-01  1.000000 0.000000 0.000000  -0.000000 -1.000000 0.000000
2451545.012671  5.5378596029e-01  1.000000 0.000000 0.000000  -0.000000 -1.000000 0.000000
2451545.013338  5.6305226351e-01  1.000000 0.000000 0.000000  -0.000000 -1.000000 0.000000
2451545.014005  5.8643937101e-01  1.000000 0.000000 0.000000  -0.000000 -1.000000 0.000000
2451545.014672  6.0526052905e-01  1.000000 0.000000 0.000000  -0.000000 -1.000000 0.000000
2451545.015339  6.2681913060e-01  1.000000 0.000000 0.000000  -0.000000 -1.000000 0.000000
2451545.016006  6.5871395434e-01  1.000000 0.000000 0.000000  -0.000000 -1.000000 0.000000
2451545.016672  6.7928996174e-01  1.000000 0.000000 0.000000  -0.000000 -1.000000 0.000000
2451545.017339  7.0275072584e-01  1.000000 0.000000 0.000000  -0.000000 -1.000000 0.000000
2451545.018006  7.3161879512e-01  1.000000 0.000000 0.000000  -0.000000 -1.000000 0.000000
2451545.018673  7.5255473268e-01  1.000000 0.000000 0.000000  -0.000000 -1.000000 0.000000
2451545.019340  7.7025889228e-01  1.000000 0.000000 0.000000  -0.000000 -1.000000 0.000000
2451545.020007  7.9901230027e-01  1.000000 0.000000 0.000000  -0.000000 -1.000000 0.000000
2451545.020674  8.1769373858e-01  1.000000 0.000000 0.000000  -0.000000 -1.000000 0.000000
2451545.021341  8.3777085545e-01  1.000000 0.000000 0.000000  -0.000000 -1.000000 0.000000
2451545.022008  8.6671106263e-01  1.000000 0.000000 0.000000  -0.000000 -1.000000 0.000000
2451545.022674  8.8594530508e-01  1.000000 0.000000 0.000000  -0.000000 -1.000000 0.000000
2451545.023341  9.0493200062e-01  1.000000 0.000000 0.000000  -0.000000 -1.000000 0.000000
2451545.024008  9.3584650825e-01  1.000000 0.000000 0.000000  -0.000000 -1.000000 0.000000
2451545.024675  9.5571708292e-01  1.000000 0.000000 0.000000  -0.000000 -1.000000 0.000000
2451545.025342  9.7722025218e-01  1.000000 0.000000 0.000000  -0.000000 -1.000000 0.000000
2451545.026009  1.0188840664e+00  1.000000 0.000000 0.000000  -0.000000 -1.000000 0.000000
2451545.026676  1.0589274356e+00  1.000000 0.000000 0.000000  -0.000000 -1.000000 0.000000
2451545.027343  1.0983982576e+00  1.000000 0.000000 0.000000  -0.000000 -1.000000 0.000000
2451545.028010  1.1743746543e+00  1.000000 0.000000 0.000000  -0.000000 -1.000000 0.000000
2451545.028677  1.1813940517e+00  1.000000 0.000000 0.000000  -0.000000 -1.000000 0.000000
2451545.029343  1.1961246111e+00  1.000000 0.000000 0.000000  -0.000000 -1.000000 0.000000
2451545.030010  1.2198678520e+00  1.000000 0.000000 0.000000  -0.000000 -1.000000 0.000000
2451545.030677  1.2343926286e+00  1.000000 0.000000 0.000000  -0.000000 -1.000000 0.000000
2451545.031344  1.2492241810e+00  1.000000 0.000000 0.000000  -0.000000 -1.000000 0.000000
2451545.032011  1.2718762413e+00  1.000000 0.000000 0.000000  -0.000000 -1.000000 0.000000
2451545.032678  1.2835056302e+00  1.000000 0.000000 0.000000  -0.000000 -1.000000 0.000000
2451545.033345  1.2972915628e+00  1.000000 0.000000 0.000000  -0.000000 -1.000000 0.000000
2451545.034012  1.3206391843e+00  1.000000 0.000000 0.000000  -0.000000 -1.000000 0.000000
2451545.034679  1.3334250577e+00  1.000000 0.000000 0.000000  -0.000000 -1.000000 0.000000
2451545.035345  1.3523950477e+00  1.000000 0.000000 0.000000  -0.000000 -1.000000 0.000000
2451545.036012  1.3642484438e+00  1.000000 0.000000 0.000000  -0.000000 -1.000000 0.000000
2451545.036679  1.3743766051e+00  1.000000 0.000000 0.000000  -0.000000 -1.000000 0.000000
2451545.037346  1.3656866458e+00  1.000000 0.000000 0.000000  -0.000000 -1.000000 0.000000
2451545.038013  1.3429320737e+00  1.000000 0.000000 0.000000  -0.000000 -1.000000 0.000000
2451545.038680  1.3154346246e+00  1.000000 0.000000 0.000000  -0.000000 -1.000000 0.000000
2451545.039347  1.2639114576e+00  1.000000 0.000000 0.000000  -0.000000 -1.000000 0.000000
2451545.040014  1.2277392361e+00  1.000000 0.000000 0.000000  -0.000000 -1.000000 0.000000
2451545.040681  1.1905358221e+00  1.000000 0.000000 0.000000  -0.000000 -1.000000 0.000000
2451545.041348  1.1337579786e+00  1.000000 0.000000 0.000000  -0.000000 -1.000000 0.000000
2451545.042014  1.0997764712e+00  1.000000 0.000000 0.000000  -0.000000 -1.000000 0.000000
2451545.042681  1.0624697862e+00  1.000000 0.000000 0.000000  -0.000000 -1.000000 0.000000
2451545.043348  1.0139164227e+00  1.000000 0.000000 0.000000  -0.000000 -1.000000 0.000000
2451545.044015  9.8062667980e-01  1.000000 0.000000 0.000000  -0.000000 -1.000000 0.000000
2451545.044682  9.5792981811e-01  1.000000 0.000000 0.000000  -0.000000 -1.000000 0.000000
2451545.045349  9.2652553210e-01  1.000000 0.000000 0.000000  -0.000000 -1.000000 0.000000
2451545.046016  9.0777043719e-01  1.000000 0.000000 0.000000  -0.000000 -1.000000 0.000000
2451545.046683  8.8840027175e-01  1.000000 0.000000 0.000000  -0.000000 -1.000000 0.000000
2451545.047350  8.6295609505e-01  1.000000 0.000000 0.000000  -0.000000 -1.000000 0.000000
2451545.048017  8.4105275027e-01  1.000000 0.000000 0.000000  -0.000000 -1.000000 0.000000
2451545.048683  8.2313749240e-01  1.000000 0.000000 0.000000  -0.000000 -1.000000 0.000000
2451545.049350  7.9608122345e-01  1.000000 0.000000 0.000000  -0.000000 -1.000000 0.000000
2451545.050017  7.7883419034e-01  1.000000 0.000000 0.000000  -0.000000 -1.000000 0.000000
2451545.050684  7.6100170121e-01  1.000000 0.000000 0.000000  -0.000000 -1.000000 0.000000
2451545.051351  7.3075617769e-01  1.000000 0.000000 0.000000  -0.000000 -1.000000 0.000000
2451545.052018  7.1404372440e-01  1.000000 0.000000 0.000000  -0.000000 -1.000000 0.000000
2451545.052685  6.9814756841e-01  1.000000 0.000000 0.000000  -0.000000 -1.000000 0.000000
2451545.053352  6.6872517630e-01  1.000000 0.000000 0.000000  -0.000000 -1.000000 0.000000
2451545.054019  6.5075448615e-01  1.000000 0.000000 0.000000  -0.000000 -1.000000 0.000000
2451545.054685  6.3373070086e-01  1.000000 0.000000 0.000000  -0.000000 -1.000000 0.000000
2451545.055352  6.0791444446e-01  1.000000 0.000000 0.000000  -0.000000 -1.000000 0.000000
2451545.056019  5.9258400148e-01  1.000000 0.000000 0.000000  -0.000000 -1.000000 0.000000
2451545.056686  5.7818299841e-01  1.000000 0.000000 0.000000  -0.000000 -1.000000 0.000000
2451545.057353  5.6300518404e-01  1.000000 0.000000 0.000000  -0.000000 -1.000000 0.000000
2451545.058020  5.5264921884e-01  1.000000 0.000000 0.000000  -0.000000 -1.000000 0.000000
2451545.058687  5.4628741532e-01  1.000000 0.000000 0.000000  -0.000000 -1.000000 0.000000
2451545.059354  5.4062193238e-01  1.000000 0.000000 0.000000  -0.000000 -1.000000 0.000000
2451545.060021  5.4246942199e-01  1.000000 0.000000 0.000000  -0.000000 -1.000000 0.000000
2451545.060688  5.5220500124e-01  1.000000 0.000000 0.000000  -0.000000 -1.000000 0.000000
2451545.061354  6.0176222053e-01  1.000000 0.000000 0.000000  -0.000000 -1.000000 0.000000
2451545.062021  6.4619005538e-01  1.000000 0.000000 0.000000  -0.000000 -1.000000 0.000000
2451545.062688  6.9321941075e-01  1.000000 0.000000 0.000000  -0.000000 -1.000000 0.000000
2451545.063355  7.6212629312e-01  1.000000 0.000000 0.000000  -0.000000 -1.000000 0.000000
2451545.064022  8.0399589020e-01  1.000000 0.000000 0.000000  -0.000000 -1.000000 0.000000
2451545.064689  8.4465053316e-01  1.000000 0.000000 0.000000  -0.000000 -1.000000 0.000000
2451545.065356  8.9516680686e-01  1.000000 0.000000 0.000000  -0.000000 -1.000000 0.000000
2451545.066023  9.2462868497e-01  1.000000 0.000000 0.000000  -0.000000 -1.000000 0.000000
2451545.066690  9.4919657601e-01  1.000000 0.000000 0.000000  -0.000000 -1.000000 0.000000
2451545.067356  9.7971546421e-01  1.000000 0.000000 0.000000  -0.000000 -1.000000 0.000000
2451545.068023  9.9792686715e-01  1.000000 0.000000 0.000000  -0.000000 -1.000000 0.000000
2451545.068690  1.0199433545e+00  1.000000 0.000000 0.000000  -0.000000 -1.000000 0.000000
2451545.069357  1.0327975691e+00  1.000000 0.000000 0.000000  -0.000000 -1.000000 0.000000
2451545.070024  1.0420046433e+00  1.000000 0.000000 0.000000  -0.000000 -1.000000 0.000000
2451545.070691  1.0501615416e+00  1.000000 0.000000 0.000000  -0.000000 -1.000000 0.000000
2451545.071358  1.0537107263e+00  1.000000 0.000000 0.000000  -0.000000 -1.000000 0.000000
2451545.072025  1.0541040677e+00  1.000000 0.000000 0.000000  -0.000000 -1.000000 0.000000
2451545.072692  1.0493816929e+00  1.000000 0.000000 0.000000  -0.000000 -1.000000 0.000000
2451545.073359  1.0486162718e+00  1.000000 0.000000 0.000000  -0.000000 -1.000000 0.000000
2451545.074025  1.0654350336e+00  1.000000 0.000000 0.000000  -0.000000 -1.000000 0.000000
2451545.074692  1.0916226103e+00  1.000000 0.000000 0.000000  -0.000000 -1.000000 0.000000
2451545.075359  1.1072119904e+00  1.000000 0.000000 0.000000  -0.000000 -1.000000 0.000000
2451545.076026  1.1237414413e+00  1.000000 0.000000 0.000000  -0.000000 -1.000000 0.000000
2451545.076693  1.1450145286e+00  1.000000 0.000000 0.000000  -0.000000 -1.000000 0.000000
2451545.077360  1.1570509272e+00  1.000000 0.000000 0.000000  -0.000000 -1.000000 0.000000
2451545.078027  1.1680644863e+00  1.000000 0.000000 0.000000  -0.000000 -1.000000 0.000000
2451545.078694  1.1760011741e+00  1.000000 0.000000 0.000000  -0.000000 -1.000000 0.000000
2451545.079361  1.1826120432e+00  1.000000 0.000000 0.000000  -0.000000 -1.000000 0.000000
2451545.080028  1.1878598857e+00  1.000000 0.000000 0.000000  -0.000000 -1.000000 0.000000
2451545.080694  1.1891750735e+00  1.000000 0.000000 0.000000  -0.000000 -1.000000 0.000000
2451545.081361  1.1889358794e+00  1.000000 0.000000 0.000000  -0.000000 -1.000000 0.000000
2451545.082028  1.1888910780e+00  1.000000 0.000000 0.000000  -0.000000 -1.000000 0.000000
2451545.082695  1.1853692297e+00  1.000000 0.000000 0.000000  -0.000000 -1.000000 0.000000
2451545.083362  1.1861338915e+00  1.000000 0.000000 0.000000  -0.000000 -1.000000 0.000000
2451545.084029  1.1833136792e+00  1.000000 0.000000 0.000000  -0.000000 -1.000000 0.000000
2451545.084696  1.1807227896e+00  1.000000 0.000000 0.000000  -0.000000 -1.000000 0.000000
2451545.085363  1.1814684677e+00  1.000000 0.000000 0.000000  -0.000000 -1.000000 0.000000
2451545.086030  1.1835012378e+00  1.000000 0.000000 0.000000  -0.000000 -1.000000 0.000000
2451545.086696  1.1828557934e+00  1.000000 0.000000 0.000000  -0.000000 -1.000000 0.000000
2451545.087363  1.1836386795e+00  1.000000 0.000000 0.000000  -0.000000 -1.000000 0.000000
2451545.088030  1.1818701619e+00  1.000000 0.000000 0.000000  -0.000000 -1.000000 0.000000
2451545.088697  1.1803476725e+00  1.000000 0.000000 0.000000  -0.000000 -1.000000 0.000000
2451545.089364  1.1809710958e+00  1.000000 0.000000 0.000000  -0.000000 -1.000000 0.000000
2451545.090031  1.1811670072e+00  1.000000 0.000000 0.000000  -0.000000 -1.000000 0.000000
2451545.090698  1.1809202196e+00  1.000000 0.000000 0.000000  -0.000000 -1.000000 0.000000
2451545.091365  1.1780711522e+00  1.000000 0.000000 0.000000  -0.000000 -1.000000 0.000000
2451545.092032  1.1742789766e+00  1.000000 0.000000 0.000000  -0.000000 -1.000000 0.000000
2451545.092699  1.1723160664e+00  1.000000 0.000000 0.000000  -0.000000 -1.000000 0.000000
2451545.093365  1.1692338797e+00  1.000000 0.000000 0.000000  -0.000000 -1.000000 0.000000
2451545.094032  1.1651675801e+00  1.000000 0.000000 0.000000  -0.000000 -1.000000 0.000000
2451545.094699  1.1599903568e+00  1.000000 0.000000 0.000000  -0.000000 -1.000000 0.000000
2451545.095366  1.1571800161e+00  1.000000 0.000000 0.000000  -0.000000 -1.000000 0.000000
2451545.096033  1.1566332867e+00  1.000000 0.000000 0.000000  -0.000000 -1.000000 0.000000
2451545.096700  1.1589599239e+00  1.000000 0.000000 0.000000  -0.000000 -1.000000 0.000000
2451545.097367  1.1583448533e+00  1.000000 0.000000 0.000000  -0.000000 -1.000000 0.000000
2451545.098034  1.1574594555e+00  1.000000 0.000000 0.000000  -0.000000 -1.000000 0.000000
2451545.098701  1.1580494676e+00  1.000000 0.000000 0.000000  -0.000000 -1.000000 0.000000
2451545.099367  1.1617824142e+00  1.000000 0.000000 0.000000  -0.000000 -1.000000 0.000000
2451545.100034  1.1569074107e+00  1.000000 0.000000 0.000000  -0.000000 -1.000000 0.000000
2451545.100701  1.1557228305e+00  1.000000 0.000000 0.000000  -0.000000 -1.000000 0.000000
2451545.101368  1.1553530288e+00  1.000000 0.000000 0.000000  -0.000000 -1.000000 0.000000
2451545.102035  1.1509647664e+00  1.000000 0.000000 0.000000  -0.000000 -1.000000 0.000000
2451545.102702  1.1427372489e+00  1.000000 0.000000 0.000000  -0.000000 -1.000000 0.000000
2451545.103369  1.1429574594e+00  1.000000 0.000000 0.000000  -0.000000 -1.000000 0.000000
2451545.104036  1.1372502124e+00  1.000000 0.000000 0.000000  -0.000000 -1.000000 0.000000
2451545.104703  1.1319461783e+00  1.000000 0.000000 0.000000  -0.000000 -1.000000 0.000000
2451545.105370  1.1296666206e+00  1.000000 0.000000 0.000000  -0.000000 -1.000000 0.000000
2451545.106036  1.1230792913e+00  1.000000 0.000000 0.000000  -0.000000 -1.000000 0.000000
2451545.106703  1.1163894501e+00  1.000000 0.000000 0.000000  -0.000000 -1.000000 0.000000
2451545.107370  1.1089683585e+00  1.000000 0.000000 0.000000  -0.000000 -1.000000 0.000000
2451545.108037  1.1043765912e+00  1.000000 0.000000 0.000000  -0.000000 -1.000000 0.000000
2451545.108704  1.1026095923e+00  1.000000 0.000000 0.000000  -0.000000 -1.000000 0.000000
2451545.109371  1.1002001864e+00  1.000000 0.000000 0.000000  -0.000000 -1.000000 0.000000
2451545.110038  1.0966259433e+00  1.000000 0.000000 0.000000  -0.000000 -1.000000 0.000000
2451545.110705  1.0959083610e+00  1.000000 0.000000 0.000000  -0.000000 -1.000000 0.000000
2451545.111372  1.0923485454e+00  1.000000 0.000000 0.000000  -0.000000 -1.000000 0.000000
2451545.112039  1.0834292635e+00  1.000000 0.000000 0.000000  -0.000000 -1.000000 0.000000
2451545.112705  1.0763521557e+00  1.000000 0.000000 0.000000  -0.000000 -1.000000 0.000000
2451545.113372  1.0693319989e+00  1.000000 0.000000 0.000000  -0.000000 -1.000000 0.000000
2451545.114039  1.0558376554e+00  1.000000 0.000000 0.000000  -0.000000 -1.000000 0.000000
2451545.114706  1.0467847285e+00  1.000000 0.000000 0.000000  -0.000000 -1.000000 0.000000
2451545.115373  1.0330079081e+00  1.000000 0.000000 0.000000  -0.000000 -1.000000 0.000000
2451545.116040  1.0116064912e+00  1.000000 0.000000 0.000000  -0.000000 -1.000000 0.000000
2451545.116707  9.9664053447e-01  1.000000 0.000000 0.000000  -0.000000 -1.000000 0.000000
2451545.117374  9.8604157845e-01  1.000000 0.000000 0.000000  -0.000000 -1.000000 0.000000
2451545.118041  9.6456346762e-01  1.000000 0.000000 0.000000  -0.000000 -1.000000 0.000000
2451545.118707  9.4747285985e-01  1.000000 0.000000 0.000000  -0.000000 -1.000000 0.000000
2451545.119374  9.3395497655e-01  1.000000 0.000000 0.000000  -0.000000 -1.000000 0.000000
2451545.120041  8.9877218322e-01  1.000000 0.000000 0.000000  -0.000000 -1.000000 0.000000
2451545.120708  8.6484458936e-01  1.000000 0.000000 0.000000  -0.000000 -1.000000 0.000000
2451545.121375  8.1872493089e-01  1.000000 0.000000 0.000000  -0.000000 -1.000000 0.000000
2451545.122042  7.6881081883e-01  1.000000 0.000000 0.000000  -0.000000 -1.000000 0.000000
2451545.122709  7.6934236126e-01  1.000000 0.000000 0.000000  -0.000000 -1.000000 0.000000
2451545.123376  7.7155965253e-01  1.000000 0.000000 0.000000  -0.000000 -1.000000 0.000000
2451545.124043  7.8243273258e-01  1.000000 0.000000 0.000000  -0.000000 -1.000000 0.000000
2451545.124710  7.9105814750e-01  1.000000 0.000000 0.000000  -0.000000 -1.000000 0.000000
2451545.125376  7.9400517059e-01  1.000000 0.000000 0.000000  -0.000000 -1.000000 0.000000
2451545.126043  7.9743969402e-01  1.000000 0.000000 0.000000  -0.000000 -1.000000 0.000000
2451545.126710  7.9889536093e-01  1.000000 0.000000 0.000000  -0.000000 -1.000000 0.000000
2451545.127377  8.0180441671e-01  1.000000 0.000000 0.000000  -0.000000 -1.000000 0.000000
2451545.128044  8.0513566904e-01  1.000000 0.000000 0.000000  -0.000000 -1.000000 0.000000
2451545.128711  8.0553584455e-01  1.000000 0.000000 0.000000  -0.000000 -1.000000 0.000000
2451545.129378  8.0772883674e-01  1.000000 0.000000 0.000000  -0.000000 -1.000000 0.000000
2451545.130045  8.2378749285e-01  1.000000 0.000000 0.000000  -0.000000 -1.000000 0.000000
2451545.130712  8.4733102570e-01  1.000000 0.000000 0.000000  -0.000000 -1.000000 0.000000
2451545.131378  8.8055622420e-01  1.000000 0.000000 0.000000  -0.000000 -1.000000 0.000000
2451545.132045  9.3927647561e-01  1.000000 0.000000 0.000000  -0.000000 -1.000000 0.000000
2451545.132712  9.8471879715e-01  1.000000 0.000000 0.000000  -0.000000 -1.000000 0.000000
2451545.133379  1.0328241463e+00  1.000000 0.000000 0.000000  -0.000000 -1.000000 0.000000
2451545.134046  1.0836836445e+00  1.000000 0.000000 0.000000  -0.000000 -1.000000 0.000000
2451545.134713  1.1069325510e+00  1.000000 0.000000 0.000000  -0.000000 -1.000000 0.000000
2451545.135380  1.1345522549e+00  1.000000 0.000000 0.000000  -0.000000 -1.000000 0.000000
2451545.136047  1.1628796696e+00  1.000000 0.000000 0.000000  -0.000000 -1.000000 0.000000
2451545.136714  1.1746738367e+00  1.000000 0.000000 0.000000  -0.000000 -1.000000 0.000000
2451545.137381  1.1832066114e+00  1.000000 0.000000 0.000000  -0.000000 -1.000000 0.000000
2451545.138047  1.1879904933e+00  1.000000 0.000000 0.000000  -0.000000 -1.000000 0.000000
2451545.138714  1.1868469177e+00  1.000000 0.000000 0.000000  -0.000000 -1.000000 0.000000
2451545.139381  1.1871316726e+00  1.000000 0.000000 0.000000  -0.000000 -1.000000 0.000000
2451545.140048  1.1843684113e+00  1.000000 0.000000 0.000000  -0.000000 -1.000000 0.000000
2451545.140715  1.1841140303e+00  1.000000 0.000000 0.000000  -0.000000 -1.000000 0.000000
2451545.141382  1.1799399035e+00  1.000000 0.000000 0.000000  -0.000000 -1.000000 0.000000
2451545.142049  1.1780240727e+00  1.000000 0.000000 0.000000  -0.000000 -1.000000 0.000000
2451545.142716  1.1747140821e+00  1.000000 0.000000 0.000000  -0.000000 -1.000000 0.000000
2451545.143383  1.1665465530e+00  1.000000 0.000000 0.000000  -0.000000 -1.000000 0.000000
2451545.144050  1.1626556624e+00  1.000000 0.000000 0.000000  -0.000000 -1.000000 0.000000
2451545.144716  1.1626951484e+00  1.000000 0.000000 0.000000  -0.000000 -1.000000 0.000000
2451545.145383  1.1720540919e+00  1.000000 0.000000 0.000000  -0.000000 -1.000000 0.000000
2451545.146050  1.1774576004e+00  1.000000 0.000000 0.000000  -0.000000 -1.000000 0.000000
2451545.146717  1.1836607005e+00  1.000000 0.000000 0.000000  -0.000000 -1.000000 0.000000
2451545.147384  1.1914166639e+00  1.000000 0.000000 0.000000  -0.000000 -1.000000 0.000000
2451545.148051  1.1933081956e+00  1.000000 0.000000 0.000000  -0.000000 -1.000000 0.000000
2451545.148718  1.1895312070e+00  1.000000 0.000000 0.000000  -0.000000 -1.000000 0.000000
2451545.149385  1.1726387886e+00  1.000000 0.000000 0.000000  -0.000000 -1.000000 0.000000
2451545.150052  1.1624422861e+00  1.000000 0.000000 0.000000  -0.000000 -1.000000 0.000000
2451545.150718  1.1473373690e+00  1.000000 0.000000 0.000000  -0.000000 -1.000000 0.000000
2451545.151385  1.1299901022e+00  1.000000 0.000000 0.000000  -0.000000 -1.000000 0.000000
2451545.152052  1.1162216346e+00  1.000000 0.000000 0.000000  -0.000000 -1.000000 0.000000
2451545.152719  1.1062050972e+00  1.000000 0.000000 0.000000  -0.000000 -1.000000 0.000000
2451545.153386  1.0873953293e+00  1.000000 0.000000 0.000000  -0.000000 -1.000000 0.000000
2451545.154053  1.0734651210e+00  1.000000 0.000000 0.000000  -0.000000 -1.000000 0.000000
2451545.154720  1.0636270300e+00  1.000000 0.000000 0.000000  -0.000000 -1.000000 0.000000
2451545.155387  1.0497636441e+00  1.000000 0.000000 0.000000  -0.000000 -1.000000 0.000000
2451545.156054  1.0447648672e+00  1.000000 0.000000 0.000000  -0.000000 -1.000000 0.000000
2451545.156721  1.0474734556e+00  1.000000 0.000000 0.000000  -0.000000 -1.000000 0.000000
2451545.157387  1.0332615297e+00  1.000000 0.000000 0.000000  -0.000000 -1.000000 0.000000
2451545.158054  1.0056076552e+00  1.000000 0.000000 0.000000  -0.000000 -1.000000 0.000000
2451545.158721  9.7473870839e-01  1.000000 0.000000 0.000000  -0.000000 -1.000000 0.000000
2451545.159388  9.2175683717e-01  1.000000 0.000000 0.000000  -0.000000 -1.000000 0.000000
2451545.160055  8.9471423645e-01  1.000000 0.000000 0.000000  -0.000000 -1.000000 0.000000
2451545.160722  8.6318086156e-01  1.000000 0.000000 0.000000  -0.000000 -1.000000 0.000000
2451545.161389  8.2690612821e-01  1.000000 0.000000 0.000000  -0.000000 -1.000000 0.000000
2451545.162056  8.0398374066e-01  1.000000 0.000000 0.000000  -0.000000 -1.000000 0.000000
2451545.162723  7.8118132983e-01  1.000000 0.000000 0.000000  -0.000000 -1.000000 0.000000
2451545.163389  7.4992056028e-01  1.000000 0.000000 0.000000  -0.000000 -1.000000 0.000000
2451545.164056  7.2822603574e-01  1.000000 0.000000 0.000000  -0.000000 -1.000000 0.000000
2451545.164723  7.0795680425e-01  1.000000 0.000000 0.000000  -0.000000 -1.000000 0.000000
2451545.165390  6.7444836957e-01  1.000000 0.000000 0.000000  -0.000000 -1.000000 0.000000
2451545.166057  6.5035051390e-01  1.000000 0.000000 0.000000  -0.000000 -1.000000 0.000000
2451545.166724  6.2838566207e-01  1.000000 0.000000 0.000000  -0.000000 -1.000000 0.000000
2451545.167391  5.9245567195e-01  1.000000 0.000000 0.000000  -0.000000 -1.000000 0.000000
2451545.168058  5.6949379839e-01  1.000000 0.000000 0.000000  -0.000000 -1.000000 0.000000
2451545.168725  5.4785015006e-01  1.000000 0.000000 0.000000  -0.000000 -1.000000 0.000000
2451545.169392  5.2096473403e-01  1.000000 0.000000 0.000000  -0.000000 -1.000000 0.000000
2451545.170058  5.0924877956e-01  1.000000 0.000000 0.000000  -0.000000 -1.000000 0.000000
2451545.170725  5.0247009491e-01  1.000000 0.000000 0.000000  -0.000000 -1.000000 0.000000
2451545.171392  4.9642266077e-01  1.000000 0.000000 0.000000  -0.000000 -1.000000 0.000000
2451545.172059  4.9298282191e-01  1.000000 0.000000 0.000000  -0.000000 -1.000000 0.000000
2451545.172726  4.9474374604e-01  1.000000 0.000000 0.000000  -0.000000 -1.000000 0.000000
2451545.173393  4.9730198381e-01  1.000000 0.000000 0.000000  -0.000000 -1.000000 0.000000
2451545.174060  5.0052009354e-01  1.000000 0.000000 0.000000  -0.000000 -1.000000 0.000000
2451545.174727  5.0973552056e-01  1.000000 0.000000 0.000000  -0.000000 -1.000000 0.000000
2451545.175394  5.2023728025e-01  1.000000 0.000000 0.000000  -0.000000 -1.000000 0.000000
2451545.176061  5.3543711566e-01  1.000000 0.000000 0.000000  -0.000000 -1.000000 0.000000
2451545.176727  5.7234438450e-01  1.000000 0.000000 0.000000  -0.000000 -1.000000 0.000000
2451545.177394  6.0911421166e-01  1.000000 0.000000 0.000000  -0.000000 -1.000000 0.000000
2451545.178061  6.4395529914e-01  1.000000 0.000000 0.000000  -0.000000 -1.000000 0.000000
2451545.178728  6.9718016119e-01  1.000000 0.000000 0.000000  -0.000000 -1.000000 0.000000
2451545.179395  7.3179116674e-01  1.000000 0.000000 0.000000  -0.000000 -1.000000 0.000000
2451545.180062  7.6396087385e-01  1.000000 0.000000 0.000000  -0.000000 -1.000000 0.000000
2451545.180729  8.0987854619e-01  1.000000 0.000000 0.000000  -0.000000 -1.000000 0.000000
2451545.181396  8.3895999180e-01  1.000000 0.000000 0.000000  -0.000000 -1.000000 0.000000
2451545.182063  8.7049184799e-01  1.000000 0.000000 0.000000  -0.000000 -1.000000 0.000000
2451545.182729  9.1990631017e-01  1.000000 0.000000 0.000000  -0.000000 -1.000000 0.000000
2451545.183396  9.5715680355e-01  1.000000 0.000000 0.000000  -0.000000 -1.000000 0.000000
2451545.184063  9.9594876997e-01  1.000000 0.000000 0.000000  -0.000000 -1.000000 0.000000
2451545.184730  1.0644440866e+00  1.000000 0.000000 0.000000  -0.000000 -1.000000 0.000000
2451545.185397  1.1107930677e+00  1.000000 0.000000 0.000000  -0.000000 -1.000000 0.000000
2451545.186064  1.1559392442e+00  1.000000 0.000000 0.000000  -0.000000 -1.000000 0.000000
2451545.186731  1.2157491576e+00  1.000000 0.000000 0.000000  -0.000000 -1.000000 0.000000
2451545.187398  1.2463940972e+00  1.000000 0.000000 0.000000  -0.000000 -1.000000 0.000000
2451545.188065  1.2665706885e+00  1.000000 0.000000 0.000000  -0.000000 -1.000000 0.000000
2451545.188732  1.2869059831e+00  1.000000 0.000000 0.000000  -0.000000 -1.000000 0.000000
2451545.189398  1.2942496214e+00  1.000000 0.000000 0.000000  -0.000000 -1.000000 0.000000
2451545.190065  1.2989082111e+00  1.000000 0.000000 0.000000  -0.000000 -1.000000 0.000000
2451545.190732  1.3053383558e+00  1.000000 0.000000 0.000000  -0.000000 -1.000000 0.000000
2451545.191399  1.3072663361e+00  1.000000 0.000000 0.000000  -0.000000 -1.000000 0.000000
2451545.192066  1.3131520295e+00  1.000000 0.000000 0.000000  -0.000000 -1.000000 0.000000
2451545.192733  1.3209102709e+00  1.000000 0.000000 0.000000  -0.000000 -1.000000 0.000000
2451545.193400  1.3280557199e+00  1.000000 0.000000 0.000000  -0.000000 -1.000000 0.000000
2451545.194067  1.3329269265e+00  1.000000 0.000000 0.000000  -0.000000 -1.000000 0.000000
2451545.194734  1.3349718462e+00  1.000000 0.000000 0.000000  -0.000000 -1.000000 0.000000
2451545.195400  1.3382165331e+00  1.000000 0.000000 0.000000  -0.000000 -1.000000 0.000000
2451545.196067  1.3388634961e+00  1.000000 0.000000 0.000000  -0.000000 -1.000000 0.000000
2451545.196734  1.3384678767e+00  1.000000 0.000000 0.000000  -0.000000 -1.000000 0.000000
2451545.197401  1.3377859837e+00  1.000000 0.000000 0.000000  -0.000000 -1.000000 0.000000
2451545.198068  1.3377449790e+00  1.000000 0.000000 0.000000  -0.000000 -1.000000 0.000000
2451545.198735  1.3315396008e+00  1.000000 0.000000 0.000000  -0.000000 -1.000000 0.000000
2451545.199402  1.3276244111e+00  1.000000 0.000000 0.000000  -0.000000 -1.000000 0.000000
2451545.200069  1.3220348628e+00  1.000000 0.000000 0.000000  -0.000000 -1.000000 0.000000
2451545.200736  1.3176587500e+00  1.000000 0.000000 0.000000  -0.000000 -1.000000 0.000000
2451545.201403  1.3114397036e+00  1.000000 0.000000 0.000000  -0.000000 -1.000000 0.000000
2451545.202069  1.3018157482e+00  1.000000 0.000000 0.000000  -0.000000 -1.000000 0.000000
2451545.202736  1.2974533036e+00  1.000000 0.000000 0.000000  -0.000000 -1.000000 0.000000
2451545.203403  1.2894619428e+00  1.000000 0.000000 0.000000  -0.000000 -1.000000 0.000000
2451545.204070  1.2869257261e+00  1.000000 0.000000 0.000000  -0.000000 -1.000000 0.000000
2451545.204737  1.2834008405e+00  1.000000 0.000000 0.000000  -0.000000 -1.000000 0.000000
2451545.205404  1.2784195286e+00  1.000000 0.000000 0.000000  -0.000000 -1.000000 0.000000
2451545.206071  1.2779343063e+00  1.000000 0.000000 0.000000  -0.000000 -1.000000 0.000000
2451545.206738  1.2835071489e+00  1.000000 0.000000 0.000000  -0.000000 -1.000000 0.000000
2451545.207405  1.2859651530e+00  1.000000 0.000000 0.000000  -0.000000 -1.000000 0.000000
2451545.208072  1.2946923203e+00  1.000000 0.000000 0.000000  -0.000000 -1.000000 0.000000
2451545.208738  1.2982012597e+00  1.000000 0.000000 0.000000  -0.000000 -1.000000 0.000000
2451545.209405  1.3045493950e+00  1.000000 0.000000 0.000000  -0.000000 -1.000000 0.000000
2451545.210072  1.3083119560e+00  1.000000 0.000000 0.000000  -0.000000 -1.000000 0.000000
2451545.210739  1.3090272603e+00  1.000000 0.000000 0.000000  -0.000000 -1.000000 0.000000
2451545.211406  1.3082474116e+00  1.000000 0.000000 0.000000  -0.000000 -1.000000 0.000000
2451545.212073  1.3013214138e+00  1.000000 0.000000 0.000000  -0.000000 -1.000000 0.000000
2451545.212740  1.2965329758e+00  1.000000 0.000000 0.000000  -0.000000 -1.000000 0.000000
2451545.213407  1.2893396881e+00  1.000000 0.000000 0.000000  -0.000000 -1.000000 0.000000
2451545.214074  1.2778036987e+00  1.000000 0.000000 0.000000  -0.000000 -1.000000 0.000000
2451545.214740  1.2695139148e+00  1.000000 0.000000 0.000000  -0.000000 -1.000000 0.000000
2451545.215407  1.2555571294e+00  1.000000 0.000000 0.000000  -0.000000 -1.000000 0.000000
2451545.216074  1.2401993499e+00  1.000000 0.000000 0.000000  -0.000000 -1.000000 0.000000
2451545.216741  1.2313385376e+00  1.000000 0.000000 0.000000  -0.000000 -1.000000 0.000000
2451545.217408  1.2263109056e+00  1.000000 0.000000 0.000000  -0.000000 -1.000000 0.000000
2451545.218075  1.2320044844e+00  1.000000 0.000000 0.000000  -0.000000 -1.000000 0.000000
2451545.218742  1.2372576423e+00  1.000000 0.000000 0.000000  -0.000000 -1.000000 0.000000
2451545.219409  1.2415874350e+00  1.000000 0.000000 0.000000  -0.000000 -1.000000 0.000000
2451545.220076  1.2467859200e+00  1.000000 0.000000 0.000000  -0.000000 -1.000000 0.000000
2451545.220743  1.2474959088e+00  1.000000 0.000000 0.000000  -0.000000 -1.000000 0.000000
2451545.221409  1.2502568920e+00  1.000000 0.000000 0.000000  -0.000000 -1.000000 0.000000
2451545.222076  1.2502029784e+00  1.000000 0.000000 0.000000  -0.000000 -1.000000 0.000000
2451545.222743  1.2510238318e+00  1.000000 0.000000 0.000000  -0.000000 -1.000000 0.000000
2451545.223410  1.2524589964e+00  1.000000 0.000000 0.000000  -0.000000 -1.000000 0.000000
2451545.224077  1.2506730138e+00  1.000000 0.000000 0.000000  -0.000000 -1.000000 0.000000
2451545.224744  1.2482841103e+00  1.000000 0.000000 0.000000  -0.000000 -1.000000 0.000000
2451545.225411  1.2481071826e+00  1.000000 0.000000 0.000000  -0.000000 -1.000000 0.000000
2451545.226078  1.2453955568e+00  1.000000 0.000000 0.000000  -0.000000 -1.000000 0.000000
2451545.226745  1.2437189201e+00  1.000000 0.000000 0.000000  -0.000000 -1.000000 0.000000
2451545.227411  1.2379258670e+00  1.000000 0.000000 0.000000  -0.000000 -1.000000 0.000000
2451545.228078  1.2274233480e+00  1.000000 0.000000 0.000000  -0.000000 -1.000000 0.000000
2451545.228745  1.2179269628e+00  1.000000 0.000000 0.000000  -0.000000 -1.000000 0.000000
2451545.229412  1.2064395716e+00  1.000000 0.000000 0.000000  -0.000000 -1.000000 0.000000
2451545.230079  1.1821078373e+00  1.000000 0.000000 0.000000  -0.000000 -1.000000 0.000000
2451545.230746  1.1615978930e+00  1.000000 0.000000 0.000000  -0.000000 -1.000000 0.000000
2451545.231413  1.1336061094e+00  1.000000 0.000000 0.000000  -0.000000 -1.000000 0.000000
2451545.232080  1.0913955658e+00  1.000000 0.000000 0.000000  -0.000000 -1.000000 0.000000
2451545.232747  1.0508783645e+00  1.000000 0.000000 0.000000  -0.000000 -1.000000 0.000000
2451545.233414  1.0116087693e+00  1.000000 0.000000 0.000000  -0.000000 -1.000000 0.000000
2451545.234080  9.4455696996e-01  1.000000 0.000000 0.000000  -0.000000 -1.000000 0.000000
2451545.234747  8.9827633007e-01  1.000000 0.000000 0.000000  -0.000000 -1.000000 0.000000
2451545.235414  8.4559591934e-01  1.000000 0.000000 0.000000  -0.000000 -1.000000 0.000000
2451545.236081  7.6740071270e-01  1.000000 0.000000 0.000000  -0.000000 -1.000000 0.000000
2451545.236748  7.2065079678e-01  1.000000 0.000000 0.000000  -0.000000 -1.000000 0.000000
2451545.237415  6.8374580598e-01  1.000000 0.000000 0.000000  -0.000000 -1.000000 0.000000
2451545.238082  6.6435817558e-01  1.000000 0.000000 0.000000  -0.000000 -1.000000 0.000000
2451545.238749  6.5024192738e-01  1.000000 0.000000 0.000000  -0.000000 -1.000000 0.000000
2451545.239416  6.3165388866e-01  1.000000 0.000000 0.000000  -0.000000 -1.000000 0.000000
360  1
2451545.000000  6.3422857189e-01  1.000000 0.000000 0.000000  -0.000000 -1.000000 0.000000
2451545.000667  6.2295561177e-01  1.000000 0.000000 0.000000  -0.000000 -1.000000 0.000000
2451545.001334  6.1394901490e-01  1.000000 0.000000 0.000000  -0.000000 -1.000000 0.000000
2451545.002001  6.0406199517e-01  1.000000 0.000000 0.000000  -0.000000 -1.000000 0.000000
2451545.002668  6.0337990932e-01  1.000000 0.000000 0.000000  -0.000000 -1.000000 0.000000
2451545.003334  6.0415148870e-01  1.000000 0.000000 0.000000  -0.000000 -1.000000 0.000000
2451545.004001  6.0172468209e-01  1.000000 0.000000 0.000000  -0.000000 -1.000000 0.000000
2451545.004668  5.9963004968e-01  1.000000 0.000000 0.000000  -0.000000 -1.000000 0.000000
2451545.005335  5.9861498340e-01  1.000000 0.000000 0.000000  -0.000000 -1.000000 0.000000
2451545.006002  5.9501186090e-01  1.000000 0.000000 0.000000  -0.000000 -1.000000 0.000000
2451545.006669  5.9513279811e-01  1.000000 0.000000 0.000000  -0.000000 -1.000000 0.000000
2451545.007336  5.9089354590e-01  1.000000 0.000000 0.000000  -0.000000 -1.000000 0.000000
2451545.008003  5.9084275228e-01  1.000000 0.000000 0.000000  -0.000000 -1.000000 0.000000
2451545.008670  5.9122330135e-01  1.000000 0.000000 0.000000  -0.000000 -1.000000 0.000000
2451545.009337  5.9207792428e-01  1.000000 0.000000 0.000000  -0.000000 -1.000000 0.000000
2451545.010003  5.9161513790e-01  1.000000 0.000000 0.000000  -0.000000 -1.000000 0.000000
2451545.010670  5.9040092835e-01  1.000000 0.000000 0.000000  -0.000000 -1.000000 0.000000
2451545.011337  5.8928830605e-01  1.000000 0.000000 0.000000  -0.000000 -1.000000 0.000000
2451545.012004  5.9162078164e-01  1.000000 0.000000 0.000000  -0.000000 -1.000000 0.000000
2451545.012671  5.9839971517e-01  1.000000 0.000000 0.000000  -0.000000 -1.000000 0.000000
2451545.013338  6.0385559567e-01  1.000000 0.000000 0.000000  -0.000000 -1.000000 0.000000
2451545.014005  6.7658803774e-01  1.000000 0.000000 0.000000  -0.000000 -1.000000 0.000000
2451545.014672  6.7663963762e-01  1.000000 0.000000 0.000000  -0.000000 -1.000000 0.000000
2451545.015339  6.7788851583e-01  1.000000 0.000000 0.000000  -0.000000 -1.000000 0.000000
2451545.016006  6.8057090307e-01  1.000000 0.000000 0.000000  -0.000000 -1.000000 0.000000
2451545.016672  6.8808835981e-01  1.000000 0.000000 0.000000  -0.000000 -1.000000 0.000000
2451545.017339  7.0159140201e-01  1.000000 0.000000 0.000000  -0.000000 -1.000000 0.000000
2451545.018006  7.2502903257e-01  1.000000 0.000000 0.000000  -0.000000 -1.000000 0.000000
2451545.018673  7.4492884674e-01  1.000000 0.000000 0.000000  -0.000000 -1.000000 0.000000
2451545.019340  7.6319762111e-01  1.000000 0.000000 0.000000  -0.000000 -1.000000 0.000000
2451545.020007  7.8807924192e-01  1.000000 0.000000 0.000000  -0.000000 -1.000000 0.000000
2451545.020674  8.0730503272e-01  1.000000 0.000000 0.000000  -0.000000 -1.000000 0.000000
2451545.021341  8.2449424096e-01  1.000000 0.000000 0.000000  -0.000000 -1.000000 0.000000
2451545.022008  8.5258392273e-01  1.000000 0.000000 0.000000  -0.000000 -1.000000 0.000000
2451545.022674  8.7049391672e-01  1.000000 0.000000 0.000000  -0.000000 -1.000000 0.000000
2451545.023341  8.8810963018e-01  1.000000 0.000000 0.000000  -0.000000 -1.000000 0.000000
2451545.024008  9.1743448395e-01  1.000000 0.000000 0.000000  -0.000000 -1.000000 0.000000
2451545.024675  9.3956679894e-01  1.000000 0.000000 0.000000  -0.000000 -1.000000 0.000000
2451545.025342  9.7170465212e-01  1.000000 0.000000 0.000000  -0.000000 -1.000000 0.000000
2451545.026009  1.0235262450e+00  1.000000 0.000000 0.000000  -0.000000 -1.000000 0.000000
2451545.026676  1.0569710263e+00  1.000000 0.000000 0.000000  -0.000000 -1.000000 0.000000
2451545.027343  1.0862192865e+00  1.000000 0.000000 0.000000  -0.000000 -1.000000 0.000000
2451545.028010  1.1231398030e+00  1.000000 0.000000 0.000000  -0.000000 -1.000000 0.000000
2451545.028677  1.1405217045e+00  1.000000 0.000000 0.000000  -0.000000 -1.000000 0.000000
2451545.029343  1.1579342435e+00  1.000000 0.000000 0.000000  -0.000000 -1.000000 0.000000
2451545.030010  1.1817145295e+00  1.000000 0.000000 0.000000  -0.000000 -1.000000 0.000000
2451545.030677  1.1972073919e+00  1.000000 0.000000 0.000000  -0.000000 -1.000000 0.000000
2451545.031344  1.2125768983e+00  1.000000 0.000000 0.000000  -0.000000 -1.000000 0.000000
2451545.032011  1.2327758305e+00  1.000000 0.000000 0.000000  -0.000000 -1.000000 0.000000
2451545.032678  1.2476922255e+00  1.000000 0.000000 0.000000  -0.000000 -1.000000 0.000000
2451545.033345  1.2609953182e+00  1.000000 0.000000 0.000000  -0.000000 -1.000000 0.000000
2451545.034012  1.2812966438e+00  1.000000 0.000000 0.000000  -0.000000 -1.000000 0.000000
2451545.034679  1.2950181793e+00  1.000000 0.000000 0.000000  -0.000000 -1.000000 0.000000
2451545.035345  1.3169892446e+00  1.000000 0.000000 0.000000  -0.000000 -1.000000 0.000000
2451545.036012  1.3314130221e+00  1.000000 0.000000 0.000000  -0.000000 -1.000000 0.000000
2451545.036679  1.3443678156e+00  1.000000 0.000000 0.000000  -0.000000 -1.000000 0.000000
2451545.037346  1.3619867541e+00  1.000000 0.000000 0.000000  -0.000000 -1.000000 0.000000
2451545.038013  1.3610079690e+00  1.000000 0.000000 0.000000  -0.000000 -1.000000 0.000000
2451545.038680  1.3414290415e+00  1.000000 0.000000 0.000000  -0.000000 -1.000000 0.000000
2451545.039347  1.3003466726e+00  1.000000 0.000000 0.000000  -0.000000 -1.000000 0.000000
2451545.040014  1.2668381977e+00  1.000000 0.000000 0.000000  -0.000000 -1.000000 0.000000
2451545.040681  1.2270893630e+00  1.000000 0.000000 0.000000  -0.000000 -1.000000 0.000000
2451545.041348  1.1700956890e+00  1.000000 0.000000 0.000000  -0.000000 -1.000000 0.000000
2451545.042014  1.1322431497e+00  1.000000 0.000000 0.000000  -0.000000 -1.000000 0.000000
2451545.042681  1.0976381775e+00  1.000000 0.000000 0.000000  -0.000000 -1.000000 0.000000
2451545.043348  1.0508443474e+00  1.000000 0.000000 0.000000  -0.000000 -1.000000 0.000000
2451545.044015  1.0230102462e+00  1.000000 0.000000 0.000000  -0.000000 -1.000000 0.000000
2451545.044682  1.0013640988e+00  1.000000 0.000000 0.000000  -0.000000 -1.000000 0.000000
2451545.045349  9.6894405883e-01  1.000000 0.000000 0.000000  -0.000000 -1.000000 0.000000
2451545.046016  9.4801708466e-01  1.000000 0.000000 0.000000  -0.000000 -1.000000 0.000000
2451545.046683  9.2536796468e-01  1.000000 0.000000 0.000000  -0.000000 -1.000000 0.000000
2451545.047350  8.9419922164e-01  1.000000 0.000000 0.000000  -0.000000 -1.000000 0.000000
2451545.048017  8.7380678993e-01  1.000000 0.000000 0.000000  -0.000000 -1.000000 0.000000
2451545.048683  8.5230415466e-01  1.000000 0.000000 0.000000  -0.000000 -1.000000 0.000000
2451545.049350  8.2256650190e-01  1.000000 0.000000 0.000000  -0.000000 -1.000000 0.000000
2451545.050017  8.0299886193e-01  1.000000 0.000000 0.000000  -0.000000 -1.000000 0.000000
2451545.050684  7.8533557983e-01  1.000000 0.000000 0.000000  -0.000000 -1.000000 0.000000
2451545.051351  7.5841253898e-01  1.000000 0.000000 0.000000  -0.000000 -1.000000 0.000000
2451545.052018  7.3804510096e-01  1.000000 0.000000 0.000000  -0.000000 -1.000000 0.000000
2451545.052685  7.1976020162e-01  1.000000 0.000000 0.000000  -0.000000 -1.000000 0.000000
2451545.053352  6.9445933183e-01  1.000000 0.000000 0.000000  -0.000000 -1.000000 0.000000
2451545.054019  6.7833437100e-01  1.000000 0.000000 0.000000  -0.000000 -1.000000 0.000000
2451545.054685  6.6110565660e-01  1.000000 0.000000 0.000000  -0.000000 -1.000000 0.000000
2451545.055352  6.3529040056e-01  1.000000 0.000000 0.000000  -0.000000 -1.000000 0.000000
2451545.056019  6.1771741825e-01  1.000000 0.000000 0.000000  -0.000000 -1.000000 0.000000
2451545.056686  5.9982032422e-01  1.000000 0.000000 0.000000  -0.000000 -1.000000 0.000000
2451545.057353  5.7543615845e-01  1.000000 0.000000 0.000000  -0.000000 -1.000000 0.000000
2451545.058020  5.6091724372e-01  1.000000 0.000000 0.000000  -0.000000 -1.000000 0.000000
2451545.058687  5.5131160455e-01  1.000000 0.000000 0.000000  -0.000000 -1.000000 0.000000
2451545.059354  5.3109815990e-01  1.000000 0.000000 0.000000  -0.000000 -1.000000 0.000000
2451545.060021  5.2385644000e-01  1.000000 0.000000 0.000000  -0.000000 -1.000000 0.000000
2451545.060688  5.2227216259e-01  1.000000 0.000000 0.000000  -0.000000 -1.000000 0.000000
2451545.061354  5.3270581850e-01  1.000000 0.000000 0.000000  -0.000000 -1.000000 0.000000
2451545.062021  5.5799056333e-01  1.000000 0.000000 0.000000  -0.000000 -1.000000 0.000000
2451545.062688  6.0099341512e-01  1.000000 0.000000 0.000000  -0.000000 -1.000000 0.000000
2451545.063355  6.7565198377e-01  1.000000 0.000000 0.000000  -0.000000 -1.000000 0.000000
2451545.064022  7.2287715655e-01  1.000000 0.000000 0.000000  -0.000000 -1.000000 0.000000
2451545.064689  7.6556073412e-01  1.000000 0.000000 0.000000  -0.000000 -1.000000 0.000000
2451545.065356  8.2071374390e-01  1.000000 0.000000 0.000000  -0.000000 -1.000000 0.000000
2451545.066023  8.5336598333e-01  1.000000 0.000000 0.000000  -0.000000 -1.000000 0.000000
2451545.066690  8.8215387590e-01  1.000000 0.000000 0.000000  -0.000000 -1.000000 0.000000
2451545.067356  9.1810689482e-01  1.000000 0.000000 0.000000  -0.000000 -1.000000 0.000000
2451545.068023  9.3564359597e-01  1.000000 0.000000 0.000000  -0.000000 -1.000000 0.000000
2451545.068690  9.6266258034e-01  1.000000 0.000000 0.000000  -0.000000 -1.000000 0.000000
2451545.069357  9.7661550894e-01  1.000000 0.000000 0.000000  -0.000000 -1.000000 0.000000
2451545.070024  9.8838511785e-01  1.000000 0.000000 0.000000  -0.000000 -1.000000 0.000000
2451545.070691  1.0012737990e+00  1.000000 0.000000 0.000000  -0.000000 -1.000000 0.000000
2451545.071358  1.0046535908e+00  1.000000 0.000000 0.000000  -0.000000 -1.000000 0.000000
2451545.072025  1.0071263536e+00  1.000000 0.000000 0.000000  -0.000000 -1.000000 0.000000
2451545.072692  1.0148485973e+00  1.000000 0.000000 0.000000  -0.000000 -1.000000 0.000000
2451545.073359  1.0312017263e+00  1.000000 0.000000 0.000000  -0.000000 -1.000000 0.000000
2451545.074025  1.0550650559e+00  1.000000 0.000000 0.000000  -0.000000 -1.000000 0.000000
2451545.074692  1.0856089567e+00  1.000000 0.000000 0.000000  -0.000000 -1.000000 0.000000
2451545.075359  1.1060247696e+00  1.000000 0.000000 0.000000  -0.000000 -1.000000 0.000000
2451545.076026  1.1234881022e+00  1.000000 0.000000 0.000000  -0.000000 -1.000000 0.000000
2451545.076693  1.1448101379e+00  1.000000 0.000000 0.000000  -0.000000 -1.000000 0.000000
2451545.077360  1.1570393082e+00  1.000000 0.000000 0.000000  -0.000000 -1.000000 0.000000
2451545.078027  1.1692370348e+00  1.000000 0.000000 0.000000  -0.000000 -1.000000 0.000000
2451545.078694  1.1812783493e+00  1.000000 0.000000 0.000000  -0.000000 -1.000000 0.000000
2451545.079361  1.1887554936e+00  1.000000 0.000000 0.000000  -0.000000 -1.000000 0.000000
2451545.080028  1.1921417354e+00  1.000000 0.000000 0.000000  -0.000000 -1.000000 0.000000
2451545.080694  1.1951812905e+00  1.000000 0.000000 0.000000  -0.000000 -1.000000 0.000000
2451545.081361  1.1970138923e+00  1.000000 0.000000 0.000000  -0.000000 -1.000000 0.000000
2451545.082028  1.1954667023e+00  1.000000 0.000000 0.000000  -0.000000 -1.000000 0.000000
2451545.082695  1.1876420651e+00  1.000000 0.000000 0.000000  -0.000000 -1.000000 0.000000
2451545.083362  1.1852136460e+00  1.000000 0.000000 0.000000  -0.000000 -1.000000 0.000000
2451545.084029  1.1820120350e+00  1.000000 0.000000 0.000000  -0.000000 -1.000000 0.000000
2451545.084696  1.1821345847e+00  1.000000 0.000000 0.000000  -0.000000 -1.000000 0.000000
2451545.085363  1.1782379879e+00  1.000000 0.000000 0.000000  -0.000000 -1.000000 0.000000
2451545.086030  1.1741309604e+00  1.000000 0.000000 0.000000  -0.000000 -1.000000 0.000000
2451545.086696  1.1736891365e+00  1.000000 0.000000 0.000000  -0.000000 -1.000000 0.000000
2451545.087363  1.1712695861e+00  1.000000 0.000000 0.000000  -0.000000 -1.000000 0.000000
2451545.088030  1.1693878032e+00  1.000000 0.000000 0.000000  -0.000000 -1.000000 0.000000
2451545.088697  1.1666618786e+00  1.000000 0.000000 0.000000  -0.000000 -1.000000 0.000000
2451545.089364  1.1622952392e+00  1.000000 0.000000 0.000000  -0.000000 -1.000000 0.000000
2451545.090031  1.1592363341e+00  1.000000 0.000000 0.000000  -0.000000 -1.000000 0.000000
2451545.090698  1.1542779086e+00  1.000000 0.000000 0.000000  -0.000000 -1.000000 0.000000
2451545.091365  1.1502208685e+00  1.000000 0.000000 0.000000  -0.000000 -1.000000 0.000000
2451545.092032  1.1479843364e+00  1.000000 0.000000 0.000000  -0.000000 -1.000000 0.000000
2451545.092699  1.1421656443e+00  1.000000 0.000000 0.000000  -0.000000 -1.000000 0.000000
2451545.093365  1.1408571037e+00  1.000000 0.000000 0.000000  -0.000000 -1.000000 0.000000
2451545.094032  1.1390349832e+00  1.000000 0.000000 0.000000  -0.000000 -1.000000 0.000000
2451545.094699  1.1378812422e+00  1.000000 0.000000 0.000000  -0.000000 -1.000000 0.000000
2451545.095366  1.1375522930e+00  1.000000 0.000000 0.000000  -0.000000 -1.000000 0.000000
2451545.096033  1.1359051283e+00  1.000000 0.000000 0.000000  -0.000000 -1.000000 0.000000
2451545.096700  1.1376119554e+00  1.000000 0.000000 0.000000  -0.000000 -1.000000 0.000000
2451545.097367  1.1351714425e+00  1.000000 0.000000 0.000000  -0.000000 -1.000000 0.000000
2451545.098034  1.1335194403e+00  1.000000 0.000000 0.000000  -0.000000 -1.000000 0.000000
2451545.098701  1.1308612405e+00  1.000000 0.000000 0.000000  -0.000000 -1.000000 0.000000
2451545.099367  1.1298115056e+00  1.000000 0.000000 0.000000  -0.000000 -1.000000 0.000000
2451545.100034  1.1277958855e+00  1.000000 0.000000 0.000000  -0.000000 -1.000000 0.000000
2451545.100701  1.1229511410e+00  1.000000 0.000000 0.000000  -0.000000 -1.000000 0.000000
2451545.101368  1.1196060179e+00  1.000000 0.000000 0.000000  -0.000000 -1.000000 0.000000
2451545.102035  1.1172928922e+00  1.000000 0.000000 0.000000  -0.000000 -1.000000 0.000000
2451545.102702  1.1126247161e+00  1.000000 0.000000 0.000000  -0.000000 -1.000000 0.000000
2451545.103369  1.1049581034e+00  1.000000 0.000000 0.000000  -0.000000 -1.000000 0.000000
2451545.104036  1.0958370193e+00  1.000000 0.000000 0.000000  -0.000000 -1.000000 0.000000
2451545.104703  1.0905278760e+00  1.000000 0.000000 0.000000  -0.000000 -1.000000 0.000000
2451545.105370  1.0860798055e+00  1.000000 0.000000 0.000000  -0.000000 -1.000000 0.000000
2451545.106036  1.0810867114e+00  1.000000 0.000000 0.000000  -0.000000 -1.000000 0.000000
2451545.106703  1.0742779467e+00  1.000000 0.000000 0.000000  -0.000000 -1.000000 0.000000
2451545.107370  1.0701814004e+00  1.000000 0.000000 0.000000  -0.000000 -1.000000 0.000000
2451545.108037  1.0711940480e+00  1.000000 0.000000 0.000000  -0.000000 -1.000000 0.000000
2451545.108704  1.0700669132e+00  1.000000 0.000000 0.000000  -0.000000 -1.000000 0.000000
2451545.109371  1.0696105768e+00  1.000000 0.000000 0.000000  -0.000000 -1.000000 0.000000
2451545.110038  1.0662630349e+00  1.000000 0.000000 0.000000  -0.000000 -1.000000 0.000000
2451545.110705  1.0617488521e+00  1.000000 0.000000 0.000000  -0.000000 -1.000000 0.000000
2451545.111372  1.0589406902e+00  1.000000 0.000000 0.000000  -0.000000 -1.000000 0.000000
2451545.112039  1.0517433140e+00  1.000000 0.000000 0.000000  -0.000000 -1.000000 0.000000
2451545.112705  1.0455198853e+00  1.000000 0.000000 0.000000  -0.000000 -1.000000 0.000000
2451545.113372  1.0367567754e+00  1.000000 0.000000 0.000000  -0.000000 -1.000000 0.000000
2451545.114039  1.0219895362e+00  1.000000 0.000000 0.000000  -0.000000 -1.000000 0.000000
2451545.114706  1.0132030451e+00  1.000000 0.000000 0.000000  -0.000000 -1.000000 0.000000
2451545.115373  9.9998380218e-01  1.000000 0.000000 0.000000  -0.000000 -1.000000 0.000000
2451545.116040  9.7074118571e-01  1.000000 0.000000 0.000000  -0.000000 -1.000000 0.000000
2451545.116707  9.5022539805e-01  1.000000 0.000000 0.000000  -0.000000 -1.000000 0.000000
2451545.117374  9.2979023519e-01  1.000000 0.000000 0.000000  -0.000000 -1.000000 0.000000
2451545.118041  8.9825464929e-01  1.000000 0.000000 0.000000  -0.000000 -1.000000 0.000000
2451545.118707  8.7445743210e-01  1.000000 0.000000 0.000000  -0.000000 -1.000000 0.000000
2451545.119374  8.4960483622e-01  1.000000 0.000000 0.000000  -0.000000 -1.000000 0.000000
2451545.120041  8.0406069060e-01  1.000000 0.000000 0.000000  -0.000000 -1.000000 0.000000
2451545.120708  7.6689588088e-01  1.000000 0.000000 0.000000  -0.000000 -1.000000 0.000000
2451545.121375  7.4961879159e-01  1.000000 0.000000 0.000000  -0.000000 -1.000000 0.000000
2451545.122042  7.5466832308e-01  1.000000 0.000000 0.000000  -0.000000 -1.000000 0.000000
2451545.122709  7.6277030965e-01  1.000000 0.000000 0.000000  -0.000000 -1.000000 0.000000
2451545.123376  7.7480517416e-01  1.000000 0.000000 0.000000  -0.000000 -1.000000 0.000000
2451545.124043  7.8360053405e-01  1.000000 0.000000 0.000000  -0.000000 -1.000000 0.000000
2451545.124710  7.8684003868e-01  1.000000 0.000000 0.000000  -0.000000 -1.000000 0.000000
2451545.125376  7.9111799079e-01  1.000000 0.000000 0.000000  -0.000000 -1.000000 0.000000
2451545.126043  7.9611672865e-01  1.000000 0.000000 0.000000  -0.000000 -1.000000 0.000000
2451545.126710  8.0040999947e-01  1.000000 0.000000 0.000000  -0.000000 -1.000000 0.000000
2451545.127377  8.0353179188e-01  1.000000 0.000000 0.000000  -0.000000 -1.000000 0.000000
2451545.128044  8.1204335246e-01  1.000000 0.000000 0.000000  -0.000000 -1.000000 0.000000
2451545.128711  8.2335017499e-01  1.000000 0.000000 0.000000  -0.000000 -1.000000 0.000000
2451545.129378  8.4118518792e-01  1.000000 0.000000 0.000000  -0.000000 -1.000000 0.000000
2451545.130045  8.8329391063e-01  1.000000 0.000000 0.000000  -0.000000 -1.000000 0.000000
2451545.130712  9.2055385762e-01  1.000000 0.000000 0.000000  -0.000000 -1.000000 0.000000
2451545.131378  9.6186439478e-01  1.000000 0.000000 0.000000  -0.000000 -1.000000 0.000000
2451545.132045  1.0324618920e+00  1.000000 0.000000 0.000000  -0.000000 -1.000000 0.000000
2451545.132712  1.0748971452e+00  1.000000 0.000000 0.000000  -0.000000 -1.000000 0.000000
2451545.133379  1.1030440706e+00  1.000000 0.000000 0.000000  -0.000000 -1.000000 0.000000
2451545.134046  1.1421430694e+00  1.000000 0.000000 0.000000  -0.000000 -1.000000 0.000000
2451545.134713  1.1602127005e+00  1.000000 0.000000 0.000000  -0.000000 -1.000000 0.000000
2451545.135380  1.1769762097e+00  1.000000 0.000000 0.000000  -0.000000 -1.000000 0.000000
2451545.136047  1.1919579109e+00  1.000000 0.000000 0.000000  -0.000000 -1.000000 0.000000
2451545.136714  1.2000413537e+00  1.000000 0.000000 0.000000  -0.000000 -1.000000 0.000000
2451545.137381  1.2078547035e+00  1.000000 0.000000 0.000000  -0.000000 -1.000000 0.000000
2451545.138047  1.2086045142e+00  1.000000 0.000000 0.000000  -0.000000 -1.000000 0.000000
2451545.138714  1.2113368888e+00  1.000000 0.000000 0.000000  -0.000000 -1.000000 0.000000
2451545.139381  1.2102355540e+00  1.000000 0.000000 0.000000  -0.000000 -1.000000 0.000000
2451545.140048  1.2082610525e+00  1.000000 0.000000 0.000000  -0.000000 -1.000000 0.000000
2451545.140715  1.2037476760e+00  1.000000 0.000000 0.000000  -0.000000 -1.000000 0.000000
2451545.141382  1.1965261123e+00  1.000000 0.000000 0.000000  -0.000000 -1.000000 0.000000
2451545.142049  1.1951853218e+00  1.000000 0.000000 0.000000  -0.000000 -1.000000 0.000000
2451545.142716  1.1951159844e+00  1.000000 0.000000 0.000000  -0.000000 -1.000000 0.000000
2451545.143383  1.1979314026e+00  1.000000 0.000000 0.000000  -0.000000 -1.000000 0.000000
2451545.144050  1.2009548327e+00  1.000000 0.000000 0.000000  -0.000000 -1.000000 0.000000
2451545.144716  1.2096123242e+00  1.000000 0.000000 0.000000  -0.000000 -1.000000 0.000000
2451545.145383  1.2199169804e+00  1.000000 0.000000 0.000000  -0.000000 -1.000000 0.000000
2451545.146050  1.2260791342e+00  1.000000 0.000000 0.000000  -0.000000 -1.000000 0.000000
2451545.146717  1.2285599594e+00  1.000000 0.000000 0.000000  -0.000000 -1.000000 0.000000
2451545.147384  1.2294710197e+00  1.000000 0.000000 0.000000  -0.000000 -1.000000 0.000000
2451545.148051  1.2303595051e+00  1.000000 0.000000 0.000000  -0.000000 -1.000000 0.000000
2451545.148718  1.2212480960e+00  1.000000 0.000000 0.000000  -0.000000 -1.000000 0.000000
2451545.149385  1.2034445267e+00  1.000000 0.000000 0.000000  -0.000000 -1.000000 0.000000
2451545.150052  1.1924102160e+00  1.000000 0.000000 0.000000  -0.000000 -1.000000 0.000000
2451545.150718  1.1820491224e+00  1.000000 0.000000 0.000000  -0.000000 -1.000000 0.000000
2451545.151385  1.1615035036e+00  1.000000 0.000000 0.000000  -0.000000 -1.000000 0.000000
2451545.152052  1.1490695463e+00  1.000000 0.000000 0.000000  -0.000000 -1.000000 0.000000
2451545.152719  1.1339830329e+00  1.000000 0.000000 0.000000  -0.000000 -1.000000 0.000000
2451545.153386  1.1087555317e+00  1.000000 0.000000 0.000000  -0.000000 -1.000000 0.000000
2451545.154053  1.0956540010e+00  1.000000 0.000000 0.000000  -0.000000 -1.000000 0.000000
2451545.154720  1.0836078490e+00  1.000000 0.000000 0.000000  -0.000000 -1.000000 0.000000
2451545.155387  1.0682770425e+00  1.000000 0.000000 0.000000  -0.000000 -1.000000 0.000000
2451545.156054  1.0593293018e+00  1.000000 0.000000 0.000000  -0.000000 -1.000000 0.000000
2451545.156721  1.0544015137e+00  1.000000 0.000000 0.000000  -0.000000 -1.000000 0.000000
2451545.157387  1.0327094102e+00  1.000000 0.000000 0.000000  -0.000000 -1.000000 0.000000
2451545.158054  1.0023985151e+00  1.000000 0.000000 0.000000  -0.000000 -1.000000 0.000000
2451545.158721  9.6957212605e-01  1.000000 0.000000 0.000000  -0.000000 -1.000000 0.000000
2451545.159388  9.1770941453e-01  1.000000 0.000000 0.000000  -0.000000 -1.000000 0.000000
2451545.160055  8.8835392334e-01  1.000000 0.000000 0.000000  -0.000000 -1.000000 0.000000
2451545.160722  8.6011427944e-01  1.000000 0.000000 0.000000  -0.000000 -1.000000 0.000000
2451545.161389  8.2133052365e-01  1.000000 0.000000 0.000000  -0.000000 -1.000000 0.000000
2451545.162056  7.9646019031e-01  1.000000 0.000000 0.000000  -0.000000 -1.000000 0.000000
2451545.162723  7.7204216212e-01  1.000000 0.000000 0.000000  -0.000000 -1.000000 0.000000
2451545.163389  7.3123230501e-01  1.000000 0.000000 0.000000  -0.000000 -1.000000 0.000000
2451545.164056  7.0447857624e-01  1.000000 0.000000 0.000000  -0.000000 -1.000000 0.000000
2451545.164723  6.7875845747e-01  1.000000 0.000000 0.000000  -0.000000 -1.000000 0.000000
2451545.165390  6.4084464332e-01  1.000000 0.000000 0.000000  -0.000000 -1.000000 0.000000
2451545.166057  6.1722076945e-01  1.000000 0.000000 0.000000  -0.000000 -1.000000 0.000000
2451545.166724  5.9176106880e-01  1.000000 0.000000 0.000000  -0.000000 -1.000000 0.000000
2451545.167391  5.5724639639e-01  1.000000 0.000000 0.000000  -0.000000 -1.000000 0.000000
2451545.168058  5.3565104259e-01  1.000000 0.000000 0.000000  -0.000000 -1.000000 0.000000
2451545.168725  5.1748708047e-01  1.000000 0.000000 0.000000  -0.000000 -1.000000 0.000000
2451545.169392  5.0719290547e-01  1.000000 0.000000 0.000000  -0.000000 -1.000000 0.000000
2451545.170058  5.0142581323e-01  1.000000 0.000000 0.000000  -0.000000 -1.000000 0.000000
2451545.170725  4.9745181663e-01  1.000000 0.000000 0.000000  -0.000000 -1.000000 0.000000
2451545.171392  4.9172745554e-01  1.000000 0.000000 0.000000  -0.000000 -1.000000 0.000000
2451545.172059  4.9304002735e-01  1.000000 0.000000 0.000000  -0.000000 -1.000000 0.000000
2451545.172726  4.9419618704e-01  1.000000 0.000000 0.000000  -0.000000 -1.000000 0.000000
2451545.173393  4.9793798420e-01  1.000000 0.000000 0.000000  -0.000000 -1.000000 0.000000
2451545.174060  5.0278837242e-01  1.000000 0.000000 0.000000  -0.000000 -1.000000 0.000000
2451545.174727  5.0953344354e-01  1.000000 0.000000 0.000000  -0.000000 -1.000000 0.000000
2451545.175394  5.1774346734e-01  1.000000 0.000000 0.000000  -0.000000 -1.000000 0.000000
2451545.176061  5.3051282383e-01  1.000000 0.000000 0.000000  -0.000000 -1.000000 0.000000
2451545.176727  5.5781963874e-01  1.000000 0.000000 0.000000  -0.000000 -1.000000 0.000000
2451545.177394  5.8737911069e-01  1.000000 0.000000 0.000000  -0.000000 -1.000000 0.000000
2451545.178061  6.2687397725e-01  1.000000 0.000000 0.000000  -0.000000 -1.000000 0.000000
2451545.178728  6.8401841969e-01  1.000000 0.000000 0.000000  -0.000000 -1.000000 0.000000
2451545.179395  7.2093571127e-01  1.000000 0.000000 0.000000  -0.000000 -1.000000 0.000000
2451545.180062  7.5817308331e-01  1.000000 0.000000 0.000000  -0.000000 -1.000000 0.000000
2451545.180729  8.1091460520e-01  1.000000 0.000000 0.000000  -0.000000 -1.000000 0.000000
2451545.181396  8.4650239375e-01  1.000000 0.000000 0.000000  -0.000000 -1.000000 0.000000
2451545.182063  8.8260537480e-01  1.000000 0.000000 0.000000  -0.000000 -1.000000 0.000000
2451545.182729  9.3174941793e-01  1.000000 0.000000 0.000000  -0.000000 -1.000000 0.000000
2451545.183396  9.6352042825e-01  1.000000 0.000000 0.000000  -0.000000 -1.000000 0.000000
2451545.184063  1.0001071581e+00  1.000000 0.000000 0.000000  -0.000000 -1.000000 0.000000
2451545.184730  1.0603806492e+00  1.000000 0.000000 0.000000  -0.000000 -1.000000 0.000000
2451545.185397  1.1023482785e+00  1.000000 0.000000 0.000000  -0.000000 -1.000000 0.000000
2451545.186064  1.1518922207e+00  1.000000 0.000000 0.000000  -0.000000 -1.000000 0.000000
2451545.186731  1.2213029208e+00  1.000000 0.000000 0.000000  -0.000000 -1.000000 0.000000
2451545.187398  1.2638155738e+00  1.000000 0.000000 0.000000  -0.000000 -1.000000 0.000000
2451545.188065  1.2925905664e+00  1.000000 0.000000 0.000000  -0.000000 -1.000000 0.000000
2451545.188732  1.3236811034e+00  1.000000 0.000000 0.000000  -0.000000 -1.000000 0.000000
2451545.189398  1.3333996173e+00  1.000000 0.000000 0.000000  -0.000000 -1.000000 0.000000
2451545.190065  1.3425465013e+00  1.000000 0.000000 0.000000  -0.000000 -1.000000 0.000000
2451545.190732  1.3544572036e+00  1.000000 0.000000 0.000000  -0.000000 -1.000000 0.000000
2451545.191399  1.3576459146e+00  1.000000 0.000000 0.000000  -0.000000 -1.000000 0.000000
2451545.192066  1.3594519102e+00  1.000000 0.000000 0.000000  -0.000000 -1.000000 0.000000
2451545.192733  1.3661010378e+00  1.000000 0.000000 0.000000  -0.000000 -1.000000 0.000000
2451545.193400  1.3713626126e+00  1.000000 0.000000 0.000000  -0.000000 -1.000000 0.000000
2451545.194067  1.3735080386e+00  1.000000 0.000000 0.000000  -0.000000 -1.000000 0.000000
2451545.194734  1.3778690343e+00  1.000000 0.000000 0.000000  -0.000000 -1.000000 0.000000
2451545.195400  1.3768926679e+00  1.000000 0.000000 0.000000  -0.000000 -1.000000 0.000000
2451545.196067  1.3798257983e+00  1.000000 0.000000 0.000000  -0.000000 -1.000000 0.000000
2451545.196734  1.3772901482e+00  1.000000 0.000000 0.000000  -0.000000 -1.000000 0.000000
2451545.197401  1.3778561343e+00  1.000000 0.000000 0.000000  -0.000000 -1.000000 0.000000
2451545.198068  1.3789679503e+00  1.000000 0.000000 0.000000  -0.000000 -1.000000 0.000000
2451545.198735  1.3774538165e+00  1.000000 0.000000 0.000000  -0.000000 -1.000000 0.000000
2451545.199402  1.3771530860e+00  1.000000 0.000000 0.000000  -0.000000 -1.000000 0.000000
2451545.200069  1.3725929471e+00  1.000000 0.000000 0.000000  -0.000000 -1.000000 0.000000
2451545.200736  1.3686899003e+00  1.000000 0.000000 0.000000  -0.000000 -1.000000 0.000000
2451545.201403  1.3647239662e+00  1.000000 0.000000 0.000000  -0.000000 -1.000000 0.000000
2451545.202069  1.3601380273e+00  1.000000 0.000000 0.000000  -0.000000 -1.000000 0.000000
2451545.202736  1.3522416340e+00  1.000000 0.000000 0.000000  -0.000000 -1.000000 0.000000
2451545.203403  1.3461568800e+00  1.000000 0.000000 0.000000  -0.000000 -1.000000 0.000000
2451545.204070  1.3417160658e+00  1.000000 0.000000 0.000000  -0.000000 -1.000000 0.000000
2451545.204737  1.3308341360e+00  1.000000 0.000000 0.000000  -0.000000 -1.000000 0.000000
2451545.205404  1.3224789876e+00  1.000000 0.000000 0.000000  -0.000000 -1.000000 0.000000
2451545.206071  1.3168594387e+00  1.000000 0.000000 0.000000  -0.000000 -1.000000 0.000000
2451545.206738  1.3117776573e+00  1.000000 0.000000 0.000000  -0.000000 -1.000000 0.000000
2451545.207405  1.3091468699e+00  1.000000 0.000000 0.000000  -0.000000 -1.000000 0.000000
2451545.208072  1.3099563430e+00  1.000000 0.000000 0.000000  -0.000000 -1.000000 0.000000
2451545.208738  1.3159725659e+00  1.000000 0.000000 0.000000  -0.000000 -1.000000 0.000000
2451545.209405  1.3156944103e+00  1.000000 0.000000 0.000000  -0.000000 -1.000000 0.000000
2451545.210072  1.3179140111e+00  1.000000 0.000000 0.000000  -0.000000 -1.000000 0.000000
2451545.210739  1.3162950651e+00  1.000000 0.000000 0.000000  -0.000000 -1.000000 0.000000
2451545.211406  1.3162878088e+00  1.000000 0.000000 0.000000  -0.000000 -1.000000 0.000000
2451545.212073  1.3079004105e+00  1.000000 0.000000 0.000000  -0.000000 -1.000000 0.000000
2451545.212740  1.3033797777e+00  1.000000 0.000000 0.000000  -0.000000 -1.000000 0.000000
2451545.213407  1.2958986021e+00  1.000000 0.000000 0.000000  -0.000000 -1.000000 0.000000
2451545.214074  1.2850932659e+00  1.000000 0.000000 0.000000  -0.000000 -1.000000 0.000000
2451545.214740  1.2786650502e+00  1.000000 0.000000 0.000000  -0.000000 -1.000000 0.000000
2451545.215407  1.2681370633e+00  1.000000 0.000000 0.000000  -0.000000 -1.000000 0.000000
2451545.216074  1.2509309239e+00  1.000000 0.000000 0.000000  -0.000000 -1.000000 0.000000
2451545.216741  1.2433497735e+00  1.000000 0.000000 0.000000  -0.000000 -1.000000 0.000000
2451545.217408  1.2397756759e+00  1.000000 0.000000 0.000000  -0.000000 -1.000000 0.000000
2451545.218075  1.2447284577e+00  1.000000 0.000000 0.000000  -0.000000 -1.000000 0.000000
2451545.218742  1.2464909159e+00  1.000000 0.000000 0.000000  -0.000000 -1.000000 0.000000
2451545.219409  1.2474745385e+00  1.000000 0.000000 0.000000  -0.000000 -1.000000 0.000000
2451545.220076  1.2487588916e+00  1.000000 0.000000 0.000000  -0.000000 -1.000000 0.000000
2451545.220743  1.2491257345e+00  1.000000 0.000000 0.000000  -0.000000 -1.000000 0.000000
2451545.221409  1.2481340494e+00  1.000000 0.000000 0.000000  -0.000000 -1.000000 0.000000
2451545.222076  1.2440576593e+00  1.000000 0.000000 0.000000  -0.000000 -1.000000 0.000000
2451545.222743  1.2407205987e+00  1.000000 0.000000 0.000000  -0.000000 -1.000000 0.000000
2451545.223410  1.2426346315e+00  1.000000 0.000000 0.000000  -0.000000 -1.000000 0.000000
2451545.224077  1.2438311036e+00  1.000000 0.000000 0.000000  -0.000000 -1.000000 0.000000
2451545.224744  1.2462458165e+00  1.000000 0.000000 0.000000  -0.000000 -1.000000 0.000000
2451545.225411  1.2454847183e+00  1.000000 0.000000 0.000000  -0.000000 -1.000000 0.000000
2451545.226078  1.2426733314e+00  1.000000 0.000000 0.000000  -0.000000 -1.000000 0.000000
2451545.226745  1.2388702594e+00  1.000000 0.000000 0.000000  -0.000000 -1.000000 0.000000
2451545.227411  1.2331297733e+00  1.000000 0.000000 0.000000  -0.000000 -1.000000 0.000000
2451545.228078  1.2213674207e+00  1.000000 0.000000 0.000000  -0.000000 -1.000000 0.000000
2451545.228745  1.2052327849e+00  1.000000 0.000000 0.000000  -0.000000 -1.000000 0.000000
2451545.229412  1.1863585182e+00  1.000000 0.000000 0.000000  -0.000000 -1.000000 0.000000
2451545.230079  1.1497306697e+00  1.000000 0.000000 0.000000  -0.000000 -1.000000 0.000000
2451545.230746  1.1182603899e+00  1.000000 0.000000 0.000000  -0.000000 -1.000000 0.000000
2451545.231413  1.0830442817e+00  1.000000 0.000000 0.000000  -0.000000 -1.000000 0.000000
2451545.232080  1.0260981762e+00  1.000000 0.000000 0.000000  -0.000000 -1.000000 0.000000
2451545.232747  9.8636304777e-01  1.000000 0.000000 0.000000  -0.000000 -1.000000 0.000000
2451545.233414  9.4076891477e-01  1.000000 0.000000 0.000000  -0.000000 -1.000000 0.000000
2451545.234080  8.7129048979e-01  1.000000 0.000000 0.000000  -0.000000 -1.000000 0.000000
2451545.234747  8.1783060090e-01  1.000000 0.000000 0.000000  -0.000000 -1.000000 0.000000
2451545.235414  7.6705874298e-01  1.000000 0.000000 0.000000  -0.000000 -1.000000 0.000000
2451545.236081  7.1464778279e-01  1.000000 0.000000 0.000000  -0.000000 -1.000000 0.000000
2451545.236748  7.0153738339e-01  1.000000 0.000000 0.000000  -0.000000 -1.000000 0.000000
2451545.237415  6.8908810738e-01  1.000000 0.000000 0.000000  -0.000000 -1.000000 0.000000
2451545.238082  6.7207466121e-01  1.000000 0.000000 0.000000  -0.000000 -1.000000 0.000000
2451545.238749  6.6102664429e-01  1.000000 0.000000 0.000000  -0.000000 -1.000000 0.000000
2451545.239416  6.4100508668e-01  1.000000 0.000000 0.000000  -0.000000 -1.000000 0.000000
360  1
2451545.000000  6.0023608071e-01  1.000000 0.000000 0.000000  -0.000000 -0.000000 1.000000
2451545.000667  5.9575649181e-01  1.000000 0.000000 0.000000  -0.000000 -0.000000 1.000000
2451545.001334  5.9210111719e-01  1.000000 0.000000 0.000000  -0.000000 -0.000000 1.000000
2451545.002001  5.8699036192e-01  1.000000 0.000000 0.000000  -0.000000 -0.000000 1.000000
2451545.002668  5.8715332444e-01  1.000000 0.000000 0.000000  -0.000000 -0.000000 1.000000
2451545.003334  5.8648956557e-01  1.000000 0.000000 0.000000  -0.000000 -0.000000 1.000000
2451545.004001  5.8539082213e-01  1.000000 0.000000 0.000000  -0.000000 -0.000000 1.000000
2451545.004668  5.8606523624e-01  1.000000 0.000000 0.000000  -0.000000 -0.000000 1.000000
2451545.005335  5.8775565897e-01  1.000000 0.000000 0.000000  -0.000000 -0.000000 1.000000
2451545.006002  5.9068773073e-01  1.000000 0.000000 0.000000  -0.000000 -0.000000 1.000000
2451545.006669  5.9447222182e-01  1.000000 0.000000 0.000000  -0.000000 -0.000000 1.000000
2451545.007336  5.9771454914e-01  1.000000 0.000000 0.000000  -0.000000 -0.000000 1.000000
2451545.008003  6.0414216691e-01  1.000000 0.000000 0.000000  -0.000000 -0.000000 1.000000
2451545.008670  6.0716136094e-01  1.000000 0.000000 0.000000  -0.000000 -0.000000 1.000000
2451545.009337  6.1131878547e-01  1.000000 0.000000 0.000000  -0.000000 -0.000000 1.000000
2451545.010003  6.1803472154e-01  1.000000 0.000000 0.000000  -0.000000 -0.000000 1.000000
2451545.010670  6.2112474158e-01  1.000000 0.000000 0.000000  -0.000000 -0.000000 1.000000
2451545.011337  6.2717127777e-01  1.000000 0.000000 0.000000  -0.000000 -0.000000 1.000000
2451545.012004  6.3479541648e-01  1.000000 0.000000 0.000000  -0.000000 -0.000000 1.000000
2451545.012671  6.4208485525e-01  1.000000 0.000000 0.000000  -0.000000 -0.000000 1.000000
2451545.013338  6.5030631427e-01  1.000000 0.000000 0.000000  -0.000000 -0.000000 1.000000
2451545.014005  6.6569248306e-01  1.000000 0.000000 0.000000  -0.000000 -0.000000 1.000000
2451545.014672  6.7561940750e-01  1.000000 0.000000 0.000000  -0.000000 -0.000000 1.000000
2451545.015339  6.8666199841e-01  1.000000 0.000000 0.000000  -0.000000 -0.000000 1.000000
2451545.016006  7.0165893749e-01  1.000000 0.000000 0.000000  -0.000000 -0.000000 1.000000
2451545.016672  7.1148432375e-01  1.000000 0.000000 0.000000  -0.000000 -0.000000 1.000000
2451545.017339  7.2106777334e-01  1.000000 0.000000 0.000000  -0.000000 -0.000000 1.000000
2451545.018006  7.3252027766e-01  1.000000 0.000000 0.000000  -0.000000 -0.000000 1.000000
2451545.018673  7.4245409667e-01  1.000000 0.000000 0.000000  -0.000000 -0.000000 1.000000
2451545.019340  7.5089492831e-01  1.000000 0.000000 0.000000  -0.000000 -0.000000 1.000000
2451545.020007  7.6356589084e-01  1.000000 0.000000 0.000000  -0.000000 -0.000000 1.000000
2451545.020674  7.7164319071e-01  1.000000 0.000000 0.000000  -0.000000 -0.000000 1.000000
2451545.021341  7.8060738274e-01  1.000000 0.000000 0.000000  -0.000000 -0.000000 1.000000
2451545.022008  7.9607440600e-01  1.000000 0.000000 0.000000  -0.000000 -0.000000 1.000000
2451545.022674  8.0624953490e-01  1.000000 0.000000 0.000000  -0.000000 -0.000000 1.000000
2451545.023341  8.1618272713e-01  1.000000 0.000000 0.000000  -0.000000 -0.000000 1.000000
2451545.024008  8.3310137036e-01  1.000000 0.000000 0.000000  -0.000000 -0.000000 1.000000
2451545.024675  8.4660469528e-01  1.000000 0.000000 0.000000  -0.000000 -0.000000 1.000000
2451545.025342  8.6132334453e-01  1.000000 0.000000 0.000000  -0.000000 -0.000000 1.000000
2451545.026009  8.9060958929e-01  1.000000 0.000000 0.000000  -0.000000 -0.000000 1.000000
2451545.026676  9.1804432914e-01  1.000000 0.000000 0.000000  -0.000000 -0.000000 1.000000
2451545.027343  9.4783763805e-01  1.000000 0.000000 0.000000  -0.000000 -0.000000 1.000000
2451545.028010  1.0059438041e+00  1.000000 0.000000 0.000000  -0.000000 -0.000000 1.000000
2451545.028677  1.0115008259e+00  1.000000 0.000000 0.000000  -0.000000 -0.000000 1.000000
2451545.029343  1.0221823922e+00  1.000000 0.000000 0.000000  -0.000000 -0.000000 1.000000
2451545.030010  1.0353685670e+00  1.000000 0.000000 0.000000  -0.000000 -0.000000 1.000000
2451545.030677  1.0454409041e+00  1.000000 0.000000 0.000000  -0.000000 -0.000000 1.000000
2451545.031344  1.0547491978e+00  1.000000 0.000000 0.000000  -0.000000 -0.000000 1.000000
2451545.032011  1.0691958250e+00  1.000000 0.000000 0.000000  -0.000000 -0.000000 1.000000
2451545.032678  1.0782496464e+00  1.000000 0.000000 0.000000  -0.000000 -0.000000 1.000000
2451545.033345  1.0869668875e+00  1.000000 0.000000 0.000000  -0.000000 -0.000000 1.000000
2451545.034012  1.0997870234e+00  1.000000 0.000000 0.000000  -0.000000 -0.000000 1.000000
2451545.034679  1.1074362333e+00  1.000000 0.000000 0.000000  -0.000000 -0.000000 1.000000
2451545.035345  1.1173794540e+00  1.000000 0.000000 0.000000  -0.000000 -0.000000 1.000000
2451545.036012  1.1247071263e+00  1.000000 0.000000 0.000000  -0.000000 -0.000000 1.000000
2451545.036679  1.1312431768e+00  1.000000 0.000000 0.000000  -0.000000 -0.000000 1.000000
2451545.037346  1.1425421203e+00  1.000000 0.000000 0.000000  -0.000000 -0.000000 1.000000
2451545.038013  1.1510619261e+00  1.000000 0.000000 0.000000  -0.000000 -0.000000 1.000000
2451545.038680  1.1557051043e+00  1.000000 0.000000 0.000000  -0.000000 -0.000000 1.000000
2451545.039347  1.1658764725e+00  1.000000 0.000000 0.000000  -0.000000 -0.000000 1.000000
2451545.040014  1.1716497331e+00  1.000000 0.000000 0.000000  -0.000000 -0.000000 1.000000
2451545.040681  1.1780046445e+00  1.000000 0.000000 0.000000  -0.000000 -0.000000 1.000000
2451545.041348  1.1787310812e+00  1.000000 0.000000 0.000000  -0.000000 -0.000000 1.000000
2451545.042014  1.1794161506e+00  1.000000 0.000000 0.000000  -0.000000 -0.000000 1.000000
2451545.042681  1.1781663534e+00  1.000000 0.000000 0.000000  -0.000000 -0.000000 1.000000
2451545.043348  1.1790588866e+00  1.000000 0.000000 0.000000  -0.000000 -0.000000 1.000000
2451545.044015  1.1788382604e+00  1.000000 0.000000 0.000000  -0.000000 -0.000000 1.000000
2451545.044682  1.1790588866e+00  1.000000 0.000000 0.000000  -0.000000 -0.000000 1.000000
2451545.045349  1.1745222608e+00  1.000000 0.000000 0.000000  -0.000000 -0.000000 1.000000
2451545.046016  1.1750192965e+00  1.000000 0.000000 0.000000  -0.000000 -0.000000 1.000000
2451545.046683  1.1744044264e+00  1.000000 0.000000 0.000000  -0.000000 -0.000000 1.000000
2451545.047350  1.1722884208e+00  1.000000 0.000000 0.000000  -0.000000 -0.000000 1.000000
2451545.048017  1.1704425569e+00  1.000000 0.000000 0.000000  -0.000000 -0.000000 1.000000
2451545.048683  1.1701134979e+00  1.000000 0.000000 0.000000  -0.000000 -0.000000 1.000000
2451545.049350  1.1679993727e+00  1.000000 0.000000 0.000000  -0.000000 -0.000000 1.000000
2451545.050017  1.1717023825e+00  1.000000 0.000000 0.000000  -0.000000 -0.000000 1.000000
2451545.050684  1.1695656932e+00  1.000000 0.000000 0.000000  -0.000000 -0.000000 1.000000
2451545.051351  1.1685183456e+00  1.000000 0.000000 0.000000  -0.000000 -0.000000 1.000000
2451545.052018  1.1635097553e+00  1.000000 0.000000 0.000000  -0.000000 -0.000000 1.000000
2451545.052685  1.1611342632e+00  1.000000 0.000000 0.000000  -0.000000 -0.000000 1.000000
2451545.053352  1.1581959237e+00  1.000000 0.000000 0.000000  -0.000000 -0.000000 1.000000
2451545.054019  1.1538742831e+00  1.000000 0.000000 0.000000  -0.000000 -0.000000 1.000000
2451545.054685  1.1483905943e+00  1.000000 0.000000 0.000000  -0.000000 -0.000000 1.000000
2451545.055352  1.1412114686e+00  1.000000 0.000000 0.000000  -0.000000 -0.000000 1.000000
2451545.056019  1.1389356344e+00  1.000000 0.000000 0.000000  -0.000000 -0.000000 1.000000
2451545.056686  1.1361439611e+00  1.000000 0.000000 0.000000  -0.000000 -0.000000 1.000000
2451545.057353  1.1340404911e+00  1.000000 0.000000 0.000000  -0.000000 -0.000000 1.000000
2451545.058020  1.1297865426e+00  1.000000 0.000000 0.000000  -0.000000 -0.000000 1.000000
2451545.058687  1.1298542347e+00  1.000000 0.000000 0.000000  -0.000000 -0.000000 1.000000
2451545.059354  1.1276473462e+00  1.000000 0.000000 0.000000  -0.000000 -0.000000 1.000000
2451545.060021  1.1272769198e+00  1.000000 0.000000 0.000000  -0.000000 -0.000000 1.000000
2451545.060688  1.1239424560e+00  1.000000 0.000000 0.000000  -0.000000 -0.000000 1.000000
2451545.061354  1.1215093003e+00  1.000000 0.000000 0.000000  -0.000000 -0.000000 1.000000
2451545.062021  1.1199392191e+00  1.000000 0.000000 0.000000  -0.000000 -0.000000 1.000000
2451545.062688  1.1185552912e+00  1.000000 0.000000 0.000000  -0.000000 -0.000000 1.000000
2451545.063355  1.1153349012e+00  1.000000 0.000000 0.000000  -0.000000 -0.000000 1.000000
2451545.064022  1.1129437396e+00  1.000000 0.000000 0.000000  -0.000000 -0.000000 1.000000
2451545.064689  1.1135648775e+00  1.000000 0.000000 0.000000  -0.000000 -0.000000 1.000000
2451545.065356  1.1148861275e+00  1.000000 0.000000 0.000000  -0.000000 -0.000000 1.000000
2451545.066023  1.1145464133e+00  1.000000 0.000000 0.000000  -0.000000 -0.000000 1.000000
2451545.066690  1.1121546250e+00  1.000000 0.000000 0.000000  -0.000000 -0.000000 1.000000
2451545.067356  1.1091015849e+00  1.000000 0.000000 0.000000  -0.000000 -0.000000 1.000000
2451545.068023  1.1058379471e+00  1.000000 0.000000 0.000000  -0.000000 -0.000000 1.000000
2451545.068690  1.1002984750e+00  1.000000 0.000000 0.000000  -0.000000 -0.000000 1.000000
2451545.069357  1.0932002038e+00  1.000000 0.000000 0.000000  -0.000000 -0.000000 1.000000
2451545.070024  1.0869480842e+00  1.000000 0.000000 0.000000  -0.000000 -0.000000 1.000000
2451545.070691  1.0780095901e+00  1.000000 0.000000 0.000000  -0.000000 -0.000000 1.000000
2451545.071358  1.0684631204e+00  1.000000 0.000000 0.000000  -0.000000 -0.000000 1.000000
2451545.072025  1.0590081605e+00  1.000000 0.000000 0.000000  -0.000000 -0.000000 1.000000
2451545.072692  1.0408898624e+00  1.000000 0.000000 0.000000  -0.000000 -0.000000 1.000000
2451545.073359  1.0294843665e+00  1.000000 0.000000 0.000000  -0.000000 -0.000000 1.000000
2451545.074025  1.0299099494e+00  1.000000 0.000000 0.000000  -0.000000 -0.000000 1.000000
2451545.074692  1.0379013806e+00  1.000000 0.000000 0.000000  -0.000000 -0.000000 1.000000
2451545.075359  1.0439153242e+00  1.000000 0.000000 0.000000  -0.000000 -0.000000 1.000000
2451545.076026  1.0474403289e+00  1.000000 0.000000 0.000000  -0.000000 -0.000000 1.000000
2451545.076693  1.0579720950e+00  1.000000 0.000000 0.000000  -0.000000 -0.000000 1.000000
2451545.077360  1.0602798949e+00  1.000000 0.000000 0.000000  -0.000000 -0.000000 1.000000
2451545.078027  1.0654144678e+00  1.000000 0.000000 0.000000  -0.000000 -0.000000 1.000000
2451545.078694  1.0696151401e+00  1.000000 0.000000 0.000000  -0.000000 -0.000000 1.000000
2451545.079361  1.0711106346e+00  1.000000 0.000000 0.000000  -0.000000 -0.000000 1.000000
2451545.080028  1.0733795742e+00  1.000000 0.000000 0.000000  -0.000000 -0.000000 1.000000
2451545.080694  1.0754598534e+00  1.000000 0.000000 0.000000  -0.000000 -0.000000 1.000000
2451545.081361  1.0769628693e+00  1.000000 0.000000 0.000000  -0.000000 -0.000000 1.000000
2451545.082028  1.0782483928e+00  1.000000 0.000000 0.000000  -0.000000 -0.000000 1.000000
2451545.082695  1.0789579066e+00  1.000000 0.000000 0.000000  -0.000000 -0.000000 1.000000
2451545.083362  1.0799632599e+00  1.000000 0.000000 0.000000  -0.000000 -0.000000 1.000000
2451545.084029  1.0810030862e+00  1.000000 0.000000 0.000000  -0.000000 -0.000000 1.000000
2451545.084696  1.0794355121e+00  1.000000 0.000000 0.000000  -0.000000 -0.000000 1.000000
2451545.085363  1.0775796197e+00  1.000000 0.000000 0.000000  -0.000000 -0.000000 1.000000
2451545.086030  1.0771458887e+00  1.000000 0.000000 0.000000  -0.000000 -0.000000 1.000000
2451545.086696  1.0726349609e+00  1.000000 0.000000 0.000000  -0.000000 -0.000000 1.000000
2451545.087363  1.0708304644e+00  1.000000 0.000000 0.000000  -0.000000 -0.000000 1.000000
2451545.088030  1.0656564044e+00  1.000000 0.000000 0.000000  -0.000000 -0.000000 1.000000
2451545.088697  1.0639590871e+00  1.000000 0.000000 0.000000  -0.000000 -0.000000 1.000000
2451545.089364  1.0602686129e+00  1.000000 0.000000 0.000000  -0.000000 -0.000000 1.000000
2451545.090031  1.0583688460e+00  1.000000 0.000000 0.000000  -0.000000 -0.000000 1.000000
2451545.090698  1.0525304004e+00  1.000000 0.000000 0.000000  -0.000000 -0.000000 1.000000
2451545.091365  1.0503454491e+00  1.000000 0.000000 0.000000  -0.000000 -0.000000 1.000000
2451545.092032  1.0477499576e+00  1.000000 0.000000 0.000000  -0.000000 -0.000000 1.000000
2451545.092699  1.0410490643e+00  1.000000 0.000000 0.000000  -0.000000 -0.000000 1.000000
2451545.093365  1.0365820109e+00  1.000000 0.000000 0.000000  -0.000000 -0.000000 1.000000
2451545.094032  1.0319306846e+00  1.000000 0.000000 0.000000  -0.000000 -0.000000 1.000000
2451545.094699  1.0312619115e+00  1.000000 0.000000 0.000000  -0.000000 -0.000000 1.000000
2451545.095366  1.0294887540e+00  1.000000 0.000000 0.000000  -0.000000 -0.000000 1.000000
2451545.096033  1.0284865345e+00  1.000000 0.000000 0.000000  -0.000000 -0.000000 1.000000
2451545.096700  1.0279312084e+00  1.000000 0.000000 0.000000  -0.000000 -0.000000 1.000000
2451545.097367  1.0306225970e+00  1.000000 0.000000 0.000000  -0.000000 -0.000000 1.000000
2451545.098034  1.0324364952e+00  1.000000 0.000000 0.000000  -0.000000 -0.000000 1.000000
2451545.098701  1.0382141432e+00  1.000000 0.000000 0.000000  -0.000000 -0.000000 1.000000
2451545.099367  1.0418525948e+00  1.000000 0.000000 0.000000  -0.000000 -0.000000 1.000000
2451545.100034  1.0435029037e+00  1.000000 0.000000 0.000000  -0.000000 -0.000000 1.000000
2451545.100701  1.0463077394e+00  1.000000 0.000000 0.000000  -0.000000 -0.000000 1.000000
2451545.101368  1.0506400352e+00  1.000000 0.000000 0.000000  -0.000000 -0.000000 1.000000
2451545.102035  1.0504990100e+00  1.000000 0.000000 0.000000  -0.000000 -0.000000 1.000000
2451545.102702  1.0486688155e+00  1.000000 0.000000 0.000000  -0.000000 -0.000000 1.000000
2451545.103369  1.0485936021e+00  1.000000 0.000000 0.000000  -0.000000 -0.000000 1.000000
2451545.104036  1.0448185127e+00  1.000000 0.000000 0.000000  -0.000000 -0.000000 1.000000
2451545.104703  1.0379634317e+00  1.000000 0.000000 0.000000  -0.000000 -0.000000 1.000000
2451545.105370  1.0304922270e+00  1.000000 0.000000 0.000000  -0.000000 -0.000000 1.000000
2451545.106036  1.0146836092e+00  1.000000 0.000000 0.000000  -0.000000 -0.000000 1.000000
2451545.106703  1.0057056281e+00  1.000000 0.000000 0.000000  -0.000000 -0.000000 1.000000
2451545.107370  9.9423181328e-01  1.000000 0.000000 0.000000  -0.000000 -0.000000 1.000000
2451545.108037  9.7790422256e-01  1.000000 0.000000 0.000000  -0.000000 -0.000000 1.000000
2451545.108704  9.6817097280e-01  1.000000 0.000000 0.000000  -0.000000 -0.000000 1.000000
2451545.109371  9.5896797801e-01  1.000000 0.000000 0.000000  -0.000000 -0.000000 1.000000
2451545.110038  9.4677462101e-01  1.000000 0.000000 0.000000  -0.000000 -0.000000 1.000000
2451545.110705  9.3907965628e-01  1.000000 0.000000 0.000000  -0.000000 -0.000000 1.000000
2451545.111372  9.3228787997e-01  1.000000 0.000000 0.000000  -0.000000 -0.000000 1.000000
2451545.112039  9.2292192265e-01  1.000000 0.000000 0.000000  -0.000000 -0.000000 1.000000
2451545.112705  9.1695624095e-01  1.000000 0.000000 0.000000  -0.000000 -0.000000 1.000000
2451545.113372  9.1105825136e-01  1.000000 0.000000 0.000000  -0.000000 -0.000000 1.000000
2451545.114039  8.9589333554e-01  1.000000 0.000000 0.000000  -0.000000 -0.000000 1.000000
2451545.114706  8.8825791480e-01  1.000000 0.000000 0.000000  -0.000000 -0.000000 1.000000
2451545.115373  8.7837047743e-01  1.000000 0.000000 0.000000  -0.000000 -0.000000 1.000000
2451545.116040  8.6149069450e-01  1.000000 0.000000 0.000000  -0.000000 -0.000000 1.000000
2451545.116707  8.4966776384e-01  1.000000 0.000000 0.000000  -0.000000 -0.000000 1.000000
2451545.117374  8.3503247619e-01  1.000000 0.000000 0.000000  -0.000000 -0.000000 1.000000
2451545.118041  8.1298427433e-01  1.000000 0.000000 0.000000  -0.000000 -0.000000 1.000000
2451545.118707  7.9551719955e-01  1.000000 0.000000 0.000000  -0.000000 -0.000000 1.000000
2451545.119374  7.8101792293e-01  1.000000 0.000000 0.000000  -0.000000 -0.000000 1.000000
2451545.120041  7.5171914258e-01  1.000000 0.000000 0.000000  -0.000000 -0.000000 1.000000
2451545.120708  7.2709299905e-01  1.000000 0.000000 0.000000  -0.000000 -0.000000 1.000000
2451545.121375  6.9304574165e-01  1.000000 0.000000 0.000000  -0.000000 -0.000000 1.000000
2451545.122042  6.4605800679e-01  1.000000 0.000000 0.000000  -0.000000 -0.000000 1.000000
2451545.122709  6.4388747141e-01  1.000000 0.000000 0.000000  -0.000000 -0.000000 1.000000
2451545.123376  6.4854130485e-01  1.000000 0.000000 0.000000  -0.000000 -0.000000 1.000000
2451545.124043  6.5609399076e-01  1.000000 0.000000 0.000000  -0.000000 -0.000000 1.000000
2451545.124710  6.6575954840e-01  1.000000 0.000000 0.000000  -0.000000 -0.000000 1.000000
2451545.125376  6.6946255822e-01  1.000000 0.000000 0.000000  -0.000000 -0.000000 1.000000
2451545.126043  6.7409320084e-01  1.000000 0.000000 0.000000  -0.000000 -0.000000 1.000000
2451545.126710  6.7851387252e-01  1.000000 0.000000 0.000000  -0.000000 -0.000000 1.000000
2451545.127377  6.8047819764e-01  1.000000 0.000000 0.000000  -0.000000 -0.000000 1.000000
2451545.128044  6.8550245742e-01  1.000000 0.000000 0.000000  -0.000000 -0.000000 1.000000
2451545.128711  6.8876922912e-01  1.000000 0.000000 0.000000  -0.000000 -0.000000 1.000000
2451545.129378  6.9306015756e-01  1.000000 0.000000 0.000000  -0.000000 -0.000000 1.000000
2451545.130045  7.0713510486e-01  1.000000 0.000000 0.000000  -0.000000 -0.000000 1.000000
2451545.130712  7.2841424900e-01  1.000000 0.000000 0.000000  -0.000000 -0.000000 1.000000
2451545.131378  7.5323720111e-01  1.000000 0.000000 0.000000  -0.000000 -0.000000 1.000000
2451545.132045  8.0547922361e-01  1.000000 0.000000 0.000000  -0.000000 -0.000000 1.000000
2451545.132712  8.4339684080e-01  1.000000 0.000000 0.000000  -0.000000 -0.000000 1.000000
2451545.133379  8.8112767788e-01  1.000000 0.000000 0.000000  -0.000000 -0.000000 1.000000
2451545.134046  9.3076167331e-01  1.000000 0.000000 0.000000  -0.000000 -0.000000 1.000000
2451545.134713  9.4874019968e-01  1.000000 0.000000 0.000000  -0.000000 -0.000000 1.000000
2451545.135380  9.7291443563e-01  1.000000 0.000000 0.000000  -0.000000 -0.000000 1.000000
2451545.136047  1.0024394832e+00  1.000000 0.000000 0.000000  -0.000000 -0.000000 1.000000
2451545.136714  1.0152420693e+00  1.000000 0.000000 0.000000  -0.000000 -0.000000 1.000000
2451545.137381  1.0296291525e+00  1.000000 0.000000 0.000000  -0.000000 -0.000000 1.000000
2451545.138047  1.0380148275e+00  1.000000 0.000000 0.000000  -0.000000 -0.000000 1.000000
2451545.138714  1.0453243232e+00  1.000000 0.000000 0.000000  -0.000000 -0.000000 1.000000
2451545.139381  1.0509534247e+00  1.000000 0.000000 0.000000  -0.000000 -0.000000 1.000000
2451545.140048  1.0564615578e+00  1.000000 0.000000 0.000000  -0.000000 -0.000000 1.000000
2451545.140715  1.0591604678e+00  1.000000 0.000000 0.000000  -0.000000 -0.000000 1.000000
2451545.141382  1.0638801130e+00  1.000000 0.000000 0.000000  -0.000000 -0.000000 1.000000
2451545.142049  1.0666467151e+00  1.000000 0.000000 0.000000  -0.000000 -0.000000 1.000000
2451545.142716  1.0694665935e+00  1.000000 0.000000 0.000000  -0.000000 -0.000000 1.000000
2451545.143383  1.0711551359e+00  1.000000 0.000000 0.000000  -0.000000 -0.000000 1.000000
2451545.144050  1.0730354726e+00  1.000000 0.000000 0.000000  -0.000000 -0.000000 1.000000
2451545.144716  1.0756322176e+00  1.000000 0.000000 0.000000  -0.000000 -0.000000 1.000000
2451545.145383  1.0876870565e+00  1.000000 0.000000 0.000000  -0.000000 -0.000000 1.000000
2451545.146050  1.0977362028e+00  1.000000 0.000000 0.000000  -0.000000 -0.000000 1.000000
2451545.146717  1.1074036408e+00  1.000000 0.000000 0.000000  -0.000000 -0.000000 1.000000
2451545.147384  1.1219549401e+00  1.000000 0.000000 0.000000  -0.000000 -0.000000 1.000000
2451545.148051  1.1307010130e+00  1.000000 0.000000 0.000000  -0.000000 -0.000000 1.000000
2451545.148718  1.1346867002e+00  1.000000 0.000000 0.000000  -0.000000 -0.000000 1.000000
2451545.149385  1.1308119529e+00  1.000000 0.000000 0.000000  -0.000000 -0.000000 1.000000
2451545.150052  1.1282070597e+00  1.000000 0.000000 0.000000  -0.000000 -0.000000 1.000000
2451545.150718  1.1245798902e+00  1.000000 0.000000 0.000000  -0.000000 -0.000000 1.000000
2451545.151385  1.1195863426e+00  1.000000 0.000000 0.000000  -0.000000 -0.000000 1.000000
2451545.152052  1.1149481786e+00  1.000000 0.000000 0.000000  -0.000000 -0.000000 1.000000
2451545.152719  1.1129349647e+00  1.000000 0.000000 0.000000  -0.000000 -0.000000 1.000000
2451545.153386  1.1055715660e+00  1.000000 0.000000 0.000000  -0.000000 -0.000000 1.000000
2451545.154053  1.1029817156e+00  1.000000 0.000000 0.000000  -0.000000 -0.000000 1.000000
2451545.154720  1.0979768859e+00  1.000000 0.000000 0.000000  -0.000000 -0.000000 1.000000
2451545.155387  1.0933255596e+00  1.000000 0.000000 0.000000  -0.000000 -0.000000 1.000000
2451545.156054  1.0907494983e+00  1.000000 0.000000 0.000000  -0.000000 -0.000000 1.000000
2451545.156721  1.0875121852e+00  1.000000 0.000000 0.000000  -0.000000 -0.000000 1.000000
2451545.157387  1.0871893940e+00  1.000000 0.000000 0.000000  -0.000000 -0.000000 1.000000
2451545.158054  1.0839972090e+00  1.000000 0.000000 0.000000  -0.000000 -0.000000 1.000000
2451545.158721  1.0831485504e+00  1.000000 0.000000 0.000000  -0.000000 -0.000000 1.000000
2451545.159388  1.0797727191e+00  1.000000 0.000000 0.000000  -0.000000 -0.000000 1.000000
2451545.160055  1.0790105560e+00  1.000000 0.000000 0.000000  -0.000000 -0.000000 1.000000
2451545.160722  1.0725610010e+00  1.000000 0.000000 0.000000  -0.000000 -0.000000 1.000000
2451545.161389  1.0651418190e+00  1.000000 0.000000 0.000000  -0.000000 -0.000000 1.000000
2451545.162056  1.0592939717e+00  1.000000 0.000000 0.000000  -0.000000 -0.000000 1.000000
2451545.162723  1.0520634501e+00  1.000000 0.000000 0.000000  -0.000000 -0.000000 1.000000
2451545.163389  1.0420870102e+00  1.000000 0.000000 0.000000  -0.000000 -0.000000 1.000000
2451545.164056  1.0357308452e+00  1.000000 0.000000 0.000000  -0.000000 -0.000000 1.000000
2451545.164723  1.0263567397e+00  1.000000 0.000000 0.000000  -0.000000 -0.000000 1.000000
2451545.165390  1.0151869127e+00  1.000000 0.000000 0.000000  -0.000000 -0.000000 1.000000
2451545.166057  1.0060284192e+00  1.000000 0.000000 0.000000  -0.000000 -0.000000 1.000000
2451545.166724  9.9606702194e-01  1.000000 0.000000 0.000000  -0.000000 -0.000000 1.000000
2451545.167391  9.7831601631e-01  1.000000 0.000000 0.000000  -0.000000 -0.000000 1.000000
2451545.168058  9.6673376875e-01  1.000000 0.000000 0.000000  -0.000000 -0.000000 1.000000
2451545.168725  9.5246765389e-01  1.000000 0.000000 0.000000  -0.000000 -0.000000 1.000000
2451545.169392  9.3828176672e-01  1.000000 0.000000 0.000000  -0.000000 -0.000000 1.000000
2451545.170058  9.3212303711e-01  1.000000 0.000000 0.000000  -0.000000 -0.000000 1.000000
2451545.170725  9.2638424937e-01  1.000000 0.000000 0.000000  -0.000000 -0.000000 1.000000
2451545.171392  9.2881051055e-01  1.000000 0.000000 0.000000  -0.000000 -0.000000 1.000000
2451545.172059  9.3037557750e-01  1.000000 0.000000 0.000000  -0.000000 -0.000000 1.000000
2451545.172726  9.3559037807e-01  1.000000 0.000000 0.000000  -0.000000 -0.000000 1.000000
2451545.173393  9.3903766209e-01  1.000000 0.000000 0.000000  -0.000000 -0.000000 1.000000
2451545.174060  9.4309730912e-01  1.000000 0.000000 0.000000  -0.000000 -0.000000 1.000000
2451545.174727  9.4971609445e-01  1.000000 0.000000 0.000000  -0.000000 -0.000000 1.000000
2451545.175394  9.5218309626e-01  1.000000 0.000000 0.000000  -0.000000 -0.000000 1.000000
2451545.176061  9.5836627025e-01  1.000000 0.000000 0.000000  -0.000000 -0.000000 1.000000
2451545.176727  9.6575097942e-01  1.000000 0.000000 0.000000  -0.000000 -0.000000 1.000000
2451545.177394  9.6978806240e-01  1.000000 0.000000 0.000000  -0.000000 -0.000000 1.000000
2451545.178061  9.7627334383e-01  1.000000 0.000000 0.000000  -0.000000 -0.000000 1.000000
2451545.178728  9.8471166835e-01  1.000000 0.000000 0.000000  -0.000000 -0.000000 1.000000
2451545.179395  9.8960555811e-01  1.000000 0.000000 0.000000  -0.000000 -0.000000 1.000000
2451545.180062  9.9517135487e-01  1.000000 0.000000 0.000000  -0.000000 -0.000000 1.000000
2451545.180729  1.0053477373e+00  1.000000 0.000000 0.000000  -0.000000 -0.000000 1.000000
2451545.181396  1.0116800847e+00  1.000000 0.000000 0.000000  -0.000000 -0.000000 1.000000
2451545.182063  1.0171117508e+00  1.000000 0.000000 0.000000  -0.000000 -0.000000 1.000000
2451545.182729  1.0288676161e+00  1.000000 0.000000 0.000000  -0.000000 -0.000000 1.000000
2451545.183396  1.0362347754e+00  1.000000 0.000000 0.000000  -0.000000 -0.000000 1.000000
2451545.184063  1.0428328771e+00  1.000000 0.000000 0.000000  -0.000000 -0.000000 1.000000
2451545.184730  1.0536015656e+00  1.000000 0.000000 0.000000  -0.000000 -0.000000 1.000000
2451545.185397  1.0631737332e+00  1.000000 0.000000 0.000000  -0.000000 -0.000000 1.000000
2451545.186064  1.0692948560e+00  1.000000 0.000000 0.000000  -0.000000 -0.000000 1.000000
2451545.186731  1.0810739122e+00  1.000000 0.000000 0.000000  -0.000000 -0.000000 1.000000
2451545.187398  1.0897410110e+00  1.000000 0.000000 0.000000  -0.000000 -0.000000 1.000000
2451545.188065  1.0975776278e+00  1.000000 0.000000 0.000000  -0.000000 -0.000000 1.000000
2451545.188732  1.1077934973e+00  1.000000 0.000000 0.000000  -0.000000 -0.000000 1.000000
2451545.189398  1.1149249878e+00  1.000000 0.000000 0.000000  -0.000000 -0.000000 1.000000
2451545.190065  1.1208405272e+00  1.000000 0.000000 0.000000  -0.000000 -0.000000 1.000000
2451545.190732  1.1316092157e+00  1.000000 0.000000 0.000000  -0.000000 -0.000000 1.000000
2451545.191399  1.1385470315e+00  1.000000 0.000000 0.000000  -0.000000 -0.000000 1.000000
2451545.192066  1.1460163558e+00  1.000000 0.000000 0.000000  -0.000000 -0.000000 1.000000
2451545.192733  1.1574105697e+00  1.000000 0.000000 0.000000  -0.000000 -0.000000 1.000000
2451545.193400  1.1643452516e+00  1.000000 0.000000 0.000000  -0.000000 -0.000000 1.000000
2451545.194067  1.1715607305e+00  1.000000 0.000000 0.000000  -0.000000 -0.000000 1.000000
2451545.194734  1.1784314809e+00  1.000000 0.000000 0.000000  -0.000000 -0.000000 1.000000
2451545.195400  1.1825506719e+00  1.000000 0.000000 0.000000  -0.000000 -0.000000 1.000000
2451545.196067  1.1876708289e+00  1.000000 0.000000 0.000000  -0.000000 -0.000000 1.000000
2451545.196734  1.1919034669e+00  1.000000 0.000000 0.000000  -0.000000 -0.000000 1.000000
2451545.197401  1.1928229516e+00  1.000000 0.000000 0.000000  -0.000000 -0.000000 1.000000
2451545.198068  1.1969208321e+00  1.000000 0.000000 0.000000  -0.000000 -0.000000 1.000000
2451545.198735  1.2037320386e+00  1.000000 0.000000 0.000000  -0.000000 -0.000000 1.000000
2451545.199402  1.2041632625e+00  1.000000 0.000000 0.000000  -0.000000 -0.000000 1.000000
2451545.200069  1.2062059349e+00  1.000000 0.000000 0.000000  -0.000000 -0.000000 1.000000
2451545.200736  1.2094727066e+00  1.000000 0.000000 0.000000  -0.000000 -0.000000 1.000000
2451545.201403  1.2108209081e+00  1.000000 0.000000 0.000000  -0.000000 -0.000000 1.000000
2451545.202069  1.2097829622e+00  1.000000 0.000000 0.000000  -0.000000 -0.000000 1.000000
2451545.202736  1.2121264886e+00  1.000000 0.000000 0.000000  -0.000000 -0.000000 1.000000
2451545.203403  1.2115040971e+00  1.000000 0.000000 0.000000  -0.000000 -0.000000 1.000000
2451545.204070  1.2130528678e+00  1.000000 0.000000 0.000000  -0.000000 -0.000000 1.000000
2451545.204737  1.2133248898e+00  1.000000 0.000000 0.000000  -0.000000 -0.000000 1.000000
2451545.205404  1.2131581666e+00  1.000000 0.000000 0.000000  -0.000000 -0.000000 1.000000
2451545.206071  1.2118858055e+00  1.000000 0.000000 0.000000  -0.000000 -0.000000 1.000000
2451545.206738  1.2085814270e+00  1.000000 0.000000 0.000000  -0.000000 -0.000000 1.000000
2451545.207405  1.2092213683e+00  1.000000 0.000000 0.000000  -0.000000 -0.000000 1.000000
2451545.208072  1.2047536882e+00  1.000000 0.000000 0.000000  -0.000000 -0.000000 1.000000
2451545.208738  1.2024151761e+00  1.000000 0.000000 0.000000  -0.000000 -0.000000 1.000000
2451545.209405  1.1988331346e+00  1.000000 0.000000 0.000000  -0.000000 -0.000000 1.000000
2451545.210072  1.1950918912e+00  1.000000 0.000000 0.000000  -0.000000 -0.000000 1.000000
2451545.210739  1.1891650698e+00  1.000000 0.000000 0.000000  -0.000000 -0.000000 1.000000
2451545.211406  1.1837515803e+00  1.000000 0.000000 0.000000  -0.000000 -0.000000 1.000000
2451545.212073  1.1753934835e+00  1.000000 0.000000 0.000000  -0.000000 -0.000000 1.000000
2451545.212740  1.1669852444e+00  1.000000 0.000000 0.000000  -0.000000 -0.000000 1.000000
2451545.213407  1.1602473711e+00  1.000000 0.000000 0.000000  -0.000000 -0.000000 1.000000
2451545.214074  1.1461122530e+00  1.000000 0.000000 0.000000  -0.000000 -0.000000 1.000000
2451545.214740  1.1386021880e+00  1.000000 0.000000 0.000000  -0.000000 -0.000000 1.000000
2451545.215407  1.1248437641e+00  1.000000 0.000000 0.000000  -0.000000 -0.000000 1.000000
2451545.216074  1.1101746304e+00  1.000000 0.000000 0.000000  -0.000000 -0.000000 1.000000
2451545.216741  1.1025454774e+00  1.000000 0.000000 0.000000  -0.000000 -0.000000 1.000000
2451545.217408  1.0974215598e+00  1.000000 0.000000 0.000000  -0.000000 -0.000000 1.000000
2451545.218075  1.0966813339e+00  1.000000 0.000000 0.000000  -0.000000 -0.000000 1.000000
2451545.218742  1.0997331204e+00  1.000000 0.000000 0.000000  -0.000000 -0.000000 1.000000
2451545.219409  1.1034355035e+00  1.000000 0.000000 0.000000  -0.000000 -0.000000 1.000000
2451545.220076  1.1051209120e+00  1.000000 0.000000 0.000000  -0.000000 -0.000000 1.000000
2451545.220743  1.1053891734e+00  1.000000 0.000000 0.000000  -0.000000 -0.000000 1.000000
2451545.221409  1.1072387979e+00  1.000000 0.000000 0.000000  -0.000000 -0.000000 1.000000
2451545.222076  1.1084027264e+00  1.000000 0.000000 0.000000  -0.000000 -0.000000 1.000000
2451545.222743  1.1064252389e+00  1.000000 0.000000 0.000000  -0.000000 -0.000000 1.000000
2451545.223410  1.1055884891e+00  1.000000 0.000000 0.000000  -0.000000 -0.000000 1.000000
2451545.224077  1.1050814249e+00  1.000000 0.000000 0.000000  -0.000000 -0.000000 1.000000
2451545.224744  1.1008644564e+00  1.000000 0.000000 0.000000  -0.000000 -0.000000 1.000000
2451545.225411  1.0996340894e+00  1.000000 0.000000 0.000000  -0.000000 -0.000000 1.000000
2451545.226078  1.0960338713e+00  1.000000 0.000000 0.000000  -0.000000 -0.000000 1.000000
2451545.226745  1.0902643714e+00  1.000000 0.000000 0.000000  -0.000000 -0.000000 1.000000
2451545.227411  1.0850740152e+00  1.000000 0.000000 0.000000  -0.000000 -0.000000 1.000000
2451545.228078  1.0728530799e+00  1.000000 0.000000 0.000000  -0.000000 -0.000000 1.000000
2451545.228745  1.0625400597e+00  1.000000 0.000000 0.000000  -0.000000 -0.000000 1.000000
2451545.229412  1.0509803762e+00  1.000000 0.000000 0.000000  -0.000000 -0.000000 1.000000
2451545.230079  1.0292888115e+00  1.000000 0.000000 0.000000  -0.000000 -0.000000 1.000000
2451545.230746  1.0121852685e+00  1.000000 0.000000 0.000000  -0.000000 -0.000000 1.000000
2451545.231413  9.9090048335e-01  1.000000 0.000000 0.000000  -0.000000 -0.000000 1.000000
2451545.232080  9.5488702050e-01  1.000000 0.000000 0.000000  -0.000000 -0.000000 1.000000
2451545.232747  9.2467251616e-01  1.000000 0.000000 0.000000  -0.000000 -0.000000 1.000000
2451545.233414  8.9062901944e-01  1.000000 0.000000 0.000000  -0.000000 -0.000000 1.000000
2451545.234080  8.4287724108e-01  1.000000 0.000000 0.000000  -0.000000 -0.000000 1.000000
2451545.234747  8.0672463331e-01  1.000000 0.000000 0.000000  -0.000000 -0.000000 1.000000
2451545.235414  7.6670166575e-01  1.000000 0.000000 0.000000  -0.000000 -0.000000 1.000000
2451545.236081  7.0545659093e-01  1.000000 0.000000 0.000000  -0.000000 -0.000000 1.000000
2451545.236748  6.6865025275e-01  1.000000 0.000000 0.000000  -0.000000 -0.000000 1.000000
2451545.237415  6.3609222206e-01  1.000000 0.000000 0.000000  -0.000000 -0.000000 1.000000
2451545.238082  6.2210502381e-01  1.000000 0.000000 0.000000  -0.000000 -0.000000 1.000000
2451545.238749  6.1522988590e-01  1.000000 0.000000 0.000000  -0.000000 -0.000000 1.000000
2451545.239416  6.0344080130e-01  1.000000 0.000000 0.000000  -0.000000 -0.000000 1.000000
360  1
2451545.000000  5.7868135885e-01  1.000000 0.000000 0.000000  -0.000000 -0.000000 -1.000000
2451545.000667  5.7186872698e-01  1.000000 0.000000 0.000000  -0.000000 -0.000000 -1.000000
2451545.001334  5.7048712902e-01  1.000000 0.000000 0.000000  -0.000000 -0.000000 -1.000000
2451545.002001  5.7189566013e-01  1.000000 0.000000 0.000000  -0.000000 -0.000000 -1.000000
2451545.002668  5.7598294808e-01  1.000000 0.000000 0.000000  -0.000000 -0.000000 -1.000000
2451545.003334  5.8288001903e-01  1.000000 0.000000 0.000000  -0.000000 -0.000000 -1.000000
2451545.004001  5.9287367466e-01  1.000000 0.000000 0.000000  -0.000000 -0.000000 -1.000000
2451545.004668  5.9831417158e-01  1.000000 0.000000 0.000000  -0.000000 -0.000000 -1.000000
2451545.005335  6.0377432242e-01  1.000000 0.000000 0.000000  -0.000000 -0.000000 -1.000000
2451545.006002  6.0998277815e-01  1.000000 0.000000 0.000000  -0.000000 -0.000000 -1.000000
2451545.006669  6.1504257131e-01  1.000000 0.000000 0.000000  -0.000000 -0.000000 -1.000000
2451545.007336  6.1872513405e-01  1.000000 0.000000 0.000000  -0.000000 -0.000000 -1.000000
2451545.008003  6.2456962826e-01  1.000000 0.000000 0.000000  -0.000000 -0.000000 -1.000000
2451545.008670  6.3071111508e-01  1.000000 0.000000 0.000000  -0.000000 -0.000000 -1.000000
2451545.009337  6.3476346273e-01  1.000000 0.000000 0.000000  -0.000000 -0.000000 -1.000000
2451545.010003  6.4492308481e-01  1.000000 0.000000 0.000000  -0.000000 -0.000000 -1.000000
2451545.010670  6.5024056273e-01  1.000000 0.000000 0.000000  -0.000000 -0.000000 -1.000000
2451545.011337  6.5758166674e-01  1.000000 0.000000 0.000000  -0.000000 -0.000000 -1.000000
2451545.012004  6.6871743364e-01  1.000000 0.000000 0.000000  -0.000000 -0.000000 -1.000000
2451545.012671  6.7885740181e-01  1.000000 0.000000 0.000000  -0.000000 -0.000000 -1.000000
2451545.013338  6.9014821632e-01  1.000000 0.000000 0.000000  -0.000000 -0.000000 -1.000000
2451545.014005  7.4059037236e-01  1.000000 0.000000 0.000000  -0.000000 -0.000000 -1.000000
2451545.014672  7.4083422658e-01  1.000000 0.000000 0.000000  -0.000000 -0.000000 -1.000000
2451545.015339  7.4115378481e-01  1.000000 0.000000 0.000000  -0.000000 -0.000000 -1.000000
2451545.016006  7.4043532475e-01  1.000000 0.000000 0.000000  -0.000000 -0.000000 -1.000000
2451545.016672  7.4197124240e-01  1.000000 0.000000 0.000000  -0.000000 -0.000000 -1.000000
2451545.017339  7.4516027330e-01  1.000000 0.000000 0.000000  -0.000000 -0.000000 -1.000000
2451545.018006  7.5095454082e-01  1.000000 0.000000 0.000000  -0.000000 -0.000000 -1.000000
2451545.018673  7.5708219710e-01  1.000000 0.000000 0.000000  -0.000000 -0.000000 -1.000000
2451545.019340  7.6402731097e-01  1.000000 0.000000 0.000000  -0.000000 -0.000000 -1.000000
2451545.020007  7.7580728978e-01  1.000000 0.000000 0.000000  -0.000000 -0.000000 -1.000000
2451545.020674  7.8170565030e-01  1.000000 0.000000 0.000000  -0.000000 -0.000000 -1.000000
2451545.021341  7.8836032287e-01  1.000000 0.000000 0.000000  -0.000000 -0.000000 -1.000000
2451545.022008  8.0029898890e-01  1.000000 0.000000 0.000000  -0.000000 -0.000000 -1.000000
2451545.022674  8.1146314480e-01  1.000000 0.000000 0.000000  -0.000000 -0.000000 -1.000000
2451545.023341  8.2079439045e-01  1.000000 0.000000 0.000000  -0.000000 -0.000000 -1.000000
2451545.024008  8.3415760190e-01  1.000000 0.000000 0.000000  -0.000000 -0.000000 -1.000000
2451545.024675  8.4740216189e-01  1.000000 0.000000 0.000000  -0.000000 -0.000000 -1.000000
2451545.025342  8.6228236498e-01  1.000000 0.000000 0.000000  -0.000000 -0.000000 -1.000000
2451545.026009  8.9580686130e-01  1.000000 0.000000 0.000000  -0.000000 -0.000000 -1.000000
2451545.026676  9.1782507788e-01  1.000000 0.000000 0.000000  -0.000000 -0.000000 -1.000000
2451545.027343  9.3908407071e-01  1.000000 0.000000 0.000000  -0.000000 -0.000000 -1.000000
2451545.028010  9.6786032493e-01  1.000000 0.000000 0.000000  -0.000000 -0.000000 -1.000000
2451545.028677  9.8094910939e-01  1.000000 0.000000 0.000000  -0.000000 -0.000000 -1.000000
2451545.029343  9.9179589084e-01  1.000000 0.000000 0.000000  -0.000000 -0.000000 -1.000000
2451545.030010  1.0075656159e+00  1.000000 0.000000 0.000000  -0.000000 -0.000000 -1.000000
2451545.030677  1.0168510024e+00  1.000000 0.000000 0.000000  -0.000000 -0.000000 -1.000000
2451545.031344  1.0270987032e+00  1.000000 0.000000 0.000000  -0.000000 -0.000000 -1.000000
2451545.032011  1.0405550888e+00  1.000000 0.000000 0.000000  -0.000000 -0.000000 -1.000000
2451545.032678  1.0488679701e+00  1.000000 0.000000 0.000000  -0.000000 -0.000000 -1.000000
2451545.033345  1.0595866371e+00  1.000000 0.000000 0.000000  -0.000000 -0.000000 -1.000000
2451545.034012  1.0741130696e+00  1.000000 0.000000 0.000000  -0.000000 -0.000000 -1.000000
2451545.034679  1.0832783487e+00  1.000000 0.000000 0.000000  -0.000000 -0.000000 -1.000000
2451545.035345  1.0984904848e+00  1.000000 0.000000 0.000000  -0.000000 -0.000000 -1.000000
2451545.036012  1.1094086027e+00  1.000000 0.000000 0.000000  -0.000000 -0.000000 -1.000000
2451545.036679  1.1199503843e+00  1.000000 0.000000 0.000000  -0.000000 -0.000000 -1.000000
2451545.037346  1.1352920907e+00  1.000000 0.000000 0.000000  -0.000000 -0.000000 -1.000000
2451545.038013  1.1432533851e+00  1.000000 0.000000 0.000000  -0.000000 -0.000000 -1.000000
2451545.038680  1.1527149290e+00  1.000000 0.000000 0.000000  -0.000000 -0.000000 -1.000000
2451545.039347  1.1649338454e+00  1.000000 0.000000 0.000000  -0.000000 -0.000000 -1.000000
2451545.040014  1.1741471675e+00  1.000000 0.000000 0.000000  -0.000000 -0.000000 -1.000000
2451545.040681  1.1803556233e+00  1.000000 0.000000 0.000000  -0.000000 -0.000000 -1.000000
2451545.041348  1.1917541704e+00  1.000000 0.000000 0.000000  -0.000000 -0.000000 -1.000000
2451545.042014  1.1964252526e+00  1.000000 0.000000 0.000000  -0.000000 -0.000000 -1.000000
2451545.042681  1.2042125735e+00  1.000000 0.000000 0.000000  -0.000000 -0.000000 -1.000000
2451545.043348  1.2103351343e+00  1.000000 0.000000 0.000000  -0.000000 -0.000000 -1.000000
2451545.044015  1.2135882224e+00  1.000000 0.000000 0.000000  -0.000000 -0.000000 -1.000000
2451545.044682  1.2155172185e+00  1.000000 0.000000 0.000000  -0.000000 -0.000000 -1.000000
2451545.045349  1.2186953306e+00  1.000000 0.000000 0.000000  -0.000000 -0.000000 -1.000000
2451545.046016  1.2209264147e+00  1.000000 0.000000 0.000000  -0.000000 -0.000000 -1.000000
2451545.046683  1.2193380866e+00  1.000000 0.000000 0.000000  -0.000000 -0.000000 -1.000000
2451545.047350  1.2202436229e+00  1.000000 0.000000 0.000000  -0.000000 -0.000000 -1.000000
2451545.048017  1.2186560227e+00  1.000000 0.000000 0.000000  -0.000000 -0.000000 -1.000000
2451545.048683  1.2195732058e+00  1.000000 0.000000 0.000000  -0.000000 -0.000000 -1.000000
2451545.049350  1.2173887087e+00  1.000000 0.000000 0.000000  -0.000000 -0.000000 -1.000000
2451545.050017  1.2171390311e+00  1.000000 0.000000 0.000000  -0.000000 -0.000000 -1.000000
2451545.050684  1.2152711805e+00  1.000000 0.000000 0.000000  -0.000000 -0.000000 -1.000000
2451545.051351  1.2137316233e+00  1.000000 0.000000 0.000000  -0.000000 -0.000000 -1.000000
2451545.052018  1.2067268197e+00  1.000000 0.000000 0.000000  -0.000000 -0.000000 -1.000000
2451545.052685  1.2031774669e+00  1.000000 0.000000 0.000000  -0.000000 -0.000000 -1.000000
2451545.053352  1.1995473146e+00  1.000000 0.000000 0.000000  -0.000000 -0.000000 -1.000000
2451545.054019  1.1965060521e+00  1.000000 0.000000 0.000000  -0.000000 -0.000000 -1.000000
2451545.054685  1.1941191924e+00  1.000000 0.000000 0.000000  -0.000000 -0.000000 -1.000000
2451545.055352  1.1877229325e+00  1.000000 0.000000 0.000000  -0.000000 -0.000000 -1.000000
2451545.056019  1.1834478404e+00  1.000000 0.000000 0.000000  -0.000000 -0.000000 -1.000000
2451545.056686  1.1811956465e+00  1.000000 0.000000 0.000000  -0.000000 -0.000000 -1.000000
2451545.057353  1.1716896993e+00  1.000000 0.000000 0.000000  -0.000000 -0.000000 -1.000000
2451545.058020  1.1684715514e+00  1.000000 0.000000 0.000000  -0.000000 -0.000000 -1.000000
2451545.058687  1.1604935148e+00  1.000000 0.000000 0.000000  -0.000000 -0.000000 -1.000000
2451545.059354  1.1517176744e+00  1.000000 0.000000 0.000000  -0.000000 -0.000000 -1.000000
2451545.060021  1.1452515339e+00  1.000000 0.000000 0.000000  -0.000000 -0.000000 -1.000000
2451545.060688  1.1441268928e+00  1.000000 0.000000 0.000000  -0.000000 -0.000000 -1.000000
2451545.061354  1.1427787793e+00  1.000000 0.000000 0.000000  -0.000000 -0.000000 -1.000000
2451545.062021  1.1421010829e+00  1.000000 0.000000 0.000000  -0.000000 -0.000000 -1.000000
2451545.062688  1.1396952972e+00  1.000000 0.000000 0.000000  -0.000000 -0.000000 -1.000000
2451545.063355  1.1388982215e+00  1.000000 0.000000 0.000000  -0.000000 -0.000000 -1.000000
2451545.064022  1.1400476120e+00  1.000000 0.000000 0.000000  -0.000000 -0.000000 -1.000000
2451545.064689  1.1349914584e+00  1.000000 0.000000 0.000000  -0.000000 -0.000000 -1.000000
2451545.065356  1.1339490726e+00  1.000000 0.000000 0.000000  -0.000000 -0.000000 -1.000000
2451545.066023  1.1312441106e+00  1.000000 0.000000 0.000000  -0.000000 -0.000000 -1.000000
2451545.066690  1.1302068202e+00  1.000000 0.000000 0.000000  -0.000000 -0.000000 -1.000000
2451545.067356  1.1242465862e+00  1.000000 0.000000 0.000000  -0.000000 -0.000000 -1.000000
2451545.068023  1.1202269951e+00  1.000000 0.000000 0.000000  -0.000000 -0.000000 -1.000000
2451545.068690  1.1087076128e+00  1.000000 0.000000 0.000000  -0.000000 -0.000000 -1.000000
2451545.069357  1.0992140403e+00  1.000000 0.000000 0.000000  -0.000000 -0.000000 -1.000000
2451545.070024  1.0904367441e+00  1.000000 0.000000 0.000000  -0.000000 -0.000000 -1.000000
2451545.070691  1.0743314465e+00  1.000000 0.000000 0.000000  -0.000000 -0.000000 -1.000000
2451545.071358  1.0626388184e+00  1.000000 0.000000 0.000000  -0.000000 -0.000000 -1.000000
2451545.072025  1.0500537567e+00  1.000000 0.000000 0.000000  -0.000000 -0.000000 -1.000000
2451545.072692  1.0301436053e+00  1.000000 0.000000 0.000000  -0.000000 -0.000000 -1.000000
2451545.073359  1.0267624027e+00  1.000000 0.000000 0.000000  -0.000000 -0.000000 -1.000000
2451545.074025  1.0263591334e+00  1.000000 0.000000 0.000000  -0.000000 -0.000000 -1.000000
2451545.074692  1.0367385882e+00  1.000000 0.000000 0.000000  -0.000000 -0.000000 -1.000000
2451545.075359  1.0447777704e+00  1.000000 0.000000 0.000000  -0.000000 -0.000000 -1.000000
2451545.076026  1.0533068449e+00  1.000000 0.000000 0.000000  -0.000000 -0.000000 -1.000000
2451545.076693  1.0606224716e+00  1.000000 0.000000 0.000000  -0.000000 -0.000000 -1.000000
2451545.077360  1.0653823604e+00  1.000000 0.000000 0.000000  -0.000000 -0.000000 -1.000000
2451545.078027  1.0714641576e+00  1.000000 0.000000 0.000000  -0.000000 -0.000000 -1.000000
2451545.078694  1.0765756332e+00  1.000000 0.000000 0.000000  -0.000000 -0.000000 -1.000000
2451545.079361  1.0818465241e+00  1.000000 0.000000 0.000000  -0.000000 -0.000000 -1.000000
2451545.080028  1.0845180017e+00  1.000000 0.000000 0.000000  -0.000000 -0.000000 -1.000000
2451545.080694  1.0894212914e+00  1.000000 0.000000 0.000000  -0.000000 -0.000000 -1.000000
2451545.081361  1.0909026148e+00  1.000000 0.000000 0.000000  -0.000000 -0.000000 -1.000000
2451545.082028  1.0928054057e+00  1.000000 0.000000 0.000000  -0.000000 -0.000000 -1.000000
2451545.082695  1.0959624080e+00  1.000000 0.000000 0.000000  -0.000000 -0.000000 -1.000000
2451545.083362  1.0950219314e+00  1.000000 0.000000 0.000000  -0.000000 -0.000000 -1.000000
2451545.084029  1.0930150475e+00  1.000000 0.000000 0.000000  -0.000000 -0.000000 -1.000000
2451545.084696  1.0912956933e+00  1.000000 0.000000 0.000000  -0.000000 -0.000000 -1.000000
2451545.085363  1.0912156217e+00  1.000000 0.000000 0.000000  -0.000000 -0.000000 -1.000000
2451545.086030  1.0895217448e+00  1.000000 0.000000 0.000000  -0.000000 -0.000000 -1.000000
2451545.086696  1.0867585489e+00  1.000000 0.000000 0.000000  -0.000000 -0.000000 -1.000000
2451545.087363  1.0855006978e+00  1.000000 0.000000 0.000000  -0.000000 -0.000000 -1.000000
2451545.088030  1.0851964260e+00  1.000000 0.000000 0.000000  -0.000000 -0.000000 -1.000000
2451545.088697  1.0794778625e+00  1.000000 0.000000 0.000000  -0.000000 -0.000000 -1.000000
2451545.089364  1.0770575183e+00  1.000000 0.000000 0.000000  -0.000000 -0.000000 -1.000000
2451545.090031  1.0750913981e+00  1.000000 0.000000 0.000000  -0.000000 -0.000000 -1.000000
2451545.090698  1.0700454355e+00  1.000000 0.000000 0.000000  -0.000000 -0.000000 -1.000000
2451545.091365  1.0670886121e+00  1.000000 0.000000 0.000000  -0.000000 -0.000000 -1.000000
2451545.092032  1.0640560846e+00  1.000000 0.000000 0.000000  -0.000000 -0.000000 -1.000000
2451545.092699  1.0605525910e+00  1.000000 0.000000 0.000000  -0.000000 -0.000000 -1.000000
2451545.093365  1.0562927852e+00  1.000000 0.000000 0.000000  -0.000000 -0.000000 -1.000000
2451545.094032  1.0568714841e+00  1.000000 0.000000 0.000000  -0.000000 -0.000000 -1.000000
2451545.094699  1.0579444426e+00  1.000000 0.000000 0.000000  -0.000000 -0.000000 -1.000000
2451545.095366  1.0583280581e+00  1.000000 0.000000 0.000000  -0.000000 -0.000000 -1.000000
2451545.096033  1.0582516262e+00  1.000000 0.000000 0.000000  -0.000000 -0.000000 -1.000000
2451545.096700  1.0595167564e+00  1.000000 0.000000 0.000000  -0.000000 -0.000000 -1.000000
2451545.097367  1.0596441430e+00  1.000000 0.000000 0.000000  -0.000000 -0.000000 -1.000000
2451545.098034  1.0607658724e+00  1.000000 0.000000 0.000000  -0.000000 -0.000000 -1.000000
2451545.098701  1.0600685221e+00  1.000000 0.000000 0.000000  -0.000000 -0.000000 -1.000000
2451545.099367  1.0568066989e+00  1.000000 0.000000 0.000000  -0.000000 -0.000000 -1.000000
2451545.100034  1.0564318185e+00  1.000000 0.000000 0.000000  -0.000000 -0.000000 -1.000000
2451545.100701  1.0540908180e+00  1.000000 0.000000 0.000000  -0.000000 -0.000000 -1.000000
2451545.101368  1.0494546761e+00  1.000000 0.000000 0.000000  -0.000000 -0.000000 -1.000000
2451545.102035  1.0401212466e+00  1.000000 0.000000 0.000000  -0.000000 -0.000000 -1.000000
2451545.102702  1.0284497284e+00  1.000000 0.000000 0.000000  -0.000000 -0.000000 -1.000000
2451545.103369  1.0183061206e+00  1.000000 0.000000 0.000000  -0.000000 -0.000000 -1.000000
2451545.104036  9.9977028791e-01  1.000000 0.000000 0.000000  -0.000000 -0.000000 -1.000000
2451545.104703  9.8494613489e-01  1.000000 0.000000 0.000000  -0.000000 -0.000000 -1.000000
2451545.105370  9.7134052506e-01  1.000000 0.000000 0.000000  -0.000000 -0.000000 -1.000000
2451545.106036  9.5403197065e-01  1.000000 0.000000 0.000000  -0.000000 -0.000000 -1.000000
2451545.106703  9.4205399677e-01  1.000000 0.000000 0.000000  -0.000000 -0.000000 -1.000000
2451545.107370  9.2964436453e-01  1.000000 0.000000 0.000000  -0.000000 -0.000000 -1.000000
2451545.108037  9.1567916071e-01  1.000000 0.000000 0.000000  -0.000000 -0.000000 -1.000000
2451545.108704  9.0857899923e-01  1.000000 0.000000 0.000000  -0.000000 -0.000000 -1.000000
2451545.109371  9.0161495936e-01  1.000000 0.000000 0.000000  -0.000000 -0.000000 -1.000000
2451545.110038  8.9272993054e-01  1.000000 0.000000 0.000000  -0.000000 -0.000000 -1.000000
2451545.110705  8.9045662684e-01  1.000000 0.000000 0.000000  -0.000000 -0.000000 -1.000000
2451545.111372  8.8623248935e-01  1.000000 0.000000 0.000000  -0.000000 -0.000000 -1.000000
2451545.112039  8.8024532222e-01  1.000000 0.000000 0.000000  -0.000000 -0.000000 -1.000000
2451545.112705  8.7365834649e-01  1.000000 0.000000 0.000000  -0.000000 -0.000000 -1.000000
2451545.113372  8.6701677654e-01  1.000000 0.000000 0.000000  -0.000000 -0.000000 -1.000000
2451545.114039  8.5552068772e-01  1.000000 0.000000 0.000000  -0.000000 -0.000000 -1.000000
2451545.114706  8.4503859573e-01  1.000000 0.000000 0.000000  -0.000000 -0.000000 -1.000000
2451545.115373  8.3319019215e-01  1.000000 0.000000 0.000000  -0.000000 -0.000000 -1.000000
2451545.116040  8.1178270302e-01  1.000000 0.000000 0.000000  -0.000000 -0.000000 -1.000000
2451545.116707  7.9244397121e-01  1.000000 0.000000 0.000000  -0.000000 -0.000000 -1.000000
2451545.117374  7.7492868665e-01  1.000000 0.000000 0.000000  -0.000000 -0.000000 -1.000000
2451545.118041  7.4343946320e-01  1.000000 0.000000 0.000000  -0.000000 -0.000000 -1.000000
2451545.118707  7.1961526952e-01  1.000000 0.000000 0.000000  -0.000000 -0.000000 -1.000000
2451545.119374  6.9598615922e-01  1.000000 0.000000 0.000000  -0.000000 -0.000000 -1.000000
2451545.120041  6.5996707060e-01  1.000000 0.000000 0.000000  -0.000000 -0.000000 -1.000000
2451545.120708  6.3129927691e-01  1.000000 0.000000 0.000000  -0.000000 -0.000000 -1.000000
2451545.121375  6.0317669759e-01  1.000000 0.000000 0.000000  -0.000000 -0.000000 -1.000000
2451545.122042  5.9095268572e-01  1.000000 0.000000 0.000000  -0.000000 -0.000000 -1.000000
2451545.122709  5.9632402994e-01  1.000000 0.000000 0.000000  -0.000000 -0.000000 -1.000000
2451545.123376  5.9974526830e-01  1.000000 0.000000 0.000000  -0.000000 -0.000000 -1.000000
2451545.124043  6.1256981669e-01  1.000000 0.000000 0.000000  -0.000000 -0.000000 -1.000000
2451545.124710  6.1784653092e-01  1.000000 0.000000 0.000000  -0.000000 -0.000000 -1.000000
2451545.125376  6.2225483294e-01  1.000000 0.000000 0.000000  -0.000000 -0.000000 -1.000000
2451545.126043  6.2849604522e-01  1.000000 0.000000 0.000000  -0.000000 -0.000000 -1.000000
2451545.126710  6.3080064961e-01  1.000000 0.000000 0.000000  -0.000000 -0.000000 -1.000000
2451545.127377  6.3599074100e-01  1.000000 0.000000 0.000000  -0.000000 -0.000000 -1.000000
2451545.128044  6.4779983673e-01  1.000000 0.000000 0.000000  -0.000000 -0.000000 -1.000000
2451545.128711  6.6046788166e-01  1.000000 0.000000 0.000000  -0.000000 -0.000000 -1.000000
2451545.129378  6.7666489756e-01  1.000000 0.000000 0.000000  -0.000000 -0.000000 -1.000000
2451545.130045  7.1107964377e-01  1.000000 0.000000 0.000000  -0.000000 -0.000000 -1.000000
2451545.130712  7.3982386938e-01  1.000000 0.000000 0.000000  -0.000000 -0.000000 -1.000000
2451545.131378  7.7029691225e-01  1.000000 0.000000 0.000000  -0.000000 -0.000000 -1.000000
2451545.132045  8.1935019110e-01  1.000000 0.000000 0.000000  -0.000000 -0.000000 -1.000000
2451545.132712  8.5245030828e-01  1.000000 0.000000 0.000000  -0.000000 -0.000000 -1.000000
2451545.133379  8.8420012818e-01  1.000000 0.000000 0.000000  -0.000000 -0.000000 -1.000000
2451545.134046  9.1685985191e-01  1.000000 0.000000 0.000000  -0.000000 -0.000000 -1.000000
2451545.134713  9.3559804720e-01  1.000000 0.000000 0.000000  -0.000000 -0.000000 -1.000000
2451545.135380  9.4477715692e-01  1.000000 0.000000 0.000000  -0.000000 -0.000000 -1.000000
2451545.136047  9.5950740787e-01  1.000000 0.000000 0.000000  -0.000000 -0.000000 -1.000000
2451545.136714  9.7002662395e-01  1.000000 0.000000 0.000000  -0.000000 -0.000000 -1.000000
2451545.137381  9.8197620882e-01  1.000000 0.000000 0.000000  -0.000000 -0.000000 -1.000000
2451545.138047  9.8780323288e-01  1.000000 0.000000 0.000000  -0.000000 -0.000000 -1.000000
2451545.138714  9.9438656899e-01  1.000000 0.000000 0.000000  -0.000000 -0.000000 -1.000000
2451545.139381  1.0007449769e+00  1.000000 0.000000 0.000000  -0.000000 -0.000000 -1.000000
2451545.140048  1.0043219908e+00  1.000000 0.000000 0.000000  -0.000000 -0.000000 -1.000000
2451545.140715  1.0085352094e+00  1.000000 0.000000 0.000000  -0.000000 -0.000000 -1.000000
2451545.141382  1.0119797413e+00  1.000000 0.000000 0.000000  -0.000000 -0.000000 -1.000000
2451545.142049  1.0123080346e+00  1.000000 0.000000 0.000000  -0.000000 -0.000000 -1.000000
2451545.142716  1.0124718173e+00  1.000000 0.000000 0.000000  -0.000000 -0.000000 -1.000000
2451545.143383  1.0216174426e+00  1.000000 0.000000 0.000000  -0.000000 -0.000000 -1.000000
2451545.144050  1.0303910992e+00  1.000000 0.000000 0.000000  -0.000000 -0.000000 -1.000000
2451545.144716  1.0396670227e+00  1.000000 0.000000 0.000000  -0.000000 -0.000000 -1.000000
2451545.145383  1.0603131043e+00  1.000000 0.000000 0.000000  -0.000000 -0.000000 -1.000000
2451545.146050  1.0733997050e+00  1.000000 0.000000 0.000000  -0.000000 -0.000000 -1.000000
2451545.146717  1.0858035138e+00  1.000000 0.000000 0.000000  -0.000000 -0.000000 -1.000000
2451545.147384  1.1028558393e+00  1.000000 0.000000 0.000000  -0.000000 -0.000000 -1.000000
2451545.148051  1.1108513462e+00  1.000000 0.000000 0.000000  -0.000000 -0.000000 -1.000000
2451545.148718  1.1185331182e+00  1.000000 0.000000 0.000000  -0.000000 -0.000000 -1.000000
2451545.149385  1.1211580087e+00  1.000000 0.000000 0.000000  -0.000000 -0.000000 -1.000000
2451545.150052  1.1204082480e+00  1.000000 0.000000 0.000000  -0.000000 -0.000000 -1.000000
2451545.150718  1.1213116005e+00  1.000000 0.000000 0.000000  -0.000000 -0.000000 -1.000000
2451545.151385  1.1211878535e+00  1.000000 0.000000 0.000000  -0.000000 -0.000000 -1.000000
2451545.152052  1.1213734739e+00  1.000000 0.000000 0.000000  -0.000000 -0.000000 -1.000000
2451545.152719  1.1206266249e+00  1.000000 0.000000 0.000000  -0.000000 -0.000000 -1.000000
2451545.153386  1.1173684413e+00  1.000000 0.000000 0.000000  -0.000000 -0.000000 -1.000000
2451545.154053  1.1171806371e+00  1.000000 0.000000 0.000000  -0.000000 -0.000000 -1.000000
2451545.154720  1.1146350902e+00  1.000000 0.000000 0.000000  -0.000000 -0.000000 -1.000000
2451545.155387  1.1131763324e+00  1.000000 0.000000 0.000000  -0.000000 -0.000000 -1.000000
2451545.156054  1.1157262469e+00  1.000000 0.000000 0.000000  -0.000000 -0.000000 -1.000000
2451545.156721  1.1175795390e+00  1.000000 0.000000 0.000000  -0.000000 -0.000000 -1.000000
2451545.157387  1.1188519485e+00  1.000000 0.000000 0.000000  -0.000000 -0.000000 -1.000000
2451545.158054  1.1204985104e+00  1.000000 0.000000 0.000000  -0.000000 -0.000000 -1.000000
2451545.158721  1.1209418156e+00  1.000000 0.000000 0.000000  -0.000000 -0.000000 -1.000000
2451545.159388  1.1187078197e+00  1.000000 0.000000 0.000000  -0.000000 -0.000000 -1.000000
2451545.160055  1.1170466993e+00  1.000000 0.000000 0.000000  -0.000000 -0.000000 -1.000000
2451545.160722  1.1121616077e+00  1.000000 0.000000 0.000000  -0.000000 -0.000000 -1.000000
2451545.161389  1.1046305157e+00  1.000000 0.000000 0.000000  -0.000000 -0.000000 -1.000000
2451545.162056  1.0983689216e+00  1.000000 0.000000 0.000000  -0.000000 -0.000000 -1.000000
2451545.162723  1.0915300845e+00  1.000000 0.000000 0.000000  -0.000000 -0.000000 -1.000000
2451545.163389  1.0803470026e+00  1.000000 0.000000 0.000000  -0.000000 -0.000000 -1.000000
2451545.164056  1.0721804338e+00  1.000000 0.000000 0.000000  -0.000000 -0.000000 -1.000000
2451545.164723  1.0630901307e+00  1.000000 0.000000 0.000000  -0.000000 -0.000000 -1.000000
2451545.165390  1.0469426136e+00  1.000000 0.000000 0.000000  -0.000000 -0.000000 -1.000000
2451545.166057  1.0358497941e+00  1.000000 0.000000 0.000000  -0.000000 -0.000000 -1.000000
2451545.166724  1.0226780265e+00  1.000000 0.000000 0.000000  -0.000000 -0.000000 -1.000000
2451545.167391  1.0034659533e+00  1.000000 0.000000 0.000000  -0.000000 -0.000000 -1.000000
2451545.168058  9.8970893544e-01  1.000000 0.000000 0.000000  -0.000000 -0.000000 -1.000000
2451545.168725  9.7469042696e-01  1.000000 0.000000 0.000000  -0.000000 -0.000000 -1.000000
2451545.169392  9.6268988747e-01  1.000000 0.000000 0.000000  -0.000000 -0.000000 -1.000000
2451545.170058  9.5787977192e-01  1.000000 0.000000 0.000000  -0.000000 -0.000000 -1.000000
2451545.170725  9.5571420083e-01  1.000000 0.000000 0.000000  -0.000000 -0.000000 -1.000000
2451545.171392  9.5614731505e-01  1.000000 0.000000 0.000000  -0.000000 -0.000000 -1.000000
2451545.172059  9.5648871096e-01  1.000000 0.000000 0.000000  -0.000000 -0.000000 -1.000000
2451545.172726  9.5866884051e-01  1.000000 0.000000 0.000000  -0.000000 -0.000000 -1.000000
2451545.173393  9.6192265657e-01  1.000000 0.000000 0.000000  -0.000000 -0.000000 -1.000000
2451545.174060  9.6587819045e-01  1.000000 0.000000 0.000000  -0.000000 -0.000000 -1.000000
2451545.174727  9.7116873522e-01  1.000000 0.000000 0.000000  -0.000000 -0.000000 -1.000000
2451545.175394  9.7431918620e-01  1.000000 0.000000 0.000000  -0.000000 -0.000000 -1.000000
2451545.176061  9.7819464855e-01  1.000000 0.000000 0.000000  -0.000000 -0.000000 -1.000000
2451545.176727  9.8486387958e-01  1.000000 0.000000 0.000000  -0.000000 -0.000000 -1.000000
2451545.177394  9.8691953429e-01  1.000000 0.000000 0.000000  -0.000000 -0.000000 -1.000000
2451545.178061  9.8932604791e-01  1.000000 0.000000 0.000000  -0.000000 -0.000000 -1.000000
2451545.178728  9.9112547371e-01  1.000000 0.000000 0.000000  -0.000000 -0.000000 -1.000000
2451545.179395  9.9371032847e-01  1.000000 0.000000 0.000000  -0.000000 -0.000000 -1.000000
2451545.180062  9.9626533840e-01  1.000000 0.000000 0.000000  -0.000000 -0.000000 -1.000000
2451545.180729  1.0023267537e+00  1.000000 0.000000 0.000000  -0.000000 -0.000000 -1.000000
2451545.181396  1.0075102938e+00  1.000000 0.000000 0.000000  -0.000000 -0.000000 -1.000000
2451545.182063  1.0140637850e+00  1.000000 0.000000 0.000000  -0.000000 -0.000000 -1.000000
2451545.182729  1.0216443757e+00  1.000000 0.000000 0.000000  -0.000000 -0.000000 -1.000000
2451545.183396  1.0305556098e+00  1.000000 0.000000 0.000000  -0.000000 -0.000000 -1.000000
2451545.184063  1.0371797096e+00  1.000000 0.000000 0.000000  -0.000000 -0.000000 -1.000000
2451545.184730  1.0470139500e+00  1.000000 0.000000 0.000000  -0.000000 -0.000000 -1.000000
2451545.185397  1.0559433822e+00  1.000000 0.000000 0.000000  -0.000000 -0.000000 -1.000000
2451545.186064  1.0626766704e+00  1.000000 0.000000 0.000000  -0.000000 -0.000000 -1.000000
2451545.186731  1.0748009568e+00  1.000000 0.000000 0.000000  -0.000000 -0.000000 -1.000000
2451545.187398  1.0832455922e+00  1.000000 0.000000 0.000000  -0.000000 -0.000000 -1.000000
2451545.188065  1.0908407414e+00  1.000000 0.000000 0.000000  -0.000000 -0.000000 -1.000000
2451545.188732  1.1019430238e+00  1.000000 0.000000 0.000000  -0.000000 -0.000000 -1.000000
2451545.189398  1.1093823974e+00  1.000000 0.000000 0.000000  -0.000000 -0.000000 -1.000000
2451545.190065  1.1189378434e+00  1.000000 0.000000 0.000000  -0.000000 -0.000000 -1.000000
2451545.190732  1.1316204468e+00  1.000000 0.000000 0.000000  -0.000000 -0.000000 -1.000000
2451545.191399  1.1421942571e+00  1.000000 0.000000 0.000000  -0.000000 -0.000000 -1.000000
2451545.192066  1.1510945723e+00  1.000000 0.000000 0.000000  -0.000000 -0.000000 -1.000000
2451545.192733  1.1631424268e+00  1.000000 0.000000 0.000000  -0.000000 -0.000000 -1.000000
2451545.193400  1.1695190327e+00  1.000000 0.000000 0.000000  -0.000000 -0.000000 -1.000000
2451545.194067  1.1770828812e+00  1.000000 0.000000 0.000000  -0.000000 -0.000000 -1.000000
2451545.194734  1.1868974677e+00  1.000000 0.000000 0.000000  -0.000000 -0.000000 -1.000000
2451545.195400  1.1915241467e+00  1.000000 0.000000 0.000000  -0.000000 -0.000000 -1.000000
2451545.196067  1.1963247992e+00  1.000000 0.000000 0.000000  -0.000000 -0.000000 -1.000000
2451545.196734  1.2016495564e+00  1.000000 0.000000 0.000000  -0.000000 -0.000000 -1.000000
2451545.197401  1.2078900407e+00  1.000000 0.000000 0.000000  -0.000000 -0.000000 -1.000000
2451545.198068  1.2151241401e+00  1.000000 0.000000 0.000000  -0.000000 -0.000000 -1.000000
2451545.198735  1.2213027510e+00  1.000000 0.000000 0.000000  -0.000000 -0.000000 -1.000000
2451545.199402  1.2245864119e+00  1.000000 0.000000 0.000000  -0.000000 -0.000000 -1.000000
2451545.200069  1.2297859662e+00  1.000000 0.000000 0.000000  -0.000000 -0.000000 -1.000000
2451545.200736  1.2354535752e+00  1.000000 0.000000 0.000000  -0.000000 -0.000000 -1.000000
2451545.201403  1.2364348154e+00  1.000000 0.000000 0.000000  -0.000000 -0.000000 -1.000000
2451545.202069  1.2359594817e+00  1.000000 0.000000 0.000000  -0.000000 -0.000000 -1.000000
2451545.202736  1.2389614364e+00  1.000000 0.000000 0.000000  -0.000000 -0.000000 -1.000000
2451545.203403  1.2410927951e+00  1.000000 0.000000 0.000000  -0.000000 -0.000000 -1.000000
2451545.204070  1.2410753249e+00  1.000000 0.000000 0.000000  -0.000000 -0.000000 -1.000000
2451545.204737  1.2402010893e+00  1.000000 0.000000 0.000000  -0.000000 -0.000000 -1.000000
2451545.205404  1.2350000791e+00  1.000000 0.000000 0.000000  -0.000000 -0.000000 -1.000000
2451545.206071  1.2310292588e+00  1.000000 0.000000 0.000000  -0.000000 -0.000000 -1.000000
2451545.206738  1.2274340469e+00  1.000000 0.000000 0.000000  -0.000000 -0.000000 -1.000000
2451545.207405  1.2246766743e+00  1.000000 0.000000 0.000000  -0.000000 -0.000000 -1.000000
2451545.208072  1.2188307243e+00  1.000000 0.000000 0.000000  -0.000000 -0.000000 -1.000000
2451545.208738  1.2183859633e+00  1.000000 0.000000 0.000000  -0.000000 -0.000000 -1.000000
2451545.209405  1.2198243392e+00  1.000000 0.000000 0.000000  -0.000000 -0.000000 -1.000000
2451545.210072  1.2161992824e+00  1.000000 0.000000 0.000000  -0.000000 -0.000000 -1.000000
2451545.210739  1.2101502418e+00  1.000000 0.000000 0.000000  -0.000000 -0.000000 -1.000000
2451545.211406  1.1997358467e+00  1.000000 0.000000 0.000000  -0.000000 -0.000000 -1.000000
2451545.212073  1.1881378486e+00  1.000000 0.000000 0.000000  -0.000000 -0.000000 -1.000000
2451545.212740  1.1803687259e+00  1.000000 0.000000 0.000000  -0.000000 -0.000000 -1.000000
2451545.213407  1.1698778988e+00  1.000000 0.000000 0.000000  -0.000000 -0.000000 -1.000000
2451545.214074  1.1556244374e+00  1.000000 0.000000 0.000000  -0.000000 -0.000000 -1.000000
2451545.214740  1.1431325499e+00  1.000000 0.000000 0.000000  -0.000000 -0.000000 -1.000000
2451545.215407  1.1319785849e+00  1.000000 0.000000 0.000000  -0.000000 -0.000000 -1.000000
2451545.216074  1.1151890396e+00  1.000000 0.000000 0.000000  -0.000000 -0.000000 -1.000000
2451545.216741  1.1055942859e+00  1.000000 0.000000 0.000000  -0.000000 -0.000000 -1.000000
2451545.217408  1.0968242689e+00  1.000000 0.000000 0.000000  -0.000000 -0.000000 -1.000000
2451545.218075  1.0950947237e+00  1.000000 0.000000 0.000000  -0.000000 -0.000000 -1.000000
2451545.218742  1.0944672540e+00  1.000000 0.000000 0.000000  -0.000000 -0.000000 -1.000000
2451545.219409  1.0947060128e+00  1.000000 0.000000 0.000000  -0.000000 -0.000000 -1.000000
2451545.220076  1.0937873739e+00  1.000000 0.000000 0.000000  -0.000000 -0.000000 -1.000000
2451545.220743  1.0922813011e+00  1.000000 0.000000 0.000000  -0.000000 -0.000000 -1.000000
2451545.221409  1.0901018995e+00  1.000000 0.000000 0.000000  -0.000000 -0.000000 -1.000000
2451545.222076  1.0867032267e+00  1.000000 0.000000 0.000000  -0.000000 -0.000000 -1.000000
2451545.222743  1.0830141127e+00  1.000000 0.000000 0.000000  -0.000000 -0.000000 -1.000000
2451545.223410  1.0811608206e+00  1.000000 0.000000 0.000000  -0.000000 -0.000000 -1.000000
2451545.224077  1.0787346530e+00  1.000000 0.000000 0.000000  -0.000000 -0.000000 -1.000000
2451545.224744  1.0805872172e+00  1.000000 0.000000 0.000000  -0.000000 -0.000000 -1.000000
2451545.225411  1.0803171578e+00  1.000000 0.000000 0.000000  -0.000000 -0.000000 -1.000000
2451545.226078  1.0799073371e+00  1.000000 0.000000 0.000000  -0.000000 -0.000000 -1.000000
2451545.226745  1.0761869223e+00  1.000000 0.000000 0.000000  -0.000000 -0.000000 -1.000000
2451545.227411  1.0736610293e+00  1.000000 0.000000 0.000000  -0.000000 -0.000000 -1.000000
2451545.228078  1.0635348917e+00  1.000000 0.000000 0.000000  -0.000000 -0.000000 -1.000000
2451545.228745  1.0549250178e+00  1.000000 0.000000 0.000000  -0.000000 -0.000000 -1.000000
2451545.229412  1.0398184306e+00  1.000000 0.000000 0.000000  -0.000000 -0.000000 -1.000000
2451545.230079  1.0138010048e+00  1.000000 0.000000 0.000000  -0.000000 -0.000000 -1.000000
2451545.230746  9.9353708279e-01  1.000000 0.000000 0.000000  -0.000000 -0.000000 -1.000000
2451545.231413  9.6673131627e-01  1.000000 0.000000 0.000000  -0.000000 -0.000000 -1.000000
2451545.232080  9.2050820226e-01  1.000000 0.000000 0.000000  -0.000000 -0.000000 -1.000000
2451545.232747  8.8580738229e-01  1.000000 0.000000 0.000000  -0.000000 -0.000000 -1.000000
2451545.233414  8.4978319820e-01  1.000000 0.000000 0.000000  -0.000000 -0.000000 -1.000000
2451545.234080  7.8987003528e-01  1.000000 0.000000 0.000000  -0.000000 -0.000000 -1.000000
2451545.234747  7.4676825533e-01  1.000000 0.000000 0.000000  -0.000000 -0.000000 -1.000000
2451545.235414  7.0187287297e-01  1.000000 0.000000 0.000000  -0.000000 -0.000000 -1.000000
2451545.236081  6.4610814355e-01  1.000000 0.000000 0.000000  -0.000000 -0.000000 -1.000000
2451545.236748  6.2311742176e-01  1.000000 0.000000 0.000000  -0.000000 -0.000000 -1.000000
2451545.237415  6.1316598568e-01  1.000000 0.000000 0.000000  -0.000000 -0.000000 -1.000000
2451545.238082  6.0060130582e-01  1.000000 0.000000 0.000000  -0.000000 -0.000000 -1.000000
2451545.238749  5.9297194427e-01  1.000000 0.000000 0.000000  -0.000000 -0.000000 -1.000000
2451545.239416  5.8012483027e-01  1.000000 0.000000 0.000000  -0.000000 -0.000000 -1.000000
360  1
2451545.000000  7.2671382589e-01  1.000000 0.000000 0.000000  0.707107 -0.707107 0.000000
2451545.000667  7.2766233265e-01  1.000000 0.000000 0.000000  0.707107 -0.707107 0.000000
2451545.001334  7.2671934215e-01  1.000000 0.000000 0.000000  0.707107 -0.707107 0.000000
2451545.002001  7.2910730300e-01  1.000000 0.000000 0.000000  0.707107 -0.707107 0.000000
2451545.002668  7.3274339074e-01  1.000000 0.000000 0.000000  0.707107 -0.707107 0.000000
2451545.003334  7.4103171977e-01  1.000000 0.000000 0.000000  0.707107 -0.707107 0.000000
2451545.004001  7.5060766051e-01  1.000000 0.000000 0.000000  0.707107 -0.707107 0.000000
2451545.004668  7.5865066104e-01  1.000000 0.000000 0.000000  0.707107 -0.707107 0.000000
2451545.005335  7.6925814281e-01  1.000000 0.000000 0.000000  0.707107 -0.707107 0.000000
2451545.006002  7.8699786119e-01  1.000000 0.000000 0.000000  0.707107 -0.707107 0.000000
2451545.006669  8.0047989619e-01  1.000000 0.000000 0.000000  0.707107 -0.707107 0.000000
2451545.007336  8.1152548530e-01  1.000000 0.000000 0.000000  0.707107 -0.707107 0.000000
2451545.008003  8.1927409162e-01  1.000000 0.000000 0.000000  0.707107 -0.707107 0.000000
2451545.008670  8.1916028243e-01  1.000000 0.000000 0.000000  0.707107 -0.707107 0.000000
2451545.009337  8.2115426603e-01  1.000000 0.000000 0.000000  0.707107 -0.707107 0.000000
2451545.010003  8.2554927530e-01  1.000000 0.000000 0.000000  0.707107 -0.707107 0.000000
2451545.010670  8.2753832330e-01  1.000000 0.000000 0.000000  0.707107 -0.707107 0.000000
2451545.011337  8.2802868997e-01  1.000000 0.000000 0.000000  0.707107 -0.707107 0.000000
2451545.012004  8.2831118066e-01  1.000000 0.000000 0.000000  0.707107 -0.707107 0.000000
2451545.012671  8.2611919228e-01  1.000000 0.000000 0.000000  0.707107 -0.707107 0.000000
2451545.013338  8.2412114407e-01  1.000000 0.000000 0.000000  0.707107 -0.707107 0.000000
2451545.014005  8.1931618941e-01  1.000000 0.000000 0.000000  0.707107 -0.707107 0.000000
2451545.014672  8.1450368619e-01  1.000000 0.000000 0.000000  0.707107 -0.707107 0.000000
2451545.015339  8.0854902638e-01  1.000000 0.000000 0.000000  0.707107 -0.707107 0.000000
2451545.016006  7.9741982235e-01  1.000000 0.000000 0.000000  0.707107 -0.707107 0.000000
2451545.016672  7.9021645498e-01  1.000000 0.000000 0.000000  0.707107 -0.707107 0.000000
2451545.017339  7.8265511124e-01  1.000000 0.000000 0.000000  0.707107 -0.707107 0.000000
2451545.018006  7.6860577223e-01  1.000000 0.000000 0.000000  0.707107 -0.707107 0.000000
2451545.018673  7.5966971789e-01  1.000000 0.000000 0.000000  0.707107 -0.707107 0.000000
2451545.019340  7.4977615658e-01  1.000000 0.000000 0.000000  0.707107 -0.707107 0.000000
2451545.020007  7.3269287339e-01  1.000000 0.000000 0.000000  0.707107 -0.707107 0.000000
2451545.020674  7.2209119822e-01  1.000000 0.000000 0.000000  0.707107 -0.707107 0.000000
2451545.021341  7.1111093327e-01  1.000000 0.000000 0.000000  0.707107 -0.707107 0.000000
2451545.022008  6.9170733603e-01  1.000000 0.000000 0.000000  0.707107 -0.707107 0.000000
2451545.022674  6.7796835934e-01  1.000000 0.000000 0.000000  0.707107 -0.707107 0.000000
2451545.023341  6.6233933705e-01  1.000000 0.000000 0.000000  0.707107 -0.707107 0.000000
2451545.024008  6.3971830734e-01  1.000000 0.000000 0.000000  0.707107 -0.707107 0.000000
2451545.024675  6.2463800797e-01  1.000000 0.000000 0.000000  0.707107 -0.707107 0.000000
2451545.025342  6.1287182083e-01  1.000000 0.000000 0.000000  0.707107 -0.707107 0.000000
2451545.026009  6.0172490669e-01  1.000000 0.000000 0.000000  0.707107 -0.707107 0.000000
2451545.026676  5.9644729547e-01  1.000000 0.000000 0.000000  0.707107 -0.707107 0.000000
2451545.027343  5.9184992647e-01  1.000000 0.000000 0.000000  0.707107 -0.707107 0.000000
2451545.028010  5.8767469669e-01  1.000000 0.000000 0.000000  0.707107 -0.707107 0.000000
2451545.028677  5.8634063224e-01  1.000000 0.000000 0.000000  0.707107 -0.707107 0.000000
2451545.029343  5.8781550654e-01  1.000000 0.000000 0.000000  0.707107 -0.707107 0.000000
2451545.030010  5.9396642916e-01  1.000000 0.000000 0.000000  0.707107 -0.707107 0.000000
2451545.030677  6.0151209510e-01  1.000000 0.000000 0.000000  0.707107 -0.707107 0.000000
2451545.031344  6.1337815562e-01  1.000000 0.000000 0.000000  0.707107 -0.707107 0.000000
2451545.032011  6.4648327703e-01  1.000000 0.000000 0.000000  0.707107 -0.707107 0.000000
2451545.032678  6.7399897324e-01  1.000000 0.000000 0.000000  0.707107 -0.707107 0.000000
2451545.033345  7.0214932993e-01  1.000000 0.000000 0.000000  0.707107 -0.707107 0.000000
2451545.034012  7.4666469440e-01  1.000000 0.000000 0.000000  0.707107 -0.707107 0.000000
2451545.034679  7.7560242493e-01  1.000000 0.000000 0.000000  0.707107 -0.707107 0.000000
2451545.035345  8.1662657613e-01  1.000000 0.000000 0.000000  0.707107 -0.707107 0.000000
2451545.036012  8.4319957217e-01  1.000000 0.000000 0.000000  0.707107 -0.707107 0.000000
2451545.036679  8.6900116250e-01  1.000000 0.000000 0.000000  0.707107 -0.707107 0.000000
2451545.037346  9.0731247405e-01  1.000000 0.000000 0.000000  0.707107 -0.707107 0.000000
2451545.038013  9.3161218943e-01  1.000000 0.000000 0.000000  0.707107 -0.707107 0.000000
2451545.038680  9.5625449373e-01  1.000000 0.000000 0.000000  0.707107 -0.707107 0.000000
2451545.039347  9.9162970217e-01  1.000000 0.000000 0.000000  0.707107 -0.707107 0.000000
2451545.040014  1.0137214610e+00  1.000000 0.000000 0.000000  0.707107 -0.707107 0.000000
2451545.040681  1.0350577823e+00  1.000000 0.000000 0.000000  0.707107 -0.707107 0.000000
2451545.041348  1.0647704025e+00  1.000000 0.000000 0.000000  0.707107 -0.707107 0.000000
2451545.042014  1.0836862461e+00  1.000000 0.000000 0.000000  0.707107 -0.707107 0.000000
2451545.042681  1.1024241176e+00  1.000000 0.000000 0.000000  0.707107 -0.707107 0.000000
2451545.043348  1.1279667339e+00  1.000000 0.000000 0.000000  0.707107 -0.707107 0.000000
2451545.044015  1.1456216761e+00  1.000000 0.000000 0.000000  0.707107 -0.707107 0.000000
2451545.044682  1.1621843983e+00  1.000000 0.000000 0.000000  0.707107 -0.707107 0.000000
2451545.045349  1.1870081586e+00  1.000000 0.000000 0.000000  0.707107 -0.707107 0.000000
2451545.046016  1.2017690954e+00  1.000000 0.000000 0.000000  0.707107 -0.707107 0.000000
2451545.046683  1.2149724140e+00  1.000000 0.000000 0.000000  0.707107 -0.707107 0.000000
2451545.047350  1.2309039597e+00  1.000000 0.000000 0.000000  0.707107 -0.707107 0.000000
2451545.048017  1.2431515133e+00  1.000000 0.000000 0.000000  0.707107 -0.707107 0.000000
2451545.048683  1.2506809208e+00  1.000000 0.000000 0.000000  0.707107 -0.707107 0.000000
2451545.049350  1.2629993148e+00  1.000000 0.000000 0.000000  0.707107 -0.707107 0.000000
2451545.050017  1.2692579497e+00  1.000000 0.000000 0.000000  0.707107 -0.707107 0.000000
2451545.050684  1.2737484774e+00  1.000000 0.000000 0.000000  0.707107 -0.707107 0.000000
2451545.051351  1.2793683872e+00  1.000000 0.000000 0.000000  0.707107 -0.707107 0.000000
2451545.052018  1.2797269443e+00  1.000000 0.000000 0.000000  0.707107 -0.707107 0.000000
2451545.052685  1.2792531264e+00  1.000000 0.000000 0.000000  0.707107 -0.707107 0.000000
2451545.053352  1.2753679359e+00  1.000000 0.000000 0.000000  0.707107 -0.707107 0.000000
2451545.054019  1.2730177179e+00  1.000000 0.000000 0.000000  0.707107 -0.707107 0.000000
2451545.054685  1.2704674628e+00  1.000000 0.000000 0.000000  0.707107 -0.707107 0.000000
2451545.055352  1.2651004300e+00  1.000000 0.000000 0.000000  0.707107 -0.707107 0.000000
2451545.056019  1.2611838839e+00  1.000000 0.000000 0.000000  0.707107 -0.707107 0.000000
2451545.056686  1.2568849737e+00  1.000000 0.000000 0.000000  0.707107 -0.707107 0.000000
2451545.057353  1.2477964964e+00  1.000000 0.000000 0.000000  0.707107 -0.707107 0.000000
2451545.058020  1.2448296183e+00  1.000000 0.000000 0.000000  0.707107 -0.707107 0.000000
2451545.058687  1.2403315420e+00  1.000000 0.000000 0.000000  0.707107 -0.707107 0.000000
2451545.059354  1.2337764806e+00  1.000000 0.000000 0.000000  0.707107 -0.707107 0.000000
2451545.060021  1.2288095221e+00  1.000000 0.000000 0.000000  0.707107 -0.707107 0.000000
2451545.060688  1.2234776192e+00  1.000000 0.000000 0.000000  0.707107 -0.707107 0.000000
2451545.061354  1.2165207417e+00  1.000000 0.000000 0.000000  0.707107 -0.707107 0.000000
2451545.062021  1.2110834492e+00  1.000000 0.000000 0.000000  0.707107 -0.707107 0.000000
2451545.062688  1.2060253271e+00  1.000000 0.000000 0.000000  0.707107 -0.707107 0.000000
2451545.063355  1.1971229510e+00  1.000000 0.000000 0.000000  0.707107 -0.707107 0.000000
2451545.064022  1.1926321330e+00  1.000000 0.000000 0.000000  0.707107 -0.707107 0.000000
2451545.064689  1.1870789990e+00  1.000000 0.000000 0.000000  0.707107 -0.707107 0.000000
2451545.065356  1.1799572142e+00  1.000000 0.000000 0.000000  0.707107 -0.707107 0.000000
2451545.066023  1.1750529669e+00  1.000000 0.000000 0.000000  0.707107 -0.707107 0.000000
2451545.066690  1.1683605796e+00  1.000000 0.000000 0.000000  0.707107 -0.707107 0.000000
2451545.067356  1.1574813493e+00  1.000000 0.000000 0.000000  0.707107 -0.707107 0.000000
2451545.068023  1.1513684599e+00  1.000000 0.000000 0.000000  0.707107 -0.707107 0.000000
2451545.068690  1.1416377735e+00  1.000000 0.000000 0.000000  0.707107 -0.707107 0.000000
2451545.069357  1.1348710618e+00  1.000000 0.000000 0.000000  0.707107 -0.707107 0.000000
2451545.070024  1.1268370615e+00  1.000000 0.000000 0.000000  0.707107 -0.707107 0.000000
2451545.070691  1.1150009049e+00  1.000000 0.000000 0.000000  0.707107 -0.707107 0.000000
2451545.071358  1.1071884261e+00  1.000000 0.000000 0.000000  0.707107 -0.707107 0.000000
2451545.072025  1.0997031487e+00  1.000000 0.000000 0.000000  0.707107 -0.707107 0.000000
2451545.072692  1.0893610282e+00  1.000000 0.000000 0.000000  0.707107 -0.707107 0.000000
2451545.073359  1.0901092075e+00  1.000000 0.000000 0.000000  0.707107 -0.707107 0.000000
2451545.074025  1.0915535972e+00  1.000000 0.000000 0.000000  0.707107 -0.707107 0.000000
2451545.074692  1.0938486526e+00  1.000000 0.000000 0.000000  0.707107 -0.707107 0.000000
2451545.075359  1.0959099926e+00  1.000000 0.000000 0.000000  0.707107 -0.707107 0.000000
2451545.076026  1.0974037384e+00  1.000000 0.000000 0.000000  0.707107 -0.707107 0.000000
2451545.076693  1.0987270606e+00  1.000000 0.000000 0.000000  0.707107 -0.707107 0.000000
2451545.077360  1.0997620856e+00  1.000000 0.000000 0.000000  0.707107 -0.707107 0.000000
2451545.078027  1.1020220111e+00  1.000000 0.000000 0.000000  0.707107 -0.707107 0.000000
2451545.078694  1.1126460416e+00  1.000000 0.000000 0.000000  0.707107 -0.707107 0.000000
2451545.079361  1.1198555059e+00  1.000000 0.000000 0.000000  0.707107 -0.707107 0.000000
2451545.080028  1.1259747826e+00  1.000000 0.000000 0.000000  0.707107 -0.707107 0.000000
2451545.080694  1.1367184290e+00  1.000000 0.000000 0.000000  0.707107 -0.707107 0.000000
2451545.081361  1.1442701918e+00  1.000000 0.000000 0.000000  0.707107 -0.707107 0.000000
2451545.082028  1.1514247838e+00  1.000000 0.000000 0.000000  0.707107 -0.707107 0.000000
2451545.082695  1.1622761424e+00  1.000000 0.000000 0.000000  0.707107 -0.707107 0.000000
2451545.083362  1.1688222036e+00  1.000000 0.000000 0.000000  0.707107 -0.707107 0.000000
2451545.084029  1.1757326284e+00  1.000000 0.000000 0.000000  0.707107 -0.707107 0.000000
2451545.084696  1.1846004553e+00  1.000000 0.000000 0.000000  0.707107 -0.707107 0.000000
2451545.085363  1.1917707251e+00  1.000000 0.000000 0.000000  0.707107 -0.707107 0.000000
2451545.086030  1.1981817830e+00  1.000000 0.000000 0.000000  0.707107 -0.707107 0.000000
2451545.086696  1.2074929432e+00  1.000000 0.000000 0.000000  0.707107 -0.707107 0.000000
2451545.087363  1.2142251056e+00  1.000000 0.000000 0.000000  0.707107 -0.707107 0.000000
2451545.088030  1.2186494382e+00  1.000000 0.000000 0.000000  0.707107 -0.707107 0.000000
2451545.088697  1.2281580225e+00  1.000000 0.000000 0.000000  0.707107 -0.707107 0.000000
2451545.089364  1.2324093186e+00  1.000000 0.000000 0.000000  0.707107 -0.707107 0.000000
2451545.090031  1.2396524611e+00  1.000000 0.000000 0.000000  0.707107 -0.707107 0.000000
2451545.090698  1.2452511769e+00  1.000000 0.000000 0.000000  0.707107 -0.707107 0.000000
2451545.091365  1.2481367626e+00  1.000000 0.000000 0.000000  0.707107 -0.707107 0.000000
2451545.092032  1.2529707503e+00  1.000000 0.000000 0.000000  0.707107 -0.707107 0.000000
2451545.092699  1.2582291997e+00  1.000000 0.000000 0.000000  0.707107 -0.707107 0.000000
2451545.093365  1.2621399392e+00  1.000000 0.000000 0.000000  0.707107 -0.707107 0.000000
2451545.094032  1.2654316961e+00  1.000000 0.000000 0.000000  0.707107 -0.707107 0.000000
2451545.094699  1.2712908375e+00  1.000000 0.000000 0.000000  0.707107 -0.707107 0.000000
2451545.095366  1.2739218042e+00  1.000000 0.000000 0.000000  0.707107 -0.707107 0.000000
2451545.096033  1.2786210789e+00  1.000000 0.000000 0.000000  0.707107 -0.707107 0.000000
2451545.096700  1.2829446671e+00  1.000000 0.000000 0.000000  0.707107 -0.707107 0.000000
2451545.097367  1.2872098990e+00  1.000000 0.000000 0.000000  0.707107 -0.707107 0.000000
2451545.098034  1.2881386634e+00  1.000000 0.000000 0.000000  0.707107 -0.707107 0.000000
2451545.098701  1.2923153448e+00  1.000000 0.000000 0.000000  0.707107 -0.707107 0.000000
2451545.099367  1.2936383767e+00  1.000000 0.000000 0.000000  0.707107 -0.707107 0.000000
2451545.100034  1.2936081824e+00  1.000000 0.000000 0.000000  0.707107 -0.707107 0.000000
2451545.100701  1.2902374559e+00  1.000000 0.000000 0.000000  0.707107 -0.707107 0.000000
2451545.101368  1.2855564720e+00  1.000000 0.000000 0.000000  0.707107 -0.707107 0.000000
2451545.102035  1.2785842070e+00  1.000000 0.000000 0.000000  0.707107 -0.707107 0.000000
2451545.102702  1.2658422221e+00  1.000000 0.000000 0.000000  0.707107 -0.707107 0.000000
2451545.103369  1.2544343017e+00  1.000000 0.000000 0.000000  0.707107 -0.707107 0.000000
2451545.104036  1.2358189493e+00  1.000000 0.000000 0.000000  0.707107 -0.707107 0.000000
2451545.104703  1.2200200842e+00  1.000000 0.000000 0.000000  0.707107 -0.707107 0.000000
2451545.105370  1.2051865650e+00  1.000000 0.000000 0.000000  0.707107 -0.707107 0.000000
2451545.106036  1.1792258740e+00  1.000000 0.000000 0.000000  0.707107 -0.707107 0.000000
2451545.106703  1.1590122572e+00  1.000000 0.000000 0.000000  0.707107 -0.707107 0.000000
2451545.107370  1.1400093148e+00  1.000000 0.000000 0.000000  0.707107 -0.707107 0.000000
2451545.108037  1.1106747038e+00  1.000000 0.000000 0.000000  0.707107 -0.707107 0.000000
2451545.108704  1.0906434139e+00  1.000000 0.000000 0.000000  0.707107 -0.707107 0.000000
2451545.109371  1.0709735845e+00  1.000000 0.000000 0.000000  0.707107 -0.707107 0.000000
2451545.110038  1.0412008661e+00  1.000000 0.000000 0.000000  0.707107 -0.707107 0.000000
2451545.110705  1.0210848000e+00  1.000000 0.000000 0.000000  0.707107 -0.707107 0.000000
2451545.111372  1.0028027460e+00  1.000000 0.000000 0.000000  0.707107 -0.707107 0.000000
2451545.112039  9.6856737148e-01  1.000000 0.000000 0.000000  0.707107 -0.707107 0.000000
2451545.112705  9.4802887589e-01  1.000000 0.000000 0.000000  0.707107 -0.707107 0.000000
2451545.113372  9.3052055019e-01  1.000000 0.000000 0.000000  0.707107 -0.707107 0.000000
2451545.114039  9.0838291924e-01  1.000000 0.000000 0.000000  0.707107 -0.707107 0.000000
2451545.114706  8.9249811658e-01  1.000000 0.000000 0.000000  0.707107 -0.707107 0.000000
2451545.115373  8.7559251510e-01  1.000000 0.000000 0.000000  0.707107 -0.707107 0.000000
2451545.116040  8.5044329535e-01  1.000000 0.000000 0.000000  0.707107 -0.707107 0.000000
2451545.116707  8.3159596960e-01  1.000000 0.000000 0.000000  0.707107 -0.707107 0.000000
2451545.117374  8.1379499167e-01  1.000000 0.000000 0.000000  0.707107 -0.707107 0.000000
2451545.118041  7.8400195019e-01  1.000000 0.000000 0.000000  0.707107 -0.707107 0.000000
2451545.118707  7.6280324512e-01  1.000000 0.000000 0.000000  0.707107 -0.707107 0.000000
2451545.119374  7.4001208226e-01  1.000000 0.000000 0.000000  0.707107 -0.707107 0.000000
2451545.120041  7.0055948511e-01  1.000000 0.000000 0.000000  0.707107 -0.707107 0.000000
2451545.120708  6.7176285477e-01  1.000000 0.000000 0.000000  0.707107 -0.707107 0.000000
2451545.121375  6.5233051490e-01  1.000000 0.000000 0.000000  0.707107 -0.707107 0.000000
2451545.122042  6.4605736353e-01  1.000000 0.000000 0.000000  0.707107 -0.707107 0.000000
2451545.122709  6.4609336440e-01  1.000000 0.000000 0.000000  0.707107 -0.707107 0.000000
2451545.123376  6.4764662768e-01  1.000000 0.000000 0.000000  0.707107 -0.707107 0.000000
2451545.124043  6.4857132741e-01  1.000000 0.000000 0.000000  0.707107 -0.707107 0.000000
2451545.124710  6.4764285340e-01  1.000000 0.000000 0.000000  0.707107 -0.707107 0.000000
2451545.125376  6.4535824988e-01  1.000000 0.000000 0.000000  0.707107 -0.707107 0.000000
2451545.126043  6.4583264843e-01  1.000000 0.000000 0.000000  0.707107 -0.707107 0.000000
2451545.126710  6.4902017695e-01  1.000000 0.000000 0.000000  0.707107 -0.707107 0.000000
2451545.127377  6.5734015191e-01  1.000000 0.000000 0.000000  0.707107 -0.707107 0.000000
2451545.128044  6.6313600144e-01  1.000000 0.000000 0.000000  0.707107 -0.707107 0.000000
2451545.128711  6.6486781742e-01  1.000000 0.000000 0.000000  0.707107 -0.707107 0.000000
2451545.129378  6.6439980613e-01  1.000000 0.000000 0.000000  0.707107 -0.707107 0.000000
2451545.130045  6.6664986042e-01  1.000000 0.000000 0.000000  0.707107 -0.707107 0.000000
2451545.130712  6.6828906127e-01  1.000000 0.000000 0.000000  0.707107 -0.707107 0.000000
2451545.131378  6.7134797379e-01  1.000000 0.000000 0.000000  0.707107 -0.707107 0.000000
2451545.132045  6.7688601065e-01  1.000000 0.000000 0.000000  0.707107 -0.707107 0.000000
2451545.132712  6.7952365494e-01  1.000000 0.000000 0.000000  0.707107 -0.707107 0.000000
2451545.133379  6.8827738229e-01  1.000000 0.000000 0.000000  0.707107 -0.707107 0.000000
2451545.134046  6.9919958133e-01  1.000000 0.000000 0.000000  0.707107 -0.707107 0.000000
2451545.134713  7.0690841250e-01  1.000000 0.000000 0.000000  0.707107 -0.707107 0.000000
2451545.135380  7.1257535570e-01  1.000000 0.000000 0.000000  0.707107 -0.707107 0.000000
2451545.136047  7.2041512552e-01  1.000000 0.000000 0.000000  0.707107 -0.707107 0.000000
2451545.136714  7.2482639325e-01  1.000000 0.000000 0.000000  0.707107 -0.707107 0.000000
2451545.137381  7.2522269314e-01  1.000000 0.000000 0.000000  0.707107 -0.707107 0.000000
2451545.138047  7.2353529758e-01  1.000000 0.000000 0.000000  0.707107 -0.707107 0.000000
2451545.138714  7.2065784105e-01  1.000000 0.000000 0.000000  0.707107 -0.707107 0.000000
2451545.139381  7.1249754737e-01  1.000000 0.000000 0.000000  0.707107 -0.707107 0.000000
2451545.140048  7.0496930120e-01  1.000000 0.000000 0.000000  0.707107 -0.707107 0.000000
2451545.140715  6.9400413338e-01  1.000000 0.000000 0.000000  0.707107 -0.707107 0.000000
2451545.141382  6.7351528415e-01  1.000000 0.000000 0.000000  0.707107 -0.707107 0.000000
2451545.142049  6.5989679425e-01  1.000000 0.000000 0.000000  0.707107 -0.707107 0.000000
2451545.142716  6.4484088256e-01  1.000000 0.000000 0.000000  0.707107 -0.707107 0.000000
2451545.143383  6.2686164227e-01  1.000000 0.000000 0.000000  0.707107 -0.707107 0.000000
2451545.144050  6.1593712060e-01  1.000000 0.000000 0.000000  0.707107 -0.707107 0.000000
2451545.144716  6.0722171675e-01  1.000000 0.000000 0.000000  0.707107 -0.707107 0.000000
2451545.145383  5.9447218329e-01  1.000000 0.000000 0.000000  0.707107 -0.707107 0.000000
2451545.146050  5.8667538226e-01  1.000000 0.000000 0.000000  0.707107 -0.707107 0.000000
2451545.146717  5.8443577983e-01  1.000000 0.000000 0.000000  0.707107 -0.707107 0.000000
2451545.147384  5.9273252841e-01  1.000000 0.000000 0.000000  0.707107 -0.707107 0.000000
2451545.148051  5.9894093629e-01  1.000000 0.000000 0.000000  0.707107 -0.707107 0.000000
2451545.148718  6.0444906920e-01  1.000000 0.000000 0.000000  0.707107 -0.707107 0.000000
2451545.149385  6.1890254699e-01  1.000000 0.000000 0.000000  0.707107 -0.707107 0.000000
2451545.150052  6.3736634736e-01  1.000000 0.000000 0.000000  0.707107 -0.707107 0.000000
2451545.150718  6.5743160573e-01  1.000000 0.000000 0.000000  0.707107 -0.707107 0.000000
2451545.151385  6.9289652601e-01  1.000000 0.000000 0.000000  0.707107 -0.707107 0.000000
2451545.152052  7.1606221403e-01  1.000000 0.000000 0.000000  0.707107 -0.707107 0.000000
2451545.152719  7.3885860282e-01  1.000000 0.000000 0.000000  0.707107 -0.707107 0.000000
2451545.153386  7.7342321105e-01  1.000000 0.000000 0.000000  0.707107 -0.707107 0.000000
2451545.154053  7.9808816105e-01  1.000000 0.000000 0.000000  0.707107 -0.707107 0.000000
2451545.154720  8.2247758828e-01  1.000000 0.000000 0.000000  0.707107 -0.707107 0.000000
2451545.155387  8.6132049330e-01  1.000000 0.000000 0.000000  0.707107 -0.707107 0.000000
2451545.156054  8.8449924615e-01  1.000000 0.000000 0.000000  0.707107 -0.707107 0.000000
2451545.156721  9.0851879348e-01  1.000000 0.000000 0.000000  0.707107 -0.707107 0.000000
2451545.157387  9.4081941160e-01  1.000000 0.000000 0.000000  0.707107 -0.707107 0.000000
2451545.158054  9.6070902057e-01  1.000000 0.000000 0.000000  0.707107 -0.707107 0.000000
2451545.158721  9.7757078228e-01  1.000000 0.000000 0.000000  0.707107 -0.707107 0.000000
2451545.159388  9.9838683296e-01  1.000000 0.000000 0.000000  0.707107 -0.707107 0.000000
2451545.160055  1.0085628850e+00  1.000000 0.000000 0.000000  0.707107 -0.707107 0.000000
2451545.160722  1.0164917860e+00  1.000000 0.000000 0.000000  0.707107 -0.707107 0.000000
2451545.161389  1.0256182965e+00  1.000000 0.000000 0.000000  0.707107 -0.707107 0.000000
2451545.162056  1.0294907125e+00  1.000000 0.000000 0.000000  0.707107 -0.707107 0.000000
2451545.162723  1.0352496902e+00  1.000000 0.000000 0.000000  0.707107 -0.707107 0.000000
2451545.163389  1.0422916343e+00  1.000000 0.000000 0.000000  0.707107 -0.707107 0.000000
2451545.164056  1.0478334455e+00  1.000000 0.000000 0.000000  0.707107 -0.707107 0.000000
2451545.164723  1.0527414671e+00  1.000000 0.000000 0.000000  0.707107 -0.707107 0.000000
2451545.165390  1.0600011584e+00  1.000000 0.000000 0.000000  0.707107 -0.707107 0.000000
2451545.166057  1.0631576217e+00  1.000000 0.000000 0.000000  0.707107 -0.707107 0.000000
2451545.166724  1.0674544996e+00  1.000000 0.000000 0.000000  0.707107 -0.707107 0.000000
2451545.167391  1.0744148611e+00  1.000000 0.000000 0.000000  0.707107 -0.707107 0.000000
2451545.168058  1.0789088727e+00  1.000000 0.000000 0.000000  0.707107 -0.707107 0.000000
2451545.168725  1.0836548905e+00  1.000000 0.000000 0.000000  0.707107 -0.707107 0.000000
2451545.169392  1.0885324275e+00  1.000000 0.000000 0.000000  0.707107 -0.707107 0.000000
2451545.170058  1.0888892426e+00  1.000000 0.000000 0.000000  0.707107 -0.707107 0.000000
2451545.170725  1.0923113574e+00  1.000000 0.000000 0.000000  0.707107 -0.707107 0.000000
2451545.171392  1.0968445636e+00  1.000000 0.000000 0.000000  0.707107 -0.707107 0.000000
2451545.172059  1.1004844256e+00  1.000000 0.000000 0.000000  0.707107 -0.707107 0.000000
2451545.172726  1.1045345233e+00  1.000000 0.000000 0.000000  0.707107 -0.707107 0.000000
2451545.173393  1.1079598318e+00  1.000000 0.000000 0.000000  0.707107 -0.707107 0.000000
2451545.174060  1.1122276767e+00  1.000000 0.000000 0.000000  0.707107 -0.707107 0.000000
2451545.174727  1.1178879423e+00  1.000000 0.000000 0.000000  0.707107 -0.707107 0.000000
2451545.175394  1.1232503298e+00  1.000000 0.000000 0.000000  0.707107 -0.707107 0.000000
2451545.176061  1.1296872270e+00  1.000000 0.000000 0.000000  0.707107 -0.707107 0.000000
2451545.176727  1.1416038049e+00  1.000000 0.000000 0.000000  0.707107 -0.707107 0.000000
2451545.177394  1.1505688922e+00  1.000000 0.000000 0.000000  0.707107 -0.707107 0.000000
2451545.178061  1.1608782055e+00  1.000000 0.000000 0.000000  0.707107 -0.707107 0.000000
2451545.178728  1.1752068416e+00  1.000000 0.000000 0.000000  0.707107 -0.707107 0.000000
2451545.179395  1.1856357706e+00  1.000000 0.000000 0.000000  0.707107 -0.707107 0.000000
2451545.180062  1.1947007313e+00  1.000000 0.000000 0.000000  0.707107 -0.707107 0.000000
2451545.180729  1.2080492147e+00  1.000000 0.000000 0.000000  0.707107 -0.707107 0.000000
2451545.181396  1.2167797157e+00  1.000000 0.000000 0.000000  0.707107 -0.707107 0.000000
2451545.182063  1.2244185774e+00  1.000000 0.000000 0.000000  0.707107 -0.707107 0.000000
2451545.182729  1.2356006214e+00  1.000000 0.000000 0.000000  0.707107 -0.707107 0.000000
2451545.183396  1.2429424760e+00  1.000000 0.000000 0.000000  0.707107 -0.707107 0.000000
2451545.184063  1.2496548960e+00  1.000000 0.000000 0.000000  0.707107 -0.707107 0.000000
2451545.184730  1.2615436023e+00  1.000000 0.000000 0.000000  0.707107 -0.707107 0.000000
2451545.185397  1.2674163891e+00  1.000000 0.000000 0.000000  0.707107 -0.707107 0.000000
2451545.186064  1.2731187526e+00  1.000000 0.000000 0.000000  0.707107 -0.707107 0.000000
2451545.186731  1.2817531544e+00  1.000000 0.000000 0.000000  0.707107 -0.707107 0.000000
2451545.187398  1.2861827129e+00  1.000000 0.000000 0.000000  0.707107 -0.707107 0.000000
2451545.188065  1.2912341574e+00  1.000000 0.000000 0.000000  0.707107 -0.707107 0.000000
2451545.188732  1.2978014127e+00  1.000000 0.000000 0.000000  0.707107 -0.707107 0.000000
2451545.189398  1.3021447433e+00  1.000000 0.000000 0.000000  0.707107 -0.707107 0.000000
2451545.190065  1.3056925708e+00  1.000000 0.000000 0.000000  0.707107 -0.707107 0.000000
2451545.190732  1.3107689836e+00  1.000000 0.000000 0.000000  0.707107 -0.707107 0.000000
2451545.191399  1.3128169685e+00  1.000000 0.000000 0.000000  0.707107 -0.707107 0.000000
2451545.192066  1.3149752787e+00  1.000000 0.000000 0.000000  0.707107 -0.707107 0.000000
2451545.192733  1.3173028510e+00  1.000000 0.000000 0.000000  0.707107 -0.707107 0.000000
2451545.193400  1.3186369154e+00  1.000000 0.000000 0.000000  0.707107 -0.707107 0.000000
2451545.194067  1.3173493037e+00  1.000000 0.000000 0.000000  0.707107 -0.707107 0.000000
2451545.194734  1.3172195264e+00  1.000000 0.000000 0.000000  0.707107 -0.707107 0.000000
2451545.195400  1.3158247830e+00  1.000000 0.000000 0.000000  0.707107 -0.707107 0.000000
2451545.196067  1.3151909936e+00  1.000000 0.000000 0.000000  0.707107 -0.707107 0.000000
2451545.196734  1.3121538558e+00  1.000000 0.000000 0.000000  0.707107 -0.707107 0.000000
2451545.197401  1.3081574690e+00  1.000000 0.000000 0.000000  0.707107 -0.707107 0.000000
2451545.198068  1.3059860940e+00  1.000000 0.000000 0.000000  0.707107 -0.707107 0.000000
2451545.198735  1.3014973083e+00  1.000000 0.000000 0.000000  0.707107 -0.707107 0.000000
2451545.199402  1.2996519734e+00  1.000000 0.000000 0.000000  0.707107 -0.707107 0.000000
2451545.200069  1.2955914238e+00  1.000000 0.000000 0.000000  0.707107 -0.707107 0.000000
2451545.200736  1.2899648365e+00  1.000000 0.000000 0.000000  0.707107 -0.707107 0.000000
2451545.201403  1.2852818202e+00  1.000000 0.000000 0.000000  0.707107 -0.707107 0.000000
2451545.202069  1.2823413622e+00  1.000000 0.000000 0.000000  0.707107 -0.707107 0.000000
2451545.202736  1.2737580583e+00  1.000000 0.000000 0.000000  0.707107 -0.707107 0.000000
2451545.203403  1.2691133656e+00  1.000000 0.000000 0.000000  0.707107 -0.707107 0.000000
2451545.204070  1.2630898977e+00  1.000000 0.000000 0.000000  0.707107 -0.707107 0.000000
2451545.204737  1.2540647121e+00  1.000000 0.000000 0.000000  0.707107 -0.707107 0.000000
2451545.205404  1.2476748483e+00  1.000000 0.000000 0.000000  0.707107 -0.707107 0.000000
2451545.206071  1.2386752118e+00  1.000000 0.000000 0.000000  0.707107 -0.707107 0.000000
2451545.206738  1.2301191988e+00  1.000000 0.000000 0.000000  0.707107 -0.707107 0.000000
2451545.207405  1.2226400184e+00  1.000000 0.000000 0.000000  0.707107 -0.707107 0.000000
2451545.208072  1.2107539251e+00  1.000000 0.000000 0.000000  0.707107 -0.707107 0.000000
2451545.208738  1.2018175804e+00  1.000000 0.000000 0.000000  0.707107 -0.707107 0.000000
2451545.209405  1.1934142809e+00  1.000000 0.000000 0.000000  0.707107 -0.707107 0.000000
2451545.210072  1.1801749614e+00  1.000000 0.000000 0.000000  0.707107 -0.707107 0.000000
2451545.210739  1.1705525680e+00  1.000000 0.000000 0.000000  0.707107 -0.707107 0.000000
2451545.211406  1.1592674569e+00  1.000000 0.000000 0.000000  0.707107 -0.707107 0.000000
2451545.212073  1.1449797573e+00  1.000000 0.000000 0.000000  0.707107 -0.707107 0.000000
2451545.212740  1.1347502847e+00  1.000000 0.000000 0.000000  0.707107 -0.707107 0.000000
2451545.213407  1.1247182362e+00  1.000000 0.000000 0.000000  0.707107 -0.707107 0.000000
2451545.214074  1.1106718005e+00  1.000000 0.000000 0.000000  0.707107 -0.707107 0.000000
2451545.214740  1.1012236047e+00  1.000000 0.000000 0.000000  0.707107 -0.707107 0.000000
2451545.215407  1.0918944441e+00  1.000000 0.000000 0.000000  0.707107 -0.707107 0.000000
2451545.216074  1.0792961724e+00  1.000000 0.000000 0.000000  0.707107 -0.707107 0.000000
2451545.216741  1.0736748109e+00  1.000000 0.000000 0.000000  0.707107 -0.707107 0.000000
2451545.217408  1.0715388562e+00  1.000000 0.000000 0.000000  0.707107 -0.707107 0.000000
2451545.218075  1.0690399894e+00  1.000000 0.000000 0.000000  0.707107 -0.707107 0.000000
2451545.218742  1.0681716136e+00  1.000000 0.000000 0.000000  0.707107 -0.707107 0.000000
2451545.219409  1.0664464752e+00  1.000000 0.000000 0.000000  0.707107 -0.707107 0.000000
2451545.220076  1.0636717954e+00  1.000000 0.000000 0.000000  0.707107 -0.707107 0.000000
2451545.220743  1.0619292372e+00  1.000000 0.000000 0.000000  0.707107 -0.707107 0.000000
2451545.221409  1.0595682770e+00  1.000000 0.000000 0.000000  0.707107 -0.707107 0.000000
2451545.222076  1.0546846430e+00  1.000000 0.000000 0.000000  0.707107 -0.707107 0.000000
2451545.222743  1.0489564403e+00  1.000000 0.000000 0.000000  0.707107 -0.707107 0.000000
2451545.223410  1.0436524091e+00  1.000000 0.000000 0.000000  0.707107 -0.707107 0.000000
2451545.224077  1.0344689939e+00  1.000000 0.000000 0.000000  0.707107 -0.707107 0.000000
2451545.224744  1.0292802236e+00  1.000000 0.000000 0.000000  0.707107 -0.707107 0.000000
2451545.225411  1.0253599032e+00  1.000000 0.000000 0.000000  0.707107 -0.707107 0.000000
2451545.226078  1.0172329974e+00  1.000000 0.000000 0.000000  0.707107 -0.707107 0.000000
2451545.226745  1.0112304332e+00  1.000000 0.000000 0.000000  0.707107 -0.707107 0.000000
2451545.227411  1.0039350314e+00  1.000000 0.000000 0.000000  0.707107 -0.707107 0.000000
2451545.228078  9.9006656768e-01  1.000000 0.000000 0.000000  0.707107 -0.707107 0.000000
2451545.228745  9.8041049597e-01  1.000000 0.000000 0.000000  0.707107 -0.707107 0.000000
2451545.229412  9.6902435025e-01  1.000000 0.000000 0.000000  0.707107 -0.707107 0.000000
2451545.230079  9.4866034274e-01  1.000000 0.000000 0.000000  0.707107 -0.707107 0.000000
2451545.230746  9.3372927278e-01  1.000000 0.000000 0.000000  0.707107 -0.707107 0.000000
2451545.231413  9.1748852605e-01  1.000000 0.000000 0.000000  0.707107 -0.707107 0.000000
2451545.232080  8.9070242809e-01  1.000000 0.000000 0.000000  0.707107 -0.707107 0.000000
2451545.232747  8.7091327316e-01  1.000000 0.000000 0.000000  0.707107 -0.707107 0.000000
2451545.233414  8.5125157292e-01  1.000000 0.000000 0.000000  0.707107 -0.707107 0.000000
2451545.234080  8.1914866924e-01  1.000000 0.000000 0.000000  0.707107 -0.707107 0.000000
2451545.234747  7.9594930299e-01  1.000000 0.000000 0.000000  0.707107 -0.707107 0.000000
2451545.235414  7.7367434614e-01  1.000000 0.000000 0.000000  0.707107 -0.707107 0.000000
2451545.236081  7.4467564641e-01  1.000000 0.000000 0.000000  0.707107 -0.707107 0.000000
2451545.236748  7.2757871773e-01  1.000000 0.000000 0.000000  0.707107 -0.707107 0.000000
2451545.237415  7.2778456141e-01  1.000000 0.000000 0.000000  0.707107 -0.707107 0.000000
2451545.238082  7.2712231962e-01  1.000000 0.000000 0.000000  0.707107 -0.707107 0.000000
2451545.238749  7.2669059953e-01  1.000000 0.000000 0.000000  0.707107 -0.707107 0.000000
2451545.239416  7.2725180662e-01  1.000000 0.000000 0.000000  0.707107 -0.707107 0.000000
360  1
2451545.000000  7.1671592374e-01  1.000000 0.000000 0.000000  0.707107 -0.707107 0.000000
2451545.000667  7.1663570255e-01  1.000000 0.000000 0.000000  0.707107 -0.707107 0.000000
2451545.001334  7.1918505379e-01  1.000000 0.000000 0.000000  0.707107 -0.707107 0.000000
2451545.002001  7.2987760675e-01  1.000000 0.000000 0.000000  0.707107 -0.707107 0.000000
2451545.002668  7.3950775476e-01  1.000000 0.000000 0.000000  0.707107 -0.707107 0.000000
2451545.003334  7.4945608343e-01  1.000000 0.000000 0.000000  0.707107 -0.707107 0.000000
2451545.004001  7.6609071293e-01  1.000000 0.000000 0.000000  0.707107 -0.707107 0.000000
2451545.004668  7.7513527631e-01  1.000000 0.000000 0.000000  0.707107 -0.707107 0.000000
2451545.005335  7.8548350911e-01  1.000000 0.000000 0.000000  0.707107 -0.707107 0.000000
2451545.006002  8.0187537186e-01  1.000000 0.000000 0.000000  0.707107 -0.707107 0.000000
2451545.006669  8.1334099267e-01  1.000000 0.000000 0.000000  0.707107 -0.707107 0.000000
2451545.007336  8.2607993706e-01  1.000000 0.000000 0.000000  0.707107 -0.707107 0.000000
2451545.008003  8.4337165920e-01  1.000000 0.000000 0.000000  0.707107 -0.707107 0.000000
2451545.008670  8.4927347492e-01  1.000000 0.000000 0.000000  0.707107 -0.707107 0.000000
2451545.009337  8.5004594186e-01  1.000000 0.000000 0.000000  0.707107 -0.707107 0.000000
2451545.010003  8.5568846588e-01  1.000000 0.000000 0.000000  0.707107 -0.707107 0.000000
2451545.010670  8.5607695275e-01  1.000000 0.000000 0.000000  0.707107 -0.707107 0.000000
2451545.011337  8.5866986980e-01  1.000000 0.000000 0.000000  0.707107 -0.707107 0.000000
2451545.012004  8.6089653357e-01  1.000000 0.000000 0.000000  0.707107 -0.707107 0.000000
2451545.012671  8.6032356800e-01  1.000000 0.000000 0.000000  0.707107 -0.707107 0.000000
2451545.013338  8.5967518851e-01  1.000000 0.000000 0.000000  0.707107 -0.707107 0.000000
2451545.014005  8.5341913766e-01  1.000000 0.000000 0.000000  0.707107 -0.707107 0.000000
2451545.014672  8.4894177383e-01  1.000000 0.000000 0.000000  0.707107 -0.707107 0.000000
2451545.015339  8.4193789325e-01  1.000000 0.000000 0.000000  0.707107 -0.707107 0.000000
2451545.016006  8.3151394607e-01  1.000000 0.000000 0.000000  0.707107 -0.707107 0.000000
2451545.016672  8.2307659999e-01  1.000000 0.000000 0.000000  0.707107 -0.707107 0.000000
2451545.017339  8.1542163584e-01  1.000000 0.000000 0.000000  0.707107 -0.707107 0.000000
2451545.018006  8.0151001993e-01  1.000000 0.000000 0.000000  0.707107 -0.707107 0.000000
2451545.018673  7.9092743310e-01  1.000000 0.000000 0.000000  0.707107 -0.707107 0.000000
2451545.019340  7.8008916001e-01  1.000000 0.000000 0.000000  0.707107 -0.707107 0.000000
2451545.020007  7.6482790524e-01  1.000000 0.000000 0.000000  0.707107 -0.707107 0.000000
2451545.020674  7.5445173022e-01  1.000000 0.000000 0.000000  0.707107 -0.707107 0.000000
2451545.021341  7.4127412316e-01  1.000000 0.000000 0.000000  0.707107 -0.707107 0.000000
2451545.022008  7.2131346913e-01  1.000000 0.000000 0.000000  0.707107 -0.707107 0.000000
2451545.022674  7.0589868242e-01  1.000000 0.000000 0.000000  0.707107 -0.707107 0.000000
2451545.023341  6.9044393535e-01  1.000000 0.000000 0.000000  0.707107 -0.707107 0.000000
2451545.024008  6.6457305289e-01  1.000000 0.000000 0.000000  0.707107 -0.707107 0.000000
2451545.024675  6.4997970711e-01  1.000000 0.000000 0.000000  0.707107 -0.707107 0.000000
2451545.025342  6.3749224263e-01  1.000000 0.000000 0.000000  0.707107 -0.707107 0.000000
2451545.026009  6.2536021509e-01  1.000000 0.000000 0.000000  0.707107 -0.707107 0.000000
2451545.026676  6.1929945927e-01  1.000000 0.000000 0.000000  0.707107 -0.707107 0.000000
2451545.027343  6.1336609590e-01  1.000000 0.000000 0.000000  0.707107 -0.707107 0.000000
2451545.028010  6.0693037362e-01  1.000000 0.000000 0.000000  0.707107 -0.707107 0.000000
2451545.028677  6.0377711007e-01  1.000000 0.000000 0.000000  0.707107 -0.707107 0.000000
2451545.029343  6.0336488734e-01  1.000000 0.000000 0.000000  0.707107 -0.707107 0.000000
2451545.030010  6.0507927722e-01  1.000000 0.000000 0.000000  0.707107 -0.707107 0.000000
2451545.030677  6.0830044335e-01  1.000000 0.000000 0.000000  0.707107 -0.707107 0.000000
2451545.031344  6.1299803988e-01  1.000000 0.000000 0.000000  0.707107 -0.707107 0.000000
2451545.032011  6.2824427196e-01  1.000000 0.000000 0.000000  0.707107 -0.707107 0.000000
2451545.032678  6.4806972174e-01  1.000000 0.000000 0.000000  0.707107 -0.707107 0.000000
2451545.033345  6.7246928151e-01  1.000000 0.000000 0.000000  0.707107 -0.707107 0.000000
2451545.034012  7.1400673104e-01  1.000000 0.000000 0.000000  0.707107 -0.707107 0.000000
2451545.034679  7.4157127206e-01  1.000000 0.000000 0.000000  0.707107 -0.707107 0.000000
2451545.035345  7.8494870119e-01  1.000000 0.000000 0.000000  0.707107 -0.707107 0.000000
2451545.036012  8.1275600895e-01  1.000000 0.000000 0.000000  0.707107 -0.707107 0.000000
2451545.036679  8.3909289539e-01  1.000000 0.000000 0.000000  0.707107 -0.707107 0.000000
2451545.037346  8.7660846917e-01  1.000000 0.000000 0.000000  0.707107 -0.707107 0.000000
2451545.038013  9.0100622621e-01  1.000000 0.000000 0.000000  0.707107 -0.707107 0.000000
2451545.038680  9.2508550214e-01  1.000000 0.000000 0.000000  0.707107 -0.707107 0.000000
2451545.039347  9.5945862871e-01  1.000000 0.000000 0.000000  0.707107 -0.707107 0.000000
2451545.040014  9.8276573814e-01  1.000000 0.000000 0.000000  0.707107 -0.707107 0.000000
2451545.040681  1.0043839963e+00  1.000000 0.000000 0.000000  0.707107 -0.707107 0.000000
2451545.041348  1.0366521429e+00  1.000000 0.000000 0.000000  0.707107 -0.707107 0.000000
2451545.042014  1.0579290854e+00  1.000000 0.000000 0.000000  0.707107 -0.707107 0.000000
2451545.042681  1.0763604292e+00  1.000000 0.000000 0.000000  0.707107 -0.707107 0.000000
2451545.043348  1.1046054982e+00  1.000000 0.000000 0.000000  0.707107 -0.707107 0.000000
2451545.044015  1.1215225544e+00  1.000000 0.000000 0.000000  0.707107 -0.707107 0.000000
2451545.044682  1.1387610962e+00  1.000000 0.000000 0.000000  0.707107 -0.707107 0.000000
2451545.045349  1.1639349256e+00  1.000000 0.000000 0.000000  0.707107 -0.707107 0.000000
2451545.046016  1.1794176149e+00  1.000000 0.000000 0.000000  0.707107 -0.707107 0.000000
2451545.046683  1.1941383531e+00  1.000000 0.000000 0.000000  0.707107 -0.707107 0.000000
2451545.047350  1.2149559017e+00  1.000000 0.000000 0.000000  0.707107 -0.707107 0.000000
2451545.048017  1.2282554930e+00  1.000000 0.000000 0.000000  0.707107 -0.707107 0.000000
2451545.048683  1.2375001587e+00  1.000000 0.000000 0.000000  0.707107 -0.707107 0.000000
2451545.049350  1.2514826817e+00  1.000000 0.000000 0.000000  0.707107 -0.707107 0.000000
2451545.050017  1.2573054780e+00  1.000000 0.000000 0.000000  0.707107 -0.707107 0.000000
2451545.050684  1.2658029149e+00  1.000000 0.000000 0.000000  0.707107 -0.707107 0.000000
2451545.051351  1.2749252958e+00  1.000000 0.000000 0.000000  0.707107 -0.707107 0.000000
2451545.052018  1.2793620984e+00  1.000000 0.000000 0.000000  0.707107 -0.707107 0.000000
2451545.052685  1.2819763477e+00  1.000000 0.000000 0.000000  0.707107 -0.707107 0.000000
2451545.053352  1.2845208917e+00  1.000000 0.000000 0.000000  0.707107 -0.707107 0.000000
2451545.054019  1.2851106826e+00  1.000000 0.000000 0.000000  0.707107 -0.707107 0.000000
2451545.054685  1.2851196962e+00  1.000000 0.000000 0.000000  0.707107 -0.707107 0.000000
2451545.055352  1.2816770956e+00  1.000000 0.000000 0.000000  0.707107 -0.707107 0.000000
2451545.056019  1.2787380557e+00  1.000000 0.000000 0.000000  0.707107 -0.707107 0.000000
2451545.056686  1.2744689064e+00  1.000000 0.000000 0.000000  0.707107 -0.707107 0.000000
2451545.057353  1.2671273156e+00  1.000000 0.000000 0.000000  0.707107 -0.707107 0.000000
2451545.058020  1.2611548933e+00  1.000000 0.000000 0.000000  0.707107 -0.707107 0.000000
2451545.058687  1.2530660737e+00  1.000000 0.000000 0.000000  0.707107 -0.707107 0.000000
2451545.059354  1.2448345385e+00  1.000000 0.000000 0.000000  0.707107 -0.707107 0.000000
2451545.060021  1.2406906785e+00  1.000000 0.000000 0.000000  0.707107 -0.707107 0.000000
2451545.060688  1.2332084753e+00  1.000000 0.000000 0.000000  0.707107 -0.707107 0.000000
2451545.061354  1.2269947885e+00  1.000000 0.000000 0.000000  0.707107 -0.707107 0.000000
2451545.062021  1.2194113324e+00  1.000000 0.000000 0.000000  0.707107 -0.707107 0.000000
2451545.062688  1.2148618596e+00  1.000000 0.000000 0.000000  0.707107 -0.707107 0.000000
2451545.063355  1.2059398814e+00  1.000000 0.000000 0.000000  0.707107 -0.707107 0.000000
2451545.064022  1.1991234841e+00  1.000000 0.000000 0.000000  0.707107 -0.707107 0.000000
2451545.064689  1.1941581831e+00  1.000000 0.000000 0.000000  0.707107 -0.707107 0.000000
2451545.065356  1.1824332706e+00  1.000000 0.000000 0.000000  0.707107 -0.707107 0.000000
2451545.066023  1.1773102313e+00  1.000000 0.000000 0.000000  0.707107 -0.707107 0.000000
2451545.066690  1.1720730196e+00  1.000000 0.000000 0.000000  0.707107 -0.707107 0.000000
2451545.067356  1.1593560084e+00  1.000000 0.000000 0.000000  0.707107 -0.707107 0.000000
2451545.068023  1.1523575360e+00  1.000000 0.000000 0.000000  0.707107 -0.707107 0.000000
2451545.068690  1.1411361842e+00  1.000000 0.000000 0.000000  0.707107 -0.707107 0.000000
2451545.069357  1.1338006025e+00  1.000000 0.000000 0.000000  0.707107 -0.707107 0.000000
2451545.070024  1.1268393864e+00  1.000000 0.000000 0.000000  0.707107 -0.707107 0.000000
2451545.070691  1.1165278090e+00  1.000000 0.000000 0.000000  0.707107 -0.707107 0.000000
2451545.071358  1.1072533983e+00  1.000000 0.000000 0.000000  0.707107 -0.707107 0.000000
2451545.072025  1.1001107081e+00  1.000000 0.000000 0.000000  0.707107 -0.707107 0.000000
2451545.072692  1.0878173368e+00  1.000000 0.000000 0.000000  0.707107 -0.707107 0.000000
2451545.073359  1.0868174263e+00  1.000000 0.000000 0.000000  0.707107 -0.707107 0.000000
2451545.074025  1.0869436169e+00  1.000000 0.000000 0.000000  0.707107 -0.707107 0.000000
2451545.074692  1.0887784888e+00  1.000000 0.000000 0.000000  0.707107 -0.707107 0.000000
2451545.075359  1.0903375440e+00  1.000000 0.000000 0.000000  0.707107 -0.707107 0.000000
2451545.076026  1.0927943555e+00  1.000000 0.000000 0.000000  0.707107 -0.707107 0.000000
2451545.076693  1.0930942084e+00  1.000000 0.000000 0.000000  0.707107 -0.707107 0.000000
2451545.077360  1.0936368282e+00  1.000000 0.000000 0.000000  0.707107 -0.707107 0.000000
2451545.078027  1.0961885830e+00  1.000000 0.000000 0.000000  0.707107 -0.707107 0.000000
2451545.078694  1.0975895995e+00  1.000000 0.000000 0.000000  0.707107 -0.707107 0.000000
2451545.079361  1.1034772939e+00  1.000000 0.000000 0.000000  0.707107 -0.707107 0.000000
2451545.080028  1.1089344379e+00  1.000000 0.000000 0.000000  0.707107 -0.707107 0.000000
2451545.080694  1.1186180667e+00  1.000000 0.000000 0.000000  0.707107 -0.707107 0.000000
2451545.081361  1.1262550036e+00  1.000000 0.000000 0.000000  0.707107 -0.707107 0.000000
2451545.082028  1.1318629754e+00  1.000000 0.000000 0.000000  0.707107 -0.707107 0.000000
2451545.082695  1.1424365486e+00  1.000000 0.000000 0.000000  0.707107 -0.707107 0.000000
2451545.083362  1.1471233288e+00  1.000000 0.000000 0.000000  0.707107 -0.707107 0.000000
2451545.084029  1.1536768290e+00  1.000000 0.000000 0.000000  0.707107 -0.707107 0.000000
2451545.084696  1.1618449684e+00  1.000000 0.000000 0.000000  0.707107 -0.707107 0.000000
2451545.085363  1.1681265578e+00  1.000000 0.000000 0.000000  0.707107 -0.707107 0.000000
2451545.086030  1.1735350282e+00  1.000000 0.000000 0.000000  0.707107 -0.707107 0.000000
2451545.086696  1.1824684237e+00  1.000000 0.000000 0.000000  0.707107 -0.707107 0.000000
2451545.087363  1.1883741453e+00  1.000000 0.000000 0.000000  0.707107 -0.707107 0.000000
2451545.088030  1.1938330920e+00  1.000000 0.000000 0.000000  0.707107 -0.707107 0.000000
2451545.088697  1.2004421762e+00  1.000000 0.000000 0.000000  0.707107 -0.707107 0.000000
2451545.089364  1.2043907412e+00  1.000000 0.000000 0.000000  0.707107 -0.707107 0.000000
2451545.090031  1.2105521490e+00  1.000000 0.000000 0.000000  0.707107 -0.707107 0.000000
2451545.090698  1.2186154300e+00  1.000000 0.000000 0.000000  0.707107 -0.707107 0.000000
2451545.091365  1.2221262337e+00  1.000000 0.000000 0.000000  0.707107 -0.707107 0.000000
2451545.092032  1.2246497459e+00  1.000000 0.000000 0.000000  0.707107 -0.707107 0.000000
2451545.092699  1.2307005867e+00  1.000000 0.000000 0.000000  0.707107 -0.707107 0.000000
2451545.093365  1.2359789606e+00  1.000000 0.000000 0.000000  0.707107 -0.707107 0.000000
2451545.094032  1.2396544131e+00  1.000000 0.000000 0.000000  0.707107 -0.707107 0.000000
2451545.094699  1.2474004147e+00  1.000000 0.000000 0.000000  0.707107 -0.707107 0.000000
2451545.095366  1.2520655622e+00  1.000000 0.000000 0.000000  0.707107 -0.707107 0.000000
2451545.096033  1.2568424786e+00  1.000000 0.000000 0.000000  0.707107 -0.707107 0.000000
2451545.096700  1.2625751388e+00  1.000000 0.000000 0.000000  0.707107 -0.707107 0.000000
2451545.097367  1.2644043021e+00  1.000000 0.000000 0.000000  0.707107 -0.707107 0.000000
2451545.098034  1.2660970593e+00  1.000000 0.000000 0.000000  0.707107 -0.707107 0.000000
2451545.098701  1.2695772166e+00  1.000000 0.000000 0.000000  0.707107 -0.707107 0.000000
2451545.099367  1.2710341175e+00  1.000000 0.000000 0.000000  0.707107 -0.707107 0.000000
2451545.100034  1.2698311002e+00  1.000000 0.000000 0.000000  0.707107 -0.707107 0.000000
2451545.100701  1.2645968930e+00  1.000000 0.000000 0.000000  0.707107 -0.707107 0.000000
2451545.101368  1.2566039182e+00  1.000000 0.000000 0.000000  0.707107 -0.707107 0.000000
2451545.102035  1.2499449587e+00  1.000000 0.000000 0.000000  0.707107 -0.707107 0.000000
2451545.102702  1.2348856089e+00  1.000000 0.000000 0.000000  0.707107 -0.707107 0.000000
2451545.103369  1.2205245140e+00  1.000000 0.000000 0.000000  0.707107 -0.707107 0.000000
2451545.104036  1.2002871420e+00  1.000000 0.000000 0.000000  0.707107 -0.707107 0.000000
2451545.104703  1.1837294287e+00  1.000000 0.000000 0.000000  0.707107 -0.707107 0.000000
2451545.105370  1.1681863481e+00  1.000000 0.000000 0.000000  0.707107 -0.707107 0.000000
2451545.106036  1.1424846212e+00  1.000000 0.000000 0.000000  0.707107 -0.707107 0.000000
2451545.106703  1.1228715923e+00  1.000000 0.000000 0.000000  0.707107 -0.707107 0.000000
2451545.107370  1.1031068342e+00  1.000000 0.000000 0.000000  0.707107 -0.707107 0.000000
2451545.108037  1.0751342768e+00  1.000000 0.000000 0.000000  0.707107 -0.707107 0.000000
2451545.108704  1.0565124453e+00  1.000000 0.000000 0.000000  0.707107 -0.707107 0.000000
2451545.109371  1.0381865609e+00  1.000000 0.000000 0.000000  0.707107 -0.707107 0.000000
2451545.110038  1.0153634827e+00  1.000000 0.000000 0.000000  0.707107 -0.707107 0.000000
2451545.110705  9.9772143131e-01  1.000000 0.000000 0.000000  0.707107 -0.707107 0.000000
2451545.111372  9.8059135336e-01  1.000000 0.000000 0.000000  0.707107 -0.707107 0.000000
2451545.112039  9.4942256750e-01  1.000000 0.000000 0.000000  0.707107 -0.707107 0.000000
2451545.112705  9.3241928108e-01  1.000000 0.000000 0.000000  0.707107 -0.707107 0.000000
2451545.113372  9.1800981308e-01  1.000000 0.000000 0.000000  0.707107 -0.707107 0.000000
2451545.114039  8.9769071756e-01  1.000000 0.000000 0.000000  0.707107 -0.707107 0.000000
2451545.114706  8.8361265020e-01  1.000000 0.000000 0.000000  0.707107 -0.707107 0.000000
2451545.115373  8.6822911070e-01  1.000000 0.000000 0.000000  0.707107 -0.707107 0.000000
2451545.116040  8.3982389970e-01  1.000000 0.000000 0.000000  0.707107 -0.707107 0.000000
2451545.116707  8.1911571639e-01  1.000000 0.000000 0.000000  0.707107 -0.707107 0.000000
2451545.117374  7.9878310045e-01  1.000000 0.000000 0.000000  0.707107 -0.707107 0.000000
2451545.118041  7.6436130035e-01  1.000000 0.000000 0.000000  0.707107 -0.707107 0.000000
2451545.118707  7.4167853410e-01  1.000000 0.000000 0.000000  0.707107 -0.707107 0.000000
2451545.119374  7.1629408648e-01  1.000000 0.000000 0.000000  0.707107 -0.707107 0.000000
2451545.120041  6.7918352454e-01  1.000000 0.000000 0.000000  0.707107 -0.707107 0.000000
2451545.120708  6.5742615626e-01  1.000000 0.000000 0.000000  0.707107 -0.707107 0.000000
2451545.121375  6.4594190731e-01  1.000000 0.000000 0.000000  0.707107 -0.707107 0.000000
2451545.122042  6.4514870905e-01  1.000000 0.000000 0.000000  0.707107 -0.707107 0.000000
2451545.122709  6.4661852947e-01  1.000000 0.000000 0.000000  0.707107 -0.707107 0.000000
2451545.123376  6.4959332341e-01  1.000000 0.000000 0.000000  0.707107 -0.707107 0.000000
2451545.124043  6.4836416655e-01  1.000000 0.000000 0.000000  0.707107 -0.707107 0.000000
2451545.124710  6.4712749835e-01  1.000000 0.000000 0.000000  0.707107 -0.707107 0.000000
2451545.125376  6.4627420931e-01  1.000000 0.000000 0.000000  0.707107 -0.707107 0.000000
2451545.126043  6.4701933495e-01  1.000000 0.000000 0.000000  0.707107 -0.707107 0.000000
2451545.126710  6.5064611383e-01  1.000000 0.000000 0.000000  0.707107 -0.707107 0.000000
2451545.127377  6.5581842751e-01  1.000000 0.000000 0.000000  0.707107 -0.707107 0.000000
2451545.128044  6.5872021116e-01  1.000000 0.000000 0.000000  0.707107 -0.707107 0.000000
2451545.128711  6.6075879078e-01  1.000000 0.000000 0.000000  0.707107 -0.707107 0.000000
2451545.129378  6.6427770672e-01  1.000000 0.000000 0.000000  0.707107 -0.707107 0.000000
2451545.130045  6.6996980562e-01  1.000000 0.000000 0.000000  0.707107 -0.707107 0.000000
2451545.130712  6.7472418794e-01  1.000000 0.000000 0.000000  0.707107 -0.707107 0.000000
2451545.131378  6.7822687936e-01  1.000000 0.000000 0.000000  0.707107 -0.707107 0.000000
2451545.132045  6.8533742107e-01  1.000000 0.000000 0.000000  0.707107 -0.707107 0.000000
2451545.132712  6.9131765525e-01  1.000000 0.000000 0.000000  0.707107 -0.707107 0.000000
2451545.133379  6.9788107043e-01  1.000000 0.000000 0.000000  0.707107 -0.707107 0.000000
2451545.134046  7.0989021232e-01  1.000000 0.000000 0.000000  0.707107 -0.707107 0.000000
2451545.134713  7.1399891923e-01  1.000000 0.000000 0.000000  0.707107 -0.707107 0.000000
2451545.135380  7.1810912842e-01  1.000000 0.000000 0.000000  0.707107 -0.707107 0.000000
2451545.136047  7.2177676903e-01  1.000000 0.000000 0.000000  0.707107 -0.707107 0.000000
2451545.136714  7.2415456109e-01  1.000000 0.000000 0.000000  0.707107 -0.707107 0.000000
2451545.137381  7.2717892993e-01  1.000000 0.000000 0.000000  0.707107 -0.707107 0.000000
2451545.138047  7.2695869723e-01  1.000000 0.000000 0.000000  0.707107 -0.707107 0.000000
2451545.138714  7.2593955764e-01  1.000000 0.000000 0.000000  0.707107 -0.707107 0.000000
2451545.139381  7.1933107438e-01  1.000000 0.000000 0.000000  0.707107 -0.707107 0.000000
2451545.140048  7.1368824991e-01  1.000000 0.000000 0.000000  0.707107 -0.707107 0.000000
2451545.140715  7.0640855267e-01  1.000000 0.000000 0.000000  0.707107 -0.707107 0.000000
2451545.141382  6.8854416541e-01  1.000000 0.000000 0.000000  0.707107 -0.707107 0.000000
2451545.142049  6.7699381661e-01  1.000000 0.000000 0.000000  0.707107 -0.707107 0.000000
2451545.142716  6.6541822968e-01  1.000000 0.000000 0.000000  0.707107 -0.707107 0.000000
2451545.143383  6.4979763205e-01  1.000000 0.000000 0.000000  0.707107 -0.707107 0.000000
2451545.144050  6.3881964790e-01  1.000000 0.000000 0.000000  0.707107 -0.707107 0.000000
2451545.144716  6.2865619424e-01  1.000000 0.000000 0.000000  0.707107 -0.707107 0.000000
2451545.145383  6.1421517858e-01  1.000000 0.000000 0.000000  0.707107 -0.707107 0.000000
2451545.146050  6.0481247417e-01  1.000000 0.000000 0.000000  0.707107 -0.707107 0.000000
2451545.146717  5.9766647890e-01  1.000000 0.000000 0.000000  0.707107 -0.707107 0.000000
2451545.147384  5.9358841828e-01  1.000000 0.000000 0.000000  0.707107 -0.707107 0.000000
2451545.148051  5.9906449084e-01  1.000000 0.000000 0.000000  0.707107 -0.707107 0.000000
2451545.148718  6.0467997400e-01  1.000000 0.000000 0.000000  0.707107 -0.707107 0.000000
2451545.149385  6.1602841780e-01  1.000000 0.000000 0.000000  0.707107 -0.707107 0.000000
2451545.150052  6.2856155127e-01  1.000000 0.000000 0.000000  0.707107 -0.707107 0.000000
2451545.150718  6.4548671967e-01  1.000000 0.000000 0.000000  0.707107 -0.707107 0.000000
2451545.151385  6.7761936160e-01  1.000000 0.000000 0.000000  0.707107 -0.707107 0.000000
2451545.152052  7.0116052461e-01  1.000000 0.000000 0.000000  0.707107 -0.707107 0.000000
2451545.152719  7.2424019045e-01  1.000000 0.000000 0.000000  0.707107 -0.707107 0.000000
2451545.153386  7.5874251219e-01  1.000000 0.000000 0.000000  0.707107 -0.707107 0.000000
2451545.154053  7.8153674684e-01  1.000000 0.000000 0.000000  0.707107 -0.707107 0.000000
2451545.154720  8.0229450504e-01  1.000000 0.000000 0.000000  0.707107 -0.707107 0.000000
2451545.155387  8.3703929307e-01  1.000000 0.000000 0.000000  0.707107 -0.707107 0.000000
2451545.156054  8.5863832215e-01  1.000000 0.000000 0.000000  0.707107 -0.707107 0.000000
2451545.156721  8.8310668585e-01  1.000000 0.000000 0.000000  0.707107 -0.707107 0.000000
2451545.157387  9.2049096129e-01  1.000000 0.000000 0.000000  0.707107 -0.707107 0.000000
2451545.158054  9.4395100175e-01  1.000000 0.000000 0.000000  0.707107 -0.707107 0.000000
2451545.158721  9.6539439572e-01  1.000000 0.000000 0.000000  0.707107 -0.707107 0.000000
2451545.159388  9.9438639316e-01  1.000000 0.000000 0.000000  0.707107 -0.707107 0.000000
2451545.160055  1.0091197504e+00  1.000000 0.000000 0.000000  0.707107 -0.707107 0.000000
2451545.160722  1.0202873210e+00  1.000000 0.000000 0.000000  0.707107 -0.707107 0.000000
2451545.161389  1.0342668395e+00  1.000000 0.000000 0.000000  0.707107 -0.707107 0.000000
2451545.162056  1.0398585868e+00  1.000000 0.000000 0.000000  0.707107 -0.707107 0.000000
2451545.162723  1.0468955173e+00  1.000000 0.000000 0.000000  0.707107 -0.707107 0.000000
2451545.163389  1.0549203402e+00  1.000000 0.000000 0.000000  0.707107 -0.707107 0.000000
2451545.164056  1.0604628131e+00  1.000000 0.000000 0.000000  0.707107 -0.707107 0.000000
2451545.164723  1.0643065196e+00  1.000000 0.000000 0.000000  0.707107 -0.707107 0.000000
2451545.165390  1.0716213700e+00  1.000000 0.000000 0.000000  0.707107 -0.707107 0.000000
2451545.166057  1.0770926353e+00  1.000000 0.000000 0.000000  0.707107 -0.707107 0.000000
2451545.166724  1.0821745123e+00  1.000000 0.000000 0.000000  0.707107 -0.707107 0.000000
2451545.167391  1.0891976220e+00  1.000000 0.000000 0.000000  0.707107 -0.707107 0.000000
2451545.168058  1.0935668224e+00  1.000000 0.000000 0.000000  0.707107 -0.707107 0.000000
2451545.168725  1.0988581158e+00  1.000000 0.000000 0.000000  0.707107 -0.707107 0.000000
2451545.169392  1.1043137575e+00  1.000000 0.000000 0.000000  0.707107 -0.707107 0.000000
2451545.170058  1.1086862629e+00  1.000000 0.000000 0.000000  0.707107 -0.707107 0.000000
2451545.170725  1.1108648541e+00  1.000000 0.000000 0.000000  0.707107 -0.707107 0.000000
2451545.171392  1.1157349111e+00  1.000000 0.000000 0.000000  0.707107 -0.707107 0.000000
2451545.172059  1.1198174786e+00  1.000000 0.000000 0.000000  0.707107 -0.707107 0.000000
2451545.172726  1.1252265499e+00  1.000000 0.000000 0.000000  0.707107 -0.707107 0.000000
2451545.173393  1.1297652063e+00  1.000000 0.000000 0.000000  0.707107 -0.707107 0.000000
2451545.174060  1.1340397638e+00  1.000000 0.000000 0.000000  0.707107 -0.707107 0.000000
2451545.174727  1.1409526068e+00  1.000000 0.000000 0.000000  0.707107 -0.707107 0.000000
2451545.175394  1.1469625860e+00  1.000000 0.000000 0.000000  0.707107 -0.707107 0.000000
2451545.176061  1.1535485352e+00  1.000000 0.000000 0.000000  0.707107 -0.707107 0.000000
2451545.176727  1.1634181449e+00  1.000000 0.000000 0.000000  0.707107 -0.707107 0.000000
2451545.177394  1.1693424947e+00  1.000000 0.000000 0.000000  0.707107 -0.707107 0.000000
2451545.178061  1.1775674199e+00  1.000000 0.000000 0.000000  0.707107 -0.707107 0.000000
2451545.178728  1.1890354443e+00  1.000000 0.000000 0.000000  0.707107 -0.707107 0.000000
2451545.179395  1.1978519632e+00  1.000000 0.000000 0.000000  0.707107 -0.707107 0.000000
2451545.180062  1.2061441900e+00  1.000000 0.000000 0.000000  0.707107 -0.707107 0.000000
2451545.180729  1.2184712122e+00  1.000000 0.000000 0.000000  0.707107 -0.707107 0.000000
2451545.181396  1.2276999538e+00  1.000000 0.000000 0.000000  0.707107 -0.707107 0.000000
2451545.182063  1.2359450094e+00  1.000000 0.000000 0.000000  0.707107 -0.707107 0.000000
2451545.182729  1.2470536909e+00  1.000000 0.000000 0.000000  0.707107 -0.707107 0.000000
2451545.183396  1.2544033939e+00  1.000000 0.000000 0.000000  0.707107 -0.707107 0.000000
2451545.184063  1.2617020198e+00  1.000000 0.000000 0.000000  0.707107 -0.707107 0.000000
2451545.184730  1.2725225661e+00  1.000000 0.000000 0.000000  0.707107 -0.707107 0.000000
2451545.185397  1.2799831366e+00  1.000000 0.000000 0.000000  0.707107 -0.707107 0.000000
2451545.186064  1.2844226432e+00  1.000000 0.000000 0.000000  0.707107 -0.707107 0.000000
2451545.186731  1.2931658514e+00  1.000000 0.000000 0.000000  0.707107 -0.707107 0.000000
2451545.187398  1.3006264218e+00  1.000000 0.000000 0.000000  0.707107 -0.707107 0.000000
2451545.188065  1.3047300210e+00  1.000000 0.000000 0.000000  0.707107 -0.707107 0.000000
2451545.188732  1.3126220433e+00  1.000000 0.000000 0.000000  0.707107 -0.707107 0.000000
2451545.189398  1.3156196718e+00  1.000000 0.000000 0.000000  0.707107 -0.707107 0.000000
2451545.190065  1.3212081141e+00  1.000000 0.000000 0.000000  0.707107 -0.707107 0.000000
2451545.190732  1.3260481257e+00  1.000000 0.000000 0.000000  0.707107 -0.707107 0.000000
2451545.191399  1.3282744891e+00  1.000000 0.000000 0.000000  0.707107 -0.707107 0.000000
2451545.192066  1.3298810160e+00  1.000000 0.000000 0.000000  0.707107 -0.707107 0.000000
2451545.192733  1.3342108570e+00  1.000000 0.000000 0.000000  0.707107 -0.707107 0.000000
2451545.193400  1.3365949586e+00  1.000000 0.000000 0.000000  0.707107 -0.707107 0.000000
2451545.194067  1.3367247546e+00  1.000000 0.000000 0.000000  0.707107 -0.707107 0.000000
2451545.194734  1.3375954700e+00  1.000000 0.000000 0.000000  0.707107 -0.707107 0.000000
2451545.195400  1.3356305016e+00  1.000000 0.000000 0.000000  0.707107 -0.707107 0.000000
2451545.196067  1.3360535407e+00  1.000000 0.000000 0.000000  0.707107 -0.707107 0.000000
2451545.196734  1.3344986918e+00  1.000000 0.000000 0.000000  0.707107 -0.707107 0.000000
2451545.197401  1.3310284494e+00  1.000000 0.000000 0.000000  0.707107 -0.707107 0.000000
2451545.198068  1.3304768160e+00  1.000000 0.000000 0.000000  0.707107 -0.707107 0.000000
2451545.198735  1.3263047134e+00  1.000000 0.000000 0.000000  0.707107 -0.707107 0.000000
2451545.199402  1.3250809647e+00  1.000000 0.000000 0.000000  0.707107 -0.707107 0.000000
2451545.200069  1.3212408635e+00  1.000000 0.000000 0.000000  0.707107 -0.707107 0.000000
2451545.200736  1.3167028080e+00  1.000000 0.000000 0.000000  0.707107 -0.707107 0.000000
2451545.201403  1.3135711771e+00  1.000000 0.000000 0.000000  0.707107 -0.707107 0.000000
2451545.202069  1.3102634803e+00  1.000000 0.000000 0.000000  0.707107 -0.707107 0.000000
2451545.202736  1.3015749548e+00  1.000000 0.000000 0.000000  0.707107 -0.707107 0.000000
2451545.203403  1.2962851636e+00  1.000000 0.000000 0.000000  0.707107 -0.707107 0.000000
2451545.204070  1.2880067577e+00  1.000000 0.000000 0.000000  0.707107 -0.707107 0.000000
2451545.204737  1.2785358502e+00  1.000000 0.000000 0.000000  0.707107 -0.707107 0.000000
2451545.205404  1.2731982869e+00  1.000000 0.000000 0.000000  0.707107 -0.707107 0.000000
2451545.206071  1.2619580065e+00  1.000000 0.000000 0.000000  0.707107 -0.707107 0.000000
2451545.206738  1.2543664381e+00  1.000000 0.000000 0.000000  0.707107 -0.707107 0.000000
2451545.207405  1.2431664185e+00  1.000000 0.000000 0.000000  0.707107 -0.707107 0.000000
2451545.208072  1.2301585679e+00  1.000000 0.000000 0.000000  0.707107 -0.707107 0.000000
2451545.208738  1.2233598974e+00  1.000000 0.000000 0.000000  0.707107 -0.707107 0.000000
2451545.209405  1.2134235868e+00  1.000000 0.000000 0.000000  0.707107 -0.707107 0.000000
2451545.210072  1.2009679705e+00  1.000000 0.000000 0.000000  0.707107 -0.707107 0.000000
2451545.210739  1.1898088126e+00  1.000000 0.000000 0.000000  0.707107 -0.707107 0.000000
2451545.211406  1.1810145273e+00  1.000000 0.000000 0.000000  0.707107 -0.707107 0.000000
2451545.212073  1.1652893718e+00  1.000000 0.000000 0.000000  0.707107 -0.707107 0.000000
2451545.212740  1.1556652328e+00  1.000000 0.000000 0.000000  0.707107 -0.707107 0.000000
2451545.213407  1.1438513860e+00  1.000000 0.000000 0.000000  0.707107 -0.707107 0.000000
2451545.214074  1.1272636273e+00  1.000000 0.000000 0.000000  0.707107 -0.707107 0.000000
2451545.214740  1.1181130037e+00  1.000000 0.000000 0.000000  0.707107 -0.707107 0.000000
2451545.215407  1.1088521135e+00  1.000000 0.000000 0.000000  0.707107 -0.707107 0.000000
2451545.216074  1.0949498116e+00  1.000000 0.000000 0.000000  0.707107 -0.707107 0.000000
2451545.216741  1.0850774978e+00  1.000000 0.000000 0.000000  0.707107 -0.707107 0.000000
2451545.217408  1.0417156923e+00  1.000000 0.000000 0.000000  0.707107 -0.707107 0.000000
2451545.218075  1.0430866634e+00  1.000000 0.000000 0.000000  0.707107 -0.707107 0.000000
2451545.218742  1.0424160503e+00  1.000000 0.000000 0.000000  0.707107 -0.707107 0.000000
2451545.219409  1.0439192211e+00  1.000000 0.000000 0.000000  0.707107 -0.707107 0.000000
2451545.220076  1.0432182622e+00  1.000000 0.000000 0.000000  0.707107 -0.707107 0.000000
2451545.220743  1.0426537093e+00  1.000000 0.000000 0.000000  0.707107 -0.707107 0.000000
2451545.221409  1.0417147909e+00  1.000000 0.000000 0.000000  0.707107 -0.707107 0.000000
2451545.222076  1.0397867783e+00  1.000000 0.000000 0.000000  0.707107 -0.707107 0.000000
2451545.222743  1.0389446061e+00  1.000000 0.000000 0.000000  0.707107 -0.707107 0.000000
2451545.223410  1.0317183896e+00  1.000000 0.000000 0.000000  0.707107 -0.707107 0.000000
2451545.224077  1.0229559524e+00  1.000000 0.000000 0.000000  0.707107 -0.707107 0.000000
2451545.224744  1.0115690505e+00  1.000000 0.000000 0.000000  0.707107 -0.707107 0.000000
2451545.225411  1.0057552678e+00  1.000000 0.000000 0.000000  0.707107 -0.707107 0.000000
2451545.226078  9.9666834043e-01  1.000000 0.000000 0.000000  0.707107 -0.707107 0.000000
2451545.226745  9.8834817138e-01  1.000000 0.000000 0.000000  0.707107 -0.707107 0.000000
2451545.227411  9.7990661895e-01  1.000000 0.000000 0.000000  0.707107 -0.707107 0.000000
2451545.228078  9.6711900103e-01  1.000000 0.000000 0.000000  0.707107 -0.707107 0.000000
2451545.228745  9.5709706115e-01  1.000000 0.000000 0.000000  0.707107 -0.707107 0.000000
2451545.229412  9.4445185838e-01  1.000000 0.000000 0.000000  0.707107 -0.707107 0.000000
2451545.230079  9.2434368149e-01  1.000000 0.000000 0.000000  0.707107 -0.707107 0.000000
2451545.230746  9.0756002687e-01  1.000000 0.000000 0.000000  0.707107 -0.707107 0.000000
2451545.231413  8.9281795641e-01  1.000000 0.000000 0.000000  0.707107 -0.707107 0.000000
2451545.232080  8.6609047992e-01  1.000000 0.000000 0.000000  0.707107 -0.707107 0.000000
2451545.232747  8.4654174817e-01  1.000000 0.000000 0.000000  0.707107 -0.707107 0.000000
2451545.233414  8.2614814009e-01  1.000000 0.000000 0.000000  0.707107 -0.707107 0.000000
2451545.234080  7.9510133851e-01  1.000000 0.000000 0.000000  0.707107 -0.707107 0.000000
2451545.234747  7.7375709433e-01  1.000000 0.000000 0.000000  0.707107 -0.707107 0.000000
2451545.235414  7.5301165474e-01  1.000000 0.000000 0.000000  0.707107 -0.707107 0.000000
2451545.236081  7.3315165276e-01  1.000000 0.000000 0.000000  0.707107 -0.707107 0.000000
2451545.236748  7.2818094364e-01  1.000000 0.000000 0.000000  0.707107 -0.707107 0.000000
2451545.237415  7.2545642779e-01  1.000000 0.000000 0.000000  0.707107 -0.707107 0.000000
2451545.238082  7.2126149061e-01  1.000000 0.000000 0.000000  0.707107 -0.707107 0.000000
2451545.238749  7.1794688332e-01  1.000000 0.000000 0.000000  0.707107 -0.707107 0.000000
2451545.239416  7.1596088312e-01  1.000000 0.000000 0.000000  0.707107 -0.707107 0.000000
360  1
2451545.000000  6.5977991960e-01  1.000000 0.000000 0.000000  0.000000 -0.000000 1.000000
2451545.000667  6.6069179494e-01  1.000000 0.000000 0.000000  0.000000 -0.000000 1.000000
2451545.001334  6.5982398133e-01  1.000000 0.000000 0.000000  0.000000 -0.000000 1.000000
2451545.002001  6.6164823847e-01  1.000000 0.000000 0.000000  0.000000 -0.000000 1.000000
2451545.002668  6.6385081878e-01  1.000000 0.000000 0.000000  0.000000 -0.000000 1.000000
2451545.003334  6.6594096570e-01  1.000000 0.000000 0.000000  0.000000 -0.000000 1.000000
2451545.004001  6.7345171899e-01  1.000000 0.000000 0.000000  0.000000 -0.000000 1.000000
2451545.004668  6.8052134847e-01  1.000000 0.000000 0.000000  0.000000 -0.000000 1.000000
2451545.005335  6.9027773089e-01  1.000000 0.000000 0.000000  0.000000 -0.000000 1.000000
2451545.006002  7.0538685449e-01  1.000000 0.000000 0.000000  0.000000 -0.000000 1.000000
2451545.006669  7.1656207544e-01  1.000000 0.000000 0.000000  0.000000 -0.000000 1.000000
2451545.007336  7.2867069614e-01  1.000000 0.000000 0.000000  0.000000 -0.000000 1.000000
2451545.008003  7.4659521269e-01  1.000000 0.000000 0.000000  0.000000 -0.000000 1.000000
2451545.008670  7.5812849855e-01  1.000000 0.000000 0.000000  0.000000 -0.000000 1.000000
2451545.009337  7.7045945375e-01  1.000000 0.000000 0.000000  0.000000 -0.000000 1.000000
2451545.010003  7.8753590851e-01  1.000000 0.000000 0.000000  0.000000 -0.000000 1.000000
2451545.010670  7.9875493797e-01  1.000000 0.000000 0.000000  0.000000 -0.000000 1.000000
2451545.011337  8.0885393837e-01  1.000000 0.000000 0.000000  0.000000 -0.000000 1.000000
2451545.012004  8.2231885019e-01  1.000000 0.000000 0.000000  0.000000 -0.000000 1.000000
2451545.012671  8.3051078778e-01  1.000000 0.000000 0.000000  0.000000 -0.000000 1.000000
2451545.013338  8.3786327334e-01  1.000000 0.000000 0.000000  0.000000 -0.000000 1.000000
2451545.014005  8.5022689501e-01  1.000000 0.000000 0.000000  0.000000 -0.000000 1.000000
2451545.014672  8.5733704102e-01  1.000000 0.000000 0.000000  0.000000 -0.000000 1.000000
2451545.015339  8.6519117197e-01  1.000000 0.000000 0.000000  0.000000 -0.000000 1.000000
2451545.016006  8.7620458000e-01  1.000000 0.000000 0.000000  0.000000 -0.000000 1.000000
2451545.016672  8.8311796758e-01  1.000000 0.000000 0.000000  0.000000 -0.000000 1.000000
2451545.017339  8.9152844124e-01  1.000000 0.000000 0.000000  0.000000 -0.000000 1.000000
2451545.018006  9.0362212147e-01  1.000000 0.000000 0.000000  0.000000 -0.000000 1.000000
2451545.018673  9.1169782724e-01  1.000000 0.000000 0.000000  0.000000 -0.000000 1.000000
2451545.019340  9.1931442999e-01  1.000000 0.000000 0.000000  0.000000 -0.000000 1.000000
2451545.020007  9.2935999921e-01  1.000000 0.000000 0.000000  0.000000 -0.000000 1.000000
2451545.020674  9.3514930607e-01  1.000000 0.000000 0.000000  0.000000 -0.000000 1.000000
2451545.021341  9.4271982126e-01  1.000000 0.000000 0.000000  0.000000 -0.000000 1.000000
2451545.022008  9.5226982256e-01  1.000000 0.000000 0.000000  0.000000 -0.000000 1.000000
2451545.022674  9.5963294372e-01  1.000000 0.000000 0.000000  0.000000 -0.000000 1.000000
2451545.023341  9.6704392503e-01  1.000000 0.000000 0.000000  0.000000 -0.000000 1.000000
2451545.024008  9.7493553378e-01  1.000000 0.000000 0.000000  0.000000 -0.000000 1.000000
2451545.024675  9.8278130820e-01  1.000000 0.000000 0.000000  0.000000 -0.000000 1.000000
2451545.025342  9.9264100779e-01  1.000000 0.000000 0.000000  0.000000 -0.000000 1.000000
2451545.026009  1.0107845669e+00  1.000000 0.000000 0.000000  0.000000 -0.000000 1.000000
2451545.026676  1.0223859712e+00  1.000000 0.000000 0.000000  0.000000 -0.000000 1.000000
2451545.027343  1.0333920356e+00  1.000000 0.000000 0.000000  0.000000 -0.000000 1.000000
2451545.028010  1.0464353222e+00  1.000000 0.000000 0.000000  0.000000 -0.000000 1.000000
2451545.028677  1.0530643343e+00  1.000000 0.000000 0.000000  0.000000 -0.000000 1.000000
2451545.029343  1.0575943365e+00  1.000000 0.000000 0.000000  0.000000 -0.000000 1.000000
2451545.030010  1.0666581393e+00  1.000000 0.000000 0.000000  0.000000 -0.000000 1.000000
2451545.030677  1.0723648938e+00  1.000000 0.000000 0.000000  0.000000 -0.000000 1.000000
2451545.031344  1.0796388785e+00  1.000000 0.000000 0.000000  0.000000 -0.000000 1.000000
2451545.032011  1.0886358291e+00  1.000000 0.000000 0.000000  0.000000 -0.000000 1.000000
2451545.032678  1.0944973060e+00  1.000000 0.000000 0.000000  0.000000 -0.000000 1.000000
2451545.033345  1.1017763554e+00  1.000000 0.000000 0.000000  0.000000 -0.000000 1.000000
2451545.034012  1.1103263579e+00  1.000000 0.000000 0.000000  0.000000 -0.000000 1.000000
2451545.034679  1.1178229304e+00  1.000000 0.000000 0.000000  0.000000 -0.000000 1.000000
2451545.035345  1.1266899748e+00  1.000000 0.000000 0.000000  0.000000 -0.000000 1.000000
2451545.036012  1.1318677352e+00  1.000000 0.000000 0.000000  0.000000 -0.000000 1.000000
2451545.036679  1.1395527096e+00  1.000000 0.000000 0.000000  0.000000 -0.000000 1.000000
2451545.037346  1.1453101097e+00  1.000000 0.000000 0.000000  0.000000 -0.000000 1.000000
2451545.038013  1.1511589252e+00  1.000000 0.000000 0.000000  0.000000 -0.000000 1.000000
2451545.038680  1.1550388902e+00  1.000000 0.000000 0.000000  0.000000 -0.000000 1.000000
2451545.039347  1.1626618236e+00  1.000000 0.000000 0.000000  0.000000 -0.000000 1.000000
2451545.040014  1.1667458907e+00  1.000000 0.000000 0.000000  0.000000 -0.000000 1.000000
2451545.040681  1.1701247168e+00  1.000000 0.000000 0.000000  0.000000 -0.000000 1.000000
2451545.041348  1.1760264570e+00  1.000000 0.000000 0.000000  0.000000 -0.000000 1.000000
2451545.042014  1.1784263022e+00  1.000000 0.000000 0.000000  0.000000 -0.000000 1.000000
2451545.042681  1.1808732479e+00  1.000000 0.000000 0.000000  0.000000 -0.000000 1.000000
2451545.043348  1.1837780305e+00  1.000000 0.000000 0.000000  0.000000 -0.000000 1.000000
2451545.044015  1.1836174837e+00  1.000000 0.000000 0.000000  0.000000 -0.000000 1.000000
2451545.044682  1.1845427802e+00  1.000000 0.000000 0.000000  0.000000 -0.000000 1.000000
2451545.045349  1.1845911468e+00  1.000000 0.000000 0.000000  0.000000 -0.000000 1.000000
2451545.046016  1.1853751418e+00  1.000000 0.000000 0.000000  0.000000 -0.000000 1.000000
2451545.046683  1.1835592412e+00  1.000000 0.000000 0.000000  0.000000 -0.000000 1.000000
2451545.047350  1.1806721846e+00  1.000000 0.000000 0.000000  0.000000 -0.000000 1.000000
2451545.048017  1.1785534229e+00  1.000000 0.000000 0.000000  0.000000 -0.000000 1.000000
2451545.048683  1.1774285825e+00  1.000000 0.000000 0.000000  0.000000 -0.000000 1.000000
2451545.049350  1.1731143308e+00  1.000000 0.000000 0.000000  0.000000 -0.000000 1.000000
2451545.050017  1.1694288452e+00  1.000000 0.000000 0.000000  0.000000 -0.000000 1.000000
2451545.050684  1.1658271782e+00  1.000000 0.000000 0.000000  0.000000 -0.000000 1.000000
2451545.051351  1.1595714247e+00  1.000000 0.000000 0.000000  0.000000 -0.000000 1.000000
2451545.052018  1.1570510428e+00  1.000000 0.000000 0.000000  0.000000 -0.000000 1.000000
2451545.052685  1.1522561637e+00  1.000000 0.000000 0.000000  0.000000 -0.000000 1.000000
2451545.053352  1.1463627800e+00  1.000000 0.000000 0.000000  0.000000 -0.000000 1.000000
2451545.054019  1.1417400962e+00  1.000000 0.000000 0.000000  0.000000 -0.000000 1.000000
2451545.054685  1.1375980398e+00  1.000000 0.000000 0.000000  0.000000 -0.000000 1.000000
2451545.055352  1.1315767758e+00  1.000000 0.000000 0.000000  0.000000 -0.000000 1.000000
2451545.056019  1.1267464447e+00  1.000000 0.000000 0.000000  0.000000 -0.000000 1.000000
2451545.056686  1.1211131265e+00  1.000000 0.000000 0.000000  0.000000 -0.000000 1.000000
2451545.057353  1.1141772016e+00  1.000000 0.000000 0.000000  0.000000 -0.000000 1.000000
2451545.058020  1.1083549751e+00  1.000000 0.000000 0.000000  0.000000 -0.000000 1.000000
2451545.058687  1.1043326957e+00  1.000000 0.000000 0.000000  0.000000 -0.000000 1.000000
2451545.059354  1.0953319467e+00  1.000000 0.000000 0.000000  0.000000 -0.000000 1.000000
2451545.060021  1.0911235445e+00  1.000000 0.000000 0.000000  0.000000 -0.000000 1.000000
2451545.060688  1.0850235265e+00  1.000000 0.000000 0.000000  0.000000 -0.000000 1.000000
2451545.061354  1.0761633192e+00  1.000000 0.000000 0.000000  0.000000 -0.000000 1.000000
2451545.062021  1.0708179217e+00  1.000000 0.000000 0.000000  0.000000 -0.000000 1.000000
2451545.062688  1.0639956963e+00  1.000000 0.000000 0.000000  0.000000 -0.000000 1.000000
2451545.063355  1.0560620517e+00  1.000000 0.000000 0.000000  0.000000 -0.000000 1.000000
2451545.064022  1.0524596250e+00  1.000000 0.000000 0.000000  0.000000 -0.000000 1.000000
2451545.064689  1.0489415233e+00  1.000000 0.000000 0.000000  0.000000 -0.000000 1.000000
2451545.065356  1.0434449484e+00  1.000000 0.000000 0.000000  0.000000 -0.000000 1.000000
2451545.066023  1.0399207693e+00  1.000000 0.000000 0.000000  0.000000 -0.000000 1.000000
2451545.066690  1.0362788389e+00  1.000000 0.000000 0.000000  0.000000 -0.000000 1.000000
2451545.067356  1.0303943182e+00  1.000000 0.000000 0.000000  0.000000 -0.000000 1.000000
2451545.068023  1.0251603411e+00  1.000000 0.000000 0.000000  0.000000 -0.000000 1.000000
2451545.068690  1.0197503703e+00  1.000000 0.000000 0.000000  0.000000 -0.000000 1.000000
2451545.069357  1.0156354094e+00  1.000000 0.000000 0.000000  0.000000 -0.000000 1.000000
2451545.070024  1.0118157128e+00  1.000000 0.000000 0.000000  0.000000 -0.000000 1.000000
2451545.070691  1.0056359278e+00  1.000000 0.000000 0.000000  0.000000 -0.000000 1.000000
2451545.071358  1.0001851872e+00  1.000000 0.000000 0.000000  0.000000 -0.000000 1.000000
2451545.072025  9.9513606687e-01  1.000000 0.000000 0.000000  0.000000 -0.000000 1.000000
2451545.072692  9.9097451193e-01  1.000000 0.000000 0.000000  0.000000 -0.000000 1.000000
2451545.073359  9.9606364237e-01  1.000000 0.000000 0.000000  0.000000 -0.000000 1.000000
2451545.074025  1.0003538373e+00  1.000000 0.000000 0.000000  0.000000 -0.000000 1.000000
2451545.074692  1.0057359530e+00  1.000000 0.000000 0.000000  0.000000 -0.000000 1.000000
2451545.075359  1.0113426822e+00  1.000000 0.000000 0.000000  0.000000 -0.000000 1.000000
2451545.076026  1.0159387770e+00  1.000000 0.000000 0.000000  0.000000 -0.000000 1.000000
2451545.076693  1.0225693085e+00  1.000000 0.000000 0.000000  0.000000 -0.000000 1.000000
2451545.077360  1.0269942209e+00  1.000000 0.000000 0.000000  0.000000 -0.000000 1.000000
2451545.078027  1.0312758061e+00  1.000000 0.000000 0.000000  0.000000 -0.000000 1.000000
2451545.078694  1.0381983099e+00  1.000000 0.000000 0.000000  0.000000 -0.000000 1.000000
2451545.079361  1.0425720702e+00  1.000000 0.000000 0.000000  0.000000 -0.000000 1.000000
2451545.080028  1.0472762936e+00  1.000000 0.000000 0.000000  0.000000 -0.000000 1.000000
2451545.080694  1.0540850978e+00  1.000000 0.000000 0.000000  0.000000 -0.000000 1.000000
2451545.081361  1.0594991203e+00  1.000000 0.000000 0.000000  0.000000 -0.000000 1.000000
2451545.082028  1.0643583193e+00  1.000000 0.000000 0.000000  0.000000 -0.000000 1.000000
2451545.082695  1.0716176169e+00  1.000000 0.000000 0.000000  0.000000 -0.000000 1.000000
2451545.083362  1.0750822873e+00  1.000000 0.000000 0.000000  0.000000 -0.000000 1.000000
2451545.084029  1.0802278877e+00  1.000000 0.000000 0.000000  0.000000 -0.000000 1.000000
2451545.084696  1.0852615611e+00  1.000000 0.000000 0.000000  0.000000 -0.000000 1.000000
2451545.085363  1.0888693056e+00  1.000000 0.000000 0.000000  0.000000 -0.000000 1.000000
2451545.086030  1.0929445097e+00  1.000000 0.000000 0.000000  0.000000 -0.000000 1.000000
2451545.086696  1.0982078613e+00  1.000000 0.000000 0.000000  0.000000 -0.000000 1.000000
2451545.087363  1.1021650609e+00  1.000000 0.000000 0.000000  0.000000 -0.000000 1.000000
2451545.088030  1.1049607021e+00  1.000000 0.000000 0.000000  0.000000 -0.000000 1.000000
2451545.088697  1.1090921228e+00  1.000000 0.000000 0.000000  0.000000 -0.000000 1.000000
2451545.089364  1.1132959669e+00  1.000000 0.000000 0.000000  0.000000 -0.000000 1.000000
2451545.090031  1.1157370883e+00  1.000000 0.000000 0.000000  0.000000 -0.000000 1.000000
2451545.090698  1.1209163681e+00  1.000000 0.000000 0.000000  0.000000 -0.000000 1.000000
2451545.091365  1.1233453346e+00  1.000000 0.000000 0.000000  0.000000 -0.000000 1.000000
2451545.092032  1.1248933195e+00  1.000000 0.000000 0.000000  0.000000 -0.000000 1.000000
2451545.092699  1.1280252480e+00  1.000000 0.000000 0.000000  0.000000 -0.000000 1.000000
2451545.093365  1.1297905029e+00  1.000000 0.000000 0.000000  0.000000 -0.000000 1.000000
2451545.094032  1.1326970581e+00  1.000000 0.000000 0.000000  0.000000 -0.000000 1.000000
2451545.094699  1.1361313411e+00  1.000000 0.000000 0.000000  0.000000 -0.000000 1.000000
2451545.095366  1.1372349103e+00  1.000000 0.000000 0.000000  0.000000 -0.000000 1.000000
2451545.096033  1.1392536469e+00  1.000000 0.000000 0.000000  0.000000 -0.000000 1.000000
2451545.096700  1.1423913995e+00  1.000000 0.000000 0.000000  0.000000 -0.000000 1.000000
2451545.097367  1.1458981059e+00  1.000000 0.000000 0.000000  0.000000 -0.000000 1.000000
2451545.098034  1.1478340368e+00  1.000000 0.000000 0.000000  0.000000 -0.000000 1.000000
2451545.098701  1.1503718914e+00  1.000000 0.000000 0.000000  0.000000 -0.000000 1.000000
2451545.099367  1.1507469226e+00  1.000000 0.000000 0.000000  0.000000 -0.000000 1.000000
2451545.100034  1.1500994177e+00  1.000000 0.000000 0.000000  0.000000 -0.000000 1.000000
2451545.100701  1.1450892945e+00  1.000000 0.000000 0.000000  0.000000 -0.000000 1.000000
2451545.101368  1.1399814252e+00  1.000000 0.000000 0.000000  0.000000 -0.000000 1.000000
2451545.102035  1.1324093906e+00  1.000000 0.000000 0.000000  0.000000 -0.000000 1.000000
2451545.102702  1.1178312869e+00  1.000000 0.000000 0.000000  0.000000 -0.000000 1.000000
2451545.103369  1.1075535073e+00  1.000000 0.000000 0.000000  0.000000 -0.000000 1.000000
2451545.104036  1.0890528962e+00  1.000000 0.000000 0.000000  0.000000 -0.000000 1.000000
2451545.104703  1.0757791718e+00  1.000000 0.000000 0.000000  0.000000 -0.000000 1.000000
2451545.105370  1.0594699990e+00  1.000000 0.000000 0.000000  0.000000 -0.000000 1.000000
2451545.106036  1.0357349044e+00  1.000000 0.000000 0.000000  0.000000 -0.000000 1.000000
2451545.106703  1.0180279110e+00  1.000000 0.000000 0.000000  0.000000 -0.000000 1.000000
2451545.107370  1.0013140793e+00  1.000000 0.000000 0.000000  0.000000 -0.000000 1.000000
2451545.108037  9.7487197346e-01  1.000000 0.000000 0.000000  0.000000 -0.000000 1.000000
2451545.108704  9.5667979453e-01  1.000000 0.000000 0.000000  0.000000 -0.000000 1.000000
2451545.109371  9.3863195577e-01  1.000000 0.000000 0.000000  0.000000 -0.000000 1.000000
2451545.110038  9.1272998606e-01  1.000000 0.000000 0.000000  0.000000 -0.000000 1.000000
2451545.110705  8.9529825191e-01  1.000000 0.000000 0.000000  0.000000 -0.000000 1.000000
2451545.111372  8.7719875456e-01  1.000000 0.000000 0.000000  0.000000 -0.000000 1.000000
2451545.112039  8.4938997526e-01  1.000000 0.000000 0.000000  0.000000 -0.000000 1.000000
2451545.112705  8.3036239596e-01  1.000000 0.000000 0.000000  0.000000 -0.000000 1.000000
2451545.113372  8.1583215241e-01  1.000000 0.000000 0.000000  0.000000 -0.000000 1.000000
2451545.114039  7.9913933862e-01  1.000000 0.000000 0.000000  0.000000 -0.000000 1.000000
2451545.114706  7.8616467691e-01  1.000000 0.000000 0.000000  0.000000 -0.000000 1.000000
2451545.115373  7.7358986279e-01  1.000000 0.000000 0.000000  0.000000 -0.000000 1.000000
2451545.116040  7.5208064552e-01  1.000000 0.000000 0.000000  0.000000 -0.000000 1.000000
2451545.116707  7.3629033763e-01  1.000000 0.000000 0.000000  0.000000 -0.000000 1.000000
2451545.117374  7.2059499037e-01  1.000000 0.000000 0.000000  0.000000 -0.000000 1.000000
2451545.118041  6.9933216429e-01  1.000000 0.000000 0.000000  0.000000 -0.000000 1.000000
2451545.118707  6.8698373633e-01  1.000000 0.000000 0.000000  0.000000 -0.000000 1.000000
2451545.119374  6.7160695036e-01  1.000000 0.000000 0.000000  0.000000 -0.000000 1.000000
2451545.120041  6.4674093788e-01  1.000000 0.000000 0.000000  0.000000 -0.000000 1.000000
2451545.120708  6.2832414539e-01  1.000000 0.000000 0.000000  0.000000 -0.000000 1.000000
2451545.121375  6.1757865298e-01  1.000000 0.000000 0.000000  0.000000 -0.000000 1.000000
2451545.122042  6.2180174241e-01  1.000000 0.000000 0.000000  0.000000 -0.000000 1.000000
2451545.122709  6.2630819438e-01  1.000000 0.000000 0.000000  0.000000 -0.000000 1.000000
2451545.123376  6.3281692304e-01  1.000000 0.000000 0.000000  0.000000 -0.000000 1.000000
2451545.124043  6.4260470578e-01  1.000000 0.000000 0.000000  0.000000 -0.000000 1.000000
2451545.124710  6.4729424186e-01  1.000000 0.000000 0.000000  0.000000 -0.000000 1.000000
2451545.125376  6.5179562926e-01  1.000000 0.000000 0.000000  0.000000 -0.000000 1.000000
2451545.126043  6.5659987779e-01  1.000000 0.000000 0.000000  0.000000 -0.000000 1.000000
2451545.126710  6.6047882988e-01  1.000000 0.000000 0.000000  0.000000 -0.000000 1.000000
2451545.127377  6.6645729834e-01  1.000000 0.000000 0.000000  0.000000 -0.000000 1.000000
2451545.128044  6.7978318779e-01  1.000000 0.000000 0.000000  0.000000 -0.000000 1.000000
2451545.128711  6.9097410890e-01  1.000000 0.000000 0.000000  0.000000 -0.000000 1.000000
2451545.129378  7.0515894896e-01  1.000000 0.000000 0.000000  0.000000 -0.000000 1.000000
2451545.130045  7.2744988219e-01  1.000000 0.000000 0.000000  0.000000 -0.000000 1.000000
2451545.130712  7.4553975686e-01  1.000000 0.000000 0.000000  0.000000 -0.000000 1.000000
2451545.131378  7.6322826458e-01  1.000000 0.000000 0.000000  0.000000 -0.000000 1.000000
2451545.132045  7.8980736694e-01  1.000000 0.000000 0.000000  0.000000 -0.000000 1.000000
2451545.132712  8.0518288677e-01  1.000000 0.000000 0.000000  0.000000 -0.000000 1.000000
2451545.133379  8.2454523397e-01  1.000000 0.000000 0.000000  0.000000 -0.000000 1.000000
2451545.134046  8.5367865084e-01  1.000000 0.000000 0.000000  0.000000 -0.000000 1.000000
2451545.134713  8.7103694877e-01  1.000000 0.000000 0.000000  0.000000 -0.000000 1.000000
2451545.135380  8.8518659009e-01  1.000000 0.000000 0.000000  0.000000 -0.000000 1.000000
2451545.136047  9.0241472863e-01  1.000000 0.000000 0.000000  0.000000 -0.000000 1.000000
2451545.136714  9.1265325786e-01  1.000000 0.000000 0.000000  0.000000 -0.000000 1.000000
2451545.137381  9.2840279599e-01  1.000000 0.000000 0.000000  0.000000 -0.000000 1.000000
2451545.138047  9.3698293266e-01  1.000000 0.000000 0.000000  0.000000 -0.000000 1.000000
2451545.138714  9.4359675108e-01  1.000000 0.000000 0.000000  0.000000 -0.000000 1.000000
2451545.139381  9.5328577476e-01  1.000000 0.000000 0.000000  0.000000 -0.000000 1.000000
2451545.140048  9.5898240005e-01  1.000000 0.000000 0.000000  0.000000 -0.000000 1.000000
2451545.140715  9.6590515708e-01  1.000000 0.000000 0.000000  0.000000 -0.000000 1.000000
2451545.141382  9.7519230734e-01  1.000000 0.000000 0.000000  0.000000 -0.000000 1.000000
2451545.142049  9.7934018795e-01  1.000000 0.000000 0.000000  0.000000 -0.000000 1.000000
2451545.142716  9.8507049261e-01  1.000000 0.000000 0.000000  0.000000 -0.000000 1.000000
2451545.143383  9.9086030593e-01  1.000000 0.000000 0.000000  0.000000 -0.000000 1.000000
2451545.144050  9.9600894504e-01  1.000000 0.000000 0.000000  0.000000 -0.000000 1.000000
2451545.144716  1.0007698915e+00  1.000000 0.000000 0.000000  0.000000 -0.000000 1.000000
2451545.145383  1.0076604885e+00  1.000000 0.000000 0.000000  0.000000 -0.000000 1.000000
2451545.146050  1.0112859590e+00  1.000000 0.000000 0.000000  0.000000 -0.000000 1.000000
2451545.146717  1.0138823095e+00  1.000000 0.000000 0.000000  0.000000 -0.000000 1.000000
2451545.147384  1.0146551624e+00  1.000000 0.000000 0.000000  0.000000 -0.000000 1.000000
2451545.148051  1.0150886894e+00  1.000000 0.000000 0.000000  0.000000 -0.000000 1.000000
2451545.148718  1.0134166225e+00  1.000000 0.000000 0.000000  0.000000 -0.000000 1.000000
2451545.149385  1.0111702337e+00  1.000000 0.000000 0.000000  0.000000 -0.000000 1.000000
2451545.150052  1.0089957617e+00  1.000000 0.000000 0.000000  0.000000 -0.000000 1.000000
2451545.150718  1.0087736804e+00  1.000000 0.000000 0.000000  0.000000 -0.000000 1.000000
2451545.151385  1.0079810757e+00  1.000000 0.000000 0.000000  0.000000 -0.000000 1.000000
2451545.152052  1.0074019424e+00  1.000000 0.000000 0.000000  0.000000 -0.000000 1.000000
2451545.152719  1.0069689219e+00  1.000000 0.000000 0.000000  0.000000 -0.000000 1.000000
2451545.153386  1.0071945484e+00  1.000000 0.000000 0.000000  0.000000 -0.000000 1.000000
2451545.154053  1.0071497269e+00  1.000000 0.000000 0.000000  0.000000 -0.000000 1.000000
2451545.154720  1.0084890518e+00  1.000000 0.000000 0.000000  0.000000 -0.000000 1.000000
2451545.155387  1.0099630941e+00  1.000000 0.000000 0.000000  0.000000 -0.000000 1.000000
2451545.156054  1.0107853266e+00  1.000000 0.000000 0.000000  0.000000 -0.000000 1.000000
2451545.156721  1.0124107994e+00  1.000000 0.000000 0.000000  0.000000 -0.000000 1.000000
2451545.157387  1.0133282458e+00  1.000000 0.000000 0.000000  0.000000 -0.000000 1.000000
2451545.158054  1.0144470087e+00  1.000000 0.000000 0.000000  0.000000 -0.000000 1.000000
2451545.158721  1.0157597446e+00  1.000000 0.000000 0.000000  0.000000 -0.000000 1.000000
2451545.159388  1.0171304697e+00  1.000000 0.000000 0.000000  0.000000 -0.000000 1.000000
2451545.160055  1.0180557661e+00  1.000000 0.000000 0.000000  0.000000 -0.000000 1.000000
2451545.160722  1.0187022581e+00  1.000000 0.000000 0.000000  0.000000 -0.000000 1.000000
2451545.161389  1.0192806317e+00  1.000000 0.000000 0.000000  0.000000 -0.000000 1.000000
2451545.162056  1.0182672118e+00  1.000000 0.000000 0.000000  0.000000 -0.000000 1.000000
2451545.162723  1.0173449541e+00  1.000000 0.000000 0.000000  0.000000 -0.000000 1.000000
2451545.163389  1.0165520961e+00  1.000000 0.000000 0.000000  0.000000 -0.000000 1.000000
2451545.164056  1.0154009200e+00  1.000000 0.000000 0.000000  0.000000 -0.000000 1.000000
2451545.164723  1.0137232820e+00  1.000000 0.000000 0.000000  0.000000 -0.000000 1.000000
2451545.165390  1.0131150275e+00  1.000000 0.000000 0.000000  0.000000 -0.000000 1.000000
2451545.166057  1.0105688163e+00  1.000000 0.000000 0.000000  0.000000 -0.000000 1.000000
2451545.166724  1.0092449384e+00  1.000000 0.000000 0.000000  0.000000 -0.000000 1.000000
2451545.167391  1.0056956897e+00  1.000000 0.000000 0.000000  0.000000 -0.000000 1.000000
2451545.168058  1.0035510986e+00  1.000000 0.000000 0.000000  0.000000 -0.000000 1.000000
2451545.168725  1.0031069361e+00  1.000000 0.000000 0.000000  0.000000 -0.000000 1.000000
2451545.169392  1.0062036658e+00  1.000000 0.000000 0.000000  0.000000 -0.000000 1.000000
2451545.170058  1.0111383269e+00  1.000000 0.000000 0.000000  0.000000 -0.000000 1.000000
2451545.170725  1.0152705074e+00  1.000000 0.000000 0.000000  0.000000 -0.000000 1.000000
2451545.171392  1.0229914402e+00  1.000000 0.000000 0.000000  0.000000 -0.000000 1.000000
2451545.172059  1.0282087042e+00  1.000000 0.000000 0.000000  0.000000 -0.000000 1.000000
2451545.172726  1.0367569341e+00  1.000000 0.000000 0.000000  0.000000 -0.000000 1.000000
2451545.173393  1.0449141794e+00  1.000000 0.000000 0.000000  0.000000 -0.000000 1.000000
2451545.174060  1.0492689476e+00  1.000000 0.000000 0.000000  0.000000 -0.000000 1.000000
2451545.174727  1.0588098326e+00  1.000000 0.000000 0.000000  0.000000 -0.000000 1.000000
2451545.175394  1.0647741203e+00  1.000000 0.000000 0.000000  0.000000 -0.000000 1.000000
2451545.176061  1.0718146285e+00  1.000000 0.000000 0.000000  0.000000 -0.000000 1.000000
2451545.176727  1.0810777221e+00  1.000000 0.000000 0.000000  0.000000 -0.000000 1.000000
2451545.177394  1.0859186887e+00  1.000000 0.000000 0.000000  0.000000 -0.000000 1.000000
2451545.178061  1.0915365600e+00  1.000000 0.000000 0.000000  0.000000 -0.000000 1.000000
2451545.178728  1.1010060347e+00  1.000000 0.000000 0.000000  0.000000 -0.000000 1.000000
2451545.179395  1.1064838707e+00  1.000000 0.000000 0.000000  0.000000 -0.000000 1.000000
2451545.180062  1.1122848261e+00  1.000000 0.000000 0.000000  0.000000 -0.000000 1.000000
2451545.180729  1.1199151031e+00  1.000000 0.000000 0.000000  0.000000 -0.000000 1.000000
2451545.181396  1.1245831148e+00  1.000000 0.000000 0.000000  0.000000 -0.000000 1.000000
2451545.182063  1.1304491499e+00  1.000000 0.000000 0.000000  0.000000 -0.000000 1.000000
2451545.182729  1.1365375194e+00  1.000000 0.000000 0.000000  0.000000 -0.000000 1.000000
2451545.183396  1.1412425024e+00  1.000000 0.000000 0.000000  0.000000 -0.000000 1.000000
2451545.184063  1.1449467270e+00  1.000000 0.000000 0.000000  0.000000 -0.000000 1.000000
2451545.184730  1.1517876912e+00  1.000000 0.000000 0.000000  0.000000 -0.000000 1.000000
2451545.185397  1.1561113123e+00  1.000000 0.000000 0.000000  0.000000 -0.000000 1.000000
2451545.186064  1.1592597006e+00  1.000000 0.000000 0.000000  0.000000 -0.000000 1.000000
2451545.186731  1.1649563259e+00  1.000000 0.000000 0.000000  0.000000 -0.000000 1.000000
2451545.187398  1.1683184388e+00  1.000000 0.000000 0.000000  0.000000 -0.000000 1.000000
2451545.188065  1.1706868837e+00  1.000000 0.000000 0.000000  0.000000 -0.000000 1.000000
2451545.188732  1.1753698359e+00  1.000000 0.000000 0.000000  0.000000 -0.000000 1.000000
2451545.189398  1.1777684150e+00  1.000000 0.000000 0.000000  0.000000 -0.000000 1.000000
2451545.190065  1.1794483319e+00  1.000000 0.000000 0.000000  0.000000 -0.000000 1.000000
2451545.190732  1.1833417180e+00  1.000000 0.000000 0.000000  0.000000 -0.000000 1.000000
2451545.191399  1.1837911984e+00  1.000000 0.000000 0.000000  0.000000 -0.000000 1.000000
2451545.192066  1.1865551860e+00  1.000000 0.000000 0.000000  0.000000 -0.000000 1.000000
2451545.192733  1.1880208717e+00  1.000000 0.000000 0.000000  0.000000 -0.000000 1.000000
2451545.193400  1.1876630601e+00  1.000000 0.000000 0.000000  0.000000 -0.000000 1.000000
2451545.194067  1.1878752654e+00  1.000000 0.000000 0.000000  0.000000 -0.000000 1.000000
2451545.194734  1.1864536414e+00  1.000000 0.000000 0.000000  0.000000 -0.000000 1.000000
2451545.195400  1.1871322934e+00  1.000000 0.000000 0.000000  0.000000 -0.000000 1.000000
2451545.196067  1.1853191783e+00  1.000000 0.000000 0.000000  0.000000 -0.000000 1.000000
2451545.196734  1.1842961357e+00  1.000000 0.000000 0.000000  0.000000 -0.000000 1.000000
2451545.197401  1.1826757274e+00  1.000000 0.000000 0.000000  0.000000 -0.000000 1.000000
2451545.198068  1.1807762615e+00  1.000000 0.000000 0.000000  0.000000 -0.000000 1.000000
2451545.198735  1.1785501309e+00  1.000000 0.000000 0.000000  0.000000 -0.000000 1.000000
2451545.199402  1.1770008798e+00  1.000000 0.000000 0.000000  0.000000 -0.000000 1.000000
2451545.200069  1.1757777868e+00  1.000000 0.000000 0.000000  0.000000 -0.000000 1.000000
2451545.200736  1.1729674584e+00  1.000000 0.000000 0.000000  0.000000 -0.000000 1.000000
2451545.201403  1.1694182096e+00  1.000000 0.000000 0.000000  0.000000 -0.000000 1.000000
2451545.202069  1.1674663254e+00  1.000000 0.000000 0.000000  0.000000 -0.000000 1.000000
2451545.202736  1.1636382722e+00  1.000000 0.000000 0.000000  0.000000 -0.000000 1.000000
2451545.203403  1.1622277902e+00  1.000000 0.000000 0.000000  0.000000 -0.000000 1.000000
2451545.204070  1.1594883658e+00  1.000000 0.000000 0.000000  0.000000 -0.000000 1.000000
2451545.204737  1.1540236977e+00  1.000000 0.000000 0.000000  0.000000 -0.000000 1.000000
2451545.205404  1.1513285882e+00  1.000000 0.000000 0.000000  0.000000 -0.000000 1.000000
2451545.206071  1.1459687566e+00  1.000000 0.000000 0.000000  0.000000 -0.000000 1.000000
2451545.206738  1.1425068717e+00  1.000000 0.000000 0.000000  0.000000 -0.000000 1.000000
2451545.207405  1.1369393928e+00  1.000000 0.000000 0.000000  0.000000 -0.000000 1.000000
2451545.208072  1.1309545937e+00  1.000000 0.000000 0.000000  0.000000 -0.000000 1.000000
2451545.208738  1.1266816183e+00  1.000000 0.000000 0.000000  0.000000 -0.000000 1.000000
2451545.209405  1.1226975764e+00  1.000000 0.000000 0.000000  0.000000 -0.000000 1.000000
2451545.210072  1.1153686411e+00  1.000000 0.000000 0.000000  0.000000 -0.000000 1.000000
2451545.210739  1.1090609757e+00  1.000000 0.000000 0.000000  0.000000 -0.000000 1.000000
2451545.211406  1.1034132235e+00  1.000000 0.000000 0.000000  0.000000 -0.000000 1.000000
2451545.212073  1.0944233634e+00  1.000000 0.000000 0.000000  0.000000 -0.000000 1.000000
2451545.212740  1.0885087085e+00  1.000000 0.000000 0.000000  0.000000 -0.000000 1.000000
2451545.213407  1.0821306456e+00  1.000000 0.000000 0.000000  0.000000 -0.000000 1.000000
2451545.214074  1.0723276692e+00  1.000000 0.000000 0.000000  0.000000 -0.000000 1.000000
2451545.214740  1.0650240567e+00  1.000000 0.000000 0.000000  0.000000 -0.000000 1.000000
2451545.215407  1.0581314339e+00  1.000000 0.000000 0.000000  0.000000 -0.000000 1.000000
2451545.216074  1.0524553201e+00  1.000000 0.000000 0.000000  0.000000 -0.000000 1.000000
2451545.216741  1.0473796107e+00  1.000000 0.000000 0.000000  0.000000 -0.000000 1.000000
2451545.217408  1.0475031862e+00  1.000000 0.000000 0.000000  0.000000 -0.000000 1.000000
2451545.218075  1.0486219491e+00  1.000000 0.000000 0.000000  0.000000 -0.000000 1.000000
2451545.218742  1.0489270893e+00  1.000000 0.000000 0.000000  0.000000 -0.000000 1.000000
2451545.219409  1.0496049816e+00  1.000000 0.000000 0.000000  0.000000 -0.000000 1.000000
2451545.220076  1.0493398515e+00  1.000000 0.000000 0.000000  0.000000 -0.000000 1.000000
2451545.220743  1.0483803692e+00  1.000000 0.000000 0.000000  0.000000 -0.000000 1.000000
2451545.221409  1.0469572258e+00  1.000000 0.000000 0.000000  0.000000 -0.000000 1.000000
2451545.222076  1.0414305168e+00  1.000000 0.000000 0.000000  0.000000 -0.000000 1.000000
2451545.222743  1.0364983879e+00  1.000000 0.000000 0.000000  0.000000 -0.000000 1.000000
2451545.223410  1.0297612473e+00  1.000000 0.000000 0.000000  0.000000 -0.000000 1.000000
2451545.224077  1.0170385478e+00  1.000000 0.000000 0.000000  0.000000 -0.000000 1.000000
2451545.224744  1.0085267828e+00  1.000000 0.000000 0.000000  0.000000 -0.000000 1.000000
2451545.225411  9.9831813450e-01  1.000000 0.000000 0.000000  0.000000 -0.000000 1.000000
2451545.226078  9.8334018320e-01  1.000000 0.000000 0.000000  0.000000 -0.000000 1.000000
2451545.226745  9.7201454460e-01  1.000000 0.000000 0.000000  0.000000 -0.000000 1.000000
2451545.227411  9.6048353779e-01  1.000000 0.000000 0.000000  0.000000 -0.000000 1.000000
2451545.228078  9.4223514217e-01  1.000000 0.000000 0.000000  0.000000 -0.000000 1.000000
2451545.228745  9.2786341957e-01  1.000000 0.000000 0.000000  0.000000 -0.000000 1.000000
2451545.229412  9.1303335364e-01  1.000000 0.000000 0.000000  0.000000 -0.000000 1.000000
2451545.230079  8.9031345155e-01  1.000000 0.000000 0.000000  0.000000 -0.000000 1.000000
2451545.230746  8.7412304284e-01  1.000000 0.000000 0.000000  0.000000 -0.000000 1.000000
2451545.231413  8.5786476893e-01  1.000000 0.000000 0.000000  0.000000 -0.000000 1.000000
2451545.232080  8.3025882556e-01  1.000000 0.000000 0.000000  0.000000 -0.000000 1.000000
2451545.232747  8.1111830640e-01  1.000000 0.000000 0.000000  0.000000 -0.000000 1.000000
2451545.233414  7.9283648463e-01  1.000000 0.000000 0.000000  0.000000 -0.000000 1.000000
2451545.234080  7.6041261839e-01  1.000000 0.000000 0.000000  0.000000 -0.000000 1.000000
2451545.234747  7.3888111702e-01  1.000000 0.000000 0.000000  0.000000 -0.000000 1.000000
2451545.235414  7.1603156201e-01  1.000000 0.000000 0.000000  0.000000 -0.000000 1.000000
2451545.236081  6.8660465347e-01  1.000000 0.000000 0.000000  0.000000 -0.000000 1.000000
2451545.236748  6.6083486896e-01  1.000000 0.000000 0.000000  0.000000 -0.000000 1.000000
2451545.237415  6.6047072657e-01  1.000000 0.000000 0.000000  0.000000 -0.000000 1.000000
2451545.238082  6.6056568721e-01  1.000000 0.000000 0.000000  0.000000 -0.000000 1.000000
2451545.238749  6.6011721978e-01  1.000000 0.000000 0.000000  0.000000 -0.000000 1.000000
2451545.239416  6.6058189383e-01  1.000000 0.000000 0.000000  0.000000 -0.000000 1.000000
360  1
2451545.000000  6.4516057183e-01  1.000000 0.000000 0.000000  0.000000 -0.000000 -1.000000
2451545.000667  6.4602867971e-01  1.000000 0.000000 0.000000  0.000000 -0.000000 -1.000000
2451545.001334  6.4635599442e-01  1.000000 0.000000 0.000000  0.000000 -0.000000 -1.000000
2451545.002001  6.5209180857e-01  1.000000 0.000000 0.000000  0.000000 -0.000000 -1.000000
2451545.002668  6.5709492604e-01  1.000000 0.000000 0.000000  0.000000 -0.000000 -1.000000
2451545.003334  6.6443835789e-01  1.000000 0.000000 0.000000  0.000000 -0.000000 -1.000000
2451545.004001  6.7413147218e-01  1.000000 0.000000 0.000000  0.000000 -0.000000 -1.000000
2451545.004668  6.8211108119e-01  1.000000 0.000000 0.000000  0.000000 -0.000000 -1.000000
2451545.005335  6.8908887440e-01  1.000000 0.000000 0.000000  0.000000 -0.000000 -1.000000
2451545.006002  7.0337319494e-01  1.000000 0.000000 0.000000  0.000000 -0.000000 -1.000000
2451545.006669  7.1522124936e-01  1.000000 0.000000 0.000000  0.000000 -0.000000 -1.000000
2451545.007336  7.2670082633e-01  1.000000 0.000000 0.000000  0.000000 -0.000000 -1.000000
2451545.008003  7.4269183901e-01  1.000000 0.000000 0.000000  0.000000 -0.000000 -1.000000
2451545.008670  7.5308046157e-01  1.000000 0.000000 0.000000  0.000000 -0.000000 -1.000000
2451545.009337  7.6400618685e-01  1.000000 0.000000 0.000000  0.000000 -0.000000 -1.000000
2451545.010003  7.8021266515e-01  1.000000 0.000000 0.000000  0.000000 -0.000000 -1.000000
2451545.010670  7.9111397667e-01  1.000000 0.000000 0.000000  0.000000 -0.000000 -1.000000
2451545.011337  8.0206099302e-01  1.000000 0.000000 0.000000  0.000000 -0.000000 -1.000000
2451545.012004  8.2014789859e-01  1.000000 0.000000 0.000000  0.000000 -0.000000 -1.000000
2451545.012671  8.3232951310e-01  1.000000 0.000000 0.000000  0.000000 -0.000000 -1.000000
2451545.013338  8.4303863723e-01  1.000000 0.000000 0.000000  0.000000 -0.000000 -1.000000
2451545.014005  8.5679550701e-01  1.000000 0.000000 0.000000  0.000000 -0.000000 -1.000000
2451545.014672  8.6372645987e-01  1.000000 0.000000 0.000000  0.000000 -0.000000 -1.000000
2451545.015339  8.7230051554e-01  1.000000 0.000000 0.000000  0.000000 -0.000000 -1.000000
2451545.016006  8.8229681466e-01  1.000000 0.000000 0.000000  0.000000 -0.000000 -1.000000
2451545.016672  8.8882721153e-01  1.000000 0.000000 0.000000  0.000000 -0.000000 -1.000000
2451545.017339  8.9579194622e-01  1.000000 0.000000 0.000000  0.000000 -0.000000 -1.000000
2451545.018006  9.0698451957e-01  1.000000 0.000000 0.000000  0.000000 -0.000000 -1.000000
2451545.018673  9.1522558291e-01  1.000000 0.000000 0.000000  0.000000 -0.000000 -1.000000
2451545.019340  9.2337324943e-01  1.000000 0.000000 0.000000  0.000000 -0.000000 -1.000000
2451545.020007  9.3308509986e-01  1.000000 0.000000 0.000000  0.000000 -0.000000 -1.000000
2451545.020674  9.3900259781e-01  1.000000 0.000000 0.000000  0.000000 -0.000000 -1.000000
2451545.021341  9.4491328261e-01  1.000000 0.000000 0.000000  0.000000 -0.000000 -1.000000
2451545.022008  9.5334028796e-01  1.000000 0.000000 0.000000  0.000000 -0.000000 -1.000000
2451545.022674  9.5950788501e-01  1.000000 0.000000 0.000000  0.000000 -0.000000 -1.000000
2451545.023341  9.6449538903e-01  1.000000 0.000000 0.000000  0.000000 -0.000000 -1.000000
2451545.024008  9.7429637807e-01  1.000000 0.000000 0.000000  0.000000 -0.000000 -1.000000
2451545.024675  9.8238215855e-01  1.000000 0.000000 0.000000  0.000000 -0.000000 -1.000000
2451545.025342  9.9338538332e-01  1.000000 0.000000 0.000000  0.000000 -0.000000 -1.000000
2451545.026009  1.0110547000e+00  1.000000 0.000000 0.000000  0.000000 -0.000000 -1.000000
2451545.026676  1.0211583062e+00  1.000000 0.000000 0.000000  0.000000 -0.000000 -1.000000
2451545.027343  1.0293037016e+00  1.000000 0.000000 0.000000  0.000000 -0.000000 -1.000000
2451545.028010  1.0388037769e+00  1.000000 0.000000 0.000000  0.000000 -0.000000 -1.000000
2451545.028677  1.0428865524e+00  1.000000 0.000000 0.000000  0.000000 -0.000000 -1.000000
2451545.029343  1.0474947915e+00  1.000000 0.000000 0.000000  0.000000 -0.000000 -1.000000
2451545.030010  1.0546133897e+00  1.000000 0.000000 0.000000  0.000000 -0.000000 -1.000000
2451545.030677  1.0592633593e+00  1.000000 0.000000 0.000000  0.000000 -0.000000 -1.000000
2451545.031344  1.0645066400e+00  1.000000 0.000000 0.000000  0.000000 -0.000000 -1.000000
2451545.032011  1.0714188567e+00  1.000000 0.000000 0.000000  0.000000 -0.000000 -1.000000
2451545.032678  1.0775228644e+00  1.000000 0.000000 0.000000  0.000000 -0.000000 -1.000000
2451545.033345  1.0827814747e+00  1.000000 0.000000 0.000000  0.000000 -0.000000 -1.000000
2451545.034012  1.0924765762e+00  1.000000 0.000000 0.000000  0.000000 -0.000000 -1.000000
2451545.034679  1.0983026645e+00  1.000000 0.000000 0.000000  0.000000 -0.000000 -1.000000
2451545.035345  1.1092343513e+00  1.000000 0.000000 0.000000  0.000000 -0.000000 -1.000000
2451545.036012  1.1159592066e+00  1.000000 0.000000 0.000000  0.000000 -0.000000 -1.000000
2451545.036679  1.1227680906e+00  1.000000 0.000000 0.000000  0.000000 -0.000000 -1.000000
2451545.037346  1.1333315838e+00  1.000000 0.000000 0.000000  0.000000 -0.000000 -1.000000
2451545.038013  1.1399590680e+00  1.000000 0.000000 0.000000  0.000000 -0.000000 -1.000000
2451545.038680  1.1462924515e+00  1.000000 0.000000 0.000000  0.000000 -0.000000 -1.000000
2451545.039347  1.1546439445e+00  1.000000 0.000000 0.000000  0.000000 -0.000000 -1.000000
2451545.040014  1.1612981135e+00  1.000000 0.000000 0.000000  0.000000 -0.000000 -1.000000
2451545.040681  1.1668562182e+00  1.000000 0.000000 0.000000  0.000000 -0.000000 -1.000000
2451545.041348  1.1751140305e+00  1.000000 0.000000 0.000000  0.000000 -0.000000 -1.000000
2451545.042014  1.1811658041e+00  1.000000 0.000000 0.000000  0.000000 -0.000000 -1.000000
2451545.042681  1.1866946691e+00  1.000000 0.000000 0.000000  0.000000 -0.000000 -1.000000
2451545.043348  1.1950663176e+00  1.000000 0.000000 0.000000  0.000000 -0.000000 -1.000000
2451545.044015  1.1994148057e+00  1.000000 0.000000 0.000000  0.000000 -0.000000 -1.000000
2451545.044682  1.2032196618e+00  1.000000 0.000000 0.000000  0.000000 -0.000000 -1.000000
2451545.045349  1.2080808388e+00  1.000000 0.000000 0.000000  0.000000 -0.000000 -1.000000
2451545.046016  1.2115711548e+00  1.000000 0.000000 0.000000  0.000000 -0.000000 -1.000000
2451545.046683  1.2123288330e+00  1.000000 0.000000 0.000000  0.000000 -0.000000 -1.000000
2451545.047350  1.2144247259e+00  1.000000 0.000000 0.000000  0.000000 -0.000000 -1.000000
2451545.048017  1.2136556925e+00  1.000000 0.000000 0.000000  0.000000 -0.000000 -1.000000
2451545.048683  1.2148360694e+00  1.000000 0.000000 0.000000  0.000000 -0.000000 -1.000000
2451545.049350  1.2135710959e+00  1.000000 0.000000 0.000000  0.000000 -0.000000 -1.000000
2451545.050017  1.2112957903e+00  1.000000 0.000000 0.000000  0.000000 -0.000000 -1.000000
2451545.050684  1.2103385438e+00  1.000000 0.000000 0.000000  0.000000 -0.000000 -1.000000
2451545.051351  1.2090275817e+00  1.000000 0.000000 0.000000  0.000000 -0.000000 -1.000000
2451545.052018  1.2073083988e+00  1.000000 0.000000 0.000000  0.000000 -0.000000 -1.000000
2451545.052685  1.2045107522e+00  1.000000 0.000000 0.000000  0.000000 -0.000000 -1.000000
2451545.053352  1.2008753731e+00  1.000000 0.000000 0.000000  0.000000 -0.000000 -1.000000
2451545.054019  1.1967948686e+00  1.000000 0.000000 0.000000  0.000000 -0.000000 -1.000000
2451545.054685  1.1937968021e+00  1.000000 0.000000 0.000000  0.000000 -0.000000 -1.000000
2451545.055352  1.1883221584e+00  1.000000 0.000000 0.000000  0.000000 -0.000000 -1.000000
2451545.056019  1.1841618834e+00  1.000000 0.000000 0.000000  0.000000 -0.000000 -1.000000
2451545.056686  1.1785370667e+00  1.000000 0.000000 0.000000  0.000000 -0.000000 -1.000000
2451545.057353  1.1720154702e+00  1.000000 0.000000 0.000000  0.000000 -0.000000 -1.000000
2451545.058020  1.1670044040e+00  1.000000 0.000000 0.000000  0.000000 -0.000000 -1.000000
2451545.058687  1.1625954493e+00  1.000000 0.000000 0.000000  0.000000 -0.000000 -1.000000
2451545.059354  1.1538093346e+00  1.000000 0.000000 0.000000  0.000000 -0.000000 -1.000000
2451545.060021  1.1473470691e+00  1.000000 0.000000 0.000000  0.000000 -0.000000 -1.000000
2451545.060688  1.1427760184e+00  1.000000 0.000000 0.000000  0.000000 -0.000000 -1.000000
2451545.061354  1.1345894602e+00  1.000000 0.000000 0.000000  0.000000 -0.000000 -1.000000
2451545.062021  1.1285203699e+00  1.000000 0.000000 0.000000  0.000000 -0.000000 -1.000000
2451545.062688  1.1217977856e+00  1.000000 0.000000 0.000000  0.000000 -0.000000 -1.000000
2451545.063355  1.1133744707e+00  1.000000 0.000000 0.000000  0.000000 -0.000000 -1.000000
2451545.064022  1.1070541457e+00  1.000000 0.000000 0.000000  0.000000 -0.000000 -1.000000
2451545.064689  1.1007409178e+00  1.000000 0.000000 0.000000  0.000000 -0.000000 -1.000000
2451545.065356  1.0905938779e+00  1.000000 0.000000 0.000000  0.000000 -0.000000 -1.000000
2451545.066023  1.0857690376e+00  1.000000 0.000000 0.000000  0.000000 -0.000000 -1.000000
2451545.066690  1.0799719052e+00  1.000000 0.000000 0.000000  0.000000 -0.000000 -1.000000
2451545.067356  1.0707145481e+00  1.000000 0.000000 0.000000  0.000000 -0.000000 -1.000000
2451545.068023  1.0644203402e+00  1.000000 0.000000 0.000000  0.000000 -0.000000 -1.000000
2451545.068690  1.0536249163e+00  1.000000 0.000000 0.000000  0.000000 -0.000000 -1.000000
2451545.069357  1.0471933100e+00  1.000000 0.000000 0.000000  0.000000 -0.000000 -1.000000
2451545.070024  1.0404255886e+00  1.000000 0.000000 0.000000  0.000000 -0.000000 -1.000000
2451545.070691  1.0307378681e+00  1.000000 0.000000 0.000000  0.000000 -0.000000 -1.000000
2451545.071358  1.0241711344e+00  1.000000 0.000000 0.000000  0.000000 -0.000000 -1.000000
2451545.072025  1.0170496975e+00  1.000000 0.000000 0.000000  0.000000 -0.000000 -1.000000
2451545.072692  1.0091186321e+00  1.000000 0.000000 0.000000  0.000000 -0.000000 -1.000000
2451545.073359  1.0079320098e+00  1.000000 0.000000 0.000000  0.000000 -0.000000 -1.000000
2451545.074025  1.0098076111e+00  1.000000 0.000000 0.000000  0.000000 -0.000000 -1.000000
2451545.074692  1.0123293254e+00  1.000000 0.000000 0.000000  0.000000 -0.000000 -1.000000
2451545.075359  1.0146409678e+00  1.000000 0.000000 0.000000  0.000000 -0.000000 -1.000000
2451545.076026  1.0167885270e+00  1.000000 0.000000 0.000000  0.000000 -0.000000 -1.000000
2451545.076693  1.0202135504e+00  1.000000 0.000000 0.000000  0.000000 -0.000000 -1.000000
2451545.077360  1.0227877827e+00  1.000000 0.000000 0.000000  0.000000 -0.000000 -1.000000
2451545.078027  1.0230273782e+00  1.000000 0.000000 0.000000  0.000000 -0.000000 -1.000000
2451545.078694  1.0267885166e+00  1.000000 0.000000 0.000000  0.000000 -0.000000 -1.000000
2451545.079361  1.0311957680e+00  1.000000 0.000000 0.000000  0.000000 -0.000000 -1.000000
2451545.080028  1.0351366031e+00  1.000000 0.000000 0.000000  0.000000 -0.000000 -1.000000
2451545.080694  1.0406972627e+00  1.000000 0.000000 0.000000  0.000000 -0.000000 -1.000000
2451545.081361  1.0439073882e+00  1.000000 0.000000 0.000000  0.000000 -0.000000 -1.000000
2451545.082028  1.0478627012e+00  1.000000 0.000000 0.000000  0.000000 -0.000000 -1.000000
2451545.082695  1.0540893455e+00  1.000000 0.000000 0.000000  0.000000 -0.000000 -1.000000
2451545.083362  1.0566332025e+00  1.000000 0.000000 0.000000  0.000000 -0.000000 -1.000000
2451545.084029  1.0584137036e+00  1.000000 0.000000 0.000000  0.000000 -0.000000 -1.000000
2451545.084696  1.0642088489e+00  1.000000 0.000000 0.000000  0.000000 -0.000000 -1.000000
2451545.085363  1.0676778738e+00  1.000000 0.000000 0.000000  0.000000 -0.000000 -1.000000
2451545.086030  1.0709084388e+00  1.000000 0.000000 0.000000  0.000000 -0.000000 -1.000000
2451545.086696  1.0752001507e+00  1.000000 0.000000 0.000000  0.000000 -0.000000 -1.000000
2451545.087363  1.0779540796e+00  1.000000 0.000000 0.000000  0.000000 -0.000000 -1.000000
2451545.088030  1.0812794608e+00  1.000000 0.000000 0.000000  0.000000 -0.000000 -1.000000
2451545.088697  1.0851303055e+00  1.000000 0.000000 0.000000  0.000000 -0.000000 -1.000000
2451545.089364  1.0871807775e+00  1.000000 0.000000 0.000000  0.000000 -0.000000 -1.000000
2451545.090031  1.0896485544e+00  1.000000 0.000000 0.000000  0.000000 -0.000000 -1.000000
2451545.090698  1.0932254541e+00  1.000000 0.000000 0.000000  0.000000 -0.000000 -1.000000
2451545.091365  1.0950871452e+00  1.000000 0.000000 0.000000  0.000000 -0.000000 -1.000000
2451545.092032  1.0978234735e+00  1.000000 0.000000 0.000000  0.000000 -0.000000 -1.000000
2451545.092699  1.1009717130e+00  1.000000 0.000000 0.000000  0.000000 -0.000000 -1.000000
2451545.093365  1.1029798867e+00  1.000000 0.000000 0.000000  0.000000 -0.000000 -1.000000
2451545.094032  1.1072011961e+00  1.000000 0.000000 0.000000  0.000000 -0.000000 -1.000000
2451545.094699  1.1122943038e+00  1.000000 0.000000 0.000000  0.000000 -0.000000 -1.000000
2451545.095366  1.1145752870e+00  1.000000 0.000000 0.000000  0.000000 -0.000000 -1.000000
2451545.096033  1.1162462102e+00  1.000000 0.000000 0.000000  0.000000 -0.000000 -1.000000
2451545.096700  1.1194486709e+00  1.000000 0.000000 0.000000  0.000000 -0.000000 -1.000000
2451545.097367  1.1229063406e+00  1.000000 0.000000 0.000000  0.000000 -0.000000 -1.000000
2451545.098034  1.1241349773e+00  1.000000 0.000000 0.000000  0.000000 -0.000000 -1.000000
2451545.098701  1.1236157591e+00  1.000000 0.000000 0.000000  0.000000 -0.000000 -1.000000
2451545.099367  1.1214704709e+00  1.000000 0.000000 0.000000  0.000000 -0.000000 -1.000000
2451545.100034  1.1180684419e+00  1.000000 0.000000 0.000000  0.000000 -0.000000 -1.000000
2451545.100701  1.1122125461e+00  1.000000 0.000000 0.000000  0.000000 -0.000000 -1.000000
2451545.101368  1.1037355777e+00  1.000000 0.000000 0.000000  0.000000 -0.000000 -1.000000
2451545.102035  1.0946706919e+00  1.000000 0.000000 0.000000  0.000000 -0.000000 -1.000000
2451545.102702  1.0779290980e+00  1.000000 0.000000 0.000000  0.000000 -0.000000 -1.000000
2451545.103369  1.0666402891e+00  1.000000 0.000000 0.000000  0.000000 -0.000000 -1.000000
2451545.104036  1.0467768566e+00  1.000000 0.000000 0.000000  0.000000 -0.000000 -1.000000
2451545.104703  1.0315162696e+00  1.000000 0.000000 0.000000  0.000000 -0.000000 -1.000000
2451545.105370  1.0152288852e+00  1.000000 0.000000 0.000000  0.000000 -0.000000 -1.000000
2451545.106036  9.9149842679e-01  1.000000 0.000000 0.000000  0.000000 -0.000000 -1.000000
2451545.106703  9.7585971034e-01  1.000000 0.000000 0.000000  0.000000 -0.000000 -1.000000
2451545.107370  9.5898980231e-01  1.000000 0.000000 0.000000  0.000000 -0.000000 -1.000000
2451545.108037  9.3382460968e-01  1.000000 0.000000 0.000000  0.000000 -0.000000 -1.000000
2451545.108704  9.1766724278e-01  1.000000 0.000000 0.000000  0.000000 -0.000000 -1.000000
2451545.109371  9.0295710084e-01  1.000000 0.000000 0.000000  0.000000 -0.000000 -1.000000
2451545.110038  8.8174125968e-01  1.000000 0.000000 0.000000  0.000000 -0.000000 -1.000000
2451545.110705  8.6605314795e-01  1.000000 0.000000 0.000000  0.000000 -0.000000 -1.000000
2451545.111372  8.4813571930e-01  1.000000 0.000000 0.000000  0.000000 -0.000000 -1.000000
2451545.112039  8.2098932167e-01  1.000000 0.000000 0.000000  0.000000 -0.000000 -1.000000
2451545.112705  8.0972748137e-01  1.000000 0.000000 0.000000  0.000000 -0.000000 -1.000000
2451545.113372  7.9843469805e-01  1.000000 0.000000 0.000000  0.000000 -0.000000 -1.000000
2451545.114039  7.7931247873e-01  1.000000 0.000000 0.000000  0.000000 -0.000000 -1.000000
2451545.114706  7.6641207772e-01  1.000000 0.000000 0.000000  0.000000 -0.000000 -1.000000
2451545.115373  7.5317840049e-01  1.000000 0.000000 0.000000  0.000000 -0.000000 -1.000000
2451545.116040  7.3057239443e-01  1.000000 0.000000 0.000000  0.000000 -0.000000 -1.000000
2451545.116707  7.1485703013e-01  1.000000 0.000000 0.000000  0.000000 -0.000000 -1.000000
2451545.117374  7.0021274857e-01  1.000000 0.000000 0.000000  0.000000 -0.000000 -1.000000
2451545.118041  6.7953003579e-01  1.000000 0.000000 0.000000  0.000000 -0.000000 -1.000000
2451545.118707  6.6552107975e-01  1.000000 0.000000 0.000000  0.000000 -0.000000 -1.000000
2451545.119374  6.5100965447e-01  1.000000 0.000000 0.000000  0.000000 -0.000000 -1.000000
2451545.120041  6.2942249705e-01  1.000000 0.000000 0.000000  0.000000 -0.000000 -1.000000
2451545.120708  6.1869974664e-01  1.000000 0.000000 0.000000  0.000000 -0.000000 -1.000000
2451545.121375  6.1742796008e-01  1.000000 0.000000 0.000000  0.000000 -0.000000 -1.000000
2451545.122042  6.2849676135e-01  1.000000 0.000000 0.000000  0.000000 -0.000000 -1.000000
2451545.122709  6.3567724554e-01  1.000000 0.000000 0.000000  0.000000 -0.000000 -1.000000
2451545.123376  6.4172731588e-01  1.000000 0.000000 0.000000  0.000000 -0.000000 -1.000000
2451545.124043  6.4781060029e-01  1.000000 0.000000 0.000000  0.000000 -0.000000 -1.000000
2451545.124710  6.5217129523e-01  1.000000 0.000000 0.000000  0.000000 -0.000000 -1.000000
2451545.125376  6.5576295673e-01  1.000000 0.000000 0.000000  0.000000 -0.000000 -1.000000
2451545.126043  6.6447469465e-01  1.000000 0.000000 0.000000  0.000000 -0.000000 -1.000000
2451545.126710  6.7209065219e-01  1.000000 0.000000 0.000000  0.000000 -0.000000 -1.000000
2451545.127377  6.8339933284e-01  1.000000 0.000000 0.000000  0.000000 -0.000000 -1.000000
2451545.128044  7.0163612754e-01  1.000000 0.000000 0.000000  0.000000 -0.000000 -1.000000
2451545.128711  7.1519428067e-01  1.000000 0.000000 0.000000  0.000000 -0.000000 -1.000000
2451545.129378  7.2970286714e-01  1.000000 0.000000 0.000000  0.000000 -0.000000 -1.000000
2451545.130045  7.5423386978e-01  1.000000 0.000000 0.000000  0.000000 -0.000000 -1.000000
2451545.130712  7.7082131629e-01  1.000000 0.000000 0.000000  0.000000 -0.000000 -1.000000
2451545.131378  7.8648189157e-01  1.000000 0.000000 0.000000  0.000000 -0.000000 -1.000000
2451545.132045  8.0990490695e-01  1.000000 0.000000 0.000000  0.000000 -0.000000 -1.000000
2451545.132712  8.2479786820e-01  1.000000 0.000000 0.000000  0.000000 -0.000000 -1.000000
2451545.133379  8.4156160476e-01  1.000000 0.000000 0.000000  0.000000 -0.000000 -1.000000
2451545.134046  8.6472117864e-01  1.000000 0.000000 0.000000  0.000000 -0.000000 -1.000000
2451545.134713  8.7824867262e-01  1.000000 0.000000 0.000000  0.000000 -0.000000 -1.000000
2451545.135380  8.8945260121e-01  1.000000 0.000000 0.000000  0.000000 -0.000000 -1.000000
2451545.136047  9.0510153737e-01  1.000000 0.000000 0.000000  0.000000 -0.000000 -1.000000
2451545.136714  9.1439068910e-01  1.000000 0.000000 0.000000  0.000000 -0.000000 -1.000000
2451545.137381  9.2525623163e-01  1.000000 0.000000 0.000000  0.000000 -0.000000 -1.000000
2451545.138047  9.3046090456e-01  1.000000 0.000000 0.000000  0.000000 -0.000000 -1.000000
2451545.138714  9.3509071862e-01  1.000000 0.000000 0.000000  0.000000 -0.000000 -1.000000
2451545.139381  9.3987978988e-01  1.000000 0.000000 0.000000  0.000000 -0.000000 -1.000000
2451545.140048  9.4490732111e-01  1.000000 0.000000 0.000000  0.000000 -0.000000 -1.000000
2451545.140715  9.5070445354e-01  1.000000 0.000000 0.000000  0.000000 -0.000000 -1.000000
2451545.141382  9.5802914925e-01  1.000000 0.000000 0.000000  0.000000 -0.000000 -1.000000
2451545.142049  9.6296441919e-01  1.000000 0.000000 0.000000  0.000000 -0.000000 -1.000000
2451545.142716  9.6838796432e-01  1.000000 0.000000 0.000000  0.000000 -0.000000 -1.000000
2451545.143383  9.7638574170e-01  1.000000 0.000000 0.000000  0.000000 -0.000000 -1.000000
2451545.144050  9.8278186290e-01  1.000000 0.000000 0.000000  0.000000 -0.000000 -1.000000
2451545.144716  9.8754027501e-01  1.000000 0.000000 0.000000  0.000000 -0.000000 -1.000000
2451545.145383  9.9375017031e-01  1.000000 0.000000 0.000000  0.000000 -0.000000 -1.000000
2451545.146050  9.9760697660e-01  1.000000 0.000000 0.000000  0.000000 -0.000000 -1.000000
2451545.146717  9.9981727351e-01  1.000000 0.000000 0.000000  0.000000 -0.000000 -1.000000
2451545.147384  1.0003620410e+00  1.000000 0.000000 0.000000  0.000000 -0.000000 -1.000000
2451545.148051  9.9868487249e-01  1.000000 0.000000 0.000000  0.000000 -0.000000 -1.000000
2451545.148718  9.9672978454e-01  1.000000 0.000000 0.000000  0.000000 -0.000000 -1.000000
2451545.149385  9.9269753983e-01  1.000000 0.000000 0.000000  0.000000 -0.000000 -1.000000
2451545.150052  9.9091334820e-01  1.000000 0.000000 0.000000  0.000000 -0.000000 -1.000000
2451545.150718  9.8883732697e-01  1.000000 0.000000 0.000000  0.000000 -0.000000 -1.000000
2451545.151385  9.8807425504e-01  1.000000 0.000000 0.000000  0.000000 -0.000000 -1.000000
2451545.152052  9.8837176225e-01  1.000000 0.000000 0.000000  0.000000 -0.000000 -1.000000
2451545.152719  9.8812847629e-01  1.000000 0.000000 0.000000  0.000000 -0.000000 -1.000000
2451545.153386  9.9020109095e-01  1.000000 0.000000 0.000000  0.000000 -0.000000 -1.000000
2451545.154053  9.9114442727e-01  1.000000 0.000000 0.000000  0.000000 -0.000000 -1.000000
2451545.154720  9.9318751831e-01  1.000000 0.000000 0.000000  0.000000 -0.000000 -1.000000
2451545.155387  9.9696199913e-01  1.000000 0.000000 0.000000  0.000000 -0.000000 -1.000000
2451545.156054  1.0000440944e+00  1.000000 0.000000 0.000000  0.000000 -0.000000 -1.000000
2451545.156721  1.0023389878e+00  1.000000 0.000000 0.000000  0.000000 -0.000000 -1.000000
2451545.157387  1.0054909177e+00  1.000000 0.000000 0.000000  0.000000 -0.000000 -1.000000
2451545.158054  1.0095995264e+00  1.000000 0.000000 0.000000  0.000000 -0.000000 -1.000000
2451545.158721  1.0121970369e+00  1.000000 0.000000 0.000000  0.000000 -0.000000 -1.000000
2451545.159388  1.0171916380e+00  1.000000 0.000000 0.000000  0.000000 -0.000000 -1.000000
2451545.160055  1.0186908131e+00  1.000000 0.000000 0.000000  0.000000 -0.000000 -1.000000
2451545.160722  1.0205854344e+00  1.000000 0.000000 0.000000  0.000000 -0.000000 -1.000000
2451545.161389  1.0205110576e+00  1.000000 0.000000 0.000000  0.000000 -0.000000 -1.000000
2451545.162056  1.0212761167e+00  1.000000 0.000000 0.000000  0.000000 -0.000000 -1.000000
2451545.162723  1.0200406669e+00  1.000000 0.000000 0.000000  0.000000 -0.000000 -1.000000
2451545.163389  1.0205757825e+00  1.000000 0.000000 0.000000  0.000000 -0.000000 -1.000000
2451545.164056  1.0208562569e+00  1.000000 0.000000 0.000000  0.000000 -0.000000 -1.000000
2451545.164723  1.0214966922e+00  1.000000 0.000000 0.000000  0.000000 -0.000000 -1.000000
2451545.165390  1.0200517383e+00  1.000000 0.000000 0.000000  0.000000 -0.000000 -1.000000
2451545.166057  1.0186195590e+00  1.000000 0.000000 0.000000  0.000000 -0.000000 -1.000000
2451545.166724  1.0192574395e+00  1.000000 0.000000 0.000000  0.000000 -0.000000 -1.000000
2451545.167391  1.0184341848e+00  1.000000 0.000000 0.000000  0.000000 -0.000000 -1.000000
2451545.168058  1.0178298023e+00  1.000000 0.000000 0.000000  0.000000 -0.000000 -1.000000
2451545.168725  1.0198856680e+00  1.000000 0.000000 0.000000  0.000000 -0.000000 -1.000000
2451545.169392  1.0277687575e+00  1.000000 0.000000 0.000000  0.000000 -0.000000 -1.000000
2451545.170058  1.0337081142e+00  1.000000 0.000000 0.000000  0.000000 -0.000000 -1.000000
2451545.170725  1.0385159216e+00  1.000000 0.000000 0.000000  0.000000 -0.000000 -1.000000
2451545.171392  1.0468835959e+00  1.000000 0.000000 0.000000  0.000000 -0.000000 -1.000000
2451545.172059  1.0524621400e+00  1.000000 0.000000 0.000000  0.000000 -0.000000 -1.000000
2451545.172726  1.0611804072e+00  1.000000 0.000000 0.000000  0.000000 -0.000000 -1.000000
2451545.173393  1.0680775782e+00  1.000000 0.000000 0.000000  0.000000 -0.000000 -1.000000
2451545.174060  1.0743218231e+00  1.000000 0.000000 0.000000  0.000000 -0.000000 -1.000000
2451545.174727  1.0853318610e+00  1.000000 0.000000 0.000000  0.000000 -0.000000 -1.000000
2451545.175394  1.0906722290e+00  1.000000 0.000000 0.000000  0.000000 -0.000000 -1.000000
2451545.176061  1.0981749181e+00  1.000000 0.000000 0.000000  0.000000 -0.000000 -1.000000
2451545.176727  1.1069752268e+00  1.000000 0.000000 0.000000  0.000000 -0.000000 -1.000000
2451545.177394  1.1127945020e+00  1.000000 0.000000 0.000000  0.000000 -0.000000 -1.000000
2451545.178061  1.1190881422e+00  1.000000 0.000000 0.000000  0.000000 -0.000000 -1.000000
2451545.178728  1.1271216885e+00  1.000000 0.000000 0.000000  0.000000 -0.000000 -1.000000
2451545.179395  1.1326113779e+00  1.000000 0.000000 0.000000  0.000000 -0.000000 -1.000000
2451545.180062  1.1390517845e+00  1.000000 0.000000 0.000000  0.000000 -0.000000 -1.000000
2451545.180729  1.1476775065e+00  1.000000 0.000000 0.000000  0.000000 -0.000000 -1.000000
2451545.181396  1.1519391270e+00  1.000000 0.000000 0.000000  0.000000 -0.000000 -1.000000
2451545.182063  1.1579392343e+00  1.000000 0.000000 0.000000  0.000000 -0.000000 -1.000000
2451545.182729  1.1646640896e+00  1.000000 0.000000 0.000000  0.000000 -0.000000 -1.000000
2451545.183396  1.1695780685e+00  1.000000 0.000000 0.000000  0.000000 -0.000000 -1.000000
2451545.184063  1.1734922187e+00  1.000000 0.000000 0.000000  0.000000 -0.000000 -1.000000
2451545.184730  1.1794111361e+00  1.000000 0.000000 0.000000  0.000000 -0.000000 -1.000000
2451545.185397  1.1841718193e+00  1.000000 0.000000 0.000000  0.000000 -0.000000 -1.000000
2451545.186064  1.1870202805e+00  1.000000 0.000000 0.000000  0.000000 -0.000000 -1.000000
2451545.186731  1.1921403569e+00  1.000000 0.000000 0.000000  0.000000 -0.000000 -1.000000
2451545.187398  1.1943089233e+00  1.000000 0.000000 0.000000  0.000000 -0.000000 -1.000000
2451545.188065  1.1984513138e+00  1.000000 0.000000 0.000000  0.000000 -0.000000 -1.000000
2451545.188732  1.2016503680e+00  1.000000 0.000000 0.000000  0.000000 -0.000000 -1.000000
2451545.189398  1.2043492240e+00  1.000000 0.000000 0.000000  0.000000 -0.000000 -1.000000
2451545.190065  1.2059699002e+00  1.000000 0.000000 0.000000  0.000000 -0.000000 -1.000000
2451545.190732  1.2085659913e+00  1.000000 0.000000 0.000000  0.000000 -0.000000 -1.000000
2451545.191399  1.2105682035e+00  1.000000 0.000000 0.000000  0.000000 -0.000000 -1.000000
2451545.192066  1.2118147246e+00  1.000000 0.000000 0.000000  0.000000 -0.000000 -1.000000
2451545.192733  1.2126606898e+00  1.000000 0.000000 0.000000  0.000000 -0.000000 -1.000000
2451545.193400  1.2110786214e+00  1.000000 0.000000 0.000000  0.000000 -0.000000 -1.000000
2451545.194067  1.2117539741e+00  1.000000 0.000000 0.000000  0.000000 -0.000000 -1.000000
2451545.194734  1.2111268811e+00  1.000000 0.000000 0.000000  0.000000 -0.000000 -1.000000
2451545.195400  1.2102511085e+00  1.000000 0.000000 0.000000  0.000000 -0.000000 -1.000000
2451545.196067  1.2086349744e+00  1.000000 0.000000 0.000000  0.000000 -0.000000 -1.000000
2451545.196734  1.2049817107e+00  1.000000 0.000000 0.000000  0.000000 -0.000000 -1.000000
2451545.197401  1.2048340926e+00  1.000000 0.000000 0.000000  0.000000 -0.000000 -1.000000
2451545.198068  1.2026609841e+00  1.000000 0.000000 0.000000  0.000000 -0.000000 -1.000000
2451545.198735  1.1993832949e+00  1.000000 0.000000 0.000000  0.000000 -0.000000 -1.000000
2451545.199402  1.1970614328e+00  1.000000 0.000000 0.000000  0.000000 -0.000000 -1.000000
2451545.200069  1.1944999752e+00  1.000000 0.000000 0.000000  0.000000 -0.000000 -1.000000
2451545.200736  1.1898781098e+00  1.000000 0.000000 0.000000  0.000000 -0.000000 -1.000000
2451545.201403  1.1860948287e+00  1.000000 0.000000 0.000000  0.000000 -0.000000 -1.000000
2451545.202069  1.1815260490e+00  1.000000 0.000000 0.000000  0.000000 -0.000000 -1.000000
2451545.202736  1.1755441101e+00  1.000000 0.000000 0.000000  0.000000 -0.000000 -1.000000
2451545.203403  1.1727748516e+00  1.000000 0.000000 0.000000  0.000000 -0.000000 -1.000000
2451545.204070  1.1675997023e+00  1.000000 0.000000 0.000000  0.000000 -0.000000 -1.000000
2451545.204737  1.1609500755e+00  1.000000 0.000000 0.000000  0.000000 -0.000000 -1.000000
2451545.205404  1.1543254301e+00  1.000000 0.000000 0.000000  0.000000 -0.000000 -1.000000
2451545.206071  1.1459515105e+00  1.000000 0.000000 0.000000  0.000000 -0.000000 -1.000000
2451545.206738  1.1414812375e+00  1.000000 0.000000 0.000000  0.000000 -0.000000 -1.000000
2451545.207405  1.1349173427e+00  1.000000 0.000000 0.000000  0.000000 -0.000000 -1.000000
2451545.208072  1.1262683425e+00  1.000000 0.000000 0.000000  0.000000 -0.000000 -1.000000
2451545.208738  1.1197688886e+00  1.000000 0.000000 0.000000  0.000000 -0.000000 -1.000000
2451545.209405  1.1139859502e+00  1.000000 0.000000 0.000000  0.000000 -0.000000 -1.000000
2451545.210072  1.1038389103e+00  1.000000 0.000000 0.000000  0.000000 -0.000000 -1.000000
2451545.210739  1.0982484432e+00  1.000000 0.000000 0.000000  0.000000 -0.000000 -1.000000
2451545.211406  1.0909436192e+00  1.000000 0.000000 0.000000  0.000000 -0.000000 -1.000000
2451545.212073  1.0800925546e+00  1.000000 0.000000 0.000000  0.000000 -0.000000 -1.000000
2451545.212740  1.0736748585e+00  1.000000 0.000000 0.000000  0.000000 -0.000000 -1.000000
2451545.213407  1.0659567038e+00  1.000000 0.000000 0.000000  0.000000 -0.000000 -1.000000
2451545.214074  1.0540791257e+00  1.000000 0.000000 0.000000  0.000000 -0.000000 -1.000000
2451545.214740  1.0453526260e+00  1.000000 0.000000 0.000000  0.000000 -0.000000 -1.000000
2451545.215407  1.0382683775e+00  1.000000 0.000000 0.000000  0.000000 -0.000000 -1.000000
2451545.216074  1.0282277929e+00  1.000000 0.000000 0.000000  0.000000 -0.000000 -1.000000
2451545.216741  1.0234906719e+00  1.000000 0.000000 0.000000  0.000000 -0.000000 -1.000000
2451545.217408  9.9317673084e-01  1.000000 0.000000 0.000000  0.000000 -0.000000 -1.000000
2451545.218075  9.9446072428e-01  1.000000 0.000000 0.000000  0.000000 -0.000000 -1.000000
2451545.218742  9.9409309847e-01  1.000000 0.000000 0.000000  0.000000 -0.000000 -1.000000
2451545.219409  9.9424781358e-01  1.000000 0.000000 0.000000  0.000000 -0.000000 -1.000000
2451545.220076  9.9349070315e-01  1.000000 0.000000 0.000000  0.000000 -0.000000 -1.000000
2451545.220743  9.9353470469e-01  1.000000 0.000000 0.000000  0.000000 -0.000000 -1.000000
2451545.221409  9.9348530941e-01  1.000000 0.000000 0.000000  0.000000 -0.000000 -1.000000
2451545.222076  9.9210479645e-01  1.000000 0.000000 0.000000  0.000000 -0.000000 -1.000000
2451545.222743  9.8821165341e-01  1.000000 0.000000 0.000000  0.000000 -0.000000 -1.000000
2451545.223410  9.8528711209e-01  1.000000 0.000000 0.000000  0.000000 -0.000000 -1.000000
2451545.224077  9.7710083776e-01  1.000000 0.000000 0.000000  0.000000 -0.000000 -1.000000
2451545.224744  9.7025050709e-01  1.000000 0.000000 0.000000  0.000000 -0.000000 -1.000000
2451545.225411  9.6235577848e-01  1.000000 0.000000 0.000000  0.000000 -0.000000 -1.000000
2451545.226078  9.5033370505e-01  1.000000 0.000000 0.000000  0.000000 -0.000000 -1.000000
2451545.226745  9.4207844766e-01  1.000000 0.000000 0.000000  0.000000 -0.000000 -1.000000
2451545.227411  9.3198080305e-01  1.000000 0.000000 0.000000  0.000000 -0.000000 -1.000000
2451545.228078  9.1726044141e-01  1.000000 0.000000 0.000000  0.000000 -0.000000 -1.000000
2451545.228745  9.0342323333e-01  1.000000 0.000000 0.000000  0.000000 -0.000000 -1.000000
2451545.229412  8.8997380660e-01  1.000000 0.000000 0.000000  0.000000 -0.000000 -1.000000
2451545.230079  8.6520462786e-01  1.000000 0.000000 0.000000  0.000000 -0.000000 -1.000000
2451545.230746  8.4915854228e-01  1.000000 0.000000 0.000000  0.000000 -0.000000 -1.000000
2451545.231413  8.2946657394e-01  1.000000 0.000000 0.000000  0.000000 -0.000000 -1.000000
2451545.232080  8.0082270441e-01  1.000000 0.000000 0.000000  0.000000 -0.000000 -1.000000
2451545.232747  7.8040882688e-01  1.000000 0.000000 0.000000  0.000000 -0.000000 -1.000000
2451545.233414  7.5941753553e-01  1.000000 0.000000 0.000000  0.000000 -0.000000 -1.000000
2451545.234080  7.2661736533e-01  1.000000 0.000000 0.000000  0.000000 -0.000000 -1.000000
2451545.234747  7.0316851679e-01  1.000000 0.000000 0.000000  0.000000 -0.000000 -1.000000
2451545.235414  6.8386773637e-01  1.000000 0.000000 0.000000  0.000000 -0.000000 -1.000000
2451545.236081  6.6380104521e-01  1.000000 0.000000 0.000000  0.000000 -0.000000 -1.000000
2451545.236748  6.5867529117e-01  1.000000 0.000000 0.000000  0.000000 -0.000000 -1.000000
2451545.237415  6.5449060241e-01  1.000000 0.000000 0.000000  0.000000 -0.000000 -1.000000
2451545.238082  6.4968222725e-01  1.000000 0.000000 0.000000  0.000000 -0.000000 -1.000000
2451545.238749  6.4820008492e-01  1.000000 0.000000 0.000000  0.000000 -0.000000 -1.000000
2451545.239416  6.4594323155e-01  1.000000 0.000000 0.000000  0.000000 -0.000000 -1.000000
