28
360  1
2451545.000000  9.7154396703e-01  1.000000 0.000000 0.000000  1.000000 0.000000 0.000000
2451545.000667  9.6932689901e-01  1.000000 0.000000 0.000000  1.000000 0.000000 0.000000
2451545.001334  9.7251719746e-01  1.000000 0.000000 0.000000  1.000000 0.000000 0.000000
2451545.002001  9.7722060762e-01  1.000000 0.000000 0.000000  1.000000 0.000000 0.000000
2451545.002668  9.7683363716e-01  1.000000 0.000000 0.000000  1.000000 0.000000 0.000000
2451545.003334  9.7587784734e-01  1.000000 0.000000 0.000000  1.000000 0.000000 0.000000
2451545.004001  9.7829675986e-01  1.000000 0.000000 0.000000  1.000000 0.000000 0.000000
2451545.004668  9.8098977877e-01  1.000000 0.000000 0.000000  1.000000 0.000000 0.000000
2451545.005335  9.8034569818e-01  1.000000 0.000000 0.000000  1.000000 0.000000 0.000000
2451545.006002  9.8838626338e-01  1.000000 0.000000 0.000000  1.000000 0.000000 0.000000
2451545.006669  9.8795080359e-01  1.000000 0.000000 0.000000  1.000000 0.000000 0.000000
2451545.007336  9.9163371593e-01  1.000000 0.000000 0.000000  1.000000 0.000000 0.000000
2451545.008003  9.9529230029e-01  1.000000 0.000000 0.000000  1.000000 0.000000 0.000000
2451545.008670  9.9845660445e-01  1.000000 0.000000 0.000000  1.000000 0.000000 0.000000
2451545.009337  9.9811040281e-01  1.000000 0.000000 0.000000  1.000000 0.000000 0.000000
2451545.010003  9.9851709115e-01  1.000000 0.000000 0.000000  1.000000 0.000000 0.000000
2451545.010670  1.0026285204e+00  1.000000 0.000000 0.000000  1.000000 0.000000 0.000000
2451545.011337  1.0026785094e+00  1.000000 0.000000 0.000000  1.000000 0.000000 0.000000
2451545.012004  1.0119371956e+00  1.000000 0.000000 0.000000  1.000000 0.000000 0.000000
2451545.012671  1.0089632940e+00  1.000000 0.000000 0.000000  1.000000 0.000000 0.000000
2451545.013338  1.0119830189e+00  1.000000 0.000000 0.000000  1.000000 0.000000 0.000000
2451545.014005  1.0127662355e+00  1.000000 0.000000 0.000000  1.000000 0.000000 0.000000
2451545.014672  1.0146188281e+00  1.000000 0.000000 0.000000  1.000000 0.000000 0.000000
2451545.015339  1.0118312189e+00  1.000000 0.000000 0.000000  1.000000 0.000000 0.000000
2451545.016006  1.0105516670e+00  1.000000 0.000000 0.000000  1.000000 0.000000 0.000000
2451545.016672  1.0100517213e+00  1.000000 0.000000 0.000000  1.000000 0.000000 0.000000
2451545.017339  1.0124800762e+00  1.000000 0.000000 0.000000  1.000000 0.000000 0.000000
2451545.018006  1.0151877586e+00  1.000000 0.000000 0.000000  1.000000 0.000000 0.000000
2451545.018673  1.0140134057e+00  1.000000 0.000000 0.000000  1.000000 0.000000 0.000000
2451545.019340  1.0140806132e+00  1.000000 0.000000 0.000000  1.000000 0.000000 0.000000
2451545.020007  1.0102830038e+00  1.000000 0.000000 0.000000  1.000000 0.000000 0.000000
2451545.020674  1.0135833336e+00  1.000000 0.000000 0.000000  1.000000 0.000000 0.000000
2451545.021341  1.0134509183e+00  1.000000 0.000000 0.000000  1.000000 0.000000 0.000000
2451545.022008  1.0089871777e+00  1.000000 0.000000 0.000000  1.000000 0.000000 0.000000
2451545.022674  1.0104789607e+00  1.000000 0.000000 0.000000  1.000000 0.000000 0.000000
2451545.023341  1.0072294531e+00  1.000000 0.000000 0.000000  1.000000 0.000000 0.000000
2451545.024008  1.0114931266e+00  1.000000 0.000000 0.000000  1.000000 0.000000 0.000000
2451545.024675  1.0089767910e+00  1.000000 0.000000 0.000000  1.000000 0.000000 0.000000
2451545.025342  1.0050971997e+00  1.000000 0.000000 0.000000  1.000000 0.000000 0.000000
2451545.026009  1.0039919428e+00  1.000000 0.000000 0.000000  1.000000 0.000000 0.000000
2451545.026676  1.0023867402e+00  1.000000 0.000000 0.000000  1.000000 0.000000 0.000000
2451545.027343  1.0071176999e+00  1.000000 0.000000 0.000000  1.000000 0.000000 0.000000
2451545.028010  1.0004684398e+00  1.000000 0.000000 0.000000  1.000000 0.000000 0.000000
2451545.028677  1.0001591190e+00  1.000000 0.000000 0.000000  1.000000 0.000000 0.000000
2451545.029343  1.0051923455e+00  1.000000 0.000000 0.000000  1.000000 0.000000 0.000000
2451545.030010  1.0034556163e+00  1.000000 0.000000 0.000000  1.000000 0.000000 0.000000
2451545.030677  1.0006096865e+00  1.000000 0.000000 0.000000  1.000000 0.000000 0.000000
2451545.031344  1.0003153624e+00  1.000000 0.000000 0.000000  1.000000 0.000000 0.000000
2451545.032011  9.9799576135e-01  1.000000 0.000000 0.000000  1.000000 0.000000 0.000000
2451545.032678  9.9774714935e-01  1.000000 0.000000 0.000000  1.000000 0.000000 0.000000
2451545.033345  1.0003048647e+00  1.000000 0.000000 0.000000  1.000000 0.000000 0.000000
2451545.034012  1.0016431260e+00  1.000000 0.000000 0.000000  1.000000 0.000000 0.000000
2451545.034679  1.0042612169e+00  1.000000 0.000000 0.000000  1.000000 0.000000 0.000000
2451545.035345  1.0033951851e+00  1.000000 0.000000 0.000000  1.000000 0.000000 0.000000
2451545.036012  1.0058670304e+00  1.000000 0.000000 0.000000  1.000000 0.000000 0.000000
2451545.036679  1.0042709370e+00  1.000000 0.000000 0.000000  1.000000 0.000000 0.000000
2451545.037346  1.0032980398e+00  1.000000 0.000000 0.000000  1.000000 0.000000 0.000000
2451545.038013  1.0041532406e+00  1.000000 0.000000 0.000000  1.000000 0.000000 0.000000
2451545.038680  1.0056585763e+00  1.000000 0.000000 0.000000  1.000000 0.000000 0.000000
2451545.039347  1.0103308822e+00  1.000000 0.000000 0.000000  1.000000 0.000000 0.000000
2451545.040014  1.0080875977e+00  1.000000 0.000000 0.000000  1.000000 0.000000 0.000000
2451545.040681  1.0101298708e+00  1.000000 0.000000 0.000000  1.000000 0.000000 0.000000
2451545.041348  1.0081412526e+00  1.000000 0.000000 0.000000  1.000000 0.000000 0.000000
2451545.042014  1.0089949537e+00  1.000000 0.000000 0.000000  1.000000 0.000000 0.000000
2451545.042681  1.0096366459e+00  1.000000 0.000000 0.000000  1.000000 0.000000 0.000000
2451545.043348  1.0074556256e+00  1.000000 0.000000 0.000000  1.000000 0.000000 0.000000
2451545.044015  1.0058400919e+00  1.000000 0.000000 0.000000  1.000000 0.000000 0.000000
2451545.044682  1.0095745485e+00  1.000000 0.000000 0.000000  1.000000 0.000000 0.000000
2451545.045349  1.0125679458e+00  1.000000 0.000000 0.000000  1.000000 0.000000 0.000000
2451545.046016  1.0087512295e+00  1.000000 0.000000 0.000000  1.000000 0.000000 0.000000
2451545.046683  1.0118940940e+00  1.000000 0.000000 0.000000  1.000000 0.000000 0.000000
2451545.047350  1.0047476655e+00  1.000000 0.000000 0.000000  1.000000 0.000000 0.000000
2451545.048017  1.0065509912e+00  1.000000 0.000000 0.000000  1.000000 0.000000 0.000000
2451545.048683  1.0087758908e+00  1.000000 0.000000 0.000000  1.000000 0.000000 0.000000
2451545.049350  1.0023604682e+00  1.000000 0.000000 0.000000  1.000000 0.000000 0.000000
2451545.050017  1.0040323228e+00  1.000000 0.000000 0.000000  1.000000 0.000000 0.000000
2451545.050684  1.0050108298e+00  1.000000 0.000000 0.000000  1.000000 0.000000 0.000000
2451545.051351  1.0036888983e+00  1.000000 0.000000 0.000000  1.000000 0.000000 0.000000
2451545.052018  1.0032868201e+00  1.000000 0.000000 0.000000  1.000000 0.000000 0.000000
2451545.052685  9.9685095754e-01  1.000000 0.000000 0.000000  1.000000 0.000000 0.000000
2451545.053352  9.9777108853e-01  1.000000 0.000000 0.000000  1.000000 0.000000 0.000000
2451545.054019  9.9639555768e-01  1.000000 0.000000 0.000000  1.000000 0.000000 0.000000
2451545.054685  9.9878742060e-01  1.000000 0.000000 0.000000  1.000000 0.000000 0.000000
2451545.055352  9.9662883972e-01  1.000000 0.000000 0.000000  1.000000 0.000000 0.000000
2451545.056019  9.9730557979e-01  1.000000 0.000000 0.000000  1.000000 0.000000 0.000000
2451545.056686  9.9459328734e-01  1.000000 0.000000 0.000000  1.000000 0.000000 0.000000
2451545.057353  9.9154745712e-01  1.000000 0.000000 0.000000  1.000000 0.000000 0.000000
2451545.058020  9.9062621526e-01  1.000000 0.000000 0.000000  1.000000 0.000000 0.000000
2451545.058687  9.8529860903e-01  1.000000 0.000000 0.000000  1.000000 0.000000 0.000000
2451545.059354  9.8692680654e-01  1.000000 0.000000 0.000000  1.000000 0.000000 0.000000
2451545.060021  9.8804011728e-01  1.000000 0.000000 0.000000  1.000000 0.000000 0.000000
2451545.060688  9.8933877615e-01  1.000000 0.000000 0.000000  1.000000 0.000000 0.000000
2451545.061354  9.8988765545e-01  1.000000 0.000000 0.000000  1.000000 0.000000 0.000000
2451545.062021  9.8944086481e-01  1.000000 0.000000 0.000000  1.000000 0.000000 0.000000
2451545.062688  9.8589619984e-01  1.000000 0.000000 0.000000  1.000000 0.000000 0.000000
2451545.063355  9.9037349305e-01  1.000000 0.000000 0.000000  1.000000 0.000000 0.000000
2451545.064022  9.9242348670e-01  1.000000 0.000000 0.000000  1.000000 0.000000 0.000000
2451545.064689  9.9201940889e-01  1.000000 0.000000 0.000000  1.000000 0.000000 0.000000
2451545.065356  9.9329229565e-01  1.000000 0.000000 0.000000  1.000000 0.000000 0.000000
2451545.066023  9.9554674434e-01  1.000000 0.000000 0.000000  1.000000 0.000000 0.000000
2451545.066690  1.0005384800e+00  1.000000 0.000000 0.000000  1.000000 0.000000 0.000000
2451545.067356  1.0003800148e+00  1.000000 0.000000 0.000000  1.000000 0.000000 0.000000
2451545.068023  1.0019859950e+00  1.000000 0.000000 0.000000  1.000000 0.000000 0.000000
2451545.068690  1.0016675650e+00  1.000000 0.000000 0.000000  1.000000 0.000000 0.000000
2451545.069357  1.0014578889e+00  1.000000 0.000000 0.000000  1.000000 0.000000 0.000000
2451545.070024  1.0030320983e+00  1.000000 0.000000 0.000000  1.000000 0.000000 0.000000
2451545.070691  1.0037843773e+00  1.000000 0.000000 0.000000  1.000000 0.000000 0.000000
2451545.071358  1.0035677583e+00  1.000000 0.000000 0.000000  1.000000 0.000000 0.000000
2451545.072025  1.0115974370e+00  1.000000 0.000000 0.000000  1.000000 0.000000 0.000000
2451545.072692  1.0118076685e+00  1.000000 0.000000 0.000000  1.000000 0.000000 0.000000
2451545.073359  1.0122100245e+00  1.000000 0.000000 0.000000  1.000000 0.000000 0.000000
2451545.074025  1.0087874993e+00  1.000000 0.000000 0.000000  1.000000 0.000000 0.000000
2451545.074692  1.0087790012e+00  1.000000 0.000000 0.000000  1.000000 0.000000 0.000000
2451545.075359  1.0120291198e+00  1.000000 0.000000 0.000000  1.000000 0.000000 0.000000
2451545.076026  1.0145311807e+00  1.000000 0.000000 0.000000  1.000000 0.000000 0.000000
2451545.076693  1.0114654660e+00  1.000000 0.000000 0.000000  1.000000 0.000000 0.000000
2451545.077360  1.0156592105e+00  1.000000 0.000000 0.000000  1.000000 0.000000 0.000000
2451545.078027  1.0116059351e+00  1.000000 0.000000 0.000000  1.000000 0.000000 0.000000
2451545.078694  1.0158020124e+00  1.000000 0.000000 0.000000  1.000000 0.000000 0.000000
2451545.079361  1.0136294901e+00  1.000000 0.000000 0.000000  1.000000 0.000000 0.000000
2451545.080028  1.0069710654e+00  1.000000 0.000000 0.000000  1.000000 0.000000 0.000000
2451545.080694  1.0074621241e+00  1.000000 0.000000 0.000000  1.000000 0.000000 0.000000
2451545.081361  1.0060127206e+00  1.000000 0.000000 0.000000  1.000000 0.000000 0.000000
2451545.082028  1.0102907243e+00  1.000000 0.000000 0.000000  1.000000 0.000000 0.000000
2451545.082695  1.0067007360e+00  1.000000 0.000000 0.000000  1.000000 0.000000 0.000000
2451545.083362  1.0062637765e+00  1.000000 0.000000 0.000000  1.000000 0.000000 0.000000
2451545.084029  1.0025118794e+00  1.000000 0.000000 0.000000  1.000000 0.000000 0.000000
2451545.084696  1.0029042931e+00  1.000000 0.000000 0.000000  1.000000 0.000000 0.000000
2451545.085363  1.0014410037e+00  1.000000 0.000000 0.000000  1.000000 0.000000 0.000000
2451545.086030  9.9860923756e-01  1.000000 0.000000 0.000000  1.000000 0.000000 0.000000
2451545.086696  9.9776192388e-01  1.000000 0.000000 0.000000  1.000000 0.000000 0.000000
2451545.087363  9.9939028802e-01  1.000000 0.000000 0.000000  1.000000 0.000000 0.000000
2451545.088030  9.9969449891e-01  1.000000 0.000000 0.000000  1.000000 0.000000 0.000000
2451545.088697  9.9755180342e-01  1.000000 0.000000 0.000000  1.000000 0.000000 0.000000
2451545.089364  1.0002320474e+00  1.000000 0.000000 0.000000  1.000000 0.000000 0.000000
2451545.090031  9.9438977653e-01  1.000000 0.000000 0.000000  1.000000 0.000000 0.000000
2451545.090698  9.9811390204e-01  1.000000 0.000000 0.000000  1.000000 0.000000 0.000000
2451545.091365  9.9758151911e-01  1.000000 0.000000 0.000000  1.000000 0.000000 0.000000
2451545.092032  9.9499447689e-01  1.000000 0.000000 0.000000  1.000000 0.000000 0.000000
2451545.092699  9.9978731183e-01  1.000000 0.000000 0.000000  1.000000 0.000000 0.000000
2451545.093365  1.0014523901e+00  1.000000 0.000000 0.000000  1.000000 0.000000 0.000000
2451545.094032  1.0031707345e+00  1.000000 0.000000 0.000000  1.000000 0.000000 0.000000
2451545.094699  1.0034869427e+00  1.000000 0.000000 0.000000  1.000000 0.000000 0.000000
2451545.095366  1.0046544082e+00  1.000000 0.000000 0.000000  1.000000 0.000000 0.000000
2451545.096033  1.0035372650e+00  1.000000 0.000000 0.000000  1.000000 0.000000 0.000000
2451545.096700  1.0048075967e+00  1.000000 0.000000 0.000000  1.000000 0.000000 0.000000
2451545.097367  1.0086479189e+00  1.000000 0.000000 0.000000  1.000000 0.000000 0.000000
2451545.098034  1.0074213553e+00  1.000000 0.000000 0.000000  1.000000 0.000000 0.000000
2451545.098701  1.0092341233e+00  1.000000 0.000000 0.000000  1.000000 0.000000 0.000000
2451545.099367  1.0100907128e+00  1.000000 0.000000 0.000000  1.000000 0.000000 0.000000
2451545.100034  1.0119132564e+00  1.000000 0.000000 0.000000  1.000000 0.000000 0.000000
2451545.100701  1.0110539454e+00  1.000000 0.000000 0.000000  1.000000 0.000000 0.000000
2451545.101368  1.0059675083e+00  1.000000 0.000000 0.000000  1.000000 0.000000 0.000000
2451545.102035  1.0090709926e+00  1.000000 0.000000 0.000000  1.000000 0.000000 0.000000
2451545.102702  1.0090242806e+00  1.000000 0.000000 0.000000  1.000000 0.000000 0.000000
2451545.103369  1.0112351833e+00  1.000000 0.000000 0.000000  1.000000 0.000000 0.000000
2451545.104036  1.0095774923e+00  1.000000 0.000000 0.000000  1.000000 0.000000 0.000000
2451545.104703  1.0117431827e+00  1.000000 0.000000 0.000000  1.000000 0.000000 0.000000
2451545.105370  1.0077257328e+00  1.000000 0.000000 0.000000  1.000000 0.000000 0.000000
2451545.106036  1.0094581852e+00  1.000000 0.000000 0.000000  1.000000 0.000000 0.000000
2451545.106703  1.0113355501e+00  1.000000 0.000000 0.000000  1.000000 0.000000 0.000000
2451545.107370  1.0058243176e+00  1.000000 0.000000 0.000000  1.000000 0.000000 0.000000
2451545.108037  1.0040129382e+00  1.000000 0.000000 0.000000  1.000000 0.000000 0.000000
2451545.108704  1.0032916523e+00  1.000000 0.000000 0.000000  1.000000 0.000000 0.000000
2451545.109371  1.0061880710e+00  1.000000 0.000000 0.000000  1.000000 0.000000 0.000000
2451545.110038  1.0027013377e+00  1.000000 0.000000 0.000000  1.000000 0.000000 0.000000
2451545.110705  1.0029815539e+00  1.000000 0.000000 0.000000  1.000000 0.000000 0.000000
2451545.111372  9.9579535633e-01  1.000000 0.000000 0.000000  1.000000 0.000000 0.000000
2451545.112039  9.9398397688e-01  1.000000 0.000000 0.000000  1.000000 0.000000 0.000000
2451545.112705  9.9298697390e-01  1.000000 0.000000 0.000000  1.000000 0.000000 0.000000
2451545.113372  9.8605177674e-01  1.000000 0.000000 0.000000  1.000000 0.000000 0.000000
2451545.114039  9.8752106475e-01  1.000000 0.000000 0.000000  1.000000 0.000000 0.000000
2451545.114706  9.8451761410e-01  1.000000 0.000000 0.000000  1.000000 0.000000 0.000000
2451545.115373  9.8352555448e-01  1.000000 0.000000 0.000000  1.000000 0.000000 0.000000
2451545.116040  9.8070150883e-01  1.000000 0.000000 0.000000  1.000000 0.000000 0.000000
2451545.116707  9.8098472433e-01  1.000000 0.000000 0.000000  1.000000 0.000000 0.000000
2451545.117374  9.7273342769e-01  1.000000 0.000000 0.000000  1.000000 0.000000 0.000000
2451545.118041  9.7331779918e-01  1.000000 0.000000 0.000000  1.000000 0.000000 0.000000
2451545.118707  9.6986178139e-01  1.000000 0.000000 0.000000  1.000000 0.000000 0.000000
2451545.119374  9.7252352940e-01  1.000000 0.000000 0.000000  1.000000 0.000000 0.000000
2451545.120041  9.7305457929e-01  1.000000 0.000000 0.000000  1.000000 0.000000 0.000000
2451545.120708  9.7182307232e-01  1.000000 0.000000 0.000000  1.000000 0.000000 0.000000
2451545.121375  9.7249775729e-01  1.000000 0.000000 0.000000  1.000000 0.000000 0.000000
2451545.122042  9.7151619536e-01  1.000000 0.000000 0.000000  1.000000 0.000000 0.000000
2451545.122709  9.6687582690e-01  1.000000 0.000000 0.000000  1.000000 0.000000 0.000000
2451545.123376  9.6951013650e-01  1.000000 0.000000 0.000000  1.000000 0.000000 0.000000
2451545.124043  9.7011294838e-01  1.000000 0.000000 0.000000  1.000000 0.000000 0.000000
2451545.124710  9.7621088521e-01  1.000000 0.000000 0.000000  1.000000 0.000000 0.000000
2451545.125376  9.7558718903e-01  1.000000 0.000000 0.000000  1.000000 0.000000 0.000000
2451545.126043  9.7717956109e-01  1.000000 0.000000 0.000000  1.000000 0.000000 0.000000
2451545.126710  9.7627087202e-01  1.000000 0.000000 0.000000  1.000000 0.000000 0.000000
2451545.127377  9.8125094356e-01  1.000000 0.000000 0.000000  1.000000 0.000000 0.000000
2451545.128044  9.8360886949e-01  1.000000 0.000000 0.000000  1.000000 0.000000 0.000000
2451545.128711  9.8054443226e-01  1.000000 0.000000 0.000000  1.000000 0.000000 0.000000
2451545.129378  9.8555249764e-01  1.000000 0.000000 0.000000  1.000000 0.000000 0.000000
2451545.130045  9.8546734970e-01  1.000000 0.000000 0.000000  1.000000 0.000000 0.000000
2451545.130712  9.9176435387e-01  1.000000 0.000000 0.000000  1.000000 0.000000 0.000000
2451545.131378  9.9099063512e-01  1.000000 0.000000 0.000000  1.000000 0.000000 0.000000
2451545.132045  9.9653125006e-01  1.000000 0.000000 0.000000  1.000000 0.000000 0.000000
2451545.132712  9.9245814575e-01  1.000000 0.000000 0.000000  1.000000 0.000000 0.000000
2451545.133379  9.9242148714e-01  1.000000 0.000000 0.000000  1.000000 0.000000 0.000000
2451545.134046  9.9168492689e-01  1.000000 0.000000 0.000000  1.000000 0.000000 0.000000
2451545.134713  9.9404824053e-01  1.000000 0.000000 0.000000  1.000000 0.000000 0.000000
2451545.135380  9.9683068422e-01  1.000000 0.000000 0.000000  1.000000 0.000000 0.000000
2451545.136047  9.9420437286e-01  1.000000 0.000000 0.000000  1.000000 0.000000 0.000000
2451545.136714  1.0003216943e+00  1.000000 0.000000 0.000000  1.000000 0.000000 0.000000
2451545.137381  1.0000450329e+00  1.000000 0.000000 0.000000  1.000000 0.000000 0.000000
2451545.138047  1.0005017658e+00  1.000000 0.000000 0.000000  1.000000 0.000000 0.000000
2451545.138714  9.9945049701e-01  1.000000 0.000000 0.000000  1.000000 0.000000 0.000000
2451545.139381  9.9667432971e-01  1.000000 0.000000 0.000000  1.000000 0.000000 0.000000
2451545.140048  9.9546376258e-01  1.000000 0.000000 0.000000  1.000000 0.000000 0.000000
2451545.140715  1.0001667839e+00  1.000000 0.000000 0.000000  1.000000 0.000000 0.000000
2451545.141382  1.0000987989e+00  1.000000 0.000000 0.000000  1.000000 0.000000 0.000000
2451545.142049  9.9693660537e-01  1.000000 0.000000 0.000000  1.000000 0.000000 0.000000
2451545.142716  9.9713428412e-01  1.000000 0.000000 0.000000  1.000000 0.000000 0.000000
2451545.143383  9.9444137630e-01  1.000000 0.000000 0.000000  1.000000 0.000000 0.000000
2451545.144050  9.9203529429e-01  1.000000 0.000000 0.000000  1.000000 0.000000 0.000000
2451545.144716  9.9195031298e-01  1.000000 0.000000 0.000000  1.000000 0.000000 0.000000
2451545.145383  9.9142142928e-01  1.000000 0.000000 0.000000  1.000000 0.000000 0.000000
2451545.146050  9.9160005666e-01  1.000000 0.000000 0.000000  1.000000 0.000000 0.000000
2451545.146717  9.9001718252e-01  1.000000 0.000000 0.000000  1.000000 0.000000 0.000000
2451545.147384  9.9170558901e-01  1.000000 0.000000 0.000000  1.000000 0.000000 0.000000
2451545.148051  9.8575056520e-01  1.000000 0.000000 0.000000  1.000000 0.000000 0.000000
2451545.148718  9.8828495233e-01  1.000000 0.000000 0.000000  1.000000 0.000000 0.000000
2451545.149385  9.8732138644e-01  1.000000 0.000000 0.000000  1.000000 0.000000 0.000000
2451545.150052  9.8377038953e-01  1.000000 0.000000 0.000000  1.000000 0.000000 0.000000
2451545.150718  9.8379055176e-01  1.000000 0.000000 0.000000  1.000000 0.000000 0.000000
2451545.151385  9.8272117581e-01  1.000000 0.000000 0.000000  1.000000 0.000000 0.000000
2451545.152052  9.8768958325e-01  1.000000 0.000000 0.000000  1.000000 0.000000 0.000000
2451545.152719  9.8702606249e-01  1.000000 0.000000 0.000000  1.000000 0.000000 0.000000
2451545.153386  9.8587709293e-01  1.000000 0.000000 0.000000  1.000000 0.000000 0.000000
2451545.154053  9.8368885191e-01  1.000000 0.000000 0.000000  1.000000 0.000000 0.000000
2451545.154720  9.8484815253e-01  1.000000 0.000000 0.000000  1.000000 0.000000 0.000000
2451545.155387  9.8499934151e-01  1.000000 0.000000 0.000000  1.000000 0.000000 0.000000
2451545.156054  9.8597351617e-01  1.000000 0.000000 0.000000  1.000000 0.000000 0.000000
2451545.156721  9.8895647133e-01  1.000000 0.000000 0.000000  1.000000 0.000000 0.000000
2451545.157387  9.8940265099e-01  1.000000 0.000000 0.000000  1.000000 0.000000 0.000000
2451545.158054  9.9494815375e-01  1.000000 0.000000 0.000000  1.000000 0.000000 0.000000
2451545.158721  9.9449658638e-01  1.000000 0.000000 0.000000  1.000000 0.000000 0.000000
2451545.159388  9.9743005242e-01  1.000000 0.000000 0.000000  1.000000 0.000000 0.000000
2451545.160055  9.9605668775e-01  1.000000 0.000000 0.000000  1.000000 0.000000 0.000000
2451545.160722  9.9804191787e-01  1.000000 0.000000 0.000000  1.000000 0.000000 0.000000
2451545.161389  9.9743682870e-01  1.000000 0.000000 0.000000  1.000000 0.000000 0.000000
2451545.162056  1.0003357468e+00  1.000000 0.000000 0.000000  1.000000 0.000000 0.000000
2451545.162723  1.0045374895e+00  1.000000 0.000000 0.000000  1.000000 0.000000 0.000000
2451545.163389  1.0028540263e+00  1.000000 0.000000 0.000000  1.000000 0.000000 0.000000
2451545.164056  1.0064499578e+00  1.000000 0.000000 0.000000  1.000000 0.000000 0.000000
2451545.164723  1.0064139657e+00  1.000000 0.000000 0.000000  1.000000 0.000000 0.000000
2451545.165390  1.0092414551e+00  1.000000 0.000000 0.000000  1.000000 0.000000 0.000000
2451545.166057  1.0055294380e+00  1.000000 0.000000 0.000000  1.000000 0.000000 0.000000
2451545.166724  1.0041428540e+00  1.000000 0.000000 0.000000  1.000000 0.000000 0.000000
2451545.167391  1.0068708097e+00  1.000000 0.000000 0.000000  1.000000 0.000000 0.000000
2451545.168058  1.0104235285e+00  1.000000 0.000000 0.000000  1.000000 0.000000 0.000000
2451545.168725  1.0127855091e+00  1.000000 0.000000 0.000000  1.000000 0.000000 0.000000
2451545.169392  1.0090524411e+00  1.000000 0.000000 0.000000  1.000000 0.000000 0.000000
2451545.170058  1.0094487984e+00  1.000000 0.000000 0.000000  1.000000 0.000000 0.000000
2451545.170725  1.0097547311e+00  1.000000 0.000000 0.000000  1.000000 0.000000 0.000000
2451545.171392  1.0060146646e+00  1.000000 0.000000 0.000000  1.000000 0.000000 0.000000
2451545.172059  1.0085498849e+00  1.000000 0.000000 0.000000  1.000000 0.000000 0.000000
2451545.172726  1.0065188871e+00  1.000000 0.000000 0.000000  1.000000 0.000000 0.000000
2451545.173393  1.0097911675e+00  1.000000 0.000000 0.000000  1.000000 0.000000 0.000000
2451545.174060  1.0089459645e+00  1.000000 0.000000 0.000000  1.000000 0.000000 0.000000
2451545.174727  1.0109455248e+00  1.000000 0.000000 0.000000  1.000000 0.000000 0.000000
2451545.175394  1.0058177080e+00  1.000000 0.000000 0.000000  1.000000 0.000000 0.000000
2451545.176061  1.0066891830e+00  1.000000 0.000000 0.000000  1.000000 0.000000 0.000000
2451545.176727  1.0054836148e+00  1.000000 0.000000 0.000000  1.000000 0.000000 0.000000
2451545.177394  1.0035676472e+00  1.000000 0.000000 0.000000  1.000000 0.000000 0.000000
2451545.178061  1.0043772469e+00  1.000000 0.000000 0.000000  1.000000 0.000000 0.000000
2451545.178728  1.0043952985e+00  1.000000 0.000000 0.000000  1.000000 0.000000 0.000000
2451545.179395  1.0067607228e+00  1.000000 0.000000 0.000000  1.000000 0.000000 0.000000
2451545.180062  1.0050321585e+00  1.000000 0.000000 0.000000  1.000000 0.000000 0.000000
2451545.180729  1.0070621010e+00  1.000000 0.000000 0.000000  1.000000 0.000000 0.000000
2451545.181396  1.0054906132e+00  1.000000 0.000000 0.000000  1.000000 0.000000 0.000000
2451545.182063  1.0068029913e+00  1.000000 0.000000 0.000000  1.000000 0.000000 0.000000
2451545.182729  1.0052596640e+00  1.000000 0.000000 0.000000  1.000000 0.000000 0.000000
2451545.183396  1.0094171942e+00  1.000000 0.000000 0.000000  1.000000 0.000000 0.000000
2451545.184063  1.0117473485e+00  1.000000 0.000000 0.000000  1.000000 0.000000 0.000000
2451545.184730  1.0095342796e+00  1.000000 0.000000 0.000000  1.000000 0.000000 0.000000
2451545.185397  1.0145679504e+00  1.000000 0.000000 0.000000  1.000000 0.000000 0.000000
2451545.186064  1.0125382856e+00  1.000000 0.000000 0.000000  1.000000 0.000000 0.000000
2451545.186731  1.0152418578e+00  1.000000 0.000000 0.000000  1.000000 0.000000 0.000000
2451545.187398  1.0144025424e+00  1.000000 0.000000 0.000000  1.000000 0.000000 0.000000
2451545.188065  1.0123352747e+00  1.000000 0.000000 0.000000  1.000000 0.000000 0.000000
2451545.188732  1.0149645299e+00  1.000000 0.000000 0.000000  1.000000 0.000000 0.000000
2451545.189398  1.0194542093e+00  1.000000 0.000000 0.000000  1.000000 0.000000 0.000000
2451545.190065  1.0223248002e+00  1.000000 0.000000 0.000000  1.000000 0.000000 0.000000
2451545.190732  1.0212590346e+00  1.000000 0.000000 0.000000  1.000000 0.000000 0.000000
2451545.191399  1.0218128573e+00  1.000000 0.000000 0.000000  1.000000 0.000000 0.000000
2451545.192066  1.0201654973e+00  1.000000 0.000000 0.000000  1.000000 0.000000 0.000000
2451545.192733  1.0213509588e+00  1.000000 0.000000 0.000000  1.000000 0.000000 0.000000
2451545.193400  1.0220700785e+00  1.000000 0.000000 0.000000  1.000000 0.000000 0.000000
2451545.194067  1.0242264376e+00  1.000000 0.000000 0.000000  1.000000 0.000000 0.000000
2451545.194734  1.0267888741e+00  1.000000 0.000000 0.000000  1.000000 0.000000 0.000000
2451545.195400  1.0250757509e+00  1.000000 0.000000 0.000000  1.000000 0.000000 0.000000
2451545.196067  1.0272214457e+00  1.000000 0.000000 0.000000  1.000000 0.000000 0.000000
2451545.196734  1.0213806190e+00  1.000000 0.000000 0.000000  1.000000 0.000000 0.000000
2451545.197401  1.0196023989e+00  1.000000 0.000000 0.000000  1.000000 0.000000 0.000000
2451545.198068  1.0193437891e+00  1.000000 0.000000 0.000000  1.000000 0.000000 0.000000
2451545.198735  1.0185524631e+00  1.000000 0.000000 0.000000  1.000000 0.000000 0.000000
2451545.199402  1.0196343363e+00  1.000000 0.000000 0.000000  1.000000 0.000000 0.000000
2451545.200069  1.0194463777e+00  1.000000 0.000000 0.000000  1.000000 0.000000 0.000000
2451545.200736  1.0202638646e+00  1.000000 0.000000 0.000000  1.000000 0.000000 0.000000
2451545.201403  1.0163258972e+00  1.000000 0.000000 0.000000  1.000000 0.000000 0.000000
2451545.202069  1.0162957372e+00  1.000000 0.000000 0.000000  1.000000 0.000000 0.000000
2451545.202736  1.0119021478e+00  1.000000 0.000000 0.000000  1.000000 0.000000 0.000000
2451545.203403  1.0146028872e+00  1.000000 0.000000 0.000000  1.000000 0.000000 0.000000
2451545.204070  1.0148391130e+00  1.000000 0.000000 0.000000  1.000000 0.000000 0.000000
2451545.204737  1.0069811188e+00  1.000000 0.000000 0.000000  1.000000 0.000000 0.000000
2451545.205404  1.0048844132e+00  1.000000 0.000000 0.000000  1.000000 0.000000 0.000000
2451545.206071  1.0028686342e+00  1.000000 0.000000 0.000000  1.000000 0.000000 0.000000
2451545.206738  1.0070965934e+00  1.000000 0.000000 0.000000  1.000000 0.000000 0.000000
2451545.207405  1.0052787709e+00  1.000000 0.000000 0.000000  1.000000 0.000000 0.000000
2451545.208072  1.0021494035e+00  1.000000 0.000000 0.000000  1.000000 0.000000 0.000000
2451545.208738  9.9567271664e-01  1.000000 0.000000 0.000000  1.000000 0.000000 0.000000
2451545.209405  9.9676097732e-01  1.000000 0.000000 0.000000  1.000000 0.000000 0.000000
2451545.210072  9.9683662736e-01  1.000000 0.000000 0.000000  1.000000 0.000000 0.000000
2451545.210739  9.9419115354e-01  1.000000 0.000000 0.000000  1.000000 0.000000 0.000000
2451545.211406  9.9256817711e-01  1.000000 0.000000 0.000000  1.000000 0.000000 0.000000
2451545.212073  9.9306440132e-01  1.000000 0.000000 0.000000  1.000000 0.000000 0.000000
2451545.212740  9.9933330056e-01  1.000000 0.000000 0.000000  1.000000 0.000000 0.000000
2451545.213407  9.9874904015e-01  1.000000 0.000000 0.000000  1.000000 0.000000 0.000000
2451545.214074  9.9778186394e-01  1.000000 0.000000 0.000000  1.000000 0.000000 0.000000
2451545.214740  9.9426308217e-01  1.000000 0.000000 0.000000  1.000000 0.000000 0.000000
2451545.215407  9.9502041563e-01  1.000000 0.000000 0.000000  1.000000 0.000000 0.000000
2451545.216074  1.0012658756e+00  1.000000 0.000000 0.000000  1.000000 0.000000 0.000000
2451545.216741  1.0007861477e+00  1.000000 0.000000 0.000000  1.000000 0.000000 0.000000
2451545.217408  9.9856041496e-01  1.000000 0.000000 0.000000  1.000000 0.000000 0.000000
2451545.218075  1.0013135873e+00  1.000000 0.000000 0.000000  1.000000 0.000000 0.000000
2451545.218742  1.0004923790e+00  1.000000 0.000000 0.000000  1.000000 0.000000 0.000000
2451545.219409  1.0031905079e+00  1.000000 0.000000 0.000000  1.000000 0.000000 0.000000
2451545.220076  9.9972099308e-01  1.000000 0.000000 0.000000  1.000000 0.000000 0.000000
2451545.220743  1.0002198278e+00  1.000000 0.000000 0.000000  1.000000 0.000000 0.000000
2451545.221409  1.0026758988e+00  1.000000 0.000000 0.000000  1.000000 0.000000 0.000000
2451545.222076  1.0051074752e+00  1.000000 0.000000 0.000000  1.000000 0.000000 0.000000
2451545.222743  1.0047102293e+00  1.000000 0.000000 0.000000  1.000000 0.000000 0.000000
2451545.223410  1.0053230945e+00  1.000000 0.000000 0.000000  1.000000 0.000000 0.000000
2451545.224077  9.9944505376e-01  1.000000 0.000000 0.000000  1.000000 0.000000 0.000000
2451545.224744  1.0042477754e+00  1.000000 0.000000 0.000000  1.000000 0.000000 0.000000
2451545.225411  1.0016804511e+00  1.000000 0.000000 0.000000  1.000000 0.000000 0.000000
2451545.226078  9.9902581262e-01  1.000000 0.000000 0.000000  1.000000 0.000000 0.000000
2451545.226745  9.9737273169e-01  1.000000 0.000000 0.000000  1.000000 0.000000 0.000000
2451545.227411  9.9739911478e-01  1.000000 0.000000 0.000000  1.000000 0.000000 0.000000
2451545.228078  1.0007813155e+00  1.000000 0.000000 0.000000  1.000000 0.000000 0.000000
2451545.228745  9.9832435576e-01  1.000000 0.000000 0.000000  1.000000 0.000000 0.000000
2451545.229412  9.9621304226e-01  1.000000 0.000000 0.000000  1.000000 0.000000 0.000000
2451545.230079  9.9109927790e-01  1.000000 0.000000 0.000000  1.000000 0.000000 0.000000
2451545.230746  9.8946374866e-01  1.000000 0.000000 0.000000  1.000000 0.000000 0.000000
2451545.231413  9.9109600084e-01  1.000000 0.000000 0.000000  1.000000 0.000000 0.000000
2451545.232080  9.8695207876e-01  1.000000 0.000000 0.000000  1.000000 0.000000 0.000000
2451545.232747  9.8467380198e-01  1.000000 0.000000 0.000000  1.000000 0.000000 0.000000
2451545.233414  9.8536742723e-01  1.000000 0.000000 0.000000  1.000000 0.000000 0.000000
2451545.234080  9.8530849574e-01  1.000000 0.000000 0.000000  1.000000 0.000000 0.000000
2451545.234747  9.8509509823e-01  1.000000 0.000000 0.000000  1.000000 0.000000 0.000000
2451545.235414  9.8163791402e-01  1.000000 0.000000 0.000000  1.000000 0.000000 0.000000
2451545.236081  9.7716645286e-01  1.000000 0.000000 0.000000  1.000000 0.000000 0.000000
2451545.236748  9.7506258217e-01  1.000000 0.000000 0.000000  1.000000 0.000000 0.000000
2451545.237415  9.7373387436e-01  1.000000 0.000000 0.000000  1.000000 0.000000 0.000000
2451545.238082  9.7497732314e-01  1.000000 0.000000 0.000000  1.000000 0.000000 0.000000
2451545.238749  9.7438317602e-01  1.000000 0.000000 0.000000  1.000000 0.000000 0.000000
2451545.239416  9.7461801327e-01  1.000000 0.000000 0.000000  1.000000 0.000000 0.000000
360  1
2451545.000000  9.8899884055e-01  1.000000 0.000000 0.000000  1.000000 0.000000 0.000000
2451545.000667  9.9054462070e-01  1.000000 0.000000 0.000000  1.000000 0.000000 0.000000
2451545.001334  9.8950833727e-01  1.000000 0.000000 0.000000  1.000000 0.000000 0.000000
2451545.002001  9.9012207585e-01  1.000000 0.000000 0.000000  1.000000 0.000000 0.000000
2451545.002668  9.8665515562e-01  1.000000 0.000000 0.000000  1.000000 0.000000 0.000000
2451545.003334  9.8702856346e-01  1.000000 0.000000 0.000000  1.000000 0.000000 0.000000
2451545.004001  9.9102829399e-01  1.000000 0.000000 0.000000  1.000000 0.000000 0.000000
2451545.004668  9.9135663633e-01  1.000000 0.000000 0.000000  1.000000 0.000000 0.000000
2451545.005335  9.9175832165e-01  1.000000 0.000000 0.000000  1.000000 0.000000 0.000000
2451545.006002  1.0005227808e+00  1.000000 0.000000 0.000000  1.000000 0.000000 0.000000
2451545.006669  1.0036238227e+00  1.000000 0.000000 0.000000  1.000000 0.000000 0.000000
2451545.007336  1.0056604152e+00  1.000000 0.000000 0.000000  1.000000 0.000000 0.000000
2451545.008003  1.0020277342e+00  1.000000 0.000000 0.000000  1.000000 0.000000 0.000000
2451545.008670  1.0041769348e+00  1.000000 0.000000 0.000000  1.000000 0.000000 0.000000
2451545.009337  1.0069472360e+00  1.000000 0.000000 0.000000  1.000000 0.000000 0.000000
2451545.010003  1.0121204544e+00  1.000000 0.000000 0.000000  1.000000 0.000000 0.000000
2451545.010670  1.0111998465e+00  1.000000 0.000000 0.000000  1.000000 0.000000 0.000000
2451545.011337  1.0112962800e+00  1.000000 0.000000 0.000000  1.000000 0.000000 0.000000
2451545.012004  1.0160301655e+00  1.000000 0.000000 0.000000  1.000000 0.000000 0.000000
2451545.012671  1.0201126648e+00  1.000000 0.000000 0.000000  1.000000 0.000000 0.000000
2451545.013338  1.0197046212e+00  1.000000 0.000000 0.000000  1.000000 0.000000 0.000000
2451545.014005  1.0176010440e+00  1.000000 0.000000 0.000000  1.000000 0.000000 0.000000
2451545.014672  1.0172349426e+00  1.000000 0.000000 0.000000  1.000000 0.000000 0.000000
2451545.015339  1.0176590491e+00  1.000000 0.000000 0.000000  1.000000 0.000000 0.000000
2451545.016006  1.0222242178e+00  1.000000 0.000000 0.000000  1.000000 0.000000 0.000000
2451545.016672  1.0205908165e+00  1.000000 0.000000 0.000000  1.000000 0.000000 0.000000
2451545.017339  1.0188839606e+00  1.000000 0.000000 0.000000  1.000000 0.000000 0.000000
2451545.018006  1.0225575240e+00  1.000000 0.000000 0.000000  1.000000 0.000000 0.000000
2451545.018673  1.0221538308e+00  1.000000 0.000000 0.000000  1.000000 0.000000 0.000000
2451545.019340  1.0226231702e+00  1.000000 0.000000 0.000000  1.000000 0.000000 0.000000
2451545.020007  1.0184566192e+00  1.000000 0.000000 0.000000  1.000000 0.000000 0.000000
2451545.020674  1.0184371540e+00  1.000000 0.000000 0.000000  1.000000 0.000000 0.000000
2451545.021341  1.0155556949e+00  1.000000 0.000000 0.000000  1.000000 0.000000 0.000000
2451545.022008  1.0179184546e+00  1.000000 0.000000 0.000000  1.000000 0.000000 0.000000
2451545.022674  1.0185051427e+00  1.000000 0.000000 0.000000  1.000000 0.000000 0.000000
2451545.023341  1.0158834795e+00  1.000000 0.000000 0.000000  1.000000 0.000000 0.000000
2451545.024008  1.0125381469e+00  1.000000 0.000000 0.000000  1.000000 0.000000 0.000000
2451545.024675  1.0130249435e+00  1.000000 0.000000 0.000000  1.000000 0.000000 0.000000
2451545.025342  1.0072916971e+00  1.000000 0.000000 0.000000  1.000000 0.000000 0.000000
2451545.026009  1.0084907294e+00  1.000000 0.000000 0.000000  1.000000 0.000000 0.000000
2451545.026676  1.0059823435e+00  1.000000 0.000000 0.000000  1.000000 0.000000 0.000000
2451545.027343  1.0066235787e+00  1.000000 0.000000 0.000000  1.000000 0.000000 0.000000
2451545.028010  1.0067493494e+00  1.000000 0.000000 0.000000  1.000000 0.000000 0.000000
2451545.028677  1.0055003992e+00  1.000000 0.000000 0.000000  1.000000 0.000000 0.000000
2451545.029343  1.0018248279e+00  1.000000 0.000000 0.000000  1.000000 0.000000 0.000000
2451545.030010  9.9878452407e-01  1.000000 0.000000 0.000000  1.000000 0.000000 0.000000
2451545.030677  9.9940891551e-01  1.000000 0.000000 0.000000  1.000000 0.000000 0.000000
2451545.031344  1.0022157489e+00  1.000000 0.000000 0.000000  1.000000 0.000000 0.000000
2451545.032011  9.9884565252e-01  1.000000 0.000000 0.000000  1.000000 0.000000 0.000000
2451545.032678  9.9504983222e-01  1.000000 0.000000 0.000000  1.000000 0.000000 0.000000
2451545.033345  9.9581611306e-01  1.000000 0.000000 0.000000  1.000000 0.000000 0.000000
2451545.034012  9.9821685492e-01  1.000000 0.000000 0.000000  1.000000 0.000000 0.000000
2451545.034679  9.9802365332e-01  1.000000 0.000000 0.000000  1.000000 0.000000 0.000000
2451545.035345  1.0012595013e+00  1.000000 0.000000 0.000000  1.000000 0.000000 0.000000
2451545.036012  1.0002405079e+00  1.000000 0.000000 0.000000  1.000000 0.000000 0.000000
2451545.036679  1.0011687010e+00  1.000000 0.000000 0.000000  1.000000 0.000000 0.000000
2451545.037346  1.0041000222e+00  1.000000 0.000000 0.000000  1.000000 0.000000 0.000000
2451545.038013  1.0046056148e+00  1.000000 0.000000 0.000000  1.000000 0.000000 0.000000
2451545.038680  1.0032366944e+00  1.000000 0.000000 0.000000  1.000000 0.000000 0.000000
2451545.039347  1.0006657856e+00  1.000000 0.000000 0.000000  1.000000 0.000000 0.000000
2451545.040014  1.0034628027e+00  1.000000 0.000000 0.000000  1.000000 0.000000 0.000000
2451545.040681  1.0071990563e+00  1.000000 0.000000 0.000000  1.000000 0.000000 0.000000
2451545.041348  1.0106316754e+00  1.000000 0.000000 0.000000  1.000000 0.000000 0.000000
2451545.042014  1.0094856285e+00  1.000000 0.000000 0.000000  1.000000 0.000000 0.000000
2451545.042681  1.0105911276e+00  1.000000 0.000000 0.000000  1.000000 0.000000 0.000000
2451545.043348  1.0088126578e+00  1.000000 0.000000 0.000000  1.000000 0.000000 0.000000
2451545.044015  1.0109773635e+00  1.000000 0.000000 0.000000  1.000000 0.000000 0.000000
2451545.044682  1.0124314510e+00  1.000000 0.000000 0.000000  1.000000 0.000000 0.000000
2451545.045349  1.0125262112e+00  1.000000 0.000000 0.000000  1.000000 0.000000 0.000000
2451545.046016  1.0144099826e+00  1.000000 0.000000 0.000000  1.000000 0.000000 0.000000
2451545.046683  1.0133397885e+00  1.000000 0.000000 0.000000  1.000000 0.000000 0.000000
2451545.047350  1.0171602052e+00  1.000000 0.000000 0.000000  1.000000 0.000000 0.000000
2451545.048017  1.0168166365e+00  1.000000 0.000000 0.000000  1.000000 0.000000 0.000000
2451545.048683  1.0115681789e+00  1.000000 0.000000 0.000000  1.000000 0.000000 0.000000
2451545.049350  1.0154139170e+00  1.000000 0.000000 0.000000  1.000000 0.000000 0.000000
2451545.050017  1.0142322862e+00  1.000000 0.000000 0.000000  1.000000 0.000000 0.000000
2451545.050684  1.0165387698e+00  1.000000 0.000000 0.000000  1.000000 0.000000 0.000000
2451545.051351  1.0139430973e+00  1.000000 0.000000 0.000000  1.000000 0.000000 0.000000
2451545.052018  1.0135196601e+00  1.000000 0.000000 0.000000  1.000000 0.000000 0.000000
2451545.052685  1.0173738201e+00  1.000000 0.000000 0.000000  1.000000 0.000000 0.000000
2451545.053352  1.0144266591e+00  1.000000 0.000000 0.000000  1.000000 0.000000 0.000000
2451545.054019  1.0134729771e+00  1.000000 0.000000 0.000000  1.000000 0.000000 0.000000
2451545.054685  1.0123067958e+00  1.000000 0.000000 0.000000  1.000000 0.000000 0.000000
2451545.055352  1.0079752091e+00  1.000000 0.000000 0.000000  1.000000 0.000000 0.000000
2451545.056019  1.0078238939e+00  1.000000 0.000000 0.000000  1.000000 0.000000 0.000000
2451545.056686  1.0113653841e+00  1.000000 0.000000 0.000000  1.000000 0.000000 0.000000
2451545.057353  1.0115445864e+00  1.000000 0.000000 0.000000  1.000000 0.000000 0.000000
2451545.058020  1.0124170055e+00  1.000000 0.000000 0.000000  1.000000 0.000000 0.000000
2451545.058687  1.0123091940e+00  1.000000 0.000000 0.000000  1.000000 0.000000 0.000000
2451545.059354  1.0135618811e+00  1.000000 0.000000 0.000000  1.000000 0.000000 0.000000
2451545.060021  1.0089875097e+00  1.000000 0.000000 0.000000  1.000000 0.000000 0.000000
2451545.060688  1.0074234914e+00  1.000000 0.000000 0.000000  1.000000 0.000000 0.000000
2451545.061354  1.0087437767e+00  1.000000 0.000000 0.000000  1.000000 0.000000 0.000000
2451545.062021  1.0074897510e+00  1.000000 0.000000 0.000000  1.000000 0.000000 0.000000
2451545.062688  1.0100867063e+00  1.000000 0.000000 0.000000  1.000000 0.000000 0.000000
2451545.063355  1.0073755256e+00  1.000000 0.000000 0.000000  1.000000 0.000000 0.000000
2451545.064022  1.0117728142e+00  1.000000 0.000000 0.000000  1.000000 0.000000 0.000000
2451545.064689  1.0106505271e+00  1.000000 0.000000 0.000000  1.000000 0.000000 0.000000
2451545.065356  1.0100881007e+00  1.000000 0.000000 0.000000  1.000000 0.000000 0.000000
2451545.066023  1.0130721284e+00  1.000000 0.000000 0.000000  1.000000 0.000000 0.000000
2451545.066690  1.0095330365e+00  1.000000 0.000000 0.000000  1.000000 0.000000 0.000000
2451545.067356  1.0087794721e+00  1.000000 0.000000 0.000000  1.000000 0.000000 0.000000
2451545.068023  1.0114526707e+00  1.000000 0.000000 0.000000  1.000000 0.000000 0.000000
2451545.068690  1.0157453827e+00  1.000000 0.000000 0.000000  1.000000 0.000000 0.000000
2451545.069357  1.0148529966e+00  1.000000 0.000000 0.000000  1.000000 0.000000 0.000000
2451545.070024  1.0191014240e+00  1.000000 0.000000 0.000000  1.000000 0.000000 0.000000
2451545.070691  1.0128584020e+00  1.000000 0.000000 0.000000  1.000000 0.000000 0.000000
2451545.071358  1.0152542915e+00  1.000000 0.000000 0.000000  1.000000 0.000000 0.000000
2451545.072025  1.0174553619e+00  1.000000 0.000000 0.000000  1.000000 0.000000 0.000000
2451545.072692  1.0159791879e+00  1.000000 0.000000 0.000000  1.000000 0.000000 0.000000
2451545.073359  1.0168230506e+00  1.000000 0.000000 0.000000  1.000000 0.000000 0.000000
2451545.074025  1.0168695104e+00  1.000000 0.000000 0.000000  1.000000 0.000000 0.000000
2451545.074692  1.0179485726e+00  1.000000 0.000000 0.000000  1.000000 0.000000 0.000000
2451545.075359  1.0176392493e+00  1.000000 0.000000 0.000000  1.000000 0.000000 0.000000
2451545.076026  1.0162616839e+00  1.000000 0.000000 0.000000  1.000000 0.000000 0.000000
2451545.076693  1.0151724708e+00  1.000000 0.000000 0.000000  1.000000 0.000000 0.000000
2451545.077360  1.0140685334e+00  1.000000 0.000000 0.000000  1.000000 0.000000 0.000000
2451545.078027  1.0177534747e+00  1.000000 0.000000 0.000000  1.000000 0.000000 0.000000
2451545.078694  1.0142993825e+00  1.000000 0.000000 0.000000  1.000000 0.000000 0.000000
2451545.079361  1.0168367710e+00  1.000000 0.000000 0.000000  1.000000 0.000000 0.000000
2451545.080028  1.0133907661e+00  1.000000 0.000000 0.000000  1.000000 0.000000 0.000000
2451545.080694  1.0116930572e+00  1.000000 0.000000 0.000000  1.000000 0.000000 0.000000
2451545.081361  1.0104553734e+00  1.000000 0.000000 0.000000  1.000000 0.000000 0.000000
2451545.082028  1.0052076965e+00  1.000000 0.000000 0.000000  1.000000 0.000000 0.000000
2451545.082695  1.0058531148e+00  1.000000 0.000000 0.000000  1.000000 0.000000 0.000000
2451545.083362  1.0045902211e+00  1.000000 0.000000 0.000000  1.000000 0.000000 0.000000
2451545.084029  1.0023540687e+00  1.000000 0.000000 0.000000  1.000000 0.000000 0.000000
2451545.084696  1.0029453861e+00  1.000000 0.000000 0.000000  1.000000 0.000000 0.000000
2451545.085363  1.0021548993e+00  1.000000 0.000000 0.000000  1.000000 0.000000 0.000000
2451545.086030  9.9650152140e-01  1.000000 0.000000 0.000000  1.000000 0.000000 0.000000
2451545.086696  9.9448088027e-01  1.000000 0.000000 0.000000  1.000000 0.000000 0.000000
2451545.087363  9.9463682475e-01  1.000000 0.000000 0.000000  1.000000 0.000000 0.000000
2451545.088030  9.9015224966e-01  1.000000 0.000000 0.000000  1.000000 0.000000 0.000000
2451545.088697  9.8897575005e-01  1.000000 0.000000 0.000000  1.000000 0.000000 0.000000
2451545.089364  9.9026296132e-01  1.000000 0.000000 0.000000  1.000000 0.000000 0.000000
2451545.090031  9.9186786205e-01  1.000000 0.000000 0.000000  1.000000 0.000000 0.000000
2451545.090698  9.9063062441e-01  1.000000 0.000000 0.000000  1.000000 0.000000 0.000000
2451545.091365  9.8859258175e-01  1.000000 0.000000 0.000000  1.000000 0.000000 0.000000
2451545.092032  9.8680970575e-01  1.000000 0.000000 0.000000  1.000000 0.000000 0.000000
2451545.092699  9.8802396444e-01  1.000000 0.000000 0.000000  1.000000 0.000000 0.000000
2451545.093365  9.8694718899e-01  1.000000 0.000000 0.000000  1.000000 0.000000 0.000000
2451545.094032  9.8622932010e-01  1.000000 0.000000 0.000000  1.000000 0.000000 0.000000
2451545.094699  9.8807031275e-01  1.000000 0.000000 0.000000  1.000000 0.000000 0.000000
2451545.095366  9.8844952109e-01  1.000000 0.000000 0.000000  1.000000 0.000000 0.000000
2451545.096033  9.9522228585e-01  1.000000 0.000000 0.000000  1.000000 0.000000 0.000000
2451545.096700  9.9211678201e-01  1.000000 0.000000 0.000000  1.000000 0.000000 0.000000
2451545.097367  9.8829089945e-01  1.000000 0.000000 0.000000  1.000000 0.000000 0.000000
2451545.098034  9.9066341960e-01  1.000000 0.000000 0.000000  1.000000 0.000000 0.000000
2451545.098701  9.9342892431e-01  1.000000 0.000000 0.000000  1.000000 0.000000 0.000000
2451545.099367  9.9800976556e-01  1.000000 0.000000 0.000000  1.000000 0.000000 0.000000
2451545.100034  9.9503125943e-01  1.000000 0.000000 0.000000  1.000000 0.000000 0.000000
2451545.100701  1.0004550152e+00  1.000000 0.000000 0.000000  1.000000 0.000000 0.000000
2451545.101368  1.0017764160e+00  1.000000 0.000000 0.000000  1.000000 0.000000 0.000000
2451545.102035  1.0027360658e+00  1.000000 0.000000 0.000000  1.000000 0.000000 0.000000
2451545.102702  9.9949681555e-01  1.000000 0.000000 0.000000  1.000000 0.000000 0.000000
2451545.103369  9.9962554225e-01  1.000000 0.000000 0.000000  1.000000 0.000000 0.000000
2451545.104036  1.0016724530e+00  1.000000 0.000000 0.000000  1.000000 0.000000 0.000000
2451545.104703  1.0001622568e+00  1.000000 0.000000 0.000000  1.000000 0.000000 0.000000
2451545.105370  1.0072726781e+00  1.000000 0.000000 0.000000  1.000000 0.000000 0.000000
2451545.106036  1.0048393642e+00  1.000000 0.000000 0.000000  1.000000 0.000000 0.000000
2451545.106703  1.0071899093e+00  1.000000 0.000000 0.000000  1.000000 0.000000 0.000000
2451545.107370  1.0042378401e+00  1.000000 0.000000 0.000000  1.000000 0.000000 0.000000
2451545.108037  1.0019534431e+00  1.000000 0.000000 0.000000  1.000000 0.000000 0.000000
2451545.108704  1.0029905631e+00  1.000000 0.000000 0.000000  1.000000 0.000000 0.000000
2451545.109371  1.0013445011e+00  1.000000 0.000000 0.000000  1.000000 0.000000 0.000000
2451545.110038  1.0019055331e+00  1.000000 0.000000 0.000000  1.000000 0.000000 0.000000
2451545.110705  1.0001712922e+00  1.000000 0.000000 0.000000  1.000000 0.000000 0.000000
2451545.111372  1.0010109718e+00  1.000000 0.000000 0.000000  1.000000 0.000000 0.000000
2451545.112039  1.0008342793e+00  1.000000 0.000000 0.000000  1.000000 0.000000 0.000000
2451545.112705  1.0010158241e+00  1.000000 0.000000 0.000000  1.000000 0.000000 0.000000
2451545.113372  9.9586591936e-01  1.000000 0.000000 0.000000  1.000000 0.000000 0.000000
2451545.114039  9.9474865189e-01  1.000000 0.000000 0.000000  1.000000 0.000000 0.000000
2451545.114706  9.9192497476e-01  1.000000 0.000000 0.000000  1.000000 0.000000 0.000000
2451545.115373  9.9334264172e-01  1.000000 0.000000 0.000000  1.000000 0.000000 0.000000
2451545.116040  9.9038226219e-01  1.000000 0.000000 0.000000  1.000000 0.000000 0.000000
2451545.116707  9.8881350310e-01  1.000000 0.000000 0.000000  1.000000 0.000000 0.000000
2451545.117374  9.9023156048e-01  1.000000 0.000000 0.000000  1.000000 0.000000 0.000000
2451545.118041  9.8515176382e-01  1.000000 0.000000 0.000000  1.000000 0.000000 0.000000
2451545.118707  9.8486536363e-01  1.000000 0.000000 0.000000  1.000000 0.000000 0.000000
2451545.119374  9.8017899772e-01  1.000000 0.000000 0.000000  1.000000 0.000000 0.000000
2451545.120041  9.7952917327e-01  1.000000 0.000000 0.000000  1.000000 0.000000 0.000000
2451545.120708  9.7896931251e-01  1.000000 0.000000 0.000000  1.000000 0.000000 0.000000
2451545.121375  9.7904544420e-01  1.000000 0.000000 0.000000  1.000000 0.000000 0.000000
2451545.122042  9.8034553929e-01  1.000000 0.000000 0.000000  1.000000 0.000000 0.000000
2451545.122709  9.7982059313e-01  1.000000 0.000000 0.000000  1.000000 0.000000 0.000000
2451545.123376  9.8110518300e-01  1.000000 0.000000 0.000000  1.000000 0.000000 0.000000
2451545.124043  9.7950452111e-01  1.000000 0.000000 0.000000  1.000000 0.000000 0.000000
2451545.124710  9.7810721170e-01  1.000000 0.000000 0.000000  1.000000 0.000000 0.000000
2451545.125376  9.8125304024e-01  1.000000 0.000000 0.000000  1.000000 0.000000 0.000000
2451545.126043  9.8287573292e-01  1.000000 0.000000 0.000000  1.000000 0.000000 0.000000
2451545.126710  9.8699548939e-01  1.000000 0.000000 0.000000  1.000000 0.000000 0.000000
2451545.127377  9.8625475311e-01  1.000000 0.000000 0.000000  1.000000 0.000000 0.000000
2451545.128044  9.9171883356e-01  1.000000 0.000000 0.000000  1.000000 0.000000 0.000000
2451545.128711  9.8960164740e-01  1.000000 0.000000 0.000000  1.000000 0.000000 0.000000
2451545.129378  9.9104781494e-01  1.000000 0.000000 0.000000  1.000000 0.000000 0.000000
2451545.130045  9.9494441910e-01  1.000000 0.000000 0.000000  1.000000 0.000000 0.000000
2451545.130712  9.9414528730e-01  1.000000 0.000000 0.000000  1.000000 0.000000 0.000000
2451545.131378  9.9655829947e-01  1.000000 0.000000 0.000000  1.000000 0.000000 0.000000
2451545.132045  9.9610658475e-01  1.000000 0.000000 0.000000  1.000000 0.000000 0.000000
2451545.132712  1.0022521694e+00  1.000000 0.000000 0.000000  1.000000 0.000000 0.000000
2451545.133379  1.0001973945e+00  1.000000 0.000000 0.000000  1.000000 0.000000 0.000000
2451545.134046  1.0022579141e+00  1.000000 0.000000 0.000000  1.000000 0.000000 0.000000
2451545.134713  9.9985795307e-01  1.000000 0.000000 0.000000  1.000000 0.000000 0.000000
2451545.135380  1.0005715274e+00  1.000000 0.000000 0.000000  1.000000 0.000000 0.000000
2451545.136047  9.9891821467e-01  1.000000 0.000000 0.000000  1.000000 0.000000 0.000000
2451545.136714  1.0013634085e+00  1.000000 0.000000 0.000000  1.000000 0.000000 0.000000
2451545.137381  9.9901029777e-01  1.000000 0.000000 0.000000  1.000000 0.000000 0.000000
2451545.138047  9.9724354050e-01  1.000000 0.000000 0.000000  1.000000 0.000000 0.000000
2451545.138714  9.9943630061e-01  1.000000 0.000000 0.000000  1.000000 0.000000 0.000000
2451545.139381  1.0000235465e+00  1.000000 0.000000 0.000000  1.000000 0.000000 0.000000
2451545.140048  1.0004585847e+00  1.000000 0.000000 0.000000  1.000000 0.000000 0.000000
2451545.140715  9.9401879156e-01  1.000000 0.000000 0.000000  1.000000 0.000000 0.000000
2451545.141382  9.9468138828e-01  1.000000 0.000000 0.000000  1.000000 0.000000 0.000000
2451545.142049  9.9115869392e-01  1.000000 0.000000 0.000000  1.000000 0.000000 0.000000
2451545.142716  9.9433737342e-01  1.000000 0.000000 0.000000  1.000000 0.000000 0.000000
2451545.143383  9.9208331753e-01  1.000000 0.000000 0.000000  1.000000 0.000000 0.000000
2451545.144050  9.9106069877e-01  1.000000 0.000000 0.000000  1.000000 0.000000 0.000000
2451545.144716  9.8806529308e-01  1.000000 0.000000 0.000000  1.000000 0.000000 0.000000
2451545.145383  9.8758418539e-01  1.000000 0.000000 0.000000  1.000000 0.000000 0.000000
2451545.146050  9.8239217117e-01  1.000000 0.000000 0.000000  1.000000 0.000000 0.000000
2451545.146717  9.8049964322e-01  1.000000 0.000000 0.000000  1.000000 0.000000 0.000000
2451545.147384  9.7859434300e-01  1.000000 0.000000 0.000000  1.000000 0.000000 0.000000
2451545.148051  9.7911460413e-01  1.000000 0.000000 0.000000  1.000000 0.000000 0.000000
2451545.148718  9.7394674011e-01  1.000000 0.000000 0.000000  1.000000 0.000000 0.000000
2451545.149385  9.7447235555e-01  1.000000 0.000000 0.000000  1.000000 0.000000 0.000000
2451545.150052  9.6982302367e-01  1.000000 0.000000 0.000000  1.000000 0.000000 0.000000
2451545.150718  9.6888529314e-01  1.000000 0.000000 0.000000  1.000000 0.000000 0.000000
2451545.151385  9.6995660272e-01  1.000000 0.000000 0.000000  1.000000 0.000000 0.000000
2451545.152052  9.6204766306e-01  1.000000 0.000000 0.000000  1.000000 0.000000 0.000000
2451545.152719  9.6258186773e-01  1.000000 0.000000 0.000000  1.000000 0.000000 0.000000
2451545.153386  9.6837462516e-01  1.000000 0.000000 0.000000  1.000000 0.000000 0.000000
2451545.154053  9.7181466225e-01  1.000000 0.000000 0.000000  1.000000 0.000000 0.000000
2451545.154720  9.7410184798e-01  1.000000 0.000000 0.000000  1.000000 0.000000 0.000000
2451545.155387  9.7606102601e-01  1.000000 0.000000 0.000000  1.000000 0.000000 0.000000
2451545.156054  9.7350696105e-01  1.000000 0.000000 0.000000  1.000000 0.000000 0.000000
2451545.156721  9.7919040118e-01  1.000000 0.000000 0.000000  1.000000 0.000000 0.000000
2451545.157387  9.7713607247e-01  1.000000 0.000000 0.000000  1.000000 0.000000 0.000000
2451545.158054  9.8494807667e-01  1.000000 0.000000 0.000000  1.000000 0.000000 0.000000
2451545.158721  9.8516141274e-01  1.000000 0.000000 0.000000  1.000000 0.000000 0.000000
2451545.159388  9.8566851118e-01  1.000000 0.000000 0.000000  1.000000 0.000000 0.000000
2451545.160055  9.9354599422e-01  1.000000 0.000000 0.000000  1.000000 0.000000 0.000000
2451545.160722  9.9368241775e-01  1.000000 0.000000 0.000000  1.000000 0.000000 0.000000
2451545.161389  9.9812120228e-01  1.000000 0.000000 0.000000  1.000000 0.000000 0.000000
2451545.162056  9.9710176264e-01  1.000000 0.000000 0.000000  1.000000 0.000000 0.000000
2451545.162723  9.9745224731e-01  1.000000 0.000000 0.000000  1.000000 0.000000 0.000000
2451545.163389  9.9872211281e-01  1.000000 0.000000 0.000000  1.000000 0.000000 0.000000
2451545.164056  1.0031371933e+00  1.000000 0.000000 0.000000  1.000000 0.000000 0.000000
2451545.164723  1.0049736683e+00  1.000000 0.000000 0.000000  1.000000 0.000000 0.000000
2451545.165390  1.0051919125e+00  1.000000 0.000000 0.000000  1.000000 0.000000 0.000000
2451545.166057  1.0067767903e+00  1.000000 0.000000 0.000000  1.000000 0.000000 0.000000
2451545.166724  1.0059562412e+00  1.000000 0.000000 0.000000  1.000000 0.000000 0.000000
2451545.167391  1.0074991769e+00  1.000000 0.000000 0.000000  1.000000 0.000000 0.000000
2451545.168058  1.0071201916e+00  1.000000 0.000000 0.000000  1.000000 0.000000 0.000000
2451545.168725  1.0075756432e+00  1.000000 0.000000 0.000000  1.000000 0.000000 0.000000
2451545.169392  1.0095841814e+00  1.000000 0.000000 0.000000  1.000000 0.000000 0.000000
2451545.170058  1.0102264205e+00  1.000000 0.000000 0.000000  1.000000 0.000000 0.000000
2451545.170725  1.0096406806e+00  1.000000 0.000000 0.000000  1.000000 0.000000 0.000000
2451545.171392  1.0083448801e+00  1.000000 0.000000 0.000000  1.000000 0.000000 0.000000
2451545.172059  1.0058645485e+00  1.000000 0.000000 0.000000  1.000000 0.000000 0.000000
2451545.172726  1.0095316979e+00  1.000000 0.000000 0.000000  1.000000 0.000000 0.000000
2451545.173393  1.0057485941e+00  1.000000 0.000000 0.000000  1.000000 0.000000 0.000000
2451545.174060  1.0070766878e+00  1.000000 0.000000 0.000000  1.000000 0.000000 0.000000
2451545.174727  1.0061921658e+00  1.000000 0.000000 0.000000  1.000000 0.000000 0.000000
2451545.175394  1.0085661919e+00  1.000000 0.000000 0.000000  1.000000 0.000000 0.000000
2451545.176061  1.0043820163e+00  1.000000 0.000000 0.000000  1.000000 0.000000 0.000000
2451545.176727  1.0051641369e+00  1.000000 0.000000 0.000000  1.000000 0.000000 0.000000
2451545.177394  1.0015754618e+00  1.000000 0.000000 0.000000  1.000000 0.000000 0.000000
2451545.178061  1.0006076690e+00  1.000000 0.000000 0.000000  1.000000 0.000000 0.000000
2451545.178728  1.0012387533e+00  1.000000 0.000000 0.000000  1.000000 0.000000 0.000000
2451545.179395  1.0019946044e+00  1.000000 0.000000 0.000000  1.000000 0.000000 0.000000
2451545.180062  9.9872384181e-01  1.000000 0.000000 0.000000  1.000000 0.000000 0.000000
2451545.180729  1.0017529351e+00  1.000000 0.000000 0.000000  1.000000 0.000000 0.000000
2451545.181396  1.0018694472e+00  1.000000 0.000000 0.000000  1.000000 0.000000 0.000000
2451545.182063  9.9778282061e-01  1.000000 0.000000 0.000000  1.000000 0.000000 0.000000
2451545.182729  1.0004202679e+00  1.000000 0.000000 0.000000  1.000000 0.000000 0.000000
2451545.183396  9.9719289758e-01  1.000000 0.000000 0.000000  1.000000 0.000000 0.000000
2451545.184063  9.9828043744e-01  1.000000 0.000000 0.000000  1.000000 0.000000 0.000000
2451545.184730  9.9801539875e-01  1.000000 0.000000 0.000000  1.000000 0.000000 0.000000
2451545.185397  1.0019629805e+00  1.000000 0.000000 0.000000  1.000000 0.000000 0.000000
2451545.186064  1.0036333600e+00  1.000000 0.000000 0.000000  1.000000 0.000000 0.000000
2451545.186731  1.0014285527e+00  1.000000 0.000000 0.000000  1.000000 0.000000 0.000000
2451545.187398  1.0023015852e+00  1.000000 0.000000 0.000000  1.000000 0.000000 0.000000
2451545.188065  1.0061715294e+00  1.000000 0.000000 0.000000  1.000000 0.000000 0.000000
2451545.188732  1.0067091920e+00  1.000000 0.000000 0.000000  1.000000 0.000000 0.000000
2451545.189398  1.0036798199e+00  1.000000 0.000000 0.000000  1.000000 0.000000 0.000000
2451545.190065  1.0056492046e+00  1.000000 0.000000 0.000000  1.000000 0.000000 0.000000
2451545.190732  1.0028313280e+00  1.000000 0.000000 0.000000  1.000000 0.000000 0.000000
2451545.191399  1.0081505072e+00  1.000000 0.000000 0.000000  1.000000 0.000000 0.000000
2451545.192066  1.0110260543e+00  1.000000 0.000000 0.000000  1.000000 0.000000 0.000000
2451545.192733  1.0086252567e+00  1.000000 0.000000 0.000000  1.000000 0.000000 0.000000
2451545.193400  1.0070374228e+00  1.000000 0.000000 0.000000  1.000000 0.000000 0.000000
2451545.194067  1.0123518055e+00  1.000000 0.000000 0.000000  1.000000 0.000000 0.000000
2451545.194734  1.0071801488e+00  1.000000 0.000000 0.000000  1.000000 0.000000 0.000000
2451545.195400  1.0069456744e+00  1.000000 0.000000 0.000000  1.000000 0.000000 0.000000
2451545.196067  1.0092289559e+00  1.000000 0.000000 0.000000  1.000000 0.000000 0.000000
2451545.196734  1.0114154135e+00  1.000000 0.000000 0.000000  1.000000 0.000000 0.000000
2451545.197401  1.0102760595e+00  1.000000 0.000000 0.000000  1.000000 0.000000 0.000000
2451545.198068  1.0126768014e+00  1.000000 0.000000 0.000000  1.000000 0.000000 0.000000
2451545.198735  1.0063576477e+00  1.000000 0.000000 0.000000  1.000000 0.000000 0.000000
2451545.199402  1.0069380333e+00  1.000000 0.000000 0.000000  1.000000 0.000000 0.000000
2451545.200069  1.0051720011e+00  1.000000 0.000000 0.000000  1.000000 0.000000 0.000000
2451545.200736  1.0043930038e+00  1.000000 0.000000 0.000000  1.000000 0.000000 0.000000
2451545.201403  1.0055997329e+00  1.000000 0.000000 0.000000  1.000000 0.000000 0.000000
2451545.202069  1.0043449265e+00  1.000000 0.000000 0.000000  1.000000 0.000000 0.000000
2451545.202736  1.0013770174e+00  1.000000 0.000000 0.000000  1.000000 0.000000 0.000000
2451545.203403  9.9867682421e-01  1.000000 0.000000 0.000000  1.000000 0.000000 0.000000
2451545.204070  9.9738029867e-01  1.000000 0.000000 0.000000  1.000000 0.000000 0.000000
2451545.204737  9.9617563313e-01  1.000000 0.000000 0.000000  1.000000 0.000000 0.000000
2451545.205404  9.9773747623e-01  1.000000 0.000000 0.000000  1.000000 0.000000 0.000000
2451545.206071  9.9249699429e-01  1.000000 0.000000 0.000000  1.000000 0.000000 0.000000
2451545.206738  9.8918964386e-01  1.000000 0.000000 0.000000  1.000000 0.000000 0.000000
2451545.207405  9.8399718345e-01  1.000000 0.000000 0.000000  1.000000 0.000000 0.000000
2451545.208072  9.8765256448e-01  1.000000 0.000000 0.000000  1.000000 0.000000 0.000000
2451545.208738  9.8040594267e-01  1.000000 0.000000 0.000000  1.000000 0.000000 0.000000
2451545.209405  9.8018602526e-01  1.000000 0.000000 0.000000  1.000000 0.000000 0.000000
2451545.210072  9.7507410270e-01  1.000000 0.000000 0.000000  1.000000 0.000000 0.000000
2451545.210739  9.7669450864e-01  1.000000 0.000000 0.000000  1.000000 0.000000 0.000000
2451545.211406  9.7912570318e-01  1.000000 0.000000 0.000000  1.000000 0.000000 0.000000
2451545.212073  9.7738811578e-01  1.000000 0.000000 0.000000  1.000000 0.000000 0.000000
2451545.212740  9.7159803551e-01  1.000000 0.000000 0.000000  1.000000 0.000000 0.000000
2451545.213407  9.7250648462e-01  1.000000 0.000000 0.000000  1.000000 0.000000 0.000000
2451545.214074  9.7312027898e-01  1.000000 0.000000 0.000000  1.000000 0.000000 0.000000
2451545.214740  9.7745314842e-01  1.000000 0.000000 0.000000  1.000000 0.000000 0.000000
2451545.215407  9.7745164252e-01  1.000000 0.000000 0.000000  1.000000 0.000000 0.000000
2451545.216074  9.8161997827e-01  1.000000 0.000000 0.000000  1.000000 0.000000 0.000000
2451545.216741  9.8190258581e-01  1.000000 0.000000 0.000000  1.000000 0.000000 0.000000
2451545.217408  9.8505103573e-01  1.000000 0.000000 0.000000  1.000000 0.000000 0.000000
2451545.218075  9.8772345340e-01  1.000000 0.000000 0.000000  1.000000 0.000000 0.000000
2451545.218742  9.9085243815e-01  1.000000 0.000000 0.000000  1.000000 0.000000 0.000000
2451545.219409  9.9151079604e-01  1.000000 0.000000 0.000000  1.000000 0.000000 0.000000
2451545.220076  9.9402593065e-01  1.000000 0.000000 0.000000  1.000000 0.000000 0.000000
2451545.220743  9.9715385569e-01  1.000000 0.000000 0.000000  1.000000 0.000000 0.000000
2451545.221409  9.9776078982e-01  1.000000 0.000000 0.000000  1.000000 0.000000 0.000000
2451545.222076  1.0012411516e+00  1.000000 0.000000 0.000000  1.000000 0.000000 0.000000
2451545.222743  1.0010101909e+00  1.000000 0.000000 0.000000  1.000000 0.000000 0.000000
2451545.223410  1.0046807983e+00  1.000000 0.000000 0.000000  1.000000 0.000000 0.000000
2451545.224077  1.0002709605e+00  1.000000 0.000000 0.000000  1.000000 0.000000 0.000000
2451545.224744  1.0015146122e+00  1.000000 0.000000 0.000000  1.000000 0.000000 0.000000
2451545.225411  1.0008476651e+00  1.000000 0.000000 0.000000  1.000000 0.000000 0.000000
2451545.226078  1.0074738554e+00  1.000000 0.000000 0.000000  1.000000 0.000000 0.000000
2451545.226745  1.0067875547e+00  1.000000 0.000000 0.000000  1.000000 0.000000 0.000000
2451545.227411  1.0063790649e+00  1.000000 0.000000 0.000000  1.000000 0.000000 0.000000
2451545.228078  1.0015812065e+00  1.000000 0.000000 0.000000  1.000000 0.000000 0.000000
2451545.228745  1.0010051713e+00  1.000000 0.000000 0.000000  1.000000 0.000000 0.000000
2451545.229412  1.0082614978e+00  1.000000 0.000000 0.000000  1.000000 0.000000 0.000000
2451545.230079  1.0027612757e+00  1.000000 0.000000 0.000000  1.000000 0.000000 0.000000
2451545.230746  1.0022229995e+00  1.000000 0.000000 0.000000  1.000000 0.000000 0.000000
2451545.231413  1.0014605113e+00  1.000000 0.000000 0.000000  1.000000 0.000000 0.000000
2451545.232080  1.0056034140e+00  1.000000 0.000000 0.000000  1.000000 0.000000 0.000000
2451545.232747  1.0060810079e+00  1.000000 0.000000 0.000000  1.000000 0.000000 0.000000
2451545.233414  1.0048770675e+00  1.000000 0.000000 0.000000  1.000000 0.000000 0.000000
2451545.234080  9.9757455999e-01  1.000000 0.000000 0.000000  1.000000 0.000000 0.000000
2451545.234747  9.9568158585e-01  1.000000 0.000000 0.000000  1.000000 0.000000 0.000000
2451545.235414  9.9631183357e-01  1.000000 0.000000 0.000000  1.000000 0.000000 0.000000
2451545.236081  9.9761678101e-01  1.000000 0.000000 0.000000  1.000000 0.000000 0.000000
2451545.236748  9.9181554591e-01  1.000000 0.000000 0.000000  1.000000 0.000000 0.000000
2451545.237415  9.9055834113e-01  1.000000 0.000000 0.000000  1.000000 0.000000 0.000000
2451545.238082  9.9273375549e-01  1.000000 0.000000 0.000000  1.000000 0.000000 0.000000
2451545.238749  9.9251473046e-01  1.000000 0.000000 0.000000  1.000000 0.000000 0.000000
2451545.239416  9.8520614360e-01  1.000000 0.000000 0.000000  1.000000 0.000000 0.000000
360  1
2451545.000000  9.7770112217e-01  1.000000 0.000000 0.000000  0.000000 0.000000 1.000000
2451545.000667  9.7609508485e-01  1.000000 0.000000 0.000000  0.000000 0.000000 1.000000
2451545.001334  9.8081023304e-01  1.000000 0.000000 0.000000  0.000000 0.000000 1.000000
2451545.002001  9.8346275062e-01  1.000000 0.000000 0.000000  0.000000 0.000000 1.000000
2451545.002668  9.8409349412e-01  1.000000 0.000000 0.000000  0.000000 0.000000 1.000000
2451545.003334  9.8456633793e-01  1.000000 0.000000 0.000000  0.000000 0.000000 1.000000
2451545.004001  9.8838527374e-01  1.000000 0.000000 0.000000  0.000000 0.000000 1.000000
2451545.004668  9.9181873691e-01  1.000000 0.000000 0.000000  0.000000 0.000000 1.000000
2451545.005335  9.9360530622e-01  1.000000 0.000000 0.000000  0.000000 0.000000 1.000000
2451545.006002  9.9705626994e-01  1.000000 0.000000 0.000000  0.000000 0.000000 1.000000
2451545.006669  9.9743049223e-01  1.000000 0.000000 0.000000  0.000000 0.000000 1.000000
2451545.007336  1.0011656754e+00  1.000000 0.000000 0.000000  0.000000 0.000000 1.000000
2451545.008003  1.0036530562e+00  1.000000 0.000000 0.000000  0.000000 0.000000 1.000000
2451545.008670  1.0044230146e+00  1.000000 0.000000 0.000000  0.000000 0.000000 1.000000
2451545.009337  1.0054233092e+00  1.000000 0.000000 0.000000  0.000000 0.000000 1.000000
2451545.010003  1.0115912662e+00  1.000000 0.000000 0.000000  0.000000 0.000000 1.000000
2451545.010670  1.0129375585e+00  1.000000 0.000000 0.000000  0.000000 0.000000 1.000000
2451545.011337  1.0137029773e+00  1.000000 0.000000 0.000000  0.000000 0.000000 1.000000
2451545.012004  1.0129110445e+00  1.000000 0.000000 0.000000  0.000000 0.000000 1.000000
2451545.012671  1.0149515692e+00  1.000000 0.000000 0.000000  0.000000 0.000000 1.000000
2451545.013338  1.0170960445e+00  1.000000 0.000000 0.000000  0.000000 0.000000 1.000000
2451545.014005  1.0206884600e+00  1.000000 0.000000 0.000000  0.000000 0.000000 1.000000
2451545.014672  1.0191048576e+00  1.000000 0.000000 0.000000  0.000000 0.000000 1.000000
2451545.015339  1.0182649628e+00  1.000000 0.000000 0.000000  0.000000 0.000000 1.000000
2451545.016006  1.0198031033e+00  1.000000 0.000000 0.000000  0.000000 0.000000 1.000000
2451545.016672  1.0223593678e+00  1.000000 0.000000 0.000000  0.000000 0.000000 1.000000
2451545.017339  1.0230166911e+00  1.000000 0.000000 0.000000  0.000000 0.000000 1.000000
2451545.018006  1.0219987644e+00  1.000000 0.000000 0.000000  0.000000 0.000000 1.000000
2451545.018673  1.0201718648e+00  1.000000 0.000000 0.000000  0.000000 0.000000 1.000000
2451545.019340  1.0224626605e+00  1.000000 0.000000 0.000000  0.000000 0.000000 1.000000
2451545.020007  1.0227872102e+00  1.000000 0.000000 0.000000  0.000000 0.000000 1.000000
2451545.020674  1.0236403949e+00  1.000000 0.000000 0.000000  0.000000 0.000000 1.000000
2451545.021341  1.0212549252e+00  1.000000 0.000000 0.000000  0.000000 0.000000 1.000000
2451545.022008  1.0178533051e+00  1.000000 0.000000 0.000000  0.000000 0.000000 1.000000
2451545.022674  1.0199071197e+00  1.000000 0.000000 0.000000  0.000000 0.000000 1.000000
2451545.023341  1.0208264249e+00  1.000000 0.000000 0.000000  0.000000 0.000000 1.000000
2451545.024008  1.0170215027e+00  1.000000 0.000000 0.000000  0.000000 0.000000 1.000000
2451545.024675  1.0151075609e+00  1.000000 0.000000 0.000000  0.000000 0.000000 1.000000
2451545.025342  1.0160352875e+00  1.000000 0.000000 0.000000  0.000000 0.000000 1.000000
2451545.026009  1.0169563033e+00  1.000000 0.000000 0.000000  0.000000 0.000000 1.000000
2451545.026676  1.0156451436e+00  1.000000 0.000000 0.000000  0.000000 0.000000 1.000000
2451545.027343  1.0106032089e+00  1.000000 0.000000 0.000000  0.000000 0.000000 1.000000
2451545.028010  1.0087051887e+00  1.000000 0.000000 0.000000  0.000000 0.000000 1.000000
2451545.028677  1.0084124163e+00  1.000000 0.000000 0.000000  0.000000 0.000000 1.000000
2451545.029343  1.0106155119e+00  1.000000 0.000000 0.000000  0.000000 0.000000 1.000000
2451545.030010  1.0081090515e+00  1.000000 0.000000 0.000000  0.000000 0.000000 1.000000
2451545.030677  1.0053371881e+00  1.000000 0.000000 0.000000  0.000000 0.000000 1.000000
2451545.031344  1.0049914535e+00  1.000000 0.000000 0.000000  0.000000 0.000000 1.000000
2451545.032011  1.0047874340e+00  1.000000 0.000000 0.000000  0.000000 0.000000 1.000000
2451545.032678  1.0064556443e+00  1.000000 0.000000 0.000000  0.000000 0.000000 1.000000
2451545.033345  1.0037065447e+00  1.000000 0.000000 0.000000  0.000000 0.000000 1.000000
2451545.034012  1.0016630595e+00  1.000000 0.000000 0.000000  0.000000 0.000000 1.000000
2451545.034679  1.0036691094e+00  1.000000 0.000000 0.000000  0.000000 0.000000 1.000000
2451545.035345  1.0025169679e+00  1.000000 0.000000 0.000000  0.000000 0.000000 1.000000
2451545.036012  1.0027917134e+00  1.000000 0.000000 0.000000  0.000000 0.000000 1.000000
2451545.036679  1.0047909209e+00  1.000000 0.000000 0.000000  0.000000 0.000000 1.000000
2451545.037346  1.0020095835e+00  1.000000 0.000000 0.000000  0.000000 0.000000 1.000000
2451545.038013  1.0034746953e+00  1.000000 0.000000 0.000000  0.000000 0.000000 1.000000
2451545.038680  1.0002322908e+00  1.000000 0.000000 0.000000  0.000000 0.000000 1.000000
2451545.039347  9.9952391329e-01  1.000000 0.000000 0.000000  0.000000 0.000000 1.000000
2451545.040014  9.9692541057e-01  1.000000 0.000000 0.000000  0.000000 0.000000 1.000000
2451545.040681  9.9854796156e-01  1.000000 0.000000 0.000000  0.000000 0.000000 1.000000
2451545.041348  9.9867566294e-01  1.000000 0.000000 0.000000  0.000000 0.000000 1.000000
2451545.042014  9.9756918080e-01  1.000000 0.000000 0.000000  0.000000 0.000000 1.000000
2451545.042681  9.9772589625e-01  1.000000 0.000000 0.000000  0.000000 0.000000 1.000000
2451545.043348  9.9287850706e-01  1.000000 0.000000 0.000000  0.000000 0.000000 1.000000
2451545.044015  9.9496449368e-01  1.000000 0.000000 0.000000  0.000000 0.000000 1.000000
2451545.044682  9.9484323986e-01  1.000000 0.000000 0.000000  0.000000 0.000000 1.000000
2451545.045349  9.8988236027e-01  1.000000 0.000000 0.000000  0.000000 0.000000 1.000000
2451545.046016  9.8770821299e-01  1.000000 0.000000 0.000000  0.000000 0.000000 1.000000
2451545.046683  9.8886745995e-01  1.000000 0.000000 0.000000  0.000000 0.000000 1.000000
2451545.047350  9.8833500901e-01  1.000000 0.000000 0.000000  0.000000 0.000000 1.000000
2451545.048017  9.8582466695e-01  1.000000 0.000000 0.000000  0.000000 0.000000 1.000000
2451545.048683  9.8105162221e-01  1.000000 0.000000 0.000000  0.000000 0.000000 1.000000
2451545.049350  9.7761631687e-01  1.000000 0.000000 0.000000  0.000000 0.000000 1.000000
2451545.050017  9.7973769933e-01  1.000000 0.000000 0.000000  0.000000 0.000000 1.000000
2451545.050684  9.7885694797e-01  1.000000 0.000000 0.000000  0.000000 0.000000 1.000000
2451545.051351  9.7483201884e-01  1.000000 0.000000 0.000000  0.000000 0.000000 1.000000
2451545.052018  9.7059767524e-01  1.000000 0.000000 0.000000  0.000000 0.000000 1.000000
2451545.052685  9.7133368521e-01  1.000000 0.000000 0.000000  0.000000 0.000000 1.000000
2451545.053352  9.6990390343e-01  1.000000 0.000000 0.000000  0.000000 0.000000 1.000000
2451545.054019  9.6885544943e-01  1.000000 0.000000 0.000000  0.000000 0.000000 1.000000
2451545.054685  9.6316553376e-01  1.000000 0.000000 0.000000  0.000000 0.000000 1.000000
2451545.055352  9.5941567907e-01  1.000000 0.000000 0.000000  0.000000 0.000000 1.000000
2451545.056019  9.5933679501e-01  1.000000 0.000000 0.000000  0.000000 0.000000 1.000000
2451545.056686  9.5961897493e-01  1.000000 0.000000 0.000000  0.000000 0.000000 1.000000
2451545.057353  9.5844393800e-01  1.000000 0.000000 0.000000  0.000000 0.000000 1.000000
2451545.058020  9.5492139309e-01  1.000000 0.000000 0.000000  0.000000 0.000000 1.000000
2451545.058687  9.5453868369e-01  1.000000 0.000000 0.000000  0.000000 0.000000 1.000000
2451545.059354  9.5324614307e-01  1.000000 0.000000 0.000000  0.000000 0.000000 1.000000
2451545.060021  9.5450644583e-01  1.000000 0.000000 0.000000  0.000000 0.000000 1.000000
2451545.060688  9.5207886954e-01  1.000000 0.000000 0.000000  0.000000 0.000000 1.000000
2451545.061354  9.5050960969e-01  1.000000 0.000000 0.000000  0.000000 0.000000 1.000000
2451545.062021  9.5307672985e-01  1.000000 0.000000 0.000000  0.000000 0.000000 1.000000
2451545.062688  9.5346055770e-01  1.000000 0.000000 0.000000  0.000000 0.000000 1.000000
2451545.063355  9.5490560312e-01  1.000000 0.000000 0.000000  0.000000 0.000000 1.000000
2451545.064022  9.5439203434e-01  1.000000 0.000000 0.000000  0.000000 0.000000 1.000000
2451545.064689  9.5513107073e-01  1.000000 0.000000 0.000000  0.000000 0.000000 1.000000
2451545.065356  9.5928324070e-01  1.000000 0.000000 0.000000  0.000000 0.000000 1.000000
2451545.066023  9.6220938529e-01  1.000000 0.000000 0.000000  0.000000 0.000000 1.000000
2451545.066690  9.6324112824e-01  1.000000 0.000000 0.000000  0.000000 0.000000 1.000000
2451545.067356  9.6469156857e-01  1.000000 0.000000 0.000000  0.000000 0.000000 1.000000
2451545.068023  9.6801713361e-01  1.000000 0.000000 0.000000  0.000000 0.000000 1.000000
2451545.068690  9.7362513881e-01  1.000000 0.000000 0.000000  0.000000 0.000000 1.000000
2451545.069357  9.7533381093e-01  1.000000 0.000000 0.000000  0.000000 0.000000 1.000000
2451545.070024  9.7768645066e-01  1.000000 0.000000 0.000000  0.000000 0.000000 1.000000
2451545.070691  9.7940643892e-01  1.000000 0.000000 0.000000  0.000000 0.000000 1.000000
2451545.071358  9.8321774292e-01  1.000000 0.000000 0.000000  0.000000 0.000000 1.000000
2451545.072025  9.8827369129e-01  1.000000 0.000000 0.000000  0.000000 0.000000 1.000000
2451545.072692  9.8883061669e-01  1.000000 0.000000 0.000000  0.000000 0.000000 1.000000
2451545.073359  9.9067324039e-01  1.000000 0.000000 0.000000  0.000000 0.000000 1.000000
2451545.074025  9.9569925361e-01  1.000000 0.000000 0.000000  0.000000 0.000000 1.000000
2451545.074692  9.9866901800e-01  1.000000 0.000000 0.000000  0.000000 0.000000 1.000000
2451545.075359  1.0008010587e+00  1.000000 0.000000 0.000000  0.000000 0.000000 1.000000
2451545.076026  1.0029060591e+00  1.000000 0.000000 0.000000  0.000000 0.000000 1.000000
2451545.076693  1.0036198315e+00  1.000000 0.000000 0.000000  0.000000 0.000000 1.000000
2451545.077360  1.0073215268e+00  1.000000 0.000000 0.000000  0.000000 0.000000 1.000000
2451545.078027  1.0113093495e+00  1.000000 0.000000 0.000000  0.000000 0.000000 1.000000
2451545.078694  1.0131888164e+00  1.000000 0.000000 0.000000  0.000000 0.000000 1.000000
2451545.079361  1.0140452249e+00  1.000000 0.000000 0.000000  0.000000 0.000000 1.000000
2451545.080028  1.0141485834e+00  1.000000 0.000000 0.000000  0.000000 0.000000 1.000000
2451545.080694  1.0183668739e+00  1.000000 0.000000 0.000000  0.000000 0.000000 1.000000
2451545.081361  1.0194521712e+00  1.000000 0.000000 0.000000  0.000000 0.000000 1.000000
2451545.082028  1.0185292474e+00  1.000000 0.000000 0.000000  0.000000 0.000000 1.000000
2451545.082695  1.0171269007e+00  1.000000 0.000000 0.000000  0.000000 0.000000 1.000000
2451545.083362  1.0170663725e+00  1.000000 0.000000 0.000000  0.000000 0.000000 1.000000
2451545.084029  1.0224999643e+00  1.000000 0.000000 0.000000  0.000000 0.000000 1.000000
2451545.084696  1.0211838703e+00  1.000000 0.000000 0.000000  0.000000 0.000000 1.000000
2451545.085363  1.0222462721e+00  1.000000 0.000000 0.000000  0.000000 0.000000 1.000000
2451545.086030  1.0176787602e+00  1.000000 0.000000 0.000000  0.000000 0.000000 1.000000
2451545.086696  1.0212118317e+00  1.000000 0.000000 0.000000  0.000000 0.000000 1.000000
2451545.087363  1.0214598659e+00  1.000000 0.000000 0.000000  0.000000 0.000000 1.000000
2451545.088030  1.0198291567e+00  1.000000 0.000000 0.000000  0.000000 0.000000 1.000000
2451545.088697  1.0175275712e+00  1.000000 0.000000 0.000000  0.000000 0.000000 1.000000
2451545.089364  1.0203206195e+00  1.000000 0.000000 0.000000  0.000000 0.000000 1.000000
2451545.090031  1.0192739419e+00  1.000000 0.000000 0.000000  0.000000 0.000000 1.000000
2451545.090698  1.0203864769e+00  1.000000 0.000000 0.000000  0.000000 0.000000 1.000000
2451545.091365  1.0190402503e+00  1.000000 0.000000 0.000000  0.000000 0.000000 1.000000
2451545.092032  1.0184694429e+00  1.000000 0.000000 0.000000  0.000000 0.000000 1.000000
2451545.092699  1.0208020162e+00  1.000000 0.000000 0.000000  0.000000 0.000000 1.000000
2451545.093365  1.0194813826e+00  1.000000 0.000000 0.000000  0.000000 0.000000 1.000000
2451545.094032  1.0202418670e+00  1.000000 0.000000 0.000000  0.000000 0.000000 1.000000
2451545.094699  1.0194963173e+00  1.000000 0.000000 0.000000  0.000000 0.000000 1.000000
2451545.095366  1.0209061642e+00  1.000000 0.000000 0.000000  0.000000 0.000000 1.000000
2451545.096033  1.0235205227e+00  1.000000 0.000000 0.000000  0.000000 0.000000 1.000000
2451545.096700  1.0219849481e+00  1.000000 0.000000 0.000000  0.000000 0.000000 1.000000
2451545.097367  1.0212745311e+00  1.000000 0.000000 0.000000  0.000000 0.000000 1.000000
2451545.098034  1.0198444203e+00  1.000000 0.000000 0.000000  0.000000 0.000000 1.000000
2451545.098701  1.0213036767e+00  1.000000 0.000000 0.000000  0.000000 0.000000 1.000000
2451545.099367  1.0228102372e+00  1.000000 0.000000 0.000000  0.000000 0.000000 1.000000
2451545.100034  1.0217519803e+00  1.000000 0.000000 0.000000  0.000000 0.000000 1.000000
2451545.100701  1.0207166188e+00  1.000000 0.000000 0.000000  0.000000 0.000000 1.000000
2451545.101368  1.0209795876e+00  1.000000 0.000000 0.000000  0.000000 0.000000 1.000000
2451545.102035  1.0212475565e+00  1.000000 0.000000 0.000000  0.000000 0.000000 1.000000
2451545.102702  1.0213320987e+00  1.000000 0.000000 0.000000  0.000000 0.000000 1.000000
2451545.103369  1.0168357074e+00  1.000000 0.000000 0.000000  0.000000 0.000000 1.000000
2451545.104036  1.0142627976e+00  1.000000 0.000000 0.000000  0.000000 0.000000 1.000000
2451545.104703  1.0140196978e+00  1.000000 0.000000 0.000000  0.000000 0.000000 1.000000
2451545.105370  1.0127291967e+00  1.000000 0.000000 0.000000  0.000000 0.000000 1.000000
2451545.106036  1.0114794864e+00  1.000000 0.000000 0.000000  0.000000 0.000000 1.000000
2451545.106703  1.0091382944e+00  1.000000 0.000000 0.000000  0.000000 0.000000 1.000000
2451545.107370  1.0052276452e+00  1.000000 0.000000 0.000000  0.000000 0.000000 1.000000
2451545.108037  1.0064663025e+00  1.000000 0.000000 0.000000  0.000000 0.000000 1.000000
2451545.108704  1.0039295781e+00  1.000000 0.000000 0.000000  0.000000 0.000000 1.000000
2451545.109371  9.9713956203e-01  1.000000 0.000000 0.000000  0.000000 0.000000 1.000000
2451545.110038  9.9531417572e-01  1.000000 0.000000 0.000000  0.000000 0.000000 1.000000
2451545.110705  9.9264777613e-01  1.000000 0.000000 0.000000  0.000000 0.000000 1.000000
2451545.111372  9.8841566944e-01  1.000000 0.000000 0.000000  0.000000 0.000000 1.000000
2451545.112039  9.8874706143e-01  1.000000 0.000000 0.000000  0.000000 0.000000 1.000000
2451545.112705  9.8605210831e-01  1.000000 0.000000 0.000000  0.000000 0.000000 1.000000
2451545.113372  9.8202619231e-01  1.000000 0.000000 0.000000  0.000000 0.000000 1.000000
2451545.114039  9.7853535892e-01  1.000000 0.000000 0.000000  0.000000 0.000000 1.000000
2451545.114706  9.7604896498e-01  1.000000 0.000000 0.000000  0.000000 0.000000 1.000000
2451545.115373  9.7265826631e-01  1.000000 0.000000 0.000000  0.000000 0.000000 1.000000
2451545.116040  9.6954316841e-01  1.000000 0.000000 0.000000  0.000000 0.000000 1.000000
2451545.116707  9.6493104978e-01  1.000000 0.000000 0.000000  0.000000 0.000000 1.000000
2451545.117374  9.6391213618e-01  1.000000 0.000000 0.000000  0.000000 0.000000 1.000000
2451545.118041  9.6240794416e-01  1.000000 0.000000 0.000000  0.000000 0.000000 1.000000
2451545.118707  9.6148284930e-01  1.000000 0.000000 0.000000  0.000000 0.000000 1.000000
2451545.119374  9.5659980110e-01  1.000000 0.000000 0.000000  0.000000 0.000000 1.000000
2451545.120041  9.5546812079e-01  1.000000 0.000000 0.000000  0.000000 0.000000 1.000000
2451545.120708  9.5266612484e-01  1.000000 0.000000 0.000000  0.000000 0.000000 1.000000
2451545.121375  9.5194379950e-01  1.000000 0.000000 0.000000  0.000000 0.000000 1.000000
2451545.122042  9.5402728604e-01  1.000000 0.000000 0.000000  0.000000 0.000000 1.000000
2451545.122709  9.5764799194e-01  1.000000 0.000000 0.000000  0.000000 0.000000 1.000000
2451545.123376  9.5682145280e-01  1.000000 0.000000 0.000000  0.000000 0.000000 1.000000
2451545.124043  9.5832564481e-01  1.000000 0.000000 0.000000  0.000000 0.000000 1.000000
2451545.124710  9.5686934904e-01  1.000000 0.000000 0.000000  0.000000 0.000000 1.000000
2451545.125376  9.5960936937e-01  1.000000 0.000000 0.000000  0.000000 0.000000 1.000000
2451545.126043  9.5973193901e-01  1.000000 0.000000 0.000000  0.000000 0.000000 1.000000
2451545.126710  9.6249722329e-01  1.000000 0.000000 0.000000  0.000000 0.000000 1.000000
2451545.127377  9.6659886535e-01  1.000000 0.000000 0.000000  0.000000 0.000000 1.000000
2451545.128044  9.6828753684e-01  1.000000 0.000000 0.000000  0.000000 0.000000 1.000000
2451545.128711  9.7289419478e-01  1.000000 0.000000 0.000000  0.000000 0.000000 1.000000
2451545.129378  9.7453082516e-01  1.000000 0.000000 0.000000  0.000000 0.000000 1.000000
2451545.130045  9.7633200019e-01  1.000000 0.000000 0.000000  0.000000 0.000000 1.000000
2451545.130712  9.7743315322e-01  1.000000 0.000000 0.000000  0.000000 0.000000 1.000000
2451545.131378  9.7751460315e-01  1.000000 0.000000 0.000000  0.000000 0.000000 1.000000
2451545.132045  9.7802679030e-01  1.000000 0.000000 0.000000  0.000000 0.000000 1.000000
2451545.132712  9.8242028364e-01  1.000000 0.000000 0.000000  0.000000 0.000000 1.000000
2451545.133379  9.8600579107e-01  1.000000 0.000000 0.000000  0.000000 0.000000 1.000000
2451545.134046  9.8840441908e-01  1.000000 0.000000 0.000000  0.000000 0.000000 1.000000
2451545.134713  9.8922819497e-01  1.000000 0.000000 0.000000  0.000000 0.000000 1.000000
2451545.135380  9.8975683001e-01  1.000000 0.000000 0.000000  0.000000 0.000000 1.000000
2451545.136047  9.9188716012e-01  1.000000 0.000000 0.000000  0.000000 0.000000 1.000000
2451545.136714  9.9118773024e-01  1.000000 0.000000 0.000000  0.000000 0.000000 1.000000
2451545.137381  9.9252349591e-01  1.000000 0.000000 0.000000  0.000000 0.000000 1.000000
2451545.138047  9.8972117099e-01  1.000000 0.000000 0.000000  0.000000 0.000000 1.000000
2451545.138714  9.9466691853e-01  1.000000 0.000000 0.000000  0.000000 0.000000 1.000000
2451545.139381  9.9695021398e-01  1.000000 0.000000 0.000000  0.000000 0.000000 1.000000
2451545.140048  9.9856315941e-01  1.000000 0.000000 0.000000  0.000000 0.000000 1.000000
2451545.140715  9.9692291049e-01  1.000000 0.000000 0.000000  0.000000 0.000000 1.000000
2451545.141382  9.9848499906e-01  1.000000 0.000000 0.000000  0.000000 0.000000 1.000000
2451545.142049  9.9983129137e-01  1.000000 0.000000 0.000000  0.000000 0.000000 1.000000
2451545.142716  9.9991162284e-01  1.000000 0.000000 0.000000  0.000000 0.000000 1.000000
2451545.143383  1.0004498634e+00  1.000000 0.000000 0.000000  0.000000 0.000000 1.000000
2451545.144050  1.0032661362e+00  1.000000 0.000000 0.000000  0.000000 0.000000 1.000000
2451545.144716  1.0021649173e+00  1.000000 0.000000 0.000000  0.000000 0.000000 1.000000
2451545.145383  1.0025544033e+00  1.000000 0.000000 0.000000  0.000000 0.000000 1.000000
2451545.146050  1.0033827188e+00  1.000000 0.000000 0.000000  0.000000 0.000000 1.000000
2451545.146717  1.0045762431e+00  1.000000 0.000000 0.000000  0.000000 0.000000 1.000000
2451545.147384  1.0016574672e+00  1.000000 0.000000 0.000000  0.000000 0.000000 1.000000
2451545.148051  1.0048019739e+00  1.000000 0.000000 0.000000  0.000000 0.000000 1.000000
2451545.148718  1.0045620322e+00  1.000000 0.000000 0.000000  0.000000 0.000000 1.000000
2451545.149385  1.0058766129e+00  1.000000 0.000000 0.000000  0.000000 0.000000 1.000000
2451545.150052  1.0095575181e+00  1.000000 0.000000 0.000000  0.000000 0.000000 1.000000
2451545.150718  1.0091969147e+00  1.000000 0.000000 0.000000  0.000000 0.000000 1.000000
2451545.151385  1.0109622991e+00  1.000000 0.000000 0.000000  0.000000 0.000000 1.000000
2451545.152052  1.0101989856e+00  1.000000 0.000000 0.000000  0.000000 0.000000 1.000000
2451545.152719  1.0098919365e+00  1.000000 0.000000 0.000000  0.000000 0.000000 1.000000
2451545.153386  1.0105459702e+00  1.000000 0.000000 0.000000  0.000000 0.000000 1.000000
2451545.154053  1.0153772405e+00  1.000000 0.000000 0.000000  0.000000 0.000000 1.000000
2451545.154720  1.0173426312e+00  1.000000 0.000000 0.000000  0.000000 0.000000 1.000000
2451545.155387  1.0168435366e+00  1.000000 0.000000 0.000000  0.000000 0.000000 1.000000
2451545.156054  1.0190463689e+00  1.000000 0.000000 0.000000  0.000000 0.000000 1.000000
2451545.156721  1.0189966305e+00  1.000000 0.000000 0.000000  0.000000 0.000000 1.000000
2451545.157387  1.0222175870e+00  1.000000 0.000000 0.000000  0.000000 0.000000 1.000000
2451545.158054  1.0225197676e+00  1.000000 0.000000 0.000000  0.000000 0.000000 1.000000
2451545.158721  1.0214076932e+00  1.000000 0.000000 0.000000  0.000000 0.000000 1.000000
2451545.159388  1.0210759064e+00  1.000000 0.000000 0.000000  0.000000 0.000000 1.000000
2451545.160055  1.0244978561e+00  1.000000 0.000000 0.000000  0.000000 0.000000 1.000000
2451545.160722  1.0261947515e+00  1.000000 0.000000 0.000000  0.000000 0.000000 1.000000
2451545.161389  1.0264380486e+00  1.000000 0.000000 0.000000  0.000000 0.000000 1.000000
2451545.162056  1.0242300187e+00  1.000000 0.000000 0.000000  0.000000 0.000000 1.000000
2451545.162723  1.0240335652e+00  1.000000 0.000000 0.000000  0.000000 0.000000 1.000000
2451545.163389  1.0269689864e+00  1.000000 0.000000 0.000000  0.000000 0.000000 1.000000
2451545.164056  1.0242000836e+00  1.000000 0.000000 0.000000  0.000000 0.000000 1.000000
2451545.164723  1.0244239722e+00  1.000000 0.000000 0.000000  0.000000 0.000000 1.000000
2451545.165390  1.0209010325e+00  1.000000 0.000000 0.000000  0.000000 0.000000 1.000000
2451545.166057  1.0240613950e+00  1.000000 0.000000 0.000000  0.000000 0.000000 1.000000
2451545.166724  1.0252146549e+00  1.000000 0.000000 0.000000  0.000000 0.000000 1.000000
2451545.167391  1.0232591987e+00  1.000000 0.000000 0.000000  0.000000 0.000000 1.000000
2451545.168058  1.0206695779e+00  1.000000 0.000000 0.000000  0.000000 0.000000 1.000000
2451545.168725  1.0152829612e+00  1.000000 0.000000 0.000000  0.000000 0.000000 1.000000
2451545.169392  1.0152065114e+00  1.000000 0.000000 0.000000  0.000000 0.000000 1.000000
2451545.170058  1.0151925636e+00  1.000000 0.000000 0.000000  0.000000 0.000000 1.000000
2451545.170725  1.0140719363e+00  1.000000 0.000000 0.000000  0.000000 0.000000 1.000000
2451545.171392  1.0117123227e+00  1.000000 0.000000 0.000000  0.000000 0.000000 1.000000
2451545.172059  1.0091825063e+00  1.000000 0.000000 0.000000  0.000000 0.000000 1.000000
2451545.172726  1.0074388331e+00  1.000000 0.000000 0.000000  0.000000 0.000000 1.000000
2451545.173393  1.0038195746e+00  1.000000 0.000000 0.000000  0.000000 0.000000 1.000000
2451545.174060  1.0031615276e+00  1.000000 0.000000 0.000000  0.000000 0.000000 1.000000
2451545.174727  9.9849480200e-01  1.000000 0.000000 0.000000  0.000000 0.000000 1.000000
2451545.175394  9.9914824358e-01  1.000000 0.000000 0.000000  0.000000 0.000000 1.000000
2451545.176061  9.9586320613e-01  1.000000 0.000000 0.000000  0.000000 0.000000 1.000000
2451545.176727  9.9324608441e-01  1.000000 0.000000 0.000000  0.000000 0.000000 1.000000
2451545.177394  9.9124720579e-01  1.000000 0.000000 0.000000  0.000000 0.000000 1.000000
2451545.178061  9.8903371518e-01  1.000000 0.000000 0.000000  0.000000 0.000000 1.000000
2451545.178728  9.8691470121e-01  1.000000 0.000000 0.000000  0.000000 0.000000 1.000000
2451545.179395  9.8248804893e-01  1.000000 0.000000 0.000000  0.000000 0.000000 1.000000
2451545.180062  9.8191467565e-01  1.000000 0.000000 0.000000  0.000000 0.000000 1.000000
2451545.180729  9.7887425114e-01  1.000000 0.000000 0.000000  0.000000 0.000000 1.000000
2451545.181396  9.8217777602e-01  1.000000 0.000000 0.000000  0.000000 0.000000 1.000000
2451545.182063  9.8347150089e-01  1.000000 0.000000 0.000000  0.000000 0.000000 1.000000
2451545.182729  9.8345511880e-01  1.000000 0.000000 0.000000  0.000000 0.000000 1.000000
2451545.183396  9.8398026688e-01  1.000000 0.000000 0.000000  0.000000 0.000000 1.000000
2451545.184063  9.8331031162e-01  1.000000 0.000000 0.000000  0.000000 0.000000 1.000000
2451545.184730  9.8741215106e-01  1.000000 0.000000 0.000000  0.000000 0.000000 1.000000
2451545.185397  9.8861883372e-01  1.000000 0.000000 0.000000  0.000000 0.000000 1.000000
2451545.186064  9.8747800839e-01  1.000000 0.000000 0.000000  0.000000 0.000000 1.000000
2451545.186731  9.8842027484e-01  1.000000 0.000000 0.000000  0.000000 0.000000 1.000000
2451545.187398  9.9442756891e-01  1.000000 0.000000 0.000000  0.000000 0.000000 1.000000
2451545.188065  9.9700416304e-01  1.000000 0.000000 0.000000  0.000000 0.000000 1.000000
2451545.188732  9.9704271688e-01  1.000000 0.000000 0.000000  0.000000 0.000000 1.000000
2451545.189398  9.9646408028e-01  1.000000 0.000000 0.000000  0.000000 0.000000 1.000000
2451545.190065  9.9666448131e-01  1.000000 0.000000 0.000000  0.000000 0.000000 1.000000
2451545.190732  1.0007303328e+00  1.000000 0.000000 0.000000  0.000000 0.000000 1.000000
2451545.191399  1.0016972711e+00  1.000000 0.000000 0.000000  0.000000 0.000000 1.000000
2451545.192066  1.0039420127e+00  1.000000 0.000000 0.000000  0.000000 0.000000 1.000000
2451545.192733  1.0063159031e+00  1.000000 0.000000 0.000000  0.000000 0.000000 1.000000
2451545.193400  1.0080166802e+00  1.000000 0.000000 0.000000  0.000000 0.000000 1.000000
2451545.194067  1.0094163952e+00  1.000000 0.000000 0.000000  0.000000 0.000000 1.000000
2451545.194734  1.0082077388e+00  1.000000 0.000000 0.000000  0.000000 0.000000 1.000000
2451545.195400  1.0094849500e+00  1.000000 0.000000 0.000000  0.000000 0.000000 1.000000
2451545.196067  1.0075816007e+00  1.000000 0.000000 0.000000  0.000000 0.000000 1.000000
2451545.196734  1.0120711497e+00  1.000000 0.000000 0.000000  0.000000 0.000000 1.000000
2451545.197401  1.0147483391e+00  1.000000 0.000000 0.000000  0.000000 0.000000 1.000000
2451545.198068  1.0135207348e+00  1.000000 0.000000 0.000000  0.000000 0.000000 1.000000
2451545.198735  1.0144229342e+00  1.000000 0.000000 0.000000  0.000000 0.000000 1.000000
2451545.199402  1.0137441628e+00  1.000000 0.000000 0.000000  0.000000 0.000000 1.000000
2451545.200069  1.0144845808e+00  1.000000 0.000000 0.000000  0.000000 0.000000 1.000000
2451545.200736  1.0153573056e+00  1.000000 0.000000 0.000000  0.000000 0.000000 1.000000
2451545.201403  1.0153318443e+00  1.000000 0.000000 0.000000  0.000000 0.000000 1.000000
2451545.202069  1.0140263428e+00  1.000000 0.000000 0.000000  0.000000 0.000000 1.000000
2451545.202736  1.0147164960e+00  1.000000 0.000000 0.000000  0.000000 0.000000 1.000000
2451545.203403  1.0152470390e+00  1.000000 0.000000 0.000000  0.000000 0.000000 1.000000
2451545.204070  1.0160723939e+00  1.000000 0.000000 0.000000  0.000000 0.000000 1.000000
2451545.204737  1.0158823221e+00  1.000000 0.000000 0.000000  0.000000 0.000000 1.000000
2451545.205404  1.0144009598e+00  1.000000 0.000000 0.000000  0.000000 0.000000 1.000000
2451545.206071  1.0173751980e+00  1.000000 0.000000 0.000000  0.000000 0.000000 1.000000
2451545.206738  1.0147743268e+00  1.000000 0.000000 0.000000  0.000000 0.000000 1.000000
2451545.207405  1.0180612064e+00  1.000000 0.000000 0.000000  0.000000 0.000000 1.000000
2451545.208072  1.0170318319e+00  1.000000 0.000000 0.000000  0.000000 0.000000 1.000000
2451545.208738  1.0214413784e+00  1.000000 0.000000 0.000000  0.000000 0.000000 1.000000
2451545.209405  1.0220562004e+00  1.000000 0.000000 0.000000  0.000000 0.000000 1.000000
2451545.210072  1.0227636568e+00  1.000000 0.000000 0.000000  0.000000 0.000000 1.000000
2451545.210739  1.0206585249e+00  1.000000 0.000000 0.000000  0.000000 0.000000 1.000000
2451545.211406  1.0171789418e+00  1.000000 0.000000 0.000000  0.000000 0.000000 1.000000
2451545.212073  1.0197384960e+00  1.000000 0.000000 0.000000  0.000000 0.000000 1.000000
2451545.212740  1.0196792836e+00  1.000000 0.000000 0.000000  0.000000 0.000000 1.000000
2451545.213407  1.0189641295e+00  1.000000 0.000000 0.000000  0.000000 0.000000 1.000000
2451545.214074  1.0165993184e+00  1.000000 0.000000 0.000000  0.000000 0.000000 1.000000
2451545.214740  1.0193709186e+00  1.000000 0.000000 0.000000  0.000000 0.000000 1.000000
2451545.215407  1.0221837044e+00  1.000000 0.000000 0.000000  0.000000 0.000000 1.000000
2451545.216074  1.0202614071e+00  1.000000 0.000000 0.000000  0.000000 0.000000 1.000000
2451545.216741  1.0194263809e+00  1.000000 0.000000 0.000000  0.000000 0.000000 1.000000
2451545.217408  1.0185777358e+00  1.000000 0.000000 0.000000  0.000000 0.000000 1.000000
2451545.218075  1.0201256792e+00  1.000000 0.000000 0.000000  0.000000 0.000000 1.000000
2451545.218742  1.0221311369e+00  1.000000 0.000000 0.000000  0.000000 0.000000 1.000000
2451545.219409  1.0215265127e+00  1.000000 0.000000 0.000000  0.000000 0.000000 1.000000
2451545.220076  1.0217042156e+00  1.000000 0.000000 0.000000  0.000000 0.000000 1.000000
2451545.220743  1.0214577605e+00  1.000000 0.000000 0.000000  0.000000 0.000000 1.000000
2451545.221409  1.0222950895e+00  1.000000 0.000000 0.000000  0.000000 0.000000 1.000000
2451545.222076  1.0211636065e+00  1.000000 0.000000 0.000000  0.000000 0.000000 1.000000
2451545.222743  1.0203800293e+00  1.000000 0.000000 0.000000  0.000000 0.000000 1.000000
2451545.223410  1.0174987545e+00  1.000000 0.000000 0.000000  0.000000 0.000000 1.000000
2451545.224077  1.0191855838e+00  1.000000 0.000000 0.000000  0.000000 0.000000 1.000000
2451545.224744  1.0197463252e+00  1.000000 0.000000 0.000000  0.000000 0.000000 1.000000
2451545.225411  1.0203858847e+00  1.000000 0.000000 0.000000  0.000000 0.000000 1.000000
2451545.226078  1.0158551502e+00  1.000000 0.000000 0.000000  0.000000 0.000000 1.000000
2451545.226745  1.0137146224e+00  1.000000 0.000000 0.000000  0.000000 0.000000 1.000000
2451545.227411  1.0138046253e+00  1.000000 0.000000 0.000000  0.000000 0.000000 1.000000
2451545.228078  1.0115502123e+00  1.000000 0.000000 0.000000  0.000000 0.000000 1.000000
2451545.228745  1.0121431257e+00  1.000000 0.000000 0.000000  0.000000 0.000000 1.000000
2451545.229412  1.0066430186e+00  1.000000 0.000000 0.000000  0.000000 0.000000 1.000000
2451545.230079  1.0072601433e+00  1.000000 0.000000 0.000000  0.000000 0.000000 1.000000
2451545.230746  1.0048852660e+00  1.000000 0.000000 0.000000  0.000000 0.000000 1.000000
2451545.231413  1.0043355777e+00  1.000000 0.000000 0.000000  0.000000 0.000000 1.000000
2451545.232080  1.0007243457e+00  1.000000 0.000000 0.000000  0.000000 0.000000 1.000000
2451545.232747  9.9595255104e-01  1.000000 0.000000 0.000000  0.000000 0.000000 1.000000
2451545.233414  9.9696804349e-01  1.000000 0.000000 0.000000  0.000000 0.000000 1.000000
2451545.234080  9.9133780075e-01  1.000000 0.000000 0.000000  0.000000 0.000000 1.000000
2451545.234747  9.9097963160e-01  1.000000 0.000000 0.000000  0.000000 0.000000 1.000000
2451545.235414  9.8630665579e-01  1.000000 0.000000 0.000000  0.000000 0.000000 1.000000
2451545.236081  9.8892318539e-01  1.000000 0.000000 0.000000  0.000000 0.000000 1.000000
2451545.236748  9.8780880826e-01  1.000000 0.000000 0.000000  0.000000 0.000000 1.000000
2451545.237415  9.8430422443e-01  1.000000 0.000000 0.000000  0.000000 0.000000 1.000000
2451545.238082  9.8057226504e-01  1.000000 0.000000 0.000000  0.000000 0.000000 1.000000
2451545.238749  9.7743914025e-01  1.000000 0.000000 0.000000  0.000000 0.000000 1.000000
2451545.239416  9.8014080411e-01  1.000000 0.000000 0.000000  0.000000 0.000000 1.000000
360  1
2451545.000000  9.5520483755e-01  1.000000 0.000000 0.000000  0.000000 0.000000 -1.000000
2451545.000667  9.5658887365e-01  1.000000 0.000000 0.000000  0.000000 0.000000 -1.000000
2451545.001334  9.5790050386e-01  1.000000 0.000000 0.000000  0.000000 0.000000 -1.000000
2451545.002001  9.5828981769e-01  1.000000 0.000000 0.000000  0.000000 0.000000 -1.000000
2451545.002668  9.6508890331e-01  1.000000 0.000000 0.000000  0.000000 0.000000 -1.000000
2451545.003334  9.6843443898e-01  1.000000 0.000000 0.000000  0.000000 0.000000 -1.000000
2451545.004001  9.7260160983e-01  1.000000 0.000000 0.000000  0.000000 0.000000 -1.000000
2451545.004668  9.7593043136e-01  1.000000 0.000000 0.000000  0.000000 0.000000 -1.000000
2451545.005335  9.7658644466e-01  1.000000 0.000000 0.000000  0.000000 0.000000 -1.000000
2451545.006002  9.8216843733e-01  1.000000 0.000000 0.000000  0.000000 0.000000 -1.000000
2451545.006669  9.8849417599e-01  1.000000 0.000000 0.000000  0.000000 0.000000 -1.000000
2451545.007336  9.9116011360e-01  1.000000 0.000000 0.000000  0.000000 0.000000 -1.000000
2451545.008003  9.9438580958e-01  1.000000 0.000000 0.000000  0.000000 0.000000 -1.000000
2451545.008670  9.9544930425e-01  1.000000 0.000000 0.000000  0.000000 0.000000 -1.000000
2451545.009337  9.9838438568e-01  1.000000 0.000000 0.000000  0.000000 0.000000 -1.000000
2451545.010003  1.0033118845e+00  1.000000 0.000000 0.000000  0.000000 0.000000 -1.000000
2451545.010670  1.0071713964e+00  1.000000 0.000000 0.000000  0.000000 0.000000 -1.000000
2451545.011337  1.0070133058e+00  1.000000 0.000000 0.000000  0.000000 0.000000 -1.000000
2451545.012004  1.0126232434e+00  1.000000 0.000000 0.000000  0.000000 0.000000 -1.000000
2451545.012671  1.0155144585e+00  1.000000 0.000000 0.000000  0.000000 0.000000 -1.000000
2451545.013338  1.0187271399e+00  1.000000 0.000000 0.000000  0.000000 0.000000 -1.000000
2451545.014005  1.0179656228e+00  1.000000 0.000000 0.000000  0.000000 0.000000 -1.000000
2451545.014672  1.0173989938e+00  1.000000 0.000000 0.000000  0.000000 0.000000 -1.000000
2451545.015339  1.0206866576e+00  1.000000 0.000000 0.000000  0.000000 0.000000 -1.000000
2451545.016006  1.0232928075e+00  1.000000 0.000000 0.000000  0.000000 0.000000 -1.000000
2451545.016672  1.0248579244e+00  1.000000 0.000000 0.000000  0.000000 0.000000 -1.000000
2451545.017339  1.0240979928e+00  1.000000 0.000000 0.000000  0.000000 0.000000 -1.000000
2451545.018006  1.0271219300e+00  1.000000 0.000000 0.000000  0.000000 0.000000 -1.000000
2451545.018673  1.0295610046e+00  1.000000 0.000000 0.000000  0.000000 0.000000 -1.000000
2451545.019340  1.0292714470e+00  1.000000 0.000000 0.000000  0.000000 0.000000 -1.000000
2451545.020007  1.0289126547e+00  1.000000 0.000000 0.000000  0.000000 0.000000 -1.000000
2451545.020674  1.0270888320e+00  1.000000 0.000000 0.000000  0.000000 0.000000 -1.000000
2451545.021341  1.0294056886e+00  1.000000 0.000000 0.000000  0.000000 0.000000 -1.000000
2451545.022008  1.0299887675e+00  1.000000 0.000000 0.000000  0.000000 0.000000 -1.000000
2451545.022674  1.0277826338e+00  1.000000 0.000000 0.000000  0.000000 0.000000 -1.000000
2451545.023341  1.0282123786e+00  1.000000 0.000000 0.000000  0.000000 0.000000 -1.000000
2451545.024008  1.0296108167e+00  1.000000 0.000000 0.000000  0.000000 0.000000 -1.000000
2451545.024675  1.0298409168e+00  1.000000 0.000000 0.000000  0.000000 0.000000 -1.000000
2451545.025342  1.0255369279e+00  1.000000 0.000000 0.000000  0.000000 0.000000 -1.000000
2451545.026009  1.0242955895e+00  1.000000 0.000000 0.000000  0.000000 0.000000 -1.000000
2451545.026676  1.0236191625e+00  1.000000 0.000000 0.000000  0.000000 0.000000 -1.000000
2451545.027343  1.0240454721e+00  1.000000 0.000000 0.000000  0.000000 0.000000 -1.000000
2451545.028010  1.0257079670e+00  1.000000 0.000000 0.000000  0.000000 0.000000 -1.000000
2451545.028677  1.0248333486e+00  1.000000 0.000000 0.000000  0.000000 0.000000 -1.000000
2451545.029343  1.0197504017e+00  1.000000 0.000000 0.000000  0.000000 0.000000 -1.000000
2451545.030010  1.0196617441e+00  1.000000 0.000000 0.000000  0.000000 0.000000 -1.000000
2451545.030677  1.0206259450e+00  1.000000 0.000000 0.000000  0.000000 0.000000 -1.000000
2451545.031344  1.0207850926e+00  1.000000 0.000000 0.000000  0.000000 0.000000 -1.000000
2451545.032011  1.0190944545e+00  1.000000 0.000000 0.000000  0.000000 0.000000 -1.000000
2451545.032678  1.0176804915e+00  1.000000 0.000000 0.000000  0.000000 0.000000 -1.000000
2451545.033345  1.0209696748e+00  1.000000 0.000000 0.000000  0.000000 0.000000 -1.000000
2451545.034012  1.0208707112e+00  1.000000 0.000000 0.000000  0.000000 0.000000 -1.000000
2451545.034679  1.0200574662e+00  1.000000 0.000000 0.000000  0.000000 0.000000 -1.000000
2451545.035345  1.0194256322e+00  1.000000 0.000000 0.000000  0.000000 0.000000 -1.000000
2451545.036012  1.0164163612e+00  1.000000 0.000000 0.000000  0.000000 0.000000 -1.000000
2451545.036679  1.0181622946e+00  1.000000 0.000000 0.000000  0.000000 0.000000 -1.000000
2451545.037346  1.0190779386e+00  1.000000 0.000000 0.000000  0.000000 0.000000 -1.000000
2451545.038013  1.0191380566e+00  1.000000 0.000000 0.000000  0.000000 0.000000 -1.000000
2451545.038680  1.0166211589e+00  1.000000 0.000000 0.000000  0.000000 0.000000 -1.000000
2451545.039347  1.0126667134e+00  1.000000 0.000000 0.000000  0.000000 0.000000 -1.000000
2451545.040014  1.0140073456e+00  1.000000 0.000000 0.000000  0.000000 0.000000 -1.000000
2451545.040681  1.0115049158e+00  1.000000 0.000000 0.000000  0.000000 0.000000 -1.000000
2451545.041348  1.0134876218e+00  1.000000 0.000000 0.000000  0.000000 0.000000 -1.000000
2451545.042014  1.0121316628e+00  1.000000 0.000000 0.000000  0.000000 0.000000 -1.000000
2451545.042681  1.0119038089e+00  1.000000 0.000000 0.000000  0.000000 0.000000 -1.000000
2451545.043348  1.0088243781e+00  1.000000 0.000000 0.000000  0.000000 0.000000 -1.000000
2451545.044015  1.0065790686e+00  1.000000 0.000000 0.000000  0.000000 0.000000 -1.000000
2451545.044682  1.0053578797e+00  1.000000 0.000000 0.000000  0.000000 0.000000 -1.000000
2451545.045349  1.0018352931e+00  1.000000 0.000000 0.000000  0.000000 0.000000 -1.000000
2451545.046016  1.0018330469e+00  1.000000 0.000000 0.000000  0.000000 0.000000 -1.000000
2451545.046683  1.0017769588e+00  1.000000 0.000000 0.000000  0.000000 0.000000 -1.000000
2451545.047350  9.9856222936e-01  1.000000 0.000000 0.000000  0.000000 0.000000 -1.000000
2451545.048017  9.9599248061e-01  1.000000 0.000000 0.000000  0.000000 0.000000 -1.000000
2451545.048683  9.9026501550e-01  1.000000 0.000000 0.000000  0.000000 0.000000 -1.000000
2451545.049350  9.9124685534e-01  1.000000 0.000000 0.000000  0.000000 0.000000 -1.000000
2451545.050017  9.9054076570e-01  1.000000 0.000000 0.000000  0.000000 0.000000 -1.000000
2451545.050684  9.8409234661e-01  1.000000 0.000000 0.000000  0.000000 0.000000 -1.000000
2451545.051351  9.8159137025e-01  1.000000 0.000000 0.000000  0.000000 0.000000 -1.000000
2451545.052018  9.8220774528e-01  1.000000 0.000000 0.000000  0.000000 0.000000 -1.000000
2451545.052685  9.8281962797e-01  1.000000 0.000000 0.000000  0.000000 0.000000 -1.000000
2451545.053352  9.7976061089e-01  1.000000 0.000000 0.000000  0.000000 0.000000 -1.000000
2451545.054019  9.7752983538e-01  1.000000 0.000000 0.000000  0.000000 0.000000 -1.000000
2451545.054685  9.7279656403e-01  1.000000 0.000000 0.000000  0.000000 0.000000 -1.000000
2451545.055352  9.7259368217e-01  1.000000 0.000000 0.000000  0.000000 0.000000 -1.000000
2451545.056019  9.7130061589e-01  1.000000 0.000000 0.000000  0.000000 0.000000 -1.000000
2451545.056686  9.7113030348e-01  1.000000 0.000000 0.000000  0.000000 0.000000 -1.000000
2451545.057353  9.6801215932e-01  1.000000 0.000000 0.000000  0.000000 0.000000 -1.000000
2451545.058020  9.6725163313e-01  1.000000 0.000000 0.000000  0.000000 0.000000 -1.000000
2451545.058687  9.6698116804e-01  1.000000 0.000000 0.000000  0.000000 0.000000 -1.000000
2451545.059354  9.6659641261e-01  1.000000 0.000000 0.000000  0.000000 0.000000 -1.000000
2451545.060021  9.6474662688e-01  1.000000 0.000000 0.000000  0.000000 0.000000 -1.000000
2451545.060688  9.6158950510e-01  1.000000 0.000000 0.000000  0.000000 0.000000 -1.000000
2451545.061354  9.6356527444e-01  1.000000 0.000000 0.000000  0.000000 0.000000 -1.000000
2451545.062021  9.6572555991e-01  1.000000 0.000000 0.000000  0.000000 0.000000 -1.000000
2451545.062688  9.6610872981e-01  1.000000 0.000000 0.000000  0.000000 0.000000 -1.000000
2451545.063355  9.6749573879e-01  1.000000 0.000000 0.000000  0.000000 0.000000 -1.000000
2451545.064022  9.6841765878e-01  1.000000 0.000000 0.000000  0.000000 0.000000 -1.000000
2451545.064689  9.6881741068e-01  1.000000 0.000000 0.000000  0.000000 0.000000 -1.000000
2451545.065356  9.7371689849e-01  1.000000 0.000000 0.000000  0.000000 0.000000 -1.000000
2451545.066023  9.7237989980e-01  1.000000 0.000000 0.000000  0.000000 0.000000 -1.000000
2451545.066690  9.6899234756e-01  1.000000 0.000000 0.000000  0.000000 0.000000 -1.000000
2451545.067356  9.7403519376e-01  1.000000 0.000000 0.000000  0.000000 0.000000 -1.000000
2451545.068023  9.7419731427e-01  1.000000 0.000000 0.000000  0.000000 0.000000 -1.000000
2451545.068690  9.8062584816e-01  1.000000 0.000000 0.000000  0.000000 0.000000 -1.000000
2451545.069357  9.8053098058e-01  1.000000 0.000000 0.000000  0.000000 0.000000 -1.000000
2451545.070024  9.8338949410e-01  1.000000 0.000000 0.000000  0.000000 0.000000 -1.000000
2451545.070691  9.8317729725e-01  1.000000 0.000000 0.000000  0.000000 0.000000 -1.000000
2451545.071358  9.8230750158e-01  1.000000 0.000000 0.000000  0.000000 0.000000 -1.000000
2451545.072025  9.8879654989e-01  1.000000 0.000000 0.000000  0.000000 0.000000 -1.000000
2451545.072692  9.8858441911e-01  1.000000 0.000000 0.000000  0.000000 0.000000 -1.000000
2451545.073359  9.9203334459e-01  1.000000 0.000000 0.000000  0.000000 0.000000 -1.000000
2451545.074025  9.9514243801e-01  1.000000 0.000000 0.000000  0.000000 0.000000 -1.000000
2451545.074692  9.9524133548e-01  1.000000 0.000000 0.000000  0.000000 0.000000 -1.000000
2451545.075359  9.9637082785e-01  1.000000 0.000000 0.000000  0.000000 0.000000 -1.000000
2451545.076026  9.9722232386e-01  1.000000 0.000000 0.000000  0.000000 0.000000 -1.000000
2451545.076693  1.0003707252e+00  1.000000 0.000000 0.000000  0.000000 0.000000 -1.000000
2451545.077360  1.0000712581e+00  1.000000 0.000000 0.000000  0.000000 0.000000 -1.000000
2451545.078027  1.0026096266e+00  1.000000 0.000000 0.000000  0.000000 0.000000 -1.000000
2451545.078694  1.0036081145e+00  1.000000 0.000000 0.000000  0.000000 0.000000 -1.000000
2451545.079361  1.0032968880e+00  1.000000 0.000000 0.000000  0.000000 0.000000 -1.000000
2451545.080028  1.0084454363e+00  1.000000 0.000000 0.000000  0.000000 0.000000 -1.000000
2451545.080694  1.0073950223e+00  1.000000 0.000000 0.000000  0.000000 0.000000 -1.000000
2451545.081361  1.0074396153e+00  1.000000 0.000000 0.000000  0.000000 0.000000 -1.000000
2451545.082028  1.0037344284e+00  1.000000 0.000000 0.000000  0.000000 0.000000 -1.000000
2451545.082695  1.0057278368e+00  1.000000 0.000000 0.000000  0.000000 0.000000 -1.000000
2451545.083362  1.0057366894e+00  1.000000 0.000000 0.000000  0.000000 0.000000 -1.000000
2451545.084029  1.0090824232e+00  1.000000 0.000000 0.000000  0.000000 0.000000 -1.000000
2451545.084696  1.0081133997e+00  1.000000 0.000000 0.000000  0.000000 0.000000 -1.000000
2451545.085363  1.0081914211e+00  1.000000 0.000000 0.000000  0.000000 0.000000 -1.000000
2451545.086030  1.0087754248e+00  1.000000 0.000000 0.000000  0.000000 0.000000 -1.000000
2451545.086696  1.0071450369e+00  1.000000 0.000000 0.000000  0.000000 0.000000 -1.000000
2451545.087363  1.0067785812e+00  1.000000 0.000000 0.000000  0.000000 0.000000 -1.000000
2451545.088030  1.0039162359e+00  1.000000 0.000000 0.000000  0.000000 0.000000 -1.000000
2451545.088697  1.0041341143e+00  1.000000 0.000000 0.000000  0.000000 0.000000 -1.000000
2451545.089364  1.0059341540e+00  1.000000 0.000000 0.000000  0.000000 0.000000 -1.000000
2451545.090031  1.0069259694e+00  1.000000 0.000000 0.000000  0.000000 0.000000 -1.000000
2451545.090698  1.0075010546e+00  1.000000 0.000000 0.000000  0.000000 0.000000 -1.000000
2451545.091365  1.0079652848e+00  1.000000 0.000000 0.000000  0.000000 0.000000 -1.000000
2451545.092032  1.0077926601e+00  1.000000 0.000000 0.000000  0.000000 0.000000 -1.000000
2451545.092699  1.0096961557e+00  1.000000 0.000000 0.000000  0.000000 0.000000 -1.000000
2451545.093365  1.0102767902e+00  1.000000 0.000000 0.000000  0.000000 0.000000 -1.000000
2451545.094032  1.0076860332e+00  1.000000 0.000000 0.000000  0.000000 0.000000 -1.000000
2451545.094699  1.0095415004e+00  1.000000 0.000000 0.000000  0.000000 0.000000 -1.000000
2451545.095366  1.0101025800e+00  1.000000 0.000000 0.000000  0.000000 0.000000 -1.000000
2451545.096033  1.0149027079e+00  1.000000 0.000000 0.000000  0.000000 0.000000 -1.000000
2451545.096700  1.0137849749e+00  1.000000 0.000000 0.000000  0.000000 0.000000 -1.000000
2451545.097367  1.0113978264e+00  1.000000 0.000000 0.000000  0.000000 0.000000 -1.000000
2451545.098034  1.0121360231e+00  1.000000 0.000000 0.000000  0.000000 0.000000 -1.000000
2451545.098701  1.0119774039e+00  1.000000 0.000000 0.000000  0.000000 0.000000 -1.000000
2451545.099367  1.0154955642e+00  1.000000 0.000000 0.000000  0.000000 0.000000 -1.000000
2451545.100034  1.0126079166e+00  1.000000 0.000000 0.000000  0.000000 0.000000 -1.000000
2451545.100701  1.0138586360e+00  1.000000 0.000000 0.000000  0.000000 0.000000 -1.000000
2451545.101368  1.0140765804e+00  1.000000 0.000000 0.000000  0.000000 0.000000 -1.000000
2451545.102035  1.0142624178e+00  1.000000 0.000000 0.000000  0.000000 0.000000 -1.000000
2451545.102702  1.0122856575e+00  1.000000 0.000000 0.000000  0.000000 0.000000 -1.000000
2451545.103369  1.0103249507e+00  1.000000 0.000000 0.000000  0.000000 0.000000 -1.000000
2451545.104036  1.0101848294e+00  1.000000 0.000000 0.000000  0.000000 0.000000 -1.000000
2451545.104703  1.0090289116e+00  1.000000 0.000000 0.000000  0.000000 0.000000 -1.000000
2451545.105370  1.0079520059e+00  1.000000 0.000000 0.000000  0.000000 0.000000 -1.000000
2451545.106036  1.0078723330e+00  1.000000 0.000000 0.000000  0.000000 0.000000 -1.000000
2451545.106703  1.0074795178e+00  1.000000 0.000000 0.000000  0.000000 0.000000 -1.000000
2451545.107370  1.0042090967e+00  1.000000 0.000000 0.000000  0.000000 0.000000 -1.000000
2451545.108037  1.0037960659e+00  1.000000 0.000000 0.000000  0.000000 0.000000 -1.000000
2451545.108704  1.0001634832e+00  1.000000 0.000000 0.000000  0.000000 0.000000 -1.000000
2451545.109371  9.9646014608e-01  1.000000 0.000000 0.000000  0.000000 0.000000 -1.000000
2451545.110038  9.9245331201e-01  1.000000 0.000000 0.000000  0.000000 0.000000 -1.000000
2451545.110705  9.9051354743e-01  1.000000 0.000000 0.000000  0.000000 0.000000 -1.000000
2451545.111372  9.8649151869e-01  1.000000 0.000000 0.000000  0.000000 0.000000 -1.000000
2451545.112039  9.8193291997e-01  1.000000 0.000000 0.000000  0.000000 0.000000 -1.000000
2451545.112705  9.7788380509e-01  1.000000 0.000000 0.000000  0.000000 0.000000 -1.000000
2451545.113372  9.7922965633e-01  1.000000 0.000000 0.000000  0.000000 0.000000 -1.000000
2451545.114039  9.7508144578e-01  1.000000 0.000000 0.000000  0.000000 0.000000 -1.000000
2451545.114706  9.7141920037e-01  1.000000 0.000000 0.000000  0.000000 0.000000 -1.000000
2451545.115373  9.6493517290e-01  1.000000 0.000000 0.000000  0.000000 0.000000 -1.000000
2451545.116040  9.6169976554e-01  1.000000 0.000000 0.000000  0.000000 0.000000 -1.000000
2451545.116707  9.6036534334e-01  1.000000 0.000000 0.000000  0.000000 0.000000 -1.000000
2451545.117374  9.5331944345e-01  1.000000 0.000000 0.000000  0.000000 0.000000 -1.000000
2451545.118041  9.5038020000e-01  1.000000 0.000000 0.000000  0.000000 0.000000 -1.000000
2451545.118707  9.4603267505e-01  1.000000 0.000000 0.000000  0.000000 0.000000 -1.000000
2451545.119374  9.4322906053e-01  1.000000 0.000000 0.000000  0.000000 0.000000 -1.000000
2451545.120041  9.4334183139e-01  1.000000 0.000000 0.000000  0.000000 0.000000 -1.000000
2451545.120708  9.4094734984e-01  1.000000 0.000000 0.000000  0.000000 0.000000 -1.000000
2451545.121375  9.4426408170e-01  1.000000 0.000000 0.000000  0.000000 0.000000 -1.000000
2451545.122042  9.4437652225e-01  1.000000 0.000000 0.000000  0.000000 0.000000 -1.000000
2451545.122709  9.4512211802e-01  1.000000 0.000000 0.000000  0.000000 0.000000 -1.000000
2451545.123376  9.4882168947e-01  1.000000 0.000000 0.000000  0.000000 0.000000 -1.000000
2451545.124043  9.5103581691e-01  1.000000 0.000000 0.000000  0.000000 0.000000 -1.000000
2451545.124710  9.5907465535e-01  1.000000 0.000000 0.000000  0.000000 0.000000 -1.000000
2451545.125376  9.5925976605e-01  1.000000 0.000000 0.000000  0.000000 0.000000 -1.000000
2451545.126043  9.6302850627e-01  1.000000 0.000000 0.000000  0.000000 0.000000 -1.000000
2451545.126710  9.6428893704e-01  1.000000 0.000000 0.000000  0.000000 0.000000 -1.000000
2451545.127377  9.6565619295e-01  1.000000 0.000000 0.000000  0.000000 0.000000 -1.000000
2451545.128044  9.6551977125e-01  1.000000 0.000000 0.000000  0.000000 0.000000 -1.000000
2451545.128711  9.7099678859e-01  1.000000 0.000000 0.000000  0.000000 0.000000 -1.000000
2451545.129378  9.7414657729e-01  1.000000 0.000000 0.000000  0.000000 0.000000 -1.000000
2451545.130045  9.7941985394e-01  1.000000 0.000000 0.000000  0.000000 0.000000 -1.000000
2451545.130712  9.8359951084e-01  1.000000 0.000000 0.000000  0.000000 0.000000 -1.000000
2451545.131378  9.8443911537e-01  1.000000 0.000000 0.000000  0.000000 0.000000 -1.000000
2451545.132045  9.8687131934e-01  1.000000 0.000000 0.000000  0.000000 0.000000 -1.000000
2451545.132712  9.8674566604e-01  1.000000 0.000000 0.000000  0.000000 0.000000 -1.000000
2451545.133379  9.8860846632e-01  1.000000 0.000000 0.000000  0.000000 0.000000 -1.000000
2451545.134046  9.8905413256e-01  1.000000 0.000000 0.000000  0.000000 0.000000 -1.000000
2451545.134713  9.9374915297e-01  1.000000 0.000000 0.000000  0.000000 0.000000 -1.000000
2451545.135380  9.9495276891e-01  1.000000 0.000000 0.000000  0.000000 0.000000 -1.000000
2451545.136047  9.9230090288e-01  1.000000 0.000000 0.000000  0.000000 0.000000 -1.000000
2451545.136714  9.9923892062e-01  1.000000 0.000000 0.000000  0.000000 0.000000 -1.000000
2451545.137381  9.9921923361e-01  1.000000 0.000000 0.000000  0.000000 0.000000 -1.000000
2451545.138047  1.0019075668e+00  1.000000 0.000000 0.000000  0.000000 0.000000 -1.000000
2451545.138714  1.0001459763e+00  1.000000 0.000000 0.000000  0.000000 0.000000 -1.000000
2451545.139381  9.9898100764e-01  1.000000 0.000000 0.000000  0.000000 0.000000 -1.000000
2451545.140048  9.9930630567e-01  1.000000 0.000000 0.000000  0.000000 0.000000 -1.000000
2451545.140715  1.0015817403e+00  1.000000 0.000000 0.000000  0.000000 0.000000 -1.000000
2451545.141382  1.0033383100e+00  1.000000 0.000000 0.000000  0.000000 0.000000 -1.000000
2451545.142049  1.0034895300e+00  1.000000 0.000000 0.000000  0.000000 0.000000 -1.000000
2451545.142716  1.0028397928e+00  1.000000 0.000000 0.000000  0.000000 0.000000 -1.000000
2451545.143383  1.0024032434e+00  1.000000 0.000000 0.000000  0.000000 0.000000 -1.000000
2451545.144050  1.0038320046e+00  1.000000 0.000000 0.000000  0.000000 0.000000 -1.000000
2451545.144716  1.0049067962e+00  1.000000 0.000000 0.000000  0.000000 0.000000 -1.000000
2451545.145383  1.0047430902e+00  1.000000 0.000000 0.000000  0.000000 0.000000 -1.000000
2451545.146050  1.0042019618e+00  1.000000 0.000000 0.000000  0.000000 0.000000 -1.000000
2451545.146717  1.0041685996e+00  1.000000 0.000000 0.000000  0.000000 0.000000 -1.000000
2451545.147384  1.0071025579e+00  1.000000 0.000000 0.000000  0.000000 0.000000 -1.000000
2451545.148051  1.0065479525e+00  1.000000 0.000000 0.000000  0.000000 0.000000 -1.000000
2451545.148718  1.0073269766e+00  1.000000 0.000000 0.000000  0.000000 0.000000 -1.000000
2451545.149385  1.0063008740e+00  1.000000 0.000000 0.000000  0.000000 0.000000 -1.000000
2451545.150052  1.0063648898e+00  1.000000 0.000000 0.000000  0.000000 0.000000 -1.000000
2451545.150718  1.0084470879e+00  1.000000 0.000000 0.000000  0.000000 0.000000 -1.000000
2451545.151385  1.0105345711e+00  1.000000 0.000000 0.000000  0.000000 0.000000 -1.000000
2451545.152052  1.0146638213e+00  1.000000 0.000000 0.000000  0.000000 0.000000 -1.000000
2451545.152719  1.0132515099e+00  1.000000 0.000000 0.000000  0.000000 0.000000 -1.000000
2451545.153386  1.0138045958e+00  1.000000 0.000000 0.000000  0.000000 0.000000 -1.000000
2451545.154053  1.0113499963e+00  1.000000 0.000000 0.000000  0.000000 0.000000 -1.000000
2451545.154720  1.0113225798e+00  1.000000 0.000000 0.000000  0.000000 0.000000 -1.000000
2451545.155387  1.0099840616e+00  1.000000 0.000000 0.000000  0.000000 0.000000 -1.000000
2451545.156054  1.0135591029e+00  1.000000 0.000000 0.000000  0.000000 0.000000 -1.000000
2451545.156721  1.0162579402e+00  1.000000 0.000000 0.000000  0.000000 0.000000 -1.000000
2451545.157387  1.0146093187e+00  1.000000 0.000000 0.000000  0.000000 0.000000 -1.000000
2451545.158054  1.0159122945e+00  1.000000 0.000000 0.000000  0.000000 0.000000 -1.000000
2451545.158721  1.0164234960e+00  1.000000 0.000000 0.000000  0.000000 0.000000 -1.000000
2451545.159388  1.0174425298e+00  1.000000 0.000000 0.000000  0.000000 0.000000 -1.000000
2451545.160055  1.0159823221e+00  1.000000 0.000000 0.000000  0.000000 0.000000 -1.000000
2451545.160722  1.0186188614e+00  1.000000 0.000000 0.000000  0.000000 0.000000 -1.000000
2451545.161389  1.0179171980e+00  1.000000 0.000000 0.000000  0.000000 0.000000 -1.000000
2451545.162056  1.0182062270e+00  1.000000 0.000000 0.000000  0.000000 0.000000 -1.000000
2451545.162723  1.0193411366e+00  1.000000 0.000000 0.000000  0.000000 0.000000 -1.000000
2451545.163389  1.0182825968e+00  1.000000 0.000000 0.000000  0.000000 0.000000 -1.000000
2451545.164056  1.0203824339e+00  1.000000 0.000000 0.000000  0.000000 0.000000 -1.000000
2451545.164723  1.0207076658e+00  1.000000 0.000000 0.000000  0.000000 0.000000 -1.000000
2451545.165390  1.0207441330e+00  1.000000 0.000000 0.000000  0.000000 0.000000 -1.000000
2451545.166057  1.0175254398e+00  1.000000 0.000000 0.000000  0.000000 0.000000 -1.000000
2451545.166724  1.0171419396e+00  1.000000 0.000000 0.000000  0.000000 0.000000 -1.000000
2451545.167391  1.0149712821e+00  1.000000 0.000000 0.000000  0.000000 0.000000 -1.000000
2451545.168058  1.0165763016e+00  1.000000 0.000000 0.000000  0.000000 0.000000 -1.000000
2451545.168725  1.0174727870e+00  1.000000 0.000000 0.000000  0.000000 0.000000 -1.000000
2451545.169392  1.0130860202e+00  1.000000 0.000000 0.000000  0.000000 0.000000 -1.000000
2451545.170058  1.0117679157e+00  1.000000 0.000000 0.000000  0.000000 0.000000 -1.000000
2451545.170725  1.0104105694e+00  1.000000 0.000000 0.000000  0.000000 0.000000 -1.000000
2451545.171392  1.0103271308e+00  1.000000 0.000000 0.000000  0.000000 0.000000 -1.000000
2451545.172059  1.0100041450e+00  1.000000 0.000000 0.000000  0.000000 0.000000 -1.000000
2451545.172726  1.0093823528e+00  1.000000 0.000000 0.000000  0.000000 0.000000 -1.000000
2451545.173393  1.0069087268e+00  1.000000 0.000000 0.000000  0.000000 0.000000 -1.000000
2451545.174060  1.0040144728e+00  1.000000 0.000000 0.000000  0.000000 0.000000 -1.000000
2451545.174727  1.0047702424e+00  1.000000 0.000000 0.000000  0.000000 0.000000 -1.000000
2451545.175394  1.0009754730e+00  1.000000 0.000000 0.000000  0.000000 0.000000 -1.000000
2451545.176061  9.9992241644e-01  1.000000 0.000000 0.000000  0.000000 0.000000 -1.000000
2451545.176727  9.9638119987e-01  1.000000 0.000000 0.000000  0.000000 0.000000 -1.000000
2451545.177394  9.9693593739e-01  1.000000 0.000000 0.000000  0.000000 0.000000 -1.000000
2451545.178061  9.9518214234e-01  1.000000 0.000000 0.000000  0.000000 0.000000 -1.000000
2451545.178728  9.9226456780e-01  1.000000 0.000000 0.000000  0.000000 0.000000 -1.000000
2451545.179395  9.9249460187e-01  1.000000 0.000000 0.000000  0.000000 0.000000 -1.000000
2451545.180062  9.9034158342e-01  1.000000 0.000000 0.000000  0.000000 0.000000 -1.000000
2451545.180729  9.8972956860e-01  1.000000 0.000000 0.000000  0.000000 0.000000 -1.000000
2451545.181396  9.8941675662e-01  1.000000 0.000000 0.000000  0.000000 0.000000 -1.000000
2451545.182063  9.8927901365e-01  1.000000 0.000000 0.000000  0.000000 0.000000 -1.000000
2451545.182729  9.8820574155e-01  1.000000 0.000000 0.000000  0.000000 0.000000 -1.000000
2451545.183396  9.9267700396e-01  1.000000 0.000000 0.000000  0.000000 0.000000 -1.000000
2451545.184063  9.9363089882e-01  1.000000 0.000000 0.000000  0.000000 0.000000 -1.000000
2451545.184730  9.9593883682e-01  1.000000 0.000000 0.000000  0.000000 0.000000 -1.000000
2451545.185397  9.9795252677e-01  1.000000 0.000000 0.000000  0.000000 0.000000 -1.000000
2451545.186064  1.0005737392e+00  1.000000 0.000000 0.000000  0.000000 0.000000 -1.000000
2451545.186731  1.0016701997e+00  1.000000 0.000000 0.000000  0.000000 0.000000 -1.000000
2451545.187398  1.0012188520e+00  1.000000 0.000000 0.000000  0.000000 0.000000 -1.000000
2451545.188065  1.0054014818e+00  1.000000 0.000000 0.000000  0.000000 0.000000 -1.000000
2451545.188732  1.0062809227e+00  1.000000 0.000000 0.000000  0.000000 0.000000 -1.000000
2451545.189398  1.0088128830e+00  1.000000 0.000000 0.000000  0.000000 0.000000 -1.000000
2451545.190065  1.0105448110e+00  1.000000 0.000000 0.000000  0.000000 0.000000 -1.000000
2451545.190732  1.0099207065e+00  1.000000 0.000000 0.000000  0.000000 0.000000 -1.000000
2451545.191399  1.0135213804e+00  1.000000 0.000000 0.000000  0.000000 0.000000 -1.000000
2451545.192066  1.0141954291e+00  1.000000 0.000000 0.000000  0.000000 0.000000 -1.000000
2451545.192733  1.0153928351e+00  1.000000 0.000000 0.000000  0.000000 0.000000 -1.000000
2451545.193400  1.0173733610e+00  1.000000 0.000000 0.000000  0.000000 0.000000 -1.000000
2451545.194067  1.0172229338e+00  1.000000 0.000000 0.000000  0.000000 0.000000 -1.000000
2451545.194734  1.0229705484e+00  1.000000 0.000000 0.000000  0.000000 0.000000 -1.000000
2451545.195400  1.0210451196e+00  1.000000 0.000000 0.000000  0.000000 0.000000 -1.000000
2451545.196067  1.0227145512e+00  1.000000 0.000000 0.000000  0.000000 0.000000 -1.000000
2451545.196734  1.0213829037e+00  1.000000 0.000000 0.000000  0.000000 0.000000 -1.000000
2451545.197401  1.0218616679e+00  1.000000 0.000000 0.000000  0.000000 0.000000 -1.000000
2451545.198068  1.0222777375e+00  1.000000 0.000000 0.000000  0.000000 0.000000 -1.000000
2451545.198735  1.0253177943e+00  1.000000 0.000000 0.000000  0.000000 0.000000 -1.000000
2451545.199402  1.0252917652e+00  1.000000 0.000000 0.000000  0.000000 0.000000 -1.000000
2451545.200069  1.0264067235e+00  1.000000 0.000000 0.000000  0.000000 0.000000 -1.000000
2451545.200736  1.0251916786e+00  1.000000 0.000000 0.000000  0.000000 0.000000 -1.000000
2451545.201403  1.0253810834e+00  1.000000 0.000000 0.000000  0.000000 0.000000 -1.000000
2451545.202069  1.0245900358e+00  1.000000 0.000000 0.000000  0.000000 0.000000 -1.000000
2451545.202736  1.0246527303e+00  1.000000 0.000000 0.000000  0.000000 0.000000 -1.000000
2451545.203403  1.0236268920e+00  1.000000 0.000000 0.000000  0.000000 0.000000 -1.000000
2451545.204070  1.0204967242e+00  1.000000 0.000000 0.000000  0.000000 0.000000 -1.000000
2451545.204737  1.0238393531e+00  1.000000 0.000000 0.000000  0.000000 0.000000 -1.000000
2451545.205404  1.0247213045e+00  1.000000 0.000000 0.000000  0.000000 0.000000 -1.000000
2451545.206071  1.0238378997e+00  1.000000 0.000000 0.000000  0.000000 0.000000 -1.000000
2451545.206738  1.0226648052e+00  1.000000 0.000000 0.000000  0.000000 0.000000 -1.000000
2451545.207405  1.0214624445e+00  1.000000 0.000000 0.000000  0.000000 0.000000 -1.000000
2451545.208072  1.0219614902e+00  1.000000 0.000000 0.000000  0.000000 0.000000 -1.000000
2451545.208738  1.0209382284e+00  1.000000 0.000000 0.000000  0.000000 0.000000 -1.000000
2451545.209405  1.0200446498e+00  1.000000 0.000000 0.000000  0.000000 0.000000 -1.000000
2451545.210072  1.0181367940e+00  1.000000 0.000000 0.000000  0.000000 0.000000 -1.000000
2451545.210739  1.0190346007e+00  1.000000 0.000000 0.000000  0.000000 0.000000 -1.000000
2451545.211406  1.0197799322e+00  1.000000 0.000000 0.000000  0.000000 0.000000 -1.000000
2451545.212073  1.0231820185e+00  1.000000 0.000000 0.000000  0.000000 0.000000 -1.000000
2451545.212740  1.0186316778e+00  1.000000 0.000000 0.000000  0.000000 0.000000 -1.000000
2451545.213407  1.0154997263e+00  1.000000 0.000000 0.000000  0.000000 0.000000 -1.000000
2451545.214074  1.0179483801e+00  1.000000 0.000000 0.000000  0.000000 0.000000 -1.000000
2451545.214740  1.0153547163e+00  1.000000 0.000000 0.000000  0.000000 0.000000 -1.000000
2451545.215407  1.0165115591e+00  1.000000 0.000000 0.000000  0.000000 0.000000 -1.000000
2451545.216074  1.0165276126e+00  1.000000 0.000000 0.000000  0.000000 0.000000 -1.000000
2451545.216741  1.0150268418e+00  1.000000 0.000000 0.000000  0.000000 0.000000 -1.000000
2451545.217408  1.0155554841e+00  1.000000 0.000000 0.000000  0.000000 0.000000 -1.000000
2451545.218075  1.0143072091e+00  1.000000 0.000000 0.000000  0.000000 0.000000 -1.000000
2451545.218742  1.0152993548e+00  1.000000 0.000000 0.000000  0.000000 0.000000 -1.000000
2451545.219409  1.0128459444e+00  1.000000 0.000000 0.000000  0.000000 0.000000 -1.000000
2451545.220076  1.0136293947e+00  1.000000 0.000000 0.000000  0.000000 0.000000 -1.000000
2451545.220743  1.0150794946e+00  1.000000 0.000000 0.000000  0.000000 0.000000 -1.000000
2451545.221409  1.0103428540e+00  1.000000 0.000000 0.000000  0.000000 0.000000 -1.000000
2451545.222076  1.0131214964e+00  1.000000 0.000000 0.000000  0.000000 0.000000 -1.000000
2451545.222743  1.0127897902e+00  1.000000 0.000000 0.000000  0.000000 0.000000 -1.000000
2451545.223410  1.0119535549e+00  1.000000 0.000000 0.000000  0.000000 0.000000 -1.000000
2451545.224077  1.0076843155e+00  1.000000 0.000000 0.000000  0.000000 0.000000 -1.000000
2451545.224744  1.0057094050e+00  1.000000 0.000000 0.000000  0.000000 0.000000 -1.000000
2451545.225411  1.0030550286e+00  1.000000 0.000000 0.000000  0.000000 0.000000 -1.000000
2451545.226078  1.0059721406e+00  1.000000 0.000000 0.000000  0.000000 0.000000 -1.000000
2451545.226745  1.0047479128e+00  1.000000 0.000000 0.000000  0.000000 0.000000 -1.000000
2451545.227411  1.0032279175e+00  1.000000 0.000000 0.000000  0.000000 0.000000 -1.000000
2451545.228078  1.0006135757e+00  1.000000 0.000000 0.000000  0.000000 0.000000 -1.000000
2451545.228745  9.9759419685e-01  1.000000 0.000000 0.000000  0.000000 0.000000 -1.000000
2451545.229412  9.9633257693e-01  1.000000 0.000000 0.000000  0.000000 0.000000 -1.000000
2451545.230079  9.9211750984e-01  1.000000 0.000000 0.000000  0.000000 0.000000 -1.000000
2451545.230746  9.8994771119e-01  1.000000 0.000000 0.000000  0.000000 0.000000 -1.000000
2451545.231413  9.8628995811e-01  1.000000 0.000000 0.000000  0.000000 0.000000 -1.000000
2451545.232080  9.8464596105e-01  1.000000 0.000000 0.000000  0.000000 0.000000 -1.000000
2451545.232747  9.8296292030e-01  1.000000 0.000000 0.000000  0.000000 0.000000 -1.000000
2451545.233414  9.8097327756e-01  1.000000 0.000000 0.000000  0.000000 0.000000 -1.000000
2451545.234080  9.7646250901e-01  1.000000 0.000000 0.000000  0.000000 0.000000 -1.000000
2451545.234747  9.7094651405e-01  1.000000 0.000000 0.000000  0.000000 0.000000 -1.000000
2451545.235414  9.7001785556e-01  1.000000 0.000000 0.000000  0.000000 0.000000 -1.000000
2451545.236081  9.6603368136e-01  1.000000 0.000000 0.000000  0.000000 0.000000 -1.000000
2451545.236748  9.6525875327e-01  1.000000 0.000000 0.000000  0.000000 0.000000 -1.000000
2451545.237415  9.5945875014e-01  1.000000 0.000000 0.000000  0.000000 0.000000 -1.000000
2451545.238082  9.5720888219e-01  1.000000 0.000000 0.000000  0.000000 0.000000 -1.000000
2451545.238749  9.5566807675e-01  1.000000 0.000000 0.000000  0.000000 0.000000 -1.000000
2451545.239416  9.5396468835e-01  1.000000 0.000000 0.000000  0.000000 0.000000 -1.000000
360  1
2451545.000000  1.0019419333e+00  1.000000 0.000000 0.000000  0.707107 0.707107 0.000000
2451545.000667  1.0036477060e+00  1.000000 0.000000 0.000000  0.707107 0.707107 0.000000
2451545.001334  1.0047235741e+00  1.000000 0.000000 0.000000  0.707107 0.707107 0.000000
2451545.002001  1.0090553079e+00  1.000000 0.000000 0.000000  0.707107 0.707107 0.000000
2451545.002668  1.0130539164e+00  1.000000 0.000000 0.000000  0.707107 0.707107 0.000000
2451545.003334  1.0159334010e+00  1.000000 0.000000 0.000000  0.707107 0.707107 0.000000
2451545.004001  1.0193095677e+00  1.000000 0.000000 0.000000  0.707107 0.707107 0.000000
2451545.004668  1.0221446909e+00  1.000000 0.000000 0.000000  0.707107 0.707107 0.000000
2451545.005335  1.0260204418e+00  1.000000 0.000000 0.000000  0.707107 0.707107 0.000000
2451545.006002  1.0331661546e+00  1.000000 0.000000 0.000000  0.707107 0.707107 0.000000
2451545.006669  1.0376758177e+00  1.000000 0.000000 0.000000  0.707107 0.707107 0.000000
2451545.007336  1.0412997727e+00  1.000000 0.000000 0.000000  0.707107 0.707107 0.000000
2451545.008003  1.0456576258e+00  1.000000 0.000000 0.000000  0.707107 0.707107 0.000000
2451545.008670  1.0505291593e+00  1.000000 0.000000 0.000000  0.707107 0.707107 0.000000
2451545.009337  1.0537002408e+00  1.000000 0.000000 0.000000  0.707107 0.707107 0.000000
2451545.010003  1.0576184184e+00  1.000000 0.000000 0.000000  0.707107 0.707107 0.000000
2451545.010670  1.0593415348e+00  1.000000 0.000000 0.000000  0.707107 0.707107 0.000000
2451545.011337  1.0621530262e+00  1.000000 0.000000 0.000000  0.707107 0.707107 0.000000
2451545.012004  1.0649907752e+00  1.000000 0.000000 0.000000  0.707107 0.707107 0.000000
2451545.012671  1.0674291331e+00  1.000000 0.000000 0.000000  0.707107 0.707107 0.000000
2451545.013338  1.0684212535e+00  1.000000 0.000000 0.000000  0.707107 0.707107 0.000000
2451545.014005  1.0689046686e+00  1.000000 0.000000 0.000000  0.707107 0.707107 0.000000
2451545.014672  1.0710535026e+00  1.000000 0.000000 0.000000  0.707107 0.707107 0.000000
2451545.015339  1.0708506286e+00  1.000000 0.000000 0.000000  0.707107 0.707107 0.000000
2451545.016006  1.0700823883e+00  1.000000 0.000000 0.000000  0.707107 0.707107 0.000000
2451545.016672  1.0687209349e+00  1.000000 0.000000 0.000000  0.707107 0.707107 0.000000
2451545.017339  1.0693645901e+00  1.000000 0.000000 0.000000  0.707107 0.707107 0.000000
2451545.018006  1.0678838031e+00  1.000000 0.000000 0.000000  0.707107 0.707107 0.000000
2451545.018673  1.0670972517e+00  1.000000 0.000000 0.000000  0.707107 0.707107 0.000000
2451545.019340  1.0648815991e+00  1.000000 0.000000 0.000000  0.707107 0.707107 0.000000
2451545.020007  1.0584147128e+00  1.000000 0.000000 0.000000  0.707107 0.707107 0.000000
2451545.020674  1.0577046537e+00  1.000000 0.000000 0.000000  0.707107 0.707107 0.000000
2451545.021341  1.0546683148e+00  1.000000 0.000000 0.000000  0.707107 0.707107 0.000000
2451545.022008  1.0530777299e+00  1.000000 0.000000 0.000000  0.707107 0.707107 0.000000
2451545.022674  1.0475570823e+00  1.000000 0.000000 0.000000  0.707107 0.707107 0.000000
2451545.023341  1.0447869120e+00  1.000000 0.000000 0.000000  0.707107 0.707107 0.000000
2451545.024008  1.0397958376e+00  1.000000 0.000000 0.000000  0.707107 0.707107 0.000000
2451545.024675  1.0367017322e+00  1.000000 0.000000 0.000000  0.707107 0.707107 0.000000
2451545.025342  1.0307192975e+00  1.000000 0.000000 0.000000  0.707107 0.707107 0.000000
2451545.026009  1.0265480110e+00  1.000000 0.000000 0.000000  0.707107 0.707107 0.000000
2451545.026676  1.0241305900e+00  1.000000 0.000000 0.000000  0.707107 0.707107 0.000000
2451545.027343  1.0183440504e+00  1.000000 0.000000 0.000000  0.707107 0.707107 0.000000
2451545.028010  1.0161116068e+00  1.000000 0.000000 0.000000  0.707107 0.707107 0.000000
2451545.028677  1.0131685513e+00  1.000000 0.000000 0.000000  0.707107 0.707107 0.000000
2451545.029343  1.0101511455e+00  1.000000 0.000000 0.000000  0.707107 0.707107 0.000000
2451545.030010  1.0086573679e+00  1.000000 0.000000 0.000000  0.707107 0.707107 0.000000
2451545.030677  1.0074410911e+00  1.000000 0.000000 0.000000  0.707107 0.707107 0.000000
2451545.031344  1.0043983952e+00  1.000000 0.000000 0.000000  0.707107 0.707107 0.000000
2451545.032011  1.0024502240e+00  1.000000 0.000000 0.000000  0.707107 0.707107 0.000000
2451545.032678  1.0028930781e+00  1.000000 0.000000 0.000000  0.707107 0.707107 0.000000
2451545.033345  1.0025249889e+00  1.000000 0.000000 0.000000  0.707107 0.707107 0.000000
2451545.034012  1.0023961887e+00  1.000000 0.000000 0.000000  0.707107 0.707107 0.000000
2451545.034679  1.0009241773e+00  1.000000 0.000000 0.000000  0.707107 0.707107 0.000000
2451545.035345  9.9972282581e-01  1.000000 0.000000 0.000000  0.707107 0.707107 0.000000
2451545.036012  9.9897835549e-01  1.000000 0.000000 0.000000  0.707107 0.707107 0.000000
2451545.036679  9.9955028614e-01  1.000000 0.000000 0.000000  0.707107 0.707107 0.000000
2451545.037346  9.9851345886e-01  1.000000 0.000000 0.000000  0.707107 0.707107 0.000000
2451545.038013  9.9872123891e-01  1.000000 0.000000 0.000000  0.707107 0.707107 0.000000
2451545.038680  9.9703833797e-01  1.000000 0.000000 0.000000  0.707107 0.707107 0.000000
2451545.039347  9.9630844750e-01  1.000000 0.000000 0.000000  0.707107 0.707107 0.000000
2451545.040014  9.9675897158e-01  1.000000 0.000000 0.000000  0.707107 0.707107 0.000000
2451545.040681  9.9646523264e-01  1.000000 0.000000 0.000000  0.707107 0.707107 0.000000
2451545.041348  9.9501844226e-01  1.000000 0.000000 0.000000  0.707107 0.707107 0.000000
2451545.042014  9.9368248633e-01  1.000000 0.000000 0.000000  0.707107 0.707107 0.000000
2451545.042681  9.9303717277e-01  1.000000 0.000000 0.000000  0.707107 0.707107 0.000000
2451545.043348  9.9043235583e-01  1.000000 0.000000 0.000000  0.707107 0.707107 0.000000
2451545.044015  9.8893816368e-01  1.000000 0.000000 0.000000  0.707107 0.707107 0.000000
2451545.044682  9.8663855608e-01  1.000000 0.000000 0.000000  0.707107 0.707107 0.000000
2451545.045349  9.8603905501e-01  1.000000 0.000000 0.000000  0.707107 0.707107 0.000000
2451545.046016  9.8570931561e-01  1.000000 0.000000 0.000000  0.707107 0.707107 0.000000
2451545.046683  9.8367705121e-01  1.000000 0.000000 0.000000  0.707107 0.707107 0.000000
2451545.047350  9.7759704903e-01  1.000000 0.000000 0.000000  0.707107 0.707107 0.000000
2451545.048017  9.7567644827e-01  1.000000 0.000000 0.000000  0.707107 0.707107 0.000000
2451545.048683  9.7241042505e-01  1.000000 0.000000 0.000000  0.707107 0.707107 0.000000
2451545.049350  9.6820728409e-01  1.000000 0.000000 0.000000  0.707107 0.707107 0.000000
2451545.050017  9.6603412727e-01  1.000000 0.000000 0.000000  0.707107 0.707107 0.000000
2451545.050684  9.6302750089e-01  1.000000 0.000000 0.000000  0.707107 0.707107 0.000000
2451545.051351  9.5872907271e-01  1.000000 0.000000 0.000000  0.707107 0.707107 0.000000
2451545.052018  9.5686216170e-01  1.000000 0.000000 0.000000  0.707107 0.707107 0.000000
2451545.052685  9.5166468921e-01  1.000000 0.000000 0.000000  0.707107 0.707107 0.000000
2451545.053352  9.4931754165e-01  1.000000 0.000000 0.000000  0.707107 0.707107 0.000000
2451545.054019  9.4570457342e-01  1.000000 0.000000 0.000000  0.707107 0.707107 0.000000
2451545.054685  9.4019131948e-01  1.000000 0.000000 0.000000  0.707107 0.707107 0.000000
2451545.055352  9.3709507198e-01  1.000000 0.000000 0.000000  0.707107 0.707107 0.000000
2451545.056019  9.3408229581e-01  1.000000 0.000000 0.000000  0.707107 0.707107 0.000000
2451545.056686  9.2929962333e-01  1.000000 0.000000 0.000000  0.707107 0.707107 0.000000
2451545.057353  9.2637094038e-01  1.000000 0.000000 0.000000  0.707107 0.707107 0.000000
2451545.058020  9.2439547519e-01  1.000000 0.000000 0.000000  0.707107 0.707107 0.000000
2451545.058687  9.2061846645e-01  1.000000 0.000000 0.000000  0.707107 0.707107 0.000000
2451545.059354  9.2105489438e-01  1.000000 0.000000 0.000000  0.707107 0.707107 0.000000
2451545.060021  9.2252469466e-01  1.000000 0.000000 0.000000  0.707107 0.707107 0.000000
2451545.060688  9.3020378095e-01  1.000000 0.000000 0.000000  0.707107 0.707107 0.000000
2451545.061354  9.3440616182e-01  1.000000 0.000000 0.000000  0.707107 0.707107 0.000000
2451545.062021  9.3912415783e-01  1.000000 0.000000 0.000000  0.707107 0.707107 0.000000
2451545.062688  9.4571652751e-01  1.000000 0.000000 0.000000  0.707107 0.707107 0.000000
2451545.063355  9.4992761483e-01  1.000000 0.000000 0.000000  0.707107 0.707107 0.000000
2451545.064022  9.5579493095e-01  1.000000 0.000000 0.000000  0.707107 0.707107 0.000000
2451545.064689  9.6405804018e-01  1.000000 0.000000 0.000000  0.707107 0.707107 0.000000
2451545.065356  9.6836545121e-01  1.000000 0.000000 0.000000  0.707107 0.707107 0.000000
2451545.066023  9.7330774188e-01  1.000000 0.000000 0.000000  0.707107 0.707107 0.000000
2451545.066690  9.8010892810e-01  1.000000 0.000000 0.000000  0.707107 0.707107 0.000000
2451545.067356  9.8503007454e-01  1.000000 0.000000 0.000000  0.707107 0.707107 0.000000
2451545.068023  9.8873238750e-01  1.000000 0.000000 0.000000  0.707107 0.707107 0.000000
2451545.068690  9.9418055038e-01  1.000000 0.000000 0.000000  0.707107 0.707107 0.000000
2451545.069357  9.9735474132e-01  1.000000 0.000000 0.000000  0.707107 0.707107 0.000000
2451545.070024  1.0010840028e+00  1.000000 0.000000 0.000000  0.707107 0.707107 0.000000
2451545.070691  1.0043809132e+00  1.000000 0.000000 0.000000  0.707107 0.707107 0.000000
2451545.071358  1.0056123917e+00  1.000000 0.000000 0.000000  0.707107 0.707107 0.000000
2451545.072025  1.0108868403e+00  1.000000 0.000000 0.000000  0.707107 0.707107 0.000000
2451545.072692  1.0122757259e+00  1.000000 0.000000 0.000000  0.707107 0.707107 0.000000
2451545.073359  1.0138685220e+00  1.000000 0.000000 0.000000  0.707107 0.707107 0.000000
2451545.074025  1.0137969357e+00  1.000000 0.000000 0.000000  0.707107 0.707107 0.000000
2451545.074692  1.0145941283e+00  1.000000 0.000000 0.000000  0.707107 0.707107 0.000000
2451545.075359  1.0148670686e+00  1.000000 0.000000 0.000000  0.707107 0.707107 0.000000
2451545.076026  1.0171535474e+00  1.000000 0.000000 0.000000  0.707107 0.707107 0.000000
2451545.076693  1.0177087561e+00  1.000000 0.000000 0.000000  0.707107 0.707107 0.000000
2451545.077360  1.0165926034e+00  1.000000 0.000000 0.000000  0.707107 0.707107 0.000000
2451545.078027  1.0151286075e+00  1.000000 0.000000 0.000000  0.707107 0.707107 0.000000
2451545.078694  1.0122236254e+00  1.000000 0.000000 0.000000  0.707107 0.707107 0.000000
2451545.079361  1.0129045248e+00  1.000000 0.000000 0.000000  0.707107 0.707107 0.000000
2451545.080028  1.0104517252e+00  1.000000 0.000000 0.000000  0.707107 0.707107 0.000000
2451545.080694  1.0096040213e+00  1.000000 0.000000 0.000000  0.707107 0.707107 0.000000
2451545.081361  1.0064925030e+00  1.000000 0.000000 0.000000  0.707107 0.707107 0.000000
2451545.082028  1.0027474179e+00  1.000000 0.000000 0.000000  0.707107 0.707107 0.000000
2451545.082695  1.0019319140e+00  1.000000 0.000000 0.000000  0.707107 0.707107 0.000000
2451545.083362  9.9991858267e-01  1.000000 0.000000 0.000000  0.707107 0.707107 0.000000
2451545.084029  9.9604255537e-01  1.000000 0.000000 0.000000  0.707107 0.707107 0.000000
2451545.084696  9.9271648530e-01  1.000000 0.000000 0.000000  0.707107 0.707107 0.000000
2451545.085363  9.9130217135e-01  1.000000 0.000000 0.000000  0.707107 0.707107 0.000000
2451545.086030  9.8535912296e-01  1.000000 0.000000 0.000000  0.707107 0.707107 0.000000
2451545.086696  9.8207071173e-01  1.000000 0.000000 0.000000  0.707107 0.707107 0.000000
2451545.087363  9.7927145081e-01  1.000000 0.000000 0.000000  0.707107 0.707107 0.000000
2451545.088030  9.7682348812e-01  1.000000 0.000000 0.000000  0.707107 0.707107 0.000000
2451545.088697  9.7428638799e-01  1.000000 0.000000 0.000000  0.707107 0.707107 0.000000
2451545.089364  9.7194463013e-01  1.000000 0.000000 0.000000  0.707107 0.707107 0.000000
2451545.090031  9.6642059678e-01  1.000000 0.000000 0.000000  0.707107 0.707107 0.000000
2451545.090698  9.6403503029e-01  1.000000 0.000000 0.000000  0.707107 0.707107 0.000000
2451545.091365  9.6381529615e-01  1.000000 0.000000 0.000000  0.707107 0.707107 0.000000
2451545.092032  9.7087836676e-01  1.000000 0.000000 0.000000  0.707107 0.707107 0.000000
2451545.092699  9.7583896861e-01  1.000000 0.000000 0.000000  0.707107 0.707107 0.000000
2451545.093365  9.8103761578e-01  1.000000 0.000000 0.000000  0.707107 0.707107 0.000000
2451545.094032  9.8817261823e-01  1.000000 0.000000 0.000000  0.707107 0.707107 0.000000
2451545.094699  9.9351899860e-01  1.000000 0.000000 0.000000  0.707107 0.707107 0.000000
2451545.095366  9.9841354201e-01  1.000000 0.000000 0.000000  0.707107 0.707107 0.000000
2451545.096033  1.0058004786e+00  1.000000 0.000000 0.000000  0.707107 0.707107 0.000000
2451545.096700  1.0084609201e+00  1.000000 0.000000 0.000000  0.707107 0.707107 0.000000
2451545.097367  1.0150510786e+00  1.000000 0.000000 0.000000  0.707107 0.707107 0.000000
2451545.098034  1.0193402476e+00  1.000000 0.000000 0.000000  0.707107 0.707107 0.000000
2451545.098701  1.0229463750e+00  1.000000 0.000000 0.000000  0.707107 0.707107 0.000000
2451545.099367  1.0290218858e+00  1.000000 0.000000 0.000000  0.707107 0.707107 0.000000
2451545.100034  1.0311569001e+00  1.000000 0.000000 0.000000  0.707107 0.707107 0.000000
2451545.100701  1.0337549453e+00  1.000000 0.000000 0.000000  0.707107 0.707107 0.000000
2451545.101368  1.0362715922e+00  1.000000 0.000000 0.000000  0.707107 0.707107 0.000000
2451545.102035  1.0388917491e+00  1.000000 0.000000 0.000000  0.707107 0.707107 0.000000
2451545.102702  1.0398208514e+00  1.000000 0.000000 0.000000  0.707107 0.707107 0.000000
2451545.103369  1.0440635859e+00  1.000000 0.000000 0.000000  0.707107 0.707107 0.000000
2451545.104036  1.0449354744e+00  1.000000 0.000000 0.000000  0.707107 0.707107 0.000000
2451545.104703  1.0454122560e+00  1.000000 0.000000 0.000000  0.707107 0.707107 0.000000
2451545.105370  1.0430229582e+00  1.000000 0.000000 0.000000  0.707107 0.707107 0.000000
2451545.106036  1.0440038155e+00  1.000000 0.000000 0.000000  0.707107 0.707107 0.000000
2451545.106703  1.0440457584e+00  1.000000 0.000000 0.000000  0.707107 0.707107 0.000000
2451545.107370  1.0435728463e+00  1.000000 0.000000 0.000000  0.707107 0.707107 0.000000
2451545.108037  1.0433389469e+00  1.000000 0.000000 0.000000  0.707107 0.707107 0.000000
2451545.108704  1.0411217742e+00  1.000000 0.000000 0.000000  0.707107 0.707107 0.000000
2451545.109371  1.0392033846e+00  1.000000 0.000000 0.000000  0.707107 0.707107 0.000000
2451545.110038  1.0369565685e+00  1.000000 0.000000 0.000000  0.707107 0.707107 0.000000
2451545.110705  1.0365090847e+00  1.000000 0.000000 0.000000  0.707107 0.707107 0.000000
2451545.111372  1.0321669861e+00  1.000000 0.000000 0.000000  0.707107 0.707107 0.000000
2451545.112039  1.0289097384e+00  1.000000 0.000000 0.000000  0.707107 0.707107 0.000000
2451545.112705  1.0265400647e+00  1.000000 0.000000 0.000000  0.707107 0.707107 0.000000
2451545.113372  1.0203729289e+00  1.000000 0.000000 0.000000  0.707107 0.707107 0.000000
2451545.114039  1.0171890642e+00  1.000000 0.000000 0.000000  0.707107 0.707107 0.000000
2451545.114706  1.0127391714e+00  1.000000 0.000000 0.000000  0.707107 0.707107 0.000000
2451545.115373  1.0092089145e+00  1.000000 0.000000 0.000000  0.707107 0.707107 0.000000
2451545.116040  1.0059924351e+00  1.000000 0.000000 0.000000  0.707107 0.707107 0.000000
2451545.116707  1.0029484262e+00  1.000000 0.000000 0.000000  0.707107 0.707107 0.000000
2451545.117374  9.9602203303e-01  1.000000 0.000000 0.000000  0.707107 0.707107 0.000000
2451545.118041  9.9208367862e-01  1.000000 0.000000 0.000000  0.707107 0.707107 0.000000
2451545.118707  9.8932518598e-01  1.000000 0.000000 0.000000  0.707107 0.707107 0.000000
2451545.119374  9.8506821707e-01  1.000000 0.000000 0.000000  0.707107 0.707107 0.000000
2451545.120041  9.8207409757e-01  1.000000 0.000000 0.000000  0.707107 0.707107 0.000000
2451545.120708  9.7900963551e-01  1.000000 0.000000 0.000000  0.707107 0.707107 0.000000
2451545.121375  9.7649499249e-01  1.000000 0.000000 0.000000  0.707107 0.707107 0.000000
2451545.122042  9.7472551077e-01  1.000000 0.000000 0.000000  0.707107 0.707107 0.000000
2451545.122709  9.7341899093e-01  1.000000 0.000000 0.000000  0.707107 0.707107 0.000000
2451545.123376  9.7307349700e-01  1.000000 0.000000 0.000000  0.707107 0.707107 0.000000
2451545.124043  9.7307259871e-01  1.000000 0.000000 0.000000  0.707107 0.707107 0.000000
2451545.124710  9.7434678033e-01  1.000000 0.000000 0.000000  0.707107 0.707107 0.000000
2451545.125376  9.7598048293e-01  1.000000 0.000000 0.000000  0.707107 0.707107 0.000000
2451545.126043  9.7677643184e-01  1.000000 0.000000 0.000000  0.707107 0.707107 0.000000
2451545.126710  9.7750010343e-01  1.000000 0.000000 0.000000  0.707107 0.707107 0.000000
2451545.127377  9.7812157791e-01  1.000000 0.000000 0.000000  0.707107 0.707107 0.000000
2451545.128044  9.8007430960e-01  1.000000 0.000000 0.000000  0.707107 0.707107 0.000000
2451545.128711  9.7969454268e-01  1.000000 0.000000 0.000000  0.707107 0.707107 0.000000
2451545.129378  9.8096291999e-01  1.000000 0.000000 0.000000  0.707107 0.707107 0.000000
2451545.130045  9.8128464394e-01  1.000000 0.000000 0.000000  0.707107 0.707107 0.000000
2451545.130712  9.8334212939e-01  1.000000 0.000000 0.000000  0.707107 0.707107 0.000000
2451545.131378  9.8458901699e-01  1.000000 0.000000 0.000000  0.707107 0.707107 0.000000
2451545.132045  9.8564118420e-01  1.000000 0.000000 0.000000  0.707107 0.707107 0.000000
2451545.132712  9.8480412151e-01  1.000000 0.000000 0.000000  0.707107 0.707107 0.000000
2451545.133379  9.8512950769e-01  1.000000 0.000000 0.000000  0.707107 0.707107 0.000000
2451545.134046  9.8597209829e-01  1.000000 0.000000 0.000000  0.707107 0.707107 0.000000
2451545.134713  9.8654852036e-01  1.000000 0.000000 0.000000  0.707107 0.707107 0.000000
2451545.135380  9.8623211702e-01  1.000000 0.000000 0.000000  0.707107 0.707107 0.000000
2451545.136047  9.8556220429e-01  1.000000 0.000000 0.000000  0.707107 0.707107 0.000000
2451545.136714  9.8653470061e-01  1.000000 0.000000 0.000000  0.707107 0.707107 0.000000
2451545.137381  9.8571297784e-01  1.000000 0.000000 0.000000  0.707107 0.707107 0.000000
2451545.138047  9.8651514565e-01  1.000000 0.000000 0.000000  0.707107 0.707107 0.000000
2451545.138714  9.8457374616e-01  1.000000 0.000000 0.000000  0.707107 0.707107 0.000000
2451545.139381  9.8345911364e-01  1.000000 0.000000 0.000000  0.707107 0.707107 0.000000
2451545.140048  9.8359447816e-01  1.000000 0.000000 0.000000  0.707107 0.707107 0.000000
2451545.140715  9.8147058877e-01  1.000000 0.000000 0.000000  0.707107 0.707107 0.000000
2451545.141382  9.8085726795e-01  1.000000 0.000000 0.000000  0.707107 0.707107 0.000000
2451545.142049  9.7793563308e-01  1.000000 0.000000 0.000000  0.707107 0.707107 0.000000
2451545.142716  9.7770104270e-01  1.000000 0.000000 0.000000  0.707107 0.707107 0.000000
2451545.143383  9.7720995763e-01  1.000000 0.000000 0.000000  0.707107 0.707107 0.000000
2451545.144050  9.7592091977e-01  1.000000 0.000000 0.000000  0.707107 0.707107 0.000000
2451545.144716  9.7453804577e-01  1.000000 0.000000 0.000000  0.707107 0.707107 0.000000
2451545.145383  9.7164529419e-01  1.000000 0.000000 0.000000  0.707107 0.707107 0.000000
2451545.146050  9.7298995656e-01  1.000000 0.000000 0.000000  0.707107 0.707107 0.000000
2451545.146717  9.7340980079e-01  1.000000 0.000000 0.000000  0.707107 0.707107 0.000000
2451545.147384  9.7473532280e-01  1.000000 0.000000 0.000000  0.707107 0.707107 0.000000
2451545.148051  9.7427014977e-01  1.000000 0.000000 0.000000  0.707107 0.707107 0.000000
2451545.148718  9.7608827703e-01  1.000000 0.000000 0.000000  0.707107 0.707107 0.000000
2451545.149385  9.7778092090e-01  1.000000 0.000000 0.000000  0.707107 0.707107 0.000000
2451545.150052  9.8170269160e-01  1.000000 0.000000 0.000000  0.707107 0.707107 0.000000
2451545.150718  9.8407740958e-01  1.000000 0.000000 0.000000  0.707107 0.707107 0.000000
2451545.151385  9.8584067240e-01  1.000000 0.000000 0.000000  0.707107 0.707107 0.000000
2451545.152052  9.9074364586e-01  1.000000 0.000000 0.000000  0.707107 0.707107 0.000000
2451545.152719  9.9534714519e-01  1.000000 0.000000 0.000000  0.707107 0.707107 0.000000
2451545.153386  1.0011882038e+00  1.000000 0.000000 0.000000  0.707107 0.707107 0.000000
2451545.154053  1.0063334376e+00  1.000000 0.000000 0.000000  0.707107 0.707107 0.000000
2451545.154720  1.0092076707e+00  1.000000 0.000000 0.000000  0.707107 0.707107 0.000000
2451545.155387  1.0139012748e+00  1.000000 0.000000 0.000000  0.707107 0.707107 0.000000
2451545.156054  1.0180667569e+00  1.000000 0.000000 0.000000  0.707107 0.707107 0.000000
2451545.156721  1.0219733259e+00  1.000000 0.000000 0.000000  0.707107 0.707107 0.000000
2451545.157387  1.0250813893e+00  1.000000 0.000000 0.000000  0.707107 0.707107 0.000000
2451545.158054  1.0315779190e+00  1.000000 0.000000 0.000000  0.707107 0.707107 0.000000
2451545.158721  1.0358639785e+00  1.000000 0.000000 0.000000  0.707107 0.707107 0.000000
2451545.159388  1.0394779832e+00  1.000000 0.000000 0.000000  0.707107 0.707107 0.000000
2451545.160055  1.0405871569e+00  1.000000 0.000000 0.000000  0.707107 0.707107 0.000000
2451545.160722  1.0433187010e+00  1.000000 0.000000 0.000000  0.707107 0.707107 0.000000
2451545.161389  1.0456041434e+00  1.000000 0.000000 0.000000  0.707107 0.707107 0.000000
2451545.162056  1.0507962261e+00  1.000000 0.000000 0.000000  0.707107 0.707107 0.000000
2451545.162723  1.0512075021e+00  1.000000 0.000000 0.000000  0.707107 0.707107 0.000000
2451545.163389  1.0512889005e+00  1.000000 0.000000 0.000000  0.707107 0.707107 0.000000
2451545.164056  1.0514631676e+00  1.000000 0.000000 0.000000  0.707107 0.707107 0.000000
2451545.164723  1.0525109816e+00  1.000000 0.000000 0.000000  0.707107 0.707107 0.000000
2451545.165390  1.0532504768e+00  1.000000 0.000000 0.000000  0.707107 0.707107 0.000000
2451545.166057  1.0518242779e+00  1.000000 0.000000 0.000000  0.707107 0.707107 0.000000
2451545.166724  1.0505009670e+00  1.000000 0.000000 0.000000  0.707107 0.707107 0.000000
2451545.167391  1.0495886558e+00  1.000000 0.000000 0.000000  0.707107 0.707107 0.000000
2451545.168058  1.0483281557e+00  1.000000 0.000000 0.000000  0.707107 0.707107 0.000000
2451545.168725  1.0463223561e+00  1.000000 0.000000 0.000000  0.707107 0.707107 0.000000
2451545.169392  1.0422914785e+00  1.000000 0.000000 0.000000  0.707107 0.707107 0.000000
2451545.170058  1.0398672857e+00  1.000000 0.000000 0.000000  0.707107 0.707107 0.000000
2451545.170725  1.0385012027e+00  1.000000 0.000000 0.000000  0.707107 0.707107 0.000000
2451545.171392  1.0321061101e+00  1.000000 0.000000 0.000000  0.707107 0.707107 0.000000
2451545.172059  1.0292778968e+00  1.000000 0.000000 0.000000  0.707107 0.707107 0.000000
2451545.172726  1.0273006350e+00  1.000000 0.000000 0.000000  0.707107 0.707107 0.000000
2451545.173393  1.0224958509e+00  1.000000 0.000000 0.000000  0.707107 0.707107 0.000000
2451545.174060  1.0198694752e+00  1.000000 0.000000 0.000000  0.707107 0.707107 0.000000
2451545.174727  1.0160160432e+00  1.000000 0.000000 0.000000  0.707107 0.707107 0.000000
2451545.175394  1.0077464387e+00  1.000000 0.000000 0.000000  0.707107 0.707107 0.000000
2451545.176061  1.0033278477e+00  1.000000 0.000000 0.000000  0.707107 0.707107 0.000000
2451545.176727  9.9910287150e-01  1.000000 0.000000 0.000000  0.707107 0.707107 0.000000
2451545.177394  9.9352874153e-01  1.000000 0.000000 0.000000  0.707107 0.707107 0.000000
2451545.178061  9.9030417758e-01  1.000000 0.000000 0.000000  0.707107 0.707107 0.000000
2451545.178728  9.8752993042e-01  1.000000 0.000000 0.000000  0.707107 0.707107 0.000000
2451545.179395  9.8710469649e-01  1.000000 0.000000 0.000000  0.707107 0.707107 0.000000
2451545.180062  9.8835890856e-01  1.000000 0.000000 0.000000  0.707107 0.707107 0.000000
2451545.180729  9.9001734852e-01  1.000000 0.000000 0.000000  0.707107 0.707107 0.000000
2451545.181396  9.9310730804e-01  1.000000 0.000000 0.000000  0.707107 0.707107 0.000000
2451545.182063  9.9509541831e-01  1.000000 0.000000 0.000000  0.707107 0.707107 0.000000
2451545.182729  9.9737477996e-01  1.000000 0.000000 0.000000  0.707107 0.707107 0.000000
2451545.183396  1.0009867117e+00  1.000000 0.000000 0.000000  0.707107 0.707107 0.000000
2451545.184063  1.0029522958e+00  1.000000 0.000000 0.000000  0.707107 0.707107 0.000000
2451545.184730  1.0038718624e+00  1.000000 0.000000 0.000000  0.707107 0.707107 0.000000
2451545.185397  1.0089236056e+00  1.000000 0.000000 0.000000  0.707107 0.707107 0.000000
2451545.186064  1.0107743475e+00  1.000000 0.000000 0.000000  0.707107 0.707107 0.000000
2451545.186731  1.0135628981e+00  1.000000 0.000000 0.000000  0.707107 0.707107 0.000000
2451545.187398  1.0134068039e+00  1.000000 0.000000 0.000000  0.707107 0.707107 0.000000
2451545.188065  1.0151125765e+00  1.000000 0.000000 0.000000  0.707107 0.707107 0.000000
2451545.188732  1.0160053329e+00  1.000000 0.000000 0.000000  0.707107 0.707107 0.000000
2451545.189398  1.0196697106e+00  1.000000 0.000000 0.000000  0.707107 0.707107 0.000000
2451545.190065  1.0204364307e+00  1.000000 0.000000 0.000000  0.707107 0.707107 0.000000
2451545.190732  1.0212368710e+00  1.000000 0.000000 0.000000  0.707107 0.707107 0.000000
2451545.191399  1.0189677360e+00  1.000000 0.000000 0.000000  0.707107 0.707107 0.000000
2451545.192066  1.0192064032e+00  1.000000 0.000000 0.000000  0.707107 0.707107 0.000000
2451545.192733  1.0196601749e+00  1.000000 0.000000 0.000000  0.707107 0.707107 0.000000
2451545.193400  1.0195914217e+00  1.000000 0.000000 0.000000  0.707107 0.707107 0.000000
2451545.194067  1.0183027984e+00  1.000000 0.000000 0.000000  0.707107 0.707107 0.000000
2451545.194734  1.0168686531e+00  1.000000 0.000000 0.000000  0.707107 0.707107 0.000000
2451545.195400  1.0165724266e+00  1.000000 0.000000 0.000000  0.707107 0.707107 0.000000
2451545.196067  1.0151476787e+00  1.000000 0.000000 0.000000  0.707107 0.707107 0.000000
2451545.196734  1.0121268871e+00  1.000000 0.000000 0.000000  0.707107 0.707107 0.000000
2451545.197401  1.0104810922e+00  1.000000 0.000000 0.000000  0.707107 0.707107 0.000000
2451545.198068  1.0087070500e+00  1.000000 0.000000 0.000000  0.707107 0.707107 0.000000
2451545.198735  1.0050713482e+00  1.000000 0.000000 0.000000  0.707107 0.707107 0.000000
2451545.199402  1.0022412693e+00  1.000000 0.000000 0.000000  0.707107 0.707107 0.000000
2451545.200069  1.0001813654e+00  1.000000 0.000000 0.000000  0.707107 0.707107 0.000000
2451545.200736  9.9646350517e-01  1.000000 0.000000 0.000000  0.707107 0.707107 0.000000
2451545.201403  9.9408560865e-01  1.000000 0.000000 0.000000  0.707107 0.707107 0.000000
2451545.202069  9.8928262113e-01  1.000000 0.000000 0.000000  0.707107 0.707107 0.000000
2451545.202736  9.8273108883e-01  1.000000 0.000000 0.000000  0.707107 0.707107 0.000000
2451545.203403  9.7730496846e-01  1.000000 0.000000 0.000000  0.707107 0.707107 0.000000
2451545.204070  9.7384505404e-01  1.000000 0.000000 0.000000  0.707107 0.707107 0.000000
2451545.204737  9.6916685893e-01  1.000000 0.000000 0.000000  0.707107 0.707107 0.000000
2451545.205404  9.6451754711e-01  1.000000 0.000000 0.000000  0.707107 0.707107 0.000000
2451545.206071  9.5813530684e-01  1.000000 0.000000 0.000000  0.707107 0.707107 0.000000
2451545.206738  9.5125838835e-01  1.000000 0.000000 0.000000  0.707107 0.707107 0.000000
2451545.207405  9.4732742751e-01  1.000000 0.000000 0.000000  0.707107 0.707107 0.000000
2451545.208072  9.4353694451e-01  1.000000 0.000000 0.000000  0.707107 0.707107 0.000000
2451545.208738  9.3581681354e-01  1.000000 0.000000 0.000000  0.707107 0.707107 0.000000
2451545.209405  9.3111602312e-01  1.000000 0.000000 0.000000  0.707107 0.707107 0.000000
2451545.210072  9.2684233230e-01  1.000000 0.000000 0.000000  0.707107 0.707107 0.000000
2451545.210739  9.2129045214e-01  1.000000 0.000000 0.000000  0.707107 0.707107 0.000000
2451545.211406  9.2115667689e-01  1.000000 0.000000 0.000000  0.707107 0.707107 0.000000
2451545.212073  9.2231394336e-01  1.000000 0.000000 0.000000  0.707107 0.707107 0.000000
2451545.212740  9.2956627555e-01  1.000000 0.000000 0.000000  0.707107 0.707107 0.000000
2451545.213407  9.3444810478e-01  1.000000 0.000000 0.000000  0.707107 0.707107 0.000000
2451545.214074  9.3794989306e-01  1.000000 0.000000 0.000000  0.707107 0.707107 0.000000
2451545.214740  9.4261675597e-01  1.000000 0.000000 0.000000  0.707107 0.707107 0.000000
2451545.215407  9.4626150964e-01  1.000000 0.000000 0.000000  0.707107 0.707107 0.000000
2451545.216074  9.5368976734e-01  1.000000 0.000000 0.000000  0.707107 0.707107 0.000000
2451545.216741  9.5846746470e-01  1.000000 0.000000 0.000000  0.707107 0.707107 0.000000
2451545.217408  9.6087963422e-01  1.000000 0.000000 0.000000  0.707107 0.707107 0.000000
2451545.218075  9.6458747508e-01  1.000000 0.000000 0.000000  0.707107 0.707107 0.000000
2451545.218742  9.6805298650e-01  1.000000 0.000000 0.000000  0.707107 0.707107 0.000000
2451545.219409  9.7051235049e-01  1.000000 0.000000 0.000000  0.707107 0.707107 0.000000
2451545.220076  9.7598877478e-01  1.000000 0.000000 0.000000  0.707107 0.707107 0.000000
2451545.220743  9.7870560085e-01  1.000000 0.000000 0.000000  0.707107 0.707107 0.000000
2451545.221409  9.8167152804e-01  1.000000 0.000000 0.000000  0.707107 0.707107 0.000000
2451545.222076  9.8365784175e-01  1.000000 0.000000 0.000000  0.707107 0.707107 0.000000
2451545.222743  9.8618678822e-01  1.000000 0.000000 0.000000  0.707107 0.707107 0.000000
2451545.223410  9.8883057687e-01  1.000000 0.000000 0.000000  0.707107 0.707107 0.000000
2451545.224077  9.8962583480e-01  1.000000 0.000000 0.000000  0.707107 0.707107 0.000000
2451545.224744  9.9081896354e-01  1.000000 0.000000 0.000000  0.707107 0.707107 0.000000
2451545.225411  9.9297145982e-01  1.000000 0.000000 0.000000  0.707107 0.707107 0.000000
2451545.226078  9.9411545932e-01  1.000000 0.000000 0.000000  0.707107 0.707107 0.000000
2451545.226745  9.9615408081e-01  1.000000 0.000000 0.000000  0.707107 0.707107 0.000000
2451545.227411  9.9552355439e-01  1.000000 0.000000 0.000000  0.707107 0.707107 0.000000
2451545.228078  9.9848892879e-01  1.000000 0.000000 0.000000  0.707107 0.707107 0.000000
2451545.228745  9.9922621284e-01  1.000000 0.000000 0.000000  0.707107 0.707107 0.000000
2451545.229412  9.9979600143e-01  1.000000 0.000000 0.000000  0.707107 0.707107 0.000000
2451545.230079  9.9907972341e-01  1.000000 0.000000 0.000000  0.707107 0.707107 0.000000
2451545.230746  9.9822586971e-01  1.000000 0.000000 0.000000  0.707107 0.707107 0.000000
2451545.231413  9.9963617593e-01  1.000000 0.000000 0.000000  0.707107 0.707107 0.000000
2451545.232080  1.0010685938e+00  1.000000 0.000000 0.000000  0.707107 0.707107 0.000000
2451545.232747  1.0013302709e+00  1.000000 0.000000 0.000000  0.707107 0.707107 0.000000
2451545.233414  1.0006758363e+00  1.000000 0.000000 0.000000  0.707107 0.707107 0.000000
2451545.234080  9.9908407663e-01  1.000000 0.000000 0.000000  0.707107 0.707107 0.000000
2451545.234747  9.9859119499e-01  1.000000 0.000000 0.000000  0.707107 0.707107 0.000000
2451545.235414  9.9805761417e-01  1.000000 0.000000 0.000000  0.707107 0.707107 0.000000
2451545.236081  9.9814288207e-01  1.000000 0.000000 0.000000  0.707107 0.707107 0.000000
2451545.236748  9.9815366148e-01  1.000000 0.000000 0.000000  0.707107 0.707107 0.000000
2451545.237415  9.9923823603e-01  1.000000 0.000000 0.000000  0.707107 0.707107 0.000000
2451545.238082  9.9951463117e-01  1.000000 0.000000 0.000000  0.707107 0.707107 0.000000
2451545.238749  1.0004717185e+00  1.000000 0.000000 0.000000  0.707107 0.707107 0.000000
2451545.239416  1.0019513308e+00  1.000000 0.000000 0.000000  0.707107 0.707107 0.000000
360  1
2451545.000000  9.7819055918e-01  1.000000 0.000000 0.000000  0.707107 0.707107 0.000000
2451545.000667  9.8231588585e-01  1.000000 0.000000 0.000000  0.707107 0.707107 0.000000
2451545.001334  9.8437461576e-01  1.000000 0.000000 0.000000  0.707107 0.707107 0.000000
2451545.002001  9.8513743397e-01  1.000000 0.000000 0.000000  0.707107 0.707107 0.000000
2451545.002668  9.8919427292e-01  1.000000 0.000000 0.000000  0.707107 0.707107 0.000000
2451545.003334  9.9268113020e-01  1.000000 0.000000 0.000000  0.707107 0.707107 0.000000
2451545.004001  9.9999556449e-01  1.000000 0.000000 0.000000  0.707107 0.707107 0.000000
2451545.004668  1.0038691526e+00  1.000000 0.000000 0.000000  0.707107 0.707107 0.000000
2451545.005335  1.0070405433e+00  1.000000 0.000000 0.000000  0.707107 0.707107 0.000000
2451545.006002  1.0109300633e+00  1.000000 0.000000 0.000000  0.707107 0.707107 0.000000
2451545.006669  1.0152479621e+00  1.000000 0.000000 0.000000  0.707107 0.707107 0.000000
2451545.007336  1.0188828348e+00  1.000000 0.000000 0.000000  0.707107 0.707107 0.000000
2451545.008003  1.0250270945e+00  1.000000 0.000000 0.000000  0.707107 0.707107 0.000000
2451545.008670  1.0276291646e+00  1.000000 0.000000 0.000000  0.707107 0.707107 0.000000
2451545.009337  1.0307614195e+00  1.000000 0.000000 0.000000  0.707107 0.707107 0.000000
2451545.010003  1.0380944301e+00  1.000000 0.000000 0.000000  0.707107 0.707107 0.000000
2451545.010670  1.0396715645e+00  1.000000 0.000000 0.000000  0.707107 0.707107 0.000000
2451545.011337  1.0424261454e+00  1.000000 0.000000 0.000000  0.707107 0.707107 0.000000
2451545.012004  1.0439995116e+00  1.000000 0.000000 0.000000  0.707107 0.707107 0.000000
2451545.012671  1.0444551929e+00  1.000000 0.000000 0.000000  0.707107 0.707107 0.000000
2451545.013338  1.0474036680e+00  1.000000 0.000000 0.000000  0.707107 0.707107 0.000000
2451545.014005  1.0496770501e+00  1.000000 0.000000 0.000000  0.707107 0.707107 0.000000
2451545.014672  1.0473027875e+00  1.000000 0.000000 0.000000  0.707107 0.707107 0.000000
2451545.015339  1.0494791232e+00  1.000000 0.000000 0.000000  0.707107 0.707107 0.000000
2451545.016006  1.0514776950e+00  1.000000 0.000000 0.000000  0.707107 0.707107 0.000000
2451545.016672  1.0520988442e+00  1.000000 0.000000 0.000000  0.707107 0.707107 0.000000
2451545.017339  1.0519851387e+00  1.000000 0.000000 0.000000  0.707107 0.707107 0.000000
2451545.018006  1.0482803900e+00  1.000000 0.000000 0.000000  0.707107 0.707107 0.000000
2451545.018673  1.0488061456e+00  1.000000 0.000000 0.000000  0.707107 0.707107 0.000000
2451545.019340  1.0465499516e+00  1.000000 0.000000 0.000000  0.707107 0.707107 0.000000
2451545.020007  1.0461953492e+00  1.000000 0.000000 0.000000  0.707107 0.707107 0.000000
2451545.020674  1.0442038509e+00  1.000000 0.000000 0.000000  0.707107 0.707107 0.000000
2451545.021341  1.0413876576e+00  1.000000 0.000000 0.000000  0.707107 0.707107 0.000000
2451545.022008  1.0389302313e+00  1.000000 0.000000 0.000000  0.707107 0.707107 0.000000
2451545.022674  1.0356282776e+00  1.000000 0.000000 0.000000  0.707107 0.707107 0.000000
2451545.023341  1.0341435620e+00  1.000000 0.000000 0.000000  0.707107 0.707107 0.000000
2451545.024008  1.0279602987e+00  1.000000 0.000000 0.000000  0.707107 0.707107 0.000000
2451545.024675  1.0247291465e+00  1.000000 0.000000 0.000000  0.707107 0.707107 0.000000
2451545.025342  1.0207726592e+00  1.000000 0.000000 0.000000  0.707107 0.707107 0.000000
2451545.026009  1.0167657317e+00  1.000000 0.000000 0.000000  0.707107 0.707107 0.000000
2451545.026676  1.0136549618e+00  1.000000 0.000000 0.000000  0.707107 0.707107 0.000000
2451545.027343  1.0076821197e+00  1.000000 0.000000 0.000000  0.707107 0.707107 0.000000
2451545.028010  1.0054474769e+00  1.000000 0.000000 0.000000  0.707107 0.707107 0.000000
2451545.028677  1.0028920789e+00  1.000000 0.000000 0.000000  0.707107 0.707107 0.000000
2451545.029343  9.9754613733e-01  1.000000 0.000000 0.000000  0.707107 0.707107 0.000000
2451545.030010  9.9656701432e-01  1.000000 0.000000 0.000000  0.707107 0.707107 0.000000
2451545.030677  9.9520558975e-01  1.000000 0.000000 0.000000  0.707107 0.707107 0.000000
2451545.031344  9.9553427786e-01  1.000000 0.000000 0.000000  0.707107 0.707107 0.000000
2451545.032011  9.9489574237e-01  1.000000 0.000000 0.000000  0.707107 0.707107 0.000000
2451545.032678  9.9486520055e-01  1.000000 0.000000 0.000000  0.707107 0.707107 0.000000
2451545.033345  9.9220667433e-01  1.000000 0.000000 0.000000  0.707107 0.707107 0.000000
2451545.034012  9.9218347049e-01  1.000000 0.000000 0.000000  0.707107 0.707107 0.000000
2451545.034679  9.9233399801e-01  1.000000 0.000000 0.000000  0.707107 0.707107 0.000000
2451545.035345  9.9500382867e-01  1.000000 0.000000 0.000000  0.707107 0.707107 0.000000
2451545.036012  9.9318764836e-01  1.000000 0.000000 0.000000  0.707107 0.707107 0.000000
2451545.036679  9.9386551801e-01  1.000000 0.000000 0.000000  0.707107 0.707107 0.000000
2451545.037346  9.9698170871e-01  1.000000 0.000000 0.000000  0.707107 0.707107 0.000000
2451545.038013  9.9742469725e-01  1.000000 0.000000 0.000000  0.707107 0.707107 0.000000
2451545.038680  9.9600179241e-01  1.000000 0.000000 0.000000  0.707107 0.707107 0.000000
2451545.039347  9.9621353577e-01  1.000000 0.000000 0.000000  0.707107 0.707107 0.000000
2451545.040014  9.9534084636e-01  1.000000 0.000000 0.000000  0.707107 0.707107 0.000000
2451545.040681  9.9663927017e-01  1.000000 0.000000 0.000000  0.707107 0.707107 0.000000
2451545.041348  9.9731694150e-01  1.000000 0.000000 0.000000  0.707107 0.707107 0.000000
2451545.042014  9.9767524591e-01  1.000000 0.000000 0.000000  0.707107 0.707107 0.000000
2451545.042681  9.9711941131e-01  1.000000 0.000000 0.000000  0.707107 0.707107 0.000000
2451545.043348  9.9536286027e-01  1.000000 0.000000 0.000000  0.707107 0.707107 0.000000
2451545.044015  9.9558802352e-01  1.000000 0.000000 0.000000  0.707107 0.707107 0.000000
2451545.044682  9.9396375424e-01  1.000000 0.000000 0.000000  0.707107 0.707107 0.000000
2451545.045349  9.8956930262e-01  1.000000 0.000000 0.000000  0.707107 0.707107 0.000000
2451545.046016  9.8769164204e-01  1.000000 0.000000 0.000000  0.707107 0.707107 0.000000
2451545.046683  9.8523401750e-01  1.000000 0.000000 0.000000  0.707107 0.707107 0.000000
2451545.047350  9.8573947794e-01  1.000000 0.000000 0.000000  0.707107 0.707107 0.000000
2451545.048017  9.8361371469e-01  1.000000 0.000000 0.000000  0.707107 0.707107 0.000000
2451545.048683  9.7923711218e-01  1.000000 0.000000 0.000000  0.707107 0.707107 0.000000
2451545.049350  9.7673281552e-01  1.000000 0.000000 0.000000  0.707107 0.707107 0.000000
2451545.050017  9.7293049169e-01  1.000000 0.000000 0.000000  0.707107 0.707107 0.000000
2451545.050684  9.7070160023e-01  1.000000 0.000000 0.000000  0.707107 0.707107 0.000000
2451545.051351  9.6851012580e-01  1.000000 0.000000 0.000000  0.707107 0.707107 0.000000
2451545.052018  9.6555080897e-01  1.000000 0.000000 0.000000  0.707107 0.707107 0.000000
2451545.052685  9.6251011341e-01  1.000000 0.000000 0.000000  0.707107 0.707107 0.000000
2451545.053352  9.5865794428e-01  1.000000 0.000000 0.000000  0.707107 0.707107 0.000000
2451545.054019  9.5495788927e-01  1.000000 0.000000 0.000000  0.707107 0.707107 0.000000
2451545.054685  9.4909981038e-01  1.000000 0.000000 0.000000  0.707107 0.707107 0.000000
2451545.055352  9.4600682353e-01  1.000000 0.000000 0.000000  0.707107 0.707107 0.000000
2451545.056019  9.4190827053e-01  1.000000 0.000000 0.000000  0.707107 0.707107 0.000000
2451545.056686  9.3691270045e-01  1.000000 0.000000 0.000000  0.707107 0.707107 0.000000
2451545.057353  9.3297075690e-01  1.000000 0.000000 0.000000  0.707107 0.707107 0.000000
2451545.058020  9.3054195537e-01  1.000000 0.000000 0.000000  0.707107 0.707107 0.000000
2451545.058687  9.2936470721e-01  1.000000 0.000000 0.000000  0.707107 0.707107 0.000000
2451545.059354  9.2839926852e-01  1.000000 0.000000 0.000000  0.707107 0.707107 0.000000
2451545.060021  9.2691190854e-01  1.000000 0.000000 0.000000  0.707107 0.707107 0.000000
2451545.060688  9.2974191846e-01  1.000000 0.000000 0.000000  0.707107 0.707107 0.000000
2451545.061354  9.3462232871e-01  1.000000 0.000000 0.000000  0.707107 0.707107 0.000000
2451545.062021  9.3828238850e-01  1.000000 0.000000 0.000000  0.707107 0.707107 0.000000
2451545.062688  9.4887451491e-01  1.000000 0.000000 0.000000  0.707107 0.707107 0.000000
2451545.063355  9.5305173621e-01  1.000000 0.000000 0.000000  0.707107 0.707107 0.000000
2451545.064022  9.5812471856e-01  1.000000 0.000000 0.000000  0.707107 0.707107 0.000000
2451545.064689  9.6851924868e-01  1.000000 0.000000 0.000000  0.707107 0.707107 0.000000
2451545.065356  9.7330486031e-01  1.000000 0.000000 0.000000  0.707107 0.707107 0.000000
2451545.066023  9.7811374189e-01  1.000000 0.000000 0.000000  0.707107 0.707107 0.000000
2451545.066690  9.8329196790e-01  1.000000 0.000000 0.000000  0.707107 0.707107 0.000000
2451545.067356  9.8792731644e-01  1.000000 0.000000 0.000000  0.707107 0.707107 0.000000
2451545.068023  9.9288930374e-01  1.000000 0.000000 0.000000  0.707107 0.707107 0.000000
2451545.068690  9.9915811056e-01  1.000000 0.000000 0.000000  0.707107 0.707107 0.000000
2451545.069357  1.0021337560e+00  1.000000 0.000000 0.000000  0.707107 0.707107 0.000000
2451545.070024  1.0072231992e+00  1.000000 0.000000 0.000000  0.707107 0.707107 0.000000
2451545.070691  1.0076227549e+00  1.000000 0.000000 0.000000  0.707107 0.707107 0.000000
2451545.071358  1.0121736177e+00  1.000000 0.000000 0.000000  0.707107 0.707107 0.000000
2451545.072025  1.0149294546e+00  1.000000 0.000000 0.000000  0.707107 0.707107 0.000000
2451545.072692  1.0160226797e+00  1.000000 0.000000 0.000000  0.707107 0.707107 0.000000
2451545.073359  1.0185909026e+00  1.000000 0.000000 0.000000  0.707107 0.707107 0.000000
2451545.074025  1.0227164276e+00  1.000000 0.000000 0.000000  0.707107 0.707107 0.000000
2451545.074692  1.0237048718e+00  1.000000 0.000000 0.000000  0.707107 0.707107 0.000000
2451545.075359  1.0246249606e+00  1.000000 0.000000 0.000000  0.707107 0.707107 0.000000
2451545.076026  1.0232314076e+00  1.000000 0.000000 0.000000  0.707107 0.707107 0.000000
2451545.076693  1.0233683169e+00  1.000000 0.000000 0.000000  0.707107 0.707107 0.000000
2451545.077360  1.0228932661e+00  1.000000 0.000000 0.000000  0.707107 0.707107 0.000000
2451545.078027  1.0249074393e+00  1.000000 0.000000 0.000000  0.707107 0.707107 0.000000
2451545.078694  1.0219507007e+00  1.000000 0.000000 0.000000  0.707107 0.707107 0.000000
2451545.079361  1.0228239189e+00  1.000000 0.000000 0.000000  0.707107 0.707107 0.000000
2451545.080028  1.0221302495e+00  1.000000 0.000000 0.000000  0.707107 0.707107 0.000000
2451545.080694  1.0208627642e+00  1.000000 0.000000 0.000000  0.707107 0.707107 0.000000
2451545.081361  1.0184185595e+00  1.000000 0.000000 0.000000  0.707107 0.707107 0.000000
2451545.082028  1.0160778797e+00  1.000000 0.000000 0.000000  0.707107 0.707107 0.000000
2451545.082695  1.0144631300e+00  1.000000 0.000000 0.000000  0.707107 0.707107 0.000000
2451545.083362  1.0115357432e+00  1.000000 0.000000 0.000000  0.707107 0.707107 0.000000
2451545.084029  1.0087169716e+00  1.000000 0.000000 0.000000  0.707107 0.707107 0.000000
2451545.084696  1.0069120297e+00  1.000000 0.000000 0.000000  0.707107 0.707107 0.000000
2451545.085363  1.0046185509e+00  1.000000 0.000000 0.000000  0.707107 0.707107 0.000000
2451545.086030  1.0010795345e+00  1.000000 0.000000 0.000000  0.707107 0.707107 0.000000
2451545.086696  9.9865721156e-01  1.000000 0.000000 0.000000  0.707107 0.707107 0.000000
2451545.087363  9.9520869682e-01  1.000000 0.000000 0.000000  0.707107 0.707107 0.000000
2451545.088030  9.8927142075e-01  1.000000 0.000000 0.000000  0.707107 0.707107 0.000000
2451545.088697  9.8594520549e-01  1.000000 0.000000 0.000000  0.707107 0.707107 0.000000
2451545.089364  9.8387424563e-01  1.000000 0.000000 0.000000  0.707107 0.707107 0.000000
2451545.090031  9.8136657747e-01  1.000000 0.000000 0.000000  0.707107 0.707107 0.000000
2451545.090698  9.7826380666e-01  1.000000 0.000000 0.000000  0.707107 0.707107 0.000000
2451545.091365  9.7709316927e-01  1.000000 0.000000 0.000000  0.707107 0.707107 0.000000
2451545.092032  9.8486229319e-01  1.000000 0.000000 0.000000  0.707107 0.707107 0.000000
2451545.092699  9.9150652635e-01  1.000000 0.000000 0.000000  0.707107 0.707107 0.000000
2451545.093365  9.9582449122e-01  1.000000 0.000000 0.000000  0.707107 0.707107 0.000000
2451545.094032  1.0031886386e+00  1.000000 0.000000 0.000000  0.707107 0.707107 0.000000
2451545.094699  1.0063257194e+00  1.000000 0.000000 0.000000  0.707107 0.707107 0.000000
2451545.095366  1.0113403285e+00  1.000000 0.000000 0.000000  0.707107 0.707107 0.000000
2451545.096033  1.0205986634e+00  1.000000 0.000000 0.000000  0.707107 0.707107 0.000000
2451545.096700  1.0259385892e+00  1.000000 0.000000 0.000000  0.707107 0.707107 0.000000
2451545.097367  1.0302010896e+00  1.000000 0.000000 0.000000  0.707107 0.707107 0.000000
2451545.098034  1.0350877140e+00  1.000000 0.000000 0.000000  0.707107 0.707107 0.000000
2451545.098701  1.0390266165e+00  1.000000 0.000000 0.000000  0.707107 0.707107 0.000000
2451545.099367  1.0416879193e+00  1.000000 0.000000 0.000000  0.707107 0.707107 0.000000
2451545.100034  1.0454373569e+00  1.000000 0.000000 0.000000  0.707107 0.707107 0.000000
2451545.100701  1.0478901555e+00  1.000000 0.000000 0.000000  0.707107 0.707107 0.000000
2451545.101368  1.0524680564e+00  1.000000 0.000000 0.000000  0.707107 0.707107 0.000000
2451545.102035  1.0535624053e+00  1.000000 0.000000 0.000000  0.707107 0.707107 0.000000
2451545.102702  1.0555521848e+00  1.000000 0.000000 0.000000  0.707107 0.707107 0.000000
2451545.103369  1.0541225369e+00  1.000000 0.000000 0.000000  0.707107 0.707107 0.000000
2451545.104036  1.0543688547e+00  1.000000 0.000000 0.000000  0.707107 0.707107 0.000000
2451545.104703  1.0558904585e+00  1.000000 0.000000 0.000000  0.707107 0.707107 0.000000
2451545.105370  1.0555931716e+00  1.000000 0.000000 0.000000  0.707107 0.707107 0.000000
2451545.106036  1.0568228433e+00  1.000000 0.000000 0.000000  0.707107 0.707107 0.000000
2451545.106703  1.0555863625e+00  1.000000 0.000000 0.000000  0.707107 0.707107 0.000000
2451545.107370  1.0555074298e+00  1.000000 0.000000 0.000000  0.707107 0.707107 0.000000
2451545.108037  1.0558568757e+00  1.000000 0.000000 0.000000  0.707107 0.707107 0.000000
2451545.108704  1.0527639550e+00  1.000000 0.000000 0.000000  0.707107 0.707107 0.000000
2451545.109371  1.0493374542e+00  1.000000 0.000000 0.000000  0.707107 0.707107 0.000000
2451545.110038  1.0467892619e+00  1.000000 0.000000 0.000000  0.707107 0.707107 0.000000
2451545.110705  1.0448526993e+00  1.000000 0.000000 0.000000  0.707107 0.707107 0.000000
2451545.111372  1.0415682641e+00  1.000000 0.000000 0.000000  0.707107 0.707107 0.000000
2451545.112039  1.0379286317e+00  1.000000 0.000000 0.000000  0.707107 0.707107 0.000000
2451545.112705  1.0352636930e+00  1.000000 0.000000 0.000000  0.707107 0.707107 0.000000
2451545.113372  1.0319326519e+00  1.000000 0.000000 0.000000  0.707107 0.707107 0.000000
2451545.114039  1.0299507392e+00  1.000000 0.000000 0.000000  0.707107 0.707107 0.000000
2451545.114706  1.0270767676e+00  1.000000 0.000000 0.000000  0.707107 0.707107 0.000000
2451545.115373  1.0182414567e+00  1.000000 0.000000 0.000000  0.707107 0.707107 0.000000
2451545.116040  1.0148692304e+00  1.000000 0.000000 0.000000  0.707107 0.707107 0.000000
2451545.116707  1.0117943571e+00  1.000000 0.000000 0.000000  0.707107 0.707107 0.000000
2451545.117374  1.0088550709e+00  1.000000 0.000000 0.000000  0.707107 0.707107 0.000000
2451545.118041  1.0050141401e+00  1.000000 0.000000 0.000000  0.707107 0.707107 0.000000
2451545.118707  1.0006099706e+00  1.000000 0.000000 0.000000  0.707107 0.707107 0.000000
2451545.119374  9.9657309624e-01  1.000000 0.000000 0.000000  0.707107 0.707107 0.000000
2451545.120041  9.9492178885e-01  1.000000 0.000000 0.000000  0.707107 0.707107 0.000000
2451545.120708  9.8857424762e-01  1.000000 0.000000 0.000000  0.707107 0.707107 0.000000
2451545.121375  9.8553903901e-01  1.000000 0.000000 0.000000  0.707107 0.707107 0.000000
2451545.122042  9.8309185951e-01  1.000000 0.000000 0.000000  0.707107 0.707107 0.000000
2451545.122709  9.8336508315e-01  1.000000 0.000000 0.000000  0.707107 0.707107 0.000000
2451545.123376  9.8308491819e-01  1.000000 0.000000 0.000000  0.707107 0.707107 0.000000
2451545.124043  9.8254818875e-01  1.000000 0.000000 0.000000  0.707107 0.707107 0.000000
2451545.124710  9.8159808707e-01  1.000000 0.000000 0.000000  0.707107 0.707107 0.000000
2451545.125376  9.8226240462e-01  1.000000 0.000000 0.000000  0.707107 0.707107 0.000000
2451545.126043  9.8195493712e-01  1.000000 0.000000 0.000000  0.707107 0.707107 0.000000
2451545.126710  9.8434658604e-01  1.000000 0.000000 0.000000  0.707107 0.707107 0.000000
2451545.127377  9.8542308588e-01  1.000000 0.000000 0.000000  0.707107 0.707107 0.000000
2451545.128044  9.8607775168e-01  1.000000 0.000000 0.000000  0.707107 0.707107 0.000000
2451545.128711  9.8971090558e-01  1.000000 0.000000 0.000000  0.707107 0.707107 0.000000
2451545.129378  9.8999060779e-01  1.000000 0.000000 0.000000  0.707107 0.707107 0.000000
2451545.130045  9.9212674997e-01  1.000000 0.000000 0.000000  0.707107 0.707107 0.000000
2451545.130712  9.9115674984e-01  1.000000 0.000000 0.000000  0.707107 0.707107 0.000000
2451545.131378  9.9157706340e-01  1.000000 0.000000 0.000000  0.707107 0.707107 0.000000
2451545.132045  9.9150381593e-01  1.000000 0.000000 0.000000  0.707107 0.707107 0.000000
2451545.132712  9.9373039361e-01  1.000000 0.000000 0.000000  0.707107 0.707107 0.000000
2451545.133379  9.9303037785e-01  1.000000 0.000000 0.000000  0.707107 0.707107 0.000000
2451545.134046  9.9298159027e-01  1.000000 0.000000 0.000000  0.707107 0.707107 0.000000
2451545.134713  9.9328066207e-01  1.000000 0.000000 0.000000  0.707107 0.707107 0.000000
2451545.135380  9.9461914723e-01  1.000000 0.000000 0.000000  0.707107 0.707107 0.000000
2451545.136047  9.9424570412e-01  1.000000 0.000000 0.000000  0.707107 0.707107 0.000000
2451545.136714  9.9218175168e-01  1.000000 0.000000 0.000000  0.707107 0.707107 0.000000
2451545.137381  9.9033840106e-01  1.000000 0.000000 0.000000  0.707107 0.707107 0.000000
2451545.138047  9.9019488097e-01  1.000000 0.000000 0.000000  0.707107 0.707107 0.000000
2451545.138714  9.8977820335e-01  1.000000 0.000000 0.000000  0.707107 0.707107 0.000000
2451545.139381  9.8814534005e-01  1.000000 0.000000 0.000000  0.707107 0.707107 0.000000
2451545.140048  9.8743507757e-01  1.000000 0.000000 0.000000  0.707107 0.707107 0.000000
2451545.140715  9.8552700738e-01  1.000000 0.000000 0.000000  0.707107 0.707107 0.000000
2451545.141382  9.8581047774e-01  1.000000 0.000000 0.000000  0.707107 0.707107 0.000000
2451545.142049  9.8527394663e-01  1.000000 0.000000 0.000000  0.707107 0.707107 0.000000
2451545.142716  9.8063489605e-01  1.000000 0.000000 0.000000  0.707107 0.707107 0.000000
2451545.143383  9.7931935031e-01  1.000000 0.000000 0.000000  0.707107 0.707107 0.000000
2451545.144050  9.8051960400e-01  1.000000 0.000000 0.000000  0.707107 0.707107 0.000000
2451545.144716  9.7956665969e-01  1.000000 0.000000 0.000000  0.707107 0.707107 0.000000
2451545.145383  9.7857933931e-01  1.000000 0.000000 0.000000  0.707107 0.707107 0.000000
2451545.146050  9.7532511547e-01  1.000000 0.000000 0.000000  0.707107 0.707107 0.000000
2451545.146717  9.7590104685e-01  1.000000 0.000000 0.000000  0.707107 0.707107 0.000000
2451545.147384  9.7596847683e-01  1.000000 0.000000 0.000000  0.707107 0.707107 0.000000
2451545.148051  9.7688096315e-01  1.000000 0.000000 0.000000  0.707107 0.707107 0.000000
2451545.148718  9.7766235766e-01  1.000000 0.000000 0.000000  0.707107 0.707107 0.000000
2451545.149385  9.7955667741e-01  1.000000 0.000000 0.000000  0.707107 0.707107 0.000000
2451545.150052  9.8318117118e-01  1.000000 0.000000 0.000000  0.707107 0.707107 0.000000
2451545.150718  9.8612006069e-01  1.000000 0.000000 0.000000  0.707107 0.707107 0.000000
2451545.151385  9.8891404185e-01  1.000000 0.000000 0.000000  0.707107 0.707107 0.000000
2451545.152052  9.9136095692e-01  1.000000 0.000000 0.000000  0.707107 0.707107 0.000000
2451545.152719  9.9446875192e-01  1.000000 0.000000 0.000000  0.707107 0.707107 0.000000
2451545.153386  9.9787707310e-01  1.000000 0.000000 0.000000  0.707107 0.707107 0.000000
2451545.154053  1.0049800946e+00  1.000000 0.000000 0.000000  0.707107 0.707107 0.000000
2451545.154720  1.0073864855e+00  1.000000 0.000000 0.000000  0.707107 0.707107 0.000000
2451545.155387  1.0115462544e+00  1.000000 0.000000 0.000000  0.707107 0.707107 0.000000
2451545.156054  1.0182070806e+00  1.000000 0.000000 0.000000  0.707107 0.707107 0.000000
2451545.156721  1.0220316167e+00  1.000000 0.000000 0.000000  0.707107 0.707107 0.000000
2451545.157387  1.0261650085e+00  1.000000 0.000000 0.000000  0.707107 0.707107 0.000000
2451545.158054  1.0280161598e+00  1.000000 0.000000 0.000000  0.707107 0.707107 0.000000
2451545.158721  1.0307451570e+00  1.000000 0.000000 0.000000  0.707107 0.707107 0.000000
2451545.159388  1.0338063460e+00  1.000000 0.000000 0.000000  0.707107 0.707107 0.000000
2451545.160055  1.0402043275e+00  1.000000 0.000000 0.000000  0.707107 0.707107 0.000000
2451545.160722  1.0433418049e+00  1.000000 0.000000 0.000000  0.707107 0.707107 0.000000
2451545.161389  1.0455695725e+00  1.000000 0.000000 0.000000  0.707107 0.707107 0.000000
2451545.162056  1.0484204064e+00  1.000000 0.000000 0.000000  0.707107 0.707107 0.000000
2451545.162723  1.0493170930e+00  1.000000 0.000000 0.000000  0.707107 0.707107 0.000000
2451545.163389  1.0501474072e+00  1.000000 0.000000 0.000000  0.707107 0.707107 0.000000
2451545.164056  1.0499962848e+00  1.000000 0.000000 0.000000  0.707107 0.707107 0.000000
2451545.164723  1.0501638681e+00  1.000000 0.000000 0.000000  0.707107 0.707107 0.000000
2451545.165390  1.0505059761e+00  1.000000 0.000000 0.000000  0.707107 0.707107 0.000000
2451545.166057  1.0520114496e+00  1.000000 0.000000 0.000000  0.707107 0.707107 0.000000
2451545.166724  1.0502175476e+00  1.000000 0.000000 0.000000  0.707107 0.707107 0.000000
2451545.167391  1.0507591030e+00  1.000000 0.000000 0.000000  0.707107 0.707107 0.000000
2451545.168058  1.0460967824e+00  1.000000 0.000000 0.000000  0.707107 0.707107 0.000000
2451545.168725  1.0450495684e+00  1.000000 0.000000 0.000000  0.707107 0.707107 0.000000
2451545.169392  1.0413322592e+00  1.000000 0.000000 0.000000  0.707107 0.707107 0.000000
2451545.170058  1.0384153836e+00  1.000000 0.000000 0.000000  0.707107 0.707107 0.000000
2451545.170725  1.0367332700e+00  1.000000 0.000000 0.000000  0.707107 0.707107 0.000000
2451545.171392  1.0349260803e+00  1.000000 0.000000 0.000000  0.707107 0.707107 0.000000
2451545.172059  1.0317882724e+00  1.000000 0.000000 0.000000  0.707107 0.707107 0.000000
2451545.172726  1.0285994953e+00  1.000000 0.000000 0.000000  0.707107 0.707107 0.000000
2451545.173393  1.0208838526e+00  1.000000 0.000000 0.000000  0.707107 0.707107 0.000000
2451545.174060  1.0177048594e+00  1.000000 0.000000 0.000000  0.707107 0.707107 0.000000
2451545.174727  1.0141881214e+00  1.000000 0.000000 0.000000  0.707107 0.707107 0.000000
2451545.175394  1.0104346513e+00  1.000000 0.000000 0.000000  0.707107 0.707107 0.000000
2451545.176061  1.0048506554e+00  1.000000 0.000000 0.000000  0.707107 0.707107 0.000000
2451545.176727  9.9997678987e-01  1.000000 0.000000 0.000000  0.707107 0.707107 0.000000
2451545.177394  9.9400566660e-01  1.000000 0.000000 0.000000  0.707107 0.707107 0.000000
2451545.178061  9.9011046128e-01  1.000000 0.000000 0.000000  0.707107 0.707107 0.000000
2451545.178728  9.8681366400e-01  1.000000 0.000000 0.000000  0.707107 0.707107 0.000000
2451545.179395  9.7990923044e-01  1.000000 0.000000 0.000000  0.707107 0.707107 0.000000
2451545.180062  9.7637669266e-01  1.000000 0.000000 0.000000  0.707107 0.707107 0.000000
2451545.180729  9.7719233101e-01  1.000000 0.000000 0.000000  0.707107 0.707107 0.000000
2451545.181396  9.8309523101e-01  1.000000 0.000000 0.000000  0.707107 0.707107 0.000000
2451545.182063  9.8458404536e-01  1.000000 0.000000 0.000000  0.707107 0.707107 0.000000
2451545.182729  9.8605996868e-01  1.000000 0.000000 0.000000  0.707107 0.707107 0.000000
2451545.183396  9.9048159062e-01  1.000000 0.000000 0.000000  0.707107 0.707107 0.000000
2451545.184063  9.9310904616e-01  1.000000 0.000000 0.000000  0.707107 0.707107 0.000000
2451545.184730  9.9625544813e-01  1.000000 0.000000 0.000000  0.707107 0.707107 0.000000
2451545.185397  9.9764034098e-01  1.000000 0.000000 0.000000  0.707107 0.707107 0.000000
2451545.186064  9.9966647974e-01  1.000000 0.000000 0.000000  0.707107 0.707107 0.000000
2451545.186731  1.0031340996e+00  1.000000 0.000000 0.000000  0.707107 0.707107 0.000000
2451545.187398  1.0057587125e+00  1.000000 0.000000 0.000000  0.707107 0.707107 0.000000
2451545.188065  1.0080881540e+00  1.000000 0.000000 0.000000  0.707107 0.707107 0.000000
2451545.188732  1.0097100434e+00  1.000000 0.000000 0.000000  0.707107 0.707107 0.000000
2451545.189398  1.0098240794e+00  1.000000 0.000000 0.000000  0.707107 0.707107 0.000000
2451545.190065  1.0100968403e+00  1.000000 0.000000 0.000000  0.707107 0.707107 0.000000
2451545.190732  1.0133648807e+00  1.000000 0.000000 0.000000  0.707107 0.707107 0.000000
2451545.191399  1.0136273949e+00  1.000000 0.000000 0.000000  0.707107 0.707107 0.000000
2451545.192066  1.0128991510e+00  1.000000 0.000000 0.000000  0.707107 0.707107 0.000000
2451545.192733  1.0139784935e+00  1.000000 0.000000 0.000000  0.707107 0.707107 0.000000
2451545.193400  1.0141425070e+00  1.000000 0.000000 0.000000  0.707107 0.707107 0.000000
2451545.194067  1.0134695294e+00  1.000000 0.000000 0.000000  0.707107 0.707107 0.000000
2451545.194734  1.0108715579e+00  1.000000 0.000000 0.000000  0.707107 0.707107 0.000000
2451545.195400  1.0111570776e+00  1.000000 0.000000 0.000000  0.707107 0.707107 0.000000
2451545.196067  1.0097428990e+00  1.000000 0.000000 0.000000  0.707107 0.707107 0.000000
2451545.196734  1.0086237596e+00  1.000000 0.000000 0.000000  0.707107 0.707107 0.000000
2451545.197401  1.0047311325e+00  1.000000 0.000000 0.000000  0.707107 0.707107 0.000000
2451545.198068  1.0032107186e+00  1.000000 0.000000 0.000000  0.707107 0.707107 0.000000
2451545.198735  1.0021189479e+00  1.000000 0.000000 0.000000  0.707107 0.707107 0.000000
2451545.199402  9.9963084762e-01  1.000000 0.000000 0.000000  0.707107 0.707107 0.000000
2451545.200069  9.9653719969e-01  1.000000 0.000000 0.000000  0.707107 0.707107 0.000000
2451545.200736  9.9143268391e-01  1.000000 0.000000 0.000000  0.707107 0.707107 0.000000
2451545.201403  9.8827438252e-01  1.000000 0.000000 0.000000  0.707107 0.707107 0.000000
2451545.202069  9.8549547395e-01  1.000000 0.000000 0.000000  0.707107 0.707107 0.000000
2451545.202736  9.8239719847e-01  1.000000 0.000000 0.000000  0.707107 0.707107 0.000000
2451545.203403  9.7839185751e-01  1.000000 0.000000 0.000000  0.707107 0.707107 0.000000
2451545.204070  9.7337162921e-01  1.000000 0.000000 0.000000  0.707107 0.707107 0.000000
2451545.204737  9.6843641557e-01  1.000000 0.000000 0.000000  0.707107 0.707107 0.000000
2451545.205404  9.6442505880e-01  1.000000 0.000000 0.000000  0.707107 0.707107 0.000000
2451545.206071  9.5931763428e-01  1.000000 0.000000 0.000000  0.707107 0.707107 0.000000
2451545.206738  9.5232474845e-01  1.000000 0.000000 0.000000  0.707107 0.707107 0.000000
2451545.207405  9.4748036697e-01  1.000000 0.000000 0.000000  0.707107 0.707107 0.000000
2451545.208072  9.4229857114e-01  1.000000 0.000000 0.000000  0.707107 0.707107 0.000000
2451545.208738  9.3898795732e-01  1.000000 0.000000 0.000000  0.707107 0.707107 0.000000
2451545.209405  9.3361134173e-01  1.000000 0.000000 0.000000  0.707107 0.707107 0.000000
2451545.210072  9.2881951597e-01  1.000000 0.000000 0.000000  0.707107 0.707107 0.000000
2451545.210739  9.2160417730e-01  1.000000 0.000000 0.000000  0.707107 0.707107 0.000000
2451545.211406  9.2231959620e-01  1.000000 0.000000 0.000000  0.707107 0.707107 0.000000
2451545.212073  9.2764735810e-01  1.000000 0.000000 0.000000  0.707107 0.707107 0.000000
2451545.212740  9.3250687828e-01  1.000000 0.000000 0.000000  0.707107 0.707107 0.000000
2451545.213407  9.3566650182e-01  1.000000 0.000000 0.000000  0.707107 0.707107 0.000000
2451545.214074  9.4042348876e-01  1.000000 0.000000 0.000000  0.707107 0.707107 0.000000
2451545.214740  9.4666261316e-01  1.000000 0.000000 0.000000  0.707107 0.707107 0.000000
2451545.215407  9.5234094487e-01  1.000000 0.000000 0.000000  0.707107 0.707107 0.000000
2451545.216074  9.5520605804e-01  1.000000 0.000000 0.000000  0.707107 0.707107 0.000000
2451545.216741  9.5861556917e-01  1.000000 0.000000 0.000000  0.707107 0.707107 0.000000
2451545.217408  9.6240731574e-01  1.000000 0.000000 0.000000  0.707107 0.707107 0.000000
2451545.218075  9.6863163198e-01  1.000000 0.000000 0.000000  0.707107 0.707107 0.000000
2451545.218742  9.7225539857e-01  1.000000 0.000000 0.000000  0.707107 0.707107 0.000000
2451545.219409  9.7421106639e-01  1.000000 0.000000 0.000000  0.707107 0.707107 0.000000
2451545.220076  9.7822334867e-01  1.000000 0.000000 0.000000  0.707107 0.707107 0.000000
2451545.220743  9.8244506054e-01  1.000000 0.000000 0.000000  0.707107 0.707107 0.000000
2451545.221409  9.8366990634e-01  1.000000 0.000000 0.000000  0.707107 0.707107 0.000000
2451545.222076  9.8511244521e-01  1.000000 0.000000 0.000000  0.707107 0.707107 0.000000
2451545.222743  9.8735356662e-01  1.000000 0.000000 0.000000  0.707107 0.707107 0.000000
2451545.223410  9.8821025793e-01  1.000000 0.000000 0.000000  0.707107 0.707107 0.000000
2451545.224077  9.9119429909e-01  1.000000 0.000000 0.000000  0.707107 0.707107 0.000000
2451545.224744  9.9222320129e-01  1.000000 0.000000 0.000000  0.707107 0.707107 0.000000
2451545.225411  9.9224111651e-01  1.000000 0.000000 0.000000  0.707107 0.707107 0.000000
2451545.226078  9.9305417666e-01  1.000000 0.000000 0.000000  0.707107 0.707107 0.000000
2451545.226745  9.9382307679e-01  1.000000 0.000000 0.000000  0.707107 0.707107 0.000000
2451545.227411  9.9265376156e-01  1.000000 0.000000 0.000000  0.707107 0.707107 0.000000
2451545.228078  9.9050995087e-01  1.000000 0.000000 0.000000  0.707107 0.707107 0.000000
2451545.228745  9.8977655065e-01  1.000000 0.000000 0.000000  0.707107 0.707107 0.000000
2451545.229412  9.9019316217e-01  1.000000 0.000000 0.000000  0.707107 0.707107 0.000000
2451545.230079  9.9118134195e-01  1.000000 0.000000 0.000000  0.707107 0.707107 0.000000
2451545.230746  9.9031341231e-01  1.000000 0.000000 0.000000  0.707107 0.707107 0.000000
2451545.231413  9.8879511387e-01  1.000000 0.000000 0.000000  0.707107 0.707107 0.000000
2451545.232080  9.8539789880e-01  1.000000 0.000000 0.000000  0.707107 0.707107 0.000000
2451545.232747  9.8517333052e-01  1.000000 0.000000 0.000000  0.707107 0.707107 0.000000
2451545.233414  9.8688810141e-01  1.000000 0.000000 0.000000  0.707107 0.707107 0.000000
2451545.234080  9.8375201226e-01  1.000000 0.000000 0.000000  0.707107 0.707107 0.000000
2451545.234747  9.8224230784e-01  1.000000 0.000000 0.000000  0.707107 0.707107 0.000000
2451545.235414  9.8092068018e-01  1.000000 0.000000 0.000000  0.707107 0.707107 0.000000
2451545.236081  9.8252458825e-01  1.000000 0.000000 0.000000  0.707107 0.707107 0.000000
2451545.236748  9.8043452323e-01  1.000000 0.000000 0.000000  0.707107 0.707107 0.000000
2451545.237415  9.7881970736e-01  1.000000 0.000000 0.000000  0.707107 0.707107 0.000000
2451545.238082  9.7797359330e-01  1.000000 0.000000 0.000000  0.707107 0.707107 0.000000
2451545.238749  9.7651644460e-01  1.000000 0.000000 0.000000  0.707107 0.707107 0.000000
2451545.239416  9.7928887461e-01  1.000000 0.000000 0.000000  0.707107 0.707107 0.000000
360  1
2451545.000000  9.7492170931e-01  1.000000 0.000000 0.000000  0.000000 0.000000 1.000000
2451545.000667  9.7675274587e-01  1.000000 0.000000 0.000000  0.000000 0.000000 1.000000
2451545.001334  9.7916786009e-01  1.000000 0.000000 0.000000  0.000000 0.000000 1.000000
2451545.002001  9.8174178079e-01  1.000000 0.000000 0.000000  0.000000 0.000000 1.000000
2451545.002668  9.8493032701e-01  1.000000 0.000000 0.000000  0.000000 0.000000 1.000000
2451545.003334  9.8742226942e-01  1.000000 0.000000 0.000000  0.000000 0.000000 1.000000
2451545.004001  9.9422590292e-01  1.000000 0.000000 0.000000  0.000000 0.000000 1.000000
2451545.004668  9.9851247846e-01  1.000000 0.000000 0.000000  0.000000 0.000000 1.000000
2451545.005335  1.0011637917e+00  1.000000 0.000000 0.000000  0.000000 0.000000 1.000000
2451545.006002  1.0037703768e+00  1.000000 0.000000 0.000000  0.000000 0.000000 1.000000
2451545.006669  1.0068108400e+00  1.000000 0.000000 0.000000  0.000000 0.000000 1.000000
2451545.007336  1.0118292940e+00  1.000000 0.000000 0.000000  0.000000 0.000000 1.000000
2451545.008003  1.0187647841e+00  1.000000 0.000000 0.000000  0.000000 0.000000 1.000000
2451545.008670  1.0226533911e+00  1.000000 0.000000 0.000000  0.000000 0.000000 1.000000
2451545.009337  1.0236348729e+00  1.000000 0.000000 0.000000  0.000000 0.000000 1.000000
2451545.010003  1.0268621507e+00  1.000000 0.000000 0.000000  0.000000 0.000000 1.000000
2451545.010670  1.0310495339e+00  1.000000 0.000000 0.000000  0.000000 0.000000 1.000000
2451545.011337  1.0338266366e+00  1.000000 0.000000 0.000000  0.000000 0.000000 1.000000
2451545.012004  1.0365450423e+00  1.000000 0.000000 0.000000  0.000000 0.000000 1.000000
2451545.012671  1.0375214446e+00  1.000000 0.000000 0.000000  0.000000 0.000000 1.000000
2451545.013338  1.0408556046e+00  1.000000 0.000000 0.000000  0.000000 0.000000 1.000000
2451545.014005  1.0424277958e+00  1.000000 0.000000 0.000000  0.000000 0.000000 1.000000
2451545.014672  1.0433807052e+00  1.000000 0.000000 0.000000  0.000000 0.000000 1.000000
2451545.015339  1.0445511886e+00  1.000000 0.000000 0.000000  0.000000 0.000000 1.000000
2451545.016006  1.0453157314e+00  1.000000 0.000000 0.000000  0.000000 0.000000 1.000000
2451545.016672  1.0468340229e+00  1.000000 0.000000 0.000000  0.000000 0.000000 1.000000
2451545.017339  1.0476357452e+00  1.000000 0.000000 0.000000  0.000000 0.000000 1.000000
2451545.018006  1.0453184828e+00  1.000000 0.000000 0.000000  0.000000 0.000000 1.000000
2451545.018673  1.0438728571e+00  1.000000 0.000000 0.000000  0.000000 0.000000 1.000000
2451545.019340  1.0436235359e+00  1.000000 0.000000 0.000000  0.000000 0.000000 1.000000
2451545.020007  1.0437769806e+00  1.000000 0.000000 0.000000  0.000000 0.000000 1.000000
2451545.020674  1.0430508167e+00  1.000000 0.000000 0.000000  0.000000 0.000000 1.000000
2451545.021341  1.0414218333e+00  1.000000 0.000000 0.000000  0.000000 0.000000 1.000000
2451545.022008  1.0353346985e+00  1.000000 0.000000 0.000000  0.000000 0.000000 1.000000
2451545.022674  1.0345122347e+00  1.000000 0.000000 0.000000  0.000000 0.000000 1.000000
2451545.023341  1.0335693433e+00  1.000000 0.000000 0.000000  0.000000 0.000000 1.000000
2451545.024008  1.0294127196e+00  1.000000 0.000000 0.000000  0.000000 0.000000 1.000000
2451545.024675  1.0264063317e+00  1.000000 0.000000 0.000000  0.000000 0.000000 1.000000
2451545.025342  1.0225776211e+00  1.000000 0.000000 0.000000  0.000000 0.000000 1.000000
2451545.026009  1.0203399384e+00  1.000000 0.000000 0.000000  0.000000 0.000000 1.000000
2451545.026676  1.0163754910e+00  1.000000 0.000000 0.000000  0.000000 0.000000 1.000000
2451545.027343  1.0124898471e+00  1.000000 0.000000 0.000000  0.000000 0.000000 1.000000
2451545.028010  1.0092275769e+00  1.000000 0.000000 0.000000  0.000000 0.000000 1.000000
2451545.028677  1.0060537049e+00  1.000000 0.000000 0.000000  0.000000 0.000000 1.000000
2451545.029343  1.0025928384e+00  1.000000 0.000000 0.000000  0.000000 0.000000 1.000000
2451545.030010  1.0001000494e+00  1.000000 0.000000 0.000000  0.000000 0.000000 1.000000
2451545.030677  9.9562778809e-01  1.000000 0.000000 0.000000  0.000000 0.000000 1.000000
2451545.031344  9.9427959094e-01  1.000000 0.000000 0.000000  0.000000 0.000000 1.000000
2451545.032011  9.9324195182e-01  1.000000 0.000000 0.000000  0.000000 0.000000 1.000000
2451545.032678  9.9061822331e-01  1.000000 0.000000 0.000000  0.000000 0.000000 1.000000
2451545.033345  9.8658202725e-01  1.000000 0.000000 0.000000  0.000000 0.000000 1.000000
2451545.034012  9.8488348227e-01  1.000000 0.000000 0.000000  0.000000 0.000000 1.000000
2451545.034679  9.8169684089e-01  1.000000 0.000000 0.000000  0.000000 0.000000 1.000000
2451545.035345  9.8192182261e-01  1.000000 0.000000 0.000000  0.000000 0.000000 1.000000
2451545.036012  9.7887522159e-01  1.000000 0.000000 0.000000  0.000000 0.000000 1.000000
2451545.036679  9.7659831345e-01  1.000000 0.000000 0.000000  0.000000 0.000000 1.000000
2451545.037346  9.7449608537e-01  1.000000 0.000000 0.000000  0.000000 0.000000 1.000000
2451545.038013  9.7109497411e-01  1.000000 0.000000 0.000000  0.000000 0.000000 1.000000
2451545.038680  9.7021868125e-01  1.000000 0.000000 0.000000  0.000000 0.000000 1.000000
2451545.039347  9.6718696613e-01  1.000000 0.000000 0.000000  0.000000 0.000000 1.000000
2451545.040014  9.6462031200e-01  1.000000 0.000000 0.000000  0.000000 0.000000 1.000000
2451545.040681  9.6241741008e-01  1.000000 0.000000 0.000000  0.000000 0.000000 1.000000
2451545.041348  9.5959543803e-01  1.000000 0.000000 0.000000  0.000000 0.000000 1.000000
2451545.042014  9.5763804767e-01  1.000000 0.000000 0.000000  0.000000 0.000000 1.000000
2451545.042681  9.5521376204e-01  1.000000 0.000000 0.000000  0.000000 0.000000 1.000000
2451545.043348  9.5405329658e-01  1.000000 0.000000 0.000000  0.000000 0.000000 1.000000
2451545.044015  9.5085395633e-01  1.000000 0.000000 0.000000  0.000000 0.000000 1.000000
2451545.044682  9.4932896263e-01  1.000000 0.000000 0.000000  0.000000 0.000000 1.000000
2451545.045349  9.4505085302e-01  1.000000 0.000000 0.000000  0.000000 0.000000 1.000000
2451545.046016  9.4241082762e-01  1.000000 0.000000 0.000000  0.000000 0.000000 1.000000
2451545.046683  9.4055890846e-01  1.000000 0.000000 0.000000  0.000000 0.000000 1.000000
2451545.047350  9.3862945563e-01  1.000000 0.000000 0.000000  0.000000 0.000000 1.000000
2451545.048017  9.3627021645e-01  1.000000 0.000000 0.000000  0.000000 0.000000 1.000000
2451545.048683  9.3130403949e-01  1.000000 0.000000 0.000000  0.000000 0.000000 1.000000
2451545.049350  9.3088391841e-01  1.000000 0.000000 0.000000  0.000000 0.000000 1.000000
2451545.050017  9.2639006902e-01  1.000000 0.000000 0.000000  0.000000 0.000000 1.000000
2451545.050684  9.2401086439e-01  1.000000 0.000000 0.000000  0.000000 0.000000 1.000000
2451545.051351  9.2314268469e-01  1.000000 0.000000 0.000000  0.000000 0.000000 1.000000
2451545.052018  9.2054576492e-01  1.000000 0.000000 0.000000  0.000000 0.000000 1.000000
2451545.052685  9.1897138672e-01  1.000000 0.000000 0.000000  0.000000 0.000000 1.000000
2451545.053352  9.1728723380e-01  1.000000 0.000000 0.000000  0.000000 0.000000 1.000000
2451545.054019  9.1615414147e-01  1.000000 0.000000 0.000000  0.000000 0.000000 1.000000
2451545.054685  9.1598002580e-01  1.000000 0.000000 0.000000  0.000000 0.000000 1.000000
2451545.055352  9.1450420497e-01  1.000000 0.000000 0.000000  0.000000 0.000000 1.000000
2451545.056019  9.1290598110e-01  1.000000 0.000000 0.000000  0.000000 0.000000 1.000000
2451545.056686  9.1461355639e-01  1.000000 0.000000 0.000000  0.000000 0.000000 1.000000
2451545.057353  9.1606397947e-01  1.000000 0.000000 0.000000  0.000000 0.000000 1.000000
2451545.058020  9.1742967284e-01  1.000000 0.000000 0.000000  0.000000 0.000000 1.000000
2451545.058687  9.2228064278e-01  1.000000 0.000000 0.000000  0.000000 0.000000 1.000000
2451545.059354  9.2453335252e-01  1.000000 0.000000 0.000000  0.000000 0.000000 1.000000
2451545.060021  9.2844432357e-01  1.000000 0.000000 0.000000  0.000000 0.000000 1.000000
2451545.060688  9.3162242849e-01  1.000000 0.000000 0.000000  0.000000 0.000000 1.000000
2451545.061354  9.3647558546e-01  1.000000 0.000000 0.000000  0.000000 0.000000 1.000000
2451545.062021  9.3954151699e-01  1.000000 0.000000 0.000000  0.000000 0.000000 1.000000
2451545.062688  9.4766921978e-01  1.000000 0.000000 0.000000  0.000000 0.000000 1.000000
2451545.063355  9.5212130397e-01  1.000000 0.000000 0.000000  0.000000 0.000000 1.000000
2451545.064022  9.5588913050e-01  1.000000 0.000000 0.000000  0.000000 0.000000 1.000000
2451545.064689  9.6364447407e-01  1.000000 0.000000 0.000000  0.000000 0.000000 1.000000
2451545.065356  9.6951438757e-01  1.000000 0.000000 0.000000  0.000000 0.000000 1.000000
2451545.066023  9.7341569338e-01  1.000000 0.000000 0.000000  0.000000 0.000000 1.000000
2451545.066690  9.7907868578e-01  1.000000 0.000000 0.000000  0.000000 0.000000 1.000000
2451545.067356  9.8312433545e-01  1.000000 0.000000 0.000000  0.000000 0.000000 1.000000
2451545.068023  9.8687903980e-01  1.000000 0.000000 0.000000  0.000000 0.000000 1.000000
2451545.068690  9.9365607622e-01  1.000000 0.000000 0.000000  0.000000 0.000000 1.000000
2451545.069357  9.9792134587e-01  1.000000 0.000000 0.000000  0.000000 0.000000 1.000000
2451545.070024  1.0007571456e+00  1.000000 0.000000 0.000000  0.000000 0.000000 1.000000
2451545.070691  1.0066398990e+00  1.000000 0.000000 0.000000  0.000000 0.000000 1.000000
2451545.071358  1.0090951558e+00  1.000000 0.000000 0.000000  0.000000 0.000000 1.000000
2451545.072025  1.0102011572e+00  1.000000 0.000000 0.000000  0.000000 0.000000 1.000000
2451545.072692  1.0142228907e+00  1.000000 0.000000 0.000000  0.000000 0.000000 1.000000
2451545.073359  1.0164065326e+00  1.000000 0.000000 0.000000  0.000000 0.000000 1.000000
2451545.074025  1.0219359047e+00  1.000000 0.000000 0.000000  0.000000 0.000000 1.000000
2451545.074692  1.0224800514e+00  1.000000 0.000000 0.000000  0.000000 0.000000 1.000000
2451545.075359  1.0237542424e+00  1.000000 0.000000 0.000000  0.000000 0.000000 1.000000
2451545.076026  1.0235128226e+00  1.000000 0.000000 0.000000  0.000000 0.000000 1.000000
2451545.076693  1.0241452971e+00  1.000000 0.000000 0.000000  0.000000 0.000000 1.000000
2451545.077360  1.0240224003e+00  1.000000 0.000000 0.000000  0.000000 0.000000 1.000000
2451545.078027  1.0244685540e+00  1.000000 0.000000 0.000000  0.000000 0.000000 1.000000
2451545.078694  1.0236361428e+00  1.000000 0.000000 0.000000  0.000000 0.000000 1.000000
2451545.079361  1.0238223224e+00  1.000000 0.000000 0.000000  0.000000 0.000000 1.000000
2451545.080028  1.0226179048e+00  1.000000 0.000000 0.000000  0.000000 0.000000 1.000000
2451545.080694  1.0200708633e+00  1.000000 0.000000 0.000000  0.000000 0.000000 1.000000
2451545.081361  1.0186622055e+00  1.000000 0.000000 0.000000  0.000000 0.000000 1.000000
2451545.082028  1.0147627339e+00  1.000000 0.000000 0.000000  0.000000 0.000000 1.000000
2451545.082695  1.0137715162e+00  1.000000 0.000000 0.000000  0.000000 0.000000 1.000000
2451545.083362  1.0102712127e+00  1.000000 0.000000 0.000000  0.000000 0.000000 1.000000
2451545.084029  1.0050116212e+00  1.000000 0.000000 0.000000  0.000000 0.000000 1.000000
2451545.084696  1.0032854914e+00  1.000000 0.000000 0.000000  0.000000 0.000000 1.000000
2451545.085363  9.9955935954e-01  1.000000 0.000000 0.000000  0.000000 0.000000 1.000000
2451545.086030  9.9536993039e-01  1.000000 0.000000 0.000000  0.000000 0.000000 1.000000
2451545.086696  9.9062527824e-01  1.000000 0.000000 0.000000  0.000000 0.000000 1.000000
2451545.087363  9.8665920818e-01  1.000000 0.000000 0.000000  0.000000 0.000000 1.000000
2451545.088030  9.7834878271e-01  1.000000 0.000000 0.000000  0.000000 0.000000 1.000000
2451545.088697  9.7484212969e-01  1.000000 0.000000 0.000000  0.000000 0.000000 1.000000
2451545.089364  9.6902061301e-01  1.000000 0.000000 0.000000  0.000000 0.000000 1.000000
2451545.090031  9.6427045802e-01  1.000000 0.000000 0.000000  0.000000 0.000000 1.000000
2451545.090698  9.5905757016e-01  1.000000 0.000000 0.000000  0.000000 0.000000 1.000000
2451545.091365  9.5548326037e-01  1.000000 0.000000 0.000000  0.000000 0.000000 1.000000
2451545.092032  9.5579741641e-01  1.000000 0.000000 0.000000  0.000000 0.000000 1.000000
2451545.092699  9.5519168011e-01  1.000000 0.000000 0.000000  0.000000 0.000000 1.000000
2451545.093365  9.5809040979e-01  1.000000 0.000000 0.000000  0.000000 0.000000 1.000000
2451545.094032  9.6122660842e-01  1.000000 0.000000 0.000000  0.000000 0.000000 1.000000
2451545.094699  9.6226438864e-01  1.000000 0.000000 0.000000  0.000000 0.000000 1.000000
2451545.095366  9.6280260926e-01  1.000000 0.000000 0.000000  0.000000 0.000000 1.000000
2451545.096033  9.6425670091e-01  1.000000 0.000000 0.000000  0.000000 0.000000 1.000000
2451545.096700  9.6640669086e-01  1.000000 0.000000 0.000000  0.000000 0.000000 1.000000
2451545.097367  9.6934217673e-01  1.000000 0.000000 0.000000  0.000000 0.000000 1.000000
2451545.098034  9.7071958128e-01  1.000000 0.000000 0.000000  0.000000 0.000000 1.000000
2451545.098701  9.7212181919e-01  1.000000 0.000000 0.000000  0.000000 0.000000 1.000000
2451545.099367  9.7231815790e-01  1.000000 0.000000 0.000000  0.000000 0.000000 1.000000
2451545.100034  9.7510302101e-01  1.000000 0.000000 0.000000  0.000000 0.000000 1.000000
2451545.100701  9.7674710192e-01  1.000000 0.000000 0.000000  0.000000 0.000000 1.000000
2451545.101368  9.7957958581e-01  1.000000 0.000000 0.000000  0.000000 0.000000 1.000000
2451545.102035  9.7995681293e-01  1.000000 0.000000 0.000000  0.000000 0.000000 1.000000
2451545.102702  9.8043675982e-01  1.000000 0.000000 0.000000  0.000000 0.000000 1.000000
2451545.103369  9.7980308600e-01  1.000000 0.000000 0.000000  0.000000 0.000000 1.000000
2451545.104036  9.7905088935e-01  1.000000 0.000000 0.000000  0.000000 0.000000 1.000000
2451545.104703  9.7959581215e-01  1.000000 0.000000 0.000000  0.000000 0.000000 1.000000
2451545.105370  9.8116701564e-01  1.000000 0.000000 0.000000  0.000000 0.000000 1.000000
2451545.106036  9.8081497463e-01  1.000000 0.000000 0.000000  0.000000 0.000000 1.000000
2451545.106703  9.8092425549e-01  1.000000 0.000000 0.000000  0.000000 0.000000 1.000000
2451545.107370  9.8015569141e-01  1.000000 0.000000 0.000000  0.000000 0.000000 1.000000
2451545.108037  9.7785599584e-01  1.000000 0.000000 0.000000  0.000000 0.000000 1.000000
2451545.108704  9.7820592037e-01  1.000000 0.000000 0.000000  0.000000 0.000000 1.000000
2451545.109371  9.7712616332e-01  1.000000 0.000000 0.000000  0.000000 0.000000 1.000000
2451545.110038  9.7661517473e-01  1.000000 0.000000 0.000000  0.000000 0.000000 1.000000
2451545.110705  9.7573295572e-01  1.000000 0.000000 0.000000  0.000000 0.000000 1.000000
2451545.111372  9.7393401909e-01  1.000000 0.000000 0.000000  0.000000 0.000000 1.000000
2451545.112039  9.7287754331e-01  1.000000 0.000000 0.000000  0.000000 0.000000 1.000000
2451545.112705  9.7204724858e-01  1.000000 0.000000 0.000000  0.000000 0.000000 1.000000
2451545.113372  9.7004442447e-01  1.000000 0.000000 0.000000  0.000000 0.000000 1.000000
2451545.114039  9.6805613352e-01  1.000000 0.000000 0.000000  0.000000 0.000000 1.000000
2451545.114706  9.6700438454e-01  1.000000 0.000000 0.000000  0.000000 0.000000 1.000000
2451545.115373  9.6467138970e-01  1.000000 0.000000 0.000000  0.000000 0.000000 1.000000
2451545.116040  9.6406572395e-01  1.000000 0.000000 0.000000  0.000000 0.000000 1.000000
2451545.116707  9.6265064607e-01  1.000000 0.000000 0.000000  0.000000 0.000000 1.000000
2451545.117374  9.6497277631e-01  1.000000 0.000000 0.000000  0.000000 0.000000 1.000000
2451545.118041  9.6676818548e-01  1.000000 0.000000 0.000000  0.000000 0.000000 1.000000
2451545.118707  9.6822665118e-01  1.000000 0.000000 0.000000  0.000000 0.000000 1.000000
2451545.119374  9.6697334284e-01  1.000000 0.000000 0.000000  0.000000 0.000000 1.000000
2451545.120041  9.6792568786e-01  1.000000 0.000000 0.000000  0.000000 0.000000 1.000000
2451545.120708  9.7218383203e-01  1.000000 0.000000 0.000000  0.000000 0.000000 1.000000
2451545.121375  9.7319099385e-01  1.000000 0.000000 0.000000  0.000000 0.000000 1.000000
2451545.122042  9.7470914426e-01  1.000000 0.000000 0.000000  0.000000 0.000000 1.000000
2451545.122709  9.7787116394e-01  1.000000 0.000000 0.000000  0.000000 0.000000 1.000000
2451545.123376  9.8048656763e-01  1.000000 0.000000 0.000000  0.000000 0.000000 1.000000
2451545.124043  9.8494239094e-01  1.000000 0.000000 0.000000  0.000000 0.000000 1.000000
2451545.124710  9.9120815657e-01  1.000000 0.000000 0.000000  0.000000 0.000000 1.000000
2451545.125376  9.9469554962e-01  1.000000 0.000000 0.000000  0.000000 0.000000 1.000000
2451545.126043  9.9827881917e-01  1.000000 0.000000 0.000000  0.000000 0.000000 1.000000
2451545.126710  1.0050969858e+00  1.000000 0.000000 0.000000  0.000000 0.000000 1.000000
2451545.127377  1.0084733343e+00  1.000000 0.000000 0.000000  0.000000 0.000000 1.000000
2451545.128044  1.0125285787e+00  1.000000 0.000000 0.000000  0.000000 0.000000 1.000000
2451545.128711  1.0194145432e+00  1.000000 0.000000 0.000000  0.000000 0.000000 1.000000
2451545.129378  1.0228680726e+00  1.000000 0.000000 0.000000  0.000000 0.000000 1.000000
2451545.130045  1.0266069739e+00  1.000000 0.000000 0.000000  0.000000 0.000000 1.000000
2451545.130712  1.0287207015e+00  1.000000 0.000000 0.000000  0.000000 0.000000 1.000000
2451545.131378  1.0319249802e+00  1.000000 0.000000 0.000000  0.000000 0.000000 1.000000
2451545.132045  1.0345846889e+00  1.000000 0.000000 0.000000  0.000000 0.000000 1.000000
2451545.132712  1.0407971898e+00  1.000000 0.000000 0.000000  0.000000 0.000000 1.000000
2451545.133379  1.0431609441e+00  1.000000 0.000000 0.000000  0.000000 0.000000 1.000000
2451545.134046  1.0450507482e+00  1.000000 0.000000 0.000000  0.000000 0.000000 1.000000
2451545.134713  1.0471102234e+00  1.000000 0.000000 0.000000  0.000000 0.000000 1.000000
2451545.135380  1.0477510933e+00  1.000000 0.000000 0.000000  0.000000 0.000000 1.000000
2451545.136047  1.0499784758e+00  1.000000 0.000000 0.000000  0.000000 0.000000 1.000000
2451545.136714  1.0504581405e+00  1.000000 0.000000 0.000000  0.000000 0.000000 1.000000
2451545.137381  1.0517033357e+00  1.000000 0.000000 0.000000  0.000000 0.000000 1.000000
2451545.138047  1.0519863089e+00  1.000000 0.000000 0.000000  0.000000 0.000000 1.000000
2451545.138714  1.0517000904e+00  1.000000 0.000000 0.000000  0.000000 0.000000 1.000000
2451545.139381  1.0523034280e+00  1.000000 0.000000 0.000000  0.000000 0.000000 1.000000
2451545.140048  1.0534191652e+00  1.000000 0.000000 0.000000  0.000000 0.000000 1.000000
2451545.140715  1.0530041237e+00  1.000000 0.000000 0.000000  0.000000 0.000000 1.000000
2451545.141382  1.0518310299e+00  1.000000 0.000000 0.000000  0.000000 0.000000 1.000000
2451545.142049  1.0524985674e+00  1.000000 0.000000 0.000000  0.000000 0.000000 1.000000
2451545.142716  1.0493253304e+00  1.000000 0.000000 0.000000  0.000000 0.000000 1.000000
2451545.143383  1.0480225670e+00  1.000000 0.000000 0.000000  0.000000 0.000000 1.000000
2451545.144050  1.0488642907e+00  1.000000 0.000000 0.000000  0.000000 0.000000 1.000000
2451545.144716  1.0475675946e+00  1.000000 0.000000 0.000000  0.000000 0.000000 1.000000
2451545.145383  1.0464697063e+00  1.000000 0.000000 0.000000  0.000000 0.000000 1.000000
2451545.146050  1.0432600659e+00  1.000000 0.000000 0.000000  0.000000 0.000000 1.000000
2451545.146717  1.0411023861e+00  1.000000 0.000000 0.000000  0.000000 0.000000 1.000000
2451545.147384  1.0392328296e+00  1.000000 0.000000 0.000000  0.000000 0.000000 1.000000
2451545.148051  1.0384689923e+00  1.000000 0.000000 0.000000  0.000000 0.000000 1.000000
2451545.148718  1.0367154189e+00  1.000000 0.000000 0.000000  0.000000 0.000000 1.000000
2451545.149385  1.0340964877e+00  1.000000 0.000000 0.000000  0.000000 0.000000 1.000000
2451545.150052  1.0326804221e+00  1.000000 0.000000 0.000000  0.000000 0.000000 1.000000
2451545.150718  1.0306155852e+00  1.000000 0.000000 0.000000  0.000000 0.000000 1.000000
2451545.151385  1.0294990014e+00  1.000000 0.000000 0.000000  0.000000 0.000000 1.000000
2451545.152052  1.0271705923e+00  1.000000 0.000000 0.000000  0.000000 0.000000 1.000000
2451545.152719  1.0274563875e+00  1.000000 0.000000 0.000000  0.000000 0.000000 1.000000
2451545.153386  1.0256954064e+00  1.000000 0.000000 0.000000  0.000000 0.000000 1.000000
2451545.154053  1.0260257888e+00  1.000000 0.000000 0.000000  0.000000 0.000000 1.000000
2451545.154720  1.0270212394e+00  1.000000 0.000000 0.000000  0.000000 0.000000 1.000000
2451545.155387  1.0290420536e+00  1.000000 0.000000 0.000000  0.000000 0.000000 1.000000
2451545.156054  1.0315590410e+00  1.000000 0.000000 0.000000  0.000000 0.000000 1.000000
2451545.156721  1.0315078927e+00  1.000000 0.000000 0.000000  0.000000 0.000000 1.000000
2451545.157387  1.0328703409e+00  1.000000 0.000000 0.000000  0.000000 0.000000 1.000000
2451545.158054  1.0321570874e+00  1.000000 0.000000 0.000000  0.000000 0.000000 1.000000
2451545.158721  1.0332333876e+00  1.000000 0.000000 0.000000  0.000000 0.000000 1.000000
2451545.159388  1.0345045449e+00  1.000000 0.000000 0.000000  0.000000 0.000000 1.000000
2451545.160055  1.0367699535e+00  1.000000 0.000000 0.000000  0.000000 0.000000 1.000000
2451545.160722  1.0374420767e+00  1.000000 0.000000 0.000000  0.000000 0.000000 1.000000
2451545.161389  1.0384646182e+00  1.000000 0.000000 0.000000  0.000000 0.000000 1.000000
2451545.162056  1.0368841022e+00  1.000000 0.000000 0.000000  0.000000 0.000000 1.000000
2451545.162723  1.0371559287e+00  1.000000 0.000000 0.000000  0.000000 0.000000 1.000000
2451545.163389  1.0379875639e+00  1.000000 0.000000 0.000000  0.000000 0.000000 1.000000
2451545.164056  1.0368328834e+00  1.000000 0.000000 0.000000  0.000000 0.000000 1.000000
2451545.164723  1.0347347472e+00  1.000000 0.000000 0.000000  0.000000 0.000000 1.000000
2451545.165390  1.0334024237e+00  1.000000 0.000000 0.000000  0.000000 0.000000 1.000000
2451545.166057  1.0302887303e+00  1.000000 0.000000 0.000000  0.000000 0.000000 1.000000
2451545.166724  1.0297768245e+00  1.000000 0.000000 0.000000  0.000000 0.000000 1.000000
2451545.167391  1.0287391854e+00  1.000000 0.000000 0.000000  0.000000 0.000000 1.000000
2451545.168058  1.0251839239e+00  1.000000 0.000000 0.000000  0.000000 0.000000 1.000000
2451545.168725  1.0229661361e+00  1.000000 0.000000 0.000000  0.000000 0.000000 1.000000
2451545.169392  1.0186368077e+00  1.000000 0.000000 0.000000  0.000000 0.000000 1.000000
2451545.170058  1.0177767412e+00  1.000000 0.000000 0.000000  0.000000 0.000000 1.000000
2451545.170725  1.0146835071e+00  1.000000 0.000000 0.000000  0.000000 0.000000 1.000000
2451545.171392  1.0127359936e+00  1.000000 0.000000 0.000000  0.000000 0.000000 1.000000
2451545.172059  1.0100750151e+00  1.000000 0.000000 0.000000  0.000000 0.000000 1.000000
2451545.172726  1.0077581760e+00  1.000000 0.000000 0.000000  0.000000 0.000000 1.000000
2451545.173393  1.0023334286e+00  1.000000 0.000000 0.000000  0.000000 0.000000 1.000000
2451545.174060  1.0005569972e+00  1.000000 0.000000 0.000000  0.000000 0.000000 1.000000
2451545.174727  9.9736569957e-01  1.000000 0.000000 0.000000  0.000000 0.000000 1.000000
2451545.175394  9.9550397406e-01  1.000000 0.000000 0.000000  0.000000 0.000000 1.000000
2451545.176061  9.9454090555e-01  1.000000 0.000000 0.000000  0.000000 0.000000 1.000000
2451545.176727  9.9330078994e-01  1.000000 0.000000 0.000000  0.000000 0.000000 1.000000
2451545.177394  9.8966785368e-01  1.000000 0.000000 0.000000  0.000000 0.000000 1.000000
2451545.178061  9.8686281346e-01  1.000000 0.000000 0.000000  0.000000 0.000000 1.000000
2451545.178728  9.8804359712e-01  1.000000 0.000000 0.000000  0.000000 0.000000 1.000000
2451545.179395  9.8694055879e-01  1.000000 0.000000 0.000000  0.000000 0.000000 1.000000
2451545.180062  9.8734692277e-01  1.000000 0.000000 0.000000  0.000000 0.000000 1.000000
2451545.180729  9.8926875628e-01  1.000000 0.000000 0.000000  0.000000 0.000000 1.000000
2451545.181396  9.9190052741e-01  1.000000 0.000000 0.000000  0.000000 0.000000 1.000000
2451545.182063  9.9467417318e-01  1.000000 0.000000 0.000000  0.000000 0.000000 1.000000
2451545.182729  9.9828975432e-01  1.000000 0.000000 0.000000  0.000000 0.000000 1.000000
2451545.183396  1.0033738897e+00  1.000000 0.000000 0.000000  0.000000 0.000000 1.000000
2451545.184063  1.0061409744e+00  1.000000 0.000000 0.000000  0.000000 0.000000 1.000000
2451545.184730  1.0095504105e+00  1.000000 0.000000 0.000000  0.000000 0.000000 1.000000
2451545.185397  1.0131264134e+00  1.000000 0.000000 0.000000  0.000000 0.000000 1.000000
2451545.186064  1.0161868421e+00  1.000000 0.000000 0.000000  0.000000 0.000000 1.000000
2451545.186731  1.0207940642e+00  1.000000 0.000000 0.000000  0.000000 0.000000 1.000000
2451545.187398  1.0268426791e+00  1.000000 0.000000 0.000000  0.000000 0.000000 1.000000
2451545.188065  1.0298523123e+00  1.000000 0.000000 0.000000  0.000000 0.000000 1.000000
2451545.188732  1.0327612716e+00  1.000000 0.000000 0.000000  0.000000 0.000000 1.000000
2451545.189398  1.0348864282e+00  1.000000 0.000000 0.000000  0.000000 0.000000 1.000000
2451545.190065  1.0369578968e+00  1.000000 0.000000 0.000000  0.000000 0.000000 1.000000
2451545.190732  1.0391883130e+00  1.000000 0.000000 0.000000  0.000000 0.000000 1.000000
2451545.191399  1.0429858407e+00  1.000000 0.000000 0.000000  0.000000 0.000000 1.000000
2451545.192066  1.0440324396e+00  1.000000 0.000000 0.000000  0.000000 0.000000 1.000000
2451545.192733  1.0471859228e+00  1.000000 0.000000 0.000000  0.000000 0.000000 1.000000
2451545.193400  1.0479621062e+00  1.000000 0.000000 0.000000  0.000000 0.000000 1.000000
2451545.194067  1.0502058562e+00  1.000000 0.000000 0.000000  0.000000 0.000000 1.000000
2451545.194734  1.0522461420e+00  1.000000 0.000000 0.000000  0.000000 0.000000 1.000000
2451545.195400  1.0516641808e+00  1.000000 0.000000 0.000000  0.000000 0.000000 1.000000
2451545.196067  1.0524469959e+00  1.000000 0.000000 0.000000  0.000000 0.000000 1.000000
2451545.196734  1.0507925442e+00  1.000000 0.000000 0.000000  0.000000 0.000000 1.000000
2451545.197401  1.0521384838e+00  1.000000 0.000000 0.000000  0.000000 0.000000 1.000000
2451545.198068  1.0518006232e+00  1.000000 0.000000 0.000000  0.000000 0.000000 1.000000
2451545.198735  1.0512166161e+00  1.000000 0.000000 0.000000  0.000000 0.000000 1.000000
2451545.199402  1.0502795802e+00  1.000000 0.000000 0.000000  0.000000 0.000000 1.000000
2451545.200069  1.0503103397e+00  1.000000 0.000000 0.000000  0.000000 0.000000 1.000000
2451545.200736  1.0468172322e+00  1.000000 0.000000 0.000000  0.000000 0.000000 1.000000
2451545.201403  1.0461541393e+00  1.000000 0.000000 0.000000  0.000000 0.000000 1.000000
2451545.202069  1.0428750078e+00  1.000000 0.000000 0.000000  0.000000 0.000000 1.000000
2451545.202736  1.0413143162e+00  1.000000 0.000000 0.000000  0.000000 0.000000 1.000000
2451545.203403  1.0406191233e+00  1.000000 0.000000 0.000000  0.000000 0.000000 1.000000
2451545.204070  1.0375869849e+00  1.000000 0.000000 0.000000  0.000000 0.000000 1.000000
2451545.204737  1.0324956535e+00  1.000000 0.000000 0.000000  0.000000 0.000000 1.000000
2451545.205404  1.0288460676e+00  1.000000 0.000000 0.000000  0.000000 0.000000 1.000000
2451545.206071  1.0280602895e+00  1.000000 0.000000 0.000000  0.000000 0.000000 1.000000
2451545.206738  1.0226322263e+00  1.000000 0.000000 0.000000  0.000000 0.000000 1.000000
2451545.207405  1.0187926511e+00  1.000000 0.000000 0.000000  0.000000 0.000000 1.000000
2451545.208072  1.0160844045e+00  1.000000 0.000000 0.000000  0.000000 0.000000 1.000000
2451545.208738  1.0088890813e+00  1.000000 0.000000 0.000000  0.000000 0.000000 1.000000
2451545.209405  1.0055142849e+00  1.000000 0.000000 0.000000  0.000000 0.000000 1.000000
2451545.210072  1.0012816796e+00  1.000000 0.000000 0.000000  0.000000 0.000000 1.000000
2451545.210739  9.9501908872e-01  1.000000 0.000000 0.000000  0.000000 0.000000 1.000000
2451545.211406  9.9330438795e-01  1.000000 0.000000 0.000000  0.000000 0.000000 1.000000
2451545.212073  9.9351737629e-01  1.000000 0.000000 0.000000  0.000000 0.000000 1.000000
2451545.212740  9.9427952039e-01  1.000000 0.000000 0.000000  0.000000 0.000000 1.000000
2451545.213407  9.9379851526e-01  1.000000 0.000000 0.000000  0.000000 0.000000 1.000000
2451545.214074  9.9409446958e-01  1.000000 0.000000 0.000000  0.000000 0.000000 1.000000
2451545.214740  9.9611747078e-01  1.000000 0.000000 0.000000  0.000000 0.000000 1.000000
2451545.215407  9.9747836680e-01  1.000000 0.000000 0.000000  0.000000 0.000000 1.000000
2451545.216074  9.9633335165e-01  1.000000 0.000000 0.000000  0.000000 0.000000 1.000000
2451545.216741  9.9648404495e-01  1.000000 0.000000 0.000000  0.000000 0.000000 1.000000
2451545.217408  9.9516484357e-01  1.000000 0.000000 0.000000  0.000000 0.000000 1.000000
2451545.218075  9.9728442677e-01  1.000000 0.000000 0.000000  0.000000 0.000000 1.000000
2451545.218742  9.9691566558e-01  1.000000 0.000000 0.000000  0.000000 0.000000 1.000000
2451545.219409  9.9670549921e-01  1.000000 0.000000 0.000000  0.000000 0.000000 1.000000
2451545.220076  9.9583520303e-01  1.000000 0.000000 0.000000  0.000000 0.000000 1.000000
2451545.220743  9.9336710628e-01  1.000000 0.000000 0.000000  0.000000 0.000000 1.000000
2451545.221409  9.9411958513e-01  1.000000 0.000000 0.000000  0.000000 0.000000 1.000000
2451545.222076  9.9338312097e-01  1.000000 0.000000 0.000000  0.000000 0.000000 1.000000
2451545.222743  9.9246442797e-01  1.000000 0.000000 0.000000  0.000000 0.000000 1.000000
2451545.223410  9.9169925025e-01  1.000000 0.000000 0.000000  0.000000 0.000000 1.000000
2451545.224077  9.9030597211e-01  1.000000 0.000000 0.000000  0.000000 0.000000 1.000000
2451545.224744  9.8954079439e-01  1.000000 0.000000 0.000000  0.000000 0.000000 1.000000
2451545.225411  9.8930417203e-01  1.000000 0.000000 0.000000  0.000000 0.000000 1.000000
2451545.226078  9.8855416241e-01  1.000000 0.000000 0.000000  0.000000 0.000000 1.000000
2451545.226745  9.8706895852e-01  1.000000 0.000000 0.000000  0.000000 0.000000 1.000000
2451545.227411  9.8571779831e-01  1.000000 0.000000 0.000000  0.000000 0.000000 1.000000
2451545.228078  9.8342036032e-01  1.000000 0.000000 0.000000  0.000000 0.000000 1.000000
2451545.228745  9.8220909937e-01  1.000000 0.000000 0.000000  0.000000 0.000000 1.000000
2451545.229412  9.8102662253e-01  1.000000 0.000000 0.000000  0.000000 0.000000 1.000000
2451545.230079  9.8154678253e-01  1.000000 0.000000 0.000000  0.000000 0.000000 1.000000
2451545.230746  9.8042906995e-01  1.000000 0.000000 0.000000  0.000000 0.000000 1.000000
2451545.231413  9.7989606998e-01  1.000000 0.000000 0.000000  0.000000 0.000000 1.000000
2451545.232080  9.7685588895e-01  1.000000 0.000000 0.000000  0.000000 0.000000 1.000000
2451545.232747  9.7493123346e-01  1.000000 0.000000 0.000000  0.000000 0.000000 1.000000
2451545.233414  9.7479076980e-01  1.000000 0.000000 0.000000  0.000000 0.000000 1.000000
2451545.234080  9.7528045250e-01  1.000000 0.000000 0.000000  0.000000 0.000000 1.000000
2451545.234747  9.7262060275e-01  1.000000 0.000000 0.000000  0.000000 0.000000 1.000000
2451545.235414  9.7222298689e-01  1.000000 0.000000 0.000000  0.000000 0.000000 1.000000
2451545.236081  9.7111028331e-01  1.000000 0.000000 0.000000  0.000000 0.000000 1.000000
2451545.236748  9.7126619727e-01  1.000000 0.000000 0.000000  0.000000 0.000000 1.000000
2451545.237415  9.7135085643e-01  1.000000 0.000000 0.000000  0.000000 0.000000 1.000000
2451545.238082  9.7255005345e-01  1.000000 0.000000 0.000000  0.000000 0.000000 1.000000
2451545.238749  9.7256980725e-01  1.000000 0.000000 0.000000  0.000000 0.000000 1.000000
2451545.239416  9.7378889918e-01  1.000000 0.000000 0.000000  0.000000 0.000000 1.000000
360  1
2451545.000000  1.0041639630e+00  1.000000 0.000000 0.000000  0.000000 0.000000 -1.000000
2451545.000667  1.0023787503e+00  1.000000 0.000000 0.000000  0.000000 0.000000 -1.000000
2451545.001334  1.0002948663e+00  1.000000 0.000000 0.000000  0.000000 0.000000 -1.000000
2451545.002001  9.9807103239e-01  1.000000 0.000000 0.000000  0.000000 0.000000 -1.000000
2451545.002668  9.9679543790e-01  1.000000 0.000000 0.000000  0.000000 0.000000 -1.000000
2451545.003334  9.9618626254e-01  1.000000 0.000000 0.000000  0.000000 0.000000 -1.000000
2451545.004001  9.9864458526e-01  1.000000 0.000000 0.000000  0.000000 0.000000 -1.000000
2451545.004668  9.9904256579e-01  1.000000 0.000000 0.000000  0.000000 0.000000 -1.000000
2451545.005335  1.0005116368e+00  1.000000 0.000000 0.000000  0.000000 0.000000 -1.000000
2451545.006002  1.0004449143e+00  1.000000 0.000000 0.000000  0.000000 0.000000 -1.000000
2451545.006669  1.0021573333e+00  1.000000 0.000000 0.000000  0.000000 0.000000 -1.000000
2451545.007336  1.0056723737e+00  1.000000 0.000000 0.000000  0.000000 0.000000 -1.000000
2451545.008003  1.0043619001e+00  1.000000 0.000000 0.000000  0.000000 0.000000 -1.000000
2451545.008670  1.0077653646e+00  1.000000 0.000000 0.000000  0.000000 0.000000 -1.000000
2451545.009337  1.0089349590e+00  1.000000 0.000000 0.000000  0.000000 0.000000 -1.000000
2451545.010003  1.0101546107e+00  1.000000 0.000000 0.000000  0.000000 0.000000 -1.000000
2451545.010670  1.0108889294e+00  1.000000 0.000000 0.000000  0.000000 0.000000 -1.000000
2451545.011337  1.0104721154e+00  1.000000 0.000000 0.000000  0.000000 0.000000 -1.000000
2451545.012004  1.0099100237e+00  1.000000 0.000000 0.000000  0.000000 0.000000 -1.000000
2451545.012671  1.0090846354e+00  1.000000 0.000000 0.000000  0.000000 0.000000 -1.000000
2451545.013338  1.0103584952e+00  1.000000 0.000000 0.000000  0.000000 0.000000 -1.000000
2451545.014005  1.0105779297e+00  1.000000 0.000000 0.000000  0.000000 0.000000 -1.000000
2451545.014672  1.0090338966e+00  1.000000 0.000000 0.000000  0.000000 0.000000 -1.000000
2451545.015339  1.0086727776e+00  1.000000 0.000000 0.000000  0.000000 0.000000 -1.000000
2451545.016006  1.0097114671e+00  1.000000 0.000000 0.000000  0.000000 0.000000 -1.000000
2451545.016672  1.0091025395e+00  1.000000 0.000000 0.000000  0.000000 0.000000 -1.000000
2451545.017339  1.0092491183e+00  1.000000 0.000000 0.000000  0.000000 0.000000 -1.000000
2451545.018006  1.0045536420e+00  1.000000 0.000000 0.000000  0.000000 0.000000 -1.000000
2451545.018673  1.0030723664e+00  1.000000 0.000000 0.000000  0.000000 0.000000 -1.000000
2451545.019340  1.0031980053e+00  1.000000 0.000000 0.000000  0.000000 0.000000 -1.000000
2451545.020007  1.0022143293e+00  1.000000 0.000000 0.000000  0.000000 0.000000 -1.000000
2451545.020674  1.0013909235e+00  1.000000 0.000000 0.000000  0.000000 0.000000 -1.000000
2451545.021341  9.9781417883e-01  1.000000 0.000000 0.000000  0.000000 0.000000 -1.000000
2451545.022008  9.9700756201e-01  1.000000 0.000000 0.000000  0.000000 0.000000 -1.000000
2451545.022674  9.9615671137e-01  1.000000 0.000000 0.000000  0.000000 0.000000 -1.000000
2451545.023341  9.9436926834e-01  1.000000 0.000000 0.000000  0.000000 0.000000 -1.000000
2451545.024008  9.9079704621e-01  1.000000 0.000000 0.000000  0.000000 0.000000 -1.000000
2451545.024675  9.8954022322e-01  1.000000 0.000000 0.000000  0.000000 0.000000 -1.000000
2451545.025342  9.8989805876e-01  1.000000 0.000000 0.000000  0.000000 0.000000 -1.000000
2451545.026009  9.8902713563e-01  1.000000 0.000000 0.000000  0.000000 0.000000 -1.000000
2451545.026676  9.8877195478e-01  1.000000 0.000000 0.000000  0.000000 0.000000 -1.000000
2451545.027343  9.8643251821e-01  1.000000 0.000000 0.000000  0.000000 0.000000 -1.000000
2451545.028010  9.8653325238e-01  1.000000 0.000000 0.000000  0.000000 0.000000 -1.000000
2451545.028677  9.8774150490e-01  1.000000 0.000000 0.000000  0.000000 0.000000 -1.000000
2451545.029343  9.8844261722e-01  1.000000 0.000000 0.000000  0.000000 0.000000 -1.000000
2451545.030010  9.8934532180e-01  1.000000 0.000000 0.000000  0.000000 0.000000 -1.000000
2451545.030677  9.9146067749e-01  1.000000 0.000000 0.000000  0.000000 0.000000 -1.000000
2451545.031344  9.9738962084e-01  1.000000 0.000000 0.000000  0.000000 0.000000 -1.000000
2451545.032011  9.9956401692e-01  1.000000 0.000000 0.000000  0.000000 0.000000 -1.000000
2451545.032678  1.0033006600e+00  1.000000 0.000000 0.000000  0.000000 0.000000 -1.000000
2451545.033345  1.0055410971e+00  1.000000 0.000000 0.000000  0.000000 0.000000 -1.000000
2451545.034012  1.0078392735e+00  1.000000 0.000000 0.000000  0.000000 0.000000 -1.000000
2451545.034679  1.0117474001e+00  1.000000 0.000000 0.000000  0.000000 0.000000 -1.000000
2451545.035345  1.0179379054e+00  1.000000 0.000000 0.000000  0.000000 0.000000 -1.000000
2451545.036012  1.0211454153e+00  1.000000 0.000000 0.000000  0.000000 0.000000 -1.000000
2451545.036679  1.0239847437e+00  1.000000 0.000000 0.000000  0.000000 0.000000 -1.000000
2451545.037346  1.0298444865e+00  1.000000 0.000000 0.000000  0.000000 0.000000 -1.000000
2451545.038013  1.0327191895e+00  1.000000 0.000000 0.000000  0.000000 0.000000 -1.000000
2451545.038680  1.0354194353e+00  1.000000 0.000000 0.000000  0.000000 0.000000 -1.000000
2451545.039347  1.0403692871e+00  1.000000 0.000000 0.000000  0.000000 0.000000 -1.000000
2451545.040014  1.0417371283e+00  1.000000 0.000000 0.000000  0.000000 0.000000 -1.000000
2451545.040681  1.0444428879e+00  1.000000 0.000000 0.000000  0.000000 0.000000 -1.000000
2451545.041348  1.0490394886e+00  1.000000 0.000000 0.000000  0.000000 0.000000 -1.000000
2451545.042014  1.0504265969e+00  1.000000 0.000000 0.000000  0.000000 0.000000 -1.000000
2451545.042681  1.0514525243e+00  1.000000 0.000000 0.000000  0.000000 0.000000 -1.000000
2451545.043348  1.0556867669e+00  1.000000 0.000000 0.000000  0.000000 0.000000 -1.000000
2451545.044015  1.0576098232e+00  1.000000 0.000000 0.000000  0.000000 0.000000 -1.000000
2451545.044682  1.0597224530e+00  1.000000 0.000000 0.000000  0.000000 0.000000 -1.000000
2451545.045349  1.0573740953e+00  1.000000 0.000000 0.000000  0.000000 0.000000 -1.000000
2451545.046016  1.0580757652e+00  1.000000 0.000000 0.000000  0.000000 0.000000 -1.000000
2451545.046683  1.0593719898e+00  1.000000 0.000000 0.000000  0.000000 0.000000 -1.000000
2451545.047350  1.0626049620e+00  1.000000 0.000000 0.000000  0.000000 0.000000 -1.000000
2451545.048017  1.0620333296e+00  1.000000 0.000000 0.000000  0.000000 0.000000 -1.000000
2451545.048683  1.0589834879e+00  1.000000 0.000000 0.000000  0.000000 0.000000 -1.000000
2451545.049350  1.0606869239e+00  1.000000 0.000000 0.000000  0.000000 0.000000 -1.000000
2451545.050017  1.0611857625e+00  1.000000 0.000000 0.000000  0.000000 0.000000 -1.000000
2451545.050684  1.0588356701e+00  1.000000 0.000000 0.000000  0.000000 0.000000 -1.000000
2451545.051351  1.0571971600e+00  1.000000 0.000000 0.000000  0.000000 0.000000 -1.000000
2451545.052018  1.0554782360e+00  1.000000 0.000000 0.000000  0.000000 0.000000 -1.000000
2451545.052685  1.0561766225e+00  1.000000 0.000000 0.000000  0.000000 0.000000 -1.000000
2451545.053352  1.0544609820e+00  1.000000 0.000000 0.000000  0.000000 0.000000 -1.000000
2451545.054019  1.0520218025e+00  1.000000 0.000000 0.000000  0.000000 0.000000 -1.000000
2451545.054685  1.0471708882e+00  1.000000 0.000000 0.000000  0.000000 0.000000 -1.000000
2451545.055352  1.0450195383e+00  1.000000 0.000000 0.000000  0.000000 0.000000 -1.000000
2451545.056019  1.0423863867e+00  1.000000 0.000000 0.000000  0.000000 0.000000 -1.000000
2451545.056686  1.0400287362e+00  1.000000 0.000000 0.000000  0.000000 0.000000 -1.000000
2451545.057353  1.0364309898e+00  1.000000 0.000000 0.000000  0.000000 0.000000 -1.000000
2451545.058020  1.0332436763e+00  1.000000 0.000000 0.000000  0.000000 0.000000 -1.000000
2451545.058687  1.0337212653e+00  1.000000 0.000000 0.000000  0.000000 0.000000 -1.000000
2451545.059354  1.0319180864e+00  1.000000 0.000000 0.000000  0.000000 0.000000 -1.000000
2451545.060021  1.0322192358e+00  1.000000 0.000000 0.000000  0.000000 0.000000 -1.000000
2451545.060688  1.0273955185e+00  1.000000 0.000000 0.000000  0.000000 0.000000 -1.000000
2451545.061354  1.0280548132e+00  1.000000 0.000000 0.000000  0.000000 0.000000 -1.000000
2451545.062021  1.0273445939e+00  1.000000 0.000000 0.000000  0.000000 0.000000 -1.000000
2451545.062688  1.0285571830e+00  1.000000 0.000000 0.000000  0.000000 0.000000 -1.000000
2451545.063355  1.0287702364e+00  1.000000 0.000000 0.000000  0.000000 0.000000 -1.000000
2451545.064022  1.0266450923e+00  1.000000 0.000000 0.000000  0.000000 0.000000 -1.000000
2451545.064689  1.0297959779e+00  1.000000 0.000000 0.000000  0.000000 0.000000 -1.000000
2451545.065356  1.0304765841e+00  1.000000 0.000000 0.000000  0.000000 0.000000 -1.000000
2451545.066023  1.0311148150e+00  1.000000 0.000000 0.000000  0.000000 0.000000 -1.000000
2451545.066690  1.0311150628e+00  1.000000 0.000000 0.000000  0.000000 0.000000 -1.000000
2451545.067356  1.0314186283e+00  1.000000 0.000000 0.000000  0.000000 0.000000 -1.000000
2451545.068023  1.0322552300e+00  1.000000 0.000000 0.000000  0.000000 0.000000 -1.000000
2451545.068690  1.0338293098e+00  1.000000 0.000000 0.000000  0.000000 0.000000 -1.000000
2451545.069357  1.0328377039e+00  1.000000 0.000000 0.000000  0.000000 0.000000 -1.000000
2451545.070024  1.0332194530e+00  1.000000 0.000000 0.000000  0.000000 0.000000 -1.000000
2451545.070691  1.0329059132e+00  1.000000 0.000000 0.000000  0.000000 0.000000 -1.000000
2451545.071358  1.0344258469e+00  1.000000 0.000000 0.000000  0.000000 0.000000 -1.000000
2451545.072025  1.0323341570e+00  1.000000 0.000000 0.000000  0.000000 0.000000 -1.000000
2451545.072692  1.0314518966e+00  1.000000 0.000000 0.000000  0.000000 0.000000 -1.000000
2451545.073359  1.0304659903e+00  1.000000 0.000000 0.000000  0.000000 0.000000 -1.000000
2451545.074025  1.0320791620e+00  1.000000 0.000000 0.000000  0.000000 0.000000 -1.000000
2451545.074692  1.0312484458e+00  1.000000 0.000000 0.000000  0.000000 0.000000 -1.000000
2451545.075359  1.0292379751e+00  1.000000 0.000000 0.000000  0.000000 0.000000 -1.000000
2451545.076026  1.0246000523e+00  1.000000 0.000000 0.000000  0.000000 0.000000 -1.000000
2451545.076693  1.0228897397e+00  1.000000 0.000000 0.000000  0.000000 0.000000 -1.000000
2451545.077360  1.0222796350e+00  1.000000 0.000000 0.000000  0.000000 0.000000 -1.000000
2451545.078027  1.0190379275e+00  1.000000 0.000000 0.000000  0.000000 0.000000 -1.000000
2451545.078694  1.0169375643e+00  1.000000 0.000000 0.000000  0.000000 0.000000 -1.000000
2451545.079361  1.0139917402e+00  1.000000 0.000000 0.000000  0.000000 0.000000 -1.000000
2451545.080028  1.0120093957e+00  1.000000 0.000000 0.000000  0.000000 0.000000 -1.000000
2451545.080694  1.0094344791e+00  1.000000 0.000000 0.000000  0.000000 0.000000 -1.000000
2451545.081361  1.0071891478e+00  1.000000 0.000000 0.000000  0.000000 0.000000 -1.000000
2451545.082028  1.0014402374e+00  1.000000 0.000000 0.000000  0.000000 0.000000 -1.000000
2451545.082695  9.9825143701e-01  1.000000 0.000000 0.000000  0.000000 0.000000 -1.000000
2451545.083362  9.9467636508e-01  1.000000 0.000000 0.000000  0.000000 0.000000 -1.000000
2451545.084029  9.9211916675e-01  1.000000 0.000000 0.000000  0.000000 0.000000 -1.000000
2451545.084696  9.8844360846e-01  1.000000 0.000000 0.000000  0.000000 0.000000 -1.000000
2451545.085363  9.8238462758e-01  1.000000 0.000000 0.000000  0.000000 0.000000 -1.000000
2451545.086030  9.7988399155e-01  1.000000 0.000000 0.000000  0.000000 0.000000 -1.000000
2451545.086696  9.7645698522e-01  1.000000 0.000000 0.000000  0.000000 0.000000 -1.000000
2451545.087363  9.7339295647e-01  1.000000 0.000000 0.000000  0.000000 0.000000 -1.000000
2451545.088030  9.6642501384e-01  1.000000 0.000000 0.000000  0.000000 0.000000 -1.000000
2451545.088697  9.6371243956e-01  1.000000 0.000000 0.000000  0.000000 0.000000 -1.000000
2451545.089364  9.6058800747e-01  1.000000 0.000000 0.000000  0.000000 0.000000 -1.000000
2451545.090031  9.5868409442e-01  1.000000 0.000000 0.000000  0.000000 0.000000 -1.000000
2451545.090698  9.5823958784e-01  1.000000 0.000000 0.000000  0.000000 0.000000 -1.000000
2451545.091365  9.6401990801e-01  1.000000 0.000000 0.000000  0.000000 0.000000 -1.000000
2451545.092032  9.7332641987e-01  1.000000 0.000000 0.000000  0.000000 0.000000 -1.000000
2451545.092699  9.7873645213e-01  1.000000 0.000000 0.000000  0.000000 0.000000 -1.000000
2451545.093365  9.8493897611e-01  1.000000 0.000000 0.000000  0.000000 0.000000 -1.000000
2451545.094032  9.9003627397e-01  1.000000 0.000000 0.000000  0.000000 0.000000 -1.000000
2451545.094699  9.9774442072e-01  1.000000 0.000000 0.000000  0.000000 0.000000 -1.000000
2451545.095366  1.0024358082e+00  1.000000 0.000000 0.000000  0.000000 0.000000 -1.000000
2451545.096033  1.0120115021e+00  1.000000 0.000000 0.000000  0.000000 0.000000 -1.000000
2451545.096700  1.0155299498e+00  1.000000 0.000000 0.000000  0.000000 0.000000 -1.000000
2451545.097367  1.0240109494e+00  1.000000 0.000000 0.000000  0.000000 0.000000 -1.000000
2451545.098034  1.0294787211e+00  1.000000 0.000000 0.000000  0.000000 0.000000 -1.000000
2451545.098701  1.0343098726e+00  1.000000 0.000000 0.000000  0.000000 0.000000 -1.000000
2451545.099367  1.0374385174e+00  1.000000 0.000000 0.000000  0.000000 0.000000 -1.000000
2451545.100034  1.0409340428e+00  1.000000 0.000000 0.000000  0.000000 0.000000 -1.000000
2451545.100701  1.0437622197e+00  1.000000 0.000000 0.000000  0.000000 0.000000 -1.000000
2451545.101368  1.0509425343e+00  1.000000 0.000000 0.000000  0.000000 0.000000 -1.000000
2451545.102035  1.0527620685e+00  1.000000 0.000000 0.000000  0.000000 0.000000 -1.000000
2451545.102702  1.0564371932e+00  1.000000 0.000000 0.000000  0.000000 0.000000 -1.000000
2451545.103369  1.0559135737e+00  1.000000 0.000000 0.000000  0.000000 0.000000 -1.000000
2451545.104036  1.0563100674e+00  1.000000 0.000000 0.000000  0.000000 0.000000 -1.000000
2451545.104703  1.0603706582e+00  1.000000 0.000000 0.000000  0.000000 0.000000 -1.000000
2451545.105370  1.0611318021e+00  1.000000 0.000000 0.000000  0.000000 0.000000 -1.000000
2451545.106036  1.0618092488e+00  1.000000 0.000000 0.000000  0.000000 0.000000 -1.000000
2451545.106703  1.0627590989e+00  1.000000 0.000000 0.000000  0.000000 0.000000 -1.000000
2451545.107370  1.0630483534e+00  1.000000 0.000000 0.000000  0.000000 0.000000 -1.000000
2451545.108037  1.0639588020e+00  1.000000 0.000000 0.000000  0.000000 0.000000 -1.000000
2451545.108704  1.0641398881e+00  1.000000 0.000000 0.000000  0.000000 0.000000 -1.000000
2451545.109371  1.0617533679e+00  1.000000 0.000000 0.000000  0.000000 0.000000 -1.000000
2451545.110038  1.0609742579e+00  1.000000 0.000000 0.000000  0.000000 0.000000 -1.000000
2451545.110705  1.0595337468e+00  1.000000 0.000000 0.000000  0.000000 0.000000 -1.000000
2451545.111372  1.0576241341e+00  1.000000 0.000000 0.000000  0.000000 0.000000 -1.000000
2451545.112039  1.0564982780e+00  1.000000 0.000000 0.000000  0.000000 0.000000 -1.000000
2451545.112705  1.0553118326e+00  1.000000 0.000000 0.000000  0.000000 0.000000 -1.000000
2451545.113372  1.0546339523e+00  1.000000 0.000000 0.000000  0.000000 0.000000 -1.000000
2451545.114039  1.0518309279e+00  1.000000 0.000000 0.000000  0.000000 0.000000 -1.000000
2451545.114706  1.0491936874e+00  1.000000 0.000000 0.000000  0.000000 0.000000 -1.000000
2451545.115373  1.0431314850e+00  1.000000 0.000000 0.000000  0.000000 0.000000 -1.000000
2451545.116040  1.0402924045e+00  1.000000 0.000000 0.000000  0.000000 0.000000 -1.000000
2451545.116707  1.0366059426e+00  1.000000 0.000000 0.000000  0.000000 0.000000 -1.000000
2451545.117374  1.0320072355e+00  1.000000 0.000000 0.000000  0.000000 0.000000 -1.000000
2451545.118041  1.0291434980e+00  1.000000 0.000000 0.000000  0.000000 0.000000 -1.000000
2451545.118707  1.0249673045e+00  1.000000 0.000000 0.000000  0.000000 0.000000 -1.000000
2451545.119374  1.0211375474e+00  1.000000 0.000000 0.000000  0.000000 0.000000 -1.000000
2451545.120041  1.0172860450e+00  1.000000 0.000000 0.000000  0.000000 0.000000 -1.000000
2451545.120708  1.0115698453e+00  1.000000 0.000000 0.000000  0.000000 0.000000 -1.000000
2451545.121375  1.0072547551e+00  1.000000 0.000000 0.000000  0.000000 0.000000 -1.000000
2451545.122042  1.0059221647e+00  1.000000 0.000000 0.000000  0.000000 0.000000 -1.000000
2451545.122709  1.0039208009e+00  1.000000 0.000000 0.000000  0.000000 0.000000 -1.000000
2451545.123376  1.0014607435e+00  1.000000 0.000000 0.000000  0.000000 0.000000 -1.000000
2451545.124043  1.0001805026e+00  1.000000 0.000000 0.000000  0.000000 0.000000 -1.000000
2451545.124710  9.9426760488e-01  1.000000 0.000000 0.000000  0.000000 0.000000 -1.000000
2451545.125376  9.9471180170e-01  1.000000 0.000000 0.000000  0.000000 0.000000 -1.000000
2451545.126043  9.9356599694e-01  1.000000 0.000000 0.000000  0.000000 0.000000 -1.000000
2451545.126710  9.8956717240e-01  1.000000 0.000000 0.000000  0.000000 0.000000 -1.000000
2451545.127377  9.8849453311e-01  1.000000 0.000000 0.000000  0.000000 0.000000 -1.000000
2451545.128044  9.8561146655e-01  1.000000 0.000000 0.000000  0.000000 0.000000 -1.000000
2451545.128711  9.8665759032e-01  1.000000 0.000000 0.000000  0.000000 0.000000 -1.000000
2451545.129378  9.8408632885e-01  1.000000 0.000000 0.000000  0.000000 0.000000 -1.000000
2451545.130045  9.8238506124e-01  1.000000 0.000000 0.000000  0.000000 0.000000 -1.000000
2451545.130712  9.7801563902e-01  1.000000 0.000000 0.000000  0.000000 0.000000 -1.000000
2451545.131378  9.7496226603e-01  1.000000 0.000000 0.000000  0.000000 0.000000 -1.000000
2451545.132045  9.7418662529e-01  1.000000 0.000000 0.000000  0.000000 0.000000 -1.000000
2451545.132712  9.7257686098e-01  1.000000 0.000000 0.000000  0.000000 0.000000 -1.000000
2451545.133379  9.7123739384e-01  1.000000 0.000000 0.000000  0.000000 0.000000 -1.000000
2451545.134046  9.6964522394e-01  1.000000 0.000000 0.000000  0.000000 0.000000 -1.000000
2451545.134713  9.6861074716e-01  1.000000 0.000000 0.000000  0.000000 0.000000 -1.000000
2451545.135380  9.6617503697e-01  1.000000 0.000000 0.000000  0.000000 0.000000 -1.000000
2451545.136047  9.6545038284e-01  1.000000 0.000000 0.000000  0.000000 0.000000 -1.000000
2451545.136714  9.6092050458e-01  1.000000 0.000000 0.000000  0.000000 0.000000 -1.000000
2451545.137381  9.5916775474e-01  1.000000 0.000000 0.000000  0.000000 0.000000 -1.000000
2451545.138047  9.5745428256e-01  1.000000 0.000000 0.000000  0.000000 0.000000 -1.000000
2451545.138714  9.5446218023e-01  1.000000 0.000000 0.000000  0.000000 0.000000 -1.000000
2451545.139381  9.5456241879e-01  1.000000 0.000000 0.000000  0.000000 0.000000 -1.000000
2451545.140048  9.5325485700e-01  1.000000 0.000000 0.000000  0.000000 0.000000 -1.000000
2451545.140715  9.5222818620e-01  1.000000 0.000000 0.000000  0.000000 0.000000 -1.000000
2451545.141382  9.5083977687e-01  1.000000 0.000000 0.000000  0.000000 0.000000 -1.000000
2451545.142049  9.4926123644e-01  1.000000 0.000000 0.000000  0.000000 0.000000 -1.000000
2451545.142716  9.4559007675e-01  1.000000 0.000000 0.000000  0.000000 0.000000 -1.000000
2451545.143383  9.4553562082e-01  1.000000 0.000000 0.000000  0.000000 0.000000 -1.000000
2451545.144050  9.4651260601e-01  1.000000 0.000000 0.000000  0.000000 0.000000 -1.000000
2451545.144716  9.4588131374e-01  1.000000 0.000000 0.000000  0.000000 0.000000 -1.000000
2451545.145383  9.4623357359e-01  1.000000 0.000000 0.000000  0.000000 0.000000 -1.000000
2451545.146050  9.4464437739e-01  1.000000 0.000000 0.000000  0.000000 0.000000 -1.000000
2451545.146717  9.4393310491e-01  1.000000 0.000000 0.000000  0.000000 0.000000 -1.000000
2451545.147384  9.4625023871e-01  1.000000 0.000000 0.000000  0.000000 0.000000 -1.000000
2451545.148051  9.4689757658e-01  1.000000 0.000000 0.000000  0.000000 0.000000 -1.000000
2451545.148718  9.4855820360e-01  1.000000 0.000000 0.000000  0.000000 0.000000 -1.000000
2451545.149385  9.5203365649e-01  1.000000 0.000000 0.000000  0.000000 0.000000 -1.000000
2451545.150052  9.5800732928e-01  1.000000 0.000000 0.000000  0.000000 0.000000 -1.000000
2451545.150718  9.5931761696e-01  1.000000 0.000000 0.000000  0.000000 0.000000 -1.000000
2451545.151385  9.6243232256e-01  1.000000 0.000000 0.000000  0.000000 0.000000 -1.000000
2451545.152052  9.6498475058e-01  1.000000 0.000000 0.000000  0.000000 0.000000 -1.000000
2451545.152719  9.6895582056e-01  1.000000 0.000000 0.000000  0.000000 0.000000 -1.000000
2451545.153386  9.7155799614e-01  1.000000 0.000000 0.000000  0.000000 0.000000 -1.000000
2451545.154053  9.7690520893e-01  1.000000 0.000000 0.000000  0.000000 0.000000 -1.000000
2451545.154720  9.7972142914e-01  1.000000 0.000000 0.000000  0.000000 0.000000 -1.000000
2451545.155387  9.8218799149e-01  1.000000 0.000000 0.000000  0.000000 0.000000 -1.000000
2451545.156054  9.8951736288e-01  1.000000 0.000000 0.000000  0.000000 0.000000 -1.000000
2451545.156721  9.9275107854e-01  1.000000 0.000000 0.000000  0.000000 0.000000 -1.000000
2451545.157387  9.9604736585e-01  1.000000 0.000000 0.000000  0.000000 0.000000 -1.000000
2451545.158054  9.9857340226e-01  1.000000 0.000000 0.000000  0.000000 0.000000 -1.000000
2451545.158721  1.0000478631e+00  1.000000 0.000000 0.000000  0.000000 0.000000 -1.000000
2451545.159388  1.0045113906e+00  1.000000 0.000000 0.000000  0.000000 0.000000 -1.000000
2451545.160055  1.0104560079e+00  1.000000 0.000000 0.000000  0.000000 0.000000 -1.000000
2451545.160722  1.0128240044e+00  1.000000 0.000000 0.000000  0.000000 0.000000 -1.000000
2451545.161389  1.0138760136e+00  1.000000 0.000000 0.000000  0.000000 0.000000 -1.000000
2451545.162056  1.0174285969e+00  1.000000 0.000000 0.000000  0.000000 0.000000 -1.000000
2451545.162723  1.0196957353e+00  1.000000 0.000000 0.000000  0.000000 0.000000 -1.000000
2451545.163389  1.0220041339e+00  1.000000 0.000000 0.000000  0.000000 0.000000 -1.000000
2451545.164056  1.0218585463e+00  1.000000 0.000000 0.000000  0.000000 0.000000 -1.000000
2451545.164723  1.0222573942e+00  1.000000 0.000000 0.000000  0.000000 0.000000 -1.000000
2451545.165390  1.0225436131e+00  1.000000 0.000000 0.000000  0.000000 0.000000 -1.000000
2451545.166057  1.0239499885e+00  1.000000 0.000000 0.000000  0.000000 0.000000 -1.000000
2451545.166724  1.0249262303e+00  1.000000 0.000000 0.000000  0.000000 0.000000 -1.000000
2451545.167391  1.0247030167e+00  1.000000 0.000000 0.000000  0.000000 0.000000 -1.000000
2451545.168058  1.0228987227e+00  1.000000 0.000000 0.000000  0.000000 0.000000 -1.000000
2451545.168725  1.0219639269e+00  1.000000 0.000000 0.000000  0.000000 0.000000 -1.000000
2451545.169392  1.0198282509e+00  1.000000 0.000000 0.000000  0.000000 0.000000 -1.000000
2451545.170058  1.0181180003e+00  1.000000 0.000000 0.000000  0.000000 0.000000 -1.000000
2451545.170725  1.0164814726e+00  1.000000 0.000000 0.000000  0.000000 0.000000 -1.000000
2451545.171392  1.0151589184e+00  1.000000 0.000000 0.000000  0.000000 0.000000 -1.000000
2451545.172059  1.0118139987e+00  1.000000 0.000000 0.000000  0.000000 0.000000 -1.000000
2451545.172726  1.0103876127e+00  1.000000 0.000000 0.000000  0.000000 0.000000 -1.000000
2451545.173393  1.0046154083e+00  1.000000 0.000000 0.000000  0.000000 0.000000 -1.000000
2451545.174060  1.0024322769e+00  1.000000 0.000000 0.000000  0.000000 0.000000 -1.000000
2451545.174727  9.9927674486e-01  1.000000 0.000000 0.000000  0.000000 0.000000 -1.000000
2451545.175394  9.9520401142e-01  1.000000 0.000000 0.000000  0.000000 0.000000 -1.000000
2451545.176061  9.9150714159e-01  1.000000 0.000000 0.000000  0.000000 0.000000 -1.000000
2451545.176727  9.8932109851e-01  1.000000 0.000000 0.000000  0.000000 0.000000 -1.000000
2451545.177394  9.8532772576e-01  1.000000 0.000000 0.000000  0.000000 0.000000 -1.000000
2451545.178061  9.8293042590e-01  1.000000 0.000000 0.000000  0.000000 0.000000 -1.000000
2451545.178728  9.7937016053e-01  1.000000 0.000000 0.000000  0.000000 0.000000 -1.000000
2451545.179395  9.7182996602e-01  1.000000 0.000000 0.000000  0.000000 0.000000 -1.000000
2451545.180062  9.7101368467e-01  1.000000 0.000000 0.000000  0.000000 0.000000 -1.000000
2451545.180729  9.6880416173e-01  1.000000 0.000000 0.000000  0.000000 0.000000 -1.000000
2451545.181396  9.6756518096e-01  1.000000 0.000000 0.000000  0.000000 0.000000 -1.000000
2451545.182063  9.6688457479e-01  1.000000 0.000000 0.000000  0.000000 0.000000 -1.000000
2451545.182729  9.6394091904e-01  1.000000 0.000000 0.000000  0.000000 0.000000 -1.000000
2451545.183396  9.6469493849e-01  1.000000 0.000000 0.000000  0.000000 0.000000 -1.000000
2451545.184063  9.6276674020e-01  1.000000 0.000000 0.000000  0.000000 0.000000 -1.000000
2451545.184730  9.6246788309e-01  1.000000 0.000000 0.000000  0.000000 0.000000 -1.000000
2451545.185397  9.5992598694e-01  1.000000 0.000000 0.000000  0.000000 0.000000 -1.000000
2451545.186064  9.5772780124e-01  1.000000 0.000000 0.000000  0.000000 0.000000 -1.000000
2451545.186731  9.5768022200e-01  1.000000 0.000000 0.000000  0.000000 0.000000 -1.000000
2451545.187398  9.5741190730e-01  1.000000 0.000000 0.000000  0.000000 0.000000 -1.000000
2451545.188065  9.5670267924e-01  1.000000 0.000000 0.000000  0.000000 0.000000 -1.000000
2451545.188732  9.5689745676e-01  1.000000 0.000000 0.000000  0.000000 0.000000 -1.000000
2451545.189398  9.5205558755e-01  1.000000 0.000000 0.000000  0.000000 0.000000 -1.000000
2451545.190065  9.5455176302e-01  1.000000 0.000000 0.000000  0.000000 0.000000 -1.000000
2451545.190732  9.5364744769e-01  1.000000 0.000000 0.000000  0.000000 0.000000 -1.000000
2451545.191399  9.5047884373e-01  1.000000 0.000000 0.000000  0.000000 0.000000 -1.000000
2451545.192066  9.4897210582e-01  1.000000 0.000000 0.000000  0.000000 0.000000 -1.000000
2451545.192733  9.4794487745e-01  1.000000 0.000000 0.000000  0.000000 0.000000 -1.000000
2451545.193400  9.4653850200e-01  1.000000 0.000000 0.000000  0.000000 0.000000 -1.000000
2451545.194067  9.4569936032e-01  1.000000 0.000000 0.000000  0.000000 0.000000 -1.000000
2451545.194734  9.4266500663e-01  1.000000 0.000000 0.000000  0.000000 0.000000 -1.000000
2451545.195400  9.4097928901e-01  1.000000 0.000000 0.000000  0.000000 0.000000 -1.000000
2451545.196067  9.3790454253e-01  1.000000 0.000000 0.000000  0.000000 0.000000 -1.000000
2451545.196734  9.3563238598e-01  1.000000 0.000000 0.000000  0.000000 0.000000 -1.000000
2451545.197401  9.3529257851e-01  1.000000 0.000000 0.000000  0.000000 0.000000 -1.000000
2451545.198068  9.3383800430e-01  1.000000 0.000000 0.000000  0.000000 0.000000 -1.000000
2451545.198735  9.3343581104e-01  1.000000 0.000000 0.000000  0.000000 0.000000 -1.000000
2451545.199402  9.3114537860e-01  1.000000 0.000000 0.000000  0.000000 0.000000 -1.000000
2451545.200069  9.2859394182e-01  1.000000 0.000000 0.000000  0.000000 0.000000 -1.000000
2451545.200736  9.2528167086e-01  1.000000 0.000000 0.000000  0.000000 0.000000 -1.000000
2451545.201403  9.2345953463e-01  1.000000 0.000000 0.000000  0.000000 0.000000 -1.000000
2451545.202069  9.2121767267e-01  1.000000 0.000000 0.000000  0.000000 0.000000 -1.000000
2451545.202736  9.1984964560e-01  1.000000 0.000000 0.000000  0.000000 0.000000 -1.000000
2451545.203403  9.1730657235e-01  1.000000 0.000000 0.000000  0.000000 0.000000 -1.000000
2451545.204070  9.1584908640e-01  1.000000 0.000000 0.000000  0.000000 0.000000 -1.000000
2451545.204737  9.1429433558e-01  1.000000 0.000000 0.000000  0.000000 0.000000 -1.000000
2451545.205404  9.1239413966e-01  1.000000 0.000000 0.000000  0.000000 0.000000 -1.000000
2451545.206071  9.1092829016e-01  1.000000 0.000000 0.000000  0.000000 0.000000 -1.000000
2451545.206738  9.0688393080e-01  1.000000 0.000000 0.000000  0.000000 0.000000 -1.000000
2451545.207405  9.0591159202e-01  1.000000 0.000000 0.000000  0.000000 0.000000 -1.000000
2451545.208072  9.0513142877e-01  1.000000 0.000000 0.000000  0.000000 0.000000 -1.000000
2451545.208738  9.0604782477e-01  1.000000 0.000000 0.000000  0.000000 0.000000 -1.000000
2451545.209405  9.0564129485e-01  1.000000 0.000000 0.000000  0.000000 0.000000 -1.000000
2451545.210072  9.0598054475e-01  1.000000 0.000000 0.000000  0.000000 0.000000 -1.000000
2451545.210739  9.1222643523e-01  1.000000 0.000000 0.000000  0.000000 0.000000 -1.000000
2451545.211406  9.2099891968e-01  1.000000 0.000000 0.000000  0.000000 0.000000 -1.000000
2451545.212073  9.2895890186e-01  1.000000 0.000000 0.000000  0.000000 0.000000 -1.000000
2451545.212740  9.3693561112e-01  1.000000 0.000000 0.000000  0.000000 0.000000 -1.000000
2451545.213407  9.4349466964e-01  1.000000 0.000000 0.000000  0.000000 0.000000 -1.000000
2451545.214074  9.5111168480e-01  1.000000 0.000000 0.000000  0.000000 0.000000 -1.000000
2451545.214740  9.6291994783e-01  1.000000 0.000000 0.000000  0.000000 0.000000 -1.000000
2451545.215407  9.6995560414e-01  1.000000 0.000000 0.000000  0.000000 0.000000 -1.000000
2451545.216074  9.7608254651e-01  1.000000 0.000000 0.000000  0.000000 0.000000 -1.000000
2451545.216741  9.8042080681e-01  1.000000 0.000000 0.000000  0.000000 0.000000 -1.000000
2451545.217408  9.8552244133e-01  1.000000 0.000000 0.000000  0.000000 0.000000 -1.000000
2451545.218075  9.9440173126e-01  1.000000 0.000000 0.000000  0.000000 0.000000 -1.000000
2451545.218742  9.9896165630e-01  1.000000 0.000000 0.000000  0.000000 0.000000 -1.000000
2451545.219409  1.0025312145e+00  1.000000 0.000000 0.000000  0.000000 0.000000 -1.000000
2451545.220076  1.0101145896e+00  1.000000 0.000000 0.000000  0.000000 0.000000 -1.000000
2451545.220743  1.0137798019e+00  1.000000 0.000000 0.000000  0.000000 0.000000 -1.000000
2451545.221409  1.0174881329e+00  1.000000 0.000000 0.000000  0.000000 0.000000 -1.000000
2451545.222076  1.0199862908e+00  1.000000 0.000000 0.000000  0.000000 0.000000 -1.000000
2451545.222743  1.0219903185e+00  1.000000 0.000000 0.000000  0.000000 0.000000 -1.000000
2451545.223410  1.0236888603e+00  1.000000 0.000000 0.000000  0.000000 0.000000 -1.000000
2451545.224077  1.0289878743e+00  1.000000 0.000000 0.000000  0.000000 0.000000 -1.000000
2451545.224744  1.0310189131e+00  1.000000 0.000000 0.000000  0.000000 0.000000 -1.000000
2451545.225411  1.0328007185e+00  1.000000 0.000000 0.000000  0.000000 0.000000 -1.000000
2451545.226078  1.0354178246e+00  1.000000 0.000000 0.000000  0.000000 0.000000 -1.000000
2451545.226745  1.0335988479e+00  1.000000 0.000000 0.000000  0.000000 0.000000 -1.000000
2451545.227411  1.0352579880e+00  1.000000 0.000000 0.000000  0.000000 0.000000 -1.000000
2451545.228078  1.0336911566e+00  1.000000 0.000000 0.000000  0.000000 0.000000 -1.000000
2451545.228745  1.0336870058e+00  1.000000 0.000000 0.000000  0.000000 0.000000 -1.000000
2451545.229412  1.0345270148e+00  1.000000 0.000000 0.000000  0.000000 0.000000 -1.000000
2451545.230079  1.0350617856e+00  1.000000 0.000000 0.000000  0.000000 0.000000 -1.000000
2451545.230746  1.0341386988e+00  1.000000 0.000000 0.000000  0.000000 0.000000 -1.000000
2451545.231413  1.0336312488e+00  1.000000 0.000000 0.000000  0.000000 0.000000 -1.000000
2451545.232080  1.0290469147e+00  1.000000 0.000000 0.000000  0.000000 0.000000 -1.000000
2451545.232747  1.0294371512e+00  1.000000 0.000000 0.000000  0.000000 0.000000 -1.000000
2451545.233414  1.0284272694e+00  1.000000 0.000000 0.000000  0.000000 0.000000 -1.000000
2451545.234080  1.0234326262e+00  1.000000 0.000000 0.000000  0.000000 0.000000 -1.000000
2451545.234747  1.0233155986e+00  1.000000 0.000000 0.000000  0.000000 0.000000 -1.000000
2451545.235414  1.0200466322e+00  1.000000 0.000000 0.000000  0.000000 0.000000 -1.000000
2451545.236081  1.0183113529e+00  1.000000 0.000000 0.000000  0.000000 0.000000 -1.000000
2451545.236748  1.0165278748e+00  1.000000 0.000000 0.000000  0.000000 0.000000 -1.000000
2451545.237415  1.0130776364e+00  1.000000 0.000000 0.000000  0.000000 0.000000 -1.000000
2451545.238082  1.0096010064e+00  1.000000 0.000000 0.000000  0.000000 0.000000 -1.000000
2451545.238749  1.0069380558e+00  1.000000 0.000000 0.000000  0.000000 0.000000 -1.000000
2451545.239416  1.0022224450e+00  1.000000 0.000000 0.000000  0.000000 0.000000 -1.000000
360  1
2451545.000000  8.7258900500e-01  1.000000 0.000000 0.000000  0.000000 1.000000 0.000000
2451545.000667  8.6424623403e-01  1.000000 0.000000 0.000000  0.000000 1.000000 0.000000
2451545.001334  8.6031146688e-01  1.000000 0.000000 0.000000  0.000000 1.000000 0.000000
2451545.002001  8.6671990872e-01  1.000000 0.000000 0.000000  0.000000 1.000000 0.000000
2451545.002668  8.8452415055e-01  1.000000 0.000000 0.000000  0.000000 1.000000 0.000000
2451545.003334  8.9453853217e-01  1.000000 0.000000 0.000000  0.000000 1.000000 0.000000
2451545.004001  9.1363129648e-01  1.000000 0.000000 0.000000  0.000000 1.000000 0.000000
2451545.004668  9.2625534824e-01  1.000000 0.000000 0.000000  0.000000 1.000000 0.000000
2451545.005335  9.3740199496e-01  1.000000 0.000000 0.000000  0.000000 1.000000 0.000000
2451545.006002  9.5317386043e-01  1.000000 0.000000 0.000000  0.000000 1.000000 0.000000
2451545.006669  9.6314170827e-01  1.000000 0.000000 0.000000  0.000000 1.000000 0.000000
2451545.007336  9.7039016236e-01  1.000000 0.000000 0.000000  0.000000 1.000000 0.000000
2451545.008003  9.8604114300e-01  1.000000 0.000000 0.000000  0.000000 1.000000 0.000000
2451545.008670  9.9482589916e-01  1.000000 0.000000 0.000000  0.000000 1.000000 0.000000
2451545.009337  1.0048954002e+00  1.000000 0.000000 0.000000  0.000000 1.000000 0.000000
2451545.010003  1.0172793993e+00  1.000000 0.000000 0.000000  0.000000 1.000000 0.000000
2451545.010670  1.0222705351e+00  1.000000 0.000000 0.000000  0.000000 1.000000 0.000000
2451545.011337  1.0298703108e+00  1.000000 0.000000 0.000000  0.000000 1.000000 0.000000
2451545.012004  1.0448145272e+00  1.000000 0.000000 0.000000  0.000000 1.000000 0.000000
2451545.012671  1.0498896299e+00  1.000000 0.000000 0.000000  0.000000 1.000000 0.000000
2451545.013338  1.0534430260e+00  1.000000 0.000000 0.000000  0.000000 1.000000 0.000000
2451545.014005  1.0576480669e+00  1.000000 0.000000 0.000000  0.000000 1.000000 0.000000
2451545.014672  1.0625725787e+00  1.000000 0.000000 0.000000  0.000000 1.000000 0.000000
2451545.015339  1.0660675929e+00  1.000000 0.000000 0.000000  0.000000 1.000000 0.000000
2451545.016006  1.0746720521e+00  1.000000 0.000000 0.000000  0.000000 1.000000 0.000000
2451545.016672  1.0741265249e+00  1.000000 0.000000 0.000000  0.000000 1.000000 0.000000
2451545.017339  1.0753940986e+00  1.000000 0.000000 0.000000  0.000000 1.000000 0.000000
2451545.018006  1.0746189933e+00  1.000000 0.000000 0.000000  0.000000 1.000000 0.000000
2451545.018673  1.0735830583e+00  1.000000 0.000000 0.000000  0.000000 1.000000 0.000000
2451545.019340  1.0725709912e+00  1.000000 0.000000 0.000000  0.000000 1.000000 0.000000
2451545.020007  1.0700253694e+00  1.000000 0.000000 0.000000  0.000000 1.000000 0.000000
2451545.020674  1.0684148880e+00  1.000000 0.000000 0.000000  0.000000 1.000000 0.000000
2451545.021341  1.0645513811e+00  1.000000 0.000000 0.000000  0.000000 1.000000 0.000000
2451545.022008  1.0593528179e+00  1.000000 0.000000 0.000000  0.000000 1.000000 0.000000
2451545.022674  1.0534466320e+00  1.000000 0.000000 0.000000  0.000000 1.000000 0.000000
2451545.023341  1.0485387762e+00  1.000000 0.000000 0.000000  0.000000 1.000000 0.000000
2451545.024008  1.0419610269e+00  1.000000 0.000000 0.000000  0.000000 1.000000 0.000000
2451545.024675  1.0340641905e+00  1.000000 0.000000 0.000000  0.000000 1.000000 0.000000
2451545.025342  1.0219085675e+00  1.000000 0.000000 0.000000  0.000000 1.000000 0.000000
2451545.026009  1.0134476591e+00  1.000000 0.000000 0.000000  0.000000 1.000000 0.000000
2451545.026676  1.0082686710e+00  1.000000 0.000000 0.000000  0.000000 1.000000 0.000000
2451545.027343  9.9863480184e-01  1.000000 0.000000 0.000000  0.000000 1.000000 0.000000
2451545.028010  9.9249783575e-01  1.000000 0.000000 0.000000  0.000000 1.000000 0.000000
2451545.028677  9.8685007550e-01  1.000000 0.000000 0.000000  0.000000 1.000000 0.000000
2451545.029343  9.7746432937e-01  1.000000 0.000000 0.000000  0.000000 1.000000 0.000000
2451545.030010  9.7556159515e-01  1.000000 0.000000 0.000000  0.000000 1.000000 0.000000
2451545.030677  9.7429058723e-01  1.000000 0.000000 0.000000  0.000000 1.000000 0.000000
2451545.031344  9.7409517964e-01  1.000000 0.000000 0.000000  0.000000 1.000000 0.000000
2451545.032011  9.7506912680e-01  1.000000 0.000000 0.000000  0.000000 1.000000 0.000000
2451545.032678  9.7713636057e-01  1.000000 0.000000 0.000000  0.000000 1.000000 0.000000
2451545.033345  9.7930198497e-01  1.000000 0.000000 0.000000  0.000000 1.000000 0.000000
2451545.034012  9.8418923536e-01  1.000000 0.000000 0.000000  0.000000 1.000000 0.000000
2451545.034679  9.8781887132e-01  1.000000 0.000000 0.000000  0.000000 1.000000 0.000000
2451545.035345  9.9545316097e-01  1.000000 0.000000 0.000000  0.000000 1.000000 0.000000
2451545.036012  1.0010947396e+00  1.000000 0.000000 0.000000  0.000000 1.000000 0.000000
2451545.036679  1.0039863599e+00  1.000000 0.000000 0.000000  0.000000 1.000000 0.000000
2451545.037346  1.0071472237e+00  1.000000 0.000000 0.000000  0.000000 1.000000 0.000000
2451545.038013  1.0120525038e+00  1.000000 0.000000 0.000000  0.000000 1.000000 0.000000
2451545.038680  1.0134387301e+00  1.000000 0.000000 0.000000  0.000000 1.000000 0.000000
2451545.039347  1.0177898974e+00  1.000000 0.000000 0.000000  0.000000 1.000000 0.000000
2451545.040014  1.0195470203e+00  1.000000 0.000000 0.000000  0.000000 1.000000 0.000000
2451545.040681  1.0201895645e+00  1.000000 0.000000 0.000000  0.000000 1.000000 0.000000
2451545.041348  1.0180773423e+00  1.000000 0.000000 0.000000  0.000000 1.000000 0.000000
2451545.042014  1.0176530434e+00  1.000000 0.000000 0.000000  0.000000 1.000000 0.000000
2451545.042681  1.0158998698e+00  1.000000 0.000000 0.000000  0.000000 1.000000 0.000000
2451545.043348  1.0198468285e+00  1.000000 0.000000 0.000000  0.000000 1.000000 0.000000
2451545.044015  1.0157266130e+00  1.000000 0.000000 0.000000  0.000000 1.000000 0.000000
2451545.044682  1.0139856309e+00  1.000000 0.000000 0.000000  0.000000 1.000000 0.000000
2451545.045349  1.0061071676e+00  1.000000 0.000000 0.000000  0.000000 1.000000 0.000000
2451545.046016  1.0037251868e+00  1.000000 0.000000 0.000000  0.000000 1.000000 0.000000
2451545.046683  9.9842685932e-01  1.000000 0.000000 0.000000  0.000000 1.000000 0.000000
2451545.047350  9.9206443613e-01  1.000000 0.000000 0.000000  0.000000 1.000000 0.000000
2451545.048017  9.8916337172e-01  1.000000 0.000000 0.000000  0.000000 1.000000 0.000000
2451545.048683  9.8124043517e-01  1.000000 0.000000 0.000000  0.000000 1.000000 0.000000
2451545.049350  9.7517455761e-01  1.000000 0.000000 0.000000  0.000000 1.000000 0.000000
2451545.050017  9.7069065735e-01  1.000000 0.000000 0.000000  0.000000 1.000000 0.000000
2451545.050684  9.6089915714e-01  1.000000 0.000000 0.000000  0.000000 1.000000 0.000000
2451545.051351  9.5761809536e-01  1.000000 0.000000 0.000000  0.000000 1.000000 0.000000
2451545.052018  9.5233573700e-01  1.000000 0.000000 0.000000  0.000000 1.000000 0.000000
2451545.052685  9.4419438353e-01  1.000000 0.000000 0.000000  0.000000 1.000000 0.000000
2451545.053352  9.3864346851e-01  1.000000 0.000000 0.000000  0.000000 1.000000 0.000000
2451545.054019  9.3453269716e-01  1.000000 0.000000 0.000000  0.000000 1.000000 0.000000
2451545.054685  9.3078852968e-01  1.000000 0.000000 0.000000  0.000000 1.000000 0.000000
2451545.055352  9.2516721298e-01  1.000000 0.000000 0.000000  0.000000 1.000000 0.000000
2451545.056019  9.2034469780e-01  1.000000 0.000000 0.000000  0.000000 1.000000 0.000000
2451545.056686  9.1446787451e-01  1.000000 0.000000 0.000000  0.000000 1.000000 0.000000
2451545.057353  9.1145038976e-01  1.000000 0.000000 0.000000  0.000000 1.000000 0.000000
2451545.058020  9.1130546532e-01  1.000000 0.000000 0.000000  0.000000 1.000000 0.000000
2451545.058687  9.1345597912e-01  1.000000 0.000000 0.000000  0.000000 1.000000 0.000000
2451545.059354  9.1200810844e-01  1.000000 0.000000 0.000000  0.000000 1.000000 0.000000
2451545.060021  9.2105798703e-01  1.000000 0.000000 0.000000  0.000000 1.000000 0.000000
2451545.060688  9.3359978902e-01  1.000000 0.000000 0.000000  0.000000 1.000000 0.000000
2451545.061354  9.4505345575e-01  1.000000 0.000000 0.000000  0.000000 1.000000 0.000000
2451545.062021  9.5704269040e-01  1.000000 0.000000 0.000000  0.000000 1.000000 0.000000
2451545.062688  9.7436425143e-01  1.000000 0.000000 0.000000  0.000000 1.000000 0.000000
2451545.063355  9.8787021303e-01  1.000000 0.000000 0.000000  0.000000 1.000000 0.000000
2451545.064022  9.9835336683e-01  1.000000 0.000000 0.000000  0.000000 1.000000 0.000000
2451545.064689  1.0161960720e+00  1.000000 0.000000 0.000000  0.000000 1.000000 0.000000
2451545.065356  1.0239675591e+00  1.000000 0.000000 0.000000  0.000000 1.000000 0.000000
2451545.066023  1.0394602218e+00  1.000000 0.000000 0.000000  0.000000 1.000000 0.000000
2451545.066690  1.0541382855e+00  1.000000 0.000000 0.000000  0.000000 1.000000 0.000000
2451545.067356  1.0659049822e+00  1.000000 0.000000 0.000000  0.000000 1.000000 0.000000
2451545.068023  1.0737046299e+00  1.000000 0.000000 0.000000  0.000000 1.000000 0.000000
2451545.068690  1.0836836390e+00  1.000000 0.000000 0.000000  0.000000 1.000000 0.000000
2451545.069357  1.0933405175e+00  1.000000 0.000000 0.000000  0.000000 1.000000 0.000000
2451545.070024  1.1006464949e+00  1.000000 0.000000 0.000000  0.000000 1.000000 0.000000
2451545.070691  1.1123723242e+00  1.000000 0.000000 0.000000  0.000000 1.000000 0.000000
2451545.071358  1.1176316733e+00  1.000000 0.000000 0.000000  0.000000 1.000000 0.000000
2451545.072025  1.1176108962e+00  1.000000 0.000000 0.000000  0.000000 1.000000 0.000000
2451545.072692  1.1223774334e+00  1.000000 0.000000 0.000000  0.000000 1.000000 0.000000
2451545.073359  1.1241972310e+00  1.000000 0.000000 0.000000  0.000000 1.000000 0.000000
2451545.074025  1.1236290380e+00  1.000000 0.000000 0.000000  0.000000 1.000000 0.000000
2451545.074692  1.1235023149e+00  1.000000 0.000000 0.000000  0.000000 1.000000 0.000000
2451545.075359  1.1220240513e+00  1.000000 0.000000 0.000000  0.000000 1.000000 0.000000
2451545.076026  1.1173741061e+00  1.000000 0.000000 0.000000  0.000000 1.000000 0.000000
2451545.076693  1.1146315314e+00  1.000000 0.000000 0.000000  0.000000 1.000000 0.000000
2451545.077360  1.1082567450e+00  1.000000 0.000000 0.000000  0.000000 1.000000 0.000000
2451545.078027  1.1017360038e+00  1.000000 0.000000 0.000000  0.000000 1.000000 0.000000
2451545.078694  1.0974768738e+00  1.000000 0.000000 0.000000  0.000000 1.000000 0.000000
2451545.079361  1.0925657556e+00  1.000000 0.000000 0.000000  0.000000 1.000000 0.000000
2451545.080028  1.0824598517e+00  1.000000 0.000000 0.000000  0.000000 1.000000 0.000000
2451545.080694  1.0741552007e+00  1.000000 0.000000 0.000000  0.000000 1.000000 0.000000
2451545.081361  1.0649475193e+00  1.000000 0.000000 0.000000  0.000000 1.000000 0.000000
2451545.082028  1.0541334776e+00  1.000000 0.000000 0.000000  0.000000 1.000000 0.000000
2451545.082695  1.0452887942e+00  1.000000 0.000000 0.000000  0.000000 1.000000 0.000000
2451545.083362  1.0337317572e+00  1.000000 0.000000 0.000000  0.000000 1.000000 0.000000
2451545.084029  1.0163550768e+00  1.000000 0.000000 0.000000  0.000000 1.000000 0.000000
2451545.084696  1.0054544925e+00  1.000000 0.000000 0.000000  0.000000 1.000000 0.000000
2451545.085363  9.9390140489e-01  1.000000 0.000000 0.000000  0.000000 1.000000 0.000000
2451545.086030  9.7972508191e-01  1.000000 0.000000 0.000000  0.000000 1.000000 0.000000
2451545.086696  9.6609377097e-01  1.000000 0.000000 0.000000  0.000000 1.000000 0.000000
2451545.087363  9.5653751541e-01  1.000000 0.000000 0.000000  0.000000 1.000000 0.000000
2451545.088030  9.4083742530e-01  1.000000 0.000000 0.000000  0.000000 1.000000 0.000000
2451545.088697  9.3037041238e-01  1.000000 0.000000 0.000000  0.000000 1.000000 0.000000
2451545.089364  9.1950382698e-01  1.000000 0.000000 0.000000  0.000000 1.000000 0.000000
2451545.090031  9.1331792314e-01  1.000000 0.000000 0.000000  0.000000 1.000000 0.000000
2451545.090698  9.0952893899e-01  1.000000 0.000000 0.000000  0.000000 1.000000 0.000000
2451545.091365  9.0811901653e-01  1.000000 0.000000 0.000000  0.000000 1.000000 0.000000
2451545.092032  9.0429569009e-01  1.000000 0.000000 0.000000  0.000000 1.000000 0.000000
2451545.092699  9.0466195055e-01  1.000000 0.000000 0.000000  0.000000 1.000000 0.000000
2451545.093365  9.0769626302e-01  1.000000 0.000000 0.000000  0.000000 1.000000 0.000000
2451545.094032  9.0999530720e-01  1.000000 0.000000 0.000000  0.000000 1.000000 0.000000
2451545.094699  9.1352878476e-01  1.000000 0.000000 0.000000  0.000000 1.000000 0.000000
2451545.095366  9.1582679867e-01  1.000000 0.000000 0.000000  0.000000 1.000000 0.000000
2451545.096033  9.1805990567e-01  1.000000 0.000000 0.000000  0.000000 1.000000 0.000000
2451545.096700  9.2319802644e-01  1.000000 0.000000 0.000000  0.000000 1.000000 0.000000
2451545.097367  9.3009567411e-01  1.000000 0.000000 0.000000  0.000000 1.000000 0.000000
2451545.098034  9.3431531050e-01  1.000000 0.000000 0.000000  0.000000 1.000000 0.000000
2451545.098701  9.3663530347e-01  1.000000 0.000000 0.000000  0.000000 1.000000 0.000000
2451545.099367  9.3685251842e-01  1.000000 0.000000 0.000000  0.000000 1.000000 0.000000
2451545.100034  9.4074779194e-01  1.000000 0.000000 0.000000  0.000000 1.000000 0.000000
2451545.100701  9.4355836444e-01  1.000000 0.000000 0.000000  0.000000 1.000000 0.000000
2451545.101368  9.4977242895e-01  1.000000 0.000000 0.000000  0.000000 1.000000 0.000000
2451545.102035  9.5034216744e-01  1.000000 0.000000 0.000000  0.000000 1.000000 0.000000
2451545.102702  9.5263863594e-01  1.000000 0.000000 0.000000  0.000000 1.000000 0.000000
2451545.103369  9.5428363133e-01  1.000000 0.000000 0.000000  0.000000 1.000000 0.000000
2451545.104036  9.5525843705e-01  1.000000 0.000000 0.000000  0.000000 1.000000 0.000000
2451545.104703  9.5705419506e-01  1.000000 0.000000 0.000000  0.000000 1.000000 0.000000
2451545.105370  9.5987816105e-01  1.000000 0.000000 0.000000  0.000000 1.000000 0.000000
2451545.106036  9.6050507944e-01  1.000000 0.000000 0.000000  0.000000 1.000000 0.000000
2451545.106703  9.6262605888e-01  1.000000 0.000000 0.000000  0.000000 1.000000 0.000000
2451545.107370  9.6657490636e-01  1.000000 0.000000 0.000000  0.000000 1.000000 0.000000
2451545.108037  9.6629724900e-01  1.000000 0.000000 0.000000  0.000000 1.000000 0.000000
2451545.108704  9.6679795949e-01  1.000000 0.000000 0.000000  0.000000 1.000000 0.000000
2451545.109371  9.7238493391e-01  1.000000 0.000000 0.000000  0.000000 1.000000 0.000000
2451545.110038  9.7208564091e-01  1.000000 0.000000 0.000000  0.000000 1.000000 0.000000
2451545.110705  9.7074921094e-01  1.000000 0.000000 0.000000  0.000000 1.000000 0.000000
2451545.111372  9.6949588930e-01  1.000000 0.000000 0.000000  0.000000 1.000000 0.000000
2451545.112039  9.7201781490e-01  1.000000 0.000000 0.000000  0.000000 1.000000 0.000000
2451545.112705  9.7095595149e-01  1.000000 0.000000 0.000000  0.000000 1.000000 0.000000
2451545.113372  9.7397498164e-01  1.000000 0.000000 0.000000  0.000000 1.000000 0.000000
2451545.114039  9.6951254531e-01  1.000000 0.000000 0.000000  0.000000 1.000000 0.000000
2451545.114706  9.6899929988e-01  1.000000 0.000000 0.000000  0.000000 1.000000 0.000000
2451545.115373  9.6474446264e-01  1.000000 0.000000 0.000000  0.000000 1.000000 0.000000
2451545.116040  9.6208018828e-01  1.000000 0.000000 0.000000  0.000000 1.000000 0.000000
2451545.116707  9.5772610184e-01  1.000000 0.000000 0.000000  0.000000 1.000000 0.000000
2451545.117374  9.5438614305e-01  1.000000 0.000000 0.000000  0.000000 1.000000 0.000000
2451545.118041  9.5210873451e-01  1.000000 0.000000 0.000000  0.000000 1.000000 0.000000
2451545.118707  9.5001248151e-01  1.000000 0.000000 0.000000  0.000000 1.000000 0.000000
2451545.119374  9.4524130805e-01  1.000000 0.000000 0.000000  0.000000 1.000000 0.000000
2451545.120041  9.4109224505e-01  1.000000 0.000000 0.000000  0.000000 1.000000 0.000000
2451545.120708  9.3703539108e-01  1.000000 0.000000 0.000000  0.000000 1.000000 0.000000
2451545.121375  9.3813657640e-01  1.000000 0.000000 0.000000  0.000000 1.000000 0.000000
2451545.122042  9.4990292963e-01  1.000000 0.000000 0.000000  0.000000 1.000000 0.000000
2451545.122709  9.7627522780e-01  1.000000 0.000000 0.000000  0.000000 1.000000 0.000000
2451545.123376  9.8737310848e-01  1.000000 0.000000 0.000000  0.000000 1.000000 0.000000
2451545.124043  1.0005454348e+00  1.000000 0.000000 0.000000  0.000000 1.000000 0.000000
2451545.124710  1.0193794300e+00  1.000000 0.000000 0.000000  0.000000 1.000000 0.000000
2451545.125376  1.0293814484e+00  1.000000 0.000000 0.000000  0.000000 1.000000 0.000000
2451545.126043  1.0375820423e+00  1.000000 0.000000 0.000000  0.000000 1.000000 0.000000
2451545.126710  1.0481141339e+00  1.000000 0.000000 0.000000  0.000000 1.000000 0.000000
2451545.127377  1.0567417741e+00  1.000000 0.000000 0.000000  0.000000 1.000000 0.000000
2451545.128044  1.0639096955e+00  1.000000 0.000000 0.000000  0.000000 1.000000 0.000000
2451545.128711  1.0746900818e+00  1.000000 0.000000 0.000000  0.000000 1.000000 0.000000
2451545.129378  1.0784438651e+00  1.000000 0.000000 0.000000  0.000000 1.000000 0.000000
2451545.130045  1.0823147556e+00  1.000000 0.000000 0.000000  0.000000 1.000000 0.000000
2451545.130712  1.0868546338e+00  1.000000 0.000000 0.000000  0.000000 1.000000 0.000000
2451545.131378  1.0883600278e+00  1.000000 0.000000 0.000000  0.000000 1.000000 0.000000
2451545.132045  1.0872773873e+00  1.000000 0.000000 0.000000  0.000000 1.000000 0.000000
2451545.132712  1.0876496576e+00  1.000000 0.000000 0.000000  0.000000 1.000000 0.000000
2451545.133379  1.0887903366e+00  1.000000 0.000000 0.000000  0.000000 1.000000 0.000000
2451545.134046  1.0892496646e+00  1.000000 0.000000 0.000000  0.000000 1.000000 0.000000
2451545.134713  1.0868098171e+00  1.000000 0.000000 0.000000  0.000000 1.000000 0.000000
2451545.135380  1.0822656461e+00  1.000000 0.000000 0.000000  0.000000 1.000000 0.000000
2451545.136047  1.0792658477e+00  1.000000 0.000000 0.000000  0.000000 1.000000 0.000000
2451545.136714  1.0753748669e+00  1.000000 0.000000 0.000000  0.000000 1.000000 0.000000
2451545.137381  1.0708679573e+00  1.000000 0.000000 0.000000  0.000000 1.000000 0.000000
2451545.138047  1.0669663305e+00  1.000000 0.000000 0.000000  0.000000 1.000000 0.000000
2451545.138714  1.0558133304e+00  1.000000 0.000000 0.000000  0.000000 1.000000 0.000000
2451545.139381  1.0525841255e+00  1.000000 0.000000 0.000000  0.000000 1.000000 0.000000
2451545.140048  1.0468247528e+00  1.000000 0.000000 0.000000  0.000000 1.000000 0.000000
2451545.140715  1.0413818443e+00  1.000000 0.000000 0.000000  0.000000 1.000000 0.000000
2451545.141382  1.0346335855e+00  1.000000 0.000000 0.000000  0.000000 1.000000 0.000000
2451545.142049  1.0278557924e+00  1.000000 0.000000 0.000000  0.000000 1.000000 0.000000
2451545.142716  1.0142272289e+00  1.000000 0.000000 0.000000  0.000000 1.000000 0.000000
2451545.143383  1.0088542069e+00  1.000000 0.000000 0.000000  0.000000 1.000000 0.000000
2451545.144050  1.0030555123e+00  1.000000 0.000000 0.000000  0.000000 1.000000 0.000000
2451545.144716  9.9176256746e-01  1.000000 0.000000 0.000000  0.000000 1.000000 0.000000
2451545.145383  9.8480911358e-01  1.000000 0.000000 0.000000  0.000000 1.000000 0.000000
2451545.146050  9.7610592034e-01  1.000000 0.000000 0.000000  0.000000 1.000000 0.000000
2451545.146717  9.7169018951e-01  1.000000 0.000000 0.000000  0.000000 1.000000 0.000000
2451545.147384  9.6753236923e-01  1.000000 0.000000 0.000000  0.000000 1.000000 0.000000
2451545.148051  9.6402894116e-01  1.000000 0.000000 0.000000  0.000000 1.000000 0.000000
2451545.148718  9.6120926796e-01  1.000000 0.000000 0.000000  0.000000 1.000000 0.000000
2451545.149385  9.6214372150e-01  1.000000 0.000000 0.000000  0.000000 1.000000 0.000000
2451545.150052  9.6146099690e-01  1.000000 0.000000 0.000000  0.000000 1.000000 0.000000
2451545.150718  9.6276806422e-01  1.000000 0.000000 0.000000  0.000000 1.000000 0.000000
2451545.151385  9.6718173451e-01  1.000000 0.000000 0.000000  0.000000 1.000000 0.000000
2451545.152052  9.7690523700e-01  1.000000 0.000000 0.000000  0.000000 1.000000 0.000000
2451545.152719  9.8236016533e-01  1.000000 0.000000 0.000000  0.000000 1.000000 0.000000
2451545.153386  9.8814787040e-01  1.000000 0.000000 0.000000  0.000000 1.000000 0.000000
2451545.154053  9.9647243995e-01  1.000000 0.000000 0.000000  0.000000 1.000000 0.000000
2451545.154720  1.0071801923e+00  1.000000 0.000000 0.000000  0.000000 1.000000 0.000000
2451545.155387  1.0270293454e+00  1.000000 0.000000 0.000000  0.000000 1.000000 0.000000
2451545.156054  1.0336661634e+00  1.000000 0.000000 0.000000  0.000000 1.000000 0.000000
2451545.156721  1.0367586861e+00  1.000000 0.000000 0.000000  0.000000 1.000000 0.000000
2451545.157387  1.0471571861e+00  1.000000 0.000000 0.000000  0.000000 1.000000 0.000000
2451545.158054  1.0574969609e+00  1.000000 0.000000 0.000000  0.000000 1.000000 0.000000
2451545.158721  1.0658230759e+00  1.000000 0.000000 0.000000  0.000000 1.000000 0.000000
2451545.159388  1.0757050680e+00  1.000000 0.000000 0.000000  0.000000 1.000000 0.000000
2451545.160055  1.0841482901e+00  1.000000 0.000000 0.000000  0.000000 1.000000 0.000000
2451545.160722  1.0882235172e+00  1.000000 0.000000 0.000000  0.000000 1.000000 0.000000
2451545.161389  1.0939870110e+00  1.000000 0.000000 0.000000  0.000000 1.000000 0.000000
2451545.162056  1.1002755982e+00  1.000000 0.000000 0.000000  0.000000 1.000000 0.000000
2451545.162723  1.1040323006e+00  1.000000 0.000000 0.000000  0.000000 1.000000 0.000000
2451545.163389  1.1072843432e+00  1.000000 0.000000 0.000000  0.000000 1.000000 0.000000
2451545.164056  1.1088656336e+00  1.000000 0.000000 0.000000  0.000000 1.000000 0.000000
2451545.164723  1.1097566442e+00  1.000000 0.000000 0.000000  0.000000 1.000000 0.000000
2451545.165390  1.1093125985e+00  1.000000 0.000000 0.000000  0.000000 1.000000 0.000000
2451545.166057  1.1045376473e+00  1.000000 0.000000 0.000000  0.000000 1.000000 0.000000
2451545.166724  1.1014741439e+00  1.000000 0.000000 0.000000  0.000000 1.000000 0.000000
2451545.167391  1.0990215897e+00  1.000000 0.000000 0.000000  0.000000 1.000000 0.000000
2451545.168058  1.0985555650e+00  1.000000 0.000000 0.000000  0.000000 1.000000 0.000000
2451545.168725  1.0937833612e+00  1.000000 0.000000 0.000000  0.000000 1.000000 0.000000
2451545.169392  1.0819282332e+00  1.000000 0.000000 0.000000  0.000000 1.000000 0.000000
2451545.170058  1.0761309123e+00  1.000000 0.000000 0.000000  0.000000 1.000000 0.000000
2451545.170725  1.0706777011e+00  1.000000 0.000000 0.000000  0.000000 1.000000 0.000000
2451545.171392  1.0599144859e+00  1.000000 0.000000 0.000000  0.000000 1.000000 0.000000
2451545.172059  1.0505735565e+00  1.000000 0.000000 0.000000  0.000000 1.000000 0.000000
2451545.172726  1.0420904973e+00  1.000000 0.000000 0.000000  0.000000 1.000000 0.000000
2451545.173393  1.0298854214e+00  1.000000 0.000000 0.000000  0.000000 1.000000 0.000000
2451545.174060  1.0214264018e+00  1.000000 0.000000 0.000000  0.000000 1.000000 0.000000
2451545.174727  1.0126881794e+00  1.000000 0.000000 0.000000  0.000000 1.000000 0.000000
2451545.175394  9.9815658554e-01  1.000000 0.000000 0.000000  0.000000 1.000000 0.000000
2451545.176061  9.8567007463e-01  1.000000 0.000000 0.000000  0.000000 1.000000 0.000000
2451545.176727  9.7564796599e-01  1.000000 0.000000 0.000000  0.000000 1.000000 0.000000
2451545.177394  9.5807364576e-01  1.000000 0.000000 0.000000  0.000000 1.000000 0.000000
2451545.178061  9.4927034476e-01  1.000000 0.000000 0.000000  0.000000 1.000000 0.000000
2451545.178728  9.4121776609e-01  1.000000 0.000000 0.000000  0.000000 1.000000 0.000000
2451545.179395  9.3123446423e-01  1.000000 0.000000 0.000000  0.000000 1.000000 0.000000
2451545.180062  9.3106756074e-01  1.000000 0.000000 0.000000  0.000000 1.000000 0.000000
2451545.180729  9.3457270592e-01  1.000000 0.000000 0.000000  0.000000 1.000000 0.000000
2451545.181396  9.3977607702e-01  1.000000 0.000000 0.000000  0.000000 1.000000 0.000000
2451545.182063  9.4136955899e-01  1.000000 0.000000 0.000000  0.000000 1.000000 0.000000
2451545.182729  9.4552325819e-01  1.000000 0.000000 0.000000  0.000000 1.000000 0.000000
2451545.183396  9.5480700773e-01  1.000000 0.000000 0.000000  0.000000 1.000000 0.000000
2451545.184063  9.5753138110e-01  1.000000 0.000000 0.000000  0.000000 1.000000 0.000000
2451545.184730  9.5974766037e-01  1.000000 0.000000 0.000000  0.000000 1.000000 0.000000
2451545.185397  9.6100630507e-01  1.000000 0.000000 0.000000  0.000000 1.000000 0.000000
2451545.186064  9.6403821358e-01  1.000000 0.000000 0.000000  0.000000 1.000000 0.000000
2451545.186731  9.6692382396e-01  1.000000 0.000000 0.000000  0.000000 1.000000 0.000000
2451545.187398  9.7195136258e-01  1.000000 0.000000 0.000000  0.000000 1.000000 0.000000
2451545.188065  9.7303623532e-01  1.000000 0.000000 0.000000  0.000000 1.000000 0.000000
2451545.188732  9.7487474948e-01  1.000000 0.000000 0.000000  0.000000 1.000000 0.000000
2451545.189398  9.7779659097e-01  1.000000 0.000000 0.000000  0.000000 1.000000 0.000000
2451545.190065  9.7965742761e-01  1.000000 0.000000 0.000000  0.000000 1.000000 0.000000
2451545.190732  9.7657417738e-01  1.000000 0.000000 0.000000  0.000000 1.000000 0.000000
2451545.191399  9.7660903480e-01  1.000000 0.000000 0.000000  0.000000 1.000000 0.000000
2451545.192066  9.7592012859e-01  1.000000 0.000000 0.000000  0.000000 1.000000 0.000000
2451545.192733  9.7430260703e-01  1.000000 0.000000 0.000000  0.000000 1.000000 0.000000
2451545.193400  9.7447483358e-01  1.000000 0.000000 0.000000  0.000000 1.000000 0.000000
2451545.194067  9.7009825295e-01  1.000000 0.000000 0.000000  0.000000 1.000000 0.000000
2451545.194734  9.6967721656e-01  1.000000 0.000000 0.000000  0.000000 1.000000 0.000000
2451545.195400  9.6843333904e-01  1.000000 0.000000 0.000000  0.000000 1.000000 0.000000
2451545.196067  9.6802552442e-01  1.000000 0.000000 0.000000  0.000000 1.000000 0.000000
2451545.196734  9.6202953341e-01  1.000000 0.000000 0.000000  0.000000 1.000000 0.000000
2451545.197401  9.5728480350e-01  1.000000 0.000000 0.000000  0.000000 1.000000 0.000000
2451545.198068  9.5485560207e-01  1.000000 0.000000 0.000000  0.000000 1.000000 0.000000
2451545.198735  9.5314690174e-01  1.000000 0.000000 0.000000  0.000000 1.000000 0.000000
2451545.199402  9.4860461959e-01  1.000000 0.000000 0.000000  0.000000 1.000000 0.000000
2451545.200069  9.4407779148e-01  1.000000 0.000000 0.000000  0.000000 1.000000 0.000000
2451545.200736  9.3715215484e-01  1.000000 0.000000 0.000000  0.000000 1.000000 0.000000
2451545.201403  9.3510432447e-01  1.000000 0.000000 0.000000  0.000000 1.000000 0.000000
2451545.202069  9.3109434772e-01  1.000000 0.000000 0.000000  0.000000 1.000000 0.000000
2451545.202736  9.2862857175e-01  1.000000 0.000000 0.000000  0.000000 1.000000 0.000000
2451545.203403  9.2422245676e-01  1.000000 0.000000 0.000000  0.000000 1.000000 0.000000
2451545.204070  9.2206198369e-01  1.000000 0.000000 0.000000  0.000000 1.000000 0.000000
2451545.204737  9.1641319317e-01  1.000000 0.000000 0.000000  0.000000 1.000000 0.000000
2451545.205404  9.1457467901e-01  1.000000 0.000000 0.000000  0.000000 1.000000 0.000000
2451545.206071  9.1215852765e-01  1.000000 0.000000 0.000000  0.000000 1.000000 0.000000
2451545.206738  9.0988764414e-01  1.000000 0.000000 0.000000  0.000000 1.000000 0.000000
2451545.207405  9.1016169556e-01  1.000000 0.000000 0.000000  0.000000 1.000000 0.000000
2451545.208072  9.1134547408e-01  1.000000 0.000000 0.000000  0.000000 1.000000 0.000000
2451545.208738  9.1096290104e-01  1.000000 0.000000 0.000000  0.000000 1.000000 0.000000
2451545.209405  9.1326486431e-01  1.000000 0.000000 0.000000  0.000000 1.000000 0.000000
2451545.210072  9.2027412441e-01  1.000000 0.000000 0.000000  0.000000 1.000000 0.000000
2451545.210739  9.3332865669e-01  1.000000 0.000000 0.000000  0.000000 1.000000 0.000000
2451545.211406  9.4289298269e-01  1.000000 0.000000 0.000000  0.000000 1.000000 0.000000
2451545.212073  9.5092787508e-01  1.000000 0.000000 0.000000  0.000000 1.000000 0.000000
2451545.212740  9.6383473555e-01  1.000000 0.000000 0.000000  0.000000 1.000000 0.000000
2451545.213407  9.7660302490e-01  1.000000 0.000000 0.000000  0.000000 1.000000 0.000000
2451545.214074  9.9102043071e-01  1.000000 0.000000 0.000000  0.000000 1.000000 0.000000
2451545.214740  1.0069356752e+00  1.000000 0.000000 0.000000  0.000000 1.000000 0.000000
2451545.215407  1.0176945976e+00  1.000000 0.000000 0.000000  0.000000 1.000000 0.000000
2451545.216074  1.0343349794e+00  1.000000 0.000000 0.000000  0.000000 1.000000 0.000000
2451545.216741  1.0433568690e+00  1.000000 0.000000 0.000000  0.000000 1.000000 0.000000
2451545.217408  1.0530087678e+00  1.000000 0.000000 0.000000  0.000000 1.000000 0.000000
2451545.218075  1.0638018607e+00  1.000000 0.000000 0.000000  0.000000 1.000000 0.000000
2451545.218742  1.0670150965e+00  1.000000 0.000000 0.000000  0.000000 1.000000 0.000000
2451545.219409  1.0750963510e+00  1.000000 0.000000 0.000000  0.000000 1.000000 0.000000
2451545.220076  1.0818288123e+00  1.000000 0.000000 0.000000  0.000000 1.000000 0.000000
2451545.220743  1.0841718146e+00  1.000000 0.000000 0.000000  0.000000 1.000000 0.000000
2451545.221409  1.0859976221e+00  1.000000 0.000000 0.000000  0.000000 1.000000 0.000000
2451545.222076  1.0921222250e+00  1.000000 0.000000 0.000000  0.000000 1.000000 0.000000
2451545.222743  1.0932673684e+00  1.000000 0.000000 0.000000  0.000000 1.000000 0.000000
2451545.223410  1.0928985323e+00  1.000000 0.000000 0.000000  0.000000 1.000000 0.000000
2451545.224077  1.0886047166e+00  1.000000 0.000000 0.000000  0.000000 1.000000 0.000000
2451545.224744  1.0851368328e+00  1.000000 0.000000 0.000000  0.000000 1.000000 0.000000
2451545.225411  1.0826753496e+00  1.000000 0.000000 0.000000  0.000000 1.000000 0.000000
2451545.226078  1.0796908334e+00  1.000000 0.000000 0.000000  0.000000 1.000000 0.000000
2451545.226745  1.0748983677e+00  1.000000 0.000000 0.000000  0.000000 1.000000 0.000000
2451545.227411  1.0698033465e+00  1.000000 0.000000 0.000000  0.000000 1.000000 0.000000
2451545.228078  1.0604948705e+00  1.000000 0.000000 0.000000  0.000000 1.000000 0.000000
2451545.228745  1.0540696010e+00  1.000000 0.000000 0.000000  0.000000 1.000000 0.000000
2451545.229412  1.0455990767e+00  1.000000 0.000000 0.000000  0.000000 1.000000 0.000000
2451545.230079  1.0348348313e+00  1.000000 0.000000 0.000000  0.000000 1.000000 0.000000
2451545.230746  1.0254430753e+00  1.000000 0.000000 0.000000  0.000000 1.000000 0.000000
2451545.231413  1.0172187852e+00  1.000000 0.000000 0.000000  0.000000 1.000000 0.000000
2451545.232080  1.0017783228e+00  1.000000 0.000000 0.000000  0.000000 1.000000 0.000000
2451545.232747  9.9244941313e-01  1.000000 0.000000 0.000000  0.000000 1.000000 0.000000
2451545.233414  9.8088911361e-01  1.000000 0.000000 0.000000  0.000000 1.000000 0.000000
2451545.234080  9.6710034330e-01  1.000000 0.000000 0.000000  0.000000 1.000000 0.000000
2451545.234747  9.5739950673e-01  1.000000 0.000000 0.000000  0.000000 1.000000 0.000000
2451545.235414  9.5052366641e-01  1.000000 0.000000 0.000000  0.000000 1.000000 0.000000
2451545.236081  9.3086133532e-01  1.000000 0.000000 0.000000  0.000000 1.000000 0.000000
2451545.236748  9.2024613545e-01  1.000000 0.000000 0.000000  0.000000 1.000000 0.000000
2451545.237415  9.1110095702e-01  1.000000 0.000000 0.000000  0.000000 1.000000 0.000000
2451545.238082  8.9784603751e-01  1.000000 0.000000 0.000000  0.000000 1.000000 0.000000
2451545.238749  8.8971962293e-01  1.000000 0.000000 0.000000  0.000000 1.000000 0.000000
2451545.239416  8.7317625805e-01  1.000000 0.000000 0.000000  0.000000 1.000000 0.000000
360  1
2451545.000000  9.0777958986e-01  1.000000 0.000000 0.000000  0.000000 1.000000 0.000000
2451545.000667  8.9998094171e-01  1.000000 0.000000 0.000000  0.000000 1.000000 0.000000
2451545.001334  8.9815366644e-01  1.000000 0.000000 0.000000  0.000000 1.000000 0.000000
2451545.002001  9.1461810793e-01  1.000000 0.000000 0.000000  0.000000 1.000000 0.000000
2451545.002668  9.2393601893e-01  1.000000 0.000000 0.000000  0.000000 1.000000 0.000000
2451545.003334  9.3493912798e-01  1.000000 0.000000 0.000000  0.000000 1.000000 0.000000
2451545.004001  9.4722995530e-01  1.000000 0.000000 0.000000  0.000000 1.000000 0.000000
2451545.004668  9.5726620510e-01  1.000000 0.000000 0.000000  0.000000 1.000000 0.000000
2451545.005335  9.6550591969e-01  1.000000 0.000000 0.000000  0.000000 1.000000 0.000000
2451545.006002  9.8122862323e-01  1.000000 0.000000 0.000000  0.000000 1.000000 0.000000
2451545.006669  9.9201012851e-01  1.000000 0.000000 0.000000  0.000000 1.000000 0.000000
2451545.007336  1.0006152064e+00  1.000000 0.000000 0.000000  0.000000 1.000000 0.000000
2451545.008003  1.0114121582e+00  1.000000 0.000000 0.000000  0.000000 1.000000 0.000000
2451545.008670  1.0217685023e+00  1.000000 0.000000 0.000000  0.000000 1.000000 0.000000
2451545.009337  1.0294210969e+00  1.000000 0.000000 0.000000  0.000000 1.000000 0.000000
2451545.010003  1.0336500738e+00  1.000000 0.000000 0.000000  0.000000 1.000000 0.000000
2451545.010670  1.0411509562e+00  1.000000 0.000000 0.000000  0.000000 1.000000 0.000000
2451545.011337  1.0460299097e+00  1.000000 0.000000 0.000000  0.000000 1.000000 0.000000
2451545.012004  1.0544783814e+00  1.000000 0.000000 0.000000  0.000000 1.000000 0.000000
2451545.012671  1.0598244004e+00  1.000000 0.000000 0.000000  0.000000 1.000000 0.000000
2451545.013338  1.0616983211e+00  1.000000 0.000000 0.000000  0.000000 1.000000 0.000000
2451545.014005  1.0621273056e+00  1.000000 0.000000 0.000000  0.000000 1.000000 0.000000
2451545.014672  1.0650518942e+00  1.000000 0.000000 0.000000  0.000000 1.000000 0.000000
2451545.015339  1.0669118977e+00  1.000000 0.000000 0.000000  0.000000 1.000000 0.000000
2451545.016006  1.0678425112e+00  1.000000 0.000000 0.000000  0.000000 1.000000 0.000000
2451545.016672  1.0674829595e+00  1.000000 0.000000 0.000000  0.000000 1.000000 0.000000
2451545.017339  1.0670785976e+00  1.000000 0.000000 0.000000  0.000000 1.000000 0.000000
2451545.018006  1.0700871479e+00  1.000000 0.000000 0.000000  0.000000 1.000000 0.000000
2451545.018673  1.0692262731e+00  1.000000 0.000000 0.000000  0.000000 1.000000 0.000000
2451545.019340  1.0676852934e+00  1.000000 0.000000 0.000000  0.000000 1.000000 0.000000
2451545.020007  1.0603134886e+00  1.000000 0.000000 0.000000  0.000000 1.000000 0.000000
2451545.020674  1.0554860745e+00  1.000000 0.000000 0.000000  0.000000 1.000000 0.000000
2451545.021341  1.0531761343e+00  1.000000 0.000000 0.000000  0.000000 1.000000 0.000000
2451545.022008  1.0492667929e+00  1.000000 0.000000 0.000000  0.000000 1.000000 0.000000
2451545.022674  1.0434847544e+00  1.000000 0.000000 0.000000  0.000000 1.000000 0.000000
2451545.023341  1.0389957869e+00  1.000000 0.000000 0.000000  0.000000 1.000000 0.000000
2451545.024008  1.0304448482e+00  1.000000 0.000000 0.000000  0.000000 1.000000 0.000000
2451545.024675  1.0250378079e+00  1.000000 0.000000 0.000000  0.000000 1.000000 0.000000
2451545.025342  1.0138929275e+00  1.000000 0.000000 0.000000  0.000000 1.000000 0.000000
2451545.026009  1.0066271072e+00  1.000000 0.000000 0.000000  0.000000 1.000000 0.000000
2451545.026676  9.9954710374e-01  1.000000 0.000000 0.000000  0.000000 1.000000 0.000000
2451545.027343  9.9069564651e-01  1.000000 0.000000 0.000000  0.000000 1.000000 0.000000
2451545.028010  9.8518873923e-01  1.000000 0.000000 0.000000  0.000000 1.000000 0.000000
2451545.028677  9.8010638136e-01  1.000000 0.000000 0.000000  0.000000 1.000000 0.000000
2451545.029343  9.7011341235e-01  1.000000 0.000000 0.000000  0.000000 1.000000 0.000000
2451545.030010  9.7036376802e-01  1.000000 0.000000 0.000000  0.000000 1.000000 0.000000
2451545.030677  9.6746364909e-01  1.000000 0.000000 0.000000  0.000000 1.000000 0.000000
2451545.031344  9.6068814051e-01  1.000000 0.000000 0.000000  0.000000 1.000000 0.000000
2451545.032011  9.6139302097e-01  1.000000 0.000000 0.000000  0.000000 1.000000 0.000000
2451545.032678  9.6115673537e-01  1.000000 0.000000 0.000000  0.000000 1.000000 0.000000
2451545.033345  9.6974009640e-01  1.000000 0.000000 0.000000  0.000000 1.000000 0.000000
2451545.034012  9.7287604212e-01  1.000000 0.000000 0.000000  0.000000 1.000000 0.000000
2451545.034679  9.7799755153e-01  1.000000 0.000000 0.000000  0.000000 1.000000 0.000000
2451545.035345  9.8322948048e-01  1.000000 0.000000 0.000000  0.000000 1.000000 0.000000
2451545.036012  9.8879679734e-01  1.000000 0.000000 0.000000  0.000000 1.000000 0.000000
2451545.036679  9.9369456188e-01  1.000000 0.000000 0.000000  0.000000 1.000000 0.000000
2451545.037346  1.0033610133e+00  1.000000 0.000000 0.000000  0.000000 1.000000 0.000000
2451545.038013  1.0062478268e+00  1.000000 0.000000 0.000000  0.000000 1.000000 0.000000
2451545.038680  1.0108050036e+00  1.000000 0.000000 0.000000  0.000000 1.000000 0.000000
2451545.039347  1.0192776392e+00  1.000000 0.000000 0.000000  0.000000 1.000000 0.000000
2451545.040014  1.0231317708e+00  1.000000 0.000000 0.000000  0.000000 1.000000 0.000000
2451545.040681  1.0239408004e+00  1.000000 0.000000 0.000000  0.000000 1.000000 0.000000
2451545.041348  1.0237214907e+00  1.000000 0.000000 0.000000  0.000000 1.000000 0.000000
2451545.042014  1.0262360588e+00  1.000000 0.000000 0.000000  0.000000 1.000000 0.000000
2451545.042681  1.0276117151e+00  1.000000 0.000000 0.000000  0.000000 1.000000 0.000000
2451545.043348  1.0293678753e+00  1.000000 0.000000 0.000000  0.000000 1.000000 0.000000
2451545.044015  1.0296342892e+00  1.000000 0.000000 0.000000  0.000000 1.000000 0.000000
2451545.044682  1.0247264309e+00  1.000000 0.000000 0.000000  0.000000 1.000000 0.000000
2451545.045349  1.0257223480e+00  1.000000 0.000000 0.000000  0.000000 1.000000 0.000000
2451545.046016  1.0236439523e+00  1.000000 0.000000 0.000000  0.000000 1.000000 0.000000
2451545.046683  1.0221685820e+00  1.000000 0.000000 0.000000  0.000000 1.000000 0.000000
2451545.047350  1.0133065722e+00  1.000000 0.000000 0.000000  0.000000 1.000000 0.000000
2451545.048017  1.0078548747e+00  1.000000 0.000000 0.000000  0.000000 1.000000 0.000000
2451545.048683  1.0048473949e+00  1.000000 0.000000 0.000000  0.000000 1.000000 0.000000
2451545.049350  1.0024667984e+00  1.000000 0.000000 0.000000  0.000000 1.000000 0.000000
2451545.050017  9.9787964624e-01  1.000000 0.000000 0.000000  0.000000 1.000000 0.000000
2451545.050684  9.8749577368e-01  1.000000 0.000000 0.000000  0.000000 1.000000 0.000000
2451545.051351  9.8616798627e-01  1.000000 0.000000 0.000000  0.000000 1.000000 0.000000
2451545.052018  9.8183761304e-01  1.000000 0.000000 0.000000  0.000000 1.000000 0.000000
2451545.052685  9.7272968269e-01  1.000000 0.000000 0.000000  0.000000 1.000000 0.000000
2451545.053352  9.6872353306e-01  1.000000 0.000000 0.000000  0.000000 1.000000 0.000000
2451545.054019  9.6235345692e-01  1.000000 0.000000 0.000000  0.000000 1.000000 0.000000
2451545.054685  9.5736209576e-01  1.000000 0.000000 0.000000  0.000000 1.000000 0.000000
2451545.055352  9.5265351263e-01  1.000000 0.000000 0.000000  0.000000 1.000000 0.000000
2451545.056019  9.5078907399e-01  1.000000 0.000000 0.000000  0.000000 1.000000 0.000000
2451545.056686  9.4165545046e-01  1.000000 0.000000 0.000000  0.000000 1.000000 0.000000
2451545.057353  9.3566847815e-01  1.000000 0.000000 0.000000  0.000000 1.000000 0.000000
2451545.058020  9.3107597319e-01  1.000000 0.000000 0.000000  0.000000 1.000000 0.000000
2451545.058687  9.2470406182e-01  1.000000 0.000000 0.000000  0.000000 1.000000 0.000000
2451545.059354  9.2387836219e-01  1.000000 0.000000 0.000000  0.000000 1.000000 0.000000
2451545.060021  9.2060049217e-01  1.000000 0.000000 0.000000  0.000000 1.000000 0.000000
2451545.060688  9.2202600547e-01  1.000000 0.000000 0.000000  0.000000 1.000000 0.000000
2451545.061354  9.2665169746e-01  1.000000 0.000000 0.000000  0.000000 1.000000 0.000000
2451545.062021  9.3509420474e-01  1.000000 0.000000 0.000000  0.000000 1.000000 0.000000
2451545.062688  9.4890934179e-01  1.000000 0.000000 0.000000  0.000000 1.000000 0.000000
2451545.063355  9.5954188773e-01  1.000000 0.000000 0.000000  0.000000 1.000000 0.000000
2451545.064022  9.7200690876e-01  1.000000 0.000000 0.000000  0.000000 1.000000 0.000000
2451545.064689  9.9135082288e-01  1.000000 0.000000 0.000000  0.000000 1.000000 0.000000
2451545.065356  9.9653029490e-01  1.000000 0.000000 0.000000  0.000000 1.000000 0.000000
2451545.066023  1.0101463097e+00  1.000000 0.000000 0.000000  0.000000 1.000000 0.000000
2451545.066690  1.0253553024e+00  1.000000 0.000000 0.000000  0.000000 1.000000 0.000000
2451545.067356  1.0352124645e+00  1.000000 0.000000 0.000000  0.000000 1.000000 0.000000
2451545.068023  1.0453115709e+00  1.000000 0.000000 0.000000  0.000000 1.000000 0.000000
2451545.068690  1.0527486791e+00  1.000000 0.000000 0.000000  0.000000 1.000000 0.000000
2451545.069357  1.0619332302e+00  1.000000 0.000000 0.000000  0.000000 1.000000 0.000000
2451545.070024  1.0665827802e+00  1.000000 0.000000 0.000000  0.000000 1.000000 0.000000
2451545.070691  1.0788206918e+00  1.000000 0.000000 0.000000  0.000000 1.000000 0.000000
2451545.071358  1.0822449212e+00  1.000000 0.000000 0.000000  0.000000 1.000000 0.000000
2451545.072025  1.0827866193e+00  1.000000 0.000000 0.000000  0.000000 1.000000 0.000000
2451545.072692  1.0906493475e+00  1.000000 0.000000 0.000000  0.000000 1.000000 0.000000
2451545.073359  1.0930227560e+00  1.000000 0.000000 0.000000  0.000000 1.000000 0.000000
2451545.074025  1.0909452780e+00  1.000000 0.000000 0.000000  0.000000 1.000000 0.000000
2451545.074692  1.0879147050e+00  1.000000 0.000000 0.000000  0.000000 1.000000 0.000000
2451545.075359  1.0855989532e+00  1.000000 0.000000 0.000000  0.000000 1.000000 0.000000
2451545.076026  1.0876423265e+00  1.000000 0.000000 0.000000  0.000000 1.000000 0.000000
2451545.076693  1.0861210755e+00  1.000000 0.000000 0.000000  0.000000 1.000000 0.000000
2451545.077360  1.0836580467e+00  1.000000 0.000000 0.000000  0.000000 1.000000 0.000000
2451545.078027  1.0726056924e+00  1.000000 0.000000 0.000000  0.000000 1.000000 0.000000
2451545.078694  1.0671143845e+00  1.000000 0.000000 0.000000  0.000000 1.000000 0.000000
2451545.079361  1.0616366880e+00  1.000000 0.000000 0.000000  0.000000 1.000000 0.000000
2451545.080028  1.0526541649e+00  1.000000 0.000000 0.000000  0.000000 1.000000 0.000000
2451545.080694  1.0459450304e+00  1.000000 0.000000 0.000000  0.000000 1.000000 0.000000
2451545.081361  1.0388087466e+00  1.000000 0.000000 0.000000  0.000000 1.000000 0.000000
2451545.082028  1.0307322143e+00  1.000000 0.000000 0.000000  0.000000 1.000000 0.000000
2451545.082695  1.0202405221e+00  1.000000 0.000000 0.000000  0.000000 1.000000 0.000000
2451545.083362  1.0130872625e+00  1.000000 0.000000 0.000000  0.000000 1.000000 0.000000
2451545.084029  9.9974255552e-01  1.000000 0.000000 0.000000  0.000000 1.000000 0.000000
2451545.084696  9.9017490058e-01  1.000000 0.000000 0.000000  0.000000 1.000000 0.000000
2451545.085363  9.7961805779e-01  1.000000 0.000000 0.000000  0.000000 1.000000 0.000000
2451545.086030  9.6696951397e-01  1.000000 0.000000 0.000000  0.000000 1.000000 0.000000
2451545.086696  9.5790746432e-01  1.000000 0.000000 0.000000  0.000000 1.000000 0.000000
2451545.087363  9.4970078383e-01  1.000000 0.000000 0.000000  0.000000 1.000000 0.000000
2451545.088030  9.3803041649e-01  1.000000 0.000000 0.000000  0.000000 1.000000 0.000000
2451545.088697  9.3127937762e-01  1.000000 0.000000 0.000000  0.000000 1.000000 0.000000
2451545.089364  9.2423042008e-01  1.000000 0.000000 0.000000  0.000000 1.000000 0.000000
2451545.090031  9.1260241592e-01  1.000000 0.000000 0.000000  0.000000 1.000000 0.000000
2451545.090698  9.0864337047e-01  1.000000 0.000000 0.000000  0.000000 1.000000 0.000000
2451545.091365  9.0615740131e-01  1.000000 0.000000 0.000000  0.000000 1.000000 0.000000
2451545.092032  9.0624763335e-01  1.000000 0.000000 0.000000  0.000000 1.000000 0.000000
2451545.092699  9.0378705150e-01  1.000000 0.000000 0.000000  0.000000 1.000000 0.000000
2451545.093365  9.0506651124e-01  1.000000 0.000000 0.000000  0.000000 1.000000 0.000000
2451545.094032  9.0965534574e-01  1.000000 0.000000 0.000000  0.000000 1.000000 0.000000
2451545.094699  9.1409384449e-01  1.000000 0.000000 0.000000  0.000000 1.000000 0.000000
2451545.095366  9.1838292509e-01  1.000000 0.000000 0.000000  0.000000 1.000000 0.000000
2451545.096033  9.2215508316e-01  1.000000 0.000000 0.000000  0.000000 1.000000 0.000000
2451545.096700  9.2744206896e-01  1.000000 0.000000 0.000000  0.000000 1.000000 0.000000
2451545.097367  9.3987145598e-01  1.000000 0.000000 0.000000  0.000000 1.000000 0.000000
2451545.098034  9.4391262788e-01  1.000000 0.000000 0.000000  0.000000 1.000000 0.000000
2451545.098701  9.4926476426e-01  1.000000 0.000000 0.000000  0.000000 1.000000 0.000000
2451545.099367  9.5192569182e-01  1.000000 0.000000 0.000000  0.000000 1.000000 0.000000
2451545.100034  9.5960199145e-01  1.000000 0.000000 0.000000  0.000000 1.000000 0.000000
2451545.100701  9.6421560152e-01  1.000000 0.000000 0.000000  0.000000 1.000000 0.000000
2451545.101368  9.6908782580e-01  1.000000 0.000000 0.000000  0.000000 1.000000 0.000000
2451545.102035  9.7234979051e-01  1.000000 0.000000 0.000000  0.000000 1.000000 0.000000
2451545.102702  9.7446718474e-01  1.000000 0.000000 0.000000  0.000000 1.000000 0.000000
2451545.103369  9.8102827752e-01  1.000000 0.000000 0.000000  0.000000 1.000000 0.000000
2451545.104036  9.8352464631e-01  1.000000 0.000000 0.000000  0.000000 1.000000 0.000000
2451545.104703  9.8691782981e-01  1.000000 0.000000 0.000000  0.000000 1.000000 0.000000
2451545.105370  9.8668552055e-01  1.000000 0.000000 0.000000  0.000000 1.000000 0.000000
2451545.106036  9.8698527444e-01  1.000000 0.000000 0.000000  0.000000 1.000000 0.000000
2451545.106703  9.8845315091e-01  1.000000 0.000000 0.000000  0.000000 1.000000 0.000000
2451545.107370  9.9351103909e-01  1.000000 0.000000 0.000000  0.000000 1.000000 0.000000
2451545.108037  9.9215342923e-01  1.000000 0.000000 0.000000  0.000000 1.000000 0.000000
2451545.108704  9.9340490174e-01  1.000000 0.000000 0.000000  0.000000 1.000000 0.000000
2451545.109371  9.9443308818e-01  1.000000 0.000000 0.000000  0.000000 1.000000 0.000000
2451545.110038  9.9339067872e-01  1.000000 0.000000 0.000000  0.000000 1.000000 0.000000
2451545.110705  9.9333164556e-01  1.000000 0.000000 0.000000  0.000000 1.000000 0.000000
2451545.111372  9.9276975994e-01  1.000000 0.000000 0.000000  0.000000 1.000000 0.000000
2451545.112039  9.9257476697e-01  1.000000 0.000000 0.000000  0.000000 1.000000 0.000000
2451545.112705  9.9016954783e-01  1.000000 0.000000 0.000000  0.000000 1.000000 0.000000
2451545.113372  9.8986367651e-01  1.000000 0.000000 0.000000  0.000000 1.000000 0.000000
2451545.114039  9.8810384586e-01  1.000000 0.000000 0.000000  0.000000 1.000000 0.000000
2451545.114706  9.8600373337e-01  1.000000 0.000000 0.000000  0.000000 1.000000 0.000000
2451545.115373  9.8225176280e-01  1.000000 0.000000 0.000000  0.000000 1.000000 0.000000
2451545.116040  9.7841368946e-01  1.000000 0.000000 0.000000  0.000000 1.000000 0.000000
2451545.116707  9.7478529091e-01  1.000000 0.000000 0.000000  0.000000 1.000000 0.000000
2451545.117374  9.6634370124e-01  1.000000 0.000000 0.000000  0.000000 1.000000 0.000000
2451545.118041  9.6180350028e-01  1.000000 0.000000 0.000000  0.000000 1.000000 0.000000
2451545.118707  9.5552120921e-01  1.000000 0.000000 0.000000  0.000000 1.000000 0.000000
2451545.119374  9.5139913434e-01  1.000000 0.000000 0.000000  0.000000 1.000000 0.000000
2451545.120041  9.4552900488e-01  1.000000 0.000000 0.000000  0.000000 1.000000 0.000000
2451545.120708  9.3930697045e-01  1.000000 0.000000 0.000000  0.000000 1.000000 0.000000
2451545.121375  9.4487199328e-01  1.000000 0.000000 0.000000  0.000000 1.000000 0.000000
2451545.122042  9.5845313876e-01  1.000000 0.000000 0.000000  0.000000 1.000000 0.000000
2451545.122709  9.7604609250e-01  1.000000 0.000000 0.000000  0.000000 1.000000 0.000000
2451545.123376  9.8620698486e-01  1.000000 0.000000 0.000000  0.000000 1.000000 0.000000
2451545.124043  9.9724389269e-01  1.000000 0.000000 0.000000  0.000000 1.000000 0.000000
2451545.124710  1.0124590028e+00  1.000000 0.000000 0.000000  0.000000 1.000000 0.000000
2451545.125376  1.0188342787e+00  1.000000 0.000000 0.000000  0.000000 1.000000 0.000000
2451545.126043  1.0264234050e+00  1.000000 0.000000 0.000000  0.000000 1.000000 0.000000
2451545.126710  1.0312440900e+00  1.000000 0.000000 0.000000  0.000000 1.000000 0.000000
2451545.127377  1.0373304705e+00  1.000000 0.000000 0.000000  0.000000 1.000000 0.000000
2451545.128044  1.0422998089e+00  1.000000 0.000000 0.000000  0.000000 1.000000 0.000000
2451545.128711  1.0495859697e+00  1.000000 0.000000 0.000000  0.000000 1.000000 0.000000
2451545.129378  1.0518558407e+00  1.000000 0.000000 0.000000  0.000000 1.000000 0.000000
2451545.130045  1.0535549559e+00  1.000000 0.000000 0.000000  0.000000 1.000000 0.000000
2451545.130712  1.0567669107e+00  1.000000 0.000000 0.000000  0.000000 1.000000 0.000000
2451545.131378  1.0589534318e+00  1.000000 0.000000 0.000000  0.000000 1.000000 0.000000
2451545.132045  1.0589470085e+00  1.000000 0.000000 0.000000  0.000000 1.000000 0.000000
2451545.132712  1.0559563517e+00  1.000000 0.000000 0.000000  0.000000 1.000000 0.000000
2451545.133379  1.0533559866e+00  1.000000 0.000000 0.000000  0.000000 1.000000 0.000000
2451545.134046  1.0488821597e+00  1.000000 0.000000 0.000000  0.000000 1.000000 0.000000
2451545.134713  1.0498239375e+00  1.000000 0.000000 0.000000  0.000000 1.000000 0.000000
2451545.135380  1.0471974205e+00  1.000000 0.000000 0.000000  0.000000 1.000000 0.000000
2451545.136047  1.0422101886e+00  1.000000 0.000000 0.000000  0.000000 1.000000 0.000000
2451545.136714  1.0328653609e+00  1.000000 0.000000 0.000000  0.000000 1.000000 0.000000
2451545.137381  1.0293972389e+00  1.000000 0.000000 0.000000  0.000000 1.000000 0.000000
2451545.138047  1.0275461057e+00  1.000000 0.000000 0.000000  0.000000 1.000000 0.000000
2451545.138714  1.0169504173e+00  1.000000 0.000000 0.000000  0.000000 1.000000 0.000000
2451545.139381  1.0118201905e+00  1.000000 0.000000 0.000000  0.000000 1.000000 0.000000
2451545.140048  1.0060803622e+00  1.000000 0.000000 0.000000  0.000000 1.000000 0.000000
2451545.140715  1.0005621377e+00  1.000000 0.000000 0.000000  0.000000 1.000000 0.000000
2451545.141382  9.9458892962e-01  1.000000 0.000000 0.000000  0.000000 1.000000 0.000000
2451545.142049  9.9066077718e-01  1.000000 0.000000 0.000000  0.000000 1.000000 0.000000
2451545.142716  9.7968305545e-01  1.000000 0.000000 0.000000  0.000000 1.000000 0.000000
2451545.143383  9.7462440260e-01  1.000000 0.000000 0.000000  0.000000 1.000000 0.000000
2451545.144050  9.6198396436e-01  1.000000 0.000000 0.000000  0.000000 1.000000 0.000000
2451545.144716  9.5991336845e-01  1.000000 0.000000 0.000000  0.000000 1.000000 0.000000
2451545.145383  9.5367542872e-01  1.000000 0.000000 0.000000  0.000000 1.000000 0.000000
2451545.146050  9.4969176063e-01  1.000000 0.000000 0.000000  0.000000 1.000000 0.000000
2451545.146717  9.4441440978e-01  1.000000 0.000000 0.000000  0.000000 1.000000 0.000000
2451545.147384  9.3938557938e-01  1.000000 0.000000 0.000000  0.000000 1.000000 0.000000
2451545.148051  9.2931155447e-01  1.000000 0.000000 0.000000  0.000000 1.000000 0.000000
2451545.148718  9.2793865105e-01  1.000000 0.000000 0.000000  0.000000 1.000000 0.000000
2451545.149385  9.2597709826e-01  1.000000 0.000000 0.000000  0.000000 1.000000 0.000000
2451545.150052  9.2899069546e-01  1.000000 0.000000 0.000000  0.000000 1.000000 0.000000
2451545.150718  9.2748764378e-01  1.000000 0.000000 0.000000  0.000000 1.000000 0.000000
2451545.151385  9.3419157847e-01  1.000000 0.000000 0.000000  0.000000 1.000000 0.000000
2451545.152052  9.4513580729e-01  1.000000 0.000000 0.000000  0.000000 1.000000 0.000000
2451545.152719  9.5389902066e-01  1.000000 0.000000 0.000000  0.000000 1.000000 0.000000
2451545.153386  9.6180625312e-01  1.000000 0.000000 0.000000  0.000000 1.000000 0.000000
2451545.154053  9.7372682320e-01  1.000000 0.000000 0.000000  0.000000 1.000000 0.000000
2451545.154720  9.8501821597e-01  1.000000 0.000000 0.000000  0.000000 1.000000 0.000000
2451545.155387  9.9589224732e-01  1.000000 0.000000 0.000000  0.000000 1.000000 0.000000
2451545.156054  1.0127526392e+00  1.000000 0.000000 0.000000  0.000000 1.000000 0.000000
2451545.156721  1.0233908438e+00  1.000000 0.000000 0.000000  0.000000 1.000000 0.000000
2451545.157387  1.0299132439e+00  1.000000 0.000000 0.000000  0.000000 1.000000 0.000000
2451545.158054  1.0412430235e+00  1.000000 0.000000 0.000000  0.000000 1.000000 0.000000
2451545.158721  1.0523764337e+00  1.000000 0.000000 0.000000  0.000000 1.000000 0.000000
2451545.159388  1.0596847701e+00  1.000000 0.000000 0.000000  0.000000 1.000000 0.000000
2451545.160055  1.0664111864e+00  1.000000 0.000000 0.000000  0.000000 1.000000 0.000000
2451545.160722  1.0693596330e+00  1.000000 0.000000 0.000000  0.000000 1.000000 0.000000
2451545.161389  1.0760505681e+00  1.000000 0.000000 0.000000  0.000000 1.000000 0.000000
2451545.162056  1.0840480326e+00  1.000000 0.000000 0.000000  0.000000 1.000000 0.000000
2451545.162723  1.0889557380e+00  1.000000 0.000000 0.000000  0.000000 1.000000 0.000000
2451545.163389  1.0890546874e+00  1.000000 0.000000 0.000000  0.000000 1.000000 0.000000
2451545.164056  1.0887457573e+00  1.000000 0.000000 0.000000  0.000000 1.000000 0.000000
2451545.164723  1.0890601931e+00  1.000000 0.000000 0.000000  0.000000 1.000000 0.000000
2451545.165390  1.0953915765e+00  1.000000 0.000000 0.000000  0.000000 1.000000 0.000000
2451545.166057  1.0914810116e+00  1.000000 0.000000 0.000000  0.000000 1.000000 0.000000
2451545.166724  1.0894315208e+00  1.000000 0.000000 0.000000  0.000000 1.000000 0.000000
2451545.167391  1.0887500395e+00  1.000000 0.000000 0.000000  0.000000 1.000000 0.000000
2451545.168058  1.0867947571e+00  1.000000 0.000000 0.000000  0.000000 1.000000 0.000000
2451545.168725  1.0872278709e+00  1.000000 0.000000 0.000000  0.000000 1.000000 0.000000
2451545.169392  1.0782854169e+00  1.000000 0.000000 0.000000  0.000000 1.000000 0.000000
2451545.170058  1.0746273489e+00  1.000000 0.000000 0.000000  0.000000 1.000000 0.000000
2451545.170725  1.0706675387e+00  1.000000 0.000000 0.000000  0.000000 1.000000 0.000000
2451545.171392  1.0636880140e+00  1.000000 0.000000 0.000000  0.000000 1.000000 0.000000
2451545.172059  1.0591202846e+00  1.000000 0.000000 0.000000  0.000000 1.000000 0.000000
2451545.172726  1.0523551757e+00  1.000000 0.000000 0.000000  0.000000 1.000000 0.000000
2451545.173393  1.0432337870e+00  1.000000 0.000000 0.000000  0.000000 1.000000 0.000000
2451545.174060  1.0356549074e+00  1.000000 0.000000 0.000000  0.000000 1.000000 0.000000
2451545.174727  1.0282142816e+00  1.000000 0.000000 0.000000  0.000000 1.000000 0.000000
2451545.175394  1.0150122636e+00  1.000000 0.000000 0.000000  0.000000 1.000000 0.000000
2451545.176061  1.0053248601e+00  1.000000 0.000000 0.000000  0.000000 1.000000 0.000000
2451545.176727  9.9721254088e-01  1.000000 0.000000 0.000000  0.000000 1.000000 0.000000
2451545.177394  9.8549568111e-01  1.000000 0.000000 0.000000  0.000000 1.000000 0.000000
2451545.178061  9.7517802969e-01  1.000000 0.000000 0.000000  0.000000 1.000000 0.000000
2451545.178728  9.6721451690e-01  1.000000 0.000000 0.000000  0.000000 1.000000 0.000000
2451545.179395  9.5149762491e-01  1.000000 0.000000 0.000000  0.000000 1.000000 0.000000
2451545.180062  9.4311613896e-01  1.000000 0.000000 0.000000  0.000000 1.000000 0.000000
2451545.180729  9.3437785411e-01  1.000000 0.000000 0.000000  0.000000 1.000000 0.000000
2451545.181396  9.2960687324e-01  1.000000 0.000000 0.000000  0.000000 1.000000 0.000000
2451545.182063  9.3432509131e-01  1.000000 0.000000 0.000000  0.000000 1.000000 0.000000
2451545.182729  9.4066090986e-01  1.000000 0.000000 0.000000  0.000000 1.000000 0.000000
2451545.183396  9.5017519025e-01  1.000000 0.000000 0.000000  0.000000 1.000000 0.000000
2451545.184063  9.5249950642e-01  1.000000 0.000000 0.000000  0.000000 1.000000 0.000000
2451545.184730  9.5576085939e-01  1.000000 0.000000 0.000000  0.000000 1.000000 0.000000
2451545.185397  9.6118686370e-01  1.000000 0.000000 0.000000  0.000000 1.000000 0.000000
2451545.186064  9.6503441905e-01  1.000000 0.000000 0.000000  0.000000 1.000000 0.000000
2451545.186731  9.7138140191e-01  1.000000 0.000000 0.000000  0.000000 1.000000 0.000000
2451545.187398  9.7478574972e-01  1.000000 0.000000 0.000000  0.000000 1.000000 0.000000
2451545.188065  9.7757468443e-01  1.000000 0.000000 0.000000  0.000000 1.000000 0.000000
2451545.188732  9.7735506882e-01  1.000000 0.000000 0.000000  0.000000 1.000000 0.000000
2451545.189398  9.8604426132e-01  1.000000 0.000000 0.000000  0.000000 1.000000 0.000000
2451545.190065  9.8620989064e-01  1.000000 0.000000 0.000000  0.000000 1.000000 0.000000
2451545.190732  9.8582357516e-01  1.000000 0.000000 0.000000  0.000000 1.000000 0.000000
2451545.191399  9.8240699250e-01  1.000000 0.000000 0.000000  0.000000 1.000000 0.000000
2451545.192066  9.8227730306e-01  1.000000 0.000000 0.000000  0.000000 1.000000 0.000000
2451545.192733  9.8526077193e-01  1.000000 0.000000 0.000000  0.000000 1.000000 0.000000
2451545.193400  9.8279957834e-01  1.000000 0.000000 0.000000  0.000000 1.000000 0.000000
2451545.194067  9.7992178801e-01  1.000000 0.000000 0.000000  0.000000 1.000000 0.000000
2451545.194734  9.8049621435e-01  1.000000 0.000000 0.000000  0.000000 1.000000 0.000000
2451545.195400  9.7737311523e-01  1.000000 0.000000 0.000000  0.000000 1.000000 0.000000
2451545.196067  9.7654573330e-01  1.000000 0.000000 0.000000  0.000000 1.000000 0.000000
2451545.196734  9.6721099938e-01  1.000000 0.000000 0.000000  0.000000 1.000000 0.000000
2451545.197401  9.6698190176e-01  1.000000 0.000000 0.000000  0.000000 1.000000 0.000000
2451545.198068  9.6334295064e-01  1.000000 0.000000 0.000000  0.000000 1.000000 0.000000
2451545.198735  9.5943682093e-01  1.000000 0.000000 0.000000  0.000000 1.000000 0.000000
2451545.199402  9.5774015271e-01  1.000000 0.000000 0.000000  0.000000 1.000000 0.000000
2451545.200069  9.5376413140e-01  1.000000 0.000000 0.000000  0.000000 1.000000 0.000000
2451545.200736  9.5024783469e-01  1.000000 0.000000 0.000000  0.000000 1.000000 0.000000
2451545.201403  9.4736851501e-01  1.000000 0.000000 0.000000  0.000000 1.000000 0.000000
2451545.202069  9.4361425040e-01  1.000000 0.000000 0.000000  0.000000 1.000000 0.000000
2451545.202736  9.3699886546e-01  1.000000 0.000000 0.000000  0.000000 1.000000 0.000000
2451545.203403  9.3440048859e-01  1.000000 0.000000 0.000000  0.000000 1.000000 0.000000
2451545.204070  9.2937854029e-01  1.000000 0.000000 0.000000  0.000000 1.000000 0.000000
2451545.204737  9.2610112908e-01  1.000000 0.000000 0.000000  0.000000 1.000000 0.000000
2451545.205404  9.2423210237e-01  1.000000 0.000000 0.000000  0.000000 1.000000 0.000000
2451545.206071  9.2169994664e-01  1.000000 0.000000 0.000000  0.000000 1.000000 0.000000
2451545.206738  9.1542469061e-01  1.000000 0.000000 0.000000  0.000000 1.000000 0.000000
2451545.207405  9.1477639634e-01  1.000000 0.000000 0.000000  0.000000 1.000000 0.000000
2451545.208072  9.1743548867e-01  1.000000 0.000000 0.000000  0.000000 1.000000 0.000000
2451545.208738  9.1964816181e-01  1.000000 0.000000 0.000000  0.000000 1.000000 0.000000
2451545.209405  9.2153676429e-01  1.000000 0.000000 0.000000  0.000000 1.000000 0.000000
2451545.210072  9.2881589000e-01  1.000000 0.000000 0.000000  0.000000 1.000000 0.000000
2451545.210739  9.3967202788e-01  1.000000 0.000000 0.000000  0.000000 1.000000 0.000000
2451545.211406  9.4938298353e-01  1.000000 0.000000 0.000000  0.000000 1.000000 0.000000
2451545.212073  9.5706004783e-01  1.000000 0.000000 0.000000  0.000000 1.000000 0.000000
2451545.212740  9.7070695564e-01  1.000000 0.000000 0.000000  0.000000 1.000000 0.000000
2451545.213407  9.8014920334e-01  1.000000 0.000000 0.000000  0.000000 1.000000 0.000000
2451545.214074  9.9305957302e-01  1.000000 0.000000 0.000000  0.000000 1.000000 0.000000
2451545.214740  1.0099999503e+00  1.000000 0.000000 0.000000  0.000000 1.000000 0.000000
2451545.215407  1.0190259071e+00  1.000000 0.000000 0.000000  0.000000 1.000000 0.000000
2451545.216074  1.0367393742e+00  1.000000 0.000000 0.000000  0.000000 1.000000 0.000000
2451545.216741  1.0456061250e+00  1.000000 0.000000 0.000000  0.000000 1.000000 0.000000
2451545.217408  1.0547499952e+00  1.000000 0.000000 0.000000  0.000000 1.000000 0.000000
2451545.218075  1.0627535771e+00  1.000000 0.000000 0.000000  0.000000 1.000000 0.000000
2451545.218742  1.0701747800e+00  1.000000 0.000000 0.000000  0.000000 1.000000 0.000000
2451545.219409  1.0741794003e+00  1.000000 0.000000 0.000000  0.000000 1.000000 0.000000
2451545.220076  1.0825663920e+00  1.000000 0.000000 0.000000  0.000000 1.000000 0.000000
2451545.220743  1.0884210749e+00  1.000000 0.000000 0.000000  0.000000 1.000000 0.000000
2451545.221409  1.0916470998e+00  1.000000 0.000000 0.000000  0.000000 1.000000 0.000000
2451545.222076  1.0956456026e+00  1.000000 0.000000 0.000000  0.000000 1.000000 0.000000
2451545.222743  1.0980248227e+00  1.000000 0.000000 0.000000  0.000000 1.000000 0.000000
2451545.223410  1.0971949938e+00  1.000000 0.000000 0.000000  0.000000 1.000000 0.000000
2451545.224077  1.0958168905e+00  1.000000 0.000000 0.000000  0.000000 1.000000 0.000000
2451545.224744  1.0947721870e+00  1.000000 0.000000 0.000000  0.000000 1.000000 0.000000
2451545.225411  1.0958906055e+00  1.000000 0.000000 0.000000  0.000000 1.000000 0.000000
2451545.226078  1.0944924677e+00  1.000000 0.000000 0.000000  0.000000 1.000000 0.000000
2451545.226745  1.0912041981e+00  1.000000 0.000000 0.000000  0.000000 1.000000 0.000000
2451545.227411  1.0854758400e+00  1.000000 0.000000 0.000000  0.000000 1.000000 0.000000
2451545.228078  1.0837213621e+00  1.000000 0.000000 0.000000  0.000000 1.000000 0.000000
2451545.228745  1.0784505875e+00  1.000000 0.000000 0.000000  0.000000 1.000000 0.000000
2451545.229412  1.0723247496e+00  1.000000 0.000000 0.000000  0.000000 1.000000 0.000000
2451545.230079  1.0599014800e+00  1.000000 0.000000 0.000000  0.000000 1.000000 0.000000
2451545.230746  1.0552575886e+00  1.000000 0.000000 0.000000  0.000000 1.000000 0.000000
2451545.231413  1.0482048077e+00  1.000000 0.000000 0.000000  0.000000 1.000000 0.000000
2451545.232080  1.0394931337e+00  1.000000 0.000000 0.000000  0.000000 1.000000 0.000000
2451545.232747  1.0326364162e+00  1.000000 0.000000 0.000000  0.000000 1.000000 0.000000
2451545.233414  1.0233945143e+00  1.000000 0.000000 0.000000  0.000000 1.000000 0.000000
2451545.234080  1.0105265078e+00  1.000000 0.000000 0.000000  0.000000 1.000000 0.000000
2451545.234747  9.9987713890e-01  1.000000 0.000000 0.000000  0.000000 1.000000 0.000000
2451545.235414  9.9331635199e-01  1.000000 0.000000 0.000000  0.000000 1.000000 0.000000
2451545.236081  9.7529701363e-01  1.000000 0.000000 0.000000  0.000000 1.000000 0.000000
2451545.236748  9.6395469329e-01  1.000000 0.000000 0.000000  0.000000 1.000000 0.000000
2451545.237415  9.5357510293e-01  1.000000 0.000000 0.000000  0.000000 1.000000 0.000000
2451545.238082  9.3906441450e-01  1.000000 0.000000 0.000000  0.000000 1.000000 0.000000
2451545.238749  9.3096570658e-01  1.000000 0.000000 0.000000  0.000000 1.000000 0.000000
2451545.239416  9.1375493906e-01  1.000000 0.000000 0.000000  0.000000 1.000000 0.000000
360  1
2451545.000000  9.4740439471e-01  1.000000 0.000000 0.000000  0.000000 0.000000 1.000000
2451545.000667  9.4291273055e-01  1.000000 0.000000 0.000000  0.000000 0.000000 1.000000
2451545.001334  9.4076696242e-01  1.000000 0.000000 0.000000  0.000000 0.000000 1.000000
2451545.002001  9.4006386127e-01  1.000000 0.000000 0.000000  0.000000 0.000000 1.000000
2451545.002668  9.3959529837e-01  1.000000 0.000000 0.000000  0.000000 0.000000 1.000000
2451545.003334  9.4103813656e-01  1.000000 0.000000 0.000000  0.000000 0.000000 1.000000
2451545.004001  9.4427253878e-01  1.000000 0.000000 0.000000  0.000000 0.000000 1.000000
2451545.004668  9.4679682082e-01  1.000000 0.000000 0.000000  0.000000 0.000000 1.000000
2451545.005335  9.5098837874e-01  1.000000 0.000000 0.000000  0.000000 0.000000 1.000000
2451545.006002  9.5200322743e-01  1.000000 0.000000 0.000000  0.000000 0.000000 1.000000
2451545.006669  9.5602941021e-01  1.000000 0.000000 0.000000  0.000000 0.000000 1.000000
2451545.007336  9.5815686040e-01  1.000000 0.000000 0.000000  0.000000 0.000000 1.000000
2451545.008003  9.6425108842e-01  1.000000 0.000000 0.000000  0.000000 0.000000 1.000000
2451545.008670  9.6663961219e-01  1.000000 0.000000 0.000000  0.000000 0.000000 1.000000
2451545.009337  9.6977437845e-01  1.000000 0.000000 0.000000  0.000000 0.000000 1.000000
2451545.010003  9.7319196017e-01  1.000000 0.000000 0.000000  0.000000 0.000000 1.000000
2451545.010670  9.7543051643e-01  1.000000 0.000000 0.000000  0.000000 0.000000 1.000000
2451545.011337  9.7621442199e-01  1.000000 0.000000 0.000000  0.000000 0.000000 1.000000
2451545.012004  9.8236959571e-01  1.000000 0.000000 0.000000  0.000000 0.000000 1.000000
2451545.012671  9.8770046167e-01  1.000000 0.000000 0.000000  0.000000 0.000000 1.000000
2451545.013338  9.9010028437e-01  1.000000 0.000000 0.000000  0.000000 0.000000 1.000000
2451545.014005  9.9454367131e-01  1.000000 0.000000 0.000000  0.000000 0.000000 1.000000
2451545.014672  9.9485233733e-01  1.000000 0.000000 0.000000  0.000000 0.000000 1.000000
2451545.015339  9.9923272422e-01  1.000000 0.000000 0.000000  0.000000 0.000000 1.000000
2451545.016006  1.0040082310e+00  1.000000 0.000000 0.000000  0.000000 0.000000 1.000000
2451545.016672  1.0068329617e+00  1.000000 0.000000 0.000000  0.000000 0.000000 1.000000
2451545.017339  1.0072933072e+00  1.000000 0.000000 0.000000  0.000000 0.000000 1.000000
2451545.018006  1.0134311901e+00  1.000000 0.000000 0.000000  0.000000 0.000000 1.000000
2451545.018673  1.0145011639e+00  1.000000 0.000000 0.000000  0.000000 0.000000 1.000000
2451545.019340  1.0172320792e+00  1.000000 0.000000 0.000000  0.000000 0.000000 1.000000
2451545.020007  1.0237643973e+00  1.000000 0.000000 0.000000  0.000000 0.000000 1.000000
2451545.020674  1.0246188355e+00  1.000000 0.000000 0.000000  0.000000 0.000000 1.000000
2451545.021341  1.0286095808e+00  1.000000 0.000000 0.000000  0.000000 0.000000 1.000000
2451545.022008  1.0324073884e+00  1.000000 0.000000 0.000000  0.000000 0.000000 1.000000
2451545.022674  1.0329576117e+00  1.000000 0.000000 0.000000  0.000000 0.000000 1.000000
2451545.023341  1.0328954676e+00  1.000000 0.000000 0.000000  0.000000 0.000000 1.000000
2451545.024008  1.0398056148e+00  1.000000 0.000000 0.000000  0.000000 0.000000 1.000000
2451545.024675  1.0422328288e+00  1.000000 0.000000 0.000000  0.000000 0.000000 1.000000
2451545.025342  1.0437943057e+00  1.000000 0.000000 0.000000  0.000000 0.000000 1.000000
2451545.026009  1.0432940716e+00  1.000000 0.000000 0.000000  0.000000 0.000000 1.000000
2451545.026676  1.0425493698e+00  1.000000 0.000000 0.000000  0.000000 0.000000 1.000000
2451545.027343  1.0470819498e+00  1.000000 0.000000 0.000000  0.000000 0.000000 1.000000
2451545.028010  1.0470478818e+00  1.000000 0.000000 0.000000  0.000000 0.000000 1.000000
2451545.028677  1.0487733643e+00  1.000000 0.000000 0.000000  0.000000 0.000000 1.000000
2451545.029343  1.0481019344e+00  1.000000 0.000000 0.000000  0.000000 0.000000 1.000000
2451545.030010  1.0483864618e+00  1.000000 0.000000 0.000000  0.000000 0.000000 1.000000
2451545.030677  1.0541372710e+00  1.000000 0.000000 0.000000  0.000000 0.000000 1.000000
2451545.031344  1.0707328205e+00  1.000000 0.000000 0.000000  0.000000 0.000000 1.000000
2451545.032011  1.0812303757e+00  1.000000 0.000000 0.000000  0.000000 0.000000 1.000000
2451545.032678  1.0878850987e+00  1.000000 0.000000 0.000000  0.000000 0.000000 1.000000
2451545.033345  1.0971372044e+00  1.000000 0.000000 0.000000  0.000000 0.000000 1.000000
2451545.034012  1.1030158969e+00  1.000000 0.000000 0.000000  0.000000 0.000000 1.000000
2451545.034679  1.1069424438e+00  1.000000 0.000000 0.000000  0.000000 0.000000 1.000000
2451545.035345  1.1147178145e+00  1.000000 0.000000 0.000000  0.000000 0.000000 1.000000
2451545.036012  1.1152757416e+00  1.000000 0.000000 0.000000  0.000000 0.000000 1.000000
2451545.036679  1.1166887918e+00  1.000000 0.000000 0.000000  0.000000 0.000000 1.000000
2451545.037346  1.1146753580e+00  1.000000 0.000000 0.000000  0.000000 0.000000 1.000000
2451545.038013  1.1126360736e+00  1.000000 0.000000 0.000000  0.000000 0.000000 1.000000
2451545.038680  1.1120384291e+00  1.000000 0.000000 0.000000  0.000000 0.000000 1.000000
2451545.039347  1.1111035288e+00  1.000000 0.000000 0.000000  0.000000 0.000000 1.000000
2451545.040014  1.1079579772e+00  1.000000 0.000000 0.000000  0.000000 0.000000 1.000000
2451545.040681  1.1036188485e+00  1.000000 0.000000 0.000000  0.000000 0.000000 1.000000
2451545.041348  1.0976569549e+00  1.000000 0.000000 0.000000  0.000000 0.000000 1.000000
2451545.042014  1.0912186233e+00  1.000000 0.000000 0.000000  0.000000 0.000000 1.000000
2451545.042681  1.0872184623e+00  1.000000 0.000000 0.000000  0.000000 0.000000 1.000000
2451545.043348  1.0795827873e+00  1.000000 0.000000 0.000000  0.000000 0.000000 1.000000
2451545.044015  1.0748921936e+00  1.000000 0.000000 0.000000  0.000000 0.000000 1.000000
2451545.044682  1.0672712415e+00  1.000000 0.000000 0.000000  0.000000 0.000000 1.000000
2451545.045349  1.0608070593e+00  1.000000 0.000000 0.000000  0.000000 0.000000 1.000000
2451545.046016  1.0527144628e+00  1.000000 0.000000 0.000000  0.000000 0.000000 1.000000
2451545.046683  1.0460142016e+00  1.000000 0.000000 0.000000  0.000000 0.000000 1.000000
2451545.047350  1.0375269987e+00  1.000000 0.000000 0.000000  0.000000 0.000000 1.000000
2451545.048017  1.0306045254e+00  1.000000 0.000000 0.000000  0.000000 0.000000 1.000000
2451545.048683  1.0147733652e+00  1.000000 0.000000 0.000000  0.000000 0.000000 1.000000
2451545.049350  1.0101974727e+00  1.000000 0.000000 0.000000  0.000000 0.000000 1.000000
2451545.050017  1.0025208819e+00  1.000000 0.000000 0.000000  0.000000 0.000000 1.000000
2451545.050684  9.9505263642e-01  1.000000 0.000000 0.000000  0.000000 0.000000 1.000000
2451545.051351  9.8539616623e-01  1.000000 0.000000 0.000000  0.000000 0.000000 1.000000
2451545.052018  9.7761086611e-01  1.000000 0.000000 0.000000  0.000000 0.000000 1.000000
2451545.052685  9.6344903610e-01  1.000000 0.000000 0.000000  0.000000 0.000000 1.000000
2451545.053352  9.5676332660e-01  1.000000 0.000000 0.000000  0.000000 0.000000 1.000000
2451545.054019  9.4798474846e-01  1.000000 0.000000 0.000000  0.000000 0.000000 1.000000
2451545.054685  9.3820587328e-01  1.000000 0.000000 0.000000  0.000000 0.000000 1.000000
2451545.055352  9.3174905255e-01  1.000000 0.000000 0.000000  0.000000 0.000000 1.000000
2451545.056019  9.2516400618e-01  1.000000 0.000000 0.000000  0.000000 0.000000 1.000000
2451545.056686  9.1747183658e-01  1.000000 0.000000 0.000000  0.000000 0.000000 1.000000
2451545.057353  9.1269735696e-01  1.000000 0.000000 0.000000  0.000000 0.000000 1.000000
2451545.058020  9.1094431199e-01  1.000000 0.000000 0.000000  0.000000 0.000000 1.000000
2451545.058687  9.0763270047e-01  1.000000 0.000000 0.000000  0.000000 0.000000 1.000000
2451545.059354  9.0790250505e-01  1.000000 0.000000 0.000000  0.000000 0.000000 1.000000
2451545.060021  9.0659679470e-01  1.000000 0.000000 0.000000  0.000000 0.000000 1.000000
2451545.060688  9.0987930293e-01  1.000000 0.000000 0.000000  0.000000 0.000000 1.000000
2451545.061354  9.1264565583e-01  1.000000 0.000000 0.000000  0.000000 0.000000 1.000000
2451545.062021  9.1869143544e-01  1.000000 0.000000 0.000000  0.000000 0.000000 1.000000
2451545.062688  9.2689616527e-01  1.000000 0.000000 0.000000  0.000000 0.000000 1.000000
2451545.063355  9.3133664188e-01  1.000000 0.000000 0.000000  0.000000 0.000000 1.000000
2451545.064022  9.3830362608e-01  1.000000 0.000000 0.000000  0.000000 0.000000 1.000000
2451545.064689  9.4664462775e-01  1.000000 0.000000 0.000000  0.000000 0.000000 1.000000
2451545.065356  9.5009935896e-01  1.000000 0.000000 0.000000  0.000000 0.000000 1.000000
2451545.066023  9.5827498550e-01  1.000000 0.000000 0.000000  0.000000 0.000000 1.000000
2451545.066690  9.6507043151e-01  1.000000 0.000000 0.000000  0.000000 0.000000 1.000000
2451545.067356  9.7013645757e-01  1.000000 0.000000 0.000000  0.000000 0.000000 1.000000
2451545.068023  9.7835402707e-01  1.000000 0.000000 0.000000  0.000000 0.000000 1.000000
2451545.068690  9.8737707281e-01  1.000000 0.000000 0.000000  0.000000 0.000000 1.000000
2451545.069357  9.9459297570e-01  1.000000 0.000000 0.000000  0.000000 0.000000 1.000000
2451545.070024  9.9689350484e-01  1.000000 0.000000 0.000000  0.000000 0.000000 1.000000
2451545.070691  1.0062103226e+00  1.000000 0.000000 0.000000  0.000000 0.000000 1.000000
2451545.071358  1.0107665275e+00  1.000000 0.000000 0.000000  0.000000 0.000000 1.000000
2451545.072025  1.0166678179e+00  1.000000 0.000000 0.000000  0.000000 0.000000 1.000000
2451545.072692  1.0221467682e+00  1.000000 0.000000 0.000000  0.000000 0.000000 1.000000
2451545.073359  1.0205234897e+00  1.000000 0.000000 0.000000  0.000000 0.000000 1.000000
2451545.074025  1.0267348156e+00  1.000000 0.000000 0.000000  0.000000 0.000000 1.000000
2451545.074692  1.0308729604e+00  1.000000 0.000000 0.000000  0.000000 0.000000 1.000000
2451545.075359  1.0313209798e+00  1.000000 0.000000 0.000000  0.000000 0.000000 1.000000
2451545.076026  1.0295145218e+00  1.000000 0.000000 0.000000  0.000000 0.000000 1.000000
2451545.076693  1.0299414841e+00  1.000000 0.000000 0.000000  0.000000 0.000000 1.000000
2451545.077360  1.0316524149e+00  1.000000 0.000000 0.000000  0.000000 0.000000 1.000000
2451545.078027  1.0368565960e+00  1.000000 0.000000 0.000000  0.000000 0.000000 1.000000
2451545.078694  1.0365806283e+00  1.000000 0.000000 0.000000  0.000000 0.000000 1.000000
2451545.079361  1.0352632767e+00  1.000000 0.000000 0.000000  0.000000 0.000000 1.000000
2451545.080028  1.0313413521e+00  1.000000 0.000000 0.000000  0.000000 0.000000 1.000000
2451545.080694  1.0329808943e+00  1.000000 0.000000 0.000000  0.000000 0.000000 1.000000
2451545.081361  1.0338704277e+00  1.000000 0.000000 0.000000  0.000000 0.000000 1.000000
2451545.082028  1.0311704987e+00  1.000000 0.000000 0.000000  0.000000 0.000000 1.000000
2451545.082695  1.0322445812e+00  1.000000 0.000000 0.000000  0.000000 0.000000 1.000000
2451545.083362  1.0326811305e+00  1.000000 0.000000 0.000000  0.000000 0.000000 1.000000
2451545.084029  1.0336521530e+00  1.000000 0.000000 0.000000  0.000000 0.000000 1.000000
2451545.084696  1.0343115992e+00  1.000000 0.000000 0.000000  0.000000 0.000000 1.000000
2451545.085363  1.0343696346e+00  1.000000 0.000000 0.000000  0.000000 0.000000 1.000000
2451545.086030  1.0399863976e+00  1.000000 0.000000 0.000000  0.000000 0.000000 1.000000
2451545.086696  1.0427007069e+00  1.000000 0.000000 0.000000  0.000000 0.000000 1.000000
2451545.087363  1.0469182866e+00  1.000000 0.000000 0.000000  0.000000 0.000000 1.000000
2451545.088030  1.0469776916e+00  1.000000 0.000000 0.000000  0.000000 0.000000 1.000000
2451545.088697  1.0494489029e+00  1.000000 0.000000 0.000000  0.000000 0.000000 1.000000
2451545.089364  1.0523032504e+00  1.000000 0.000000 0.000000  0.000000 0.000000 1.000000
2451545.090031  1.0590223431e+00  1.000000 0.000000 0.000000  0.000000 0.000000 1.000000
2451545.090698  1.0601659311e+00  1.000000 0.000000 0.000000  0.000000 0.000000 1.000000
2451545.091365  1.0624404384e+00  1.000000 0.000000 0.000000  0.000000 0.000000 1.000000
2451545.092032  1.0633022381e+00  1.000000 0.000000 0.000000  0.000000 0.000000 1.000000
2451545.092699  1.0656067047e+00  1.000000 0.000000 0.000000  0.000000 0.000000 1.000000
2451545.093365  1.0657933081e+00  1.000000 0.000000 0.000000  0.000000 0.000000 1.000000
2451545.094032  1.0680650764e+00  1.000000 0.000000 0.000000  0.000000 0.000000 1.000000
2451545.094699  1.0674669183e+00  1.000000 0.000000 0.000000  0.000000 0.000000 1.000000
2451545.095366  1.0675268368e+00  1.000000 0.000000 0.000000  0.000000 0.000000 1.000000
2451545.096033  1.0649398971e+00  1.000000 0.000000 0.000000  0.000000 0.000000 1.000000
2451545.096700  1.0670872060e+00  1.000000 0.000000 0.000000  0.000000 0.000000 1.000000
2451545.097367  1.0636634612e+00  1.000000 0.000000 0.000000  0.000000 0.000000 1.000000
2451545.098034  1.0600050070e+00  1.000000 0.000000 0.000000  0.000000 0.000000 1.000000
2451545.098701  1.0569068767e+00  1.000000 0.000000 0.000000  0.000000 0.000000 1.000000
2451545.099367  1.0513938584e+00  1.000000 0.000000 0.000000  0.000000 0.000000 1.000000
2451545.100034  1.0487190952e+00  1.000000 0.000000 0.000000  0.000000 0.000000 1.000000
2451545.100701  1.0425875465e+00  1.000000 0.000000 0.000000  0.000000 0.000000 1.000000
2451545.101368  1.0371192103e+00  1.000000 0.000000 0.000000  0.000000 0.000000 1.000000
2451545.102035  1.0338016070e+00  1.000000 0.000000 0.000000  0.000000 0.000000 1.000000
2451545.102702  1.0281317733e+00  1.000000 0.000000 0.000000  0.000000 0.000000 1.000000
2451545.103369  1.0164279726e+00  1.000000 0.000000 0.000000  0.000000 0.000000 1.000000
2451545.104036  1.0089058004e+00  1.000000 0.000000 0.000000  0.000000 0.000000 1.000000
2451545.104703  1.0031911135e+00  1.000000 0.000000 0.000000  0.000000 0.000000 1.000000
2451545.105370  9.9430023089e-01  1.000000 0.000000 0.000000  0.000000 0.000000 1.000000
2451545.106036  9.8824777464e-01  1.000000 0.000000 0.000000  0.000000 0.000000 1.000000
2451545.106703  9.8021338464e-01  1.000000 0.000000 0.000000  0.000000 0.000000 1.000000
2451545.107370  9.6462326808e-01  1.000000 0.000000 0.000000  0.000000 0.000000 1.000000
2451545.108037  9.5504708872e-01  1.000000 0.000000 0.000000  0.000000 0.000000 1.000000
2451545.108704  9.4685571217e-01  1.000000 0.000000 0.000000  0.000000 0.000000 1.000000
2451545.109371  9.3482920735e-01  1.000000 0.000000 0.000000  0.000000 0.000000 1.000000
2451545.110038  9.2430117936e-01  1.000000 0.000000 0.000000  0.000000 0.000000 1.000000
2451545.110705  9.1610381095e-01  1.000000 0.000000 0.000000  0.000000 0.000000 1.000000
2451545.111372  9.0202398373e-01  1.000000 0.000000 0.000000  0.000000 0.000000 1.000000
2451545.112039  8.9281005468e-01  1.000000 0.000000 0.000000  0.000000 0.000000 1.000000
2451545.112705  8.8308133987e-01  1.000000 0.000000 0.000000  0.000000 0.000000 1.000000
2451545.113372  8.6984961663e-01  1.000000 0.000000 0.000000  0.000000 0.000000 1.000000
2451545.114039  8.6145948176e-01  1.000000 0.000000 0.000000  0.000000 0.000000 1.000000
2451545.114706  8.5075375252e-01  1.000000 0.000000 0.000000  0.000000 0.000000 1.000000
2451545.115373  8.3857231550e-01  1.000000 0.000000 0.000000  0.000000 0.000000 1.000000
2451545.116040  8.2999677558e-01  1.000000 0.000000 0.000000  0.000000 0.000000 1.000000
2451545.116707  8.2208102427e-01  1.000000 0.000000 0.000000  0.000000 0.000000 1.000000
2451545.117374  8.1516693957e-01  1.000000 0.000000 0.000000  0.000000 0.000000 1.000000
2451545.118041  8.1125271884e-01  1.000000 0.000000 0.000000  0.000000 0.000000 1.000000
2451545.118707  8.0635977174e-01  1.000000 0.000000 0.000000  0.000000 0.000000 1.000000
2451545.119374  7.9796552817e-01  1.000000 0.000000 0.000000  0.000000 0.000000 1.000000
2451545.120041  7.9840310463e-01  1.000000 0.000000 0.000000  0.000000 0.000000 1.000000
2451545.120708  8.0413850625e-01  1.000000 0.000000 0.000000  0.000000 0.000000 1.000000
2451545.121375  8.1009303851e-01  1.000000 0.000000 0.000000  0.000000 0.000000 1.000000
2451545.122042  8.1179523833e-01  1.000000 0.000000 0.000000  0.000000 0.000000 1.000000
2451545.122709  8.1825719492e-01  1.000000 0.000000 0.000000  0.000000 0.000000 1.000000
2451545.123376  8.2578844047e-01  1.000000 0.000000 0.000000  0.000000 0.000000 1.000000
2451545.124043  8.3518400827e-01  1.000000 0.000000 0.000000  0.000000 0.000000 1.000000
2451545.124710  8.4586268857e-01  1.000000 0.000000 0.000000  0.000000 0.000000 1.000000
2451545.125376  8.5267611014e-01  1.000000 0.000000 0.000000  0.000000 0.000000 1.000000
2451545.126043  8.6091610629e-01  1.000000 0.000000 0.000000  0.000000 0.000000 1.000000
2451545.126710  8.6749122331e-01  1.000000 0.000000 0.000000  0.000000 0.000000 1.000000
2451545.127377  8.7455715868e-01  1.000000 0.000000 0.000000  0.000000 0.000000 1.000000
2451545.128044  8.7899489616e-01  1.000000 0.000000 0.000000  0.000000 0.000000 1.000000
2451545.128711  8.8652836726e-01  1.000000 0.000000 0.000000  0.000000 0.000000 1.000000
2451545.129378  8.9153824110e-01  1.000000 0.000000 0.000000  0.000000 0.000000 1.000000
2451545.130045  8.9639626426e-01  1.000000 0.000000 0.000000  0.000000 0.000000 1.000000
2451545.130712  8.9866375261e-01  1.000000 0.000000 0.000000  0.000000 0.000000 1.000000
2451545.131378  9.0119556727e-01  1.000000 0.000000 0.000000  0.000000 0.000000 1.000000
2451545.132045  9.0526112508e-01  1.000000 0.000000 0.000000  0.000000 0.000000 1.000000
2451545.132712  9.1135569549e-01  1.000000 0.000000 0.000000  0.000000 0.000000 1.000000
2451545.133379  9.1262511234e-01  1.000000 0.000000 0.000000  0.000000 0.000000 1.000000
2451545.134046  9.1336570536e-01  1.000000 0.000000 0.000000  0.000000 0.000000 1.000000
2451545.134713  9.1060756986e-01  1.000000 0.000000 0.000000  0.000000 0.000000 1.000000
2451545.135380  9.1523208195e-01  1.000000 0.000000 0.000000  0.000000 0.000000 1.000000
2451545.136047  9.1348691198e-01  1.000000 0.000000 0.000000  0.000000 0.000000 1.000000
2451545.136714  9.1405784997e-01  1.000000 0.000000 0.000000  0.000000 0.000000 1.000000
2451545.137381  9.1358004250e-01  1.000000 0.000000 0.000000  0.000000 0.000000 1.000000
2451545.138047  9.1230583217e-01  1.000000 0.000000 0.000000  0.000000 0.000000 1.000000
2451545.138714  9.1075719498e-01  1.000000 0.000000 0.000000  0.000000 0.000000 1.000000
2451545.139381  9.1078047761e-01  1.000000 0.000000 0.000000  0.000000 0.000000 1.000000
2451545.140048  9.0777992886e-01  1.000000 0.000000 0.000000  0.000000 0.000000 1.000000
2451545.140715  9.0821442379e-01  1.000000 0.000000 0.000000  0.000000 0.000000 1.000000
2451545.141382  9.0499234768e-01  1.000000 0.000000 0.000000  0.000000 0.000000 1.000000
2451545.142049  9.0335742780e-01  1.000000 0.000000 0.000000  0.000000 0.000000 1.000000
2451545.142716  9.0409579528e-01  1.000000 0.000000 0.000000  0.000000 0.000000 1.000000
2451545.143383  9.0261991631e-01  1.000000 0.000000 0.000000  0.000000 0.000000 1.000000
2451545.144050  9.0152837190e-01  1.000000 0.000000 0.000000  0.000000 0.000000 1.000000
2451545.144716  9.0452309999e-01  1.000000 0.000000 0.000000  0.000000 0.000000 1.000000
2451545.145383  9.0887164446e-01  1.000000 0.000000 0.000000  0.000000 0.000000 1.000000
2451545.146050  9.1098437181e-01  1.000000 0.000000 0.000000  0.000000 0.000000 1.000000
2451545.146717  9.1627209642e-01  1.000000 0.000000 0.000000  0.000000 0.000000 1.000000
2451545.147384  9.2093392920e-01  1.000000 0.000000 0.000000  0.000000 0.000000 1.000000
2451545.148051  9.2809744618e-01  1.000000 0.000000 0.000000  0.000000 0.000000 1.000000
2451545.148718  9.3264731691e-01  1.000000 0.000000 0.000000  0.000000 0.000000 1.000000
2451545.149385  9.3442124777e-01  1.000000 0.000000 0.000000  0.000000 0.000000 1.000000
2451545.150052  9.4024721197e-01  1.000000 0.000000 0.000000  0.000000 0.000000 1.000000
2451545.150718  9.5543159449e-01  1.000000 0.000000 0.000000  0.000000 0.000000 1.000000
2451545.151385  9.7466355925e-01  1.000000 0.000000 0.000000  0.000000 0.000000 1.000000
2451545.152052  9.9707240444e-01  1.000000 0.000000 0.000000  0.000000 0.000000 1.000000
2451545.152719  1.0117789795e+00  1.000000 0.000000 0.000000  0.000000 0.000000 1.000000
2451545.153386  1.0231670952e+00  1.000000 0.000000 0.000000  0.000000 0.000000 1.000000
2451545.154053  1.0409086293e+00  1.000000 0.000000 0.000000  0.000000 0.000000 1.000000
2451545.154720  1.0520156415e+00  1.000000 0.000000 0.000000  0.000000 0.000000 1.000000
2451545.155387  1.0595932811e+00  1.000000 0.000000 0.000000  0.000000 0.000000 1.000000
2451545.156054  1.0748778132e+00  1.000000 0.000000 0.000000  0.000000 0.000000 1.000000
2451545.156721  1.0833840188e+00  1.000000 0.000000 0.000000  0.000000 0.000000 1.000000
2451545.157387  1.0915218111e+00  1.000000 0.000000 0.000000  0.000000 0.000000 1.000000
2451545.158054  1.1015309446e+00  1.000000 0.000000 0.000000  0.000000 0.000000 1.000000
2451545.158721  1.1047472001e+00  1.000000 0.000000 0.000000  0.000000 0.000000 1.000000
2451545.159388  1.1108054770e+00  1.000000 0.000000 0.000000  0.000000 0.000000 1.000000
2451545.160055  1.1207418523e+00  1.000000 0.000000 0.000000  0.000000 0.000000 1.000000
2451545.160722  1.1262457972e+00  1.000000 0.000000 0.000000  0.000000 0.000000 1.000000
2451545.161389  1.1290152316e+00  1.000000 0.000000 0.000000  0.000000 0.000000 1.000000
2451545.162056  1.1289149109e+00  1.000000 0.000000 0.000000  0.000000 0.000000 1.000000
2451545.162723  1.1309353637e+00  1.000000 0.000000 0.000000  0.000000 0.000000 1.000000
2451545.163389  1.1321763620e+00  1.000000 0.000000 0.000000  0.000000 0.000000 1.000000
2451545.164056  1.1349957856e+00  1.000000 0.000000 0.000000  0.000000 0.000000 1.000000
2451545.164723  1.1350784732e+00  1.000000 0.000000 0.000000  0.000000 0.000000 1.000000
2451545.165390  1.1327459304e+00  1.000000 0.000000 0.000000  0.000000 0.000000 1.000000
2451545.166057  1.1301428983e+00  1.000000 0.000000 0.000000  0.000000 0.000000 1.000000
2451545.166724  1.1274056487e+00  1.000000 0.000000 0.000000  0.000000 0.000000 1.000000
2451545.167391  1.1243443255e+00  1.000000 0.000000 0.000000  0.000000 0.000000 1.000000
2451545.168058  1.1196167535e+00  1.000000 0.000000 0.000000  0.000000 0.000000 1.000000
2451545.168725  1.1136021315e+00  1.000000 0.000000 0.000000  0.000000 0.000000 1.000000
2451545.169392  1.1067940170e+00  1.000000 0.000000 0.000000  0.000000 0.000000 1.000000
2451545.170058  1.1006713705e+00  1.000000 0.000000 0.000000  0.000000 0.000000 1.000000
2451545.170725  1.0939043430e+00  1.000000 0.000000 0.000000  0.000000 0.000000 1.000000
2451545.171392  1.0829406217e+00  1.000000 0.000000 0.000000  0.000000 0.000000 1.000000
2451545.172059  1.0769788992e+00  1.000000 0.000000 0.000000  0.000000 0.000000 1.000000
2451545.172726  1.0674855786e+00  1.000000 0.000000 0.000000  0.000000 0.000000 1.000000
2451545.173393  1.0518738914e+00  1.000000 0.000000 0.000000  0.000000 0.000000 1.000000
2451545.174060  1.0414364260e+00  1.000000 0.000000 0.000000  0.000000 0.000000 1.000000
2451545.174727  1.0313427217e+00  1.000000 0.000000 0.000000  0.000000 0.000000 1.000000
2451545.175394  1.0173712614e+00  1.000000 0.000000 0.000000  0.000000 0.000000 1.000000
2451545.176061  1.0066857333e+00  1.000000 0.000000 0.000000  0.000000 0.000000 1.000000
2451545.176727  9.9508156851e-01  1.000000 0.000000 0.000000  0.000000 0.000000 1.000000
2451545.177394  9.7424686868e-01  1.000000 0.000000 0.000000  0.000000 0.000000 1.000000
2451545.178061  9.6464655071e-01  1.000000 0.000000 0.000000  0.000000 0.000000 1.000000
2451545.178728  9.5197258338e-01  1.000000 0.000000 0.000000  0.000000 0.000000 1.000000
2451545.179395  9.3741357912e-01  1.000000 0.000000 0.000000  0.000000 0.000000 1.000000
2451545.180062  9.2705897247e-01  1.000000 0.000000 0.000000  0.000000 0.000000 1.000000
2451545.180729  9.1904170205e-01  1.000000 0.000000 0.000000  0.000000 0.000000 1.000000
2451545.181396  9.0697804774e-01  1.000000 0.000000 0.000000  0.000000 0.000000 1.000000
2451545.182063  9.0174476339e-01  1.000000 0.000000 0.000000  0.000000 0.000000 1.000000
2451545.182729  8.9786461062e-01  1.000000 0.000000 0.000000  0.000000 0.000000 1.000000
2451545.183396  8.9937318799e-01  1.000000 0.000000 0.000000  0.000000 0.000000 1.000000
2451545.184063  9.0004085161e-01  1.000000 0.000000 0.000000  0.000000 0.000000 1.000000
2451545.184730  9.0181272812e-01  1.000000 0.000000 0.000000  0.000000 0.000000 1.000000
2451545.185397  9.0393093373e-01  1.000000 0.000000 0.000000  0.000000 0.000000 1.000000
2451545.186064  9.0404649089e-01  1.000000 0.000000 0.000000  0.000000 0.000000 1.000000
2451545.186731  9.0896563096e-01  1.000000 0.000000 0.000000  0.000000 0.000000 1.000000
2451545.187398  9.1624196596e-01  1.000000 0.000000 0.000000  0.000000 0.000000 1.000000
2451545.188065  9.1891125085e-01  1.000000 0.000000 0.000000  0.000000 0.000000 1.000000
2451545.188732  9.1905608249e-01  1.000000 0.000000 0.000000  0.000000 0.000000 1.000000
2451545.189398  9.2005329802e-01  1.000000 0.000000 0.000000  0.000000 0.000000 1.000000
2451545.190065  9.2325551542e-01  1.000000 0.000000 0.000000  0.000000 0.000000 1.000000
2451545.190732  9.2581472141e-01  1.000000 0.000000 0.000000  0.000000 0.000000 1.000000
2451545.191399  9.3162305245e-01  1.000000 0.000000 0.000000  0.000000 0.000000 1.000000
2451545.192066  9.3532670234e-01  1.000000 0.000000 0.000000  0.000000 0.000000 1.000000
2451545.192733  9.3541041709e-01  1.000000 0.000000 0.000000  0.000000 0.000000 1.000000
2451545.193400  9.3844657457e-01  1.000000 0.000000 0.000000  0.000000 0.000000 1.000000
2451545.194067  9.4223599356e-01  1.000000 0.000000 0.000000  0.000000 0.000000 1.000000
2451545.194734  9.4225619467e-01  1.000000 0.000000 0.000000  0.000000 0.000000 1.000000
2451545.195400  9.4369817687e-01  1.000000 0.000000 0.000000  0.000000 0.000000 1.000000
2451545.196067  9.4685999207e-01  1.000000 0.000000 0.000000  0.000000 0.000000 1.000000
2451545.196734  9.4783067224e-01  1.000000 0.000000 0.000000  0.000000 0.000000 1.000000
2451545.197401  9.4844458038e-01  1.000000 0.000000 0.000000  0.000000 0.000000 1.000000
2451545.198068  9.4959022266e-01  1.000000 0.000000 0.000000  0.000000 0.000000 1.000000
2451545.198735  9.5249764090e-01  1.000000 0.000000 0.000000  0.000000 0.000000 1.000000
2451545.199402  9.5379701700e-01  1.000000 0.000000 0.000000  0.000000 0.000000 1.000000
2451545.200069  9.5578100511e-01  1.000000 0.000000 0.000000  0.000000 0.000000 1.000000
2451545.200736  9.5713276713e-01  1.000000 0.000000 0.000000  0.000000 0.000000 1.000000
2451545.201403  9.5713824540e-01  1.000000 0.000000 0.000000  0.000000 0.000000 1.000000
2451545.202069  9.6063834349e-01  1.000000 0.000000 0.000000  0.000000 0.000000 1.000000
2451545.202736  9.6885591300e-01  1.000000 0.000000 0.000000  0.000000 0.000000 1.000000
2451545.203403  9.7330512059e-01  1.000000 0.000000 0.000000  0.000000 0.000000 1.000000
2451545.204070  9.7475069791e-01  1.000000 0.000000 0.000000  0.000000 0.000000 1.000000
2451545.204737  9.7724416471e-01  1.000000 0.000000 0.000000  0.000000 0.000000 1.000000
2451545.205404  9.8202412259e-01  1.000000 0.000000 0.000000  0.000000 0.000000 1.000000
2451545.206071  9.8842701664e-01  1.000000 0.000000 0.000000  0.000000 0.000000 1.000000
2451545.206738  9.9760670653e-01  1.000000 0.000000 0.000000  0.000000 0.000000 1.000000
2451545.207405  1.0017232807e+00  1.000000 0.000000 0.000000  0.000000 0.000000 1.000000
2451545.208072  1.0058622815e+00  1.000000 0.000000 0.000000  0.000000 0.000000 1.000000
2451545.208738  1.0190863009e+00  1.000000 0.000000 0.000000  0.000000 0.000000 1.000000
2451545.209405  1.0260789645e+00  1.000000 0.000000 0.000000  0.000000 0.000000 1.000000
2451545.210072  1.0340393979e+00  1.000000 0.000000 0.000000  0.000000 0.000000 1.000000
2451545.210739  1.0479898011e+00  1.000000 0.000000 0.000000  0.000000 0.000000 1.000000
2451545.211406  1.0599077678e+00  1.000000 0.000000 0.000000  0.000000 0.000000 1.000000
2451545.212073  1.0690583544e+00  1.000000 0.000000 0.000000  0.000000 0.000000 1.000000
2451545.212740  1.0854691836e+00  1.000000 0.000000 0.000000  0.000000 0.000000 1.000000
2451545.213407  1.0939996990e+00  1.000000 0.000000 0.000000  0.000000 0.000000 1.000000
2451545.214074  1.1056149916e+00  1.000000 0.000000 0.000000  0.000000 0.000000 1.000000
2451545.214740  1.1174168875e+00  1.000000 0.000000 0.000000  0.000000 0.000000 1.000000
2451545.215407  1.1287519325e+00  1.000000 0.000000 0.000000  0.000000 0.000000 1.000000
2451545.216074  1.1367132219e+00  1.000000 0.000000 0.000000  0.000000 0.000000 1.000000
2451545.216741  1.1424386941e+00  1.000000 0.000000 0.000000  0.000000 0.000000 1.000000
2451545.217408  1.1503116465e+00  1.000000 0.000000 0.000000  0.000000 0.000000 1.000000
2451545.218075  1.1618305558e+00  1.000000 0.000000 0.000000  0.000000 0.000000 1.000000
2451545.218742  1.1659883881e+00  1.000000 0.000000 0.000000  0.000000 0.000000 1.000000
2451545.219409  1.1686174420e+00  1.000000 0.000000 0.000000  0.000000 0.000000 1.000000
2451545.220076  1.1693614589e+00  1.000000 0.000000 0.000000  0.000000 0.000000 1.000000
2451545.220743  1.1724306572e+00  1.000000 0.000000 0.000000  0.000000 0.000000 1.000000
2451545.221409  1.1725006763e+00  1.000000 0.000000 0.000000  0.000000 0.000000 1.000000
2451545.222076  1.1743525012e+00  1.000000 0.000000 0.000000  0.000000 0.000000 1.000000
2451545.222743  1.1723248582e+00  1.000000 0.000000 0.000000  0.000000 0.000000 1.000000
2451545.223410  1.1710710202e+00  1.000000 0.000000 0.000000  0.000000 0.000000 1.000000
2451545.224077  1.1653152463e+00  1.000000 0.000000 0.000000  0.000000 0.000000 1.000000
2451545.224744  1.1609956339e+00  1.000000 0.000000 0.000000  0.000000 0.000000 1.000000
2451545.225411  1.1554961401e+00  1.000000 0.000000 0.000000  0.000000 0.000000 1.000000
2451545.226078  1.1469377197e+00  1.000000 0.000000 0.000000  0.000000 0.000000 1.000000
2451545.226745  1.1429485152e+00  1.000000 0.000000 0.000000  0.000000 0.000000 1.000000
2451545.227411  1.1366240289e+00  1.000000 0.000000 0.000000  0.000000 0.000000 1.000000
2451545.228078  1.1258042832e+00  1.000000 0.000000 0.000000  0.000000 0.000000 1.000000
2451545.228745  1.1170411127e+00  1.000000 0.000000 0.000000  0.000000 0.000000 1.000000
2451545.229412  1.1096495629e+00  1.000000 0.000000 0.000000  0.000000 0.000000 1.000000
2451545.230079  1.0987661325e+00  1.000000 0.000000 0.000000  0.000000 0.000000 1.000000
2451545.230746  1.0901137256e+00  1.000000 0.000000 0.000000  0.000000 0.000000 1.000000
2451545.231413  1.0809972070e+00  1.000000 0.000000 0.000000  0.000000 0.000000 1.000000
2451545.232080  1.0641056600e+00  1.000000 0.000000 0.000000  0.000000 0.000000 1.000000
2451545.232747  1.0560508977e+00  1.000000 0.000000 0.000000  0.000000 0.000000 1.000000
2451545.233414  1.0455095164e+00  1.000000 0.000000 0.000000  0.000000 0.000000 1.000000
2451545.234080  1.0331409624e+00  1.000000 0.000000 0.000000  0.000000 0.000000 1.000000
2451545.234747  1.0229822037e+00  1.000000 0.000000 0.000000  0.000000 0.000000 1.000000
2451545.235414  1.0127212412e+00  1.000000 0.000000 0.000000  0.000000 0.000000 1.000000
2451545.236081  9.9440842663e-01  1.000000 0.000000 0.000000  0.000000 0.000000 1.000000
2451545.236748  9.8707799375e-01  1.000000 0.000000 0.000000  0.000000 0.000000 1.000000
2451545.237415  9.7597029678e-01  1.000000 0.000000 0.000000  0.000000 0.000000 1.000000
2451545.238082  9.6269029633e-01  1.000000 0.000000 0.000000  0.000000 0.000000 1.000000
2451545.238749  9.5723240309e-01  1.000000 0.000000 0.000000  0.000000 0.000000 1.000000
2451545.239416  9.4909734995e-01  1.000000 0.000000 0.000000  0.000000 0.000000 1.000000
360  1
2451545.000000  9.4449323823e-01  1.000000 0.000000 0.000000  0.000000 0.000000 -1.000000
2451545.000667  9.5167803071e-01  1.000000 0.000000 0.000000  0.000000 0.000000 -1.000000
2451545.001334  9.5987938702e-01  1.000000 0.000000 0.000000  0.000000 0.000000 -1.000000
2451545.002001  9.7204169661e-01  1.000000 0.000000 0.000000  0.000000 0.000000 -1.000000
2451545.002668  9.8113586872e-01  1.000000 0.000000 0.000000  0.000000 0.000000 -1.000000
2451545.003334  9.9577560781e-01  1.000000 0.000000 0.000000  0.000000 0.000000 -1.000000
2451545.004001  1.0170429828e+00  1.000000 0.000000 0.000000  0.000000 0.000000 -1.000000
2451545.004668  1.0281317929e+00  1.000000 0.000000 0.000000  0.000000 0.000000 -1.000000
2451545.005335  1.0411742820e+00  1.000000 0.000000 0.000000  0.000000 0.000000 -1.000000
2451545.006002  1.0543961477e+00  1.000000 0.000000 0.000000  0.000000 0.000000 -1.000000
2451545.006669  1.0682309437e+00  1.000000 0.000000 0.000000  0.000000 0.000000 -1.000000
2451545.007336  1.0801780015e+00  1.000000 0.000000 0.000000  0.000000 0.000000 -1.000000
2451545.008003  1.0975050479e+00  1.000000 0.000000 0.000000  0.000000 0.000000 -1.000000
2451545.008670  1.1092866725e+00  1.000000 0.000000 0.000000  0.000000 0.000000 -1.000000
2451545.009337  1.1177212909e+00  1.000000 0.000000 0.000000  0.000000 0.000000 -1.000000
2451545.010003  1.1313286346e+00  1.000000 0.000000 0.000000  0.000000 0.000000 -1.000000
2451545.010670  1.1368200255e+00  1.000000 0.000000 0.000000  0.000000 0.000000 -1.000000
2451545.011337  1.1442826701e+00  1.000000 0.000000 0.000000  0.000000 0.000000 -1.000000
2451545.012004  1.1466064312e+00  1.000000 0.000000 0.000000  0.000000 0.000000 -1.000000
2451545.012671  1.1482055694e+00  1.000000 0.000000 0.000000  0.000000 0.000000 -1.000000
2451545.013338  1.1535923845e+00  1.000000 0.000000 0.000000  0.000000 0.000000 -1.000000
2451545.014005  1.1600829099e+00  1.000000 0.000000 0.000000  0.000000 0.000000 -1.000000
2451545.014672  1.1607690433e+00  1.000000 0.000000 0.000000  0.000000 0.000000 -1.000000
2451545.015339  1.1635588930e+00  1.000000 0.000000 0.000000  0.000000 0.000000 -1.000000
2451545.016006  1.1566642983e+00  1.000000 0.000000 0.000000  0.000000 0.000000 -1.000000
2451545.016672  1.1600701284e+00  1.000000 0.000000 0.000000  0.000000 0.000000 -1.000000
2451545.017339  1.1598686748e+00  1.000000 0.000000 0.000000  0.000000 0.000000 -1.000000
2451545.018006  1.1556301599e+00  1.000000 0.000000 0.000000  0.000000 0.000000 -1.000000
2451545.018673  1.1524857693e+00  1.000000 0.000000 0.000000  0.000000 0.000000 -1.000000
2451545.019340  1.1483994703e+00  1.000000 0.000000 0.000000  0.000000 0.000000 -1.000000
2451545.020007  1.1459930652e+00  1.000000 0.000000 0.000000  0.000000 0.000000 -1.000000
2451545.020674  1.1412591225e+00  1.000000 0.000000 0.000000  0.000000 0.000000 -1.000000
2451545.021341  1.1358587997e+00  1.000000 0.000000 0.000000  0.000000 0.000000 -1.000000
2451545.022008  1.1267415338e+00  1.000000 0.000000 0.000000  0.000000 0.000000 -1.000000
2451545.022674  1.1221133289e+00  1.000000 0.000000 0.000000  0.000000 0.000000 -1.000000
2451545.023341  1.1138091397e+00  1.000000 0.000000 0.000000  0.000000 0.000000 -1.000000
2451545.024008  1.1077681449e+00  1.000000 0.000000 0.000000  0.000000 0.000000 -1.000000
2451545.024675  1.1006718061e+00  1.000000 0.000000 0.000000  0.000000 0.000000 -1.000000
2451545.025342  1.0918572290e+00  1.000000 0.000000 0.000000  0.000000 0.000000 -1.000000
2451545.026009  1.0860288716e+00  1.000000 0.000000 0.000000  0.000000 0.000000 -1.000000
2451545.026676  1.0766285249e+00  1.000000 0.000000 0.000000  0.000000 0.000000 -1.000000
2451545.027343  1.0625411493e+00  1.000000 0.000000 0.000000  0.000000 0.000000 -1.000000
2451545.028010  1.0554615136e+00  1.000000 0.000000 0.000000  0.000000 0.000000 -1.000000
2451545.028677  1.0461789598e+00  1.000000 0.000000 0.000000  0.000000 0.000000 -1.000000
2451545.029343  1.0353353219e+00  1.000000 0.000000 0.000000  0.000000 0.000000 -1.000000
2451545.030010  1.0284992606e+00  1.000000 0.000000 0.000000  0.000000 0.000000 -1.000000
2451545.030677  1.0211525209e+00  1.000000 0.000000 0.000000  0.000000 0.000000 -1.000000
2451545.031344  1.0120833307e+00  1.000000 0.000000 0.000000  0.000000 0.000000 -1.000000
2451545.032011  1.0043358624e+00  1.000000 0.000000 0.000000  0.000000 0.000000 -1.000000
2451545.032678  9.9646871291e-01  1.000000 0.000000 0.000000  0.000000 0.000000 -1.000000
2451545.033345  9.8431395602e-01  1.000000 0.000000 0.000000  0.000000 0.000000 -1.000000
2451545.034012  9.8045409267e-01  1.000000 0.000000 0.000000  0.000000 0.000000 -1.000000
2451545.034679  9.7690984486e-01  1.000000 0.000000 0.000000  0.000000 0.000000 -1.000000
2451545.035345  9.7400176644e-01  1.000000 0.000000 0.000000  0.000000 0.000000 -1.000000
2451545.036012  9.7251940462e-01  1.000000 0.000000 0.000000  0.000000 0.000000 -1.000000
2451545.036679  9.7074655450e-01  1.000000 0.000000 0.000000  0.000000 0.000000 -1.000000
2451545.037346  9.6997254841e-01  1.000000 0.000000 0.000000  0.000000 0.000000 -1.000000
2451545.038013  9.6999259210e-01  1.000000 0.000000 0.000000  0.000000 0.000000 -1.000000
2451545.038680  9.7347975896e-01  1.000000 0.000000 0.000000  0.000000 0.000000 -1.000000
2451545.039347  9.7029368323e-01  1.000000 0.000000 0.000000  0.000000 0.000000 -1.000000
2451545.040014  9.6956063600e-01  1.000000 0.000000 0.000000  0.000000 0.000000 -1.000000
2451545.040681  9.7418506456e-01  1.000000 0.000000 0.000000  0.000000 0.000000 -1.000000
2451545.041348  9.7740745133e-01  1.000000 0.000000 0.000000  0.000000 0.000000 -1.000000
2451545.042014  9.7974646316e-01  1.000000 0.000000 0.000000  0.000000 0.000000 -1.000000
2451545.042681  9.8025162232e-01  1.000000 0.000000 0.000000  0.000000 0.000000 -1.000000
2451545.043348  9.8066498718e-01  1.000000 0.000000 0.000000  0.000000 0.000000 -1.000000
2451545.044015  9.8457641220e-01  1.000000 0.000000 0.000000  0.000000 0.000000 -1.000000
2451545.044682  9.8609014676e-01  1.000000 0.000000 0.000000  0.000000 0.000000 -1.000000
2451545.045349  9.8823293373e-01  1.000000 0.000000 0.000000  0.000000 0.000000 -1.000000
2451545.046016  9.8997876845e-01  1.000000 0.000000 0.000000  0.000000 0.000000 -1.000000
2451545.046683  9.9177732678e-01  1.000000 0.000000 0.000000  0.000000 0.000000 -1.000000
2451545.047350  9.9643835688e-01  1.000000 0.000000 0.000000  0.000000 0.000000 -1.000000
2451545.048017  9.9839406939e-01  1.000000 0.000000 0.000000  0.000000 0.000000 -1.000000
2451545.048683  9.9673015238e-01  1.000000 0.000000 0.000000  0.000000 0.000000 -1.000000
2451545.049350  9.9829036506e-01  1.000000 0.000000 0.000000  0.000000 0.000000 -1.000000
2451545.050017  9.9950649435e-01  1.000000 0.000000 0.000000  0.000000 0.000000 -1.000000
2451545.050684  1.0046276579e+00  1.000000 0.000000 0.000000  0.000000 0.000000 -1.000000
2451545.051351  1.0056163349e+00  1.000000 0.000000 0.000000  0.000000 0.000000 -1.000000
2451545.052018  1.0062462588e+00  1.000000 0.000000 0.000000  0.000000 0.000000 -1.000000
2451545.052685  1.0100863689e+00  1.000000 0.000000 0.000000  0.000000 0.000000 -1.000000
2451545.053352  1.0111364841e+00  1.000000 0.000000 0.000000  0.000000 0.000000 -1.000000
2451545.054019  1.0119970557e+00  1.000000 0.000000 0.000000  0.000000 0.000000 -1.000000
2451545.054685  1.0123247265e+00  1.000000 0.000000 0.000000  0.000000 0.000000 -1.000000
2451545.055352  1.0150919181e+00  1.000000 0.000000 0.000000  0.000000 0.000000 -1.000000
2451545.056019  1.0143778979e+00  1.000000 0.000000 0.000000  0.000000 0.000000 -1.000000
2451545.056686  1.0163678880e+00  1.000000 0.000000 0.000000  0.000000 0.000000 -1.000000
2451545.057353  1.0192666708e+00  1.000000 0.000000 0.000000  0.000000 0.000000 -1.000000
2451545.058020  1.0235130288e+00  1.000000 0.000000 0.000000  0.000000 0.000000 -1.000000
2451545.058687  1.0221988597e+00  1.000000 0.000000 0.000000  0.000000 0.000000 -1.000000
2451545.059354  1.0264707807e+00  1.000000 0.000000 0.000000  0.000000 0.000000 -1.000000
2451545.060021  1.0299596905e+00  1.000000 0.000000 0.000000  0.000000 0.000000 -1.000000
2451545.060688  1.0346067772e+00  1.000000 0.000000 0.000000  0.000000 0.000000 -1.000000
2451545.061354  1.0407418902e+00  1.000000 0.000000 0.000000  0.000000 0.000000 -1.000000
2451545.062021  1.0474203616e+00  1.000000 0.000000 0.000000  0.000000 0.000000 -1.000000
2451545.062688  1.0596398973e+00  1.000000 0.000000 0.000000  0.000000 0.000000 -1.000000
2451545.063355  1.0681742985e+00  1.000000 0.000000 0.000000  0.000000 0.000000 -1.000000
2451545.064022  1.0751599612e+00  1.000000 0.000000 0.000000  0.000000 0.000000 -1.000000
2451545.064689  1.0862076672e+00  1.000000 0.000000 0.000000  0.000000 0.000000 -1.000000
2451545.065356  1.0933603607e+00  1.000000 0.000000 0.000000  0.000000 0.000000 -1.000000
2451545.066023  1.1033132163e+00  1.000000 0.000000 0.000000  0.000000 0.000000 -1.000000
2451545.066690  1.1148859798e+00  1.000000 0.000000 0.000000  0.000000 0.000000 -1.000000
2451545.067356  1.1199686537e+00  1.000000 0.000000 0.000000  0.000000 0.000000 -1.000000
2451545.068023  1.1263434196e+00  1.000000 0.000000 0.000000  0.000000 0.000000 -1.000000
2451545.068690  1.1374589545e+00  1.000000 0.000000 0.000000  0.000000 0.000000 -1.000000
2451545.069357  1.1412858475e+00  1.000000 0.000000 0.000000  0.000000 0.000000 -1.000000
2451545.070024  1.1454215295e+00  1.000000 0.000000 0.000000  0.000000 0.000000 -1.000000
2451545.070691  1.1467197217e+00  1.000000 0.000000 0.000000  0.000000 0.000000 -1.000000
2451545.071358  1.1512471272e+00  1.000000 0.000000 0.000000  0.000000 0.000000 -1.000000
2451545.072025  1.1519567901e+00  1.000000 0.000000 0.000000  0.000000 0.000000 -1.000000
2451545.072692  1.1501781302e+00  1.000000 0.000000 0.000000  0.000000 0.000000 -1.000000
2451545.073359  1.1499287460e+00  1.000000 0.000000 0.000000  0.000000 0.000000 -1.000000
2451545.074025  1.1504580157e+00  1.000000 0.000000 0.000000  0.000000 0.000000 -1.000000
2451545.074692  1.1458761436e+00  1.000000 0.000000 0.000000  0.000000 0.000000 -1.000000
2451545.075359  1.1451643021e+00  1.000000 0.000000 0.000000  0.000000 0.000000 -1.000000
2451545.076026  1.1367704972e+00  1.000000 0.000000 0.000000  0.000000 0.000000 -1.000000
2451545.076693  1.1323457794e+00  1.000000 0.000000 0.000000  0.000000 0.000000 -1.000000
2451545.077360  1.1280103867e+00  1.000000 0.000000 0.000000  0.000000 0.000000 -1.000000
2451545.078027  1.1207670608e+00  1.000000 0.000000 0.000000  0.000000 0.000000 -1.000000
2451545.078694  1.1138621538e+00  1.000000 0.000000 0.000000  0.000000 0.000000 -1.000000
2451545.079361  1.1072635667e+00  1.000000 0.000000 0.000000  0.000000 0.000000 -1.000000
2451545.080028  1.1016436347e+00  1.000000 0.000000 0.000000  0.000000 0.000000 -1.000000
2451545.080694  1.0929448172e+00  1.000000 0.000000 0.000000  0.000000 0.000000 -1.000000
2451545.081361  1.0868426746e+00  1.000000 0.000000 0.000000  0.000000 0.000000 -1.000000
2451545.082028  1.0701035766e+00  1.000000 0.000000 0.000000  0.000000 0.000000 -1.000000
2451545.082695  1.0638027400e+00  1.000000 0.000000 0.000000  0.000000 0.000000 -1.000000
2451545.083362  1.0541567853e+00  1.000000 0.000000 0.000000  0.000000 0.000000 -1.000000
2451545.084029  1.0444787317e+00  1.000000 0.000000 0.000000  0.000000 0.000000 -1.000000
2451545.084696  1.0337797570e+00  1.000000 0.000000 0.000000  0.000000 0.000000 -1.000000
2451545.085363  1.0221589176e+00  1.000000 0.000000 0.000000  0.000000 0.000000 -1.000000
2451545.086030  1.0081708890e+00  1.000000 0.000000 0.000000  0.000000 0.000000 -1.000000
2451545.086696  9.9752638082e-01  1.000000 0.000000 0.000000  0.000000 0.000000 -1.000000
2451545.087363  9.8502100455e-01  1.000000 0.000000 0.000000  0.000000 0.000000 -1.000000
2451545.088030  9.6713447767e-01  1.000000 0.000000 0.000000  0.000000 0.000000 -1.000000
2451545.088697  9.5405320834e-01  1.000000 0.000000 0.000000  0.000000 0.000000 -1.000000
2451545.089364  9.4180694763e-01  1.000000 0.000000 0.000000  0.000000 0.000000 -1.000000
2451545.090031  9.2449602333e-01  1.000000 0.000000 0.000000  0.000000 0.000000 -1.000000
2451545.090698  9.1149173339e-01  1.000000 0.000000 0.000000  0.000000 0.000000 -1.000000
2451545.091365  9.0044954671e-01  1.000000 0.000000 0.000000  0.000000 0.000000 -1.000000
2451545.092032  8.8276607116e-01  1.000000 0.000000 0.000000  0.000000 0.000000 -1.000000
2451545.092699  8.8702027238e-01  1.000000 0.000000 0.000000  0.000000 0.000000 -1.000000
2451545.093365  8.9637007420e-01  1.000000 0.000000 0.000000  0.000000 0.000000 -1.000000
2451545.094032  9.0779846509e-01  1.000000 0.000000 0.000000  0.000000 0.000000 -1.000000
2451545.094699  9.1820796824e-01  1.000000 0.000000 0.000000  0.000000 0.000000 -1.000000
2451545.095366  9.2706248750e-01  1.000000 0.000000 0.000000  0.000000 0.000000 -1.000000
2451545.096033  9.4536208875e-01  1.000000 0.000000 0.000000  0.000000 0.000000 -1.000000
2451545.096700  9.5193075554e-01  1.000000 0.000000 0.000000  0.000000 0.000000 -1.000000
2451545.097367  9.6346459368e-01  1.000000 0.000000 0.000000  0.000000 0.000000 -1.000000
2451545.098034  9.7179652448e-01  1.000000 0.000000 0.000000  0.000000 0.000000 -1.000000
2451545.098701  9.7727687683e-01  1.000000 0.000000 0.000000  0.000000 0.000000 -1.000000
2451545.099367  9.9290311421e-01  1.000000 0.000000 0.000000  0.000000 0.000000 -1.000000
2451545.100034  9.9851186240e-01  1.000000 0.000000 0.000000  0.000000 0.000000 -1.000000
2451545.100701  1.0047663661e+00  1.000000 0.000000 0.000000  0.000000 0.000000 -1.000000
2451545.101368  1.0166670910e+00  1.000000 0.000000 0.000000  0.000000 0.000000 -1.000000
2451545.102035  1.0214907945e+00  1.000000 0.000000 0.000000  0.000000 0.000000 -1.000000
2451545.102702  1.0291697076e+00  1.000000 0.000000 0.000000  0.000000 0.000000 -1.000000
2451545.103369  1.0327559310e+00  1.000000 0.000000 0.000000  0.000000 0.000000 -1.000000
2451545.104036  1.0383677293e+00  1.000000 0.000000 0.000000  0.000000 0.000000 -1.000000
2451545.104703  1.0431285421e+00  1.000000 0.000000 0.000000  0.000000 0.000000 -1.000000
2451545.105370  1.0490343146e+00  1.000000 0.000000 0.000000  0.000000 0.000000 -1.000000
2451545.106036  1.0520556834e+00  1.000000 0.000000 0.000000  0.000000 0.000000 -1.000000
2451545.106703  1.0531595390e+00  1.000000 0.000000 0.000000  0.000000 0.000000 -1.000000
2451545.107370  1.0605961848e+00  1.000000 0.000000 0.000000  0.000000 0.000000 -1.000000
2451545.108037  1.0631293881e+00  1.000000 0.000000 0.000000  0.000000 0.000000 -1.000000
2451545.108704  1.0641851678e+00  1.000000 0.000000 0.000000  0.000000 0.000000 -1.000000
2451545.109371  1.0644620032e+00  1.000000 0.000000 0.000000  0.000000 0.000000 -1.000000
2451545.110038  1.0653096481e+00  1.000000 0.000000 0.000000  0.000000 0.000000 -1.000000
2451545.110705  1.0659588894e+00  1.000000 0.000000 0.000000  0.000000 0.000000 -1.000000
2451545.111372  1.0692812042e+00  1.000000 0.000000 0.000000  0.000000 0.000000 -1.000000
2451545.112039  1.0666518493e+00  1.000000 0.000000 0.000000  0.000000 0.000000 -1.000000
2451545.112705  1.0649651289e+00  1.000000 0.000000 0.000000  0.000000 0.000000 -1.000000
2451545.113372  1.0637840035e+00  1.000000 0.000000 0.000000  0.000000 0.000000 -1.000000
2451545.114039  1.0645176317e+00  1.000000 0.000000 0.000000  0.000000 0.000000 -1.000000
2451545.114706  1.0633463829e+00  1.000000 0.000000 0.000000  0.000000 0.000000 -1.000000
2451545.115373  1.0583907976e+00  1.000000 0.000000 0.000000  0.000000 0.000000 -1.000000
2451545.116040  1.0558299980e+00  1.000000 0.000000 0.000000  0.000000 0.000000 -1.000000
2451545.116707  1.0553241126e+00  1.000000 0.000000 0.000000  0.000000 0.000000 -1.000000
2451545.117374  1.0530719568e+00  1.000000 0.000000 0.000000  0.000000 0.000000 -1.000000
2451545.118041  1.0507285876e+00  1.000000 0.000000 0.000000  0.000000 0.000000 -1.000000
2451545.118707  1.0485905937e+00  1.000000 0.000000 0.000000  0.000000 0.000000 -1.000000
2451545.119374  1.0433504752e+00  1.000000 0.000000 0.000000  0.000000 0.000000 -1.000000
2451545.120041  1.0437291267e+00  1.000000 0.000000 0.000000  0.000000 0.000000 -1.000000
2451545.120708  1.0449923151e+00  1.000000 0.000000 0.000000  0.000000 0.000000 -1.000000
2451545.121375  1.0420409539e+00  1.000000 0.000000 0.000000  0.000000 0.000000 -1.000000
2451545.122042  1.0440342846e+00  1.000000 0.000000 0.000000  0.000000 0.000000 -1.000000
2451545.122709  1.0468157101e+00  1.000000 0.000000 0.000000  0.000000 0.000000 -1.000000
2451545.123376  1.0493885651e+00  1.000000 0.000000 0.000000  0.000000 0.000000 -1.000000
2451545.124043  1.0512491427e+00  1.000000 0.000000 0.000000  0.000000 0.000000 -1.000000
2451545.124710  1.0512289537e+00  1.000000 0.000000 0.000000  0.000000 0.000000 -1.000000
2451545.125376  1.0516950422e+00  1.000000 0.000000 0.000000  0.000000 0.000000 -1.000000
2451545.126043  1.0529341201e+00  1.000000 0.000000 0.000000  0.000000 0.000000 -1.000000
2451545.126710  1.0599990861e+00  1.000000 0.000000 0.000000  0.000000 0.000000 -1.000000
2451545.127377  1.0601802056e+00  1.000000 0.000000 0.000000  0.000000 0.000000 -1.000000
2451545.128044  1.0590185429e+00  1.000000 0.000000 0.000000  0.000000 0.000000 -1.000000
2451545.128711  1.0622249528e+00  1.000000 0.000000 0.000000  0.000000 0.000000 -1.000000
2451545.129378  1.0606043185e+00  1.000000 0.000000 0.000000  0.000000 0.000000 -1.000000
2451545.130045  1.0592934900e+00  1.000000 0.000000 0.000000  0.000000 0.000000 -1.000000
2451545.130712  1.0549002902e+00  1.000000 0.000000 0.000000  0.000000 0.000000 -1.000000
2451545.131378  1.0529175622e+00  1.000000 0.000000 0.000000  0.000000 0.000000 -1.000000
2451545.132045  1.0496967732e+00  1.000000 0.000000 0.000000  0.000000 0.000000 -1.000000
2451545.132712  1.0456493996e+00  1.000000 0.000000 0.000000  0.000000 0.000000 -1.000000
2451545.133379  1.0423061697e+00  1.000000 0.000000 0.000000  0.000000 0.000000 -1.000000
2451545.134046  1.0392100001e+00  1.000000 0.000000 0.000000  0.000000 0.000000 -1.000000
2451545.134713  1.0298921520e+00  1.000000 0.000000 0.000000  0.000000 0.000000 -1.000000
2451545.135380  1.0288471203e+00  1.000000 0.000000 0.000000  0.000000 0.000000 -1.000000
2451545.136047  1.0227772220e+00  1.000000 0.000000 0.000000  0.000000 0.000000 -1.000000
2451545.136714  1.0115067115e+00  1.000000 0.000000 0.000000  0.000000 0.000000 -1.000000
2451545.137381  1.0070212816e+00  1.000000 0.000000 0.000000  0.000000 0.000000 -1.000000
2451545.138047  9.9854904490e-01  1.000000 0.000000 0.000000  0.000000 0.000000 -1.000000
2451545.138714  9.9082031306e-01  1.000000 0.000000 0.000000  0.000000 0.000000 -1.000000
2451545.139381  9.8172062168e-01  1.000000 0.000000 0.000000  0.000000 0.000000 -1.000000
2451545.140048  9.7484098715e-01  1.000000 0.000000 0.000000  0.000000 0.000000 -1.000000
2451545.140715  9.6409350086e-01  1.000000 0.000000 0.000000  0.000000 0.000000 -1.000000
2451545.141382  9.5708242038e-01  1.000000 0.000000 0.000000  0.000000 0.000000 -1.000000
2451545.142049  9.5018012777e-01  1.000000 0.000000 0.000000  0.000000 0.000000 -1.000000
2451545.142716  9.4189220595e-01  1.000000 0.000000 0.000000  0.000000 0.000000 -1.000000
2451545.143383  9.3355170574e-01  1.000000 0.000000 0.000000  0.000000 0.000000 -1.000000
2451545.144050  9.2606248151e-01  1.000000 0.000000 0.000000  0.000000 0.000000 -1.000000
2451545.144716  9.2038169223e-01  1.000000 0.000000 0.000000  0.000000 0.000000 -1.000000
2451545.145383  9.1573373411e-01  1.000000 0.000000 0.000000  0.000000 0.000000 -1.000000
2451545.146050  9.0463315928e-01  1.000000 0.000000 0.000000  0.000000 0.000000 -1.000000
2451545.146717  8.9781365583e-01  1.000000 0.000000 0.000000  0.000000 0.000000 -1.000000
2451545.147384  8.9324020796e-01  1.000000 0.000000 0.000000  0.000000 0.000000 -1.000000
2451545.148051  8.8530944151e-01  1.000000 0.000000 0.000000  0.000000 0.000000 -1.000000
2451545.148718  8.8072422887e-01  1.000000 0.000000 0.000000  0.000000 0.000000 -1.000000
2451545.149385  8.7505346143e-01  1.000000 0.000000 0.000000  0.000000 0.000000 -1.000000
2451545.150052  8.7010266925e-01  1.000000 0.000000 0.000000  0.000000 0.000000 -1.000000
2451545.150718  8.6833083584e-01  1.000000 0.000000 0.000000  0.000000 0.000000 -1.000000
2451545.151385  8.6440808177e-01  1.000000 0.000000 0.000000  0.000000 0.000000 -1.000000
2451545.152052  8.6201271521e-01  1.000000 0.000000 0.000000  0.000000 0.000000 -1.000000
2451545.152719  8.6218962259e-01  1.000000 0.000000 0.000000  0.000000 0.000000 -1.000000
2451545.153386  8.6319325968e-01  1.000000 0.000000 0.000000  0.000000 0.000000 -1.000000
2451545.154053  8.7009134021e-01  1.000000 0.000000 0.000000  0.000000 0.000000 -1.000000
2451545.154720  8.7326129383e-01  1.000000 0.000000 0.000000  0.000000 0.000000 -1.000000
2451545.155387  8.7740525474e-01  1.000000 0.000000 0.000000  0.000000 0.000000 -1.000000
2451545.156054  8.7903126303e-01  1.000000 0.000000 0.000000  0.000000 0.000000 -1.000000
2451545.156721  8.8474821811e-01  1.000000 0.000000 0.000000  0.000000 0.000000 -1.000000
2451545.157387  8.8918571745e-01  1.000000 0.000000 0.000000  0.000000 0.000000 -1.000000
2451545.158054  8.9526679962e-01  1.000000 0.000000 0.000000  0.000000 0.000000 -1.000000
2451545.158721  9.0079421108e-01  1.000000 0.000000 0.000000  0.000000 0.000000 -1.000000
2451545.159388  9.0538625021e-01  1.000000 0.000000 0.000000  0.000000 0.000000 -1.000000
2451545.160055  9.1323626091e-01  1.000000 0.000000 0.000000  0.000000 0.000000 -1.000000
2451545.160722  9.1684499712e-01  1.000000 0.000000 0.000000  0.000000 0.000000 -1.000000
2451545.161389  9.2305302268e-01  1.000000 0.000000 0.000000  0.000000 0.000000 -1.000000
2451545.162056  9.2310196996e-01  1.000000 0.000000 0.000000  0.000000 0.000000 -1.000000
2451545.162723  9.2524286876e-01  1.000000 0.000000 0.000000  0.000000 0.000000 -1.000000
2451545.163389  9.3029780100e-01  1.000000 0.000000 0.000000  0.000000 0.000000 -1.000000
2451545.164056  9.3424030827e-01  1.000000 0.000000 0.000000  0.000000 0.000000 -1.000000
2451545.164723  9.3456986725e-01  1.000000 0.000000 0.000000  0.000000 0.000000 -1.000000
2451545.165390  9.3599616483e-01  1.000000 0.000000 0.000000  0.000000 0.000000 -1.000000
2451545.166057  9.3980170686e-01  1.000000 0.000000 0.000000  0.000000 0.000000 -1.000000
2451545.166724  9.3968202568e-01  1.000000 0.000000 0.000000  0.000000 0.000000 -1.000000
2451545.167391  9.4209322385e-01  1.000000 0.000000 0.000000  0.000000 0.000000 -1.000000
2451545.168058  9.3947665045e-01  1.000000 0.000000 0.000000  0.000000 0.000000 -1.000000
2451545.168725  9.3909059149e-01  1.000000 0.000000 0.000000  0.000000 0.000000 -1.000000
2451545.169392  9.4130425762e-01  1.000000 0.000000 0.000000  0.000000 0.000000 -1.000000
2451545.170058  9.3878136669e-01  1.000000 0.000000 0.000000  0.000000 0.000000 -1.000000
2451545.170725  9.3649231885e-01  1.000000 0.000000 0.000000  0.000000 0.000000 -1.000000
2451545.171392  9.3887984223e-01  1.000000 0.000000 0.000000  0.000000 0.000000 -1.000000
2451545.172059  9.3498337735e-01  1.000000 0.000000 0.000000  0.000000 0.000000 -1.000000
2451545.172726  9.3361227255e-01  1.000000 0.000000 0.000000  0.000000 0.000000 -1.000000
2451545.173393  9.2932321274e-01  1.000000 0.000000 0.000000  0.000000 0.000000 -1.000000
2451545.174060  9.2652697231e-01  1.000000 0.000000 0.000000  0.000000 0.000000 -1.000000
2451545.174727  9.2781107587e-01  1.000000 0.000000 0.000000  0.000000 0.000000 -1.000000
2451545.175394  9.2966264832e-01  1.000000 0.000000 0.000000  0.000000 0.000000 -1.000000
2451545.176061  9.2717200159e-01  1.000000 0.000000 0.000000  0.000000 0.000000 -1.000000
2451545.176727  9.2836983012e-01  1.000000 0.000000 0.000000  0.000000 0.000000 -1.000000
2451545.177394  9.2446232669e-01  1.000000 0.000000 0.000000  0.000000 0.000000 -1.000000
2451545.178061  9.3101530711e-01  1.000000 0.000000 0.000000  0.000000 0.000000 -1.000000
2451545.178728  9.3317799254e-01  1.000000 0.000000 0.000000  0.000000 0.000000 -1.000000
2451545.179395  9.3449550224e-01  1.000000 0.000000 0.000000  0.000000 0.000000 -1.000000
2451545.180062  9.3990381350e-01  1.000000 0.000000 0.000000  0.000000 0.000000 -1.000000
2451545.180729  9.4278865286e-01  1.000000 0.000000 0.000000  0.000000 0.000000 -1.000000
2451545.181396  9.5832396739e-01  1.000000 0.000000 0.000000  0.000000 0.000000 -1.000000
2451545.182063  9.6473954685e-01  1.000000 0.000000 0.000000  0.000000 0.000000 -1.000000
2451545.182729  9.7432667761e-01  1.000000 0.000000 0.000000  0.000000 0.000000 -1.000000
2451545.183396  9.8173136974e-01  1.000000 0.000000 0.000000  0.000000 0.000000 -1.000000
2451545.184063  9.8951543960e-01  1.000000 0.000000 0.000000  0.000000 0.000000 -1.000000
2451545.184730  9.9455671888e-01  1.000000 0.000000 0.000000  0.000000 0.000000 -1.000000
2451545.185397  1.0046859008e+00  1.000000 0.000000 0.000000  0.000000 0.000000 -1.000000
2451545.186064  1.0131279267e+00  1.000000 0.000000 0.000000  0.000000 0.000000 -1.000000
2451545.186731  1.0150146482e+00  1.000000 0.000000 0.000000  0.000000 0.000000 -1.000000
2451545.187398  1.0259712861e+00  1.000000 0.000000 0.000000  0.000000 0.000000 -1.000000
2451545.188065  1.0299203294e+00  1.000000 0.000000 0.000000  0.000000 0.000000 -1.000000
2451545.188732  1.0359626314e+00  1.000000 0.000000 0.000000  0.000000 0.000000 -1.000000
2451545.189398  1.0360625593e+00  1.000000 0.000000 0.000000  0.000000 0.000000 -1.000000
2451545.190065  1.0388676596e+00  1.000000 0.000000 0.000000  0.000000 0.000000 -1.000000
2451545.190732  1.0394264139e+00  1.000000 0.000000 0.000000  0.000000 0.000000 -1.000000
2451545.191399  1.0440110456e+00  1.000000 0.000000 0.000000  0.000000 0.000000 -1.000000
2451545.192066  1.0437305791e+00  1.000000 0.000000 0.000000  0.000000 0.000000 -1.000000
2451545.192733  1.0465057591e+00  1.000000 0.000000 0.000000  0.000000 0.000000 -1.000000
2451545.193400  1.0462248569e+00  1.000000 0.000000 0.000000  0.000000 0.000000 -1.000000
2451545.194067  1.0432636192e+00  1.000000 0.000000 0.000000  0.000000 0.000000 -1.000000
2451545.194734  1.0388940941e+00  1.000000 0.000000 0.000000  0.000000 0.000000 -1.000000
2451545.195400  1.0372172503e+00  1.000000 0.000000 0.000000  0.000000 0.000000 -1.000000
2451545.196067  1.0349704685e+00  1.000000 0.000000 0.000000  0.000000 0.000000 -1.000000
2451545.196734  1.0359087458e+00  1.000000 0.000000 0.000000  0.000000 0.000000 -1.000000
2451545.197401  1.0309643443e+00  1.000000 0.000000 0.000000  0.000000 0.000000 -1.000000
2451545.198068  1.0281845165e+00  1.000000 0.000000 0.000000  0.000000 0.000000 -1.000000
2451545.198735  1.0219422133e+00  1.000000 0.000000 0.000000  0.000000 0.000000 -1.000000
2451545.199402  1.0188765450e+00  1.000000 0.000000 0.000000  0.000000 0.000000 -1.000000
2451545.200069  1.0168435626e+00  1.000000 0.000000 0.000000  0.000000 0.000000 -1.000000
2451545.200736  1.0086988515e+00  1.000000 0.000000 0.000000  0.000000 0.000000 -1.000000
2451545.201403  1.0015423816e+00  1.000000 0.000000 0.000000  0.000000 0.000000 -1.000000
2451545.202069  9.9939828746e-01  1.000000 0.000000 0.000000  0.000000 0.000000 -1.000000
2451545.202736  9.9637924251e-01  1.000000 0.000000 0.000000  0.000000 0.000000 -1.000000
2451545.203403  9.9082743003e-01  1.000000 0.000000 0.000000  0.000000 0.000000 -1.000000
2451545.204070  9.8510408420e-01  1.000000 0.000000 0.000000  0.000000 0.000000 -1.000000
2451545.204737  9.7054364842e-01  1.000000 0.000000 0.000000  0.000000 0.000000 -1.000000
2451545.205404  9.6344091888e-01  1.000000 0.000000 0.000000  0.000000 0.000000 -1.000000
2451545.206071  9.5714313243e-01  1.000000 0.000000 0.000000  0.000000 0.000000 -1.000000
2451545.206738  9.4397704051e-01  1.000000 0.000000 0.000000  0.000000 0.000000 -1.000000
2451545.207405  9.3382694341e-01  1.000000 0.000000 0.000000  0.000000 0.000000 -1.000000
2451545.208072  9.2498956296e-01  1.000000 0.000000 0.000000  0.000000 0.000000 -1.000000
2451545.208738  9.1216595675e-01  1.000000 0.000000 0.000000  0.000000 0.000000 -1.000000
2451545.209405  8.9966755219e-01  1.000000 0.000000 0.000000  0.000000 0.000000 -1.000000
2451545.210072  8.8840328720e-01  1.000000 0.000000 0.000000  0.000000 0.000000 -1.000000
2451545.210739  8.6692342000e-01  1.000000 0.000000 0.000000  0.000000 0.000000 -1.000000
2451545.211406  8.5385042958e-01  1.000000 0.000000 0.000000  0.000000 0.000000 -1.000000
2451545.212073  8.4135434893e-01  1.000000 0.000000 0.000000  0.000000 0.000000 -1.000000
2451545.212740  8.4481551708e-01  1.000000 0.000000 0.000000  0.000000 0.000000 -1.000000
2451545.213407  8.4977749306e-01  1.000000 0.000000 0.000000  0.000000 0.000000 -1.000000
2451545.214074  8.5605959313e-01  1.000000 0.000000 0.000000  0.000000 0.000000 -1.000000
2451545.214740  8.6177059321e-01  1.000000 0.000000 0.000000  0.000000 0.000000 -1.000000
2451545.215407  8.6694026832e-01  1.000000 0.000000 0.000000  0.000000 0.000000 -1.000000
2451545.216074  8.7178328934e-01  1.000000 0.000000 0.000000  0.000000 0.000000 -1.000000
2451545.216741  8.7617605348e-01  1.000000 0.000000 0.000000  0.000000 0.000000 -1.000000
2451545.217408  8.8140382626e-01  1.000000 0.000000 0.000000  0.000000 0.000000 -1.000000
2451545.218075  8.8877264308e-01  1.000000 0.000000 0.000000  0.000000 0.000000 -1.000000
2451545.218742  8.9324238663e-01  1.000000 0.000000 0.000000  0.000000 0.000000 -1.000000
2451545.219409  8.9697603281e-01  1.000000 0.000000 0.000000  0.000000 0.000000 -1.000000
2451545.220076  9.0148310410e-01  1.000000 0.000000 0.000000  0.000000 0.000000 -1.000000
2451545.220743  9.0739149097e-01  1.000000 0.000000 0.000000  0.000000 0.000000 -1.000000
2451545.221409  9.0961648614e-01  1.000000 0.000000 0.000000  0.000000 0.000000 -1.000000
2451545.222076  9.1151744161e-01  1.000000 0.000000 0.000000  0.000000 0.000000 -1.000000
2451545.222743  9.1514084748e-01  1.000000 0.000000 0.000000  0.000000 0.000000 -1.000000
2451545.223410  9.1712343016e-01  1.000000 0.000000 0.000000  0.000000 0.000000 -1.000000
2451545.224077  9.2176993584e-01  1.000000 0.000000 0.000000  0.000000 0.000000 -1.000000
2451545.224744  9.2195178151e-01  1.000000 0.000000 0.000000  0.000000 0.000000 -1.000000
2451545.225411  9.2426726379e-01  1.000000 0.000000 0.000000  0.000000 0.000000 -1.000000
2451545.226078  9.2290109729e-01  1.000000 0.000000 0.000000  0.000000 0.000000 -1.000000
2451545.226745  9.2305781573e-01  1.000000 0.000000 0.000000  0.000000 0.000000 -1.000000
2451545.227411  9.2211663363e-01  1.000000 0.000000 0.000000  0.000000 0.000000 -1.000000
2451545.228078  9.2296732863e-01  1.000000 0.000000 0.000000  0.000000 0.000000 -1.000000
2451545.228745  9.2175555666e-01  1.000000 0.000000 0.000000  0.000000 0.000000 -1.000000
2451545.229412  9.2315454834e-01  1.000000 0.000000 0.000000  0.000000 0.000000 -1.000000
2451545.230079  9.2490561184e-01  1.000000 0.000000 0.000000  0.000000 0.000000 -1.000000
2451545.230746  9.2677737323e-01  1.000000 0.000000 0.000000  0.000000 0.000000 -1.000000
2451545.231413  9.2622181435e-01  1.000000 0.000000 0.000000  0.000000 0.000000 -1.000000
2451545.232080  9.2004966410e-01  1.000000 0.000000 0.000000  0.000000 0.000000 -1.000000
2451545.232747  9.2164546160e-01  1.000000 0.000000 0.000000  0.000000 0.000000 -1.000000
2451545.233414  9.2250777613e-01  1.000000 0.000000 0.000000  0.000000 0.000000 -1.000000
2451545.234080  9.2343501480e-01  1.000000 0.000000 0.000000  0.000000 0.000000 -1.000000
2451545.234747  9.2020463961e-01  1.000000 0.000000 0.000000  0.000000 0.000000 -1.000000
2451545.235414  9.2323603031e-01  1.000000 0.000000 0.000000  0.000000 0.000000 -1.000000
2451545.236081  9.2852349843e-01  1.000000 0.000000 0.000000  0.000000 0.000000 -1.000000
2451545.236748  9.3268982694e-01  1.000000 0.000000 0.000000  0.000000 0.000000 -1.000000
2451545.237415  9.3400414128e-01  1.000000 0.000000 0.000000  0.000000 0.000000 -1.000000
2451545.238082  9.3260544009e-01  1.000000 0.000000 0.000000  0.000000 0.000000 -1.000000
2451545.238749  9.3476013709e-01  1.000000 0.000000 0.000000  0.000000 0.000000 -1.000000
2451545.239416  9.4506564543e-01  1.000000 0.000000 0.000000  0.000000 0.000000 -1.000000
360  1
2451545.000000  7.6989358912e-01  1.000000 0.000000 0.000000  -0.707107 0.707107 0.000000
2451545.000667  7.5825324911e-01  1.000000 0.000000 0.000000  -0.707107 0.707107 0.000000
2451545.001334  7.4635726066e-01  1.000000 0.000000 0.000000  -0.707107 0.707107 0.000000
2451545.002001  7.3366931783e-01  1.000000 0.000000 0.000000  -0.707107 0.707107 0.000000
2451545.002668  7.4294398359e-01  1.000000 0.000000 0.000000  -0.707107 0.707107 0.000000
2451545.003334  7.8578547371e-01  1.000000 0.000000 0.000000  -0.707107 0.707107 0.000000
2451545.004001  9.0071796911e-01  1.000000 0.000000 0.000000  -0.707107 0.707107 0.000000
2451545.004668  9.6488387300e-01  1.000000 0.000000 0.000000  -0.707107 0.707107 0.000000
2451545.005335  1.0101808848e+00  1.000000 0.000000 0.000000  -0.707107 0.707107 0.000000
2451545.006002  1.0609280248e+00  1.000000 0.000000 0.000000  -0.707107 0.707107 0.000000
2451545.006669  1.0828332052e+00  1.000000 0.000000 0.000000  -0.707107 0.707107 0.000000
2451545.007336  1.1028219485e+00  1.000000 0.000000 0.000000  -0.707107 0.707107 0.000000
2451545.008003  1.1424456029e+00  1.000000 0.000000 0.000000  -0.707107 0.707107 0.000000
2451545.008670  1.1559847809e+00  1.000000 0.000000 0.000000  -0.707107 0.707107 0.000000
2451545.009337  1.1684004026e+00  1.000000 0.000000 0.000000  -0.707107 0.707107 0.000000
2451545.010003  1.1702066143e+00  1.000000 0.000000 0.000000  -0.707107 0.707107 0.000000
2451545.010670  1.1825453562e+00  1.000000 0.000000 0.000000  -0.707107 0.707107 0.000000
2451545.011337  1.1850212557e+00  1.000000 0.000000 0.000000  -0.707107 0.707107 0.000000
2451545.012004  1.1914439594e+00  1.000000 0.000000 0.000000  -0.707107 0.707107 0.000000
2451545.012671  1.1971330633e+00  1.000000 0.000000 0.000000  -0.707107 0.707107 0.000000
2451545.013338  1.1985270883e+00  1.000000 0.000000 0.000000  -0.707107 0.707107 0.000000
2451545.014005  1.2002221485e+00  1.000000 0.000000 0.000000  -0.707107 0.707107 0.000000
2451545.014672  1.2141058962e+00  1.000000 0.000000 0.000000  -0.707107 0.707107 0.000000
2451545.015339  1.2142003749e+00  1.000000 0.000000 0.000000  -0.707107 0.707107 0.000000
2451545.016006  1.2175562237e+00  1.000000 0.000000 0.000000  -0.707107 0.707107 0.000000
2451545.016672  1.2117670835e+00  1.000000 0.000000 0.000000  -0.707107 0.707107 0.000000
2451545.017339  1.2097848819e+00  1.000000 0.000000 0.000000  -0.707107 0.707107 0.000000
2451545.018006  1.2068671552e+00  1.000000 0.000000 0.000000  -0.707107 0.707107 0.000000
2451545.018673  1.1946386386e+00  1.000000 0.000000 0.000000  -0.707107 0.707107 0.000000
2451545.019340  1.1897915073e+00  1.000000 0.000000 0.000000  -0.707107 0.707107 0.000000
2451545.020007  1.1769405422e+00  1.000000 0.000000 0.000000  -0.707107 0.707107 0.000000
2451545.020674  1.1614914111e+00  1.000000 0.000000 0.000000  -0.707107 0.707107 0.000000
2451545.021341  1.1434218835e+00  1.000000 0.000000 0.000000  -0.707107 0.707107 0.000000
2451545.022008  1.1188842654e+00  1.000000 0.000000 0.000000  -0.707107 0.707107 0.000000
2451545.022674  1.1113129962e+00  1.000000 0.000000 0.000000  -0.707107 0.707107 0.000000
2451545.023341  1.0966521144e+00  1.000000 0.000000 0.000000  -0.707107 0.707107 0.000000
2451545.024008  1.0799979158e+00  1.000000 0.000000 0.000000  -0.707107 0.707107 0.000000
2451545.024675  1.0665217237e+00  1.000000 0.000000 0.000000  -0.707107 0.707107 0.000000
2451545.025342  1.0273704631e+00  1.000000 0.000000 0.000000  -0.707107 0.707107 0.000000
2451545.026009  1.0091230931e+00  1.000000 0.000000 0.000000  -0.707107 0.707107 0.000000
2451545.026676  9.7102036163e-01  1.000000 0.000000 0.000000  -0.707107 0.707107 0.000000
2451545.027343  9.3377442288e-01  1.000000 0.000000 0.000000  -0.707107 0.707107 0.000000
2451545.028010  8.9896825938e-01  1.000000 0.000000 0.000000  -0.707107 0.707107 0.000000
2451545.028677  8.5559416835e-01  1.000000 0.000000 0.000000  -0.707107 0.707107 0.000000
2451545.029343  7.8464617092e-01  1.000000 0.000000 0.000000  -0.707107 0.707107 0.000000
2451545.030010  7.5136648791e-01  1.000000 0.000000 0.000000  -0.707107 0.707107 0.000000
2451545.030677  7.1932892282e-01  1.000000 0.000000 0.000000  -0.707107 0.707107 0.000000
2451545.031344  7.0570360241e-01  1.000000 0.000000 0.000000  -0.707107 0.707107 0.000000
2451545.032011  7.1492639747e-01  1.000000 0.000000 0.000000  -0.707107 0.707107 0.000000
2451545.032678  7.3291348769e-01  1.000000 0.000000 0.000000  -0.707107 0.707107 0.000000
2451545.033345  7.5138130811e-01  1.000000 0.000000 0.000000  -0.707107 0.707107 0.000000
2451545.034012  7.6944249932e-01  1.000000 0.000000 0.000000  -0.707107 0.707107 0.000000
2451545.034679  7.9027043642e-01  1.000000 0.000000 0.000000  -0.707107 0.707107 0.000000
2451545.035345  8.3067215129e-01  1.000000 0.000000 0.000000  -0.707107 0.707107 0.000000
2451545.036012  8.5035708055e-01  1.000000 0.000000 0.000000  -0.707107 0.707107 0.000000
2451545.036679  8.6893049489e-01  1.000000 0.000000 0.000000  -0.707107 0.707107 0.000000
2451545.037346  8.8761691324e-01  1.000000 0.000000 0.000000  -0.707107 0.707107 0.000000
2451545.038013  8.9894788160e-01  1.000000 0.000000 0.000000  -0.707107 0.707107 0.000000
2451545.038680  9.1472676217e-01  1.000000 0.000000 0.000000  -0.707107 0.707107 0.000000
2451545.039347  9.3944037019e-01  1.000000 0.000000 0.000000  -0.707107 0.707107 0.000000
2451545.040014  9.4822596938e-01  1.000000 0.000000 0.000000  -0.707107 0.707107 0.000000
2451545.040681  9.5983944779e-01  1.000000 0.000000 0.000000  -0.707107 0.707107 0.000000
2451545.041348  9.6583884957e-01  1.000000 0.000000 0.000000  -0.707107 0.707107 0.000000
2451545.042014  9.7607868079e-01  1.000000 0.000000 0.000000  -0.707107 0.707107 0.000000
2451545.042681  9.8503656479e-01  1.000000 0.000000 0.000000  -0.707107 0.707107 0.000000
2451545.043348  1.0028504439e+00  1.000000 0.000000 0.000000  -0.707107 0.707107 0.000000
2451545.044015  1.0157606897e+00  1.000000 0.000000 0.000000  -0.707107 0.707107 0.000000
2451545.044682  1.0166730582e+00  1.000000 0.000000 0.000000  -0.707107 0.707107 0.000000
2451545.045349  1.0302011211e+00  1.000000 0.000000 0.000000  -0.707107 0.707107 0.000000
2451545.046016  1.0384568982e+00  1.000000 0.000000 0.000000  -0.707107 0.707107 0.000000
2451545.046683  1.0444692676e+00  1.000000 0.000000 0.000000  -0.707107 0.707107 0.000000
2451545.047350  1.0647914655e+00  1.000000 0.000000 0.000000  -0.707107 0.707107 0.000000
2451545.048017  1.0646691988e+00  1.000000 0.000000 0.000000  -0.707107 0.707107 0.000000
2451545.048683  1.0558548855e+00  1.000000 0.000000 0.000000  -0.707107 0.707107 0.000000
2451545.049350  1.0615226853e+00  1.000000 0.000000 0.000000  -0.707107 0.707107 0.000000
2451545.050017  1.0646349271e+00  1.000000 0.000000 0.000000  -0.707107 0.707107 0.000000
2451545.050684  1.0743755029e+00  1.000000 0.000000 0.000000  -0.707107 0.707107 0.000000
2451545.051351  1.0772626629e+00  1.000000 0.000000 0.000000  -0.707107 0.707107 0.000000
2451545.052018  1.0758482601e+00  1.000000 0.000000 0.000000  -0.707107 0.707107 0.000000
2451545.052685  1.0739392333e+00  1.000000 0.000000 0.000000  -0.707107 0.707107 0.000000
2451545.053352  1.0752582310e+00  1.000000 0.000000 0.000000  -0.707107 0.707107 0.000000
2451545.054019  1.0798034007e+00  1.000000 0.000000 0.000000  -0.707107 0.707107 0.000000
2451545.054685  1.0731306062e+00  1.000000 0.000000 0.000000  -0.707107 0.707107 0.000000
2451545.055352  1.0707278814e+00  1.000000 0.000000 0.000000  -0.707107 0.707107 0.000000
2451545.056019  1.0710178015e+00  1.000000 0.000000 0.000000  -0.707107 0.707107 0.000000
2451545.056686  1.0643348181e+00  1.000000 0.000000 0.000000  -0.707107 0.707107 0.000000
2451545.057353  1.0611586642e+00  1.000000 0.000000 0.000000  -0.707107 0.707107 0.000000
2451545.058020  1.0515774056e+00  1.000000 0.000000 0.000000  -0.707107 0.707107 0.000000
2451545.058687  1.0447462201e+00  1.000000 0.000000 0.000000  -0.707107 0.707107 0.000000
2451545.059354  1.0373092590e+00  1.000000 0.000000 0.000000  -0.707107 0.707107 0.000000
2451545.060021  1.0244379162e+00  1.000000 0.000000 0.000000  -0.707107 0.707107 0.000000
2451545.060688  1.0074085814e+00  1.000000 0.000000 0.000000  -0.707107 0.707107 0.000000
2451545.061354  1.0032663358e+00  1.000000 0.000000 0.000000  -0.707107 0.707107 0.000000
2451545.062021  9.9130643521e-01  1.000000 0.000000 0.000000  -0.707107 0.707107 0.000000
2451545.062688  9.9635456548e-01  1.000000 0.000000 0.000000  -0.707107 0.707107 0.000000
2451545.063355  9.9712892088e-01  1.000000 0.000000 0.000000  -0.707107 0.707107 0.000000
2451545.064022  9.9719005420e-01  1.000000 0.000000 0.000000  -0.707107 0.707107 0.000000
2451545.064689  9.8828959846e-01  1.000000 0.000000 0.000000  -0.707107 0.707107 0.000000
2451545.065356  9.9458262544e-01  1.000000 0.000000 0.000000  -0.707107 0.707107 0.000000
2451545.066023  9.9804221564e-01  1.000000 0.000000 0.000000  -0.707107 0.707107 0.000000
2451545.066690  1.0073872773e+00  1.000000 0.000000 0.000000  -0.707107 0.707107 0.000000
2451545.067356  1.0095991920e+00  1.000000 0.000000 0.000000  -0.707107 0.707107 0.000000
2451545.068023  1.0142332830e+00  1.000000 0.000000 0.000000  -0.707107 0.707107 0.000000
2451545.068690  1.0088155740e+00  1.000000 0.000000 0.000000  -0.707107 0.707107 0.000000
2451545.069357  1.0057320464e+00  1.000000 0.000000 0.000000  -0.707107 0.707107 0.000000
2451545.070024  1.0100845535e+00  1.000000 0.000000 0.000000  -0.707107 0.707107 0.000000
2451545.070691  1.0096242011e+00  1.000000 0.000000 0.000000  -0.707107 0.707107 0.000000
2451545.071358  1.0160867341e+00  1.000000 0.000000 0.000000  -0.707107 0.707107 0.000000
2451545.072025  1.0105828827e+00  1.000000 0.000000 0.000000  -0.707107 0.707107 0.000000
2451545.072692  1.0123668642e+00  1.000000 0.000000 0.000000  -0.707107 0.707107 0.000000
2451545.073359  1.0023650824e+00  1.000000 0.000000 0.000000  -0.707107 0.707107 0.000000
2451545.074025  9.9322842976e-01  1.000000 0.000000 0.000000  -0.707107 0.707107 0.000000
2451545.074692  9.8794410257e-01  1.000000 0.000000 0.000000  -0.707107 0.707107 0.000000
2451545.075359  9.8318681871e-01  1.000000 0.000000 0.000000  -0.707107 0.707107 0.000000
2451545.076026  9.7440399831e-01  1.000000 0.000000 0.000000  -0.707107 0.707107 0.000000
2451545.076693  9.6493852249e-01  1.000000 0.000000 0.000000  -0.707107 0.707107 0.000000
2451545.077360  9.5468850239e-01  1.000000 0.000000 0.000000  -0.707107 0.707107 0.000000
2451545.078027  9.5702638877e-01  1.000000 0.000000 0.000000  -0.707107 0.707107 0.000000
2451545.078694  9.4629100716e-01  1.000000 0.000000 0.000000  -0.707107 0.707107 0.000000
2451545.079361  9.3634943245e-01  1.000000 0.000000 0.000000  -0.707107 0.707107 0.000000
2451545.080028  9.1238239195e-01  1.000000 0.000000 0.000000  -0.707107 0.707107 0.000000
2451545.080694  9.1219991825e-01  1.000000 0.000000 0.000000  -0.707107 0.707107 0.000000
2451545.081361  9.0492134804e-01  1.000000 0.000000 0.000000  -0.707107 0.707107 0.000000
2451545.082028  9.0399230682e-01  1.000000 0.000000 0.000000  -0.707107 0.707107 0.000000
2451545.082695  8.9505016928e-01  1.000000 0.000000 0.000000  -0.707107 0.707107 0.000000
2451545.083362  8.8461397043e-01  1.000000 0.000000 0.000000  -0.707107 0.707107 0.000000
2451545.084029  8.7255495979e-01  1.000000 0.000000 0.000000  -0.707107 0.707107 0.000000
2451545.084696  8.7172317613e-01  1.000000 0.000000 0.000000  -0.707107 0.707107 0.000000
2451545.085363  8.6260968003e-01  1.000000 0.000000 0.000000  -0.707107 0.707107 0.000000
2451545.086030  8.6727619018e-01  1.000000 0.000000 0.000000  -0.707107 0.707107 0.000000
2451545.086696  8.6142035907e-01  1.000000 0.000000 0.000000  -0.707107 0.707107 0.000000
2451545.087363  8.5616474601e-01  1.000000 0.000000 0.000000  -0.707107 0.707107 0.000000
2451545.088030  8.5043859164e-01  1.000000 0.000000 0.000000  -0.707107 0.707107 0.000000
2451545.088697  8.3876583244e-01  1.000000 0.000000 0.000000  -0.707107 0.707107 0.000000
2451545.089364  8.3784975890e-01  1.000000 0.000000 0.000000  -0.707107 0.707107 0.000000
2451545.090031  8.5275702652e-01  1.000000 0.000000 0.000000  -0.707107 0.707107 0.000000
2451545.090698  8.6158060247e-01  1.000000 0.000000 0.000000  -0.707107 0.707107 0.000000
2451545.091365  8.6923523523e-01  1.000000 0.000000 0.000000  -0.707107 0.707107 0.000000
2451545.092032  8.9028362279e-01  1.000000 0.000000 0.000000  -0.707107 0.707107 0.000000
2451545.092699  9.1081052460e-01  1.000000 0.000000 0.000000  -0.707107 0.707107 0.000000
2451545.093365  9.3463769947e-01  1.000000 0.000000 0.000000  -0.707107 0.707107 0.000000
2451545.094032  9.7671039177e-01  1.000000 0.000000 0.000000  -0.707107 0.707107 0.000000
2451545.094699  1.0072492642e+00  1.000000 0.000000 0.000000  -0.707107 0.707107 0.000000
2451545.095366  1.0238025002e+00  1.000000 0.000000 0.000000  -0.707107 0.707107 0.000000
2451545.096033  1.0418108945e+00  1.000000 0.000000 0.000000  -0.707107 0.707107 0.000000
2451545.096700  1.0597312938e+00  1.000000 0.000000 0.000000  -0.707107 0.707107 0.000000
2451545.097367  1.0752378532e+00  1.000000 0.000000 0.000000  -0.707107 0.707107 0.000000
2451545.098034  1.0890234170e+00  1.000000 0.000000 0.000000  -0.707107 0.707107 0.000000
2451545.098701  1.0970652275e+00  1.000000 0.000000 0.000000  -0.707107 0.707107 0.000000
2451545.099367  1.1078256182e+00  1.000000 0.000000 0.000000  -0.707107 0.707107 0.000000
2451545.100034  1.1161147407e+00  1.000000 0.000000 0.000000  -0.707107 0.707107 0.000000
2451545.100701  1.1149856268e+00  1.000000 0.000000 0.000000  -0.707107 0.707107 0.000000
2451545.101368  1.1254310883e+00  1.000000 0.000000 0.000000  -0.707107 0.707107 0.000000
2451545.102035  1.1308210094e+00  1.000000 0.000000 0.000000  -0.707107 0.707107 0.000000
2451545.102702  1.1264166315e+00  1.000000 0.000000 0.000000  -0.707107 0.707107 0.000000
2451545.103369  1.1278449282e+00  1.000000 0.000000 0.000000  -0.707107 0.707107 0.000000
2451545.104036  1.1247336126e+00  1.000000 0.000000 0.000000  -0.707107 0.707107 0.000000
2451545.104703  1.1263480881e+00  1.000000 0.000000 0.000000  -0.707107 0.707107 0.000000
2451545.105370  1.1387970552e+00  1.000000 0.000000 0.000000  -0.707107 0.707107 0.000000
2451545.106036  1.1346529571e+00  1.000000 0.000000 0.000000  -0.707107 0.707107 0.000000
2451545.106703  1.1385793835e+00  1.000000 0.000000 0.000000  -0.707107 0.707107 0.000000
2451545.107370  1.1193816683e+00  1.000000 0.000000 0.000000  -0.707107 0.707107 0.000000
2451545.108037  1.1218547890e+00  1.000000 0.000000 0.000000  -0.707107 0.707107 0.000000
2451545.108704  1.1259377538e+00  1.000000 0.000000 0.000000  -0.707107 0.707107 0.000000
2451545.109371  1.1409089335e+00  1.000000 0.000000 0.000000  -0.707107 0.707107 0.000000
2451545.110038  1.1433153633e+00  1.000000 0.000000 0.000000  -0.707107 0.707107 0.000000
2451545.110705  1.1443101692e+00  1.000000 0.000000 0.000000  -0.707107 0.707107 0.000000
2451545.111372  1.1455661811e+00  1.000000 0.000000 0.000000  -0.707107 0.707107 0.000000
2451545.112039  1.1449529953e+00  1.000000 0.000000 0.000000  -0.707107 0.707107 0.000000
2451545.112705  1.1396186500e+00  1.000000 0.000000 0.000000  -0.707107 0.707107 0.000000
2451545.113372  1.1410830709e+00  1.000000 0.000000 0.000000  -0.707107 0.707107 0.000000
2451545.114039  1.1378578251e+00  1.000000 0.000000 0.000000  -0.707107 0.707107 0.000000
2451545.114706  1.1353087509e+00  1.000000 0.000000 0.000000  -0.707107 0.707107 0.000000
2451545.115373  1.1269927667e+00  1.000000 0.000000 0.000000  -0.707107 0.707107 0.000000
2451545.116040  1.1129006100e+00  1.000000 0.000000 0.000000  -0.707107 0.707107 0.000000
2451545.116707  1.1011454135e+00  1.000000 0.000000 0.000000  -0.707107 0.707107 0.000000
2451545.117374  1.0730389062e+00  1.000000 0.000000 0.000000  -0.707107 0.707107 0.000000
2451545.118041  1.0499258796e+00  1.000000 0.000000 0.000000  -0.707107 0.707107 0.000000
2451545.118707  1.0309708452e+00  1.000000 0.000000 0.000000  -0.707107 0.707107 0.000000
2451545.119374  9.8685203916e-01  1.000000 0.000000 0.000000  -0.707107 0.707107 0.000000
2451545.120041  9.6223661497e-01  1.000000 0.000000 0.000000  -0.707107 0.707107 0.000000
2451545.120708  9.3696817575e-01  1.000000 0.000000 0.000000  -0.707107 0.707107 0.000000
2451545.121375  9.1181551934e-01  1.000000 0.000000 0.000000  -0.707107 0.707107 0.000000
2451545.122042  8.9318467673e-01  1.000000 0.000000 0.000000  -0.707107 0.707107 0.000000
2451545.122709  8.6102391875e-01  1.000000 0.000000 0.000000  -0.707107 0.707107 0.000000
2451545.123376  8.7578761569e-01  1.000000 0.000000 0.000000  -0.707107 0.707107 0.000000
2451545.124043  9.1875322498e-01  1.000000 0.000000 0.000000  -0.707107 0.707107 0.000000
2451545.124710  9.7745047545e-01  1.000000 0.000000 0.000000  -0.707107 0.707107 0.000000
2451545.125376  9.9731232084e-01  1.000000 0.000000 0.000000  -0.707107 0.707107 0.000000
2451545.126043  1.0072214764e+00  1.000000 0.000000 0.000000  -0.707107 0.707107 0.000000
2451545.126710  1.0034423256e+00  1.000000 0.000000 0.000000  -0.707107 0.707107 0.000000
2451545.127377  1.0074873137e+00  1.000000 0.000000 0.000000  -0.707107 0.707107 0.000000
2451545.128044  1.0026420349e+00  1.000000 0.000000 0.000000  -0.707107 0.707107 0.000000
2451545.128711  9.9745403899e-01  1.000000 0.000000 0.000000  -0.707107 0.707107 0.000000
2451545.129378  9.9826359236e-01  1.000000 0.000000 0.000000  -0.707107 0.707107 0.000000
2451545.130045  9.9644904425e-01  1.000000 0.000000 0.000000  -0.707107 0.707107 0.000000
2451545.130712  9.9123233422e-01  1.000000 0.000000 0.000000  -0.707107 0.707107 0.000000
2451545.131378  9.9008099001e-01  1.000000 0.000000 0.000000  -0.707107 0.707107 0.000000
2451545.132045  9.9061359091e-01  1.000000 0.000000 0.000000  -0.707107 0.707107 0.000000
2451545.132712  1.0083237287e+00  1.000000 0.000000 0.000000  -0.707107 0.707107 0.000000
2451545.133379  1.0171537884e+00  1.000000 0.000000 0.000000  -0.707107 0.707107 0.000000
2451545.134046  1.0184746387e+00  1.000000 0.000000 0.000000  -0.707107 0.707107 0.000000
2451545.134713  1.0224844288e+00  1.000000 0.000000 0.000000  -0.707107 0.707107 0.000000
2451545.135380  1.0252382070e+00  1.000000 0.000000 0.000000  -0.707107 0.707107 0.000000
2451545.136047  1.0310606926e+00  1.000000 0.000000 0.000000  -0.707107 0.707107 0.000000
2451545.136714  1.0423999974e+00  1.000000 0.000000 0.000000  -0.707107 0.707107 0.000000
2451545.137381  1.0408077522e+00  1.000000 0.000000 0.000000  -0.707107 0.707107 0.000000
2451545.138047  1.0351834867e+00  1.000000 0.000000 0.000000  -0.707107 0.707107 0.000000
2451545.138714  1.0294221344e+00  1.000000 0.000000 0.000000  -0.707107 0.707107 0.000000
2451545.139381  1.0329391529e+00  1.000000 0.000000 0.000000  -0.707107 0.707107 0.000000
2451545.140048  1.0314645431e+00  1.000000 0.000000 0.000000  -0.707107 0.707107 0.000000
2451545.140715  1.0218110360e+00  1.000000 0.000000 0.000000  -0.707107 0.707107 0.000000
2451545.141382  1.0188673740e+00  1.000000 0.000000 0.000000  -0.707107 0.707107 0.000000
2451545.142049  1.0109042958e+00  1.000000 0.000000 0.000000  -0.707107 0.707107 0.000000
2451545.142716  1.0074020975e+00  1.000000 0.000000 0.000000  -0.707107 0.707107 0.000000
2451545.143383  9.9908796592e-01  1.000000 0.000000 0.000000  -0.707107 0.707107 0.000000
2451545.144050  9.9441867699e-01  1.000000 0.000000 0.000000  -0.707107 0.707107 0.000000
2451545.144716  9.8755414609e-01  1.000000 0.000000 0.000000  -0.707107 0.707107 0.000000
2451545.145383  9.8955024164e-01  1.000000 0.000000 0.000000  -0.707107 0.707107 0.000000
2451545.146050  9.7536823750e-01  1.000000 0.000000 0.000000  -0.707107 0.707107 0.000000
2451545.146717  9.7659368270e-01  1.000000 0.000000 0.000000  -0.707107 0.707107 0.000000
2451545.147384  9.6894368126e-01  1.000000 0.000000 0.000000  -0.707107 0.707107 0.000000
2451545.148051  9.5775720983e-01  1.000000 0.000000 0.000000  -0.707107 0.707107 0.000000
2451545.148718  9.3722289792e-01  1.000000 0.000000 0.000000  -0.707107 0.707107 0.000000
2451545.149385  9.0239635665e-01  1.000000 0.000000 0.000000  -0.707107 0.707107 0.000000
2451545.150052  8.5128426925e-01  1.000000 0.000000 0.000000  -0.707107 0.707107 0.000000
2451545.150718  8.2461346871e-01  1.000000 0.000000 0.000000  -0.707107 0.707107 0.000000
2451545.151385  8.2441710107e-01  1.000000 0.000000 0.000000  -0.707107 0.707107 0.000000
2451545.152052  8.6324880111e-01  1.000000 0.000000 0.000000  -0.707107 0.707107 0.000000
2451545.152719  8.7632947921e-01  1.000000 0.000000 0.000000  -0.707107 0.707107 0.000000
2451545.153386  9.0694986277e-01  1.000000 0.000000 0.000000  -0.707107 0.707107 0.000000
2451545.154053  9.5720423116e-01  1.000000 0.000000 0.000000  -0.707107 0.707107 0.000000
2451545.154720  9.8442986290e-01  1.000000 0.000000 0.000000  -0.707107 0.707107 0.000000
2451545.155387  1.0105995555e+00  1.000000 0.000000 0.000000  -0.707107 0.707107 0.000000
2451545.156054  1.0495257343e+00  1.000000 0.000000 0.000000  -0.707107 0.707107 0.000000
2451545.156721  1.0728314234e+00  1.000000 0.000000 0.000000  -0.707107 0.707107 0.000000
2451545.157387  1.0972541850e+00  1.000000 0.000000 0.000000  -0.707107 0.707107 0.000000
2451545.158054  1.1236471068e+00  1.000000 0.000000 0.000000  -0.707107 0.707107 0.000000
2451545.158721  1.1416545748e+00  1.000000 0.000000 0.000000  -0.707107 0.707107 0.000000
2451545.159388  1.1529985108e+00  1.000000 0.000000 0.000000  -0.707107 0.707107 0.000000
2451545.160055  1.1697592296e+00  1.000000 0.000000 0.000000  -0.707107 0.707107 0.000000
2451545.160722  1.1740941378e+00  1.000000 0.000000 0.000000  -0.707107 0.707107 0.000000
2451545.161389  1.1754816789e+00  1.000000 0.000000 0.000000  -0.707107 0.707107 0.000000
2451545.162056  1.1632540885e+00  1.000000 0.000000 0.000000  -0.707107 0.707107 0.000000
2451545.162723  1.1644184004e+00  1.000000 0.000000 0.000000  -0.707107 0.707107 0.000000
2451545.163389  1.1705993496e+00  1.000000 0.000000 0.000000  -0.707107 0.707107 0.000000
2451545.164056  1.1743275559e+00  1.000000 0.000000 0.000000  -0.707107 0.707107 0.000000
2451545.164723  1.1692933196e+00  1.000000 0.000000 0.000000  -0.707107 0.707107 0.000000
2451545.165390  1.1635125157e+00  1.000000 0.000000 0.000000  -0.707107 0.707107 0.000000
2451545.166057  1.1469370495e+00  1.000000 0.000000 0.000000  -0.707107 0.707107 0.000000
2451545.166724  1.1373900625e+00  1.000000 0.000000 0.000000  -0.707107 0.707107 0.000000
2451545.167391  1.1295279470e+00  1.000000 0.000000 0.000000  -0.707107 0.707107 0.000000
2451545.168058  1.1176810505e+00  1.000000 0.000000 0.000000  -0.707107 0.707107 0.000000
2451545.168725  1.1124689717e+00  1.000000 0.000000 0.000000  -0.707107 0.707107 0.000000
2451545.169392  1.0933953757e+00  1.000000 0.000000 0.000000  -0.707107 0.707107 0.000000
2451545.170058  1.0909435590e+00  1.000000 0.000000 0.000000  -0.707107 0.707107 0.000000
2451545.170725  1.0796848391e+00  1.000000 0.000000 0.000000  -0.707107 0.707107 0.000000
2451545.171392  1.0717884519e+00  1.000000 0.000000 0.000000  -0.707107 0.707107 0.000000
2451545.172059  1.0597387039e+00  1.000000 0.000000 0.000000  -0.707107 0.707107 0.000000
2451545.172726  1.0500222109e+00  1.000000 0.000000 0.000000  -0.707107 0.707107 0.000000
2451545.173393  1.0367433127e+00  1.000000 0.000000 0.000000  -0.707107 0.707107 0.000000
2451545.174060  1.0238534446e+00  1.000000 0.000000 0.000000  -0.707107 0.707107 0.000000
2451545.174727  1.0149011182e+00  1.000000 0.000000 0.000000  -0.707107 0.707107 0.000000
2451545.175394  1.0106569837e+00  1.000000 0.000000 0.000000  -0.707107 0.707107 0.000000
2451545.176061  1.0065017705e+00  1.000000 0.000000 0.000000  -0.707107 0.707107 0.000000
2451545.176727  9.9317192776e-01  1.000000 0.000000 0.000000  -0.707107 0.707107 0.000000
2451545.177394  9.7110835656e-01  1.000000 0.000000 0.000000  -0.707107 0.707107 0.000000
2451545.178061  9.6167344741e-01  1.000000 0.000000 0.000000  -0.707107 0.707107 0.000000
2451545.178728  9.5183005651e-01  1.000000 0.000000 0.000000  -0.707107 0.707107 0.000000
2451545.179395  9.3850484513e-01  1.000000 0.000000 0.000000  -0.707107 0.707107 0.000000
2451545.180062  9.1865133611e-01  1.000000 0.000000 0.000000  -0.707107 0.707107 0.000000
2451545.180729  9.0734167178e-01  1.000000 0.000000 0.000000  -0.707107 0.707107 0.000000
2451545.181396  8.8649057812e-01  1.000000 0.000000 0.000000  -0.707107 0.707107 0.000000
2451545.182063  8.8679253967e-01  1.000000 0.000000 0.000000  -0.707107 0.707107 0.000000
2451545.182729  8.8522345111e-01  1.000000 0.000000 0.000000  -0.707107 0.707107 0.000000
2451545.183396  8.8711024769e-01  1.000000 0.000000 0.000000  -0.707107 0.707107 0.000000
2451545.184063  8.9400349273e-01  1.000000 0.000000 0.000000  -0.707107 0.707107 0.000000
2451545.184730  8.9797715857e-01  1.000000 0.000000 0.000000  -0.707107 0.707107 0.000000
2451545.185397  8.9838008273e-01  1.000000 0.000000 0.000000  -0.707107 0.707107 0.000000
2451545.186064  9.1631437599e-01  1.000000 0.000000 0.000000  -0.707107 0.707107 0.000000
2451545.186731  9.2384025827e-01  1.000000 0.000000 0.000000  -0.707107 0.707107 0.000000
2451545.187398  9.4558241639e-01  1.000000 0.000000 0.000000  -0.707107 0.707107 0.000000
2451545.188065  9.6098893947e-01  1.000000 0.000000 0.000000  -0.707107 0.707107 0.000000
2451545.188732  9.6952630033e-01  1.000000 0.000000 0.000000  -0.707107 0.707107 0.000000
2451545.189398  9.7209667858e-01  1.000000 0.000000 0.000000  -0.707107 0.707107 0.000000
2451545.190065  9.7728004317e-01  1.000000 0.000000 0.000000  -0.707107 0.707107 0.000000
2451545.190732  9.9115267565e-01  1.000000 0.000000 0.000000  -0.707107 0.707107 0.000000
2451545.191399  1.0139637406e+00  1.000000 0.000000 0.000000  -0.707107 0.707107 0.000000
2451545.192066  1.0185904215e+00  1.000000 0.000000 0.000000  -0.707107 0.707107 0.000000
2451545.192733  1.0266572410e+00  1.000000 0.000000 0.000000  -0.707107 0.707107 0.000000
2451545.193400  1.0277900600e+00  1.000000 0.000000 0.000000  -0.707107 0.707107 0.000000
2451545.194067  1.0340552991e+00  1.000000 0.000000 0.000000  -0.707107 0.707107 0.000000
2451545.194734  1.0458169795e+00  1.000000 0.000000 0.000000  -0.707107 0.707107 0.000000
2451545.195400  1.0367062622e+00  1.000000 0.000000 0.000000  -0.707107 0.707107 0.000000
2451545.196067  1.0399102039e+00  1.000000 0.000000 0.000000  -0.707107 0.707107 0.000000
2451545.196734  1.0445100232e+00  1.000000 0.000000 0.000000  -0.707107 0.707107 0.000000
2451545.197401  1.0545525605e+00  1.000000 0.000000 0.000000  -0.707107 0.707107 0.000000
2451545.198068  1.0490375940e+00  1.000000 0.000000 0.000000  -0.707107 0.707107 0.000000
2451545.198735  1.0475435327e+00  1.000000 0.000000 0.000000  -0.707107 0.707107 0.000000
2451545.199402  1.0461300562e+00  1.000000 0.000000 0.000000  -0.707107 0.707107 0.000000
2451545.200069  1.0454677785e+00  1.000000 0.000000 0.000000  -0.707107 0.707107 0.000000
2451545.200736  1.0442349232e+00  1.000000 0.000000 0.000000  -0.707107 0.707107 0.000000
2451545.201403  1.0427149266e+00  1.000000 0.000000 0.000000  -0.707107 0.707107 0.000000
2451545.202069  1.0296398061e+00  1.000000 0.000000 0.000000  -0.707107 0.707107 0.000000
2451545.202736  1.0311023744e+00  1.000000 0.000000 0.000000  -0.707107 0.707107 0.000000
2451545.203403  1.0230957620e+00  1.000000 0.000000 0.000000  -0.707107 0.707107 0.000000
2451545.204070  1.0152077111e+00  1.000000 0.000000 0.000000  -0.707107 0.707107 0.000000
2451545.204737  9.9758556826e-01  1.000000 0.000000 0.000000  -0.707107 0.707107 0.000000
2451545.205404  9.9165470989e-01  1.000000 0.000000 0.000000  -0.707107 0.707107 0.000000
2451545.206071  9.8279037839e-01  1.000000 0.000000 0.000000  -0.707107 0.707107 0.000000
2451545.206738  9.7467817199e-01  1.000000 0.000000 0.000000  -0.707107 0.707107 0.000000
2451545.207405  9.6806465820e-01  1.000000 0.000000 0.000000  -0.707107 0.707107 0.000000
2451545.208072  9.5323519663e-01  1.000000 0.000000 0.000000  -0.707107 0.707107 0.000000
2451545.208738  9.2084287303e-01  1.000000 0.000000 0.000000  -0.707107 0.707107 0.000000
2451545.209405  9.0972587129e-01  1.000000 0.000000 0.000000  -0.707107 0.707107 0.000000
2451545.210072  8.9681377295e-01  1.000000 0.000000 0.000000  -0.707107 0.707107 0.000000
2451545.210739  8.8610988426e-01  1.000000 0.000000 0.000000  -0.707107 0.707107 0.000000
2451545.211406  8.8688053461e-01  1.000000 0.000000 0.000000  -0.707107 0.707107 0.000000
2451545.212073  8.9101444385e-01  1.000000 0.000000 0.000000  -0.707107 0.707107 0.000000
2451545.212740  9.0759083638e-01  1.000000 0.000000 0.000000  -0.707107 0.707107 0.000000
2451545.213407  9.2351421389e-01  1.000000 0.000000 0.000000  -0.707107 0.707107 0.000000
2451545.214074  9.3247858173e-01  1.000000 0.000000 0.000000  -0.707107 0.707107 0.000000
2451545.214740  9.5241638064e-01  1.000000 0.000000 0.000000  -0.707107 0.707107 0.000000
2451545.215407  9.6343890361e-01  1.000000 0.000000 0.000000  -0.707107 0.707107 0.000000
2451545.216074  9.6264880175e-01  1.000000 0.000000 0.000000  -0.707107 0.707107 0.000000
2451545.216741  9.7027286785e-01  1.000000 0.000000 0.000000  -0.707107 0.707107 0.000000
2451545.217408  9.7278767036e-01  1.000000 0.000000 0.000000  -0.707107 0.707107 0.000000
2451545.218075  9.8626571504e-01  1.000000 0.000000 0.000000  -0.707107 0.707107 0.000000
2451545.218742  9.8732628553e-01  1.000000 0.000000 0.000000  -0.707107 0.707107 0.000000
2451545.219409  9.8700579873e-01  1.000000 0.000000 0.000000  -0.707107 0.707107 0.000000
2451545.220076  9.7564426371e-01  1.000000 0.000000 0.000000  -0.707107 0.707107 0.000000
2451545.220743  9.7953549219e-01  1.000000 0.000000 0.000000  -0.707107 0.707107 0.000000
2451545.221409  9.7795621474e-01  1.000000 0.000000 0.000000  -0.707107 0.707107 0.000000
2451545.222076  9.9567191007e-01  1.000000 0.000000 0.000000  -0.707107 0.707107 0.000000
2451545.222743  9.9125271199e-01  1.000000 0.000000 0.000000  -0.707107 0.707107 0.000000
2451545.223410  9.7684840487e-01  1.000000 0.000000 0.000000  -0.707107 0.707107 0.000000
2451545.224077  9.7685766750e-01  1.000000 0.000000 0.000000  -0.707107 0.707107 0.000000
2451545.224744  9.7704014120e-01  1.000000 0.000000 0.000000  -0.707107 0.707107 0.000000
2451545.225411  9.7926409730e-01  1.000000 0.000000 0.000000  -0.707107 0.707107 0.000000
2451545.226078  9.7678356650e-01  1.000000 0.000000 0.000000  -0.707107 0.707107 0.000000
2451545.226745  9.8104900501e-01  1.000000 0.000000 0.000000  -0.707107 0.707107 0.000000
2451545.227411  9.7348329345e-01  1.000000 0.000000 0.000000  -0.707107 0.707107 0.000000
2451545.228078  9.6780437846e-01  1.000000 0.000000 0.000000  -0.707107 0.707107 0.000000
2451545.228745  9.6053043956e-01  1.000000 0.000000 0.000000  -0.707107 0.707107 0.000000
2451545.229412  9.5482095792e-01  1.000000 0.000000 0.000000  -0.707107 0.707107 0.000000
2451545.230079  9.4458575801e-01  1.000000 0.000000 0.000000  -0.707107 0.707107 0.000000
2451545.230746  9.4088811838e-01  1.000000 0.000000 0.000000  -0.707107 0.707107 0.000000
2451545.231413  9.3190152024e-01  1.000000 0.000000 0.000000  -0.707107 0.707107 0.000000
2451545.232080  9.1662282138e-01  1.000000 0.000000 0.000000  -0.707107 0.707107 0.000000
2451545.232747  9.0525109747e-01  1.000000 0.000000 0.000000  -0.707107 0.707107 0.000000
2451545.233414  9.0315496558e-01  1.000000 0.000000 0.000000  -0.707107 0.707107 0.000000
2451545.234080  8.9636916698e-01  1.000000 0.000000 0.000000  -0.707107 0.707107 0.000000
2451545.234747  8.9218060826e-01  1.000000 0.000000 0.000000  -0.707107 0.707107 0.000000
2451545.235414  8.8166845589e-01  1.000000 0.000000 0.000000  -0.707107 0.707107 0.000000
2451545.236081  8.5803394361e-01  1.000000 0.000000 0.000000  -0.707107 0.707107 0.000000
2451545.236748  8.5157511565e-01  1.000000 0.000000 0.000000  -0.707107 0.707107 0.000000
2451545.237415  8.4438083532e-01  1.000000 0.000000 0.000000  -0.707107 0.707107 0.000000
2451545.238082  8.1764334389e-01  1.000000 0.000000 0.000000  -0.707107 0.707107 0.000000
2451545.238749  8.0192467037e-01  1.000000 0.000000 0.000000  -0.707107 0.707107 0.000000
2451545.239416  7.7591151616e-01  1.000000 0.000000 0.000000  -0.707107 0.707107 0.000000
360  1
2451545.000000  7.9719635479e-01  1.000000 0.000000 0.000000  -0.707107 0.707107 0.000000
2451545.000667  7.7395512864e-01  1.000000 0.000000 0.000000  -0.707107 0.707107 0.000000
2451545.001334  7.6161316727e-01  1.000000 0.000000 0.000000  -0.707107 0.707107 0.000000
2451545.002001  7.4538990284e-01  1.000000 0.000000 0.000000  -0.707107 0.707107 0.000000
2451545.002668  7.7288517028e-01  1.000000 0.000000 0.000000  -0.707107 0.707107 0.000000
2451545.003334  8.4643357547e-01  1.000000 0.000000 0.000000  -0.707107 0.707107 0.000000
2451545.004001  9.4248022641e-01  1.000000 0.000000 0.000000  -0.707107 0.707107 0.000000
2451545.004668  9.9310523134e-01  1.000000 0.000000 0.000000  -0.707107 0.707107 0.000000
2451545.005335  1.0432435134e+00  1.000000 0.000000 0.000000  -0.707107 0.707107 0.000000
2451545.006002  1.1044416372e+00  1.000000 0.000000 0.000000  -0.707107 0.707107 0.000000
2451545.006669  1.1331732639e+00  1.000000 0.000000 0.000000  -0.707107 0.707107 0.000000
2451545.007336  1.1537395942e+00  1.000000 0.000000 0.000000  -0.707107 0.707107 0.000000
2451545.008003  1.1836094038e+00  1.000000 0.000000 0.000000  -0.707107 0.707107 0.000000
2451545.008670  1.2044128554e+00  1.000000 0.000000 0.000000  -0.707107 0.707107 0.000000
2451545.009337  1.2178680394e+00  1.000000 0.000000 0.000000  -0.707107 0.707107 0.000000
2451545.010003  1.2520110264e+00  1.000000 0.000000 0.000000  -0.707107 0.707107 0.000000
2451545.010670  1.2574390266e+00  1.000000 0.000000 0.000000  -0.707107 0.707107 0.000000
2451545.011337  1.2614459624e+00  1.000000 0.000000 0.000000  -0.707107 0.707107 0.000000
2451545.012004  1.2650868161e+00  1.000000 0.000000 0.000000  -0.707107 0.707107 0.000000
2451545.012671  1.2625209128e+00  1.000000 0.000000 0.000000  -0.707107 0.707107 0.000000
2451545.013338  1.2661193342e+00  1.000000 0.000000 0.000000  -0.707107 0.707107 0.000000
2451545.014005  1.2658372845e+00  1.000000 0.000000 0.000000  -0.707107 0.707107 0.000000
2451545.014672  1.2632680533e+00  1.000000 0.000000 0.000000  -0.707107 0.707107 0.000000
2451545.015339  1.2707627538e+00  1.000000 0.000000 0.000000  -0.707107 0.707107 0.000000
2451545.016006  1.2766932851e+00  1.000000 0.000000 0.000000  -0.707107 0.707107 0.000000
2451545.016672  1.2683765636e+00  1.000000 0.000000 0.000000  -0.707107 0.707107 0.000000
2451545.017339  1.2687135256e+00  1.000000 0.000000 0.000000  -0.707107 0.707107 0.000000
2451545.018006  1.2583866803e+00  1.000000 0.000000 0.000000  -0.707107 0.707107 0.000000
2451545.018673  1.2615757552e+00  1.000000 0.000000 0.000000  -0.707107 0.707107 0.000000
2451545.019340  1.2551842932e+00  1.000000 0.000000 0.000000  -0.707107 0.707107 0.000000
2451545.020007  1.2417823576e+00  1.000000 0.000000 0.000000  -0.707107 0.707107 0.000000
2451545.020674  1.2312616550e+00  1.000000 0.000000 0.000000  -0.707107 0.707107 0.000000
2451545.021341  1.2250132979e+00  1.000000 0.000000 0.000000  -0.707107 0.707107 0.000000
2451545.022008  1.2183264741e+00  1.000000 0.000000 0.000000  -0.707107 0.707107 0.000000
2451545.022674  1.2131455793e+00  1.000000 0.000000 0.000000  -0.707107 0.707107 0.000000
2451545.023341  1.2045326641e+00  1.000000 0.000000 0.000000  -0.707107 0.707107 0.000000
2451545.024008  1.1808912436e+00  1.000000 0.000000 0.000000  -0.707107 0.707107 0.000000
2451545.024675  1.1679660468e+00  1.000000 0.000000 0.000000  -0.707107 0.707107 0.000000
2451545.025342  1.1537437542e+00  1.000000 0.000000 0.000000  -0.707107 0.707107 0.000000
2451545.026009  1.1258000361e+00  1.000000 0.000000 0.000000  -0.707107 0.707107 0.000000
2451545.026676  1.0965841825e+00  1.000000 0.000000 0.000000  -0.707107 0.707107 0.000000
2451545.027343  1.0541261381e+00  1.000000 0.000000 0.000000  -0.707107 0.707107 0.000000
2451545.028010  1.0169338530e+00  1.000000 0.000000 0.000000  -0.707107 0.707107 0.000000
2451545.028677  9.8175418786e-01  1.000000 0.000000 0.000000  -0.707107 0.707107 0.000000
2451545.029343  9.2570867071e-01  1.000000 0.000000 0.000000  -0.707107 0.707107 0.000000
2451545.030010  8.7987851028e-01  1.000000 0.000000 0.000000  -0.707107 0.707107 0.000000
2451545.030677  8.3485040262e-01  1.000000 0.000000 0.000000  -0.707107 0.707107 0.000000
2451545.031344  7.6106654003e-01  1.000000 0.000000 0.000000  -0.707107 0.707107 0.000000
2451545.032011  7.2204966810e-01  1.000000 0.000000 0.000000  -0.707107 0.707107 0.000000
2451545.032678  7.0778827132e-01  1.000000 0.000000 0.000000  -0.707107 0.707107 0.000000
2451545.033345  7.2938462370e-01  1.000000 0.000000 0.000000  -0.707107 0.707107 0.000000
2451545.034012  7.5708789238e-01  1.000000 0.000000 0.000000  -0.707107 0.707107 0.000000
2451545.034679  7.7890306205e-01  1.000000 0.000000 0.000000  -0.707107 0.707107 0.000000
2451545.035345  8.0380829810e-01  1.000000 0.000000 0.000000  -0.707107 0.707107 0.000000
2451545.036012  8.2384713721e-01  1.000000 0.000000 0.000000  -0.707107 0.707107 0.000000
2451545.036679  8.4536028909e-01  1.000000 0.000000 0.000000  -0.707107 0.707107 0.000000
2451545.037346  8.7867543113e-01  1.000000 0.000000 0.000000  -0.707107 0.707107 0.000000
2451545.038013  8.9168050044e-01  1.000000 0.000000 0.000000  -0.707107 0.707107 0.000000
2451545.038680  9.0049143281e-01  1.000000 0.000000 0.000000  -0.707107 0.707107 0.000000
2451545.039347  9.0510406823e-01  1.000000 0.000000 0.000000  -0.707107 0.707107 0.000000
2451545.040014  9.1860418048e-01  1.000000 0.000000 0.000000  -0.707107 0.707107 0.000000
2451545.040681  9.2722957575e-01  1.000000 0.000000 0.000000  -0.707107 0.707107 0.000000
2451545.041348  9.3520683917e-01  1.000000 0.000000 0.000000  -0.707107 0.707107 0.000000
2451545.042014  9.4226556913e-01  1.000000 0.000000 0.000000  -0.707107 0.707107 0.000000
2451545.042681  9.5196924281e-01  1.000000 0.000000 0.000000  -0.707107 0.707107 0.000000
2451545.043348  9.6391184180e-01  1.000000 0.000000 0.000000  -0.707107 0.707107 0.000000
2451545.044015  9.6142497902e-01  1.000000 0.000000 0.000000  -0.707107 0.707107 0.000000
2451545.044682  9.6824991559e-01  1.000000 0.000000 0.000000  -0.707107 0.707107 0.000000
2451545.045349  9.6726648574e-01  1.000000 0.000000 0.000000  -0.707107 0.707107 0.000000
2451545.046016  9.6834975618e-01  1.000000 0.000000 0.000000  -0.707107 0.707107 0.000000
2451545.046683  9.7204968218e-01  1.000000 0.000000 0.000000  -0.707107 0.707107 0.000000
2451545.047350  9.6117870556e-01  1.000000 0.000000 0.000000  -0.707107 0.707107 0.000000
2451545.048017  9.7876146607e-01  1.000000 0.000000 0.000000  -0.707107 0.707107 0.000000
2451545.048683  9.8490249458e-01  1.000000 0.000000 0.000000  -0.707107 0.707107 0.000000
2451545.049350  9.7666564562e-01  1.000000 0.000000 0.000000  -0.707107 0.707107 0.000000
2451545.050017  9.7494672340e-01  1.000000 0.000000 0.000000  -0.707107 0.707107 0.000000
2451545.050684  9.6087585576e-01  1.000000 0.000000 0.000000  -0.707107 0.707107 0.000000
2451545.051351  9.6126024204e-01  1.000000 0.000000 0.000000  -0.707107 0.707107 0.000000
2451545.052018  9.6213800726e-01  1.000000 0.000000 0.000000  -0.707107 0.707107 0.000000
2451545.052685  9.7117524498e-01  1.000000 0.000000 0.000000  -0.707107 0.707107 0.000000
2451545.053352  9.6925248155e-01  1.000000 0.000000 0.000000  -0.707107 0.707107 0.000000
2451545.054019  9.7259797344e-01  1.000000 0.000000 0.000000  -0.707107 0.707107 0.000000
2451545.054685  9.6726731775e-01  1.000000 0.000000 0.000000  -0.707107 0.707107 0.000000
2451545.055352  9.7069434612e-01  1.000000 0.000000 0.000000  -0.707107 0.707107 0.000000
2451545.056019  9.6882899103e-01  1.000000 0.000000 0.000000  -0.707107 0.707107 0.000000
2451545.056686  9.6554340350e-01  1.000000 0.000000 0.000000  -0.707107 0.707107 0.000000
2451545.057353  9.6341846287e-01  1.000000 0.000000 0.000000  -0.707107 0.707107 0.000000
2451545.058020  9.5909952520e-01  1.000000 0.000000 0.000000  -0.707107 0.707107 0.000000
2451545.058687  9.6053223771e-01  1.000000 0.000000 0.000000  -0.707107 0.707107 0.000000
2451545.059354  9.5273302335e-01  1.000000 0.000000 0.000000  -0.707107 0.707107 0.000000
2451545.060021  9.4737574351e-01  1.000000 0.000000 0.000000  -0.707107 0.707107 0.000000
2451545.060688  9.3699481780e-01  1.000000 0.000000 0.000000  -0.707107 0.707107 0.000000
2451545.061354  9.3839841014e-01  1.000000 0.000000 0.000000  -0.707107 0.707107 0.000000
2451545.062021  9.2630105823e-01  1.000000 0.000000 0.000000  -0.707107 0.707107 0.000000
2451545.062688  9.1031990724e-01  1.000000 0.000000 0.000000  -0.707107 0.707107 0.000000
2451545.063355  9.0373458809e-01  1.000000 0.000000 0.000000  -0.707107 0.707107 0.000000
2451545.064022  9.0109713241e-01  1.000000 0.000000 0.000000  -0.707107 0.707107 0.000000
2451545.064689  9.1019760251e-01  1.000000 0.000000 0.000000  -0.707107 0.707107 0.000000
2451545.065356  9.1181668413e-01  1.000000 0.000000 0.000000  -0.707107 0.707107 0.000000
2451545.066023  9.1478610978e-01  1.000000 0.000000 0.000000  -0.707107 0.707107 0.000000
2451545.066690  9.1279262593e-01  1.000000 0.000000 0.000000  -0.707107 0.707107 0.000000
2451545.067356  9.1666061693e-01  1.000000 0.000000 0.000000  -0.707107 0.707107 0.000000
2451545.068023  9.2243057123e-01  1.000000 0.000000 0.000000  -0.707107 0.707107 0.000000
2451545.068690  9.3857479519e-01  1.000000 0.000000 0.000000  -0.707107 0.707107 0.000000
2451545.069357  9.3546392870e-01  1.000000 0.000000 0.000000  -0.707107 0.707107 0.000000
2451545.070024  9.4758707276e-01  1.000000 0.000000 0.000000  -0.707107 0.707107 0.000000
2451545.070691  9.5508593334e-01  1.000000 0.000000 0.000000  -0.707107 0.707107 0.000000
2451545.071358  9.5881830753e-01  1.000000 0.000000 0.000000  -0.707107 0.707107 0.000000
2451545.072025  9.6404662660e-01  1.000000 0.000000 0.000000  -0.707107 0.707107 0.000000
2451545.072692  9.6263138619e-01  1.000000 0.000000 0.000000  -0.707107 0.707107 0.000000
2451545.073359  9.7071431424e-01  1.000000 0.000000 0.000000  -0.707107 0.707107 0.000000
2451545.074025  9.7185166500e-01  1.000000 0.000000 0.000000  -0.707107 0.707107 0.000000
2451545.074692  9.7115860488e-01  1.000000 0.000000 0.000000  -0.707107 0.707107 0.000000
2451545.075359  9.7259048539e-01  1.000000 0.000000 0.000000  -0.707107 0.707107 0.000000
2451545.076026  9.7731876950e-01  1.000000 0.000000 0.000000  -0.707107 0.707107 0.000000
2451545.076693  9.8224590279e-01  1.000000 0.000000 0.000000  -0.707107 0.707107 0.000000
2451545.077360  9.7963590327e-01  1.000000 0.000000 0.000000  -0.707107 0.707107 0.000000
2451545.078027  9.6618071929e-01  1.000000 0.000000 0.000000  -0.707107 0.707107 0.000000
2451545.078694  9.7131169379e-01  1.000000 0.000000 0.000000  -0.707107 0.707107 0.000000
2451545.079361  9.6750859918e-01  1.000000 0.000000 0.000000  -0.707107 0.707107 0.000000
2451545.080028  9.7441008021e-01  1.000000 0.000000 0.000000  -0.707107 0.707107 0.000000
2451545.080694  9.7462806550e-01  1.000000 0.000000 0.000000  -0.707107 0.707107 0.000000
2451545.081361  9.7380105259e-01  1.000000 0.000000 0.000000  -0.707107 0.707107 0.000000
2451545.082028  9.6450173331e-01  1.000000 0.000000 0.000000  -0.707107 0.707107 0.000000
2451545.082695  9.6412566707e-01  1.000000 0.000000 0.000000  -0.707107 0.707107 0.000000
2451545.083362  9.5743551531e-01  1.000000 0.000000 0.000000  -0.707107 0.707107 0.000000
2451545.084029  9.5897306045e-01  1.000000 0.000000 0.000000  -0.707107 0.707107 0.000000
2451545.084696  9.5374723738e-01  1.000000 0.000000 0.000000  -0.707107 0.707107 0.000000
2451545.085363  9.5008475161e-01  1.000000 0.000000 0.000000  -0.707107 0.707107 0.000000
2451545.086030  9.4136700379e-01  1.000000 0.000000 0.000000  -0.707107 0.707107 0.000000
2451545.086696  9.4163407738e-01  1.000000 0.000000 0.000000  -0.707107 0.707107 0.000000
2451545.087363  9.3791418326e-01  1.000000 0.000000 0.000000  -0.707107 0.707107 0.000000
2451545.088030  9.2958664576e-01  1.000000 0.000000 0.000000  -0.707107 0.707107 0.000000
2451545.088697  9.2490162591e-01  1.000000 0.000000 0.000000  -0.707107 0.707107 0.000000
2451545.089364  9.2122499606e-01  1.000000 0.000000 0.000000  -0.707107 0.707107 0.000000
2451545.090031  9.2584262351e-01  1.000000 0.000000 0.000000  -0.707107 0.707107 0.000000
2451545.090698  9.3897498957e-01  1.000000 0.000000 0.000000  -0.707107 0.707107 0.000000
2451545.091365  9.4710201388e-01  1.000000 0.000000 0.000000  -0.707107 0.707107 0.000000
2451545.092032  9.7240078826e-01  1.000000 0.000000 0.000000  -0.707107 0.707107 0.000000
2451545.092699  9.8066342938e-01  1.000000 0.000000 0.000000  -0.707107 0.707107 0.000000
2451545.093365  9.9092870640e-01  1.000000 0.000000 0.000000  -0.707107 0.707107 0.000000
2451545.094032  9.9910731502e-01  1.000000 0.000000 0.000000  -0.707107 0.707107 0.000000
2451545.094699  1.0070804184e+00  1.000000 0.000000 0.000000  -0.707107 0.707107 0.000000
2451545.095366  1.0155801809e+00  1.000000 0.000000 0.000000  -0.707107 0.707107 0.000000
2451545.096033  1.0383280282e+00  1.000000 0.000000 0.000000  -0.707107 0.707107 0.000000
2451545.096700  1.0411360448e+00  1.000000 0.000000 0.000000  -0.707107 0.707107 0.000000
2451545.097367  1.0461081064e+00  1.000000 0.000000 0.000000  -0.707107 0.707107 0.000000
2451545.098034  1.0522557909e+00  1.000000 0.000000 0.000000  -0.707107 0.707107 0.000000
2451545.098701  1.0549781111e+00  1.000000 0.000000 0.000000  -0.707107 0.707107 0.000000
2451545.099367  1.0626100925e+00  1.000000 0.000000 0.000000  -0.707107 0.707107 0.000000
2451545.100034  1.0673874649e+00  1.000000 0.000000 0.000000  -0.707107 0.707107 0.000000
2451545.100701  1.0728354333e+00  1.000000 0.000000 0.000000  -0.707107 0.707107 0.000000
2451545.101368  1.0809200253e+00  1.000000 0.000000 0.000000  -0.707107 0.707107 0.000000
2451545.102035  1.0892242667e+00  1.000000 0.000000 0.000000  -0.707107 0.707107 0.000000
2451545.102702  1.0892617069e+00  1.000000 0.000000 0.000000  -0.707107 0.707107 0.000000
2451545.103369  1.0920048272e+00  1.000000 0.000000 0.000000  -0.707107 0.707107 0.000000
2451545.104036  1.0991209655e+00  1.000000 0.000000 0.000000  -0.707107 0.707107 0.000000
2451545.104703  1.0962904847e+00  1.000000 0.000000 0.000000  -0.707107 0.707107 0.000000
2451545.105370  1.0862556731e+00  1.000000 0.000000 0.000000  -0.707107 0.707107 0.000000
2451545.106036  1.0827462762e+00  1.000000 0.000000 0.000000  -0.707107 0.707107 0.000000
2451545.106703  1.0725458956e+00  1.000000 0.000000 0.000000  -0.707107 0.707107 0.000000
2451545.107370  1.0747282445e+00  1.000000 0.000000 0.000000  -0.707107 0.707107 0.000000
2451545.108037  1.0670363588e+00  1.000000 0.000000 0.000000  -0.707107 0.707107 0.000000
2451545.108704  1.0628904782e+00  1.000000 0.000000 0.000000  -0.707107 0.707107 0.000000
2451545.109371  1.0569358188e+00  1.000000 0.000000 0.000000  -0.707107 0.707107 0.000000
2451545.110038  1.0505618289e+00  1.000000 0.000000 0.000000  -0.707107 0.707107 0.000000
2451545.110705  1.0470149918e+00  1.000000 0.000000 0.000000  -0.707107 0.707107 0.000000
2451545.111372  1.0526751214e+00  1.000000 0.000000 0.000000  -0.707107 0.707107 0.000000
2451545.112039  1.0493113254e+00  1.000000 0.000000 0.000000  -0.707107 0.707107 0.000000
2451545.112705  1.0500634579e+00  1.000000 0.000000 0.000000  -0.707107 0.707107 0.000000
2451545.113372  1.0445905294e+00  1.000000 0.000000 0.000000  -0.707107 0.707107 0.000000
2451545.114039  1.0451479727e+00  1.000000 0.000000 0.000000  -0.707107 0.707107 0.000000
2451545.114706  1.0459758176e+00  1.000000 0.000000 0.000000  -0.707107 0.707107 0.000000
2451545.115373  1.0325206336e+00  1.000000 0.000000 0.000000  -0.707107 0.707107 0.000000
2451545.116040  1.0224408937e+00  1.000000 0.000000 0.000000  -0.707107 0.707107 0.000000
2451545.116707  1.0118577908e+00  1.000000 0.000000 0.000000  -0.707107 0.707107 0.000000
2451545.117374  9.9060505648e-01  1.000000 0.000000 0.000000  -0.707107 0.707107 0.000000
2451545.118041  9.7453820897e-01  1.000000 0.000000 0.000000  -0.707107 0.707107 0.000000
2451545.118707  9.5853209782e-01  1.000000 0.000000 0.000000  -0.707107 0.707107 0.000000
2451545.119374  9.2022076609e-01  1.000000 0.000000 0.000000  -0.707107 0.707107 0.000000
2451545.120041  8.9123454579e-01  1.000000 0.000000 0.000000  -0.707107 0.707107 0.000000
2451545.120708  8.3986156841e-01  1.000000 0.000000 0.000000  -0.707107 0.707107 0.000000
2451545.121375  8.1957562382e-01  1.000000 0.000000 0.000000  -0.707107 0.707107 0.000000
2451545.122042  8.1202933896e-01  1.000000 0.000000 0.000000  -0.707107 0.707107 0.000000
2451545.122709  8.6211354068e-01  1.000000 0.000000 0.000000  -0.707107 0.707107 0.000000
2451545.123376  9.0244747644e-01  1.000000 0.000000 0.000000  -0.707107 0.707107 0.000000
2451545.124043  9.2910491490e-01  1.000000 0.000000 0.000000  -0.707107 0.707107 0.000000
2451545.124710  9.4775846578e-01  1.000000 0.000000 0.000000  -0.707107 0.707107 0.000000
2451545.125376  9.5562008051e-01  1.000000 0.000000 0.000000  -0.707107 0.707107 0.000000
2451545.126043  9.5783903770e-01  1.000000 0.000000 0.000000  -0.707107 0.707107 0.000000
2451545.126710  9.4982516607e-01  1.000000 0.000000 0.000000  -0.707107 0.707107 0.000000
2451545.127377  9.5111061371e-01  1.000000 0.000000 0.000000  -0.707107 0.707107 0.000000
2451545.128044  9.4825434073e-01  1.000000 0.000000 0.000000  -0.707107 0.707107 0.000000
2451545.128711  9.4753715247e-01  1.000000 0.000000 0.000000  -0.707107 0.707107 0.000000
2451545.129378  9.5069960327e-01  1.000000 0.000000 0.000000  -0.707107 0.707107 0.000000
2451545.130045  9.5393943052e-01  1.000000 0.000000 0.000000  -0.707107 0.707107 0.000000
2451545.130712  9.4254845081e-01  1.000000 0.000000 0.000000  -0.707107 0.707107 0.000000
2451545.131378  9.4712780603e-01  1.000000 0.000000 0.000000  -0.707107 0.707107 0.000000
2451545.132045  9.4930433097e-01  1.000000 0.000000 0.000000  -0.707107 0.707107 0.000000
2451545.132712  9.4900480919e-01  1.000000 0.000000 0.000000  -0.707107 0.707107 0.000000
2451545.133379  9.5957543203e-01  1.000000 0.000000 0.000000  -0.707107 0.707107 0.000000
2451545.134046  9.5379965369e-01  1.000000 0.000000 0.000000  -0.707107 0.707107 0.000000
2451545.134713  9.7043476058e-01  1.000000 0.000000 0.000000  -0.707107 0.707107 0.000000
2451545.135380  9.6486864749e-01  1.000000 0.000000 0.000000  -0.707107 0.707107 0.000000
2451545.136047  9.6103060868e-01  1.000000 0.000000 0.000000  -0.707107 0.707107 0.000000
2451545.136714  9.4844403786e-01  1.000000 0.000000 0.000000  -0.707107 0.707107 0.000000
2451545.137381  9.4740735970e-01  1.000000 0.000000 0.000000  -0.707107 0.707107 0.000000
2451545.138047  9.4485976055e-01  1.000000 0.000000 0.000000  -0.707107 0.707107 0.000000
2451545.138714  9.4909632974e-01  1.000000 0.000000 0.000000  -0.707107 0.707107 0.000000
2451545.139381  9.5172047333e-01  1.000000 0.000000 0.000000  -0.707107 0.707107 0.000000
2451545.140048  9.4888666449e-01  1.000000 0.000000 0.000000  -0.707107 0.707107 0.000000
2451545.140715  9.3278570478e-01  1.000000 0.000000 0.000000  -0.707107 0.707107 0.000000
2451545.141382  9.3392971158e-01  1.000000 0.000000 0.000000  -0.707107 0.707107 0.000000
2451545.142049  9.3273661649e-01  1.000000 0.000000 0.000000  -0.707107 0.707107 0.000000
2451545.142716  9.3465605190e-01  1.000000 0.000000 0.000000  -0.707107 0.707107 0.000000
2451545.143383  9.3484824504e-01  1.000000 0.000000 0.000000  -0.707107 0.707107 0.000000
2451545.144050  9.3390142341e-01  1.000000 0.000000 0.000000  -0.707107 0.707107 0.000000
2451545.144716  9.4221814485e-01  1.000000 0.000000 0.000000  -0.707107 0.707107 0.000000
2451545.145383  9.4237289777e-01  1.000000 0.000000 0.000000  -0.707107 0.707107 0.000000
2451545.146050  9.5072456341e-01  1.000000 0.000000 0.000000  -0.707107 0.707107 0.000000
2451545.146717  9.5857702609e-01  1.000000 0.000000 0.000000  -0.707107 0.707107 0.000000
2451545.147384  9.5844556931e-01  1.000000 0.000000 0.000000  -0.707107 0.707107 0.000000
2451545.148051  9.5924096604e-01  1.000000 0.000000 0.000000  -0.707107 0.707107 0.000000
2451545.148718  9.5368400501e-01  1.000000 0.000000 0.000000  -0.707107 0.707107 0.000000
2451545.149385  9.4208336005e-01  1.000000 0.000000 0.000000  -0.707107 0.707107 0.000000
2451545.150052  9.2623366583e-01  1.000000 0.000000 0.000000  -0.707107 0.707107 0.000000
2451545.150718  9.0445510437e-01  1.000000 0.000000 0.000000  -0.707107 0.707107 0.000000
2451545.151385  8.8421991209e-01  1.000000 0.000000 0.000000  -0.707107 0.707107 0.000000
2451545.152052  8.6441736238e-01  1.000000 0.000000 0.000000  -0.707107 0.707107 0.000000
2451545.152719  8.9354419152e-01  1.000000 0.000000 0.000000  -0.707107 0.707107 0.000000
2451545.153386  9.2569868665e-01  1.000000 0.000000 0.000000  -0.707107 0.707107 0.000000
2451545.154053  9.8369525540e-01  1.000000 0.000000 0.000000  -0.707107 0.707107 0.000000
2451545.154720  1.0104641825e+00  1.000000 0.000000 0.000000  -0.707107 0.707107 0.000000
2451545.155387  1.0412833097e+00  1.000000 0.000000 0.000000  -0.707107 0.707107 0.000000
2451545.156054  1.0770487063e+00  1.000000 0.000000 0.000000  -0.707107 0.707107 0.000000
2451545.156721  1.0916287610e+00  1.000000 0.000000 0.000000  -0.707107 0.707107 0.000000
2451545.157387  1.1155297671e+00  1.000000 0.000000 0.000000  -0.707107 0.707107 0.000000
2451545.158054  1.1305150081e+00  1.000000 0.000000 0.000000  -0.707107 0.707107 0.000000
2451545.158721  1.1371485836e+00  1.000000 0.000000 0.000000  -0.707107 0.707107 0.000000
2451545.159388  1.1430558187e+00  1.000000 0.000000 0.000000  -0.707107 0.707107 0.000000
2451545.160055  1.1415998100e+00  1.000000 0.000000 0.000000  -0.707107 0.707107 0.000000
2451545.160722  1.1368956541e+00  1.000000 0.000000 0.000000  -0.707107 0.707107 0.000000
2451545.161389  1.1301164778e+00  1.000000 0.000000 0.000000  -0.707107 0.707107 0.000000
2451545.162056  1.1304085115e+00  1.000000 0.000000 0.000000  -0.707107 0.707107 0.000000
2451545.162723  1.1186622657e+00  1.000000 0.000000 0.000000  -0.707107 0.707107 0.000000
2451545.163389  1.1109911801e+00  1.000000 0.000000 0.000000  -0.707107 0.707107 0.000000
2451545.164056  1.0903890736e+00  1.000000 0.000000 0.000000  -0.707107 0.707107 0.000000
2451545.164723  1.0830183418e+00  1.000000 0.000000 0.000000  -0.707107 0.707107 0.000000
2451545.165390  1.0766693121e+00  1.000000 0.000000 0.000000  -0.707107 0.707107 0.000000
2451545.166057  1.0764729589e+00  1.000000 0.000000 0.000000  -0.707107 0.707107 0.000000
2451545.166724  1.0727855130e+00  1.000000 0.000000 0.000000  -0.707107 0.707107 0.000000
2451545.167391  1.0730517546e+00  1.000000 0.000000 0.000000  -0.707107 0.707107 0.000000
2451545.168058  1.0505318767e+00  1.000000 0.000000 0.000000  -0.707107 0.707107 0.000000
2451545.168725  1.0465349249e+00  1.000000 0.000000 0.000000  -0.707107 0.707107 0.000000
2451545.169392  1.0396559081e+00  1.000000 0.000000 0.000000  -0.707107 0.707107 0.000000
2451545.170058  1.0355649397e+00  1.000000 0.000000 0.000000  -0.707107 0.707107 0.000000
2451545.170725  1.0274612116e+00  1.000000 0.000000 0.000000  -0.707107 0.707107 0.000000
2451545.171392  1.0215722806e+00  1.000000 0.000000 0.000000  -0.707107 0.707107 0.000000
2451545.172059  1.0139843955e+00  1.000000 0.000000 0.000000  -0.707107 0.707107 0.000000
2451545.172726  1.0116714217e+00  1.000000 0.000000 0.000000  -0.707107 0.707107 0.000000
2451545.173393  1.0051568230e+00  1.000000 0.000000 0.000000  -0.707107 0.707107 0.000000
2451545.174060  9.9978123902e-01  1.000000 0.000000 0.000000  -0.707107 0.707107 0.000000
2451545.174727  9.9178733550e-01  1.000000 0.000000 0.000000  -0.707107 0.707107 0.000000
2451545.175394  9.8584182816e-01  1.000000 0.000000 0.000000  -0.707107 0.707107 0.000000
2451545.176061  9.8427017082e-01  1.000000 0.000000 0.000000  -0.707107 0.707107 0.000000
2451545.176727  9.7427196739e-01  1.000000 0.000000 0.000000  -0.707107 0.707107 0.000000
2451545.177394  9.7715819254e-01  1.000000 0.000000 0.000000  -0.707107 0.707107 0.000000
2451545.178061  9.6968678813e-01  1.000000 0.000000 0.000000  -0.707107 0.707107 0.000000
2451545.178728  9.5806534305e-01  1.000000 0.000000 0.000000  -0.707107 0.707107 0.000000
2451545.179395  9.4150095659e-01  1.000000 0.000000 0.000000  -0.707107 0.707107 0.000000
2451545.180062  9.4096015337e-01  1.000000 0.000000 0.000000  -0.707107 0.707107 0.000000
2451545.180729  9.3338807636e-01  1.000000 0.000000 0.000000  -0.707107 0.707107 0.000000
2451545.181396  9.2901339436e-01  1.000000 0.000000 0.000000  -0.707107 0.707107 0.000000
2451545.182063  9.2934952435e-01  1.000000 0.000000 0.000000  -0.707107 0.707107 0.000000
2451545.182729  9.2967317428e-01  1.000000 0.000000 0.000000  -0.707107 0.707107 0.000000
2451545.183396  9.3254691936e-01  1.000000 0.000000 0.000000  -0.707107 0.707107 0.000000
2451545.184063  9.3817293680e-01  1.000000 0.000000 0.000000  -0.707107 0.707107 0.000000
2451545.184730  9.4597464718e-01  1.000000 0.000000 0.000000  -0.707107 0.707107 0.000000
2451545.185397  9.5367152493e-01  1.000000 0.000000 0.000000  -0.707107 0.707107 0.000000
2451545.186064  9.6554007548e-01  1.000000 0.000000 0.000000  -0.707107 0.707107 0.000000
2451545.186731  9.7866578551e-01  1.000000 0.000000 0.000000  -0.707107 0.707107 0.000000
2451545.187398  1.0045195072e+00  1.000000 0.000000 0.000000  -0.707107 0.707107 0.000000
2451545.188065  1.0114675805e+00  1.000000 0.000000 0.000000  -0.707107 0.707107 0.000000
2451545.188732  1.0200896477e+00  1.000000 0.000000 0.000000  -0.707107 0.707107 0.000000
2451545.189398  1.0454774467e+00  1.000000 0.000000 0.000000  -0.707107 0.707107 0.000000
2451545.190065  1.0542068425e+00  1.000000 0.000000 0.000000  -0.707107 0.707107 0.000000
2451545.190732  1.0602047662e+00  1.000000 0.000000 0.000000  -0.707107 0.707107 0.000000
2451545.191399  1.0628147657e+00  1.000000 0.000000 0.000000  -0.707107 0.707107 0.000000
2451545.192066  1.0674789854e+00  1.000000 0.000000 0.000000  -0.707107 0.707107 0.000000
2451545.192733  1.0830524540e+00  1.000000 0.000000 0.000000  -0.707107 0.707107 0.000000
2451545.193400  1.0863072574e+00  1.000000 0.000000 0.000000  -0.707107 0.707107 0.000000
2451545.194067  1.0926895673e+00  1.000000 0.000000 0.000000  -0.707107 0.707107 0.000000
2451545.194734  1.0879879074e+00  1.000000 0.000000 0.000000  -0.707107 0.707107 0.000000
2451545.195400  1.0968654001e+00  1.000000 0.000000 0.000000  -0.707107 0.707107 0.000000
2451545.196067  1.0994521035e+00  1.000000 0.000000 0.000000  -0.707107 0.707107 0.000000
2451545.196734  1.1054466991e+00  1.000000 0.000000 0.000000  -0.707107 0.707107 0.000000
2451545.197401  1.1059633742e+00  1.000000 0.000000 0.000000  -0.707107 0.707107 0.000000
2451545.198068  1.1053626666e+00  1.000000 0.000000 0.000000  -0.707107 0.707107 0.000000
2451545.198735  1.1097123885e+00  1.000000 0.000000 0.000000  -0.707107 0.707107 0.000000
2451545.199402  1.1057944772e+00  1.000000 0.000000 0.000000  -0.707107 0.707107 0.000000
2451545.200069  1.0995378000e+00  1.000000 0.000000 0.000000  -0.707107 0.707107 0.000000
2451545.200736  1.1005370379e+00  1.000000 0.000000 0.000000  -0.707107 0.707107 0.000000
2451545.201403  1.0965991585e+00  1.000000 0.000000 0.000000  -0.707107 0.707107 0.000000
2451545.202069  1.0899273109e+00  1.000000 0.000000 0.000000  -0.707107 0.707107 0.000000
2451545.202736  1.0770861465e+00  1.000000 0.000000 0.000000  -0.707107 0.707107 0.000000
2451545.203403  1.0677577071e+00  1.000000 0.000000 0.000000  -0.707107 0.707107 0.000000
2451545.204070  1.0586630610e+00  1.000000 0.000000 0.000000  -0.707107 0.707107 0.000000
2451545.204737  1.0515153065e+00  1.000000 0.000000 0.000000  -0.707107 0.707107 0.000000
2451545.205404  1.0439815018e+00  1.000000 0.000000 0.000000  -0.707107 0.707107 0.000000
2451545.206071  1.0282607683e+00  1.000000 0.000000 0.000000  -0.707107 0.707107 0.000000
2451545.206738  1.0085397551e+00  1.000000 0.000000 0.000000  -0.707107 0.707107 0.000000
2451545.207405  9.9748324136e-01  1.000000 0.000000 0.000000  -0.707107 0.707107 0.000000
2451545.208072  9.8454390045e-01  1.000000 0.000000 0.000000  -0.707107 0.707107 0.000000
2451545.208738  9.7937049369e-01  1.000000 0.000000 0.000000  -0.707107 0.707107 0.000000
2451545.209405  9.6574391669e-01  1.000000 0.000000 0.000000  -0.707107 0.707107 0.000000
2451545.210072  9.6322626973e-01  1.000000 0.000000 0.000000  -0.707107 0.707107 0.000000
2451545.210739  9.5855872198e-01  1.000000 0.000000 0.000000  -0.707107 0.707107 0.000000
2451545.211406  9.5989408992e-01  1.000000 0.000000 0.000000  -0.707107 0.707107 0.000000
2451545.212073  9.7217032289e-01  1.000000 0.000000 0.000000  -0.707107 0.707107 0.000000
2451545.212740  9.8440828364e-01  1.000000 0.000000 0.000000  -0.707107 0.707107 0.000000
2451545.213407  9.9087712209e-01  1.000000 0.000000 0.000000  -0.707107 0.707107 0.000000
2451545.214074  1.0025601355e+00  1.000000 0.000000 0.000000  -0.707107 0.707107 0.000000
2451545.214740  1.0071977311e+00  1.000000 0.000000 0.000000  -0.707107 0.707107 0.000000
2451545.215407  1.0112063309e+00  1.000000 0.000000 0.000000  -0.707107 0.707107 0.000000
2451545.216074  1.0194065717e+00  1.000000 0.000000 0.000000  -0.707107 0.707107 0.000000
2451545.216741  1.0274986518e+00  1.000000 0.000000 0.000000  -0.707107 0.707107 0.000000
2451545.217408  1.0312260339e+00  1.000000 0.000000 0.000000  -0.707107 0.707107 0.000000
2451545.218075  1.0257514414e+00  1.000000 0.000000 0.000000  -0.707107 0.707107 0.000000
2451545.218742  1.0244709858e+00  1.000000 0.000000 0.000000  -0.707107 0.707107 0.000000
2451545.219409  1.0248379000e+00  1.000000 0.000000 0.000000  -0.707107 0.707107 0.000000
2451545.220076  1.0362563358e+00  1.000000 0.000000 0.000000  -0.707107 0.707107 0.000000
2451545.220743  1.0457328722e+00  1.000000 0.000000 0.000000  -0.707107 0.707107 0.000000
2451545.221409  1.0398988535e+00  1.000000 0.000000 0.000000  -0.707107 0.707107 0.000000
2451545.222076  1.0237055412e+00  1.000000 0.000000 0.000000  -0.707107 0.707107 0.000000
2451545.222743  1.0220822996e+00  1.000000 0.000000 0.000000  -0.707107 0.707107 0.000000
2451545.223410  1.0257830576e+00  1.000000 0.000000 0.000000  -0.707107 0.707107 0.000000
2451545.224077  1.0294779915e+00  1.000000 0.000000 0.000000  -0.707107 0.707107 0.000000
2451545.224744  1.0269778167e+00  1.000000 0.000000 0.000000  -0.707107 0.707107 0.000000
2451545.225411  1.0216571451e+00  1.000000 0.000000 0.000000  -0.707107 0.707107 0.000000
2451545.226078  1.0161334642e+00  1.000000 0.000000 0.000000  -0.707107 0.707107 0.000000
2451545.226745  1.0112196430e+00  1.000000 0.000000 0.000000  -0.707107 0.707107 0.000000
2451545.227411  1.0057791627e+00  1.000000 0.000000 0.000000  -0.707107 0.707107 0.000000
2451545.228078  9.9436072680e-01  1.000000 0.000000 0.000000  -0.707107 0.707107 0.000000
2451545.228745  9.8851672406e-01  1.000000 0.000000 0.000000  -0.707107 0.707107 0.000000
2451545.229412  9.8349307820e-01  1.000000 0.000000 0.000000  -0.707107 0.707107 0.000000
2451545.230079  9.6980909286e-01  1.000000 0.000000 0.000000  -0.707107 0.707107 0.000000
2451545.230746  9.6824908359e-01  1.000000 0.000000 0.000000  -0.707107 0.707107 0.000000
2451545.231413  9.6261058607e-01  1.000000 0.000000 0.000000  -0.707107 0.707107 0.000000
2451545.232080  9.6872083039e-01  1.000000 0.000000 0.000000  -0.707107 0.707107 0.000000
2451545.232747  9.5723833013e-01  1.000000 0.000000 0.000000  -0.707107 0.707107 0.000000
2451545.233414  9.4934509921e-01  1.000000 0.000000 0.000000  -0.707107 0.707107 0.000000
2451545.234080  9.3110006276e-01  1.000000 0.000000 0.000000  -0.707107 0.707107 0.000000
2451545.234747  9.2586175962e-01  1.000000 0.000000 0.000000  -0.707107 0.707107 0.000000
2451545.235414  9.1563225881e-01  1.000000 0.000000 0.000000  -0.707107 0.707107 0.000000
2451545.236081  9.0358399520e-01  1.000000 0.000000 0.000000  -0.707107 0.707107 0.000000
2451545.236748  8.8957303191e-01  1.000000 0.000000 0.000000  -0.707107 0.707107 0.000000
2451545.237415  8.7552962043e-01  1.000000 0.000000 0.000000  -0.707107 0.707107 0.000000
2451545.238082  8.4787211203e-01  1.000000 0.000000 0.000000  -0.707107 0.707107 0.000000
2451545.238749  8.3105396405e-01  1.000000 0.000000 0.000000  -0.707107 0.707107 0.000000
2451545.239416  8.0545649989e-01  1.000000 0.000000 0.000000  -0.707107 0.707107 0.000000
360  1
2451545.000000  9.8430143545e-01  1.000000 0.000000 0.000000  -0.000000 0.000000 1.000000
2451545.000667  1.0028376801e+00  1.000000 0.000000 0.000000  -0.000000 0.000000 1.000000
2451545.001334  1.0234829352e+00  1.000000 0.000000 0.000000  -0.000000 0.000000 1.000000
2451545.002001  1.0516590828e+00  1.000000 0.000000 0.000000  -0.000000 0.000000 1.000000
2451545.002668  1.0690236550e+00  1.000000 0.000000 0.000000  -0.000000 0.000000 1.000000
2451545.003334  1.0844884439e+00  1.000000 0.000000 0.000000  -0.000000 0.000000 1.000000
2451545.004001  1.1101062254e+00  1.000000 0.000000 0.000000  -0.000000 0.000000 1.000000
2451545.004668  1.1245699426e+00  1.000000 0.000000 0.000000  -0.000000 0.000000 1.000000
2451545.005335  1.1392731444e+00  1.000000 0.000000 0.000000  -0.000000 0.000000 1.000000
2451545.006002  1.1591999454e+00  1.000000 0.000000 0.000000  -0.000000 0.000000 1.000000
2451545.006669  1.1709366271e+00  1.000000 0.000000 0.000000  -0.000000 0.000000 1.000000
2451545.007336  1.1888722286e+00  1.000000 0.000000 0.000000  -0.000000 0.000000 1.000000
2451545.008003  1.2073209197e+00  1.000000 0.000000 0.000000  -0.000000 0.000000 1.000000
2451545.008670  1.2203676857e+00  1.000000 0.000000 0.000000  -0.000000 0.000000 1.000000
2451545.009337  1.2314200335e+00  1.000000 0.000000 0.000000  -0.000000 0.000000 1.000000
2451545.010003  1.2408307522e+00  1.000000 0.000000 0.000000  -0.000000 0.000000 1.000000
2451545.010670  1.2585976844e+00  1.000000 0.000000 0.000000  -0.000000 0.000000 1.000000
2451545.011337  1.2708699878e+00  1.000000 0.000000 0.000000  -0.000000 0.000000 1.000000
2451545.012004  1.2966937776e+00  1.000000 0.000000 0.000000  -0.000000 0.000000 1.000000
2451545.012671  1.3042414084e+00  1.000000 0.000000 0.000000  -0.000000 0.000000 1.000000
2451545.013338  1.3177993326e+00  1.000000 0.000000 0.000000  -0.000000 0.000000 1.000000
2451545.014005  1.3250540452e+00  1.000000 0.000000 0.000000  -0.000000 0.000000 1.000000
2451545.014672  1.3333536064e+00  1.000000 0.000000 0.000000  -0.000000 0.000000 1.000000
2451545.015339  1.3346688409e+00  1.000000 0.000000 0.000000  -0.000000 0.000000 1.000000
2451545.016006  1.3451044512e+00  1.000000 0.000000 0.000000  -0.000000 0.000000 1.000000
2451545.016672  1.3487656057e+00  1.000000 0.000000 0.000000  -0.000000 0.000000 1.000000
2451545.017339  1.3487044470e+00  1.000000 0.000000 0.000000  -0.000000 0.000000 1.000000
2451545.018006  1.3510664614e+00  1.000000 0.000000 0.000000  -0.000000 0.000000 1.000000
2451545.018673  1.3530550858e+00  1.000000 0.000000 0.000000  -0.000000 0.000000 1.000000
2451545.019340  1.3571913471e+00  1.000000 0.000000 0.000000  -0.000000 0.000000 1.000000
2451545.020007  1.3544791184e+00  1.000000 0.000000 0.000000  -0.000000 0.000000 1.000000
2451545.020674  1.3532823387e+00  1.000000 0.000000 0.000000  -0.000000 0.000000 1.000000
2451545.021341  1.3501291235e+00  1.000000 0.000000 0.000000  -0.000000 0.000000 1.000000
2451545.022008  1.3397134703e+00  1.000000 0.000000 0.000000  -0.000000 0.000000 1.000000
2451545.022674  1.3398641139e+00  1.000000 0.000000 0.000000  -0.000000 0.000000 1.000000
2451545.023341  1.3326467403e+00  1.000000 0.000000 0.000000  -0.000000 0.000000 1.000000
2451545.024008  1.3279040419e+00  1.000000 0.000000 0.000000  -0.000000 0.000000 1.000000
2451545.024675  1.3169276598e+00  1.000000 0.000000 0.000000  -0.000000 0.000000 1.000000
2451545.025342  1.2926270441e+00  1.000000 0.000000 0.000000  -0.000000 0.000000 1.000000
2451545.026009  1.2748839316e+00  1.000000 0.000000 0.000000  -0.000000 0.000000 1.000000
2451545.026676  1.2552893191e+00  1.000000 0.000000 0.000000  -0.000000 0.000000 1.000000
2451545.027343  1.2182168299e+00  1.000000 0.000000 0.000000  -0.000000 0.000000 1.000000
2451545.028010  1.1826314633e+00  1.000000 0.000000 0.000000  -0.000000 0.000000 1.000000
2451545.028677  1.1505166936e+00  1.000000 0.000000 0.000000  -0.000000 0.000000 1.000000
2451545.029343  1.0989946503e+00  1.000000 0.000000 0.000000  -0.000000 0.000000 1.000000
2451545.030010  1.0658620706e+00  1.000000 0.000000 0.000000  -0.000000 0.000000 1.000000
2451545.030677  1.0296767048e+00  1.000000 0.000000 0.000000  -0.000000 0.000000 1.000000
2451545.031344  9.8597460948e-01  1.000000 0.000000 0.000000  -0.000000 0.000000 1.000000
2451545.032011  9.5834824662e-01  1.000000 0.000000 0.000000  -0.000000 0.000000 1.000000
2451545.032678  9.3075214123e-01  1.000000 0.000000 0.000000  -0.000000 0.000000 1.000000
2451545.033345  8.9770260868e-01  1.000000 0.000000 0.000000  -0.000000 0.000000 1.000000
2451545.034012  8.7393053320e-01  1.000000 0.000000 0.000000  -0.000000 0.000000 1.000000
2451545.034679  8.5410029865e-01  1.000000 0.000000 0.000000  -0.000000 0.000000 1.000000
2451545.035345  8.2627694031e-01  1.000000 0.000000 0.000000  -0.000000 0.000000 1.000000
2451545.036012  8.1039820333e-01  1.000000 0.000000 0.000000  -0.000000 0.000000 1.000000
2451545.036679  7.9306066975e-01  1.000000 0.000000 0.000000  -0.000000 0.000000 1.000000
2451545.037346  7.6144547031e-01  1.000000 0.000000 0.000000  -0.000000 0.000000 1.000000
2451545.038013  7.4862981991e-01  1.000000 0.000000 0.000000  -0.000000 0.000000 1.000000
2451545.038680  7.3134571975e-01  1.000000 0.000000 0.000000  -0.000000 0.000000 1.000000
2451545.039347  7.1629809769e-01  1.000000 0.000000 0.000000  -0.000000 0.000000 1.000000
2451545.040014  7.0166442364e-01  1.000000 0.000000 0.000000  -0.000000 0.000000 1.000000
2451545.040681  6.8795649960e-01  1.000000 0.000000 0.000000  -0.000000 0.000000 1.000000
2451545.041348  6.6362948914e-01  1.000000 0.000000 0.000000  -0.000000 0.000000 1.000000
2451545.042014  6.4894366923e-01  1.000000 0.000000 0.000000  -0.000000 0.000000 1.000000
2451545.042681  6.3574625962e-01  1.000000 0.000000 0.000000  -0.000000 0.000000 1.000000
2451545.043348  6.2026408871e-01  1.000000 0.000000 0.000000  -0.000000 0.000000 1.000000
2451545.044015  6.1100787625e-01  1.000000 0.000000 0.000000  -0.000000 0.000000 1.000000
2451545.044682  6.0078728722e-01  1.000000 0.000000 0.000000  -0.000000 0.000000 1.000000
2451545.045349  5.8423644802e-01  1.000000 0.000000 0.000000  -0.000000 0.000000 1.000000
2451545.046016  5.7780319366e-01  1.000000 0.000000 0.000000  -0.000000 0.000000 1.000000
2451545.046683  5.7111886664e-01  1.000000 0.000000 0.000000  -0.000000 0.000000 1.000000
2451545.047350  5.5935836523e-01  1.000000 0.000000 0.000000  -0.000000 0.000000 1.000000
2451545.048017  5.5314721363e-01  1.000000 0.000000 0.000000  -0.000000 0.000000 1.000000
2451545.048683  5.4524421849e-01  1.000000 0.000000 0.000000  -0.000000 0.000000 1.000000
2451545.049350  5.3812212373e-01  1.000000 0.000000 0.000000  -0.000000 0.000000 1.000000
2451545.050017  5.3860431201e-01  1.000000 0.000000 0.000000  -0.000000 0.000000 1.000000
2451545.050684  5.3782148030e-01  1.000000 0.000000 0.000000  -0.000000 0.000000 1.000000
2451545.051351  5.3593070996e-01  1.000000 0.000000 0.000000  -0.000000 0.000000 1.000000
2451545.052018  5.3544787790e-01  1.000000 0.000000 0.000000  -0.000000 0.000000 1.000000
2451545.052685  5.2950453714e-01  1.000000 0.000000 0.000000  -0.000000 0.000000 1.000000
2451545.053352  5.3249487702e-01  1.000000 0.000000 0.000000  -0.000000 0.000000 1.000000
2451545.054019  5.2935260598e-01  1.000000 0.000000 0.000000  -0.000000 0.000000 1.000000
2451545.054685  5.3302663606e-01  1.000000 0.000000 0.000000  -0.000000 0.000000 1.000000
2451545.055352  5.3141204566e-01  1.000000 0.000000 0.000000  -0.000000 0.000000 1.000000
2451545.056019  5.4091224925e-01  1.000000 0.000000 0.000000  -0.000000 0.000000 1.000000
2451545.056686  5.5575772563e-01  1.000000 0.000000 0.000000  -0.000000 0.000000 1.000000
2451545.057353  5.7523838977e-01  1.000000 0.000000 0.000000  -0.000000 0.000000 1.000000
2451545.058020  5.9325446333e-01  1.000000 0.000000 0.000000  -0.000000 0.000000 1.000000
2451545.058687  6.3174841017e-01  1.000000 0.000000 0.000000  -0.000000 0.000000 1.000000
2451545.059354  6.5894408684e-01  1.000000 0.000000 0.000000  -0.000000 0.000000 1.000000
2451545.060021  6.8671143666e-01  1.000000 0.000000 0.000000  -0.000000 0.000000 1.000000
2451545.060688  7.2057598973e-01  1.000000 0.000000 0.000000  -0.000000 0.000000 1.000000
2451545.061354  7.4439055443e-01  1.000000 0.000000 0.000000  -0.000000 0.000000 1.000000
2451545.062021  7.7122056629e-01  1.000000 0.000000 0.000000  -0.000000 0.000000 1.000000
2451545.062688  8.0608232850e-01  1.000000 0.000000 0.000000  -0.000000 0.000000 1.000000
2451545.063355  8.2820247456e-01  1.000000 0.000000 0.000000  -0.000000 0.000000 1.000000
2451545.064022  8.4542219711e-01  1.000000 0.000000 0.000000  -0.000000 0.000000 1.000000
2451545.064689  8.5945394052e-01  1.000000 0.000000 0.000000  -0.000000 0.000000 1.000000
2451545.065356  8.7882709406e-01  1.000000 0.000000 0.000000  -0.000000 0.000000 1.000000
2451545.066023  8.9139617822e-01  1.000000 0.000000 0.000000  -0.000000 0.000000 1.000000
2451545.066690  9.1683177108e-01  1.000000 0.000000 0.000000  -0.000000 0.000000 1.000000
2451545.067356  9.2659334776e-01  1.000000 0.000000 0.000000  -0.000000 0.000000 1.000000
2451545.068023  9.3740041680e-01  1.000000 0.000000 0.000000  -0.000000 0.000000 1.000000
2451545.068690  9.5384245784e-01  1.000000 0.000000 0.000000  -0.000000 0.000000 1.000000
2451545.069357  9.6519802410e-01  1.000000 0.000000 0.000000  -0.000000 0.000000 1.000000
2451545.070024  9.7510509417e-01  1.000000 0.000000 0.000000  -0.000000 0.000000 1.000000
2451545.070691  9.9311859263e-01  1.000000 0.000000 0.000000  -0.000000 0.000000 1.000000
2451545.071358  1.0094885308e+00  1.000000 0.000000 0.000000  -0.000000 0.000000 1.000000
2451545.072025  1.0325633967e+00  1.000000 0.000000 0.000000  -0.000000 0.000000 1.000000
2451545.072692  1.0523067215e+00  1.000000 0.000000 0.000000  -0.000000 0.000000 1.000000
2451545.073359  1.0671161464e+00  1.000000 0.000000 0.000000  -0.000000 0.000000 1.000000
2451545.074025  1.0852777134e+00  1.000000 0.000000 0.000000  -0.000000 0.000000 1.000000
2451545.074692  1.0972603175e+00  1.000000 0.000000 0.000000  -0.000000 0.000000 1.000000
2451545.075359  1.1095075137e+00  1.000000 0.000000 0.000000  -0.000000 0.000000 1.000000
2451545.076026  1.1305448284e+00  1.000000 0.000000 0.000000  -0.000000 0.000000 1.000000
2451545.076693  1.1395177793e+00  1.000000 0.000000 0.000000  -0.000000 0.000000 1.000000
2451545.077360  1.1483986703e+00  1.000000 0.000000 0.000000  -0.000000 0.000000 1.000000
2451545.078027  1.1710647385e+00  1.000000 0.000000 0.000000  -0.000000 0.000000 1.000000
2451545.078694  1.1738973533e+00  1.000000 0.000000 0.000000  -0.000000 0.000000 1.000000
2451545.079361  1.1820205198e+00  1.000000 0.000000 0.000000  -0.000000 0.000000 1.000000
2451545.080028  1.1786941288e+00  1.000000 0.000000 0.000000  -0.000000 0.000000 1.000000
2451545.080694  1.1905634284e+00  1.000000 0.000000 0.000000  -0.000000 0.000000 1.000000
2451545.081361  1.1903883213e+00  1.000000 0.000000 0.000000  -0.000000 0.000000 1.000000
2451545.082028  1.2054636257e+00  1.000000 0.000000 0.000000  -0.000000 0.000000 1.000000
2451545.082695  1.2038374474e+00  1.000000 0.000000 0.000000  -0.000000 0.000000 1.000000
2451545.083362  1.2094080418e+00  1.000000 0.000000 0.000000  -0.000000 0.000000 1.000000
2451545.084029  1.2133460200e+00  1.000000 0.000000 0.000000  -0.000000 0.000000 1.000000
2451545.084696  1.2042507516e+00  1.000000 0.000000 0.000000  -0.000000 0.000000 1.000000
2451545.085363  1.2018584797e+00  1.000000 0.000000 0.000000  -0.000000 0.000000 1.000000
2451545.086030  1.2046511803e+00  1.000000 0.000000 0.000000  -0.000000 0.000000 1.000000
2451545.086696  1.1999992544e+00  1.000000 0.000000 0.000000  -0.000000 0.000000 1.000000
2451545.087363  1.2011335878e+00  1.000000 0.000000 0.000000  -0.000000 0.000000 1.000000
2451545.088030  1.1937295192e+00  1.000000 0.000000 0.000000  -0.000000 0.000000 1.000000
2451545.088697  1.1826861843e+00  1.000000 0.000000 0.000000  -0.000000 0.000000 1.000000
2451545.089364  1.1744336187e+00  1.000000 0.000000 0.000000  -0.000000 0.000000 1.000000
2451545.090031  1.1575821361e+00  1.000000 0.000000 0.000000  -0.000000 0.000000 1.000000
2451545.090698  1.1410795801e+00  1.000000 0.000000 0.000000  -0.000000 0.000000 1.000000
2451545.091365  1.1308976177e+00  1.000000 0.000000 0.000000  -0.000000 0.000000 1.000000
2451545.092032  1.1196559998e+00  1.000000 0.000000 0.000000  -0.000000 0.000000 1.000000
2451545.092699  1.1114015029e+00  1.000000 0.000000 0.000000  -0.000000 0.000000 1.000000
2451545.093365  1.1070624521e+00  1.000000 0.000000 0.000000  -0.000000 0.000000 1.000000
2451545.094032  1.0913272772e+00  1.000000 0.000000 0.000000  -0.000000 0.000000 1.000000
2451545.094699  1.0796968186e+00  1.000000 0.000000 0.000000  -0.000000 0.000000 1.000000
2451545.095366  1.0666043445e+00  1.000000 0.000000 0.000000  -0.000000 0.000000 1.000000
2451545.096033  1.0418962186e+00  1.000000 0.000000 0.000000  -0.000000 0.000000 1.000000
2451545.096700  1.0253176970e+00  1.000000 0.000000 0.000000  -0.000000 0.000000 1.000000
2451545.097367  1.0070763018e+00  1.000000 0.000000 0.000000  -0.000000 0.000000 1.000000
2451545.098034  9.8644070336e-01  1.000000 0.000000 0.000000  -0.000000 0.000000 1.000000
2451545.098701  9.7586153106e-01  1.000000 0.000000 0.000000  -0.000000 0.000000 1.000000
2451545.099367  9.4673195106e-01  1.000000 0.000000 0.000000  -0.000000 0.000000 1.000000
2451545.100034  9.3385578571e-01  1.000000 0.000000 0.000000  -0.000000 0.000000 1.000000
2451545.100701  9.2276030499e-01  1.000000 0.000000 0.000000  -0.000000 0.000000 1.000000
2451545.101368  8.9969509565e-01  1.000000 0.000000 0.000000  -0.000000 0.000000 1.000000
2451545.102035  8.9023995638e-01  1.000000 0.000000 0.000000  -0.000000 0.000000 1.000000
2451545.102702  8.7806679451e-01  1.000000 0.000000 0.000000  -0.000000 0.000000 1.000000
2451545.103369  8.6587238803e-01  1.000000 0.000000 0.000000  -0.000000 0.000000 1.000000
2451545.104036  8.4837326666e-01  1.000000 0.000000 0.000000  -0.000000 0.000000 1.000000
2451545.104703  8.4033250343e-01  1.000000 0.000000 0.000000  -0.000000 0.000000 1.000000
2451545.105370  8.2206921986e-01  1.000000 0.000000 0.000000  -0.000000 0.000000 1.000000
2451545.106036  8.1292953087e-01  1.000000 0.000000 0.000000  -0.000000 0.000000 1.000000
2451545.106703  8.0042804320e-01  1.000000 0.000000 0.000000  -0.000000 0.000000 1.000000
2451545.107370  7.8094416018e-01  1.000000 0.000000 0.000000  -0.000000 0.000000 1.000000
2451545.108037  7.7142528708e-01  1.000000 0.000000 0.000000  -0.000000 0.000000 1.000000
2451545.108704  7.6043087921e-01  1.000000 0.000000 0.000000  -0.000000 0.000000 1.000000
2451545.109371  7.5163432287e-01  1.000000 0.000000 0.000000  -0.000000 0.000000 1.000000
2451545.110038  7.4037789813e-01  1.000000 0.000000 0.000000  -0.000000 0.000000 1.000000
2451545.110705  7.3375859249e-01  1.000000 0.000000 0.000000  -0.000000 0.000000 1.000000
2451545.111372  7.1708157318e-01  1.000000 0.000000 0.000000  -0.000000 0.000000 1.000000
2451545.112039  7.0950175363e-01  1.000000 0.000000 0.000000  -0.000000 0.000000 1.000000
2451545.112705  6.9831550048e-01  1.000000 0.000000 0.000000  -0.000000 0.000000 1.000000
2451545.113372  6.8337538903e-01  1.000000 0.000000 0.000000  -0.000000 0.000000 1.000000
2451545.114039  6.7421445543e-01  1.000000 0.000000 0.000000  -0.000000 0.000000 1.000000
2451545.114706  6.6788484902e-01  1.000000 0.000000 0.000000  -0.000000 0.000000 1.000000
2451545.115373  6.6027605955e-01  1.000000 0.000000 0.000000  -0.000000 0.000000 1.000000
2451545.116040  6.5290482345e-01  1.000000 0.000000 0.000000  -0.000000 0.000000 1.000000
2451545.116707  6.5275868628e-01  1.000000 0.000000 0.000000  -0.000000 0.000000 1.000000
2451545.117374  6.5344430780e-01  1.000000 0.000000 0.000000  -0.000000 0.000000 1.000000
2451545.118041  6.5564280311e-01  1.000000 0.000000 0.000000  -0.000000 0.000000 1.000000
2451545.118707  6.6059150983e-01  1.000000 0.000000 0.000000  -0.000000 0.000000 1.000000
2451545.119374  6.7441402601e-01  1.000000 0.000000 0.000000  -0.000000 0.000000 1.000000
2451545.120041  6.9299082854e-01  1.000000 0.000000 0.000000  -0.000000 0.000000 1.000000
2451545.120708  7.2649486700e-01  1.000000 0.000000 0.000000  -0.000000 0.000000 1.000000
2451545.121375  7.4629677540e-01  1.000000 0.000000 0.000000  -0.000000 0.000000 1.000000
2451545.122042  7.6869696406e-01  1.000000 0.000000 0.000000  -0.000000 0.000000 1.000000
2451545.122709  8.0529563413e-01  1.000000 0.000000 0.000000  -0.000000 0.000000 1.000000
2451545.123376  8.3993980002e-01  1.000000 0.000000 0.000000  -0.000000 0.000000 1.000000
2451545.124043  8.7016058048e-01  1.000000 0.000000 0.000000  -0.000000 0.000000 1.000000
2451545.124710  9.2192919007e-01  1.000000 0.000000 0.000000  -0.000000 0.000000 1.000000
2451545.125376  9.4950920106e-01  1.000000 0.000000 0.000000  -0.000000 0.000000 1.000000
2451545.126043  9.8235723170e-01  1.000000 0.000000 0.000000  -0.000000 0.000000 1.000000
2451545.126710  1.0243005308e+00  1.000000 0.000000 0.000000  -0.000000 0.000000 1.000000
2451545.127377  1.0443593058e+00  1.000000 0.000000 0.000000  -0.000000 0.000000 1.000000
2451545.128044  1.0639539183e+00  1.000000 0.000000 0.000000  -0.000000 0.000000 1.000000
2451545.128711  1.0878541053e+00  1.000000 0.000000 0.000000  -0.000000 0.000000 1.000000
2451545.129378  1.1049560168e+00  1.000000 0.000000 0.000000  -0.000000 0.000000 1.000000
2451545.130045  1.1137236032e+00  1.000000 0.000000 0.000000  -0.000000 0.000000 1.000000
2451545.130712  1.1325443969e+00  1.000000 0.000000 0.000000  -0.000000 0.000000 1.000000
2451545.131378  1.1408542585e+00  1.000000 0.000000 0.000000  -0.000000 0.000000 1.000000
2451545.132045  1.1497171238e+00  1.000000 0.000000 0.000000  -0.000000 0.000000 1.000000
2451545.132712  1.1668409237e+00  1.000000 0.000000 0.000000  -0.000000 0.000000 1.000000
2451545.133379  1.1725125909e+00  1.000000 0.000000 0.000000  -0.000000 0.000000 1.000000
2451545.134046  1.1823276010e+00  1.000000 0.000000 0.000000  -0.000000 0.000000 1.000000
2451545.134713  1.1792722398e+00  1.000000 0.000000 0.000000  -0.000000 0.000000 1.000000
2451545.135380  1.1891767347e+00  1.000000 0.000000 0.000000  -0.000000 0.000000 1.000000
2451545.136047  1.1897979786e+00  1.000000 0.000000 0.000000  -0.000000 0.000000 1.000000
2451545.136714  1.1974016179e+00  1.000000 0.000000 0.000000  -0.000000 0.000000 1.000000
2451545.137381  1.2037196363e+00  1.000000 0.000000 0.000000  -0.000000 0.000000 1.000000
2451545.138047  1.2082254251e+00  1.000000 0.000000 0.000000  -0.000000 0.000000 1.000000
2451545.138714  1.2002419580e+00  1.000000 0.000000 0.000000  -0.000000 0.000000 1.000000
2451545.139381  1.1985687839e+00  1.000000 0.000000 0.000000  -0.000000 0.000000 1.000000
2451545.140048  1.1963091299e+00  1.000000 0.000000 0.000000  -0.000000 0.000000 1.000000
2451545.140715  1.1991526888e+00  1.000000 0.000000 0.000000  -0.000000 0.000000 1.000000
2451545.141382  1.1946874580e+00  1.000000 0.000000 0.000000  -0.000000 0.000000 1.000000
2451545.142049  1.1877224446e+00  1.000000 0.000000 0.000000  -0.000000 0.000000 1.000000
2451545.142716  1.1837593590e+00  1.000000 0.000000 0.000000  -0.000000 0.000000 1.000000
2451545.143383  1.1852979838e+00  1.000000 0.000000 0.000000  -0.000000 0.000000 1.000000
2451545.144050  1.1849876838e+00  1.000000 0.000000 0.000000  -0.000000 0.000000 1.000000
2451545.144716  1.1827061414e+00  1.000000 0.000000 0.000000  -0.000000 0.000000 1.000000
2451545.145383  1.1791975617e+00  1.000000 0.000000 0.000000  -0.000000 0.000000 1.000000
2451545.146050  1.1719924199e+00  1.000000 0.000000 0.000000  -0.000000 0.000000 1.000000
2451545.146717  1.1708355542e+00  1.000000 0.000000 0.000000  -0.000000 0.000000 1.000000
2451545.147384  1.1683228962e+00  1.000000 0.000000 0.000000  -0.000000 0.000000 1.000000
2451545.148051  1.1602744077e+00  1.000000 0.000000 0.000000  -0.000000 0.000000 1.000000
2451545.148718  1.1565276309e+00  1.000000 0.000000 0.000000  -0.000000 0.000000 1.000000
2451545.149385  1.1479660528e+00  1.000000 0.000000 0.000000  -0.000000 0.000000 1.000000
2451545.150052  1.1309343129e+00  1.000000 0.000000 0.000000  -0.000000 0.000000 1.000000
2451545.150718  1.1333928937e+00  1.000000 0.000000 0.000000  -0.000000 0.000000 1.000000
2451545.151385  1.1308010512e+00  1.000000 0.000000 0.000000  -0.000000 0.000000 1.000000
2451545.152052  1.1440499629e+00  1.000000 0.000000 0.000000  -0.000000 0.000000 1.000000
2451545.152719  1.1428184193e+00  1.000000 0.000000 0.000000  -0.000000 0.000000 1.000000
2451545.153386  1.1467486723e+00  1.000000 0.000000 0.000000  -0.000000 0.000000 1.000000
2451545.154053  1.1411697088e+00  1.000000 0.000000 0.000000  -0.000000 0.000000 1.000000
2451545.154720  1.1449396615e+00  1.000000 0.000000 0.000000  -0.000000 0.000000 1.000000
2451545.155387  1.1362325900e+00  1.000000 0.000000 0.000000  -0.000000 0.000000 1.000000
2451545.156054  1.1309072743e+00  1.000000 0.000000 0.000000  -0.000000 0.000000 1.000000
2451545.156721  1.1323338821e+00  1.000000 0.000000 0.000000  -0.000000 0.000000 1.000000
2451545.157387  1.1232051373e+00  1.000000 0.000000 0.000000  -0.000000 0.000000 1.000000
2451545.158054  1.1181057870e+00  1.000000 0.000000 0.000000  -0.000000 0.000000 1.000000
2451545.158721  1.1127135185e+00  1.000000 0.000000 0.000000  -0.000000 0.000000 1.000000
2451545.159388  1.1041126701e+00  1.000000 0.000000 0.000000  -0.000000 0.000000 1.000000
2451545.160055  1.0988942212e+00  1.000000 0.000000 0.000000  -0.000000 0.000000 1.000000
2451545.160722  1.0909628999e+00  1.000000 0.000000 0.000000  -0.000000 0.000000 1.000000
2451545.161389  1.0804204229e+00  1.000000 0.000000 0.000000  -0.000000 0.000000 1.000000
2451545.162056  1.0673498372e+00  1.000000 0.000000 0.000000  -0.000000 0.000000 1.000000
2451545.162723  1.0584116501e+00  1.000000 0.000000 0.000000  -0.000000 0.000000 1.000000
2451545.163389  1.0453693905e+00  1.000000 0.000000 0.000000  -0.000000 0.000000 1.000000
2451545.164056  1.0311232697e+00  1.000000 0.000000 0.000000  -0.000000 0.000000 1.000000
2451545.164723  1.0162314414e+00  1.000000 0.000000 0.000000  -0.000000 0.000000 1.000000
2451545.165390  1.0075887475e+00  1.000000 0.000000 0.000000  -0.000000 0.000000 1.000000
2451545.166057  9.8053985183e-01  1.000000 0.000000 0.000000  -0.000000 0.000000 1.000000
2451545.166724  9.6769909416e-01  1.000000 0.000000 0.000000  -0.000000 0.000000 1.000000
2451545.167391  9.5140512161e-01  1.000000 0.000000 0.000000  -0.000000 0.000000 1.000000
2451545.168058  9.3543754353e-01  1.000000 0.000000 0.000000  -0.000000 0.000000 1.000000
2451545.168725  9.2216996233e-01  1.000000 0.000000 0.000000  -0.000000 0.000000 1.000000
2451545.169392  8.9867277923e-01  1.000000 0.000000 0.000000  -0.000000 0.000000 1.000000
2451545.170058  8.7820005616e-01  1.000000 0.000000 0.000000  -0.000000 0.000000 1.000000
2451545.170725  8.6044020547e-01  1.000000 0.000000 0.000000  -0.000000 0.000000 1.000000
2451545.171392  8.4215310218e-01  1.000000 0.000000 0.000000  -0.000000 0.000000 1.000000
2451545.172059  8.3298959348e-01  1.000000 0.000000 0.000000  -0.000000 0.000000 1.000000
2451545.172726  8.2657500863e-01  1.000000 0.000000 0.000000  -0.000000 0.000000 1.000000
2451545.173393  8.1086944742e-01  1.000000 0.000000 0.000000  -0.000000 0.000000 1.000000
2451545.174060  8.0620335840e-01  1.000000 0.000000 0.000000  -0.000000 0.000000 1.000000
2451545.174727  8.0161452251e-01  1.000000 0.000000 0.000000  -0.000000 0.000000 1.000000
2451545.175394  7.9403727806e-01  1.000000 0.000000 0.000000  -0.000000 0.000000 1.000000
2451545.176061  7.9290165706e-01  1.000000 0.000000 0.000000  -0.000000 0.000000 1.000000
2451545.176727  7.9359114124e-01  1.000000 0.000000 0.000000  -0.000000 0.000000 1.000000
2451545.177394  7.9312118470e-01  1.000000 0.000000 0.000000  -0.000000 0.000000 1.000000
2451545.178061  7.9797654389e-01  1.000000 0.000000 0.000000  -0.000000 0.000000 1.000000
2451545.178728  8.0854477200e-01  1.000000 0.000000 0.000000  -0.000000 0.000000 1.000000
2451545.179395  8.3359731810e-01  1.000000 0.000000 0.000000  -0.000000 0.000000 1.000000
2451545.180062  8.4862369555e-01  1.000000 0.000000 0.000000  -0.000000 0.000000 1.000000
2451545.180729  8.6754942471e-01  1.000000 0.000000 0.000000  -0.000000 0.000000 1.000000
2451545.181396  8.9474638893e-01  1.000000 0.000000 0.000000  -0.000000 0.000000 1.000000
2451545.182063  9.1614743711e-01  1.000000 0.000000 0.000000  -0.000000 0.000000 1.000000
2451545.182729  9.4014612177e-01  1.000000 0.000000 0.000000  -0.000000 0.000000 1.000000
2451545.183396  9.7886152759e-01  1.000000 0.000000 0.000000  -0.000000 0.000000 1.000000
2451545.184063  1.0074284473e+00  1.000000 0.000000 0.000000  -0.000000 0.000000 1.000000
2451545.184730  1.0289003109e+00  1.000000 0.000000 0.000000  -0.000000 0.000000 1.000000
2451545.185397  1.0694305214e+00  1.000000 0.000000 0.000000  -0.000000 0.000000 1.000000
2451545.186064  1.0846307184e+00  1.000000 0.000000 0.000000  -0.000000 0.000000 1.000000
2451545.186731  1.1019457198e+00  1.000000 0.000000 0.000000  -0.000000 0.000000 1.000000
2451545.187398  1.1218319629e+00  1.000000 0.000000 0.000000  -0.000000 0.000000 1.000000
2451545.188065  1.1350074841e+00  1.000000 0.000000 0.000000  -0.000000 0.000000 1.000000
2451545.188732  1.1464119774e+00  1.000000 0.000000 0.000000  -0.000000 0.000000 1.000000
2451545.189398  1.1566241973e+00  1.000000 0.000000 0.000000  -0.000000 0.000000 1.000000
2451545.190065  1.1726355522e+00  1.000000 0.000000 0.000000  -0.000000 0.000000 1.000000
2451545.190732  1.1801625821e+00  1.000000 0.000000 0.000000  -0.000000 0.000000 1.000000
2451545.191399  1.1912020543e+00  1.000000 0.000000 0.000000  -0.000000 0.000000 1.000000
2451545.192066  1.1952675002e+00  1.000000 0.000000 0.000000  -0.000000 0.000000 1.000000
2451545.192733  1.1973147081e+00  1.000000 0.000000 0.000000  -0.000000 0.000000 1.000000
2451545.193400  1.2056805783e+00  1.000000 0.000000 0.000000  -0.000000 0.000000 1.000000
2451545.194067  1.2048668453e+00  1.000000 0.000000 0.000000  -0.000000 0.000000 1.000000
2451545.194734  1.2180024524e+00  1.000000 0.000000 0.000000  -0.000000 0.000000 1.000000
2451545.195400  1.2214357102e+00  1.000000 0.000000 0.000000  -0.000000 0.000000 1.000000
2451545.196067  1.2287168177e+00  1.000000 0.000000 0.000000  -0.000000 0.000000 1.000000
2451545.196734  1.2294700357e+00  1.000000 0.000000 0.000000  -0.000000 0.000000 1.000000
2451545.197401  1.2320071572e+00  1.000000 0.000000 0.000000  -0.000000 0.000000 1.000000
2451545.198068  1.2334601598e+00  1.000000 0.000000 0.000000  -0.000000 0.000000 1.000000
2451545.198735  1.2412253869e+00  1.000000 0.000000 0.000000  -0.000000 0.000000 1.000000
2451545.199402  1.2461399735e+00  1.000000 0.000000 0.000000  -0.000000 0.000000 1.000000
2451545.200069  1.2462873982e+00  1.000000 0.000000 0.000000  -0.000000 0.000000 1.000000
2451545.200736  1.2574807329e+00  1.000000 0.000000 0.000000  -0.000000 0.000000 1.000000
2451545.201403  1.2577891016e+00  1.000000 0.000000 0.000000  -0.000000 0.000000 1.000000
2451545.202069  1.2625581948e+00  1.000000 0.000000 0.000000  -0.000000 0.000000 1.000000
2451545.202736  1.2615294407e+00  1.000000 0.000000 0.000000  -0.000000 0.000000 1.000000
2451545.203403  1.2623830877e+00  1.000000 0.000000 0.000000  -0.000000 0.000000 1.000000
2451545.204070  1.2572425357e+00  1.000000 0.000000 0.000000  -0.000000 0.000000 1.000000
2451545.204737  1.2462159391e+00  1.000000 0.000000 0.000000  -0.000000 0.000000 1.000000
2451545.205404  1.2449631508e+00  1.000000 0.000000 0.000000  -0.000000 0.000000 1.000000
2451545.206071  1.2352987843e+00  1.000000 0.000000 0.000000  -0.000000 0.000000 1.000000
2451545.206738  1.2275998662e+00  1.000000 0.000000 0.000000  -0.000000 0.000000 1.000000
2451545.207405  1.2202138233e+00  1.000000 0.000000 0.000000  -0.000000 0.000000 1.000000
2451545.208072  1.1887924004e+00  1.000000 0.000000 0.000000  -0.000000 0.000000 1.000000
2451545.208738  1.1780316833e+00  1.000000 0.000000 0.000000  -0.000000 0.000000 1.000000
2451545.209405  1.1766913415e+00  1.000000 0.000000 0.000000  -0.000000 0.000000 1.000000
2451545.210072  1.1747452064e+00  1.000000 0.000000 0.000000  -0.000000 0.000000 1.000000
2451545.210739  1.1574385740e+00  1.000000 0.000000 0.000000  -0.000000 0.000000 1.000000
2451545.211406  1.1521647604e+00  1.000000 0.000000 0.000000  -0.000000 0.000000 1.000000
2451545.212073  1.1564574593e+00  1.000000 0.000000 0.000000  -0.000000 0.000000 1.000000
2451545.212740  1.1407937435e+00  1.000000 0.000000 0.000000  -0.000000 0.000000 1.000000
2451545.213407  1.1323834528e+00  1.000000 0.000000 0.000000  -0.000000 0.000000 1.000000
2451545.214074  1.1188976315e+00  1.000000 0.000000 0.000000  -0.000000 0.000000 1.000000
2451545.214740  1.1012349911e+00  1.000000 0.000000 0.000000  -0.000000 0.000000 1.000000
2451545.215407  1.0912358610e+00  1.000000 0.000000 0.000000  -0.000000 0.000000 1.000000
2451545.216074  1.0666230140e+00  1.000000 0.000000 0.000000  -0.000000 0.000000 1.000000
2451545.216741  1.0523479232e+00  1.000000 0.000000 0.000000  -0.000000 0.000000 1.000000
2451545.217408  1.0351809903e+00  1.000000 0.000000 0.000000  -0.000000 0.000000 1.000000
2451545.218075  1.0207217796e+00  1.000000 0.000000 0.000000  -0.000000 0.000000 1.000000
2451545.218742  1.0055351019e+00  1.000000 0.000000 0.000000  -0.000000 0.000000 1.000000
2451545.219409  9.9313339948e-01  1.000000 0.000000 0.000000  -0.000000 0.000000 1.000000
2451545.220076  9.6280703974e-01  1.000000 0.000000 0.000000  -0.000000 0.000000 1.000000
2451545.220743  9.4620984866e-01  1.000000 0.000000 0.000000  -0.000000 0.000000 1.000000
2451545.221409  9.3825663898e-01  1.000000 0.000000 0.000000  -0.000000 0.000000 1.000000
2451545.222076  9.2219571337e-01  1.000000 0.000000 0.000000  -0.000000 0.000000 1.000000
2451545.222743  9.0969680080e-01  1.000000 0.000000 0.000000  -0.000000 0.000000 1.000000
2451545.223410  8.9750303810e-01  1.000000 0.000000 0.000000  -0.000000 0.000000 1.000000
2451545.224077  8.7257989099e-01  1.000000 0.000000 0.000000  -0.000000 0.000000 1.000000
2451545.224744  8.6236187707e-01  1.000000 0.000000 0.000000  -0.000000 0.000000 1.000000
2451545.225411  8.4979021780e-01  1.000000 0.000000 0.000000  -0.000000 0.000000 1.000000
2451545.226078  8.4349795041e-01  1.000000 0.000000 0.000000  -0.000000 0.000000 1.000000
2451545.226745  8.3455268180e-01  1.000000 0.000000 0.000000  -0.000000 0.000000 1.000000
2451545.227411  8.2808208843e-01  1.000000 0.000000 0.000000  -0.000000 0.000000 1.000000
2451545.228078  8.2185419865e-01  1.000000 0.000000 0.000000  -0.000000 0.000000 1.000000
2451545.228745  8.2197458477e-01  1.000000 0.000000 0.000000  -0.000000 0.000000 1.000000
2451545.229412  8.1370463727e-01  1.000000 0.000000 0.000000  -0.000000 0.000000 1.000000
2451545.230079  8.1760205765e-01  1.000000 0.000000 0.000000  -0.000000 0.000000 1.000000
2451545.230746  8.2148917761e-01  1.000000 0.000000 0.000000  -0.000000 0.000000 1.000000
2451545.231413  8.2906642206e-01  1.000000 0.000000 0.000000  -0.000000 0.000000 1.000000
2451545.232080  8.2589196221e-01  1.000000 0.000000 0.000000  -0.000000 0.000000 1.000000
2451545.232747  8.3365783305e-01  1.000000 0.000000 0.000000  -0.000000 0.000000 1.000000
2451545.233414  8.3811726995e-01  1.000000 0.000000 0.000000  -0.000000 0.000000 1.000000
2451545.234080  8.5835952119e-01  1.000000 0.000000 0.000000  -0.000000 0.000000 1.000000
2451545.234747  8.6595929780e-01  1.000000 0.000000 0.000000  -0.000000 0.000000 1.000000
2451545.235414  8.7208868984e-01  1.000000 0.000000 0.000000  -0.000000 0.000000 1.000000
2451545.236081  8.7983653495e-01  1.000000 0.000000 0.000000  -0.000000 0.000000 1.000000
2451545.236748  8.9440840649e-01  1.000000 0.000000 0.000000  -0.000000 0.000000 1.000000
2451545.237415  9.0672770553e-01  1.000000 0.000000 0.000000  -0.000000 0.000000 1.000000
2451545.238082  9.3458389645e-01  1.000000 0.000000 0.000000  -0.000000 0.000000 1.000000
2451545.238749  9.5658494394e-01  1.000000 0.000000 0.000000  -0.000000 0.000000 1.000000
2451545.239416  9.7060445560e-01  1.000000 0.000000 0.000000  -0.000000 0.000000 1.000000
360  1
2451545.000000  1.0800441633e+00  1.000000 0.000000 0.000000  -0.000000 0.000000 -1.000000
2451545.000667  1.0538153676e+00  1.000000 0.000000 0.000000  -0.000000 0.000000 -1.000000
2451545.001334  1.0305354942e+00  1.000000 0.000000 0.000000  -0.000000 0.000000 -1.000000
2451545.002001  9.9914475295e-01  1.000000 0.000000 0.000000  -0.000000 0.000000 -1.000000
2451545.002668  9.7482066924e-01  1.000000 0.000000 0.000000  -0.000000 0.000000 -1.000000
2451545.003334  9.5908243328e-01  1.000000 0.000000 0.000000  -0.000000 0.000000 -1.000000
2451545.004001  9.2996648378e-01  1.000000 0.000000 0.000000  -0.000000 0.000000 -1.000000
2451545.004668  9.1773468590e-01  1.000000 0.000000 0.000000  -0.000000 0.000000 -1.000000
2451545.005335  8.9793782109e-01  1.000000 0.000000 0.000000  -0.000000 0.000000 -1.000000
2451545.006002  8.7090496737e-01  1.000000 0.000000 0.000000  -0.000000 0.000000 -1.000000
2451545.006669  8.5871204117e-01  1.000000 0.000000 0.000000  -0.000000 0.000000 -1.000000
2451545.007336  8.4617193233e-01  1.000000 0.000000 0.000000  -0.000000 0.000000 -1.000000
2451545.008003  8.2269290818e-01  1.000000 0.000000 0.000000  -0.000000 0.000000 -1.000000
2451545.008670  8.1322419415e-01  1.000000 0.000000 0.000000  -0.000000 0.000000 -1.000000
2451545.009337  7.9522501119e-01  1.000000 0.000000 0.000000  -0.000000 0.000000 -1.000000
2451545.010003  7.7621835961e-01  1.000000 0.000000 0.000000  -0.000000 0.000000 -1.000000
2451545.010670  7.6416068554e-01  1.000000 0.000000 0.000000  -0.000000 0.000000 -1.000000
2451545.011337  7.4849859547e-01  1.000000 0.000000 0.000000  -0.000000 0.000000 -1.000000
2451545.012004  7.2986255602e-01  1.000000 0.000000 0.000000  -0.000000 0.000000 -1.000000
2451545.012671  7.1387990776e-01  1.000000 0.000000 0.000000  -0.000000 0.000000 -1.000000
2451545.013338  7.0120241684e-01  1.000000 0.000000 0.000000  -0.000000 0.000000 -1.000000
2451545.014005  6.8720701639e-01  1.000000 0.000000 0.000000  -0.000000 0.000000 -1.000000
2451545.014672  6.7484262883e-01  1.000000 0.000000 0.000000  -0.000000 0.000000 -1.000000
2451545.015339  6.6493035172e-01  1.000000 0.000000 0.000000  -0.000000 0.000000 -1.000000
2451545.016006  6.4486884003e-01  1.000000 0.000000 0.000000  -0.000000 0.000000 -1.000000
2451545.016672  6.3732986505e-01  1.000000 0.000000 0.000000  -0.000000 0.000000 -1.000000
2451545.017339  6.2910078471e-01  1.000000 0.000000 0.000000  -0.000000 0.000000 -1.000000
2451545.018006  6.2027531703e-01  1.000000 0.000000 0.000000  -0.000000 0.000000 -1.000000
2451545.018673  6.1313251364e-01  1.000000 0.000000 0.000000  -0.000000 0.000000 -1.000000
2451545.019340  6.0909891175e-01  1.000000 0.000000 0.000000  -0.000000 0.000000 -1.000000
2451545.020007  5.9901730324e-01  1.000000 0.000000 0.000000  -0.000000 0.000000 -1.000000
2451545.020674  5.9536602824e-01  1.000000 0.000000 0.000000  -0.000000 0.000000 -1.000000
2451545.021341  5.8795911045e-01  1.000000 0.000000 0.000000  -0.000000 0.000000 -1.000000
2451545.022008  5.7901436530e-01  1.000000 0.000000 0.000000  -0.000000 0.000000 -1.000000
2451545.022674  5.6888217036e-01  1.000000 0.000000 0.000000  -0.000000 0.000000 -1.000000
2451545.023341  5.6146620027e-01  1.000000 0.000000 0.000000  -0.000000 0.000000 -1.000000
2451545.024008  5.4885207551e-01  1.000000 0.000000 0.000000  -0.000000 0.000000 -1.000000
2451545.024675  5.3918793813e-01  1.000000 0.000000 0.000000  -0.000000 0.000000 -1.000000
2451545.025342  5.3205951193e-01  1.000000 0.000000 0.000000  -0.000000 0.000000 -1.000000
2451545.026009  5.2584323887e-01  1.000000 0.000000 0.000000  -0.000000 0.000000 -1.000000
2451545.026676  5.2019566374e-01  1.000000 0.000000 0.000000  -0.000000 0.000000 -1.000000
2451545.027343  5.1224773744e-01  1.000000 0.000000 0.000000  -0.000000 0.000000 -1.000000
2451545.028010  5.1287074922e-01  1.000000 0.000000 0.000000  -0.000000 0.000000 -1.000000
2451545.028677  5.2807436652e-01  1.000000 0.000000 0.000000  -0.000000 0.000000 -1.000000
2451545.029343  6.1538813576e-01  1.000000 0.000000 0.000000  -0.000000 0.000000 -1.000000
2451545.030010  6.7683573403e-01  1.000000 0.000000 0.000000  -0.000000 0.000000 -1.000000
2451545.030677  7.3216610213e-01  1.000000 0.000000 0.000000  -0.000000 0.000000 -1.000000
2451545.031344  7.9091771011e-01  1.000000 0.000000 0.000000  -0.000000 0.000000 -1.000000
2451545.032011  8.2562159602e-01  1.000000 0.000000 0.000000  -0.000000 0.000000 -1.000000
2451545.032678  8.6590915841e-01  1.000000 0.000000 0.000000  -0.000000 0.000000 -1.000000
2451545.033345  9.0494643733e-01  1.000000 0.000000 0.000000  -0.000000 0.000000 -1.000000
2451545.034012  9.2812407288e-01  1.000000 0.000000 0.000000  -0.000000 0.000000 -1.000000
2451545.034679  9.4657959866e-01  1.000000 0.000000 0.000000  -0.000000 0.000000 -1.000000
2451545.035345  9.7892296217e-01  1.000000 0.000000 0.000000  -0.000000 0.000000 -1.000000
2451545.036012  9.8743958640e-01  1.000000 0.000000 0.000000  -0.000000 0.000000 -1.000000
2451545.036679  9.9746688107e-01  1.000000 0.000000 0.000000  -0.000000 0.000000 -1.000000
2451545.037346  1.0198681481e+00  1.000000 0.000000 0.000000  -0.000000 0.000000 -1.000000
2451545.038013  1.0327751416e+00  1.000000 0.000000 0.000000  -0.000000 0.000000 -1.000000
2451545.038680  1.0415883621e+00  1.000000 0.000000 0.000000  -0.000000 0.000000 -1.000000
2451545.039347  1.0493190330e+00  1.000000 0.000000 0.000000  -0.000000 0.000000 -1.000000
2451545.040014  1.0613266531e+00  1.000000 0.000000 0.000000  -0.000000 0.000000 -1.000000
2451545.040681  1.0719242432e+00  1.000000 0.000000 0.000000  -0.000000 0.000000 -1.000000
2451545.041348  1.0914522012e+00  1.000000 0.000000 0.000000  -0.000000 0.000000 -1.000000
2451545.042014  1.1005114314e+00  1.000000 0.000000 0.000000  -0.000000 0.000000 -1.000000
2451545.042681  1.1112469361e+00  1.000000 0.000000 0.000000  -0.000000 0.000000 -1.000000
2451545.043348  1.1073150395e+00  1.000000 0.000000 0.000000  -0.000000 0.000000 -1.000000
2451545.044015  1.1150244109e+00  1.000000 0.000000 0.000000  -0.000000 0.000000 -1.000000
2451545.044682  1.1180840909e+00  1.000000 0.000000 0.000000  -0.000000 0.000000 -1.000000
2451545.045349  1.1316029140e+00  1.000000 0.000000 0.000000  -0.000000 0.000000 -1.000000
2451545.046016  1.1361871092e+00  1.000000 0.000000 0.000000  -0.000000 0.000000 -1.000000
2451545.046683  1.1392707513e+00  1.000000 0.000000 0.000000  -0.000000 0.000000 -1.000000
2451545.047350  1.1411131621e+00  1.000000 0.000000 0.000000  -0.000000 0.000000 -1.000000
2451545.048017  1.1479119778e+00  1.000000 0.000000 0.000000  -0.000000 0.000000 -1.000000
2451545.048683  1.1449976672e+00  1.000000 0.000000 0.000000  -0.000000 0.000000 -1.000000
2451545.049350  1.1483118769e+00  1.000000 0.000000 0.000000  -0.000000 0.000000 -1.000000
2451545.050017  1.1524029875e+00  1.000000 0.000000 0.000000  -0.000000 0.000000 -1.000000
2451545.050684  1.1579046607e+00  1.000000 0.000000 0.000000  -0.000000 0.000000 -1.000000
2451545.051351  1.1579520522e+00  1.000000 0.000000 0.000000  -0.000000 0.000000 -1.000000
2451545.052018  1.1633466952e+00  1.000000 0.000000 0.000000  -0.000000 0.000000 -1.000000
2451545.052685  1.1609190793e+00  1.000000 0.000000 0.000000  -0.000000 0.000000 -1.000000
2451545.053352  1.1688398486e+00  1.000000 0.000000 0.000000  -0.000000 0.000000 -1.000000
2451545.054019  1.1729075298e+00  1.000000 0.000000 0.000000  -0.000000 0.000000 -1.000000
2451545.054685  1.1663041375e+00  1.000000 0.000000 0.000000  -0.000000 0.000000 -1.000000
2451545.055352  1.1630096299e+00  1.000000 0.000000 0.000000  -0.000000 0.000000 -1.000000
2451545.056019  1.1595314137e+00  1.000000 0.000000 0.000000  -0.000000 0.000000 -1.000000
2451545.056686  1.1682226942e+00  1.000000 0.000000 0.000000  -0.000000 0.000000 -1.000000
2451545.057353  1.1664622866e+00  1.000000 0.000000 0.000000  -0.000000 0.000000 -1.000000
2451545.058020  1.1674915873e+00  1.000000 0.000000 0.000000  -0.000000 0.000000 -1.000000
2451545.058687  1.1600000038e+00  1.000000 0.000000 0.000000  -0.000000 0.000000 -1.000000
2451545.059354  1.1628248563e+00  1.000000 0.000000 0.000000  -0.000000 0.000000 -1.000000
2451545.060021  1.1528880847e+00  1.000000 0.000000 0.000000  -0.000000 0.000000 -1.000000
2451545.060688  1.1531431468e+00  1.000000 0.000000 0.000000  -0.000000 0.000000 -1.000000
2451545.061354  1.1525249274e+00  1.000000 0.000000 0.000000  -0.000000 0.000000 -1.000000
2451545.062021  1.1580452378e+00  1.000000 0.000000 0.000000  -0.000000 0.000000 -1.000000
2451545.062688  1.1591107476e+00  1.000000 0.000000 0.000000  -0.000000 0.000000 -1.000000
2451545.063355  1.1606927716e+00  1.000000 0.000000 0.000000  -0.000000 0.000000 -1.000000
2451545.064022  1.1553194281e+00  1.000000 0.000000 0.000000  -0.000000 0.000000 -1.000000
2451545.064689  1.1442692227e+00  1.000000 0.000000 0.000000  -0.000000 0.000000 -1.000000
2451545.065356  1.1351775106e+00  1.000000 0.000000 0.000000  -0.000000 0.000000 -1.000000
2451545.066023  1.1286864734e+00  1.000000 0.000000 0.000000  -0.000000 0.000000 -1.000000
2451545.066690  1.1132778480e+00  1.000000 0.000000 0.000000  -0.000000 0.000000 -1.000000
2451545.067356  1.0981024526e+00  1.000000 0.000000 0.000000  -0.000000 0.000000 -1.000000
2451545.068023  1.0824605971e+00  1.000000 0.000000 0.000000  -0.000000 0.000000 -1.000000
2451545.068690  1.0697570142e+00  1.000000 0.000000 0.000000  -0.000000 0.000000 -1.000000
2451545.069357  1.0504926381e+00  1.000000 0.000000 0.000000  -0.000000 0.000000 -1.000000
2451545.070024  1.0373763765e+00  1.000000 0.000000 0.000000  -0.000000 0.000000 -1.000000
2451545.070691  1.0127413194e+00  1.000000 0.000000 0.000000  -0.000000 0.000000 -1.000000
2451545.071358  9.9767135673e-01  1.000000 0.000000 0.000000  -0.000000 0.000000 -1.000000
2451545.072025  9.8561794256e-01  1.000000 0.000000 0.000000  -0.000000 0.000000 -1.000000
2451545.072692  9.6916936669e-01  1.000000 0.000000 0.000000  -0.000000 0.000000 -1.000000
2451545.073359  9.5395456712e-01  1.000000 0.000000 0.000000  -0.000000 0.000000 -1.000000
2451545.074025  9.3099258950e-01  1.000000 0.000000 0.000000  -0.000000 0.000000 -1.000000
2451545.074692  9.2101747872e-01  1.000000 0.000000 0.000000  -0.000000 0.000000 -1.000000
2451545.075359  9.1415689434e-01  1.000000 0.000000 0.000000  -0.000000 0.000000 -1.000000
2451545.076026  8.9395427314e-01  1.000000 0.000000 0.000000  -0.000000 0.000000 -1.000000
2451545.076693  8.8272461899e-01  1.000000 0.000000 0.000000  -0.000000 0.000000 -1.000000
2451545.077360  8.7059559144e-01  1.000000 0.000000 0.000000  -0.000000 0.000000 -1.000000
2451545.078027  8.5239566023e-01  1.000000 0.000000 0.000000  -0.000000 0.000000 -1.000000
2451545.078694  8.4595733939e-01  1.000000 0.000000 0.000000  -0.000000 0.000000 -1.000000
2451545.079361  8.3401947527e-01  1.000000 0.000000 0.000000  -0.000000 0.000000 -1.000000
2451545.080028  8.2334254439e-01  1.000000 0.000000 0.000000  -0.000000 0.000000 -1.000000
2451545.080694  8.1669655295e-01  1.000000 0.000000 0.000000  -0.000000 0.000000 -1.000000
2451545.081361  8.1077900605e-01  1.000000 0.000000 0.000000  -0.000000 0.000000 -1.000000
2451545.082028  8.0987484025e-01  1.000000 0.000000 0.000000  -0.000000 0.000000 -1.000000
2451545.082695  8.0592696904e-01  1.000000 0.000000 0.000000  -0.000000 0.000000 -1.000000
2451545.083362  8.0653560362e-01  1.000000 0.000000 0.000000  -0.000000 0.000000 -1.000000
2451545.084029  8.1046856514e-01  1.000000 0.000000 0.000000  -0.000000 0.000000 -1.000000
2451545.084696  8.1020072333e-01  1.000000 0.000000 0.000000  -0.000000 0.000000 -1.000000
2451545.085363  8.1340470782e-01  1.000000 0.000000 0.000000  -0.000000 0.000000 -1.000000
2451545.086030  8.1430674368e-01  1.000000 0.000000 0.000000  -0.000000 0.000000 -1.000000
2451545.086696  8.2470198804e-01  1.000000 0.000000 0.000000  -0.000000 0.000000 -1.000000
2451545.087363  8.3986087629e-01  1.000000 0.000000 0.000000  -0.000000 0.000000 -1.000000
2451545.088030  8.5148670203e-01  1.000000 0.000000 0.000000  -0.000000 0.000000 -1.000000
2451545.088697  8.6428240543e-01  1.000000 0.000000 0.000000  -0.000000 0.000000 -1.000000
2451545.089364  8.7782039809e-01  1.000000 0.000000 0.000000  -0.000000 0.000000 -1.000000
2451545.090031  9.0554708458e-01  1.000000 0.000000 0.000000  -0.000000 0.000000 -1.000000
2451545.090698  9.2909533227e-01  1.000000 0.000000 0.000000  -0.000000 0.000000 -1.000000
2451545.091365  9.4883628576e-01  1.000000 0.000000 0.000000  -0.000000 0.000000 -1.000000
2451545.092032  9.7898899076e-01  1.000000 0.000000 0.000000  -0.000000 0.000000 -1.000000
2451545.092699  1.0029105130e+00  1.000000 0.000000 0.000000  -0.000000 0.000000 -1.000000
2451545.093365  1.0287750865e+00  1.000000 0.000000 0.000000  -0.000000 0.000000 -1.000000
2451545.094032  1.0648655730e+00  1.000000 0.000000 0.000000  -0.000000 0.000000 -1.000000
2451545.094699  1.0853136715e+00  1.000000 0.000000 0.000000  -0.000000 0.000000 -1.000000
2451545.095366  1.1053863655e+00  1.000000 0.000000 0.000000  -0.000000 0.000000 -1.000000
2451545.096033  1.1417191343e+00  1.000000 0.000000 0.000000  -0.000000 0.000000 -1.000000
2451545.096700  1.1557566013e+00  1.000000 0.000000 0.000000  -0.000000 0.000000 -1.000000
2451545.097367  1.1721934625e+00  1.000000 0.000000 0.000000  -0.000000 0.000000 -1.000000
2451545.098034  1.1810136053e+00  1.000000 0.000000 0.000000  -0.000000 0.000000 -1.000000
2451545.098701  1.1866595829e+00  1.000000 0.000000 0.000000  -0.000000 0.000000 -1.000000
2451545.099367  1.2113132771e+00  1.000000 0.000000 0.000000  -0.000000 0.000000 -1.000000
2451545.100034  1.2207740038e+00  1.000000 0.000000 0.000000  -0.000000 0.000000 -1.000000
2451545.100701  1.2268326602e+00  1.000000 0.000000 0.000000  -0.000000 0.000000 -1.000000
2451545.101368  1.2349914521e+00  1.000000 0.000000 0.000000  -0.000000 0.000000 -1.000000
2451545.102035  1.2367657044e+00  1.000000 0.000000 0.000000  -0.000000 0.000000 -1.000000
2451545.102702  1.2423366012e+00  1.000000 0.000000 0.000000  -0.000000 0.000000 -1.000000
2451545.103369  1.2416065592e+00  1.000000 0.000000 0.000000  -0.000000 0.000000 -1.000000
2451545.104036  1.2450693332e+00  1.000000 0.000000 0.000000  -0.000000 0.000000 -1.000000
2451545.104703  1.2464926754e+00  1.000000 0.000000 0.000000  -0.000000 0.000000 -1.000000
2451545.105370  1.2487903642e+00  1.000000 0.000000 0.000000  -0.000000 0.000000 -1.000000
2451545.106036  1.2496402161e+00  1.000000 0.000000 0.000000  -0.000000 0.000000 -1.000000
2451545.106703  1.2501135986e+00  1.000000 0.000000 0.000000  -0.000000 0.000000 -1.000000
2451545.107370  1.2463180192e+00  1.000000 0.000000 0.000000  -0.000000 0.000000 -1.000000
2451545.108037  1.2453994761e+00  1.000000 0.000000 0.000000  -0.000000 0.000000 -1.000000
2451545.108704  1.2459032105e+00  1.000000 0.000000 0.000000  -0.000000 0.000000 -1.000000
2451545.109371  1.2413376524e+00  1.000000 0.000000 0.000000  -0.000000 0.000000 -1.000000
2451545.110038  1.2393727691e+00  1.000000 0.000000 0.000000  -0.000000 0.000000 -1.000000
2451545.110705  1.2402476480e+00  1.000000 0.000000 0.000000  -0.000000 0.000000 -1.000000
2451545.111372  1.2476774628e+00  1.000000 0.000000 0.000000  -0.000000 0.000000 -1.000000
2451545.112039  1.2410932400e+00  1.000000 0.000000 0.000000  -0.000000 0.000000 -1.000000
2451545.112705  1.2393322999e+00  1.000000 0.000000 0.000000  -0.000000 0.000000 -1.000000
2451545.113372  1.2280115902e+00  1.000000 0.000000 0.000000  -0.000000 0.000000 -1.000000
2451545.114039  1.2226962880e+00  1.000000 0.000000 0.000000  -0.000000 0.000000 -1.000000
2451545.114706  1.2234785139e+00  1.000000 0.000000 0.000000  -0.000000 0.000000 -1.000000
2451545.115373  1.2221286551e+00  1.000000 0.000000 0.000000  -0.000000 0.000000 -1.000000
2451545.116040  1.2095432847e+00  1.000000 0.000000 0.000000  -0.000000 0.000000 -1.000000
2451545.116707  1.2071854247e+00  1.000000 0.000000 0.000000  -0.000000 0.000000 -1.000000
2451545.117374  1.2022087854e+00  1.000000 0.000000 0.000000  -0.000000 0.000000 -1.000000
2451545.118041  1.2005154713e+00  1.000000 0.000000 0.000000  -0.000000 0.000000 -1.000000
2451545.118707  1.2049393874e+00  1.000000 0.000000 0.000000  -0.000000 0.000000 -1.000000
2451545.119374  1.2010868317e+00  1.000000 0.000000 0.000000  -0.000000 0.000000 -1.000000
2451545.120041  1.2063542099e+00  1.000000 0.000000 0.000000  -0.000000 0.000000 -1.000000
2451545.120708  1.2109245604e+00  1.000000 0.000000 0.000000  -0.000000 0.000000 -1.000000
2451545.121375  1.2068866986e+00  1.000000 0.000000 0.000000  -0.000000 0.000000 -1.000000
2451545.122042  1.2024558601e+00  1.000000 0.000000 0.000000  -0.000000 0.000000 -1.000000
2451545.122709  1.2070996941e+00  1.000000 0.000000 0.000000  -0.000000 0.000000 -1.000000
2451545.123376  1.2065517632e+00  1.000000 0.000000 0.000000  -0.000000 0.000000 -1.000000
2451545.124043  1.2037743022e+00  1.000000 0.000000 0.000000  -0.000000 0.000000 -1.000000
2451545.124710  1.1862586189e+00  1.000000 0.000000 0.000000  -0.000000 0.000000 -1.000000
2451545.125376  1.1785684172e+00  1.000000 0.000000 0.000000  -0.000000 0.000000 -1.000000
2451545.126043  1.1732690896e+00  1.000000 0.000000 0.000000  -0.000000 0.000000 -1.000000
2451545.126710  1.1650261646e+00  1.000000 0.000000 0.000000  -0.000000 0.000000 -1.000000
2451545.127377  1.1533486874e+00  1.000000 0.000000 0.000000  -0.000000 0.000000 -1.000000
2451545.128044  1.1436600556e+00  1.000000 0.000000 0.000000  -0.000000 0.000000 -1.000000
2451545.128711  1.1189403328e+00  1.000000 0.000000 0.000000  -0.000000 0.000000 -1.000000
2451545.129378  1.1070945892e+00  1.000000 0.000000 0.000000  -0.000000 0.000000 -1.000000
2451545.130045  1.1006488135e+00  1.000000 0.000000 0.000000  -0.000000 0.000000 -1.000000
2451545.130712  1.0790851512e+00  1.000000 0.000000 0.000000  -0.000000 0.000000 -1.000000
2451545.131378  1.0651866637e+00  1.000000 0.000000 0.000000  -0.000000 0.000000 -1.000000
2451545.132045  1.0502572781e+00  1.000000 0.000000 0.000000  -0.000000 0.000000 -1.000000
2451545.132712  1.0287734891e+00  1.000000 0.000000 0.000000  -0.000000 0.000000 -1.000000
2451545.133379  1.0134734913e+00  1.000000 0.000000 0.000000  -0.000000 0.000000 -1.000000
2451545.134046  1.0007810907e+00  1.000000 0.000000 0.000000  -0.000000 0.000000 -1.000000
2451545.134713  9.7611834419e-01  1.000000 0.000000 0.000000  -0.000000 0.000000 -1.000000
2451545.135380  9.6104784907e-01  1.000000 0.000000 0.000000  -0.000000 0.000000 -1.000000
2451545.136047  9.4872393065e-01  1.000000 0.000000 0.000000  -0.000000 0.000000 -1.000000
2451545.136714  9.2906657788e-01  1.000000 0.000000 0.000000  -0.000000 0.000000 -1.000000
2451545.137381  9.2012715762e-01  1.000000 0.000000 0.000000  -0.000000 0.000000 -1.000000
2451545.138047  9.0587190269e-01  1.000000 0.000000 0.000000  -0.000000 0.000000 -1.000000
2451545.138714  8.8769540099e-01  1.000000 0.000000 0.000000  -0.000000 0.000000 -1.000000
2451545.139381  8.7324365773e-01  1.000000 0.000000 0.000000  -0.000000 0.000000 -1.000000
2451545.140048  8.5811618631e-01  1.000000 0.000000 0.000000  -0.000000 0.000000 -1.000000
2451545.140715  8.3524260181e-01  1.000000 0.000000 0.000000  -0.000000 0.000000 -1.000000
2451545.141382  8.1958264170e-01  1.000000 0.000000 0.000000  -0.000000 0.000000 -1.000000
2451545.142049  8.0621398045e-01  1.000000 0.000000 0.000000  -0.000000 0.000000 -1.000000
2451545.142716  7.9199972715e-01  1.000000 0.000000 0.000000  -0.000000 0.000000 -1.000000
2451545.143383  7.7789942643e-01  1.000000 0.000000 0.000000  -0.000000 0.000000 -1.000000
2451545.144050  7.5639380539e-01  1.000000 0.000000 0.000000  -0.000000 0.000000 -1.000000
2451545.144716  7.4452303485e-01  1.000000 0.000000 0.000000  -0.000000 0.000000 -1.000000
2451545.145383  7.3634454094e-01  1.000000 0.000000 0.000000  -0.000000 0.000000 -1.000000
2451545.146050  7.1959617393e-01  1.000000 0.000000 0.000000  -0.000000 0.000000 -1.000000
2451545.146717  7.0999700017e-01  1.000000 0.000000 0.000000  -0.000000 0.000000 -1.000000
2451545.147384  6.9975617754e-01  1.000000 0.000000 0.000000  -0.000000 0.000000 -1.000000
2451545.148051  6.9159312580e-01  1.000000 0.000000 0.000000  -0.000000 0.000000 -1.000000
2451545.148718  7.0065874588e-01  1.000000 0.000000 0.000000  -0.000000 0.000000 -1.000000
2451545.149385  7.3482481820e-01  1.000000 0.000000 0.000000  -0.000000 0.000000 -1.000000
2451545.150052  8.1456233825e-01  1.000000 0.000000 0.000000  -0.000000 0.000000 -1.000000
2451545.150718  8.6887512045e-01  1.000000 0.000000 0.000000  -0.000000 0.000000 -1.000000
2451545.151385  9.1484486974e-01  1.000000 0.000000 0.000000  -0.000000 0.000000 -1.000000
2451545.152052  9.7090368238e-01  1.000000 0.000000 0.000000  -0.000000 0.000000 -1.000000
2451545.152719  1.0091347734e+00  1.000000 0.000000 0.000000  -0.000000 0.000000 -1.000000
2451545.153386  1.0409850524e+00  1.000000 0.000000 0.000000  -0.000000 0.000000 -1.000000
2451545.154053  1.1011333782e+00  1.000000 0.000000 0.000000  -0.000000 0.000000 -1.000000
2451545.154720  1.1293137451e+00  1.000000 0.000000 0.000000  -0.000000 0.000000 -1.000000
2451545.155387  1.1615229214e+00  1.000000 0.000000 0.000000  -0.000000 0.000000 -1.000000
2451545.156054  1.1885722823e+00  1.000000 0.000000 0.000000  -0.000000 0.000000 -1.000000
2451545.156721  1.2101210349e+00  1.000000 0.000000 0.000000  -0.000000 0.000000 -1.000000
2451545.157387  1.2267245650e+00  1.000000 0.000000 0.000000  -0.000000 0.000000 -1.000000
2451545.158054  1.2626164332e+00  1.000000 0.000000 0.000000  -0.000000 0.000000 -1.000000
2451545.158721  1.2741985949e+00  1.000000 0.000000 0.000000  -0.000000 0.000000 -1.000000
2451545.159388  1.2933282514e+00  1.000000 0.000000 0.000000  -0.000000 0.000000 -1.000000
2451545.160055  1.3162284603e+00  1.000000 0.000000 0.000000  -0.000000 0.000000 -1.000000
2451545.160722  1.3348911242e+00  1.000000 0.000000 0.000000  -0.000000 0.000000 -1.000000
2451545.161389  1.3480941814e+00  1.000000 0.000000 0.000000  -0.000000 0.000000 -1.000000
2451545.162056  1.3567955792e+00  1.000000 0.000000 0.000000  -0.000000 0.000000 -1.000000
2451545.162723  1.3658244576e+00  1.000000 0.000000 0.000000  -0.000000 0.000000 -1.000000
2451545.163389  1.3736264820e+00  1.000000 0.000000 0.000000  -0.000000 0.000000 -1.000000
2451545.164056  1.3831846541e+00  1.000000 0.000000 0.000000  -0.000000 0.000000 -1.000000
2451545.164723  1.3990506874e+00  1.000000 0.000000 0.000000  -0.000000 0.000000 -1.000000
2451545.165390  1.3966795152e+00  1.000000 0.000000 0.000000  -0.000000 0.000000 -1.000000
2451545.166057  1.4108927035e+00  1.000000 0.000000 0.000000  -0.000000 0.000000 -1.000000
2451545.166724  1.4157447405e+00  1.000000 0.000000 0.000000  -0.000000 0.000000 -1.000000
2451545.167391  1.4131850674e+00  1.000000 0.000000 0.000000  -0.000000 0.000000 -1.000000
2451545.168058  1.4081519842e+00  1.000000 0.000000 0.000000  -0.000000 0.000000 -1.000000
2451545.168725  1.4009010856e+00  1.000000 0.000000 0.000000  -0.000000 0.000000 -1.000000
2451545.169392  1.4045688677e+00  1.000000 0.000000 0.000000  -0.000000 0.000000 -1.000000
2451545.170058  1.4008366545e+00  1.000000 0.000000 0.000000  -0.000000 0.000000 -1.000000
2451545.170725  1.3932641327e+00  1.000000 0.000000 0.000000  -0.000000 0.000000 -1.000000
2451545.171392  1.3761435561e+00  1.000000 0.000000 0.000000  -0.000000 0.000000 -1.000000
2451545.172059  1.3685492023e+00  1.000000 0.000000 0.000000  -0.000000 0.000000 -1.000000
2451545.172726  1.3576896278e+00  1.000000 0.000000 0.000000  -0.000000 0.000000 -1.000000
2451545.173393  1.3337872751e+00  1.000000 0.000000 0.000000  -0.000000 0.000000 -1.000000
2451545.174060  1.3093838506e+00  1.000000 0.000000 0.000000  -0.000000 0.000000 -1.000000
2451545.174727  1.2930385775e+00  1.000000 0.000000 0.000000  -0.000000 0.000000 -1.000000
2451545.175394  1.2665941238e+00  1.000000 0.000000 0.000000  -0.000000 0.000000 -1.000000
2451545.176061  1.2417109269e+00  1.000000 0.000000 0.000000  -0.000000 0.000000 -1.000000
2451545.176727  1.2158101442e+00  1.000000 0.000000 0.000000  -0.000000 0.000000 -1.000000
2451545.177394  1.1714639529e+00  1.000000 0.000000 0.000000  -0.000000 0.000000 -1.000000
2451545.178061  1.1478912108e+00  1.000000 0.000000 0.000000  -0.000000 0.000000 -1.000000
2451545.178728  1.1238349689e+00  1.000000 0.000000 0.000000  -0.000000 0.000000 -1.000000
2451545.179395  1.0945491555e+00  1.000000 0.000000 0.000000  -0.000000 0.000000 -1.000000
2451545.180062  1.0778226205e+00  1.000000 0.000000 0.000000  -0.000000 0.000000 -1.000000
2451545.180729  1.0572296851e+00  1.000000 0.000000 0.000000  -0.000000 0.000000 -1.000000
2451545.181396  1.0334056083e+00  1.000000 0.000000 0.000000  -0.000000 0.000000 -1.000000
2451545.182063  1.0172057046e+00  1.000000 0.000000 0.000000  -0.000000 0.000000 -1.000000
2451545.182729  9.9355415412e-01  1.000000 0.000000 0.000000  -0.000000 0.000000 -1.000000
2451545.183396  9.5239118031e-01  1.000000 0.000000 0.000000  -0.000000 0.000000 -1.000000
2451545.184063  9.2783865894e-01  1.000000 0.000000 0.000000  -0.000000 0.000000 -1.000000
2451545.184730  9.0949761823e-01  1.000000 0.000000 0.000000  -0.000000 0.000000 -1.000000
2451545.185397  8.8468470989e-01  1.000000 0.000000 0.000000  -0.000000 0.000000 -1.000000
2451545.186064  8.6594217271e-01  1.000000 0.000000 0.000000  -0.000000 0.000000 -1.000000
2451545.186731  8.4404463998e-01  1.000000 0.000000 0.000000  -0.000000 0.000000 -1.000000
2451545.187398  8.1611294534e-01  1.000000 0.000000 0.000000  -0.000000 0.000000 -1.000000
2451545.188065  8.0022933997e-01  1.000000 0.000000 0.000000  -0.000000 0.000000 -1.000000
2451545.188732  7.8381058346e-01  1.000000 0.000000 0.000000  -0.000000 0.000000 -1.000000
2451545.189398  7.5666164721e-01  1.000000 0.000000 0.000000  -0.000000 0.000000 -1.000000
2451545.190065  7.3809642876e-01  1.000000 0.000000 0.000000  -0.000000 0.000000 -1.000000
2451545.190732  7.2693280321e-01  1.000000 0.000000 0.000000  -0.000000 0.000000 -1.000000
2451545.191399  7.0819772086e-01  1.000000 0.000000 0.000000  -0.000000 0.000000 -1.000000
2451545.192066  6.9380135643e-01  1.000000 0.000000 0.000000  -0.000000 0.000000 -1.000000
2451545.192733  6.7715895467e-01  1.000000 0.000000 0.000000  -0.000000 0.000000 -1.000000
2451545.193400  6.7074033590e-01  1.000000 0.000000 0.000000  -0.000000 0.000000 -1.000000
2451545.194067  6.6171092505e-01  1.000000 0.000000 0.000000  -0.000000 0.000000 -1.000000
2451545.194734  6.4684650305e-01  1.000000 0.000000 0.000000  -0.000000 0.000000 -1.000000
2451545.195400  6.3974949369e-01  1.000000 0.000000 0.000000  -0.000000 0.000000 -1.000000
2451545.196067  6.3757534234e-01  1.000000 0.000000 0.000000  -0.000000 0.000000 -1.000000
2451545.196734  6.3893691594e-01  1.000000 0.000000 0.000000  -0.000000 0.000000 -1.000000
2451545.197401  6.3520257270e-01  1.000000 0.000000 0.000000  -0.000000 0.000000 -1.000000
2451545.198068  6.3240540957e-01  1.000000 0.000000 0.000000  -0.000000 0.000000 -1.000000
2451545.198735  6.2986117857e-01  1.000000 0.000000 0.000000  -0.000000 0.000000 -1.000000
2451545.199402  6.3210934585e-01  1.000000 0.000000 0.000000  -0.000000 0.000000 -1.000000
2451545.200069  6.3860677294e-01  1.000000 0.000000 0.000000  -0.000000 0.000000 -1.000000
2451545.200736  6.5377897341e-01  1.000000 0.000000 0.000000  -0.000000 0.000000 -1.000000
2451545.201403  6.6259592127e-01  1.000000 0.000000 0.000000  -0.000000 0.000000 -1.000000
2451545.202069  6.7239797322e-01  1.000000 0.000000 0.000000  -0.000000 0.000000 -1.000000
2451545.202736  6.8819052302e-01  1.000000 0.000000 0.000000  -0.000000 0.000000 -1.000000
2451545.203403  6.9680193024e-01  1.000000 0.000000 0.000000  -0.000000 0.000000 -1.000000
2451545.204070  7.0961094587e-01  1.000000 0.000000 0.000000  -0.000000 0.000000 -1.000000
2451545.204737  7.1976816778e-01  1.000000 0.000000 0.000000  -0.000000 0.000000 -1.000000
2451545.205404  7.3251701218e-01  1.000000 0.000000 0.000000  -0.000000 0.000000 -1.000000
2451545.206071  7.4909178788e-01  1.000000 0.000000 0.000000  -0.000000 0.000000 -1.000000
2451545.206738  7.7439405333e-01  1.000000 0.000000 0.000000  -0.000000 0.000000 -1.000000
2451545.207405  7.8999117978e-01  1.000000 0.000000 0.000000  -0.000000 0.000000 -1.000000
2451545.208072  8.0563250279e-01  1.000000 0.000000 0.000000  -0.000000 0.000000 -1.000000
2451545.208738  8.3891357889e-01  1.000000 0.000000 0.000000  -0.000000 0.000000 -1.000000
2451545.209405  8.5943516082e-01  1.000000 0.000000 0.000000  -0.000000 0.000000 -1.000000
2451545.210072  8.7642048530e-01  1.000000 0.000000 0.000000  -0.000000 0.000000 -1.000000
2451545.210739  8.8744619628e-01  1.000000 0.000000 0.000000  -0.000000 0.000000 -1.000000
2451545.211406  9.0157578387e-01  1.000000 0.000000 0.000000  -0.000000 0.000000 -1.000000
2451545.212073  9.1642955610e-01  1.000000 0.000000 0.000000  -0.000000 0.000000 -1.000000
2451545.212740  9.3857576104e-01  1.000000 0.000000 0.000000  -0.000000 0.000000 -1.000000
2451545.213407  9.5132939784e-01  1.000000 0.000000 0.000000  -0.000000 0.000000 -1.000000
2451545.214074  9.6216234791e-01  1.000000 0.000000 0.000000  -0.000000 0.000000 -1.000000
2451545.214740  9.6642971234e-01  1.000000 0.000000 0.000000  -0.000000 0.000000 -1.000000
2451545.215407  9.8442090797e-01  1.000000 0.000000 0.000000  -0.000000 0.000000 -1.000000
2451545.216074  1.0004749097e+00  1.000000 0.000000 0.000000  -0.000000 0.000000 -1.000000
2451545.216741  1.0079563759e+00  1.000000 0.000000 0.000000  -0.000000 0.000000 -1.000000
2451545.217408  1.0181796264e+00  1.000000 0.000000 0.000000  -0.000000 0.000000 -1.000000
2451545.218075  1.0299114174e+00  1.000000 0.000000 0.000000  -0.000000 0.000000 -1.000000
2451545.218742  1.0386862987e+00  1.000000 0.000000 0.000000  -0.000000 0.000000 -1.000000
2451545.219409  1.0585875313e+00  1.000000 0.000000 0.000000  -0.000000 0.000000 -1.000000
2451545.220076  1.0655732505e+00  1.000000 0.000000 0.000000  -0.000000 0.000000 -1.000000
2451545.220743  1.0712075134e+00  1.000000 0.000000 0.000000  -0.000000 0.000000 -1.000000
2451545.221409  1.0871145483e+00  1.000000 0.000000 0.000000  -0.000000 0.000000 -1.000000
2451545.222076  1.1007952479e+00  1.000000 0.000000 0.000000  -0.000000 0.000000 -1.000000
2451545.222743  1.1058570855e+00  1.000000 0.000000 0.000000  -0.000000 0.000000 -1.000000
2451545.223410  1.1170185811e+00  1.000000 0.000000 0.000000  -0.000000 0.000000 -1.000000
2451545.224077  1.1271752705e+00  1.000000 0.000000 0.000000  -0.000000 0.000000 -1.000000
2451545.224744  1.1408980367e+00  1.000000 0.000000 0.000000  -0.000000 0.000000 -1.000000
2451545.225411  1.1419012454e+00  1.000000 0.000000 0.000000  -0.000000 0.000000 -1.000000
2451545.226078  1.1471121798e+00  1.000000 0.000000 0.000000  -0.000000 0.000000 -1.000000
2451545.226745  1.1505605766e+00  1.000000 0.000000 0.000000  -0.000000 0.000000 -1.000000
2451545.227411  1.1513518548e+00  1.000000 0.000000 0.000000  -0.000000 0.000000 -1.000000
2451545.228078  1.1632098456e+00  1.000000 0.000000 0.000000  -0.000000 0.000000 -1.000000
2451545.228745  1.1594185261e+00  1.000000 0.000000 0.000000  -0.000000 0.000000 -1.000000
2451545.229412  1.1606336653e+00  1.000000 0.000000 0.000000  -0.000000 0.000000 -1.000000
2451545.230079  1.1681907449e+00  1.000000 0.000000 0.000000  -0.000000 0.000000 -1.000000
2451545.230746  1.1701061068e+00  1.000000 0.000000 0.000000  -0.000000 0.000000 -1.000000
2451545.231413  1.1669862555e+00  1.000000 0.000000 0.000000  -0.000000 0.000000 -1.000000
2451545.232080  1.1624590366e+00  1.000000 0.000000 0.000000  -0.000000 0.000000 -1.000000
2451545.232747  1.1578460870e+00  1.000000 0.000000 0.000000  -0.000000 0.000000 -1.000000
2451545.233414  1.1556154918e+00  1.000000 0.000000 0.000000  -0.000000 0.000000 -1.000000
2451545.234080  1.1544221847e+00  1.000000 0.000000 0.000000  -0.000000 0.000000 -1.000000
2451545.234747  1.1533204655e+00  1.000000 0.000000 0.000000  -0.000000 0.000000 -1.000000
2451545.235414  1.1482383934e+00  1.000000 0.000000 0.000000  -0.000000 0.000000 -1.000000
2451545.236081  1.1473118631e+00  1.000000 0.000000 0.000000  -0.000000 0.000000 -1.000000
2451545.236748  1.1469630830e+00  1.000000 0.000000 0.000000  -0.000000 0.000000 -1.000000
2451545.237415  1.1440482398e+00  1.000000 0.000000 0.000000  -0.000000 0.000000 -1.000000
2451545.238082  1.1288589997e+00  1.000000 0.000000 0.000000  -0.000000 0.000000 -1.000000
2451545.238749  1.1126452514e+00  1.000000 0.000000 0.000000  -0.000000 0.000000 -1.000000
2451545.239416  1.0938824796e+00  1.000000 0.000000 0.000000  -0.000000 0.000000 -1.000000
360  1
2451545.000000  9.0749031520e-01  1.000000 0.000000 0.000000  -0.707107 -0.707107 0.000000
2451545.000667  8.8572561844e-01  1.000000 0.000000 0.000000  -0.707107 -0.707107 0.000000
2451545.001334  9.1110740507e-01  1.000000 0.000000 0.000000  -0.707107 -0.707107 0.000000
2451545.002001  9.4642642693e-01  1.000000 0.000000 0.000000  -0.707107 -0.707107 0.000000
2451545.002668  9.7690194311e-01  1.000000 0.000000 0.000000  -0.707107 -0.707107 0.000000
2451545.003334  1.0012055357e+00  1.000000 0.000000 0.000000  -0.707107 -0.707107 0.000000
2451545.004001  1.0522607712e+00  1.000000 0.000000 0.000000  -0.707107 -0.707107 0.000000
2451545.004668  1.0759674922e+00  1.000000 0.000000 0.000000  -0.707107 -0.707107 0.000000
2451545.005335  1.1014002799e+00  1.000000 0.000000 0.000000  -0.707107 -0.707107 0.000000
2451545.006002  1.1156040714e+00  1.000000 0.000000 0.000000  -0.707107 -0.707107 0.000000
2451545.006669  1.1320598780e+00  1.000000 0.000000 0.000000  -0.707107 -0.707107 0.000000
2451545.007336  1.1436132089e+00  1.000000 0.000000 0.000000  -0.707107 -0.707107 0.000000
2451545.008003  1.1488009716e+00  1.000000 0.000000 0.000000  -0.707107 -0.707107 0.000000
2451545.008670  1.1534436607e+00  1.000000 0.000000 0.000000  -0.707107 -0.707107 0.000000
2451545.009337  1.1514084001e+00  1.000000 0.000000 0.000000  -0.707107 -0.707107 0.000000
2451545.010003  1.1544676661e+00  1.000000 0.000000 0.000000  -0.707107 -0.707107 0.000000
2451545.010670  1.1511884581e+00  1.000000 0.000000 0.000000  -0.707107 -0.707107 0.000000
2451545.011337  1.1474088024e+00  1.000000 0.000000 0.000000  -0.707107 -0.707107 0.000000
2451545.012004  1.1521909475e+00  1.000000 0.000000 0.000000  -0.707107 -0.707107 0.000000
2451545.012671  1.1499269791e+00  1.000000 0.000000 0.000000  -0.707107 -0.707107 0.000000
2451545.013338  1.1613894644e+00  1.000000 0.000000 0.000000  -0.707107 -0.707107 0.000000
2451545.014005  1.1478367331e+00  1.000000 0.000000 0.000000  -0.707107 -0.707107 0.000000
2451545.014672  1.1424258408e+00  1.000000 0.000000 0.000000  -0.707107 -0.707107 0.000000
2451545.015339  1.1376723838e+00  1.000000 0.000000 0.000000  -0.707107 -0.707107 0.000000
2451545.016006  1.1432036067e+00  1.000000 0.000000 0.000000  -0.707107 -0.707107 0.000000
2451545.016672  1.1405682870e+00  1.000000 0.000000 0.000000  -0.707107 -0.707107 0.000000
2451545.017339  1.1367910220e+00  1.000000 0.000000 0.000000  -0.707107 -0.707107 0.000000
2451545.018006  1.1189924535e+00  1.000000 0.000000 0.000000  -0.707107 -0.707107 0.000000
2451545.018673  1.1136732037e+00  1.000000 0.000000 0.000000  -0.707107 -0.707107 0.000000
2451545.019340  1.1107199243e+00  1.000000 0.000000 0.000000  -0.707107 -0.707107 0.000000
2451545.020007  1.1076702211e+00  1.000000 0.000000 0.000000  -0.707107 -0.707107 0.000000
2451545.020674  1.0927874781e+00  1.000000 0.000000 0.000000  -0.707107 -0.707107 0.000000
2451545.021341  1.0817130789e+00  1.000000 0.000000 0.000000  -0.707107 -0.707107 0.000000
2451545.022008  1.0717495463e+00  1.000000 0.000000 0.000000  -0.707107 -0.707107 0.000000
2451545.022674  1.0544514256e+00  1.000000 0.000000 0.000000  -0.707107 -0.707107 0.000000
2451545.023341  1.0486030399e+00  1.000000 0.000000 0.000000  -0.707107 -0.707107 0.000000
2451545.024008  1.0365420892e+00  1.000000 0.000000 0.000000  -0.707107 -0.707107 0.000000
2451545.024675  1.0205508703e+00  1.000000 0.000000 0.000000  -0.707107 -0.707107 0.000000
2451545.025342  1.0092238566e+00  1.000000 0.000000 0.000000  -0.707107 -0.707107 0.000000
2451545.026009  1.0034918170e+00  1.000000 0.000000 0.000000  -0.707107 -0.707107 0.000000
2451545.026676  9.8980202041e-01  1.000000 0.000000 0.000000  -0.707107 -0.707107 0.000000
2451545.027343  9.7745976706e-01  1.000000 0.000000 0.000000  -0.707107 -0.707107 0.000000
2451545.028010  9.6919440990e-01  1.000000 0.000000 0.000000  -0.707107 -0.707107 0.000000
2451545.028677  9.5952971152e-01  1.000000 0.000000 0.000000  -0.707107 -0.707107 0.000000
2451545.029343  9.3848062320e-01  1.000000 0.000000 0.000000  -0.707107 -0.707107 0.000000
2451545.030010  9.2589452110e-01  1.000000 0.000000 0.000000  -0.707107 -0.707107 0.000000
2451545.030677  9.1492451467e-01  1.000000 0.000000 0.000000  -0.707107 -0.707107 0.000000
2451545.031344  9.0931997776e-01  1.000000 0.000000 0.000000  -0.707107 -0.707107 0.000000
2451545.032011  9.0539608471e-01  1.000000 0.000000 0.000000  -0.707107 -0.707107 0.000000
2451545.032678  8.9931978811e-01  1.000000 0.000000 0.000000  -0.707107 -0.707107 0.000000
2451545.033345  8.8971645036e-01  1.000000 0.000000 0.000000  -0.707107 -0.707107 0.000000
2451545.034012  8.9153495644e-01  1.000000 0.000000 0.000000  -0.707107 -0.707107 0.000000
2451545.034679  8.9272710591e-01  1.000000 0.000000 0.000000  -0.707107 -0.707107 0.000000
2451545.035345  8.9736660740e-01  1.000000 0.000000 0.000000  -0.707107 -0.707107 0.000000
2451545.036012  9.0559132310e-01  1.000000 0.000000 0.000000  -0.707107 -0.707107 0.000000
2451545.036679  9.1022524634e-01  1.000000 0.000000 0.000000  -0.707107 -0.707107 0.000000
2451545.037346  9.2510241109e-01  1.000000 0.000000 0.000000  -0.707107 -0.707107 0.000000
2451545.038013  9.3435272597e-01  1.000000 0.000000 0.000000  -0.707107 -0.707107 0.000000
2451545.038680  9.4044017905e-01  1.000000 0.000000 0.000000  -0.707107 -0.707107 0.000000
2451545.039347  9.5235211106e-01  1.000000 0.000000 0.000000  -0.707107 -0.707107 0.000000
2451545.040014  9.6261607175e-01  1.000000 0.000000 0.000000  -0.707107 -0.707107 0.000000
2451545.040681  9.7196759183e-01  1.000000 0.000000 0.000000  -0.707107 -0.707107 0.000000
2451545.041348  9.7222658152e-01  1.000000 0.000000 0.000000  -0.707107 -0.707107 0.000000
2451545.042014  9.7751873702e-01  1.000000 0.000000 0.000000  -0.707107 -0.707107 0.000000
2451545.042681  9.8171994826e-01  1.000000 0.000000 0.000000  -0.707107 -0.707107 0.000000
2451545.043348  9.9939659235e-01  1.000000 0.000000 0.000000  -0.707107 -0.707107 0.000000
2451545.044015  1.0026702220e+00  1.000000 0.000000 0.000000  -0.707107 -0.707107 0.000000
2451545.044682  1.0018326892e+00  1.000000 0.000000 0.000000  -0.707107 -0.707107 0.000000
2451545.045349  1.0027339734e+00  1.000000 0.000000 0.000000  -0.707107 -0.707107 0.000000
2451545.046016  1.0053230734e+00  1.000000 0.000000 0.000000  -0.707107 -0.707107 0.000000
2451545.046683  1.0077623578e+00  1.000000 0.000000 0.000000  -0.707107 -0.707107 0.000000
2451545.047350  1.0170588924e+00  1.000000 0.000000 0.000000  -0.707107 -0.707107 0.000000
2451545.048017  1.0169186395e+00  1.000000 0.000000 0.000000  -0.707107 -0.707107 0.000000
2451545.048683  1.0005154278e+00  1.000000 0.000000 0.000000  -0.707107 -0.707107 0.000000
2451545.049350  1.0024893277e+00  1.000000 0.000000 0.000000  -0.707107 -0.707107 0.000000
2451545.050017  9.9709277944e-01  1.000000 0.000000 0.000000  -0.707107 -0.707107 0.000000
2451545.050684  9.9859651343e-01  1.000000 0.000000 0.000000  -0.707107 -0.707107 0.000000
2451545.051351  9.9635406115e-01  1.000000 0.000000 0.000000  -0.707107 -0.707107 0.000000
2451545.052018  9.9246921578e-01  1.000000 0.000000 0.000000  -0.707107 -0.707107 0.000000
2451545.052685  9.8710055870e-01  1.000000 0.000000 0.000000  -0.707107 -0.707107 0.000000
2451545.053352  9.8720973282e-01  1.000000 0.000000 0.000000  -0.707107 -0.707107 0.000000
2451545.054019  9.8444292603e-01  1.000000 0.000000 0.000000  -0.707107 -0.707107 0.000000
2451545.054685  9.7589467244e-01  1.000000 0.000000 0.000000  -0.707107 -0.707107 0.000000
2451545.055352  9.7574565375e-01  1.000000 0.000000 0.000000  -0.707107 -0.707107 0.000000
2451545.056019  9.8955817165e-01  1.000000 0.000000 0.000000  -0.707107 -0.707107 0.000000
2451545.056686  9.7451684728e-01  1.000000 0.000000 0.000000  -0.707107 -0.707107 0.000000
2451545.057353  9.6351576209e-01  1.000000 0.000000 0.000000  -0.707107 -0.707107 0.000000
2451545.058020  9.6606262687e-01  1.000000 0.000000 0.000000  -0.707107 -0.707107 0.000000
2451545.058687  9.7963607736e-01  1.000000 0.000000 0.000000  -0.707107 -0.707107 0.000000
2451545.059354  9.8313203974e-01  1.000000 0.000000 0.000000  -0.707107 -0.707107 0.000000
2451545.060021  9.8823453511e-01  1.000000 0.000000 0.000000  -0.707107 -0.707107 0.000000
2451545.060688  9.9389086996e-01  1.000000 0.000000 0.000000  -0.707107 -0.707107 0.000000
2451545.061354  9.8724638982e-01  1.000000 0.000000 0.000000  -0.707107 -0.707107 0.000000
2451545.062021  9.9487343700e-01  1.000000 0.000000 0.000000  -0.707107 -0.707107 0.000000
2451545.062688  1.0041914876e+00  1.000000 0.000000 0.000000  -0.707107 -0.707107 0.000000
2451545.063355  1.0088166451e+00  1.000000 0.000000 0.000000  -0.707107 -0.707107 0.000000
2451545.064022  1.0084755756e+00  1.000000 0.000000 0.000000  -0.707107 -0.707107 0.000000
2451545.064689  1.0121898862e+00  1.000000 0.000000 0.000000  -0.707107 -0.707107 0.000000
2451545.065356  1.0106837615e+00  1.000000 0.000000 0.000000  -0.707107 -0.707107 0.000000
2451545.066023  1.0105100392e+00  1.000000 0.000000 0.000000  -0.707107 -0.707107 0.000000
2451545.066690  1.0101769386e+00  1.000000 0.000000 0.000000  -0.707107 -0.707107 0.000000
2451545.067356  1.0092461695e+00  1.000000 0.000000 0.000000  -0.707107 -0.707107 0.000000
2451545.068023  1.0166907286e+00  1.000000 0.000000 0.000000  -0.707107 -0.707107 0.000000
2451545.068690  1.0072794417e+00  1.000000 0.000000 0.000000  -0.707107 -0.707107 0.000000
2451545.069357  1.0021466644e+00  1.000000 0.000000 0.000000  -0.707107 -0.707107 0.000000
2451545.070024  1.0036974150e+00  1.000000 0.000000 0.000000  -0.707107 -0.707107 0.000000
2451545.070691  1.0097593676e+00  1.000000 0.000000 0.000000  -0.707107 -0.707107 0.000000
2451545.071358  1.0147311727e+00  1.000000 0.000000 0.000000  -0.707107 -0.707107 0.000000
2451545.072025  9.9870329687e-01  1.000000 0.000000 0.000000  -0.707107 -0.707107 0.000000
2451545.072692  9.9862121706e-01  1.000000 0.000000 0.000000  -0.707107 -0.707107 0.000000
2451545.073359  1.0004381294e+00  1.000000 0.000000 0.000000  -0.707107 -0.707107 0.000000
2451545.074025  1.0097131479e+00  1.000000 0.000000 0.000000  -0.707107 -0.707107 0.000000
2451545.074692  1.0000739500e+00  1.000000 0.000000 0.000000  -0.707107 -0.707107 0.000000
2451545.075359  9.8789266871e-01  1.000000 0.000000 0.000000  -0.707107 -0.707107 0.000000
2451545.076026  9.7287525108e-01  1.000000 0.000000 0.000000  -0.707107 -0.707107 0.000000
2451545.076693  9.6888043471e-01  1.000000 0.000000 0.000000  -0.707107 -0.707107 0.000000
2451545.077360  9.7047023296e-01  1.000000 0.000000 0.000000  -0.707107 -0.707107 0.000000
2451545.078027  9.5982456132e-01  1.000000 0.000000 0.000000  -0.707107 -0.707107 0.000000
2451545.078694  9.5168750367e-01  1.000000 0.000000 0.000000  -0.707107 -0.707107 0.000000
2451545.079361  9.4438240059e-01  1.000000 0.000000 0.000000  -0.707107 -0.707107 0.000000
2451545.080028  9.3990227738e-01  1.000000 0.000000 0.000000  -0.707107 -0.707107 0.000000
2451545.080694  9.3732513073e-01  1.000000 0.000000 0.000000  -0.707107 -0.707107 0.000000
2451545.081361  9.3056032000e-01  1.000000 0.000000 0.000000  -0.707107 -0.707107 0.000000
2451545.082028  9.3329764181e-01  1.000000 0.000000 0.000000  -0.707107 -0.707107 0.000000
2451545.082695  9.2601883615e-01  1.000000 0.000000 0.000000  -0.707107 -0.707107 0.000000
2451545.083362  9.1326937132e-01  1.000000 0.000000 0.000000  -0.707107 -0.707107 0.000000
2451545.084029  8.9195969953e-01  1.000000 0.000000 0.000000  -0.707107 -0.707107 0.000000
2451545.084696  8.9093569414e-01  1.000000 0.000000 0.000000  -0.707107 -0.707107 0.000000
2451545.085363  8.7973379233e-01  1.000000 0.000000 0.000000  -0.707107 -0.707107 0.000000
2451545.086030  8.7440816739e-01  1.000000 0.000000 0.000000  -0.707107 -0.707107 0.000000
2451545.086696  8.5678810258e-01  1.000000 0.000000 0.000000  -0.707107 -0.707107 0.000000
2451545.087363  8.4143599058e-01  1.000000 0.000000 0.000000  -0.707107 -0.707107 0.000000
2451545.088030  8.0546033025e-01  1.000000 0.000000 0.000000  -0.707107 -0.707107 0.000000
2451545.088697  7.8807933285e-01  1.000000 0.000000 0.000000  -0.707107 -0.707107 0.000000
2451545.089364  7.7440148959e-01  1.000000 0.000000 0.000000  -0.707107 -0.707107 0.000000
2451545.090031  7.4317450485e-01  1.000000 0.000000 0.000000  -0.707107 -0.707107 0.000000
2451545.090698  7.4288284262e-01  1.000000 0.000000 0.000000  -0.707107 -0.707107 0.000000
2451545.091365  7.7341015674e-01  1.000000 0.000000 0.000000  -0.707107 -0.707107 0.000000
2451545.092032  8.2161331806e-01  1.000000 0.000000 0.000000  -0.707107 -0.707107 0.000000
2451545.092699  8.6220696381e-01  1.000000 0.000000 0.000000  -0.707107 -0.707107 0.000000
2451545.093365  9.0106498019e-01  1.000000 0.000000 0.000000  -0.707107 -0.707107 0.000000
2451545.094032  9.6127490359e-01  1.000000 0.000000 0.000000  -0.707107 -0.707107 0.000000
2451545.094699  9.9813989468e-01  1.000000 0.000000 0.000000  -0.707107 -0.707107 0.000000
2451545.095366  1.0278089568e+00  1.000000 0.000000 0.000000  -0.707107 -0.707107 0.000000
2451545.096033  1.0728954760e+00  1.000000 0.000000 0.000000  -0.707107 -0.707107 0.000000
2451545.096700  1.0917092841e+00  1.000000 0.000000 0.000000  -0.707107 -0.707107 0.000000
2451545.097367  1.1281718450e+00  1.000000 0.000000 0.000000  -0.707107 -0.707107 0.000000
2451545.098034  1.1451775066e+00  1.000000 0.000000 0.000000  -0.707107 -0.707107 0.000000
2451545.098701  1.1596769449e+00  1.000000 0.000000 0.000000  -0.707107 -0.707107 0.000000
2451545.099367  1.1676123890e+00  1.000000 0.000000 0.000000  -0.707107 -0.707107 0.000000
2451545.100034  1.1726351952e+00  1.000000 0.000000 0.000000  -0.707107 -0.707107 0.000000
2451545.100701  1.1750314475e+00  1.000000 0.000000 0.000000  -0.707107 -0.707107 0.000000
2451545.101368  1.1900385056e+00  1.000000 0.000000 0.000000  -0.707107 -0.707107 0.000000
2451545.102035  1.2045148340e+00  1.000000 0.000000 0.000000  -0.707107 -0.707107 0.000000
2451545.102702  1.2052423958e+00  1.000000 0.000000 0.000000  -0.707107 -0.707107 0.000000
2451545.103369  1.1944612526e+00  1.000000 0.000000 0.000000  -0.707107 -0.707107 0.000000
2451545.104036  1.1947943532e+00  1.000000 0.000000 0.000000  -0.707107 -0.707107 0.000000
2451545.104703  1.2027114688e+00  1.000000 0.000000 0.000000  -0.707107 -0.707107 0.000000
2451545.105370  1.2017448396e+00  1.000000 0.000000 0.000000  -0.707107 -0.707107 0.000000
2451545.106036  1.1976679434e+00  1.000000 0.000000 0.000000  -0.707107 -0.707107 0.000000
2451545.106703  1.1938014266e+00  1.000000 0.000000 0.000000  -0.707107 -0.707107 0.000000
2451545.107370  1.1845120640e+00  1.000000 0.000000 0.000000  -0.707107 -0.707107 0.000000
2451545.108037  1.1808224570e+00  1.000000 0.000000 0.000000  -0.707107 -0.707107 0.000000
2451545.108704  1.1792884412e+00  1.000000 0.000000 0.000000  -0.707107 -0.707107 0.000000
2451545.109371  1.1652025895e+00  1.000000 0.000000 0.000000  -0.707107 -0.707107 0.000000
2451545.110038  1.1490623520e+00  1.000000 0.000000 0.000000  -0.707107 -0.707107 0.000000
2451545.110705  1.1546158879e+00  1.000000 0.000000 0.000000  -0.707107 -0.707107 0.000000
2451545.111372  1.1222597081e+00  1.000000 0.000000 0.000000  -0.707107 -0.707107 0.000000
2451545.112039  1.1166336551e+00  1.000000 0.000000 0.000000  -0.707107 -0.707107 0.000000
2451545.112705  1.1062055348e+00  1.000000 0.000000 0.000000  -0.707107 -0.707107 0.000000
2451545.113372  1.1011269462e+00  1.000000 0.000000 0.000000  -0.707107 -0.707107 0.000000
2451545.114039  1.0818724572e+00  1.000000 0.000000 0.000000  -0.707107 -0.707107 0.000000
2451545.114706  1.0684456347e+00  1.000000 0.000000 0.000000  -0.707107 -0.707107 0.000000
2451545.115373  1.0366090281e+00  1.000000 0.000000 0.000000  -0.707107 -0.707107 0.000000
2451545.116040  1.0131071082e+00  1.000000 0.000000 0.000000  -0.707107 -0.707107 0.000000
2451545.116707  9.9593728697e-01  1.000000 0.000000 0.000000  -0.707107 -0.707107 0.000000
2451545.117374  9.5951377369e-01  1.000000 0.000000 0.000000  -0.707107 -0.707107 0.000000
2451545.118041  9.2394373106e-01  1.000000 0.000000 0.000000  -0.707107 -0.707107 0.000000
2451545.118707  8.8290621682e-01  1.000000 0.000000 0.000000  -0.707107 -0.707107 0.000000
2451545.119374  8.1158204965e-01  1.000000 0.000000 0.000000  -0.707107 -0.707107 0.000000
2451545.120041  7.6428734448e-01  1.000000 0.000000 0.000000  -0.707107 -0.707107 0.000000
2451545.120708  7.2698964138e-01  1.000000 0.000000 0.000000  -0.707107 -0.707107 0.000000
2451545.121375  7.3715558443e-01  1.000000 0.000000 0.000000  -0.707107 -0.707107 0.000000
2451545.122042  7.5255471302e-01  1.000000 0.000000 0.000000  -0.707107 -0.707107 0.000000
2451545.122709  7.7300453904e-01  1.000000 0.000000 0.000000  -0.707107 -0.707107 0.000000
2451545.123376  7.8896388225e-01  1.000000 0.000000 0.000000  -0.707107 -0.707107 0.000000
2451545.124043  8.0432236939e-01  1.000000 0.000000 0.000000  -0.707107 -0.707107 0.000000
2451545.124710  8.3661320408e-01  1.000000 0.000000 0.000000  -0.707107 -0.707107 0.000000
2451545.125376  8.4568581219e-01  1.000000 0.000000 0.000000  -0.707107 -0.707107 0.000000
2451545.126043  8.5564137592e-01  1.000000 0.000000 0.000000  -0.707107 -0.707107 0.000000
2451545.126710  8.6622489004e-01  1.000000 0.000000 0.000000  -0.707107 -0.707107 0.000000
2451545.127377  8.6851276512e-01  1.000000 0.000000 0.000000  -0.707107 -0.707107 0.000000
2451545.128044  8.7932817463e-01  1.000000 0.000000 0.000000  -0.707107 -0.707107 0.000000
2451545.128711  9.0293528420e-01  1.000000 0.000000 0.000000  -0.707107 -0.707107 0.000000
2451545.129378  9.1035434274e-01  1.000000 0.000000 0.000000  -0.707107 -0.707107 0.000000
2451545.130045  9.1828341175e-01  1.000000 0.000000 0.000000  -0.707107 -0.707107 0.000000
2451545.130712  9.2574072107e-01  1.000000 0.000000 0.000000  -0.707107 -0.707107 0.000000
2451545.131378  9.3843280972e-01  1.000000 0.000000 0.000000  -0.707107 -0.707107 0.000000
2451545.132045  9.4702090788e-01  1.000000 0.000000 0.000000  -0.707107 -0.707107 0.000000
2451545.132712  9.5330439623e-01  1.000000 0.000000 0.000000  -0.707107 -0.707107 0.000000
2451545.133379  9.5427421302e-01  1.000000 0.000000 0.000000  -0.707107 -0.707107 0.000000
2451545.134046  9.6167733373e-01  1.000000 0.000000 0.000000  -0.707107 -0.707107 0.000000
2451545.134713  9.7073480090e-01  1.000000 0.000000 0.000000  -0.707107 -0.707107 0.000000
2451545.135380  9.7834431647e-01  1.000000 0.000000 0.000000  -0.707107 -0.707107 0.000000
2451545.136047  9.8571715531e-01  1.000000 0.000000 0.000000  -0.707107 -0.707107 0.000000
2451545.136714  9.9458018099e-01  1.000000 0.000000 0.000000  -0.707107 -0.707107 0.000000
2451545.137381  9.9998708885e-01  1.000000 0.000000 0.000000  -0.707107 -0.707107 0.000000
2451545.138047  1.0008891699e+00  1.000000 0.000000 0.000000  -0.707107 -0.707107 0.000000
2451545.138714  1.0065470985e+00  1.000000 0.000000 0.000000  -0.707107 -0.707107 0.000000
2451545.139381  1.0054728890e+00  1.000000 0.000000 0.000000  -0.707107 -0.707107 0.000000
2451545.140048  1.0114424021e+00  1.000000 0.000000 0.000000  -0.707107 -0.707107 0.000000
2451545.140715  1.0186407217e+00  1.000000 0.000000 0.000000  -0.707107 -0.707107 0.000000
2451545.141382  1.0218944292e+00  1.000000 0.000000 0.000000  -0.707107 -0.707107 0.000000
2451545.142049  1.0269793929e+00  1.000000 0.000000 0.000000  -0.707107 -0.707107 0.000000
2451545.142716  1.0195252711e+00  1.000000 0.000000 0.000000  -0.707107 -0.707107 0.000000
2451545.143383  1.0166142270e+00  1.000000 0.000000 0.000000  -0.707107 -0.707107 0.000000
2451545.144050  1.0272144759e+00  1.000000 0.000000 0.000000  -0.707107 -0.707107 0.000000
2451545.144716  1.0276455941e+00  1.000000 0.000000 0.000000  -0.707107 -0.707107 0.000000
2451545.145383  1.0293150815e+00  1.000000 0.000000 0.000000  -0.707107 -0.707107 0.000000
2451545.146050  1.0223088127e+00  1.000000 0.000000 0.000000  -0.707107 -0.707107 0.000000
2451545.146717  1.0129198387e+00  1.000000 0.000000 0.000000  -0.707107 -0.707107 0.000000
2451545.147384  1.0090581032e+00  1.000000 0.000000 0.000000  -0.707107 -0.707107 0.000000
2451545.148051  9.9836222737e-01  1.000000 0.000000 0.000000  -0.707107 -0.707107 0.000000
2451545.148718  9.9389724509e-01  1.000000 0.000000 0.000000  -0.707107 -0.707107 0.000000
2451545.149385  9.9224688309e-01  1.000000 0.000000 0.000000  -0.707107 -0.707107 0.000000
2451545.150052  9.8728224993e-01  1.000000 0.000000 0.000000  -0.707107 -0.707107 0.000000
2451545.150718  9.8791816924e-01  1.000000 0.000000 0.000000  -0.707107 -0.707107 0.000000
2451545.151385  9.9070091386e-01  1.000000 0.000000 0.000000  -0.707107 -0.707107 0.000000
2451545.152052  9.9085391700e-01  1.000000 0.000000 0.000000  -0.707107 -0.707107 0.000000
2451545.152719  9.9443116230e-01  1.000000 0.000000 0.000000  -0.707107 -0.707107 0.000000
2451545.153386  1.0067789939e+00  1.000000 0.000000 0.000000  -0.707107 -0.707107 0.000000
2451545.154053  9.9903241300e-01  1.000000 0.000000 0.000000  -0.707107 -0.707107 0.000000
2451545.154720  1.0018239234e+00  1.000000 0.000000 0.000000  -0.707107 -0.707107 0.000000
2451545.155387  1.0084166056e+00  1.000000 0.000000 0.000000  -0.707107 -0.707107 0.000000
2451545.156054  1.0253146869e+00  1.000000 0.000000 0.000000  -0.707107 -0.707107 0.000000
2451545.156721  1.0297199023e+00  1.000000 0.000000 0.000000  -0.707107 -0.707107 0.000000
2451545.157387  1.0327767775e+00  1.000000 0.000000 0.000000  -0.707107 -0.707107 0.000000
2451545.158054  1.0299438288e+00  1.000000 0.000000 0.000000  -0.707107 -0.707107 0.000000
2451545.158721  1.0315192830e+00  1.000000 0.000000 0.000000  -0.707107 -0.707107 0.000000
2451545.159388  1.0390730161e+00  1.000000 0.000000 0.000000  -0.707107 -0.707107 0.000000
2451545.160055  1.0467446892e+00  1.000000 0.000000 0.000000  -0.707107 -0.707107 0.000000
2451545.160722  1.0405855159e+00  1.000000 0.000000 0.000000  -0.707107 -0.707107 0.000000
2451545.161389  1.0327807620e+00  1.000000 0.000000 0.000000  -0.707107 -0.707107 0.000000
2451545.162056  1.0288576658e+00  1.000000 0.000000 0.000000  -0.707107 -0.707107 0.000000
2451545.162723  1.0253569221e+00  1.000000 0.000000 0.000000  -0.707107 -0.707107 0.000000
2451545.163389  1.0276965951e+00  1.000000 0.000000 0.000000  -0.707107 -0.707107 0.000000
2451545.164056  1.0132250481e+00  1.000000 0.000000 0.000000  -0.707107 -0.707107 0.000000
2451545.164723  1.0008740289e+00  1.000000 0.000000 0.000000  -0.707107 -0.707107 0.000000
2451545.165390  9.9275131532e-01  1.000000 0.000000 0.000000  -0.707107 -0.707107 0.000000
2451545.166057  9.7486588569e-01  1.000000 0.000000 0.000000  -0.707107 -0.707107 0.000000
2451545.166724  9.7032360495e-01  1.000000 0.000000 0.000000  -0.707107 -0.707107 0.000000
2451545.167391  9.5537950133e-01  1.000000 0.000000 0.000000  -0.707107 -0.707107 0.000000
2451545.168058  9.5988034372e-01  1.000000 0.000000 0.000000  -0.707107 -0.707107 0.000000
2451545.168725  9.4429553944e-01  1.000000 0.000000 0.000000  -0.707107 -0.707107 0.000000
2451545.169392  9.2025731164e-01  1.000000 0.000000 0.000000  -0.707107 -0.707107 0.000000
2451545.170058  9.1948034257e-01  1.000000 0.000000 0.000000  -0.707107 -0.707107 0.000000
2451545.170725  9.1103727863e-01  1.000000 0.000000 0.000000  -0.707107 -0.707107 0.000000
2451545.171392  9.2071472728e-01  1.000000 0.000000 0.000000  -0.707107 -0.707107 0.000000
2451545.172059  9.1177360625e-01  1.000000 0.000000 0.000000  -0.707107 -0.707107 0.000000
2451545.172726  9.0973834572e-01  1.000000 0.000000 0.000000  -0.707107 -0.707107 0.000000
2451545.173393  8.9407305541e-01  1.000000 0.000000 0.000000  -0.707107 -0.707107 0.000000
2451545.174060  8.8633444344e-01  1.000000 0.000000 0.000000  -0.707107 -0.707107 0.000000
2451545.174727  8.9247608513e-01  1.000000 0.000000 0.000000  -0.707107 -0.707107 0.000000
2451545.175394  8.7298970077e-01  1.000000 0.000000 0.000000  -0.707107 -0.707107 0.000000
2451545.176061  8.7027708259e-01  1.000000 0.000000 0.000000  -0.707107 -0.707107 0.000000
2451545.176727  8.6708393892e-01  1.000000 0.000000 0.000000  -0.707107 -0.707107 0.000000
2451545.177394  8.5955490937e-01  1.000000 0.000000 0.000000  -0.707107 -0.707107 0.000000
2451545.178061  8.6396649993e-01  1.000000 0.000000 0.000000  -0.707107 -0.707107 0.000000
2451545.178728  8.6294329143e-01  1.000000 0.000000 0.000000  -0.707107 -0.707107 0.000000
2451545.179395  8.6777962507e-01  1.000000 0.000000 0.000000  -0.707107 -0.707107 0.000000
2451545.180062  8.7695981351e-01  1.000000 0.000000 0.000000  -0.707107 -0.707107 0.000000
2451545.180729  8.8710105293e-01  1.000000 0.000000 0.000000  -0.707107 -0.707107 0.000000
2451545.181396  9.0769830384e-01  1.000000 0.000000 0.000000  -0.707107 -0.707107 0.000000
2451545.182063  9.1857507398e-01  1.000000 0.000000 0.000000  -0.707107 -0.707107 0.000000
2451545.182729  9.3257725203e-01  1.000000 0.000000 0.000000  -0.707107 -0.707107 0.000000
2451545.183396  9.5806980655e-01  1.000000 0.000000 0.000000  -0.707107 -0.707107 0.000000
2451545.184063  9.7217956493e-01  1.000000 0.000000 0.000000  -0.707107 -0.707107 0.000000
2451545.184730  9.8872940464e-01  1.000000 0.000000 0.000000  -0.707107 -0.707107 0.000000
2451545.185397  9.9796139102e-01  1.000000 0.000000 0.000000  -0.707107 -0.707107 0.000000
2451545.186064  1.0101777355e+00  1.000000 0.000000 0.000000  -0.707107 -0.707107 0.000000
2451545.186731  1.0244755603e+00  1.000000 0.000000 0.000000  -0.707107 -0.707107 0.000000
2451545.187398  1.0470698209e+00  1.000000 0.000000 0.000000  -0.707107 -0.707107 0.000000
2451545.188065  1.0546610080e+00  1.000000 0.000000 0.000000  -0.707107 -0.707107 0.000000
2451545.188732  1.0591881478e+00  1.000000 0.000000 0.000000  -0.707107 -0.707107 0.000000
2451545.189398  1.0589028607e+00  1.000000 0.000000 0.000000  -0.707107 -0.707107 0.000000
2451545.190065  1.0669514634e+00  1.000000 0.000000 0.000000  -0.707107 -0.707107 0.000000
2451545.190732  1.0765085814e+00  1.000000 0.000000 0.000000  -0.707107 -0.707107 0.000000
2451545.191399  1.0842647250e+00  1.000000 0.000000 0.000000  -0.707107 -0.707107 0.000000
2451545.192066  1.0883479963e+00  1.000000 0.000000 0.000000  -0.707107 -0.707107 0.000000
2451545.192733  1.0949940703e+00  1.000000 0.000000 0.000000  -0.707107 -0.707107 0.000000
2451545.193400  1.0973879319e+00  1.000000 0.000000 0.000000  -0.707107 -0.707107 0.000000
2451545.194067  1.1025278812e+00  1.000000 0.000000 0.000000  -0.707107 -0.707107 0.000000
2451545.194734  1.1015469079e+00  1.000000 0.000000 0.000000  -0.707107 -0.707107 0.000000
2451545.195400  1.1056293823e+00  1.000000 0.000000 0.000000  -0.707107 -0.707107 0.000000
2451545.196067  1.1135520762e+00  1.000000 0.000000 0.000000  -0.707107 -0.707107 0.000000
2451545.196734  1.1121782355e+00  1.000000 0.000000 0.000000  -0.707107 -0.707107 0.000000
2451545.197401  1.1105509833e+00  1.000000 0.000000 0.000000  -0.707107 -0.707107 0.000000
2451545.198068  1.1149761211e+00  1.000000 0.000000 0.000000  -0.707107 -0.707107 0.000000
2451545.198735  1.1246583510e+00  1.000000 0.000000 0.000000  -0.707107 -0.707107 0.000000
2451545.199402  1.1269741173e+00  1.000000 0.000000 0.000000  -0.707107 -0.707107 0.000000
2451545.200069  1.1271757308e+00  1.000000 0.000000 0.000000  -0.707107 -0.707107 0.000000
2451545.200736  1.1224661029e+00  1.000000 0.000000 0.000000  -0.707107 -0.707107 0.000000
2451545.201403  1.1248081666e+00  1.000000 0.000000 0.000000  -0.707107 -0.707107 0.000000
2451545.202069  1.1247324619e+00  1.000000 0.000000 0.000000  -0.707107 -0.707107 0.000000
2451545.202736  1.1180616844e+00  1.000000 0.000000 0.000000  -0.707107 -0.707107 0.000000
2451545.203403  1.1092974732e+00  1.000000 0.000000 0.000000  -0.707107 -0.707107 0.000000
2451545.204070  1.0957367730e+00  1.000000 0.000000 0.000000  -0.707107 -0.707107 0.000000
2451545.204737  1.0861963897e+00  1.000000 0.000000 0.000000  -0.707107 -0.707107 0.000000
2451545.205404  1.0699095241e+00  1.000000 0.000000 0.000000  -0.707107 -0.707107 0.000000
2451545.206071  1.0582239093e+00  1.000000 0.000000 0.000000  -0.707107 -0.707107 0.000000
2451545.206738  1.0292098918e+00  1.000000 0.000000 0.000000  -0.707107 -0.707107 0.000000
2451545.207405  1.0063574384e+00  1.000000 0.000000 0.000000  -0.707107 -0.707107 0.000000
2451545.208072  9.9139978758e-01  1.000000 0.000000 0.000000  -0.707107 -0.707107 0.000000
2451545.208738  9.5978152919e-01  1.000000 0.000000 0.000000  -0.707107 -0.707107 0.000000
2451545.209405  9.3195487988e-01  1.000000 0.000000 0.000000  -0.707107 -0.707107 0.000000
2451545.210072  9.1400649583e-01  1.000000 0.000000 0.000000  -0.707107 -0.707107 0.000000
2451545.210739  9.1822284800e-01  1.000000 0.000000 0.000000  -0.707107 -0.707107 0.000000
2451545.211406  9.3688524670e-01  1.000000 0.000000 0.000000  -0.707107 -0.707107 0.000000
2451545.212073  9.6113226004e-01  1.000000 0.000000 0.000000  -0.707107 -0.707107 0.000000
2451545.212740  9.8247858883e-01  1.000000 0.000000 0.000000  -0.707107 -0.707107 0.000000
2451545.213407  9.9497942356e-01  1.000000 0.000000 0.000000  -0.707107 -0.707107 0.000000
2451545.214074  1.0020693660e+00  1.000000 0.000000 0.000000  -0.707107 -0.707107 0.000000
2451545.214740  1.0150905707e+00  1.000000 0.000000 0.000000  -0.707107 -0.707107 0.000000
2451545.215407  1.0155846434e+00  1.000000 0.000000 0.000000  -0.707107 -0.707107 0.000000
2451545.216074  1.0030885900e+00  1.000000 0.000000 0.000000  -0.707107 -0.707107 0.000000
2451545.216741  9.9924438610e-01  1.000000 0.000000 0.000000  -0.707107 -0.707107 0.000000
2451545.217408  9.9895670832e-01  1.000000 0.000000 0.000000  -0.707107 -0.707107 0.000000
2451545.218075  9.9428931564e-01  1.000000 0.000000 0.000000  -0.707107 -0.707107 0.000000
2451545.218742  9.9139022488e-01  1.000000 0.000000 0.000000  -0.707107 -0.707107 0.000000
2451545.219409  9.9229947792e-01  1.000000 0.000000 0.000000  -0.707107 -0.707107 0.000000
2451545.220076  9.8946732604e-01  1.000000 0.000000 0.000000  -0.707107 -0.707107 0.000000
2451545.220743  9.9130814507e-01  1.000000 0.000000 0.000000  -0.707107 -0.707107 0.000000
2451545.221409  9.9755816399e-01  1.000000 0.000000 0.000000  -0.707107 -0.707107 0.000000
2451545.222076  1.0023203867e+00  1.000000 0.000000 0.000000  -0.707107 -0.707107 0.000000
2451545.222743  1.0027801931e+00  1.000000 0.000000 0.000000  -0.707107 -0.707107 0.000000
2451545.223410  1.0012501616e+00  1.000000 0.000000 0.000000  -0.707107 -0.707107 0.000000
2451545.224077  1.0057127532e+00  1.000000 0.000000 0.000000  -0.707107 -0.707107 0.000000
2451545.224744  1.0043755696e+00  1.000000 0.000000 0.000000  -0.707107 -0.707107 0.000000
2451545.225411  1.0081894916e+00  1.000000 0.000000 0.000000  -0.707107 -0.707107 0.000000
2451545.226078  1.0192184680e+00  1.000000 0.000000 0.000000  -0.707107 -0.707107 0.000000
2451545.226745  1.0182486512e+00  1.000000 0.000000 0.000000  -0.707107 -0.707107 0.000000
2451545.227411  1.0217223006e+00  1.000000 0.000000 0.000000  -0.707107 -0.707107 0.000000
2451545.228078  1.0096286774e+00  1.000000 0.000000 0.000000  -0.707107 -0.707107 0.000000
2451545.228745  1.0055820631e+00  1.000000 0.000000 0.000000  -0.707107 -0.707107 0.000000
2451545.229412  1.0061040269e+00  1.000000 0.000000 0.000000  -0.707107 -0.707107 0.000000
2451545.230079  1.0142219592e+00  1.000000 0.000000 0.000000  -0.707107 -0.707107 0.000000
2451545.230746  1.0121444634e+00  1.000000 0.000000 0.000000  -0.707107 -0.707107 0.000000
2451545.231413  1.0038894658e+00  1.000000 0.000000 0.000000  -0.707107 -0.707107 0.000000
2451545.232080  9.9744659920e-01  1.000000 0.000000 0.000000  -0.707107 -0.707107 0.000000
2451545.232747  9.9709198254e-01  1.000000 0.000000 0.000000  -0.707107 -0.707107 0.000000
2451545.233414  9.9167391820e-01  1.000000 0.000000 0.000000  -0.707107 -0.707107 0.000000
2451545.234080  9.9783787285e-01  1.000000 0.000000 0.000000  -0.707107 -0.707107 0.000000
2451545.234747  9.9512525467e-01  1.000000 0.000000 0.000000  -0.707107 -0.707107 0.000000
2451545.235414  1.0058633657e+00  1.000000 0.000000 0.000000  -0.707107 -0.707107 0.000000
2451545.236081  1.0133294408e+00  1.000000 0.000000 0.000000  -0.707107 -0.707107 0.000000
2451545.236748  1.0112296321e+00  1.000000 0.000000 0.000000  -0.707107 -0.707107 0.000000
2451545.237415  1.0075161184e+00  1.000000 0.000000 0.000000  -0.707107 -0.707107 0.000000
2451545.238082  1.0055127335e+00  1.000000 0.000000 0.000000  -0.707107 -0.707107 0.000000
2451545.238749  9.9125315957e-01  1.000000 0.000000 0.000000  -0.707107 -0.707107 0.000000
2451545.239416  9.2941996847e-01  1.000000 0.000000 0.000000  -0.707107 -0.707107 0.000000
360  1
2451545.000000  7.7150722875e-01  1.000000 0.000000 0.000000  -0.707107 -0.707107 0.000000
2451545.000667  7.6083043469e-01  1.000000 0.000000 0.000000  -0.707107 -0.707107 0.000000
2451545.001334  7.7686110781e-01  1.000000 0.000000 0.000000  -0.707107 -0.707107 0.000000
2451545.002001  8.1886578699e-01  1.000000 0.000000 0.000000  -0.707107 -0.707107 0.000000
2451545.002668  8.5573817365e-01  1.000000 0.000000 0.000000  -0.707107 -0.707107 0.000000
2451545.003334  8.9018084943e-01  1.000000 0.000000 0.000000  -0.707107 -0.707107 0.000000
2451545.004001  9.3607538832e-01  1.000000 0.000000 0.000000  -0.707107 -0.707107 0.000000
2451545.004668  9.7653573514e-01  1.000000 0.000000 0.000000  -0.707107 -0.707107 0.000000
2451545.005335  1.0157749369e+00  1.000000 0.000000 0.000000  -0.707107 -0.707107 0.000000
2451545.006002  1.0734425911e+00  1.000000 0.000000 0.000000  -0.707107 -0.707107 0.000000
2451545.006669  1.1025536432e+00  1.000000 0.000000 0.000000  -0.707107 -0.707107 0.000000
2451545.007336  1.1296094560e+00  1.000000 0.000000 0.000000  -0.707107 -0.707107 0.000000
2451545.008003  1.1427730509e+00  1.000000 0.000000 0.000000  -0.707107 -0.707107 0.000000
2451545.008670  1.1591665841e+00  1.000000 0.000000 0.000000  -0.707107 -0.707107 0.000000
2451545.009337  1.1702942922e+00  1.000000 0.000000 0.000000  -0.707107 -0.707107 0.000000
2451545.010003  1.1756104339e+00  1.000000 0.000000 0.000000  -0.707107 -0.707107 0.000000
2451545.010670  1.1807804638e+00  1.000000 0.000000 0.000000  -0.707107 -0.707107 0.000000
2451545.011337  1.1794238511e+00  1.000000 0.000000 0.000000  -0.707107 -0.707107 0.000000
2451545.012004  1.1712996565e+00  1.000000 0.000000 0.000000  -0.707107 -0.707107 0.000000
2451545.012671  1.1618236873e+00  1.000000 0.000000 0.000000  -0.707107 -0.707107 0.000000
2451545.013338  1.1555234692e+00  1.000000 0.000000 0.000000  -0.707107 -0.707107 0.000000
2451545.014005  1.1475715122e+00  1.000000 0.000000 0.000000  -0.707107 -0.707107 0.000000
2451545.014672  1.1348588314e+00  1.000000 0.000000 0.000000  -0.707107 -0.707107 0.000000
2451545.015339  1.1316066377e+00  1.000000 0.000000 0.000000  -0.707107 -0.707107 0.000000
2451545.016006  1.1257495927e+00  1.000000 0.000000 0.000000  -0.707107 -0.707107 0.000000
2451545.016672  1.1231002306e+00  1.000000 0.000000 0.000000  -0.707107 -0.707107 0.000000
2451545.017339  1.1093260631e+00  1.000000 0.000000 0.000000  -0.707107 -0.707107 0.000000
2451545.018006  1.1140306646e+00  1.000000 0.000000 0.000000  -0.707107 -0.707107 0.000000
2451545.018673  1.1065605857e+00  1.000000 0.000000 0.000000  -0.707107 -0.707107 0.000000
2451545.019340  1.0976942214e+00  1.000000 0.000000 0.000000  -0.707107 -0.707107 0.000000
2451545.020007  1.0818599765e+00  1.000000 0.000000 0.000000  -0.707107 -0.707107 0.000000
2451545.020674  1.0707554914e+00  1.000000 0.000000 0.000000  -0.707107 -0.707107 0.000000
2451545.021341  1.0683673885e+00  1.000000 0.000000 0.000000  -0.707107 -0.707107 0.000000
2451545.022008  1.0670668981e+00  1.000000 0.000000 0.000000  -0.707107 -0.707107 0.000000
2451545.022674  1.0610995437e+00  1.000000 0.000000 0.000000  -0.707107 -0.707107 0.000000
2451545.023341  1.0520309453e+00  1.000000 0.000000 0.000000  -0.707107 -0.707107 0.000000
2451545.024008  1.0168470674e+00  1.000000 0.000000 0.000000  -0.707107 -0.707107 0.000000
2451545.024675  1.0054164921e+00  1.000000 0.000000 0.000000  -0.707107 -0.707107 0.000000
2451545.025342  9.9479194988e-01  1.000000 0.000000 0.000000  -0.707107 -0.707107 0.000000
2451545.026009  9.7754690514e-01  1.000000 0.000000 0.000000  -0.707107 -0.707107 0.000000
2451545.026676  9.7434212519e-01  1.000000 0.000000 0.000000  -0.707107 -0.707107 0.000000
2451545.027343  9.5402099487e-01  1.000000 0.000000 0.000000  -0.707107 -0.707107 0.000000
2451545.028010  9.4371673713e-01  1.000000 0.000000 0.000000  -0.707107 -0.707107 0.000000
2451545.028677  9.2989612361e-01  1.000000 0.000000 0.000000  -0.707107 -0.707107 0.000000
2451545.029343  9.1546977572e-01  1.000000 0.000000 0.000000  -0.707107 -0.707107 0.000000
2451545.030010  9.1408703703e-01  1.000000 0.000000 0.000000  -0.707107 -0.707107 0.000000
2451545.030677  9.1213823666e-01  1.000000 0.000000 0.000000  -0.707107 -0.707107 0.000000
2451545.031344  8.9925331826e-01  1.000000 0.000000 0.000000  -0.707107 -0.707107 0.000000
2451545.032011  8.9859920254e-01  1.000000 0.000000 0.000000  -0.707107 -0.707107 0.000000
2451545.032678  9.0375181523e-01  1.000000 0.000000 0.000000  -0.707107 -0.707107 0.000000
2451545.033345  9.2108975215e-01  1.000000 0.000000 0.000000  -0.707107 -0.707107 0.000000
2451545.034012  9.2683842294e-01  1.000000 0.000000 0.000000  -0.707107 -0.707107 0.000000
2451545.034679  9.4094448636e-01  1.000000 0.000000 0.000000  -0.707107 -0.707107 0.000000
2451545.035345  9.4898159452e-01  1.000000 0.000000 0.000000  -0.707107 -0.707107 0.000000
2451545.036012  9.5939229121e-01  1.000000 0.000000 0.000000  -0.707107 -0.707107 0.000000
2451545.036679  9.7173920912e-01  1.000000 0.000000 0.000000  -0.707107 -0.707107 0.000000
2451545.037346  9.9881727735e-01  1.000000 0.000000 0.000000  -0.707107 -0.707107 0.000000
2451545.038013  1.0053574669e+00  1.000000 0.000000 0.000000  -0.707107 -0.707107 0.000000
2451545.038680  1.0106203890e+00  1.000000 0.000000 0.000000  -0.707107 -0.707107 0.000000
2451545.039347  1.0269742495e+00  1.000000 0.000000 0.000000  -0.707107 -0.707107 0.000000
2451545.040014  1.0330954566e+00  1.000000 0.000000 0.000000  -0.707107 -0.707107 0.000000
2451545.040681  1.0370491797e+00  1.000000 0.000000 0.000000  -0.707107 -0.707107 0.000000
2451545.041348  1.0428365555e+00  1.000000 0.000000 0.000000  -0.707107 -0.707107 0.000000
2451545.042014  1.0489113165e+00  1.000000 0.000000 0.000000  -0.707107 -0.707107 0.000000
2451545.042681  1.0607899031e+00  1.000000 0.000000 0.000000  -0.707107 -0.707107 0.000000
2451545.043348  1.0716728016e+00  1.000000 0.000000 0.000000  -0.707107 -0.707107 0.000000
2451545.044015  1.0758016652e+00  1.000000 0.000000 0.000000  -0.707107 -0.707107 0.000000
2451545.044682  1.0922493854e+00  1.000000 0.000000 0.000000  -0.707107 -0.707107 0.000000
2451545.045349  1.1124495624e+00  1.000000 0.000000 0.000000  -0.707107 -0.707107 0.000000
2451545.046016  1.1161720227e+00  1.000000 0.000000 0.000000  -0.707107 -0.707107 0.000000
2451545.046683  1.1209937070e+00  1.000000 0.000000 0.000000  -0.707107 -0.707107 0.000000
2451545.047350  1.1173370454e+00  1.000000 0.000000 0.000000  -0.707107 -0.707107 0.000000
2451545.048017  1.1204740914e+00  1.000000 0.000000 0.000000  -0.707107 -0.707107 0.000000
2451545.048683  1.1321572174e+00  1.000000 0.000000 0.000000  -0.707107 -0.707107 0.000000
2451545.049350  1.1274139108e+00  1.000000 0.000000 0.000000  -0.707107 -0.707107 0.000000
2451545.050017  1.1345511261e+00  1.000000 0.000000 0.000000  -0.707107 -0.707107 0.000000
2451545.050684  1.1052852536e+00  1.000000 0.000000 0.000000  -0.707107 -0.707107 0.000000
2451545.051351  1.1058697002e+00  1.000000 0.000000 0.000000  -0.707107 -0.707107 0.000000
2451545.052018  1.1000832920e+00  1.000000 0.000000 0.000000  -0.707107 -0.707107 0.000000
2451545.052685  1.0870648411e+00  1.000000 0.000000 0.000000  -0.707107 -0.707107 0.000000
2451545.053352  1.0695546666e+00  1.000000 0.000000 0.000000  -0.707107 -0.707107 0.000000
2451545.054019  1.0597458338e+00  1.000000 0.000000 0.000000  -0.707107 -0.707107 0.000000
2451545.054685  1.0397353116e+00  1.000000 0.000000 0.000000  -0.707107 -0.707107 0.000000
2451545.055352  1.0209149705e+00  1.000000 0.000000 0.000000  -0.707107 -0.707107 0.000000
2451545.056019  1.0079816707e+00  1.000000 0.000000 0.000000  -0.707107 -0.707107 0.000000
2451545.056686  9.9148169862e-01  1.000000 0.000000 0.000000  -0.707107 -0.707107 0.000000
2451545.057353  9.7299518870e-01  1.000000 0.000000 0.000000  -0.707107 -0.707107 0.000000
2451545.058020  9.5520149956e-01  1.000000 0.000000 0.000000  -0.707107 -0.707107 0.000000
2451545.058687  9.3810933985e-01  1.000000 0.000000 0.000000  -0.707107 -0.707107 0.000000
2451545.059354  9.1459504110e-01  1.000000 0.000000 0.000000  -0.707107 -0.707107 0.000000
2451545.060021  9.0708625716e-01  1.000000 0.000000 0.000000  -0.707107 -0.707107 0.000000
2451545.060688  9.1021072409e-01  1.000000 0.000000 0.000000  -0.707107 -0.707107 0.000000
2451545.061354  9.1046520993e-01  1.000000 0.000000 0.000000  -0.707107 -0.707107 0.000000
2451545.062021  9.1569232988e-01  1.000000 0.000000 0.000000  -0.707107 -0.707107 0.000000
2451545.062688  9.1729665511e-01  1.000000 0.000000 0.000000  -0.707107 -0.707107 0.000000
2451545.063355  9.3574058945e-01  1.000000 0.000000 0.000000  -0.707107 -0.707107 0.000000
2451545.064022  9.4837876302e-01  1.000000 0.000000 0.000000  -0.707107 -0.707107 0.000000
2451545.064689  9.7289165263e-01  1.000000 0.000000 0.000000  -0.707107 -0.707107 0.000000
2451545.065356  9.8041688621e-01  1.000000 0.000000 0.000000  -0.707107 -0.707107 0.000000
2451545.066023  9.8725220190e-01  1.000000 0.000000 0.000000  -0.707107 -0.707107 0.000000
2451545.066690  9.7944151841e-01  1.000000 0.000000 0.000000  -0.707107 -0.707107 0.000000
2451545.067356  9.8932485849e-01  1.000000 0.000000 0.000000  -0.707107 -0.707107 0.000000
2451545.068023  9.9015024415e-01  1.000000 0.000000 0.000000  -0.707107 -0.707107 0.000000
2451545.068690  1.0047614088e+00  1.000000 0.000000 0.000000  -0.707107 -0.707107 0.000000
2451545.069357  1.0121473041e+00  1.000000 0.000000 0.000000  -0.707107 -0.707107 0.000000
2451545.070024  1.0114941560e+00  1.000000 0.000000 0.000000  -0.707107 -0.707107 0.000000
2451545.070691  1.0139616043e+00  1.000000 0.000000 0.000000  -0.707107 -0.707107 0.000000
2451545.071358  1.0197973615e+00  1.000000 0.000000 0.000000  -0.707107 -0.707107 0.000000
2451545.072025  1.0378348926e+00  1.000000 0.000000 0.000000  -0.707107 -0.707107 0.000000
2451545.072692  1.0462735659e+00  1.000000 0.000000 0.000000  -0.707107 -0.707107 0.000000
2451545.073359  1.0517822652e+00  1.000000 0.000000 0.000000  -0.707107 -0.707107 0.000000
2451545.074025  1.0508436673e+00  1.000000 0.000000 0.000000  -0.707107 -0.707107 0.000000
2451545.074692  1.0567858634e+00  1.000000 0.000000 0.000000  -0.707107 -0.707107 0.000000
2451545.075359  1.0590936533e+00  1.000000 0.000000 0.000000  -0.707107 -0.707107 0.000000
2451545.076026  1.0599267800e+00  1.000000 0.000000 0.000000  -0.707107 -0.707107 0.000000
2451545.076693  1.0579528213e+00  1.000000 0.000000 0.000000  -0.707107 -0.707107 0.000000
2451545.077360  1.0563842983e+00  1.000000 0.000000 0.000000  -0.707107 -0.707107 0.000000
2451545.078027  1.0376636227e+00  1.000000 0.000000 0.000000  -0.707107 -0.707107 0.000000
2451545.078694  1.0311621382e+00  1.000000 0.000000 0.000000  -0.707107 -0.707107 0.000000
2451545.079361  1.0217413238e+00  1.000000 0.000000 0.000000  -0.707107 -0.707107 0.000000
2451545.080028  1.0301761265e+00  1.000000 0.000000 0.000000  -0.707107 -0.707107 0.000000
2451545.080694  1.0107800474e+00  1.000000 0.000000 0.000000  -0.707107 -0.707107 0.000000
2451545.081361  1.0012305386e+00  1.000000 0.000000 0.000000  -0.707107 -0.707107 0.000000
2451545.082028  9.8881201629e-01  1.000000 0.000000 0.000000  -0.707107 -0.707107 0.000000
2451545.082695  9.7326515657e-01  1.000000 0.000000 0.000000  -0.707107 -0.707107 0.000000
2451545.083362  9.6106338268e-01  1.000000 0.000000 0.000000  -0.707107 -0.707107 0.000000
2451545.084029  9.4958829652e-01  1.000000 0.000000 0.000000  -0.707107 -0.707107 0.000000
2451545.084696  9.3564672965e-01  1.000000 0.000000 0.000000  -0.707107 -0.707107 0.000000
2451545.085363  9.2178741106e-01  1.000000 0.000000 0.000000  -0.707107 -0.707107 0.000000
2451545.086030  8.9363914759e-01  1.000000 0.000000 0.000000  -0.707107 -0.707107 0.000000
2451545.086696  8.8232178459e-01  1.000000 0.000000 0.000000  -0.707107 -0.707107 0.000000
2451545.087363  8.7421307205e-01  1.000000 0.000000 0.000000  -0.707107 -0.707107 0.000000
2451545.088030  8.4169500597e-01  1.000000 0.000000 0.000000  -0.707107 -0.707107 0.000000
2451545.088697  8.2058332455e-01  1.000000 0.000000 0.000000  -0.707107 -0.707107 0.000000
2451545.089364  7.9632298554e-01  1.000000 0.000000 0.000000  -0.707107 -0.707107 0.000000
2451545.090031  7.5532947636e-01  1.000000 0.000000 0.000000  -0.707107 -0.707107 0.000000
2451545.090698  7.3924558377e-01  1.000000 0.000000 0.000000  -0.707107 -0.707107 0.000000
2451545.091365  7.2469537965e-01  1.000000 0.000000 0.000000  -0.707107 -0.707107 0.000000
2451545.092032  7.1557936761e-01  1.000000 0.000000 0.000000  -0.707107 -0.707107 0.000000
2451545.092699  7.5301297781e-01  1.000000 0.000000 0.000000  -0.707107 -0.707107 0.000000
2451545.093365  8.1862678317e-01  1.000000 0.000000 0.000000  -0.707107 -0.707107 0.000000
2451545.094032  9.1374740002e-01  1.000000 0.000000 0.000000  -0.707107 -0.707107 0.000000
2451545.094699  9.8570399902e-01  1.000000 0.000000 0.000000  -0.707107 -0.707107 0.000000
2451545.095366  1.0367888881e+00  1.000000 0.000000 0.000000  -0.707107 -0.707107 0.000000
2451545.096033  1.1113571118e+00  1.000000 0.000000 0.000000  -0.707107 -0.707107 0.000000
2451545.096700  1.1491951900e+00  1.000000 0.000000 0.000000  -0.707107 -0.707107 0.000000
2451545.097367  1.1885698595e+00  1.000000 0.000000 0.000000  -0.707107 -0.707107 0.000000
2451545.098034  1.2101556781e+00  1.000000 0.000000 0.000000  -0.707107 -0.707107 0.000000
2451545.098701  1.2305513157e+00  1.000000 0.000000 0.000000  -0.707107 -0.707107 0.000000
2451545.099367  1.2526615879e+00  1.000000 0.000000 0.000000  -0.707107 -0.707107 0.000000
2451545.100034  1.2615240818e+00  1.000000 0.000000 0.000000  -0.707107 -0.707107 0.000000
2451545.100701  1.2754288788e+00  1.000000 0.000000 0.000000  -0.707107 -0.707107 0.000000
2451545.101368  1.2933502947e+00  1.000000 0.000000 0.000000  -0.707107 -0.707107 0.000000
2451545.102035  1.2966053912e+00  1.000000 0.000000 0.000000  -0.707107 -0.707107 0.000000
2451545.102702  1.3092880756e+00  1.000000 0.000000 0.000000  -0.707107 -0.707107 0.000000
2451545.103369  1.3214550149e+00  1.000000 0.000000 0.000000  -0.707107 -0.707107 0.000000
2451545.104036  1.3277871647e+00  1.000000 0.000000 0.000000  -0.707107 -0.707107 0.000000
2451545.104703  1.3257445045e+00  1.000000 0.000000 0.000000  -0.707107 -0.707107 0.000000
2451545.105370  1.3193813907e+00  1.000000 0.000000 0.000000  -0.707107 -0.707107 0.000000
2451545.106036  1.3186324476e+00  1.000000 0.000000 0.000000  -0.707107 -0.707107 0.000000
2451545.106703  1.3144223034e+00  1.000000 0.000000 0.000000  -0.707107 -0.707107 0.000000
2451545.107370  1.3176299862e+00  1.000000 0.000000 0.000000  -0.707107 -0.707107 0.000000
2451545.108037  1.3082836790e+00  1.000000 0.000000 0.000000  -0.707107 -0.707107 0.000000
2451545.108704  1.3042583515e+00  1.000000 0.000000 0.000000  -0.707107 -0.707107 0.000000
2451545.109371  1.2818374711e+00  1.000000 0.000000 0.000000  -0.707107 -0.707107 0.000000
2451545.110038  1.2692167148e+00  1.000000 0.000000 0.000000  -0.707107 -0.707107 0.000000
2451545.110705  1.2592724142e+00  1.000000 0.000000 0.000000  -0.707107 -0.707107 0.000000
2451545.111372  1.2475283278e+00  1.000000 0.000000 0.000000  -0.707107 -0.707107 0.000000
2451545.112039  1.2332790556e+00  1.000000 0.000000 0.000000  -0.707107 -0.707107 0.000000
2451545.112705  1.2135288251e+00  1.000000 0.000000 0.000000  -0.707107 -0.707107 0.000000
2451545.113372  1.1905360772e+00  1.000000 0.000000 0.000000  -0.707107 -0.707107 0.000000
2451545.114039  1.1681984126e+00  1.000000 0.000000 0.000000  -0.707107 -0.707107 0.000000
2451545.114706  1.1482362718e+00  1.000000 0.000000 0.000000  -0.707107 -0.707107 0.000000
2451545.115373  1.1137248945e+00  1.000000 0.000000 0.000000  -0.707107 -0.707107 0.000000
2451545.116040  1.0782739516e+00  1.000000 0.000000 0.000000  -0.707107 -0.707107 0.000000
2451545.116707  1.0554911787e+00  1.000000 0.000000 0.000000  -0.707107 -0.707107 0.000000
2451545.117374  9.7868676950e-01  1.000000 0.000000 0.000000  -0.707107 -0.707107 0.000000
2451545.118041  9.3045928240e-01  1.000000 0.000000 0.000000  -0.707107 -0.707107 0.000000
2451545.118707  8.6684169112e-01  1.000000 0.000000 0.000000  -0.707107 -0.707107 0.000000
2451545.119374  7.4265743585e-01  1.000000 0.000000 0.000000  -0.707107 -0.707107 0.000000
2451545.120041  6.6590044032e-01  1.000000 0.000000 0.000000  -0.707107 -0.707107 0.000000
2451545.120708  6.3888913833e-01  1.000000 0.000000 0.000000  -0.707107 -0.707107 0.000000
2451545.121375  6.4700268901e-01  1.000000 0.000000 0.000000  -0.707107 -0.707107 0.000000
2451545.122042  6.6529760882e-01  1.000000 0.000000 0.000000  -0.707107 -0.707107 0.000000
2451545.122709  6.9572656865e-01  1.000000 0.000000 0.000000  -0.707107 -0.707107 0.000000
2451545.123376  7.0515125364e-01  1.000000 0.000000 0.000000  -0.707107 -0.707107 0.000000
2451545.124043  7.2749375634e-01  1.000000 0.000000 0.000000  -0.707107 -0.707107 0.000000
2451545.124710  7.5816075236e-01  1.000000 0.000000 0.000000  -0.707107 -0.707107 0.000000
2451545.125376  7.7498584708e-01  1.000000 0.000000 0.000000  -0.707107 -0.707107 0.000000
2451545.126043  7.8507529167e-01  1.000000 0.000000 0.000000  -0.707107 -0.707107 0.000000
2451545.126710  8.2606783323e-01  1.000000 0.000000 0.000000  -0.707107 -0.707107 0.000000
2451545.127377  8.5000595251e-01  1.000000 0.000000 0.000000  -0.707107 -0.707107 0.000000
2451545.128044  8.5958545779e-01  1.000000 0.000000 0.000000  -0.707107 -0.707107 0.000000
2451545.128711  8.7958243314e-01  1.000000 0.000000 0.000000  -0.707107 -0.707107 0.000000
2451545.129378  8.9489222429e-01  1.000000 0.000000 0.000000  -0.707107 -0.707107 0.000000
2451545.130045  9.0621055491e-01  1.000000 0.000000 0.000000  -0.707107 -0.707107 0.000000
2451545.130712  9.3019899080e-01  1.000000 0.000000 0.000000  -0.707107 -0.707107 0.000000
2451545.131378  9.3879345199e-01  1.000000 0.000000 0.000000  -0.707107 -0.707107 0.000000
2451545.132045  9.4322808559e-01  1.000000 0.000000 0.000000  -0.707107 -0.707107 0.000000
2451545.132712  9.4798784180e-01  1.000000 0.000000 0.000000  -0.707107 -0.707107 0.000000
2451545.133379  9.5339203745e-01  1.000000 0.000000 0.000000  -0.707107 -0.707107 0.000000
2451545.134046  9.6130915989e-01  1.000000 0.000000 0.000000  -0.707107 -0.707107 0.000000
2451545.134713  9.8226311814e-01  1.000000 0.000000 0.000000  -0.707107 -0.707107 0.000000
2451545.135380  9.7280166334e-01  1.000000 0.000000 0.000000  -0.707107 -0.707107 0.000000
2451545.136047  9.7964084952e-01  1.000000 0.000000 0.000000  -0.707107 -0.707107 0.000000
2451545.136714  9.7563487459e-01  1.000000 0.000000 0.000000  -0.707107 -0.707107 0.000000
2451545.137381  9.7588645756e-01  1.000000 0.000000 0.000000  -0.707107 -0.707107 0.000000
2451545.138047  9.7200240360e-01  1.000000 0.000000 0.000000  -0.707107 -0.707107 0.000000
2451545.138714  9.7127571588e-01  1.000000 0.000000 0.000000  -0.707107 -0.707107 0.000000
2451545.139381  9.6435331379e-01  1.000000 0.000000 0.000000  -0.707107 -0.707107 0.000000
2451545.140048  9.6330247109e-01  1.000000 0.000000 0.000000  -0.707107 -0.707107 0.000000
2451545.140715  9.5952001794e-01  1.000000 0.000000 0.000000  -0.707107 -0.707107 0.000000
2451545.141382  9.5024241223e-01  1.000000 0.000000 0.000000  -0.707107 -0.707107 0.000000
2451545.142049  9.5002566383e-01  1.000000 0.000000 0.000000  -0.707107 -0.707107 0.000000
2451545.142716  9.6758905779e-01  1.000000 0.000000 0.000000  -0.707107 -0.707107 0.000000
2451545.143383  9.6684592041e-01  1.000000 0.000000 0.000000  -0.707107 -0.707107 0.000000
2451545.144050  9.5384391916e-01  1.000000 0.000000 0.000000  -0.707107 -0.707107 0.000000
2451545.144716  9.4817556140e-01  1.000000 0.000000 0.000000  -0.707107 -0.707107 0.000000
2451545.145383  9.4167794747e-01  1.000000 0.000000 0.000000  -0.707107 -0.707107 0.000000
2451545.146050  9.6144269239e-01  1.000000 0.000000 0.000000  -0.707107 -0.707107 0.000000
2451545.146717  9.6293283765e-01  1.000000 0.000000 0.000000  -0.707107 -0.707107 0.000000
2451545.147384  9.5493346694e-01  1.000000 0.000000 0.000000  -0.707107 -0.707107 0.000000
2451545.148051  9.4220820695e-01  1.000000 0.000000 0.000000  -0.707107 -0.707107 0.000000
2451545.148718  9.3192523700e-01  1.000000 0.000000 0.000000  -0.707107 -0.707107 0.000000
2451545.149385  9.3221746029e-01  1.000000 0.000000 0.000000  -0.707107 -0.707107 0.000000
2451545.150052  9.2686261361e-01  1.000000 0.000000 0.000000  -0.707107 -0.707107 0.000000
2451545.150718  9.1871132548e-01  1.000000 0.000000 0.000000  -0.707107 -0.707107 0.000000
2451545.151385  9.1229692746e-01  1.000000 0.000000 0.000000  -0.707107 -0.707107 0.000000
2451545.152052  8.9475578891e-01  1.000000 0.000000 0.000000  -0.707107 -0.707107 0.000000
2451545.152719  9.0150111530e-01  1.000000 0.000000 0.000000  -0.707107 -0.707107 0.000000
2451545.153386  9.0989237487e-01  1.000000 0.000000 0.000000  -0.707107 -0.707107 0.000000
2451545.154053  9.1717666939e-01  1.000000 0.000000 0.000000  -0.707107 -0.707107 0.000000
2451545.154720  9.1926674326e-01  1.000000 0.000000 0.000000  -0.707107 -0.707107 0.000000
2451545.155387  9.2495058306e-01  1.000000 0.000000 0.000000  -0.707107 -0.707107 0.000000
2451545.156054  9.4364997088e-01  1.000000 0.000000 0.000000  -0.707107 -0.707107 0.000000
2451545.156721  9.5393003795e-01  1.000000 0.000000 0.000000  -0.707107 -0.707107 0.000000
2451545.157387  9.5953937048e-01  1.000000 0.000000 0.000000  -0.707107 -0.707107 0.000000
2451545.158054  9.7790395943e-01  1.000000 0.000000 0.000000  -0.707107 -0.707107 0.000000
2451545.158721  9.8111744801e-01  1.000000 0.000000 0.000000  -0.707107 -0.707107 0.000000
2451545.159388  9.8789083558e-01  1.000000 0.000000 0.000000  -0.707107 -0.707107 0.000000
2451545.160055  9.8928615342e-01  1.000000 0.000000 0.000000  -0.707107 -0.707107 0.000000
2451545.160722  9.9298152015e-01  1.000000 0.000000 0.000000  -0.707107 -0.707107 0.000000
2451545.161389  9.9855892100e-01  1.000000 0.000000 0.000000  -0.707107 -0.707107 0.000000
2451545.162056  1.0076923503e+00  1.000000 0.000000 0.000000  -0.707107 -0.707107 0.000000
2451545.162723  1.0107181193e+00  1.000000 0.000000 0.000000  -0.707107 -0.707107 0.000000
2451545.163389  1.0122440668e+00  1.000000 0.000000 0.000000  -0.707107 -0.707107 0.000000
2451545.164056  1.0009179951e+00  1.000000 0.000000 0.000000  -0.707107 -0.707107 0.000000
2451545.164723  1.0063686369e+00  1.000000 0.000000 0.000000  -0.707107 -0.707107 0.000000
2451545.165390  1.0063134821e+00  1.000000 0.000000 0.000000  -0.707107 -0.707107 0.000000
2451545.166057  1.0052490927e+00  1.000000 0.000000 0.000000  -0.707107 -0.707107 0.000000
2451545.166724  1.0039563433e+00  1.000000 0.000000 0.000000  -0.707107 -0.707107 0.000000
2451545.167391  1.0012121537e+00  1.000000 0.000000 0.000000  -0.707107 -0.707107 0.000000
2451545.168058  1.0022223560e+00  1.000000 0.000000 0.000000  -0.707107 -0.707107 0.000000
2451545.168725  9.9846506120e-01  1.000000 0.000000 0.000000  -0.707107 -0.707107 0.000000
2451545.169392  9.9462358282e-01  1.000000 0.000000 0.000000  -0.707107 -0.707107 0.000000
2451545.170058  1.0068756733e+00  1.000000 0.000000 0.000000  -0.707107 -0.707107 0.000000
2451545.170725  1.0094727836e+00  1.000000 0.000000 0.000000  -0.707107 -0.707107 0.000000
2451545.171392  9.9498450762e-01  1.000000 0.000000 0.000000  -0.707107 -0.707107 0.000000
2451545.172059  9.9153588572e-01  1.000000 0.000000 0.000000  -0.707107 -0.707107 0.000000
2451545.172726  9.7748304177e-01  1.000000 0.000000 0.000000  -0.707107 -0.707107 0.000000
2451545.173393  9.8595171148e-01  1.000000 0.000000 0.000000  -0.707107 -0.707107 0.000000
2451545.174060  9.8634456796e-01  1.000000 0.000000 0.000000  -0.707107 -0.707107 0.000000
2451545.174727  9.7907285260e-01  1.000000 0.000000 0.000000  -0.707107 -0.707107 0.000000
2451545.175394  9.5523923700e-01  1.000000 0.000000 0.000000  -0.707107 -0.707107 0.000000
2451545.176061  9.4844069114e-01  1.000000 0.000000 0.000000  -0.707107 -0.707107 0.000000
2451545.176727  9.3117532623e-01  1.000000 0.000000 0.000000  -0.707107 -0.707107 0.000000
2451545.177394  9.3450299478e-01  1.000000 0.000000 0.000000  -0.707107 -0.707107 0.000000
2451545.178061  9.2034371189e-01  1.000000 0.000000 0.000000  -0.707107 -0.707107 0.000000
2451545.178728  9.1542236201e-01  1.000000 0.000000 0.000000  -0.707107 -0.707107 0.000000
2451545.179395  9.0809065378e-01  1.000000 0.000000 0.000000  -0.707107 -0.707107 0.000000
2451545.180062  9.1367966615e-01  1.000000 0.000000 0.000000  -0.707107 -0.707107 0.000000
2451545.180729  9.1500531486e-01  1.000000 0.000000 0.000000  -0.707107 -0.707107 0.000000
2451545.181396  9.2277148752e-01  1.000000 0.000000 0.000000  -0.707107 -0.707107 0.000000
2451545.182063  9.3540288770e-01  1.000000 0.000000 0.000000  -0.707107 -0.707107 0.000000
2451545.182729  9.4529493643e-01  1.000000 0.000000 0.000000  -0.707107 -0.707107 0.000000
2451545.183396  9.5312690771e-01  1.000000 0.000000 0.000000  -0.707107 -0.707107 0.000000
2451545.184063  9.6698235579e-01  1.000000 0.000000 0.000000  -0.707107 -0.707107 0.000000
2451545.184730  9.7934862623e-01  1.000000 0.000000 0.000000  -0.707107 -0.707107 0.000000
2451545.185397  1.0136480932e+00  1.000000 0.000000 0.000000  -0.707107 -0.707107 0.000000
2451545.186064  1.0254492696e+00  1.000000 0.000000 0.000000  -0.707107 -0.707107 0.000000
2451545.186731  1.0335018598e+00  1.000000 0.000000 0.000000  -0.707107 -0.707107 0.000000
2451545.187398  1.0395137251e+00  1.000000 0.000000 0.000000  -0.707107 -0.707107 0.000000
2451545.188065  1.0475372865e+00  1.000000 0.000000 0.000000  -0.707107 -0.707107 0.000000
2451545.188732  1.0589572179e+00  1.000000 0.000000 0.000000  -0.707107 -0.707107 0.000000
2451545.189398  1.0833636686e+00  1.000000 0.000000 0.000000  -0.707107 -0.707107 0.000000
2451545.190065  1.0902957469e+00  1.000000 0.000000 0.000000  -0.707107 -0.707107 0.000000
2451545.190732  1.0977493762e+00  1.000000 0.000000 0.000000  -0.707107 -0.707107 0.000000
2451545.191399  1.1011680016e+00  1.000000 0.000000 0.000000  -0.707107 -0.707107 0.000000
2451545.192066  1.1076172342e+00  1.000000 0.000000 0.000000  -0.707107 -0.707107 0.000000
2451545.192733  1.1128995089e+00  1.000000 0.000000 0.000000  -0.707107 -0.707107 0.000000
2451545.193400  1.1122076557e+00  1.000000 0.000000 0.000000  -0.707107 -0.707107 0.000000
2451545.194067  1.1098727723e+00  1.000000 0.000000 0.000000  -0.707107 -0.707107 0.000000
2451545.194734  1.1076965796e+00  1.000000 0.000000 0.000000  -0.707107 -0.707107 0.000000
2451545.195400  1.1082287743e+00  1.000000 0.000000 0.000000  -0.707107 -0.707107 0.000000
2451545.196067  1.1017901856e+00  1.000000 0.000000 0.000000  -0.707107 -0.707107 0.000000
2451545.196734  1.0974155449e+00  1.000000 0.000000 0.000000  -0.707107 -0.707107 0.000000
2451545.197401  1.0877412122e+00  1.000000 0.000000 0.000000  -0.707107 -0.707107 0.000000
2451545.198068  1.0859994840e+00  1.000000 0.000000 0.000000  -0.707107 -0.707107 0.000000
2451545.198735  1.0961266660e+00  1.000000 0.000000 0.000000  -0.707107 -0.707107 0.000000
2451545.199402  1.0814313179e+00  1.000000 0.000000 0.000000  -0.707107 -0.707107 0.000000
2451545.200069  1.0706761460e+00  1.000000 0.000000 0.000000  -0.707107 -0.707107 0.000000
2451545.200736  1.0792125496e+00  1.000000 0.000000 0.000000  -0.707107 -0.707107 0.000000
2451545.201403  1.0775811309e+00  1.000000 0.000000 0.000000  -0.707107 -0.707107 0.000000
2451545.202069  1.0702542608e+00  1.000000 0.000000 0.000000  -0.707107 -0.707107 0.000000
2451545.202736  1.0580670013e+00  1.000000 0.000000 0.000000  -0.707107 -0.707107 0.000000
2451545.203403  1.0466325554e+00  1.000000 0.000000 0.000000  -0.707107 -0.707107 0.000000
2451545.204070  1.0472344193e+00  1.000000 0.000000 0.000000  -0.707107 -0.707107 0.000000
2451545.204737  1.0535578604e+00  1.000000 0.000000 0.000000  -0.707107 -0.707107 0.000000
2451545.205404  1.0408480825e+00  1.000000 0.000000 0.000000  -0.707107 -0.707107 0.000000
2451545.206071  1.0258692197e+00  1.000000 0.000000 0.000000  -0.707107 -0.707107 0.000000
2451545.206738  9.9469421958e-01  1.000000 0.000000 0.000000  -0.707107 -0.707107 0.000000
2451545.207405  9.7697890821e-01  1.000000 0.000000 0.000000  -0.707107 -0.707107 0.000000
2451545.208072  9.5370071040e-01  1.000000 0.000000 0.000000  -0.707107 -0.707107 0.000000
2451545.208738  9.1751243588e-01  1.000000 0.000000 0.000000  -0.707107 -0.707107 0.000000
2451545.209405  8.9667362522e-01  1.000000 0.000000 0.000000  -0.707107 -0.707107 0.000000
2451545.210072  8.7652957060e-01  1.000000 0.000000 0.000000  -0.707107 -0.707107 0.000000
2451545.210739  8.4689599999e-01  1.000000 0.000000 0.000000  -0.707107 -0.707107 0.000000
2451545.211406  8.2400775578e-01  1.000000 0.000000 0.000000  -0.707107 -0.707107 0.000000
2451545.212073  8.1480949546e-01  1.000000 0.000000 0.000000  -0.707107 -0.707107 0.000000
2451545.212740  8.6626111505e-01  1.000000 0.000000 0.000000  -0.707107 -0.707107 0.000000
2451545.213407  9.0379535843e-01  1.000000 0.000000 0.000000  -0.707107 -0.707107 0.000000
2451545.214074  9.5007210992e-01  1.000000 0.000000 0.000000  -0.707107 -0.707107 0.000000
2451545.214740  9.7585549350e-01  1.000000 0.000000 0.000000  -0.707107 -0.707107 0.000000
2451545.215407  9.8320365138e-01  1.000000 0.000000 0.000000  -0.707107 -0.707107 0.000000
2451545.216074  9.9446682728e-01  1.000000 0.000000 0.000000  -0.707107 -0.707107 0.000000
2451545.216741  9.9510449334e-01  1.000000 0.000000 0.000000  -0.707107 -0.707107 0.000000
2451545.217408  9.9302119285e-01  1.000000 0.000000 0.000000  -0.707107 -0.707107 0.000000
2451545.218075  9.8699771605e-01  1.000000 0.000000 0.000000  -0.707107 -0.707107 0.000000
2451545.218742  9.8518244818e-01  1.000000 0.000000 0.000000  -0.707107 -0.707107 0.000000
2451545.219409  9.9177972767e-01  1.000000 0.000000 0.000000  -0.707107 -0.707107 0.000000
2451545.220076  1.0045543366e+00  1.000000 0.000000 0.000000  -0.707107 -0.707107 0.000000
2451545.220743  9.9078210445e-01  1.000000 0.000000 0.000000  -0.707107 -0.707107 0.000000
2451545.221409  9.9282476461e-01  1.000000 0.000000 0.000000  -0.707107 -0.707107 0.000000
2451545.222076  9.8956386231e-01  1.000000 0.000000 0.000000  -0.707107 -0.707107 0.000000
2451545.222743  9.9072598209e-01  1.000000 0.000000 0.000000  -0.707107 -0.707107 0.000000
2451545.223410  9.8910036908e-01  1.000000 0.000000 0.000000  -0.707107 -0.707107 0.000000
2451545.224077  9.8036269911e-01  1.000000 0.000000 0.000000  -0.707107 -0.707107 0.000000
2451545.224744  9.7936410826e-01  1.000000 0.000000 0.000000  -0.707107 -0.707107 0.000000
2451545.225411  9.7674377490e-01  1.000000 0.000000 0.000000  -0.707107 -0.707107 0.000000
2451545.226078  9.6684688804e-01  1.000000 0.000000 0.000000  -0.707107 -0.707107 0.000000
2451545.226745  9.5833757800e-01  1.000000 0.000000 0.000000  -0.707107 -0.707107 0.000000
2451545.227411  9.5472155667e-01  1.000000 0.000000 0.000000  -0.707107 -0.707107 0.000000
2451545.228078  9.5724415972e-01  1.000000 0.000000 0.000000  -0.707107 -0.707107 0.000000
2451545.228745  9.5338042593e-01  1.000000 0.000000 0.000000  -0.707107 -0.707107 0.000000
2451545.229412  9.4835070185e-01  1.000000 0.000000 0.000000  -0.707107 -0.707107 0.000000
2451545.230079  9.3323250080e-01  1.000000 0.000000 0.000000  -0.707107 -0.707107 0.000000
2451545.230746  9.3432301620e-01  1.000000 0.000000 0.000000  -0.707107 -0.707107 0.000000
2451545.231413  9.2720999163e-01  1.000000 0.000000 0.000000  -0.707107 -0.707107 0.000000
2451545.232080  9.3740974567e-01  1.000000 0.000000 0.000000  -0.707107 -0.707107 0.000000
2451545.232747  9.3995266889e-01  1.000000 0.000000 0.000000  -0.707107 -0.707107 0.000000
2451545.233414  9.4117865204e-01  1.000000 0.000000 0.000000  -0.707107 -0.707107 0.000000
2451545.234080  9.3204328747e-01  1.000000 0.000000 0.000000  -0.707107 -0.707107 0.000000
2451545.234747  9.3401240800e-01  1.000000 0.000000 0.000000  -0.707107 -0.707107 0.000000
2451545.235414  9.3540869346e-01  1.000000 0.000000 0.000000  -0.707107 -0.707107 0.000000
2451545.236081  9.3391467769e-01  1.000000 0.000000 0.000000  -0.707107 -0.707107 0.000000
2451545.236748  9.2994353732e-01  1.000000 0.000000 0.000000  -0.707107 -0.707107 0.000000
2451545.237415  9.2410874775e-01  1.000000 0.000000 0.000000  -0.707107 -0.707107 0.000000
2451545.238082  8.9445195410e-01  1.000000 0.000000 0.000000  -0.707107 -0.707107 0.000000
2451545.238749  8.6013313455e-01  1.000000 0.000000 0.000000  -0.707107 -0.707107 0.000000
2451545.239416  7.9308820916e-01  1.000000 0.000000 0.000000  -0.707107 -0.707107 0.000000
360  1
2451545.000000  7.5557998307e-01  1.000000 0.000000 0.000000  -0.000000 -0.000000 1.000000
2451545.000667  7.3445976375e-01  1.000000 0.000000 0.000000  -0.000000 -0.000000 1.000000
2451545.001334  7.1085526762e-01  1.000000 0.000000 0.000000  -0.000000 -0.000000 1.000000
2451545.002001  6.7202445896e-01  1.000000 0.000000 0.000000  -0.000000 -0.000000 1.000000
2451545.002668  6.5016447263e-01  1.000000 0.000000 0.000000  -0.000000 -0.000000 1.000000
2451545.003334  6.3124087160e-01  1.000000 0.000000 0.000000  -0.000000 -0.000000 1.000000
2451545.004001  6.1330964095e-01  1.000000 0.000000 0.000000  -0.000000 -0.000000 1.000000
2451545.004668  6.0236985296e-01  1.000000 0.000000 0.000000  -0.000000 -0.000000 1.000000
2451545.005335  5.9705590289e-01  1.000000 0.000000 0.000000  -0.000000 -0.000000 1.000000
2451545.006002  5.8318694684e-01  1.000000 0.000000 0.000000  -0.000000 -0.000000 1.000000
2451545.006669  5.7895764470e-01  1.000000 0.000000 0.000000  -0.000000 -0.000000 1.000000
2451545.007336  5.7579236982e-01  1.000000 0.000000 0.000000  -0.000000 -0.000000 1.000000
2451545.008003  5.7645635582e-01  1.000000 0.000000 0.000000  -0.000000 -0.000000 1.000000
2451545.008670  5.7258997771e-01  1.000000 0.000000 0.000000  -0.000000 -0.000000 1.000000
2451545.009337  5.6858853412e-01  1.000000 0.000000 0.000000  -0.000000 -0.000000 1.000000
2451545.010003  5.6660430888e-01  1.000000 0.000000 0.000000  -0.000000 -0.000000 1.000000
2451545.010670  5.6907002708e-01  1.000000 0.000000 0.000000  -0.000000 -0.000000 1.000000
2451545.011337  5.6164709662e-01  1.000000 0.000000 0.000000  -0.000000 -0.000000 1.000000
2451545.012004  5.6378700802e-01  1.000000 0.000000 0.000000  -0.000000 -0.000000 1.000000
2451545.012671  5.6478659565e-01  1.000000 0.000000 0.000000  -0.000000 -0.000000 1.000000
2451545.013338  5.6998403886e-01  1.000000 0.000000 0.000000  -0.000000 -0.000000 1.000000
2451545.014005  5.7887773955e-01  1.000000 0.000000 0.000000  -0.000000 -0.000000 1.000000
2451545.014672  5.8228169884e-01  1.000000 0.000000 0.000000  -0.000000 -0.000000 1.000000
2451545.015339  5.8802198155e-01  1.000000 0.000000 0.000000  -0.000000 -0.000000 1.000000
2451545.016006  5.9571658951e-01  1.000000 0.000000 0.000000  -0.000000 -0.000000 1.000000
2451545.016672  6.0640532068e-01  1.000000 0.000000 0.000000  -0.000000 -0.000000 1.000000
2451545.017339  6.1192960172e-01  1.000000 0.000000 0.000000  -0.000000 -0.000000 1.000000
2451545.018006  6.2469328915e-01  1.000000 0.000000 0.000000  -0.000000 -0.000000 1.000000
2451545.018673  6.3508611351e-01  1.000000 0.000000 0.000000  -0.000000 -0.000000 1.000000
2451545.019340  6.4666204958e-01  1.000000 0.000000 0.000000  -0.000000 -0.000000 1.000000
2451545.020007  6.7159503323e-01  1.000000 0.000000 0.000000  -0.000000 -0.000000 1.000000
2451545.020674  6.8474535847e-01  1.000000 0.000000 0.000000  -0.000000 -0.000000 1.000000
2451545.021341  7.0077587764e-01  1.000000 0.000000 0.000000  -0.000000 -0.000000 1.000000
2451545.022008  7.2172700735e-01  1.000000 0.000000 0.000000  -0.000000 -0.000000 1.000000
2451545.022674  7.3655585620e-01  1.000000 0.000000 0.000000  -0.000000 -0.000000 1.000000
2451545.023341  7.6026190920e-01  1.000000 0.000000 0.000000  -0.000000 -0.000000 1.000000
2451545.024008  7.9110632723e-01  1.000000 0.000000 0.000000  -0.000000 -0.000000 1.000000
2451545.024675  8.1025005405e-01  1.000000 0.000000 0.000000  -0.000000 -0.000000 1.000000
2451545.025342  8.4361019544e-01  1.000000 0.000000 0.000000  -0.000000 -0.000000 1.000000
2451545.026009  8.6525985080e-01  1.000000 0.000000 0.000000  -0.000000 -0.000000 1.000000
2451545.026676  8.8814159198e-01  1.000000 0.000000 0.000000  -0.000000 -0.000000 1.000000
2451545.027343  9.2942987056e-01  1.000000 0.000000 0.000000  -0.000000 -0.000000 1.000000
2451545.028010  9.5602385025e-01  1.000000 0.000000 0.000000  -0.000000 -0.000000 1.000000
2451545.028677  9.8461081898e-01  1.000000 0.000000 0.000000  -0.000000 -0.000000 1.000000
2451545.029343  1.0297268119e+00  1.000000 0.000000 0.000000  -0.000000 -0.000000 1.000000
2451545.030010  1.0618656933e+00  1.000000 0.000000 0.000000  -0.000000 -0.000000 1.000000
2451545.030677  1.0894386399e+00  1.000000 0.000000 0.000000  -0.000000 -0.000000 1.000000
2451545.031344  1.1260728303e+00  1.000000 0.000000 0.000000  -0.000000 -0.000000 1.000000
2451545.032011  1.1497752747e+00  1.000000 0.000000 0.000000  -0.000000 -0.000000 1.000000
2451545.032678  1.1722157332e+00  1.000000 0.000000 0.000000  -0.000000 -0.000000 1.000000
2451545.033345  1.1986895975e+00  1.000000 0.000000 0.000000  -0.000000 -0.000000 1.000000
2451545.034012  1.2141107754e+00  1.000000 0.000000 0.000000  -0.000000 -0.000000 1.000000
2451545.034679  1.2307197048e+00  1.000000 0.000000 0.000000  -0.000000 -0.000000 1.000000
2451545.035345  1.2509186951e+00  1.000000 0.000000 0.000000  -0.000000 -0.000000 1.000000
2451545.036012  1.2628070345e+00  1.000000 0.000000 0.000000  -0.000000 -0.000000 1.000000
2451545.036679  1.2723224488e+00  1.000000 0.000000 0.000000  -0.000000 -0.000000 1.000000
2451545.037346  1.2780761349e+00  1.000000 0.000000 0.000000  -0.000000 -0.000000 1.000000
2451545.038013  1.2875044268e+00  1.000000 0.000000 0.000000  -0.000000 -0.000000 1.000000
2451545.038680  1.2937612576e+00  1.000000 0.000000 0.000000  -0.000000 -0.000000 1.000000
2451545.039347  1.3002892505e+00  1.000000 0.000000 0.000000  -0.000000 -0.000000 1.000000
2451545.040014  1.3000340695e+00  1.000000 0.000000 0.000000  -0.000000 -0.000000 1.000000
2451545.040681  1.2979271512e+00  1.000000 0.000000 0.000000  -0.000000 -0.000000 1.000000
2451545.041348  1.3011991381e+00  1.000000 0.000000 0.000000  -0.000000 -0.000000 1.000000
2451545.042014  1.3065754657e+00  1.000000 0.000000 0.000000  -0.000000 -0.000000 1.000000
2451545.042681  1.3021183051e+00  1.000000 0.000000 0.000000  -0.000000 -0.000000 1.000000
2451545.043348  1.2951268624e+00  1.000000 0.000000 0.000000  -0.000000 -0.000000 1.000000
2451545.044015  1.2956820743e+00  1.000000 0.000000 0.000000  -0.000000 -0.000000 1.000000
2451545.044682  1.2934344198e+00  1.000000 0.000000 0.000000  -0.000000 -0.000000 1.000000
2451545.045349  1.2903408018e+00  1.000000 0.000000 0.000000  -0.000000 -0.000000 1.000000
2451545.046016  1.2829395231e+00  1.000000 0.000000 0.000000  -0.000000 -0.000000 1.000000
2451545.046683  1.2659754025e+00  1.000000 0.000000 0.000000  -0.000000 -0.000000 1.000000
2451545.047350  1.2644082305e+00  1.000000 0.000000 0.000000  -0.000000 -0.000000 1.000000
2451545.048017  1.2561032504e+00  1.000000 0.000000 0.000000  -0.000000 -0.000000 1.000000
2451545.048683  1.2392602763e+00  1.000000 0.000000 0.000000  -0.000000 -0.000000 1.000000
2451545.049350  1.2278755970e+00  1.000000 0.000000 0.000000  -0.000000 -0.000000 1.000000
2451545.050017  1.2128967327e+00  1.000000 0.000000 0.000000  -0.000000 -0.000000 1.000000
2451545.050684  1.2064419433e+00  1.000000 0.000000 0.000000  -0.000000 -0.000000 1.000000
2451545.051351  1.1955531915e+00  1.000000 0.000000 0.000000  -0.000000 -0.000000 1.000000
2451545.052018  1.1866476339e+00  1.000000 0.000000 0.000000  -0.000000 -0.000000 1.000000
2451545.052685  1.1656119594e+00  1.000000 0.000000 0.000000  -0.000000 -0.000000 1.000000
2451545.053352  1.1535246304e+00  1.000000 0.000000 0.000000  -0.000000 -0.000000 1.000000
2451545.054019  1.1474301875e+00  1.000000 0.000000 0.000000  -0.000000 -0.000000 1.000000
2451545.054685  1.1247324859e+00  1.000000 0.000000 0.000000  -0.000000 -0.000000 1.000000
2451545.055352  1.1096628906e+00  1.000000 0.000000 0.000000  -0.000000 -0.000000 1.000000
2451545.056019  1.0968321859e+00  1.000000 0.000000 0.000000  -0.000000 -0.000000 1.000000
2451545.056686  1.0673198640e+00  1.000000 0.000000 0.000000  -0.000000 -0.000000 1.000000
2451545.057353  1.0554196677e+00  1.000000 0.000000 0.000000  -0.000000 -0.000000 1.000000
2451545.058020  1.0373245026e+00  1.000000 0.000000 0.000000  -0.000000 -0.000000 1.000000
2451545.058687  1.0103541955e+00  1.000000 0.000000 0.000000  -0.000000 -0.000000 1.000000
2451545.059354  9.9203890461e-01  1.000000 0.000000 0.000000  -0.000000 -0.000000 1.000000
2451545.060021  9.7394631711e-01  1.000000 0.000000 0.000000  -0.000000 -0.000000 1.000000
2451545.060688  9.4395817296e-01  1.000000 0.000000 0.000000  -0.000000 -0.000000 1.000000
2451545.061354  9.2563721139e-01  1.000000 0.000000 0.000000  -0.000000 -0.000000 1.000000
2451545.062021  9.1157957610e-01  1.000000 0.000000 0.000000  -0.000000 -0.000000 1.000000
2451545.062688  8.9210591834e-01  1.000000 0.000000 0.000000  -0.000000 -0.000000 1.000000
2451545.063355  8.7497219261e-01  1.000000 0.000000 0.000000  -0.000000 -0.000000 1.000000
2451545.064022  8.6367669784e-01  1.000000 0.000000 0.000000  -0.000000 -0.000000 1.000000
2451545.064689  8.4683630133e-01  1.000000 0.000000 0.000000  -0.000000 -0.000000 1.000000
2451545.065356  8.3832923845e-01  1.000000 0.000000 0.000000  -0.000000 -0.000000 1.000000
2451545.066023  8.2960668943e-01  1.000000 0.000000 0.000000  -0.000000 -0.000000 1.000000
2451545.066690  8.2327510864e-01  1.000000 0.000000 0.000000  -0.000000 -0.000000 1.000000
2451545.067356  8.1272041191e-01  1.000000 0.000000 0.000000  -0.000000 -0.000000 1.000000
2451545.068023  8.0627283977e-01  1.000000 0.000000 0.000000  -0.000000 -0.000000 1.000000
2451545.068690  7.9868339729e-01  1.000000 0.000000 0.000000  -0.000000 -0.000000 1.000000
2451545.069357  7.9918293334e-01  1.000000 0.000000 0.000000  -0.000000 -0.000000 1.000000
2451545.070024  7.9534800177e-01  1.000000 0.000000 0.000000  -0.000000 -0.000000 1.000000
2451545.070691  7.9873546452e-01  1.000000 0.000000 0.000000  -0.000000 -0.000000 1.000000
2451545.071358  8.0349368718e-01  1.000000 0.000000 0.000000  -0.000000 -0.000000 1.000000
2451545.072025  8.1217035518e-01  1.000000 0.000000 0.000000  -0.000000 -0.000000 1.000000
2451545.072692  8.2271164847e-01  1.000000 0.000000 0.000000  -0.000000 -0.000000 1.000000
2451545.073359  8.2974278594e-01  1.000000 0.000000 0.000000  -0.000000 -0.000000 1.000000
2451545.074025  8.3966339666e-01  1.000000 0.000000 0.000000  -0.000000 -0.000000 1.000000
2451545.074692  8.4730335981e-01  1.000000 0.000000 0.000000  -0.000000 -0.000000 1.000000
2451545.075359  8.6208684316e-01  1.000000 0.000000 0.000000  -0.000000 -0.000000 1.000000
2451545.076026  8.7825964504e-01  1.000000 0.000000 0.000000  -0.000000 -0.000000 1.000000
2451545.076693  8.8865710906e-01  1.000000 0.000000 0.000000  -0.000000 -0.000000 1.000000
2451545.077360  9.0160225850e-01  1.000000 0.000000 0.000000  -0.000000 -0.000000 1.000000
2451545.078027  9.3334367625e-01  1.000000 0.000000 0.000000  -0.000000 -0.000000 1.000000
2451545.078694  9.4600477577e-01  1.000000 0.000000 0.000000  -0.000000 -0.000000 1.000000
2451545.079361  9.6223686212e-01  1.000000 0.000000 0.000000  -0.000000 -0.000000 1.000000
2451545.080028  9.8030882893e-01  1.000000 0.000000 0.000000  -0.000000 -0.000000 1.000000
2451545.080694  9.9502117092e-01  1.000000 0.000000 0.000000  -0.000000 -0.000000 1.000000
2451545.081361  1.0085998909e+00  1.000000 0.000000 0.000000  -0.000000 -0.000000 1.000000
2451545.082028  1.0307485667e+00  1.000000 0.000000 0.000000  -0.000000 -0.000000 1.000000
2451545.082695  1.0455392673e+00  1.000000 0.000000 0.000000  -0.000000 -0.000000 1.000000
2451545.083362  1.0600825197e+00  1.000000 0.000000 0.000000  -0.000000 -0.000000 1.000000
2451545.084029  1.0857552704e+00  1.000000 0.000000 0.000000  -0.000000 -0.000000 1.000000
2451545.084696  1.1044932853e+00  1.000000 0.000000 0.000000  -0.000000 -0.000000 1.000000
2451545.085363  1.1206763975e+00  1.000000 0.000000 0.000000  -0.000000 -0.000000 1.000000
2451545.086030  1.1416960910e+00  1.000000 0.000000 0.000000  -0.000000 -0.000000 1.000000
2451545.086696  1.1574796775e+00  1.000000 0.000000 0.000000  -0.000000 -0.000000 1.000000
2451545.087363  1.1722054229e+00  1.000000 0.000000 0.000000  -0.000000 -0.000000 1.000000
2451545.088030  1.1957887828e+00  1.000000 0.000000 0.000000  -0.000000 -0.000000 1.000000
2451545.088697  1.2071549035e+00  1.000000 0.000000 0.000000  -0.000000 -0.000000 1.000000
2451545.089364  1.2095087544e+00  1.000000 0.000000 0.000000  -0.000000 -0.000000 1.000000
2451545.090031  1.2168827108e+00  1.000000 0.000000 0.000000  -0.000000 -0.000000 1.000000
2451545.090698  1.2142638840e+00  1.000000 0.000000 0.000000  -0.000000 -0.000000 1.000000
2451545.091365  1.2243185292e+00  1.000000 0.000000 0.000000  -0.000000 -0.000000 1.000000
2451545.092032  1.2379214784e+00  1.000000 0.000000 0.000000  -0.000000 -0.000000 1.000000
2451545.092699  1.2485730923e+00  1.000000 0.000000 0.000000  -0.000000 -0.000000 1.000000
2451545.093365  1.2634359653e+00  1.000000 0.000000 0.000000  -0.000000 -0.000000 1.000000
2451545.094032  1.2839370486e+00  1.000000 0.000000 0.000000  -0.000000 -0.000000 1.000000
2451545.094699  1.2982261511e+00  1.000000 0.000000 0.000000  -0.000000 -0.000000 1.000000
2451545.095366  1.3033957564e+00  1.000000 0.000000 0.000000  -0.000000 -0.000000 1.000000
2451545.096033  1.3160001490e+00  1.000000 0.000000 0.000000  -0.000000 -0.000000 1.000000
2451545.096700  1.3149521028e+00  1.000000 0.000000 0.000000  -0.000000 -0.000000 1.000000
2451545.097367  1.3102217181e+00  1.000000 0.000000 0.000000  -0.000000 -0.000000 1.000000
2451545.098034  1.3034735995e+00  1.000000 0.000000 0.000000  -0.000000 -0.000000 1.000000
2451545.098701  1.3051016024e+00  1.000000 0.000000 0.000000  -0.000000 -0.000000 1.000000
2451545.099367  1.3077369257e+00  1.000000 0.000000 0.000000  -0.000000 -0.000000 1.000000
2451545.100034  1.3056135109e+00  1.000000 0.000000 0.000000  -0.000000 -0.000000 1.000000
2451545.100701  1.3000691247e+00  1.000000 0.000000 0.000000  -0.000000 -0.000000 1.000000
2451545.101368  1.2950933538e+00  1.000000 0.000000 0.000000  -0.000000 -0.000000 1.000000
2451545.102035  1.2894675159e+00  1.000000 0.000000 0.000000  -0.000000 -0.000000 1.000000
2451545.102702  1.2870523183e+00  1.000000 0.000000 0.000000  -0.000000 -0.000000 1.000000
2451545.103369  1.2758485856e+00  1.000000 0.000000 0.000000  -0.000000 -0.000000 1.000000
2451545.104036  1.2677513588e+00  1.000000 0.000000 0.000000  -0.000000 -0.000000 1.000000
2451545.104703  1.2611310884e+00  1.000000 0.000000 0.000000  -0.000000 -0.000000 1.000000
2451545.105370  1.2603243042e+00  1.000000 0.000000 0.000000  -0.000000 -0.000000 1.000000
2451545.106036  1.2554212213e+00  1.000000 0.000000 0.000000  -0.000000 -0.000000 1.000000
2451545.106703  1.2483230666e+00  1.000000 0.000000 0.000000  -0.000000 -0.000000 1.000000
2451545.107370  1.2349536466e+00  1.000000 0.000000 0.000000  -0.000000 -0.000000 1.000000
2451545.108037  1.2289344691e+00  1.000000 0.000000 0.000000  -0.000000 -0.000000 1.000000
2451545.108704  1.2232091364e+00  1.000000 0.000000 0.000000  -0.000000 -0.000000 1.000000
2451545.109371  1.2120048882e+00  1.000000 0.000000 0.000000  -0.000000 -0.000000 1.000000
2451545.110038  1.2011372726e+00  1.000000 0.000000 0.000000  -0.000000 -0.000000 1.000000
2451545.110705  1.1945989694e+00  1.000000 0.000000 0.000000  -0.000000 -0.000000 1.000000
2451545.111372  1.1693293531e+00  1.000000 0.000000 0.000000  -0.000000 -0.000000 1.000000
2451545.112039  1.1577699136e+00  1.000000 0.000000 0.000000  -0.000000 -0.000000 1.000000
2451545.112705  1.1431194336e+00  1.000000 0.000000 0.000000  -0.000000 -0.000000 1.000000
2451545.113372  1.1108563126e+00  1.000000 0.000000 0.000000  -0.000000 -0.000000 1.000000
2451545.114039  1.0969523014e+00  1.000000 0.000000 0.000000  -0.000000 -0.000000 1.000000
2451545.114706  1.0699448770e+00  1.000000 0.000000 0.000000  -0.000000 -0.000000 1.000000
2451545.115373  1.0463120274e+00  1.000000 0.000000 0.000000  -0.000000 -0.000000 1.000000
2451545.116040  1.0220914884e+00  1.000000 0.000000 0.000000  -0.000000 -0.000000 1.000000
2451545.116707  1.0004191503e+00  1.000000 0.000000 0.000000  -0.000000 -0.000000 1.000000
2451545.117374  9.6507426814e-01  1.000000 0.000000 0.000000  -0.000000 -0.000000 1.000000
2451545.118041  9.4216262696e-01  1.000000 0.000000 0.000000  -0.000000 -0.000000 1.000000
2451545.118707  9.2076712152e-01  1.000000 0.000000 0.000000  -0.000000 -0.000000 1.000000
2451545.119374  8.8176722327e-01  1.000000 0.000000 0.000000  -0.000000 -0.000000 1.000000
2451545.120041  8.6649709179e-01  1.000000 0.000000 0.000000  -0.000000 -0.000000 1.000000
2451545.120708  8.4539336902e-01  1.000000 0.000000 0.000000  -0.000000 -0.000000 1.000000
2451545.121375  8.3313076420e-01  1.000000 0.000000 0.000000  -0.000000 -0.000000 1.000000
2451545.122042  8.1745543630e-01  1.000000 0.000000 0.000000  -0.000000 -0.000000 1.000000
2451545.122709  8.0419736800e-01  1.000000 0.000000 0.000000  -0.000000 -0.000000 1.000000
2451545.123376  8.0023922784e-01  1.000000 0.000000 0.000000  -0.000000 -0.000000 1.000000
2451545.124043  7.9895919893e-01  1.000000 0.000000 0.000000  -0.000000 -0.000000 1.000000
2451545.124710  7.9656513760e-01  1.000000 0.000000 0.000000  -0.000000 -0.000000 1.000000
2451545.125376  8.0186516872e-01  1.000000 0.000000 0.000000  -0.000000 -0.000000 1.000000
2451545.126043  8.0559802791e-01  1.000000 0.000000 0.000000  -0.000000 -0.000000 1.000000
2451545.126710  8.1937779950e-01  1.000000 0.000000 0.000000  -0.000000 -0.000000 1.000000
2451545.127377  8.3038202712e-01  1.000000 0.000000 0.000000  -0.000000 -0.000000 1.000000
2451545.128044  8.4010467928e-01  1.000000 0.000000 0.000000  -0.000000 -0.000000 1.000000
2451545.128711  8.5944120950e-01  1.000000 0.000000 0.000000  -0.000000 -0.000000 1.000000
2451545.129378  8.7470721683e-01  1.000000 0.000000 0.000000  -0.000000 -0.000000 1.000000
2451545.130045  8.8508869982e-01  1.000000 0.000000 0.000000  -0.000000 -0.000000 1.000000
2451545.130712  9.0760184629e-01  1.000000 0.000000 0.000000  -0.000000 -0.000000 1.000000
2451545.131378  9.2125428517e-01  1.000000 0.000000 0.000000  -0.000000 -0.000000 1.000000
2451545.132045  9.3020263067e-01  1.000000 0.000000 0.000000  -0.000000 -0.000000 1.000000
2451545.132712  9.5946956643e-01  1.000000 0.000000 0.000000  -0.000000 -0.000000 1.000000
2451545.133379  9.7394064642e-01  1.000000 0.000000 0.000000  -0.000000 -0.000000 1.000000
2451545.134046  9.8593002719e-01  1.000000 0.000000 0.000000  -0.000000 -0.000000 1.000000
2451545.134713  1.0012553190e+00  1.000000 0.000000 0.000000  -0.000000 -0.000000 1.000000
2451545.135380  1.0171708779e+00  1.000000 0.000000 0.000000  -0.000000 -0.000000 1.000000
2451545.136047  1.0310738580e+00  1.000000 0.000000 0.000000  -0.000000 -0.000000 1.000000
2451545.136714  1.0533792511e+00  1.000000 0.000000 0.000000  -0.000000 -0.000000 1.000000
2451545.137381  1.0664749315e+00  1.000000 0.000000 0.000000  -0.000000 -0.000000 1.000000
2451545.138047  1.0792463517e+00  1.000000 0.000000 0.000000  -0.000000 -0.000000 1.000000
2451545.138714  1.0871492286e+00  1.000000 0.000000 0.000000  -0.000000 -0.000000 1.000000
2451545.139381  1.0993375989e+00  1.000000 0.000000 0.000000  -0.000000 -0.000000 1.000000
2451545.140048  1.1062651175e+00  1.000000 0.000000 0.000000  -0.000000 -0.000000 1.000000
2451545.140715  1.1149902441e+00  1.000000 0.000000 0.000000  -0.000000 -0.000000 1.000000
2451545.141382  1.1261640768e+00  1.000000 0.000000 0.000000  -0.000000 -0.000000 1.000000
2451545.142049  1.1310192167e+00  1.000000 0.000000 0.000000  -0.000000 -0.000000 1.000000
2451545.142716  1.1406104120e+00  1.000000 0.000000 0.000000  -0.000000 -0.000000 1.000000
2451545.143383  1.1447974417e+00  1.000000 0.000000 0.000000  -0.000000 -0.000000 1.000000
2451545.144050  1.1478838425e+00  1.000000 0.000000 0.000000  -0.000000 -0.000000 1.000000
2451545.144716  1.1501613970e+00  1.000000 0.000000 0.000000  -0.000000 -0.000000 1.000000
2451545.145383  1.1512826466e+00  1.000000 0.000000 0.000000  -0.000000 -0.000000 1.000000
2451545.146050  1.1463347137e+00  1.000000 0.000000 0.000000  -0.000000 -0.000000 1.000000
2451545.146717  1.1510558191e+00  1.000000 0.000000 0.000000  -0.000000 -0.000000 1.000000
2451545.147384  1.1428224958e+00  1.000000 0.000000 0.000000  -0.000000 -0.000000 1.000000
2451545.148051  1.1487751715e+00  1.000000 0.000000 0.000000  -0.000000 -0.000000 1.000000
2451545.148718  1.1538427045e+00  1.000000 0.000000 0.000000  -0.000000 -0.000000 1.000000
2451545.149385  1.1508006382e+00  1.000000 0.000000 0.000000  -0.000000 -0.000000 1.000000
2451545.150052  1.1525095773e+00  1.000000 0.000000 0.000000  -0.000000 -0.000000 1.000000
2451545.150718  1.1523038860e+00  1.000000 0.000000 0.000000  -0.000000 -0.000000 1.000000
2451545.151385  1.1555583453e+00  1.000000 0.000000 0.000000  -0.000000 -0.000000 1.000000
2451545.152052  1.1533617270e+00  1.000000 0.000000 0.000000  -0.000000 -0.000000 1.000000
2451545.152719  1.1500866470e+00  1.000000 0.000000 0.000000  -0.000000 -0.000000 1.000000
2451545.153386  1.1469306514e+00  1.000000 0.000000 0.000000  -0.000000 -0.000000 1.000000
2451545.154053  1.1510857191e+00  1.000000 0.000000 0.000000  -0.000000 -0.000000 1.000000
2451545.154720  1.1538293010e+00  1.000000 0.000000 0.000000  -0.000000 -0.000000 1.000000
2451545.155387  1.1510614898e+00  1.000000 0.000000 0.000000  -0.000000 -0.000000 1.000000
2451545.156054  1.1466579429e+00  1.000000 0.000000 0.000000  -0.000000 -0.000000 1.000000
2451545.156721  1.1492226404e+00  1.000000 0.000000 0.000000  -0.000000 -0.000000 1.000000
2451545.157387  1.1528807496e+00  1.000000 0.000000 0.000000  -0.000000 -0.000000 1.000000
2451545.158054  1.1500753056e+00  1.000000 0.000000 0.000000  -0.000000 -0.000000 1.000000
2451545.158721  1.1487813578e+00  1.000000 0.000000 0.000000  -0.000000 -0.000000 1.000000
2451545.159388  1.1477719753e+00  1.000000 0.000000 0.000000  -0.000000 -0.000000 1.000000
2451545.160055  1.1586540254e+00  1.000000 0.000000 0.000000  -0.000000 -0.000000 1.000000
2451545.160722  1.1566038139e+00  1.000000 0.000000 0.000000  -0.000000 -0.000000 1.000000
2451545.161389  1.1585040099e+00  1.000000 0.000000 0.000000  -0.000000 -0.000000 1.000000
2451545.162056  1.1552681092e+00  1.000000 0.000000 0.000000  -0.000000 -0.000000 1.000000
2451545.162723  1.1506207227e+00  1.000000 0.000000 0.000000  -0.000000 -0.000000 1.000000
2451545.163389  1.1458893069e+00  1.000000 0.000000 0.000000  -0.000000 -0.000000 1.000000
2451545.164056  1.1569141552e+00  1.000000 0.000000 0.000000  -0.000000 -0.000000 1.000000
2451545.164723  1.1525843273e+00  1.000000 0.000000 0.000000  -0.000000 -0.000000 1.000000
2451545.165390  1.1453629640e+00  1.000000 0.000000 0.000000  -0.000000 -0.000000 1.000000
2451545.166057  1.1410955136e+00  1.000000 0.000000 0.000000  -0.000000 -0.000000 1.000000
2451545.166724  1.1306408272e+00  1.000000 0.000000 0.000000  -0.000000 -0.000000 1.000000
2451545.167391  1.1269033283e+00  1.000000 0.000000 0.000000  -0.000000 -0.000000 1.000000
2451545.168058  1.1173925537e+00  1.000000 0.000000 0.000000  -0.000000 -0.000000 1.000000
2451545.168725  1.1132498584e+00  1.000000 0.000000 0.000000  -0.000000 -0.000000 1.000000
2451545.169392  1.1047902231e+00  1.000000 0.000000 0.000000  -0.000000 -0.000000 1.000000
2451545.170058  1.0933766749e+00  1.000000 0.000000 0.000000  -0.000000 -0.000000 1.000000
2451545.170725  1.0836498986e+00  1.000000 0.000000 0.000000  -0.000000 -0.000000 1.000000
2451545.171392  1.0591958303e+00  1.000000 0.000000 0.000000  -0.000000 -0.000000 1.000000
2451545.172059  1.0439623006e+00  1.000000 0.000000 0.000000  -0.000000 -0.000000 1.000000
2451545.172726  1.0329606505e+00  1.000000 0.000000 0.000000  -0.000000 -0.000000 1.000000
2451545.173393  1.0007975398e+00  1.000000 0.000000 0.000000  -0.000000 -0.000000 1.000000
2451545.174060  9.7816994856e-01  1.000000 0.000000 0.000000  -0.000000 -0.000000 1.000000
2451545.174727  9.5416025600e-01  1.000000 0.000000 0.000000  -0.000000 -0.000000 1.000000
2451545.175394  9.2130377481e-01  1.000000 0.000000 0.000000  -0.000000 -0.000000 1.000000
2451545.176061  8.9767298730e-01  1.000000 0.000000 0.000000  -0.000000 -0.000000 1.000000
2451545.176727  8.6863700320e-01  1.000000 0.000000 0.000000  -0.000000 -0.000000 1.000000
2451545.177394  8.2015726133e-01  1.000000 0.000000 0.000000  -0.000000 -0.000000 1.000000
2451545.178061  7.8821530743e-01  1.000000 0.000000 0.000000  -0.000000 -0.000000 1.000000
2451545.178728  7.6139346919e-01  1.000000 0.000000 0.000000  -0.000000 -0.000000 1.000000
2451545.179395  7.2983763760e-01  1.000000 0.000000 0.000000  -0.000000 -0.000000 1.000000
2451545.180062  7.0312457346e-01  1.000000 0.000000 0.000000  -0.000000 -0.000000 1.000000
2451545.180729  6.8838594010e-01  1.000000 0.000000 0.000000  -0.000000 -0.000000 1.000000
2451545.181396  6.6588104190e-01  1.000000 0.000000 0.000000  -0.000000 -0.000000 1.000000
2451545.182063  6.6007477301e-01  1.000000 0.000000 0.000000  -0.000000 -0.000000 1.000000
2451545.182729  6.5631510693e-01  1.000000 0.000000 0.000000  -0.000000 -0.000000 1.000000
2451545.183396  6.5336067854e-01  1.000000 0.000000 0.000000  -0.000000 -0.000000 1.000000
2451545.184063  6.5610580700e-01  1.000000 0.000000 0.000000  -0.000000 -0.000000 1.000000
2451545.184730  6.5706209118e-01  1.000000 0.000000 0.000000  -0.000000 -0.000000 1.000000
2451545.185397  6.6522788176e-01  1.000000 0.000000 0.000000  -0.000000 -0.000000 1.000000
2451545.186064  6.7007735094e-01  1.000000 0.000000 0.000000  -0.000000 -0.000000 1.000000
2451545.186731  6.7121509714e-01  1.000000 0.000000 0.000000  -0.000000 -0.000000 1.000000
2451545.187398  6.8354471918e-01  1.000000 0.000000 0.000000  -0.000000 -0.000000 1.000000
2451545.188065  6.8820190050e-01  1.000000 0.000000 0.000000  -0.000000 -0.000000 1.000000
2451545.188732  6.9492939841e-01  1.000000 0.000000 0.000000  -0.000000 -0.000000 1.000000
2451545.189398  6.9875865930e-01  1.000000 0.000000 0.000000  -0.000000 -0.000000 1.000000
2451545.190065  7.0041707775e-01  1.000000 0.000000 0.000000  -0.000000 -0.000000 1.000000
2451545.190732  7.0708993085e-01  1.000000 0.000000 0.000000  -0.000000 -0.000000 1.000000
2451545.191399  7.2572329577e-01  1.000000 0.000000 0.000000  -0.000000 -0.000000 1.000000
2451545.192066  7.3157956981e-01  1.000000 0.000000 0.000000  -0.000000 -0.000000 1.000000
2451545.192733  7.3748997315e-01  1.000000 0.000000 0.000000  -0.000000 -0.000000 1.000000
2451545.193400  7.4491341913e-01  1.000000 0.000000 0.000000  -0.000000 -0.000000 1.000000
2451545.194067  7.5220489273e-01  1.000000 0.000000 0.000000  -0.000000 -0.000000 1.000000
2451545.194734  7.6940821326e-01  1.000000 0.000000 0.000000  -0.000000 -0.000000 1.000000
2451545.195400  7.7763225726e-01  1.000000 0.000000 0.000000  -0.000000 -0.000000 1.000000
2451545.196067  7.8904580545e-01  1.000000 0.000000 0.000000  -0.000000 -0.000000 1.000000
2451545.196734  8.0680279133e-01  1.000000 0.000000 0.000000  -0.000000 -0.000000 1.000000
2451545.197401  8.1837975843e-01  1.000000 0.000000 0.000000  -0.000000 -0.000000 1.000000
2451545.198068  8.3030005991e-01  1.000000 0.000000 0.000000  -0.000000 -0.000000 1.000000
2451545.198735  8.4386022122e-01  1.000000 0.000000 0.000000  -0.000000 -0.000000 1.000000
2451545.199402  8.5367257335e-01  1.000000 0.000000 0.000000  -0.000000 -0.000000 1.000000
2451545.200069  8.6601302125e-01  1.000000 0.000000 0.000000  -0.000000 -0.000000 1.000000
2451545.200736  8.8293022980e-01  1.000000 0.000000 0.000000  -0.000000 -0.000000 1.000000
2451545.201403  8.9776320279e-01  1.000000 0.000000 0.000000  -0.000000 -0.000000 1.000000
2451545.202069  9.0983094215e-01  1.000000 0.000000 0.000000  -0.000000 -0.000000 1.000000
2451545.202736  9.3545420318e-01  1.000000 0.000000 0.000000  -0.000000 -0.000000 1.000000
2451545.203403  9.5305292531e-01  1.000000 0.000000 0.000000  -0.000000 -0.000000 1.000000
2451545.204070  9.6879320836e-01  1.000000 0.000000 0.000000  -0.000000 -0.000000 1.000000
2451545.204737  9.9124964796e-01  1.000000 0.000000 0.000000  -0.000000 -0.000000 1.000000
2451545.205404  1.0081080876e+00  1.000000 0.000000 0.000000  -0.000000 -0.000000 1.000000
2451545.206071  1.0264527629e+00  1.000000 0.000000 0.000000  -0.000000 -0.000000 1.000000
2451545.206738  1.0654655491e+00  1.000000 0.000000 0.000000  -0.000000 -0.000000 1.000000
2451545.207405  1.0784241020e+00  1.000000 0.000000 0.000000  -0.000000 -0.000000 1.000000
2451545.208072  1.0912001618e+00  1.000000 0.000000 0.000000  -0.000000 -0.000000 1.000000
2451545.208738  1.1179719949e+00  1.000000 0.000000 0.000000  -0.000000 -0.000000 1.000000
2451545.209405  1.1331874816e+00  1.000000 0.000000 0.000000  -0.000000 -0.000000 1.000000
2451545.210072  1.1354351360e+00  1.000000 0.000000 0.000000  -0.000000 -0.000000 1.000000
2451545.210739  1.1460228258e+00  1.000000 0.000000 0.000000  -0.000000 -0.000000 1.000000
2451545.211406  1.1607583661e+00  1.000000 0.000000 0.000000  -0.000000 -0.000000 1.000000
2451545.212073  1.1756202081e+00  1.000000 0.000000 0.000000  -0.000000 -0.000000 1.000000
2451545.212740  1.1914228687e+00  1.000000 0.000000 0.000000  -0.000000 -0.000000 1.000000
2451545.213407  1.1970059187e+00  1.000000 0.000000 0.000000  -0.000000 -0.000000 1.000000
2451545.214074  1.2002825452e+00  1.000000 0.000000 0.000000  -0.000000 -0.000000 1.000000
2451545.214740  1.2019131258e+00  1.000000 0.000000 0.000000  -0.000000 -0.000000 1.000000
2451545.215407  1.2104186421e+00  1.000000 0.000000 0.000000  -0.000000 -0.000000 1.000000
2451545.216074  1.2092860511e+00  1.000000 0.000000 0.000000  -0.000000 -0.000000 1.000000
2451545.216741  1.2062027434e+00  1.000000 0.000000 0.000000  -0.000000 -0.000000 1.000000
2451545.217408  1.2079812773e+00  1.000000 0.000000 0.000000  -0.000000 -0.000000 1.000000
2451545.218075  1.2171038676e+00  1.000000 0.000000 0.000000  -0.000000 -0.000000 1.000000
2451545.218742  1.2140896392e+00  1.000000 0.000000 0.000000  -0.000000 -0.000000 1.000000
2451545.219409  1.2164007023e+00  1.000000 0.000000 0.000000  -0.000000 -0.000000 1.000000
2451545.220076  1.2099943715e+00  1.000000 0.000000 0.000000  -0.000000 -0.000000 1.000000
2451545.220743  1.2092561511e+00  1.000000 0.000000 0.000000  -0.000000 -0.000000 1.000000
2451545.221409  1.2054810195e+00  1.000000 0.000000 0.000000  -0.000000 -0.000000 1.000000
2451545.222076  1.2044149302e+00  1.000000 0.000000 0.000000  -0.000000 -0.000000 1.000000
2451545.222743  1.1965001964e+00  1.000000 0.000000 0.000000  -0.000000 -0.000000 1.000000
2451545.223410  1.1871616045e+00  1.000000 0.000000 0.000000  -0.000000 -0.000000 1.000000
2451545.224077  1.1779297246e+00  1.000000 0.000000 0.000000  -0.000000 -0.000000 1.000000
2451545.224744  1.1659738524e+00  1.000000 0.000000 0.000000  -0.000000 -0.000000 1.000000
2451545.225411  1.1606021644e+00  1.000000 0.000000 0.000000  -0.000000 -0.000000 1.000000
2451545.226078  1.1400644794e+00  1.000000 0.000000 0.000000  -0.000000 -0.000000 1.000000
2451545.226745  1.1305171031e+00  1.000000 0.000000 0.000000  -0.000000 -0.000000 1.000000
2451545.227411  1.1142293409e+00  1.000000 0.000000 0.000000  -0.000000 -0.000000 1.000000
2451545.228078  1.1024358566e+00  1.000000 0.000000 0.000000  -0.000000 -0.000000 1.000000
2451545.228745  1.0888540436e+00  1.000000 0.000000 0.000000  -0.000000 -0.000000 1.000000
2451545.229412  1.0645355563e+00  1.000000 0.000000 0.000000  -0.000000 -0.000000 1.000000
2451545.230079  1.0520038515e+00  1.000000 0.000000 0.000000  -0.000000 -0.000000 1.000000
2451545.230746  1.0426884579e+00  1.000000 0.000000 0.000000  -0.000000 -0.000000 1.000000
2451545.231413  1.0249139444e+00  1.000000 0.000000 0.000000  -0.000000 -0.000000 1.000000
2451545.232080  9.9379475579e-01  1.000000 0.000000 0.000000  -0.000000 -0.000000 1.000000
2451545.232747  9.8165535955e-01  1.000000 0.000000 0.000000  -0.000000 -0.000000 1.000000
2451545.233414  9.6169247608e-01  1.000000 0.000000 0.000000  -0.000000 -0.000000 1.000000
2451545.234080  9.4764102699e-01  1.000000 0.000000 0.000000  -0.000000 -0.000000 1.000000
2451545.234747  9.3153627336e-01  1.000000 0.000000 0.000000  -0.000000 -0.000000 1.000000
2451545.235414  9.1432006490e-01  1.000000 0.000000 0.000000  -0.000000 -0.000000 1.000000
2451545.236081  8.8624242705e-01  1.000000 0.000000 0.000000  -0.000000 -0.000000 1.000000
2451545.236748  8.6912416684e-01  1.000000 0.000000 0.000000  -0.000000 -0.000000 1.000000
2451545.237415  8.5289259601e-01  1.000000 0.000000 0.000000  -0.000000 -0.000000 1.000000
2451545.238082  8.1703786747e-01  1.000000 0.000000 0.000000  -0.000000 -0.000000 1.000000
2451545.238749  7.9900301788e-01  1.000000 0.000000 0.000000  -0.000000 -0.000000 1.000000
2451545.239416  7.6701930711e-01  1.000000 0.000000 0.000000  -0.000000 -0.000000 1.000000
360  1
2451545.000000  1.0537069949e+00  1.000000 0.000000 0.000000  -0.000000 -0.000000 -1.000000
2451545.000667  1.0720537569e+00  1.000000 0.000000 0.000000  -0.000000 -0.000000 -1.000000
2451545.001334  1.0940710669e+00  1.000000 0.000000 0.000000  -0.000000 -0.000000 -1.000000
2451545.002001  1.1320737928e+00  1.000000 0.000000 0.000000  -0.000000 -0.000000 -1.000000
2451545.002668  1.1581708179e+00  1.000000 0.000000 0.000000  -0.000000 -0.000000 -1.000000
2451545.003334  1.1798905518e+00  1.000000 0.000000 0.000000  -0.000000 -0.000000 -1.000000
2451545.004001  1.2122605874e+00  1.000000 0.000000 0.000000  -0.000000 -0.000000 -1.000000
2451545.004668  1.2406744550e+00  1.000000 0.000000 0.000000  -0.000000 -0.000000 -1.000000
2451545.005335  1.2734589715e+00  1.000000 0.000000 0.000000  -0.000000 -0.000000 -1.000000
2451545.006002  1.3171993366e+00  1.000000 0.000000 0.000000  -0.000000 -0.000000 -1.000000
2451545.006669  1.3371263073e+00  1.000000 0.000000 0.000000  -0.000000 -0.000000 -1.000000
2451545.007336  1.3545730344e+00  1.000000 0.000000 0.000000  -0.000000 -0.000000 -1.000000
2451545.008003  1.3762349801e+00  1.000000 0.000000 0.000000  -0.000000 -0.000000 -1.000000
2451545.008670  1.3903718374e+00  1.000000 0.000000 0.000000  -0.000000 -0.000000 -1.000000
2451545.009337  1.4098411521e+00  1.000000 0.000000 0.000000  -0.000000 -0.000000 -1.000000
2451545.010003  1.4250720001e+00  1.000000 0.000000 0.000000  -0.000000 -0.000000 -1.000000
2451545.010670  1.4283612787e+00  1.000000 0.000000 0.000000  -0.000000 -0.000000 -1.000000
2451545.011337  1.4352307698e+00  1.000000 0.000000 0.000000  -0.000000 -0.000000 -1.000000
2451545.012004  1.4454639335e+00  1.000000 0.000000 0.000000  -0.000000 -0.000000 -1.000000
2451545.012671  1.4537754730e+00  1.000000 0.000000 0.000000  -0.000000 -0.000000 -1.000000
2451545.013338  1.4462656619e+00  1.000000 0.000000 0.000000  -0.000000 -0.000000 -1.000000
2451545.014005  1.4556685352e+00  1.000000 0.000000 0.000000  -0.000000 -0.000000 -1.000000
2451545.014672  1.4549113103e+00  1.000000 0.000000 0.000000  -0.000000 -0.000000 -1.000000
2451545.015339  1.4494493276e+00  1.000000 0.000000 0.000000  -0.000000 -0.000000 -1.000000
2451545.016006  1.4386907561e+00  1.000000 0.000000 0.000000  -0.000000 -0.000000 -1.000000
2451545.016672  1.4269570915e+00  1.000000 0.000000 0.000000  -0.000000 -0.000000 -1.000000
2451545.017339  1.4266814351e+00  1.000000 0.000000 0.000000  -0.000000 -0.000000 -1.000000
2451545.018006  1.4127710810e+00  1.000000 0.000000 0.000000  -0.000000 -0.000000 -1.000000
2451545.018673  1.4011091535e+00  1.000000 0.000000 0.000000  -0.000000 -0.000000 -1.000000
2451545.019340  1.3858185246e+00  1.000000 0.000000 0.000000  -0.000000 -0.000000 -1.000000
2451545.020007  1.3585298666e+00  1.000000 0.000000 0.000000  -0.000000 -0.000000 -1.000000
2451545.020674  1.3467603334e+00  1.000000 0.000000 0.000000  -0.000000 -0.000000 -1.000000
2451545.021341  1.3305258304e+00  1.000000 0.000000 0.000000  -0.000000 -0.000000 -1.000000
2451545.022008  1.2996157776e+00  1.000000 0.000000 0.000000  -0.000000 -0.000000 -1.000000
2451545.022674  1.2790664211e+00  1.000000 0.000000 0.000000  -0.000000 -0.000000 -1.000000
2451545.023341  1.2595054423e+00  1.000000 0.000000 0.000000  -0.000000 -0.000000 -1.000000
2451545.024008  1.2246923602e+00  1.000000 0.000000 0.000000  -0.000000 -0.000000 -1.000000
2451545.024675  1.1966059591e+00  1.000000 0.000000 0.000000  -0.000000 -0.000000 -1.000000
2451545.025342  1.1524039526e+00  1.000000 0.000000 0.000000  -0.000000 -0.000000 -1.000000
2451545.026009  1.1159661581e+00  1.000000 0.000000 0.000000  -0.000000 -0.000000 -1.000000
2451545.026676  1.0841022676e+00  1.000000 0.000000 0.000000  -0.000000 -0.000000 -1.000000
2451545.027343  1.0132167188e+00  1.000000 0.000000 0.000000  -0.000000 -0.000000 -1.000000
2451545.028010  9.6836841414e-01  1.000000 0.000000 0.000000  -0.000000 -0.000000 -1.000000
2451545.028677  9.2231319932e-01  1.000000 0.000000 0.000000  -0.000000 -0.000000 -1.000000
2451545.029343  8.5264385991e-01  1.000000 0.000000 0.000000  -0.000000 -0.000000 -1.000000
2451545.030010  7.9486494396e-01  1.000000 0.000000 0.000000  -0.000000 -0.000000 -1.000000
2451545.030677  7.3610163565e-01  1.000000 0.000000 0.000000  -0.000000 -0.000000 -1.000000
2451545.031344  6.9433005531e-01  1.000000 0.000000 0.000000  -0.000000 -0.000000 -1.000000
2451545.032011  6.8957282316e-01  1.000000 0.000000 0.000000  -0.000000 -0.000000 -1.000000
2451545.032678  6.9101287891e-01  1.000000 0.000000 0.000000  -0.000000 -0.000000 -1.000000
2451545.033345  7.0238453690e-01  1.000000 0.000000 0.000000  -0.000000 -0.000000 -1.000000
2451545.034012  7.0693519278e-01  1.000000 0.000000 0.000000  -0.000000 -0.000000 -1.000000
2451545.034679  7.0790829319e-01  1.000000 0.000000 0.000000  -0.000000 -0.000000 -1.000000
2451545.035345  7.1509395885e-01  1.000000 0.000000 0.000000  -0.000000 -0.000000 -1.000000
2451545.036012  7.2757422063e-01  1.000000 0.000000 0.000000  -0.000000 -0.000000 -1.000000
2451545.036679  7.3407439850e-01  1.000000 0.000000 0.000000  -0.000000 -0.000000 -1.000000
2451545.037346  7.3787380759e-01  1.000000 0.000000 0.000000  -0.000000 -0.000000 -1.000000
2451545.038013  7.7087220693e-01  1.000000 0.000000 0.000000  -0.000000 -0.000000 -1.000000
2451545.038680  7.8674603184e-01  1.000000 0.000000 0.000000  -0.000000 -0.000000 -1.000000
2451545.039347  7.9873675438e-01  1.000000 0.000000 0.000000  -0.000000 -0.000000 -1.000000
2451545.040014  8.1333060353e-01  1.000000 0.000000 0.000000  -0.000000 -0.000000 -1.000000
2451545.040681  8.2610976988e-01  1.000000 0.000000 0.000000  -0.000000 -0.000000 -1.000000
2451545.041348  8.5224000664e-01  1.000000 0.000000 0.000000  -0.000000 -0.000000 -1.000000
2451545.042014  8.6347416852e-01  1.000000 0.000000 0.000000  -0.000000 -0.000000 -1.000000
2451545.042681  8.7703912175e-01  1.000000 0.000000 0.000000  -0.000000 -0.000000 -1.000000
2451545.043348  8.9479338847e-01  1.000000 0.000000 0.000000  -0.000000 -0.000000 -1.000000
2451545.044015  9.1104184042e-01  1.000000 0.000000 0.000000  -0.000000 -0.000000 -1.000000
2451545.044682  9.2420759001e-01  1.000000 0.000000 0.000000  -0.000000 -0.000000 -1.000000
2451545.045349  9.5104988385e-01  1.000000 0.000000 0.000000  -0.000000 -0.000000 -1.000000
2451545.046016  9.6858030426e-01  1.000000 0.000000 0.000000  -0.000000 -0.000000 -1.000000
2451545.046683  9.7950028424e-01  1.000000 0.000000 0.000000  -0.000000 -0.000000 -1.000000
2451545.047350  9.9479556276e-01  1.000000 0.000000 0.000000  -0.000000 -0.000000 -1.000000
2451545.048017  1.0087059168e+00  1.000000 0.000000 0.000000  -0.000000 -0.000000 -1.000000
2451545.048683  1.0244767857e+00  1.000000 0.000000 0.000000  -0.000000 -0.000000 -1.000000
2451545.049350  1.0370859086e+00  1.000000 0.000000 0.000000  -0.000000 -0.000000 -1.000000
2451545.050017  1.0510812844e+00  1.000000 0.000000 0.000000  -0.000000 -0.000000 -1.000000
2451545.050684  1.0654539441e+00  1.000000 0.000000 0.000000  -0.000000 -0.000000 -1.000000
2451545.051351  1.0726894272e+00  1.000000 0.000000 0.000000  -0.000000 -0.000000 -1.000000
2451545.052018  1.0852042291e+00  1.000000 0.000000 0.000000  -0.000000 -0.000000 -1.000000
2451545.052685  1.1019820742e+00  1.000000 0.000000 0.000000  -0.000000 -0.000000 -1.000000
2451545.053352  1.1103341319e+00  1.000000 0.000000 0.000000  -0.000000 -0.000000 -1.000000
2451545.054019  1.1225792555e+00  1.000000 0.000000 0.000000  -0.000000 -0.000000 -1.000000
2451545.054685  1.1280405739e+00  1.000000 0.000000 0.000000  -0.000000 -0.000000 -1.000000
2451545.055352  1.1283746828e+00  1.000000 0.000000 0.000000  -0.000000 -0.000000 -1.000000
2451545.056019  1.1384617154e+00  1.000000 0.000000 0.000000  -0.000000 -0.000000 -1.000000
2451545.056686  1.1469379845e+00  1.000000 0.000000 0.000000  -0.000000 -0.000000 -1.000000
2451545.057353  1.1495470892e+00  1.000000 0.000000 0.000000  -0.000000 -0.000000 -1.000000
2451545.058020  1.1494467901e+00  1.000000 0.000000 0.000000  -0.000000 -0.000000 -1.000000
2451545.058687  1.1452355570e+00  1.000000 0.000000 0.000000  -0.000000 -0.000000 -1.000000
2451545.059354  1.1383919710e+00  1.000000 0.000000 0.000000  -0.000000 -0.000000 -1.000000
2451545.060021  1.1381501904e+00  1.000000 0.000000 0.000000  -0.000000 -0.000000 -1.000000
2451545.060688  1.1349904371e+00  1.000000 0.000000 0.000000  -0.000000 -0.000000 -1.000000
2451545.061354  1.1303374894e+00  1.000000 0.000000 0.000000  -0.000000 -0.000000 -1.000000
2451545.062021  1.1263554164e+00  1.000000 0.000000 0.000000  -0.000000 -0.000000 -1.000000
2451545.062688  1.1181840299e+00  1.000000 0.000000 0.000000  -0.000000 -0.000000 -1.000000
2451545.063355  1.1157522753e+00  1.000000 0.000000 0.000000  -0.000000 -0.000000 -1.000000
2451545.064022  1.1169180031e+00  1.000000 0.000000 0.000000  -0.000000 -0.000000 -1.000000
2451545.064689  1.1104815915e+00  1.000000 0.000000 0.000000  -0.000000 -0.000000 -1.000000
2451545.065356  1.1146596130e+00  1.000000 0.000000 0.000000  -0.000000 -0.000000 -1.000000
2451545.066023  1.1151896705e+00  1.000000 0.000000 0.000000  -0.000000 -0.000000 -1.000000
2451545.066690  1.1164231500e+00  1.000000 0.000000 0.000000  -0.000000 -0.000000 -1.000000
2451545.067356  1.1232501301e+00  1.000000 0.000000 0.000000  -0.000000 -0.000000 -1.000000
2451545.068023  1.1205194709e+00  1.000000 0.000000 0.000000  -0.000000 -0.000000 -1.000000
2451545.068690  1.1268263572e+00  1.000000 0.000000 0.000000  -0.000000 -0.000000 -1.000000
2451545.069357  1.1225440511e+00  1.000000 0.000000 0.000000  -0.000000 -0.000000 -1.000000
2451545.070024  1.1255656441e+00  1.000000 0.000000 0.000000  -0.000000 -0.000000 -1.000000
2451545.070691  1.1206091423e+00  1.000000 0.000000 0.000000  -0.000000 -0.000000 -1.000000
2451545.071358  1.1212076156e+00  1.000000 0.000000 0.000000  -0.000000 -0.000000 -1.000000
2451545.072025  1.1294148707e+00  1.000000 0.000000 0.000000  -0.000000 -0.000000 -1.000000
2451545.072692  1.1309445978e+00  1.000000 0.000000 0.000000  -0.000000 -0.000000 -1.000000
2451545.073359  1.1335377609e+00  1.000000 0.000000 0.000000  -0.000000 -0.000000 -1.000000
2451545.074025  1.1204311280e+00  1.000000 0.000000 0.000000  -0.000000 -0.000000 -1.000000
2451545.074692  1.1257303738e+00  1.000000 0.000000 0.000000  -0.000000 -0.000000 -1.000000
2451545.075359  1.1202092744e+00  1.000000 0.000000 0.000000  -0.000000 -0.000000 -1.000000
2451545.076026  1.1251797251e+00  1.000000 0.000000 0.000000  -0.000000 -0.000000 -1.000000
2451545.076693  1.1224497301e+00  1.000000 0.000000 0.000000  -0.000000 -0.000000 -1.000000
2451545.077360  1.1228050945e+00  1.000000 0.000000 0.000000  -0.000000 -0.000000 -1.000000
2451545.078027  1.1137270308e+00  1.000000 0.000000 0.000000  -0.000000 -0.000000 -1.000000
2451545.078694  1.1122763473e+00  1.000000 0.000000 0.000000  -0.000000 -0.000000 -1.000000
2451545.079361  1.1102232051e+00  1.000000 0.000000 0.000000  -0.000000 -0.000000 -1.000000
2451545.080028  1.0994473636e+00  1.000000 0.000000 0.000000  -0.000000 -0.000000 -1.000000
2451545.080694  1.0957343047e+00  1.000000 0.000000 0.000000  -0.000000 -0.000000 -1.000000
2451545.081361  1.0936718632e+00  1.000000 0.000000 0.000000  -0.000000 -0.000000 -1.000000
2451545.082028  1.0733317399e+00  1.000000 0.000000 0.000000  -0.000000 -0.000000 -1.000000
2451545.082695  1.0651796162e+00  1.000000 0.000000 0.000000  -0.000000 -0.000000 -1.000000
2451545.083362  1.0572905285e+00  1.000000 0.000000 0.000000  -0.000000 -0.000000 -1.000000
2451545.084029  1.0479507573e+00  1.000000 0.000000 0.000000  -0.000000 -0.000000 -1.000000
2451545.084696  1.0335933748e+00  1.000000 0.000000 0.000000  -0.000000 -0.000000 -1.000000
2451545.085363  1.0187132415e+00  1.000000 0.000000 0.000000  -0.000000 -0.000000 -1.000000
2451545.086030  9.8755875121e-01  1.000000 0.000000 0.000000  -0.000000 -0.000000 -1.000000
2451545.086696  9.6650125698e-01  1.000000 0.000000 0.000000  -0.000000 -0.000000 -1.000000
2451545.087363  9.5119402227e-01  1.000000 0.000000 0.000000  -0.000000 -0.000000 -1.000000
2451545.088030  9.2682665820e-01  1.000000 0.000000 0.000000  -0.000000 -0.000000 -1.000000
2451545.088697  9.1123048241e-01  1.000000 0.000000 0.000000  -0.000000 -0.000000 -1.000000
2451545.089364  8.9108896460e-01  1.000000 0.000000 0.000000  -0.000000 -0.000000 -1.000000
2451545.090031  8.6638948434e-01  1.000000 0.000000 0.000000  -0.000000 -0.000000 -1.000000
2451545.090698  8.5381290886e-01  1.000000 0.000000 0.000000  -0.000000 -0.000000 -1.000000
2451545.091365  8.4369200042e-01  1.000000 0.000000 0.000000  -0.000000 -0.000000 -1.000000
2451545.092032  8.2735919095e-01  1.000000 0.000000 0.000000  -0.000000 -0.000000 -1.000000
2451545.092699  8.1855744796e-01  1.000000 0.000000 0.000000  -0.000000 -0.000000 -1.000000
2451545.093365  8.0772182550e-01  1.000000 0.000000 0.000000  -0.000000 -0.000000 -1.000000
2451545.094032  7.9768328186e-01  1.000000 0.000000 0.000000  -0.000000 -0.000000 -1.000000
2451545.094699  7.9694996934e-01  1.000000 0.000000 0.000000  -0.000000 -0.000000 -1.000000
2451545.095366  7.9451555774e-01  1.000000 0.000000 0.000000  -0.000000 -0.000000 -1.000000
2451545.096033  7.9926747604e-01  1.000000 0.000000 0.000000  -0.000000 -0.000000 -1.000000
2451545.096700  8.0553517257e-01  1.000000 0.000000 0.000000  -0.000000 -0.000000 -1.000000
2451545.097367  8.0557569075e-01  1.000000 0.000000 0.000000  -0.000000 -0.000000 -1.000000
2451545.098034  8.1178559907e-01  1.000000 0.000000 0.000000  -0.000000 -0.000000 -1.000000
2451545.098701  8.2129740644e-01  1.000000 0.000000 0.000000  -0.000000 -0.000000 -1.000000
2451545.099367  8.3727551583e-01  1.000000 0.000000 0.000000  -0.000000 -0.000000 -1.000000
2451545.100034  8.4502378629e-01  1.000000 0.000000 0.000000  -0.000000 -0.000000 -1.000000
2451545.100701  8.5696004178e-01  1.000000 0.000000 0.000000  -0.000000 -0.000000 -1.000000
2451545.101368  8.6549409912e-01  1.000000 0.000000 0.000000  -0.000000 -0.000000 -1.000000
2451545.102035  8.7958512438e-01  1.000000 0.000000 0.000000  -0.000000 -0.000000 -1.000000
2451545.102702  8.8892290288e-01  1.000000 0.000000 0.000000  -0.000000 -0.000000 -1.000000
2451545.103369  9.0954133953e-01  1.000000 0.000000 0.000000  -0.000000 -0.000000 -1.000000
2451545.104036  9.2733346749e-01  1.000000 0.000000 0.000000  -0.000000 -0.000000 -1.000000
2451545.104703  9.3440687787e-01  1.000000 0.000000 0.000000  -0.000000 -0.000000 -1.000000
2451545.105370  9.5353544134e-01  1.000000 0.000000 0.000000  -0.000000 -0.000000 -1.000000
2451545.106036  9.6769488253e-01  1.000000 0.000000 0.000000  -0.000000 -0.000000 -1.000000
2451545.106703  9.8006953137e-01  1.000000 0.000000 0.000000  -0.000000 -0.000000 -1.000000
2451545.107370  9.9411804576e-01  1.000000 0.000000 0.000000  -0.000000 -0.000000 -1.000000
2451545.108037  1.0061479580e+00  1.000000 0.000000 0.000000  -0.000000 -0.000000 -1.000000
2451545.108704  1.0161273850e+00  1.000000 0.000000 0.000000  -0.000000 -0.000000 -1.000000
2451545.109371  1.0381015199e+00  1.000000 0.000000 0.000000  -0.000000 -0.000000 -1.000000
2451545.110038  1.0578351990e+00  1.000000 0.000000 0.000000  -0.000000 -0.000000 -1.000000
2451545.110705  1.0576452285e+00  1.000000 0.000000 0.000000  -0.000000 -0.000000 -1.000000
2451545.111372  1.0815861554e+00  1.000000 0.000000 0.000000  -0.000000 -0.000000 -1.000000
2451545.112039  1.0963586831e+00  1.000000 0.000000 0.000000  -0.000000 -0.000000 -1.000000
2451545.112705  1.1095217758e+00  1.000000 0.000000 0.000000  -0.000000 -0.000000 -1.000000
2451545.113372  1.1211657690e+00  1.000000 0.000000 0.000000  -0.000000 -0.000000 -1.000000
2451545.114039  1.1299316434e+00  1.000000 0.000000 0.000000  -0.000000 -0.000000 -1.000000
2451545.114706  1.1386403939e+00  1.000000 0.000000 0.000000  -0.000000 -0.000000 -1.000000
2451545.115373  1.1558340485e+00  1.000000 0.000000 0.000000  -0.000000 -0.000000 -1.000000
2451545.116040  1.1645042735e+00  1.000000 0.000000 0.000000  -0.000000 -0.000000 -1.000000
2451545.116707  1.1640173912e+00  1.000000 0.000000 0.000000  -0.000000 -0.000000 -1.000000
2451545.117374  1.1686889373e+00  1.000000 0.000000 0.000000  -0.000000 -0.000000 -1.000000
2451545.118041  1.1702100294e+00  1.000000 0.000000 0.000000  -0.000000 -0.000000 -1.000000
2451545.118707  1.1701064092e+00  1.000000 0.000000 0.000000  -0.000000 -0.000000 -1.000000
2451545.119374  1.1732090385e+00  1.000000 0.000000 0.000000  -0.000000 -0.000000 -1.000000
2451545.120041  1.1754488300e+00  1.000000 0.000000 0.000000  -0.000000 -0.000000 -1.000000
2451545.120708  1.1875212532e+00  1.000000 0.000000 0.000000  -0.000000 -0.000000 -1.000000
2451545.121375  1.1958567050e+00  1.000000 0.000000 0.000000  -0.000000 -0.000000 -1.000000
2451545.122042  1.1993166914e+00  1.000000 0.000000 0.000000  -0.000000 -0.000000 -1.000000
2451545.122709  1.2040327411e+00  1.000000 0.000000 0.000000  -0.000000 -0.000000 -1.000000
2451545.123376  1.2062898027e+00  1.000000 0.000000 0.000000  -0.000000 -0.000000 -1.000000
2451545.124043  1.2031074655e+00  1.000000 0.000000 0.000000  -0.000000 -0.000000 -1.000000
2451545.124710  1.1988065609e+00  1.000000 0.000000 0.000000  -0.000000 -0.000000 -1.000000
2451545.125376  1.1976581032e+00  1.000000 0.000000 0.000000  -0.000000 -0.000000 -1.000000
2451545.126043  1.1979829128e+00  1.000000 0.000000 0.000000  -0.000000 -0.000000 -1.000000
2451545.126710  1.2056880082e+00  1.000000 0.000000 0.000000  -0.000000 -0.000000 -1.000000
2451545.127377  1.1959550114e+00  1.000000 0.000000 0.000000  -0.000000 -0.000000 -1.000000
2451545.128044  1.1959317633e+00  1.000000 0.000000 0.000000  -0.000000 -0.000000 -1.000000
2451545.128711  1.1894276000e+00  1.000000 0.000000 0.000000  -0.000000 -0.000000 -1.000000
2451545.129378  1.1817563805e+00  1.000000 0.000000 0.000000  -0.000000 -0.000000 -1.000000
2451545.130045  1.1820805259e+00  1.000000 0.000000 0.000000  -0.000000 -0.000000 -1.000000
2451545.130712  1.1810808562e+00  1.000000 0.000000 0.000000  -0.000000 -0.000000 -1.000000
2451545.131378  1.1795066255e+00  1.000000 0.000000 0.000000  -0.000000 -0.000000 -1.000000
2451545.132045  1.1726869519e+00  1.000000 0.000000 0.000000  -0.000000 -0.000000 -1.000000
2451545.132712  1.1605906164e+00  1.000000 0.000000 0.000000  -0.000000 -0.000000 -1.000000
2451545.133379  1.1474892974e+00  1.000000 0.000000 0.000000  -0.000000 -0.000000 -1.000000
2451545.134046  1.1517330779e+00  1.000000 0.000000 0.000000  -0.000000 -0.000000 -1.000000
2451545.134713  1.1382504895e+00  1.000000 0.000000 0.000000  -0.000000 -0.000000 -1.000000
2451545.135380  1.1310329407e+00  1.000000 0.000000 0.000000  -0.000000 -0.000000 -1.000000
2451545.136047  1.1250302729e+00  1.000000 0.000000 0.000000  -0.000000 -0.000000 -1.000000
2451545.136714  1.1137675490e+00  1.000000 0.000000 0.000000  -0.000000 -0.000000 -1.000000
2451545.137381  1.1070428606e+00  1.000000 0.000000 0.000000  -0.000000 -0.000000 -1.000000
2451545.138047  1.0947452627e+00  1.000000 0.000000 0.000000  -0.000000 -0.000000 -1.000000
2451545.138714  1.0834785534e+00  1.000000 0.000000 0.000000  -0.000000 -0.000000 -1.000000
2451545.139381  1.0775363308e+00  1.000000 0.000000 0.000000  -0.000000 -0.000000 -1.000000
2451545.140048  1.0644635737e+00  1.000000 0.000000 0.000000  -0.000000 -0.000000 -1.000000
2451545.140715  1.0370613320e+00  1.000000 0.000000 0.000000  -0.000000 -0.000000 -1.000000
2451545.141382  1.0283306619e+00  1.000000 0.000000 0.000000  -0.000000 -0.000000 -1.000000
2451545.142049  1.0075959845e+00  1.000000 0.000000 0.000000  -0.000000 -0.000000 -1.000000
2451545.142716  9.9583508640e-01  1.000000 0.000000 0.000000  -0.000000 -0.000000 -1.000000
2451545.143383  9.8379720337e-01  1.000000 0.000000 0.000000  -0.000000 -0.000000 -1.000000
2451545.144050  9.4808475060e-01  1.000000 0.000000 0.000000  -0.000000 -0.000000 -1.000000
2451545.144716  9.2666458550e-01  1.000000 0.000000 0.000000  -0.000000 -0.000000 -1.000000
2451545.145383  9.0204680582e-01  1.000000 0.000000 0.000000  -0.000000 -0.000000 -1.000000
2451545.146050  8.7154791284e-01  1.000000 0.000000 0.000000  -0.000000 -0.000000 -1.000000
2451545.146717  8.4419947394e-01  1.000000 0.000000 0.000000  -0.000000 -0.000000 -1.000000
2451545.147384  8.1378161730e-01  1.000000 0.000000 0.000000  -0.000000 -0.000000 -1.000000
2451545.148051  7.5427237606e-01  1.000000 0.000000 0.000000  -0.000000 -0.000000 -1.000000
2451545.148718  7.1293453945e-01  1.000000 0.000000 0.000000  -0.000000 -0.000000 -1.000000
2451545.149385  6.6440638756e-01  1.000000 0.000000 0.000000  -0.000000 -0.000000 -1.000000
2451545.150052  5.8292168295e-01  1.000000 0.000000 0.000000  -0.000000 -0.000000 -1.000000
2451545.150718  5.3534670450e-01  1.000000 0.000000 0.000000  -0.000000 -0.000000 -1.000000
2451545.151385  5.1899131113e-01  1.000000 0.000000 0.000000  -0.000000 -0.000000 -1.000000
2451545.152052  5.1387273657e-01  1.000000 0.000000 0.000000  -0.000000 -0.000000 -1.000000
2451545.152719  5.2132409517e-01  1.000000 0.000000 0.000000  -0.000000 -0.000000 -1.000000
2451545.153386  5.1544231764e-01  1.000000 0.000000 0.000000  -0.000000 -0.000000 -1.000000
2451545.154053  5.2087972372e-01  1.000000 0.000000 0.000000  -0.000000 -0.000000 -1.000000
2451545.154720  5.2264658180e-01  1.000000 0.000000 0.000000  -0.000000 -0.000000 -1.000000
2451545.155387  5.3078276396e-01  1.000000 0.000000 0.000000  -0.000000 -0.000000 -1.000000
2451545.156054  5.4215774310e-01  1.000000 0.000000 0.000000  -0.000000 -0.000000 -1.000000
2451545.156721  5.5229658583e-01  1.000000 0.000000 0.000000  -0.000000 -0.000000 -1.000000
2451545.157387  5.6178780200e-01  1.000000 0.000000 0.000000  -0.000000 -0.000000 -1.000000
2451545.158054  5.7688779621e-01  1.000000 0.000000 0.000000  -0.000000 -0.000000 -1.000000
2451545.158721  5.8332354353e-01  1.000000 0.000000 0.000000  -0.000000 -0.000000 -1.000000
2451545.159388  5.9179781996e-01  1.000000 0.000000 0.000000  -0.000000 -0.000000 -1.000000
2451545.160055  6.0278621587e-01  1.000000 0.000000 0.000000  -0.000000 -0.000000 -1.000000
2451545.160722  6.0869389847e-01  1.000000 0.000000 0.000000  -0.000000 -0.000000 -1.000000
2451545.161389  6.1464807733e-01  1.000000 0.000000 0.000000  -0.000000 -0.000000 -1.000000
2451545.162056  6.2523129151e-01  1.000000 0.000000 0.000000  -0.000000 -0.000000 -1.000000
2451545.162723  6.2853053363e-01  1.000000 0.000000 0.000000  -0.000000 -0.000000 -1.000000
2451545.163389  6.3898156556e-01  1.000000 0.000000 0.000000  -0.000000 -0.000000 -1.000000
2451545.164056  6.4967570654e-01  1.000000 0.000000 0.000000  -0.000000 -0.000000 -1.000000
2451545.164723  6.5688395609e-01  1.000000 0.000000 0.000000  -0.000000 -0.000000 -1.000000
2451545.165390  6.6381057113e-01  1.000000 0.000000 0.000000  -0.000000 -0.000000 -1.000000
2451545.166057  6.7569169533e-01  1.000000 0.000000 0.000000  -0.000000 -0.000000 -1.000000
2451545.166724  6.9782059636e-01  1.000000 0.000000 0.000000  -0.000000 -0.000000 -1.000000
2451545.167391  7.0513379463e-01  1.000000 0.000000 0.000000  -0.000000 -0.000000 -1.000000
2451545.168058  7.2042309506e-01  1.000000 0.000000 0.000000  -0.000000 -0.000000 -1.000000
2451545.168725  7.2857455457e-01  1.000000 0.000000 0.000000  -0.000000 -0.000000 -1.000000
2451545.169392  7.5254138653e-01  1.000000 0.000000 0.000000  -0.000000 -0.000000 -1.000000
2451545.170058  7.6349524236e-01  1.000000 0.000000 0.000000  -0.000000 -0.000000 -1.000000
2451545.170725  7.8064572186e-01  1.000000 0.000000 0.000000  -0.000000 -0.000000 -1.000000
2451545.171392  7.9608048918e-01  1.000000 0.000000 0.000000  -0.000000 -0.000000 -1.000000
2451545.172059  8.0701906766e-01  1.000000 0.000000 0.000000  -0.000000 -0.000000 -1.000000
2451545.172726  8.2146412876e-01  1.000000 0.000000 0.000000  -0.000000 -0.000000 -1.000000
2451545.173393  8.5446452081e-01  1.000000 0.000000 0.000000  -0.000000 -0.000000 -1.000000
2451545.174060  8.7101652695e-01  1.000000 0.000000 0.000000  -0.000000 -0.000000 -1.000000
2451545.174727  8.8791061277e-01  1.000000 0.000000 0.000000  -0.000000 -0.000000 -1.000000
2451545.175394  9.1458950545e-01  1.000000 0.000000 0.000000  -0.000000 -0.000000 -1.000000
2451545.176061  9.2847528291e-01  1.000000 0.000000 0.000000  -0.000000 -0.000000 -1.000000
2451545.176727  9.5404955718e-01  1.000000 0.000000 0.000000  -0.000000 -0.000000 -1.000000
2451545.177394  9.9141926968e-01  1.000000 0.000000 0.000000  -0.000000 -0.000000 -1.000000
2451545.178061  1.0182529285e+00  1.000000 0.000000 0.000000  -0.000000 -0.000000 -1.000000
2451545.178728  1.0476325900e+00  1.000000 0.000000 0.000000  -0.000000 -0.000000 -1.000000
2451545.179395  1.0892241633e+00  1.000000 0.000000 0.000000  -0.000000 -0.000000 -1.000000
2451545.180062  1.1219103735e+00  1.000000 0.000000 0.000000  -0.000000 -0.000000 -1.000000
2451545.180729  1.1571784548e+00  1.000000 0.000000 0.000000  -0.000000 -0.000000 -1.000000
2451545.181396  1.2143881236e+00  1.000000 0.000000 0.000000  -0.000000 -0.000000 -1.000000
2451545.182063  1.2446352725e+00  1.000000 0.000000 0.000000  -0.000000 -0.000000 -1.000000
2451545.182729  1.2701477732e+00  1.000000 0.000000 0.000000  -0.000000 -0.000000 -1.000000
2451545.183396  1.2961398496e+00  1.000000 0.000000 0.000000  -0.000000 -0.000000 -1.000000
2451545.184063  1.3121172948e+00  1.000000 0.000000 0.000000  -0.000000 -0.000000 -1.000000
2451545.184730  1.3251468767e+00  1.000000 0.000000 0.000000  -0.000000 -0.000000 -1.000000
2451545.185397  1.3396384341e+00  1.000000 0.000000 0.000000  -0.000000 -0.000000 -1.000000
2451545.186064  1.3471263255e+00  1.000000 0.000000 0.000000  -0.000000 -0.000000 -1.000000
2451545.186731  1.3445564105e+00  1.000000 0.000000 0.000000  -0.000000 -0.000000 -1.000000
2451545.187398  1.3432824128e+00  1.000000 0.000000 0.000000  -0.000000 -0.000000 -1.000000
2451545.188065  1.3416198392e+00  1.000000 0.000000 0.000000  -0.000000 -0.000000 -1.000000
2451545.188732  1.3470260264e+00  1.000000 0.000000 0.000000  -0.000000 -0.000000 -1.000000
2451545.189398  1.3395016022e+00  1.000000 0.000000 0.000000  -0.000000 -0.000000 -1.000000
2451545.190065  1.3351229825e+00  1.000000 0.000000 0.000000  -0.000000 -0.000000 -1.000000
2451545.190732  1.3259280140e+00  1.000000 0.000000 0.000000  -0.000000 -0.000000 -1.000000
2451545.191399  1.3166453668e+00  1.000000 0.000000 0.000000  -0.000000 -0.000000 -1.000000
2451545.192066  1.3142029844e+00  1.000000 0.000000 0.000000  -0.000000 -0.000000 -1.000000
2451545.192733  1.3023656995e+00  1.000000 0.000000 0.000000  -0.000000 -0.000000 -1.000000
2451545.193400  1.2965483525e+00  1.000000 0.000000 0.000000  -0.000000 -0.000000 -1.000000
2451545.194067  1.2922408057e+00  1.000000 0.000000 0.000000  -0.000000 -0.000000 -1.000000
2451545.194734  1.2849063520e+00  1.000000 0.000000 0.000000  -0.000000 -0.000000 -1.000000
2451545.195400  1.2821551015e+00  1.000000 0.000000 0.000000  -0.000000 -0.000000 -1.000000
2451545.196067  1.2699272480e+00  1.000000 0.000000 0.000000  -0.000000 -0.000000 -1.000000
2451545.196734  1.2598767482e+00  1.000000 0.000000 0.000000  -0.000000 -0.000000 -1.000000
2451545.197401  1.2481503902e+00  1.000000 0.000000 0.000000  -0.000000 -0.000000 -1.000000
2451545.198068  1.2362984922e+00  1.000000 0.000000 0.000000  -0.000000 -0.000000 -1.000000
2451545.198735  1.2110702830e+00  1.000000 0.000000 0.000000  -0.000000 -0.000000 -1.000000
2451545.199402  1.1886371635e+00  1.000000 0.000000 0.000000  -0.000000 -0.000000 -1.000000
2451545.200069  1.1732708121e+00  1.000000 0.000000 0.000000  -0.000000 -0.000000 -1.000000
2451545.200736  1.1552315897e+00  1.000000 0.000000 0.000000  -0.000000 -0.000000 -1.000000
2451545.201403  1.1448602657e+00  1.000000 0.000000 0.000000  -0.000000 -0.000000 -1.000000
2451545.202069  1.1322471574e+00  1.000000 0.000000 0.000000  -0.000000 -0.000000 -1.000000
2451545.202736  1.1099223079e+00  1.000000 0.000000 0.000000  -0.000000 -0.000000 -1.000000
2451545.203403  1.0972972434e+00  1.000000 0.000000 0.000000  -0.000000 -0.000000 -1.000000
2451545.204070  1.0869823791e+00  1.000000 0.000000 0.000000  -0.000000 -0.000000 -1.000000
2451545.204737  1.0690168865e+00  1.000000 0.000000 0.000000  -0.000000 -0.000000 -1.000000
2451545.205404  1.0529829816e+00  1.000000 0.000000 0.000000  -0.000000 -0.000000 -1.000000
2451545.206071  1.0356591375e+00  1.000000 0.000000 0.000000  -0.000000 -0.000000 -1.000000
2451545.206738  1.0127583984e+00  1.000000 0.000000 0.000000  -0.000000 -0.000000 -1.000000
2451545.207405  1.0032837881e+00  1.000000 0.000000 0.000000  -0.000000 -0.000000 -1.000000
2451545.208072  9.8234651990e-01  1.000000 0.000000 0.000000  -0.000000 -0.000000 -1.000000
2451545.208738  9.5916746751e-01  1.000000 0.000000 0.000000  -0.000000 -0.000000 -1.000000
2451545.209405  9.4912493848e-01  1.000000 0.000000 0.000000  -0.000000 -0.000000 -1.000000
2451545.210072  9.1941183238e-01  1.000000 0.000000 0.000000  -0.000000 -0.000000 -1.000000
2451545.210739  8.8806936430e-01  1.000000 0.000000 0.000000  -0.000000 -0.000000 -1.000000
2451545.211406  8.6619087887e-01  1.000000 0.000000 0.000000  -0.000000 -0.000000 -1.000000
2451545.212073  8.4630044089e-01  1.000000 0.000000 0.000000  -0.000000 -0.000000 -1.000000
2451545.212740  8.1961158472e-01  1.000000 0.000000 0.000000  -0.000000 -0.000000 -1.000000
2451545.213407  8.0203798920e-01  1.000000 0.000000 0.000000  -0.000000 -0.000000 -1.000000
2451545.214074  7.8305821379e-01  1.000000 0.000000 0.000000  -0.000000 -0.000000 -1.000000
2451545.214740  7.4712988551e-01  1.000000 0.000000 0.000000  -0.000000 -0.000000 -1.000000
2451545.215407  7.2882497016e-01  1.000000 0.000000 0.000000  -0.000000 -0.000000 -1.000000
2451545.216074  7.1286612352e-01  1.000000 0.000000 0.000000  -0.000000 -0.000000 -1.000000
2451545.216741  7.0024637293e-01  1.000000 0.000000 0.000000  -0.000000 -0.000000 -1.000000
2451545.217408  6.8518490420e-01  1.000000 0.000000 0.000000  -0.000000 -0.000000 -1.000000
2451545.218075  6.6596600513e-01  1.000000 0.000000 0.000000  -0.000000 -0.000000 -1.000000
2451545.218742  6.5452792392e-01  1.000000 0.000000 0.000000  -0.000000 -0.000000 -1.000000
2451545.219409  6.5258836543e-01  1.000000 0.000000 0.000000  -0.000000 -0.000000 -1.000000
2451545.220076  6.3785901288e-01  1.000000 0.000000 0.000000  -0.000000 -0.000000 -1.000000
2451545.220743  6.3179656414e-01  1.000000 0.000000 0.000000  -0.000000 -0.000000 -1.000000
2451545.221409  6.2522464918e-01  1.000000 0.000000 0.000000  -0.000000 -0.000000 -1.000000
2451545.222076  6.1979521388e-01  1.000000 0.000000 0.000000  -0.000000 -0.000000 -1.000000
2451545.222743  6.1693104395e-01  1.000000 0.000000 0.000000  -0.000000 -0.000000 -1.000000
2451545.223410  6.1334551768e-01  1.000000 0.000000 0.000000  -0.000000 -0.000000 -1.000000
2451545.224077  6.2204430465e-01  1.000000 0.000000 0.000000  -0.000000 -0.000000 -1.000000
2451545.224744  6.2891313147e-01  1.000000 0.000000 0.000000  -0.000000 -0.000000 -1.000000
2451545.225411  6.3010675702e-01  1.000000 0.000000 0.000000  -0.000000 -0.000000 -1.000000
2451545.226078  6.3229141725e-01  1.000000 0.000000 0.000000  -0.000000 -0.000000 -1.000000
2451545.226745  6.4242096072e-01  1.000000 0.000000 0.000000  -0.000000 -0.000000 -1.000000
2451545.227411  6.4836185493e-01  1.000000 0.000000 0.000000  -0.000000 -0.000000 -1.000000
2451545.228078  6.6806165823e-01  1.000000 0.000000 0.000000  -0.000000 -0.000000 -1.000000
2451545.228745  6.8209356680e-01  1.000000 0.000000 0.000000  -0.000000 -0.000000 -1.000000
2451545.229412  6.9481693763e-01  1.000000 0.000000 0.000000  -0.000000 -0.000000 -1.000000
2451545.230079  7.0940015907e-01  1.000000 0.000000 0.000000  -0.000000 -0.000000 -1.000000
2451545.230746  7.2613682181e-01  1.000000 0.000000 0.000000  -0.000000 -0.000000 -1.000000
2451545.231413  7.3878845555e-01  1.000000 0.000000 0.000000  -0.000000 -0.000000 -1.000000
2451545.232080  7.6993962470e-01  1.000000 0.000000 0.000000  -0.000000 -0.000000 -1.000000
2451545.232747  7.8645642653e-01  1.000000 0.000000 0.000000  -0.000000 -0.000000 -1.000000
2451545.233414  8.0684437455e-01  1.000000 0.000000 0.000000  -0.000000 -0.000000 -1.000000
2451545.234080  8.3861128710e-01  1.000000 0.000000 0.000000  -0.000000 -0.000000 -1.000000
2451545.234747  8.5984945254e-01  1.000000 0.000000 0.000000  -0.000000 -0.000000 -1.000000
2451545.235414  8.7717861055e-01  1.000000 0.000000 0.000000  -0.000000 -0.000000 -1.000000
2451545.236081  9.0873828260e-01  1.000000 0.000000 0.000000  -0.000000 -0.000000 -1.000000
2451545.236748  9.3115479624e-01  1.000000 0.000000 0.000000  -0.000000 -0.000000 -1.000000
2451545.237415  9.5059222776e-01  1.000000 0.000000 0.000000  -0.000000 -0.000000 -1.000000
2451545.238082  9.8926516414e-01  1.000000 0.000000 0.000000  -0.000000 -0.000000 -1.000000
2451545.238749  1.0092652005e+00  1.000000 0.000000 0.000000  -0.000000 -0.000000 -1.000000
2451545.239416  1.0488906461e+00  1.000000 0.000000 0.000000  -0.000000 -0.000000 -1.000000
360  1
2451545.000000  9.8084113032e-01  1.000000 0.000000 0.000000  -0.000000 -1.000000 0.000000
2451545.000667  9.7980683463e-01  1.000000 0.000000 0.000000  -0.000000 -1.000000 0.000000
2451545.001334  9.7878989290e-01  1.000000 0.000000 0.000000  -0.000000 -1.000000 0.000000
2451545.002001  9.7768542688e-01  1.000000 0.000000 0.000000  -0.000000 -1.000000 0.000000
2451545.002668  9.8002323090e-01  1.000000 0.000000 0.000000  -0.000000 -1.000000 0.000000
2451545.003334  9.8122865167e-01  1.000000 0.000000 0.000000  -0.000000 -1.000000 0.000000
2451545.004001  9.9142085548e-01  1.000000 0.000000 0.000000  -0.000000 -1.000000 0.000000
2451545.004668  9.9298135325e-01  1.000000 0.000000 0.000000  -0.000000 -1.000000 0.000000
2451545.005335  1.0006330890e+00  1.000000 0.000000 0.000000  -0.000000 -1.000000 0.000000
2451545.006002  1.0120375043e+00  1.000000 0.000000 0.000000  -0.000000 -1.000000 0.000000
2451545.006669  1.0177732126e+00  1.000000 0.000000 0.000000  -0.000000 -1.000000 0.000000
2451545.007336  1.0221509362e+00  1.000000 0.000000 0.000000  -0.000000 -1.000000 0.000000
2451545.008003  1.0303835013e+00  1.000000 0.000000 0.000000  -0.000000 -1.000000 0.000000
2451545.008670  1.0332014817e+00  1.000000 0.000000 0.000000  -0.000000 -1.000000 0.000000
2451545.009337  1.0384100825e+00  1.000000 0.000000 0.000000  -0.000000 -1.000000 0.000000
2451545.010003  1.0440965962e+00  1.000000 0.000000 0.000000  -0.000000 -1.000000 0.000000
2451545.010670  1.0482057108e+00  1.000000 0.000000 0.000000  -0.000000 -1.000000 0.000000
2451545.011337  1.0517377687e+00  1.000000 0.000000 0.000000  -0.000000 -1.000000 0.000000
2451545.012004  1.0552118795e+00  1.000000 0.000000 0.000000  -0.000000 -1.000000 0.000000
2451545.012671  1.0579607458e+00  1.000000 0.000000 0.000000  -0.000000 -1.000000 0.000000
2451545.013338  1.0581967596e+00  1.000000 0.000000 0.000000  -0.000000 -1.000000 0.000000
2451545.014005  1.0550046883e+00  1.000000 0.000000 0.000000  -0.000000 -1.000000 0.000000
2451545.014672  1.0550009157e+00  1.000000 0.000000 0.000000  -0.000000 -1.000000 0.000000
2451545.015339  1.0516202145e+00  1.000000 0.000000 0.000000  -0.000000 -1.000000 0.000000
2451545.016006  1.0553507111e+00  1.000000 0.000000 0.000000  -0.000000 -1.000000 0.000000
2451545.016672  1.0498442259e+00  1.000000 0.000000 0.000000  -0.000000 -1.000000 0.000000
2451545.017339  1.0480812150e+00  1.000000 0.000000 0.000000  -0.000000 -1.000000 0.000000
2451545.018006  1.0442677212e+00  1.000000 0.000000 0.000000  -0.000000 -1.000000 0.000000
2451545.018673  1.0421028532e+00  1.000000 0.000000 0.000000  -0.000000 -1.000000 0.000000
2451545.019340  1.0374390156e+00  1.000000 0.000000 0.000000  -0.000000 -1.000000 0.000000
2451545.020007  1.0271140163e+00  1.000000 0.000000 0.000000  -0.000000 -1.000000 0.000000
2451545.020674  1.0242211876e+00  1.000000 0.000000 0.000000  -0.000000 -1.000000 0.000000
2451545.021341  1.0194631860e+00  1.000000 0.000000 0.000000  -0.000000 -1.000000 0.000000
2451545.022008  1.0133757205e+00  1.000000 0.000000 0.000000  -0.000000 -1.000000 0.000000
2451545.022674  1.0078565594e+00  1.000000 0.000000 0.000000  -0.000000 -1.000000 0.000000
2451545.023341  1.0013666331e+00  1.000000 0.000000 0.000000  -0.000000 -1.000000 0.000000
2451545.024008  9.9026115861e-01  1.000000 0.000000 0.000000  -0.000000 -1.000000 0.000000
2451545.024675  9.8492021504e-01  1.000000 0.000000 0.000000  -0.000000 -1.000000 0.000000
2451545.025342  9.7812621732e-01  1.000000 0.000000 0.000000  -0.000000 -1.000000 0.000000
2451545.026009  9.6571180191e-01  1.000000 0.000000 0.000000  -0.000000 -1.000000 0.000000
2451545.026676  9.5757566444e-01  1.000000 0.000000 0.000000  -0.000000 -1.000000 0.000000
2451545.027343  9.4900296184e-01  1.000000 0.000000 0.000000  -0.000000 -1.000000 0.000000
2451545.028010  9.4289965150e-01  1.000000 0.000000 0.000000  -0.000000 -1.000000 0.000000
2451545.028677  9.3482960996e-01  1.000000 0.000000 0.000000  -0.000000 -1.000000 0.000000
2451545.029343  9.1807655503e-01  1.000000 0.000000 0.000000  -0.000000 -1.000000 0.000000
2451545.030010  9.0979313530e-01  1.000000 0.000000 0.000000  -0.000000 -1.000000 0.000000
2451545.030677  8.9899595755e-01  1.000000 0.000000 0.000000  -0.000000 -1.000000 0.000000
2451545.031344  8.9211700090e-01  1.000000 0.000000 0.000000  -0.000000 -1.000000 0.000000
2451545.032011  8.9665845533e-01  1.000000 0.000000 0.000000  -0.000000 -1.000000 0.000000
2451545.032678  9.0617279859e-01  1.000000 0.000000 0.000000  -0.000000 -1.000000 0.000000
2451545.033345  9.1823530599e-01  1.000000 0.000000 0.000000  -0.000000 -1.000000 0.000000
2451545.034012  9.2588960714e-01  1.000000 0.000000 0.000000  -0.000000 -1.000000 0.000000
2451545.034679  9.3826388210e-01  1.000000 0.000000 0.000000  -0.000000 -1.000000 0.000000
2451545.035345  9.5019751752e-01  1.000000 0.000000 0.000000  -0.000000 -1.000000 0.000000
2451545.036012  9.6138176391e-01  1.000000 0.000000 0.000000  -0.000000 -1.000000 0.000000
2451545.036679  9.7223749241e-01  1.000000 0.000000 0.000000  -0.000000 -1.000000 0.000000
2451545.037346  9.8905875592e-01  1.000000 0.000000 0.000000  -0.000000 -1.000000 0.000000
2451545.038013  9.9723427933e-01  1.000000 0.000000 0.000000  -0.000000 -1.000000 0.000000
2451545.038680  1.0074061111e+00  1.000000 0.000000 0.000000  -0.000000 -1.000000 0.000000
2451545.039347  1.0181459454e+00  1.000000 0.000000 0.000000  -0.000000 -1.000000 0.000000
2451545.040014  1.0276714555e+00  1.000000 0.000000 0.000000  -0.000000 -1.000000 0.000000
2451545.040681  1.0368936487e+00  1.000000 0.000000 0.000000  -0.000000 -1.000000 0.000000
2451545.041348  1.0486157168e+00  1.000000 0.000000 0.000000  -0.000000 -1.000000 0.000000
2451545.042014  1.0535289986e+00  1.000000 0.000000 0.000000  -0.000000 -1.000000 0.000000
2451545.042681  1.0640788448e+00  1.000000 0.000000 0.000000  -0.000000 -1.000000 0.000000
2451545.043348  1.0737662749e+00  1.000000 0.000000 0.000000  -0.000000 -1.000000 0.000000
2451545.044015  1.0781092906e+00  1.000000 0.000000 0.000000  -0.000000 -1.000000 0.000000
2451545.044682  1.0832803163e+00  1.000000 0.000000 0.000000  -0.000000 -1.000000 0.000000
2451545.045349  1.0871771091e+00  1.000000 0.000000 0.000000  -0.000000 -1.000000 0.000000
2451545.046016  1.0902096749e+00  1.000000 0.000000 0.000000  -0.000000 -1.000000 0.000000
2451545.046683  1.0922160938e+00  1.000000 0.000000 0.000000  -0.000000 -1.000000 0.000000
2451545.047350  1.0955144015e+00  1.000000 0.000000 0.000000  -0.000000 -1.000000 0.000000
2451545.048017  1.0970136323e+00  1.000000 0.000000 0.000000  -0.000000 -1.000000 0.000000
2451545.048683  1.1000928274e+00  1.000000 0.000000 0.000000  -0.000000 -1.000000 0.000000
2451545.049350  1.0989933412e+00  1.000000 0.000000 0.000000  -0.000000 -1.000000 0.000000
2451545.050017  1.0979302229e+00  1.000000 0.000000 0.000000  -0.000000 -1.000000 0.000000
2451545.050684  1.0909569512e+00  1.000000 0.000000 0.000000  -0.000000 -1.000000 0.000000
2451545.051351  1.0902958410e+00  1.000000 0.000000 0.000000  -0.000000 -1.000000 0.000000
2451545.052018  1.0870230361e+00  1.000000 0.000000 0.000000  -0.000000 -1.000000 0.000000
2451545.052685  1.0845180305e+00  1.000000 0.000000 0.000000  -0.000000 -1.000000 0.000000
2451545.053352  1.0783866521e+00  1.000000 0.000000 0.000000  -0.000000 -1.000000 0.000000
2451545.054019  1.0720483843e+00  1.000000 0.000000 0.000000  -0.000000 -1.000000 0.000000
2451545.054685  1.0609241976e+00  1.000000 0.000000 0.000000  -0.000000 -1.000000 0.000000
2451545.055352  1.0540745164e+00  1.000000 0.000000 0.000000  -0.000000 -1.000000 0.000000
2451545.056019  1.0456264604e+00  1.000000 0.000000 0.000000  -0.000000 -1.000000 0.000000
2451545.056686  1.0282593773e+00  1.000000 0.000000 0.000000  -0.000000 -1.000000 0.000000
2451545.057353  1.0194995538e+00  1.000000 0.000000 0.000000  -0.000000 -1.000000 0.000000
2451545.058020  1.0090041840e+00  1.000000 0.000000 0.000000  -0.000000 -1.000000 0.000000
2451545.058687  9.9531236659e-01  1.000000 0.000000 0.000000  -0.000000 -1.000000 0.000000
2451545.059354  9.8500924837e-01  1.000000 0.000000 0.000000  -0.000000 -1.000000 0.000000
2451545.060021  9.7687914706e-01  1.000000 0.000000 0.000000  -0.000000 -1.000000 0.000000
2451545.060688  9.5910251062e-01  1.000000 0.000000 0.000000  -0.000000 -1.000000 0.000000
2451545.061354  9.5054731288e-01  1.000000 0.000000 0.000000  -0.000000 -1.000000 0.000000
2451545.062021  9.4592844472e-01  1.000000 0.000000 0.000000  -0.000000 -1.000000 0.000000
2451545.062688  9.3478026437e-01  1.000000 0.000000 0.000000  -0.000000 -1.000000 0.000000
2451545.063355  9.2886664030e-01  1.000000 0.000000 0.000000  -0.000000 -1.000000 0.000000
2451545.064022  9.2553785003e-01  1.000000 0.000000 0.000000  -0.000000 -1.000000 0.000000
2451545.064689  9.2166852180e-01  1.000000 0.000000 0.000000  -0.000000 -1.000000 0.000000
2451545.065356  9.2036018453e-01  1.000000 0.000000 0.000000  -0.000000 -1.000000 0.000000
2451545.066023  9.1869571395e-01  1.000000 0.000000 0.000000  -0.000000 -1.000000 0.000000
2451545.066690  9.1668899319e-01  1.000000 0.000000 0.000000  -0.000000 -1.000000 0.000000
2451545.067356  9.1744155120e-01  1.000000 0.000000 0.000000  -0.000000 -1.000000 0.000000
2451545.068023  9.1656193207e-01  1.000000 0.000000 0.000000  -0.000000 -1.000000 0.000000
2451545.068690  9.1865542259e-01  1.000000 0.000000 0.000000  -0.000000 -1.000000 0.000000
2451545.069357  9.1829627118e-01  1.000000 0.000000 0.000000  -0.000000 -1.000000 0.000000
2451545.070024  9.2094222108e-01  1.000000 0.000000 0.000000  -0.000000 -1.000000 0.000000
2451545.070691  9.2802504896e-01  1.000000 0.000000 0.000000  -0.000000 -1.000000 0.000000
2451545.071358  9.2760553598e-01  1.000000 0.000000 0.000000  -0.000000 -1.000000 0.000000
2451545.072025  9.3050062829e-01  1.000000 0.000000 0.000000  -0.000000 -1.000000 0.000000
2451545.072692  9.3132305483e-01  1.000000 0.000000 0.000000  -0.000000 -1.000000 0.000000
2451545.073359  9.3407327936e-01  1.000000 0.000000 0.000000  -0.000000 -1.000000 0.000000
2451545.074025  9.4173452209e-01  1.000000 0.000000 0.000000  -0.000000 -1.000000 0.000000
2451545.074692  9.4236937501e-01  1.000000 0.000000 0.000000  -0.000000 -1.000000 0.000000
2451545.075359  9.4387615097e-01  1.000000 0.000000 0.000000  -0.000000 -1.000000 0.000000
2451545.076026  9.4668824612e-01  1.000000 0.000000 0.000000  -0.000000 -1.000000 0.000000
2451545.076693  9.5041542283e-01  1.000000 0.000000 0.000000  -0.000000 -1.000000 0.000000
2451545.077360  9.5193744008e-01  1.000000 0.000000 0.000000  -0.000000 -1.000000 0.000000
2451545.078027  9.5086330576e-01  1.000000 0.000000 0.000000  -0.000000 -1.000000 0.000000
2451545.078694  9.5263099465e-01  1.000000 0.000000 0.000000  -0.000000 -1.000000 0.000000
2451545.079361  9.5459365145e-01  1.000000 0.000000 0.000000  -0.000000 -1.000000 0.000000
2451545.080028  9.5724714654e-01  1.000000 0.000000 0.000000  -0.000000 -1.000000 0.000000
2451545.080694  9.5848289900e-01  1.000000 0.000000 0.000000  -0.000000 -1.000000 0.000000
2451545.081361  9.5971668971e-01  1.000000 0.000000 0.000000  -0.000000 -1.000000 0.000000
2451545.082028  9.5749855252e-01  1.000000 0.000000 0.000000  -0.000000 -1.000000 0.000000
2451545.082695  9.5587407148e-01  1.000000 0.000000 0.000000  -0.000000 -1.000000 0.000000
2451545.083362  9.5643633960e-01  1.000000 0.000000 0.000000  -0.000000 -1.000000 0.000000
2451545.084029  9.5383928259e-01  1.000000 0.000000 0.000000  -0.000000 -1.000000 0.000000
2451545.084696  9.5342308949e-01  1.000000 0.000000 0.000000  -0.000000 -1.000000 0.000000
2451545.085363  9.5021019345e-01  1.000000 0.000000 0.000000  -0.000000 -1.000000 0.000000
2451545.086030  9.4878264207e-01  1.000000 0.000000 0.000000  -0.000000 -1.000000 0.000000
2451545.086696  9.4629302867e-01  1.000000 0.000000 0.000000  -0.000000 -1.000000 0.000000
2451545.087363  9.4261323580e-01  1.000000 0.000000 0.000000  -0.000000 -1.000000 0.000000
2451545.088030  9.3666233846e-01  1.000000 0.000000 0.000000  -0.000000 -1.000000 0.000000
2451545.088697  9.3096752512e-01  1.000000 0.000000 0.000000  -0.000000 -1.000000 0.000000
2451545.089364  9.2879405550e-01  1.000000 0.000000 0.000000  -0.000000 -1.000000 0.000000
2451545.090031  9.2339712657e-01  1.000000 0.000000 0.000000  -0.000000 -1.000000 0.000000
2451545.090698  9.2019796279e-01  1.000000 0.000000 0.000000  -0.000000 -1.000000 0.000000
2451545.091365  9.1758536267e-01  1.000000 0.000000 0.000000  -0.000000 -1.000000 0.000000
2451545.092032  9.2568588681e-01  1.000000 0.000000 0.000000  -0.000000 -1.000000 0.000000
2451545.092699  9.3502367244e-01  1.000000 0.000000 0.000000  -0.000000 -1.000000 0.000000
2451545.093365  9.4351262335e-01  1.000000 0.000000 0.000000  -0.000000 -1.000000 0.000000
2451545.094032  9.5816222810e-01  1.000000 0.000000 0.000000  -0.000000 -1.000000 0.000000
2451545.094699  9.6721223990e-01  1.000000 0.000000 0.000000  -0.000000 -1.000000 0.000000
2451545.095366  9.7662502481e-01  1.000000 0.000000 0.000000  -0.000000 -1.000000 0.000000
2451545.096033  9.9420714605e-01  1.000000 0.000000 0.000000  -0.000000 -1.000000 0.000000
2451545.096700  1.0031838185e+00  1.000000 0.000000 0.000000  -0.000000 -1.000000 0.000000
2451545.097367  1.0170776963e+00  1.000000 0.000000 0.000000  -0.000000 -1.000000 0.000000
2451545.098034  1.0273352415e+00  1.000000 0.000000 0.000000  -0.000000 -1.000000 0.000000
2451545.098701  1.0347630358e+00  1.000000 0.000000 0.000000  -0.000000 -1.000000 0.000000
2451545.099367  1.0444263213e+00  1.000000 0.000000 0.000000  -0.000000 -1.000000 0.000000
2451545.100034  1.0526631117e+00  1.000000 0.000000 0.000000  -0.000000 -1.000000 0.000000
2451545.100701  1.0594100274e+00  1.000000 0.000000 0.000000  -0.000000 -1.000000 0.000000
2451545.101368  1.0713631294e+00  1.000000 0.000000 0.000000  -0.000000 -1.000000 0.000000
2451545.102035  1.0748165664e+00  1.000000 0.000000 0.000000  -0.000000 -1.000000 0.000000
2451545.102702  1.0815272651e+00  1.000000 0.000000 0.000000  -0.000000 -1.000000 0.000000
2451545.103369  1.0846567113e+00  1.000000 0.000000 0.000000  -0.000000 -1.000000 0.000000
2451545.104036  1.0930567797e+00  1.000000 0.000000 0.000000  -0.000000 -1.000000 0.000000
2451545.104703  1.0932445043e+00  1.000000 0.000000 0.000000  -0.000000 -1.000000 0.000000
2451545.105370  1.0947579200e+00  1.000000 0.000000 0.000000  -0.000000 -1.000000 0.000000
2451545.106036  1.0960495069e+00  1.000000 0.000000 0.000000  -0.000000 -1.000000 0.000000
2451545.106703  1.0979604037e+00  1.000000 0.000000 0.000000  -0.000000 -1.000000 0.000000
2451545.107370  1.0995667762e+00  1.000000 0.000000 0.000000  -0.000000 -1.000000 0.000000
2451545.108037  1.0997964520e+00  1.000000 0.000000 0.000000  -0.000000 -1.000000 0.000000
2451545.108704  1.0994644633e+00  1.000000 0.000000 0.000000  -0.000000 -1.000000 0.000000
2451545.109371  1.0923371188e+00  1.000000 0.000000 0.000000  -0.000000 -1.000000 0.000000
2451545.110038  1.0917384828e+00  1.000000 0.000000 0.000000  -0.000000 -1.000000 0.000000
2451545.110705  1.0873028121e+00  1.000000 0.000000 0.000000  -0.000000 -1.000000 0.000000
2451545.111372  1.0809978940e+00  1.000000 0.000000 0.000000  -0.000000 -1.000000 0.000000
2451545.112039  1.0764668520e+00  1.000000 0.000000 0.000000  -0.000000 -1.000000 0.000000
2451545.112705  1.0707718877e+00  1.000000 0.000000 0.000000  -0.000000 -1.000000 0.000000
2451545.113372  1.0664315883e+00  1.000000 0.000000 0.000000  -0.000000 -1.000000 0.000000
2451545.114039  1.0600137941e+00  1.000000 0.000000 0.000000  -0.000000 -1.000000 0.000000
2451545.114706  1.0541107333e+00  1.000000 0.000000 0.000000  -0.000000 -1.000000 0.000000
2451545.115373  1.0402767644e+00  1.000000 0.000000 0.000000  -0.000000 -1.000000 0.000000
2451545.116040  1.0304349596e+00  1.000000 0.000000 0.000000  -0.000000 -1.000000 0.000000
2451545.116707  1.0257480337e+00  1.000000 0.000000 0.000000  -0.000000 -1.000000 0.000000
2451545.117374  1.0169254342e+00  1.000000 0.000000 0.000000  -0.000000 -1.000000 0.000000
2451545.118041  1.0083780835e+00  1.000000 0.000000 0.000000  -0.000000 -1.000000 0.000000
2451545.118707  9.9784257316e-01  1.000000 0.000000 0.000000  -0.000000 -1.000000 0.000000
2451545.119374  9.8952791631e-01  1.000000 0.000000 0.000000  -0.000000 -1.000000 0.000000
2451545.120041  9.8675083088e-01  1.000000 0.000000 0.000000  -0.000000 -1.000000 0.000000
2451545.120708  9.7766414942e-01  1.000000 0.000000 0.000000  -0.000000 -1.000000 0.000000
2451545.121375  9.7482006264e-01  1.000000 0.000000 0.000000  -0.000000 -1.000000 0.000000
2451545.122042  9.7574736742e-01  1.000000 0.000000 0.000000  -0.000000 -1.000000 0.000000
2451545.122709  9.7710625751e-01  1.000000 0.000000 0.000000  -0.000000 -1.000000 0.000000
2451545.123376  9.7892872454e-01  1.000000 0.000000 0.000000  -0.000000 -1.000000 0.000000
2451545.124043  9.7813089534e-01  1.000000 0.000000 0.000000  -0.000000 -1.000000 0.000000
2451545.124710  9.8078242868e-01  1.000000 0.000000 0.000000  -0.000000 -1.000000 0.000000
2451545.125376  9.8864165740e-01  1.000000 0.000000 0.000000  -0.000000 -1.000000 0.000000
2451545.126043  9.9151124695e-01  1.000000 0.000000 0.000000  -0.000000 -1.000000 0.000000
2451545.126710  9.9761727356e-01  1.000000 0.000000 0.000000  -0.000000 -1.000000 0.000000
2451545.127377  1.0037376360e+00  1.000000 0.000000 0.000000  -0.000000 -1.000000 0.000000
2451545.128044  1.0092074516e+00  1.000000 0.000000 0.000000  -0.000000 -1.000000 0.000000
2451545.128711  1.0220028995e+00  1.000000 0.000000 0.000000  -0.000000 -1.000000 0.000000
2451545.129378  1.0250019646e+00  1.000000 0.000000 0.000000  -0.000000 -1.000000 0.000000
2451545.130045  1.0319412828e+00  1.000000 0.000000 0.000000  -0.000000 -1.000000 0.000000
2451545.130712  1.0382422773e+00  1.000000 0.000000 0.000000  -0.000000 -1.000000 0.000000
2451545.131378  1.0439393542e+00  1.000000 0.000000 0.000000  -0.000000 -1.000000 0.000000
2451545.132045  1.0494775293e+00  1.000000 0.000000 0.000000  -0.000000 -1.000000 0.000000
2451545.132712  1.0538324664e+00  1.000000 0.000000 0.000000  -0.000000 -1.000000 0.000000
2451545.133379  1.0588141077e+00  1.000000 0.000000 0.000000  -0.000000 -1.000000 0.000000
2451545.134046  1.0641668218e+00  1.000000 0.000000 0.000000  -0.000000 -1.000000 0.000000
2451545.134713  1.0717002489e+00  1.000000 0.000000 0.000000  -0.000000 -1.000000 0.000000
2451545.135380  1.0756101702e+00  1.000000 0.000000 0.000000  -0.000000 -1.000000 0.000000
2451545.136047  1.0752280814e+00  1.000000 0.000000 0.000000  -0.000000 -1.000000 0.000000
2451545.136714  1.0772041687e+00  1.000000 0.000000 0.000000  -0.000000 -1.000000 0.000000
2451545.137381  1.0784729691e+00  1.000000 0.000000 0.000000  -0.000000 -1.000000 0.000000
2451545.138047  1.0807676146e+00  1.000000 0.000000 0.000000  -0.000000 -1.000000 0.000000
2451545.138714  1.0828202102e+00  1.000000 0.000000 0.000000  -0.000000 -1.000000 0.000000
2451545.139381  1.0811020178e+00  1.000000 0.000000 0.000000  -0.000000 -1.000000 0.000000
2451545.140048  1.0759987479e+00  1.000000 0.000000 0.000000  -0.000000 -1.000000 0.000000
2451545.140715  1.0771094010e+00  1.000000 0.000000 0.000000  -0.000000 -1.000000 0.000000
2451545.141382  1.0758282265e+00  1.000000 0.000000 0.000000  -0.000000 -1.000000 0.000000
2451545.142049  1.0710168049e+00  1.000000 0.000000 0.000000  -0.000000 -1.000000 0.000000
2451545.142716  1.0635236691e+00  1.000000 0.000000 0.000000  -0.000000 -1.000000 0.000000
2451545.143383  1.0559906947e+00  1.000000 0.000000 0.000000  -0.000000 -1.000000 0.000000
2451545.144050  1.0541775838e+00  1.000000 0.000000 0.000000  -0.000000 -1.000000 0.000000
2451545.144716  1.0487165207e+00  1.000000 0.000000 0.000000  -0.000000 -1.000000 0.000000
2451545.145383  1.0418701593e+00  1.000000 0.000000 0.000000  -0.000000 -1.000000 0.000000
2451545.146050  1.0290911599e+00  1.000000 0.000000 0.000000  -0.000000 -1.000000 0.000000
2451545.146717  1.0169909265e+00  1.000000 0.000000 0.000000  -0.000000 -1.000000 0.000000
2451545.147384  1.0109048192e+00  1.000000 0.000000 0.000000  -0.000000 -1.000000 0.000000
2451545.148051  9.9405760023e-01  1.000000 0.000000 0.000000  -0.000000 -1.000000 0.000000
2451545.148718  9.8380699659e-01  1.000000 0.000000 0.000000  -0.000000 -1.000000 0.000000
2451545.149385  9.7029535854e-01  1.000000 0.000000 0.000000  -0.000000 -1.000000 0.000000
2451545.150052  9.5197999500e-01  1.000000 0.000000 0.000000  -0.000000 -1.000000 0.000000
2451545.150718  9.4119760583e-01  1.000000 0.000000 0.000000  -0.000000 -1.000000 0.000000
2451545.151385  9.2937654476e-01  1.000000 0.000000 0.000000  -0.000000 -1.000000 0.000000
2451545.152052  9.2945501481e-01  1.000000 0.000000 0.000000  -0.000000 -1.000000 0.000000
2451545.152719  9.3330019841e-01  1.000000 0.000000 0.000000  -0.000000 -1.000000 0.000000
2451545.153386  9.3716952664e-01  1.000000 0.000000 0.000000  -0.000000 -1.000000 0.000000
2451545.154053  9.4442151786e-01  1.000000 0.000000 0.000000  -0.000000 -1.000000 0.000000
2451545.154720  9.4786031711e-01  1.000000 0.000000 0.000000  -0.000000 -1.000000 0.000000
2451545.155387  9.5214387669e-01  1.000000 0.000000 0.000000  -0.000000 -1.000000 0.000000
2451545.156054  9.6116023691e-01  1.000000 0.000000 0.000000  -0.000000 -1.000000 0.000000
2451545.156721  9.6133090928e-01  1.000000 0.000000 0.000000  -0.000000 -1.000000 0.000000
2451545.157387  9.6384255466e-01  1.000000 0.000000 0.000000  -0.000000 -1.000000 0.000000
2451545.158054  9.6658644122e-01  1.000000 0.000000 0.000000  -0.000000 -1.000000 0.000000
2451545.158721  9.6851393739e-01  1.000000 0.000000 0.000000  -0.000000 -1.000000 0.000000
2451545.159388  9.7025506719e-01  1.000000 0.000000 0.000000  -0.000000 -1.000000 0.000000
2451545.160055  9.7539229042e-01  1.000000 0.000000 0.000000  -0.000000 -1.000000 0.000000
2451545.160722  9.7522976687e-01  1.000000 0.000000 0.000000  -0.000000 -1.000000 0.000000
2451545.161389  9.7494878371e-01  1.000000 0.000000 0.000000  -0.000000 -1.000000 0.000000
2451545.162056  9.7949868876e-01  1.000000 0.000000 0.000000  -0.000000 -1.000000 0.000000
2451545.162723  9.7780539552e-01  1.000000 0.000000 0.000000  -0.000000 -1.000000 0.000000
2451545.163389  9.7783919800e-01  1.000000 0.000000 0.000000  -0.000000 -1.000000 0.000000
2451545.164056  9.7622965645e-01  1.000000 0.000000 0.000000  -0.000000 -1.000000 0.000000
2451545.164723  9.7517000890e-01  1.000000 0.000000 0.000000  -0.000000 -1.000000 0.000000
2451545.165390  9.7465135202e-01  1.000000 0.000000 0.000000  -0.000000 -1.000000 0.000000
2451545.166057  9.7588891533e-01  1.000000 0.000000 0.000000  -0.000000 -1.000000 0.000000
2451545.166724  9.7320855934e-01  1.000000 0.000000 0.000000  -0.000000 -1.000000 0.000000
2451545.167391  9.7186747592e-01  1.000000 0.000000 0.000000  -0.000000 -1.000000 0.000000
2451545.168058  9.7006070290e-01  1.000000 0.000000 0.000000  -0.000000 -1.000000 0.000000
2451545.168725  9.6839457237e-01  1.000000 0.000000 0.000000  -0.000000 -1.000000 0.000000
2451545.169392  9.6269417558e-01  1.000000 0.000000 0.000000  -0.000000 -1.000000 0.000000
2451545.170058  9.6069394370e-01  1.000000 0.000000 0.000000  -0.000000 -1.000000 0.000000
2451545.170725  9.5921553768e-01  1.000000 0.000000 0.000000  -0.000000 -1.000000 0.000000
2451545.171392  9.5728849422e-01  1.000000 0.000000 0.000000  -0.000000 -1.000000 0.000000
2451545.172059  9.5517221720e-01  1.000000 0.000000 0.000000  -0.000000 -1.000000 0.000000
2451545.172726  9.5138633885e-01  1.000000 0.000000 0.000000  -0.000000 -1.000000 0.000000
2451545.173393  9.4700484261e-01  1.000000 0.000000 0.000000  -0.000000 -1.000000 0.000000
2451545.174060  9.4490591954e-01  1.000000 0.000000 0.000000  -0.000000 -1.000000 0.000000
2451545.174727  9.3943263321e-01  1.000000 0.000000 0.000000  -0.000000 -1.000000 0.000000
2451545.175394  9.3504253544e-01  1.000000 0.000000 0.000000  -0.000000 -1.000000 0.000000
2451545.176061  9.2861855421e-01  1.000000 0.000000 0.000000  -0.000000 -1.000000 0.000000
2451545.176727  9.2467181225e-01  1.000000 0.000000 0.000000  -0.000000 -1.000000 0.000000
2451545.177394  9.2260910613e-01  1.000000 0.000000 0.000000  -0.000000 -1.000000 0.000000
2451545.178061  9.1924394800e-01  1.000000 0.000000 0.000000  -0.000000 -1.000000 0.000000
2451545.178728  9.1715332465e-01  1.000000 0.000000 0.000000  -0.000000 -1.000000 0.000000
2451545.179395  9.1442151041e-01  1.000000 0.000000 0.000000  -0.000000 -1.000000 0.000000
2451545.180062  9.1595575089e-01  1.000000 0.000000 0.000000  -0.000000 -1.000000 0.000000
2451545.180729  9.1715000477e-01  1.000000 0.000000 0.000000  -0.000000 -1.000000 0.000000
2451545.181396  9.1612325428e-01  1.000000 0.000000 0.000000  -0.000000 -1.000000 0.000000
2451545.182063  9.2093814667e-01  1.000000 0.000000 0.000000  -0.000000 -1.000000 0.000000
2451545.182729  9.2621465425e-01  1.000000 0.000000 0.000000  -0.000000 -1.000000 0.000000
2451545.183396  9.3951653580e-01  1.000000 0.000000 0.000000  -0.000000 -1.000000 0.000000
2451545.184063  9.4857997806e-01  1.000000 0.000000 0.000000  -0.000000 -1.000000 0.000000
2451545.184730  9.5490526811e-01  1.000000 0.000000 0.000000  -0.000000 -1.000000 0.000000
2451545.185397  9.6839125248e-01  1.000000 0.000000 0.000000  -0.000000 -1.000000 0.000000
2451545.186064  9.7648996577e-01  1.000000 0.000000 0.000000  -0.000000 -1.000000 0.000000
2451545.186731  9.8839115684e-01  1.000000 0.000000 0.000000  -0.000000 -1.000000 0.000000
2451545.187398  1.0045034736e+00  1.000000 0.000000 0.000000  -0.000000 -1.000000 0.000000
2451545.188065  1.0110424436e+00  1.000000 0.000000 0.000000  -0.000000 -1.000000 0.000000
2451545.188732  1.0219672861e+00  1.000000 0.000000 0.000000  -0.000000 -1.000000 0.000000
2451545.189398  1.0383276890e+00  1.000000 0.000000 0.000000  -0.000000 -1.000000 0.000000
2451545.190065  1.0466112596e+00  1.000000 0.000000 0.000000  -0.000000 -1.000000 0.000000
2451545.190732  1.0555764634e+00  1.000000 0.000000 0.000000  -0.000000 -1.000000 0.000000
2451545.191399  1.0610512588e+00  1.000000 0.000000 0.000000  -0.000000 -1.000000 0.000000
2451545.192066  1.0689886557e+00  1.000000 0.000000 0.000000  -0.000000 -1.000000 0.000000
2451545.192733  1.0791675800e+00  1.000000 0.000000 0.000000  -0.000000 -1.000000 0.000000
2451545.193400  1.0866415509e+00  1.000000 0.000000 0.000000  -0.000000 -1.000000 0.000000
2451545.194067  1.0881495341e+00  1.000000 0.000000 0.000000  -0.000000 -1.000000 0.000000
2451545.194734  1.0912239003e+00  1.000000 0.000000 0.000000  -0.000000 -1.000000 0.000000
2451545.195400  1.0956225996e+00  1.000000 0.000000 0.000000  -0.000000 -1.000000 0.000000
2451545.196067  1.0966991484e+00  1.000000 0.000000 0.000000  -0.000000 -1.000000 0.000000
2451545.196734  1.0953517270e+00  1.000000 0.000000 0.000000  -0.000000 -1.000000 0.000000
2451545.197401  1.0937903239e+00  1.000000 0.000000 0.000000  -0.000000 -1.000000 0.000000
2451545.198068  1.0923268573e+00  1.000000 0.000000 0.000000  -0.000000 -1.000000 0.000000
2451545.198735  1.0926672966e+00  1.000000 0.000000 0.000000  -0.000000 -1.000000 0.000000
2451545.199402  1.0911060444e+00  1.000000 0.000000 0.000000  -0.000000 -1.000000 0.000000
2451545.200069  1.0883250354e+00  1.000000 0.000000 0.000000  -0.000000 -1.000000 0.000000
2451545.200736  1.0792628004e+00  1.000000 0.000000 0.000000  -0.000000 -1.000000 0.000000
2451545.201403  1.0732670846e+00  1.000000 0.000000 0.000000  -0.000000 -1.000000 0.000000
2451545.202069  1.0696725525e+00  1.000000 0.000000 0.000000  -0.000000 -1.000000 0.000000
2451545.202736  1.0606469871e+00  1.000000 0.000000 0.000000  -0.000000 -1.000000 0.000000
2451545.203403  1.0536562106e+00  1.000000 0.000000 0.000000  -0.000000 -1.000000 0.000000
2451545.204070  1.0441750662e+00  1.000000 0.000000 0.000000  -0.000000 -1.000000 0.000000
2451545.204737  1.0349551366e+00  1.000000 0.000000 0.000000  -0.000000 -1.000000 0.000000
2451545.205404  1.0258283147e+00  1.000000 0.000000 0.000000  -0.000000 -1.000000 0.000000
2451545.206071  1.0161055730e+00  1.000000 0.000000 0.000000  -0.000000 -1.000000 0.000000
2451545.206738  9.9889512822e-01  1.000000 0.000000 0.000000  -0.000000 -1.000000 0.000000
2451545.207405  9.8596069779e-01  1.000000 0.000000 0.000000  -0.000000 -1.000000 0.000000
2451545.208072  9.7551618257e-01  1.000000 0.000000 0.000000  -0.000000 -1.000000 0.000000
2451545.208738  9.5223336273e-01  1.000000 0.000000 0.000000  -0.000000 -1.000000 0.000000
2451545.209405  9.4410884487e-01  1.000000 0.000000 0.000000  -0.000000 -1.000000 0.000000
2451545.210072  9.3024620423e-01  1.000000 0.000000 0.000000  -0.000000 -1.000000 0.000000
2451545.210739  9.1924243896e-01  1.000000 0.000000 0.000000  -0.000000 -1.000000 0.000000
2451545.211406  9.1106736827e-01  1.000000 0.000000 0.000000  -0.000000 -1.000000 0.000000
2451545.212073  9.0870677775e-01  1.000000 0.000000 0.000000  -0.000000 -1.000000 0.000000
2451545.212740  9.0990495513e-01  1.000000 0.000000 0.000000  -0.000000 -1.000000 0.000000
2451545.213407  9.1024992157e-01  1.000000 0.000000 0.000000  -0.000000 -1.000000 0.000000
2451545.214074  9.1487663673e-01  1.000000 0.000000 0.000000  -0.000000 -1.000000 0.000000
2451545.214740  9.2149120965e-01  1.000000 0.000000 0.000000  -0.000000 -1.000000 0.000000
2451545.215407  9.2323279216e-01  1.000000 0.000000 0.000000  -0.000000 -1.000000 0.000000
2451545.216074  9.2910597397e-01  1.000000 0.000000 0.000000  -0.000000 -1.000000 0.000000
2451545.216741  9.3247037758e-01  1.000000 0.000000 0.000000  -0.000000 -1.000000 0.000000
2451545.217408  9.3738064127e-01  1.000000 0.000000 0.000000  -0.000000 -1.000000 0.000000
2451545.218075  9.4355698912e-01  1.000000 0.000000 0.000000  -0.000000 -1.000000 0.000000
2451545.218742  9.4603121031e-01  1.000000 0.000000 0.000000  -0.000000 -1.000000 0.000000
2451545.219409  9.5297037764e-01  1.000000 0.000000 0.000000  -0.000000 -1.000000 0.000000
2451545.220076  9.6360352280e-01  1.000000 0.000000 0.000000  -0.000000 -1.000000 0.000000
2451545.220743  9.7067533470e-01  1.000000 0.000000 0.000000  -0.000000 -1.000000 0.000000
2451545.221409  9.7454390841e-01  1.000000 0.000000 0.000000  -0.000000 -1.000000 0.000000
2451545.222076  9.7730047090e-01  1.000000 0.000000 0.000000  -0.000000 -1.000000 0.000000
2451545.222743  9.8202104832e-01  1.000000 0.000000 0.000000  -0.000000 -1.000000 0.000000
2451545.223410  9.9070662708e-01  1.000000 0.000000 0.000000  -0.000000 -1.000000 0.000000
2451545.224077  9.9550778721e-01  1.000000 0.000000 0.000000  -0.000000 -1.000000 0.000000
2451545.224744  1.0001255990e+00  1.000000 0.000000 0.000000  -0.000000 -1.000000 0.000000
2451545.225411  1.0048256535e+00  1.000000 0.000000 0.000000  -0.000000 -1.000000 0.000000
2451545.226078  1.0147005063e+00  1.000000 0.000000 0.000000  -0.000000 -1.000000 0.000000
2451545.226745  1.0186424194e+00  1.000000 0.000000 0.000000  -0.000000 -1.000000 0.000000
2451545.227411  1.0213793643e+00  1.000000 0.000000 0.000000  -0.000000 -1.000000 0.000000
2451545.228078  1.0221732700e+00  1.000000 0.000000 0.000000  -0.000000 -1.000000 0.000000
2451545.228745  1.0241627877e+00  1.000000 0.000000 0.000000  -0.000000 -1.000000 0.000000
2451545.229412  1.0249339069e+00  1.000000 0.000000 0.000000  -0.000000 -1.000000 0.000000
2451545.230079  1.0266380653e+00  1.000000 0.000000 0.000000  -0.000000 -1.000000 0.000000
2451545.230746  1.0301068944e+00  1.000000 0.000000 0.000000  -0.000000 -1.000000 0.000000
2451545.231413  1.0299418055e+00  1.000000 0.000000 0.000000  -0.000000 -1.000000 0.000000
2451545.232080  1.0310367646e+00  1.000000 0.000000 0.000000  -0.000000 -1.000000 0.000000
2451545.232747  1.0294986006e+00  1.000000 0.000000 0.000000  -0.000000 -1.000000 0.000000
2451545.233414  1.0291549923e+00  1.000000 0.000000 0.000000  -0.000000 -1.000000 0.000000
2451545.234080  1.0234126442e+00  1.000000 0.000000 0.000000  -0.000000 -1.000000 0.000000
2451545.234747  1.0183504202e+00  1.000000 0.000000 0.000000  -0.000000 -1.000000 0.000000
2451545.235414  1.0144841101e+00  1.000000 0.000000 0.000000  -0.000000 -1.000000 0.000000
2451545.236081  1.0107486336e+00  1.000000 0.000000 0.000000  -0.000000 -1.000000 0.000000
2451545.236748  1.0062954580e+00  1.000000 0.000000 0.000000  -0.000000 -1.000000 0.000000
2451545.237415  9.9579782461e-01  1.000000 0.000000 0.000000  -0.000000 -1.000000 0.000000
2451545.238082  9.9099983346e-01  1.000000 0.000000 0.000000  -0.000000 -1.000000 0.000000
2451545.238749  9.8836489955e-01  1.000000 0.000000 0.000000  -0.000000 -1.000000 0.000000
2451545.239416  9.7859266144e-01  1.000000 0.000000 0.000000  -0.000000 -1.000000 0.000000
360  1
2451545.000000  9.8827052730e-01  1.000000 0.000000 0.000000  -0.000000 -1.000000 0.000000
2451545.000667  9.8219232298e-01  1.000000 0.000000 0.000000  -0.000000 -1.000000 0.000000
2451545.001334  9.7858671483e-01  1.000000 0.000000 0.000000  -0.000000 -1.000000 0.000000
2451545.002001  9.7626443217e-01  1.000000 0.000000 0.000000  -0.000000 -1.000000 0.000000
2451545.002668  9.7814988254e-01  1.000000 0.000000 0.000000  -0.000000 -1.000000 0.000000
2451545.003334  9.7940394653e-01  1.000000 0.000000 0.000000  -0.000000 -1.000000 0.000000
2451545.004001  9.8166962214e-01  1.000000 0.000000 0.000000  -0.000000 -1.000000 0.000000
2451545.004668  9.8140888134e-01  1.000000 0.000000 0.000000  -0.000000 -1.000000 0.000000
2451545.005335  9.8302488213e-01  1.000000 0.000000 0.000000  -0.000000 -1.000000 0.000000
2451545.006002  9.8447750625e-01  1.000000 0.000000 0.000000  -0.000000 -1.000000 0.000000
2451545.006669  9.8338281290e-01  1.000000 0.000000 0.000000  -0.000000 -1.000000 0.000000
2451545.007336  9.8285732525e-01  1.000000 0.000000 0.000000  -0.000000 -1.000000 0.000000
2451545.008003  1.0160975105e+00  1.000000 0.000000 0.000000  -0.000000 -1.000000 0.000000
2451545.008670  1.0213687595e+00  1.000000 0.000000 0.000000  -0.000000 -1.000000 0.000000
2451545.009337  1.0282972889e+00  1.000000 0.000000 0.000000  -0.000000 -1.000000 0.000000
2451545.010003  1.0324383127e+00  1.000000 0.000000 0.000000  -0.000000 -1.000000 0.000000
2451545.010670  1.0369952677e+00  1.000000 0.000000 0.000000  -0.000000 -1.000000 0.000000
2451545.011337  1.0398437347e+00  1.000000 0.000000 0.000000  -0.000000 -1.000000 0.000000
2451545.012004  1.0477413769e+00  1.000000 0.000000 0.000000  -0.000000 -1.000000 0.000000
2451545.012671  1.0508479721e+00  1.000000 0.000000 0.000000  -0.000000 -1.000000 0.000000
2451545.013338  1.0546608491e+00  1.000000 0.000000 0.000000  -0.000000 -1.000000 0.000000
2451545.014005  1.0580499571e+00  1.000000 0.000000 0.000000  -0.000000 -1.000000 0.000000
2451545.014672  1.0569941049e+00  1.000000 0.000000 0.000000  -0.000000 -1.000000 0.000000
2451545.015339  1.0592871260e+00  1.000000 0.000000 0.000000  -0.000000 -1.000000 0.000000
2451545.016006  1.0598781037e+00  1.000000 0.000000 0.000000  -0.000000 -1.000000 0.000000
2451545.016672  1.0582171656e+00  1.000000 0.000000 0.000000  -0.000000 -1.000000 0.000000
2451545.017339  1.0597587934e+00  1.000000 0.000000 0.000000  -0.000000 -1.000000 0.000000
2451545.018006  1.0539059723e+00  1.000000 0.000000 0.000000  -0.000000 -1.000000 0.000000
2451545.018673  1.0523420500e+00  1.000000 0.000000 0.000000  -0.000000 -1.000000 0.000000
2451545.019340  1.0500201157e+00  1.000000 0.000000 0.000000  -0.000000 -1.000000 0.000000
2451545.020007  1.0465804968e+00  1.000000 0.000000 0.000000  -0.000000 -1.000000 0.000000
2451545.020674  1.0398736929e+00  1.000000 0.000000 0.000000  -0.000000 -1.000000 0.000000
2451545.021341  1.0369271651e+00  1.000000 0.000000 0.000000  -0.000000 -1.000000 0.000000
2451545.022008  1.0243872219e+00  1.000000 0.000000 0.000000  -0.000000 -1.000000 0.000000
2451545.022674  1.0180750998e+00  1.000000 0.000000 0.000000  -0.000000 -1.000000 0.000000
2451545.023341  1.0098406021e+00  1.000000 0.000000 0.000000  -0.000000 -1.000000 0.000000
2451545.024008  1.0045303378e+00  1.000000 0.000000 0.000000  -0.000000 -1.000000 0.000000
2451545.024675  9.9687253540e-01  1.000000 0.000000 0.000000  -0.000000 -1.000000 0.000000
2451545.025342  9.8018129203e-01  1.000000 0.000000 0.000000  -0.000000 -1.000000 0.000000
2451545.026009  9.7190917243e-01  1.000000 0.000000 0.000000  -0.000000 -1.000000 0.000000
2451545.026676  9.6099184869e-01  1.000000 0.000000 0.000000  -0.000000 -1.000000 0.000000
2451545.027343  9.4797344524e-01  1.000000 0.000000 0.000000  -0.000000 -1.000000 0.000000
2451545.028010  9.3775177866e-01  1.000000 0.000000 0.000000  -0.000000 -1.000000 0.000000
2451545.028677  9.2603098309e-01  1.000000 0.000000 0.000000  -0.000000 -1.000000 0.000000
2451545.029343  9.0574545299e-01  1.000000 0.000000 0.000000  -0.000000 -1.000000 0.000000
2451545.030010  8.9457348459e-01  1.000000 0.000000 0.000000  -0.000000 -1.000000 0.000000
2451545.030677  8.8179404999e-01  1.000000 0.000000 0.000000  -0.000000 -1.000000 0.000000
2451545.031344  8.6681826166e-01  1.000000 0.000000 0.000000  -0.000000 -1.000000 0.000000
2451545.032011  8.6911894656e-01  1.000000 0.000000 0.000000  -0.000000 -1.000000 0.000000
2451545.032678  8.7639565287e-01  1.000000 0.000000 0.000000  -0.000000 -1.000000 0.000000
2451545.033345  8.8983817379e-01  1.000000 0.000000 0.000000  -0.000000 -1.000000 0.000000
2451545.034012  9.0376577364e-01  1.000000 0.000000 0.000000  -0.000000 -1.000000 0.000000
2451545.034679  9.1458921676e-01  1.000000 0.000000 0.000000  -0.000000 -1.000000 0.000000
2451545.035345  9.3204369740e-01  1.000000 0.000000 0.000000  -0.000000 -1.000000 0.000000
2451545.036012  9.4245869884e-01  1.000000 0.000000 0.000000  -0.000000 -1.000000 0.000000
2451545.036679  9.5560181199e-01  1.000000 0.000000 0.000000  -0.000000 -1.000000 0.000000
2451545.037346  9.6814785134e-01  1.000000 0.000000 0.000000  -0.000000 -1.000000 0.000000
2451545.038013  9.7745788307e-01  1.000000 0.000000 0.000000  -0.000000 -1.000000 0.000000
2451545.038680  9.8994888294e-01  1.000000 0.000000 0.000000  -0.000000 -1.000000 0.000000
2451545.039347  1.0074280965e+00  1.000000 0.000000 0.000000  -0.000000 -1.000000 0.000000
2451545.040014  1.0191859915e+00  1.000000 0.000000 0.000000  -0.000000 -1.000000 0.000000
2451545.040681  1.0277036986e+00  1.000000 0.000000 0.000000  -0.000000 -1.000000 0.000000
2451545.041348  1.0387580985e+00  1.000000 0.000000 0.000000  -0.000000 -1.000000 0.000000
2451545.042014  1.0462567045e+00  1.000000 0.000000 0.000000  -0.000000 -1.000000 0.000000
2451545.042681  1.0552190818e+00  1.000000 0.000000 0.000000  -0.000000 -1.000000 0.000000
2451545.043348  1.0647001539e+00  1.000000 0.000000 0.000000  -0.000000 -1.000000 0.000000
2451545.044015  1.0730922805e+00  1.000000 0.000000 0.000000  -0.000000 -1.000000 0.000000
2451545.044682  1.0780240613e+00  1.000000 0.000000 0.000000  -0.000000 -1.000000 0.000000
2451545.045349  1.0830573865e+00  1.000000 0.000000 0.000000  -0.000000 -1.000000 0.000000
2451545.046016  1.0889351147e+00  1.000000 0.000000 0.000000  -0.000000 -1.000000 0.000000
2451545.046683  1.0902637258e+00  1.000000 0.000000 0.000000  -0.000000 -1.000000 0.000000
2451545.047350  1.0953823970e+00  1.000000 0.000000 0.000000  -0.000000 -1.000000 0.000000
2451545.048017  1.0960130867e+00  1.000000 0.000000 0.000000  -0.000000 -1.000000 0.000000
2451545.048683  1.0940285304e+00  1.000000 0.000000 0.000000  -0.000000 -1.000000 0.000000
2451545.049350  1.0935925690e+00  1.000000 0.000000 0.000000  -0.000000 -1.000000 0.000000
2451545.050017  1.0920444967e+00  1.000000 0.000000 0.000000  -0.000000 -1.000000 0.000000
2451545.050684  1.0906089418e+00  1.000000 0.000000 0.000000  -0.000000 -1.000000 0.000000
2451545.051351  1.0866083035e+00  1.000000 0.000000 0.000000  -0.000000 -1.000000 0.000000
2451545.052018  1.0833059350e+00  1.000000 0.000000 0.000000  -0.000000 -1.000000 0.000000
2451545.052685  1.0721982373e+00  1.000000 0.000000 0.000000  -0.000000 -1.000000 0.000000
2451545.053352  1.0701508037e+00  1.000000 0.000000 0.000000  -0.000000 -1.000000 0.000000
2451545.054019  1.0598671306e+00  1.000000 0.000000 0.000000  -0.000000 -1.000000 0.000000
2451545.054685  1.0545427581e+00  1.000000 0.000000 0.000000  -0.000000 -1.000000 0.000000
2451545.055352  1.0449016187e+00  1.000000 0.000000 0.000000  -0.000000 -1.000000 0.000000
2451545.056019  1.0380493782e+00  1.000000 0.000000 0.000000  -0.000000 -1.000000 0.000000
2451545.056686  1.0217176332e+00  1.000000 0.000000 0.000000  -0.000000 -1.000000 0.000000
2451545.057353  1.0116558597e+00  1.000000 0.000000 0.000000  -0.000000 -1.000000 0.000000
2451545.058020  1.0017762740e+00  1.000000 0.000000 0.000000  -0.000000 -1.000000 0.000000
2451545.058687  9.8482289638e-01  1.000000 0.000000 0.000000  -0.000000 -1.000000 0.000000
2451545.059354  9.7295074225e-01  1.000000 0.000000 0.000000  -0.000000 -1.000000 0.000000
2451545.060021  9.6117647478e-01  1.000000 0.000000 0.000000  -0.000000 -1.000000 0.000000
2451545.060688  9.4477575624e-01  1.000000 0.000000 0.000000  -0.000000 -1.000000 0.000000
2451545.061354  9.3511005803e-01  1.000000 0.000000 0.000000  -0.000000 -1.000000 0.000000
2451545.062021  9.2541492415e-01  1.000000 0.000000 0.000000  -0.000000 -1.000000 0.000000
2451545.062688  9.1499748425e-01  1.000000 0.000000 0.000000  -0.000000 -1.000000 0.000000
2451545.063355  9.0672083609e-01  1.000000 0.000000 0.000000  -0.000000 -1.000000 0.000000
2451545.064022  9.0155130564e-01  1.000000 0.000000 0.000000  -0.000000 -1.000000 0.000000
2451545.064689  8.9509357279e-01  1.000000 0.000000 0.000000  -0.000000 -1.000000 0.000000
2451545.065356  8.9343960173e-01  1.000000 0.000000 0.000000  -0.000000 -1.000000 0.000000
2451545.066023  8.9320725154e-01  1.000000 0.000000 0.000000  -0.000000 -1.000000 0.000000
2451545.066690  8.9785042346e-01  1.000000 0.000000 0.000000  -0.000000 -1.000000 0.000000
2451545.067356  9.0020562531e-01  1.000000 0.000000 0.000000  -0.000000 -1.000000 0.000000
2451545.068023  9.0243036966e-01  1.000000 0.000000 0.000000  -0.000000 -1.000000 0.000000
2451545.068690  9.0605461460e-01  1.000000 0.000000 0.000000  -0.000000 -1.000000 0.000000
2451545.069357  9.1015348791e-01  1.000000 0.000000 0.000000  -0.000000 -1.000000 0.000000
2451545.070024  9.1580740058e-01  1.000000 0.000000 0.000000  -0.000000 -1.000000 0.000000
2451545.070691  9.2142630396e-01  1.000000 0.000000 0.000000  -0.000000 -1.000000 0.000000
2451545.071358  9.2708718365e-01  1.000000 0.000000 0.000000  -0.000000 -1.000000 0.000000
2451545.072025  9.3226925474e-01  1.000000 0.000000 0.000000  -0.000000 -1.000000 0.000000
2451545.072692  9.3399237350e-01  1.000000 0.000000 0.000000  -0.000000 -1.000000 0.000000
2451545.073359  9.4013885463e-01  1.000000 0.000000 0.000000  -0.000000 -1.000000 0.000000
2451545.074025  9.4583561449e-01  1.000000 0.000000 0.000000  -0.000000 -1.000000 0.000000
2451545.074692  9.5048592761e-01  1.000000 0.000000 0.000000  -0.000000 -1.000000 0.000000
2451545.075359  9.5424759706e-01  1.000000 0.000000 0.000000  -0.000000 -1.000000 0.000000
2451545.076026  9.6056895045e-01  1.000000 0.000000 0.000000  -0.000000 -1.000000 0.000000
2451545.076693  9.6400700171e-01  1.000000 0.000000 0.000000  -0.000000 -1.000000 0.000000
2451545.077360  9.6746107713e-01  1.000000 0.000000 0.000000  -0.000000 -1.000000 0.000000
2451545.078027  9.7573824782e-01  1.000000 0.000000 0.000000  -0.000000 -1.000000 0.000000
2451545.078694  9.7636005455e-01  1.000000 0.000000 0.000000  -0.000000 -1.000000 0.000000
2451545.079361  9.8017624094e-01  1.000000 0.000000 0.000000  -0.000000 -1.000000 0.000000
2451545.080028  9.7892531211e-01  1.000000 0.000000 0.000000  -0.000000 -1.000000 0.000000
2451545.080694  9.8042566033e-01  1.000000 0.000000 0.000000  -0.000000 -1.000000 0.000000
2451545.081361  9.8047146851e-01  1.000000 0.000000 0.000000  -0.000000 -1.000000 0.000000
2451545.082028  9.8342426668e-01  1.000000 0.000000 0.000000  -0.000000 -1.000000 0.000000
2451545.082695  9.8629206718e-01  1.000000 0.000000 0.000000  -0.000000 -1.000000 0.000000
2451545.083362  9.8633979128e-01  1.000000 0.000000 0.000000  -0.000000 -1.000000 0.000000
2451545.084029  9.8180844006e-01  1.000000 0.000000 0.000000  -0.000000 -1.000000 0.000000
2451545.084696  9.8021142440e-01  1.000000 0.000000 0.000000  -0.000000 -1.000000 0.000000
2451545.085363  9.7907092287e-01  1.000000 0.000000 0.000000  -0.000000 -1.000000 0.000000
2451545.086030  9.7703219801e-01  1.000000 0.000000 0.000000  -0.000000 -1.000000 0.000000
2451545.086696  9.7453922330e-01  1.000000 0.000000 0.000000  -0.000000 -1.000000 0.000000
2451545.087363  9.6979955812e-01  1.000000 0.000000 0.000000  -0.000000 -1.000000 0.000000
2451545.088030  9.6239326520e-01  1.000000 0.000000 0.000000  -0.000000 -1.000000 0.000000
2451545.088697  9.6011156544e-01  1.000000 0.000000 0.000000  -0.000000 -1.000000 0.000000
2451545.089364  9.5854102447e-01  1.000000 0.000000 0.000000  -0.000000 -1.000000 0.000000
2451545.090031  9.5537033268e-01  1.000000 0.000000 0.000000  -0.000000 -1.000000 0.000000
2451545.090698  9.4815093013e-01  1.000000 0.000000 0.000000  -0.000000 -1.000000 0.000000
2451545.091365  9.4777941367e-01  1.000000 0.000000 0.000000  -0.000000 -1.000000 0.000000
2451545.092032  9.4122361999e-01  1.000000 0.000000 0.000000  -0.000000 -1.000000 0.000000
2451545.092699  9.3899521794e-01  1.000000 0.000000 0.000000  -0.000000 -1.000000 0.000000
2451545.093365  9.4122884525e-01  1.000000 0.000000 0.000000  -0.000000 -1.000000 0.000000
2451545.094032  9.5836702309e-01  1.000000 0.000000 0.000000  -0.000000 -1.000000 0.000000
2451545.094699  9.7031581446e-01  1.000000 0.000000 0.000000  -0.000000 -1.000000 0.000000
2451545.095366  9.8077923671e-01  1.000000 0.000000 0.000000  -0.000000 -1.000000 0.000000
2451545.096033  9.9273917532e-01  1.000000 0.000000 0.000000  -0.000000 -1.000000 0.000000
2451545.096700  1.0007968848e+00  1.000000 0.000000 0.000000  -0.000000 -1.000000 0.000000
2451545.097367  1.0210886852e+00  1.000000 0.000000 0.000000  -0.000000 -1.000000 0.000000
2451545.098034  1.0285345160e+00  1.000000 0.000000 0.000000  -0.000000 -1.000000 0.000000
2451545.098701  1.0371626504e+00  1.000000 0.000000 0.000000  -0.000000 -1.000000 0.000000
2451545.099367  1.0502672708e+00  1.000000 0.000000 0.000000  -0.000000 -1.000000 0.000000
2451545.100034  1.0586101057e+00  1.000000 0.000000 0.000000  -0.000000 -1.000000 0.000000
2451545.100701  1.0651073764e+00  1.000000 0.000000 0.000000  -0.000000 -1.000000 0.000000
2451545.101368  1.0747486900e+00  1.000000 0.000000 0.000000  -0.000000 -1.000000 0.000000
2451545.102035  1.0809390634e+00  1.000000 0.000000 0.000000  -0.000000 -1.000000 0.000000
2451545.102702  1.0843351383e+00  1.000000 0.000000 0.000000  -0.000000 -1.000000 0.000000
2451545.103369  1.0894761040e+00  1.000000 0.000000 0.000000  -0.000000 -1.000000 0.000000
2451545.104036  1.0958206227e+00  1.000000 0.000000 0.000000  -0.000000 -1.000000 0.000000
2451545.104703  1.0974132840e+00  1.000000 0.000000 0.000000  -0.000000 -1.000000 0.000000
2451545.105370  1.1003511031e+00  1.000000 0.000000 0.000000  -0.000000 -1.000000 0.000000
2451545.106036  1.1015553528e+00  1.000000 0.000000 0.000000  -0.000000 -1.000000 0.000000
2451545.106703  1.1005334649e+00  1.000000 0.000000 0.000000  -0.000000 -1.000000 0.000000
2451545.107370  1.0940072810e+00  1.000000 0.000000 0.000000  -0.000000 -1.000000 0.000000
2451545.108037  1.0946755926e+00  1.000000 0.000000 0.000000  -0.000000 -1.000000 0.000000
2451545.108704  1.0897650612e+00  1.000000 0.000000 0.000000  -0.000000 -1.000000 0.000000
2451545.109371  1.0896619493e+00  1.000000 0.000000 0.000000  -0.000000 -1.000000 0.000000
2451545.110038  1.0841783803e+00  1.000000 0.000000 0.000000  -0.000000 -1.000000 0.000000
2451545.110705  1.0786864509e+00  1.000000 0.000000 0.000000  -0.000000 -1.000000 0.000000
2451545.111372  1.0685149469e+00  1.000000 0.000000 0.000000  -0.000000 -1.000000 0.000000
2451545.112039  1.0631121954e+00  1.000000 0.000000 0.000000  -0.000000 -1.000000 0.000000
2451545.112705  1.0568781039e+00  1.000000 0.000000 0.000000  -0.000000 -1.000000 0.000000
2451545.113372  1.0480411330e+00  1.000000 0.000000 0.000000  -0.000000 -1.000000 0.000000
2451545.114039  1.0414592130e+00  1.000000 0.000000 0.000000  -0.000000 -1.000000 0.000000
2451545.114706  1.0324344808e+00  1.000000 0.000000 0.000000  -0.000000 -1.000000 0.000000
2451545.115373  1.0176929586e+00  1.000000 0.000000 0.000000  -0.000000 -1.000000 0.000000
2451545.116040  1.0113177850e+00  1.000000 0.000000 0.000000  -0.000000 -1.000000 0.000000
2451545.116707  9.9901123703e-01  1.000000 0.000000 0.000000  -0.000000 -1.000000 0.000000
2451545.117374  9.8197007497e-01  1.000000 0.000000 0.000000  -0.000000 -1.000000 0.000000
2451545.118041  9.7018605368e-01  1.000000 0.000000 0.000000  -0.000000 -1.000000 0.000000
2451545.118707  9.6021519990e-01  1.000000 0.000000 0.000000  -0.000000 -1.000000 0.000000
2451545.119374  9.4618727493e-01  1.000000 0.000000 0.000000  -0.000000 -1.000000 0.000000
2451545.120041  9.3594453311e-01  1.000000 0.000000 0.000000  -0.000000 -1.000000 0.000000
2451545.120708  9.2701995189e-01  1.000000 0.000000 0.000000  -0.000000 -1.000000 0.000000
2451545.121375  9.2204166620e-01  1.000000 0.000000 0.000000  -0.000000 -1.000000 0.000000
2451545.122042  9.1950810858e-01  1.000000 0.000000 0.000000  -0.000000 -1.000000 0.000000
2451545.122709  9.1334978351e-01  1.000000 0.000000 0.000000  -0.000000 -1.000000 0.000000
2451545.123376  9.1363386384e-01  1.000000 0.000000 0.000000  -0.000000 -1.000000 0.000000
2451545.124043  9.1496299749e-01  1.000000 0.000000 0.000000  -0.000000 -1.000000 0.000000
2451545.124710  9.2484902778e-01  1.000000 0.000000 0.000000  -0.000000 -1.000000 0.000000
2451545.125376  9.3141718793e-01  1.000000 0.000000 0.000000  -0.000000 -1.000000 0.000000
2451545.126043  9.3593199247e-01  1.000000 0.000000 0.000000  -0.000000 -1.000000 0.000000
2451545.126710  9.4308834347e-01  1.000000 0.000000 0.000000  -0.000000 -1.000000 0.000000
2451545.127377  9.4938095789e-01  1.000000 0.000000 0.000000  -0.000000 -1.000000 0.000000
2451545.128044  9.5676983326e-01  1.000000 0.000000 0.000000  -0.000000 -1.000000 0.000000
2451545.128711  9.6862195720e-01  1.000000 0.000000 0.000000  -0.000000 -1.000000 0.000000
2451545.129378  9.7631163374e-01  1.000000 0.000000 0.000000  -0.000000 -1.000000 0.000000
2451545.130045  9.8314837260e-01  1.000000 0.000000 0.000000  -0.000000 -1.000000 0.000000
2451545.130712  9.9405472328e-01  1.000000 0.000000 0.000000  -0.000000 -1.000000 0.000000
2451545.131378  1.0017954333e+00  1.000000 0.000000 0.000000  -0.000000 -1.000000 0.000000
2451545.132045  1.0085433426e+00  1.000000 0.000000 0.000000  -0.000000 -1.000000 0.000000
2451545.132712  1.0212703503e+00  1.000000 0.000000 0.000000  -0.000000 -1.000000 0.000000
2451545.133379  1.0271581808e+00  1.000000 0.000000 0.000000  -0.000000 -1.000000 0.000000
2451545.134046  1.0352507254e+00  1.000000 0.000000 0.000000  -0.000000 -1.000000 0.000000
2451545.134713  1.0395941412e+00  1.000000 0.000000 0.000000  -0.000000 -1.000000 0.000000
2451545.135380  1.0443327613e+00  1.000000 0.000000 0.000000  -0.000000 -1.000000 0.000000
2451545.136047  1.0483577842e+00  1.000000 0.000000 0.000000  -0.000000 -1.000000 0.000000
2451545.136714  1.0575519892e+00  1.000000 0.000000 0.000000  -0.000000 -1.000000 0.000000
2451545.137381  1.0617212294e+00  1.000000 0.000000 0.000000  -0.000000 -1.000000 0.000000
2451545.138047  1.0636483077e+00  1.000000 0.000000 0.000000  -0.000000 -1.000000 0.000000
2451545.138714  1.0631924903e+00  1.000000 0.000000 0.000000  -0.000000 -1.000000 0.000000
2451545.139381  1.0654936977e+00  1.000000 0.000000 0.000000  -0.000000 -1.000000 0.000000
2451545.140048  1.0681174783e+00  1.000000 0.000000 0.000000  -0.000000 -1.000000 0.000000
2451545.140715  1.0706539969e+00  1.000000 0.000000 0.000000  -0.000000 -1.000000 0.000000
2451545.141382  1.0692706946e+00  1.000000 0.000000 0.000000  -0.000000 -1.000000 0.000000
2451545.142049  1.0687887509e+00  1.000000 0.000000 0.000000  -0.000000 -1.000000 0.000000
2451545.142716  1.0650779407e+00  1.000000 0.000000 0.000000  -0.000000 -1.000000 0.000000
2451545.143383  1.0642985051e+00  1.000000 0.000000 0.000000  -0.000000 -1.000000 0.000000
2451545.144050  1.0585496667e+00  1.000000 0.000000 0.000000  -0.000000 -1.000000 0.000000
2451545.144716  1.0538326444e+00  1.000000 0.000000 0.000000  -0.000000 -1.000000 0.000000
2451545.145383  1.0502070060e+00  1.000000 0.000000 0.000000  -0.000000 -1.000000 0.000000
2451545.146050  1.0367042204e+00  1.000000 0.000000 0.000000  -0.000000 -1.000000 0.000000
2451545.146717  1.0316233453e+00  1.000000 0.000000 0.000000  -0.000000 -1.000000 0.000000
2451545.147384  1.0259633365e+00  1.000000 0.000000 0.000000  -0.000000 -1.000000 0.000000
2451545.148051  1.0090233704e+00  1.000000 0.000000 0.000000  -0.000000 -1.000000 0.000000
2451545.148718  9.9748824598e-01  1.000000 0.000000 0.000000  -0.000000 -1.000000 0.000000
2451545.149385  9.8683688831e-01  1.000000 0.000000 0.000000  -0.000000 -1.000000 0.000000
2451545.150052  9.6320318153e-01  1.000000 0.000000 0.000000  -0.000000 -1.000000 0.000000
2451545.150718  9.4641875424e-01  1.000000 0.000000 0.000000  -0.000000 -1.000000 0.000000
2451545.151385  9.3519766834e-01  1.000000 0.000000 0.000000  -0.000000 -1.000000 0.000000
2451545.152052  9.3996206645e-01  1.000000 0.000000 0.000000  -0.000000 -1.000000 0.000000
2451545.152719  9.4511661780e-01  1.000000 0.000000 0.000000  -0.000000 -1.000000 0.000000
2451545.153386  9.4939924633e-01  1.000000 0.000000 0.000000  -0.000000 -1.000000 0.000000
2451545.154053  9.5388879541e-01  1.000000 0.000000 0.000000  -0.000000 -1.000000 0.000000
2451545.154720  9.5933491664e-01  1.000000 0.000000 0.000000  -0.000000 -1.000000 0.000000
2451545.155387  9.6420364591e-01  1.000000 0.000000 0.000000  -0.000000 -1.000000 0.000000
2451545.156054  9.7086255153e-01  1.000000 0.000000 0.000000  -0.000000 -1.000000 0.000000
2451545.156721  9.7423580949e-01  1.000000 0.000000 0.000000  -0.000000 -1.000000 0.000000
2451545.157387  9.7821397915e-01  1.000000 0.000000 0.000000  -0.000000 -1.000000 0.000000
2451545.158054  9.8202511445e-01  1.000000 0.000000 0.000000  -0.000000 -1.000000 0.000000
2451545.158721  9.8645213451e-01  1.000000 0.000000 0.000000  -0.000000 -1.000000 0.000000
2451545.159388  9.8791520917e-01  1.000000 0.000000 0.000000  -0.000000 -1.000000 0.000000
2451545.160055  9.9283775868e-01  1.000000 0.000000 0.000000  -0.000000 -1.000000 0.000000
2451545.160722  9.9580571013e-01  1.000000 0.000000 0.000000  -0.000000 -1.000000 0.000000
2451545.161389  9.9722227991e-01  1.000000 0.000000 0.000000  -0.000000 -1.000000 0.000000
2451545.162056  9.9692513641e-01  1.000000 0.000000 0.000000  -0.000000 -1.000000 0.000000
2451545.162723  9.9769795335e-01  1.000000 0.000000 0.000000  -0.000000 -1.000000 0.000000
2451545.163389  9.9624689681e-01  1.000000 0.000000 0.000000  -0.000000 -1.000000 0.000000
2451545.164056  1.0002268082e+00  1.000000 0.000000 0.000000  -0.000000 -1.000000 0.000000
2451545.164723  1.0016553961e+00  1.000000 0.000000 0.000000  -0.000000 -1.000000 0.000000
2451545.165390  9.9872506659e-01  1.000000 0.000000 0.000000  -0.000000 -1.000000 0.000000
2451545.166057  9.9283270759e-01  1.000000 0.000000 0.000000  -0.000000 -1.000000 0.000000
2451545.166724  9.9490748679e-01  1.000000 0.000000 0.000000  -0.000000 -1.000000 0.000000
2451545.167391  9.9217867839e-01  1.000000 0.000000 0.000000  -0.000000 -1.000000 0.000000
2451545.168058  9.9361318825e-01  1.000000 0.000000 0.000000  -0.000000 -1.000000 0.000000
2451545.168725  9.9309867366e-01  1.000000 0.000000 0.000000  -0.000000 -1.000000 0.000000
2451545.169392  9.8565144949e-01  1.000000 0.000000 0.000000  -0.000000 -1.000000 0.000000
2451545.170058  9.8277267593e-01  1.000000 0.000000 0.000000  -0.000000 -1.000000 0.000000
2451545.170725  9.8361760154e-01  1.000000 0.000000 0.000000  -0.000000 -1.000000 0.000000
2451545.171392  9.7755698896e-01  1.000000 0.000000 0.000000  -0.000000 -1.000000 0.000000
2451545.172059  9.7296049608e-01  1.000000 0.000000 0.000000  -0.000000 -1.000000 0.000000
2451545.172726  9.6963391717e-01  1.000000 0.000000 0.000000  -0.000000 -1.000000 0.000000
2451545.173393  9.6292728745e-01  1.000000 0.000000 0.000000  -0.000000 -1.000000 0.000000
2451545.174060  9.6000984692e-01  1.000000 0.000000 0.000000  -0.000000 -1.000000 0.000000
2451545.174727  9.5591254118e-01  1.000000 0.000000 0.000000  -0.000000 -1.000000 0.000000
2451545.175394  9.5065574878e-01  1.000000 0.000000 0.000000  -0.000000 -1.000000 0.000000
2451545.176061  9.4144656470e-01  1.000000 0.000000 0.000000  -0.000000 -1.000000 0.000000
2451545.176727  9.3879996715e-01  1.000000 0.000000 0.000000  -0.000000 -1.000000 0.000000
2451545.177394  9.2709188639e-01  1.000000 0.000000 0.000000  -0.000000 -1.000000 0.000000
2451545.178061  9.2111296214e-01  1.000000 0.000000 0.000000  -0.000000 -1.000000 0.000000
2451545.178728  9.1574713584e-01  1.000000 0.000000 0.000000  -0.000000 -1.000000 0.000000
2451545.179395  9.0894436122e-01  1.000000 0.000000 0.000000  -0.000000 -1.000000 0.000000
2451545.180062  9.0537480741e-01  1.000000 0.000000 0.000000  -0.000000 -1.000000 0.000000
2451545.180729  9.0418379497e-01  1.000000 0.000000 0.000000  -0.000000 -1.000000 0.000000
2451545.181396  9.0100648451e-01  1.000000 0.000000 0.000000  -0.000000 -1.000000 0.000000
2451545.182063  9.0344633567e-01  1.000000 0.000000 0.000000  -0.000000 -1.000000 0.000000
2451545.182729  9.0847791908e-01  1.000000 0.000000 0.000000  -0.000000 -1.000000 0.000000
2451545.183396  9.1761586536e-01  1.000000 0.000000 0.000000  -0.000000 -1.000000 0.000000
2451545.184063  9.2679213026e-01  1.000000 0.000000 0.000000  -0.000000 -1.000000 0.000000
2451545.184730  9.3584298876e-01  1.000000 0.000000 0.000000  -0.000000 -1.000000 0.000000
2451545.185397  9.5253092279e-01  1.000000 0.000000 0.000000  -0.000000 -1.000000 0.000000
2451545.186064  9.6554009494e-01  1.000000 0.000000 0.000000  -0.000000 -1.000000 0.000000
2451545.186731  9.7615557245e-01  1.000000 0.000000 0.000000  -0.000000 -1.000000 0.000000
2451545.187398  9.9378631875e-01  1.000000 0.000000 0.000000  -0.000000 -1.000000 0.000000
2451545.188065  1.0052038747e+00  1.000000 0.000000 0.000000  -0.000000 -1.000000 0.000000
2451545.188732  1.0151036648e+00  1.000000 0.000000 0.000000  -0.000000 -1.000000 0.000000
2451545.189398  1.0333384520e+00  1.000000 0.000000 0.000000  -0.000000 -1.000000 0.000000
2451545.190065  1.0463385670e+00  1.000000 0.000000 0.000000  -0.000000 -1.000000 0.000000
2451545.190732  1.0482374289e+00  1.000000 0.000000 0.000000  -0.000000 -1.000000 0.000000
2451545.191399  1.0646945803e+00  1.000000 0.000000 0.000000  -0.000000 -1.000000 0.000000
2451545.192066  1.0726517905e+00  1.000000 0.000000 0.000000  -0.000000 -1.000000 0.000000
2451545.192733  1.0779361026e+00  1.000000 0.000000 0.000000  -0.000000 -1.000000 0.000000
2451545.193400  1.0855777067e+00  1.000000 0.000000 0.000000  -0.000000 -1.000000 0.000000
2451545.194067  1.0905667913e+00  1.000000 0.000000 0.000000  -0.000000 -1.000000 0.000000
2451545.194734  1.0980695775e+00  1.000000 0.000000 0.000000  -0.000000 -1.000000 0.000000
2451545.195400  1.1030745120e+00  1.000000 0.000000 0.000000  -0.000000 -1.000000 0.000000
2451545.196067  1.1078300272e+00  1.000000 0.000000 0.000000  -0.000000 -1.000000 0.000000
2451545.196734  1.1095101246e+00  1.000000 0.000000 0.000000  -0.000000 -1.000000 0.000000
2451545.197401  1.1105250455e+00  1.000000 0.000000 0.000000  -0.000000 -1.000000 0.000000
2451545.198068  1.1138101707e+00  1.000000 0.000000 0.000000  -0.000000 -1.000000 0.000000
2451545.198735  1.1110226651e+00  1.000000 0.000000 0.000000  -0.000000 -1.000000 0.000000
2451545.199402  1.1119405703e+00  1.000000 0.000000 0.000000  -0.000000 -1.000000 0.000000
2451545.200069  1.1078603337e+00  1.000000 0.000000 0.000000  -0.000000 -1.000000 0.000000
2451545.200736  1.1030044935e+00  1.000000 0.000000 0.000000  -0.000000 -1.000000 0.000000
2451545.201403  1.0997082211e+00  1.000000 0.000000 0.000000  -0.000000 -1.000000 0.000000
2451545.202069  1.0929624019e+00  1.000000 0.000000 0.000000  -0.000000 -1.000000 0.000000
2451545.202736  1.0855165711e+00  1.000000 0.000000 0.000000  -0.000000 -1.000000 0.000000
2451545.203403  1.0771885412e+00  1.000000 0.000000 0.000000  -0.000000 -1.000000 0.000000
2451545.204070  1.0701676987e+00  1.000000 0.000000 0.000000  -0.000000 -1.000000 0.000000
2451545.204737  1.0575283013e+00  1.000000 0.000000 0.000000  -0.000000 -1.000000 0.000000
2451545.205404  1.0481249115e+00  1.000000 0.000000 0.000000  -0.000000 -1.000000 0.000000
2451545.206071  1.0383628942e+00  1.000000 0.000000 0.000000  -0.000000 -1.000000 0.000000
2451545.206738  1.0244690844e+00  1.000000 0.000000 0.000000  -0.000000 -1.000000 0.000000
2451545.207405  1.0131880821e+00  1.000000 0.000000 0.000000  -0.000000 -1.000000 0.000000
2451545.208072  1.0022934012e+00  1.000000 0.000000 0.000000  -0.000000 -1.000000 0.000000
2451545.208738  9.7964970824e-01  1.000000 0.000000 0.000000  -0.000000 -1.000000 0.000000
2451545.209405  9.6570956776e-01  1.000000 0.000000 0.000000  -0.000000 -1.000000 0.000000
2451545.210072  9.5480548136e-01  1.000000 0.000000 0.000000  -0.000000 -1.000000 0.000000
2451545.210739  9.3989570556e-01  1.000000 0.000000 0.000000  -0.000000 -1.000000 0.000000
2451545.211406  9.3032876489e-01  1.000000 0.000000 0.000000  -0.000000 -1.000000 0.000000
2451545.212073  9.1454358276e-01  1.000000 0.000000 0.000000  -0.000000 -1.000000 0.000000
2451545.212740  9.0144383932e-01  1.000000 0.000000 0.000000  -0.000000 -1.000000 0.000000
2451545.213407  9.0589472144e-01  1.000000 0.000000 0.000000  -0.000000 -1.000000 0.000000
2451545.214074  9.0919343226e-01  1.000000 0.000000 0.000000  -0.000000 -1.000000 0.000000
2451545.214740  9.1648529184e-01  1.000000 0.000000 0.000000  -0.000000 -1.000000 0.000000
2451545.215407  9.2083724224e-01  1.000000 0.000000 0.000000  -0.000000 -1.000000 0.000000
2451545.216074  9.2861383238e-01  1.000000 0.000000 0.000000  -0.000000 -1.000000 0.000000
2451545.216741  9.3864651849e-01  1.000000 0.000000 0.000000  -0.000000 -1.000000 0.000000
2451545.217408  9.4229253536e-01  1.000000 0.000000 0.000000  -0.000000 -1.000000 0.000000
2451545.218075  9.5662631260e-01  1.000000 0.000000 0.000000  -0.000000 -1.000000 0.000000
2451545.218742  9.6294453083e-01  1.000000 0.000000 0.000000  -0.000000 -1.000000 0.000000
2451545.219409  9.7132429092e-01  1.000000 0.000000 0.000000  -0.000000 -1.000000 0.000000
2451545.220076  9.7957707703e-01  1.000000 0.000000 0.000000  -0.000000 -1.000000 0.000000
2451545.220743  9.8649358829e-01  1.000000 0.000000 0.000000  -0.000000 -1.000000 0.000000
2451545.221409  9.9227464912e-01  1.000000 0.000000 0.000000  -0.000000 -1.000000 0.000000
2451545.222076  1.0030559417e+00  1.000000 0.000000 0.000000  -0.000000 -1.000000 0.000000
2451545.222743  1.0104704209e+00  1.000000 0.000000 0.000000  -0.000000 -1.000000 0.000000
2451545.223410  1.0171883720e+00  1.000000 0.000000 0.000000  -0.000000 -1.000000 0.000000
2451545.224077  1.0225747511e+00  1.000000 0.000000 0.000000  -0.000000 -1.000000 0.000000
2451545.224744  1.0247017829e+00  1.000000 0.000000 0.000000  -0.000000 -1.000000 0.000000
2451545.225411  1.0320202914e+00  1.000000 0.000000 0.000000  -0.000000 -1.000000 0.000000
2451545.226078  1.0396620696e+00  1.000000 0.000000 0.000000  -0.000000 -1.000000 0.000000
2451545.226745  1.0416941758e+00  1.000000 0.000000 0.000000  -0.000000 -1.000000 0.000000
2451545.227411  1.0434371506e+00  1.000000 0.000000 0.000000  -0.000000 -1.000000 0.000000
2451545.228078  1.0487097930e+00  1.000000 0.000000 0.000000  -0.000000 -1.000000 0.000000
2451545.228745  1.0524162488e+00  1.000000 0.000000 0.000000  -0.000000 -1.000000 0.000000
2451545.229412  1.0519210677e+00  1.000000 0.000000 0.000000  -0.000000 -1.000000 0.000000
2451545.230079  1.0523354313e+00  1.000000 0.000000 0.000000  -0.000000 -1.000000 0.000000
2451545.230746  1.0528327025e+00  1.000000 0.000000 0.000000  -0.000000 -1.000000 0.000000
2451545.231413  1.0509482972e+00  1.000000 0.000000 0.000000  -0.000000 -1.000000 0.000000
2451545.232080  1.0502646582e+00  1.000000 0.000000 0.000000  -0.000000 -1.000000 0.000000
2451545.232747  1.0497456150e+00  1.000000 0.000000 0.000000  -0.000000 -1.000000 0.000000
2451545.233414  1.0461731002e+00  1.000000 0.000000 0.000000  -0.000000 -1.000000 0.000000
2451545.234080  1.0434197330e+00  1.000000 0.000000 0.000000  -0.000000 -1.000000 0.000000
2451545.234747  1.0385492620e+00  1.000000 0.000000 0.000000  -0.000000 -1.000000 0.000000
2451545.235414  1.0336018054e+00  1.000000 0.000000 0.000000  -0.000000 -1.000000 0.000000
2451545.236081  1.0211299648e+00  1.000000 0.000000 0.000000  -0.000000 -1.000000 0.000000
2451545.236748  1.0157911357e+00  1.000000 0.000000 0.000000  -0.000000 -1.000000 0.000000
2451545.237415  1.0084984053e+00  1.000000 0.000000 0.000000  -0.000000 -1.000000 0.000000
2451545.238082  1.0034703054e+00  1.000000 0.000000 0.000000  -0.000000 -1.000000 0.000000
2451545.238749  9.9653358977e-01  1.000000 0.000000 0.000000  -0.000000 -1.000000 0.000000
2451545.239416  9.8780774285e-01  1.000000 0.000000 0.000000  -0.000000 -1.000000 0.000000
360  1
2451545.000000  8.3672656010e-01  1.000000 0.000000 0.000000  -0.000000 -0.000000 1.000000
2451545.000667  8.3557936409e-01  1.000000 0.000000 0.000000  -0.000000 -0.000000 1.000000
2451545.001334  8.3553614435e-01  1.000000 0.000000 0.000000  -0.000000 -0.000000 1.000000
2451545.002001  8.3512137890e-01  1.000000 0.000000 0.000000  -0.000000 -0.000000 1.000000
2451545.002668  8.3416982425e-01  1.000000 0.000000 0.000000  -0.000000 -0.000000 1.000000
2451545.003334  8.3682121133e-01  1.000000 0.000000 0.000000  -0.000000 -0.000000 1.000000
2451545.004001  8.4004295493e-01  1.000000 0.000000 0.000000  -0.000000 -0.000000 1.000000
2451545.004668  8.4401960334e-01  1.000000 0.000000 0.000000  -0.000000 -0.000000 1.000000
2451545.005335  8.4711111145e-01  1.000000 0.000000 0.000000  -0.000000 -0.000000 1.000000
2451545.006002  8.5324428090e-01  1.000000 0.000000 0.000000  -0.000000 -0.000000 1.000000
2451545.006669  8.6030883579e-01  1.000000 0.000000 0.000000  -0.000000 -0.000000 1.000000
2451545.007336  8.6544795118e-01  1.000000 0.000000 0.000000  -0.000000 -0.000000 1.000000
2451545.008003  8.7747542898e-01  1.000000 0.000000 0.000000  -0.000000 -0.000000 1.000000
2451545.008670  8.8231719256e-01  1.000000 0.000000 0.000000  -0.000000 -0.000000 1.000000
2451545.009337  8.8944686518e-01  1.000000 0.000000 0.000000  -0.000000 -0.000000 1.000000
2451545.010003  9.0244606683e-01  1.000000 0.000000 0.000000  -0.000000 -0.000000 1.000000
2451545.010670  9.1041117706e-01  1.000000 0.000000 0.000000  -0.000000 -0.000000 1.000000
2451545.011337  9.1846690468e-01  1.000000 0.000000 0.000000  -0.000000 -0.000000 1.000000
2451545.012004  9.2701576955e-01  1.000000 0.000000 0.000000  -0.000000 -0.000000 1.000000
2451545.012671  9.3291252702e-01  1.000000 0.000000 0.000000  -0.000000 -0.000000 1.000000
2451545.013338  9.3911254300e-01  1.000000 0.000000 0.000000  -0.000000 -0.000000 1.000000
2451545.014005  9.5364229977e-01  1.000000 0.000000 0.000000  -0.000000 -0.000000 1.000000
2451545.014672  9.5980125700e-01  1.000000 0.000000 0.000000  -0.000000 -0.000000 1.000000
2451545.015339  9.6692689578e-01  1.000000 0.000000 0.000000  -0.000000 -0.000000 1.000000
2451545.016006  9.7533327957e-01  1.000000 0.000000 0.000000  -0.000000 -0.000000 1.000000
2451545.016672  9.8229583586e-01  1.000000 0.000000 0.000000  -0.000000 -0.000000 1.000000
2451545.017339  9.8900382788e-01  1.000000 0.000000 0.000000  -0.000000 -0.000000 1.000000
2451545.018006  9.9327033669e-01  1.000000 0.000000 0.000000  -0.000000 -0.000000 1.000000
2451545.018673  1.0004376105e+00  1.000000 0.000000 0.000000  -0.000000 -0.000000 1.000000
2451545.019340  1.0049702088e+00  1.000000 0.000000 0.000000  -0.000000 -0.000000 1.000000
2451545.020007  1.0160298526e+00  1.000000 0.000000 0.000000  -0.000000 -0.000000 1.000000
2451545.020674  1.0207631346e+00  1.000000 0.000000 0.000000  -0.000000 -0.000000 1.000000
2451545.021341  1.0232221938e+00  1.000000 0.000000 0.000000  -0.000000 -0.000000 1.000000
2451545.022008  1.0278608246e+00  1.000000 0.000000 0.000000  -0.000000 -0.000000 1.000000
2451545.022674  1.0301968516e+00  1.000000 0.000000 0.000000  -0.000000 -0.000000 1.000000
2451545.023341  1.0348645837e+00  1.000000 0.000000 0.000000  -0.000000 -0.000000 1.000000
2451545.024008  1.0376042831e+00  1.000000 0.000000 0.000000  -0.000000 -0.000000 1.000000
2451545.024675  1.0389223412e+00  1.000000 0.000000 0.000000  -0.000000 -0.000000 1.000000
2451545.025342  1.0445447974e+00  1.000000 0.000000 0.000000  -0.000000 -0.000000 1.000000
2451545.026009  1.0461115130e+00  1.000000 0.000000 0.000000  -0.000000 -0.000000 1.000000
2451545.026676  1.0439289160e+00  1.000000 0.000000 0.000000  -0.000000 -0.000000 1.000000
2451545.027343  1.0418341992e+00  1.000000 0.000000 0.000000  -0.000000 -0.000000 1.000000
2451545.028010  1.0403802871e+00  1.000000 0.000000 0.000000  -0.000000 -0.000000 1.000000
2451545.028677  1.0403442707e+00  1.000000 0.000000 0.000000  -0.000000 -0.000000 1.000000
2451545.029343  1.0394975959e+00  1.000000 0.000000 0.000000  -0.000000 -0.000000 1.000000
2451545.030010  1.0356251071e+00  1.000000 0.000000 0.000000  -0.000000 -0.000000 1.000000
2451545.030677  1.0340840352e+00  1.000000 0.000000 0.000000  -0.000000 -0.000000 1.000000
2451545.031344  1.0312547268e+00  1.000000 0.000000 0.000000  -0.000000 -0.000000 1.000000
2451545.032011  1.0296947823e+00  1.000000 0.000000 0.000000  -0.000000 -0.000000 1.000000
2451545.032678  1.0264250648e+00  1.000000 0.000000 0.000000  -0.000000 -0.000000 1.000000
2451545.033345  1.0216842914e+00  1.000000 0.000000 0.000000  -0.000000 -0.000000 1.000000
2451545.034012  1.0204338002e+00  1.000000 0.000000 0.000000  -0.000000 -0.000000 1.000000
2451545.034679  1.0166767080e+00  1.000000 0.000000 0.000000  -0.000000 -0.000000 1.000000
2451545.035345  1.0191238098e+00  1.000000 0.000000 0.000000  -0.000000 -0.000000 1.000000
2451545.036012  1.0196973358e+00  1.000000 0.000000 0.000000  -0.000000 -0.000000 1.000000
2451545.036679  1.0192886211e+00  1.000000 0.000000 0.000000  -0.000000 -0.000000 1.000000
2451545.037346  1.0217355788e+00  1.000000 0.000000 0.000000  -0.000000 -0.000000 1.000000
2451545.038013  1.0225751943e+00  1.000000 0.000000 0.000000  -0.000000 -0.000000 1.000000
2451545.038680  1.0233535818e+00  1.000000 0.000000 0.000000  -0.000000 -0.000000 1.000000
2451545.039347  1.0251051339e+00  1.000000 0.000000 0.000000  -0.000000 -0.000000 1.000000
2451545.040014  1.0252454540e+00  1.000000 0.000000 0.000000  -0.000000 -0.000000 1.000000
2451545.040681  1.0269386594e+00  1.000000 0.000000 0.000000  -0.000000 -0.000000 1.000000
2451545.041348  1.0303569087e+00  1.000000 0.000000 0.000000  -0.000000 -0.000000 1.000000
2451545.042014  1.0311050425e+00  1.000000 0.000000 0.000000  -0.000000 -0.000000 1.000000
2451545.042681  1.0320828171e+00  1.000000 0.000000 0.000000  -0.000000 -0.000000 1.000000
2451545.043348  1.0310589414e+00  1.000000 0.000000 0.000000  -0.000000 -0.000000 1.000000
2451545.044015  1.0346476206e+00  1.000000 0.000000 0.000000  -0.000000 -0.000000 1.000000
2451545.044682  1.0325651494e+00  1.000000 0.000000 0.000000  -0.000000 -0.000000 1.000000
2451545.045349  1.0291463238e+00  1.000000 0.000000 0.000000  -0.000000 -0.000000 1.000000
2451545.046016  1.0303662730e+00  1.000000 0.000000 0.000000  -0.000000 -0.000000 1.000000
2451545.046683  1.0293828798e+00  1.000000 0.000000 0.000000  -0.000000 -0.000000 1.000000
2451545.047350  1.0286745083e+00  1.000000 0.000000 0.000000  -0.000000 -0.000000 1.000000
2451545.048017  1.0277158944e+00  1.000000 0.000000 0.000000  -0.000000 -0.000000 1.000000
2451545.048683  1.0216417919e+00  1.000000 0.000000 0.000000  -0.000000 -0.000000 1.000000
2451545.049350  1.0177527355e+00  1.000000 0.000000 0.000000  -0.000000 -0.000000 1.000000
2451545.050017  1.0154256406e+00  1.000000 0.000000 0.000000  -0.000000 -0.000000 1.000000
2451545.050684  1.0128830232e+00  1.000000 0.000000 0.000000  -0.000000 -0.000000 1.000000
2451545.051351  1.0031224208e+00  1.000000 0.000000 0.000000  -0.000000 -0.000000 1.000000
2451545.052018  9.9885778487e-01  1.000000 0.000000 0.000000  -0.000000 -0.000000 1.000000
2451545.052685  9.9714484245e-01  1.000000 0.000000 0.000000  -0.000000 -0.000000 1.000000
2451545.053352  9.9104797758e-01  1.000000 0.000000 0.000000  -0.000000 -0.000000 1.000000
2451545.054019  9.8456386383e-01  1.000000 0.000000 0.000000  -0.000000 -0.000000 1.000000
2451545.054685  9.7433475948e-01  1.000000 0.000000 0.000000  -0.000000 -0.000000 1.000000
2451545.055352  9.6857918650e-01  1.000000 0.000000 0.000000  -0.000000 -0.000000 1.000000
2451545.056019  9.6464575782e-01  1.000000 0.000000 0.000000  -0.000000 -0.000000 1.000000
2451545.056686  9.6039351152e-01  1.000000 0.000000 0.000000  -0.000000 -0.000000 1.000000
2451545.057353  9.5688406851e-01  1.000000 0.000000 0.000000  -0.000000 -0.000000 1.000000
2451545.058020  9.5139400882e-01  1.000000 0.000000 0.000000  -0.000000 -0.000000 1.000000
2451545.058687  9.4092762808e-01  1.000000 0.000000 0.000000  -0.000000 -0.000000 1.000000
2451545.059354  9.3960251081e-01  1.000000 0.000000 0.000000  -0.000000 -0.000000 1.000000
2451545.060021  9.3712890093e-01  1.000000 0.000000 0.000000  -0.000000 -0.000000 1.000000
2451545.060688  9.3411417990e-01  1.000000 0.000000 0.000000  -0.000000 -0.000000 1.000000
2451545.061354  9.3358387367e-01  1.000000 0.000000 0.000000  -0.000000 -0.000000 1.000000
2451545.062021  9.3342799447e-01  1.000000 0.000000 0.000000  -0.000000 -0.000000 1.000000
2451545.062688  9.3688398906e-01  1.000000 0.000000 0.000000  -0.000000 -0.000000 1.000000
2451545.063355  9.3792760176e-01  1.000000 0.000000 0.000000  -0.000000 -0.000000 1.000000
2451545.064022  9.4103726216e-01  1.000000 0.000000 0.000000  -0.000000 -0.000000 1.000000
2451545.064689  9.4820612068e-01  1.000000 0.000000 0.000000  -0.000000 -0.000000 1.000000
2451545.065356  9.5124043467e-01  1.000000 0.000000 0.000000  -0.000000 -0.000000 1.000000
2451545.066023  9.5936819519e-01  1.000000 0.000000 0.000000  -0.000000 -0.000000 1.000000
2451545.066690  9.6541982340e-01  1.000000 0.000000 0.000000  -0.000000 -0.000000 1.000000
2451545.067356  9.7306899731e-01  1.000000 0.000000 0.000000  -0.000000 -0.000000 1.000000
2451545.068023  9.7691425771e-01  1.000000 0.000000 0.000000  -0.000000 -0.000000 1.000000
2451545.068690  9.9016197288e-01  1.000000 0.000000 0.000000  -0.000000 -0.000000 1.000000
2451545.069357  9.9546676395e-01  1.000000 0.000000 0.000000  -0.000000 -0.000000 1.000000
2451545.070024  1.0030482269e+00  1.000000 0.000000 0.000000  -0.000000 -0.000000 1.000000
2451545.070691  1.0113053586e+00  1.000000 0.000000 0.000000  -0.000000 -0.000000 1.000000
2451545.071358  1.0154337083e+00  1.000000 0.000000 0.000000  -0.000000 -0.000000 1.000000
2451545.072025  1.0263137019e+00  1.000000 0.000000 0.000000  -0.000000 -0.000000 1.000000
2451545.072692  1.0301327424e+00  1.000000 0.000000 0.000000  -0.000000 -0.000000 1.000000
2451545.073359  1.0353862460e+00  1.000000 0.000000 0.000000  -0.000000 -0.000000 1.000000
2451545.074025  1.0468605111e+00  1.000000 0.000000 0.000000  -0.000000 -0.000000 1.000000
2451545.074692  1.0537668817e+00  1.000000 0.000000 0.000000  -0.000000 -0.000000 1.000000
2451545.075359  1.0572208594e+00  1.000000 0.000000 0.000000  -0.000000 -0.000000 1.000000
2451545.076026  1.0642473809e+00  1.000000 0.000000 0.000000  -0.000000 -0.000000 1.000000
2451545.076693  1.0693375139e+00  1.000000 0.000000 0.000000  -0.000000 -0.000000 1.000000
2451545.077360  1.0733380773e+00  1.000000 0.000000 0.000000  -0.000000 -0.000000 1.000000
2451545.078027  1.0821677264e+00  1.000000 0.000000 0.000000  -0.000000 -0.000000 1.000000
2451545.078694  1.0883455563e+00  1.000000 0.000000 0.000000  -0.000000 -0.000000 1.000000
2451545.079361  1.0885399010e+00  1.000000 0.000000 0.000000  -0.000000 -0.000000 1.000000
2451545.080028  1.0957345473e+00  1.000000 0.000000 0.000000  -0.000000 -0.000000 1.000000
2451545.080694  1.0987907593e+00  1.000000 0.000000 0.000000  -0.000000 -0.000000 1.000000
2451545.081361  1.1013879777e+00  1.000000 0.000000 0.000000  -0.000000 -0.000000 1.000000
2451545.082028  1.0996130869e+00  1.000000 0.000000 0.000000  -0.000000 -0.000000 1.000000
2451545.082695  1.0992030757e+00  1.000000 0.000000 0.000000  -0.000000 -0.000000 1.000000
2451545.083362  1.1012826655e+00  1.000000 0.000000 0.000000  -0.000000 -0.000000 1.000000
2451545.084029  1.1031104284e+00  1.000000 0.000000 0.000000  -0.000000 -0.000000 1.000000
2451545.084696  1.1025649953e+00  1.000000 0.000000 0.000000  -0.000000 -0.000000 1.000000
2451545.085363  1.1007624439e+00  1.000000 0.000000 0.000000  -0.000000 -0.000000 1.000000
2451545.086030  1.0920895384e+00  1.000000 0.000000 0.000000  -0.000000 -0.000000 1.000000
2451545.086696  1.0915952486e+00  1.000000 0.000000 0.000000  -0.000000 -0.000000 1.000000
2451545.087363  1.0875485842e+00  1.000000 0.000000 0.000000  -0.000000 -0.000000 1.000000
2451545.088030  1.0781951118e+00  1.000000 0.000000 0.000000  -0.000000 -0.000000 1.000000
2451545.088697  1.0723788872e+00  1.000000 0.000000 0.000000  -0.000000 -0.000000 1.000000
2451545.089364  1.0623409581e+00  1.000000 0.000000 0.000000  -0.000000 -0.000000 1.000000
2451545.090031  1.0518528234e+00  1.000000 0.000000 0.000000  -0.000000 -0.000000 1.000000
2451545.090698  1.0411968521e+00  1.000000 0.000000 0.000000  -0.000000 -0.000000 1.000000
2451545.091365  1.0329859656e+00  1.000000 0.000000 0.000000  -0.000000 -0.000000 1.000000
2451545.092032  1.0302067922e+00  1.000000 0.000000 0.000000  -0.000000 -0.000000 1.000000
2451545.092699  1.0315150538e+00  1.000000 0.000000 0.000000  -0.000000 -0.000000 1.000000
2451545.093365  1.0323607200e+00  1.000000 0.000000 0.000000  -0.000000 -0.000000 1.000000
2451545.094032  1.0327615111e+00  1.000000 0.000000 0.000000  -0.000000 -0.000000 1.000000
2451545.094699  1.0344695553e+00  1.000000 0.000000 0.000000  -0.000000 -0.000000 1.000000
2451545.095366  1.0337199809e+00  1.000000 0.000000 0.000000  -0.000000 -0.000000 1.000000
2451545.096033  1.0385028216e+00  1.000000 0.000000 0.000000  -0.000000 -0.000000 1.000000
2451545.096700  1.0378494831e+00  1.000000 0.000000 0.000000  -0.000000 -0.000000 1.000000
2451545.097367  1.0336499649e+00  1.000000 0.000000 0.000000  -0.000000 -0.000000 1.000000
2451545.098034  1.0348468636e+00  1.000000 0.000000 0.000000  -0.000000 -0.000000 1.000000
2451545.098701  1.0328913144e+00  1.000000 0.000000 0.000000  -0.000000 -0.000000 1.000000
2451545.099367  1.0334675776e+00  1.000000 0.000000 0.000000  -0.000000 -0.000000 1.000000
2451545.100034  1.0313731489e+00  1.000000 0.000000 0.000000  -0.000000 -0.000000 1.000000
2451545.100701  1.0319443699e+00  1.000000 0.000000 0.000000  -0.000000 -0.000000 1.000000
2451545.101368  1.0265999607e+00  1.000000 0.000000 0.000000  -0.000000 -0.000000 1.000000
2451545.102035  1.0237607118e+00  1.000000 0.000000 0.000000  -0.000000 -0.000000 1.000000
2451545.102702  1.0222663172e+00  1.000000 0.000000 0.000000  -0.000000 -0.000000 1.000000
2451545.103369  1.0173614528e+00  1.000000 0.000000 0.000000  -0.000000 -0.000000 1.000000
2451545.104036  1.0151030772e+00  1.000000 0.000000 0.000000  -0.000000 -0.000000 1.000000
2451545.104703  1.0136923849e+00  1.000000 0.000000 0.000000  -0.000000 -0.000000 1.000000
2451545.105370  1.0121923717e+00  1.000000 0.000000 0.000000  -0.000000 -0.000000 1.000000
2451545.106036  1.0097227957e+00  1.000000 0.000000 0.000000  -0.000000 -0.000000 1.000000
2451545.106703  1.0062433184e+00  1.000000 0.000000 0.000000  -0.000000 -0.000000 1.000000
2451545.107370  1.0012449553e+00  1.000000 0.000000 0.000000  -0.000000 -0.000000 1.000000
2451545.108037  9.9929776184e-01  1.000000 0.000000 0.000000  -0.000000 -0.000000 1.000000
2451545.108704  9.9935783728e-01  1.000000 0.000000 0.000000  -0.000000 -0.000000 1.000000
2451545.109371  9.9198743070e-01  1.000000 0.000000 0.000000  -0.000000 -0.000000 1.000000
2451545.110038  9.8875185678e-01  1.000000 0.000000 0.000000  -0.000000 -0.000000 1.000000
2451545.110705  9.8559926477e-01  1.000000 0.000000 0.000000  -0.000000 -0.000000 1.000000
2451545.111372  9.8414319168e-01  1.000000 0.000000 0.000000  -0.000000 -0.000000 1.000000
2451545.112039  9.8185989274e-01  1.000000 0.000000 0.000000  -0.000000 -0.000000 1.000000
2451545.112705  9.8112933504e-01  1.000000 0.000000 0.000000  -0.000000 -0.000000 1.000000
2451545.113372  9.7413796559e-01  1.000000 0.000000 0.000000  -0.000000 -0.000000 1.000000
2451545.114039  9.7032022175e-01  1.000000 0.000000 0.000000  -0.000000 -0.000000 1.000000
2451545.114706  9.6882798814e-01  1.000000 0.000000 0.000000  -0.000000 -0.000000 1.000000
2451545.115373  9.6260938767e-01  1.000000 0.000000 0.000000  -0.000000 -0.000000 1.000000
2451545.116040  9.6212691129e-01  1.000000 0.000000 0.000000  -0.000000 -0.000000 1.000000
2451545.116707  9.5936589014e-01  1.000000 0.000000 0.000000  -0.000000 -0.000000 1.000000
2451545.117374  9.5733585888e-01  1.000000 0.000000 0.000000  -0.000000 -0.000000 1.000000
2451545.118041  9.5745500130e-01  1.000000 0.000000 0.000000  -0.000000 -0.000000 1.000000
2451545.118707  9.5880821141e-01  1.000000 0.000000 0.000000  -0.000000 -0.000000 1.000000
2451545.119374  9.5797032468e-01  1.000000 0.000000 0.000000  -0.000000 -0.000000 1.000000
2451545.120041  9.5888773573e-01  1.000000 0.000000 0.000000  -0.000000 -0.000000 1.000000
2451545.120708  9.6081836158e-01  1.000000 0.000000 0.000000  -0.000000 -0.000000 1.000000
2451545.121375  9.6641128427e-01  1.000000 0.000000 0.000000  -0.000000 -0.000000 1.000000
2451545.122042  9.7186835289e-01  1.000000 0.000000 0.000000  -0.000000 -0.000000 1.000000
2451545.122709  9.8172591154e-01  1.000000 0.000000 0.000000  -0.000000 -0.000000 1.000000
2451545.123376  9.9076719333e-01  1.000000 0.000000 0.000000  -0.000000 -0.000000 1.000000
2451545.124043  9.9577333599e-01  1.000000 0.000000 0.000000  -0.000000 -0.000000 1.000000
2451545.124710  1.0056833346e+00  1.000000 0.000000 0.000000  -0.000000 -0.000000 1.000000
2451545.125376  1.0132404505e+00  1.000000 0.000000 0.000000  -0.000000 -0.000000 1.000000
2451545.126043  1.0231830079e+00  1.000000 0.000000 0.000000  -0.000000 -0.000000 1.000000
2451545.126710  1.0376745872e+00  1.000000 0.000000 0.000000  -0.000000 -0.000000 1.000000
2451545.127377  1.0446319572e+00  1.000000 0.000000 0.000000  -0.000000 -0.000000 1.000000
2451545.128044  1.0551077022e+00  1.000000 0.000000 0.000000  -0.000000 -0.000000 1.000000
2451545.128711  1.0686748112e+00  1.000000 0.000000 0.000000  -0.000000 -0.000000 1.000000
2451545.129378  1.0787513499e+00  1.000000 0.000000 0.000000  -0.000000 -0.000000 1.000000
2451545.130045  1.0877803861e+00  1.000000 0.000000 0.000000  -0.000000 -0.000000 1.000000
2451545.130712  1.0960814578e+00  1.000000 0.000000 0.000000  -0.000000 -0.000000 1.000000
2451545.131378  1.1064638482e+00  1.000000 0.000000 0.000000  -0.000000 -0.000000 1.000000
2451545.132045  1.1113718820e+00  1.000000 0.000000 0.000000  -0.000000 -0.000000 1.000000
2451545.132712  1.1259584007e+00  1.000000 0.000000 0.000000  -0.000000 -0.000000 1.000000
2451545.133379  1.1296776035e+00  1.000000 0.000000 0.000000  -0.000000 -0.000000 1.000000
2451545.134046  1.1327512475e+00  1.000000 0.000000 0.000000  -0.000000 -0.000000 1.000000
2451545.134713  1.1409468630e+00  1.000000 0.000000 0.000000  -0.000000 -0.000000 1.000000
2451545.135380  1.1446463288e+00  1.000000 0.000000 0.000000  -0.000000 -0.000000 1.000000
2451545.136047  1.1468521203e+00  1.000000 0.000000 0.000000  -0.000000 -0.000000 1.000000
2451545.136714  1.1499348404e+00  1.000000 0.000000 0.000000  -0.000000 -0.000000 1.000000
2451545.137381  1.1490728947e+00  1.000000 0.000000 0.000000  -0.000000 -0.000000 1.000000
2451545.138047  1.1483208712e+00  1.000000 0.000000 0.000000  -0.000000 -0.000000 1.000000
2451545.138714  1.1548574249e+00  1.000000 0.000000 0.000000  -0.000000 -0.000000 1.000000
2451545.139381  1.1555927368e+00  1.000000 0.000000 0.000000  -0.000000 -0.000000 1.000000
2451545.140048  1.1536636957e+00  1.000000 0.000000 0.000000  -0.000000 -0.000000 1.000000
2451545.140715  1.1454541058e+00  1.000000 0.000000 0.000000  -0.000000 -0.000000 1.000000
2451545.141382  1.1430932994e+00  1.000000 0.000000 0.000000  -0.000000 -0.000000 1.000000
2451545.142049  1.1411288181e+00  1.000000 0.000000 0.000000  -0.000000 -0.000000 1.000000
2451545.142716  1.1335724226e+00  1.000000 0.000000 0.000000  -0.000000 -0.000000 1.000000
2451545.143383  1.1290369429e+00  1.000000 0.000000 0.000000  -0.000000 -0.000000 1.000000
2451545.144050  1.1212961431e+00  1.000000 0.000000 0.000000  -0.000000 -0.000000 1.000000
2451545.144716  1.1132213988e+00  1.000000 0.000000 0.000000  -0.000000 -0.000000 1.000000
2451545.145383  1.1061696658e+00  1.000000 0.000000 0.000000  -0.000000 -0.000000 1.000000
2451545.146050  1.0929841870e+00  1.000000 0.000000 0.000000  -0.000000 -0.000000 1.000000
2451545.146717  1.0832856771e+00  1.000000 0.000000 0.000000  -0.000000 -0.000000 1.000000
2451545.147384  1.0733545008e+00  1.000000 0.000000 0.000000  -0.000000 -0.000000 1.000000
2451545.148051  1.0595090566e+00  1.000000 0.000000 0.000000  -0.000000 -0.000000 1.000000
2451545.148718  1.0452427962e+00  1.000000 0.000000 0.000000  -0.000000 -0.000000 1.000000
2451545.149385  1.0354189489e+00  1.000000 0.000000 0.000000  -0.000000 -0.000000 1.000000
2451545.150052  1.0261441365e+00  1.000000 0.000000 0.000000  -0.000000 -0.000000 1.000000
2451545.150718  1.0163058827e+00  1.000000 0.000000 0.000000  -0.000000 -0.000000 1.000000
2451545.151385  1.0078788975e+00  1.000000 0.000000 0.000000  -0.000000 -0.000000 1.000000
2451545.152052  9.9693421824e-01  1.000000 0.000000 0.000000  -0.000000 -0.000000 1.000000
2451545.152719  9.9110834115e-01  1.000000 0.000000 0.000000  -0.000000 -0.000000 1.000000
2451545.153386  9.8585109180e-01  1.000000 0.000000 0.000000  -0.000000 -0.000000 1.000000
2451545.154053  9.8078761095e-01  1.000000 0.000000 0.000000  -0.000000 -0.000000 1.000000
2451545.154720  9.7480239708e-01  1.000000 0.000000 0.000000  -0.000000 -0.000000 1.000000
2451545.155387  9.7024386688e-01  1.000000 0.000000 0.000000  -0.000000 -0.000000 1.000000
2451545.156054  9.6683397334e-01  1.000000 0.000000 0.000000  -0.000000 -0.000000 1.000000
2451545.156721  9.6484759402e-01  1.000000 0.000000 0.000000  -0.000000 -0.000000 1.000000
2451545.157387  9.6288008732e-01  1.000000 0.000000 0.000000  -0.000000 -0.000000 1.000000
2451545.158054  9.5752703420e-01  1.000000 0.000000 0.000000  -0.000000 -0.000000 1.000000
2451545.158721  9.5852569836e-01  1.000000 0.000000 0.000000  -0.000000 -0.000000 1.000000
2451545.159388  9.5800173103e-01  1.000000 0.000000 0.000000  -0.000000 -0.000000 1.000000
2451545.160055  9.6001130494e-01  1.000000 0.000000 0.000000  -0.000000 -0.000000 1.000000
2451545.160722  9.5958069225e-01  1.000000 0.000000 0.000000  -0.000000 -0.000000 1.000000
2451545.161389  9.5735962974e-01  1.000000 0.000000 0.000000  -0.000000 -0.000000 1.000000
2451545.162056  9.5615379895e-01  1.000000 0.000000 0.000000  -0.000000 -0.000000 1.000000
2451545.162723  9.5432762080e-01  1.000000 0.000000 0.000000  -0.000000 -0.000000 1.000000
2451545.163389  9.5679892562e-01  1.000000 0.000000 0.000000  -0.000000 -0.000000 1.000000
2451545.164056  9.5309845135e-01  1.000000 0.000000 0.000000  -0.000000 -0.000000 1.000000
2451545.164723  9.5251599330e-01  1.000000 0.000000 0.000000  -0.000000 -0.000000 1.000000
2451545.165390  9.5088776158e-01  1.000000 0.000000 0.000000  -0.000000 -0.000000 1.000000
2451545.166057  9.5426250306e-01  1.000000 0.000000 0.000000  -0.000000 -0.000000 1.000000
2451545.166724  9.5436695077e-01  1.000000 0.000000 0.000000  -0.000000 -0.000000 1.000000
2451545.167391  9.5259047533e-01  1.000000 0.000000 0.000000  -0.000000 -0.000000 1.000000
2451545.168058  9.4977989554e-01  1.000000 0.000000 0.000000  -0.000000 -0.000000 1.000000
2451545.168725  9.4733048872e-01  1.000000 0.000000 0.000000  -0.000000 -0.000000 1.000000
2451545.169392  9.4899070306e-01  1.000000 0.000000 0.000000  -0.000000 -0.000000 1.000000
2451545.170058  9.4341261915e-01  1.000000 0.000000 0.000000  -0.000000 -0.000000 1.000000
2451545.170725  9.4186088637e-01  1.000000 0.000000 0.000000  -0.000000 -0.000000 1.000000
2451545.171392  9.3964011198e-01  1.000000 0.000000 0.000000  -0.000000 -0.000000 1.000000
2451545.172059  9.3779232397e-01  1.000000 0.000000 0.000000  -0.000000 -0.000000 1.000000
2451545.172726  9.3621537966e-01  1.000000 0.000000 0.000000  -0.000000 -0.000000 1.000000
2451545.173393  9.3071480316e-01  1.000000 0.000000 0.000000  -0.000000 -0.000000 1.000000
2451545.174060  9.2833757331e-01  1.000000 0.000000 0.000000  -0.000000 -0.000000 1.000000
2451545.174727  9.2762343912e-01  1.000000 0.000000 0.000000  -0.000000 -0.000000 1.000000
2451545.175394  9.2396445580e-01  1.000000 0.000000 0.000000  -0.000000 -0.000000 1.000000
2451545.176061  9.2173561373e-01  1.000000 0.000000 0.000000  -0.000000 -0.000000 1.000000
2451545.176727  9.1871008776e-01  1.000000 0.000000 0.000000  -0.000000 -0.000000 1.000000
2451545.177394  9.1862134323e-01  1.000000 0.000000 0.000000  -0.000000 -0.000000 1.000000
2451545.178061  9.1982645368e-01  1.000000 0.000000 0.000000  -0.000000 -0.000000 1.000000
2451545.178728  9.1989589340e-01  1.000000 0.000000 0.000000  -0.000000 -0.000000 1.000000
2451545.179395  9.2279737872e-01  1.000000 0.000000 0.000000  -0.000000 -0.000000 1.000000
2451545.180062  9.2868390751e-01  1.000000 0.000000 0.000000  -0.000000 -0.000000 1.000000
2451545.180729  9.3585305416e-01  1.000000 0.000000 0.000000  -0.000000 -0.000000 1.000000
2451545.181396  9.5028196487e-01  1.000000 0.000000 0.000000  -0.000000 -0.000000 1.000000
2451545.182063  9.5745255218e-01  1.000000 0.000000 0.000000  -0.000000 -0.000000 1.000000
2451545.182729  9.6650204572e-01  1.000000 0.000000 0.000000  -0.000000 -0.000000 1.000000
2451545.183396  9.7715888145e-01  1.000000 0.000000 0.000000  -0.000000 -0.000000 1.000000
2451545.184063  9.8753507699e-01  1.000000 0.000000 0.000000  -0.000000 -0.000000 1.000000
2451545.184730  9.9915888241e-01  1.000000 0.000000 0.000000  -0.000000 -0.000000 1.000000
2451545.185397  1.0095277306e+00  1.000000 0.000000 0.000000  -0.000000 -0.000000 1.000000
2451545.186064  1.0185510042e+00  1.000000 0.000000 0.000000  -0.000000 -0.000000 1.000000
2451545.186731  1.0294291250e+00  1.000000 0.000000 0.000000  -0.000000 -0.000000 1.000000
2451545.187398  1.0451462721e+00  1.000000 0.000000 0.000000  -0.000000 -0.000000 1.000000
2451545.188065  1.0529397999e+00  1.000000 0.000000 0.000000  -0.000000 -0.000000 1.000000
2451545.188732  1.0586690089e+00  1.000000 0.000000 0.000000  -0.000000 -0.000000 1.000000
2451545.189398  1.0686988702e+00  1.000000 0.000000 0.000000  -0.000000 -0.000000 1.000000
2451545.190065  1.0735995567e+00  1.000000 0.000000 0.000000  -0.000000 -0.000000 1.000000
2451545.190732  1.0783082035e+00  1.000000 0.000000 0.000000  -0.000000 -0.000000 1.000000
2451545.191399  1.0857530921e+00  1.000000 0.000000 0.000000  -0.000000 -0.000000 1.000000
2451545.192066  1.0903372660e+00  1.000000 0.000000 0.000000  -0.000000 -0.000000 1.000000
2451545.192733  1.0984091290e+00  1.000000 0.000000 0.000000  -0.000000 -0.000000 1.000000
2451545.193400  1.1023651760e+00  1.000000 0.000000 0.000000  -0.000000 -0.000000 1.000000
2451545.194067  1.1048030576e+00  1.000000 0.000000 0.000000  -0.000000 -0.000000 1.000000
2451545.194734  1.1032300030e+00  1.000000 0.000000 0.000000  -0.000000 -0.000000 1.000000
2451545.195400  1.1055108529e+00  1.000000 0.000000 0.000000  -0.000000 -0.000000 1.000000
2451545.196067  1.1051867048e+00  1.000000 0.000000 0.000000  -0.000000 -0.000000 1.000000
2451545.196734  1.1078431342e+00  1.000000 0.000000 0.000000  -0.000000 -0.000000 1.000000
2451545.197401  1.1090462277e+00  1.000000 0.000000 0.000000  -0.000000 -0.000000 1.000000
2451545.198068  1.1094670439e+00  1.000000 0.000000 0.000000  -0.000000 -0.000000 1.000000
2451545.198735  1.1038284524e+00  1.000000 0.000000 0.000000  -0.000000 -0.000000 1.000000
2451545.199402  1.1027901701e+00  1.000000 0.000000 0.000000  -0.000000 -0.000000 1.000000
2451545.200069  1.0994746397e+00  1.000000 0.000000 0.000000  -0.000000 -0.000000 1.000000
2451545.200736  1.0932491241e+00  1.000000 0.000000 0.000000  -0.000000 -0.000000 1.000000
2451545.201403  1.0907514552e+00  1.000000 0.000000 0.000000  -0.000000 -0.000000 1.000000
2451545.202069  1.0870384472e+00  1.000000 0.000000 0.000000  -0.000000 -0.000000 1.000000
2451545.202736  1.0819182044e+00  1.000000 0.000000 0.000000  -0.000000 -0.000000 1.000000
2451545.203403  1.0755764277e+00  1.000000 0.000000 0.000000  -0.000000 -0.000000 1.000000
2451545.204070  1.0707800448e+00  1.000000 0.000000 0.000000  -0.000000 -0.000000 1.000000
2451545.204737  1.0576377858e+00  1.000000 0.000000 0.000000  -0.000000 -0.000000 1.000000
2451545.205404  1.0497300138e+00  1.000000 0.000000 0.000000  -0.000000 -0.000000 1.000000
2451545.206071  1.0434872103e+00  1.000000 0.000000 0.000000  -0.000000 -0.000000 1.000000
2451545.206738  1.0260976032e+00  1.000000 0.000000 0.000000  -0.000000 -0.000000 1.000000
2451545.207405  1.0176249492e+00  1.000000 0.000000 0.000000  -0.000000 -0.000000 1.000000
2451545.208072  1.0083753482e+00  1.000000 0.000000 0.000000  -0.000000 -0.000000 1.000000
2451545.208738  9.9366810238e-01  1.000000 0.000000 0.000000  -0.000000 -0.000000 1.000000
2451545.209405  9.7927477593e-01  1.000000 0.000000 0.000000  -0.000000 -0.000000 1.000000
2451545.210072  9.6512002245e-01  1.000000 0.000000 0.000000  -0.000000 -0.000000 1.000000
2451545.210739  9.4093958554e-01  1.000000 0.000000 0.000000  -0.000000 -0.000000 1.000000
2451545.211406  9.3156997778e-01  1.000000 0.000000 0.000000  -0.000000 -0.000000 1.000000
2451545.212073  9.2861288307e-01  1.000000 0.000000 0.000000  -0.000000 -0.000000 1.000000
2451545.212740  9.2098892066e-01  1.000000 0.000000 0.000000  -0.000000 -0.000000 1.000000
2451545.213407  9.1845120151e-01  1.000000 0.000000 0.000000  -0.000000 -0.000000 1.000000
2451545.214074  9.1727591267e-01  1.000000 0.000000 0.000000  -0.000000 -0.000000 1.000000
2451545.214740  9.1924471596e-01  1.000000 0.000000 0.000000  -0.000000 -0.000000 1.000000
2451545.215407  9.2009873806e-01  1.000000 0.000000 0.000000  -0.000000 -0.000000 1.000000
2451545.216074  9.1918420833e-01  1.000000 0.000000 0.000000  -0.000000 -0.000000 1.000000
2451545.216741  9.2126884052e-01  1.000000 0.000000 0.000000  -0.000000 -0.000000 1.000000
2451545.217408  9.2326530445e-01  1.000000 0.000000 0.000000  -0.000000 -0.000000 1.000000
2451545.218075  9.2705149787e-01  1.000000 0.000000 0.000000  -0.000000 -0.000000 1.000000
2451545.218742  9.2947353219e-01  1.000000 0.000000 0.000000  -0.000000 -0.000000 1.000000
2451545.219409  9.2952193830e-01  1.000000 0.000000 0.000000  -0.000000 -0.000000 1.000000
2451545.220076  9.3193403207e-01  1.000000 0.000000 0.000000  -0.000000 -0.000000 1.000000
2451545.220743  9.3645020693e-01  1.000000 0.000000 0.000000  -0.000000 -0.000000 1.000000
2451545.221409  9.3622056603e-01  1.000000 0.000000 0.000000  -0.000000 -0.000000 1.000000
2451545.222076  9.3543771245e-01  1.000000 0.000000 0.000000  -0.000000 -0.000000 1.000000
2451545.222743  9.3662625534e-01  1.000000 0.000000 0.000000  -0.000000 -0.000000 1.000000
2451545.223410  9.3526123184e-01  1.000000 0.000000 0.000000  -0.000000 -0.000000 1.000000
2451545.224077  9.4197268143e-01  1.000000 0.000000 0.000000  -0.000000 -0.000000 1.000000
2451545.224744  9.4104950775e-01  1.000000 0.000000 0.000000  -0.000000 -0.000000 1.000000
2451545.225411  9.4273997591e-01  1.000000 0.000000 0.000000  -0.000000 -0.000000 1.000000
2451545.226078  9.3831946075e-01  1.000000 0.000000 0.000000  -0.000000 -0.000000 1.000000
2451545.226745  9.3426372020e-01  1.000000 0.000000 0.000000  -0.000000 -0.000000 1.000000
2451545.227411  9.3545672913e-01  1.000000 0.000000 0.000000  -0.000000 -0.000000 1.000000
2451545.228078  9.3252182055e-01  1.000000 0.000000 0.000000  -0.000000 -0.000000 1.000000
2451545.228745  9.2802278953e-01  1.000000 0.000000 0.000000  -0.000000 -0.000000 1.000000
2451545.229412  9.2848624922e-01  1.000000 0.000000 0.000000  -0.000000 -0.000000 1.000000
2451545.230079  9.2113010515e-01  1.000000 0.000000 0.000000  -0.000000 -0.000000 1.000000
2451545.230746  9.1985469058e-01  1.000000 0.000000 0.000000  -0.000000 -0.000000 1.000000
2451545.231413  9.1649983018e-01  1.000000 0.000000 0.000000  -0.000000 -0.000000 1.000000
2451545.232080  9.0771873123e-01  1.000000 0.000000 0.000000  -0.000000 -0.000000 1.000000
2451545.232747  9.0166580643e-01  1.000000 0.000000 0.000000  -0.000000 -0.000000 1.000000
2451545.233414  8.9518414180e-01  1.000000 0.000000 0.000000  -0.000000 -0.000000 1.000000
2451545.234080  8.8809653639e-01  1.000000 0.000000 0.000000  -0.000000 -0.000000 1.000000
2451545.234747  8.8148233122e-01  1.000000 0.000000 0.000000  -0.000000 -0.000000 1.000000
2451545.235414  8.7742010771e-01  1.000000 0.000000 0.000000  -0.000000 -0.000000 1.000000
2451545.236081  8.7018180947e-01  1.000000 0.000000 0.000000  -0.000000 -0.000000 1.000000
2451545.236748  8.6427799278e-01  1.000000 0.000000 0.000000  -0.000000 -0.000000 1.000000
2451545.237415  8.5957712556e-01  1.000000 0.000000 0.000000  -0.000000 -0.000000 1.000000
2451545.238082  8.4792767644e-01  1.000000 0.000000 0.000000  -0.000000 -0.000000 1.000000
2451545.238749  8.4193468301e-01  1.000000 0.000000 0.000000  -0.000000 -0.000000 1.000000
2451545.239416  8.3914124705e-01  1.000000 0.000000 0.000000  -0.000000 -0.000000 1.000000
360  1
2451545.000000  1.0952661261e+00  1.000000 0.000000 0.000000  -0.000000 -0.000000 -1.000000
2451545.000667  1.0842693010e+00  1.000000 0.000000 0.000000  -0.000000 -0.000000 -1.000000
2451545.001334  1.0795519426e+00  1.000000 0.000000 0.000000  -0.000000 -0.000000 -1.000000
2451545.002001  1.0675833510e+00  1.000000 0.000000 0.000000  -0.000000 -0.000000 -1.000000
2451545.002668  1.0595318193e+00  1.000000 0.000000 0.000000  -0.000000 -0.000000 -1.000000
2451545.003334  1.0487248398e+00  1.000000 0.000000 0.000000  -0.000000 -0.000000 -1.000000
2451545.004001  1.0328872133e+00  1.000000 0.000000 0.000000  -0.000000 -0.000000 -1.000000
2451545.004668  1.0277778541e+00  1.000000 0.000000 0.000000  -0.000000 -0.000000 -1.000000
2451545.005335  1.0156421292e+00  1.000000 0.000000 0.000000  -0.000000 -0.000000 -1.000000
2451545.006002  1.0101745774e+00  1.000000 0.000000 0.000000  -0.000000 -0.000000 -1.000000
2451545.006669  1.0033935371e+00  1.000000 0.000000 0.000000  -0.000000 -0.000000 -1.000000
2451545.007336  1.0006015072e+00  1.000000 0.000000 0.000000  -0.000000 -0.000000 -1.000000
2451545.008003  9.9473987422e-01  1.000000 0.000000 0.000000  -0.000000 -0.000000 -1.000000
2451545.008670  9.9073404647e-01  1.000000 0.000000 0.000000  -0.000000 -0.000000 -1.000000
2451545.009337  9.8763774359e-01  1.000000 0.000000 0.000000  -0.000000 -0.000000 -1.000000
2451545.010003  9.8980926459e-01  1.000000 0.000000 0.000000  -0.000000 -0.000000 -1.000000
2451545.010670  9.8735548921e-01  1.000000 0.000000 0.000000  -0.000000 -0.000000 -1.000000
2451545.011337  9.8853149136e-01  1.000000 0.000000 0.000000  -0.000000 -0.000000 -1.000000
2451545.012004  9.8514097123e-01  1.000000 0.000000 0.000000  -0.000000 -0.000000 -1.000000
2451545.012671  9.8420405310e-01  1.000000 0.000000 0.000000  -0.000000 -0.000000 -1.000000
2451545.013338  9.8475625226e-01  1.000000 0.000000 0.000000  -0.000000 -0.000000 -1.000000
2451545.014005  9.8210326908e-01  1.000000 0.000000 0.000000  -0.000000 -0.000000 -1.000000
2451545.014672  9.8113618372e-01  1.000000 0.000000 0.000000  -0.000000 -0.000000 -1.000000
2451545.015339  9.8167364600e-01  1.000000 0.000000 0.000000  -0.000000 -0.000000 -1.000000
2451545.016006  9.7966700456e-01  1.000000 0.000000 0.000000  -0.000000 -0.000000 -1.000000
2451545.016672  9.8055693808e-01  1.000000 0.000000 0.000000  -0.000000 -0.000000 -1.000000
2451545.017339  9.8014950699e-01  1.000000 0.000000 0.000000  -0.000000 -0.000000 -1.000000
2451545.018006  9.7792198589e-01  1.000000 0.000000 0.000000  -0.000000 -0.000000 -1.000000
2451545.018673  9.7899101571e-01  1.000000 0.000000 0.000000  -0.000000 -0.000000 -1.000000
2451545.019340  9.7934157982e-01  1.000000 0.000000 0.000000  -0.000000 -0.000000 -1.000000
2451545.020007  9.7682625633e-01  1.000000 0.000000 0.000000  -0.000000 -0.000000 -1.000000
2451545.020674  9.7551970286e-01  1.000000 0.000000 0.000000  -0.000000 -0.000000 -1.000000
2451545.021341  9.7239739375e-01  1.000000 0.000000 0.000000  -0.000000 -0.000000 -1.000000
2451545.022008  9.7103709405e-01  1.000000 0.000000 0.000000  -0.000000 -0.000000 -1.000000
2451545.022674  9.7284435432e-01  1.000000 0.000000 0.000000  -0.000000 -0.000000 -1.000000
2451545.023341  9.7200643328e-01  1.000000 0.000000 0.000000  -0.000000 -0.000000 -1.000000
2451545.024008  9.6816669871e-01  1.000000 0.000000 0.000000  -0.000000 -0.000000 -1.000000
2451545.024675  9.6472607322e-01  1.000000 0.000000 0.000000  -0.000000 -0.000000 -1.000000
2451545.025342  9.6678958164e-01  1.000000 0.000000 0.000000  -0.000000 -0.000000 -1.000000
2451545.026009  9.6943649670e-01  1.000000 0.000000 0.000000  -0.000000 -0.000000 -1.000000
2451545.026676  9.6551146166e-01  1.000000 0.000000 0.000000  -0.000000 -0.000000 -1.000000
2451545.027343  9.6431656164e-01  1.000000 0.000000 0.000000  -0.000000 -0.000000 -1.000000
2451545.028010  9.6419363881e-01  1.000000 0.000000 0.000000  -0.000000 -0.000000 -1.000000
2451545.028677  9.6486806729e-01  1.000000 0.000000 0.000000  -0.000000 -0.000000 -1.000000
2451545.029343  9.6511582007e-01  1.000000 0.000000 0.000000  -0.000000 -0.000000 -1.000000
2451545.030010  9.6366241803e-01  1.000000 0.000000 0.000000  -0.000000 -0.000000 -1.000000
2451545.030677  9.6429003527e-01  1.000000 0.000000 0.000000  -0.000000 -0.000000 -1.000000
2451545.031344  9.6461181914e-01  1.000000 0.000000 0.000000  -0.000000 -0.000000 -1.000000
2451545.032011  9.6897844013e-01  1.000000 0.000000 0.000000  -0.000000 -0.000000 -1.000000
2451545.032678  9.7285735744e-01  1.000000 0.000000 0.000000  -0.000000 -0.000000 -1.000000
2451545.033345  9.8261472512e-01  1.000000 0.000000 0.000000  -0.000000 -0.000000 -1.000000
2451545.034012  9.9128399174e-01  1.000000 0.000000 0.000000  -0.000000 -0.000000 -1.000000
2451545.034679  9.9850609783e-01  1.000000 0.000000 0.000000  -0.000000 -0.000000 -1.000000
2451545.035345  1.0087454478e+00  1.000000 0.000000 0.000000  -0.000000 -0.000000 -1.000000
2451545.036012  1.0158149840e+00  1.000000 0.000000 0.000000  -0.000000 -0.000000 -1.000000
2451545.036679  1.0237721997e+00  1.000000 0.000000 0.000000  -0.000000 -0.000000 -1.000000
2451545.037346  1.0369304901e+00  1.000000 0.000000 0.000000  -0.000000 -0.000000 -1.000000
2451545.038013  1.0472343355e+00  1.000000 0.000000 0.000000  -0.000000 -0.000000 -1.000000
2451545.038680  1.0565782040e+00  1.000000 0.000000 0.000000  -0.000000 -0.000000 -1.000000
2451545.039347  1.0663964263e+00  1.000000 0.000000 0.000000  -0.000000 -0.000000 -1.000000
2451545.040014  1.0764611877e+00  1.000000 0.000000 0.000000  -0.000000 -0.000000 -1.000000
2451545.040681  1.0852193957e+00  1.000000 0.000000 0.000000  -0.000000 -0.000000 -1.000000
2451545.041348  1.0977346384e+00  1.000000 0.000000 0.000000  -0.000000 -0.000000 -1.000000
2451545.042014  1.1049244967e+00  1.000000 0.000000 0.000000  -0.000000 -0.000000 -1.000000
2451545.042681  1.1135440047e+00  1.000000 0.000000 0.000000  -0.000000 -0.000000 -1.000000
2451545.043348  1.1252315555e+00  1.000000 0.000000 0.000000  -0.000000 -0.000000 -1.000000
2451545.044015  1.1326124730e+00  1.000000 0.000000 0.000000  -0.000000 -0.000000 -1.000000
2451545.044682  1.1377187115e+00  1.000000 0.000000 0.000000  -0.000000 -0.000000 -1.000000
2451545.045349  1.1454013014e+00  1.000000 0.000000 0.000000  -0.000000 -0.000000 -1.000000
2451545.046016  1.1513986869e+00  1.000000 0.000000 0.000000  -0.000000 -0.000000 -1.000000
2451545.046683  1.1545190889e+00  1.000000 0.000000 0.000000  -0.000000 -0.000000 -1.000000
2451545.047350  1.1625054317e+00  1.000000 0.000000 0.000000  -0.000000 -0.000000 -1.000000
2451545.048017  1.1633606902e+00  1.000000 0.000000 0.000000  -0.000000 -0.000000 -1.000000
2451545.048683  1.1701292475e+00  1.000000 0.000000 0.000000  -0.000000 -0.000000 -1.000000
2451545.049350  1.1714188102e+00  1.000000 0.000000 0.000000  -0.000000 -0.000000 -1.000000
2451545.050017  1.1728488066e+00  1.000000 0.000000 0.000000  -0.000000 -0.000000 -1.000000
2451545.050684  1.1686748052e+00  1.000000 0.000000 0.000000  -0.000000 -0.000000 -1.000000
2451545.051351  1.1704427094e+00  1.000000 0.000000 0.000000  -0.000000 -0.000000 -1.000000
2451545.052018  1.1667232970e+00  1.000000 0.000000 0.000000  -0.000000 -0.000000 -1.000000
2451545.052685  1.1698008754e+00  1.000000 0.000000 0.000000  -0.000000 -0.000000 -1.000000
2451545.053352  1.1666867149e+00  1.000000 0.000000 0.000000  -0.000000 -0.000000 -1.000000
2451545.054019  1.1619620747e+00  1.000000 0.000000 0.000000  -0.000000 -0.000000 -1.000000
2451545.054685  1.1563208012e+00  1.000000 0.000000 0.000000  -0.000000 -0.000000 -1.000000
2451545.055352  1.1502672421e+00  1.000000 0.000000 0.000000  -0.000000 -0.000000 -1.000000
2451545.056019  1.1462551729e+00  1.000000 0.000000 0.000000  -0.000000 -0.000000 -1.000000
2451545.056686  1.1356869307e+00  1.000000 0.000000 0.000000  -0.000000 -0.000000 -1.000000
2451545.057353  1.1265748645e+00  1.000000 0.000000 0.000000  -0.000000 -0.000000 -1.000000
2451545.058020  1.1166685677e+00  1.000000 0.000000 0.000000  -0.000000 -0.000000 -1.000000
2451545.058687  1.1027661522e+00  1.000000 0.000000 0.000000  -0.000000 -0.000000 -1.000000
2451545.059354  1.0930933915e+00  1.000000 0.000000 0.000000  -0.000000 -0.000000 -1.000000
2451545.060021  1.0821243064e+00  1.000000 0.000000 0.000000  -0.000000 -0.000000 -1.000000
2451545.060688  1.0637115421e+00  1.000000 0.000000 0.000000  -0.000000 -0.000000 -1.000000
2451545.061354  1.0502014741e+00  1.000000 0.000000 0.000000  -0.000000 -0.000000 -1.000000
2451545.062021  1.0397639565e+00  1.000000 0.000000 0.000000  -0.000000 -0.000000 -1.000000
2451545.062688  1.0203938159e+00  1.000000 0.000000 0.000000  -0.000000 -0.000000 -1.000000
2451545.063355  1.0105502808e+00  1.000000 0.000000 0.000000  -0.000000 -0.000000 -1.000000
2451545.064022  9.9973983383e-01  1.000000 0.000000 0.000000  -0.000000 -0.000000 -1.000000
2451545.064689  9.8939472513e-01  1.000000 0.000000 0.000000  -0.000000 -0.000000 -1.000000
2451545.065356  9.8324338262e-01  1.000000 0.000000 0.000000  -0.000000 -0.000000 -1.000000
2451545.066023  9.7205151076e-01  1.000000 0.000000 0.000000  -0.000000 -0.000000 -1.000000
2451545.066690  9.5725049299e-01  1.000000 0.000000 0.000000  -0.000000 -0.000000 -1.000000
2451545.067356  9.4770516285e-01  1.000000 0.000000 0.000000  -0.000000 -0.000000 -1.000000
2451545.068023  9.4476195004e-01  1.000000 0.000000 0.000000  -0.000000 -0.000000 -1.000000
2451545.068690  9.4110807339e-01  1.000000 0.000000 0.000000  -0.000000 -0.000000 -1.000000
2451545.069357  9.3628460946e-01  1.000000 0.000000 0.000000  -0.000000 -0.000000 -1.000000
2451545.070024  9.3400889013e-01  1.000000 0.000000 0.000000  -0.000000 -0.000000 -1.000000
2451545.070691  9.3080128056e-01  1.000000 0.000000 0.000000  -0.000000 -0.000000 -1.000000
2451545.071358  9.2952801507e-01  1.000000 0.000000 0.000000  -0.000000 -0.000000 -1.000000
2451545.072025  9.2463884205e-01  1.000000 0.000000 0.000000  -0.000000 -0.000000 -1.000000
2451545.072692  9.2499443403e-01  1.000000 0.000000 0.000000  -0.000000 -0.000000 -1.000000
2451545.073359  9.2337563231e-01  1.000000 0.000000 0.000000  -0.000000 -0.000000 -1.000000
2451545.074025  9.2503916476e-01  1.000000 0.000000 0.000000  -0.000000 -0.000000 -1.000000
2451545.074692  9.2484879909e-01  1.000000 0.000000 0.000000  -0.000000 -0.000000 -1.000000
2451545.075359  9.2505147438e-01  1.000000 0.000000 0.000000  -0.000000 -0.000000 -1.000000
2451545.076026  9.2736256219e-01  1.000000 0.000000 0.000000  -0.000000 -0.000000 -1.000000
2451545.076693  9.2636218885e-01  1.000000 0.000000 0.000000  -0.000000 -0.000000 -1.000000
2451545.077360  9.2810495364e-01  1.000000 0.000000 0.000000  -0.000000 -0.000000 -1.000000
2451545.078027  9.2311088879e-01  1.000000 0.000000 0.000000  -0.000000 -0.000000 -1.000000
2451545.078694  9.2035769490e-01  1.000000 0.000000 0.000000  -0.000000 -0.000000 -1.000000
2451545.079361  9.2218940103e-01  1.000000 0.000000 0.000000  -0.000000 -0.000000 -1.000000
2451545.080028  9.2441241439e-01  1.000000 0.000000 0.000000  -0.000000 -0.000000 -1.000000
2451545.080694  9.2293924761e-01  1.000000 0.000000 0.000000  -0.000000 -0.000000 -1.000000
2451545.081361  9.1996083969e-01  1.000000 0.000000 0.000000  -0.000000 -0.000000 -1.000000
2451545.082028  9.1412781354e-01  1.000000 0.000000 0.000000  -0.000000 -0.000000 -1.000000
2451545.082695  9.0996768210e-01  1.000000 0.000000 0.000000  -0.000000 -0.000000 -1.000000
2451545.083362  9.0848168557e-01  1.000000 0.000000 0.000000  -0.000000 -0.000000 -1.000000
2451545.084029  9.0597572434e-01  1.000000 0.000000 0.000000  -0.000000 -0.000000 -1.000000
2451545.084696  9.0273326640e-01  1.000000 0.000000 0.000000  -0.000000 -0.000000 -1.000000
2451545.085363  8.9769308381e-01  1.000000 0.000000 0.000000  -0.000000 -0.000000 -1.000000
2451545.086030  8.8903248593e-01  1.000000 0.000000 0.000000  -0.000000 -0.000000 -1.000000
2451545.086696  8.8673630836e-01  1.000000 0.000000 0.000000  -0.000000 -0.000000 -1.000000
2451545.087363  8.8125419307e-01  1.000000 0.000000 0.000000  -0.000000 -0.000000 -1.000000
2451545.088030  8.7213813926e-01  1.000000 0.000000 0.000000  -0.000000 -0.000000 -1.000000
2451545.088697  8.6529468402e-01  1.000000 0.000000 0.000000  -0.000000 -0.000000 -1.000000
2451545.089364  8.5982054398e-01  1.000000 0.000000 0.000000  -0.000000 -0.000000 -1.000000
2451545.090031  8.5188829419e-01  1.000000 0.000000 0.000000  -0.000000 -0.000000 -1.000000
2451545.090698  8.4171517342e-01  1.000000 0.000000 0.000000  -0.000000 -0.000000 -1.000000
2451545.091365  8.3204085233e-01  1.000000 0.000000 0.000000  -0.000000 -0.000000 -1.000000
2451545.092032  8.2341562294e-01  1.000000 0.000000 0.000000  -0.000000 -0.000000 -1.000000
2451545.092699  8.1377805734e-01  1.000000 0.000000 0.000000  -0.000000 -0.000000 -1.000000
2451545.093365  8.0515178770e-01  1.000000 0.000000 0.000000  -0.000000 -0.000000 -1.000000
2451545.094032  8.0531840100e-01  1.000000 0.000000 0.000000  -0.000000 -0.000000 -1.000000
2451545.094699  8.1517199177e-01  1.000000 0.000000 0.000000  -0.000000 -0.000000 -1.000000
2451545.095366  8.3243857442e-01  1.000000 0.000000 0.000000  -0.000000 -0.000000 -1.000000
2451545.096033  8.5820919738e-01  1.000000 0.000000 0.000000  -0.000000 -0.000000 -1.000000
2451545.096700  8.7103980908e-01  1.000000 0.000000 0.000000  -0.000000 -0.000000 -1.000000
2451545.097367  8.9081859446e-01  1.000000 0.000000 0.000000  -0.000000 -0.000000 -1.000000
2451545.098034  9.0374594936e-01  1.000000 0.000000 0.000000  -0.000000 -0.000000 -1.000000
2451545.098701  9.1660516792e-01  1.000000 0.000000 0.000000  -0.000000 -0.000000 -1.000000
2451545.099367  9.3442429647e-01  1.000000 0.000000 0.000000  -0.000000 -0.000000 -1.000000
2451545.100034  9.4624655956e-01  1.000000 0.000000 0.000000  -0.000000 -0.000000 -1.000000
2451545.100701  9.5629641075e-01  1.000000 0.000000 0.000000  -0.000000 -0.000000 -1.000000
2451545.101368  9.7043496292e-01  1.000000 0.000000 0.000000  -0.000000 -0.000000 -1.000000
2451545.102035  9.8027953819e-01  1.000000 0.000000 0.000000  -0.000000 -0.000000 -1.000000
2451545.102702  9.8832396156e-01  1.000000 0.000000 0.000000  -0.000000 -0.000000 -1.000000
2451545.103369  1.0005375319e+00  1.000000 0.000000 0.000000  -0.000000 -0.000000 -1.000000
2451545.104036  1.0081746975e+00  1.000000 0.000000 0.000000  -0.000000 -0.000000 -1.000000
2451545.104703  1.0157217082e+00  1.000000 0.000000 0.000000  -0.000000 -0.000000 -1.000000
2451545.105370  1.0249690069e+00  1.000000 0.000000 0.000000  -0.000000 -0.000000 -1.000000
2451545.106036  1.0294894114e+00  1.000000 0.000000 0.000000  -0.000000 -0.000000 -1.000000
2451545.106703  1.0347452724e+00  1.000000 0.000000 0.000000  -0.000000 -0.000000 -1.000000
2451545.107370  1.0442033950e+00  1.000000 0.000000 0.000000  -0.000000 -0.000000 -1.000000
2451545.108037  1.0500296595e+00  1.000000 0.000000 0.000000  -0.000000 -0.000000 -1.000000
2451545.108704  1.0547289870e+00  1.000000 0.000000 0.000000  -0.000000 -0.000000 -1.000000
2451545.109371  1.0578623921e+00  1.000000 0.000000 0.000000  -0.000000 -0.000000 -1.000000
2451545.110038  1.0614221262e+00  1.000000 0.000000 0.000000  -0.000000 -0.000000 -1.000000
2451545.110705  1.0655975146e+00  1.000000 0.000000 0.000000  -0.000000 -0.000000 -1.000000
2451545.111372  1.0741422980e+00  1.000000 0.000000 0.000000  -0.000000 -0.000000 -1.000000
2451545.112039  1.0759082951e+00  1.000000 0.000000 0.000000  -0.000000 -0.000000 -1.000000
2451545.112705  1.0771220929e+00  1.000000 0.000000 0.000000  -0.000000 -0.000000 -1.000000
2451545.113372  1.0796554474e+00  1.000000 0.000000 0.000000  -0.000000 -0.000000 -1.000000
2451545.114039  1.0824466104e+00  1.000000 0.000000 0.000000  -0.000000 -0.000000 -1.000000
2451545.114706  1.0844981560e+00  1.000000 0.000000 0.000000  -0.000000 -0.000000 -1.000000
2451545.115373  1.0847427880e+00  1.000000 0.000000 0.000000  -0.000000 -0.000000 -1.000000
2451545.116040  1.0848417851e+00  1.000000 0.000000 0.000000  -0.000000 -0.000000 -1.000000
2451545.116707  1.0858163255e+00  1.000000 0.000000 0.000000  -0.000000 -0.000000 -1.000000
2451545.117374  1.0821562074e+00  1.000000 0.000000 0.000000  -0.000000 -0.000000 -1.000000
2451545.118041  1.0821442445e+00  1.000000 0.000000 0.000000  -0.000000 -0.000000 -1.000000
2451545.118707  1.0774726570e+00  1.000000 0.000000 0.000000  -0.000000 -0.000000 -1.000000
2451545.119374  1.0737372942e+00  1.000000 0.000000 0.000000  -0.000000 -0.000000 -1.000000
2451545.120041  1.0711455124e+00  1.000000 0.000000 0.000000  -0.000000 -0.000000 -1.000000
2451545.120708  1.0605748429e+00  1.000000 0.000000 0.000000  -0.000000 -0.000000 -1.000000
2451545.121375  1.0559748592e+00  1.000000 0.000000 0.000000  -0.000000 -0.000000 -1.000000
2451545.122042  1.0492095961e+00  1.000000 0.000000 0.000000  -0.000000 -0.000000 -1.000000
2451545.122709  1.0419249017e+00  1.000000 0.000000 0.000000  -0.000000 -0.000000 -1.000000
2451545.123376  1.0388958683e+00  1.000000 0.000000 0.000000  -0.000000 -0.000000 -1.000000
2451545.124043  1.0316928334e+00  1.000000 0.000000 0.000000  -0.000000 -0.000000 -1.000000
2451545.124710  1.0209676869e+00  1.000000 0.000000 0.000000  -0.000000 -0.000000 -1.000000
2451545.125376  1.0135715124e+00  1.000000 0.000000 0.000000  -0.000000 -0.000000 -1.000000
2451545.126043  1.0135604164e+00  1.000000 0.000000 0.000000  -0.000000 -0.000000 -1.000000
2451545.126710  1.0024782908e+00  1.000000 0.000000 0.000000  -0.000000 -0.000000 -1.000000
2451545.127377  9.9939030997e-01  1.000000 0.000000 0.000000  -0.000000 -0.000000 -1.000000
2451545.128044  9.9083391043e-01  1.000000 0.000000 0.000000  -0.000000 -0.000000 -1.000000
2451545.128711  9.8490639495e-01  1.000000 0.000000 0.000000  -0.000000 -0.000000 -1.000000
2451545.129378  9.8302076921e-01  1.000000 0.000000 0.000000  -0.000000 -0.000000 -1.000000
2451545.130045  9.7953818699e-01  1.000000 0.000000 0.000000  -0.000000 -0.000000 -1.000000
2451545.130712  9.7816609779e-01  1.000000 0.000000 0.000000  -0.000000 -0.000000 -1.000000
2451545.131378  9.7559182683e-01  1.000000 0.000000 0.000000  -0.000000 -0.000000 -1.000000
2451545.132045  9.7356836803e-01  1.000000 0.000000 0.000000  -0.000000 -0.000000 -1.000000
2451545.132712  9.7548346750e-01  1.000000 0.000000 0.000000  -0.000000 -0.000000 -1.000000
2451545.133379  9.7364534650e-01  1.000000 0.000000 0.000000  -0.000000 -0.000000 -1.000000
2451545.134046  9.7168048841e-01  1.000000 0.000000 0.000000  -0.000000 -0.000000 -1.000000
2451545.134713  9.7148526824e-01  1.000000 0.000000 0.000000  -0.000000 -0.000000 -1.000000
2451545.135380  9.7182629673e-01  1.000000 0.000000 0.000000  -0.000000 -0.000000 -1.000000
2451545.136047  9.6965720298e-01  1.000000 0.000000 0.000000  -0.000000 -0.000000 -1.000000
2451545.136714  9.6615277552e-01  1.000000 0.000000 0.000000  -0.000000 -0.000000 -1.000000
2451545.137381  9.6238169742e-01  1.000000 0.000000 0.000000  -0.000000 -0.000000 -1.000000
2451545.138047  9.6422484630e-01  1.000000 0.000000 0.000000  -0.000000 -0.000000 -1.000000
2451545.138714  9.6437637599e-01  1.000000 0.000000 0.000000  -0.000000 -0.000000 -1.000000
2451545.139381  9.6146714467e-01  1.000000 0.000000 0.000000  -0.000000 -0.000000 -1.000000
2451545.140048  9.5900920828e-01  1.000000 0.000000 0.000000  -0.000000 -0.000000 -1.000000
2451545.140715  9.5317739576e-01  1.000000 0.000000 0.000000  -0.000000 -0.000000 -1.000000
2451545.141382  9.5006080802e-01  1.000000 0.000000 0.000000  -0.000000 -0.000000 -1.000000
2451545.142049  9.4680222622e-01  1.000000 0.000000 0.000000  -0.000000 -0.000000 -1.000000
2451545.142716  9.4389386177e-01  1.000000 0.000000 0.000000  -0.000000 -0.000000 -1.000000
2451545.143383  9.3926041676e-01  1.000000 0.000000 0.000000  -0.000000 -0.000000 -1.000000
2451545.144050  9.3122171476e-01  1.000000 0.000000 0.000000  -0.000000 -0.000000 -1.000000
2451545.144716  9.2750334264e-01  1.000000 0.000000 0.000000  -0.000000 -0.000000 -1.000000
2451545.145383  9.2444379525e-01  1.000000 0.000000 0.000000  -0.000000 -0.000000 -1.000000
2451545.146050  9.1566998354e-01  1.000000 0.000000 0.000000  -0.000000 -0.000000 -1.000000
2451545.146717  9.0801721414e-01  1.000000 0.000000 0.000000  -0.000000 -0.000000 -1.000000
2451545.147384  9.0549807640e-01  1.000000 0.000000 0.000000  -0.000000 -0.000000 -1.000000
2451545.148051  8.9405429078e-01  1.000000 0.000000 0.000000  -0.000000 -0.000000 -1.000000
2451545.148718  8.8838406369e-01  1.000000 0.000000 0.000000  -0.000000 -0.000000 -1.000000
2451545.149385  8.7941277794e-01  1.000000 0.000000 0.000000  -0.000000 -0.000000 -1.000000
2451545.150052  8.7503696809e-01  1.000000 0.000000 0.000000  -0.000000 -0.000000 -1.000000
2451545.150718  8.6916111833e-01  1.000000 0.000000 0.000000  -0.000000 -0.000000 -1.000000
2451545.151385  8.6398674355e-01  1.000000 0.000000 0.000000  -0.000000 -0.000000 -1.000000
2451545.152052  8.5289300191e-01  1.000000 0.000000 0.000000  -0.000000 -0.000000 -1.000000
2451545.152719  8.4883065392e-01  1.000000 0.000000 0.000000  -0.000000 -0.000000 -1.000000
2451545.153386  8.4631966481e-01  1.000000 0.000000 0.000000  -0.000000 -0.000000 -1.000000
2451545.154053  8.4626193096e-01  1.000000 0.000000 0.000000  -0.000000 -0.000000 -1.000000
2451545.154720  8.4387091730e-01  1.000000 0.000000 0.000000  -0.000000 -0.000000 -1.000000
2451545.155387  8.4383069432e-01  1.000000 0.000000 0.000000  -0.000000 -0.000000 -1.000000
2451545.156054  8.4481789117e-01  1.000000 0.000000 0.000000  -0.000000 -0.000000 -1.000000
2451545.156721  8.4832908025e-01  1.000000 0.000000 0.000000  -0.000000 -0.000000 -1.000000
2451545.157387  8.5558984894e-01  1.000000 0.000000 0.000000  -0.000000 -0.000000 -1.000000
2451545.158054  8.6395865681e-01  1.000000 0.000000 0.000000  -0.000000 -0.000000 -1.000000
2451545.158721  8.7194083859e-01  1.000000 0.000000 0.000000  -0.000000 -0.000000 -1.000000
2451545.159388  8.7837720949e-01  1.000000 0.000000 0.000000  -0.000000 -0.000000 -1.000000
2451545.160055  8.8993403557e-01  1.000000 0.000000 0.000000  -0.000000 -0.000000 -1.000000
2451545.160722  8.9754536837e-01  1.000000 0.000000 0.000000  -0.000000 -0.000000 -1.000000
2451545.161389  9.0531603273e-01  1.000000 0.000000 0.000000  -0.000000 -0.000000 -1.000000
2451545.162056  9.2246211980e-01  1.000000 0.000000 0.000000  -0.000000 -0.000000 -1.000000
2451545.162723  9.3208304141e-01  1.000000 0.000000 0.000000  -0.000000 -0.000000 -1.000000
2451545.163389  9.3947661530e-01  1.000000 0.000000 0.000000  -0.000000 -0.000000 -1.000000
2451545.164056  9.4901587732e-01  1.000000 0.000000 0.000000  -0.000000 -0.000000 -1.000000
2451545.164723  9.5514017335e-01  1.000000 0.000000 0.000000  -0.000000 -0.000000 -1.000000
2451545.165390  9.6693538996e-01  1.000000 0.000000 0.000000  -0.000000 -0.000000 -1.000000
2451545.166057  9.8203045161e-01  1.000000 0.000000 0.000000  -0.000000 -0.000000 -1.000000
2451545.166724  9.9147973204e-01  1.000000 0.000000 0.000000  -0.000000 -0.000000 -1.000000
2451545.167391  9.9739805865e-01  1.000000 0.000000 0.000000  -0.000000 -0.000000 -1.000000
2451545.168058  1.0032302179e+00  1.000000 0.000000 0.000000  -0.000000 -0.000000 -1.000000
2451545.168725  1.0131562794e+00  1.000000 0.000000 0.000000  -0.000000 -0.000000 -1.000000
2451545.169392  1.0218815461e+00  1.000000 0.000000 0.000000  -0.000000 -0.000000 -1.000000
2451545.170058  1.0290469586e+00  1.000000 0.000000 0.000000  -0.000000 -0.000000 -1.000000
2451545.170725  1.0363474302e+00  1.000000 0.000000 0.000000  -0.000000 -0.000000 -1.000000
2451545.171392  1.0444839156e+00  1.000000 0.000000 0.000000  -0.000000 -0.000000 -1.000000
2451545.172059  1.0506108123e+00  1.000000 0.000000 0.000000  -0.000000 -0.000000 -1.000000
2451545.172726  1.0558940665e+00  1.000000 0.000000 0.000000  -0.000000 -0.000000 -1.000000
2451545.173393  1.0625627598e+00  1.000000 0.000000 0.000000  -0.000000 -0.000000 -1.000000
2451545.174060  1.0662079677e+00  1.000000 0.000000 0.000000  -0.000000 -0.000000 -1.000000
2451545.174727  1.0718289563e+00  1.000000 0.000000 0.000000  -0.000000 -0.000000 -1.000000
2451545.175394  1.0774684960e+00  1.000000 0.000000 0.000000  -0.000000 -0.000000 -1.000000
2451545.176061  1.0788473469e+00  1.000000 0.000000 0.000000  -0.000000 -0.000000 -1.000000
2451545.176727  1.0815020638e+00  1.000000 0.000000 0.000000  -0.000000 -0.000000 -1.000000
2451545.177394  1.0873430652e+00  1.000000 0.000000 0.000000  -0.000000 -0.000000 -1.000000
2451545.178061  1.0871589410e+00  1.000000 0.000000 0.000000  -0.000000 -0.000000 -1.000000
2451545.178728  1.0880854566e+00  1.000000 0.000000 0.000000  -0.000000 -0.000000 -1.000000
2451545.179395  1.0834667485e+00  1.000000 0.000000 0.000000  -0.000000 -0.000000 -1.000000
2451545.180062  1.0839967557e+00  1.000000 0.000000 0.000000  -0.000000 -0.000000 -1.000000
2451545.180729  1.0815521691e+00  1.000000 0.000000 0.000000  -0.000000 -0.000000 -1.000000
2451545.181396  1.0821012476e+00  1.000000 0.000000 0.000000  -0.000000 -0.000000 -1.000000
2451545.182063  1.0793152858e+00  1.000000 0.000000 0.000000  -0.000000 -0.000000 -1.000000
2451545.182729  1.0770210154e+00  1.000000 0.000000 0.000000  -0.000000 -0.000000 -1.000000
2451545.183396  1.0727017257e+00  1.000000 0.000000 0.000000  -0.000000 -0.000000 -1.000000
2451545.184063  1.0721086101e+00  1.000000 0.000000 0.000000  -0.000000 -0.000000 -1.000000
2451545.184730  1.0702517646e+00  1.000000 0.000000 0.000000  -0.000000 -0.000000 -1.000000
2451545.185397  1.0686272415e+00  1.000000 0.000000 0.000000  -0.000000 -0.000000 -1.000000
2451545.186064  1.0670318454e+00  1.000000 0.000000 0.000000  -0.000000 -0.000000 -1.000000
2451545.186731  1.0668335045e+00  1.000000 0.000000 0.000000  -0.000000 -0.000000 -1.000000
2451545.187398  1.0665304451e+00  1.000000 0.000000 0.000000  -0.000000 -0.000000 -1.000000
2451545.188065  1.0682687021e+00  1.000000 0.000000 0.000000  -0.000000 -0.000000 -1.000000
2451545.188732  1.0656448459e+00  1.000000 0.000000 0.000000  -0.000000 -0.000000 -1.000000
2451545.189398  1.0687359476e+00  1.000000 0.000000 0.000000  -0.000000 -0.000000 -1.000000
2451545.190065  1.0689277002e+00  1.000000 0.000000 0.000000  -0.000000 -0.000000 -1.000000
2451545.190732  1.0695100666e+00  1.000000 0.000000 0.000000  -0.000000 -0.000000 -1.000000
2451545.191399  1.0649359159e+00  1.000000 0.000000 0.000000  -0.000000 -0.000000 -1.000000
2451545.192066  1.0666948045e+00  1.000000 0.000000 0.000000  -0.000000 -0.000000 -1.000000
2451545.192733  1.0674909422e+00  1.000000 0.000000 0.000000  -0.000000 -0.000000 -1.000000
2451545.193400  1.0647030733e+00  1.000000 0.000000 0.000000  -0.000000 -0.000000 -1.000000
2451545.194067  1.0653006967e+00  1.000000 0.000000 0.000000  -0.000000 -0.000000 -1.000000
2451545.194734  1.0611516613e+00  1.000000 0.000000 0.000000  -0.000000 -0.000000 -1.000000
2451545.195400  1.0608486019e+00  1.000000 0.000000 0.000000  -0.000000 -0.000000 -1.000000
2451545.196067  1.0576037167e+00  1.000000 0.000000 0.000000  -0.000000 -0.000000 -1.000000
2451545.196734  1.0529666308e+00  1.000000 0.000000 0.000000  -0.000000 -0.000000 -1.000000
2451545.197401  1.0520248582e+00  1.000000 0.000000 0.000000  -0.000000 -0.000000 -1.000000
2451545.198068  1.0488059793e+00  1.000000 0.000000 0.000000  -0.000000 -0.000000 -1.000000
2451545.198735  1.0450929818e+00  1.000000 0.000000 0.000000  -0.000000 -0.000000 -1.000000
2451545.199402  1.0419377314e+00  1.000000 0.000000 0.000000  -0.000000 -0.000000 -1.000000
2451545.200069  1.0395448106e+00  1.000000 0.000000 0.000000  -0.000000 -0.000000 -1.000000
2451545.200736  1.0327032625e+00  1.000000 0.000000 0.000000  -0.000000 -0.000000 -1.000000
2451545.201403  1.0300079758e+00  1.000000 0.000000 0.000000  -0.000000 -0.000000 -1.000000
2451545.202069  1.0225759127e+00  1.000000 0.000000 0.000000  -0.000000 -0.000000 -1.000000
2451545.202736  1.0104736491e+00  1.000000 0.000000 0.000000  -0.000000 -0.000000 -1.000000
2451545.203403  1.0071250857e+00  1.000000 0.000000 0.000000  -0.000000 -0.000000 -1.000000
2451545.204070  1.0030552826e+00  1.000000 0.000000 0.000000  -0.000000 -0.000000 -1.000000
2451545.204737  9.9559998725e-01  1.000000 0.000000 0.000000  -0.000000 -0.000000 -1.000000
2451545.205404  9.8829587483e-01  1.000000 0.000000 0.000000  -0.000000 -0.000000 -1.000000
2451545.206071  9.8087421420e-01  1.000000 0.000000 0.000000  -0.000000 -0.000000 -1.000000
2451545.206738  9.6572245895e-01  1.000000 0.000000 0.000000  -0.000000 -0.000000 -1.000000
2451545.207405  9.5769728019e-01  1.000000 0.000000 0.000000  -0.000000 -0.000000 -1.000000
2451545.208072  9.4686048019e-01  1.000000 0.000000 0.000000  -0.000000 -0.000000 -1.000000
2451545.208738  9.3697394819e-01  1.000000 0.000000 0.000000  -0.000000 -0.000000 -1.000000
2451545.209405  9.2772214180e-01  1.000000 0.000000 0.000000  -0.000000 -0.000000 -1.000000
2451545.210072  9.1734062437e-01  1.000000 0.000000 0.000000  -0.000000 -0.000000 -1.000000
2451545.210739  9.0086272428e-01  1.000000 0.000000 0.000000  -0.000000 -0.000000 -1.000000
2451545.211406  8.8798755523e-01  1.000000 0.000000 0.000000  -0.000000 -0.000000 -1.000000
2451545.212073  8.7829034865e-01  1.000000 0.000000 0.000000  -0.000000 -0.000000 -1.000000
2451545.212740  8.6224657938e-01  1.000000 0.000000 0.000000  -0.000000 -0.000000 -1.000000
2451545.213407  8.5025354197e-01  1.000000 0.000000 0.000000  -0.000000 -0.000000 -1.000000
2451545.214074  8.4430175400e-01  1.000000 0.000000 0.000000  -0.000000 -0.000000 -1.000000
2451545.214740  8.5154587870e-01  1.000000 0.000000 0.000000  -0.000000 -0.000000 -1.000000
2451545.215407  8.6402089841e-01  1.000000 0.000000 0.000000  -0.000000 -0.000000 -1.000000
2451545.216074  8.8275718034e-01  1.000000 0.000000 0.000000  -0.000000 -0.000000 -1.000000
2451545.216741  8.9681337941e-01  1.000000 0.000000 0.000000  -0.000000 -0.000000 -1.000000
2451545.217408  9.0772802475e-01  1.000000 0.000000 0.000000  -0.000000 -0.000000 -1.000000
2451545.218075  9.2458526919e-01  1.000000 0.000000 0.000000  -0.000000 -0.000000 -1.000000
2451545.218742  9.3789664956e-01  1.000000 0.000000 0.000000  -0.000000 -0.000000 -1.000000
2451545.219409  9.5023903745e-01  1.000000 0.000000 0.000000  -0.000000 -0.000000 -1.000000
2451545.220076  9.7107766378e-01  1.000000 0.000000 0.000000  -0.000000 -0.000000 -1.000000
2451545.220743  9.8056335295e-01  1.000000 0.000000 0.000000  -0.000000 -0.000000 -1.000000
2451545.221409  9.9336241040e-01  1.000000 0.000000 0.000000  -0.000000 -0.000000 -1.000000
2451545.222076  1.0058306685e+00  1.000000 0.000000 0.000000  -0.000000 -0.000000 -1.000000
2451545.222743  1.0150217937e+00  1.000000 0.000000 0.000000  -0.000000 -0.000000 -1.000000
2451545.223410  1.0277265351e+00  1.000000 0.000000 0.000000  -0.000000 -0.000000 -1.000000
2451545.224077  1.0392072496e+00  1.000000 0.000000 0.000000  -0.000000 -0.000000 -1.000000
2451545.224744  1.0501841366e+00  1.000000 0.000000 0.000000  -0.000000 -0.000000 -1.000000
2451545.225411  1.0574828744e+00  1.000000 0.000000 0.000000  -0.000000 -0.000000 -1.000000
2451545.226078  1.0696569152e+00  1.000000 0.000000 0.000000  -0.000000 -0.000000 -1.000000
2451545.226745  1.0772448424e+00  1.000000 0.000000 0.000000  -0.000000 -0.000000 -1.000000
2451545.227411  1.0826312547e+00  1.000000 0.000000 0.000000  -0.000000 -0.000000 -1.000000
2451545.228078  1.0927816634e+00  1.000000 0.000000 0.000000  -0.000000 -0.000000 -1.000000
2451545.228745  1.0982308374e+00  1.000000 0.000000 0.000000  -0.000000 -0.000000 -1.000000
2451545.229412  1.1034246302e+00  1.000000 0.000000 0.000000  -0.000000 -0.000000 -1.000000
2451545.230079  1.1093504119e+00  1.000000 0.000000 0.000000  -0.000000 -0.000000 -1.000000
2451545.230746  1.1140707178e+00  1.000000 0.000000 0.000000  -0.000000 -0.000000 -1.000000
2451545.231413  1.1180510594e+00  1.000000 0.000000 0.000000  -0.000000 -0.000000 -1.000000
2451545.232080  1.1225194515e+00  1.000000 0.000000 0.000000  -0.000000 -0.000000 -1.000000
2451545.232747  1.1249212144e+00  1.000000 0.000000 0.000000  -0.000000 -0.000000 -1.000000
2451545.233414  1.1286583110e+00  1.000000 0.000000 0.000000  -0.000000 -0.000000 -1.000000
2451545.234080  1.1257234202e+00  1.000000 0.000000 0.000000  -0.000000 -0.000000 -1.000000
2451545.234747  1.1243412752e+00  1.000000 0.000000 0.000000  -0.000000 -0.000000 -1.000000
2451545.235414  1.1223620270e+00  1.000000 0.000000 0.000000  -0.000000 -0.000000 -1.000000
2451545.236081  1.1240259062e+00  1.000000 0.000000 0.000000  -0.000000 -0.000000 -1.000000
2451545.236748  1.1244205076e+00  1.000000 0.000000 0.000000  -0.000000 -0.000000 -1.000000
2451545.237415  1.1197764867e+00  1.000000 0.000000 0.000000  -0.000000 -0.000000 -1.000000
2451545.238082  1.1105401107e+00  1.000000 0.000000 0.000000  -0.000000 -0.000000 -1.000000
2451545.238749  1.1053421569e+00  1.000000 0.000000 0.000000  -0.000000 -0.000000 -1.000000
2451545.239416  1.0977762483e+00  1.000000 0.000000 0.000000  -0.000000 -0.000000 -1.000000
360  1
2451545.000000  9.2047305822e-01  1.000000 0.000000 0.000000  0.707107 -0.707107 0.000000
2451545.000667  9.2141130961e-01  1.000000 0.000000 0.000000  0.707107 -0.707107 0.000000
2451545.001334  9.2560577577e-01  1.000000 0.000000 0.000000  0.707107 -0.707107 0.000000
2451545.002001  9.3361671649e-01  1.000000 0.000000 0.000000  0.707107 -0.707107 0.000000
2451545.002668  9.3829530593e-01  1.000000 0.000000 0.000000  0.707107 -0.707107 0.000000
2451545.003334  9.4370139299e-01  1.000000 0.000000 0.000000  0.707107 -0.707107 0.000000
2451545.004001  9.4988020014e-01  1.000000 0.000000 0.000000  0.707107 -0.707107 0.000000
2451545.004668  9.6181735704e-01  1.000000 0.000000 0.000000  0.707107 -0.707107 0.000000
2451545.005335  9.6215393299e-01  1.000000 0.000000 0.000000  0.707107 -0.707107 0.000000
2451545.006002  9.6527874661e-01  1.000000 0.000000 0.000000  0.707107 -0.707107 0.000000
2451545.006669  9.6869386355e-01  1.000000 0.000000 0.000000  0.707107 -0.707107 0.000000
2451545.007336  9.7323416018e-01  1.000000 0.000000 0.000000  0.707107 -0.707107 0.000000
2451545.008003  9.8047179010e-01  1.000000 0.000000 0.000000  0.707107 -0.707107 0.000000
2451545.008670  9.8342096463e-01  1.000000 0.000000 0.000000  0.707107 -0.707107 0.000000
2451545.009337  9.8778391567e-01  1.000000 0.000000 0.000000  0.707107 -0.707107 0.000000
2451545.010003  9.9110025203e-01  1.000000 0.000000 0.000000  0.707107 -0.707107 0.000000
2451545.010670  9.9510785553e-01  1.000000 0.000000 0.000000  0.707107 -0.707107 0.000000
2451545.011337  9.9758898734e-01  1.000000 0.000000 0.000000  0.707107 -0.707107 0.000000
2451545.012004  1.0000058626e+00  1.000000 0.000000 0.000000  0.707107 -0.707107 0.000000
2451545.012671  1.0028086712e+00  1.000000 0.000000 0.000000  0.707107 -0.707107 0.000000
2451545.013338  1.0034517623e+00  1.000000 0.000000 0.000000  0.707107 -0.707107 0.000000
2451545.014005  1.0086150657e+00  1.000000 0.000000 0.000000  0.707107 -0.707107 0.000000
2451545.014672  1.0087712769e+00  1.000000 0.000000 0.000000  0.707107 -0.707107 0.000000
2451545.015339  1.0121789114e+00  1.000000 0.000000 0.000000  0.707107 -0.707107 0.000000
2451545.016006  1.0114583711e+00  1.000000 0.000000 0.000000  0.707107 -0.707107 0.000000
2451545.016672  1.0103267592e+00  1.000000 0.000000 0.000000  0.707107 -0.707107 0.000000
2451545.017339  1.0128018526e+00  1.000000 0.000000 0.000000  0.707107 -0.707107 0.000000
2451545.018006  1.0110406047e+00  1.000000 0.000000 0.000000  0.707107 -0.707107 0.000000
2451545.018673  1.0107075731e+00  1.000000 0.000000 0.000000  0.707107 -0.707107 0.000000
2451545.019340  1.0110041773e+00  1.000000 0.000000 0.000000  0.707107 -0.707107 0.000000
2451545.020007  1.0108977175e+00  1.000000 0.000000 0.000000  0.707107 -0.707107 0.000000
2451545.020674  1.0096605646e+00  1.000000 0.000000 0.000000  0.707107 -0.707107 0.000000
2451545.021341  1.0099231700e+00  1.000000 0.000000 0.000000  0.707107 -0.707107 0.000000
2451545.022008  1.0067497865e+00  1.000000 0.000000 0.000000  0.707107 -0.707107 0.000000
2451545.022674  1.0039121257e+00  1.000000 0.000000 0.000000  0.707107 -0.707107 0.000000
2451545.023341  1.0025914196e+00  1.000000 0.000000 0.000000  0.707107 -0.707107 0.000000
2451545.024008  1.0012963766e+00  1.000000 0.000000 0.000000  0.707107 -0.707107 0.000000
2451545.024675  9.9856734169e-01  1.000000 0.000000 0.000000  0.707107 -0.707107 0.000000
2451545.025342  9.9650161338e-01  1.000000 0.000000 0.000000  0.707107 -0.707107 0.000000
2451545.026009  9.9468536345e-01  1.000000 0.000000 0.000000  0.707107 -0.707107 0.000000
2451545.026676  9.9152202212e-01  1.000000 0.000000 0.000000  0.707107 -0.707107 0.000000
2451545.027343  9.8763899373e-01  1.000000 0.000000 0.000000  0.707107 -0.707107 0.000000
2451545.028010  9.8529884576e-01  1.000000 0.000000 0.000000  0.707107 -0.707107 0.000000
2451545.028677  9.8223402247e-01  1.000000 0.000000 0.000000  0.707107 -0.707107 0.000000
2451545.029343  9.8166542703e-01  1.000000 0.000000 0.000000  0.707107 -0.707107 0.000000
2451545.030010  9.7836064241e-01  1.000000 0.000000 0.000000  0.707107 -0.707107 0.000000
2451545.030677  9.7682176573e-01  1.000000 0.000000 0.000000  0.707107 -0.707107 0.000000
2451545.031344  9.7636757198e-01  1.000000 0.000000 0.000000  0.707107 -0.707107 0.000000
2451545.032011  9.8021778290e-01  1.000000 0.000000 0.000000  0.707107 -0.707107 0.000000
2451545.032678  9.8422249846e-01  1.000000 0.000000 0.000000  0.707107 -0.707107 0.000000
2451545.033345  9.8768900755e-01  1.000000 0.000000 0.000000  0.707107 -0.707107 0.000000
2451545.034012  9.9150863260e-01  1.000000 0.000000 0.000000  0.707107 -0.707107 0.000000
2451545.034679  9.9612519702e-01  1.000000 0.000000 0.000000  0.707107 -0.707107 0.000000
2451545.035345  1.0051288005e+00  1.000000 0.000000 0.000000  0.707107 -0.707107 0.000000
2451545.036012  1.0081361276e+00  1.000000 0.000000 0.000000  0.707107 -0.707107 0.000000
2451545.036679  1.0139112143e+00  1.000000 0.000000 0.000000  0.707107 -0.707107 0.000000
2451545.037346  1.0164986090e+00  1.000000 0.000000 0.000000  0.707107 -0.707107 0.000000
2451545.038013  1.0206568447e+00  1.000000 0.000000 0.000000  0.707107 -0.707107 0.000000
2451545.038680  1.0238555633e+00  1.000000 0.000000 0.000000  0.707107 -0.707107 0.000000
2451545.039347  1.0277169321e+00  1.000000 0.000000 0.000000  0.707107 -0.707107 0.000000
2451545.040014  1.0310728464e+00  1.000000 0.000000 0.000000  0.707107 -0.707107 0.000000
2451545.040681  1.0325622343e+00  1.000000 0.000000 0.000000  0.707107 -0.707107 0.000000
2451545.041348  1.0385689466e+00  1.000000 0.000000 0.000000  0.707107 -0.707107 0.000000
2451545.042014  1.0394380188e+00  1.000000 0.000000 0.000000  0.707107 -0.707107 0.000000
2451545.042681  1.0415353175e+00  1.000000 0.000000 0.000000  0.707107 -0.707107 0.000000
2451545.043348  1.0423416427e+00  1.000000 0.000000 0.000000  0.707107 -0.707107 0.000000
2451545.044015  1.0424213235e+00  1.000000 0.000000 0.000000  0.707107 -0.707107 0.000000
2451545.044682  1.0440886478e+00  1.000000 0.000000 0.000000  0.707107 -0.707107 0.000000
2451545.045349  1.0452264950e+00  1.000000 0.000000 0.000000  0.707107 -0.707107 0.000000
2451545.046016  1.0434618998e+00  1.000000 0.000000 0.000000  0.707107 -0.707107 0.000000
2451545.046683  1.0438369378e+00  1.000000 0.000000 0.000000  0.707107 -0.707107 0.000000
2451545.047350  1.0437264086e+00  1.000000 0.000000 0.000000  0.707107 -0.707107 0.000000
2451545.048017  1.0421071947e+00  1.000000 0.000000 0.000000  0.707107 -0.707107 0.000000
2451545.048683  1.0390522823e+00  1.000000 0.000000 0.000000  0.707107 -0.707107 0.000000
2451545.049350  1.0384878219e+00  1.000000 0.000000 0.000000  0.707107 -0.707107 0.000000
2451545.050017  1.0350310924e+00  1.000000 0.000000 0.000000  0.707107 -0.707107 0.000000
2451545.050684  1.0334492248e+00  1.000000 0.000000 0.000000  0.707107 -0.707107 0.000000
2451545.051351  1.0315328160e+00  1.000000 0.000000 0.000000  0.707107 -0.707107 0.000000
2451545.052018  1.0297625761e+00  1.000000 0.000000 0.000000  0.707107 -0.707107 0.000000
2451545.052685  1.0242974176e+00  1.000000 0.000000 0.000000  0.707107 -0.707107 0.000000
2451545.053352  1.0216640128e+00  1.000000 0.000000 0.000000  0.707107 -0.707107 0.000000
2451545.054019  1.0177982464e+00  1.000000 0.000000 0.000000  0.707107 -0.707107 0.000000
2451545.054685  1.0097637427e+00  1.000000 0.000000 0.000000  0.707107 -0.707107 0.000000
2451545.055352  1.0071485844e+00  1.000000 0.000000 0.000000  0.707107 -0.707107 0.000000
2451545.056019  1.0036264825e+00  1.000000 0.000000 0.000000  0.707107 -0.707107 0.000000
2451545.056686  9.9797859632e-01  1.000000 0.000000 0.000000  0.707107 -0.707107 0.000000
2451545.057353  9.9459098042e-01  1.000000 0.000000 0.000000  0.707107 -0.707107 0.000000
2451545.058020  9.9048210221e-01  1.000000 0.000000 0.000000  0.707107 -0.707107 0.000000
2451545.058687  9.8519212336e-01  1.000000 0.000000 0.000000  0.707107 -0.707107 0.000000
2451545.059354  9.8219063778e-01  1.000000 0.000000 0.000000  0.707107 -0.707107 0.000000
2451545.060021  9.7772024235e-01  1.000000 0.000000 0.000000  0.707107 -0.707107 0.000000
2451545.060688  9.7403162464e-01  1.000000 0.000000 0.000000  0.707107 -0.707107 0.000000
2451545.061354  9.7148302011e-01  1.000000 0.000000 0.000000  0.707107 -0.707107 0.000000
2451545.062021  9.7120033045e-01  1.000000 0.000000 0.000000  0.707107 -0.707107 0.000000
2451545.062688  9.7140169843e-01  1.000000 0.000000 0.000000  0.707107 -0.707107 0.000000
2451545.063355  9.7040365361e-01  1.000000 0.000000 0.000000  0.707107 -0.707107 0.000000
2451545.064022  9.7085902879e-01  1.000000 0.000000 0.000000  0.707107 -0.707107 0.000000
2451545.064689  9.6914411920e-01  1.000000 0.000000 0.000000  0.707107 -0.707107 0.000000
2451545.065356  9.6897878480e-01  1.000000 0.000000 0.000000  0.707107 -0.707107 0.000000
2451545.066023  9.6976259720e-01  1.000000 0.000000 0.000000  0.707107 -0.707107 0.000000
2451545.066690  9.7201400674e-01  1.000000 0.000000 0.000000  0.707107 -0.707107 0.000000
2451545.067356  9.7270402681e-01  1.000000 0.000000 0.000000  0.707107 -0.707107 0.000000
2451545.068023  9.7259868274e-01  1.000000 0.000000 0.000000  0.707107 -0.707107 0.000000
2451545.068690  9.7626255608e-01  1.000000 0.000000 0.000000  0.707107 -0.707107 0.000000
2451545.069357  9.7619501773e-01  1.000000 0.000000 0.000000  0.707107 -0.707107 0.000000
2451545.070024  9.7845187497e-01  1.000000 0.000000 0.000000  0.707107 -0.707107 0.000000
2451545.070691  9.7841085314e-01  1.000000 0.000000 0.000000  0.707107 -0.707107 0.000000
2451545.071358  9.7854547039e-01  1.000000 0.000000 0.000000  0.707107 -0.707107 0.000000
2451545.072025  9.8162204234e-01  1.000000 0.000000 0.000000  0.707107 -0.707107 0.000000
2451545.072692  9.8236575178e-01  1.000000 0.000000 0.000000  0.707107 -0.707107 0.000000
2451545.073359  9.8434740174e-01  1.000000 0.000000 0.000000  0.707107 -0.707107 0.000000
2451545.074025  9.8393462364e-01  1.000000 0.000000 0.000000  0.707107 -0.707107 0.000000
2451545.074692  9.8510128461e-01  1.000000 0.000000 0.000000  0.707107 -0.707107 0.000000
2451545.075359  9.8659946763e-01  1.000000 0.000000 0.000000  0.707107 -0.707107 0.000000
2451545.076026  9.8548820255e-01  1.000000 0.000000 0.000000  0.707107 -0.707107 0.000000
2451545.076693  9.8671839814e-01  1.000000 0.000000 0.000000  0.707107 -0.707107 0.000000
2451545.077360  9.8744523941e-01  1.000000 0.000000 0.000000  0.707107 -0.707107 0.000000
2451545.078027  9.8948392612e-01  1.000000 0.000000 0.000000  0.707107 -0.707107 0.000000
2451545.078694  9.8908079635e-01  1.000000 0.000000 0.000000  0.707107 -0.707107 0.000000
2451545.079361  9.8815291528e-01  1.000000 0.000000 0.000000  0.707107 -0.707107 0.000000
2451545.080028  9.8618445794e-01  1.000000 0.000000 0.000000  0.707107 -0.707107 0.000000
2451545.080694  9.8590373732e-01  1.000000 0.000000 0.000000  0.707107 -0.707107 0.000000
2451545.081361  9.8674931219e-01  1.000000 0.000000 0.000000  0.707107 -0.707107 0.000000
2451545.082028  9.8459123553e-01  1.000000 0.000000 0.000000  0.707107 -0.707107 0.000000
2451545.082695  9.8531098822e-01  1.000000 0.000000 0.000000  0.707107 -0.707107 0.000000
2451545.083362  9.8319465538e-01  1.000000 0.000000 0.000000  0.707107 -0.707107 0.000000
2451545.084029  9.8382580091e-01  1.000000 0.000000 0.000000  0.707107 -0.707107 0.000000
2451545.084696  9.8206205894e-01  1.000000 0.000000 0.000000  0.707107 -0.707107 0.000000
2451545.085363  9.8120237256e-01  1.000000 0.000000 0.000000  0.707107 -0.707107 0.000000
2451545.086030  9.8057450877e-01  1.000000 0.000000 0.000000  0.707107 -0.707107 0.000000
2451545.086696  9.7982751758e-01  1.000000 0.000000 0.000000  0.707107 -0.707107 0.000000
2451545.087363  9.7830045518e-01  1.000000 0.000000 0.000000  0.707107 -0.707107 0.000000
2451545.088030  9.7952900989e-01  1.000000 0.000000 0.000000  0.707107 -0.707107 0.000000
2451545.088697  9.7741976562e-01  1.000000 0.000000 0.000000  0.707107 -0.707107 0.000000
2451545.089364  9.7912771790e-01  1.000000 0.000000 0.000000  0.707107 -0.707107 0.000000
2451545.090031  9.8422157957e-01  1.000000 0.000000 0.000000  0.707107 -0.707107 0.000000
2451545.090698  9.8552522065e-01  1.000000 0.000000 0.000000  0.707107 -0.707107 0.000000
2451545.091365  9.8890292568e-01  1.000000 0.000000 0.000000  0.707107 -0.707107 0.000000
2451545.092032  9.9094830716e-01  1.000000 0.000000 0.000000  0.707107 -0.707107 0.000000
2451545.092699  9.9520381380e-01  1.000000 0.000000 0.000000  0.707107 -0.707107 0.000000
2451545.093365  9.9773134952e-01  1.000000 0.000000 0.000000  0.707107 -0.707107 0.000000
2451545.094032  1.0053667271e+00  1.000000 0.000000 0.000000  0.707107 -0.707107 0.000000
2451545.094699  1.0098915996e+00  1.000000 0.000000 0.000000  0.707107 -0.707107 0.000000
2451545.095366  1.0119621849e+00  1.000000 0.000000 0.000000  0.707107 -0.707107 0.000000
2451545.096033  1.0182702928e+00  1.000000 0.000000 0.000000  0.707107 -0.707107 0.000000
2451545.096700  1.0215240135e+00  1.000000 0.000000 0.000000  0.707107 -0.707107 0.000000
2451545.097367  1.0255912135e+00  1.000000 0.000000 0.000000  0.707107 -0.707107 0.000000
2451545.098034  1.0284952312e+00  1.000000 0.000000 0.000000  0.707107 -0.707107 0.000000
2451545.098701  1.0302651428e+00  1.000000 0.000000 0.000000  0.707107 -0.707107 0.000000
2451545.099367  1.0366594951e+00  1.000000 0.000000 0.000000  0.707107 -0.707107 0.000000
2451545.100034  1.0386711402e+00  1.000000 0.000000 0.000000  0.707107 -0.707107 0.000000
2451545.100701  1.0415389931e+00  1.000000 0.000000 0.000000  0.707107 -0.707107 0.000000
2451545.101368  1.0431055021e+00  1.000000 0.000000 0.000000  0.707107 -0.707107 0.000000
2451545.102035  1.0439479921e+00  1.000000 0.000000 0.000000  0.707107 -0.707107 0.000000
2451545.102702  1.0445675203e+00  1.000000 0.000000 0.000000  0.707107 -0.707107 0.000000
2451545.103369  1.0461802362e+00  1.000000 0.000000 0.000000  0.707107 -0.707107 0.000000
2451545.104036  1.0467443685e+00  1.000000 0.000000 0.000000  0.707107 -0.707107 0.000000
2451545.104703  1.0475990010e+00  1.000000 0.000000 0.000000  0.707107 -0.707107 0.000000
2451545.105370  1.0478341710e+00  1.000000 0.000000 0.000000  0.707107 -0.707107 0.000000
2451545.106036  1.0480319290e+00  1.000000 0.000000 0.000000  0.707107 -0.707107 0.000000
2451545.106703  1.0489852108e+00  1.000000 0.000000 0.000000  0.707107 -0.707107 0.000000
2451545.107370  1.0456514812e+00  1.000000 0.000000 0.000000  0.707107 -0.707107 0.000000
2451545.108037  1.0446676135e+00  1.000000 0.000000 0.000000  0.707107 -0.707107 0.000000
2451545.108704  1.0432488488e+00  1.000000 0.000000 0.000000  0.707107 -0.707107 0.000000
2451545.109371  1.0414962647e+00  1.000000 0.000000 0.000000  0.707107 -0.707107 0.000000
2451545.110038  1.0387959779e+00  1.000000 0.000000 0.000000  0.707107 -0.707107 0.000000
2451545.110705  1.0361381568e+00  1.000000 0.000000 0.000000  0.707107 -0.707107 0.000000
2451545.111372  1.0339610460e+00  1.000000 0.000000 0.000000  0.707107 -0.707107 0.000000
2451545.112039  1.0298034667e+00  1.000000 0.000000 0.000000  0.707107 -0.707107 0.000000
2451545.112705  1.0272641823e+00  1.000000 0.000000 0.000000  0.707107 -0.707107 0.000000
2451545.113372  1.0215721895e+00  1.000000 0.000000 0.000000  0.707107 -0.707107 0.000000
2451545.114039  1.0183679576e+00  1.000000 0.000000 0.000000  0.707107 -0.707107 0.000000
2451545.114706  1.0143049582e+00  1.000000 0.000000 0.000000  0.707107 -0.707107 0.000000
2451545.115373  1.0084985637e+00  1.000000 0.000000 0.000000  0.707107 -0.707107 0.000000
2451545.116040  1.0044872190e+00  1.000000 0.000000 0.000000  0.707107 -0.707107 0.000000
2451545.116707  1.0011576900e+00  1.000000 0.000000 0.000000  0.707107 -0.707107 0.000000
2451545.117374  9.9382482382e-01  1.000000 0.000000 0.000000  0.707107 -0.707107 0.000000
2451545.118041  9.8841716152e-01  1.000000 0.000000 0.000000  0.707107 -0.707107 0.000000
2451545.118707  9.8436505754e-01  1.000000 0.000000 0.000000  0.707107 -0.707107 0.000000
2451545.119374  9.7540490439e-01  1.000000 0.000000 0.000000  0.707107 -0.707107 0.000000
2451545.120041  9.7396087018e-01  1.000000 0.000000 0.000000  0.707107 -0.707107 0.000000
2451545.120708  9.7747699928e-01  1.000000 0.000000 0.000000  0.707107 -0.707107 0.000000
2451545.121375  9.8072297500e-01  1.000000 0.000000 0.000000  0.707107 -0.707107 0.000000
2451545.122042  9.8367799104e-01  1.000000 0.000000 0.000000  0.707107 -0.707107 0.000000
2451545.122709  9.8645539895e-01  1.000000 0.000000 0.000000  0.707107 -0.707107 0.000000
2451545.123376  9.8999646933e-01  1.000000 0.000000 0.000000  0.707107 -0.707107 0.000000
2451545.124043  9.9163570183e-01  1.000000 0.000000 0.000000  0.707107 -0.707107 0.000000
2451545.124710  9.9627878277e-01  1.000000 0.000000 0.000000  0.707107 -0.707107 0.000000
2451545.125376  9.9954320190e-01  1.000000 0.000000 0.000000  0.707107 -0.707107 0.000000
2451545.126043  1.0015633796e+00  1.000000 0.000000 0.000000  0.707107 -0.707107 0.000000
2451545.126710  1.0074599565e+00  1.000000 0.000000 0.000000  0.707107 -0.707107 0.000000
2451545.127377  1.0087385907e+00  1.000000 0.000000 0.000000  0.707107 -0.707107 0.000000
2451545.128044  1.0119717676e+00  1.000000 0.000000 0.000000  0.707107 -0.707107 0.000000
2451545.128711  1.0136197951e+00  1.000000 0.000000 0.000000  0.707107 -0.707107 0.000000
2451545.129378  1.0146163960e+00  1.000000 0.000000 0.000000  0.707107 -0.707107 0.000000
2451545.130045  1.0170478422e+00  1.000000 0.000000 0.000000  0.707107 -0.707107 0.000000
2451545.130712  1.0201596601e+00  1.000000 0.000000 0.000000  0.707107 -0.707107 0.000000
2451545.131378  1.0195131560e+00  1.000000 0.000000 0.000000  0.707107 -0.707107 0.000000
2451545.132045  1.0206923532e+00  1.000000 0.000000 0.000000  0.707107 -0.707107 0.000000
2451545.132712  1.0228751742e+00  1.000000 0.000000 0.000000  0.707107 -0.707107 0.000000
2451545.133379  1.0235720203e+00  1.000000 0.000000 0.000000  0.707107 -0.707107 0.000000
2451545.134046  1.0235667695e+00  1.000000 0.000000 0.000000  0.707107 -0.707107 0.000000
2451545.134713  1.0213147693e+00  1.000000 0.000000 0.000000  0.707107 -0.707107 0.000000
2451545.135380  1.0207602854e+00  1.000000 0.000000 0.000000  0.707107 -0.707107 0.000000
2451545.136047  1.0202911925e+00  1.000000 0.000000 0.000000  0.707107 -0.707107 0.000000
2451545.136714  1.0202417694e+00  1.000000 0.000000 0.000000  0.707107 -0.707107 0.000000
2451545.137381  1.0204690632e+00  1.000000 0.000000 0.000000  0.707107 -0.707107 0.000000
2451545.138047  1.0185301415e+00  1.000000 0.000000 0.000000  0.707107 -0.707107 0.000000
2451545.138714  1.0142061120e+00  1.000000 0.000000 0.000000  0.707107 -0.707107 0.000000
2451545.139381  1.0123623611e+00  1.000000 0.000000 0.000000  0.707107 -0.707107 0.000000
2451545.140048  1.0096585299e+00  1.000000 0.000000 0.000000  0.707107 -0.707107 0.000000
2451545.140715  1.0057298852e+00  1.000000 0.000000 0.000000  0.707107 -0.707107 0.000000
2451545.141382  1.0022106713e+00  1.000000 0.000000 0.000000  0.707107 -0.707107 0.000000
2451545.142049  9.9908264156e-01  1.000000 0.000000 0.000000  0.707107 -0.707107 0.000000
2451545.142716  9.9401352426e-01  1.000000 0.000000 0.000000  0.707107 -0.707107 0.000000
2451545.143383  9.8922676845e-01  1.000000 0.000000 0.000000  0.707107 -0.707107 0.000000
2451545.144050  9.8245403077e-01  1.000000 0.000000 0.000000  0.707107 -0.707107 0.000000
2451545.144716  9.7876692266e-01  1.000000 0.000000 0.000000  0.707107 -0.707107 0.000000
2451545.145383  9.7225646219e-01  1.000000 0.000000 0.000000  0.707107 -0.707107 0.000000
2451545.146050  9.6581117720e-01  1.000000 0.000000 0.000000  0.707107 -0.707107 0.000000
2451545.146717  9.5996448283e-01  1.000000 0.000000 0.000000  0.707107 -0.707107 0.000000
2451545.147384  9.5546711144e-01  1.000000 0.000000 0.000000  0.707107 -0.707107 0.000000
2451545.148051  9.4932131867e-01  1.000000 0.000000 0.000000  0.707107 -0.707107 0.000000
2451545.148718  9.4394811471e-01  1.000000 0.000000 0.000000  0.707107 -0.707107 0.000000
2451545.149385  9.3914488453e-01  1.000000 0.000000 0.000000  0.707107 -0.707107 0.000000
2451545.150052  9.2920965878e-01  1.000000 0.000000 0.000000  0.707107 -0.707107 0.000000
2451545.150718  9.2524294585e-01  1.000000 0.000000 0.000000  0.707107 -0.707107 0.000000
2451545.151385  9.2229692179e-01  1.000000 0.000000 0.000000  0.707107 -0.707107 0.000000
2451545.152052  9.2372809155e-01  1.000000 0.000000 0.000000  0.707107 -0.707107 0.000000
2451545.152719  9.2480096020e-01  1.000000 0.000000 0.000000  0.707107 -0.707107 0.000000
2451545.153386  9.2522594640e-01  1.000000 0.000000 0.000000  0.707107 -0.707107 0.000000
2451545.154053  9.3152243699e-01  1.000000 0.000000 0.000000  0.707107 -0.707107 0.000000
2451545.154720  9.3404872564e-01  1.000000 0.000000 0.000000  0.707107 -0.707107 0.000000
2451545.155387  9.3731045373e-01  1.000000 0.000000 0.000000  0.707107 -0.707107 0.000000
2451545.156054  9.4053129126e-01  1.000000 0.000000 0.000000  0.707107 -0.707107 0.000000
2451545.156721  9.4225132037e-01  1.000000 0.000000 0.000000  0.707107 -0.707107 0.000000
2451545.157387  9.4765721052e-01  1.000000 0.000000 0.000000  0.707107 -0.707107 0.000000
2451545.158054  9.5097072458e-01  1.000000 0.000000 0.000000  0.707107 -0.707107 0.000000
2451545.158721  9.5606077943e-01  1.000000 0.000000 0.000000  0.707107 -0.707107 0.000000
2451545.159388  9.5869359358e-01  1.000000 0.000000 0.000000  0.707107 -0.707107 0.000000
2451545.160055  9.6172481178e-01  1.000000 0.000000 0.000000  0.707107 -0.707107 0.000000
2451545.160722  9.6515587801e-01  1.000000 0.000000 0.000000  0.707107 -0.707107 0.000000
2451545.161389  9.6766890840e-01  1.000000 0.000000 0.000000  0.707107 -0.707107 0.000000
2451545.162056  9.6851113589e-01  1.000000 0.000000 0.000000  0.707107 -0.707107 0.000000
2451545.162723  9.7084780521e-01  1.000000 0.000000 0.000000  0.707107 -0.707107 0.000000
2451545.163389  9.7337232172e-01  1.000000 0.000000 0.000000  0.707107 -0.707107 0.000000
2451545.164056  9.7888158689e-01  1.000000 0.000000 0.000000  0.707107 -0.707107 0.000000
2451545.164723  9.8157399756e-01  1.000000 0.000000 0.000000  0.707107 -0.707107 0.000000
2451545.165390  9.8310316028e-01  1.000000 0.000000 0.000000  0.707107 -0.707107 0.000000
2451545.166057  9.8356083268e-01  1.000000 0.000000 0.000000  0.707107 -0.707107 0.000000
2451545.166724  9.8436131635e-01  1.000000 0.000000 0.000000  0.707107 -0.707107 0.000000
2451545.167391  9.8654755040e-01  1.000000 0.000000 0.000000  0.707107 -0.707107 0.000000
2451545.168058  9.8788788141e-01  1.000000 0.000000 0.000000  0.707107 -0.707107 0.000000
2451545.168725  9.8906182786e-01  1.000000 0.000000 0.000000  0.707107 -0.707107 0.000000
2451545.169392  9.9237114128e-01  1.000000 0.000000 0.000000  0.707107 -0.707107 0.000000
2451545.170058  9.9255006211e-01  1.000000 0.000000 0.000000  0.707107 -0.707107 0.000000
2451545.170725  9.9411919650e-01  1.000000 0.000000 0.000000  0.707107 -0.707107 0.000000
2451545.171392  9.9465976583e-01  1.000000 0.000000 0.000000  0.707107 -0.707107 0.000000
2451545.172059  9.9495499177e-01  1.000000 0.000000 0.000000  0.707107 -0.707107 0.000000
2451545.172726  9.9437038140e-01  1.000000 0.000000 0.000000  0.707107 -0.707107 0.000000
2451545.173393  9.9762981227e-01  1.000000 0.000000 0.000000  0.707107 -0.707107 0.000000
2451545.174060  9.9480856023e-01  1.000000 0.000000 0.000000  0.707107 -0.707107 0.000000
2451545.174727  9.9575468781e-01  1.000000 0.000000 0.000000  0.707107 -0.707107 0.000000
2451545.175394  9.9868522203e-01  1.000000 0.000000 0.000000  0.707107 -0.707107 0.000000
2451545.176061  9.9780820803e-01  1.000000 0.000000 0.000000  0.707107 -0.707107 0.000000
2451545.176727  9.9846278523e-01  1.000000 0.000000 0.000000  0.707107 -0.707107 0.000000
2451545.177394  9.9613563298e-01  1.000000 0.000000 0.000000  0.707107 -0.707107 0.000000
2451545.178061  9.9800038712e-01  1.000000 0.000000 0.000000  0.707107 -0.707107 0.000000
2451545.178728  9.9816066763e-01  1.000000 0.000000 0.000000  0.707107 -0.707107 0.000000
2451545.179395  1.0021559318e+00  1.000000 0.000000 0.000000  0.707107 -0.707107 0.000000
2451545.180062  1.0032127198e+00  1.000000 0.000000 0.000000  0.707107 -0.707107 0.000000
2451545.180729  1.0035030232e+00  1.000000 0.000000 0.000000  0.707107 -0.707107 0.000000
2451545.181396  1.0071766761e+00  1.000000 0.000000 0.000000  0.707107 -0.707107 0.000000
2451545.182063  1.0094205376e+00  1.000000 0.000000 0.000000  0.707107 -0.707107 0.000000
2451545.182729  1.0130983912e+00  1.000000 0.000000 0.000000  0.707107 -0.707107 0.000000
2451545.183396  1.0166197055e+00  1.000000 0.000000 0.000000  0.707107 -0.707107 0.000000
2451545.184063  1.0192175362e+00  1.000000 0.000000 0.000000  0.707107 -0.707107 0.000000
2451545.184730  1.0232964192e+00  1.000000 0.000000 0.000000  0.707107 -0.707107 0.000000
2451545.185397  1.0288891064e+00  1.000000 0.000000 0.000000  0.707107 -0.707107 0.000000
2451545.186064  1.0339432590e+00  1.000000 0.000000 0.000000  0.707107 -0.707107 0.000000
2451545.186731  1.0379475807e+00  1.000000 0.000000 0.000000  0.707107 -0.707107 0.000000
2451545.187398  1.0408758177e+00  1.000000 0.000000 0.000000  0.707107 -0.707107 0.000000
2451545.188065  1.0445820912e+00  1.000000 0.000000 0.000000  0.707107 -0.707107 0.000000
2451545.188732  1.0502906897e+00  1.000000 0.000000 0.000000  0.707107 -0.707107 0.000000
2451545.189398  1.0532266716e+00  1.000000 0.000000 0.000000  0.707107 -0.707107 0.000000
2451545.190065  1.0564891217e+00  1.000000 0.000000 0.000000  0.707107 -0.707107 0.000000
2451545.190732  1.0581695073e+00  1.000000 0.000000 0.000000  0.707107 -0.707107 0.000000
2451545.191399  1.0625510330e+00  1.000000 0.000000 0.000000  0.707107 -0.707107 0.000000
2451545.192066  1.0651696044e+00  1.000000 0.000000 0.000000  0.707107 -0.707107 0.000000
2451545.192733  1.0653439964e+00  1.000000 0.000000 0.000000  0.707107 -0.707107 0.000000
2451545.193400  1.0669983249e+00  1.000000 0.000000 0.000000  0.707107 -0.707107 0.000000
2451545.194067  1.0664624157e+00  1.000000 0.000000 0.000000  0.707107 -0.707107 0.000000
2451545.194734  1.0687357473e+00  1.000000 0.000000 0.000000  0.707107 -0.707107 0.000000
2451545.195400  1.0692354917e+00  1.000000 0.000000 0.000000  0.707107 -0.707107 0.000000
2451545.196067  1.0677825968e+00  1.000000 0.000000 0.000000  0.707107 -0.707107 0.000000
2451545.196734  1.0689214285e+00  1.000000 0.000000 0.000000  0.707107 -0.707107 0.000000
2451545.197401  1.0680906872e+00  1.000000 0.000000 0.000000  0.707107 -0.707107 0.000000
2451545.198068  1.0667136006e+00  1.000000 0.000000 0.000000  0.707107 -0.707107 0.000000
2451545.198735  1.0629705715e+00  1.000000 0.000000 0.000000  0.707107 -0.707107 0.000000
2451545.199402  1.0616219705e+00  1.000000 0.000000 0.000000  0.707107 -0.707107 0.000000
2451545.200069  1.0597812388e+00  1.000000 0.000000 0.000000  0.707107 -0.707107 0.000000
2451545.200736  1.0577412393e+00  1.000000 0.000000 0.000000  0.707107 -0.707107 0.000000
2451545.201403  1.0548269170e+00  1.000000 0.000000 0.000000  0.707107 -0.707107 0.000000
2451545.202069  1.0531150922e+00  1.000000 0.000000 0.000000  0.707107 -0.707107 0.000000
2451545.202736  1.0475997230e+00  1.000000 0.000000 0.000000  0.707107 -0.707107 0.000000
2451545.203403  1.0448527697e+00  1.000000 0.000000 0.000000  0.707107 -0.707107 0.000000
2451545.204070  1.0419990940e+00  1.000000 0.000000 0.000000  0.707107 -0.707107 0.000000
2451545.204737  1.0339521197e+00  1.000000 0.000000 0.000000  0.707107 -0.707107 0.000000
2451545.205404  1.0304957184e+00  1.000000 0.000000 0.000000  0.707107 -0.707107 0.000000
2451545.206071  1.0268579677e+00  1.000000 0.000000 0.000000  0.707107 -0.707107 0.000000
2451545.206738  1.0236440875e+00  1.000000 0.000000 0.000000  0.707107 -0.707107 0.000000
2451545.207405  1.0205870748e+00  1.000000 0.000000 0.000000  0.707107 -0.707107 0.000000
2451545.208072  1.0173370297e+00  1.000000 0.000000 0.000000  0.707107 -0.707107 0.000000
2451545.208738  1.0119998593e+00  1.000000 0.000000 0.000000  0.707107 -0.707107 0.000000
2451545.209405  1.0085834297e+00  1.000000 0.000000 0.000000  0.707107 -0.707107 0.000000
2451545.210072  1.0087825661e+00  1.000000 0.000000 0.000000  0.707107 -0.707107 0.000000
2451545.210739  1.0057638185e+00  1.000000 0.000000 0.000000  0.707107 -0.707107 0.000000
2451545.211406  1.0036407909e+00  1.000000 0.000000 0.000000  0.707107 -0.707107 0.000000
2451545.212073  1.0036872604e+00  1.000000 0.000000 0.000000  0.707107 -0.707107 0.000000
2451545.212740  1.0034459864e+00  1.000000 0.000000 0.000000  0.707107 -0.707107 0.000000
2451545.213407  1.0038301477e+00  1.000000 0.000000 0.000000  0.707107 -0.707107 0.000000
2451545.214074  1.0032610928e+00  1.000000 0.000000 0.000000  0.707107 -0.707107 0.000000
2451545.214740  1.0012577833e+00  1.000000 0.000000 0.000000  0.707107 -0.707107 0.000000
2451545.215407  1.0024272009e+00  1.000000 0.000000 0.000000  0.707107 -0.707107 0.000000
2451545.216074  1.0035078801e+00  1.000000 0.000000 0.000000  0.707107 -0.707107 0.000000
2451545.216741  1.0010531992e+00  1.000000 0.000000 0.000000  0.707107 -0.707107 0.000000
2451545.217408  1.0018755393e+00  1.000000 0.000000 0.000000  0.707107 -0.707107 0.000000
2451545.218075  1.0032499349e+00  1.000000 0.000000 0.000000  0.707107 -0.707107 0.000000
2451545.218742  1.0036669136e+00  1.000000 0.000000 0.000000  0.707107 -0.707107 0.000000
2451545.219409  1.0047225203e+00  1.000000 0.000000 0.000000  0.707107 -0.707107 0.000000
2451545.220076  1.0030671416e+00  1.000000 0.000000 0.000000  0.707107 -0.707107 0.000000
2451545.220743  1.0017535896e+00  1.000000 0.000000 0.000000  0.707107 -0.707107 0.000000
2451545.221409  1.0011187685e+00  1.000000 0.000000 0.000000  0.707107 -0.707107 0.000000
2451545.222076  1.0024623156e+00  1.000000 0.000000 0.000000  0.707107 -0.707107 0.000000
2451545.222743  1.0020871463e+00  1.000000 0.000000 0.000000  0.707107 -0.707107 0.000000
2451545.223410  1.0024247068e+00  1.000000 0.000000 0.000000  0.707107 -0.707107 0.000000
2451545.224077  1.0007374295e+00  1.000000 0.000000 0.000000  0.707107 -0.707107 0.000000
2451545.224744  9.9902468591e-01  1.000000 0.000000 0.000000  0.707107 -0.707107 0.000000
2451545.225411  9.9760250814e-01  1.000000 0.000000 0.000000  0.707107 -0.707107 0.000000
2451545.226078  9.9556946603e-01  1.000000 0.000000 0.000000  0.707107 -0.707107 0.000000
2451545.226745  9.9394001313e-01  1.000000 0.000000 0.000000  0.707107 -0.707107 0.000000
2451545.227411  9.9234121175e-01  1.000000 0.000000 0.000000  0.707107 -0.707107 0.000000
2451545.228078  9.8971830848e-01  1.000000 0.000000 0.000000  0.707107 -0.707107 0.000000
2451545.228745  9.8786359648e-01  1.000000 0.000000 0.000000  0.707107 -0.707107 0.000000
2451545.229412  9.8729697009e-01  1.000000 0.000000 0.000000  0.707107 -0.707107 0.000000
2451545.230079  9.8069488324e-01  1.000000 0.000000 0.000000  0.707107 -0.707107 0.000000
2451545.230746  9.7787330302e-01  1.000000 0.000000 0.000000  0.707107 -0.707107 0.000000
2451545.231413  9.7687440495e-01  1.000000 0.000000 0.000000  0.707107 -0.707107 0.000000
2451545.232080  9.7011052799e-01  1.000000 0.000000 0.000000  0.707107 -0.707107 0.000000
2451545.232747  9.6809658564e-01  1.000000 0.000000 0.000000  0.707107 -0.707107 0.000000
2451545.233414  9.6518377286e-01  1.000000 0.000000 0.000000  0.707107 -0.707107 0.000000
2451545.234080  9.6020385343e-01  1.000000 0.000000 0.000000  0.707107 -0.707107 0.000000
2451545.234747  9.5731250328e-01  1.000000 0.000000 0.000000  0.707107 -0.707107 0.000000
2451545.235414  9.5233940988e-01  1.000000 0.000000 0.000000  0.707107 -0.707107 0.000000
2451545.236081  9.4484908546e-01  1.000000 0.000000 0.000000  0.707107 -0.707107 0.000000
2451545.236748  9.4105111995e-01  1.000000 0.000000 0.000000  0.707107 -0.707107 0.000000
2451545.237415  9.3649316752e-01  1.000000 0.000000 0.000000  0.707107 -0.707107 0.000000
2451545.238082  9.3042502087e-01  1.000000 0.000000 0.000000  0.707107 -0.707107 0.000000
2451545.238749  9.2533083103e-01  1.000000 0.000000 0.000000  0.707107 -0.707107 0.000000
2451545.239416  9.2241453959e-01  1.000000 0.000000 0.000000  0.707107 -0.707107 0.000000
360  1
2451545.000000  9.2214276164e-01  1.000000 0.000000 0.000000  0.707107 -0.707107 0.000000
2451545.000667  9.2324905645e-01  1.000000 0.000000 0.000000  0.707107 -0.707107 0.000000
2451545.001334  9.2708725058e-01  1.000000 0.000000 0.000000  0.707107 -0.707107 0.000000
2451545.002001  9.3148761783e-01  1.000000 0.000000 0.000000  0.707107 -0.707107 0.000000
2451545.002668  9.3668656921e-01  1.000000 0.000000 0.000000  0.707107 -0.707107 0.000000
2451545.003334  9.4224104317e-01  1.000000 0.000000 0.000000  0.707107 -0.707107 0.000000
2451545.004001  9.5012930922e-01  1.000000 0.000000 0.000000  0.707107 -0.707107 0.000000
2451545.004668  9.5445607681e-01  1.000000 0.000000 0.000000  0.707107 -0.707107 0.000000
2451545.005335  9.5874674155e-01  1.000000 0.000000 0.000000  0.707107 -0.707107 0.000000
2451545.006002  9.6589908074e-01  1.000000 0.000000 0.000000  0.707107 -0.707107 0.000000
2451545.006669  9.7100791437e-01  1.000000 0.000000 0.000000  0.707107 -0.707107 0.000000
2451545.007336  9.7514106469e-01  1.000000 0.000000 0.000000  0.707107 -0.707107 0.000000
2451545.008003  9.8153231654e-01  1.000000 0.000000 0.000000  0.707107 -0.707107 0.000000
2451545.008670  9.8489169473e-01  1.000000 0.000000 0.000000  0.707107 -0.707107 0.000000
2451545.009337  9.8844956896e-01  1.000000 0.000000 0.000000  0.707107 -0.707107 0.000000
2451545.010003  9.9356014500e-01  1.000000 0.000000 0.000000  0.707107 -0.707107 0.000000
2451545.010670  9.9533483062e-01  1.000000 0.000000 0.000000  0.707107 -0.707107 0.000000
2451545.011337  9.9939368432e-01  1.000000 0.000000 0.000000  0.707107 -0.707107 0.000000
2451545.012004  1.0042158557e+00  1.000000 0.000000 0.000000  0.707107 -0.707107 0.000000
2451545.012671  1.0061884797e+00  1.000000 0.000000 0.000000  0.707107 -0.707107 0.000000
2451545.013338  1.0077239665e+00  1.000000 0.000000 0.000000  0.707107 -0.707107 0.000000
2451545.014005  1.0082801457e+00  1.000000 0.000000 0.000000  0.707107 -0.707107 0.000000
2451545.014672  1.0103717419e+00  1.000000 0.000000 0.000000  0.707107 -0.707107 0.000000
2451545.015339  1.0119076469e+00  1.000000 0.000000 0.000000  0.707107 -0.707107 0.000000
2451545.016006  1.0152454191e+00  1.000000 0.000000 0.000000  0.707107 -0.707107 0.000000
2451545.016672  1.0154745120e+00  1.000000 0.000000 0.000000  0.707107 -0.707107 0.000000
2451545.017339  1.0169261536e+00  1.000000 0.000000 0.000000  0.707107 -0.707107 0.000000
2451545.018006  1.0151434529e+00  1.000000 0.000000 0.000000  0.707107 -0.707107 0.000000
2451545.018673  1.0152153101e+00  1.000000 0.000000 0.000000  0.707107 -0.707107 0.000000
2451545.019340  1.0155257390e+00  1.000000 0.000000 0.000000  0.707107 -0.707107 0.000000
2451545.020007  1.0149607780e+00  1.000000 0.000000 0.000000  0.707107 -0.707107 0.000000
2451545.020674  1.0146948853e+00  1.000000 0.000000 0.000000  0.707107 -0.707107 0.000000
2451545.021341  1.0135143636e+00  1.000000 0.000000 0.000000  0.707107 -0.707107 0.000000
2451545.022008  1.0130164508e+00  1.000000 0.000000 0.000000  0.707107 -0.707107 0.000000
2451545.022674  1.0116253058e+00  1.000000 0.000000 0.000000  0.707107 -0.707107 0.000000
2451545.023341  1.0102984908e+00  1.000000 0.000000 0.000000  0.707107 -0.707107 0.000000
2451545.024008  1.0070348061e+00  1.000000 0.000000 0.000000  0.707107 -0.707107 0.000000
2451545.024675  1.0056491671e+00  1.000000 0.000000 0.000000  0.707107 -0.707107 0.000000
2451545.025342  1.0020310750e+00  1.000000 0.000000 0.000000  0.707107 -0.707107 0.000000
2451545.026009  9.9858715477e-01  1.000000 0.000000 0.000000  0.707107 -0.707107 0.000000
2451545.026676  9.9785924303e-01  1.000000 0.000000 0.000000  0.707107 -0.707107 0.000000
2451545.027343  9.9682187819e-01  1.000000 0.000000 0.000000  0.707107 -0.707107 0.000000
2451545.028010  9.9404314274e-01  1.000000 0.000000 0.000000  0.707107 -0.707107 0.000000
2451545.028677  9.9199155235e-01  1.000000 0.000000 0.000000  0.707107 -0.707107 0.000000
2451545.029343  9.8701186661e-01  1.000000 0.000000 0.000000  0.707107 -0.707107 0.000000
2451545.030010  9.8582430551e-01  1.000000 0.000000 0.000000  0.707107 -0.707107 0.000000
2451545.030677  9.8402501698e-01  1.000000 0.000000 0.000000  0.707107 -0.707107 0.000000
2451545.031344  9.8362230977e-01  1.000000 0.000000 0.000000  0.707107 -0.707107 0.000000
2451545.032011  9.8390437209e-01  1.000000 0.000000 0.000000  0.707107 -0.707107 0.000000
2451545.032678  9.8807878282e-01  1.000000 0.000000 0.000000  0.707107 -0.707107 0.000000
2451545.033345  9.9466183984e-01  1.000000 0.000000 0.000000  0.707107 -0.707107 0.000000
2451545.034012  9.9896177422e-01  1.000000 0.000000 0.000000  0.707107 -0.707107 0.000000
2451545.034679  1.0025861390e+00  1.000000 0.000000 0.000000  0.707107 -0.707107 0.000000
2451545.035345  1.0098337536e+00  1.000000 0.000000 0.000000  0.707107 -0.707107 0.000000
2451545.036012  1.0153007582e+00  1.000000 0.000000 0.000000  0.707107 -0.707107 0.000000
2451545.036679  1.0201027175e+00  1.000000 0.000000 0.000000  0.707107 -0.707107 0.000000
2451545.037346  1.0273170867e+00  1.000000 0.000000 0.000000  0.707107 -0.707107 0.000000
2451545.038013  1.0310415359e+00  1.000000 0.000000 0.000000  0.707107 -0.707107 0.000000
2451545.038680  1.0364092926e+00  1.000000 0.000000 0.000000  0.707107 -0.707107 0.000000
2451545.039347  1.0401837143e+00  1.000000 0.000000 0.000000  0.707107 -0.707107 0.000000
2451545.040014  1.0432023456e+00  1.000000 0.000000 0.000000  0.707107 -0.707107 0.000000
2451545.040681  1.0453130387e+00  1.000000 0.000000 0.000000  0.707107 -0.707107 0.000000
2451545.041348  1.0473253202e+00  1.000000 0.000000 0.000000  0.707107 -0.707107 0.000000
2451545.042014  1.0521646369e+00  1.000000 0.000000 0.000000  0.707107 -0.707107 0.000000
2451545.042681  1.0524536689e+00  1.000000 0.000000 0.000000  0.707107 -0.707107 0.000000
2451545.043348  1.0559941887e+00  1.000000 0.000000 0.000000  0.707107 -0.707107 0.000000
2451545.044015  1.0569797689e+00  1.000000 0.000000 0.000000  0.707107 -0.707107 0.000000
2451545.044682  1.0584225591e+00  1.000000 0.000000 0.000000  0.707107 -0.707107 0.000000
2451545.045349  1.0568925784e+00  1.000000 0.000000 0.000000  0.707107 -0.707107 0.000000
2451545.046016  1.0583019142e+00  1.000000 0.000000 0.000000  0.707107 -0.707107 0.000000
2451545.046683  1.0556547660e+00  1.000000 0.000000 0.000000  0.707107 -0.707107 0.000000
2451545.047350  1.0567720729e+00  1.000000 0.000000 0.000000  0.707107 -0.707107 0.000000
2451545.048017  1.0552107984e+00  1.000000 0.000000 0.000000  0.707107 -0.707107 0.000000
2451545.048683  1.0536989388e+00  1.000000 0.000000 0.000000  0.707107 -0.707107 0.000000
2451545.049350  1.0515209187e+00  1.000000 0.000000 0.000000  0.707107 -0.707107 0.000000
2451545.050017  1.0496103943e+00  1.000000 0.000000 0.000000  0.707107 -0.707107 0.000000
2451545.050684  1.0465239482e+00  1.000000 0.000000 0.000000  0.707107 -0.707107 0.000000
2451545.051351  1.0440370326e+00  1.000000 0.000000 0.000000  0.707107 -0.707107 0.000000
2451545.052018  1.0407429602e+00  1.000000 0.000000 0.000000  0.707107 -0.707107 0.000000
2451545.052685  1.0377163137e+00  1.000000 0.000000 0.000000  0.707107 -0.707107 0.000000
2451545.053352  1.0339194497e+00  1.000000 0.000000 0.000000  0.707107 -0.707107 0.000000
2451545.054019  1.0313833980e+00  1.000000 0.000000 0.000000  0.707107 -0.707107 0.000000
2451545.054685  1.0247631230e+00  1.000000 0.000000 0.000000  0.707107 -0.707107 0.000000
2451545.055352  1.0225220971e+00  1.000000 0.000000 0.000000  0.707107 -0.707107 0.000000
2451545.056019  1.0187710935e+00  1.000000 0.000000 0.000000  0.707107 -0.707107 0.000000
2451545.056686  1.0109844451e+00  1.000000 0.000000 0.000000  0.707107 -0.707107 0.000000
2451545.057353  1.0079534078e+00  1.000000 0.000000 0.000000  0.707107 -0.707107 0.000000
2451545.058020  1.0044140032e+00  1.000000 0.000000 0.000000  0.707107 -0.707107 0.000000
2451545.058687  1.0012907572e+00  1.000000 0.000000 0.000000  0.707107 -0.707107 0.000000
2451545.059354  9.9726096704e-01  1.000000 0.000000 0.000000  0.707107 -0.707107 0.000000
2451545.060021  9.9440877133e-01  1.000000 0.000000 0.000000  0.707107 -0.707107 0.000000
2451545.060688  9.8789506247e-01  1.000000 0.000000 0.000000  0.707107 -0.707107 0.000000
2451545.061354  9.8619404620e-01  1.000000 0.000000 0.000000  0.707107 -0.707107 0.000000
2451545.062021  9.8474937419e-01  1.000000 0.000000 0.000000  0.707107 -0.707107 0.000000
2451545.062688  9.8211748956e-01  1.000000 0.000000 0.000000  0.707107 -0.707107 0.000000
2451545.063355  9.8045111252e-01  1.000000 0.000000 0.000000  0.707107 -0.707107 0.000000
2451545.064022  9.7998756015e-01  1.000000 0.000000 0.000000  0.707107 -0.707107 0.000000
2451545.064689  9.7820750789e-01  1.000000 0.000000 0.000000  0.707107 -0.707107 0.000000
2451545.065356  9.7734089983e-01  1.000000 0.000000 0.000000  0.707107 -0.707107 0.000000
2451545.066023  9.7908547650e-01  1.000000 0.000000 0.000000  0.707107 -0.707107 0.000000
2451545.066690  9.7925734842e-01  1.000000 0.000000 0.000000  0.707107 -0.707107 0.000000
2451545.067356  9.8017790168e-01  1.000000 0.000000 0.000000  0.707107 -0.707107 0.000000
2451545.068023  9.8038308860e-01  1.000000 0.000000 0.000000  0.707107 -0.707107 0.000000
2451545.068690  9.8197091752e-01  1.000000 0.000000 0.000000  0.707107 -0.707107 0.000000
2451545.069357  9.8235912782e-01  1.000000 0.000000 0.000000  0.707107 -0.707107 0.000000
2451545.070024  9.8404662294e-01  1.000000 0.000000 0.000000  0.707107 -0.707107 0.000000
2451545.070691  9.8655486572e-01  1.000000 0.000000 0.000000  0.707107 -0.707107 0.000000
2451545.071358  9.8597917145e-01  1.000000 0.000000 0.000000  0.707107 -0.707107 0.000000
2451545.072025  9.8715467503e-01  1.000000 0.000000 0.000000  0.707107 -0.707107 0.000000
2451545.072692  9.8742391316e-01  1.000000 0.000000 0.000000  0.707107 -0.707107 0.000000
2451545.073359  9.8813593407e-01  1.000000 0.000000 0.000000  0.707107 -0.707107 0.000000
2451545.074025  9.8981290499e-01  1.000000 0.000000 0.000000  0.707107 -0.707107 0.000000
2451545.074692  9.9029813302e-01  1.000000 0.000000 0.000000  0.707107 -0.707107 0.000000
2451545.075359  9.9181410470e-01  1.000000 0.000000 0.000000  0.707107 -0.707107 0.000000
2451545.076026  9.9081779119e-01  1.000000 0.000000 0.000000  0.707107 -0.707107 0.000000
2451545.076693  9.9244952900e-01  1.000000 0.000000 0.000000  0.707107 -0.707107 0.000000
2451545.077360  9.9195461313e-01  1.000000 0.000000 0.000000  0.707107 -0.707107 0.000000
2451545.078027  9.9153441207e-01  1.000000 0.000000 0.000000  0.707107 -0.707107 0.000000
2451545.078694  9.9064766169e-01  1.000000 0.000000 0.000000  0.707107 -0.707107 0.000000
2451545.079361  9.8945814908e-01  1.000000 0.000000 0.000000  0.707107 -0.707107 0.000000
2451545.080028  9.8820681555e-01  1.000000 0.000000 0.000000  0.707107 -0.707107 0.000000
2451545.080694  9.8781505072e-01  1.000000 0.000000 0.000000  0.707107 -0.707107 0.000000
2451545.081361  9.8541678924e-01  1.000000 0.000000 0.000000  0.707107 -0.707107 0.000000
2451545.082028  9.8531956242e-01  1.000000 0.000000 0.000000  0.707107 -0.707107 0.000000
2451545.082695  9.8612504653e-01  1.000000 0.000000 0.000000  0.707107 -0.707107 0.000000
2451545.083362  9.8524275672e-01  1.000000 0.000000 0.000000  0.707107 -0.707107 0.000000
2451545.084029  9.8262125689e-01  1.000000 0.000000 0.000000  0.707107 -0.707107 0.000000
2451545.084696  9.8048366085e-01  1.000000 0.000000 0.000000  0.707107 -0.707107 0.000000
2451545.085363  9.7886098361e-01  1.000000 0.000000 0.000000  0.707107 -0.707107 0.000000
2451545.086030  9.7959537714e-01  1.000000 0.000000 0.000000  0.707107 -0.707107 0.000000
2451545.086696  9.7806288735e-01  1.000000 0.000000 0.000000  0.707107 -0.707107 0.000000
2451545.087363  9.7764254690e-01  1.000000 0.000000 0.000000  0.707107 -0.707107 0.000000
2451545.088030  9.7765376806e-01  1.000000 0.000000 0.000000  0.707107 -0.707107 0.000000
2451545.088697  9.7861690597e-01  1.000000 0.000000 0.000000  0.707107 -0.707107 0.000000
2451545.089364  9.7967287980e-01  1.000000 0.000000 0.000000  0.707107 -0.707107 0.000000
2451545.090031  9.8069114776e-01  1.000000 0.000000 0.000000  0.707107 -0.707107 0.000000
2451545.090698  9.8206675040e-01  1.000000 0.000000 0.000000  0.707107 -0.707107 0.000000
2451545.091365  9.8433997611e-01  1.000000 0.000000 0.000000  0.707107 -0.707107 0.000000
2451545.092032  9.8870479807e-01  1.000000 0.000000 0.000000  0.707107 -0.707107 0.000000
2451545.092699  9.9224022998e-01  1.000000 0.000000 0.000000  0.707107 -0.707107 0.000000
2451545.093365  9.9518839797e-01  1.000000 0.000000 0.000000  0.707107 -0.707107 0.000000
2451545.094032  1.0019385178e+00  1.000000 0.000000 0.000000  0.707107 -0.707107 0.000000
2451545.094699  1.0055322161e+00  1.000000 0.000000 0.000000  0.707107 -0.707107 0.000000
2451545.095366  1.0091743536e+00  1.000000 0.000000 0.000000  0.707107 -0.707107 0.000000
2451545.096033  1.0135205666e+00  1.000000 0.000000 0.000000  0.707107 -0.707107 0.000000
2451545.096700  1.0161680633e+00  1.000000 0.000000 0.000000  0.707107 -0.707107 0.000000
2451545.097367  1.0231816364e+00  1.000000 0.000000 0.000000  0.707107 -0.707107 0.000000
2451545.098034  1.0277365211e+00  1.000000 0.000000 0.000000  0.707107 -0.707107 0.000000
2451545.098701  1.0300231286e+00  1.000000 0.000000 0.000000  0.707107 -0.707107 0.000000
2451545.099367  1.0333826462e+00  1.000000 0.000000 0.000000  0.707107 -0.707107 0.000000
2451545.100034  1.0365578858e+00  1.000000 0.000000 0.000000  0.707107 -0.707107 0.000000
2451545.100701  1.0398812309e+00  1.000000 0.000000 0.000000  0.707107 -0.707107 0.000000
2451545.101368  1.0448525530e+00  1.000000 0.000000 0.000000  0.707107 -0.707107 0.000000
2451545.102035  1.0475160799e+00  1.000000 0.000000 0.000000  0.707107 -0.707107 0.000000
2451545.102702  1.0471224333e+00  1.000000 0.000000 0.000000  0.707107 -0.707107 0.000000
2451545.103369  1.0486841260e+00  1.000000 0.000000 0.000000  0.707107 -0.707107 0.000000
2451545.104036  1.0503912058e+00  1.000000 0.000000 0.000000  0.707107 -0.707107 0.000000
2451545.104703  1.0513060440e+00  1.000000 0.000000 0.000000  0.707107 -0.707107 0.000000
2451545.105370  1.0530856084e+00  1.000000 0.000000 0.000000  0.707107 -0.707107 0.000000
2451545.106036  1.0516767604e+00  1.000000 0.000000 0.000000  0.707107 -0.707107 0.000000
2451545.106703  1.0521042099e+00  1.000000 0.000000 0.000000  0.707107 -0.707107 0.000000
2451545.107370  1.0521320886e+00  1.000000 0.000000 0.000000  0.707107 -0.707107 0.000000
2451545.108037  1.0501974492e+00  1.000000 0.000000 0.000000  0.707107 -0.707107 0.000000
2451545.108704  1.0476908094e+00  1.000000 0.000000 0.000000  0.707107 -0.707107 0.000000
2451545.109371  1.0473633049e+00  1.000000 0.000000 0.000000  0.707107 -0.707107 0.000000
2451545.110038  1.0462466950e+00  1.000000 0.000000 0.000000  0.707107 -0.707107 0.000000
2451545.110705  1.0442771375e+00  1.000000 0.000000 0.000000  0.707107 -0.707107 0.000000
2451545.111372  1.0385357372e+00  1.000000 0.000000 0.000000  0.707107 -0.707107 0.000000
2451545.112039  1.0347467489e+00  1.000000 0.000000 0.000000  0.707107 -0.707107 0.000000
2451545.112705  1.0330475447e+00  1.000000 0.000000 0.000000  0.707107 -0.707107 0.000000
2451545.113372  1.0298524415e+00  1.000000 0.000000 0.000000  0.707107 -0.707107 0.000000
2451545.114039  1.0252745569e+00  1.000000 0.000000 0.000000  0.707107 -0.707107 0.000000
2451545.114706  1.0207656720e+00  1.000000 0.000000 0.000000  0.707107 -0.707107 0.000000
2451545.115373  1.0132649890e+00  1.000000 0.000000 0.000000  0.707107 -0.707107 0.000000
2451545.116040  1.0085482687e+00  1.000000 0.000000 0.000000  0.707107 -0.707107 0.000000
2451545.116707  1.0041955739e+00  1.000000 0.000000 0.000000  0.707107 -0.707107 0.000000
2451545.117374  9.9615334800e-01  1.000000 0.000000 0.000000  0.707107 -0.707107 0.000000
2451545.118041  9.9146088212e-01  1.000000 0.000000 0.000000  0.707107 -0.707107 0.000000
2451545.118707  9.8648781755e-01  1.000000 0.000000 0.000000  0.707107 -0.707107 0.000000
2451545.119374  9.7814478091e-01  1.000000 0.000000 0.000000  0.707107 -0.707107 0.000000
2451545.120041  9.7460774598e-01  1.000000 0.000000 0.000000  0.707107 -0.707107 0.000000
2451545.120708  9.7492382025e-01  1.000000 0.000000 0.000000  0.707107 -0.707107 0.000000
2451545.121375  9.7674673595e-01  1.000000 0.000000 0.000000  0.707107 -0.707107 0.000000
2451545.122042  9.7983785176e-01  1.000000 0.000000 0.000000  0.707107 -0.707107 0.000000
2451545.122709  9.8563466095e-01  1.000000 0.000000 0.000000  0.707107 -0.707107 0.000000
2451545.123376  9.8918828368e-01  1.000000 0.000000 0.000000  0.707107 -0.707107 0.000000
2451545.124043  9.9026642105e-01  1.000000 0.000000 0.000000  0.707107 -0.707107 0.000000
2451545.124710  9.9667147284e-01  1.000000 0.000000 0.000000  0.707107 -0.707107 0.000000
2451545.125376  9.9935047240e-01  1.000000 0.000000 0.000000  0.707107 -0.707107 0.000000
2451545.126043  1.0023286796e+00  1.000000 0.000000 0.000000  0.707107 -0.707107 0.000000
2451545.126710  1.0043415187e+00  1.000000 0.000000 0.000000  0.707107 -0.707107 0.000000
2451545.127377  1.0067118318e+00  1.000000 0.000000 0.000000  0.707107 -0.707107 0.000000
2451545.128044  1.0091096054e+00  1.000000 0.000000 0.000000  0.707107 -0.707107 0.000000
2451545.128711  1.0137739139e+00  1.000000 0.000000 0.000000  0.707107 -0.707107 0.000000
2451545.129378  1.0147969212e+00  1.000000 0.000000 0.000000  0.707107 -0.707107 0.000000
2451545.130045  1.0163531775e+00  1.000000 0.000000 0.000000  0.707107 -0.707107 0.000000
2451545.130712  1.0163809168e+00  1.000000 0.000000 0.000000  0.707107 -0.707107 0.000000
2451545.131378  1.0192845486e+00  1.000000 0.000000 0.000000  0.707107 -0.707107 0.000000
2451545.132045  1.0193807300e+00  1.000000 0.000000 0.000000  0.707107 -0.707107 0.000000
2451545.132712  1.0199373274e+00  1.000000 0.000000 0.000000  0.707107 -0.707107 0.000000
2451545.133379  1.0212519455e+00  1.000000 0.000000 0.000000  0.707107 -0.707107 0.000000
2451545.134046  1.0210035466e+00  1.000000 0.000000 0.000000  0.707107 -0.707107 0.000000
2451545.134713  1.0211222400e+00  1.000000 0.000000 0.000000  0.707107 -0.707107 0.000000
2451545.135380  1.0196818195e+00  1.000000 0.000000 0.000000  0.707107 -0.707107 0.000000
2451545.136047  1.0183734044e+00  1.000000 0.000000 0.000000  0.707107 -0.707107 0.000000
2451545.136714  1.0166665336e+00  1.000000 0.000000 0.000000  0.707107 -0.707107 0.000000
2451545.137381  1.0162169206e+00  1.000000 0.000000 0.000000  0.707107 -0.707107 0.000000
2451545.138047  1.0150697836e+00  1.000000 0.000000 0.000000  0.707107 -0.707107 0.000000
2451545.138714  1.0118603228e+00  1.000000 0.000000 0.000000  0.707107 -0.707107 0.000000
2451545.139381  1.0087450920e+00  1.000000 0.000000 0.000000  0.707107 -0.707107 0.000000
2451545.140048  1.0064790450e+00  1.000000 0.000000 0.000000  0.707107 -0.707107 0.000000
2451545.140715  1.0050251034e+00  1.000000 0.000000 0.000000  0.707107 -0.707107 0.000000
2451545.141382  1.0006997994e+00  1.000000 0.000000 0.000000  0.707107 -0.707107 0.000000
2451545.142049  9.9795479713e-01  1.000000 0.000000 0.000000  0.707107 -0.707107 0.000000
2451545.142716  9.9028049977e-01  1.000000 0.000000 0.000000  0.707107 -0.707107 0.000000
2451545.143383  9.8738669516e-01  1.000000 0.000000 0.000000  0.707107 -0.707107 0.000000
2451545.144050  9.8263819318e-01  1.000000 0.000000 0.000000  0.707107 -0.707107 0.000000
2451545.144716  9.7855139112e-01  1.000000 0.000000 0.000000  0.707107 -0.707107 0.000000
2451545.145383  9.7197390984e-01  1.000000 0.000000 0.000000  0.707107 -0.707107 0.000000
2451545.146050  9.6467729859e-01  1.000000 0.000000 0.000000  0.707107 -0.707107 0.000000
2451545.146717  9.6095835542e-01  1.000000 0.000000 0.000000  0.707107 -0.707107 0.000000
2451545.147384  9.5552592028e-01  1.000000 0.000000 0.000000  0.707107 -0.707107 0.000000
2451545.148051  9.4878130645e-01  1.000000 0.000000 0.000000  0.707107 -0.707107 0.000000
2451545.148718  9.4328265950e-01  1.000000 0.000000 0.000000  0.707107 -0.707107 0.000000
2451545.149385  9.3908099738e-01  1.000000 0.000000 0.000000  0.707107 -0.707107 0.000000
2451545.150052  9.3173859544e-01  1.000000 0.000000 0.000000  0.707107 -0.707107 0.000000
2451545.150718  9.2696312086e-01  1.000000 0.000000 0.000000  0.707107 -0.707107 0.000000
2451545.151385  9.2191429604e-01  1.000000 0.000000 0.000000  0.707107 -0.707107 0.000000
2451545.152052  9.2069411692e-01  1.000000 0.000000 0.000000  0.707107 -0.707107 0.000000
2451545.152719  9.2408917979e-01  1.000000 0.000000 0.000000  0.707107 -0.707107 0.000000
2451545.153386  9.2596527402e-01  1.000000 0.000000 0.000000  0.707107 -0.707107 0.000000
2451545.154053  9.2862238884e-01  1.000000 0.000000 0.000000  0.707107 -0.707107 0.000000
2451545.154720  9.3245103452e-01  1.000000 0.000000 0.000000  0.707107 -0.707107 0.000000
2451545.155387  9.3766908279e-01  1.000000 0.000000 0.000000  0.707107 -0.707107 0.000000
2451545.156054  9.4463616831e-01  1.000000 0.000000 0.000000  0.707107 -0.707107 0.000000
2451545.156721  9.4843923533e-01  1.000000 0.000000 0.000000  0.707107 -0.707107 0.000000
2451545.157387  9.5165594449e-01  1.000000 0.000000 0.000000  0.707107 -0.707107 0.000000
2451545.158054  9.5592514265e-01  1.000000 0.000000 0.000000  0.707107 -0.707107 0.000000
2451545.158721  9.5963147073e-01  1.000000 0.000000 0.000000  0.707107 -0.707107 0.000000
2451545.159388  9.6460585953e-01  1.000000 0.000000 0.000000  0.707107 -0.707107 0.000000
2451545.160055  9.6957021202e-01  1.000000 0.000000 0.000000  0.707107 -0.707107 0.000000
2451545.160722  9.7290324488e-01  1.000000 0.000000 0.000000  0.707107 -0.707107 0.000000
2451545.161389  9.7671342095e-01  1.000000 0.000000 0.000000  0.707107 -0.707107 0.000000
2451545.162056  9.8104674003e-01  1.000000 0.000000 0.000000  0.707107 -0.707107 0.000000
2451545.162723  9.8306856995e-01  1.000000 0.000000 0.000000  0.707107 -0.707107 0.000000
2451545.163389  9.8357449788e-01  1.000000 0.000000 0.000000  0.707107 -0.707107 0.000000
2451545.164056  9.8735094078e-01  1.000000 0.000000 0.000000  0.707107 -0.707107 0.000000
2451545.164723  9.9009998547e-01  1.000000 0.000000 0.000000  0.707107 -0.707107 0.000000
2451545.165390  9.9120551362e-01  1.000000 0.000000 0.000000  0.707107 -0.707107 0.000000
2451545.166057  9.9493644461e-01  1.000000 0.000000 0.000000  0.707107 -0.707107 0.000000
2451545.166724  9.9437141392e-01  1.000000 0.000000 0.000000  0.707107 -0.707107 0.000000
2451545.167391  9.9651744326e-01  1.000000 0.000000 0.000000  0.707107 -0.707107 0.000000
2451545.168058  9.9895905605e-01  1.000000 0.000000 0.000000  0.707107 -0.707107 0.000000
2451545.168725  9.9970724952e-01  1.000000 0.000000 0.000000  0.707107 -0.707107 0.000000
2451545.169392  9.9817252944e-01  1.000000 0.000000 0.000000  0.707107 -0.707107 0.000000
2451545.170058  9.9727546395e-01  1.000000 0.000000 0.000000  0.707107 -0.707107 0.000000
2451545.170725  9.9903837083e-01  1.000000 0.000000 0.000000  0.707107 -0.707107 0.000000
2451545.171392  1.0000741326e+00  1.000000 0.000000 0.000000  0.707107 -0.707107 0.000000
2451545.172059  9.9970759800e-01  1.000000 0.000000 0.000000  0.707107 -0.707107 0.000000
2451545.172726  9.9884628689e-01  1.000000 0.000000 0.000000  0.707107 -0.707107 0.000000
2451545.173393  9.9764966522e-01  1.000000 0.000000 0.000000  0.707107 -0.707107 0.000000
2451545.174060  9.9791771851e-01  1.000000 0.000000 0.000000  0.707107 -0.707107 0.000000
2451545.174727  9.9561849596e-01  1.000000 0.000000 0.000000  0.707107 -0.707107 0.000000
2451545.175394  9.9487302066e-01  1.000000 0.000000 0.000000  0.707107 -0.707107 0.000000
2451545.176061  9.9463835207e-01  1.000000 0.000000 0.000000  0.707107 -0.707107 0.000000
2451545.176727  9.9391350698e-01  1.000000 0.000000 0.000000  0.707107 -0.707107 0.000000
2451545.177394  9.9167101749e-01  1.000000 0.000000 0.000000  0.707107 -0.707107 0.000000
2451545.178061  9.9090358776e-01  1.000000 0.000000 0.000000  0.707107 -0.707107 0.000000
2451545.178728  9.9047021403e-01  1.000000 0.000000 0.000000  0.707107 -0.707107 0.000000
2451545.179395  9.9040483858e-01  1.000000 0.000000 0.000000  0.707107 -0.707107 0.000000
2451545.180062  9.9111560495e-01  1.000000 0.000000 0.000000  0.707107 -0.707107 0.000000
2451545.180729  9.9234582039e-01  1.000000 0.000000 0.000000  0.707107 -0.707107 0.000000
2451545.181396  9.9202228857e-01  1.000000 0.000000 0.000000  0.707107 -0.707107 0.000000
2451545.182063  9.9387733442e-01  1.000000 0.000000 0.000000  0.707107 -0.707107 0.000000
2451545.182729  9.9721977633e-01  1.000000 0.000000 0.000000  0.707107 -0.707107 0.000000
2451545.183396  1.0015588105e+00  1.000000 0.000000 0.000000  0.707107 -0.707107 0.000000
2451545.184063  1.0047506380e+00  1.000000 0.000000 0.000000  0.707107 -0.707107 0.000000
2451545.184730  1.0073844044e+00  1.000000 0.000000 0.000000  0.707107 -0.707107 0.000000
2451545.185397  1.0109118909e+00  1.000000 0.000000 0.000000  0.707107 -0.707107 0.000000
2451545.186064  1.0151808800e+00  1.000000 0.000000 0.000000  0.707107 -0.707107 0.000000
2451545.186731  1.0176001202e+00  1.000000 0.000000 0.000000  0.707107 -0.707107 0.000000
2451545.187398  1.0255541799e+00  1.000000 0.000000 0.000000  0.707107 -0.707107 0.000000
2451545.188065  1.0272202781e+00  1.000000 0.000000 0.000000  0.707107 -0.707107 0.000000
2451545.188732  1.0314091857e+00  1.000000 0.000000 0.000000  0.707107 -0.707107 0.000000
2451545.189398  1.0355725147e+00  1.000000 0.000000 0.000000  0.707107 -0.707107 0.000000
2451545.190065  1.0385018646e+00  1.000000 0.000000 0.000000  0.707107 -0.707107 0.000000
2451545.190732  1.0397151438e+00  1.000000 0.000000 0.000000  0.707107 -0.707107 0.000000
2451545.191399  1.0428062596e+00  1.000000 0.000000 0.000000  0.707107 -0.707107 0.000000
2451545.192066  1.0451064579e+00  1.000000 0.000000 0.000000  0.707107 -0.707107 0.000000
2451545.192733  1.0470409579e+00  1.000000 0.000000 0.000000  0.707107 -0.707107 0.000000
2451545.193400  1.0480503744e+00  1.000000 0.000000 0.000000  0.707107 -0.707107 0.000000
2451545.194067  1.0483377336e+00  1.000000 0.000000 0.000000  0.707107 -0.707107 0.000000
2451545.194734  1.0496977242e+00  1.000000 0.000000 0.000000  0.707107 -0.707107 0.000000
2451545.195400  1.0515265642e+00  1.000000 0.000000 0.000000  0.707107 -0.707107 0.000000
2451545.196067  1.0511216964e+00  1.000000 0.000000 0.000000  0.707107 -0.707107 0.000000
2451545.196734  1.0482002222e+00  1.000000 0.000000 0.000000  0.707107 -0.707107 0.000000
2451545.197401  1.0477885241e+00  1.000000 0.000000 0.000000  0.707107 -0.707107 0.000000
2451545.198068  1.0477888726e+00  1.000000 0.000000 0.000000  0.707107 -0.707107 0.000000
2451545.198735  1.0479410204e+00  1.000000 0.000000 0.000000  0.707107 -0.707107 0.000000
2451545.199402  1.0448687226e+00  1.000000 0.000000 0.000000  0.707107 -0.707107 0.000000
2451545.200069  1.0430041283e+00  1.000000 0.000000 0.000000  0.707107 -0.707107 0.000000
2451545.200736  1.0380096669e+00  1.000000 0.000000 0.000000  0.707107 -0.707107 0.000000
2451545.201403  1.0370054777e+00  1.000000 0.000000 0.000000  0.707107 -0.707107 0.000000
2451545.202069  1.0345210711e+00  1.000000 0.000000 0.000000  0.707107 -0.707107 0.000000
2451545.202736  1.0299389351e+00  1.000000 0.000000 0.000000  0.707107 -0.707107 0.000000
2451545.203403  1.0265484722e+00  1.000000 0.000000 0.000000  0.707107 -0.707107 0.000000
2451545.204070  1.0238343455e+00  1.000000 0.000000 0.000000  0.707107 -0.707107 0.000000
2451545.204737  1.0185275734e+00  1.000000 0.000000 0.000000  0.707107 -0.707107 0.000000
2451545.205404  1.0148404119e+00  1.000000 0.000000 0.000000  0.707107 -0.707107 0.000000
2451545.206071  1.0104526597e+00  1.000000 0.000000 0.000000  0.707107 -0.707107 0.000000
2451545.206738  1.0048789495e+00  1.000000 0.000000 0.000000  0.707107 -0.707107 0.000000
2451545.207405  1.0017376521e+00  1.000000 0.000000 0.000000  0.707107 -0.707107 0.000000
2451545.208072  9.9815649921e-01  1.000000 0.000000 0.000000  0.707107 -0.707107 0.000000
2451545.208738  9.9500781397e-01  1.000000 0.000000 0.000000  0.707107 -0.707107 0.000000
2451545.209405  9.8944142189e-01  1.000000 0.000000 0.000000  0.707107 -0.707107 0.000000
2451545.210072  9.8739457088e-01  1.000000 0.000000 0.000000  0.707107 -0.707107 0.000000
2451545.210739  9.8784738997e-01  1.000000 0.000000 0.000000  0.707107 -0.707107 0.000000
2451545.211406  9.8608984972e-01  1.000000 0.000000 0.000000  0.707107 -0.707107 0.000000
2451545.212073  9.8571460299e-01  1.000000 0.000000 0.000000  0.707107 -0.707107 0.000000
2451545.212740  9.8351469816e-01  1.000000 0.000000 0.000000  0.707107 -0.707107 0.000000
2451545.213407  9.8372204567e-01  1.000000 0.000000 0.000000  0.707107 -0.707107 0.000000
2451545.214074  9.8335070196e-01  1.000000 0.000000 0.000000  0.707107 -0.707107 0.000000
2451545.214740  9.8541504682e-01  1.000000 0.000000 0.000000  0.707107 -0.707107 0.000000
2451545.215407  9.8598335325e-01  1.000000 0.000000 0.000000  0.707107 -0.707107 0.000000
2451545.216074  9.8616491300e-01  1.000000 0.000000 0.000000  0.707107 -0.707107 0.000000
2451545.216741  9.8851229594e-01  1.000000 0.000000 0.000000  0.707107 -0.707107 0.000000
2451545.217408  9.8907760541e-01  1.000000 0.000000 0.000000  0.707107 -0.707107 0.000000
2451545.218075  9.9023735755e-01  1.000000 0.000000 0.000000  0.707107 -0.707107 0.000000
2451545.218742  9.9039626589e-01  1.000000 0.000000 0.000000  0.707107 -0.707107 0.000000
2451545.219409  9.9143216710e-01  1.000000 0.000000 0.000000  0.707107 -0.707107 0.000000
2451545.220076  9.9295232058e-01  1.000000 0.000000 0.000000  0.707107 -0.707107 0.000000
2451545.220743  9.9385203454e-01  1.000000 0.000000 0.000000  0.707107 -0.707107 0.000000
2451545.221409  9.9320044063e-01  1.000000 0.000000 0.000000  0.707107 -0.707107 0.000000
2451545.222076  9.9421529344e-01  1.000000 0.000000 0.000000  0.707107 -0.707107 0.000000
2451545.222743  9.9499749887e-01  1.000000 0.000000 0.000000  0.707107 -0.707107 0.000000
2451545.223410  9.9585476758e-01  1.000000 0.000000 0.000000  0.707107 -0.707107 0.000000
2451545.224077  9.9471146385e-01  1.000000 0.000000 0.000000  0.707107 -0.707107 0.000000
2451545.224744  9.9380345598e-01  1.000000 0.000000 0.000000  0.707107 -0.707107 0.000000
2451545.225411  9.9397212186e-01  1.000000 0.000000 0.000000  0.707107 -0.707107 0.000000
2451545.226078  9.9521509179e-01  1.000000 0.000000 0.000000  0.707107 -0.707107 0.000000
2451545.226745  9.9462050973e-01  1.000000 0.000000 0.000000  0.707107 -0.707107 0.000000
2451545.227411  9.9306662307e-01  1.000000 0.000000 0.000000  0.707107 -0.707107 0.000000
2451545.228078  9.8924780461e-01  1.000000 0.000000 0.000000  0.707107 -0.707107 0.000000
2451545.228745  9.8753305811e-01  1.000000 0.000000 0.000000  0.707107 -0.707107 0.000000
2451545.229412  9.8744154641e-01  1.000000 0.000000 0.000000  0.707107 -0.707107 0.000000
2451545.230079  9.8600133498e-01  1.000000 0.000000 0.000000  0.707107 -0.707107 0.000000
2451545.230746  9.8291607369e-01  1.000000 0.000000 0.000000  0.707107 -0.707107 0.000000
2451545.231413  9.8050296682e-01  1.000000 0.000000 0.000000  0.707107 -0.707107 0.000000
2451545.232080  9.7681977803e-01  1.000000 0.000000 0.000000  0.707107 -0.707107 0.000000
2451545.232747  9.7333501558e-01  1.000000 0.000000 0.000000  0.707107 -0.707107 0.000000
2451545.233414  9.6996260412e-01  1.000000 0.000000 0.000000  0.707107 -0.707107 0.000000
2451545.234080  9.6386421756e-01  1.000000 0.000000 0.000000  0.707107 -0.707107 0.000000
2451545.234747  9.6060136922e-01  1.000000 0.000000 0.000000  0.707107 -0.707107 0.000000
2451545.235414  9.5699108311e-01  1.000000 0.000000 0.000000  0.707107 -0.707107 0.000000
2451545.236081  9.4969983851e-01  1.000000 0.000000 0.000000  0.707107 -0.707107 0.000000
2451545.236748  9.4506877537e-01  1.000000 0.000000 0.000000  0.707107 -0.707107 0.000000
2451545.237415  9.4126556896e-01  1.000000 0.000000 0.000000  0.707107 -0.707107 0.000000
2451545.238082  9.3505810715e-01  1.000000 0.000000 0.000000  0.707107 -0.707107 0.000000
2451545.238749  9.2871640961e-01  1.000000 0.000000 0.000000  0.707107 -0.707107 0.000000
2451545.239416  9.2142941650e-01  1.000000 0.000000 0.000000  0.707107 -0.707107 0.000000
360  1
2451545.000000  9.4726709693e-01  1.000000 0.000000 0.000000  0.000000 -0.000000 1.000000
2451545.000667  9.4239932913e-01  1.000000 0.000000 0.000000  0.000000 -0.000000 1.000000
2451545.001334  9.3774645804e-01  1.000000 0.000000 0.000000  0.000000 -0.000000 1.000000
2451545.002001  9.3384677280e-01  1.000000 0.000000 0.000000  0.000000 -0.000000 1.000000
2451545.002668  9.2861082187e-01  1.000000 0.000000 0.000000  0.000000 -0.000000 1.000000
2451545.003334  9.2420519289e-01  1.000000 0.000000 0.000000  0.000000 -0.000000 1.000000
2451545.004001  9.1730453180e-01  1.000000 0.000000 0.000000  0.000000 -0.000000 1.000000
2451545.004668  9.1496598983e-01  1.000000 0.000000 0.000000  0.000000 -0.000000 1.000000
2451545.005335  9.1322278814e-01  1.000000 0.000000 0.000000  0.000000 -0.000000 1.000000
2451545.006002  9.0861495417e-01  1.000000 0.000000 0.000000  0.000000 -0.000000 1.000000
2451545.006669  9.0843899517e-01  1.000000 0.000000 0.000000  0.000000 -0.000000 1.000000
2451545.007336  9.0776214446e-01  1.000000 0.000000 0.000000  0.000000 -0.000000 1.000000
2451545.008003  9.0983323614e-01  1.000000 0.000000 0.000000  0.000000 -0.000000 1.000000
2451545.008670  9.0940251857e-01  1.000000 0.000000 0.000000  0.000000 -0.000000 1.000000
2451545.009337  9.1071728227e-01  1.000000 0.000000 0.000000  0.000000 -0.000000 1.000000
2451545.010003  9.1168283881e-01  1.000000 0.000000 0.000000  0.000000 -0.000000 1.000000
2451545.010670  9.1327743647e-01  1.000000 0.000000 0.000000  0.000000 -0.000000 1.000000
2451545.011337  9.1593783062e-01  1.000000 0.000000 0.000000  0.000000 -0.000000 1.000000
2451545.012004  9.1761449319e-01  1.000000 0.000000 0.000000  0.000000 -0.000000 1.000000
2451545.012671  9.1832689303e-01  1.000000 0.000000 0.000000  0.000000 -0.000000 1.000000
2451545.013338  9.2106910566e-01  1.000000 0.000000 0.000000  0.000000 -0.000000 1.000000
2451545.014005  9.2746339174e-01  1.000000 0.000000 0.000000  0.000000 -0.000000 1.000000
2451545.014672  9.2941120122e-01  1.000000 0.000000 0.000000  0.000000 -0.000000 1.000000
2451545.015339  9.3156472747e-01  1.000000 0.000000 0.000000  0.000000 -0.000000 1.000000
2451545.016006  9.3253090012e-01  1.000000 0.000000 0.000000  0.000000 -0.000000 1.000000
2451545.016672  9.3594645166e-01  1.000000 0.000000 0.000000  0.000000 -0.000000 1.000000
2451545.017339  9.3837026227e-01  1.000000 0.000000 0.000000  0.000000 -0.000000 1.000000
2451545.018006  9.4428059949e-01  1.000000 0.000000 0.000000  0.000000 -0.000000 1.000000
2451545.018673  9.4716796597e-01  1.000000 0.000000 0.000000  0.000000 -0.000000 1.000000
2451545.019340  9.4720024976e-01  1.000000 0.000000 0.000000  0.000000 -0.000000 1.000000
2451545.020007  9.5205230694e-01  1.000000 0.000000 0.000000  0.000000 -0.000000 1.000000
2451545.020674  9.5429529134e-01  1.000000 0.000000 0.000000  0.000000 -0.000000 1.000000
2451545.021341  9.5645898330e-01  1.000000 0.000000 0.000000  0.000000 -0.000000 1.000000
2451545.022008  9.5940407862e-01  1.000000 0.000000 0.000000  0.000000 -0.000000 1.000000
2451545.022674  9.6169154566e-01  1.000000 0.000000 0.000000  0.000000 -0.000000 1.000000
2451545.023341  9.6315861000e-01  1.000000 0.000000 0.000000  0.000000 -0.000000 1.000000
2451545.024008  9.6846085361e-01  1.000000 0.000000 0.000000  0.000000 -0.000000 1.000000
2451545.024675  9.7153915039e-01  1.000000 0.000000 0.000000  0.000000 -0.000000 1.000000
2451545.025342  9.7243693561e-01  1.000000 0.000000 0.000000  0.000000 -0.000000 1.000000
2451545.026009  9.7692771002e-01  1.000000 0.000000 0.000000  0.000000 -0.000000 1.000000
2451545.026676  9.7970953806e-01  1.000000 0.000000 0.000000  0.000000 -0.000000 1.000000
2451545.027343  9.8089307183e-01  1.000000 0.000000 0.000000  0.000000 -0.000000 1.000000
2451545.028010  9.8227653100e-01  1.000000 0.000000 0.000000  0.000000 -0.000000 1.000000
2451545.028677  9.8547958863e-01  1.000000 0.000000 0.000000  0.000000 -0.000000 1.000000
2451545.029343  9.9086278816e-01  1.000000 0.000000 0.000000  0.000000 -0.000000 1.000000
2451545.030010  9.9237439675e-01  1.000000 0.000000 0.000000  0.000000 -0.000000 1.000000
2451545.030677  9.9508099863e-01  1.000000 0.000000 0.000000  0.000000 -0.000000 1.000000
2451545.031344  9.9653826694e-01  1.000000 0.000000 0.000000  0.000000 -0.000000 1.000000
2451545.032011  9.9897107266e-01  1.000000 0.000000 0.000000  0.000000 -0.000000 1.000000
2451545.032678  1.0019883752e+00  1.000000 0.000000 0.000000  0.000000 -0.000000 1.000000
2451545.033345  1.0041529297e+00  1.000000 0.000000 0.000000  0.000000 -0.000000 1.000000
2451545.034012  1.0066872692e+00  1.000000 0.000000 0.000000  0.000000 -0.000000 1.000000
2451545.034679  1.0108595184e+00  1.000000 0.000000 0.000000  0.000000 -0.000000 1.000000
2451545.035345  1.0173840487e+00  1.000000 0.000000 0.000000  0.000000 -0.000000 1.000000
2451545.036012  1.0201898431e+00  1.000000 0.000000 0.000000  0.000000 -0.000000 1.000000
2451545.036679  1.0233871710e+00  1.000000 0.000000 0.000000  0.000000 -0.000000 1.000000
2451545.037346  1.0254860489e+00  1.000000 0.000000 0.000000  0.000000 -0.000000 1.000000
2451545.038013  1.0284714990e+00  1.000000 0.000000 0.000000  0.000000 -0.000000 1.000000
2451545.038680  1.0328914832e+00  1.000000 0.000000 0.000000  0.000000 -0.000000 1.000000
2451545.039347  1.0375537806e+00  1.000000 0.000000 0.000000  0.000000 -0.000000 1.000000
2451545.040014  1.0389101929e+00  1.000000 0.000000 0.000000  0.000000 -0.000000 1.000000
2451545.040681  1.0386351645e+00  1.000000 0.000000 0.000000  0.000000 -0.000000 1.000000
2451545.041348  1.0443970209e+00  1.000000 0.000000 0.000000  0.000000 -0.000000 1.000000
2451545.042014  1.0466146835e+00  1.000000 0.000000 0.000000  0.000000 -0.000000 1.000000
2451545.042681  1.0472110095e+00  1.000000 0.000000 0.000000  0.000000 -0.000000 1.000000
2451545.043348  1.0469511373e+00  1.000000 0.000000 0.000000  0.000000 -0.000000 1.000000
2451545.044015  1.0461614166e+00  1.000000 0.000000 0.000000  0.000000 -0.000000 1.000000
2451545.044682  1.0485122806e+00  1.000000 0.000000 0.000000  0.000000 -0.000000 1.000000
2451545.045349  1.0508341878e+00  1.000000 0.000000 0.000000  0.000000 -0.000000 1.000000
2451545.046016  1.0495102441e+00  1.000000 0.000000 0.000000  0.000000 -0.000000 1.000000
2451545.046683  1.0499943778e+00  1.000000 0.000000 0.000000  0.000000 -0.000000 1.000000
2451545.047350  1.0456793160e+00  1.000000 0.000000 0.000000  0.000000 -0.000000 1.000000
2451545.048017  1.0467676619e+00  1.000000 0.000000 0.000000  0.000000 -0.000000 1.000000
2451545.048683  1.0432954288e+00  1.000000 0.000000 0.000000  0.000000 -0.000000 1.000000
2451545.049350  1.0432882821e+00  1.000000 0.000000 0.000000  0.000000 -0.000000 1.000000
2451545.050017  1.0414836549e+00  1.000000 0.000000 0.000000  0.000000 -0.000000 1.000000
2451545.050684  1.0380395162e+00  1.000000 0.000000 0.000000  0.000000 -0.000000 1.000000
2451545.051351  1.0365368411e+00  1.000000 0.000000 0.000000  0.000000 -0.000000 1.000000
2451545.052018  1.0337525486e+00  1.000000 0.000000 0.000000  0.000000 -0.000000 1.000000
2451545.052685  1.0283683633e+00  1.000000 0.000000 0.000000  0.000000 -0.000000 1.000000
2451545.053352  1.0262654807e+00  1.000000 0.000000 0.000000  0.000000 -0.000000 1.000000
2451545.054019  1.0222194094e+00  1.000000 0.000000 0.000000  0.000000 -0.000000 1.000000
2451545.054685  1.0171896682e+00  1.000000 0.000000 0.000000  0.000000 -0.000000 1.000000
2451545.055352  1.0145330323e+00  1.000000 0.000000 0.000000  0.000000 -0.000000 1.000000
2451545.056019  1.0118465770e+00  1.000000 0.000000 0.000000  0.000000 -0.000000 1.000000
2451545.056686  1.0086757415e+00  1.000000 0.000000 0.000000  0.000000 -0.000000 1.000000
2451545.057353  1.0039159149e+00  1.000000 0.000000 0.000000  0.000000 -0.000000 1.000000
2451545.058020  1.0004515680e+00  1.000000 0.000000 0.000000  0.000000 -0.000000 1.000000
2451545.058687  9.9417588178e-01  1.000000 0.000000 0.000000  0.000000 -0.000000 1.000000
2451545.059354  9.9087190649e-01  1.000000 0.000000 0.000000  0.000000 -0.000000 1.000000
2451545.060021  9.8669959570e-01  1.000000 0.000000 0.000000  0.000000 -0.000000 1.000000
2451545.060688  9.8447078166e-01  1.000000 0.000000 0.000000  0.000000 -0.000000 1.000000
2451545.061354  9.8095129356e-01  1.000000 0.000000 0.000000  0.000000 -0.000000 1.000000
2451545.062021  9.7883972391e-01  1.000000 0.000000 0.000000  0.000000 -0.000000 1.000000
2451545.062688  9.7663561561e-01  1.000000 0.000000 0.000000  0.000000 -0.000000 1.000000
2451545.063355  9.7579334126e-01  1.000000 0.000000 0.000000  0.000000 -0.000000 1.000000
2451545.064022  9.7396893721e-01  1.000000 0.000000 0.000000  0.000000 -0.000000 1.000000
2451545.064689  9.7260205120e-01  1.000000 0.000000 0.000000  0.000000 -0.000000 1.000000
2451545.065356  9.7232874793e-01  1.000000 0.000000 0.000000  0.000000 -0.000000 1.000000
2451545.066023  9.7349749523e-01  1.000000 0.000000 0.000000  0.000000 -0.000000 1.000000
2451545.066690  9.7466285396e-01  1.000000 0.000000 0.000000  0.000000 -0.000000 1.000000
2451545.067356  9.7453211691e-01  1.000000 0.000000 0.000000  0.000000 -0.000000 1.000000
2451545.068023  9.7571947052e-01  1.000000 0.000000 0.000000  0.000000 -0.000000 1.000000
2451545.068690  9.7508710245e-01  1.000000 0.000000 0.000000  0.000000 -0.000000 1.000000
2451545.069357  9.7766487720e-01  1.000000 0.000000 0.000000  0.000000 -0.000000 1.000000
2451545.070024  9.7852027453e-01  1.000000 0.000000 0.000000  0.000000 -0.000000 1.000000
2451545.070691  9.7719158691e-01  1.000000 0.000000 0.000000  0.000000 -0.000000 1.000000
2451545.071358  9.7740894803e-01  1.000000 0.000000 0.000000  0.000000 -0.000000 1.000000
2451545.072025  9.8274840425e-01  1.000000 0.000000 0.000000  0.000000 -0.000000 1.000000
2451545.072692  9.8266794121e-01  1.000000 0.000000 0.000000  0.000000 -0.000000 1.000000
2451545.073359  9.8370983291e-01  1.000000 0.000000 0.000000  0.000000 -0.000000 1.000000
2451545.074025  9.8307118059e-01  1.000000 0.000000 0.000000  0.000000 -0.000000 1.000000
2451545.074692  9.8498645983e-01  1.000000 0.000000 0.000000  0.000000 -0.000000 1.000000
2451545.075359  9.8753367587e-01  1.000000 0.000000 0.000000  0.000000 -0.000000 1.000000
2451545.076026  9.8833276140e-01  1.000000 0.000000 0.000000  0.000000 -0.000000 1.000000
2451545.076693  9.8896765549e-01  1.000000 0.000000 0.000000  0.000000 -0.000000 1.000000
2451545.077360  9.9059373601e-01  1.000000 0.000000 0.000000  0.000000 -0.000000 1.000000
2451545.078027  9.9277289214e-01  1.000000 0.000000 0.000000  0.000000 -0.000000 1.000000
2451545.078694  9.9408894966e-01  1.000000 0.000000 0.000000  0.000000 -0.000000 1.000000
2451545.079361  9.9397583315e-01  1.000000 0.000000 0.000000  0.000000 -0.000000 1.000000
2451545.080028  9.9445109497e-01  1.000000 0.000000 0.000000  0.000000 -0.000000 1.000000
2451545.080694  9.9597816774e-01  1.000000 0.000000 0.000000  0.000000 -0.000000 1.000000
2451545.081361  9.9507711718e-01  1.000000 0.000000 0.000000  0.000000 -0.000000 1.000000
2451545.082028  9.9869487370e-01  1.000000 0.000000 0.000000  0.000000 -0.000000 1.000000
2451545.082695  9.9816613415e-01  1.000000 0.000000 0.000000  0.000000 -0.000000 1.000000
2451545.083362  9.9813914884e-01  1.000000 0.000000 0.000000  0.000000 -0.000000 1.000000
2451545.084029  1.0012347581e+00  1.000000 0.000000 0.000000  0.000000 -0.000000 1.000000
2451545.084696  9.9997433470e-01  1.000000 0.000000 0.000000  0.000000 -0.000000 1.000000
2451545.085363  1.0006321478e+00  1.000000 0.000000 0.000000  0.000000 -0.000000 1.000000
2451545.086030  9.9974181745e-01  1.000000 0.000000 0.000000  0.000000 -0.000000 1.000000
2451545.086696  9.9954398679e-01  1.000000 0.000000 0.000000  0.000000 -0.000000 1.000000
2451545.087363  1.0002196053e+00  1.000000 0.000000 0.000000  0.000000 -0.000000 1.000000
2451545.088030  1.0008560396e+00  1.000000 0.000000 0.000000  0.000000 -0.000000 1.000000
2451545.088697  1.0002840497e+00  1.000000 0.000000 0.000000  0.000000 -0.000000 1.000000
2451545.089364  1.0020062422e+00  1.000000 0.000000 0.000000  0.000000 -0.000000 1.000000
2451545.090031  1.0007223453e+00  1.000000 0.000000 0.000000  0.000000 -0.000000 1.000000
2451545.090698  1.0009260289e+00  1.000000 0.000000 0.000000  0.000000 -0.000000 1.000000
2451545.091365  9.9988469172e-01  1.000000 0.000000 0.000000  0.000000 -0.000000 1.000000
2451545.092032  9.9910815556e-01  1.000000 0.000000 0.000000  0.000000 -0.000000 1.000000
2451545.092699  1.0010220794e+00  1.000000 0.000000 0.000000  0.000000 -0.000000 1.000000
2451545.093365  1.0050990790e+00  1.000000 0.000000 0.000000  0.000000 -0.000000 1.000000
2451545.094032  1.0132384767e+00  1.000000 0.000000 0.000000  0.000000 -0.000000 1.000000
2451545.094699  1.0168713894e+00  1.000000 0.000000 0.000000  0.000000 -0.000000 1.000000
2451545.095366  1.0198288684e+00  1.000000 0.000000 0.000000  0.000000 -0.000000 1.000000
2451545.096033  1.0243165007e+00  1.000000 0.000000 0.000000  0.000000 -0.000000 1.000000
2451545.096700  1.0278005629e+00  1.000000 0.000000 0.000000  0.000000 -0.000000 1.000000
2451545.097367  1.0319076283e+00  1.000000 0.000000 0.000000  0.000000 -0.000000 1.000000
2451545.098034  1.0348565435e+00  1.000000 0.000000 0.000000  0.000000 -0.000000 1.000000
2451545.098701  1.0368448310e+00  1.000000 0.000000 0.000000  0.000000 -0.000000 1.000000
2451545.099367  1.0423368343e+00  1.000000 0.000000 0.000000  0.000000 -0.000000 1.000000
2451545.100034  1.0454547465e+00  1.000000 0.000000 0.000000  0.000000 -0.000000 1.000000
2451545.100701  1.0474374274e+00  1.000000 0.000000 0.000000  0.000000 -0.000000 1.000000
2451545.101368  1.0479901333e+00  1.000000 0.000000 0.000000  0.000000 -0.000000 1.000000
2451545.102035  1.0492146996e+00  1.000000 0.000000 0.000000  0.000000 -0.000000 1.000000
2451545.102702  1.0514915696e+00  1.000000 0.000000 0.000000  0.000000 -0.000000 1.000000
2451545.103369  1.0521105683e+00  1.000000 0.000000 0.000000  0.000000 -0.000000 1.000000
2451545.104036  1.0521623209e+00  1.000000 0.000000 0.000000  0.000000 -0.000000 1.000000
2451545.104703  1.0537078768e+00  1.000000 0.000000 0.000000  0.000000 -0.000000 1.000000
2451545.105370  1.0558485265e+00  1.000000 0.000000 0.000000  0.000000 -0.000000 1.000000
2451545.106036  1.0559125396e+00  1.000000 0.000000 0.000000  0.000000 -0.000000 1.000000
2451545.106703  1.0551289798e+00  1.000000 0.000000 0.000000  0.000000 -0.000000 1.000000
2451545.107370  1.0531694644e+00  1.000000 0.000000 0.000000  0.000000 -0.000000 1.000000
2451545.108037  1.0524700643e+00  1.000000 0.000000 0.000000  0.000000 -0.000000 1.000000
2451545.108704  1.0504896630e+00  1.000000 0.000000 0.000000  0.000000 -0.000000 1.000000
2451545.109371  1.0480767574e+00  1.000000 0.000000 0.000000  0.000000 -0.000000 1.000000
2451545.110038  1.0463989242e+00  1.000000 0.000000 0.000000  0.000000 -0.000000 1.000000
2451545.110705  1.0444312762e+00  1.000000 0.000000 0.000000  0.000000 -0.000000 1.000000
2451545.111372  1.0435102023e+00  1.000000 0.000000 0.000000  0.000000 -0.000000 1.000000
2451545.112039  1.0422232249e+00  1.000000 0.000000 0.000000  0.000000 -0.000000 1.000000
2451545.112705  1.0385341236e+00  1.000000 0.000000 0.000000  0.000000 -0.000000 1.000000
2451545.113372  1.0311220355e+00  1.000000 0.000000 0.000000  0.000000 -0.000000 1.000000
2451545.114039  1.0282158779e+00  1.000000 0.000000 0.000000  0.000000 -0.000000 1.000000
2451545.114706  1.0258255216e+00  1.000000 0.000000 0.000000  0.000000 -0.000000 1.000000
2451545.115373  1.0239040814e+00  1.000000 0.000000 0.000000  0.000000 -0.000000 1.000000
2451545.116040  1.0198301622e+00  1.000000 0.000000 0.000000  0.000000 -0.000000 1.000000
2451545.116707  1.0144768437e+00  1.000000 0.000000 0.000000  0.000000 -0.000000 1.000000
2451545.117374  1.0103066892e+00  1.000000 0.000000 0.000000  0.000000 -0.000000 1.000000
2451545.118041  1.0079004992e+00  1.000000 0.000000 0.000000  0.000000 -0.000000 1.000000
2451545.118707  1.0037983009e+00  1.000000 0.000000 0.000000  0.000000 -0.000000 1.000000
2451545.119374  9.9750936841e-01  1.000000 0.000000 0.000000  0.000000 -0.000000 1.000000
2451545.120041  9.9395371506e-01  1.000000 0.000000 0.000000  0.000000 -0.000000 1.000000
2451545.120708  9.9110725782e-01  1.000000 0.000000 0.000000  0.000000 -0.000000 1.000000
2451545.121375  9.8894110145e-01  1.000000 0.000000 0.000000  0.000000 -0.000000 1.000000
2451545.122042  9.8698663806e-01  1.000000 0.000000 0.000000  0.000000 -0.000000 1.000000
2451545.122709  9.8367194258e-01  1.000000 0.000000 0.000000  0.000000 -0.000000 1.000000
2451545.123376  9.8326211089e-01  1.000000 0.000000 0.000000  0.000000 -0.000000 1.000000
2451545.124043  9.8468309074e-01  1.000000 0.000000 0.000000  0.000000 -0.000000 1.000000
2451545.124710  9.8185813549e-01  1.000000 0.000000 0.000000  0.000000 -0.000000 1.000000
2451545.125376  9.8281093870e-01  1.000000 0.000000 0.000000  0.000000 -0.000000 1.000000
2451545.126043  9.8320709290e-01  1.000000 0.000000 0.000000  0.000000 -0.000000 1.000000
2451545.126710  9.8790222866e-01  1.000000 0.000000 0.000000  0.000000 -0.000000 1.000000
2451545.127377  9.8979039937e-01  1.000000 0.000000 0.000000  0.000000 -0.000000 1.000000
2451545.128044  9.9163217753e-01  1.000000 0.000000 0.000000  0.000000 -0.000000 1.000000
2451545.128711  9.9369026944e-01  1.000000 0.000000 0.000000  0.000000 -0.000000 1.000000
2451545.129378  9.9560474775e-01  1.000000 0.000000 0.000000  0.000000 -0.000000 1.000000
2451545.130045  9.9779049618e-01  1.000000 0.000000 0.000000  0.000000 -0.000000 1.000000
2451545.130712  1.0025286975e+00  1.000000 0.000000 0.000000  0.000000 -0.000000 1.000000
2451545.131378  1.0049830053e+00  1.000000 0.000000 0.000000  0.000000 -0.000000 1.000000
2451545.132045  1.0060419630e+00  1.000000 0.000000 0.000000  0.000000 -0.000000 1.000000
2451545.132712  1.0103914650e+00  1.000000 0.000000 0.000000  0.000000 -0.000000 1.000000
2451545.133379  1.0126754203e+00  1.000000 0.000000 0.000000  0.000000 -0.000000 1.000000
2451545.134046  1.0146664802e+00  1.000000 0.000000 0.000000  0.000000 -0.000000 1.000000
2451545.134713  1.0165687596e+00  1.000000 0.000000 0.000000  0.000000 -0.000000 1.000000
2451545.135380  1.0178344199e+00  1.000000 0.000000 0.000000  0.000000 -0.000000 1.000000
2451545.136047  1.0201162804e+00  1.000000 0.000000 0.000000  0.000000 -0.000000 1.000000
2451545.136714  1.0234096587e+00  1.000000 0.000000 0.000000  0.000000 -0.000000 1.000000
2451545.137381  1.0249866975e+00  1.000000 0.000000 0.000000  0.000000 -0.000000 1.000000
2451545.138047  1.0240744338e+00  1.000000 0.000000 0.000000  0.000000 -0.000000 1.000000
2451545.138714  1.0274164843e+00  1.000000 0.000000 0.000000  0.000000 -0.000000 1.000000
2451545.139381  1.0277863925e+00  1.000000 0.000000 0.000000  0.000000 -0.000000 1.000000
2451545.140048  1.0276376036e+00  1.000000 0.000000 0.000000  0.000000 -0.000000 1.000000
2451545.140715  1.0278575524e+00  1.000000 0.000000 0.000000  0.000000 -0.000000 1.000000
2451545.141382  1.0260154046e+00  1.000000 0.000000 0.000000  0.000000 -0.000000 1.000000
2451545.142049  1.0268516411e+00  1.000000 0.000000 0.000000  0.000000 -0.000000 1.000000
2451545.142716  1.0290213092e+00  1.000000 0.000000 0.000000  0.000000 -0.000000 1.000000
2451545.143383  1.0267542968e+00  1.000000 0.000000 0.000000  0.000000 -0.000000 1.000000
2451545.144050  1.0249688921e+00  1.000000 0.000000 0.000000  0.000000 -0.000000 1.000000
2451545.144716  1.0235955986e+00  1.000000 0.000000 0.000000  0.000000 -0.000000 1.000000
2451545.145383  1.0250190429e+00  1.000000 0.000000 0.000000  0.000000 -0.000000 1.000000
2451545.146050  1.0226037345e+00  1.000000 0.000000 0.000000  0.000000 -0.000000 1.000000
2451545.146717  1.0209600950e+00  1.000000 0.000000 0.000000  0.000000 -0.000000 1.000000
2451545.147384  1.0207950410e+00  1.000000 0.000000 0.000000  0.000000 -0.000000 1.000000
2451545.148051  1.0211799822e+00  1.000000 0.000000 0.000000  0.000000 -0.000000 1.000000
2451545.148718  1.0223258720e+00  1.000000 0.000000 0.000000  0.000000 -0.000000 1.000000
2451545.149385  1.0225224089e+00  1.000000 0.000000 0.000000  0.000000 -0.000000 1.000000
2451545.150052  1.0210731499e+00  1.000000 0.000000 0.000000  0.000000 -0.000000 1.000000
2451545.150718  1.0228743269e+00  1.000000 0.000000 0.000000  0.000000 -0.000000 1.000000
2451545.151385  1.0253399709e+00  1.000000 0.000000 0.000000  0.000000 -0.000000 1.000000
2451545.152052  1.0281256188e+00  1.000000 0.000000 0.000000  0.000000 -0.000000 1.000000
2451545.152719  1.0279308686e+00  1.000000 0.000000 0.000000  0.000000 -0.000000 1.000000
2451545.153386  1.0291407716e+00  1.000000 0.000000 0.000000  0.000000 -0.000000 1.000000
2451545.154053  1.0345286535e+00  1.000000 0.000000 0.000000  0.000000 -0.000000 1.000000
2451545.154720  1.0362437609e+00  1.000000 0.000000 0.000000  0.000000 -0.000000 1.000000
2451545.155387  1.0376421298e+00  1.000000 0.000000 0.000000  0.000000 -0.000000 1.000000
2451545.156054  1.0388177774e+00  1.000000 0.000000 0.000000  0.000000 -0.000000 1.000000
2451545.156721  1.0397979972e+00  1.000000 0.000000 0.000000  0.000000 -0.000000 1.000000
2451545.157387  1.0413238994e+00  1.000000 0.000000 0.000000  0.000000 -0.000000 1.000000
2451545.158054  1.0460930291e+00  1.000000 0.000000 0.000000  0.000000 -0.000000 1.000000
2451545.158721  1.0480523597e+00  1.000000 0.000000 0.000000  0.000000 -0.000000 1.000000
2451545.159388  1.0476724090e+00  1.000000 0.000000 0.000000  0.000000 -0.000000 1.000000
2451545.160055  1.0481739785e+00  1.000000 0.000000 0.000000  0.000000 -0.000000 1.000000
2451545.160722  1.0498319731e+00  1.000000 0.000000 0.000000  0.000000 -0.000000 1.000000
2451545.161389  1.0516003734e+00  1.000000 0.000000 0.000000  0.000000 -0.000000 1.000000
2451545.162056  1.0516624766e+00  1.000000 0.000000 0.000000  0.000000 -0.000000 1.000000
2451545.162723  1.0517310488e+00  1.000000 0.000000 0.000000  0.000000 -0.000000 1.000000
2451545.163389  1.0516487375e+00  1.000000 0.000000 0.000000  0.000000 -0.000000 1.000000
2451545.164056  1.0519266615e+00  1.000000 0.000000 0.000000  0.000000 -0.000000 1.000000
2451545.164723  1.0524226860e+00  1.000000 0.000000 0.000000  0.000000 -0.000000 1.000000
2451545.165390  1.0518910508e+00  1.000000 0.000000 0.000000  0.000000 -0.000000 1.000000
2451545.166057  1.0490201342e+00  1.000000 0.000000 0.000000  0.000000 -0.000000 1.000000
2451545.166724  1.0509750289e+00  1.000000 0.000000 0.000000  0.000000 -0.000000 1.000000
2451545.167391  1.0486620552e+00  1.000000 0.000000 0.000000  0.000000 -0.000000 1.000000
2451545.168058  1.0448333450e+00  1.000000 0.000000 0.000000  0.000000 -0.000000 1.000000
2451545.168725  1.0434476063e+00  1.000000 0.000000 0.000000  0.000000 -0.000000 1.000000
2451545.169392  1.0420295837e+00  1.000000 0.000000 0.000000  0.000000 -0.000000 1.000000
2451545.170058  1.0407573311e+00  1.000000 0.000000 0.000000  0.000000 -0.000000 1.000000
2451545.170725  1.0372751173e+00  1.000000 0.000000 0.000000  0.000000 -0.000000 1.000000
2451545.171392  1.0325143665e+00  1.000000 0.000000 0.000000  0.000000 -0.000000 1.000000
2451545.172059  1.0288339523e+00  1.000000 0.000000 0.000000  0.000000 -0.000000 1.000000
2451545.172726  1.0252270392e+00  1.000000 0.000000 0.000000  0.000000 -0.000000 1.000000
2451545.173393  1.0198964549e+00  1.000000 0.000000 0.000000  0.000000 -0.000000 1.000000
2451545.174060  1.0147427537e+00  1.000000 0.000000 0.000000  0.000000 -0.000000 1.000000
2451545.174727  1.0115155448e+00  1.000000 0.000000 0.000000  0.000000 -0.000000 1.000000
2451545.175394  1.0070759070e+00  1.000000 0.000000 0.000000  0.000000 -0.000000 1.000000
2451545.176061  1.0015461366e+00  1.000000 0.000000 0.000000  0.000000 -0.000000 1.000000
2451545.176727  9.9816687348e-01  1.000000 0.000000 0.000000  0.000000 -0.000000 1.000000
2451545.177394  9.8893031965e-01  1.000000 0.000000 0.000000  0.000000 -0.000000 1.000000
2451545.178061  9.8576472108e-01  1.000000 0.000000 0.000000  0.000000 -0.000000 1.000000
2451545.178728  9.8170466424e-01  1.000000 0.000000 0.000000  0.000000 -0.000000 1.000000
2451545.179395  9.7638911282e-01  1.000000 0.000000 0.000000  0.000000 -0.000000 1.000000
2451545.180062  9.7221107227e-01  1.000000 0.000000 0.000000  0.000000 -0.000000 1.000000
2451545.180729  9.6632611849e-01  1.000000 0.000000 0.000000  0.000000 -0.000000 1.000000
2451545.181396  9.6431558973e-01  1.000000 0.000000 0.000000  0.000000 -0.000000 1.000000
2451545.182063  9.6279005722e-01  1.000000 0.000000 0.000000  0.000000 -0.000000 1.000000
2451545.182729  9.6098586134e-01  1.000000 0.000000 0.000000  0.000000 -0.000000 1.000000
2451545.183396  9.5657191497e-01  1.000000 0.000000 0.000000  0.000000 -0.000000 1.000000
2451545.184063  9.5502315537e-01  1.000000 0.000000 0.000000  0.000000 -0.000000 1.000000
2451545.184730  9.5435295858e-01  1.000000 0.000000 0.000000  0.000000 -0.000000 1.000000
2451545.185397  9.5678095870e-01  1.000000 0.000000 0.000000  0.000000 -0.000000 1.000000
2451545.186064  9.5817686315e-01  1.000000 0.000000 0.000000  0.000000 -0.000000 1.000000
2451545.186731  9.5928061159e-01  1.000000 0.000000 0.000000  0.000000 -0.000000 1.000000
2451545.187398  9.5904464416e-01  1.000000 0.000000 0.000000  0.000000 -0.000000 1.000000
2451545.188065  9.6078365635e-01  1.000000 0.000000 0.000000  0.000000 -0.000000 1.000000
2451545.188732  9.6338798513e-01  1.000000 0.000000 0.000000  0.000000 -0.000000 1.000000
2451545.189398  9.6517117190e-01  1.000000 0.000000 0.000000  0.000000 -0.000000 1.000000
2451545.190065  9.6531749635e-01  1.000000 0.000000 0.000000  0.000000 -0.000000 1.000000
2451545.190732  9.6828310790e-01  1.000000 0.000000 0.000000  0.000000 -0.000000 1.000000
2451545.191399  9.7105624890e-01  1.000000 0.000000 0.000000  0.000000 -0.000000 1.000000
2451545.192066  9.7352682173e-01  1.000000 0.000000 0.000000  0.000000 -0.000000 1.000000
2451545.192733  9.7504200372e-01  1.000000 0.000000 0.000000  0.000000 -0.000000 1.000000
2451545.193400  9.7550229423e-01  1.000000 0.000000 0.000000  0.000000 -0.000000 1.000000
2451545.194067  9.7723834912e-01  1.000000 0.000000 0.000000  0.000000 -0.000000 1.000000
2451545.194734  9.7789406749e-01  1.000000 0.000000 0.000000  0.000000 -0.000000 1.000000
2451545.195400  9.7906269157e-01  1.000000 0.000000 0.000000  0.000000 -0.000000 1.000000
2451545.196067  9.8131732032e-01  1.000000 0.000000 0.000000  0.000000 -0.000000 1.000000
2451545.196734  9.8384007707e-01  1.000000 0.000000 0.000000  0.000000 -0.000000 1.000000
2451545.197401  9.8423062473e-01  1.000000 0.000000 0.000000  0.000000 -0.000000 1.000000
2451545.198068  9.8427646279e-01  1.000000 0.000000 0.000000  0.000000 -0.000000 1.000000
2451545.198735  9.8207216965e-01  1.000000 0.000000 0.000000  0.000000 -0.000000 1.000000
2451545.199402  9.8250436587e-01  1.000000 0.000000 0.000000  0.000000 -0.000000 1.000000
2451545.200069  9.8281309506e-01  1.000000 0.000000 0.000000  0.000000 -0.000000 1.000000
2451545.200736  9.8507973782e-01  1.000000 0.000000 0.000000  0.000000 -0.000000 1.000000
2451545.201403  9.8334066402e-01  1.000000 0.000000 0.000000  0.000000 -0.000000 1.000000
2451545.202069  9.8052766117e-01  1.000000 0.000000 0.000000  0.000000 -0.000000 1.000000
2451545.202736  9.8078568508e-01  1.000000 0.000000 0.000000  0.000000 -0.000000 1.000000
2451545.203403  9.8072352030e-01  1.000000 0.000000 0.000000  0.000000 -0.000000 1.000000
2451545.204070  9.7971113993e-01  1.000000 0.000000 0.000000  0.000000 -0.000000 1.000000
2451545.204737  9.7674263269e-01  1.000000 0.000000 0.000000  0.000000 -0.000000 1.000000
2451545.205404  9.7620951881e-01  1.000000 0.000000 0.000000  0.000000 -0.000000 1.000000
2451545.206071  9.7570794939e-01  1.000000 0.000000 0.000000  0.000000 -0.000000 1.000000
2451545.206738  9.7605925130e-01  1.000000 0.000000 0.000000  0.000000 -0.000000 1.000000
2451545.207405  9.7471861128e-01  1.000000 0.000000 0.000000  0.000000 -0.000000 1.000000
2451545.208072  9.7417625585e-01  1.000000 0.000000 0.000000  0.000000 -0.000000 1.000000
2451545.208738  9.7108612989e-01  1.000000 0.000000 0.000000  0.000000 -0.000000 1.000000
2451545.209405  9.7204940685e-01  1.000000 0.000000 0.000000  0.000000 -0.000000 1.000000
2451545.210072  9.7187529616e-01  1.000000 0.000000 0.000000  0.000000 -0.000000 1.000000
2451545.210739  9.6930380566e-01  1.000000 0.000000 0.000000  0.000000 -0.000000 1.000000
2451545.211406  9.6993703628e-01  1.000000 0.000000 0.000000  0.000000 -0.000000 1.000000
2451545.212073  9.6911293697e-01  1.000000 0.000000 0.000000  0.000000 -0.000000 1.000000
2451545.212740  9.7733014846e-01  1.000000 0.000000 0.000000  0.000000 -0.000000 1.000000
2451545.213407  9.8204419858e-01  1.000000 0.000000 0.000000  0.000000 -0.000000 1.000000
2451545.214074  9.8633597173e-01  1.000000 0.000000 0.000000  0.000000 -0.000000 1.000000
2451545.214740  9.9082742386e-01  1.000000 0.000000 0.000000  0.000000 -0.000000 1.000000
2451545.215407  9.9443057874e-01  1.000000 0.000000 0.000000  0.000000 -0.000000 1.000000
2451545.216074  1.0012444309e+00  1.000000 0.000000 0.000000  0.000000 -0.000000 1.000000
2451545.216741  1.0049852232e+00  1.000000 0.000000 0.000000  0.000000 -0.000000 1.000000
2451545.217408  1.0072747234e+00  1.000000 0.000000 0.000000  0.000000 -0.000000 1.000000
2451545.218075  1.0136087546e+00  1.000000 0.000000 0.000000  0.000000 -0.000000 1.000000
2451545.218742  1.0163355031e+00  1.000000 0.000000 0.000000  0.000000 -0.000000 1.000000
2451545.219409  1.0200888022e+00  1.000000 0.000000 0.000000  0.000000 -0.000000 1.000000
2451545.220076  1.0216608505e+00  1.000000 0.000000 0.000000  0.000000 -0.000000 1.000000
2451545.220743  1.0236941135e+00  1.000000 0.000000 0.000000  0.000000 -0.000000 1.000000
2451545.221409  1.0248723488e+00  1.000000 0.000000 0.000000  0.000000 -0.000000 1.000000
2451545.222076  1.0296741319e+00  1.000000 0.000000 0.000000  0.000000 -0.000000 1.000000
2451545.222743  1.0303315138e+00  1.000000 0.000000 0.000000  0.000000 -0.000000 1.000000
2451545.223410  1.0276546081e+00  1.000000 0.000000 0.000000  0.000000 -0.000000 1.000000
2451545.224077  1.0313522731e+00  1.000000 0.000000 0.000000  0.000000 -0.000000 1.000000
2451545.224744  1.0319025763e+00  1.000000 0.000000 0.000000  0.000000 -0.000000 1.000000
2451545.225411  1.0313413065e+00  1.000000 0.000000 0.000000  0.000000 -0.000000 1.000000
2451545.226078  1.0288080144e+00  1.000000 0.000000 0.000000  0.000000 -0.000000 1.000000
2451545.226745  1.0281411446e+00  1.000000 0.000000 0.000000  0.000000 -0.000000 1.000000
2451545.227411  1.0271736781e+00  1.000000 0.000000 0.000000  0.000000 -0.000000 1.000000
2451545.228078  1.0262684997e+00  1.000000 0.000000 0.000000  0.000000 -0.000000 1.000000
2451545.228745  1.0240467092e+00  1.000000 0.000000 0.000000  0.000000 -0.000000 1.000000
2451545.229412  1.0217341668e+00  1.000000 0.000000 0.000000  0.000000 -0.000000 1.000000
2451545.230079  1.0164111605e+00  1.000000 0.000000 0.000000  0.000000 -0.000000 1.000000
2451545.230746  1.0157977684e+00  1.000000 0.000000 0.000000  0.000000 -0.000000 1.000000
2451545.231413  1.0132564053e+00  1.000000 0.000000 0.000000  0.000000 -0.000000 1.000000
2451545.232080  1.0055531469e+00  1.000000 0.000000 0.000000  0.000000 -0.000000 1.000000
2451545.232747  1.0036196310e+00  1.000000 0.000000 0.000000  0.000000 -0.000000 1.000000
2451545.233414  1.0003301958e+00  1.000000 0.000000 0.000000  0.000000 -0.000000 1.000000
2451545.234080  9.9591261439e-01  1.000000 0.000000 0.000000  0.000000 -0.000000 1.000000
2451545.234747  9.9169748444e-01  1.000000 0.000000 0.000000  0.000000 -0.000000 1.000000
2451545.235414  9.8675264216e-01  1.000000 0.000000 0.000000  0.000000 -0.000000 1.000000
2451545.236081  9.7759599689e-01  1.000000 0.000000 0.000000  0.000000 -0.000000 1.000000
2451545.236748  9.7440994370e-01  1.000000 0.000000 0.000000  0.000000 -0.000000 1.000000
2451545.237415  9.6996802625e-01  1.000000 0.000000 0.000000  0.000000 -0.000000 1.000000
2451545.238082  9.6233235434e-01  1.000000 0.000000 0.000000  0.000000 -0.000000 1.000000
2451545.238749  9.5762335626e-01  1.000000 0.000000 0.000000  0.000000 -0.000000 1.000000
2451545.239416  9.5187665599e-01  1.000000 0.000000 0.000000  0.000000 -0.000000 1.000000
360  1
2451545.000000  1.0168821491e+00  1.000000 0.000000 0.000000  0.000000 -0.000000 -1.000000
2451545.000667  1.0174637941e+00  1.000000 0.000000 0.000000  0.000000 -0.000000 -1.000000
2451545.001334  1.0182933953e+00  1.000000 0.000000 0.000000  0.000000 -0.000000 -1.000000
2451545.002001  1.0180125963e+00  1.000000 0.000000 0.000000  0.000000 -0.000000 -1.000000
2451545.002668  1.0186898551e+00  1.000000 0.000000 0.000000  0.000000 -0.000000 -1.000000
2451545.003334  1.0213386787e+00  1.000000 0.000000 0.000000  0.000000 -0.000000 -1.000000
2451545.004001  1.0276011370e+00  1.000000 0.000000 0.000000  0.000000 -0.000000 -1.000000
2451545.004668  1.0300004404e+00  1.000000 0.000000 0.000000  0.000000 -0.000000 -1.000000
2451545.005335  1.0323659768e+00  1.000000 0.000000 0.000000  0.000000 -0.000000 -1.000000
2451545.006002  1.0343045564e+00  1.000000 0.000000 0.000000  0.000000 -0.000000 -1.000000
2451545.006669  1.0372113596e+00  1.000000 0.000000 0.000000  0.000000 -0.000000 -1.000000
2451545.007336  1.0396224637e+00  1.000000 0.000000 0.000000  0.000000 -0.000000 -1.000000
2451545.008003  1.0461177364e+00  1.000000 0.000000 0.000000  0.000000 -0.000000 -1.000000
2451545.008670  1.0468775999e+00  1.000000 0.000000 0.000000  0.000000 -0.000000 -1.000000
2451545.009337  1.0491344422e+00  1.000000 0.000000 0.000000  0.000000 -0.000000 -1.000000
2451545.010003  1.0513115944e+00  1.000000 0.000000 0.000000  0.000000 -0.000000 -1.000000
2451545.010670  1.0526218240e+00  1.000000 0.000000 0.000000  0.000000 -0.000000 -1.000000
2451545.011337  1.0534097675e+00  1.000000 0.000000 0.000000  0.000000 -0.000000 -1.000000
2451545.012004  1.0552309803e+00  1.000000 0.000000 0.000000  0.000000 -0.000000 -1.000000
2451545.012671  1.0567497121e+00  1.000000 0.000000 0.000000  0.000000 -0.000000 -1.000000
2451545.013338  1.0573307883e+00  1.000000 0.000000 0.000000  0.000000 -0.000000 -1.000000
2451545.014005  1.0579265088e+00  1.000000 0.000000 0.000000  0.000000 -0.000000 -1.000000
2451545.014672  1.0587172958e+00  1.000000 0.000000 0.000000  0.000000 -0.000000 -1.000000
2451545.015339  1.0597322244e+00  1.000000 0.000000 0.000000  0.000000 -0.000000 -1.000000
2451545.016006  1.0583592237e+00  1.000000 0.000000 0.000000  0.000000 -0.000000 -1.000000
2451545.016672  1.0585079406e+00  1.000000 0.000000 0.000000  0.000000 -0.000000 -1.000000
2451545.017339  1.0584614488e+00  1.000000 0.000000 0.000000  0.000000 -0.000000 -1.000000
2451545.018006  1.0551092059e+00  1.000000 0.000000 0.000000  0.000000 -0.000000 -1.000000
2451545.018673  1.0551786592e+00  1.000000 0.000000 0.000000  0.000000 -0.000000 -1.000000
2451545.019340  1.0539562948e+00  1.000000 0.000000 0.000000  0.000000 -0.000000 -1.000000
2451545.020007  1.0522053884e+00  1.000000 0.000000 0.000000  0.000000 -0.000000 -1.000000
2451545.020674  1.0514871827e+00  1.000000 0.000000 0.000000  0.000000 -0.000000 -1.000000
2451545.021341  1.0492589890e+00  1.000000 0.000000 0.000000  0.000000 -0.000000 -1.000000
2451545.022008  1.0428179567e+00  1.000000 0.000000 0.000000  0.000000 -0.000000 -1.000000
2451545.022674  1.0402572827e+00  1.000000 0.000000 0.000000  0.000000 -0.000000 -1.000000
2451545.023341  1.0370384727e+00  1.000000 0.000000 0.000000  0.000000 -0.000000 -1.000000
2451545.024008  1.0349747775e+00  1.000000 0.000000 0.000000  0.000000 -0.000000 -1.000000
2451545.024675  1.0328712728e+00  1.000000 0.000000 0.000000  0.000000 -0.000000 -1.000000
2451545.025342  1.0283347689e+00  1.000000 0.000000 0.000000  0.000000 -0.000000 -1.000000
2451545.026009  1.0256079614e+00  1.000000 0.000000 0.000000  0.000000 -0.000000 -1.000000
2451545.026676  1.0218816516e+00  1.000000 0.000000 0.000000  0.000000 -0.000000 -1.000000
2451545.027343  1.0173567351e+00  1.000000 0.000000 0.000000  0.000000 -0.000000 -1.000000
2451545.028010  1.0150216245e+00  1.000000 0.000000 0.000000  0.000000 -0.000000 -1.000000
2451545.028677  1.0110428799e+00  1.000000 0.000000 0.000000  0.000000 -0.000000 -1.000000
2451545.029343  1.0078218661e+00  1.000000 0.000000 0.000000  0.000000 -0.000000 -1.000000
2451545.030010  1.0036231741e+00  1.000000 0.000000 0.000000  0.000000 -0.000000 -1.000000
2451545.030677  1.0017585263e+00  1.000000 0.000000 0.000000  0.000000 -0.000000 -1.000000
2451545.031344  9.9954639857e-01  1.000000 0.000000 0.000000  0.000000 -0.000000 -1.000000
2451545.032011  9.9850360337e-01  1.000000 0.000000 0.000000  0.000000 -0.000000 -1.000000
2451545.032678  9.9584511183e-01  1.000000 0.000000 0.000000  0.000000 -0.000000 -1.000000
2451545.033345  9.9143301253e-01  1.000000 0.000000 0.000000  0.000000 -0.000000 -1.000000
2451545.034012  9.9050701550e-01  1.000000 0.000000 0.000000  0.000000 -0.000000 -1.000000
2451545.034679  9.8942846284e-01  1.000000 0.000000 0.000000  0.000000 -0.000000 -1.000000
2451545.035345  9.9070599183e-01  1.000000 0.000000 0.000000  0.000000 -0.000000 -1.000000
2451545.036012  9.9098074836e-01  1.000000 0.000000 0.000000  0.000000 -0.000000 -1.000000
2451545.036679  9.9218598048e-01  1.000000 0.000000 0.000000  0.000000 -0.000000 -1.000000
2451545.037346  9.9123275661e-01  1.000000 0.000000 0.000000  0.000000 -0.000000 -1.000000
2451545.038013  9.9209491628e-01  1.000000 0.000000 0.000000  0.000000 -0.000000 -1.000000
2451545.038680  9.9403278508e-01  1.000000 0.000000 0.000000  0.000000 -0.000000 -1.000000
2451545.039347  9.9594932737e-01  1.000000 0.000000 0.000000  0.000000 -0.000000 -1.000000
2451545.040014  9.9704678953e-01  1.000000 0.000000 0.000000  0.000000 -0.000000 -1.000000
2451545.040681  9.9787546658e-01  1.000000 0.000000 0.000000  0.000000 -0.000000 -1.000000
2451545.041348  1.0004417565e+00  1.000000 0.000000 0.000000  0.000000 -0.000000 -1.000000
2451545.042014  1.0011036603e+00  1.000000 0.000000 0.000000  0.000000 -0.000000 -1.000000
2451545.042681  1.0037751610e+00  1.000000 0.000000 0.000000  0.000000 -0.000000 -1.000000
2451545.043348  1.0039149207e+00  1.000000 0.000000 0.000000  0.000000 -0.000000 -1.000000
2451545.044015  1.0052840115e+00  1.000000 0.000000 0.000000  0.000000 -0.000000 -1.000000
2451545.044682  1.0053649101e+00  1.000000 0.000000 0.000000  0.000000 -0.000000 -1.000000
2451545.045349  1.0083721611e+00  1.000000 0.000000 0.000000  0.000000 -0.000000 -1.000000
2451545.046016  1.0065589813e+00  1.000000 0.000000 0.000000  0.000000 -0.000000 -1.000000
2451545.046683  1.0064067811e+00  1.000000 0.000000 0.000000  0.000000 -0.000000 -1.000000
2451545.047350  1.0097588107e+00  1.000000 0.000000 0.000000  0.000000 -0.000000 -1.000000
2451545.048017  1.0098133355e+00  1.000000 0.000000 0.000000  0.000000 -0.000000 -1.000000
2451545.048683  1.0062372354e+00  1.000000 0.000000 0.000000  0.000000 -0.000000 -1.000000
2451545.049350  1.0070425954e+00  1.000000 0.000000 0.000000  0.000000 -0.000000 -1.000000
2451545.050017  1.0069675261e+00  1.000000 0.000000 0.000000  0.000000 -0.000000 -1.000000
2451545.050684  1.0074305957e+00  1.000000 0.000000 0.000000  0.000000 -0.000000 -1.000000
2451545.051351  1.0072815234e+00  1.000000 0.000000 0.000000  0.000000 -0.000000 -1.000000
2451545.052018  1.0067046414e+00  1.000000 0.000000 0.000000  0.000000 -0.000000 -1.000000
2451545.052685  1.0035326075e+00  1.000000 0.000000 0.000000  0.000000 -0.000000 -1.000000
2451545.053352  1.0018404912e+00  1.000000 0.000000 0.000000  0.000000 -0.000000 -1.000000
2451545.054019  1.0004441024e+00  1.000000 0.000000 0.000000  0.000000 -0.000000 -1.000000
2451545.054685  9.9841637794e-01  1.000000 0.000000 0.000000  0.000000 -0.000000 -1.000000
2451545.055352  9.9738460143e-01  1.000000 0.000000 0.000000  0.000000 -0.000000 -1.000000
2451545.056019  9.9558471515e-01  1.000000 0.000000 0.000000  0.000000 -0.000000 -1.000000
2451545.056686  9.9399880484e-01  1.000000 0.000000 0.000000  0.000000 -0.000000 -1.000000
2451545.057353  9.9250203934e-01  1.000000 0.000000 0.000000  0.000000 -0.000000 -1.000000
2451545.058020  9.9106811596e-01  1.000000 0.000000 0.000000  0.000000 -0.000000 -1.000000
2451545.058687  9.8983914032e-01  1.000000 0.000000 0.000000  0.000000 -0.000000 -1.000000
2451545.059354  9.9076279143e-01  1.000000 0.000000 0.000000  0.000000 -0.000000 -1.000000
2451545.060021  9.9115960668e-01  1.000000 0.000000 0.000000  0.000000 -0.000000 -1.000000
2451545.060688  9.9411610064e-01  1.000000 0.000000 0.000000  0.000000 -0.000000 -1.000000
2451545.061354  9.9774054087e-01  1.000000 0.000000 0.000000  0.000000 -0.000000 -1.000000
2451545.062021  9.9979890444e-01  1.000000 0.000000 0.000000  0.000000 -0.000000 -1.000000
2451545.062688  1.0059349677e+00  1.000000 0.000000 0.000000  0.000000 -0.000000 -1.000000
2451545.063355  1.0084484389e+00  1.000000 0.000000 0.000000  0.000000 -0.000000 -1.000000
2451545.064022  1.0131670713e+00  1.000000 0.000000 0.000000  0.000000 -0.000000 -1.000000
2451545.064689  1.0144200748e+00  1.000000 0.000000 0.000000  0.000000 -0.000000 -1.000000
2451545.065356  1.0168652301e+00  1.000000 0.000000 0.000000  0.000000 -0.000000 -1.000000
2451545.066023  1.0177224847e+00  1.000000 0.000000 0.000000  0.000000 -0.000000 -1.000000
2451545.066690  1.0239204659e+00  1.000000 0.000000 0.000000  0.000000 -0.000000 -1.000000
2451545.067356  1.0271929476e+00  1.000000 0.000000 0.000000  0.000000 -0.000000 -1.000000
2451545.068023  1.0302338235e+00  1.000000 0.000000 0.000000  0.000000 -0.000000 -1.000000
2451545.068690  1.0330730216e+00  1.000000 0.000000 0.000000  0.000000 -0.000000 -1.000000
2451545.069357  1.0345729150e+00  1.000000 0.000000 0.000000  0.000000 -0.000000 -1.000000
2451545.070024  1.0365208783e+00  1.000000 0.000000 0.000000  0.000000 -0.000000 -1.000000
2451545.070691  1.0372329705e+00  1.000000 0.000000 0.000000  0.000000 -0.000000 -1.000000
2451545.071358  1.0393115942e+00  1.000000 0.000000 0.000000  0.000000 -0.000000 -1.000000
2451545.072025  1.0408437618e+00  1.000000 0.000000 0.000000  0.000000 -0.000000 -1.000000
2451545.072692  1.0404654295e+00  1.000000 0.000000 0.000000  0.000000 -0.000000 -1.000000
2451545.073359  1.0422501029e+00  1.000000 0.000000 0.000000  0.000000 -0.000000 -1.000000
2451545.074025  1.0436184828e+00  1.000000 0.000000 0.000000  0.000000 -0.000000 -1.000000
2451545.074692  1.0443669721e+00  1.000000 0.000000 0.000000  0.000000 -0.000000 -1.000000
2451545.075359  1.0434121843e+00  1.000000 0.000000 0.000000  0.000000 -0.000000 -1.000000
2451545.076026  1.0398485957e+00  1.000000 0.000000 0.000000  0.000000 -0.000000 -1.000000
2451545.076693  1.0394213547e+00  1.000000 0.000000 0.000000  0.000000 -0.000000 -1.000000
2451545.077360  1.0370799172e+00  1.000000 0.000000 0.000000  0.000000 -0.000000 -1.000000
2451545.078027  1.0372050328e+00  1.000000 0.000000 0.000000  0.000000 -0.000000 -1.000000
2451545.078694  1.0354245536e+00  1.000000 0.000000 0.000000  0.000000 -0.000000 -1.000000
2451545.079361  1.0333947676e+00  1.000000 0.000000 0.000000  0.000000 -0.000000 -1.000000
2451545.080028  1.0273464274e+00  1.000000 0.000000 0.000000  0.000000 -0.000000 -1.000000
2451545.080694  1.0245392901e+00  1.000000 0.000000 0.000000  0.000000 -0.000000 -1.000000
2451545.081361  1.0214379180e+00  1.000000 0.000000 0.000000  0.000000 -0.000000 -1.000000
2451545.082028  1.0162590596e+00  1.000000 0.000000 0.000000  0.000000 -0.000000 -1.000000
2451545.082695  1.0124690546e+00  1.000000 0.000000 0.000000  0.000000 -0.000000 -1.000000
2451545.083362  1.0084602396e+00  1.000000 0.000000 0.000000  0.000000 -0.000000 -1.000000
2451545.084029  1.0002873526e+00  1.000000 0.000000 0.000000  0.000000 -0.000000 -1.000000
2451545.084696  9.9510081666e-01  1.000000 0.000000 0.000000  0.000000 -0.000000 -1.000000
2451545.085363  9.9060326914e-01  1.000000 0.000000 0.000000  0.000000 -0.000000 -1.000000
2451545.086030  9.8128251833e-01  1.000000 0.000000 0.000000  0.000000 -0.000000 -1.000000
2451545.086696  9.7652357890e-01  1.000000 0.000000 0.000000  0.000000 -0.000000 -1.000000
2451545.087363  9.6900257219e-01  1.000000 0.000000 0.000000  0.000000 -0.000000 -1.000000
2451545.088030  9.5754981025e-01  1.000000 0.000000 0.000000  0.000000 -0.000000 -1.000000
2451545.088697  9.5166746141e-01  1.000000 0.000000 0.000000  0.000000 -0.000000 -1.000000
2451545.089364  9.4465857527e-01  1.000000 0.000000 0.000000  0.000000 -0.000000 -1.000000
2451545.090031  9.3557732115e-01  1.000000 0.000000 0.000000  0.000000 -0.000000 -1.000000
2451545.090698  9.2900427777e-01  1.000000 0.000000 0.000000  0.000000 -0.000000 -1.000000
2451545.091365  9.2753196667e-01  1.000000 0.000000 0.000000  0.000000 -0.000000 -1.000000
2451545.092032  9.2827455572e-01  1.000000 0.000000 0.000000  0.000000 -0.000000 -1.000000
2451545.092699  9.2940535832e-01  1.000000 0.000000 0.000000  0.000000 -0.000000 -1.000000
2451545.093365  9.2838104609e-01  1.000000 0.000000 0.000000  0.000000 -0.000000 -1.000000
2451545.094032  9.3104174137e-01  1.000000 0.000000 0.000000  0.000000 -0.000000 -1.000000
2451545.094699  9.3153246434e-01  1.000000 0.000000 0.000000  0.000000 -0.000000 -1.000000
2451545.095366  9.3144196886e-01  1.000000 0.000000 0.000000  0.000000 -0.000000 -1.000000
2451545.096033  9.3253075824e-01  1.000000 0.000000 0.000000  0.000000 -0.000000 -1.000000
2451545.096700  9.3270243663e-01  1.000000 0.000000 0.000000  0.000000 -0.000000 -1.000000
2451545.097367  9.3512384848e-01  1.000000 0.000000 0.000000  0.000000 -0.000000 -1.000000
2451545.098034  9.3611830360e-01  1.000000 0.000000 0.000000  0.000000 -0.000000 -1.000000
2451545.098701  9.3702532004e-01  1.000000 0.000000 0.000000  0.000000 -0.000000 -1.000000
2451545.099367  9.3946862710e-01  1.000000 0.000000 0.000000  0.000000 -0.000000 -1.000000
2451545.100034  9.4047516724e-01  1.000000 0.000000 0.000000  0.000000 -0.000000 -1.000000
2451545.100701  9.4242149555e-01  1.000000 0.000000 0.000000  0.000000 -0.000000 -1.000000
2451545.101368  9.4296972902e-01  1.000000 0.000000 0.000000  0.000000 -0.000000 -1.000000
2451545.102035  9.4560099371e-01  1.000000 0.000000 0.000000  0.000000 -0.000000 -1.000000
2451545.102702  9.4597186171e-01  1.000000 0.000000 0.000000  0.000000 -0.000000 -1.000000
2451545.103369  9.4701351950e-01  1.000000 0.000000 0.000000  0.000000 -0.000000 -1.000000
2451545.104036  9.4695408963e-01  1.000000 0.000000 0.000000  0.000000 -0.000000 -1.000000
2451545.104703  9.4931749337e-01  1.000000 0.000000 0.000000  0.000000 -0.000000 -1.000000
2451545.105370  9.5270499608e-01  1.000000 0.000000 0.000000  0.000000 -0.000000 -1.000000
2451545.106036  9.5303406412e-01  1.000000 0.000000 0.000000  0.000000 -0.000000 -1.000000
2451545.106703  9.5499603187e-01  1.000000 0.000000 0.000000  0.000000 -0.000000 -1.000000
2451545.107370  9.5414808987e-01  1.000000 0.000000 0.000000  0.000000 -0.000000 -1.000000
2451545.108037  9.5530896285e-01  1.000000 0.000000 0.000000  0.000000 -0.000000 -1.000000
2451545.108704  9.5584269428e-01  1.000000 0.000000 0.000000  0.000000 -0.000000 -1.000000
2451545.109371  9.5861734421e-01  1.000000 0.000000 0.000000  0.000000 -0.000000 -1.000000
2451545.110038  9.5960270002e-01  1.000000 0.000000 0.000000  0.000000 -0.000000 -1.000000
2451545.110705  9.6035865368e-01  1.000000 0.000000 0.000000  0.000000 -0.000000 -1.000000
2451545.111372  9.6037564380e-01  1.000000 0.000000 0.000000  0.000000 -0.000000 -1.000000
2451545.112039  9.6125792148e-01  1.000000 0.000000 0.000000  0.000000 -0.000000 -1.000000
2451545.112705  9.6265310171e-01  1.000000 0.000000 0.000000  0.000000 -0.000000 -1.000000
2451545.113372  9.6408119585e-01  1.000000 0.000000 0.000000  0.000000 -0.000000 -1.000000
2451545.114039  9.6514972505e-01  1.000000 0.000000 0.000000  0.000000 -0.000000 -1.000000
2451545.114706  9.6387056103e-01  1.000000 0.000000 0.000000  0.000000 -0.000000 -1.000000
2451545.115373  9.6440848668e-01  1.000000 0.000000 0.000000  0.000000 -0.000000 -1.000000
2451545.116040  9.6598842556e-01  1.000000 0.000000 0.000000  0.000000 -0.000000 -1.000000
2451545.116707  9.6794541713e-01  1.000000 0.000000 0.000000  0.000000 -0.000000 -1.000000
2451545.117374  9.6862168074e-01  1.000000 0.000000 0.000000  0.000000 -0.000000 -1.000000
2451545.118041  9.6884084616e-01  1.000000 0.000000 0.000000  0.000000 -0.000000 -1.000000
2451545.118707  9.7087631928e-01  1.000000 0.000000 0.000000  0.000000 -0.000000 -1.000000
2451545.119374  9.7015214212e-01  1.000000 0.000000 0.000000  0.000000 -0.000000 -1.000000
2451545.120041  9.7227299237e-01  1.000000 0.000000 0.000000  0.000000 -0.000000 -1.000000
2451545.120708  9.7675681982e-01  1.000000 0.000000 0.000000  0.000000 -0.000000 -1.000000
2451545.121375  9.7803889846e-01  1.000000 0.000000 0.000000  0.000000 -0.000000 -1.000000
2451545.122042  9.8141964778e-01  1.000000 0.000000 0.000000  0.000000 -0.000000 -1.000000
2451545.122709  9.8269618153e-01  1.000000 0.000000 0.000000  0.000000 -0.000000 -1.000000
2451545.123376  9.8675113289e-01  1.000000 0.000000 0.000000  0.000000 -0.000000 -1.000000
2451545.124043  9.9073933227e-01  1.000000 0.000000 0.000000  0.000000 -0.000000 -1.000000
2451545.124710  9.9800612700e-01  1.000000 0.000000 0.000000  0.000000 -0.000000 -1.000000
2451545.125376  1.0011339439e+00  1.000000 0.000000 0.000000  0.000000 -0.000000 -1.000000
2451545.126043  1.0056827461e+00  1.000000 0.000000 0.000000  0.000000 -0.000000 -1.000000
2451545.126710  1.0124102645e+00  1.000000 0.000000 0.000000  0.000000 -0.000000 -1.000000
2451545.127377  1.0146058997e+00  1.000000 0.000000 0.000000  0.000000 -0.000000 -1.000000
2451545.128044  1.0180271694e+00  1.000000 0.000000 0.000000  0.000000 -0.000000 -1.000000
2451545.128711  1.0228094969e+00  1.000000 0.000000 0.000000  0.000000 -0.000000 -1.000000
2451545.129378  1.0253955494e+00  1.000000 0.000000 0.000000  0.000000 -0.000000 -1.000000
2451545.130045  1.0259397308e+00  1.000000 0.000000 0.000000  0.000000 -0.000000 -1.000000
2451545.130712  1.0280905093e+00  1.000000 0.000000 0.000000  0.000000 -0.000000 -1.000000
2451545.131378  1.0304755950e+00  1.000000 0.000000 0.000000  0.000000 -0.000000 -1.000000
2451545.132045  1.0313598631e+00  1.000000 0.000000 0.000000  0.000000 -0.000000 -1.000000
2451545.132712  1.0347780760e+00  1.000000 0.000000 0.000000  0.000000 -0.000000 -1.000000
2451545.133379  1.0347490009e+00  1.000000 0.000000 0.000000  0.000000 -0.000000 -1.000000
2451545.134046  1.0351888957e+00  1.000000 0.000000 0.000000  0.000000 -0.000000 -1.000000
2451545.134713  1.0333334894e+00  1.000000 0.000000 0.000000  0.000000 -0.000000 -1.000000
2451545.135380  1.0332775428e+00  1.000000 0.000000 0.000000  0.000000 -0.000000 -1.000000
2451545.136047  1.0323822560e+00  1.000000 0.000000 0.000000  0.000000 -0.000000 -1.000000
2451545.136714  1.0331638725e+00  1.000000 0.000000 0.000000  0.000000 -0.000000 -1.000000
2451545.137381  1.0335485317e+00  1.000000 0.000000 0.000000  0.000000 -0.000000 -1.000000
2451545.138047  1.0303296506e+00  1.000000 0.000000 0.000000  0.000000 -0.000000 -1.000000
2451545.138714  1.0274273970e+00  1.000000 0.000000 0.000000  0.000000 -0.000000 -1.000000
2451545.139381  1.0253575882e+00  1.000000 0.000000 0.000000  0.000000 -0.000000 -1.000000
2451545.140048  1.0242359560e+00  1.000000 0.000000 0.000000  0.000000 -0.000000 -1.000000
2451545.140715  1.0209393753e+00  1.000000 0.000000 0.000000  0.000000 -0.000000 -1.000000
2451545.141382  1.0179369583e+00  1.000000 0.000000 0.000000  0.000000 -0.000000 -1.000000
2451545.142049  1.0148005397e+00  1.000000 0.000000 0.000000  0.000000 -0.000000 -1.000000
2451545.142716  1.0108554909e+00  1.000000 0.000000 0.000000  0.000000 -0.000000 -1.000000
2451545.143383  1.0092242973e+00  1.000000 0.000000 0.000000  0.000000 -0.000000 -1.000000
2451545.144050  1.0045972979e+00  1.000000 0.000000 0.000000  0.000000 -0.000000 -1.000000
2451545.144716  1.0021735401e+00  1.000000 0.000000 0.000000  0.000000 -0.000000 -1.000000
2451545.145383  9.9812655068e-01  1.000000 0.000000 0.000000  0.000000 -0.000000 -1.000000
2451545.146050  9.9220119339e-01  1.000000 0.000000 0.000000  0.000000 -0.000000 -1.000000
2451545.146717  9.8912320941e-01  1.000000 0.000000 0.000000  0.000000 -0.000000 -1.000000
2451545.147384  9.8570037578e-01  1.000000 0.000000 0.000000  0.000000 -0.000000 -1.000000
2451545.148051  9.8246393584e-01  1.000000 0.000000 0.000000  0.000000 -0.000000 -1.000000
2451545.148718  9.7928408224e-01  1.000000 0.000000 0.000000  0.000000 -0.000000 -1.000000
2451545.149385  9.7581042044e-01  1.000000 0.000000 0.000000  0.000000 -0.000000 -1.000000
2451545.150052  9.6887759885e-01  1.000000 0.000000 0.000000  0.000000 -0.000000 -1.000000
2451545.150718  9.6592600998e-01  1.000000 0.000000 0.000000  0.000000 -0.000000 -1.000000
2451545.151385  9.6246621040e-01  1.000000 0.000000 0.000000  0.000000 -0.000000 -1.000000
2451545.152052  9.5961947688e-01  1.000000 0.000000 0.000000  0.000000 -0.000000 -1.000000
2451545.152719  9.5734628427e-01  1.000000 0.000000 0.000000  0.000000 -0.000000 -1.000000
2451545.153386  9.5479527833e-01  1.000000 0.000000 0.000000  0.000000 -0.000000 -1.000000
2451545.154053  9.5171665456e-01  1.000000 0.000000 0.000000  0.000000 -0.000000 -1.000000
2451545.154720  9.4985101154e-01  1.000000 0.000000 0.000000  0.000000 -0.000000 -1.000000
2451545.155387  9.4948106770e-01  1.000000 0.000000 0.000000  0.000000 -0.000000 -1.000000
2451545.156054  9.4774757795e-01  1.000000 0.000000 0.000000  0.000000 -0.000000 -1.000000
2451545.156721  9.4770108616e-01  1.000000 0.000000 0.000000  0.000000 -0.000000 -1.000000
2451545.157387  9.4702745282e-01  1.000000 0.000000 0.000000  0.000000 -0.000000 -1.000000
2451545.158054  9.4677651090e-01  1.000000 0.000000 0.000000  0.000000 -0.000000 -1.000000
2451545.158721  9.4852450267e-01  1.000000 0.000000 0.000000  0.000000 -0.000000 -1.000000
2451545.159388  9.4959786588e-01  1.000000 0.000000 0.000000  0.000000 -0.000000 -1.000000
2451545.160055  9.4985662752e-01  1.000000 0.000000 0.000000  0.000000 -0.000000 -1.000000
2451545.160722  9.4976023170e-01  1.000000 0.000000 0.000000  0.000000 -0.000000 -1.000000
2451545.161389  9.5010294870e-01  1.000000 0.000000 0.000000  0.000000 -0.000000 -1.000000
2451545.162056  9.4969340864e-01  1.000000 0.000000 0.000000  0.000000 -0.000000 -1.000000
2451545.162723  9.5085591665e-01  1.000000 0.000000 0.000000  0.000000 -0.000000 -1.000000
2451545.163389  9.5223282717e-01  1.000000 0.000000 0.000000  0.000000 -0.000000 -1.000000
2451545.164056  9.5642881784e-01  1.000000 0.000000 0.000000  0.000000 -0.000000 -1.000000
2451545.164723  9.5632282509e-01  1.000000 0.000000 0.000000  0.000000 -0.000000 -1.000000
2451545.165390  9.5784248105e-01  1.000000 0.000000 0.000000  0.000000 -0.000000 -1.000000
2451545.166057  9.5996212279e-01  1.000000 0.000000 0.000000  0.000000 -0.000000 -1.000000
2451545.166724  9.6114823214e-01  1.000000 0.000000 0.000000  0.000000 -0.000000 -1.000000
2451545.167391  9.6251426614e-01  1.000000 0.000000 0.000000  0.000000 -0.000000 -1.000000
2451545.168058  9.6391890112e-01  1.000000 0.000000 0.000000  0.000000 -0.000000 -1.000000
2451545.168725  9.6669795852e-01  1.000000 0.000000 0.000000  0.000000 -0.000000 -1.000000
2451545.169392  9.6895629366e-01  1.000000 0.000000 0.000000  0.000000 -0.000000 -1.000000
2451545.170058  9.6965011609e-01  1.000000 0.000000 0.000000  0.000000 -0.000000 -1.000000
2451545.170725  9.7100562902e-01  1.000000 0.000000 0.000000  0.000000 -0.000000 -1.000000
2451545.171392  9.7413785341e-01  1.000000 0.000000 0.000000  0.000000 -0.000000 -1.000000
2451545.172059  9.7637443551e-01  1.000000 0.000000 0.000000  0.000000 -0.000000 -1.000000
2451545.172726  9.7803328248e-01  1.000000 0.000000 0.000000  0.000000 -0.000000 -1.000000
2451545.173393  9.7748234766e-01  1.000000 0.000000 0.000000  0.000000 -0.000000 -1.000000
2451545.174060  9.7876641678e-01  1.000000 0.000000 0.000000  0.000000 -0.000000 -1.000000
2451545.174727  9.8094989587e-01  1.000000 0.000000 0.000000  0.000000 -0.000000 -1.000000
2451545.175394  9.8456950209e-01  1.000000 0.000000 0.000000  0.000000 -0.000000 -1.000000
2451545.176061  9.8585158073e-01  1.000000 0.000000 0.000000  0.000000 -0.000000 -1.000000
2451545.176727  9.8666504488e-01  1.000000 0.000000 0.000000  0.000000 -0.000000 -1.000000
2451545.177394  9.8700619794e-01  1.000000 0.000000 0.000000  0.000000 -0.000000 -1.000000
2451545.178061  9.8939625982e-01  1.000000 0.000000 0.000000  0.000000 -0.000000 -1.000000
2451545.178728  9.9086451888e-01  1.000000 0.000000 0.000000  0.000000 -0.000000 -1.000000
2451545.179395  9.9469468883e-01  1.000000 0.000000 0.000000  0.000000 -0.000000 -1.000000
2451545.180062  9.9580537343e-01  1.000000 0.000000 0.000000  0.000000 -0.000000 -1.000000
2451545.180729  9.9802333038e-01  1.000000 0.000000 0.000000  0.000000 -0.000000 -1.000000
2451545.181396  1.0027390481e+00  1.000000 0.000000 0.000000  0.000000 -0.000000 -1.000000
2451545.182063  1.0062679455e+00  1.000000 0.000000 0.000000  0.000000 -0.000000 -1.000000
2451545.182729  1.0073769240e+00  1.000000 0.000000 0.000000  0.000000 -0.000000 -1.000000
2451545.183396  1.0125065182e+00  1.000000 0.000000 0.000000  0.000000 -0.000000 -1.000000
2451545.184063  1.0172142740e+00  1.000000 0.000000 0.000000  0.000000 -0.000000 -1.000000
2451545.184730  1.0206086723e+00  1.000000 0.000000 0.000000  0.000000 -0.000000 -1.000000
2451545.185397  1.0279294941e+00  1.000000 0.000000 0.000000  0.000000 -0.000000 -1.000000
2451545.186064  1.0280625005e+00  1.000000 0.000000 0.000000  0.000000 -0.000000 -1.000000
2451545.186731  1.0314153831e+00  1.000000 0.000000 0.000000  0.000000 -0.000000 -1.000000
2451545.187398  1.0378018907e+00  1.000000 0.000000 0.000000  0.000000 -0.000000 -1.000000
2451545.188065  1.0396120137e+00  1.000000 0.000000 0.000000  0.000000 -0.000000 -1.000000
2451545.188732  1.0409192576e+00  1.000000 0.000000 0.000000  0.000000 -0.000000 -1.000000
2451545.189398  1.0422201747e+00  1.000000 0.000000 0.000000  0.000000 -0.000000 -1.000000
2451545.190065  1.0433219021e+00  1.000000 0.000000 0.000000  0.000000 -0.000000 -1.000000
2451545.190732  1.0452746995e+00  1.000000 0.000000 0.000000  0.000000 -0.000000 -1.000000
2451545.191399  1.0490726664e+00  1.000000 0.000000 0.000000  0.000000 -0.000000 -1.000000
2451545.192066  1.0497790004e+00  1.000000 0.000000 0.000000  0.000000 -0.000000 -1.000000
2451545.192733  1.0503425178e+00  1.000000 0.000000 0.000000  0.000000 -0.000000 -1.000000
2451545.193400  1.0507809909e+00  1.000000 0.000000 0.000000  0.000000 -0.000000 -1.000000
2451545.194067  1.0512378047e+00  1.000000 0.000000 0.000000  0.000000 -0.000000 -1.000000
2451545.194734  1.0512118574e+00  1.000000 0.000000 0.000000  0.000000 -0.000000 -1.000000
2451545.195400  1.0492641074e+00  1.000000 0.000000 0.000000  0.000000 -0.000000 -1.000000
2451545.196067  1.0499783321e+00  1.000000 0.000000 0.000000  0.000000 -0.000000 -1.000000
2451545.196734  1.0477549014e+00  1.000000 0.000000 0.000000  0.000000 -0.000000 -1.000000
2451545.197401  1.0457079120e+00  1.000000 0.000000 0.000000  0.000000 -0.000000 -1.000000
2451545.198068  1.0424802870e+00  1.000000 0.000000 0.000000  0.000000 -0.000000 -1.000000
2451545.198735  1.0417730999e+00  1.000000 0.000000 0.000000  0.000000 -0.000000 -1.000000
2451545.199402  1.0399418637e+00  1.000000 0.000000 0.000000  0.000000 -0.000000 -1.000000
2451545.200069  1.0381195135e+00  1.000000 0.000000 0.000000  0.000000 -0.000000 -1.000000
2451545.200736  1.0322357429e+00  1.000000 0.000000 0.000000  0.000000 -0.000000 -1.000000
2451545.201403  1.0289300629e+00  1.000000 0.000000 0.000000  0.000000 -0.000000 -1.000000
2451545.202069  1.0271832085e+00  1.000000 0.000000 0.000000  0.000000 -0.000000 -1.000000
2451545.202736  1.0229717206e+00  1.000000 0.000000 0.000000  0.000000 -0.000000 -1.000000
2451545.203403  1.0184487234e+00  1.000000 0.000000 0.000000  0.000000 -0.000000 -1.000000
2451545.204070  1.0139170535e+00  1.000000 0.000000 0.000000  0.000000 -0.000000 -1.000000
2451545.204737  1.0051421902e+00  1.000000 0.000000 0.000000  0.000000 -0.000000 -1.000000
2451545.205404  9.9933050321e-01  1.000000 0.000000 0.000000  0.000000 -0.000000 -1.000000
2451545.206071  9.9521690395e-01  1.000000 0.000000 0.000000  0.000000 -0.000000 -1.000000
2451545.206738  9.8848455155e-01  1.000000 0.000000 0.000000  0.000000 -0.000000 -1.000000
2451545.207405  9.8118846842e-01  1.000000 0.000000 0.000000  0.000000 -0.000000 -1.000000
2451545.208072  9.7613799562e-01  1.000000 0.000000 0.000000  0.000000 -0.000000 -1.000000
2451545.208738  9.6585890257e-01  1.000000 0.000000 0.000000  0.000000 -0.000000 -1.000000
2451545.209405  9.5930320475e-01  1.000000 0.000000 0.000000  0.000000 -0.000000 -1.000000
2451545.210072  9.5225671286e-01  1.000000 0.000000 0.000000  0.000000 -0.000000 -1.000000
2451545.210739  9.4655777200e-01  1.000000 0.000000 0.000000  0.000000 -0.000000 -1.000000
2451545.211406  9.4725756585e-01  1.000000 0.000000 0.000000  0.000000 -0.000000 -1.000000
2451545.212073  9.5021228261e-01  1.000000 0.000000 0.000000  0.000000 -0.000000 -1.000000
2451545.212740  9.5367357504e-01  1.000000 0.000000 0.000000  0.000000 -0.000000 -1.000000
2451545.213407  9.5669319547e-01  1.000000 0.000000 0.000000  0.000000 -0.000000 -1.000000
2451545.214074  9.6239092783e-01  1.000000 0.000000 0.000000  0.000000 -0.000000 -1.000000
2451545.214740  9.6903605481e-01  1.000000 0.000000 0.000000  0.000000 -0.000000 -1.000000
2451545.215407  9.7207046162e-01  1.000000 0.000000 0.000000  0.000000 -0.000000 -1.000000
2451545.216074  9.7513259289e-01  1.000000 0.000000 0.000000  0.000000 -0.000000 -1.000000
2451545.216741  9.7780579972e-01  1.000000 0.000000 0.000000  0.000000 -0.000000 -1.000000
2451545.217408  9.8111290149e-01  1.000000 0.000000 0.000000  0.000000 -0.000000 -1.000000
2451545.218075  9.8783096513e-01  1.000000 0.000000 0.000000  0.000000 -0.000000 -1.000000
2451545.218742  9.9193525182e-01  1.000000 0.000000 0.000000  0.000000 -0.000000 -1.000000
2451545.219409  9.9419507981e-01  1.000000 0.000000 0.000000  0.000000 -0.000000 -1.000000
2451545.220076  9.9649379315e-01  1.000000 0.000000 0.000000  0.000000 -0.000000 -1.000000
2451545.220743  9.9808716773e-01  1.000000 0.000000 0.000000  0.000000 -0.000000 -1.000000
2451545.221409  1.0015095748e+00  1.000000 0.000000 0.000000  0.000000 -0.000000 -1.000000
2451545.222076  1.0053681090e+00  1.000000 0.000000 0.000000  0.000000 -0.000000 -1.000000
2451545.222743  1.0073875873e+00  1.000000 0.000000 0.000000  0.000000 -0.000000 -1.000000
2451545.223410  1.0091999851e+00  1.000000 0.000000 0.000000  0.000000 -0.000000 -1.000000
2451545.224077  1.0131395601e+00  1.000000 0.000000 0.000000  0.000000 -0.000000 -1.000000
2451545.224744  1.0154895281e+00  1.000000 0.000000 0.000000  0.000000 -0.000000 -1.000000
2451545.225411  1.0157836207e+00  1.000000 0.000000 0.000000  0.000000 -0.000000 -1.000000
2451545.226078  1.0168726944e+00  1.000000 0.000000 0.000000  0.000000 -0.000000 -1.000000
2451545.226745  1.0180733769e+00  1.000000 0.000000 0.000000  0.000000 -0.000000 -1.000000
2451545.227411  1.0200506286e+00  1.000000 0.000000 0.000000  0.000000 -0.000000 -1.000000
2451545.228078  1.0218070799e+00  1.000000 0.000000 0.000000  0.000000 -0.000000 -1.000000
2451545.228745  1.0198879073e+00  1.000000 0.000000 0.000000  0.000000 -0.000000 -1.000000
2451545.229412  1.0211524982e+00  1.000000 0.000000 0.000000  0.000000 -0.000000 -1.000000
2451545.230079  1.0238227194e+00  1.000000 0.000000 0.000000  0.000000 -0.000000 -1.000000
2451545.230746  1.0242626142e+00  1.000000 0.000000 0.000000  0.000000 -0.000000 -1.000000
2451545.231413  1.0231673557e+00  1.000000 0.000000 0.000000  0.000000 -0.000000 -1.000000
2451545.232080  1.0210224776e+00  1.000000 0.000000 0.000000  0.000000 -0.000000 -1.000000
2451545.232747  1.0207861799e+00  1.000000 0.000000 0.000000  0.000000 -0.000000 -1.000000
2451545.233414  1.0200269562e+00  1.000000 0.000000 0.000000  0.000000 -0.000000 -1.000000
2451545.234080  1.0217590242e+00  1.000000 0.000000 0.000000  0.000000 -0.000000 -1.000000
2451545.234747  1.0210639932e+00  1.000000 0.000000 0.000000  0.000000 -0.000000 -1.000000
2451545.235414  1.0196708035e+00  1.000000 0.000000 0.000000  0.000000 -0.000000 -1.000000
2451545.236081  1.0181695594e+00  1.000000 0.000000 0.000000  0.000000 -0.000000 -1.000000
2451545.236748  1.0163684646e+00  1.000000 0.000000 0.000000  0.000000 -0.000000 -1.000000
2451545.237415  1.0154089139e+00  1.000000 0.000000 0.000000  0.000000 -0.000000 -1.000000
2451545.238082  1.0147460860e+00  1.000000 0.000000 0.000000  0.000000 -0.000000 -1.000000
2451545.238749  1.0153682513e+00  1.000000 0.000000 0.000000  0.000000 -0.000000 -1.000000
2451545.239416  1.0161018833e+00  1.000000 0.000000 0.000000  0.000000 -0.000000 -1.000000
