2451545.000000,1.0007407852e+00,1.0007407852e+00,9.5955103743e-01,1.1294996820e+00,1.0284578310e+00,1.0284578310e+00,9.5955103743e-01,1.1294996820e+00,1.0794871256e+00,1.0794871256e+00,9.5955103743e-01,1.1294996820e+00,1.0423011319e+00,1.0423011319e+00,9.5955103743e-01,1.1294996820e+00,1.2080389506e+00,1.2080389506e+00,9.5955103743e-01,1.1294996820e+00,9.8809981086e-01,9.8809981086e-01,9.5955103743e-01,1.1294996820e+00,9.5950563861e-01,9.5950563861e-01,9.5955103743e-01,1.1294996820e+00
2451545.000667,1.0007116305e+00,1.0007116305e+00,9.5932155116e-01,1.1295573351e+00,1.0287472107e+00,1.0287472107e+00,9.5932155116e-01,1.1295573351e+00,1.0791751642e+00,1.0791751642e+00,9.5932155116e-01,1.1295573351e+00,1.0654252135e+00,1.0654252135e+00,9.5932155116e-01,1.1295573351e+00,1.2163194556e+00,1.2163194556e+00,9.5932155116e-01,1.1295573351e+00,9.8886509779e-01,9.8886509779e-01,9.5932155116e-01,1.1295573351e+00,9.6157114626e-01,9.6157114626e-01,9.5932155116e-01,1.1295573351e+00
2451545.001334,1.0006822854e+00,1.0006822854e+00,9.5862055739e-01,1.1292475722e+00,1.0289592441e+00,1.0289592441e+00,9.5862055739e-01,1.1292475722e+00,1.0784838032e+00,1.0784838032e+00,9.5862055739e-01,1.1292475722e+00,1.0861723795e+00,1.0861723795e+00,9.5862055739e-01,1.1292475722e+00,1.2239501096e+00,1.2239501096e+00,9.5862055739e-01,1.1292475722e+00,9.8933939382e-01,9.8933939382e-01,9.5862055739e-01,1.1292475722e+00,9.6356167476e-01,9.6356167476e-01,9.5862055739e-01,1.1292475722e+00
2451545.002001,1.0006527771e+00,1.0006527771e+00,9.5744275285e-01,1.1285733248e+00,1.0290937471e+00,1.0290937471e+00,9.5744275285e-01,1.1285733248e+00,1.0774203202e+00,1.0774203202e+00,9.5744275285e-01,1.1285733248e+00,1.1069298173e+00,1.1069298173e+00,9.5744275285e-01,1.1285733248e+00,1.2309422341e+00,1.2309422341e+00,9.5744275285e-01,1.1285733248e+00,9.8953562124e-01,9.8953562124e-01,9.5744275285e-01,1.1285733248e+00,9.6580860111e-01,9.6580860111e-01,9.5744275285e-01,1.1285733248e+00
2451545.002668,1.0006231056e+00,1.0006231056e+00,9.5577704894e-01,1.1275375245e+00,1.0291500743e+00,1.0291500743e+00,9.5577704894e-01,1.1275375245e+00,1.0759915076e+00,1.0759915076e+00,9.5577704894e-01,1.1275375245e+00,1.1323096062e+00,1.1323096062e+00,9.5577704894e-01,1.1275375245e+00,1.2373003576e+00,1.2373003576e+00,9.5577704894e-01,1.1275375245e+00,9.8946478792e-01,9.8946478792e-01,9.5577704894e-01,1.1275375245e+00,9.6895772509e-01,9.6895772509e-01,9.5577704894e-01,1.1275375245e+00
2451545.003334,1.0005932982e+00,1.0005932982e+00,9.5361235702e-01,1.1261440799e+00,1.0291272115e+00,1.0291272115e+00,9.5361235702e-01,1.1261440799e+00,1.0742051279e+00,1.0742051279e+00,9.5361235702e-01,1.1261440799e+00,1.1560356206e+00,1.1560356206e+00,9.5361235702e-01,1.1261440799e+00,1.2430222160e+00,1.2430222160e+00,9.5361235702e-01,1.1261440799e+00,9.8913550875e-01,9.8913550875e-01,9.5361235702e-01,1.1261440799e+00,9.7203223259e-01,9.7203223259e-01,9.5361235702e-01,1.1261440799e+00
2451545.004001,1.0005633275e+00,1.0005633275e+00,9.5092167872e-01,1.1243905482e+00,1.0290237761e+00,1.0290237761e+00,9.5092167872e-01,1.1243905482e+00,1.0720597257e+00,1.0720597257e+00,9.5092167872e-01,1.1243905482e+00,1.1782948090e+00,1.1782948090e+00,9.5092167872e-01,1.1243905482e+00,1.2481259235e+00,1.2481259235e+00,9.5092167872e-01,1.1243905482e+00,9.8855304834e-01,9.8855304834e-01,9.5092167872e-01,1.1243905482e+00,9.7504119000e-01,9.7504119000e-01,9.5092167872e-01,1.1243905482e+00
2451545.004668,1.0005331665e+00,1.0005331665e+00,9.4768139044e-01,1.1222779064e+00,1.0288380163e+00,1.0288380163e+00,9.4768139044e-01,1.1222779064e+00,1.0695606377e+00,1.0695606377e+00,9.4768139044e-01,1.1222779064e+00,1.1991611289e+00,1.1991611289e+00,9.4768139044e-01,1.1222779064e+00,1.2526092157e+00,1.2526092157e+00,9.4768139044e-01,1.1222779064e+00,9.8772219274e-01,9.8772219274e-01,9.4768139044e-01,1.1222779064e+00,9.7797970148e-01,9.7797970148e-01,9.4768139044e-01,1.1222779064e+00
2451545.005335,1.0005028968e+00,1.0005028968e+00,9.4385919055e-01,1.1198071318e+00,1.0285679041e+00,1.0285679041e+00,9.4385919055e-01,1.1198071318e+00,1.0667098047e+00,1.0667098047e+00,9.4385919055e-01,1.1198071318e+00,1.2187270273e+00,1.2187270273e+00,9.4385919055e-01,1.1198071318e+00,1.2564720928e+00,1.2564720928e+00,9.4385919055e-01,1.1198071318e+00,9.8664677077e-01,9.8664677077e-01,9.4385919055e-01,1.1198071318e+00,9.8084740435e-01,9.8084740435e-01,9.4385919055e-01,1.1198071318e+00
2451545.006002,1.0004724638e+00,1.0004724638e+00,9.3941458146e-01,1.1169767586e+00,1.0282106737e+00,1.0282106737e+00,9.3941458146e-01,1.1169767586e+00,1.0635081970e+00,1.0635081970e+00,9.3941458146e-01,1.1169767586e+00,1.2370746795e+00,1.2370746795e+00,9.3941458146e-01,1.1169767586e+00,1.2597168190e+00,1.2597168190e+00,9.3941458146e-01,1.1169767586e+00,9.8532773964e-01,9.8532773964e-01,9.3941458146e-01,1.1169767586e+00,9.8364429863e-01,9.8364429863e-01,9.3941458146e-01,1.1169767586e+00
2451545.006669,1.0004418948e+00,1.0004418948e+00,9.3458813808e-01,1.1140750520e+00,1.0277630065e+00,1.0277630065e+00,9.3458813808e-01,1.1140750520e+00,1.0599558146e+00,1.0599558146e+00,9.3458813808e-01,1.1140750520e+00,1.2542821517e+00,1.2542821517e+00,9.3458813808e-01,1.1140750520e+00,1.2623411299e+00,1.2623411299e+00,9.3458813808e-01,1.1140750520e+00,9.8376749237e-01,9.8376749237e-01,9.3458813808e-01,1.1140750520e+00,9.8636984032e-01,9.8636984032e-01,9.3458813808e-01,1.1140750520e+00
2451545.007336,1.0004112171e+00,1.0004112171e+00,9.3453076651e-01,1.1158437299e+00,1.0273435490e+00,1.0273435490e+00,9.3453076651e-01,1.1158437299e+00,1.0560526574e+00,1.0560526574e+00,9.3453076651e-01,1.1158437299e+00,1.2704110754e+00,1.2704110754e+00,9.3453076651e-01,1.1158437299e+00,1.2652099841e+00,1.2652099841e+00,9.3453076651e-01,1.1158437299e+00,9.8196602895e-01,9.8196602895e-01,9.3453076651e-01,1.1158437299e+00,9.8902402944e-01,9.8902402944e-01,9.3453076651e-01,1.1158437299e+00
2451545.008003,1.0003803762e+00,1.0003803762e+00,9.3430851195e-01,1.1169010279e+00,1.0272385463e+00,1.0272385463e+00,9.3430851195e-01,1.1169010279e+00,1.0517967849e+00,1.0517967849e+00,9.3430851195e-01,1.1169010279e+00,1.2855251362e+00,1.2855251362e+00,9.3430851195e-01,1.1169010279e+00,1.2699559339e+00,1.2699559339e+00,9.3430851195e-01,1.1169010279e+00,9.7992334940e-01,9.7992334940e-01,9.3430851195e-01,1.1169010279e+00,9.9160641265e-01,9.9160641265e-01,9.3430851195e-01,1.1169010279e+00
2451545.008670,1.0003494537e+00,1.0003494537e+00,9.3393198091e-01,1.1173070421e+00,1.0270822868e+00,1.0270822868e+00,9.3393198091e-01,1.1173070421e+00,1.0471862563e+00,1.0471862563e+00,9.3393198091e-01,1.1173070421e+00,1.2996736392e+00,1.2996736392e+00,9.3393198091e-01,1.1173070421e+00,1.2737848467e+00,1.2737848467e+00,9.3393198091e-01,1.1173070421e+00,9.7763897509e-01,9.7763897509e-01,9.3393198091e-01,1.1173070421e+00,9.9411689929e-01,9.9411689929e-01,9.3393198091e-01,1.1173070421e+00
2451545.009337,1.0003184224e+00,1.0003184224e+00,9.3334621238e-01,1.1170446719e+00,1.0268753237e+00,1.0268753237e+00,9.3334621238e-01,1.1170446719e+00,1.0436644393e+00,1.0436644393e+00,9.3334621238e-01,1.1170446719e+00,1.3129079439e+00,1.3129079439e+00,9.3334621238e-01,1.1170446719e+00,1.2767352152e+00,1.2767352152e+00,9.3334621238e-01,1.1170446719e+00,9.7651186395e-01,9.7651186395e-01,9.3334621238e-01,1.1170446719e+00,9.9655503605e-01,9.9655503605e-01,9.3334621238e-01,1.1170446719e+00
2451545.010003,1.0002873095e+00,1.0002873095e+00,9.3251745840e-01,1.1161148946e+00,1.0266186710e+00,1.0266186710e+00,9.3251745840e-01,1.1161148946e+00,1.0402813797e+00,1.0402813797e+00,9.3251745840e-01,1.1161148946e+00,1.3252527028e+00,1.3252527028e+00,9.3251745840e-01,1.1161148946e+00,1.2788319469e+00,1.2788319469e+00,9.3251745840e-01,1.1161148946e+00,9.7554556357e-01,9.7554556357e-01,9.3251745840e-01,1.1161148946e+00,9.9891728703e-01,9.9891728703e-01,9.3251745840e-01,1.1161148946e+00
2451545.010670,1.0002560607e+00,1.0002560607e+00,9.3144137992e-01,1.1145411621e+00,1.0263121443e+00,1.0263121443e+00,9.3144137992e-01,1.1145411621e+00,1.0367212346e+00,1.0367212346e+00,9.3144137992e-01,1.1145411621e+00,1.3367839279e+00,1.3367839279e+00,9.3144137992e-01,1.1145411621e+00,1.2801022130e+00,1.2801022130e+00,9.3144137992e-01,1.1145411621e+00,9.7443281053e-01,9.7443281053e-01,9.3144137992e-01,1.1145411621e+00,1.0012102707e+00,1.0012102707e+00,9.3144137992e-01,1.1145411621e+00
2451545.011337,1.0002247030e+00,1.0002247030e+00,9.3011604850e-01,1.1123464381e+00,1.0259564812e+00,1.0259564812e+00,9.3011604850e-01,1.1123464381e+00,1.0331135433e+00,1.0331135433e+00,9.3011604850e-01,1.1123464381e+00,1.3475180543e+00,1.3475180543e+00,9.3011604850e-01,1.1123464381e+00,1.2805573351e+00,1.2805573351e+00,9.3011604850e-01,1.1123464381e+00,9.7328655525e-01,9.7328655525e-01,9.3011604850e-01,1.1123464381e+00,1.0034303605e+00,1.0034303605e+00,9.3011604850e-01,1.1123464381e+00
2451545.012004,1.0001932638e+00,1.0001932638e+00,9.2853712511e-01,1.1095468458e+00,1.0255522347e+00,1.0255522347e+00,9.2853712511e-01,1.1095468458e+00,1.0291870982e+00,1.0291870982e+00,9.2853712511e-01,1.1095468458e+00,1.3574879519e+00,1.3574879519e+00,9.2853712511e-01,1.1095468458e+00,1.2802086346e+00,1.2802086346e+00,9.2853712511e-01,1.1095468458e+00,9.7183782259e-01,9.7183782259e-01,9.2853712511e-01,1.1095468458e+00,1.0055772844e+00,1.0055772844e+00,9.2853712511e-01,1.1095468458e+00
2451545.012671,1.0001617429e+00,1.0001617429e+00,9.2669930649e-01,1.1061565541e+00,1.0250998659e+00,1.0250998659e+00,9.2669930649e-01,1.1061565541e+00,1.0254387088e+00,1.0254387088e+00,9.2669930649e-01,1.1061565541e+00,1.3667223822e+00,1.3667223822e+00,9.2669930649e-01,1.1061565541e+00,1.2790629044e+00,1.2790629044e+00,9.2669930649e-01,1.1061565541e+00,9.7058531734e-01,9.7058531734e-01,9.2669930649e-01,1.1061565541e+00,1.0076506798e+00,1.0076506798e+00,9.2669930649e-01,1.1061565541e+00
2451545.013338,1.0001301405e+00,1.0001301405e+00,9.2459680728e-01,1.1021858234e+00,1.0245998356e+00,1.0245998356e+00,9.2459680728e-01,1.1021858234e+00,1.0217834713e+00,1.0217834713e+00,9.2459680728e-01,1.1021858234e+00,1.3752459975e+00,1.3752459975e+00,9.2459680728e-01,1.1021858234e+00,1.2771246730e+00,1.2771246730e+00,9.2459680728e-01,1.1021858234e+00,9.6948213637e-01,9.6948213637e-01,9.2459680728e-01,1.1021858234e+00,1.0096504561e+00,1.0096504561e+00,9.2459680728e-01,1.1021858234e+00
2451545.014005,1.0000984565e+00,1.0000984565e+00,9.2251648532e-01,1.0979429508e+00,1.0240525127e+00,1.0240525127e+00,9.2251648532e-01,1.0979429508e+00,1.0177730925e+00,1.0177730925e+00,9.2251648532e-01,1.0979429508e+00,1.3830875593e+00,1.3830875593e+00,9.2251648532e-01,1.0979429508e+00,1.2743916761e+00,1.2743916761e+00,9.2251648532e-01,1.0979429508e+00,9.6809322914e-01,9.6809322914e-01,9.2251648532e-01,1.0979429508e+00,1.0115764318e+00,1.0115764318e+00,9.2251648532e-01,1.0979429508e+00
2451545.014672,1.0000667181e+00,1.0000667181e+00,9.2065648946e-01,1.0936697860e+00,1.0234583580e+00,1.0234583580e+00,9.2065648946e-01,1.0936697860e+00,1.0134017506e+00,1.0134017506e+00,9.2065648946e-01,1.0936697860e+00,1.3902655569e+00,1.3902655569e+00,9.2065648946e-01,1.0936697860e+00,1.2708639138e+00,1.2708639138e+00,9.2065648946e-01,1.0936697860e+00,9.6641524541e-01,9.6641524541e-01,9.2065648946e-01,1.0936697860e+00,1.0134282444e+00,1.0134282444e+00,9.2065648946e-01,1.0936697860e+00
2451545.015339,1.0000348981e+00,1.0000348981e+00,9.1848456583e-01,1.0888489173e+00,1.0228176481e+00,1.0228176481e+00,9.1848456583e-01,1.0888489173e+00,1.0123552484e+00,1.0123552484e+00,9.1848456583e-01,1.0888489173e+00,1.3968005341e+00,1.3968005341e+00,9.1848456583e-01,1.0888489173e+00,1.2665323289e+00,1.2665323289e+00,9.1848456583e-01,1.0888489173e+00,9.6797214246e-01,9.6797214246e-01,9.1848456583e-01,1.0888489173e+00,1.0152058031e+00,1.0152058031e+00,9.1848456583e-01,1.0888489173e+00
2451545.016006,1.0000030509e+00,1.0000030509e+00,9.1598817947e-01,1.0834793676e+00,1.0221308439e+00,1.0221308439e+00,9.1598817947e-01,1.0834793676e+00,1.0113364007e+00,1.0113364007e+00,9.1598817947e-01,1.0834793676e+00,1.4027089260e+00,1.4027089260e+00,9.1598817947e-01,1.0834793676e+00,1.2613901285e+00,1.2613901285e+00,9.1598817947e-01,1.0834793676e+00,9.6936296411e-01,9.6936296411e-01,9.1598817947e-01,1.0834793676e+00,1.0169089267e+00,1.0169089267e+00,9.1598817947e-01,1.0834793676e+00
2451545.016672,9.9997212842e-01,9.9997212842e-01,9.1315720599e-01,1.0775743286e+00,1.0213993284e+00,1.0213993284e+00,9.1315720599e-01,1.0775743286e+00,1.0104640730e+00,1.0104640730e+00,9.1315720599e-01,1.0775743286e+00,1.4080030587e+00,1.4080030587e+00,9.1315720599e-01,1.0775743286e+00,1.2554531627e+00,1.2554531627e+00,9.1315720599e-01,1.0775743286e+00,9.7071071144e-01,9.7071071144e-01,9.1315720599e-01,1.0775743286e+00,1.0185375244e+00,1.0185375244e+00,9.1315720599e-01,1.0775743286e+00
2451545.017339,9.9994784188e-01,9.9994784188e-01,9.0996416488e-01,1.0711435722e+00,1.0206212577e+00,1.0206212577e+00,9.0996416488e-01,1.0711435722e+00,1.0112228719e+00,1.0112228719e+00,9.0996416488e-01,1.0711435722e+00,1.4127096393e+00,1.4127096393e+00,9.0996416488e-01,1.0711435722e+00,1.2488052102e+00,1.2488052102e+00,9.0996416488e-01,1.0711435722e+00,9.7359477588e-01,9.7359477588e-01,9.0996416488e-01,1.0711435722e+00,1.0201125397e+00,1.0201125397e+00,9.0996416488e-01,1.0711435722e+00
2451545.018006,9.9992347375e-01,9.9992347375e-01,9.0639266427e-01,1.0641519201e+00,1.0197980146e+00,1.0197980146e+00,9.0639266427e-01,1.0641519201e+00,1.0116876606e+00,1.0116876606e+00,9.0639266427e-01,1.0641519201e+00,1.4168368852e+00,1.4168368852e+00,9.0639266427e-01,1.0641519201e+00,1.2413013563e+00,1.2413013563e+00,9.0639266427e-01,1.0641519201e+00,9.7611893051e-01,9.7611893051e-01,9.0639266427e-01,1.0641519201e+00,1.0216123039e+00,1.0216123039e+00,9.0639266427e-01,1.0641519201e+00
2451545.018673,9.9989907843e-01,9.9989907843e-01,9.0313501989e-01,1.0573312728e+00,1.0189298758e+00,1.0189298758e+00,9.0313501989e-01,1.0573312728e+00,1.0118579537e+00,1.0118579537e+00,9.0313501989e-01,1.0573312728e+00,1.4203930140e+00,1.4203930140e+00,9.0313501989e-01,1.0573312728e+00,1.2329166941e+00,1.2329166941e+00,9.0313501989e-01,1.0573312728e+00,9.7828508976e-01,9.7828508976e-01,9.0313501989e-01,1.0573312728e+00,1.0230366356e+00,1.0230366356e+00,9.0313501989e-01,1.0573312728e+00
2451545.019340,9.9987460151e-01,9.9987460151e-01,9.0305981010e-01,1.0534729167e+00,1.0180171177e+00,1.0180171177e+00,9.0305981010e-01,1.0534729167e+00,1.0117318106e+00,1.0117318106e+00,9.0305981010e-01,1.0534729167e+00,1.4233882975e+00,1.4233882975e+00,9.0305981010e-01,1.0534729167e+00,1.2236285805e+00,1.2236285805e+00,9.0305981010e-01,1.0534729167e+00,9.8009421083e-01,9.8009421083e-01,9.0305981010e-01,1.0534729167e+00,1.0243854442e+00,1.0243854442e+00,9.0305981010e-01,1.0534729167e+00
2451545.020007,9.9985007020e-01,9.9985007020e-01,9.0450181312e-01,1.0506689271e+00,1.0170601092e+00,1.0170601092e+00,9.0450181312e-01,1.0506689271e+00,1.0113087462e+00,1.0113087462e+00,9.0450181312e-01,1.0506689271e+00,1.4258309532e+00,1.4258309532e+00,9.0450181312e-01,1.0506689271e+00,1.2134075799e+00,1.2134075799e+00,9.0450181312e-01,1.0506689271e+00,9.8154677232e-01,9.8154677232e-01,9.0450181312e-01,1.0506689271e+00,1.0256585483e+00,1.0256585483e+00,9.0450181312e-01,1.0506689271e+00
2451545.020674,9.9982548450e-01,9.9982548450e-01,9.0572107945e-01,1.0472234253e+00,1.0160589424e+00,1.0160589424e+00,9.0572107945e-01,1.0472234253e+00,1.0105868199e+00,1.0105868199e+00,9.0572107945e-01,1.0472234253e+00,1.4277312531e+00,1.4277312531e+00,9.0572107945e-01,1.0472234253e+00,1.2022197278e+00,1.2022197278e+00,9.0572107945e-01,1.0472234253e+00,9.8264133843e-01,9.8264133843e-01,9.0572107945e-01,1.0472234253e+00,1.0268555854e+00,1.0268555854e+00,9.0572107945e-01,1.0472234253e+00
2451545.021341,9.9980087160e-01,9.9980087160e-01,9.0666168389e-01,1.0430895072e+00,1.0150138938e+00,1.0150138938e+00,9.0666168389e-01,1.0430895072e+00,1.0095631205e+00,1.0095631205e+00,9.0666168389e-01,1.0430895072e+00,1.4290953602e+00,1.4290953602e+00,9.0666168389e-01,1.0430895072e+00,1.1900310600e+00,1.1900310600e+00,9.0666168389e-01,1.0430895072e+00,9.8337695195e-01,9.8337695195e-01,9.0666168389e-01,1.0430895072e+00,1.0279765553e+00,1.0279765553e+00,9.0666168389e-01,1.0430895072e+00
2451545.022008,9.9977620431e-01,9.9977620431e-01,9.0732410855e-01,1.0382735244e+00,1.0139252402e+00,1.0139252402e+00,9.0732410855e-01,1.0382735244e+00,1.0101695774e+00,1.0101695774e+00,9.0732410855e-01,1.0382735244e+00,1.4299253291e+00,1.4299253291e+00,9.0732410855e-01,1.0382735244e+00,1.1767940264e+00,1.1767940264e+00,9.0732410855e-01,1.0382735244e+00,9.8571923727e-01,9.8571923727e-01,9.0732410855e-01,1.0382735244e+00,1.0290210048e+00,1.0290210048e+00,9.0732410855e-01,1.0382735244e+00
2451545.022674,9.9975153701e-01,9.9975153701e-01,9.0770738919e-01,1.0327867142e+00,1.0139040368e+00,1.0139040368e+00,9.0770738919e-01,1.0327867142e+00,1.0107813713e+00,1.0107813713e+00,9.0770738919e-01,1.0327867142e+00,1.4302273227e+00,1.4302273227e+00,9.0770738919e-01,1.0327867142e+00,1.1707732819e+00,1.1707732819e+00,9.0770738919e-01,1.0327867142e+00,9.8817495161e-01,9.8817495161e-01,9.0770738919e-01,1.0327867142e+00,1.0299873925e+00,1.0299873925e+00,9.0770738919e-01,1.0327867142e+00
2451545.023341,9.9972678813e-01,9.9972678813e-01,9.0781007947e-01,1.0266100220e+00,1.0141295298e+00,1.0141295298e+00,9.0781007947e-01,1.0266100220e+00,1.0110030919e+00,1.0110030919e+00,9.0781007947e-01,1.0266100220e+00,1.4300033954e+00,1.4300033954e+00,9.0781007947e-01,1.0266100220e+00,1.1666885045e+00,1.1666885045e+00,9.0781007947e-01,1.0266100220e+00,9.9036264801e-01,9.9036264801e-01,9.0781007947e-01,1.0266100220e+00,1.0308783478e+00,1.0308783478e+00,9.0781007947e-01,1.0266100220e+00
2451545.024008,9.9970201205e-01,9.9970201205e-01,9.0762784037e-01,1.0197439363e+00,1.0142547218e+00,1.0142547218e+00,9.0762784037e-01,1.0197439363e+00,1.0108332840e+00,1.0108332840e+00,9.0762784037e-01,1.0197439363e+00,1.4292556017e+00,1.4292556017e+00,9.0762784037e-01,1.0197439363e+00,1.1620512406e+00,1.1620512406e+00,9.0762784037e-01,1.0197439363e+00,9.9227945486e-01,9.9227945486e-01,9.0762784037e-01,1.0197439363e+00,1.0316921480e+00,1.0316921480e+00,9.0762784037e-01,1.0197439363e+00
2451545.024675,9.9967723598e-01,9.9967723598e-01,9.0912094747e-01,1.0141936101e+00,1.0142826549e+00,1.0142826549e+00,9.0912094747e-01,1.0141936101e+00,1.0102714622e+00,1.0102714622e+00,9.0912094747e-01,1.0141936101e+00,1.4279859960e+00,1.4279859960e+00,9.0912094747e-01,1.0141936101e+00,1.1568456401e+00,1.1568456401e+00,9.0912094747e-01,1.0141936101e+00,9.9392537215e-01,9.9392537215e-01,9.0912094747e-01,1.0141936101e+00,1.0324283399e+00,1.0324283399e+00,9.0912094747e-01,1.0141936101e+00
2451545.025342,9.9965243270e-01,9.9965243270e-01,9.1518449541e-01,1.0132467323e+00,1.0142163714e+00,1.0142163714e+00,9.1518449541e-01,1.0132467323e+00,1.0112020098e+00,1.0112020098e+00,9.1518449541e-01,1.0132467323e+00,1.4261904694e+00,1.4261904694e+00,9.1518449541e-01,1.0132467323e+00,1.1510626459e+00,1.1510626459e+00,9.1518449541e-01,1.0132467323e+00,9.9711813581e-01,9.9711813581e-01,9.1518449541e-01,1.0132467323e+00,1.0330866513e+00,1.0330866513e+00,9.1518449541e-01,1.0132467323e+00
2451545.026009,9.9962760223e-01,9.9962760223e-01,9.2069361223e-01,1.0118391188e+00,1.0140585447e+00,1.0140585447e+00,9.2069361223e-01,1.0118391188e+00,1.0129607351e+00,1.0129607351e+00,9.2069361223e-01,1.0118391188e+00,1.4238710764e+00,1.4238710764e+00,9.2069361223e-01,1.0118391188e+00,1.1446886723e+00,1.1446886723e+00,9.2069361223e-01,1.0118391188e+00,1.0010436414e+00,1.0010436414e+00,9.2069361223e-01,1.0118391188e+00,1.0336666290e+00,1.0336666290e+00,9.2069361223e-01,1.0118391188e+00
2451545.026676,9.9960277176e-01,9.9960277176e-01,9.2563720932e-01,1.0099634408e+00,1.0138118483e+00,1.0138118483e+00,9.2563720932e-01,1.0099634408e+00,1.0144385495e+00,1.0144385495e+00,9.2563720932e-01,1.0099634408e+00,1.4210237081e+00,1.4210237081e+00,9.2563720932e-01,1.0099634408e+00,1.1377010764e+00,1.1377010764e+00,9.2563720932e-01,1.0099634408e+00,1.0045924860e+00,1.0045924860e+00,9.2563720932e-01,1.0099634408e+00,1.0341678197e+00,1.0341678197e+00,9.2563720932e-01,1.0099634408e+00
2451545.027343,9.9957794129e-01,9.9957794129e-01,9.2999069886e-01,1.0076069951e+00,1.0134785870e+00,1.0134785870e+00,9.2999069886e-01,1.0076069951e+00,1.0156378788e+00,1.0156378788e+00,9.2999069886e-01,1.0076069951e+00,1.4176442559e+00,1.4176442559e+00,9.2999069886e-01,1.0076069951e+00,1.1300817439e+00,1.1300817439e+00,9.2999069886e-01,1.0076069951e+00,1.0077684986e+00,1.0077684986e+00,9.2999069886e-01,1.0076069951e+00,1.0345897700e+00,1.0345897700e+00,9.2999069886e-01,1.0076069951e+00
2451545.028010,9.9955311081e-01,9.9955311081e-01,9.3370731578e-01,1.0047551241e+00,1.0130611576e+00,1.0130611576e+00,9.3370731578e-01,1.0047551241e+00,1.0165596934e+00,1.0165596934e+00,9.3370731578e-01,1.0047551241e+00,1.4137286109e+00,1.4137286109e+00,9.3370731578e-01,1.0047551241e+00,1.1218035032e+00,1.1218035032e+00,9.3370731578e-01,1.0047551241e+00,1.0105721576e+00,1.0105721576e+00,9.3370731578e-01,1.0047551241e+00,1.0349317547e+00,1.0349317547e+00,9.3370731578e-01,1.0047551241e+00
2451545.028677,9.9952828034e-01,9.9952828034e-01,9.3759411895e-01,1.0021578060e+00,1.0125615883e+00,1.0125615883e+00,9.3759411895e-01,1.0021578060e+00,1.0172064191e+00,1.0172064191e+00,9.3759411895e-01,1.0021578060e+00,1.4092726645e+00,1.4092726645e+00,9.3759411895e-01,1.0021578060e+00,1.1128346544e+00,1.1128346544e+00,9.3759411895e-01,1.0021578060e+00,1.0130029846e+00,1.0130029846e+00,9.3759411895e-01,1.0021578060e+00,1.0351933204e+00,1.0351933204e+00,9.3759411895e-01,1.0021578060e+00
2451545.029343,9.9950350426e-01,9.9950350426e-01,9.4127891635e-01,9.9929469762e-01,1.0119828290e+00,1.0119828290e+00,9.4127891635e-01,9.9929469762e-01,1.0175775708e+00,1.0175775708e+00,9.4127891635e-01,9.9929469762e-01,1.4042723078e+00,1.4042723078e+00,9.4127891635e-01,9.9929469762e-01,1.1031502902e+00,1.1031502902e+00,9.4127891635e-01,9.9929469762e-01,1.0150576292e+00,1.0150576292e+00,9.4127891635e-01,9.9929469762e-01,1.0353731978e+00,1.0353731978e+00,9.4127891635e-01,9.9929469762e-01
2451545.030010,9.9947870099e-01,9.9947870099e-01,9.4483402508e-01,9.9583698122e-01,1.0113249721e+00,1.0113249721e+00,9.4483402508e-01,9.9583698122e-01,1.0176755743e+00,1.0176755743e+00,9.4483402508e-01,9.9583698122e-01,1.3987090515e+00,1.3987090515e+00,9.4483402508e-01,9.9583698122e-01,1.0926711606e+00,1.0926711606e+00,9.4483402508e-01,9.9583698122e-01,1.0167375273e+00,1.0167375273e+00,9.4483402508e-01,9.9583698122e-01,1.0354712056e+00,1.0354712056e+00,9.4483402508e-01,9.9583698122e-01
2451545.030677,9.9945389771e-01,9.9945389771e-01,9.4798801495e-01,9.9155453325e-01,1.0105907831e+00,1.0105907831e+00,9.4798801495e-01,9.9155453325e-01,1.0174999443e+00,1.0174999443e+00,9.4798801495e-01,9.9155453325e-01,1.3925787868e+00,1.3925787868e+00,9.4798801495e-01,9.9155453325e-01,1.0813451869e+00,1.0813451869e+00,9.4798801495e-01,9.9155453325e-01,1.0180345427e+00,1.0180345427e+00,9.4798801495e-01,9.9155453325e-01,1.0354858932e+00,1.0354858932e+00,9.4798801495e-01,9.9155453325e-01
2451545.031344,9.9942912164e-01,9.9942912164e-01,9.5101520884e-01,9.8675369655e-01,1.0097818292e+00,1.0097818292e+00,9.5101520884e-01,9.8675369655e-01,1.0170501958e+00,1.0170501958e+00,9.5101520884e-01,9.8675369655e-01,1.3858712418e+00,1.3858712418e+00,9.5101520884e-01,9.8675369655e-01,1.0690863262e+00,1.0690863262e+00,9.5101520884e-01,9.8675369655e-01,1.0189405391e+00,1.0189405391e+00,9.5101520884e-01,9.8675369655e-01,1.0354159912e+00,1.0354159912e+00,9.5101520884e-01,9.8675369655e-01
2451545.032011,9.9940439995e-01,9.9940439995e-01,9.5906072748e-01,9.8715824497e-01,1.0088995856e+00,1.0088995856e+00,9.5906072748e-01,9.8715824497e-01,1.0167697701e+00,1.0167697701e+00,9.5906072748e-01,9.8715824497e-01,1.3785740903e+00,1.3785740903e+00,9.5906072748e-01,9.8715824497e-01,1.0557836282e+00,1.0557836282e+00,9.5906072748e-01,9.8715824497e-01,1.0198867381e+00,1.0198867381e+00,9.5906072748e-01,9.8715824497e-01,1.0352599585e+00,1.0352599585e+00,9.5906072748e-01,9.8715824497e-01
2451545.032678,9.9937967826e-01,9.9937967826e-01,9.6629966938e-01,9.8727697114e-01,1.0079457114e+00,1.0079457114e+00,9.6629966938e-01,9.8727697114e-01,1.0164151141e+00,1.0164151141e+00,9.6629966938e-01,9.8727697114e-01,1.3706708972e+00,1.3706708972e+00,9.6629966938e-01,9.8727697114e-01,1.0412763284e+00,1.0412763284e+00,9.6629966938e-01,9.8727697114e-01,1.0206362311e+00,1.0206362311e+00,9.6629966938e-01,9.8727697114e-01,1.0350159816e+00,1.0350159816e+00,9.6629966938e-01,9.8727697114e-01
2451545.033345,9.9935501097e-01,9.9935501097e-01,9.7278169228e-01,9.8712844128e-01,1.0069215897e+00,1.0069215897e+00,9.7278169228e-01,9.8712844128e-01,1.0157737252e+00,1.0157737252e+00,9.7278169228e-01,9.8712844128e-01,1.3621513906e+00,1.3621513906e+00,9.7278169228e-01,9.8712844128e-01,1.0253357337e+00,1.0253357337e+00,9.7278169228e-01,9.8712844128e-01,1.0209616815e+00,1.0209616815e+00,9.7278169228e-01,9.8712844128e-01,1.0346817940e+00,1.0346817940e+00,9.7278169228e-01,9.8712844128e-01
2451545.034012,9.9933039807e-01,9.9933039807e-01,9.7854922222e-01,9.8672682437e-01,1.0058286031e+00,1.0058286031e+00,9.7854922222e-01,9.8672682437e-01,1.0148446331e+00,1.0148446331e+00,9.7854922222e-01,9.8672682437e-01,1.3529970811e+00,1.3529970811e+00,9.7854922222e-01,9.8672682437e-01,1.0076176721e+00,1.0076176721e+00,9.7854922222e-01,9.8672682437e-01,1.0208358087e+00,1.0208358087e+00,9.7854922222e-01,9.8672682437e-01,1.0342546758e+00,1.0342546758e+00,9.7854922222e-01,9.8672682437e-01
2451545.034679,9.9930581237e-01,9.9930581237e-01,9.8363793562e-01,9.8608238069e-01,1.0053877579e+00,1.0053877579e+00,9.8363793562e-01,9.8608238069e-01,1.0138825497e+00,1.0138825497e+00,9.8363793562e-01,9.8608238069e-01,1.3431874249e+00,1.3431874249e+00,9.8363793562e-01,9.8608238069e-01,9.9413835953e-01,9.9413835953e-01,9.8363793562e-01,9.8608238069e-01,1.0204782920e+00,1.0204782920e+00,9.8363793562e-01,9.8608238069e-01,1.0337311818e+00,1.0337311818e+00,9.8363793562e-01,9.8608238069e-01
2451545.035345,9.9929384588e-01,9.9929384588e-01,9.8807242031e-01,9.8527377243e-01,1.0047741514e+00,1.0047741514e+00,9.8807242031e-01,9.8527377243e-01,1.0127530842e+00,1.0127530842e+00,9.8807242031e-01,9.8527377243e-01,1.3327224221e+00,1.3327224221e+00,9.8807242031e-01,9.8527377243e-01,9.8033298936e-01,9.8033298936e-01,9.8807242031e-01,9.8527377243e-01,1.0197776165e+00,1.0197776165e+00,9.8807242031e-01,9.8527377243e-01,1.0331421377e+00,1.0331421377e+00,9.8807242031e-01,9.8527377243e-01
2451545.036012,9.9928848815e-01,9.9928848815e-01,9.9189076329e-01,9.8427168449e-01,1.0039790258e+00,1.0039790258e+00,9.9189076329e-01,9.8427168449e-01,1.0113237864e+00,1.0113237864e+00,9.9189076329e-01,9.8427168449e-01,1.3215445500e+00,1.3215445500e+00,9.9189076329e-01,9.8427168449e-01,9.6551548200e-01,9.6551548200e-01,9.9189076329e-01,9.8427168449e-01,1.0184997453e+00,1.0184997453e+00,9.9189076329e-01,9.8427168449e-01,1.0324636988e+00,1.0324636988e+00,9.9189076329e-01,9.8427168449e-01
2451545.036679,9.9928315763e-01,9.9928315763e-01,9.9510791010e-01,9.8304240451e-01,1.0032531338e+00,1.0032531338e+00,9.9510791010e-01,9.8304240451e-01,1.0095927156e+00,1.0095927156e+00,9.9510791010e-01,9.8304240451e-01,1.3096476456e+00,1.3096476456e+00,9.9510791010e-01,9.8304240451e-01,9.5131159696e-01,9.5131159696e-01,9.9510791010e-01,9.8304240451e-01,1.0164920038e+00,1.0164920038e+00,9.9510791010e-01,9.8304240451e-01,1.0316709327e+00,1.0316709327e+00,9.9510791010e-01,9.8304240451e-01
2451545.037346,9.9927788149e-01,9.9927788149e-01,9.9774218107e-01,9.8158984115e-01,1.0024038936e+00,1.0024038936e+00,9.9774218107e-01,9.8158984115e-01,1.0075579311e+00,1.0075579311e+00,9.9774218107e-01,9.8158984115e-01,1.2970050018e+00,1.2970050018e+00,9.9774218107e-01,9.8158984115e-01,9.3709865477e-01,9.3709865477e-01,9.9774218107e-01,9.8158984115e-01,1.0135557716e+00,1.0135557716e+00,9.9774218107e-01,9.8158984115e-01,1.0307540474e+00,1.0307540474e+00,9.9774218107e-01,9.8158984115e-01
2451545.038013,9.9927263255e-01,9.9927263255e-01,9.9980755750e-01,9.7991497160e-01,1.0013769140e+00,1.0013769140e+00,9.9980755750e-01,9.7991497160e-01,1.0063202737e+00,1.0063202737e+00,9.9980755750e-01,9.7991497160e-01,1.2835878575e+00,1.2835878575e+00,9.9980755750e-01,9.7991497160e-01,9.2219057585e-01,9.2219057585e-01,9.9980755750e-01,9.7991497160e-01,1.0106530416e+00,1.0106530416e+00,9.9980755750e-01,9.7991497160e-01,1.0296987183e+00,1.0296987183e+00,9.9980755750e-01,9.7991497160e-01
2451545.038680,9.9926743801e-01,9.9926743801e-01,1.0013156101e+00,9.7801828443e-01,1.0002026172e+00,1.0002026172e+00,1.0013156101e+00,9.7801828443e-01,1.0054450350e+00,1.0054450350e+00,1.0013156101e+00,9.7801828443e-01,1.2693653969e+00,1.2693653969e+00,1.0013156101e+00,9.7801828443e-01,9.0657377446e-01,9.0657377446e-01,1.0013156101e+00,9.7801828443e-01,1.0081489883e+00,1.0081489883e+00,1.0013156101e+00,9.7801828443e-01,1.0284846364e+00,1.0284846364e+00,1.0013156101e+00,9.7801828443e-01
2451545.039347,9.9926227066e-01,9.9926227066e-01,1.0022745349e+00,9.7589977965e-01,9.9890165347e-01,9.9890165347e-01,1.0022745349e+00,9.7589977965e-01,1.0043791262e+00,1.0043791262e+00,1.0022745349e+00,9.7589977965e-01,1.2543047499e+00,1.2543047499e+00,1.0022745349e+00,9.7589977965e-01,8.9022334343e-01,8.9022334343e-01,1.0022745349e+00,9.7589977965e-01,1.0057971309e+00,1.0057971309e+00,1.0022745349e+00,9.7589977965e-01,1.0270810668e+00,1.0270810668e+00,1.0022745349e+00,9.7589977965e-01
2451545.040014,9.9925715770e-01,9.9925715770e-01,1.0026901172e+00,9.7355750292e-01,9.9748877294e-01,9.9748877294e-01,1.0026901172e+00,9.7355750292e-01,1.0056997469e+00,1.0056997469e+00,1.0026901172e+00,9.7355750292e-01,1.2383648290e+00,1.2383648290e+00,1.0026901172e+00,9.7355750292e-01,8.7311663987e-01,8.7311663987e-01,1.0026901172e+00,9.7355750292e-01,1.0063216803e+00,1.0063216803e+00,1.0026901172e+00,9.7355750292e-01,1.0254385068e+00,1.0254385068e+00,1.0026901172e+00,9.7355750292e-01
2451545.040681,9.9925209914e-01,9.9925209914e-01,1.0025647675e+00,9.7098998848e-01,9.9597494602e-01,9.9597494602e-01,1.0025647675e+00,9.7098998848e-01,1.0070441407e+00,1.0070441407e+00,1.0025647675e+00,9.7098998848e-01,1.2215107099e+00,1.2215107099e+00,1.0025647675e+00,9.7098998848e-01,8.5523102088e-01,8.5523102088e-01,1.0025647675e+00,9.7098998848e-01,1.0076282677e+00,1.0076282677e+00,1.0025647675e+00,9.7098998848e-01,1.0234715509e+00,1.0234715509e+00,1.0025647675e+00,9.7098998848e-01
2451545.041348,9.9924706777e-01,9.9924706777e-01,1.0019466974e+00,9.6824072040e-01,9.9477446773e-01,9.9477446773e-01,1.0019466974e+00,9.6824072040e-01,1.0075307618e+00,1.0075307618e+00,1.0019466974e+00,9.6824072040e-01,1.2090016007e+00,1.2090016007e+00,1.0019466974e+00,9.6824072040e-01,8.3954176224e-01,8.3954176224e-01,1.0019466974e+00,9.6824072040e-01,1.0087285771e+00,1.0087285771e+00,1.0019466974e+00,9.6824072040e-01,1.0220654427e+00,1.0220654427e+00,1.0019466974e+00,9.6824072040e-01
2451545.042014,9.9924209080e-01,9.9924209080e-01,1.0009511319e+00,9.6539275815e-01,9.9356062210e-01,9.9356062210e-01,1.0009511319e+00,9.6539275815e-01,1.0072522768e+00,1.0072522768e+00,1.0009511319e+00,9.6539275815e-01,1.1961432472e+00,1.1961432472e+00,1.0009511319e+00,9.6539275815e-01,8.2377778207e-01,8.2377778207e-01,1.0009511319e+00,9.6539275815e-01,1.0096216511e+00,1.0096216511e+00,1.0009511319e+00,9.6539275815e-01,1.0209559871e+00,1.0209559871e+00,1.0009511319e+00,9.6539275815e-01
2451545.042681,9.9923714102e-01,9.9923714102e-01,9.9943488336e-01,9.6228095996e-01,9.9225292861e-01,9.9225292861e-01,9.9943488336e-01,9.6228095996e-01,1.0062693313e+00,1.0062693313e+00,9.9943488336e-01,9.6228095996e-01,1.1840224155e+00,1.1840224155e+00,9.9943488336e-01,9.6228095996e-01,8.0728243654e-01,8.0728243654e-01,9.9943488336e-01,9.6228095996e-01,1.0103108401e+00,1.0103108401e+00,9.9943488336e-01,9.6228095996e-01,1.0202458158e+00,1.0202458158e+00,9.9943488336e-01,9.6228095996e-01
2451545.043348,9.9923227284e-01,9.9923227284e-01,9.9739698743e-01,9.5890483726e-01,9.9085793264e-01,9.9085793264e-01,9.9739698743e-01,9.5890483726e-01,1.0046270458e+00,1.0046270458e+00,9.9739698743e-01,9.5890483726e-01,1.1825391545e+00,1.1825391545e+00,9.9739698743e-01,9.5890483726e-01,7.9005572566e-01,7.9005572566e-01,9.9739698743e-01,9.5890483726e-01,1.0107951868e+00,1.0107951868e+00,9.9739698743e-01,9.5890483726e-01,1.0212396748e+00,1.0212396748e+00,9.9739698743e-01,9.5890483726e-01
2451545.044015,9.9922743185e-01,9.9922743185e-01,9.9483117666e-01,9.5525754986e-01,9.8937932172e-01,9.8937932172e-01,9.9483117666e-01,9.5525754986e-01,1.0023584115e+00,1.0023584115e+00,9.9483117666e-01,9.5525754986e-01,1.1799259853e+00,1.1799259853e+00,9.9483117666e-01,9.5525754986e-01,7.7207500654e-01,7.7207500654e-01,9.9483117666e-01,9.5525754986e-01,1.0110751698e+00,1.0110751698e+00,9.9483117666e-01,9.5525754986e-01,1.0220710638e+00,1.0220710638e+00,9.9483117666e-01,9.5525754986e-01
2451545.044682,9.9922264525e-01,9.9922264525e-01,9.9173070144e-01,9.5132932605e-01,9.8792799859e-01,9.8792799859e-01,9.9173070144e-01,9.5132932605e-01,9.9948817187e-01,9.9948817187e-01,9.9173070144e-01,9.5132932605e-01,1.1763534215e+00,1.1763534215e+00,9.9173070144e-01,9.5132932605e-01,7.5408749454e-01,7.5408749454e-01,9.9173070144e-01,9.5132932605e-01,1.0111503106e+00,1.0111503106e+00,9.9173070144e-01,9.5132932605e-01,1.0227424309e+00,1.0227424309e+00,9.9173070144e-01,9.5132932605e-01
2451545.045349,9.9921791305e-01,9.9921791305e-01,9.8826044478e-01,9.4728481901e-01,9.8756339318e-01,9.8756339318e-01,9.8826044478e-01,9.4728481901e-01,9.9603379288e-01,9.9603379288e-01,9.8826044478e-01,9.4728481901e-01,1.1719282908e+00,1.1719282908e+00,9.8826044478e-01,9.4728481901e-01,7.4402952271e-01,7.4402952271e-01,9.8826044478e-01,9.4728481901e-01,1.0110206090e+00,1.0110206090e+00,9.8826044478e-01,9.4728481901e-01,1.0232554986e+00,1.0232554986e+00,9.8826044478e-01,9.4728481901e-01
2451545.046016,9.9921320804e-01,9.9921320804e-01,9.8488564669e-01,9.4360675075e-01,9.8709184914e-01,9.8709184914e-01,9.8488564669e-01,9.4360675075e-01,9.9200837400e-01,9.9200837400e-01,9.8488564669e-01,9.4360675075e-01,1.1694835807e+00,1.1694835807e+00,9.8488564669e-01,9.4360675075e-01,7.3353227880e-01,7.3353227880e-01,9.8488564669e-01,9.4360675075e-01,1.0106851080e+00,1.0106851080e+00,9.8488564669e-01,9.4360675075e-01,1.0240082819e+00,1.0240082819e+00,9.8488564669e-01,9.4360675075e-01
2451545.046683,9.9920858462e-01,9.9920858462e-01,9.8294754836e-01,9.4168465716e-01,9.8653549171e-01,9.8653549171e-01,9.8294754836e-01,9.4168465716e-01,9.8751380000e-01,9.8751380000e-01,9.8294754836e-01,9.4168465716e-01,1.1666300493e+00,1.1666300493e+00,9.8294754836e-01,9.4168465716e-01,7.2272709158e-01,7.2272709158e-01,9.8294754836e-01,9.4168465716e-01,1.0102352208e+00,1.0102352208e+00,9.8294754836e-01,9.4168465716e-01,1.0246122856e+00,1.0246122856e+00,9.8294754836e-01,9.4168465716e-01
2451545.047350,9.9920401560e-01,9.9920401560e-01,9.8202526425e-01,9.4136121386e-01,9.8590086626e-01,9.8590086626e-01,9.8202526425e-01,9.4136121386e-01,9.8429084500e-01,9.8429084500e-01,9.8202526425e-01,9.4136121386e-01,1.1632505971e+00,1.1632505971e+00,9.8202526425e-01,9.4136121386e-01,7.1163207537e-01,7.1163207537e-01,9.8202526425e-01,9.4136121386e-01,1.0113259580e+00,1.0113259580e+00,9.8202526425e-01,9.4136121386e-01,1.0250455689e+00,1.0250455689e+00,9.8202526425e-01,9.4136121386e-01
2451545.048017,9.9919950096e-01,9.9919950096e-01,9.8048876689e-01,9.4106855141e-01,9.8516787571e-01,9.8516787571e-01,9.8048876689e-01,9.4106855141e-01,9.8558575195e-01,9.8558575195e-01,9.8048876689e-01,9.4106855141e-01,1.1593760397e+00,1.1593760397e+00,9.8048876689e-01,9.4106855141e-01,7.0008420136e-01,7.0008420136e-01,9.8048876689e-01,9.4106855141e-01,1.0169749147e+00,1.0169749147e+00,9.8048876689e-01,9.4106855141e-01,1.0253095825e+00,1.0253095825e+00,9.8048876689e-01,9.4106855141e-01
2451545.048683,9.9919504073e-01,9.9919504073e-01,9.7819920745e-01,9.4066449157e-01,9.8434048417e-01,9.8434048417e-01,9.7819920745e-01,9.4066449157e-01,9.8695149308e-01,9.8695149308e-01,9.7819920745e-01,9.4066449157e-01,1.1550310297e+00,1.1550310297e+00,9.7819920745e-01,9.4066449157e-01,6.8808799812e-01,6.8808799812e-01,9.7819920745e-01,9.4066449157e-01,1.0226080774e+00,1.0226080774e+00,9.7819920745e-01,9.4066449157e-01,1.0254051424e+00,1.0254051424e+00,9.7819920745e-01,9.4066449157e-01
2451545.049350,9.9919063488e-01,9.9919063488e-01,9.7907954763e-01,9.4400445898e-01,9.8341813850e-01,9.8341813850e-01,9.7907954763e-01,9.4400445898e-01,9.8798926227e-01,9.8798926227e-01,9.7907954763e-01,9.4400445898e-01,1.1502135127e+00,1.1502135127e+00,9.7907954763e-01,9.4400445898e-01,6.7560044416e-01,6.7560044416e-01,9.7907954763e-01,9.4400445898e-01,1.0278454350e+00,1.0278454350e+00,9.7907954763e-01,9.4400445898e-01,1.0253332458e+00,1.0253332458e+00,9.7907954763e-01,9.4400445898e-01
2451545.050017,9.9918628343e-01,9.9918628343e-01,9.8133246641e-01,9.4884682541e-01,9.8240434186e-01,9.8240434186e-01,9.8133246641e-01,9.4884682541e-01,9.8870100019e-01,9.8870100019e-01,9.8133246641e-01,9.4884682541e-01,1.1449378693e+00,1.1449378693e+00,9.8133246641e-01,9.4884682541e-01,6.6262833235e-01,6.6262833235e-01,9.8133246641e-01,9.4884682541e-01,1.0326831587e+00,1.0326831587e+00,9.8133246641e-01,9.4884682541e-01,1.0250935302e+00,1.0250935302e+00,9.8133246641e-01,9.4884682541e-01
2451545.050684,9.9918201357e-01,9.9918201357e-01,9.8308302239e-01,9.5327829182e-01,9.8134555725e-01,9.8134555725e-01,9.8308302239e-01,9.5327829182e-01,9.8908961783e-01,9.8908961783e-01,9.8308302239e-01,9.5327829182e-01,1.1392040996e+00,1.1392040996e+00,9.8308302239e-01,9.5327829182e-01,6.4948187029e-01,6.4948187029e-01,9.8308302239e-01,9.5327829182e-01,1.0371269918e+00,1.0371269918e+00,9.8308302239e-01,9.5327829182e-01,1.0246855421e+00,1.0246855421e+00,9.8308302239e-01,9.5327829182e-01
2451545.051351,9.9917779810e-01,9.9917779810e-01,9.8432784077e-01,9.5731449292e-01,9.8044681182e-01,9.8044681182e-01,9.8432784077e-01,9.5731449292e-01,9.8915705584e-01,9.8915705584e-01,9.8432784077e-01,9.5731449292e-01,1.1330101492e+00,1.1330101492e+00,9.8432784077e-01,9.5731449292e-01,6.3765096015e-01,6.3765096015e-01,9.8432784077e-01,9.5731449292e-01,1.0411817203e+00,1.0411817203e+00,9.8432784077e-01,9.5731449292e-01,1.0241082843e+00,1.0241082843e+00,9.8432784077e-01,9.5731449292e-01
2451545.052018,9.9917363702e-01,9.9917363702e-01,9.8519227120e-01,9.6110591291e-01,9.7974027937e-01,9.7974027937e-01,9.8519227120e-01,9.6110591291e-01,9.8890379941e-01,9.8890379941e-01,9.8519227120e-01,9.6110591291e-01,1.1264813351e+00,1.1264813351e+00,9.8519227120e-01,9.6110591291e-01,6.2739146659e-01,6.2739146659e-01,9.8519227120e-01,9.6110591291e-01,1.0448506944e+00,1.0448506944e+00,9.8519227120e-01,9.6110591291e-01,1.0233801616e+00,1.0233801616e+00,9.8519227120e-01,9.6110591291e-01
2451545.052685,9.9916953034e-01,9.9916953034e-01,9.8576791533e-01,9.6477469806e-01,9.7902074833e-01,9.7902074833e-01,9.8576791533e-01,9.6477469806e-01,9.8832790785e-01,9.8832790785e-01,9.8576791533e-01,9.6477469806e-01,1.1207003147e+00,1.1207003147e+00,9.8576791533e-01,9.6477469806e-01,6.1725650893e-01,6.1725650893e-01,9.8576791533e-01,9.6477469806e-01,1.0481377430e+00,1.0481377430e+00,9.8576791533e-01,9.6477469806e-01,1.0226477776e+00,1.0226477776e+00,9.8576791533e-01,9.6477469806e-01
2451545.053352,9.9916550525e-01,9.9916550525e-01,9.8579828851e-01,9.6808974762e-01,9.7821944613e-01,9.7821944613e-01,9.8579828851e-01,9.6808974762e-01,9.8742744052e-01,9.8742744052e-01,9.8579828851e-01,9.6808974762e-01,1.1145351256e+00,1.1145351256e+00,9.8579828851e-01,9.6808974762e-01,6.0672756497e-01,6.0672756497e-01,9.8579828851e-01,9.6808974762e-01,1.0510447804e+00,1.0510447804e+00,9.8579828851e-01,9.6808974762e-01,1.0217282632e+00,1.0217282632e+00,9.8579828851e-01,9.6808974762e-01
2451545.054019,9.9916153455e-01,9.9916153455e-01,9.8526217773e-01,9.7106034473e-01,9.7733757120e-01,9.7733757120e-01,9.8526217773e-01,9.7106034473e-01,9.8619851609e-01,9.8619851609e-01,9.8526217773e-01,9.7106034473e-01,1.1079754958e+00,1.1079754958e+00,9.8526217773e-01,9.7106034473e-01,5.9580237044e-01,5.9580237044e-01,9.8526217773e-01,9.7106034473e-01,1.0535732424e+00,1.0535732424e+00,9.8526217773e-01,9.7106034473e-01,1.0206188983e+00,1.0206188983e+00,9.8526217773e-01,9.7106034473e-01
2451545.054685,9.9915764544e-01,9.9915764544e-01,9.8413547728e-01,9.7368942089e-01,9.7637770481e-01,9.7637770481e-01,9.8413547728e-01,9.7368942089e-01,9.8463967905e-01,9.8463967905e-01,9.8413547728e-01,9.7368942089e-01,1.1010275886e+00,1.1010275886e+00,9.8413547728e-01,9.7368942089e-01,5.8448092533e-01,5.8448092533e-01,9.8413547728e-01,9.7368942089e-01,1.0557221720e+00,1.0557221720e+00,9.8413547728e-01,9.7368942089e-01,1.0193185043e+00,1.0193185043e+00,9.8413547728e-01,9.7368942089e-01
2451545.055352,9.9915381072e-01,9.9915381072e-01,9.8238058228e-01,9.7598967930e-01,9.7533818759e-01,9.7533818759e-01,9.8238058228e-01,9.7598967930e-01,9.8273977061e-01,9.8273977061e-01,9.8238058228e-01,9.7598967930e-01,1.0990060804e+00,1.0990060804e+00,9.8238058228e-01,9.7598967930e-01,5.7272473672e-01,5.7272473672e-01,9.8238058228e-01,9.7598967930e-01,1.0574977908e+00,1.0574977908e+00,9.8238058228e-01,9.7598967930e-01,1.0186480438e+00,1.0186480438e+00,9.8238058228e-01,9.7598967930e-01
2451545.056019,9.9915003040e-01,9.9915003040e-01,9.8086095891e-01,9.7885571921e-01,9.7422160081e-01,9.7422160081e-01,9.8086095891e-01,9.7885571921e-01,9.8049345394e-01,9.8049345394e-01,9.8086095891e-01,9.7885571921e-01,1.1027080700e+00,1.1027080700e+00,9.8086095891e-01,9.7885571921e-01,5.6053380463e-01,5.6053380463e-01,9.8086095891e-01,9.7885571921e-01,1.0588957915e+00,1.0588957915e+00,9.8086095891e-01,9.7885571921e-01,1.0188723466e+00,1.0188723466e+00,9.8086095891e-01,9.7885571921e-01
2451545.056686,9.9914633166e-01,9.9914633166e-01,9.8162462751e-01,9.8396534167e-01,9.7302877416e-01,9.7302877416e-01,9.8162462751e-01,9.8396534167e-01,9.7789296639e-01,9.7789296639e-01,9.8162462751e-01,9.8396534167e-01,1.1088116278e+00,1.1088116278e+00,9.8162462751e-01,9.8396534167e-01,5.4789680759e-01,5.4789680759e-01,9.8162462751e-01,9.8396534167e-01,1.0599156955e+00,1.0599156955e+00,9.8162462751e-01,9.8396534167e-01,1.0195354632e+00,1.0195354632e+00,9.8162462751e-01,9.8396534167e-01
2451545.057353,9.9914271452e-01,9.9914271452e-01,9.8199440895e-01,9.8846569856e-01,9.7176081390e-01,9.7176081390e-01,9.8199440895e-01,9.8846569856e-01,9.7492714915e-01,9.7492714915e-01,9.8199440895e-01,9.8846569856e-01,1.1137400812e+00,1.1137400812e+00,9.8199440895e-01,9.8846569856e-01,5.3479789560e-01,5.3479789560e-01,9.8199440895e-01,9.8846569856e-01,1.0605546311e+00,1.0605546311e+00,9.8199440895e-01,9.8846569856e-01,1.0201045613e+00,1.0201045613e+00,9.8199440895e-01,9.8846569856e-01
2451545.058020,9.9913915177e-01,9.9913915177e-01,9.8195535772e-01,9.9238561642e-01,9.7041882630e-01,9.7041882630e-01,9.8195535772e-01,9.9238561642e-01,9.7160522037e-01,9.7160522037e-01,9.8195535772e-01,9.9238561642e-01,1.1175324635e+00,1.1175324635e+00,9.8195535772e-01,9.9238561642e-01,5.2122801149e-01,5.2122801149e-01,9.8195535772e-01,9.9238561642e-01,1.0608307853e+00,1.0608307853e+00,9.8195535772e-01,9.9238561642e-01,1.0205817260e+00,1.0205817260e+00,9.8195535772e-01,9.9238561642e-01
2451545.058687,9.9913567061e-01,9.9913567061e-01,9.8149011770e-01,9.9574366148e-01,9.6900364105e-01,9.6900364105e-01,9.8149011770e-01,9.9574366148e-01,9.6824981517e-01,9.6824981517e-01,9.8149011770e-01,9.9574366148e-01,1.1202134271e+00,1.1202134271e+00,9.8149011770e-01,9.9574366148e-01,5.0716451237e-01,5.0716451237e-01,9.8149011770e-01,9.9574366148e-01,1.0610801377e+00,1.0610801377e+00,9.8149011770e-01,9.9574366148e-01,1.0209688614e+00,1.0209688614e+00,9.8149011770e-01,9.9574366148e-01
2451545.059354,9.9913227104e-01,9.9913227104e-01,9.8057410107e-01,9.9855058259e-01,9.6809143611e-01,9.6809143611e-01,9.8057410107e-01,9.9855058259e-01,9.6448153405e-01,9.6448153405e-01,9.8057410107e-01,9.9855058259e-01,1.1218035158e+00,1.1218035158e+00,9.8057410107e-01,9.9855058259e-01,4.9675784003e-01,4.9675784003e-01,9.8057410107e-01,9.9855058259e-01,1.0609466073e+00,1.0609466073e+00,9.8057410107e-01,9.9855058259e-01,1.0212676900e+00,1.0212676900e+00,9.8057410107e-01,9.9855058259e-01
2451545.060021,9.9912892586e-01,9.9912892586e-01,9.7917886312e-01,1.0008068684e+00,9.6859653675e-01,9.6859653675e-01,9.7917886312e-01,1.0008068684e+00,9.6028388138e-01,9.6028388138e-01,9.7917886312e-01,1.0008068684e+00,1.1223212192e+00,1.1223212192e+00,9.7917886312e-01,1.0008068684e+00,4.9684161872e-01,4.9684161872e-01,9.7917886312e-01,1.0008068684e+00,1.0604244509e+00,1.0604244509e+00,9.7917886312e-01,1.0008068684e+00,1.0214797531e+00,1.0214797531e+00,9.7917886312e-01,1.0008068684e+00
2451545.060688,9.9912566227e-01,9.9912566227e-01,9.7726776317e-01,1.0025017699e+00,9.6944743636e-01,9.6944743636e-01,9.7726776317e-01,1.0025017699e+00,9.5563842088e-01,9.5563842088e-01,9.7726776317e-01,1.0025017699e+00,1.1217706458e+00,1.1217706458e+00,9.7726776317e-01,1.0025017699e+00,4.9967198000e-01,4.9967198000e-01,9.7726776317e-01,1.0025017699e+00,1.0595064895e+00,1.0595064895e+00,9.7726776317e-01,1.0025017699e+00,1.0216065014e+00,1.0216065014e+00,9.7726776317e-01,1.0025017699e+00
2451545.061354,9.9912250747e-01,9.9912250747e-01,9.7495940128e-01,1.0037716024e+00,9.7021748667e-01,9.7021748667e-01,9.7495940128e-01,1.0037716024e+00,9.5053156790e-01,9.5053156790e-01,9.7495940128e-01,1.0037716024e+00,1.1201620676e+00,1.1201620676e+00,9.7495940128e-01,1.0037716024e+00,5.0216043363e-01,5.0216043363e-01,9.7495940128e-01,1.0037716024e+00,1.0581879370e+00,1.0581879370e+00,9.7495940128e-01,1.0037716024e+00,1.0216491135e+00,1.0216491135e+00,9.7495940128e-01,1.0037716024e+00
2451545.062021,9.9911937986e-01,9.9911937986e-01,9.7257968651e-01,1.0049681472e+00,9.7090843928e-01,9.7090843928e-01,9.7257968651e-01,1.0049681472e+00,9.4492499437e-01,9.4492499437e-01,9.7257968651e-01,1.0049681472e+00,1.1174893215e+00,1.1174893215e+00,9.7257968651e-01,1.0049681472e+00,5.0430245105e-01,5.0430245105e-01,9.7257968651e-01,1.0049681472e+00,1.0564549139e+00,1.0564549139e+00,9.7257968651e-01,1.0049681472e+00,1.0216089493e+00,1.0216089493e+00,9.7257968651e-01,1.0049681472e+00
2451545.062688,9.9911636104e-01,9.9911636104e-01,9.7205273590e-01,1.0083599046e+00,9.7151845040e-01,9.7151845040e-01,9.7205273590e-01,1.0083599046e+00,9.3879977882e-01,9.3879977882e-01,9.7205273590e-01,1.0083599046e+00,1.1137462443e+00,1.1137462443e+00,9.7205273590e-01,1.0083599046e+00,5.0608218222e-01,5.0608218222e-01,9.7205273590e-01,1.0083599046e+00,1.0542973695e+00,1.0542973695e+00,9.7205273590e-01,1.0083599046e+00,1.0214868249e+00,1.0214868249e+00,9.7205273590e-01,1.0083599046e+00
2451545.063355,9.9911342381e-01,9.9911342381e-01,9.7212408877e-01,1.0124434985e+00,9.7204687473e-01,9.7204687473e-01,9.7212408877e-01,1.0124434985e+00,9.3212535583e-01,9.3212535583e-01,9.7212408877e-01,1.0124434985e+00,1.1089205098e+00,1.1089205098e+00,9.7212408877e-01,1.0124434985e+00,5.0747698426e-01,5.0747698426e-01,9.7212408877e-01,1.0124434985e+00,1.0517023815e+00,1.0517023815e+00,9.7212408877e-01,1.0124434985e+00,1.0212834655e+00,1.0212834655e+00,9.7212408877e-01,1.0124434985e+00
2451545.064022,9.9911054097e-01,9.9911054097e-01,9.7154796253e-01,1.0159202697e+00,9.7249325132e-01,9.7249325132e-01,9.7154796253e-01,1.0159202697e+00,9.2486921930e-01,9.2486921930e-01,9.7154796253e-01,1.0159202697e+00,1.1029936286e+00,1.1029936286e+00,9.7154796253e-01,1.0159202697e+00,5.0846421427e-01,5.0846421427e-01,9.7154796253e-01,1.0159202697e+00,1.0486551133e+00,1.0486551133e+00,9.7154796253e-01,1.0159202697e+00,1.0209993245e+00,1.0209993245e+00,9.7154796253e-01,1.0159202697e+00
2451545.064689,9.9910776692e-01,9.9910776692e-01,9.7129244210e-01,1.0198313930e+00,9.7285693484e-01,9.7285693484e-01,9.7129244210e-01,1.0198313930e+00,9.1920539623e-01,9.1920539623e-01,9.7129244210e-01,1.0198313930e+00,1.0959430024e+00,1.0959430024e+00,9.7129244210e-01,1.0198313930e+00,5.0899858648e-01,5.0899858648e-01,9.7129244210e-01,1.0198313930e+00,1.0472647703e+00,1.0472647703e+00,9.7129244210e-01,1.0198313930e+00,1.0206349458e+00,1.0206349458e+00,9.7129244210e-01,1.0198313930e+00
2451545.065356,9.9910504727e-01,9.9910504727e-01,9.7102727939e-01,1.0238969092e+00,9.7313727999e-01,9.7313727999e-01,9.7102727939e-01,1.0238969092e+00,9.1877262853e-01,9.1877262853e-01,9.7102727939e-01,1.0238969092e+00,1.0877398701e+00,1.0877398701e+00,9.7102727939e-01,1.0238969092e+00,5.0902575795e-01,5.0902575795e-01,9.7102727939e-01,1.0238969092e+00,1.0505417681e+00,1.0505417681e+00,9.7102727939e-01,1.0238969092e+00,1.0201902388e+00,1.0201902388e+00,9.7102727939e-01,1.0238969092e+00
2451545.066023,9.9910243639e-01,9.9910243639e-01,9.7057891336e-01,1.0280611196e+00,9.7333391800e-01,9.7333391800e-01,9.7057891336e-01,1.0280611196e+00,9.1946350432e-01,9.1946350432e-01,9.7057891336e-01,1.0280611196e+00,1.0783431439e+00,1.0783431439e+00,9.7057891336e-01,1.0280611196e+00,5.0845968569e-01,5.0845968569e-01,9.7057891336e-01,1.0280611196e+00,1.0542576454e+00,1.0542576454e+00,9.7057891336e-01,1.0280611196e+00,1.0196651128e+00,1.0196651128e+00,9.7057891336e-01,1.0280611196e+00
2451545.066690,9.9909987992e-01,9.9909987992e-01,9.6916053393e-01,1.0317220874e+00,9.7408027588e-01,9.7408027588e-01,9.6916053393e-01,1.0317220874e+00,9.2064003087e-01,9.2064003087e-01,9.6916053393e-01,1.0317220874e+00,1.0677137909e+00,1.0677137909e+00,9.6916053393e-01,1.0317220874e+00,5.1166139037e-01,5.1166139037e-01,9.6916053393e-01,1.0317220874e+00,1.0578495643e+00,1.0578495643e+00,9.6916053393e-01,1.0317220874e+00,1.0190586612e+00,1.0190586612e+00,9.6916053393e-01,1.0317220874e+00
2451545.067356,9.9909743222e-01,9.9909743222e-01,9.6850341253e-01,1.0367266641e+00,9.7478367393e-01,9.7478367393e-01,9.6850341253e-01,1.0367266641e+00,9.2157106364e-01,9.2157106364e-01,9.6850341253e-01,1.0367266641e+00,1.0558168864e+00,1.0558168864e+00,9.6850341253e-01,1.0367266641e+00,5.1406606531e-01,5.1406606531e-01,9.6850341253e-01,1.0367266641e+00,1.0605814329e+00,1.0605814329e+00,9.6850341253e-01,1.0367266641e+00,1.0183708839e+00,1.0183708839e+00,9.6850341253e-01,1.0367266641e+00
2451545.068023,9.9909506612e-01,9.9909506612e-01,9.7021250671e-01,1.0432605120e+00,9.7560645605e-01,9.7560645605e-01,9.7021250671e-01,1.0432605120e+00,9.2226339493e-01,9.2226339493e-01,9.7021250671e-01,1.0432605120e+00,1.0463236045e+00,1.0463236045e+00,9.7021250671e-01,1.0432605120e+00,5.1662697620e-01,5.1662697620e-01,9.7021250671e-01,1.0432605120e+00,1.0624542082e+00,1.0624542082e+00,9.7021250671e-01,1.0432605120e+00,1.0181546503e+00,1.0181546503e+00,9.7021250671e-01,1.0432605120e+00
2451545.068690,9.9909278161e-01,9.9909278161e-01,9.7169259673e-01,1.0485636141e+00,9.7659250396e-01,9.7659250396e-01,9.7169259673e-01,1.0485636141e+00,9.2411866814e-01,9.2411866814e-01,9.7169259673e-01,1.0485636141e+00,1.0457298892e+00,1.0457298892e+00,9.7169259673e-01,1.0485636141e+00,5.2127329727e-01,5.2127329727e-01,9.7169259673e-01,1.0485636141e+00,1.0648438753e+00,1.0648438753e+00,9.7169259673e-01,1.0485636141e+00,1.0192296535e+00,1.0192296535e+00,9.7169259673e-01,1.0485636141e+00
2451545.069357,9.9909057869e-01,9.9909057869e-01,9.7294946796e-01,1.0528514365e+00,9.7737066686e-01,9.7737066686e-01,9.7294946796e-01,1.0528514365e+00,9.2821589153e-01,9.2821589153e-01,9.7294946796e-01,1.0528514365e+00,1.0445856005e+00,1.0445856005e+00,9.7294946796e-01,1.0528514365e+00,5.2550298916e-01,5.2550298916e-01,9.7294946796e-01,1.0528514365e+00,1.0690938740e+00,1.0690938740e+00,9.7294946796e-01,1.0528514365e+00,1.0201150783e+00,1.0201150783e+00,9.7294946796e-01,1.0528514365e+00
2451545.070024,9.9908845736e-01,9.9908845736e-01,9.7398938789e-01,1.0562617602e+00,9.7797671388e-01,9.7797671388e-01,9.7398938789e-01,1.0562617602e+00,9.3186094059e-01,9.3186094059e-01,9.7398938789e-01,1.0562617602e+00,1.0428886841e+00,1.0428886841e+00,9.7398938789e-01,1.0562617602e+00,5.2931831617e-01,5.2931831617e-01,9.7398938789e-01,1.0562617602e+00,1.0725115813e+00,1.0725115813e+00,9.7398938789e-01,1.0562617602e+00,1.0208113780e+00,1.0208113780e+00,9.7398938789e-01,1.0562617602e+00
2451545.070691,9.9908641761e-01,9.9908641761e-01,9.7481717765e-01,1.0588815532e+00,9.7843240150e-01,9.7843240150e-01,9.7481717765e-01,1.0588815532e+00,9.3583299126e-01,9.3583299126e-01,9.7481717765e-01,1.0588815532e+00,1.0406391399e+00,1.0406391399e+00,9.7481717765e-01,1.0588815532e+00,5.3271701399e-01,5.3271701399e-01,9.7481717765e-01,1.0588815532e+00,1.0757904935e+00,1.0757904935e+00,9.7481717765e-01,1.0588815532e+00,1.0213136566e+00,1.0213136566e+00,9.7481717765e-01,1.0588815532e+00
2451545.071358,9.9908448666e-01,9.9908448666e-01,9.7543669415e-01,1.0607542997e+00,9.7875174237e-01,9.7875174237e-01,9.7543669415e-01,1.0607542997e+00,9.3964639278e-01,9.3964639278e-01,9.7543669415e-01,1.0607542997e+00,1.0378287505e+00,1.0378287505e+00,9.7543669415e-01,1.0607542997e+00,5.3570587550e-01,5.3570587550e-01,9.7543669415e-01,1.0607542997e+00,1.0792996141e+00,1.0792996141e+00,9.7543669415e-01,1.0607542997e+00,1.0216087680e+00,1.0216087680e+00,9.7543669415e-01,1.0607542997e+00
2451545.072025,9.9908263729e-01,9.9908263729e-01,9.7598003664e-01,1.0620055660e+00,9.7894367877e-01,9.7894367877e-01,9.7598003664e-01,1.0620055660e+00,9.4269953982e-01,9.4269953982e-01,9.7598003664e-01,1.0620055660e+00,1.0344554614e+00,1.0344554614e+00,9.7598003664e-01,1.0620055660e+00,5.3828037212e-01,5.3828037212e-01,9.7598003664e-01,1.0620055660e+00,1.0823511897e+00,1.0823511897e+00,9.7598003664e-01,1.0620055660e+00,1.0216681529e+00,1.0216681529e+00,9.7598003664e-01,1.0620055660e+00
2451545.072692,9.9908089671e-01,9.9908089671e-01,9.7651759377e-01,1.0625987083e+00,9.7901429514e-01,9.7901429514e-01,9.7651759377e-01,1.0625987083e+00,9.4514234855e-01,9.4514234855e-01,9.7651759377e-01,1.0625987083e+00,1.0307226561e+00,1.0307226561e+00,9.7651759377e-01,1.0625987083e+00,5.4044050384e-01,5.4044050384e-01,9.7651759377e-01,1.0625987083e+00,1.0849595786e+00,1.0849595786e+00,9.7651759377e-01,1.0625987083e+00,1.0214639776e+00,1.0214639776e+00,9.7651759377e-01,1.0625987083e+00
2451545.073359,9.9907921052e-01,9.9907921052e-01,9.7741914697e-01,1.0631239372e+00,9.7896755559e-01,9.7896755559e-01,9.7741914697e-01,1.0631239372e+00,9.4705729713e-01,9.4705729713e-01,9.7741914697e-01,1.0631239372e+00,1.0297180651e+00,1.0297180651e+00,9.7741914697e-01,1.0631239372e+00,5.4218627068e-01,5.4218627068e-01,9.7741914697e-01,1.0631239372e+00,1.0871357885e+00,1.0871357885e+00,9.7741914697e-01,1.0631239372e+00,1.0216508361e+00,1.0216508361e+00,9.7741914697e-01,1.0631239372e+00
2451545.074025,9.9907763312e-01,9.9907763312e-01,9.7835589450e-01,1.0635680610e+00,9.7880631795e-01,9.7880631795e-01,9.7835589450e-01,1.0635680610e+00,9.4848853561e-01,9.4848853561e-01,9.7835589450e-01,1.0635680610e+00,1.0291120235e+00,1.0291120235e+00,9.7835589450e-01,1.0635680610e+00,5.4351314405e-01,5.4351314405e-01,9.7835589450e-01,1.0635680610e+00,1.0888874772e+00,1.0888874772e+00,9.7835589450e-01,1.0635680610e+00,1.0220250065e+00,1.0220250065e+00,9.7835589450e-01,1.0635680610e+00
2451545.074692,9.9907616450e-01,9.9907616450e-01,9.7983068126e-01,1.0645291078e+00,9.7853178067e-01,9.7853178067e-01,9.7983068126e-01,1.0645291078e+00,9.4947051076e-01,9.4947051076e-01,9.7983068126e-01,1.0645291078e+00,1.0276287624e+00,1.0276287624e+00,9.7983068126e-01,1.0645291078e+00,5.4442338823e-01,5.4442338823e-01,9.7983068126e-01,1.0645291078e+00,1.0902294813e+00,1.0902294813e+00,9.7983068126e-01,1.0645291078e+00,1.0223452318e+00,1.0223452318e+00,9.7983068126e-01,1.0645291078e+00
2451545.075359,9.9907477748e-01,9.9907477748e-01,9.8091929470e-01,1.0650856062e+00,9.7814505003e-01,9.7814505003e-01,9.8091929470e-01,1.0650856062e+00,9.5001777755e-01,9.5001777755e-01,9.8091929470e-01,1.0650856062e+00,1.0257140819e+00,1.0257140819e+00,9.8091929470e-01,1.0650856062e+00,5.4491021037e-01,5.4491021037e-01,9.8091929470e-01,1.0650856062e+00,1.0911661082e+00,1.0911661082e+00,9.8091929470e-01,1.0650856062e+00,1.0226503162e+00,1.0226503162e+00,9.8091929470e-01,1.0650856062e+00
2451545.076026,9.9907347204e-01,9.9907347204e-01,9.8166801777e-01,1.0652507479e+00,9.7764658696e-01,9.7764658696e-01,9.8166801777e-01,1.0652507479e+00,9.5014149477e-01,9.5014149477e-01,9.8166801777e-01,1.0652507479e+00,1.0227681035e+00,1.0227681035e+00,9.8166801777e-01,1.0652507479e+00,5.4496908189e-01,5.4496908189e-01,9.8166801777e-01,1.0652507479e+00,1.0917035799e+00,1.0917035799e+00,9.8166801777e-01,1.0652507479e+00,1.0228353615e+00,1.0228353615e+00,9.8166801777e-01,1.0652507479e+00
2451545.076693,9.9907224820e-01,9.9907224820e-01,9.8210577729e-01,1.0650347933e+00,9.7703611489e-01,9.7703611489e-01,9.8210577729e-01,1.0650347933e+00,9.4984651409e-01,9.4984651409e-01,9.8210577729e-01,1.0650347933e+00,1.0187928816e+00,1.0187928816e+00,9.8210577729e-01,1.0650347933e+00,5.4459547420e-01,5.4459547420e-01,9.8210577729e-01,1.0650347933e+00,1.0918481181e+00,1.0918481181e+00,9.8210577729e-01,1.0650347933e+00,1.0228923892e+00,1.0228923892e+00,9.8210577729e-01,1.0650347933e+00
2451545.077360,9.9907116033e-01,9.9907116033e-01,9.8225378629e-01,1.0644465369e+00,9.7631354164e-01,9.7631354164e-01,9.8225378629e-01,1.0644465369e+00,9.4913429101e-01,9.4913429101e-01,9.8225378629e-01,1.0644465369e+00,1.0138233406e+00,1.0138233406e+00,9.8225378629e-01,1.0644465369e+00,5.4378485873e-01,5.4378485873e-01,9.8225378629e-01,1.0644465369e+00,1.0916040304e+00,1.0916040304e+00,9.8225378629e-01,1.0644465369e+00,1.0228231219e+00,1.0228231219e+00,9.8225378629e-01,1.0644465369e+00
2451545.078027,9.9907012686e-01,9.9907012686e-01,9.8212699031e-01,1.0634928189e+00,9.7547794532e-01,9.7547794532e-01,9.8212699031e-01,1.0634928189e+00,9.4800094420e-01,9.4800094420e-01,9.8212699031e-01,1.0634928189e+00,1.0078738612e+00,1.0078738612e+00,9.8212699031e-01,1.0634928189e+00,5.4252817832e-01,5.4252817832e-01,9.8212699031e-01,1.0634928189e+00,1.0909751454e+00,1.0909751454e+00,9.8212699031e-01,1.0634928189e+00,1.0226288289e+00,1.0226288289e+00,9.8212699031e-01,1.0634928189e+00
2451545.078694,9.9906920218e-01,9.9906920218e-01,9.8173792430e-01,1.0621785251e+00,9.7452868061e-01,9.7452868061e-01,9.8173792430e-01,1.0621785251e+00,9.4644162200e-01,9.4644162200e-01,9.8173792430e-01,1.0621785251e+00,1.0011293374e+00,1.0011293374e+00,9.8173792430e-01,1.0621785251e+00,5.4082090440e-01,5.4082090440e-01,9.8173792430e-01,1.0621785251e+00,1.0899638563e+00,1.0899638563e+00,9.8173792430e-01,1.0621785251e+00,1.0223392480e+00,1.0223392480e+00,9.8173792430e-01,1.0621785251e+00
2451545.079361,9.9906838628e-01,9.9906838628e-01,9.8109526632e-01,1.0605065871e+00,9.7346464126e-01,9.7346464126e-01,9.8109526632e-01,1.0605065871e+00,9.4444613594e-01,9.4444613594e-01,9.8109526632e-01,1.0605065871e+00,1.0010738692e+00,1.0010738692e+00,9.8109526632e-01,1.0605065871e+00,5.3864945123e-01,5.3864945123e-01,9.8109526632e-01,1.0605065871e+00,1.0885720775e+00,1.0885720775e+00,9.8109526632e-01,1.0605065871e+00,1.0230190468e+00,1.0230190468e+00,9.8109526632e-01,1.0605065871e+00
2451545.080028,9.9906765198e-01,9.9906765198e-01,9.8020624808e-01,1.0584794477e+00,9.7228444443e-01,9.7228444443e-01,9.8020624808e-01,1.0584794477e+00,9.4208143886e-01,9.4208143886e-01,9.8020624808e-01,1.0584794477e+00,1.0004842626e+00,1.0004842626e+00,9.8020624808e-01,1.0584794477e+00,5.3600929023e-01,5.3600929023e-01,9.8020624808e-01,1.0584794477e+00,1.0868797357e+00,1.0868797357e+00,9.8020624808e-01,1.0584794477e+00,1.0235248613e+00,1.0235248613e+00,9.8020624808e-01,1.0584794477e+00
2451545.080694,9.9906702646e-01,9.9906702646e-01,9.7907858340e-01,1.0561029700e+00,9.7098882763e-01,9.7098882763e-01,9.7907858340e-01,1.0561029700e+00,9.3940041382e-01,9.3940041382e-01,9.7907858340e-01,1.0561029700e+00,9.9937078959e-01,9.9937078959e-01,9.7907858340e-01,1.0561029700e+00,5.3289136424e-01,5.3289136424e-01,9.7907858340e-01,1.0561029700e+00,1.0849610144e+00,1.0849610144e+00,9.7907858340e-01,1.0561029700e+00,1.0238599556e+00,1.0238599556e+00,9.7907858340e-01,1.0561029700e+00
2451545.081361,9.9906648252e-01,9.9906648252e-01,9.7771275441e-01,1.0533693367e+00,9.6960683023e-01,9.6960683023e-01,9.7771275441e-01,1.0533693367e+00,9.3622646055e-01,9.3622646055e-01,9.7771275441e-01,1.0533693367e+00,9.9773550451e-01,9.9773550451e-01,9.7771275441e-01,1.0533693367e+00,5.2952210218e-01,5.2952210218e-01,9.7771275441e-01,1.0533693367e+00,1.0826656322e+00,1.0826656322e+00,9.7771275441e-01,1.0533693367e+00,1.0240286813e+00,1.0240286813e+00,9.7771275441e-01,1.0533693367e+00
2451545.082028,9.9906604738e-01,9.9906604738e-01,9.7611358223e-01,1.0502814791e+00,9.6825267375e-01,9.6825267375e-01,9.7611358223e-01,1.0502814791e+00,9.3254065758e-01,9.3254065758e-01,9.7611358223e-01,1.0502814791e+00,9.9558662486e-01,9.9558662486e-01,9.7611358223e-01,1.0502814791e+00,5.2661928365e-01,5.2661928365e-01,9.7611358223e-01,1.0502814791e+00,1.0799950249e+00,1.0799950249e+00,9.7611358223e-01,1.0502814791e+00,1.0240331238e+00,1.0240331238e+00,9.7611358223e-01,1.0502814791e+00
2451545.082695,9.9906569382e-01,9.9906569382e-01,9.7428347743e-01,1.0468384203e+00,9.6678530983e-01,9.6678530983e-01,9.7428347743e-01,1.0468384203e+00,9.2831340981e-01,9.2831340981e-01,9.7428347743e-01,1.0468384203e+00,9.9292004189e-01,9.9292004189e-01,9.7428347743e-01,1.0468384203e+00,5.2312774998e-01,5.2312774998e-01,9.7428347743e-01,1.0468384203e+00,1.0769472781e+00,1.0769472781e+00,9.7428347743e-01,1.0468384203e+00,1.0238753684e+00,1.0238753684e+00,9.7428347743e-01,1.0468384203e+00
2451545.083362,9.9906544905e-01,9.9906544905e-01,9.7407809686e-01,1.0449573678e+00,9.6520335563e-01,9.6520335563e-01,9.7407809686e-01,1.0449573678e+00,9.2353258811e-01,9.2353258811e-01,9.7407809686e-01,1.0449573678e+00,9.8973986435e-01,9.8973986435e-01,9.7407809686e-01,1.0449573678e+00,5.1903165114e-01,5.1903165114e-01,9.7407809686e-01,1.0449573678e+00,1.0735401001e+00,1.0735401001e+00,9.7407809686e-01,1.0449573678e+00,1.0235570471e+00,1.0235570471e+00,9.7407809686e-01,1.0449573678e+00
2451545.084029,9.9906531307e-01,9.9906531307e-01,9.7361430318e-01,1.0427704612e+00,9.6350542833e-01,9.6350542833e-01,9.7361430318e-01,1.0427704612e+00,9.2031885126e-01,9.2031885126e-01,9.7361430318e-01,1.0427704612e+00,9.8603992912e-01,9.8603992912e-01,9.7361430318e-01,1.0427704612e+00,5.1431740139e-01,5.1431740139e-01,9.7361430318e-01,1.0427704612e+00,1.0718372290e+00,1.0718372290e+00,9.7361430318e-01,1.0427704612e+00,1.0230795197e+00,1.0230795197e+00,9.7361430318e-01,1.0427704612e+00
2451545.084696,9.9906525868e-01,9.9906525868e-01,9.7316593715e-01,1.0405532622e+00,9.6168986855e-01,9.6168986855e-01,9.7316593715e-01,1.0405532622e+00,9.2014516198e-01,9.2014516198e-01,9.7316593715e-01,1.0405532622e+00,9.8182023620e-01,9.8182023620e-01,9.7316593715e-01,1.0405532622e+00,5.0897141501e-01,5.0897141501e-01,9.7316593715e-01,1.0405532622e+00,1.0727212096e+00,1.0727212096e+00,9.7316593715e-01,1.0405532622e+00,1.0224433303e+00,1.0224433303e+00,9.7316593715e-01,1.0405532622e+00
2451545.085363,9.9906531307e-01,9.9906531307e-01,9.7257341903e-01,1.0381552868e+00,9.5975501688e-01,9.5975501688e-01,9.7257341903e-01,1.0381552868e+00,9.1975363335e-01,9.1975363335e-01,9.7257341903e-01,1.0381552868e+00,9.7707051368e-01,9.7707051368e-01,9.7257341903e-01,1.0381552868e+00,5.0296878481e-01,5.0296878481e-01,9.7257341903e-01,1.0381552868e+00,1.0728585688e+00,1.0728585688e+00,9.7257341903e-01,1.0381552868e+00,1.0216488415e+00,1.0216488415e+00,9.7257341903e-01,1.0381552868e+00
2451545.086030,9.9906544905e-01,9.9906544905e-01,9.7170561381e-01,1.0354387539e+00,9.5806852095e-01,9.5806852095e-01,9.7170561381e-01,1.0354387539e+00,9.1914329504e-01,9.1914329504e-01,9.7170561381e-01,1.0354387539e+00,9.7178254406e-01,9.7178254406e-01,9.7170561381e-01,1.0354387539e+00,4.9885457166e-01,4.9885457166e-01,9.7170561381e-01,1.0354387539e+00,1.0722823302e+00,1.0722823302e+00,9.7170561381e-01,1.0354387539e+00,1.0206959627e+00,1.0206959627e+00,9.7170561381e-01,1.0354387539e+00
2451545.086696,9.9906569382e-01,9.9906569382e-01,9.7056493205e-01,1.0324056179e+00,9.5628965218e-01,9.5628965218e-01,9.7056493205e-01,1.0324056179e+00,9.1831366188e-01,9.1831366188e-01,9.7056493205e-01,1.0324056179e+00,9.6596043610e-01,9.6596043610e-01,9.7056493205e-01,1.0324056179e+00,4.9404295749e-01,4.9404295749e-01,9.7056493205e-01,1.0324056179e+00,1.0710221673e+00,1.0710221673e+00,9.7056493205e-01,1.0324056179e+00,1.0195859631e+00,1.0195859631e+00,9.7056493205e-01,1.0324056179e+00
2451545.087363,9.9906604738e-01,9.9906604738e-01,9.6914655263e-01,1.0290402441e+00,9.5439610094e-01,9.5439610094e-01,9.6914655263e-01,1.0290402441e+00,9.1775038463e-01,9.1775038463e-01,9.6914655263e-01,1.0290402441e+00,9.5957337412e-01,9.5957337412e-01,9.6914655263e-01,1.0290402441e+00,4.8838449922e-01,4.8838449922e-01,9.6914655263e-01,1.0290402441e+00,1.0695873141e+00,1.0695873141e+00,9.6914655263e-01,1.0290402441e+00,1.0183144003e+00,1.0183144003e+00,9.6914655263e-01,1.0290402441e+00
2451545.088030,9.9906650972e-01,9.9906650972e-01,9.6745192187e-01,1.0253426324e+00,9.5238878913e-01,9.5238878913e-01,9.6745192187e-01,1.0253426324e+00,9.1726424871e-01,9.1726424871e-01,9.6745192187e-01,1.0253426324e+00,9.5587960202e-01,9.5587960202e-01,9.6745192187e-01,1.0253426324e+00,4.8185655397e-01,4.8185655397e-01,9.6745192187e-01,1.0253426324e+00,1.0678394543e+00,1.0678394543e+00,9.6745192187e-01,1.0253426324e+00,1.0173908966e+00,1.0173908966e+00,9.6745192187e-01,1.0253426324e+00
2451545.088697,9.9906887582e-01,9.9906887582e-01,9.6548875361e-01,1.0213059427e+00,9.5027149647e-01,9.5027149647e-01,9.6548875361e-01,1.0213059427e+00,9.1653941133e-01,9.1653941133e-01,9.6548875361e-01,1.0213059427e+00,9.5187767319e-01,9.5187767319e-01,9.6548875361e-01,1.0213059427e+00,4.7442742169e-01,4.7442742169e-01,9.6548875361e-01,1.0213059427e+00,1.0654775462e+00,1.0654775462e+00,9.6548875361e-01,1.0213059427e+00,1.0163853420e+00,1.0163853420e+00,9.6548875361e-01,1.0213059427e+00
2451545.089364,9.9907551179e-01,9.9907551179e-01,9.6339445034e-01,1.0170513441e+00,9.4804920114e-01,9.4804920114e-01,9.6339445034e-01,1.0170513441e+00,9.1558509062e-01,9.1558509062e-01,9.6339445034e-01,1.0170513441e+00,9.4719574515e-01,9.4719574515e-01,9.6339445034e-01,1.0170513441e+00,4.6605860946e-01,4.6605860946e-01,9.6339445034e-01,1.0170513441e+00,1.0625116406e+00,1.0625116406e+00,9.6339445034e-01,1.0170513441e+00,1.0152358129e+00,1.0152358129e+00,9.6339445034e-01,1.0170513441e+00
2451545.090031,9.9908212055e-01,9.9908212055e-01,9.6471929965e-01,1.0163306812e+00,9.4746942784e-01,9.4746942784e-01,9.6471929965e-01,1.0163306812e+00,9.1437120632e-01,9.1437120632e-01,9.6471929965e-01,1.0163306812e+00,9.4798668078e-01,9.4798668078e-01,9.6471929965e-01,1.0163306812e+00,4.6905652813e-01,4.6905652813e-01,9.6471929965e-01,1.0163306812e+00,1.0589484379e+00,1.0589484379e+00,9.6471929965e-01,1.0163306812e+00,1.0149065212e+00,1.0149065212e+00,9.6471929965e-01,1.0163306812e+00
2451545.090698,9.9908875652e-01,9.9908875652e-01,9.6563724473e-01,1.0153818490e+00,9.4710159583e-01,9.4710159583e-01,9.6563724473e-01,1.0153818490e+00,9.1289096611e-01,9.1289096611e-01,9.6563724473e-01,1.0153818490e+00,9.5099018178e-01,9.5099018178e-01,9.6563724473e-01,1.0153818490e+00,4.7253900464e-01,4.7253900464e-01,9.6563724473e-01,1.0153818490e+00,1.0547908096e+00,1.0547908096e+00,9.6563724473e-01,1.0153818490e+00,1.0149973665e+00,1.0149973665e+00,9.6563724473e-01,1.0153818490e+00
2451545.091365,9.9909536528e-01,9.9909536528e-01,9.6705128513e-01,1.0150911409e+00,9.4665853803e-01,9.4665853803e-01,9.6705128513e-01,1.0150911409e+00,9.1113757767e-01,9.1113757767e-01,9.6705128513e-01,1.0150911409e+00,9.5277132773e-01,9.5277132773e-01,9.6705128513e-01,1.0150911409e+00,4.7440704309e-01,4.7440704309e-01,9.6705128513e-01,1.0150911409e+00,1.0500401917e+00,1.0500401917e+00,9.6705128513e-01,1.0150911409e+00,1.0149978198e+00,1.0149978198e+00,9.6705128513e-01,1.0150911409e+00
2451545.092032,9.9910197405e-01,9.9910197405e-01,9.6813604166e-01,1.0145903412e+00,9.4715239168e-01,9.4715239168e-01,9.6813604166e-01,1.0145903412e+00,9.0910182287e-01,9.0910182287e-01,9.6813604166e-01,1.0145903412e+00,9.5333628175e-01,9.5333628175e-01,9.6813604166e-01,1.0145903412e+00,4.8212374007e-01,4.8212374007e-01,9.6813604166e-01,1.0145903412e+00,1.0446937125e+00,1.0446937125e+00,9.6813604166e-01,1.0145903412e+00,1.0149086971e+00,1.0149086971e+00,9.6813604166e-01,1.0145903412e+00
2451545.092699,9.9910855562e-01,9.9910855562e-01,9.6884378503e-01,1.0138261942e+00,9.4849115268e-01,9.4849115268e-01,9.6884378503e-01,1.0138261942e+00,9.0713690224e-01,9.0713690224e-01,9.6884378503e-01,1.0138261942e+00,9.5268093508e-01,9.5268093508e-01,9.6884378503e-01,1.0138261942e+00,4.9623478926e-01,4.9623478926e-01,9.6884378503e-01,1.0138261942e+00,1.0391103246e+00,1.0391103246e+00,9.6884378503e-01,1.0138261942e+00,1.0147309956e+00,1.0147309956e+00,9.6884378503e-01,1.0138261942e+00
2451545.093365,9.9911513719e-01,9.9911513719e-01,9.6917499735e-01,1.0127952797e+00,9.4965346495e-01,9.4965346495e-01,9.6917499735e-01,1.0127952797e+00,9.0595697953e-01,9.0595697953e-01,9.6917499735e-01,1.0127952797e+00,9.5080734212e-01,9.5080734212e-01,9.6917499735e-01,1.0127952797e+00,5.0957145160e-01,5.0957145160e-01,9.6917499735e-01,1.0127952797e+00,1.0340768520e+00,1.0340768520e+00,9.6917499735e-01,1.0127952797e+00,1.0144657127e+00,1.0144657127e+00,9.6917499735e-01,1.0127952797e+00
2451545.094032,9.9912171876e-01,9.9912171876e-01,9.6913064287e-01,1.0114897805e+00,9.5064744107e-01,9.5064744107e-01,9.6913064287e-01,1.0114897805e+00,9.0546550679e-01,9.0546550679e-01,9.6913064287e-01,1.0114897805e+00,9.4769495907e-01,9.4769495907e-01,9.6913064287e-01,1.0114897805e+00,5.2220165577e-01,5.2220165577e-01,9.6913064287e-01,1.0114897805e+00,1.0295487847e+00,1.0295487847e+00,9.6913064287e-01,1.0114897805e+00,1.0141127577e+00,1.0141127577e+00,9.6913064287e-01,1.0114897805e+00
2451545.094699,9.9912827314e-01,9.9912827314e-01,9.6870879310e-01,1.0099028562e+00,9.5147483261e-01,9.5147483261e-01,9.6870879310e-01,1.0099028562e+00,9.0500120332e-01,9.0500120332e-01,9.6870879310e-01,1.0099028562e+00,9.4332529653e-01,9.4332529653e-01,9.6870879310e-01,1.0099028562e+00,5.3412540176e-01,5.3412540176e-01,9.6870879310e-01,1.0099028562e+00,1.0249628064e+00,1.0249628064e+00,9.6870879310e-01,1.0099028562e+00,1.0136727652e+00,1.0136727652e+00,9.6870879310e-01,1.0099028562e+00
2451545.095366,9.9913482751e-01,9.9913482751e-01,9.6958961541e-01,1.0096956962e+00,9.5213895837e-01,9.5213895837e-01,9.6958961541e-01,1.0096956962e+00,9.0408618102e-01,9.0408618102e-01,9.6958961541e-01,1.0096956962e+00,9.3766753883e-01,9.3766753883e-01,9.6958961541e-01,1.0096956962e+00,5.4536306818e-01,5.4536306818e-01,9.6958961541e-01,1.0096956962e+00,1.0198589791e+00,1.0198589791e+00,9.6958961541e-01,1.0096956962e+00,1.0131462793e+00,1.0131462793e+00,9.6958961541e-01,1.0096956962e+00
2451545.096033,9.9914135469e-01,9.9914135469e-01,9.7075633132e-01,1.0097406460e+00,9.5264239962e-01,9.5264239962e-01,9.7075633132e-01,1.0097406460e+00,9.0307024428e-01,9.0307024428e-01,9.7075633132e-01,1.0097406460e+00,9.3151056721e-01,9.3151056721e-01,9.7075633132e-01,1.0097406460e+00,5.5593503362e-01,5.5593503362e-01,9.7075633132e-01,1.0097406460e+00,1.0145862048e+00,1.0145862048e+00,9.7075633132e-01,1.0097406460e+00,1.0126532483e+00,1.0126532483e+00,9.7075633132e-01,1.0097406460e+00
2451545.096700,9.9914788187e-01,9.9914788187e-01,9.7160436986e-01,1.0094074310e+00,9.5298718451e-01,9.5298718451e-01,9.7160436986e-01,1.0094074310e+00,9.0445393654e-01,9.0445393654e-01,9.7160436986e-01,1.0094074310e+00,9.2570078551e-01,9.2570078551e-01,9.7160436986e-01,1.0094074310e+00,5.6585941241e-01,5.6585941241e-01,9.7160436986e-01,1.0094074310e+00,1.0113518026e+00,1.0113518026e+00,9.7160436986e-01,1.0094074310e+00,1.0122748167e+00,1.0122748167e+00,9.7160436986e-01,1.0094074310e+00
2451545.097367,9.9915438185e-01,9.9915438185e-01,9.7213276682e-01,1.0086745534e+00,9.5317478805e-01,9.5317478805e-01,9.7213276682e-01,1.0086745534e+00,9.0557758004e-01,9.0557758004e-01,9.7213276682e-01,1.0086745534e+00,9.1876109578e-01,9.1876109578e-01,9.7213276682e-01,1.0086745534e+00,5.7515205456e-01,5.7515205456e-01,9.7213276682e-01,1.0086745534e+00,1.0073659930e+00,1.0073659930e+00,9.7213276682e-01,1.0086745534e+00,1.0117809698e+00,1.0117809698e+00,9.7213276682e-01,1.0086745534e+00
2451545.098034,9.9916085463e-01,9.9916085463e-01,9.7233862951e-01,1.0075087895e+00,9.5320640870e-01,9.5320640870e-01,9.7233862951e-01,1.0075087895e+00,9.0644020445e-01,9.0644020445e-01,9.7233862951e-01,1.0075087895e+00,9.1066479110e-01,9.1066479110e-01,9.7233862951e-01,1.0075087895e+00,5.8382654580e-01,5.8382654580e-01,9.7233862951e-01,1.0075087895e+00,1.0026321262e+00,1.0026321262e+00,9.7233862951e-01,1.0075087895e+00,1.0111756062e+00,1.0111756062e+00,9.7233862951e-01,1.0075087895e+00
2451545.098701,9.9916732742e-01,9.9916732742e-01,9.7222002946e-01,1.0058554177e+00,9.5308241520e-01,9.5308241520e-01,9.7222002946e-01,1.0058554177e+00,9.0703986912e-01,9.0703986912e-01,9.7222002946e-01,1.0058554177e+00,9.0138105578e-01,9.0138105578e-01,9.7222002946e-01,1.0058554177e+00,5.9189873616e-01,5.9189873616e-01,9.7222002946e-01,1.0058554177e+00,9.9714876643e-01,9.9714876643e-01,9.7222002946e-01,1.0058554177e+00,1.0104620804e+00,1.0104620804e+00,9.7222002946e-01,1.0058554177e+00
2451545.099367,9.9917374581e-01,9.9917374581e-01,9.7267128817e-01,1.0045152289e+00,9.5280336070e-01,9.5280336070e-01,9.7267128817e-01,1.0045152289e+00,9.1354642482e-01,9.1354642482e-01,9.7267128817e-01,1.0045152289e+00,8.9087701978e-01,8.9087701978e-01,9.7267128817e-01,1.0045152289e+00,5.9936862565e-01,5.9936862565e-01,9.7267128817e-01,1.0045152289e+00,9.9721768533e-01,9.9721768533e-01,9.7267128817e-01,1.0045152289e+00,1.0096441096e+00,1.0096441096e+00,9.7267128817e-01,1.0045152289e+00
2451545.100034,9.9918016420e-01,9.9918016420e-01,9.7604512204e-01,1.0055603123e+00,9.5236813891e-01,9.5236813891e-01,9.7604512204e-01,1.0055603123e+00,9.2029653364e-01,9.2029653364e-01,9.7604512204e-01,1.0055603123e+00,8.8816524049e-01,8.8816524049e-01,9.7604512204e-01,1.0055603123e+00,6.0626791430e-01,6.0626791430e-01,9.7604512204e-01,1.0055603123e+00,9.9754313568e-01,9.9754313568e-01,9.7604512204e-01,1.0055603123e+00,1.0100622520e+00,1.0100622520e+00,9.7604512204e-01,1.0055603123e+00
2451545.100701,9.9918658259e-01,9.9918658259e-01,9.8139755181e-01,1.0081923200e+00,9.5177582798e-01,9.5177582798e-01,9.8139755181e-01,1.0081923200e+00,9.2652897078e-01,9.2652897078e-01,9.8139755181e-01,1.0081923200e+00,8.8870143321e-01,8.8870143321e-01,9.8139755181e-01,1.0081923200e+00,6.1259886641e-01,6.1259886641e-01,9.8139755181e-01,1.0081923200e+00,9.9737993190e-01,9.9737993190e-01,9.8139755181e-01,1.0081923200e+00,1.0109543860e+00,1.0109543860e+00,9.8139755181e-01,1.0081923200e+00
2451545.101368,9.9919294659e-01,9.9919294659e-01,9.8643082210e-01,1.0110891407e+00,9.5109824270e-01,9.5109824270e-01,9.8643082210e-01,1.0110891407e+00,9.3224616207e-01,9.3224616207e-01,9.8643082210e-01,1.0110891407e+00,8.8853297420e-01,8.8853297420e-01,9.8643082210e-01,1.0110891407e+00,6.1888453273e-01,6.1888453273e-01,9.8643082210e-01,1.0110891407e+00,9.9672520237e-01,9.9672520237e-01,9.8643082210e-01,1.0110891407e+00,1.0117327366e+00,1.0117327366e+00,9.8643082210e-01,1.0110891407e+00
2451545.102035,9.9919931059e-01,9.9919931059e-01,9.9078768643e-01,1.0136625182e+00,9.5128326496e-01,9.5128326496e-01,9.9078768643e-01,1.0136625182e+00,9.3744616683e-01,9.3744616683e-01,9.9078768643e-01,1.0136625182e+00,8.8920475589e-01,8.8920475589e-01,9.9078768643e-01,1.0136625182e+00,6.3171399433e-01,6.3171399433e-01,9.9078768643e-01,1.0136625182e+00,9.9557033223e-01,9.9557033223e-01,9.9078768643e-01,1.0136625182e+00,1.0125730107e+00,1.0125730107e+00,9.9078768643e-01,1.0136625182e+00
2451545.102702,9.9920564739e-01,9.9920564739e-01,9.9462193917e-01,1.0159163610e+00,9.5210272830e-01,9.5210272830e-01,9.9462193917e-01,1.0159163610e+00,9.4212316310e-01,9.4212316310e-01,9.9462193917e-01,1.0159163610e+00,8.8928898539e-01,8.8928898539e-01,9.9462193917e-01,1.0159163610e+00,6.4866446195e-01,6.4866446195e-01,9.9462193917e-01,1.0159163610e+00,9.9390239918e-01,9.9390239918e-01,9.9462193917e-01,1.0159163610e+00,1.0132290555e+00,1.0132290555e+00,9.9462193917e-01,1.0159163610e+00
2451545.103369,9.9921192980e-01,9.9921192980e-01,9.9801120068e-01,1.0178540893e+00,9.5283553447e-01,9.5283553447e-01,9.9801120068e-01,1.0178540893e+00,9.4626502172e-01,9.4626502172e-01,9.9801120068e-01,1.0178540893e+00,8.8878155397e-01,8.8878155397e-01,9.9801120068e-01,1.0178540893e+00,6.6448278506e-01,6.6448278506e-01,9.9801120068e-01,1.0178540893e+00,9.9170560931e-01,9.9170560931e-01,9.9801120068e-01,1.0178540893e+00,1.0137140173e+00,1.0137140173e+00,9.9801120068e-01,1.0178540893e+00
2451545.104036,9.9921821221e-01,9.9921821221e-01,1.0009993433e+00,1.0194786346e+00,9.5348205223e-01,9.5348205223e-01,1.0009993433e+00,1.0194786346e+00,9.4984942509e-01,9.4984942509e-01,1.0009993433e+00,1.0194786346e+00,8.8767835285e-01,8.8767835285e-01,1.0009993433e+00,1.0194786346e+00,6.7920972086e-01,6.7920972086e-01,1.0009993433e+00,1.0194786346e+00,9.8895603245e-01,9.8895603245e-01,1.0009993433e+00,1.0194786346e+00,1.0140367812e+00,1.0140367812e+00,1.0009993433e+00,1.0194786346e+00
2451545.104703,9.9922446742e-01,9.9922446742e-01,1.0036119192e+00,1.0207919513e+00,9.5404218940e-01,9.5404218940e-01,1.0036119192e+00,1.0207919513e+00,9.5284192643e-01,9.5284192643e-01,1.0036119192e+00,1.0207919513e+00,8.8597527328e-01,8.8597527328e-01,1.0036119192e+00,1.0207919513e+00,6.9289055514e-01,6.9289055514e-01,1.0036119192e+00,1.0207919513e+00,9.8562590959e-01,9.8562590959e-01,1.0036119192e+00,1.0207919513e+00,1.0142035124e+00,1.0142035124e+00,1.0036119192e+00,1.0207919513e+00
2451545.105370,9.9923066824e-01,9.9923066824e-01,1.0058653201e+00,1.0217955049e+00,9.5451557720e-01,9.5451557720e-01,1.0058653201e+00,1.0217955049e+00,9.5601102805e-01,9.5601102805e-01,1.0058653201e+00,1.0217955049e+00,8.8366204336e-01,8.8366204336e-01,1.0058653201e+00,1.0217955049e+00,7.0555925222e-01,7.0555925222e-01,1.0058653201e+00,1.0217955049e+00,9.8240012229e-01,9.8240012229e-01,1.0058653201e+00,1.0217955049e+00,1.0142185626e+00,1.0142185626e+00,1.0058653201e+00,1.0217955049e+00
2451545.106036,9.9923684186e-01,9.9923684186e-01,1.0077667777e+00,1.0224902729e+00,9.5490055627e-01,9.5490055627e-01,1.0077667777e+00,1.0224902729e+00,9.5945521856e-01,9.5945521856e-01,1.0077667777e+00,1.0224902729e+00,8.8073660874e-01,8.8073660874e-01,1.0077667777e+00,1.0224902729e+00,7.1723619071e-01,7.1723619071e-01,1.0077667777e+00,1.0224902729e+00,9.7909297240e-01,9.7909297240e-01,1.0077667777e+00,1.0224902729e+00,1.0140852865e+00,1.0140852865e+00,1.0077667777e+00,1.0224902729e+00
2451545.106703,9.9924301548e-01,9.9924301548e-01,1.0093273808e+00,1.0228786980e+00,9.5519675783e-01,9.5519675783e-01,1.0093273808e+00,1.0228786980e+00,9.6259375475e-01,9.6259375475e-01,1.0093273808e+00,1.0228786980e+00,8.7742495099e-01,8.7742495099e-01,1.0093273808e+00,1.0228786980e+00,7.2797797783e-01,7.2797797783e-01,1.0093273808e+00,1.0228786980e+00,9.7490327773e-01,9.7490327773e-01,1.0093273808e+00,1.0228786980e+00,1.0138408563e+00,1.0138408563e+00,1.0093273808e+00,1.0228786980e+00
2451545.107370,9.9924913471e-01,9.9924913471e-01,1.0105461650e+00,1.0229602917e+00,9.5540113968e-01,9.5540113968e-01,1.0105461650e+00,1.0229602917e+00,9.7101914034e-01,9.7101914034e-01,1.0105461650e+00,1.0229602917e+00,8.7375994019e-01,8.7375994019e-01,1.0105461650e+00,1.0229602917e+00,7.3779593503e-01,7.3779593503e-01,1.0105461650e+00,1.0229602917e+00,9.7588824365e-01,9.7588824365e-01,1.0105461650e+00,1.0229602917e+00,1.0134845467e+00,1.0134845467e+00,1.0105461650e+00,1.0229602917e+00
2451545.108037,9.9925519955e-01,9.9925519955e-01,1.0114221662e+00,1.0227350540e+00,9.5592080610e-01,9.5592080610e-01,1.0114221662e+00,1.0227350540e+00,9.7859694166e-01,9.7859694166e-01,1.0114221662e+00,1.0227350540e+00,8.6948683343e-01,8.6948683343e-01,1.0114221662e+00,1.0227350540e+00,7.4964722377e-01,7.4964722377e-01,1.0114221662e+00,1.0227350540e+00,9.7650947093e-01,9.7650947093e-01,1.0114221662e+00,1.0227350540e+00,1.0129788228e+00,1.0129788228e+00,1.0114221662e+00,1.0227350540e+00
2451545.108704,9.9926126438e-01,9.9926126438e-01,1.0119529737e+00,1.0222020077e+00,9.5643789124e-01,9.5643789124e-01,1.0119529737e+00,1.0222020077e+00,9.8538780439e-01,9.8538780439e-01,1.0119529737e+00,1.0222020077e+00,8.6543559952e-01,8.6543559952e-01,1.0119529737e+00,1.0222020077e+00,7.6127434790e-01,7.6127434790e-01,1.0119529737e+00,1.0222020077e+00,9.7679711161e-01,9.7679711161e-01,1.0119529737e+00,1.0222020077e+00,1.0124505236e+00,1.0124505236e+00,1.0119529737e+00,1.0222020077e+00
2451545.109371,9.9926727483e-01,9.9926727483e-01,1.0121323201e+00,1.0213606643e+00,9.5682499064e-01,9.5682499064e-01,1.0121323201e+00,1.0213606643e+00,9.9144315609e-01,9.9144315609e-01,1.0121323201e+00,1.0213606643e+00,8.6078654154e-01,8.6078654154e-01,1.0121323201e+00,1.0213606643e+00,7.7182140617e-01,7.7182140617e-01,1.0121323201e+00,1.0213606643e+00,9.7677270284e-01,9.7677270284e-01,1.0121323201e+00,1.0213606643e+00,1.0117775246e+00,1.0117775246e+00,1.0121323201e+00,1.0213606643e+00
2451545.110038,9.9927325807e-01,9.9927325807e-01,1.0119520095e+00,1.0202095579e+00,9.5708864967e-01,9.5708864967e-01,1.0119520095e+00,1.0202095579e+00,9.9680617650e-01,9.9680617650e-01,1.0119520095e+00,1.0202095579e+00,8.5552117008e-01,8.5552117008e-01,1.0119520095e+00,1.0202095579e+00,7.8140840589e-01,7.8140840589e-01,1.0119520095e+00,1.0202095579e+00,9.7645251712e-01,9.7645251712e-01,1.0119520095e+00,1.0202095579e+00,1.0109589192e+00,1.0109589192e+00,1.0119520095e+00,1.0202095579e+00
2451545.110705,9.9927918693e-01,9.9927918693e-01,1.0113985426e+00,1.0187472228e+00,9.5746201299e-01,9.5746201299e-01,1.0113985426e+00,1.0187472228e+00,1.0015132530e+00,1.0015132530e+00,1.0113985426e+00,1.0187472228e+00,8.4962305012e-01,8.4962305012e-01,1.0113985426e+00,1.0187472228e+00,7.9142562052e-01,7.9142562052e-01,1.0113985426e+00,1.0187472228e+00,9.7584947677e-01,9.7584947677e-01,1.0113985426e+00,1.0187472228e+00,1.0099937101e+00,1.0099937101e+00,1.0113985426e+00,1.0187472228e+00
2451545.111372,9.9928508858e-01,9.9928508858e-01,1.0110384034e+00,1.0175540981e+00,9.5773074239e-01,9.5773074239e-01,1.0110384034e+00,1.0175540981e+00,1.0055968918e+00,1.0055968918e+00,1.0110384034e+00,1.0175540981e+00,8.4307163788e-01,8.4307163788e-01,1.0110384034e+00,1.0175540981e+00,8.0012275466e-01,8.0012275466e-01,1.0110384034e+00,1.0175540981e+00,9.7497315384e-01,9.7497315384e-01,1.0110384034e+00,1.0175540981e+00,1.0088801746e+00,1.0088801746e+00,1.0110384034e+00,1.0175540981e+00
2451545.112039,9.9929093585e-01,9.9929093585e-01,1.0103441592e+00,1.0161073978e+00,9.5789290191e-01,9.5789290191e-01,1.0103441592e+00,1.0161073978e+00,1.0090832917e+00,1.0090832917e+00,1.0103441592e+00,1.0161073978e+00,8.3584022644e-01,8.3584022644e-01,1.0103441592e+00,1.0161073978e+00,8.0755415123e-01,8.0755415123e-01,1.0103441592e+00,1.0161073978e+00,9.7383072738e-01,9.7383072738e-01,1.0103441592e+00,1.0161073978e+00,1.0076164088e+00,1.0076164088e+00,1.0103441592e+00,1.0161073978e+00
2451545.112705,9.9929675591e-01,9.9929675591e-01,1.0091899783e+00,1.0143328569e+00,9.5794609466e-01,9.5794609466e-01,1.0091899783e+00,1.0143328569e+00,1.0119904039e+00,1.0119904039e+00,1.0091899783e+00,1.0143328569e+00,8.2791648952e-01,8.2791648952e-01,1.0091899783e+00,1.0143328569e+00,8.1374698170e-01,8.1374698170e-01,1.0091899783e+00,1.0143328569e+00,9.7242985506e-01,9.7242985506e-01,1.0091899783e+00,1.0143328569e+00,1.0062019595e+00,1.0062019595e+00,1.0091899783e+00,1.0143328569e+00
2451545.113372,9.9930252159e-01,9.9930252159e-01,1.0074374939e+00,1.0122221695e+00,9.5788764717e-01,9.5788764717e-01,1.0074374939e+00,1.0122221695e+00,1.0143468532e+00,1.0143468532e+00,1.0074374939e+00,1.0122221695e+00,8.1924906768e-01,8.1924906768e-01,1.0074374939e+00,1.0122221695e+00,8.1872841755e-01,8.1872841755e-01,1.0074374939e+00,1.0122221695e+00,9.7077101548e-01,9.7077101548e-01,1.0074374939e+00,1.0122221695e+00,1.0046295735e+00,1.0046295735e+00,1.0074374939e+00,1.0122221695e+00
2451545.114039,9.9930823287e-01,9.9930823287e-01,1.0045255252e+00,1.0098647466e+00,9.5771451722e-01,9.5771451722e-01,1.0045255252e+00,1.0098647466e+00,1.0161628280e+00,1.0161628280e+00,1.0045255252e+00,1.0098647466e+00,8.0981536275e-01,8.0981536275e-01,1.0045255252e+00,1.0098647466e+00,8.2248260875e-01,8.2248260875e-01,1.0045255252e+00,1.0098647466e+00,9.6885803746e-01,9.6885803746e-01,1.0045255252e+00,1.0098647466e+00,1.0028974374e+00,1.0028974374e+00,1.0045255252e+00,1.0098647466e+00
2451545.114706,9.9931391695e-01,9.9931391695e-01,1.0025271626e+00,1.0084112061e+00,9.5773516743e-01,9.5773516743e-01,1.0025271626e+00,1.0084112061e+00,1.0174519129e+00,1.0174519129e+00,1.0025271626e+00,1.0084112061e+00,7.9957839593e-01,7.9957839593e-01,1.0025271626e+00,1.0084112061e+00,8.2744593029e-01,8.2744593029e-01,1.0025271626e+00,1.0084112061e+00,9.6669283542e-01,9.6669283542e-01,1.0025271626e+00,1.0084112061e+00,1.0010013808e+00,1.0010013808e+00,1.0025271626e+00,1.0084112061e+00
2451545.115373,9.9931954664e-01,9.9931954664e-01,1.0001652861e+00,1.0060068790e+00,9.5802722052e-01,9.5802722052e-01,1.0001652861e+00,1.0060068790e+00,1.0182228410e+00,1.0182228410e+00,1.0001652861e+00,1.0060068790e+00,7.8849502527e-01,7.8849502527e-01,1.0001652861e+00,1.0060068790e+00,8.3444031908e-01,8.3444031908e-01,1.0001652861e+00,1.0060068790e+00,9.6427588796e-01,9.6427588796e-01,1.0001652861e+00,1.0060068790e+00,9.9893632647e-01,9.9893632647e-01,1.0001652861e+00,1.0060068790e+00
2451545.116040,9.9932514913e-01,9.9932514913e-01,9.9727163779e-01,1.0030670628e+00,9.5921230334e-01,9.5921230334e-01,9.9727163779e-01,1.0030670628e+00,1.0184843453e+00,1.0184843453e+00,9.9727163779e-01,1.0030670628e+00,7.7652416320e-01,7.7652416320e-01,9.9727163779e-01,1.0030670628e+00,8.4739205229e-01,8.4739205229e-01,9.9727163779e-01,1.0030670628e+00,9.6160671648e-01,9.6160671648e-01,9.9727163779e-01,1.0030670628e+00,9.9669656258e-01,9.9669656258e-01,9.9727163779e-01,1.0030670628e+00
2451545.116707,9.9933067004e-01,9.9933067004e-01,9.9586675756e-01,1.0017004904e+00,9.6030731802e-01,9.6030731802e-01,9.9586675756e-01,1.0017004904e+00,1.0182412773e+00,1.0182412773e+00,9.9586675756e-01,1.0017004904e+00,7.6361034151e-01,7.6361034151e-01,9.9586675756e-01,1.0017004904e+00,8.5897389063e-01,8.5897389063e-01,9.9586675756e-01,1.0017004904e+00,9.5868244935e-01,9.5868244935e-01,9.9586675756e-01,1.0017004904e+00,9.9427547066e-01,9.9427547066e-01,9.9586675756e-01,1.0017004904e+00
2451545.117374,9.9933616375e-01,9.9933616375e-01,9.9652146838e-01,1.0019286596e+00,9.6131567554e-01,9.6131567554e-01,9.9652146838e-01,1.0019286596e+00,1.0181864536e+00,1.0181864536e+00,9.9652146838e-01,1.0019286596e+00,7.5895717477e-01,7.5895717477e-01,9.9652146838e-01,1.0019286596e+00,8.6924017706e-01,8.6924017706e-01,9.9652146838e-01,1.0019286596e+00,9.5619083975e-01,9.5619083975e-01,9.9652146838e-01,1.0019286596e+00,9.9298323642e-01,9.9298323642e-01,9.9652146838e-01,1.0019286596e+00
2451545.118041,9.9934157587e-01,9.9934157587e-01,9.9699008321e-01,1.0014136910e+00,9.6262438310e-01,9.6262438310e-01,9.9699008321e-01,1.0014136910e+00,1.0177595079e+00,1.0177595079e+00,9.9699008321e-01,1.0014136910e+00,7.5591464058e-01,7.5591464058e-01,9.9699008321e-01,1.0014136910e+00,8.8101674427e-01,8.8101674427e-01,9.9699008321e-01,1.0014136910e+00,9.5358771555e-01,9.5358771555e-01,9.9699008321e-01,1.0014136910e+00,9.9173678750e-01,9.9173678750e-01,9.9699008321e-01,1.0014136910e+00
2451545.118707,9.9934696079e-01,9.9934696079e-01,9.9727308413e-01,1.0002039544e+00,9.6426625980e-01,9.6426625980e-01,9.9727308413e-01,1.0002039544e+00,1.0183315181e+00,1.0183315181e+00,9.9727308413e-01,1.0002039544e+00,7.5319464378e-01,7.5319464378e-01,9.9727308413e-01,1.0002039544e+00,8.9467267136e-01,8.9467267136e-01,9.9727308413e-01,1.0002039544e+00,9.5221890966e-01,9.5221890966e-01,9.9727308413e-01,1.0002039544e+00,9.9033584711e-01,9.9033584711e-01,9.9727308413e-01,1.0002039544e+00
2451545.119374,9.9935229132e-01,9.9935229132e-01,9.9737191750e-01,9.9832974215e-01,9.6583641387e-01,9.6583641387e-01,9.9737191750e-01,9.9832974215e-01,1.0197161807e+00,1.0197161807e+00,9.9737191750e-01,9.9832974215e-01,7.5008431511e-01,7.5008431511e-01,9.9737191750e-01,9.9832974215e-01,9.0734136844e-01,9.0734136844e-01,9.9737191750e-01,9.9832974215e-01,9.5193461920e-01,9.5193461920e-01,9.9737191750e-01,9.9832974215e-01,9.8866509059e-01,9.8866509059e-01,9.9737191750e-01,9.9832974215e-01
2451545.120041,9.9935756745e-01,9.9935756745e-01,9.9728658332e-01,9.9581841499e-01,9.6733318592e-01,9.6733318592e-01,9.9728658332e-01,9.9581841499e-01,1.0205613392e+00,1.0205613392e+00,9.9728658332e-01,9.9581841499e-01,7.4657132830e-01,7.4657132830e-01,9.9728658332e-01,9.9581841499e-01,9.1903642124e-01,9.1903642124e-01,9.9728658332e-01,9.9581841499e-01,9.5140863401e-01,9.5140863401e-01,9.9728658332e-01,9.9581841499e-01,9.8671717417e-01,9.8671717417e-01,9.9728658332e-01,9.9581841499e-01
2451545.120708,9.9936276200e-01,9.9936276200e-01,9.9701756370e-01,9.9269000491e-01,9.6875749783e-01,9.6875749783e-01,9.9701756370e-01,9.9269000491e-01,1.0209965327e+00,1.0209965327e+00,9.9701756370e-01,9.9269000491e-01,7.5440467257e-01,7.5440467257e-01,9.9701756370e-01,9.9269000491e-01,9.2978500123e-01,9.2978500123e-01,9.9701756370e-01,9.9269000491e-01,9.5076012632e-01,9.5076012632e-01,9.9701756370e-01,9.9269000491e-01,9.8635642205e-01,9.8635642205e-01,9.9701756370e-01,9.9269000491e-01
2451545.121375,9.9936792934e-01,9.9936792934e-01,9.9804109175e-01,9.9048550916e-01,9.7010953397e-01,9.7010953397e-01,9.9804109175e-01,9.9048550916e-01,1.0211173389e+00,1.0211173389e+00,9.9804109175e-01,9.9048550916e-01,7.6362472216e-01,7.6362472216e-01,9.9804109175e-01,9.9048550916e-01,9.3961201559e-01,9.3961201559e-01,9.9804109175e-01,9.9048550916e-01,9.5007476617e-01,9.5007476617e-01,9.9804109175e-01,9.9048550916e-01,9.8627917631e-01,9.8627917631e-01,9.9804109175e-01,9.9048550916e-01
2451545.122042,9.9937301510e-01,9.9937301510e-01,1.0014216752e+00,9.9038632640e-01,9.7138957092e-01,9.7138957092e-01,1.0014216752e+00,9.9038632640e-01,1.0206797196e+00,1.0206797196e+00,1.0014216752e+00,9.9038632640e-01,7.7144779454e-01,7.7144779454e-01,1.0014216752e+00,9.9038632640e-01,9.4854010720e-01,9.4854010720e-01,1.0014216752e+00,9.9038632640e-01,9.4909362908e-01,9.4909362908e-01,1.0014216752e+00,9.9038632640e-01,9.8606421192e-01,9.8606421192e-01,1.0014216752e+00,9.9038632640e-01
2451545.122709,9.9937807367e-01,9.9937807367e-01,1.0076120191e+00,9.9308673597e-01,9.7259760867e-01,9.7259760867e-01,1.0076120191e+00,9.9308673597e-01,1.0203925015e+00,1.0203925015e+00,1.0076120191e+00,9.9308673597e-01,7.7792935792e-01,7.7792935792e-01,1.0076120191e+00,9.9308673597e-01,9.5658512610e-01,9.5658512610e-01,1.0076120191e+00,9.9308673597e-01,9.4857242992e-01,9.4857242992e-01,1.0076120191e+00,9.9308673597e-01,9.8571307018e-01,9.8571307018e-01,1.0076120191e+00,9.9308673597e-01
2451545.123376,9.9938305064e-01,9.9938305064e-01,1.0134311353e+00,9.9542070676e-01,9.7373346284e-01,9.7373346284e-01,1.0134311353e+00,9.9542070676e-01,1.0197491720e+00,1.0197491720e+00,1.0134311353e+00,9.9542070676e-01,7.8311255425e-01,7.8311255425e-01,1.0134311353e+00,9.9542070676e-01,9.6376518659e-01,9.6376518659e-01,1.0134311353e+00,9.9542070676e-01,9.4825942326e-01,9.4825942326e-01,1.0134311353e+00,9.9542070676e-01,9.8522665773e-01,9.8522665773e-01,1.0134311353e+00,9.9542070676e-01
2451545.124043,9.9938797322e-01,9.9938797322e-01,1.0188843269e+00,9.9739849904e-01,9.7479667250e-01,9.7479667250e-01,1.0188843269e+00,9.9739849904e-01,1.0183805199e+00,1.0183805199e+00,1.0188843269e+00,9.9739849904e-01,7.8702614482e-01,7.8702614482e-01,1.0188843269e+00,9.9739849904e-01,9.7008708154e-01,9.7008708154e-01,1.0188843269e+00,9.9739849904e-01,9.4779134907e-01,9.4779134907e-01,1.0188843269e+00,9.9739849904e-01,9.8460579053e-01,9.8460579053e-01,1.0188843269e+00,9.9739849904e-01
2451545.124710,9.9939281421e-01,9.9939281421e-01,1.0239773793e+00,9.9902646443e-01,9.7578668451e-01,9.7578668451e-01,1.0239773793e+00,9.9902646443e-01,1.0162972188e+00,1.0162972188e+00,1.0239773793e+00,9.9902646443e-01,7.8968451027e-01,7.8968451027e-01,1.0239773793e+00,9.9902646443e-01,9.7556439668e-01,9.7556439668e-01,1.0239773793e+00,9.9902646443e-01,9.4716964318e-01,9.4716964318e-01,1.0239773793e+00,9.9902646443e-01,9.8385046860e-01,9.8385046860e-01,1.0239773793e+00,9.9902646443e-01
2451545.125376,9.9939760081e-01,9.9939760081e-01,1.0287083641e+00,1.0003090002e+00,9.7670156292e-01,9.7670156292e-01,1.0287083641e+00,1.0003090002e+00,1.0135055760e+00,1.0135055760e+00,1.0287083641e+00,1.0003090002e+00,7.9109175938e-01,7.9109175938e-01,1.0287083641e+00,1.0003090002e+00,9.8019486773e-01,9.8019486773e-01,1.0287083641e+00,1.0003090002e+00,9.4639526279e-01,9.4639526279e-01,1.0287083641e+00,1.0003090002e+00,9.8296177990e-01,9.8296177990e-01,1.0287083641e+00,1.0003090002e+00
2451545.126043,9.9940812588e-01,9.9940812588e-01,1.0331259748e+00,1.0012539237e+00,9.7756020636e-01,9.7756020636e-01,1.0331259748e+00,1.0012539237e+00,1.0100240278e+00,1.0100240278e+00,1.0331259748e+00,1.0012539237e+00,7.9135266541e-01,7.9135266541e-01,1.0331259748e+00,1.0012539237e+00,9.8399660900e-01,9.8399660900e-01,1.0331259748e+00,1.0012539237e+00,9.4546629348e-01,9.4546629348e-01,1.0331259748e+00,1.0012539237e+00,9.8193600721e-01,9.8193600721e-01,1.0331259748e+00,1.0012539237e+00
2451545.126710,9.9942158818e-01,9.9942158818e-01,1.0372123732e+00,1.0018617235e+00,9.7835201315e-01,9.7835201315e-01,1.0372123732e+00,1.0018617235e+00,1.0063081445e+00,1.0063081445e+00,1.0372123732e+00,1.0018617235e+00,7.9039121639e-01,7.9039121639e-01,1.0372123732e+00,1.0018617235e+00,9.8695829904e-01,9.8695829904e-01,1.0372123732e+00,1.0018617235e+00,9.4485320245e-01,9.4485320245e-01,1.0372123732e+00,1.0018617235e+00,9.8077260654e-01,9.8077260654e-01,1.0372123732e+00,1.0018617235e+00
2451545.127377,9.9943477852e-01,9.9943477852e-01,1.0409530958e+00,1.0021328882e+00,9.7906656601e-01,9.7906656601e-01,1.0409530958e+00,1.0021328882e+00,1.0073711423e+00,1.0073711423e+00,1.0409530958e+00,1.0021328882e+00,7.8811085653e-01,7.8811085653e-01,1.0409530958e+00,1.0021328882e+00,9.8907767357e-01,9.8907767357e-01,1.0409530958e+00,1.0021328882e+00,9.4922428783e-01,9.4922428783e-01,1.0409530958e+00,1.0021328882e+00,9.7946903929e-01,9.7946903929e-01,1.0409530958e+00,1.0021328882e+00
2451545.128044,9.9944769690e-01,9.9944769690e-01,1.0443510354e+00,1.0020674178e+00,9.7970266647e-01,9.7970266647e-01,1.0443510354e+00,1.0020674178e+00,1.0079572224e+00,1.0079572224e+00,1.0443510354e+00,1.0020674178e+00,7.9115749948e-01,7.9115749948e-01,1.0443510354e+00,1.0020674178e+00,9.9034567542e-01,9.9034567542e-01,1.0443510354e+00,1.0020674178e+00,9.5318856026e-01,9.5318856026e-01,1.0443510354e+00,1.0020674178e+00,9.7895506498e-01,9.7895506498e-01,1.0443510354e+00,1.0020674178e+00
2451545.128711,9.9946037050e-01,9.9946037050e-01,1.0474086024e+00,1.0016638465e+00,9.8025883953e-01,9.8025883953e-01,1.0474086024e+00,1.0016638465e+00,1.0080595923e+00,1.0080595923e+00,1.0474086024e+00,1.0016638465e+00,7.9609827917e-01,7.9609827917e-01,1.0474086024e+00,1.0016638465e+00,9.9075098315e-01,9.9075098315e-01,1.0474086024e+00,1.0016638465e+00,9.5676133507e-01,9.5676133507e-01,1.0474086024e+00,1.0016638465e+00,9.7863765025e-01,9.7863765025e-01,1.0474086024e+00,1.0016638465e+00
2451545.129378,9.9947274494e-01,9.9947274494e-01,1.0501272433e+00,1.0009192429e+00,9.8073370235e-01,9.8073370235e-01,1.0501272433e+00,1.0009192429e+00,1.0076680637e+00,1.0076680637e+00,1.0501272433e+00,1.0009192429e+00,8.0132872620e-01,8.0132872620e-01,1.0501272433e+00,1.0009192429e+00,9.9026868959e-01,9.9026868959e-01,1.0501272433e+00,1.0009192429e+00,9.5995697036e-01,9.5995697036e-01,1.0501272433e+00,1.0009192429e+00,9.7828596453e-01,9.7828596453e-01,1.0501272433e+00,1.0009192429e+00
2451545.130045,9.9948487461e-01,9.9948487461e-01,1.0525074402e+00,9.9982969825e-01,9.8112550336e-01,9.8112550336e-01,1.0525074402e+00,9.9982969825e-01,1.0067695370e+00,1.0067695370e+00,1.0525074402e+00,9.9982969825e-01,8.0962841433e-01,8.0962841433e-01,1.0525074402e+00,9.9982969825e-01,9.8887615184e-01,9.8887615184e-01,1.0525074402e+00,9.9982969825e-01,9.6278599540e-01,9.6278599540e-01,1.0525074402e+00,9.9982969825e-01,9.7836248496e-01,9.7836248496e-01,1.0525074402e+00,9.9982969825e-01
2451545.130712,9.9949670512e-01,9.9949670512e-01,1.0545501573e+00,9.9839032669e-01,9.8143258316e-01,9.8143258316e-01,1.0545501573e+00,9.9839032669e-01,1.0053465463e+00,1.0053465463e+00,1.0545501573e+00,9.9839032669e-01,8.1745354109e-01,8.1745354109e-01,1.0545501573e+00,9.9839032669e-01,9.8653261271e-01,9.8653261271e-01,1.0545501573e+00,9.9839032669e-01,9.6525893946e-01,9.6525893946e-01,1.0545501573e+00,9.9839032669e-01,9.7841851532e-01,9.7841851532e-01,1.0545501573e+00,9.9839032669e-01
2451545.131378,9.9950823647e-01,9.9950823647e-01,1.0562525019e+00,9.9659721956e-01,9.8168093891e-01,9.8168093891e-01,1.0562525019e+00,9.9659721956e-01,1.0033806554e+00,1.0033806554e+00,1.0562525019e+00,9.9659721956e-01,8.2435625202e-01,8.2435625202e-01,1.0562525019e+00,9.9659721956e-01,9.8339204383e-01,9.8339204383e-01,1.0562525019e+00,9.9659721956e-01,9.6738106719e-01,9.6738106719e-01,1.0562525019e+00,9.9659721956e-01,9.7839412670e-01,9.7839412670e-01,1.0562525019e+00,9.9659721956e-01
2451545.132045,9.9951949585e-01,9.9951949585e-01,1.0576188130e+00,9.9443718505e-01,9.8193528691e-01,9.8193528691e-01,1.0576188130e+00,9.9443718505e-01,1.0008403284e+00,1.0008403284e+00,1.0576188130e+00,9.9443718505e-01,8.2996059588e-01,8.2996059588e-01,1.0576188130e+00,9.9443718505e-01,9.7980541002e-01,9.7980541002e-01,1.0576188130e+00,9.9443718505e-01,9.6916338647e-01,9.6916338647e-01,1.0576188130e+00,9.9443718505e-01,9.7823337940e-01,9.7823337940e-01,1.0576188130e+00,9.9443718505e-01
2451545.132712,9.9953048326e-01,9.9953048326e-01,1.0586442695e+00,9.9190436015e-01,9.8273336252e-01,9.8273336252e-01,1.0586442695e+00,9.9190436015e-01,9.9769791085e-01,9.9769791085e-01,1.0586442695e+00,9.9190436015e-01,8.3681811049e-01,8.3681811049e-01,1.0586442695e+00,9.9190436015e-01,9.7963785263e-01,9.7963785263e-01,1.0586442695e+00,9.9190436015e-01,9.7060637589e-01,9.7060637589e-01,1.0586442695e+00,9.9190436015e-01,9.7832848595e-01,9.7832848595e-01,1.0586442695e+00,9.9190436015e-01
2451545.133379,9.9954117152e-01,9.9954117152e-01,1.0593279072e+00,9.8898799598e-01,9.8344432002e-01,9.8344432002e-01,1.0593279072e+00,9.8898799598e-01,9.9595665155e-01,9.9595665155e-01,1.0593279072e+00,9.8898799598e-01,8.5388383062e-01,8.5388383062e-01,1.0593279072e+00,9.8898799598e-01,9.7829739353e-01,9.7829739353e-01,1.0593279072e+00,9.8898799598e-01,9.7364120041e-01,9.7364120041e-01,1.0593279072e+00,9.8898799598e-01,9.8010196480e-01,9.8010196480e-01,1.0593279072e+00,9.8898799598e-01
2451545.134046,9.9955158781e-01,9.9955158781e-01,1.0596653870e+00,9.8567685510e-01,9.8434822800e-01,9.8434822800e-01,1.0596653870e+00,9.8567685510e-01,9.9548749643e-01,9.9548749643e-01,1.0596653870e+00,9.8567685510e-01,8.6903076146e-01,8.6903076146e-01,1.0596653870e+00,9.8567685510e-01,9.7786038575e-01,9.7786038575e-01,1.0596653870e+00,9.8567685510e-01,9.7776341199e-01,9.7776341199e-01,1.0596653870e+00,9.8567685510e-01,9.8177145202e-01,9.8177145202e-01,1.0596653870e+00,9.8567685510e-01
2451545.134713,9.9956170493e-01,9.9956170493e-01,1.0596533341e+00,9.8195676852e-01,9.8535640114e-01,9.8535640114e-01,1.0596533341e+00,9.8195676852e-01,9.9462147586e-01,9.9462147586e-01,1.0596533341e+00,9.8195676852e-01,8.8219521729e-01,8.8219521729e-01,1.0596533341e+00,9.8195676852e-01,9.7873892989e-01,9.7873892989e-01,1.0596533341e+00,9.8195676852e-01,9.8130412037e-01,9.8130412037e-01,1.0596533341e+00,9.8195676852e-01,9.8333885155e-01,9.8333885155e-01,1.0596533341e+00,9.8195676852e-01
2451545.135380,9.9957152289e-01,9.9957152289e-01,1.0592878917e+00,9.7781356730e-01,9.8671581236e-01,9.8671581236e-01,1.0592878917e+00,9.7781356730e-01,9.9333966837e-01,9.9333966837e-01,1.0592878917e+00,9.7781356730e-01,8.9327653358e-01,8.9327653358e-01,1.0592878917e+00,9.7781356730e-01,9.8275804291e-01,9.8275804291e-01,1.0592878917e+00,9.7781356730e-01,9.8427337622e-01,9.8427337622e-01,1.0592878917e+00,9.7781356730e-01,9.8480552336e-01,9.8480552336e-01,1.0592878917e+00,9.7781356730e-01
2451545.136047,9.9958104170e-01,9.9958104170e-01,1.0585627922e+00,9.7323015094e-01,9.8793887683e-01,9.8793887683e-01,1.0585627922e+00,9.7323015094e-01,9.9162072670e-01,9.9162072670e-01,1.0585627922e+00,9.7323015094e-01,9.0213706698e-01,9.0213706698e-01,1.0585627922e+00,9.7323015094e-01,9.8632203383e-01,9.8632203383e-01,1.0585627922e+00,9.7323015094e-01,9.8666926513e-01,9.8666926513e-01,1.0585627922e+00,9.7323015094e-01,9.8617183011e-01,9.8617183011e-01,1.0585627922e+00,9.7323015094e-01
2451545.136714,9.9959026133e-01,9.9959026133e-01,1.0575826544e+00,9.6829983919e-01,9.8903407589e-01,9.8903407589e-01,1.0575826544e+00,9.6829983919e-01,9.8943748155e-01,9.8943748155e-01,1.0575826544e+00,9.6829983919e-01,9.0857959717e-01,9.0857959717e-01,1.0575826544e+00,9.6829983919e-01,9.8941731692e-01,9.8941731692e-01,1.0575826544e+00,9.6829983919e-01,9.8846977134e-01,9.8846977134e-01,1.0575826544e+00,9.6829983919e-01,9.8743777179e-01,9.8743777179e-01,1.0575826544e+00,9.6829983919e-01
2451545.137381,9.9959918181e-01,9.9959918181e-01,1.0565036833e+00,9.6315406144e-01,9.9000675647e-01,9.9000675647e-01,1.0565036833e+00,9.6315406144e-01,9.8675742684e-01,9.8675742684e-01,1.0565036833e+00,9.6315406144e-01,9.2195565396e-01,9.2195565396e-01,1.0565036833e+00,9.6315406144e-01,9.9202804216e-01,9.9202804216e-01,1.0565036833e+00,9.6315406144e-01,9.8962224846e-01,9.8962224846e-01,1.0565036833e+00,9.6315406144e-01,9.8990455837e-01,9.8990455837e-01,1.0565036833e+00,9.6315406144e-01
2451545.138047,9.9960780312e-01,9.9960780312e-01,1.0550544486e+00,9.5750504109e-01,9.9085857796e-01,9.9085857796e-01,1.0550544486e+00,9.5750504109e-01,9.8386632511e-01,9.8386632511e-01,1.0550544486e+00,9.5750504109e-01,9.3750524294e-01,9.3750524294e-01,1.0550544486e+00,9.5750504109e-01,9.9413835953e-01,9.9413835953e-01,1.0550544486e+00,9.5750504109e-01,9.9035881918e-01,9.9035881918e-01,1.0550544486e+00,9.5750504109e-01,9.9253308957e-01,9.9253308957e-01,1.0550544486e+00,9.5750504109e-01
2451545.138714,9.9961609808e-01,9.9961609808e-01,1.0532209690e+00,9.5131027124e-01,9.9159322790e-01,9.9159322790e-01,1.0532209690e+00,9.5131027124e-01,9.8130804696e-01,9.8130804696e-01,1.0532209690e+00,9.5131027124e-01,9.5215706863e-01,9.5215706863e-01,1.0532209690e+00,9.5131027124e-01,9.9572336185e-01,9.9572336185e-01,1.0532209690e+00,9.5131027124e-01,9.9176926357e-01,9.9176926357e-01,1.0532209690e+00,9.5131027124e-01,9.9487684509e-01,9.9487684509e-01,1.0532209690e+00,9.5131027124e-01
2451545.139381,9.9962412107e-01,9.9962412107e-01,1.0509936022e+00,9.4454874273e-01,9.9220895471e-01,9.9220895471e-01,1.0509936022e+00,9.4454874273e-01,9.7831166429e-01,9.7831166429e-01,1.0509936022e+00,9.4454874273e-01,9.6591113102e-01,9.6591113102e-01,1.0509936022e+00,9.4454874273e-01,9.9675587764e-01,9.9675587764e-01,1.0509936022e+00,9.4454874273e-01,9.9329888022e-01,9.9329888022e-01,1.0509936022e+00,9.4454874273e-01,9.9695740296e-01,9.9695740296e-01,1.0509936022e+00,9.4454874273e-01
2451545.140048,9.9963181770e-01,9.9963181770e-01,1.0519178148e+00,9.4089070645e-01,9.9304971359e-01,9.9304971359e-01,1.0519178148e+00,9.4089070645e-01,9.7673147997e-01,9.7673147997e-01,1.0519178148e+00,9.4089070645e-01,9.7879413703e-01,9.7879413703e-01,1.0519178148e+00,9.4089070645e-01,9.9984436787e-01,9.9984436787e-01,1.0519178148e+00,9.4089070645e-01,9.9640166644e-01,9.9640166644e-01,1.0519178148e+00,9.4089070645e-01,9.9878954143e-01,9.9878954143e-01,1.0519178148e+00,9.4089070645e-01
2451545.140715,9.9963921517e-01,9.9963921517e-01,1.0562221287e+00,9.4114525926e-01,9.9387544574e-01,9.9387544574e-01,1.0562221287e+00,9.4114525926e-01,9.7453028370e-01,9.7453028370e-01,1.0562221287e+00,9.4114525926e-01,9.9082663045e-01,9.9082663045e-01,1.0562221287e+00,9.4114525926e-01,1.0036913949e+00,1.0036913949e+00,1.0562221287e+00,9.4114525926e-01,9.9891912062e-01,9.9891912062e-01,1.0562221287e+00,9.4114525926e-01,1.0003776124e+00,1.0003776124e+00,1.0562221287e+00,9.4114525926e-01
2451545.141382,9.9964628628e-01,9.9964628628e-01,1.0597512033e+00,9.4120340089e-01,9.9453975587e-01,9.9453975587e-01,1.0597512033e+00,9.4120340089e-01,9.7169400568e-01,9.7169400568e-01,1.0597512033e+00,9.4120340089e-01,1.0020250463e+00,1.0020250463e+00,1.0597512033e+00,9.4120340089e-01,1.0072667073e+00,1.0072667073e+00,1.0597512033e+00,9.4120340089e-01,1.0008895311e+00,1.0008895311e+00,1.0597512033e+00,9.4120340089e-01,1.0017132747e+00,1.0017132747e+00,1.0597512033e+00,9.4120340089e-01
2451545.142049,9.9965305822e-01,9.9965305822e-01,1.0629683501e+00,9.4156446524e-01,9.9504227524e-01,9.9504227524e-01,1.0629683501e+00,9.4156446524e-01,9.6817898099e-01,9.6817898099e-01,1.0629683501e+00,9.4156446524e-01,1.0143205001e+00,1.0143205001e+00,1.0629683501e+00,9.4156446524e-01,1.0105748335e+00,1.0105748335e+00,1.0629683501e+00,9.4156446524e-01,1.0023459214e+00,1.0023459214e+00,1.0629683501e+00,9.4156446524e-01,1.0030979862e+00,1.0030979862e+00,1.0629683501e+00,9.4156446524e-01
2451545.142716,9.9966594940e-01,9.9966594940e-01,1.0654444876e+00,9.4178628285e-01,9.9538088350e-01,9.9538088350e-01,1.0654444876e+00,9.4178628285e-01,9.6391243481e-01,9.6391243481e-01,1.0654444876e+00,9.4178628285e-01,1.0270596997e+00,1.0270596997e+00,1.0654444876e+00,9.4178628285e-01,1.0137471025e+00,1.0137471025e+00,1.0654444876e+00,9.4178628285e-01,1.0033462026e+00,1.0033462026e+00,1.0654444876e+00,9.4178628285e-01,1.0046446237e+00,1.0046446237e+00,1.0654444876e+00,9.4178628285e-01
2451545.143383,9.9967981965e-01,9.9967981965e-01,1.0686698304e+00,9.4329503349e-01,9.9555263063e-01,9.9555263063e-01,1.0686698304e+00,9.4329503349e-01,9.5878374939e-01,9.5878374939e-01,1.0686698304e+00,9.4329503349e-01,1.0383731607e+00,1.0383731607e+00,1.0686698304e+00,9.4329503349e-01,1.0166816210e+00,1.0166816210e+00,1.0686698304e+00,9.4329503349e-01,1.0038851101e+00,1.0038851101e+00,1.0686698304e+00,9.4329503349e-01,1.0060664168e+00,1.0060664168e+00,1.0686698304e+00,9.4329503349e-01
2451545.144050,9.9969339074e-01,9.9969339074e-01,1.0711801981e+00,9.4451698470e-01,9.9555336813e-01,9.9555336813e-01,1.0711801981e+00,9.4451698470e-01,9.5534295504e-01,9.5534295504e-01,1.0711801981e+00,9.4451698470e-01,1.0529099412e+00,1.0529099412e+00,1.0711801981e+00,9.4451698470e-01,1.0193602750e+00,1.0193602750e+00,1.0711801981e+00,9.4451698470e-01,1.0063920350e+00,1.0063920350e+00,1.0711801981e+00,9.4451698470e-01,1.0080270262e+00,1.0080270262e+00,1.0711801981e+00,9.4451698470e-01
2451545.144716,9.9970663547e-01,9.9970663547e-01,1.0729726980e+00,9.4545702233e-01,9.9537793347e-01,9.9537793347e-01,1.0729726980e+00,9.4545702233e-01,9.5419262743e-01,9.5419262743e-01,1.0729726980e+00,9.4545702233e-01,1.0670358460e+00,1.0670358460e+00,1.0729726980e+00,9.4545702233e-01,1.0217785356e+00,1.0217785356e+00,1.0729726980e+00,9.4545702233e-01,1.0103687511e+00,1.0103687511e+00,1.0729726980e+00,9.4545702233e-01,1.0099471994e+00,1.0099471994e+00,1.0729726980e+00,9.4545702233e-01
2451545.145383,9.9971960824e-01,9.9971960824e-01,1.0741119334e+00,9.4618501406e-01,9.9501932031e-01,9.9501932031e-01,1.0741119334e+00,9.4618501406e-01,9.5400632384e-01,9.5400632384e-01,1.0741119334e+00,9.4618501406e-01,1.0803358908e+00,1.0803358908e+00,1.0741119334e+00,9.4618501406e-01,1.0239454602e+00,1.0239454602e+00,1.0741119334e+00,9.4618501406e-01,1.0144780404e+00,1.0144780404e+00,1.0741119334e+00,9.4618501406e-01,1.0117548586e+00,1.0117548586e+00,1.0741119334e+00,9.4618501406e-01
2451545.146050,9.9973228184e-01,9.9973228184e-01,1.0773825948e+00,9.4940723247e-01,9.9446969264e-01,9.9446969264e-01,1.0773825948e+00,9.4940723247e-01,9.5362983535e-01,9.5362983535e-01,1.0773825948e+00,9.4940723247e-01,1.0928634894e+00,1.0928634894e+00,1.0773825948e+00,9.4940723247e-01,1.0258610487e+00,1.0258610487e+00,1.0773825948e+00,9.4940723247e-01,1.0176832478e+00,1.0176832478e+00,1.0773825948e+00,9.4940723247e-01,1.0134514544e+00,1.0134514544e+00,1.0773825948e+00,9.4940723247e-01
2451545.146717,9.9974465628e-01,9.9974465628e-01,1.0814718859e+00,9.5340385818e-01,9.9371973941e-01,9.9371973941e-01,1.0814718859e+00,9.5340385818e-01,9.5362401336e-01,9.5362401336e-01,1.0814718859e+00,9.5340385818e-01,1.1046741100e+00,1.1046741100e+00,1.0814718859e+00,9.5340385818e-01,1.0275253012e+00,1.0275253012e+00,1.0814718859e+00,9.5340385818e-01,1.0206194800e+00,1.0206194800e+00,1.0814718859e+00,9.5340385818e-01,1.0150411572e+00,1.0150411572e+00,1.0814718859e+00,9.5340385818e-01
2451545.147384,9.9975673156e-01,9.9975673156e-01,1.0851272743e+00,9.5688942393e-01,9.9275839801e-01,9.9275839801e-01,1.0851272743e+00,9.5688942393e-01,9.5360703256e-01,9.5360703256e-01,1.0851272743e+00,9.5688942393e-01,1.1158129489e+00,1.1158129489e+00,1.0851272743e+00,9.5688942393e-01,1.0289404818e+00,1.0289404818e+00,1.0851272743e+00,9.5688942393e-01,1.0229550649e+00,1.0229550649e+00,1.0851272743e+00,9.5688942393e-01,1.0165270498e+00,1.0165270498e+00,1.0851272743e+00,9.5688942393e-01
2451545.148051,9.9976848048e-01,9.9976848048e-01,1.0883603309e+00,9.5988396170e-01,9.9157303863e-01,9.9157303863e-01,1.0883603309e+00,9.5988396170e-01,9.5346633454e-01,9.5346633454e-01,1.0883603309e+00,9.5988396170e-01,1.1263169849e+00,1.1263169849e+00,1.0883603309e+00,9.5988396170e-01,1.0301065907e+00,1.0301065907e+00,1.0883603309e+00,9.5988396170e-01,1.0246206049e+00,1.0246206049e+00,1.0883603309e+00,9.5988396170e-01,1.0179120333e+00,1.0179120333e+00,1.0883603309e+00,9.5988396170e-01
2451545.148718,9.9977990304e-01,9.9977990304e-01,1.0911821442e+00,9.6240506056e-01,9.9014863453e-01,9.9014863453e-01,1.0911821442e+00,9.6240506056e-01,9.5329313043e-01,9.5329313043e-01,1.0911821442e+00,9.6240506056e-01,1.1362170336e+00,1.1362170336e+00,1.0911821442e+00,9.6240506056e-01,1.0310281563e+00,1.0310281563e+00,1.0911821442e+00,9.6240506056e-01,1.0257271361e+00,1.0257271361e+00,1.0911821442e+00,9.6240506056e-01,1.0191984651e+00,1.0191984651e+00,1.0911821442e+00,9.6240506056e-01
2451545.149385,9.9979102644e-01,9.9979102644e-01,1.0936013923e+00,9.6446640089e-01,9.8846785429e-01,9.8846785429e-01,1.0936013923e+00,9.6446640089e-01,9.5295302935e-01,9.5295302935e-01,1.0936013923e+00,9.6446640089e-01,1.1455398022e+00,1.1455398022e+00,1.0936013923e+00,9.6446640089e-01,1.0317006501e+00,1.0317006501e+00,1.0936013923e+00,9.6446640089e-01,1.0261497429e+00,1.0261497429e+00,1.0936013923e+00,9.6446640089e-01,1.0203880677e+00,1.0203880677e+00,1.0936013923e+00,9.6446640089e-01
2451545.150052,9.9980185068e-01,9.9980185068e-01,1.0956262712e+00,9.6607873156e-01,9.8651004769e-01,9.8651004769e-01,1.0956262712e+00,9.6607873156e-01,9.5361431005e-01,9.5361431005e-01,1.0956262712e+00,9.6607873156e-01,1.1543099429e+00,1.1543099429e+00,1.0956262712e+00,9.6607873156e-01,1.0321263365e+00,1.0321263365e+00,1.0956262712e+00,9.6607873156e-01,1.0271830478e+00,1.0271830478e+00,1.0956262712e+00,9.6607873156e-01,1.0214823824e+00,1.0214823824e+00,1.0956262712e+00,9.6607873156e-01
2451545.150718,9.9981232136e-01,9.9981232136e-01,1.0972630483e+00,9.6724791558e-01,9.8425484108e-01,9.8425484108e-01,1.0972630483e+00,9.6724791558e-01,9.5412130809e-01,9.5412130809e-01,1.0972630483e+00,9.6724791558e-01,1.1625315647e+00,1.1625315647e+00,1.0972630483e+00,9.6724791558e-01,1.0323097439e+00,1.0323097439e+00,1.0972630483e+00,9.6724791558e-01,1.0279133967e+00,1.0279133967e+00,1.0972630483e+00,9.6724791558e-01,1.0224811372e+00,1.0224811372e+00,1.0972630483e+00,9.6724791558e-01
2451545.151385,9.9982249288e-01,9.9982249288e-01,1.0985213658e+00,9.6798421325e-01,9.8226688885e-01,9.8226688885e-01,1.0985213658e+00,9.6798421325e-01,9.5434642492e-01,9.5434642492e-01,1.0985213658e+00,9.6798421325e-01,1.1702457550e+00,1.1702457550e+00,1.0985213658e+00,9.6798421325e-01,1.0364828285e+00,1.0364828285e+00,1.0985213658e+00,9.6798421325e-01,1.0282091736e+00,1.0282091736e+00,1.0985213658e+00,9.6798421325e-01,1.0233880493e+00,1.0233880493e+00,1.0985213658e+00,9.6798421325e-01
2451545.152052,9.9983233803e-01,9.9983233803e-01,1.0994055629e+00,9.6828762457e-01,9.8241955296e-01,9.8241955296e-01,1.0994055629e+00,9.6828762457e-01,9.5435224691e-01,9.5435224691e-01,1.0994055629e+00,9.6828762457e-01,1.1774545683e+00,1.1774545683e+00,1.0994055629e+00,9.6828762457e-01,1.0559557141e+00,1.0559557141e+00,1.0994055629e+00,9.6828762457e-01,1.0281249394e+00,1.0281249394e+00,1.0994055629e+00,9.6828762457e-01,1.0242019402e+00,1.0242019402e+00,1.0994055629e+00,9.6828762457e-01
2451545.152719,9.9984185684e-01,9.9984185684e-01,1.0999190144e+00,9.6815863812e-01,9.8283181981e-01,9.8283181981e-01,1.0999190144e+00,9.6815863812e-01,9.5457930440e-01,9.5457930440e-01,1.0999190144e+00,9.6815863812e-01,1.1842751041e+00,1.1842751041e+00,1.0999190144e+00,9.6815863812e-01,1.0762845010e+00,1.0762845010e+00,1.0999190144e+00,9.6815863812e-01,1.0280823437e+00,1.0280823437e+00,1.0999190144e+00,9.6815863812e-01,1.0249379507e+00,1.0249379507e+00,1.0999190144e+00,9.6815863812e-01
2451545.153386,9.9985102208e-01,9.9985102208e-01,1.1000660591e+00,9.6759529955e-01,9.8371065252e-01,9.8371065252e-01,1.1000660591e+00,9.6759529955e-01,9.5487282958e-01,9.5487282958e-01,1.1000660591e+00,9.6759529955e-01,1.1910730417e+00,1.1910730417e+00,1.1000660591e+00,9.6759529955e-01,1.0985764264e+00,1.0985764264e+00,1.1000660591e+00,9.6759529955e-01,1.0279162683e+00,1.0279162683e+00,1.1000660591e+00,9.6759529955e-01,1.0256503886e+00,1.0256503886e+00,1.1000660591e+00,9.6759529955e-01
2451545.154053,9.9985988816e-01,9.9985988816e-01,1.0998505542e+00,9.6659418878e-01,9.8452255640e-01,9.8452255640e-01,1.0998505542e+00,9.6659418878e-01,9.5493299011e-01,9.5493299011e-01,1.0998505542e+00,9.6659418878e-01,1.1973676567e+00,1.1973676567e+00,1.0998505542e+00,9.6659418878e-01,1.1190569206e+00,1.1190569206e+00,1.0998505542e+00,9.6659418878e-01,1.0273280646e+00,1.0273280646e+00,1.0998505542e+00,9.6659418878e-01,1.0262646373e+00,1.0262646373e+00,1.0998505542e+00,9.6659418878e-01
2451545.154720,9.9986967893e-01,9.9986967893e-01,1.0992734637e+00,9.6515530581e-01,9.8527094243e-01,9.8527094243e-01,1.0992734637e+00,9.6515530581e-01,9.5477676680e-01,9.5477676680e-01,1.0992734637e+00,9.6515530581e-01,1.2031918190e+00,1.2031918190e+00,1.0992734637e+00,9.6515530581e-01,1.1379071267e+00,1.1379071267e+00,1.0992734637e+00,9.6515530581e-01,1.0263229974e+00,1.0263229974e+00,1.0992734637e+00,9.6515530581e-01,1.0267793369e+00,1.0267793369e+00,1.0992734637e+00,9.6515530581e-01
2451545.155387,9.9988401152e-01,9.9988401152e-01,1.0983376804e+00,9.6328891092e-01,9.8596632008e-01,9.8596632008e-01,1.0983376804e+00,9.6328891092e-01,9.5443084373e-01,9.5443084373e-01,1.0983376804e+00,9.6328891092e-01,1.2086215407e+00,1.2086215407e+00,1.0983376804e+00,9.6328891092e-01,1.1552742235e+00,1.1552742235e+00,1.0983376804e+00,9.6328891092e-01,1.0249053739e+00,1.0249053739e+00,1.0983376804e+00,9.6328891092e-01,1.0271923115e+00,1.0271923115e+00,1.0983376804e+00,9.6328891092e-01
2451545.156054,9.9989809935e-01,9.9989809935e-01,1.0970436864e+00,9.6095689447e-01,9.8659486109e-01,9.8659486109e-01,1.0970436864e+00,9.6095689447e-01,9.5462879129e-01,9.5462879129e-01,1.0970436864e+00,9.6095689447e-01,1.2135725923e+00,1.2135725923e+00,1.0970436864e+00,9.6095689447e-01,1.1712895398e+00,1.1712895398e+00,1.0970436864e+00,9.6095689447e-01,1.0238285162e+00,1.0238285162e+00,1.0970436864e+00,9.6095689447e-01,1.0275011132e+00,1.0275011132e+00,1.0970436864e+00,9.6095689447e-01
2451545.156721,9.9991196960e-01,9.9991196960e-01,1.0953919638e+00,9.5814459892e-01,9.8715656545e-01,9.8715656545e-01,1.0953919638e+00,9.5814459892e-01,9.5571701770e-01,9.5571701770e-01,1.0953919638e+00,9.5814459892e-01,1.2180490825e+00,1.2180490825e+00,1.0953919638e+00,9.5814459892e-01,1.1860594971e+00,1.1860594971e+00,1.0953919638e+00,9.5814459892e-01,1.0234954082e+00,1.0234954082e+00,1.0953919638e+00,9.5814459892e-01,1.0277020246e+00,1.0277020246e+00,1.0953919638e+00,9.5814459892e-01
2451545.157387,9.9992556789e-01,9.9992556789e-01,1.0933854053e+00,9.5483932106e-01,9.8765060348e-01,9.8765060348e-01,1.0933854053e+00,9.5483932106e-01,9.5665193179e-01,9.5665193179e-01,1.0933854053e+00,9.5483932106e-01,1.2220489570e+00,1.2220489570e+00,1.0933854053e+00,9.5483932106e-01,1.1996588169e+00,1.1996588169e+00,1.0933854053e+00,9.5483932106e-01,1.0228894962e+00,1.0228894962e+00,1.0933854053e+00,9.5483932106e-01,1.0277907847e+00,1.0277907847e+00,1.0933854053e+00,9.5483932106e-01
2451545.158054,9.9993894860e-01,9.9993894860e-01,1.0910172612e+00,9.5100979143e-01,9.8894142648e-01,9.8894142648e-01,1.0910172612e+00,9.5100979143e-01,9.5767029436e-01,9.5767029436e-01,1.0910172612e+00,9.5100979143e-01,1.2255886507e+00,1.2255886507e+00,1.0910172612e+00,9.5100979143e-01,1.2183459942e+00,1.2183459942e+00,1.0910172612e+00,9.5100979143e-01,1.0222510392e+00,1.0222510392e+00,1.0910172612e+00,9.5100979143e-01,1.0277617722e+00,1.0277617722e+00,1.0910172612e+00,9.5100979143e-01
2451545.158721,9.9995208455e-01,9.9995208455e-01,1.0883675626e+00,9.4671464025e-01,9.9097335261e-01,9.9097335261e-01,1.0883675626e+00,9.4671464025e-01,9.5844461864e-01,9.5844461864e-01,1.0883675626e+00,9.4671464025e-01,1.2304595815e+00,1.2304595815e+00,1.0883675626e+00,9.4671464025e-01,1.2413738136e+00,1.2413738136e+00,1.0883675626e+00,9.4671464025e-01,1.0212608086e+00,1.0212608086e+00,1.0883675626e+00,9.4671464025e-01,1.0278926911e+00,1.0278926911e+00,1.0883675626e+00,9.4671464025e-01
2451545.159388,9.9996494853e-01,9.9996494853e-01,1.0866242383e+00,9.4314015203e-01,9.9295807824e-01,9.9295807824e-01,1.0866242383e+00,9.4314015203e-01,9.5897684529e-01,9.5897684529e-01,1.0866242383e+00,9.4314015203e-01,1.2363412665e+00,1.2363412665e+00,1.0866242383e+00,9.4314015203e-01,1.2630792882e+00,1.2630792882e+00,1.0866242383e+00,9.4314015203e-01,1.0199178473e+00,1.0199178473e+00,1.0866242383e+00,9.4314015203e-01,1.0282164523e+00,1.0282164523e+00,1.0866242383e+00,9.4314015203e-01
2451545.160055,9.9997759493e-01,9.9997759493e-01,1.0885657115e+00,9.4355349498e-01,9.9489541900e-01,9.9489541900e-01,1.0885657115e+00,9.4355349498e-01,9.5926988530e-01,9.5926988530e-01,1.0885657115e+00,9.4355349498e-01,1.2414381789e+00,1.2414381789e+00,1.0885657115e+00,9.4355349498e-01,1.2835371395e+00,1.2835371395e+00,1.0885657115e+00,9.4355349498e-01,1.0182202409e+00,1.0182202409e+00,1.0885657115e+00,9.4355349498e-01,1.0284697675e+00,1.0284697675e+00,1.0885657115e+00,9.4355349498e-01
2451545.160722,9.9998996937e-01,9.9998996937e-01,1.0898211364e+00,9.4372645409e-01,9.9678500613e-01,9.9678500613e-01,1.0898211364e+00,9.4372645409e-01,9.5932422385e-01,9.5932422385e-01,1.0898211364e+00,9.4372645409e-01,1.2457914064e+00,1.2457914064e+00,1.0898211364e+00,9.4372645409e-01,1.3028039748e+00,1.3028039748e+00,1.0898211364e+00,9.4372645409e-01,1.0161655962e+00,1.0161655962e+00,1.0898211364e+00,9.4372645409e-01,1.0286531808e+00,1.0286531808e+00,1.0898211364e+00,9.4372645409e-01
2451545.161389,1.0000020990e+00,1.0000020990e+00,1.0904165472e+00,9.4365951793e-01,9.9862647088e-01,9.9862647088e-01,1.0904165472e+00,9.4365951793e-01,9.5914131642e-01,9.5914131642e-01,1.0904165472e+00,9.4365951793e-01,1.2494379278e+00,1.2494379278e+00,1.0904165472e+00,9.4365951793e-01,1.3209364013e+00,1.3209364013e+00,1.0904165472e+00,9.4365951793e-01,1.0137496060e+00,1.0137496060e+00,1.0904165472e+00,9.4365951793e-01,1.0287672362e+00,1.0287672362e+00,1.0904165472e+00,9.4365951793e-01
2451545.162056,1.0000139568e+00,1.0000139568e+00,1.0903721927e+00,9.4335024360e-01,1.0004195367e+00,1.0004195367e+00,1.0903721927e+00,9.4335024360e-01,9.5872116302e-01,9.5872116302e-01,1.0903721927e+00,9.4335024360e-01,1.2524003413e+00,1.2524003413e+00,1.0903721927e+00,9.4335024360e-01,1.3379819690e+00,1.3379819690e+00,1.0903721927e+00,9.4335024360e-01,1.0109689199e+00,1.0109689199e+00,1.0903721927e+00,9.4335024360e-01,1.0288125682e+00,1.0288125682e+00,1.0903721927e+00,9.4335024360e-01
2451545.162723,1.0000255425e+00,1.0000255425e+00,1.0897063932e+00,9.4279716532e-01,1.0021639270e+00,1.0021639270e+00,1.0897063932e+00,9.4279716532e-01,9.5806376365e-01,9.5806376365e-01,1.0897063932e+00,9.4279716532e-01,1.2547053537e+00,1.2547053537e+00,1.0897063932e+00,9.4279716532e-01,1.3539859638e+00,1.3539859638e+00,1.0897063932e+00,9.4279716532e-01,1.0078177947e+00,1.0078177947e+00,1.0897063932e+00,9.4279716532e-01,1.0287894489e+00,1.0287894489e+00,1.0897063932e+00,9.4279716532e-01
2451545.163389,1.0000368835e+00,1.0000368835e+00,1.0884345765e+00,9.4199881735e-01,1.0038567839e+00,1.0038567839e+00,1.0884345765e+00,9.4199881735e-01,9.5717008864e-01,9.5717008864e-01,1.0884345765e+00,9.4199881735e-01,1.2563652913e+00,1.2563652913e+00,1.0884345765e+00,9.4199881735e-01,1.3689687643e+00,1.3689687643e+00,1.0884345765e+00,9.4199881735e-01,1.0042957519e+00,1.0042957519e+00,1.0884345765e+00,9.4199881735e-01,1.0286986942e+00,1.0286986942e+00,1.0884345765e+00,9.4199881735e-01
2451545.164056,1.0000479525e+00,1.0000479525e+00,1.0865634920e+00,9.4094933666e-01,1.0055029013e+00,1.0055029013e+00,1.0865634920e+00,9.4094933666e-01,9.5965316612e-01,9.5965316612e-01,1.0865634920e+00,9.4094933666e-01,1.2574006979e+00,1.2574006979e+00,1.0865634920e+00,9.4094933666e-01,1.3830073562e+00,1.3830073562e+00,1.0865634920e+00,9.4094933666e-01,1.0040698510e+00,1.0040698510e+00,1.0865634920e+00,9.4094933666e-01,1.0285403041e+00,1.0285403041e+00,1.0865634920e+00,9.4094933666e-01
2451545.164723,1.0000587495e+00,1.0000587495e+00,1.0841032642e+00,9.3964481457e-01,1.0070992369e+00,1.0070992369e+00,1.0841032642e+00,9.3964481457e-01,9.6199603074e-01,9.6199603074e-01,1.0841032642e+00,9.3964481457e-01,1.2578177367e+00,1.2578177367e+00,1.0841032642e+00,9.3964481457e-01,1.3961107968e+00,1.3961107968e+00,1.0841032642e+00,9.3964481457e-01,1.0038161912e+00,1.0038161912e+00,1.0841032642e+00,9.3964481457e-01,1.0283149134e+00,1.0283149134e+00,1.0841032642e+00,9.3964481457e-01
2451545.165390,1.0000692746e+00,1.0000692746e+00,1.0810591963e+00,9.3808085383e-01,1.0086455141e+00,1.0086455141e+00,1.0810591963e+00,9.3808085383e-01,9.6397599151e-01,9.6397599151e-01,1.0810591963e+00,9.3808085383e-01,1.2576205164e+00,1.2576205164e+00,1.0810591963e+00,9.3808085383e-01,1.4083107860e+00,1.4083107860e+00,1.0810591963e+00,9.3808085383e-01,1.0033107859e+00,1.0033107859e+00,1.0810591963e+00,9.3808085383e-01,1.0280227033e+00,1.0280227033e+00,1.0810591963e+00,9.3808085383e-01
2451545.166057,1.0000795277e+00,1.0000795277e+00,1.0782123130e+00,9.3702111285e-01,1.0101414565e+00,1.0101414565e+00,1.0782123130e+00,9.3702111285e-01,9.6559692973e-01,9.6559692973e-01,1.0782123130e+00,9.3702111285e-01,1.2568172545e+00,1.2568172545e+00,1.0782123130e+00,9.3702111285e-01,1.4196322312e+00,1.4196322312e+00,1.0782123130e+00,9.3702111285e-01,1.0025521995e+00,1.0025521995e+00,1.0782123130e+00,9.3702111285e-01,1.0276642177e+00,1.0276642177e+00,1.0782123130e+00,9.3702111285e-01
2451545.166724,1.0000895088e+00,1.0000895088e+00,1.0748457109e+00,9.3570828482e-01,1.0115866952e+00,1.0115866952e+00,1.0748457109e+00,9.3570828482e-01,9.6686127126e-01,9.6686127126e-01,1.0748457109e+00,9.3570828482e-01,1.2554038423e+00,1.2554038423e+00,1.0748457109e+00,9.3570828482e-01,1.4300955107e+00,1.4300955107e+00,1.0748457109e+00,9.3570828482e-01,1.0015389959e+00,1.0015389959e+00,1.0748457109e+00,9.3570828482e-01,1.0272397288e+00,1.0272397288e+00,1.0748457109e+00,9.3570828482e-01
2451545.167391,1.0000992180e+00,1.0000992180e+00,1.0709188923e+00,9.3409448840e-01,1.0129808614e+00,1.0129808614e+00,1.0709188923e+00,9.3409448840e-01,9.6777047157e-01,9.6777047157e-01,1.0709188923e+00,9.3409448840e-01,1.2533843884e+00,1.2533843884e+00,1.0709188923e+00,9.3409448840e-01,1.4397255319e+00,1.4397255319e+00,1.0709188923e+00,9.3409448840e-01,1.0002692610e+00,1.0002692610e+00,1.0709188923e+00,9.3409448840e-01,1.0267494178e+00,1.0267494178e+00,1.0709188923e+00,9.3409448840e-01
2451545.168058,1.0001086552e+00,1.0001086552e+00,1.0664284823e+00,9.3217190623e-01,1.0143235866e+00,1.0143235866e+00,1.0664284823e+00,9.3217190623e-01,9.6832647133e-01,9.6832647133e-01,1.0664284823e+00,9.3217190623e-01,1.2507506755e+00,1.2507506755e+00,1.0664284823e+00,9.3217190623e-01,1.4485404091e+00,1.4485404091e+00,1.0664284823e+00,9.3217190623e-01,9.9873964433e-01,9.9873964433e-01,1.0664284823e+00,9.3217190623e-01,1.0261936474e+00,1.0261936474e+00,1.0664284823e+00,9.3217190623e-01
2451545.168725,1.0001177933e+00,1.0001177933e+00,1.0613696600e+00,9.2992930085e-01,1.0156145939e+00,1.0156145939e+00,1.0613696600e+00,9.2992930085e-01,9.6852927055e-01,9.6852927055e-01,1.0613696600e+00,9.2992930085e-01,1.2474985947e+00,1.2474985947e+00,1.0613696600e+00,9.2992930085e-01,1.4565559922e+00,1.4565559922e+00,1.0613696600e+00,9.2992930085e-01,9.9694823158e-01,9.9694823158e-01,1.0613696600e+00,9.2992930085e-01,1.0255726895e+00,1.0255726895e+00,1.0613696600e+00,9.2992930085e-01
2451545.169392,1.0001266594e+00,1.0001266594e+00,1.0557356757e+00,9.2735543480e-01,1.0168535148e+00,1.0168535148e+00,1.0557356757e+00,9.2735543480e-01,9.6837983955e-01,9.6837983955e-01,1.0557356757e+00,9.2735543480e-01,1.2436178742e+00,1.2436178742e+00,1.0557356757e+00,9.2735543480e-01,1.4637858671e+00,1.4637858671e+00,1.0557356757e+00,9.2735543480e-01,9.9489119392e-01,9.9489119392e-01,1.0557356757e+00,9.2735543480e-01,1.0248867256e+00,1.0248867256e+00,1.0557356757e+00,9.2735543480e-01
2451545.170058,1.0001352263e+00,1.0001352263e+00,1.0495255651e+00,9.2444151356e-01,1.0180382289e+00,1.0180382289e+00,1.0495255651e+00,9.2444151356e-01,9.6821439808e-01,9.6821439808e-01,1.0495255651e+00,9.2444151356e-01,1.2391064596e+00,1.2391064596e+00,1.0495255651e+00,9.2444151356e-01,1.4702345622e+00,1.4702345622e+00,1.0495255651e+00,9.2444151356e-01,9.9289781052e-01,9.9289781052e-01,1.0495255651e+00,9.2444151356e-01,1.0241372061e+00,1.0241372061e+00,1.0495255651e+00,9.2444151356e-01
2451545.170725,1.0001434940e+00,1.0001434940e+00,1.0437802124e+00,9.2221894017e-01,1.0191719627e+00,1.0191719627e+00,1.0437802124e+00,9.2221894017e-01,9.6832210484e-01,9.6832210484e-01,1.0437802124e+00,9.2221894017e-01,1.2339355895e+00,1.2339355895e+00,1.0437802124e+00,9.2221894017e-01,1.4759337777e+00,1.4759337777e+00,1.0437802124e+00,9.2221894017e-01,9.9121025473e-01,9.9121025473e-01,1.0437802124e+00,9.2221894017e-01,1.0233220459e+00,1.0233220459e+00,1.0437802124e+00,9.2221894017e-01
2451545.171392,1.0001515170e+00,1.0001515170e+00,1.0382812199e+00,9.2037208868e-01,1.0202525038e+00,1.0202525038e+00,1.0382812199e+00,9.2037208868e-01,9.6809747317e-01,9.6809747317e-01,1.0382812199e+00,9.2037208868e-01,1.2280970465e+00,1.2280970465e+00,1.0382812199e+00,9.2037208868e-01,1.4808812492e+00,1.4808812492e+00,1.0382812199e+00,9.2037208868e-01,9.8922213597e-01,9.8922213597e-01,1.0382812199e+00,9.2037208868e-01,1.0224425143e+00,1.0224425143e+00,1.0382812199e+00,9.2037208868e-01
2451545.172059,1.0001592137e+00,1.0001592137e+00,1.0364188135e+00,9.2245688109e-01,1.0212794834e+00,1.0212794834e+00,1.0364188135e+00,9.2245688109e-01,9.6753856242e-01,9.6753856242e-01,1.0364188135e+00,9.2245688109e-01,1.2215702868e+00,1.2215702868e+00,1.0364188135e+00,9.2245688109e-01,1.4850860339e+00,1.4850860339e+00,1.0364188135e+00,9.2245688109e-01,9.8692866820e-01,9.8692866820e-01,1.0364188135e+00,9.2245688109e-01,1.0214987925e+00,1.0214987925e+00,1.0364188135e+00,9.2245688109e-01
2451545.172726,1.0001666383e+00,1.0001666383e+00,1.0338665019e+00,9.2423044482e-01,1.0222524405e+00,1.0222524405e+00,1.0338665019e+00,9.2423044482e-01,9.6664343191e-01,9.6664343191e-01,1.0338665019e+00,9.2423044482e-01,1.2143347666e+00,1.2143347666e+00,1.0338665019e+00,9.2423044482e-01,1.4885526604e+00,1.4885526604e+00,1.0338665019e+00,9.2423044482e-01,9.8432554400e-01,9.8432554400e-01,1.0338665019e+00,9.2423044482e-01,1.0204908807e+00,1.0204908807e+00,1.0338665019e+00,9.2423044482e-01
2451545.173393,1.0001737638e+00,1.0001737638e+00,1.0306493551e+00,9.2571867488e-01,1.0231710987e+00,1.0231710987e+00,1.0306493551e+00,9.2571867488e-01,9.6540917065e-01,9.6540917065e-01,1.0306493551e+00,9.2571867488e-01,1.2063637790e+00,1.2063637790e+00,1.0306493551e+00,9.2571867488e-01,1.4912856573e+00,1.4912856573e+00,1.0306493551e+00,9.2571867488e-01,9.8140654151e-01,9.8140654151e-01,1.0306493551e+00,9.2571867488e-01,1.0194188693e+00,1.0194188693e+00,1.0306493551e+00,9.2571867488e-01
2451545.174060,1.0001805902e+00,1.0001805902e+00,1.0268416186e+00,9.2699974489e-01,1.0240349969e+00,1.0240349969e+00,1.0268416186e+00,9.2699974489e-01,9.6554356152e-01,9.6554356152e-01,1.0268416186e+00,9.2699974489e-01,1.1976306171e+00,1.1976306171e+00,1.0268416186e+00,9.2699974489e-01,1.4932872888e+00,1.4932872888e+00,1.0268416186e+00,9.2699974489e-01,9.7985682352e-01,9.7985682352e-01,1.0268416186e+00,9.2699974489e-01,1.0182825772e+00,1.0182825772e+00,1.0268416186e+00,9.2699974489e-01
2451545.174727,1.0001871173e+00,1.0001871173e+00,1.0223362632e+00,9.2797251772e-01,1.0248436741e+00,1.0248436741e+00,1.0223362632e+00,9.2797251772e-01,9.6885772765e-01,9.6885772765e-01,1.0223362632e+00,9.2797251772e-01,1.1881024108e+00,1.1881024108e+00,1.0223362632e+00,9.2797251772e-01,1.4945484977e+00,1.4945484977e+00,1.0223362632e+00,9.2797251772e-01,9.8152858539e-01,9.8152858539e-01,1.0223362632e+00,9.2797251772e-01,1.0170815509e+00,1.0170815509e+00,1.0223362632e+00,9.2797251772e-01
2451545.175394,1.0001933454e+00,1.0001933454e+00,1.0171231644e+00,9.2863455046e-01,1.0255966696e+00,1.0255966696e+00,1.0171231644e+00,9.2863455046e-01,9.7177890965e-01,9.7177890965e-01,1.0171231644e+00,9.2863455046e-01,1.1777401269e+00,1.1777401269e+00,1.0171231644e+00,9.2863455046e-01,1.4950466413e+00,1.4950466413e+00,1.0171231644e+00,9.2863455046e-01,9.8291940704e-01,9.8291940704e-01,1.0171231644e+00,9.2863455046e-01,1.0158141586e+00,1.0158141586e+00,1.0171231644e+00,9.2863455046e-01
2451545.176061,1.0001992742e+00,1.0001992742e+00,1.0111873767e+00,9.2898340019e-01,1.0262935223e+00,1.0262935223e+00,1.0111873767e+00,9.2898340019e-01,9.7430856303e-01,9.7430856303e-01,1.0111873767e+00,9.2898340019e-01,1.1665047322e+00,1.1665047322e+00,1.0111873767e+00,9.2898340019e-01,1.4945801978e+00,1.4945801978e+00,1.0111873767e+00,9.2898340019e-01,9.8400440108e-01,9.8400440108e-01,1.0111873767e+00,9.2898340019e-01,1.0144711526e+00,1.0144711526e+00,1.0111873767e+00,9.2898340019e-01
2451545.176727,1.0002049039e+00,1.0002049039e+00,1.0078535583e+00,9.3232581052e-01,1.0270549069e+00,1.0270549069e+00,1.0078535583e+00,9.3232581052e-01,9.7667228977e-01,9.7667228977e-01,1.0078535583e+00,9.3232581052e-01,1.1549509089e+00,1.1549509089e+00,1.0078535583e+00,9.3232581052e-01,1.4932012458e+00,1.4932012458e+00,1.0078535583e+00,9.3232581052e-01,9.8465338737e-01,9.8465338737e-01,1.0078535583e+00,9.3232581052e-01,1.0129756496e+00,1.0129756496e+00,1.0078535583e+00,9.3232581052e-01
2451545.177394,1.0002102344e+00,1.0002102344e+00,1.0076828899e+00,9.3882496886e-01,1.0276227878e+00,1.0276227878e+00,1.0076828899e+00,9.3882496886e-01,9.7907385943e-01,9.7907385943e-01,1.0076828899e+00,9.3882496886e-01,1.1419199877e+00,1.1419199877e+00,1.0076828899e+00,9.3882496886e-01,1.4919626797e+00,1.4919626797e+00,1.0076828899e+00,9.3882496886e-01,9.8599156263e-01,9.8599156263e-01,1.0076828899e+00,9.3882496886e-01,1.0115730772e+00,1.0115730772e+00,1.0076828899e+00,9.3882496886e-01
2451545.178061,1.0002152658e+00,1.0002152658e+00,1.0070378213e+00,9.4471828174e-01,1.0281045648e+00,1.0281045648e+00,1.0070378213e+00,9.4471828174e-01,9.8277033604e-01,9.8277033604e-01,1.0070378213e+00,9.4471828174e-01,1.1274797629e+00,1.1274797629e+00,1.0070378213e+00,9.4471828174e-01,1.4899950125e+00,1.4899950125e+00,1.0070378213e+00,9.4471828174e-01,9.8865020484e-01,9.8865020484e-01,1.0070378213e+00,9.4471828174e-01,1.0101074027e+00,1.0101074027e+00,1.0070378213e+00,9.4471828174e-01
2451545.178728,1.0002199708e+00,1.0002199708e+00,1.0059034071e+00,9.5000868066e-01,1.0285209801e+00,1.0285209801e+00,1.0059034071e+00,9.5000868066e-01,9.8615436602e-01,9.8615436602e-01,1.0059034071e+00,9.5000868066e-01,1.1139496278e+00,1.1139496278e+00,1.0059034071e+00,9.5000868066e-01,1.4872959800e+00,1.4872959800e+00,1.0059034071e+00,9.5000868066e-01,9.9095276607e-01,9.9095276607e-01,1.0059034071e+00,9.5000868066e-01,1.0088868837e+00,1.0088868837e+00,1.0059034071e+00,9.5000868066e-01
2451545.179395,1.0002387636e+00,1.0002387636e+00,1.0043408756e+00,9.5469567705e-01,1.0289154546e+00,1.0289154546e+00,1.0043408756e+00,9.5469567705e-01,9.8930697201e-01,9.8930697201e-01,1.0043408756e+00,9.5469567705e-01,1.1088260084e+00,1.1088260084e+00,1.0043408756e+00,9.5469567705e-01,1.4838587893e+00,1.4838587893e+00,1.0043408756e+00,9.5469567705e-01,9.9290307516e-01,9.9290307516e-01,1.0043408756e+00,9.5469567705e-01,1.0088716522e+00,1.0088716522e+00,1.0043408756e+00,9.5469567705e-01
2451545.180062,1.0002620167e+00,1.0002620167e+00,1.0022721243e+00,9.5877047637e-01,1.0292630973e+00,1.0292630973e+00,1.0022721243e+00,9.5877047637e-01,9.9218303361e-01,9.9218303361e-01,1.0022721243e+00,9.5877047637e-01,1.1037660748e+00,1.1037660748e+00,1.0022721243e+00,9.5877047637e-01,1.4796743832e+00,1.4796743832e+00,1.0022721243e+00,9.5877047637e-01,9.9450496093e-01,9.9450496093e-01,1.0022721243e+00,9.5877047637e-01,1.0087725564e+00,1.0087725564e+00,1.0022721243e+00,9.5877047637e-01
2451545.180729,1.0002849978e+00,1.0002849978e+00,9.9983600222e-01,9.6242313821e-01,1.0295499879e+00,1.0295499879e+00,9.9983600222e-01,9.6242313821e-01,9.9475635189e-01,9.9475635189e-01,9.9983600222e-01,9.6242313821e-01,1.0984185282e+00,1.0984185282e+00,9.9983600222e-01,9.6242313821e-01,1.4747337045e+00,1.4747337045e+00,9.9983600222e-01,9.6242313821e-01,9.9576129501e-01,9.9576129501e-01,9.9983600222e-01,9.6242313821e-01,1.0085590426e+00,1.0085590426e+00,9.9983600222e-01,9.6242313821e-01
2451545.181396,1.0003132278e+00,1.0003132278e+00,9.9743700290e-01,9.6624240755e-01,1.0297910607e+00,1.0297910607e+00,9.9743700290e-01,9.6624240755e-01,9.9705506645e-01,9.9705506645e-01,9.9743700290e-01,9.6624240755e-01,1.0927094110e+00,1.0927094110e+00,9.9743700290e-01,9.6624240755e-01,1.4690299605e+00,1.4690299605e+00,9.9743700290e-01,9.6624240755e-01,9.9667447041e-01,9.9667447041e-01,9.9743700290e-01,9.6624240755e-01,1.0082142474e+00,1.0082142474e+00,9.9743700290e-01,9.6624240755e-01
2451545.182063,1.0003448303e+00,1.0003448303e+00,9.9490735067e-01,9.7024440770e-01,1.0299799549e+00,1.0299799549e+00,9.9490735067e-01,9.7024440770e-01,9.9906559264e-01,9.9906559264e-01,9.9490735067e-01,9.7024440770e-01,1.0865750376e+00,1.0865750376e+00,9.9490735067e-01,9.7024440770e-01,1.4625473010e+00,1.4625473010e+00,9.9490735067e-01,9.7024440770e-01,9.9724640154e-01,9.9724640154e-01,9.9490735067e-01,9.7024440770e-01,1.0077437918e+00,1.0077437918e+00,9.9490735067e-01,9.7024440770e-01
2451545.182729,1.0003762967e+00,1.0003762967e+00,9.9152628510e-01,9.7384088225e-01,1.0301049625e+00,1.0301049625e+00,9.9152628510e-01,9.7384088225e-01,1.0007617315e+00,1.0007617315e+00,9.9152628510e-01,9.7384088225e-01,1.0799229608e+00,1.0799229608e+00,9.9152628510e-01,9.7384088225e-01,1.4552879904e+00,1.4552879904e+00,9.9152628510e-01,9.7384088225e-01,9.9747756701e-01,9.9747756701e-01,9.9152628510e-01,9.7384088225e-01,1.0071539317e+00,1.0071539317e+00,9.9152628510e-01,9.7384088225e-01
2451545.183396,1.0004076544e+00,1.0004076544e+00,9.8720413297e-01,9.7701961659e-01,1.0301650694e+00,1.0301650694e+00,9.8720413297e-01,9.7701961659e-01,1.0021803557e+00,1.0021803557e+00,9.8720413297e-01,9.7701961659e-01,1.0726833319e+00,1.0726833319e+00,9.8720413297e-01,9.7701961659e-01,1.4472135357e+00,1.4472135357e+00,9.8720413297e-01,9.7701961659e-01,9.9740912671e-01,9.9740912671e-01,9.8720413297e-01,9.7701961659e-01,1.0064473870e+00,1.0064473870e+00,9.8720413297e-01,9.7701961659e-01
2451545.184063,1.0004389032e+00,1.0004389032e+00,9.8702816136e-01,9.8452574872e-01,1.0301583396e+00,1.0301583396e+00,9.8702816136e-01,9.8452574872e-01,1.0032739189e+00,1.0032739189e+00,9.8702816136e-01,9.8452574872e-01,1.0648068456e+00,1.0648068456e+00,9.8702816136e-01,9.8452574872e-01,1.4383171442e+00,1.4383171442e+00,9.8702816136e-01,9.8452574872e-01,9.9700422819e-01,9.9700422819e-01,9.8702816136e-01,9.8452574872e-01,1.0056290536e+00,1.0056290536e+00,9.8702816136e-01,9.8452574872e-01
2451545.184730,1.0004700161e+00,1.0004700161e+00,9.8747749162e-01,9.9199865706e-01,1.0300826529e+00,1.0300826529e+00,9.8747749162e-01,9.9199865706e-01,1.0040293218e+00,1.0040293218e+00,9.8747749162e-01,9.9199865706e-01,1.0562051639e+00,1.0562051639e+00,9.8747749162e-01,9.9199865706e-01,1.4285829657e+00,1.4285829657e+00,9.8747749162e-01,9.9199865706e-01,9.9626191423e-01,9.9626191423e-01,9.8747749162e-01,9.9199865706e-01,1.0047027393e+00,1.0047027393e+00,9.8747749162e-01,9.9199865706e-01
2451545.185397,1.0005009930e+00,1.0005009930e+00,9.8761971525e-01,9.9855400269e-01,1.0299357044e+00,1.0299357044e+00,9.8761971525e-01,9.9855400269e-01,1.0044310389e+00,1.0044310389e+00,9.8761971525e-01,9.9855400269e-01,1.0467591327e+00,1.0467591327e+00,9.8761971525e-01,9.9855400269e-01,1.4179906216e+00,1.4179906216e+00,9.8761971525e-01,9.9855400269e-01,9.9518027041e-01,9.9518027041e-01,9.8761971525e-01,9.9855400269e-01,1.0036716174e+00,1.0036716174e+00,9.8761971525e-01,9.9855400269e-01
2451545.186064,1.0005318339e+00,1.0005318339e+00,9.8746881357e-01,1.0042694706e+00,1.0297145443e+00,1.0297145443e+00,9.8746881357e-01,1.0042694706e+00,1.0044577230e+00,1.0044577230e+00,9.8746881357e-01,1.0042694706e+00,1.0362982387e+00,1.0362982387e+00,9.8746881357e-01,1.0042694706e+00,1.4065174691e+00,1.4065174691e+00,9.8746881357e-01,1.0042694706e+00,9.9375881814e-01,9.9375881814e-01,9.8746881357e-01,1.0042694706e+00,1.0025388612e+00,1.0025388612e+00,9.8746881357e-01,1.0042694706e+00
2451545.186731,1.0005624844e+00,1.0005624844e+00,9.8703683941e-01,1.0092085769e+00,1.0294155771e+00,1.0294155771e+00,9.8703683941e-01,1.0092085769e+00,1.0040826900e+00,1.0040826900e+00,9.8703683941e-01,1.0092085769e+00,1.0245533582e+00,1.0245533582e+00,9.8703683941e-01,1.0092085769e+00,1.3941386011e+00,1.3941386011e+00,9.8703683941e-01,1.0092085769e+00,9.9199564301e-01,9.9199564301e-01,9.8703683941e-01,1.0092085769e+00,1.0013070092e+00,1.0013070092e+00,9.8703683941e-01,1.0092085769e+00
2451545.187398,1.0005930262e+00,1.0005930262e+00,9.8633247084e-01,1.0134236001e+00,1.0290342856e+00,1.0290342856e+00,9.8633247084e-01,1.0134236001e+00,1.0032666415e+00,1.0032666415e+00,9.8633247084e-01,1.0134236001e+00,1.0110971807e+00,1.0110971807e+00,9.8633247084e-01,1.0134236001e+00,1.3808313745e+00,1.3808313745e+00,9.8633247084e-01,1.0134236001e+00,9.8988787338e-01,9.8988787338e-01,9.8633247084e-01,1.0134236001e+00,9.9997860002e-01,9.9997860002e-01,9.8633247084e-01,1.0134236001e+00
2451545.188065,1.0006233776e+00,1.0006233776e+00,9.8536438590e-01,1.0169580244e+00,1.0285650462e+00,1.0285650462e+00,9.8536438590e-01,1.0169580244e+00,1.0019532982e+00,1.0019532982e+00,9.8536438590e-01,1.0169580244e+00,9.9847508068e-01,9.9847508068e-01,9.8536438590e-01,1.0169580244e+00,1.3665640893e+00,1.3665640893e+00,9.8536438590e-01,1.0169580244e+00,9.8743263764e-01,9.8743263764e-01,9.8536438590e-01,1.0169580244e+00,9.9896941884e-01,9.9896941884e-01,9.8536438590e-01,1.0169580244e+00
2451545.188732,1.0006535658e+00,1.0006535658e+00,9.8413836997e-01,1.0198460506e+00,1.0280004840e+00,1.0280004840e+00,9.8413836997e-01,1.0198460506e+00,1.0000592118e+00,1.0000592118e+00,9.8413836997e-01,1.0198460506e+00,9.8794639214e-01,9.8794639214e-01,9.8413836997e-01,1.0198460506e+00,1.3513050456e+00,1.3513050456e+00,9.8413836997e-01,1.0198460506e+00,9.8462706418e-01,9.8462706418e-01,9.8413836997e-01,1.0198460506e+00,9.9812161961e-01,9.9812161961e-01,9.8413836997e-01,1.0198460506e+00
2451545.189398,1.0006835092e+00,1.0006835092e+00,9.8266310109e-01,1.0221150396e+00,1.0285058612e+00,1.0285058612e+00,9.8266310109e-01,1.0221150396e+00,9.9744950607e-01,9.9744950607e-01,9.8266310109e-01,1.0221150396e+00,9.7637818821e-01,9.7637818821e-01,9.8266310109e-01,1.0221150396e+00,1.3436517487e+00,1.3436517487e+00,9.8266310109e-01,1.0221150396e+00,9.8147211018e-01,9.8147211018e-01,9.8266310109e-01,1.0221150396e+00,9.9702331570e-01,9.9702331570e-01,9.8266310109e-01,1.0221150396e+00
2451545.190065,1.0007133438e+00,1.0007133438e+00,9.8093713292e-01,1.0237952836e+00,1.0297030207e+00,1.0297030207e+00,9.8093713292e-01,1.0237952836e+00,9.9387092469e-01,9.9387092469e-01,9.8093713292e-01,1.0237952836e+00,9.6499693270e-01,9.6499693270e-01,9.8093713292e-01,1.0237952836e+00,1.3415753957e+00,1.3415753957e+00,9.8093713292e-01,1.0237952836e+00,9.7795389617e-01,9.7795389617e-01,9.8093713292e-01,1.0237952836e+00,9.9592609976e-01,9.9592609976e-01,9.8093713292e-01,1.0237952836e+00
2451545.190732,1.0007430153e+00,1.0007430153e+00,9.7896625084e-01,1.0249019287e+00,1.0307193065e+00,1.0307193065e+00,9.7896625084e-01,1.0249019287e+00,9.9032581974e-01,9.9032581974e-01,9.7896625084e-01,1.0249019287e+00,9.5398135652e-01,9.5398135652e-01,9.7896625084e-01,1.0249019287e+00,1.3390099562e+00,1.3390099562e+00,9.7896625084e-01,1.0249019287e+00,9.7520527651e-01,9.7520527651e-01,9.7896625084e-01,1.0249019287e+00,9.9468527202e-01,9.9468527202e-01,9.7896625084e-01,1.0249019287e+00
2451545.191399,1.0007724692e+00,1.0007724692e+00,9.7675190118e-01,1.0254506097e+00,1.0315271541e+00,1.0315271541e+00,9.7675190118e-01,1.0254506097e+00,9.8772824319e-01,9.8772824319e-01,9.7675190118e-01,1.0254506097e+00,9.4246451204e-01,9.4246451204e-01,9.7675190118e-01,1.0254506097e+00,1.3359486375e+00,1.3359486375e+00,9.7675190118e-01,1.0254506097e+00,9.7320423546e-01,9.7320423546e-01,9.7675190118e-01,1.0254506097e+00,9.9323981559e-01,9.9323981559e-01,9.7675190118e-01,1.0254506097e+00
2451545.192066,1.0008017327e+00,1.0008017327e+00,9.7429504817e-01,1.0254530526e+00,1.0320836037e+00,1.0320836037e+00,9.7429504817e-01,1.0254530526e+00,9.8538877472e-01,9.8538877472e-01,9.7429504817e-01,1.0254530526e+00,9.3042996425e-01,9.3042996425e-01,9.7429504817e-01,1.0254530526e+00,1.3323823823e+00,1.3323823823e+00,9.7429504817e-01,1.0254530526e+00,9.7083179812e-01,9.7083179812e-01,9.7429504817e-01,1.0254530526e+00,9.9163569712e-01,9.9163569712e-01,9.7429504817e-01,1.0254530526e+00
2451545.192733,1.0008307786e+00,1.0008307786e+00,9.7159520970e-01,1.0249175634e+00,1.0323222796e+00,1.0323222796e+00,9.7159520970e-01,1.0249175634e+00,9.8259276544e-01,9.8259276544e-01,9.7159520970e-01,1.0249175634e+00,9.1785922373e-01,9.1785922373e-01,9.7159520970e-01,1.0249175634e+00,1.3283519478e+00,1.3283519478e+00,9.7159520970e-01,1.0249175634e+00,9.6759691735e-01,9.6759691735e-01,9.7159520970e-01,1.0249175634e+00,9.8989757724e-01,9.8989757724e-01,9.7159520970e-01,1.0249175634e+00
2451545.193400,1.0008596342e+00,1.0008596342e+00,9.6865142154e-01,1.0238509823e+00,1.0330027228e+00,1.0330027228e+00,9.6865142154e-01,1.0238509823e+00,9.7930528342e-01,9.7930528342e-01,9.6865142154e-01,1.0238509823e+00,9.0473380108e-01,9.0473380108e-01,9.6865142154e-01,1.0238509823e+00,1.3294138994e+00,1.3294138994e+00,9.6865142154e-01,1.0238509823e+00,9.6369582057e-01,9.6369582057e-01,9.6865142154e-01,1.0238509823e+00,9.8804059684e-01,9.8804059684e-01,9.6865142154e-01,1.0238509823e+00
2451545.194067,1.0008882722e+00,1.0008882722e+00,9.6555335689e-01,1.0223544462e+00,1.0342338998e+00,1.0342338998e+00,9.6555335689e-01,1.0223544462e+00,9.7952215243e-01,9.7952215243e-01,9.6555335689e-01,1.0223544462e+00,8.9102904377e-01,8.9102904377e-01,9.6555335689e-01,1.0223544462e+00,1.3336300055e+00,1.3336300055e+00,9.6555335689e-01,1.0223544462e+00,9.6291234671e-01,9.6291234671e-01,9.6555335689e-01,1.0223544462e+00,9.8607481961e-01,9.8607481961e-01,9.6555335689e-01,1.0223544462e+00
2451545.194734,1.0009166926e+00,1.0009166926e+00,9.6228751657e-01,1.0204460330e+00,1.0353525147e+00,1.0353525147e+00,9.6228751657e-01,1.0204460330e+00,9.8107371198e-01,9.8107371198e-01,9.6228751657e-01,1.0204460330e+00,8.7672851677e-01,8.7672851677e-01,9.6228751657e-01,1.0204460330e+00,1.3359282589e+00,1.3359282589e+00,9.6228751657e-01,1.0204460330e+00,9.6277546612e-01,9.6277546612e-01,9.6228751657e-01,1.0204460330e+00,9.8400704536e-01,9.8400704536e-01,9.6228751657e-01,1.0204460330e+00
2451545.195400,1.0009448683e+00,1.0009448683e+00,9.5875217451e-01,1.0180324229e+00,1.0363575535e+00,1.0363575535e+00,9.5875217451e-01,1.0180324229e+00,9.8327830441e-01,9.8327830441e-01,9.5875217451e-01,1.0180324229e+00,8.6182605693e-01,8.6182605693e-01,9.5875217451e-01,1.0180324229e+00,1.3368203887e+00,1.3368203887e+00,9.5875217451e-01,1.0180324229e+00,9.6274914293e-01,9.6274914293e-01,9.5875217451e-01,1.0180324229e+00,9.8184588718e-01,9.8184588718e-01,9.5875217451e-01,1.0180324229e+00
2451545.196067,1.0009728263e+00,1.0009728263e+00,9.5492611771e-01,1.0151048213e+00,1.0372523348e+00,1.0372523348e+00,9.5492611771e-01,1.0151048213e+00,9.9001482860e-01,9.9001482860e-01,9.5492611771e-01,1.0151048213e+00,8.4625386979e-01,8.4625386979e-01,9.5492611771e-01,1.0151048213e+00,1.3366075456e+00,1.3366075456e+00,9.5492611771e-01,1.0151048213e+00,9.6681057187e-01,9.6681057187e-01,9.5492611771e-01,1.0151048213e+00,9.7958862513e-01,9.7958862513e-01,9.5492611771e-01,1.0151048213e+00
2451545.196734,1.0010005669e+00,1.0010005669e+00,9.5110873896e-01,1.0119739683e+00,1.0380355681e+00,1.0380355681e+00,9.5110873896e-01,1.0119739683e+00,9.9735053229e-01,9.9735053229e-01,9.5110873896e-01,1.0119739683e+00,8.3000579221e-01,8.3000579221e-01,9.5110873896e-01,1.0119739683e+00,1.3354686082e+00,1.3354686082e+00,9.5110873896e-01,1.0119739683e+00,9.7130896577e-01,9.7130896577e-01,9.5110873896e-01,1.0119739683e+00,9.7724160571e-01,9.7724160571e-01,9.5110873896e-01,1.0119739683e+00
2451545.197401,1.0010280898e+00,1.0010280898e+00,9.4749915134e-01,1.0088426267e+00,1.0387075298e+00,1.0387075298e+00,9.4749915134e-01,1.0088426267e+00,1.0043340058e+00,1.0043340058e+00,9.4749915134e-01,1.0088426267e+00,8.1305100850e-01,8.1305100850e-01,9.4749915134e-01,1.0088426267e+00,1.3335190554e+00,1.3335190554e+00,9.4749915134e-01,1.0088426267e+00,9.7533545665e-01,9.7533545665e-01,9.4749915134e-01,1.0088426267e+00,9.7480718617e-01,9.7480718617e-01,9.4749915134e-01,1.0088426267e+00
2451545.198068,1.0010553408e+00,1.0010553408e+00,9.4521296669e-01,1.0068462682e+00,1.0392683123e+00,1.0392683123e+00,9.4521296669e-01,1.0068462682e+00,1.0109701007e+00,1.0109701007e+00,9.4521296669e-01,1.0068462682e+00,7.9535664862e-01,7.9535664862e-01,9.4521296669e-01,1.0068462682e+00,1.3308336086e+00,1.3308336086e+00,9.4521296669e-01,1.0068462682e+00,9.7891493191e-01,9.7891493191e-01,9.4521296669e-01,1.0068462682e+00,9.7228736114e-01,9.7228736114e-01,9.4521296669e-01,1.0068462682e+00
2451545.198735,1.0010823741e+00,1.0010823741e+00,9.4354774489e-01,1.0052500608e+00,1.0397180077e+00,1.0397180077e+00,9.4354774489e-01,1.0052500608e+00,1.0172651242e+00,1.0172651242e+00,9.4354774489e-01,1.0052500608e+00,7.7688984253e-01,7.7688984253e-01,9.4354774489e-01,1.0052500608e+00,1.3274643465e+00,1.3274643465e+00,9.4354774489e-01,1.0052500608e+00,9.8206845009e-01,9.8206845009e-01,9.4354774489e-01,1.0052500608e+00,9.6968376254e-01,9.6968376254e-01,9.4354774489e-01,1.0052500608e+00
2451545.199402,1.0011091356e+00,1.0011091356e+00,9.4260906891e-01,1.0039748538e+00,1.0400564316e+00,1.0400564316e+00,9.4260906891e-01,1.0039748538e+00,1.0232234428e+00,1.0232234428e+00,9.4260906891e-01,1.0039748538e+00,7.6061094927e-01,7.6061094927e-01,9.4260906891e-01,1.0039748538e+00,1.3234452335e+00,1.3234452335e+00,9.4260906891e-01,1.0039748538e+00,9.8481180511e-01,9.8481180511e-01,9.4260906891e-01,1.0039748538e+00,9.6743438827e-01,9.6743438827e-01,9.4260906891e-01,1.0039748538e+00
2451545.200069,1.0011356250e+00,1.0011356250e+00,9.4161350347e-01,1.0019526003e+00,1.0402836762e+00,1.0402836762e+00,9.4161350347e-01,1.0019526003e+00,1.0288503932e+00,1.0288503932e+00,9.4161350347e-01,1.0019526003e+00,7.4445737308e-01,7.4445737308e-01,9.4161350347e-01,1.0019526003e+00,1.3187943838e+00,1.3187943838e+00,9.4161350347e-01,1.0019526003e+00,9.8715839786e-01,9.8715839786e-01,9.4161350347e-01,1.0019526003e+00,9.6520405344e-01,9.6520405344e-01,9.4161350347e-01,1.0019526003e+00
2451545.200736,1.0011618969e+00,1.0011618969e+00,9.4047089326e-01,9.9913737324e-01,1.0404552389e+00,1.0404552389e+00,9.4047089326e-01,9.9913737324e-01,1.0341493718e+00,1.0341493718e+00,9.4047089326e-01,9.9913737324e-01,7.2761147142e-01,7.2761147142e-01,9.4047089326e-01,9.9913737324e-01,1.3139352196e+00,1.3139352196e+00,9.4047089326e-01,9.9913737324e-01,9.8911827902e-01,9.8911827902e-01,9.4047089326e-01,9.9913737324e-01,9.6287516682e-01,9.6287516682e-01,9.4047089326e-01,9.9913737324e-01
2451545.201403,1.0011878697e+00,1.0011878697e+00,9.3918268462e-01,9.9555457906e-01,1.0406297517e+00,1.0406297517e+00,9.3918268462e-01,9.9555457906e-01,1.0391237746e+00,1.0391237746e+00,9.3918268462e-01,9.9555457906e-01,7.1004037424e-01,7.1004037424e-01,9.3918268462e-01,9.9555457906e-01,1.3093907915e+00,1.3093907915e+00,9.3918268462e-01,9.9555457906e-01,9.9069958484e-01,9.9069958484e-01,9.3918268462e-01,9.9555457906e-01,9.6044963236e-01,9.6044963236e-01,9.3918268462e-01,9.9555457906e-01
2451545.202069,1.0012135432e+00,1.0012135432e+00,9.4124275780e-01,9.9484906225e-01,1.0406842351e+00,1.0406842351e+00,9.4124275780e-01,9.9484906225e-01,1.0437711757e+00,1.0437711757e+00,9.4124275780e-01,9.9484906225e-01,6.9792159694e-01,6.9792159694e-01,9.4124275780e-01,9.9484906225e-01,1.3043210484e+00,1.3043210484e+00,9.4124275780e-01,9.9484906225e-01,9.9190614416e-01,9.9190614416e-01,9.4124275780e-01,9.9484906225e-01,9.5887960357e-01,9.5887960357e-01,9.4124275780e-01,9.9484906225e-01
2451545.202736,1.0012389720e+00,1.0012389720e+00,9.4545788061e-01,9.9616970764e-01,1.0406187813e+00,1.0406187813e+00,9.4545788061e-01,9.9616970764e-01,1.0481915194e+00,1.0481915194e+00,9.4545788061e-01,9.9616970764e-01,6.8945755854e-01,6.8945755854e-01,9.4545788061e-01,9.9616970764e-01,1.2987124045e+00,1.2987124045e+00,9.4545788061e-01,9.9616970764e-01,9.9282889163e-01,9.9282889163e-01,9.4545788061e-01,9.9616970764e-01,9.5792155689e-01,9.5792155689e-01,9.4545788061e-01,9.9616970764e-01
2451545.203403,1.0012641288e+00,1.0012641288e+00,9.4946617651e-01,9.9715078642e-01,1.0404330215e+00,1.0404330215e+00,9.4946617651e-01,9.9715078642e-01,1.0523076642e+00,1.0523076642e+00,9.4946617651e-01,9.9715078642e-01,6.8661635342e-01,6.8661635342e-01,9.4946617651e-01,9.9715078642e-01,1.2925716527e+00,1.2925716527e+00,9.4946617651e-01,9.9715078642e-01,9.9339699393e-01,9.9339699393e-01,9.4946617651e-01,9.9715078642e-01,9.5778383825e-01,9.5778383825e-01,9.4946617651e-01,9.9715078642e-01
2451545.204070,1.0012890137e+00,1.0012890137e+00,9.5312349341e-01,9.9763204270e-01,1.0401264026e+00,1.0401264026e+00,9.5312349341e-01,9.9763204270e-01,1.0561099070e+00,1.0561099070e+00,9.5312349341e-01,9.9763204270e-01,6.8320403115e-01,6.8320403115e-01,9.5312349341e-01,9.9763204270e-01,1.2858942643e+00,1.2858942643e+00,9.5312349341e-01,9.9763204270e-01,9.9359896459e-01,9.9359896459e-01,9.5312349341e-01,9.9763204270e-01,9.5751112089e-01,9.5751112089e-01,9.5312349341e-01,9.9763204270e-01
2451545.204737,1.0013135994e+00,1.0013135994e+00,9.5644284839e-01,9.9760907920e-01,1.0396984637e+00,1.0396984637e+00,9.5644284839e-01,9.9760907920e-01,1.0595992179e+00,1.0595992179e+00,9.5644284839e-01,9.9760907920e-01,6.7921237420e-01,6.7921237420e-01,9.5644284839e-01,9.9760907920e-01,1.2786779752e+00,1.2786779752e+00,9.5644284839e-01,9.9760907920e-01,9.9343336779e-01,9.9343336779e-01,9.5644284839e-01,9.9760907920e-01,9.5710694070e-01,9.5710694070e-01,9.5644284839e-01,9.9760907920e-01
2451545.205404,1.0013378860e+00,1.0013378860e+00,9.5943484796e-01,9.9707358998e-01,1.0391483751e+00,1.0391483751e+00,9.5943484796e-01,9.9707358998e-01,1.0627765673e+00,1.0627765673e+00,9.5943484796e-01,9.9707358998e-01,6.7464138260e-01,6.7464138260e-01,9.5943484796e-01,9.9707358998e-01,1.2709091996e+00,1.2709091996e+00,9.5943484796e-01,9.9707358998e-01,9.9289733192e-01,9.9289733192e-01,9.5943484796e-01,9.9707358998e-01,9.5657483358e-01,9.5657483358e-01,9.5943484796e-01,9.9707358998e-01
2451545.206071,1.0013619005e+00,1.0013619005e+00,9.6226823201e-01,9.9617361632e-01,1.0384750305e+00,1.0384750305e+00,9.6226823201e-01,9.9617361632e-01,1.0656429256e+00,1.0656429256e+00,9.6226823201e-01,9.9617361632e-01,6.6948694756e-01,6.6948694756e-01,9.6226823201e-01,9.9617361632e-01,1.2625834089e+00,1.2625834089e+00,9.6226823201e-01,9.9617361632e-01,9.9198702814e-01,9.9198702814e-01,9.6226823201e-01,9.9617361632e-01,9.5591779144e-01,9.5591779144e-01,9.6226823201e-01,9.9617361632e-01
2451545.206738,1.0013855887e+00,1.0013855887e+00,9.6483500701e-01,9.9477577449e-01,1.0376774158e+00,1.0376774158e+00,9.6483500701e-01,9.9477577449e-01,1.0681973224e+00,1.0681973224e+00,9.6483500701e-01,9.9477577449e-01,6.6373879722e-01,6.6373879722e-01,9.6483500701e-01,9.9477577449e-01,1.2536847530e+00,1.2536847530e+00,9.6483500701e-01,9.9477577449e-01,9.9069623462e-01,9.9069623462e-01,9.6483500701e-01,9.9477577449e-01,9.5513853421e-01,9.5513853421e-01,9.6483500701e-01,9.9477577449e-01
2451545.207405,1.0014089778e+00,1.0014089778e+00,9.6710046076e-01,9.9281801419e-01,1.0367540561e+00,1.0367540561e+00,9.6710046076e-01,9.9281801419e-01,1.0704397578e+00,1.0704397578e+00,9.6710046076e-01,9.9281801419e-01,6.5739487718e-01,6.5739487718e-01,9.6710046076e-01,9.9281801419e-01,1.2442019106e+00,1.2442019106e+00,9.6710046076e-01,9.9281801419e-01,9.8901729369e-01,9.8901729369e-01,9.6710046076e-01,9.9281801419e-01,9.5423969114e-01,9.5423969114e-01,9.6710046076e-01,9.9281801419e-01
2451545.208072,1.0014320677e+00,1.0014320677e+00,9.6907182496e-01,9.9027541759e-01,1.0357033841e+00,1.0357033841e+00,9.6907182496e-01,9.9027541759e-01,1.0723687761e+00,1.0723687761e+00,9.6907182496e-01,9.9027541759e-01,6.5044286118e-01,6.5044286118e-01,9.6907182496e-01,9.9027541759e-01,1.2341167673e+00,1.2341167673e+00,9.6907182496e-01,9.9027541759e-01,9.8694111189e-01,9.8694111189e-01,9.6907182496e-01,9.9027541759e-01,9.5322361950e-01,9.5322361950e-01,9.6907182496e-01,9.9027541759e-01
2451545.208738,1.0014548040e+00,1.0014548040e+00,9.7217712131e-01,9.8860592247e-01,1.0345253076e+00,1.0345253076e+00,9.7217712131e-01,9.8860592247e-01,1.0739809814e+00,1.0739809814e+00,9.7217712131e-01,9.8860592247e-01,6.4289096673e-01,6.4289096673e-01,9.7217712131e-01,9.8860592247e-01,1.2234315874e+00,1.2234315874e+00,9.7217712131e-01,9.8860592247e-01,9.8446146738e-01,9.8446146738e-01,9.7217712131e-01,9.8860592247e-01,9.5209421783e-01,9.5209421783e-01,9.7217712131e-01,9.8860592247e-01
2451545.209405,1.0014772684e+00,1.0014772684e+00,9.7705225821e-01,9.8876617837e-01,1.0332142953e+00,1.0332142953e+00,9.7705225821e-01,9.8876617837e-01,1.0752787993e+00,1.0752787993e+00,9.7705225821e-01,9.8876617837e-01,6.3585061246e-01,6.3585061246e-01,9.7705225821e-01,9.8876617837e-01,1.2120920280e+00,1.2120920280e+00,9.7705225821e-01,9.8876617837e-01,9.8155778020e-01,9.8155778020e-01,9.7705225821e-01,9.8876617837e-01,9.5102374778e-01,9.5102374778e-01,9.7705225821e-01,9.8876617837e-01
2451545.210072,1.0014994064e+00,1.0014994064e+00,9.8143419247e-01,9.8852286302e-01,1.0317695176e+00,1.0317695176e+00,9.8143419247e-01,9.8852286302e-01,1.0762568932e+00,1.0762568932e+00,9.8143419247e-01,9.8852286302e-01,6.3290052529e-01,6.3290052529e-01,9.8143419247e-01,9.8852286302e-01,1.2000912961e+00,1.2000912961e+00,9.8143419247e-01,9.8852286302e-01,9.7821856388e-01,9.7821856388e-01,9.8143419247e-01,9.8852286302e-01,9.5057994741e-01,9.5057994741e-01,9.8143419247e-01,9.8852286302e-01
2451545.210739,1.0015212181e+00,1.0015212181e+00,9.8534124443e-01,9.8786131886e-01,1.0316442334e+00,1.0316442334e+00,9.8534124443e-01,9.8786131886e-01,1.0769118667e+00,1.0769118667e+00,9.8534124443e-01,9.8786131886e-01,6.2910814304e-01,6.2910814304e-01,9.8534124443e-01,9.8786131886e-01,1.1974013208e+00,1.1974013208e+00,9.8534124443e-01,9.8786131886e-01,9.7442754589e-01,9.7442754589e-01,9.8534124443e-01,9.8786131886e-01,9.5003596331e-01,9.5003596331e-01,9.8534124443e-01,9.8786131886e-01
2451545.211406,1.0015427033e+00,1.0015427033e+00,9.8878546694e-01,9.8676444542e-01,1.0315003272e+00,1.0315003272e+00,9.8878546694e-01,9.8676444542e-01,1.0772398386e+00,1.0772398386e+00,9.8878546694e-01,9.8676444542e-01,6.2482887314e-01,6.2482887314e-01,9.8878546694e-01,9.8676444542e-01,1.1938282727e+00,1.1938282727e+00,9.8878546694e-01,9.8676444542e-01,9.7016462490e-01,9.7016462490e-01,9.8878546694e-01,9.8676444542e-01,9.4944628454e-01,9.4944628454e-01,9.8878546694e-01,9.8676444542e-01
2451545.212073,1.0015638351e+00,1.0015638351e+00,9.9176975268e-01,9.8521172213e-01,1.0312875562e+00,1.0312875562e+00,9.9176975268e-01,9.8521172213e-01,1.0772349870e+00,1.0772349870e+00,9.9176975268e-01,9.8521172213e-01,6.1974223260e-01,6.1974223260e-01,9.9176975268e-01,9.8521172213e-01,1.1890211871e+00,1.1890211871e+00,9.9176975268e-01,9.8521172213e-01,9.6540826374e-01,9.6540826374e-01,9.9176975268e-01,9.8521172213e-01,9.4876421913e-01,9.4876421913e-01,9.9176975268e-01,9.8521172213e-01
2451545.212740,1.0015846677e+00,1.0015846677e+00,9.9427867400e-01,9.8317725398e-01,1.0310066579e+00,1.0310066579e+00,9.9427867400e-01,9.8317725398e-01,1.0768929452e+00,1.0768929452e+00,9.9427867400e-01,9.8317725398e-01,6.1379891632e-01,6.1379891632e-01,9.9427867400e-01,9.8317725398e-01,1.1829868569e+00,1.1829868569e+00,9.9427867400e-01,9.8317725398e-01,9.6013357503e-01,9.6013357503e-01,9.9427867400e-01,9.8317725398e-01,9.4798487124e-01,9.4798487124e-01,9.9427867400e-01,9.8317725398e-01
2451545.213407,1.0016051467e+00,1.0016051467e+00,9.9625148454e-01,9.8063319162e-01,1.0306583699e+00,1.0306583699e+00,9.9625148454e-01,9.8063319162e-01,1.0762059508e+00,1.0762059508e+00,9.9625148454e-01,9.8063319162e-01,6.0698865241e-01,6.0698865241e-01,9.9625148454e-01,9.8063319162e-01,1.1757207534e+00,1.1757207534e+00,9.9625148454e-01,9.8063319162e-01,9.5431184258e-01,9.5431184258e-01,9.9625148454e-01,9.8063319162e-01,9.4710923816e-01,9.4710923816e-01,9.9625148454e-01,9.8063319162e-01
2451545.214074,1.0016252721e+00,1.0016252721e+00,9.9748328584e-01,9.7754435693e-01,1.0302431530e+00,1.0302431530e+00,9.9748328584e-01,9.7754435693e-01,1.0751676964e+00,1.0751676964e+00,9.9748328584e-01,9.7754435693e-01,6.0139047168e-01,6.0139047168e-01,9.9748328584e-01,9.7754435693e-01,1.1672183481e+00,1.1672183481e+00,9.9748328584e-01,9.7754435693e-01,9.4791052133e-01,9.4791052133e-01,9.9748328584e-01,9.7754435693e-01,9.4644784415e-01,9.4644784415e-01,9.9748328584e-01,9.7754435693e-01
2451545.214740,1.0016450441e+00,1.0016450441e+00,9.9872762211e-01,9.7465681929e-01,1.0297624823e+00,1.0297624823e+00,9.9872762211e-01,9.7465681929e-01,1.0750561083e+00,1.0750561083e+00,9.9872762211e-01,9.7465681929e-01,5.9672292429e-01,5.9672292429e-01,9.9872762211e-01,9.7465681929e-01,1.1574796410e+00,1.1574796410e+00,9.9872762211e-01,9.7465681929e-01,9.4218450957e-01,9.4218450957e-01,9.9872762211e-01,9.7465681929e-01,9.4594765076e-01,9.4594765076e-01,9.9872762211e-01,9.7465681929e-01
2451545.215407,1.0016644896e+00,1.0016644896e+00,1.0019298234e+00,9.7298830134e-01,1.0292150672e+00,1.0292150672e+00,1.0019298234e+00,9.7298830134e-01,1.0807461303e+00,1.0807461303e+00,1.0019298234e+00,9.7298830134e-01,5.9316679554e-01,5.9316679554e-01,1.0019298234e+00,9.7298830134e-01,1.1464525535e+00,1.1464525535e+00,1.0019298234e+00,9.7298830134e-01,9.4244822007e-01,9.4244822007e-01,1.0019298234e+00,9.7298830134e-01,9.4562434288e-01,9.4562434288e-01,1.0019298234e+00,9.7298830134e-01
2451545.216074,1.0016835816e+00,1.0016835816e+00,1.0052607491e+00,9.7129877423e-01,1.0290723594e+00,1.0290723594e+00,1.0052607491e+00,9.7129877423e-01,1.0858345470e+00,1.0858345470e+00,1.0052607491e+00,9.7129877423e-01,5.8886287311e-01,5.8886287311e-01,1.0052607491e+00,9.7129877423e-01,1.1375561619e+00,1.1375561619e+00,1.0052607491e+00,9.7129877423e-01,9.4266598465e-01,9.4266598465e-01,1.0052607491e+00,9.7129877423e-01,9.4519704336e-01,9.4519704336e-01,1.0052607491e+00,9.7129877423e-01
2451545.216741,1.0017023200e+00,1.0017023200e+00,1.0080724380e+00,9.6902001356e-01,1.0301400863e+00,1.0301400863e+00,1.0080724380e+00,9.6902001356e-01,1.0904135398e+00,1.0904135398e+00,1.0080724380e+00,9.6902001356e-01,5.8378650445e-01,5.8378650445e-01,1.0080724380e+00,9.6902001356e-01,1.1373455830e+00,1.1373455830e+00,1.0080724380e+00,9.6902001356e-01,9.4289332129e-01,9.4289332129e-01,1.0080724380e+00,9.6902001356e-01,9.4466584288e-01,9.4466584288e-01,1.0080724380e+00,9.6902001356e-01
2451545.217408,1.0017207049e+00,1.0017207049e+00,1.0105910016e+00,9.6636601957e-01,1.0315009725e+00,1.0315009725e+00,1.0105910016e+00,9.6636601957e-01,1.0946990075e+00,1.0946990075e+00,1.0105910016e+00,9.6636601957e-01,5.7790276514e-01,5.7790276514e-01,1.0105910016e+00,9.6636601957e-01,1.1394966576e+00,1.1394966576e+00,1.0105910016e+00,9.6636601957e-01,9.4337431776e-01,9.4337431776e-01,1.0105910016e+00,9.6636601957e-01,9.4403092277e-01,9.4403092277e-01,1.0105910016e+00,9.6636601957e-01
2451545.218075,1.0017387363e+00,1.0017387363e+00,1.0139841200e+00,9.6448692146e-01,1.0328762402e+00,1.0328762402e+00,1.0139841200e+00,9.6448692146e-01,1.0982082102e+00,1.0982082102e+00,1.0139841200e+00,9.6448692146e-01,5.7116235009e-01,5.7116235009e-01,1.0139841200e+00,9.6448692146e-01,1.1419058611e+00,1.1419058611e+00,1.0139841200e+00,9.6448692146e-01,9.4365621520e-01,9.4365621520e-01,1.0139841200e+00,9.6448692146e-01,9.4329192036e-01,9.4329192036e-01,1.0139841200e+00,9.6448692146e-01
2451545.218742,1.0017563868e+00,1.0017563868e+00,1.0174616084e+00,9.6255065891e-01,1.0341238268e+00,1.0341238268e+00,1.0174616084e+00,9.6255065891e-01,1.1009459996e+00,1.1009459996e+00,1.0174616084e+00,9.6255065891e-01,5.6349130171e-01,5.6349130171e-01,1.0174616084e+00,9.6255065891e-01,1.1435429421e+00,1.1435429421e+00,1.0174616084e+00,9.6255065891e-01,9.4373757779e-01,9.4373757779e-01,1.0174616084e+00,9.6255065891e-01,9.4244856367e-01,9.4244856367e-01,1.0174616084e+00,9.6255065891e-01
2451545.219409,1.0017736838e+00,1.0017736838e+00,1.0211247107e+00,9.6058263832e-01,1.0352446542e+00,1.0352446542e+00,1.0211247107e+00,9.6058263832e-01,1.1029099499e+00,1.1029099499e+00,1.0211247107e+00,9.6058263832e-01,5.5478073792e-01,5.5478073792e-01,1.0211247107e+00,9.6058263832e-01,1.1444169577e+00,1.1444169577e+00,1.0211247107e+00,9.6058263832e-01,9.4361505530e-01,9.4361505530e-01,1.0211247107e+00,9.6058263832e-01,9.4150067137e-01,9.4150067137e-01,1.0211247107e+00,9.6058263832e-01
2451545.220076,1.0017906001e+00,1.0017906001e+00,1.0278116320e+00,9.6172397300e-01,1.0362389069e+00,1.0362389069e+00,1.0278116320e+00,9.6172397300e-01,1.1040874468e+00,1.1040874468e+00,1.0278116320e+00,9.6172397300e-01,5.4484371032e-01,5.4484371032e-01,1.0278116320e+00,9.6172397300e-01,1.1445279078e+00,1.1445279078e+00,1.0278116320e+00,9.6172397300e-01,9.4328721194e-01,9.4328721194e-01,1.0278116320e+00,9.6172397300e-01,9.4044751814e-01,9.4044751814e-01,1.0278116320e+00,9.6172397300e-01
2451545.220743,1.0018071356e+00,1.0018071356e+00,1.0346817567e+00,9.6385029514e-01,1.0371054786e+00,1.0371054786e+00,1.0346817567e+00,9.6385029514e-01,1.1059155507e+00,1.1059155507e+00,1.0346817567e+00,9.6385029514e-01,5.3334330087e-01,5.3334330087e-01,1.0346817567e+00,9.6385029514e-01,1.1438780569e+00,1.1438780569e+00,1.0346817567e+00,9.6385029514e-01,9.4411950335e-01,9.4411950335e-01,1.0346817567e+00,9.6385029514e-01,9.3928856000e-01,9.3928856000e-01,1.0346817567e+00,9.6385029514e-01
2451545.221409,1.0018232904e+00,1.0018232904e+00,1.0406397217e+00,9.6579877232e-01,1.0378404051e+00,1.0378404051e+00,1.0406397217e+00,9.6579877232e-01,1.1071216723e+00,1.1071216723e+00,1.0406397217e+00,9.6579877232e-01,5.2292965752e-01,5.2292965752e-01,1.0406397217e+00,9.6579877232e-01,1.1424741977e+00,1.1424741977e+00,1.0406397217e+00,9.6579877232e-01,9.4479672724e-01,9.4479672724e-01,1.0406397217e+00,9.6579877232e-01,9.3851129738e-01,9.3851129738e-01,1.0406397217e+00,9.6579877232e-01
2451545.222076,1.0018390916e+00,1.0018390916e+00,1.0457780928e+00,9.6757575615e-01,1.0384404598e+00,1.0384404598e+00,1.0457780928e+00,9.6757575615e-01,1.1074734174e+00,1.1074734174e+00,1.0457780928e+00,9.6757575615e-01,5.2697472829e-01,5.2697472829e-01,1.0457780928e+00,9.6757575615e-01,1.1403072731e+00,1.1403072731e+00,1.0457780928e+00,9.6757575615e-01,9.4518200302e-01,9.4518200302e-01,1.0457780928e+00,9.6757575615e-01,9.3976509008e-01,9.3976509008e-01,1.0457780928e+00,9.6757575615e-01
2451545.222743,1.0018545121e+00,1.0018545121e+00,1.0501441173e+00,9.6917978087e-01,1.0388943959e+00,1.0388943959e+00,1.0501441173e+00,9.6917978087e-01,1.1067524613e+00,1.1067524613e+00,1.0501441173e+00,9.6917978087e-01,5.3073013174e-01,5.3073013174e-01,1.0501441173e+00,9.6917978087e-01,1.1373750188e+00,1.1373750188e+00,1.0501441173e+00,9.6917978087e-01,9.4527485209e-01,9.4527485209e-01,1.0501441173e+00,9.6917978087e-01,9.4072640066e-01,9.4072640066e-01,1.0501441173e+00,9.6917978087e-01
2451545.223410,1.0018695246e+00,1.0018695246e+00,1.0537773285e+00,9.7061084648e-01,1.0391846974e+00,1.0391846974e+00,1.0537773285e+00,9.7061084648e-01,1.1085393262e+00,1.1085393262e+00,1.0537773285e+00,9.7061084648e-01,5.3419381347e-01,5.3419381347e-01,1.0537773285e+00,9.7061084648e-01,1.1336706420e+00,1.1336706420e+00,1.0537773285e+00,9.7061084648e-01,9.4846761576e-01,9.4846761576e-01,1.0537773285e+00,9.7061084648e-01,9.4146712568e-01,9.4146712568e-01,1.0537773285e+00,9.7061084648e-01
2451545.224077,1.0018841835e+00,1.0018841835e+00,1.0567032785e+00,9.7186993016e-01,1.0392797437e+00,1.0392797437e+00,1.0567032785e+00,9.7186993016e-01,1.1118738693e+00,1.1118738693e+00,1.0567032785e+00,9.7186993016e-01,5.3736988224e-01,5.3736988224e-01,1.0567032785e+00,9.7186993016e-01,1.1291850854e+00,1.1291850854e+00,1.0567032785e+00,9.7186993016e-01,9.5254292420e-01,9.5254292420e-01,1.0567032785e+00,9.7186993016e-01,9.4201954154e-01,9.4201954154e-01,1.0567032785e+00,9.7186993016e-01
2451545.224744,1.0018984345e+00,1.0018984345e+00,1.0589335379e+00,9.7295654331e-01,1.0391179529e+00,1.0391179529e+00,1.0589335379e+00,9.7295654331e-01,1.1148197947e+00,1.1148197947e+00,1.0589335379e+00,9.7295654331e-01,5.4025833807e-01,5.4025833807e-01,1.0589335379e+00,9.7295654331e-01,1.1239070277e+00,1.1239070277e+00,1.0589335379e+00,9.7295654331e-01,9.5583428018e-01,9.5583428018e-01,1.0589335379e+00,9.7295654331e-01,9.4239951444e-01,9.4239951444e-01,1.0589335379e+00,9.7295654331e-01
2451545.225411,1.0019123320e+00,1.0019123320e+00,1.0606064735e+00,9.7401628428e-01,1.0392962454e+00,1.0392962454e+00,1.0606064735e+00,9.7401628428e-01,1.1173858355e+00,1.1173858355e+00,1.0606064735e+00,9.7401628428e-01,5.4285301780e-01,5.4285301780e-01,1.0606064735e+00,9.7401628428e-01,1.1211649737e+00,1.1211649737e+00,1.0606064735e+00,9.7401628428e-01,9.5849148657e-01,9.5849148657e-01,1.0606064735e+00,9.7401628428e-01,9.4261574812e-01,9.4261574812e-01,1.0606064735e+00,9.7401628428e-01
2451545.226078,1.0019257943e+00,1.0019257943e+00,1.0617486016e+00,9.7511022621e-01,1.0394159061e+00,1.0394159061e+00,1.0617486016e+00,9.7511022621e-01,1.1195797543e+00,1.1195797543e+00,1.0617486016e+00,9.7511022621e-01,5.4515803019e-01,5.4515803019e-01,1.0617486016e+00,9.7511022621e-01,1.1167269672e+00,1.1167269672e+00,1.0617486016e+00,9.7511022621e-01,9.6058585530e-01,9.6058585530e-01,1.0617486016e+00,9.7511022621e-01,9.4267259446e-01,9.4267259446e-01,1.0617486016e+00,9.7511022621e-01
2451545.226745,1.0019388758e+00,1.0019388758e+00,1.0636515056e+00,9.7730055299e-01,1.0399541024e+00,1.0399541024e+00,1.0636515056e+00,9.7730055299e-01,1.1214088286e+00,1.1214088286e+00,1.0636515056e+00,9.7730055299e-01,5.4716926650e-01,5.4716926650e-01,1.0636515056e+00,9.7730055299e-01,1.1145736283e+00,1.1145736283e+00,1.0636515056e+00,9.7730055299e-01,9.6215663185e-01,9.6215663185e-01,1.0636515056e+00,9.7730055299e-01,9.4257241072e-01,9.4257241072e-01,1.0636515056e+00,9.7730055299e-01
2451545.227411,1.0019515494e+00,1.0019515494e+00,1.0650766347e+00,9.7910392041e-01,1.0408793981e+00,1.0408793981e+00,1.0650766347e+00,9.7910392041e-01,1.1228769396e+00,1.1228769396e+00,1.0650766347e+00,9.7910392041e-01,5.4888261796e-01,5.4888261796e-01,1.0650766347e+00,9.7910392041e-01,1.1151555506e+00,1.1151555506e+00,1.0650766347e+00,9.7910392041e-01,9.6322535337e-01,9.6322535337e-01,1.0650766347e+00,9.7910392041e-01,9.4231619420e-01,9.4231619420e-01,1.0650766347e+00,9.7910392041e-01
2451545.228078,1.0019638695e+00,1.0019638695e+00,1.0660432732e+00,9.8057456142e-01,1.0416822675e+00,1.0416822675e+00,1.0660432732e+00,9.8057456142e-01,1.1239937908e+00,1.1239937908e+00,1.0660432732e+00,9.8057456142e-01,5.5030013896e-01,5.5030013896e-01,1.0660432732e+00,9.8057456142e-01,1.1149744075e+00,1.1149744075e+00,1.0660432732e+00,9.8057456142e-01,9.6380829238e-01,9.6380829238e-01,1.0660432732e+00,9.8057456142e-01,9.4190285695e-01,9.4190285695e-01,1.0660432732e+00,9.8057456142e-01
2451545.228745,1.0019757544e+00,1.0019757544e+00,1.0665620279e+00,9.8174472261e-01,1.0423636325e+00,1.0423636325e+00,1.0665620279e+00,9.8174472261e-01,1.1247622931e+00,1.1247622931e+00,1.0665620279e+00,9.8174472261e-01,5.5141566635e-01,5.5141566635e-01,1.0665620279e+00,9.8174472261e-01,1.1141094491e+00,1.1141094491e+00,1.0665620279e+00,9.8174472261e-01,9.6390975631e-01,9.6390975631e-01,1.0665620279e+00,9.8174472261e-01,9.4133185497e-01,9.4133185497e-01,1.0665620279e+00,9.8174472261e-01
2451545.229412,1.0019872585e+00,1.0019872585e+00,1.0666430231e+00,9.8263981042e-01,1.0429256134e+00,1.0429256134e+00,1.0666430231e+00,9.8263981042e-01,1.1251853575e+00,1.1251853575e+00,1.0666430231e+00,9.8263981042e-01,5.5222303700e-01,5.5222303700e-01,1.0666430231e+00,9.8263981042e-01,1.1126082255e+00,1.1126082255e+00,1.0666430231e+00,9.8263981042e-01,9.6353070238e-01,9.6353070238e-01,1.0666430231e+00,9.8263981042e-01,9.4060128431e-01,9.4060128431e-01,1.0666430231e+00,9.8263981042e-01
2451545.230079,1.0019983275e+00,1.0019983275e+00,1.0662954189e+00,9.8327790250e-01,1.0433702384e+00,1.0433702384e+00,1.0662954189e+00,9.8327790250e-01,1.1252663802e+00,1.1252663802e+00,1.0662954189e+00,9.8327790250e-01,5.5271814216e-01,5.5271814216e-01,1.0662954189e+00,9.8327790250e-01,1.1105024367e+00,1.1105024367e+00,1.0662954189e+00,9.8327790250e-01,9.6266778034e-01,9.6266778034e-01,1.0662954189e+00,9.8327790250e-01,9.3970896905e-01,9.3970896905e-01,1.0662954189e+00,9.8327790250e-01
2451545.230746,1.0020090158e+00,1.0020090158e+00,1.0655259649e+00,9.8367267922e-01,1.0436994435e+00,1.0436994435e+00,1.0655259649e+00,9.8367267922e-01,1.1250082721e+00,1.1250082721e+00,1.0655259649e+00,9.8367267922e-01,5.5289687307e-01,5.5289687307e-01,1.0655259649e+00,9.8367267922e-01,1.1078101970e+00,1.1078101970e+00,1.0655259649e+00,9.8367267922e-01,9.6131381116e-01,9.6131381116e-01,1.0655259649e+00,9.8367267922e-01,9.3865246126e-01,9.3865246126e-01,1.0655259649e+00,9.8367267922e-01
2451545.231413,1.0020192961e+00,1.0020192961e+00,1.0643404466e+00,9.8383440087e-01,1.0439148879e+00,1.0439148879e+00,1.0643404466e+00,9.8383440087e-01,1.1244129739e+00,1.1244129739e+00,1.0643404466e+00,9.8383440087e-01,5.5333034688e-01,5.5333034688e-01,1.0643404466e+00,9.8383440087e-01,1.1045473565e+00,1.1045473565e+00,1.0643404466e+00,9.8383440087e-01,9.5945635114e-01,9.5945635114e-01,1.0643404466e+00,9.8383440087e-01,9.3751752909e-01,9.3751752909e-01,1.0643404466e+00,9.8383440087e-01
2451545.232080,1.0020291685e+00,1.0020291685e+00,1.0627432028e+00,9.8376990765e-01,1.0440182312e+00,1.0440182312e+00,1.0627432028e+00,9.8376990765e-01,1.1234809708e+00,1.1234809708e+00,1.0627432028e+00,9.8376990765e-01,5.5441300421e-01,5.5441300421e-01,1.0627432028e+00,9.8376990765e-01,1.1007207081e+00,1.1007207081e+00,1.0627432028e+00,9.8376990765e-01,9.5708008498e-01,9.5708008498e-01,1.0627432028e+00,9.8376990765e-01,9.3637960500e-01,9.3637960500e-01,1.0627432028e+00,9.8376990765e-01
2451545.232747,1.0020386329e+00,1.0020386329e+00,1.0607366443e+00,9.8348506256e-01,1.0440108561e+00,1.0440108561e+00,1.0607366443e+00,9.8348506256e-01,1.1222132331e+00,1.1222132331e+00,1.0607366443e+00,9.8348506256e-01,5.5500671953e-01,5.5500671953e-01,1.0607366443e+00,9.8348506256e-01,1.0963325160e+00,1.0963325160e+00,1.0607366443e+00,9.8348506256e-01,9.5416443271e-01,9.5416443271e-01,1.0607366443e+00,9.8348506256e-01,9.3507005393e-01,9.3507005393e-01,1.0607366443e+00,9.8348506256e-01
2451545.233414,1.0020476893e+00,1.0020476893e+00,1.0583226994e+00,9.8298377430e-01,1.0438939611e+00,1.0438939611e+00,1.0583226994e+00,9.8298377430e-01,1.1206102460e+00,1.1206102460e+00,1.0583226994e+00,9.8298377430e-01,5.5511354720e-01,5.5511354720e-01,1.0583226994e+00,9.8298377430e-01,1.0913850445e+00,1.0913850445e+00,1.0583226994e+00,9.8298377430e-01,9.5068307116e-01,9.5068307116e-01,1.0583226994e+00,9.8298377430e-01,9.3358597463e-01,9.3358597463e-01,1.0583226994e+00,9.8298377430e-01
2451545.234080,1.0020563106e+00,1.0020563106e+00,1.0555066715e+00,9.8226995154e-01,1.0436692056e+00,1.0436692056e+00,1.0555066715e+00,9.8226995154e-01,1.1186744353e+00,1.1186744353e+00,1.0555066715e+00,9.8226995154e-01,5.5472526971e-01,5.5472526971e-01,1.0555066715e+00,9.8226995154e-01,1.0858828221e+00,1.0858828221e+00,1.0555066715e+00,9.8226995154e-01,9.4661159155e-01,9.4661159155e-01,1.0555066715e+00,9.8226995154e-01,9.3192646045e-01,9.3192646045e-01,1.0555066715e+00,9.8226995154e-01
2451545.234747,1.0020645240e+00,1.0020645240e+00,1.0534504552e+00,9.8251180114e-01,1.0433369584e+00,1.0433369584e+00,1.0534504552e+00,9.8251180114e-01,1.1187229519e+00,1.1187229519e+00,1.0534504552e+00,9.8251180114e-01,5.5659269954e-01,5.5659269954e-01,1.0534504552e+00,9.8251180114e-01,1.0798077347e+00,1.0798077347e+00,1.0534504552e+00,9.8251180114e-01,9.4427074204e-01,9.4427074204e-01,1.0534504552e+00,9.8251180114e-01,9.3051717896e-01,9.3051717896e-01,1.0534504552e+00,9.8251180114e-01
2451545.235414,1.0020723566e+00,1.0020723566e+00,1.0517408789e+00,9.8322122663e-01,1.0428983256e+00,1.0428983256e+00,1.0517408789e+00,9.8322122663e-01,1.1211633348e+00,1.1211633348e+00,1.0517408789e+00,9.8322122663e-01,5.5783559838e-01,5.5783559838e-01,1.0517408789e+00,9.8322122663e-01,1.0731620464e+00,1.0731620464e+00,1.0517408789e+00,9.8322122663e-01,9.4462203698e-01,9.4462203698e-01,1.0517408789e+00,9.8322122663e-01,9.2894415826e-01,9.2894415826e-01,1.0517408789e+00,9.8322122663e-01
2451545.236081,1.0020797541e+00,1.0020797541e+00,1.0498104944e+00,9.8381730040e-01,1.0423541371e+00,1.0423541371e+00,1.0498104944e+00,9.8381730040e-01,1.1229123567e+00,1.1229123567e+00,1.0498104944e+00,9.8381730040e-01,5.5843136807e-01,5.5843136807e-01,1.0498104944e+00,9.8381730040e-01,1.0659367001e+00,1.0659367001e+00,1.0498104944e+00,9.8381730040e-01,9.4471871488e-01,9.4471871488e-01,1.0498104944e+00,9.8381730040e-01,9.2720077987e-01,9.2720077987e-01,1.0498104944e+00,9.8381730040e-01
2451545.236748,1.0020867164e+00,1.0020867164e+00,1.0477967042e+00,9.8442803171e-01,1.0417049458e+00,1.0417049458e+00,1.0477967042e+00,9.8442803171e-01,1.1240005831e+00,1.1240005831e+00,1.0477967042e+00,9.8442803171e-01,5.5837384548e-01,5.5837384548e-01,1.0477967042e+00,9.8442803171e-01,1.0581249030e+00,1.0581249030e+00,1.0477967042e+00,9.8442803171e-01,9.4456173294e-01,9.4456173294e-01,1.0477967042e+00,9.8442803171e-01,9.2528368922e-01,9.2528368922e-01,1.0477967042e+00,9.8442803171e-01
2451545.237415,1.0020932708e+00,1.0020932708e+00,1.0454266317e+00,9.8477443851e-01,1.0409513051e+00,1.0409513051e+00,1.0454266317e+00,9.8477443851e-01,1.1244542130e+00,1.1244542130e+00,1.0454266317e+00,9.8477443851e-01,5.6058641086e-01,5.6058641086e-01,1.0454266317e+00,9.8477443851e-01,1.0497153336e+00,1.0497153336e+00,1.0454266317e+00,9.8477443851e-01,9.4415013397e-01,9.4415013397e-01,1.0454266317e+00,9.8477443851e-01,9.2363296945e-01,9.2363296945e-01,1.0454266317e+00,9.8477443851e-01
2451545.238082,1.0020994172e+00,1.0020994172e+00,1.0426973843e+00,9.8485749797e-01,1.0400937679e+00,1.0400937679e+00,1.0426973843e+00,9.8485749797e-01,1.1243440804e+00,1.1243440804e+00,1.0426973843e+00,9.8485749797e-01,5.7423364558e-01,5.7423364558e-01,1.0426973843e+00,9.8485749797e-01,1.0406966704e+00,1.0406966704e+00,1.0426973843e+00,9.8485749797e-01,9.4352986389e-01,9.4352986389e-01,1.0426973843e+00,9.8485749797e-01,9.2374503017e-01,9.2374503017e-01,1.0426973843e+00,9.8485749797e-01
2451545.238749,1.0021051557e+00,1.0021051557e+00,1.0396051050e+00,9.8467623291e-01,1.0391325187e+00,1.0391325187e+00,1.0396051050e+00,9.8467623291e-01,1.1238205867e+00,1.1238205867e+00,1.0396051050e+00,9.8467623291e-01,5.8654142568e-01,5.8654142568e-01,1.0396051050e+00,9.8467623291e-01,1.0310507992e+00,1.0310507992e+00,1.0396051050e+00,9.8467623291e-01,9.4282440239e-01,9.4282440239e-01,1.0396051050e+00,9.8467623291e-01,9.2375201130e-01,9.2375201130e-01,1.0396051050e+00,9.8467623291e-01
2451545.239416,1.0021104590e+00,1.0021104590e+00,1.0361454549e+00,9.8422966618e-01,1.0380677418e+00,1.0380677418e+00,1.0361454549e+00,9.8422966618e-01,1.1227231422e+00,1.1227231422e+00,1.0361454549e+00,9.8422966618e-01,5.9791035492e-01,5.9791035492e-01,1.0361454549e+00,9.8422966618e-01,1.0207686627e+00,1.0207686627e+00,1.0361454549e+00,9.8422966618e-01,9.4185283737e-01,9.4185283737e-01,1.0361454549e+00,9.8422966618e-01,9.2371094050e-01,9.2371094050e-01,1.0361454549e+00,9.8422966618e-01
