# Asteroid shape model (convexinv -> dual reconstruction)
v -0.88813965 -0.11258709 -0.92857143
v -0.84715150 -0.11258709 -1.00000000
v -0.84715150 -0.15357523 -0.92857143
v -0.84715150 -0.15357523 -0.78571429
v -0.88813965 -0.11258709 -0.78571429
v -0.84715150 -0.15357523 -0.64285714
v -0.88813965 -0.11258709 -0.64285714
v -0.84715150 -0.15357523 -0.50000000
v -0.88813965 -0.11258709 -0.50000000
v -0.84715150 -0.15357523 -0.35714286
v -0.88813965 -0.11258709 -0.35714286
v -0.84715150 -0.15357523 -0.21428571
v -0.88813965 -0.11258709 -0.21428571
v -0.84715150 -0.15357523 -0.07142857
v -0.88813965 -0.11258709 -0.07142857
v -0.84715150 -0.15357523 0.07142857
v -0.88813965 -0.11258709 0.07142857
v -0.84715150 -0.15357523 0.21428571
v -0.88813965 -0.11258709 0.21428571
v -0.84715150 -0.15357523 0.35714286
v -0.88813965 -0.11258709 0.35714286
v -0.84715150 -0.15357523 0.50000000
v -0.88813965 -0.11258709 0.50000000
v -0.84715150 -0.15357523 0.64285714
v -0.88813965 -0.11258709 0.64285714
v -0.84715150 -0.15357523 0.78571429
v -0.88813965 -0.11258709 0.78571429
v -0.84715150 -0.15357523 0.92857143
v -0.88813965 -0.11258709 0.92857143
v -0.84715150 -0.11258709 1.00000000
v -0.88813965 -0.03061080 -0.92857143
v -0.84715150 -0.03061080 -1.00000000
v -0.88813965 -0.03061080 -0.78571429
v -0.88813965 -0.03061080 -0.64285714
v -0.88813965 -0.03061080 -0.50000000
v -0.88813965 -0.03061080 -0.35714286
v -0.88813965 -0.03061080 -0.21428571
v -0.88813965 -0.03061080 -0.07142857
v -0.88813965 -0.03061080 0.07142857
v -0.88813965 -0.03061080 0.21428571
v -0.88813965 -0.03061080 0.35714286
v -0.88813965 -0.03061080 0.50000000
v -0.88813965 -0.03061080 0.64285714
v -0.88813965 -0.03061080 0.78571429
v -0.88813965 -0.03061080 0.92857143
v -0.84715150 -0.03061080 1.00000000
v -0.84715150 0.01037735 -0.92857143
v -0.84715150 0.01037735 -0.78571429
v -0.84715150 0.01037735 -0.64285714
v -0.84715150 0.01037735 -0.50000000
v -0.84715150 0.01037735 -0.35714286
v -0.84715150 0.01037735 -0.21428571
v -0.84715150 0.01037735 -0.07142857
v -0.84715150 0.01037735 0.07142857
v -0.84715150 0.01037735 0.21428571
v -0.84715150 0.01037735 0.35714286
v -0.84715150 0.01037735 0.50000000
v -0.84715150 0.01037735 0.64285714
v -0.84715150 0.01037735 0.78571429
v -0.88813965 0.05136549 0.92857143
v -0.84715150 0.05136549 0.85714286
v -0.84715150 0.05136549 1.00000000
v -0.84715150 0.09235363 0.92857143
v -0.80616336 -0.19456338 0.35714286
v -0.76517522 -0.19456338 0.28571429
v -0.76517522 -0.23555152 0.35714286
v -0.76517522 -0.19456338 0.42857143
v -0.80616336 -0.19456338 0.92857143
v -0.76517522 -0.19456338 0.85714286
v -0.76517522 -0.23555152 0.92857143
v -0.76517522 -0.19456338 1.00000000
v -0.76517522 -0.11258709 -1.00000000
v -0.76517522 -0.15357523 -0.92857143
v -0.76517522 -0.15357523 -0.78571429
v -0.76517522 -0.15357523 -0.64285714
v -0.76517522 -0.15357523 -0.50000000
v -0.76517522 -0.15357523 -0.35714286
v -0.76517522 -0.15357523 -0.21428571
v -0.76517522 -0.15357523 -0.07142857
v -0.76517522 -0.15357523 0.07142857
v -0.76517522 -0.15357523 0.21428571
v -0.76517522 -0.15357523 0.50000000
v -0.76517522 -0.15357523 0.64285714
v -0.76517522 -0.15357523 0.78571429
v -0.76517522 -0.11258709 1.00000000
v -0.76517522 -0.03061080 -1.00000000
v -0.76517522 -0.03061080 1.00000000
v -0.80616336 0.05136549 -0.92857143
v -0.76517522 0.05136549 -1.00000000
v -0.80616336 0.05136549 -0.78571429
v -0.80616336 0.05136549 -0.64285714
v -0.80616336 0.05136549 -0.50000000
v -0.80616336 0.05136549 -0.35714286
v -0.80616336 0.05136549 -0.21428571
v -0.80616336 0.05136549 -0.07142857
v -0.80616336 0.05136549 0.07142857
v -0.80616336 0.05136549 0.21428571
v -0.80616336 0.05136549 0.35714286
v -0.80616336 0.05136549 0.50000000
v -0.80616336 0.05136549 0.64285714
v -0.80616336 0.05136549 0.78571429
v -0.76517522 0.05136549 1.00000000
v -0.76517522 0.09235363 -0.92857143
v -0.76517522 0.09235363 -0.78571429
v -0.76517522 0.09235363 -0.64285714
v -0.76517522 0.09235363 -0.50000000
v -0.76517522 0.09235363 -0.35714286
v -0.76517522 0.09235363 -0.21428571
v -0.76517522 0.09235363 -0.07142857
v -0.76517522 0.09235363 0.07142857
v -0.76517522 0.09235363 0.21428571
v -0.76517522 0.09235363 0.35714286
v -0.76517522 0.09235363 0.50000000
v -0.76517522 0.09235363 0.64285714
v -0.76517522 0.09235363 0.78571429
v -0.76517522 0.09235363 0.92857143
v -0.72418707 -0.19456338 -0.92857143
v -0.68319893 -0.19456338 -1.00000000
v -0.68319893 -0.23555152 -0.92857143
v -0.68319893 -0.23555152 -0.78571429
v -0.72418707 -0.19456338 -0.78571429
v -0.68319893 -0.23555152 -0.64285714
v -0.72418707 -0.19456338 -0.64285714
v -0.68319893 -0.23555152 -0.50000000
v -0.72418707 -0.19456338 -0.50000000
v -0.68319893 -0.23555152 -0.35714286
v -0.72418707 -0.19456338 -0.35714286
v -0.68319893 -0.23555152 -0.21428571
v -0.72418707 -0.19456338 -0.21428571
v -0.68319893 -0.23555152 -0.07142857
v -0.72418707 -0.19456338 -0.07142857
v -0.68319893 -0.23555152 0.07142857
v -0.72418707 -0.19456338 0.07142857
v -0.68319893 -0.23555152 0.21428571
v -0.72418707 -0.19456338 0.21428571
v -0.68319893 -0.23555152 0.35714286
v -0.68319893 -0.23555152 0.50000000
v -0.72418707 -0.19456338 0.50000000
v -0.68319893 -0.23555152 0.64285714
v -0.72418707 -0.19456338 0.64285714
v -0.68319893 -0.23555152 0.78571429
v -0.72418707 -0.19456338 0.78571429
v -0.68319893 -0.23555152 0.92857143
v -0.68319893 -0.19456338 1.00000000
v -0.68319893 -0.11258709 -1.00000000
v -0.68319893 -0.11258709 1.00000000
v -0.68319893 -0.03061080 -1.00000000
v -0.68319893 -0.03061080 1.00000000
v -0.68319893 0.05136549 -1.00000000
v -0.68319893 0.05136549 1.00000000
v -0.72418707 0.13334178 -0.92857143
v -0.68319893 0.13334178 -1.00000000
v -0.72418707 0.13334178 -0.78571429
v -0.72418707 0.13334178 -0.64285714
v -0.72418707 0.13334178 -0.50000000
v -0.72418707 0.13334178 -0.35714286
v -0.72418707 0.13334178 -0.21428571
v -0.72418707 0.13334178 -0.07142857
v -0.72418707 0.13334178 0.07142857
v -0.72418707 0.13334178 0.21428571
v -0.72418707 0.13334178 0.35714286
v -0.72418707 0.13334178 0.50000000
v -0.72418707 0.13334178 0.64285714
v -0.72418707 0.13334178 0.78571429
v -0.72418707 0.13334178 0.92857143
v -0.68319893 0.13334178 1.00000000
v -0.68319893 0.17432992 -0.92857143
v -0.68319893 0.17432992 -0.78571429
v -0.68319893 0.17432992 -0.64285714
v -0.68319893 0.17432992 -0.50000000
v -0.68319893 0.17432992 -0.35714286
v -0.68319893 0.17432992 -0.21428571
v -0.68319893 0.17432992 -0.07142857
v -0.68319893 0.17432992 0.07142857
v -0.68319893 0.17432992 0.21428571
v -0.68319893 0.17432992 0.35714286
v -0.68319893 0.17432992 0.50000000
v -0.68319893 0.17432992 0.64285714
v -0.68319893 0.17432992 0.78571429
v -0.68319893 0.17432992 0.92857143
v -0.64221078 -0.27653967 -0.92857143
v -0.60122264 -0.27653967 -1.00000000
v -0.60122264 -0.31752781 -0.92857143
v -0.60122264 -0.31752781 -0.78571429
v -0.64221078 -0.27653967 -0.78571429
v -0.60122264 -0.31752781 -0.64285714
v -0.64221078 -0.27653967 -0.64285714
v -0.60122264 -0.31752781 -0.50000000
v -0.64221078 -0.27653967 -0.50000000
v -0.60122264 -0.31752781 -0.35714286
v -0.64221078 -0.27653967 -0.35714286
v -0.60122264 -0.31752781 -0.21428571
v -0.64221078 -0.27653967 -0.21428571
v -0.60122264 -0.31752781 -0.07142857
v -0.64221078 -0.27653967 -0.07142857
v -0.60122264 -0.31752781 0.07142857
v -0.64221078 -0.27653967 0.07142857
v -0.60122264 -0.31752781 0.21428571
v -0.64221078 -0.27653967 0.21428571
v -0.60122264 -0.31752781 0.35714286
v -0.64221078 -0.27653967 0.35714286
v -0.60122264 -0.31752781 0.50000000
v -0.64221078 -0.27653967 0.50000000
v -0.60122264 -0.31752781 0.64285714
v -0.64221078 -0.27653967 0.64285714
v -0.60122264 -0.31752781 0.78571429
v -0.64221078 -0.27653967 0.78571429
v -0.60122264 -0.31752781 0.92857143
v -0.64221078 -0.27653967 0.92857143
v -0.60122264 -0.27653967 1.00000000
v -0.60122264 -0.19456338 -1.00000000
v -0.60122264 -0.19456338 1.00000000
v -0.60122264 -0.11258709 -1.00000000
v -0.60122264 -0.11258709 1.00000000
v -0.60122264 -0.03061080 -1.00000000
v -0.60122264 -0.03061080 1.00000000
v -0.60122264 0.05136549 -1.00000000
v -0.60122264 0.05136549 1.00000000
v -0.60122264 0.13334178 -1.00000000
v -0.60122264 0.13334178 1.00000000
v -0.64221078 0.21531807 -0.92857143
v -0.60122264 0.21531807 -1.00000000
v -0.64221078 0.21531807 -0.78571429
v -0.64221078 0.21531807 -0.64285714
v -0.64221078 0.21531807 -0.50000000
v -0.64221078 0.21531807 -0.35714286
v -0.64221078 0.21531807 -0.21428571
v -0.64221078 0.21531807 -0.07142857
v -0.64221078 0.21531807 0.07142857
v -0.64221078 0.21531807 0.21428571
v -0.64221078 0.21531807 0.35714286
v -0.64221078 0.21531807 0.50000000
v -0.64221078 0.21531807 0.64285714
v -0.64221078 0.21531807 0.78571429
v -0.64221078 0.21531807 0.92857143
v -0.60122264 0.21531807 1.00000000
v -0.64221078 0.29729436 -0.92857143
v -0.60122264 0.29729436 -1.00000000
v -0.64221078 0.29729436 -0.78571429
v -0.64221078 0.29729436 -0.64285714
v -0.64221078 0.29729436 -0.50000000
v -0.64221078 0.29729436 -0.35714286
v -0.64221078 0.29729436 -0.21428571
v -0.64221078 0.29729436 -0.07142857
v -0.64221078 0.29729436 0.07142857
v -0.64221078 0.29729436 0.21428571
v -0.64221078 0.29729436 0.35714286
v -0.64221078 0.29729436 0.50000000
v -0.64221078 0.29729436 0.64285714
v -0.64221078 0.29729436 0.78571429
v -0.60122264 0.29729436 0.85714286
v -0.60122264 0.25630621 0.92857143
v -0.60122264 0.33828250 -0.92857143
v -0.60122264 0.33828250 -0.78571429
v -0.60122264 0.33828250 -0.64285714
v -0.60122264 0.33828250 -0.50000000
v -0.60122264 0.33828250 -0.35714286
v -0.60122264 0.33828250 -0.21428571
v -0.60122264 0.33828250 -0.07142857
v -0.60122264 0.33828250 0.07142857
v -0.60122264 0.33828250 0.21428571
v -0.60122264 0.33828250 0.35714286
v -0.60122264 0.33828250 0.50000000
v -0.60122264 0.33828250 0.64285714
v -0.60122264 0.33828250 0.78571429
v -0.56023449 -0.35851596 -0.92857143
v -0.51924635 -0.35851596 -1.00000000
v -0.51924635 -0.39950410 -0.92857143
v -0.51924635 -0.39950410 -0.78571429
v -0.56023449 -0.35851596 -0.78571429
v -0.51924635 -0.39950410 -0.64285714
v -0.56023449 -0.35851596 -0.64285714
v -0.51924635 -0.39950410 -0.50000000
v -0.56023449 -0.35851596 -0.50000000
v -0.51924635 -0.39950410 -0.35714286
v -0.56023449 -0.35851596 -0.35714286
v -0.51924635 -0.39950410 -0.21428571
v -0.56023449 -0.35851596 -0.21428571
v -0.51924635 -0.39950410 -0.07142857
v -0.56023449 -0.35851596 -0.07142857
v -0.51924635 -0.39950410 0.07142857
v -0.56023449 -0.35851596 0.07142857
v -0.51924635 -0.39950410 0.21428571
v -0.56023449 -0.35851596 0.21428571
v -0.51924635 -0.39950410 0.35714286
v -0.56023449 -0.35851596 0.35714286
v -0.51924635 -0.39950410 0.50000000
v -0.56023449 -0.35851596 0.50000000
v -0.51924635 -0.39950410 0.64285714
v -0.56023449 -0.35851596 0.64285714
v -0.51924635 -0.39950410 0.78571429
v -0.56023449 -0.35851596 0.78571429
v -0.51924635 -0.39950410 0.92857143
v -0.56023449 -0.35851596 0.92857143
v -0.51924635 -0.35851596 1.00000000
v -0.51924635 -0.27653967 -1.00000000
v -0.51924635 -0.27653967 1.00000000
v -0.51924635 -0.19456338 -1.00000000
v -0.51924635 -0.19456338 1.00000000
v -0.51924635 -0.11258709 -1.00000000
v -0.51924635 -0.11258709 1.00000000
v -0.51924635 -0.03061080 -1.00000000
v -0.51924635 -0.03061080 1.00000000
v -0.51924635 0.05136549 -1.00000000
v -0.51924635 0.05136549 1.00000000
v -0.51924635 0.13334178 -1.00000000
v -0.51924635 0.13334178 1.00000000
v -0.51924635 0.21531807 -1.00000000
v -0.51924635 0.21531807 1.00000000
v -0.51924635 0.29729436 -1.00000000
v -0.56023449 0.29729436 0.92857143
v -0.51924635 0.29729436 1.00000000
v -0.56023449 0.37927065 -0.92857143
v -0.51924635 0.37927065 -1.00000000
v -0.56023449 0.37927065 -0.78571429
v -0.56023449 0.37927065 -0.64285714
v -0.56023449 0.37927065 -0.50000000
v -0.56023449 0.37927065 -0.35714286
v -0.56023449 0.37927065 -0.21428571
v -0.56023449 0.37927065 -0.07142857
v -0.56023449 0.37927065 0.07142857
v -0.56023449 0.37927065 0.21428571
v -0.56023449 0.37927065 0.35714286
v -0.56023449 0.37927065 0.50000000
v -0.56023449 0.37927065 0.64285714
v -0.56023449 0.37927065 0.78571429
v -0.56023449 0.37927065 0.92857143
v -0.51924635 0.37927065 1.00000000
v -0.51924635 0.42025879 -0.92857143
v -0.51924635 0.42025879 -0.78571429
v -0.51924635 0.42025879 -0.64285714
v -0.51924635 0.42025879 -0.50000000
v -0.51924635 0.42025879 -0.35714286
v -0.51924635 0.42025879 -0.21428571
v -0.51924635 0.42025879 -0.07142857
v -0.51924635 0.42025879 0.07142857
v -0.51924635 0.42025879 0.21428571
v -0.51924635 0.42025879 0.35714286
v -0.51924635 0.42025879 0.50000000
v -0.51924635 0.42025879 0.64285714
v -0.51924635 0.42025879 0.78571429
v -0.51924635 0.42025879 0.92857143
v -0.47825820 -0.44049225 -0.92857143
v -0.43727006 -0.44049225 -1.00000000
v -0.43727006 -0.48148039 -0.92857143
v -0.43727006 -0.48148039 -0.78571429
v -0.47825820 -0.44049225 -0.78571429
v -0.43727006 -0.48148039 -0.64285714
v -0.47825820 -0.44049225 -0.64285714
v -0.43727006 -0.48148039 -0.50000000
v -0.47825820 -0.44049225 -0.50000000
v -0.43727006 -0.48148039 -0.35714286
v -0.47825820 -0.44049225 -0.35714286
v -0.43727006 -0.48148039 -0.21428571
v -0.47825820 -0.44049225 -0.21428571
v -0.43727006 -0.48148039 -0.07142857
v -0.47825820 -0.44049225 -0.07142857
v -0.43727006 -0.48148039 0.07142857
v -0.47825820 -0.44049225 0.07142857
v -0.43727006 -0.48148039 0.21428571
v -0.47825820 -0.44049225 0.21428571
v -0.43727006 -0.48148039 0.35714286
v -0.47825820 -0.44049225 0.35714286
v -0.43727006 -0.48148039 0.50000000
v -0.47825820 -0.44049225 0.50000000
v -0.43727006 -0.48148039 0.64285714
v -0.47825820 -0.44049225 0.64285714
v -0.43727006 -0.48148039 0.78571429
v -0.47825820 -0.44049225 0.78571429
v -0.43727006 -0.48148039 0.92857143
v -0.47825820 -0.44049225 0.92857143
v -0.43727006 -0.44049225 1.00000000
v -0.43727006 -0.35851596 -1.00000000
v -0.43727006 -0.35851596 1.00000000
v -0.43727006 -0.27653967 -1.00000000
v -0.43727006 -0.27653967 1.00000000
v -0.43727006 -0.19456338 -1.00000000
v -0.43727006 -0.19456338 1.00000000
v -0.43727006 -0.11258709 -1.00000000
v -0.43727006 -0.11258709 1.00000000
v -0.43727006 -0.03061080 -1.00000000
v -0.43727006 -0.03061080 1.00000000
v -0.43727006 0.05136549 -1.00000000
v -0.43727006 0.05136549 1.00000000
v -0.43727006 0.13334178 -1.00000000
v -0.43727006 0.13334178 1.00000000
v -0.43727006 0.21531807 -1.00000000
v -0.43727006 0.21531807 1.00000000
v -0.43727006 0.29729436 -1.00000000
v -0.43727006 0.29729436 1.00000000
v -0.43727006 0.37927065 -1.00000000
v -0.43727006 0.37927065 1.00000000
v -0.47825820 0.46124694 -0.92857143
v -0.43727006 0.46124694 -1.00000000
v -0.47825820 0.46124694 -0.78571429
v -0.47825820 0.46124694 -0.64285714
v -0.47825820 0.46124694 -0.50000000
v -0.47825820 0.46124694 -0.35714286
v -0.47825820 0.46124694 -0.21428571
v -0.47825820 0.46124694 -0.07142857
v -0.47825820 0.46124694 0.07142857
v -0.47825820 0.46124694 0.21428571
v -0.47825820 0.46124694 0.35714286
v -0.47825820 0.46124694 0.50000000
v -0.47825820 0.46124694 0.64285714
v -0.47825820 0.46124694 0.78571429
v -0.47825820 0.46124694 0.92857143
v -0.43727006 0.46124694 1.00000000
v -0.43727006 0.50223508 -0.92857143
v -0.43727006 0.50223508 -0.78571429
v -0.43727006 0.50223508 -0.64285714
v -0.43727006 0.50223508 -0.50000000
v -0.43727006 0.50223508 -0.35714286
v -0.43727006 0.50223508 -0.21428571
v -0.43727006 0.50223508 -0.07142857
v -0.43727006 0.50223508 0.07142857
v -0.43727006 0.50223508 0.21428571
v -0.43727006 0.50223508 0.35714286
v -0.43727006 0.50223508 0.50000000
v -0.43727006 0.50223508 0.64285714
v -0.43727006 0.50223508 0.78571429
v -0.43727006 0.50223508 0.92857143
v -0.39628191 -0.52246854 -0.92857143
v -0.35529377 -0.52246854 -1.00000000
v -0.35529377 -0.56345668 -0.92857143
v -0.35529377 -0.56345668 -0.78571429
v -0.39628191 -0.52246854 -0.78571429
v -0.35529377 -0.56345668 -0.64285714
v -0.39628191 -0.52246854 -0.64285714
v -0.35529377 -0.56345668 -0.50000000
v -0.39628191 -0.52246854 -0.50000000
v -0.35529377 -0.56345668 -0.35714286
v -0.39628191 -0.52246854 -0.35714286
v -0.35529377 -0.56345668 -0.21428571
v -0.39628191 -0.52246854 -0.21428571
v -0.35529377 -0.56345668 -0.07142857
v -0.39628191 -0.52246854 -0.07142857
v -0.35529377 -0.56345668 0.07142857
v -0.39628191 -0.52246854 0.07142857
v -0.35529377 -0.56345668 0.21428571
v -0.39628191 -0.52246854 0.21428571
v -0.35529377 -0.56345668 0.35714286
v -0.39628191 -0.52246854 0.35714286
v -0.35529377 -0.56345668 0.50000000
v -0.39628191 -0.52246854 0.50000000
v -0.35529377 -0.56345668 0.64285714
v -0.39628191 -0.52246854 0.64285714
v -0.35529377 -0.56345668 0.78571429
v -0.39628191 -0.52246854 0.78571429
v -0.35529377 -0.56345668 0.92857143
v -0.39628191 -0.52246854 0.92857143
v -0.35529377 -0.52246854 1.00000000
v -0.35529377 -0.44049225 -1.00000000
v -0.35529377 -0.44049225 1.00000000
v -0.35529377 -0.35851596 -1.00000000
v -0.35529377 -0.35851596 1.00000000
v -0.35529377 -0.27653967 -1.00000000
v -0.35529377 -0.27653967 1.00000000
v -0.35529377 -0.19456338 -1.00000000
v -0.35529377 -0.19456338 1.00000000
v -0.35529377 -0.11258709 -1.00000000
v -0.35529377 -0.11258709 1.00000000
v -0.35529377 -0.03061080 -1.00000000
v -0.35529377 -0.03061080 1.00000000
v -0.35529377 0.05136549 -1.00000000
v -0.35529377 0.05136549 1.00000000
v -0.35529377 0.13334178 -1.00000000
v -0.35529377 0.13334178 1.00000000
v -0.35529377 0.21531807 -1.00000000
v -0.35529377 0.21531807 1.00000000
v -0.35529377 0.29729436 -1.00000000
v -0.35529377 0.29729436 1.00000000
v -0.35529377 0.37927065 -1.00000000
v -0.35529377 0.37927065 1.00000000
v -0.35529377 0.46124694 -1.00000000
v -0.35529377 0.46124694 1.00000000
v -0.39628191 0.54322323 -0.92857143
v -0.35529377 0.54322323 -1.00000000
v -0.39628191 0.54322323 -0.78571429
v -0.39628191 0.54322323 -0.64285714
v -0.39628191 0.54322323 -0.50000000
v -0.39628191 0.54322323 -0.35714286
v -0.39628191 0.54322323 -0.21428571
v -0.39628191 0.54322323 -0.07142857
v -0.39628191 0.54322323 0.07142857
v -0.39628191 0.54322323 0.21428571
v -0.39628191 0.54322323 0.35714286
v -0.39628191 0.54322323 0.50000000
v -0.39628191 0.54322323 0.64285714
v -0.39628191 0.54322323 0.78571429
v -0.39628191 0.54322323 0.92857143
v -0.35529377 0.54322323 1.00000000
v -0.35529377 0.58421137 -0.92857143
v -0.35529377 0.58421137 -0.78571429
v -0.35529377 0.58421137 -0.64285714
v -0.35529377 0.58421137 -0.50000000
v -0.35529377 0.58421137 -0.35714286
v -0.35529377 0.58421137 -0.21428571
v -0.35529377 0.58421137 -0.07142857
v -0.35529377 0.58421137 0.07142857
v -0.35529377 0.58421137 0.21428571
v -0.35529377 0.58421137 0.35714286
v -0.35529377 0.58421137 0.50000000
v -0.35529377 0.58421137 0.64285714
v -0.35529377 0.58421137 0.78571429
v -0.35529377 0.58421137 0.92857143
v -0.31430562 -0.60444483 -0.07142857
v -0.27331748 -0.60444483 -0.14285714
v -0.27331748 -0.64543297 -0.07142857
v -0.27331748 -0.64543297 0.07142857
v -0.31430562 -0.60444483 0.07142857
v -0.27331748 -0.64543297 0.21428571
v -0.31430562 -0.60444483 0.21428571
v -0.27331748 -0.64543297 0.35714286
v -0.31430562 -0.60444483 0.35714286
v -0.27331748 -0.64543297 0.50000000
v -0.31430562 -0.60444483 0.50000000
v -0.27331748 -0.64543297 0.64285714
v -0.31430562 -0.60444483 0.64285714
v -0.27331748 -0.64543297 0.78571429
v -0.31430562 -0.60444483 0.78571429
v -0.27331748 -0.60444483 0.85714286
v -0.27331748 -0.52246854 -1.00000000
v -0.27331748 -0.56345668 -0.92857143
v -0.27331748 -0.56345668 -0.78571429
v -0.27331748 -0.56345668 -0.64285714
v -0.27331748 -0.56345668 -0.50000000
v -0.27331748 -0.56345668 -0.35714286
v -0.27331748 -0.56345668 -0.21428571
v -0.27331748 -0.56345668 0.92857143
v -0.27331748 -0.52246854 1.00000000
v -0.27331748 -0.44049225 -1.00000000
v -0.27331748 -0.44049225 1.00000000
v -0.27331748 -0.35851596 -1.00000000
v -0.27331748 -0.35851596 1.00000000
v -0.27331748 -0.27653967 -1.00000000
v -0.27331748 -0.27653967 1.00000000
v -0.27331748 -0.19456338 -1.00000000
v -0.27331748 -0.19456338 1.00000000
v -0.27331748 -0.11258709 -1.00000000
v -0.27331748 -0.11258709 1.00000000
v -0.27331748 -0.03061080 -1.00000000
v -0.27331748 -0.03061080 1.00000000
v -0.27331748 0.05136549 -1.00000000
v -0.27331748 0.05136549 1.00000000
v -0.27331748 0.13334178 -1.00000000
v -0.27331748 0.13334178 1.00000000
v -0.27331748 0.21531807 -1.00000000
v -0.27331748 0.21531807 1.00000000
v -0.27331748 0.29729436 -1.00000000
v -0.27331748 0.29729436 1.00000000
v -0.27331748 0.37927065 -1.00000000
v -0.27331748 0.37927065 1.00000000
v -0.27331748 0.46124694 -1.00000000
v -0.27331748 0.46124694 1.00000000
v -0.27331748 0.54322323 -1.00000000
v -0.27331748 0.54322323 1.00000000
v -0.31430562 0.62519952 -0.92857143
v -0.27331748 0.62519952 -1.00000000
v -0.31430562 0.62519952 -0.78571429
v -0.31430562 0.62519952 -0.64285714
v -0.31430562 0.62519952 -0.50000000
v -0.31430562 0.62519952 -0.35714286
v -0.31430562 0.62519952 -0.21428571
v -0.31430562 0.62519952 -0.07142857
v -0.31430562 0.62519952 0.07142857
v -0.31430562 0.62519952 0.21428571
v -0.31430562 0.62519952 0.35714286
v -0.31430562 0.62519952 0.50000000
v -0.31430562 0.62519952 0.64285714
v -0.31430562 0.62519952 0.78571429
v -0.31430562 0.62519952 0.92857143
v -0.27331748 0.62519952 1.00000000
v -0.27331748 0.66618766 -0.92857143
v -0.27331748 0.66618766 -0.78571429
v -0.27331748 0.66618766 -0.64285714
v -0.27331748 0.66618766 -0.50000000
v -0.27331748 0.66618766 -0.35714286
v -0.27331748 0.66618766 -0.21428571
v -0.27331748 0.66618766 -0.07142857
v -0.27331748 0.66618766 0.07142857
v -0.27331748 0.66618766 0.21428571
v -0.27331748 0.66618766 0.35714286
v -0.27331748 0.66618766 0.50000000
v -0.27331748 0.66618766 0.64285714
v -0.27331748 0.66618766 0.78571429
v -0.27331748 0.66618766 0.92857143
v -0.23232933 -0.68642111 -0.35714286
v -0.19134119 -0.68642111 -0.42857143
v -0.19134119 -0.72740926 -0.35714286
v -0.19134119 -0.68642111 -0.28571429
v -0.23232933 -0.68642111 0.92857143
v -0.19134119 -0.68642111 0.85714286
v -0.19134119 -0.72740926 0.92857143
v -0.19134119 -0.68642111 1.00000000
v -0.23232933 -0.60444483 -0.92857143
v -0.19134119 -0.60444483 -1.00000000
v -0.19134119 -0.64543297 -0.92857143
v -0.19134119 -0.64543297 -0.78571429
v -0.23232933 -0.60444483 -0.78571429
v -0.19134119 -0.64543297 -0.64285714
v -0.23232933 -0.60444483 -0.64285714
v -0.19134119 -0.64543297 -0.50000000
v -0.23232933 -0.60444483 -0.50000000
v -0.23232933 -0.60444483 -0.35714286
v -0.19134119 -0.64543297 -0.21428571
v -0.23232933 -0.60444483 -0.21428571
v -0.19134119 -0.64543297 -0.07142857
v -0.19134119 -0.64543297 0.07142857
v -0.19134119 -0.64543297 0.21428571
v -0.19134119 -0.64543297 0.35714286
v -0.19134119 -0.64543297 0.50000000
v -0.19134119 -0.64543297 0.64285714
v -0.19134119 -0.64543297 0.78571429
v -0.23232933 -0.60444483 0.92857143
v -0.19134119 -0.60444483 1.00000000
v -0.19134119 -0.52246854 -1.00000000
v -0.19134119 -0.52246854 1.00000000
v -0.19134119 -0.44049225 -1.00000000
v -0.19134119 -0.44049225 1.00000000
v -0.19134119 -0.35851596 -1.00000000
v -0.19134119 -0.35851596 1.00000000
v -0.19134119 -0.27653967 -1.00000000
v -0.19134119 -0.27653967 1.00000000
v -0.19134119 -0.19456338 -1.00000000
v -0.19134119 -0.19456338 1.00000000
v -0.19134119 -0.11258709 -1.00000000
v -0.19134119 -0.11258709 1.00000000
v -0.19134119 -0.03061080 -1.00000000
v -0.19134119 -0.03061080 1.00000000
v -0.19134119 0.05136549 -1.00000000
v -0.19134119 0.05136549 1.00000000
v -0.19134119 0.13334178 -1.00000000
v -0.19134119 0.13334178 1.00000000
v -0.19134119 0.21531807 -1.00000000
v -0.19134119 0.21531807 1.00000000
v -0.19134119 0.29729436 -1.00000000
v -0.19134119 0.29729436 1.00000000
v -0.19134119 0.37927065 -1.00000000
v -0.19134119 0.37927065 1.00000000
v -0.19134119 0.46124694 -1.00000000
v -0.19134119 0.46124694 1.00000000
v -0.19134119 0.54322323 -1.00000000
v -0.19134119 0.54322323 1.00000000
v -0.19134119 0.62519952 -1.00000000
v -0.19134119 0.62519952 1.00000000
v -0.23232933 0.70717581 -0.92857143
v -0.19134119 0.70717581 -1.00000000
v -0.23232933 0.70717581 -0.78571429
v -0.23232933 0.70717581 -0.64285714
v -0.23232933 0.70717581 -0.50000000
v -0.23232933 0.70717581 -0.35714286
v -0.23232933 0.70717581 -0.21428571
v -0.23232933 0.70717581 -0.07142857
v -0.23232933 0.70717581 0.07142857
v -0.23232933 0.70717581 0.21428571
v -0.23232933 0.70717581 0.35714286
v -0.23232933 0.70717581 0.50000000
v -0.23232933 0.70717581 0.64285714
v -0.23232933 0.70717581 0.78571429
v -0.23232933 0.70717581 0.92857143
v -0.19134119 0.70717581 1.00000000
v -0.19134119 0.74816395 -0.92857143
v -0.19134119 0.74816395 -0.78571429
v -0.19134119 0.74816395 -0.64285714
v -0.19134119 0.74816395 -0.50000000
v -0.19134119 0.74816395 -0.35714286
v -0.19134119 0.74816395 -0.21428571
v -0.19134119 0.74816395 -0.07142857
v -0.19134119 0.74816395 0.07142857
v -0.19134119 0.74816395 0.21428571
v -0.19134119 0.74816395 0.35714286
v -0.19134119 0.74816395 0.50000000
v -0.19134119 0.74816395 0.64285714
v -0.19134119 0.74816395 0.78571429
v -0.19134119 0.74816395 0.92857143
v -0.15035304 -0.68642111 -0.92857143
v -0.10936490 -0.68642111 -1.00000000
v -0.10936490 -0.72740926 -0.92857143
v -0.10936490 -0.72740926 -0.78571429
v -0.15035304 -0.68642111 -0.78571429
v -0.10936490 -0.72740926 -0.64285714
v -0.15035304 -0.68642111 -0.64285714
v -0.10936490 -0.72740926 -0.50000000
v -0.15035304 -0.68642111 -0.50000000
v -0.10936490 -0.72740926 -0.35714286
v -0.10936490 -0.72740926 -0.21428571
v -0.15035304 -0.68642111 -0.21428571
v -0.10936490 -0.72740926 -0.07142857
v -0.15035304 -0.68642111 -0.07142857
v -0.10936490 -0.72740926 0.07142857
v -0.15035304 -0.68642111 0.07142857
v -0.10936490 -0.72740926 0.21428571
v -0.15035304 -0.68642111 0.21428571
v -0.10936490 -0.72740926 0.35714286
v -0.15035304 -0.68642111 0.35714286
v -0.10936490 -0.72740926 0.50000000
v -0.15035304 -0.68642111 0.50000000
v -0.10936490 -0.72740926 0.64285714
v -0.15035304 -0.68642111 0.64285714
v -0.10936490 -0.72740926 0.78571429
v -0.15035304 -0.68642111 0.78571429
v -0.10936490 -0.72740926 0.92857143
v -0.10936490 -0.68642111 1.00000000
v -0.10936490 -0.60444483 -1.00000000
v -0.10936490 -0.60444483 1.00000000
v -0.10936490 -0.52246854 -1.00000000
v -0.10936490 -0.52246854 1.00000000
v -0.10936490 -0.44049225 -1.00000000
v -0.10936490 -0.44049225 1.00000000
v -0.10936490 -0.35851596 -1.00000000
v -0.10936490 -0.35851596 1.00000000
v -0.10936490 -0.27653967 -1.00000000
v -0.10936490 -0.27653967 1.00000000
v -0.10936490 -0.19456338 -1.00000000
v -0.10936490 -0.19456338 1.00000000
v -0.10936490 -0.11258709 -1.00000000
v -0.10936490 -0.11258709 1.00000000
v -0.10936490 -0.03061080 -1.00000000
v -0.10936490 -0.03061080 1.00000000
v -0.10936490 0.05136549 -1.00000000
v -0.10936490 0.05136549 1.00000000
v -0.10936490 0.13334178 -1.00000000
v -0.10936490 0.13334178 1.00000000
v -0.10936490 0.21531807 -1.00000000
v -0.10936490 0.21531807 1.00000000
v -0.10936490 0.29729436 -1.00000000
v -0.10936490 0.29729436 1.00000000
v -0.10936490 0.37927065 -1.00000000
v -0.10936490 0.37927065 1.00000000
v -0.10936490 0.46124694 -1.00000000
v -0.10936490 0.46124694 1.00000000
v -0.10936490 0.54322323 -1.00000000
v -0.10936490 0.54322323 1.00000000
v -0.10936490 0.62519952 -1.00000000
v -0.10936490 0.62519952 1.00000000
v -0.10936490 0.70717581 -1.00000000
v -0.10936490 0.70717581 1.00000000
v -0.15035304 0.78915210 -0.92857143
v -0.10936490 0.78915210 -1.00000000
v -0.15035304 0.78915210 -0.78571429
v -0.15035304 0.78915210 -0.64285714
v -0.15035304 0.78915210 -0.50000000
v -0.15035304 0.78915210 -0.35714286
v -0.15035304 0.78915210 -0.21428571
v -0.15035304 0.78915210 -0.07142857
v -0.15035304 0.78915210 0.07142857
v -0.15035304 0.78915210 0.21428571
v -0.15035304 0.78915210 0.35714286
v -0.15035304 0.78915210 0.50000000
v -0.15035304 0.78915210 0.64285714
v -0.15035304 0.78915210 0.78571429
v -0.15035304 0.78915210 0.92857143
v -0.10936490 0.78915210 1.00000000
v -0.15035304 0.87112838 -0.92857143
v -0.10936490 0.87112838 -1.00000000
v -0.15035304 0.87112838 -0.78571429
v -0.15035304 0.87112838 -0.64285714
v -0.15035304 0.87112838 -0.50000000
v -0.15035304 0.87112838 -0.35714286
v -0.15035304 0.87112838 -0.21428571
v -0.15035304 0.87112838 -0.07142857
v -0.15035304 0.87112838 0.07142857
v -0.10936490 0.87112838 0.14285714
v -0.10936490 0.83014024 0.21428571
v -0.10936490 0.83014024 0.35714286
v -0.10936490 0.83014024 0.50000000
v -0.10936490 0.83014024 0.64285714
v -0.10936490 0.83014024 0.78571429
v -0.10936490 0.83014024 0.92857143
v -0.10936490 0.91211653 -0.92857143
v -0.10936490 0.91211653 -0.78571429
v -0.10936490 0.91211653 -0.64285714
v -0.10936490 0.91211653 -0.50000000
v -0.10936490 0.91211653 -0.35714286
v -0.10936490 0.91211653 -0.21428571
v -0.10936490 0.91211653 -0.07142857
v -0.10936490 0.91211653 0.07142857
v -0.06837675 -0.76839740 -0.92857143
v -0.02738861 -0.76839740 -1.00000000
v -0.02738861 -0.80938555 -0.92857143
v -0.02738861 -0.80938555 -0.78571429
v -0.06837675 -0.76839740 -0.78571429
v -0.02738861 -0.80938555 -0.64285714
v -0.06837675 -0.76839740 -0.64285714
v -0.02738861 -0.80938555 -0.50000000
v -0.06837675 -0.76839740 -0.50000000
v -0.02738861 -0.80938555 -0.35714286
v -0.06837675 -0.76839740 -0.35714286
v -0.02738861 -0.80938555 -0.21428571
v -0.06837675 -0.76839740 -0.21428571
v -0.02738861 -0.80938555 -0.07142857
v -0.06837675 -0.76839740 -0.07142857
v -0.02738861 -0.80938555 0.07142857
v -0.06837675 -0.76839740 0.07142857
v -0.02738861 -0.80938555 0.21428571
v -0.06837675 -0.76839740 0.21428571
v -0.02738861 -0.80938555 0.35714286
v -0.06837675 -0.76839740 0.35714286
v -0.02738861 -0.80938555 0.50000000
v -0.06837675 -0.76839740 0.50000000
v -0.02738861 -0.80938555 0.64285714
v -0.06837675 -0.76839740 0.64285714
v -0.02738861 -0.80938555 0.78571429
v -0.06837675 -0.76839740 0.78571429
v -0.02738861 -0.80938555 0.92857143
v -0.06837675 -0.76839740 0.92857143
v -0.02738861 -0.76839740 1.00000000
v -0.02738861 -0.68642111 -1.00000000
v -0.02738861 -0.68642111 1.00000000
v -0.02738861 -0.60444483 -1.00000000
v -0.02738861 -0.60444483 1.00000000
v -0.02738861 -0.52246854 -1.00000000
v -0.02738861 -0.52246854 1.00000000
v -0.02738861 -0.44049225 -1.00000000
v -0.02738861 -0.44049225 1.00000000
v -0.02738861 -0.35851596 -1.00000000
v -0.02738861 -0.35851596 1.00000000
v -0.02738861 -0.27653967 -1.00000000
v -0.02738861 -0.27653967 1.00000000
v -0.02738861 -0.19456338 -1.00000000
v -0.02738861 -0.19456338 1.00000000
v -0.02738861 -0.11258709 -1.00000000
v -0.02738861 -0.11258709 1.00000000
v -0.02738861 -0.03061080 -1.00000000
v -0.02738861 -0.03061080 1.00000000
v -0.02738861 0.05136549 -1.00000000
v -0.02738861 0.05136549 1.00000000
v -0.02738861 0.13334178 -1.00000000
v -0.02738861 0.13334178 1.00000000
v -0.02738861 0.21531807 -1.00000000
v -0.02738861 0.21531807 1.00000000
v -0.02738861 0.29729436 -1.00000000
v -0.02738861 0.29729436 1.00000000
v -0.02738861 0.37927065 -1.00000000
v -0.02738861 0.37927065 1.00000000
v -0.02738861 0.46124694 -1.00000000
v -0.02738861 0.46124694 1.00000000
v -0.02738861 0.54322323 -1.00000000
v -0.02738861 0.54322323 1.00000000
v -0.02738861 0.62519952 -1.00000000
v -0.02738861 0.62519952 1.00000000
v -0.02738861 0.70717581 -1.00000000
v -0.02738861 0.70717581 1.00000000
v -0.02738861 0.78915210 -1.00000000
v -0.02738861 0.78915210 1.00000000
v -0.02738861 0.87112838 -1.00000000
v -0.06837675 0.87112838 0.21428571
v -0.02738861 0.87112838 0.28571429
v -0.02738861 0.83014024 0.35714286
v -0.02738861 0.83014024 0.50000000
v -0.02738861 0.83014024 0.64285714
v -0.02738861 0.83014024 0.78571429
v -0.02738861 0.83014024 0.92857143
v -0.02738861 0.91211653 -0.92857143
v -0.02738861 0.91211653 -0.78571429
v -0.02738861 0.91211653 -0.64285714
v -0.02738861 0.91211653 -0.50000000
v -0.02738861 0.91211653 -0.35714286
v -0.02738861 0.91211653 -0.21428571
v -0.02738861 0.91211653 -0.07142857
v -0.02738861 0.91211653 0.07142857
v -0.02738861 0.91211653 0.21428571
v 0.01359953 -0.85037369 -0.92857143
v 0.05458768 -0.85037369 -1.00000000
v 0.05458768 -0.89136184 -0.92857143
v 0.05458768 -0.89136184 -0.78571429
v 0.01359953 -0.85037369 -0.78571429
v 0.05458768 -0.89136184 -0.64285714
v 0.01359953 -0.85037369 -0.64285714
v 0.05458768 -0.89136184 -0.50000000
v 0.01359953 -0.85037369 -0.50000000
v 0.05458768 -0.89136184 -0.35714286
v 0.01359953 -0.85037369 -0.35714286
v 0.05458768 -0.89136184 -0.21428571
v 0.01359953 -0.85037369 -0.21428571
v 0.05458768 -0.89136184 -0.07142857
v 0.01359953 -0.85037369 -0.07142857
v 0.05458768 -0.89136184 0.07142857
v 0.01359953 -0.85037369 0.07142857
v 0.05458768 -0.89136184 0.21428571
v 0.01359953 -0.85037369 0.21428571
v 0.05458768 -0.89136184 0.35714286
v 0.01359953 -0.85037369 0.35714286
v 0.05458768 -0.89136184 0.50000000
v 0.01359953 -0.85037369 0.50000000
v 0.05458768 -0.89136184 0.64285714
v 0.01359953 -0.85037369 0.64285714
v 0.05458768 -0.89136184 0.78571429
v 0.01359953 -0.85037369 0.78571429
v 0.05458768 -0.89136184 0.92857143
v 0.01359953 -0.85037369 0.92857143
v 0.05458768 -0.85037369 1.00000000
v 0.05458768 -0.76839740 -1.00000000
v 0.05458768 -0.76839740 1.00000000
v 0.05458768 -0.68642111 -1.00000000
v 0.05458768 -0.68642111 1.00000000
v 0.05458768 -0.60444483 -1.00000000
v 0.05458768 -0.60444483 1.00000000
v 0.05458768 -0.52246854 -1.00000000
v 0.05458768 -0.52246854 1.00000000
v 0.05458768 -0.44049225 -1.00000000
v 0.05458768 -0.44049225 1.00000000
v 0.05458768 -0.35851596 -1.00000000
v 0.05458768 -0.35851596 1.00000000
v 0.05458768 -0.27653967 -1.00000000
v 0.05458768 -0.27653967 1.00000000
v 0.05458768 -0.19456338 -1.00000000
v 0.05458768 -0.19456338 1.00000000
v 0.05458768 -0.11258709 -1.00000000
v 0.05458768 -0.11258709 1.00000000
v 0.05458768 -0.03061080 -1.00000000
v 0.05458768 -0.03061080 1.00000000
v 0.05458768 0.05136549 -1.00000000
v 0.05458768 0.05136549 1.00000000
v 0.05458768 0.13334178 -1.00000000
v 0.05458768 0.13334178 1.00000000
v 0.05458768 0.21531807 -1.00000000
v 0.05458768 0.21531807 1.00000000
v 0.05458768 0.29729436 -1.00000000
v 0.05458768 0.29729436 1.00000000
v 0.05458768 0.37927065 -1.00000000
v 0.05458768 0.37927065 1.00000000
v 0.05458768 0.46124694 -1.00000000
v 0.05458768 0.46124694 1.00000000
v 0.05458768 0.54322323 -1.00000000
v 0.05458768 0.54322323 1.00000000
v 0.05458768 0.62519952 -1.00000000
v 0.05458768 0.62519952 1.00000000
v 0.05458768 0.70717581 -1.00000000
v 0.05458768 0.70717581 1.00000000
v 0.05458768 0.78915210 -1.00000000
v 0.05458768 0.78915210 1.00000000
v 0.05458768 0.83014024 -0.92857143
v 0.01359953 0.87112838 -0.92857143
v 0.01359953 0.87112838 -0.78571429
v 0.05458768 0.83014024 -0.78571429
v 0.01359953 0.87112838 -0.64285714
v 0.05458768 0.83014024 -0.64285714
v 0.01359953 0.87112838 -0.50000000
v 0.05458768 0.83014024 -0.50000000
v 0.01359953 0.87112838 -0.35714286
v 0.05458768 0.83014024 -0.35714286
v 0.01359953 0.87112838 -0.21428571
v 0.05458768 0.83014024 -0.21428571
v 0.01359953 0.87112838 -0.07142857
v 0.05458768 0.83014024 -0.07142857
v 0.01359953 0.87112838 0.07142857
v 0.05458768 0.83014024 0.07142857
v 0.01359953 0.87112838 0.21428571
v 0.05458768 0.83014024 0.21428571
v 0.05458768 0.83014024 0.35714286
v 0.05458768 0.83014024 0.50000000
v 0.05458768 0.83014024 0.64285714
v 0.05458768 0.83014024 0.78571429
v 0.05458768 0.83014024 0.92857143
v 0.13656397 -0.85037369 -1.00000000
v 0.13656397 -0.89136184 -0.92857143
v 0.13656397 -0.89136184 -0.78571429
v 0.13656397 -0.89136184 -0.64285714
v 0.13656397 -0.89136184 -0.50000000
v 0.13656397 -0.89136184 -0.35714286
v 0.13656397 -0.89136184 -0.21428571
v 0.13656397 -0.89136184 -0.07142857
v 0.13656397 -0.89136184 0.07142857
v 0.09557582 -0.85037369 0.21428571
v 0.13656397 -0.85037369 0.14285714
v 0.09557582 -0.85037369 0.35714286
v 0.09557582 -0.85037369 0.50000000
v 0.13656397 -0.85037369 0.57142857
v 0.13656397 -0.89136184 0.64285714
v 0.09557582 -0.85037369 0.78571429
v 0.13656397 -0.85037369 0.71428571
v 0.09557582 -0.85037369 0.92857143
v 0.13656397 -0.76839740 -1.00000000
v 0.13656397 -0.80938555 0.21428571
v 0.13656397 -0.80938555 0.35714286
v 0.13656397 -0.80938555 0.50000000
v 0.13656397 -0.80938555 0.78571429
v 0.13656397 -0.80938555 0.92857143
v 0.13656397 -0.76839740 1.00000000
v 0.13656397 -0.68642111 -1.00000000
v 0.13656397 -0.68642111 1.00000000
v 0.13656397 -0.60444483 -1.00000000
v 0.13656397 -0.60444483 1.00000000
v 0.13656397 -0.52246854 -1.00000000
v 0.13656397 -0.52246854 1.00000000
v 0.13656397 -0.44049225 -1.00000000
v 0.13656397 -0.44049225 1.00000000
v 0.13656397 -0.35851596 -1.00000000
v 0.13656397 -0.35851596 1.00000000
v 0.13656397 -0.27653967 -1.00000000
v 0.13656397 -0.27653967 1.00000000
v 0.13656397 -0.19456338 -1.00000000
v 0.13656397 -0.19456338 1.00000000
v 0.13656397 -0.11258709 -1.00000000
v 0.13656397 -0.11258709 1.00000000
v 0.13656397 -0.03061080 -1.00000000
v 0.13656397 -0.03061080 1.00000000
v 0.13656397 0.05136549 -1.00000000
v 0.13656397 0.05136549 1.00000000
v 0.13656397 0.13334178 -1.00000000
v 0.13656397 0.13334178 1.00000000
v 0.13656397 0.21531807 -1.00000000
v 0.13656397 0.21531807 1.00000000
v 0.13656397 0.29729436 -1.00000000
v 0.13656397 0.29729436 1.00000000
v 0.13656397 0.37927065 -1.00000000
v 0.13656397 0.37927065 1.00000000
v 0.13656397 0.46124694 -1.00000000
v 0.13656397 0.46124694 1.00000000
v 0.13656397 0.54322323 -1.00000000
v 0.13656397 0.54322323 1.00000000
v 0.13656397 0.62519952 -1.00000000
v 0.13656397 0.62519952 1.00000000
v 0.13656397 0.70717581 -1.00000000
v 0.13656397 0.70717581 1.00000000
v 0.13656397 0.74816395 -0.92857143
v 0.09557582 0.78915210 -0.92857143
v 0.09557582 0.78915210 -0.78571429
v 0.13656397 0.74816395 -0.78571429
v 0.09557582 0.78915210 -0.64285714
v 0.13656397 0.74816395 -0.64285714
v 0.09557582 0.78915210 -0.50000000
v 0.13656397 0.74816395 -0.50000000
v 0.09557582 0.78915210 -0.35714286
v 0.13656397 0.74816395 -0.35714286
v 0.09557582 0.78915210 -0.21428571
v 0.13656397 0.74816395 -0.21428571
v 0.09557582 0.78915210 -0.07142857
v 0.13656397 0.74816395 -0.07142857
v 0.09557582 0.78915210 0.07142857
v 0.13656397 0.74816395 0.07142857
v 0.09557582 0.78915210 0.21428571
v 0.13656397 0.74816395 0.21428571
v 0.09557582 0.78915210 0.35714286
v 0.13656397 0.74816395 0.35714286
v 0.09557582 0.78915210 0.50000000
v 0.13656397 0.74816395 0.50000000
v 0.09557582 0.78915210 0.64285714
v 0.13656397 0.74816395 0.64285714
v 0.09557582 0.78915210 0.78571429
v 0.13656397 0.74816395 0.78571429
v 0.09557582 0.78915210 0.92857143
v 0.13656397 0.74816395 0.92857143
v 0.17755211 -0.85037369 -0.92857143
v 0.17755211 -0.85037369 -0.78571429
v 0.17755211 -0.85037369 -0.64285714
v 0.17755211 -0.85037369 -0.50000000
v 0.17755211 -0.85037369 -0.35714286
v 0.17755211 -0.85037369 -0.21428571
v 0.17755211 -0.85037369 -0.07142857
v 0.17755211 -0.85037369 0.07142857
v 0.17755211 -0.85037369 0.64285714
v 0.17755211 -0.76839740 -0.92857143
v 0.17755211 -0.76839740 -0.78571429
v 0.17755211 -0.76839740 -0.64285714
v 0.17755211 -0.76839740 -0.50000000
v 0.17755211 -0.76839740 -0.35714286
v 0.17755211 -0.76839740 -0.21428571
v 0.17755211 -0.76839740 -0.07142857
v 0.17755211 -0.76839740 0.07142857
v 0.17755211 -0.76839740 0.21428571
v 0.17755211 -0.76839740 0.35714286
v 0.17755211 -0.76839740 0.50000000
v 0.17755211 -0.76839740 0.64285714
v 0.17755211 -0.76839740 0.78571429
v 0.17755211 -0.76839740 0.92857143
v 0.21854026 -0.68642111 -1.00000000
v 0.21854026 -0.72740926 -0.92857143
v 0.21854026 -0.72740926 -0.78571429
v 0.21854026 -0.72740926 -0.64285714
v 0.21854026 -0.72740926 -0.50000000
v 0.21854026 -0.72740926 -0.35714286
v 0.21854026 -0.72740926 -0.21428571
v 0.21854026 -0.72740926 -0.07142857
v 0.21854026 -0.72740926 0.07142857
v 0.21854026 -0.72740926 0.21428571
v 0.21854026 -0.72740926 0.35714286
v 0.21854026 -0.72740926 0.50000000
v 0.21854026 -0.72740926 0.64285714
v 0.21854026 -0.72740926 0.78571429
v 0.21854026 -0.72740926 0.92857143
v 0.21854026 -0.68642111 1.00000000
v 0.21854026 -0.60444483 -1.00000000
v 0.21854026 -0.60444483 1.00000000
v 0.21854026 -0.52246854 -1.00000000
v 0.21854026 -0.52246854 1.00000000
v 0.21854026 -0.44049225 -1.00000000
v 0.21854026 -0.44049225 1.00000000
v 0.21854026 -0.35851596 -1.00000000
v 0.21854026 -0.35851596 1.00000000
v 0.21854026 -0.27653967 -1.00000000
v 0.21854026 -0.27653967 1.00000000
v 0.21854026 -0.19456338 -1.00000000
v 0.21854026 -0.19456338 1.00000000
v 0.21854026 -0.11258709 -1.00000000
v 0.21854026 -0.11258709 1.00000000
v 0.21854026 -0.03061080 -1.00000000
v 0.21854026 -0.03061080 1.00000000
v 0.21854026 0.05136549 -1.00000000
v 0.21854026 0.05136549 1.00000000
v 0.21854026 0.13334178 -1.00000000
v 0.21854026 0.13334178 1.00000000
v 0.21854026 0.21531807 -1.00000000
v 0.21854026 0.21531807 1.00000000
v 0.21854026 0.29729436 -1.00000000
v 0.21854026 0.29729436 1.00000000
v 0.21854026 0.37927065 -1.00000000
v 0.21854026 0.37927065 1.00000000
v 0.21854026 0.46124694 -1.00000000
v 0.21854026 0.46124694 1.00000000
v 0.21854026 0.54322323 -1.00000000
v 0.21854026 0.54322323 1.00000000
v 0.21854026 0.62519952 -1.00000000
v 0.21854026 0.62519952 1.00000000
v 0.21854026 0.70717581 -1.00000000
v 0.17755211 0.70717581 -0.78571429
v 0.21854026 0.66618766 -0.78571429
v 0.21854026 0.70717581 -0.85714286
v 0.17755211 0.70717581 -0.64285714
v 0.21854026 0.66618766 -0.64285714
v 0.17755211 0.70717581 -0.50000000
v 0.21854026 0.66618766 -0.50000000
v 0.17755211 0.70717581 -0.35714286
v 0.21854026 0.66618766 -0.35714286
v 0.17755211 0.70717581 -0.21428571
v 0.21854026 0.66618766 -0.21428571
v 0.17755211 0.70717581 -0.07142857
v 0.21854026 0.66618766 -0.07142857
v 0.17755211 0.70717581 0.07142857
v 0.21854026 0.66618766 0.07142857
v 0.17755211 0.70717581 0.21428571
v 0.21854026 0.66618766 0.21428571
v 0.17755211 0.70717581 0.35714286
v 0.21854026 0.66618766 0.35714286
v 0.17755211 0.70717581 0.50000000
v 0.21854026 0.66618766 0.50000000
v 0.17755211 0.70717581 0.64285714
v 0.21854026 0.66618766 0.64285714
v 0.17755211 0.70717581 0.78571429
v 0.21854026 0.66618766 0.78571429
v 0.17755211 0.70717581 0.92857143
v 0.21854026 0.66618766 0.92857143
v 0.21854026 0.74816395 -0.92857143
v 0.25952840 -0.68642111 -0.92857143
v 0.25952840 -0.68642111 -0.78571429
v 0.25952840 -0.68642111 -0.64285714
v 0.25952840 -0.68642111 -0.50000000
v 0.25952840 -0.68642111 -0.35714286
v 0.25952840 -0.68642111 -0.21428571
v 0.25952840 -0.68642111 -0.07142857
v 0.25952840 -0.68642111 0.07142857
v 0.25952840 -0.68642111 0.21428571
v 0.25952840 -0.68642111 0.35714286
v 0.25952840 -0.68642111 0.50000000
v 0.25952840 -0.68642111 0.64285714
v 0.25952840 -0.68642111 0.78571429
v 0.25952840 -0.68642111 0.92857143
v 0.30051655 -0.60444483 -1.00000000
v 0.30051655 -0.64543297 -0.92857143
v 0.30051655 -0.64543297 -0.78571429
v 0.30051655 -0.64543297 -0.64285714
v 0.30051655 -0.64543297 -0.50000000
v 0.30051655 -0.64543297 -0.35714286
v 0.30051655 -0.64543297 -0.21428571
v 0.30051655 -0.64543297 -0.07142857
v 0.30051655 -0.64543297 0.07142857
v 0.30051655 -0.64543297 0.21428571
v 0.30051655 -0.64543297 0.35714286
v 0.30051655 -0.64543297 0.50000000
v 0.30051655 -0.64543297 0.64285714
v 0.30051655 -0.64543297 0.78571429
v 0.30051655 -0.64543297 0.92857143
v 0.30051655 -0.60444483 1.00000000
v 0.30051655 -0.52246854 -1.00000000
v 0.30051655 -0.52246854 1.00000000
v 0.30051655 -0.44049225 -1.00000000
v 0.30051655 -0.44049225 1.00000000
v 0.30051655 -0.35851596 -1.00000000
v 0.30051655 -0.35851596 1.00000000
v 0.30051655 -0.27653967 -1.00000000
v 0.30051655 -0.27653967 1.00000000
v 0.30051655 -0.19456338 -1.00000000
v 0.30051655 -0.19456338 1.00000000
v 0.30051655 -0.11258709 -1.00000000
v 0.30051655 -0.11258709 1.00000000
v 0.30051655 -0.03061080 -1.00000000
v 0.30051655 -0.03061080 1.00000000
v 0.30051655 0.05136549 -1.00000000
v 0.30051655 0.05136549 1.00000000
v 0.30051655 0.13334178 -1.00000000
v 0.30051655 0.13334178 1.00000000
v 0.30051655 0.21531807 -1.00000000
v 0.30051655 0.21531807 1.00000000
v 0.30051655 0.29729436 -1.00000000
v 0.30051655 0.29729436 1.00000000
v 0.30051655 0.37927065 -1.00000000
v 0.30051655 0.37927065 1.00000000
v 0.30051655 0.46124694 -1.00000000
v 0.30051655 0.46124694 1.00000000
v 0.30051655 0.54322323 -1.00000000
v 0.30051655 0.54322323 1.00000000
v 0.30051655 0.62519952 -1.00000000
v 0.25952840 0.62519952 0.92857143
v 0.30051655 0.58421137 0.92857143
v 0.30051655 0.62519952 0.85714286
v 0.30051655 0.66618766 -0.92857143
v 0.25952840 0.70717581 -0.92857143
v 0.30051655 0.66618766 -0.78571429
v 0.30051655 0.66618766 -0.64285714
v 0.30051655 0.66618766 -0.50000000
v 0.30051655 0.66618766 -0.35714286
v 0.30051655 0.66618766 -0.21428571
v 0.30051655 0.66618766 -0.07142857
v 0.30051655 0.66618766 0.07142857
v 0.30051655 0.66618766 0.21428571
v 0.30051655 0.66618766 0.35714286
v 0.30051655 0.66618766 0.50000000
v 0.30051655 0.66618766 0.64285714
v 0.30051655 0.66618766 0.78571429
v 0.34150469 -0.60444483 -0.92857143
v 0.34150469 -0.60444483 -0.78571429
v 0.34150469 -0.60444483 -0.64285714
v 0.34150469 -0.60444483 -0.50000000
v 0.34150469 -0.60444483 -0.35714286
v 0.38249284 -0.60444483 -0.28571429
v 0.38249284 -0.64543297 -0.21428571
v 0.38249284 -0.64543297 -0.07142857
v 0.34150469 -0.60444483 0.07142857
v 0.38249284 -0.60444483 0.00000000
v 0.34150469 -0.60444483 0.21428571
v 0.34150469 -0.60444483 0.35714286
v 0.34150469 -0.60444483 0.50000000
v 0.34150469 -0.60444483 0.64285714
v 0.34150469 -0.60444483 0.78571429
v 0.34150469 -0.60444483 0.92857143
v 0.38249284 -0.52246854 -1.00000000
v 0.38249284 -0.56345668 -0.92857143
v 0.38249284 -0.56345668 -0.78571429
v 0.38249284 -0.56345668 -0.64285714
v 0.38249284 -0.56345668 -0.50000000
v 0.38249284 -0.56345668 -0.35714286
v 0.38249284 -0.56345668 0.07142857
v 0.38249284 -0.56345668 0.21428571
v 0.38249284 -0.56345668 0.35714286
v 0.38249284 -0.56345668 0.50000000
v 0.38249284 -0.56345668 0.64285714
v 0.38249284 -0.56345668 0.78571429
v 0.38249284 -0.56345668 0.92857143
v 0.38249284 -0.52246854 1.00000000
v 0.38249284 -0.44049225 -1.00000000
v 0.38249284 -0.44049225 1.00000000
v 0.38249284 -0.35851596 -1.00000000
v 0.38249284 -0.35851596 1.00000000
v 0.38249284 -0.27653967 -1.00000000
v 0.38249284 -0.27653967 1.00000000
v 0.38249284 -0.19456338 -1.00000000
v 0.38249284 -0.19456338 1.00000000
v 0.38249284 -0.11258709 -1.00000000
v 0.38249284 -0.11258709 1.00000000
v 0.38249284 -0.03061080 -1.00000000
v 0.38249284 -0.03061080 1.00000000
v 0.38249284 0.05136549 -1.00000000
v 0.38249284 0.05136549 1.00000000
v 0.38249284 0.13334178 -1.00000000
v 0.38249284 0.13334178 1.00000000
v 0.38249284 0.21531807 -1.00000000
v 0.38249284 0.21531807 1.00000000
v 0.38249284 0.29729436 -1.00000000
v 0.38249284 0.29729436 1.00000000
v 0.38249284 0.37927065 -1.00000000
v 0.38249284 0.37927065 1.00000000
v 0.38249284 0.46124694 -1.00000000
v 0.38249284 0.46124694 1.00000000
v 0.38249284 0.54322323 -1.00000000
v 0.38249284 0.54322323 1.00000000
v 0.38249284 0.58421137 -0.92857143
v 0.34150469 0.62519952 -0.92857143
v 0.34150469 0.62519952 -0.78571429
v 0.38249284 0.58421137 -0.78571429
v 0.34150469 0.62519952 -0.64285714
v 0.38249284 0.58421137 -0.64285714
v 0.34150469 0.62519952 -0.50000000
v 0.38249284 0.58421137 -0.50000000
v 0.34150469 0.62519952 -0.35714286
v 0.38249284 0.58421137 -0.35714286
v 0.34150469 0.62519952 -0.21428571
v 0.38249284 0.58421137 -0.21428571
v 0.34150469 0.62519952 -0.07142857
v 0.38249284 0.58421137 -0.07142857
v 0.34150469 0.62519952 0.07142857
v 0.38249284 0.58421137 0.07142857
v 0.34150469 0.62519952 0.21428571
v 0.38249284 0.58421137 0.21428571
v 0.34150469 0.62519952 0.35714286
v 0.38249284 0.58421137 0.35714286
v 0.34150469 0.62519952 0.50000000
v 0.38249284 0.58421137 0.50000000
v 0.34150469 0.62519952 0.64285714
v 0.38249284 0.58421137 0.64285714
v 0.34150469 0.62519952 0.78571429
v 0.38249284 0.58421137 0.78571429
v 0.38249284 0.58421137 0.92857143
v 0.42348098 -0.60444483 -0.21428571
v 0.42348098 -0.60444483 -0.07142857
v 0.42348098 -0.52246854 -0.92857143
v 0.42348098 -0.52246854 -0.78571429
v 0.42348098 -0.52246854 -0.64285714
v 0.42348098 -0.52246854 -0.50000000
v 0.42348098 -0.52246854 -0.35714286
v 0.42348098 -0.52246854 -0.21428571
v 0.42348098 -0.52246854 -0.07142857
v 0.42348098 -0.52246854 0.07142857
v 0.42348098 -0.52246854 0.21428571
v 0.42348098 -0.52246854 0.35714286
v 0.42348098 -0.52246854 0.50000000
v 0.42348098 -0.52246854 0.64285714
v 0.42348098 -0.52246854 0.78571429
v 0.42348098 -0.52246854 0.92857143
v 0.46446913 -0.44049225 -1.00000000
v 0.46446913 -0.48148039 -0.92857143
v 0.46446913 -0.48148039 -0.78571429
v 0.46446913 -0.48148039 -0.64285714
v 0.46446913 -0.48148039 -0.50000000
v 0.46446913 -0.48148039 -0.35714286
v 0.46446913 -0.48148039 -0.21428571
v 0.46446913 -0.48148039 -0.07142857
v 0.46446913 -0.48148039 0.07142857
v 0.46446913 -0.48148039 0.21428571
v 0.46446913 -0.48148039 0.35714286
v 0.46446913 -0.48148039 0.50000000
v 0.46446913 -0.48148039 0.64285714
v 0.46446913 -0.48148039 0.78571429
v 0.46446913 -0.48148039 0.92857143
v 0.46446913 -0.44049225 1.00000000
v 0.46446913 -0.35851596 -1.00000000
v 0.46446913 -0.35851596 1.00000000
v 0.46446913 -0.27653967 -1.00000000
v 0.46446913 -0.27653967 1.00000000
v 0.46446913 -0.19456338 -1.00000000
v 0.46446913 -0.19456338 1.00000000
v 0.46446913 -0.11258709 -1.00000000
v 0.46446913 -0.11258709 1.00000000
v 0.46446913 -0.03061080 -1.00000000
v 0.46446913 -0.03061080 1.00000000
v 0.46446913 0.05136549 -1.00000000
v 0.46446913 0.05136549 1.00000000
v 0.46446913 0.13334178 -1.00000000
v 0.46446913 0.13334178 1.00000000
v 0.46446913 0.21531807 -1.00000000
v 0.46446913 0.21531807 1.00000000
v 0.46446913 0.29729436 -1.00000000
v 0.46446913 0.29729436 1.00000000
v 0.46446913 0.37927065 -1.00000000
v 0.46446913 0.37927065 1.00000000
v 0.46446913 0.46124694 -1.00000000
v 0.42348098 0.46124694 0.92857143
v 0.46446913 0.42025879 0.92857143
v 0.46446913 0.46124694 0.85714286
v 0.46446913 0.50223508 -0.92857143
v 0.42348098 0.54322323 -0.92857143
v 0.42348098 0.54322323 -0.78571429
v 0.46446913 0.50223508 -0.78571429
v 0.42348098 0.54322323 -0.64285714
v 0.46446913 0.50223508 -0.64285714
v 0.42348098 0.54322323 -0.50000000
v 0.46446913 0.50223508 -0.50000000
v 0.42348098 0.54322323 -0.35714286
v 0.46446913 0.50223508 -0.35714286
v 0.42348098 0.54322323 -0.21428571
v 0.46446913 0.50223508 -0.21428571
v 0.42348098 0.54322323 -0.07142857
v 0.46446913 0.50223508 -0.07142857
v 0.42348098 0.54322323 0.07142857
v 0.46446913 0.50223508 0.07142857
v 0.42348098 0.54322323 0.21428571
v 0.46446913 0.50223508 0.21428571
v 0.42348098 0.54322323 0.35714286
v 0.46446913 0.50223508 0.35714286
v 0.42348098 0.54322323 0.50000000
v 0.46446913 0.50223508 0.50000000
v 0.42348098 0.54322323 0.64285714
v 0.46446913 0.50223508 0.64285714
v 0.42348098 0.54322323 0.78571429
v 0.46446913 0.50223508 0.78571429
v 0.42348098 0.54322323 0.92857143
v 0.50545727 -0.44049225 -0.92857143
v 0.50545727 -0.44049225 -0.78571429
v 0.50545727 -0.44049225 -0.64285714
v 0.50545727 -0.44049225 -0.50000000
v 0.50545727 -0.44049225 -0.35714286
v 0.50545727 -0.44049225 -0.21428571
v 0.50545727 -0.44049225 -0.07142857
v 0.50545727 -0.44049225 0.07142857
v 0.50545727 -0.44049225 0.21428571
v 0.50545727 -0.44049225 0.35714286
v 0.50545727 -0.44049225 0.50000000
v 0.50545727 -0.44049225 0.64285714
v 0.50545727 -0.44049225 0.78571429
v 0.50545727 -0.44049225 0.92857143
v 0.54644542 -0.35851596 -1.00000000
v 0.54644542 -0.39950410 -0.92857143
v 0.54644542 -0.39950410 -0.78571429
v 0.54644542 -0.39950410 -0.64285714
v 0.54644542 -0.39950410 -0.50000000
v 0.54644542 -0.39950410 -0.35714286
v 0.54644542 -0.39950410 -0.21428571
v 0.54644542 -0.39950410 -0.07142857
v 0.54644542 -0.39950410 0.07142857
v 0.54644542 -0.39950410 0.21428571
v 0.54644542 -0.39950410 0.35714286
v 0.54644542 -0.39950410 0.50000000
v 0.54644542 -0.39950410 0.64285714
v 0.54644542 -0.39950410 0.78571429
v 0.54644542 -0.39950410 0.92857143
v 0.54644542 -0.35851596 1.00000000
v 0.54644542 -0.27653967 -1.00000000
v 0.54644542 -0.27653967 1.00000000
v 0.54644542 -0.19456338 -1.00000000
v 0.54644542 -0.19456338 1.00000000
v 0.54644542 -0.11258709 -1.00000000
v 0.54644542 -0.11258709 1.00000000
v 0.54644542 -0.03061080 -1.00000000
v 0.54644542 -0.03061080 1.00000000
v 0.54644542 0.05136549 -1.00000000
v 0.54644542 0.05136549 1.00000000
v 0.54644542 0.13334178 -1.00000000
v 0.54644542 0.13334178 1.00000000
v 0.54644542 0.21531807 -1.00000000
v 0.54644542 0.21531807 1.00000000
v 0.54644542 0.29729436 -1.00000000
v 0.50545727 0.29729436 0.92857143
v 0.54644542 0.25630621 0.92857143
v 0.54644542 0.29729436 0.85714286
v 0.54644542 0.37927065 -1.00000000
v 0.50545727 0.37927065 0.78571429
v 0.54644542 0.33828250 0.78571429
v 0.54644542 0.37927065 0.71428571
v 0.50545727 0.37927065 0.92857143
v 0.54644542 0.42025879 -0.92857143
v 0.50545727 0.46124694 -0.92857143
v 0.50545727 0.46124694 -0.78571429
v 0.54644542 0.42025879 -0.78571429
v 0.50545727 0.46124694 -0.64285714
v 0.54644542 0.42025879 -0.64285714
v 0.50545727 0.46124694 -0.50000000
v 0.54644542 0.42025879 -0.50000000
v 0.50545727 0.46124694 -0.35714286
v 0.54644542 0.42025879 -0.35714286
v 0.50545727 0.46124694 -0.21428571
v 0.54644542 0.42025879 -0.21428571
v 0.50545727 0.46124694 -0.07142857
v 0.54644542 0.42025879 -0.07142857
v 0.50545727 0.46124694 0.07142857
v 0.54644542 0.42025879 0.07142857
v 0.50545727 0.46124694 0.21428571
v 0.54644542 0.42025879 0.21428571
v 0.50545727 0.46124694 0.35714286
v 0.54644542 0.42025879 0.35714286
v 0.50545727 0.46124694 0.50000000
v 0.54644542 0.42025879 0.50000000
v 0.50545727 0.46124694 0.64285714
v 0.54644542 0.42025879 0.64285714
v 0.50545727 0.46124694 0.78571429
v 0.58743356 -0.35851596 -0.92857143
v 0.58743356 -0.35851596 -0.78571429
v 0.58743356 -0.35851596 -0.64285714
v 0.58743356 -0.35851596 -0.50000000
v 0.58743356 -0.35851596 -0.35714286
v 0.58743356 -0.35851596 -0.21428571
v 0.58743356 -0.35851596 -0.07142857
v 0.58743356 -0.35851596 0.07142857
v 0.58743356 -0.35851596 0.21428571
v 0.58743356 -0.35851596 0.35714286
v 0.58743356 -0.35851596 0.50000000
v 0.58743356 -0.35851596 0.64285714
v 0.58743356 -0.35851596 0.78571429
v 0.58743356 -0.35851596 0.92857143
v 0.62842171 -0.27653967 -1.00000000
v 0.62842171 -0.31752781 -0.92857143
v 0.62842171 -0.31752781 -0.78571429
v 0.62842171 -0.31752781 -0.64285714
v 0.62842171 -0.31752781 -0.50000000
v 0.62842171 -0.31752781 -0.35714286
v 0.62842171 -0.31752781 -0.21428571
v 0.62842171 -0.31752781 -0.07142857
v 0.62842171 -0.31752781 0.07142857
v 0.62842171 -0.31752781 0.21428571
v 0.62842171 -0.31752781 0.35714286
v 0.62842171 -0.31752781 0.50000000
v 0.62842171 -0.31752781 0.64285714
v 0.62842171 -0.27653967 0.71428571
v 0.58743356 -0.27653967 0.78571429
v 0.58743356 -0.27653967 0.92857143
v 0.62842171 -0.19456338 -1.00000000
v 0.62842171 -0.23555152 0.78571429
v 0.62842171 -0.23555152 0.92857143
v 0.62842171 -0.19456338 1.00000000
v 0.62842171 -0.11258709 -1.00000000
v 0.62842171 -0.11258709 1.00000000
v 0.62842171 -0.03061080 -1.00000000
v 0.62842171 -0.03061080 1.00000000
v 0.62842171 0.05136549 -1.00000000
v 0.58743356 0.05136549 0.92857143
v 0.62842171 0.01037735 0.92857143
v 0.62842171 0.05136549 0.85714286
v 0.62842171 0.13334178 -1.00000000
v 0.58743356 0.13334178 0.78571429
v 0.62842171 0.09235363 0.78571429
v 0.62842171 0.13334178 0.71428571
v 0.58743356 0.13334178 0.92857143
v 0.62842171 0.21531807 -1.00000000
v 0.58743356 0.21531807 0.78571429
v 0.62842171 0.21531807 0.71428571
v 0.58743356 0.21531807 0.92857143
v 0.62842171 0.29729436 -1.00000000
v 0.58743356 0.29729436 0.78571429
v 0.62842171 0.29729436 0.71428571
v 0.62842171 0.33828250 -0.92857143
v 0.58743356 0.37927065 -0.92857143
v 0.58743356 0.37927065 -0.78571429
v 0.62842171 0.33828250 -0.78571429
v 0.58743356 0.37927065 -0.64285714
v 0.62842171 0.33828250 -0.64285714
v 0.58743356 0.37927065 -0.50000000
v 0.62842171 0.33828250 -0.50000000
v 0.58743356 0.37927065 -0.35714286
v 0.62842171 0.33828250 -0.35714286
v 0.58743356 0.37927065 -0.21428571
v 0.62842171 0.33828250 -0.21428571
v 0.58743356 0.37927065 -0.07142857
v 0.62842171 0.33828250 -0.07142857
v 0.58743356 0.37927065 0.07142857
v 0.62842171 0.33828250 0.07142857
v 0.58743356 0.37927065 0.21428571
v 0.62842171 0.33828250 0.21428571
v 0.58743356 0.37927065 0.35714286
v 0.62842171 0.33828250 0.35714286
v 0.58743356 0.37927065 0.50000000
v 0.62842171 0.33828250 0.50000000
v 0.58743356 0.37927065 0.64285714
v 0.62842171 0.33828250 0.64285714
v 0.66940985 -0.27653967 -0.92857143
v 0.66940985 -0.27653967 -0.78571429
v 0.66940985 -0.27653967 -0.64285714
v 0.66940985 -0.27653967 -0.50000000
v 0.66940985 -0.27653967 -0.35714286
v 0.66940985 -0.27653967 -0.21428571
v 0.66940985 -0.27653967 -0.07142857
v 0.66940985 -0.27653967 0.07142857
v 0.66940985 -0.27653967 0.21428571
v 0.66940985 -0.27653967 0.35714286
v 0.66940985 -0.27653967 0.50000000
v 0.66940985 -0.27653967 0.64285714
v 0.66940985 -0.19456338 -0.92857143
v 0.66940985 -0.19456338 -0.78571429
v 0.66940985 -0.19456338 -0.64285714
v 0.71039800 -0.19456338 -0.57142857
v 0.71039800 -0.23555152 -0.50000000
v 0.71039800 -0.23555152 -0.35714286
v 0.71039800 -0.23555152 -0.21428571
v 0.71039800 -0.23555152 -0.07142857
v 0.71039800 -0.23555152 0.07142857
v 0.71039800 -0.23555152 0.21428571
v 0.71039800 -0.23555152 0.35714286
v 0.71039800 -0.19456338 0.42857143
v 0.66940985 -0.19456338 0.50000000
v 0.66940985 -0.19456338 0.64285714
v 0.66940985 -0.19456338 0.78571429
v 0.66940985 -0.19456338 0.92857143
v 0.71039800 -0.11258709 -1.00000000
v 0.71039800 -0.15357523 -0.92857143
v 0.71039800 -0.15357523 -0.78571429
v 0.71039800 -0.15357523 -0.64285714
v 0.71039800 -0.15357523 0.50000000
v 0.71039800 -0.15357523 0.64285714
v 0.71039800 -0.15357523 0.78571429
v 0.71039800 -0.11258709 0.85714286
v 0.66940985 -0.11258709 0.92857143
v 0.71039800 -0.03061080 -1.00000000
v 0.66940985 -0.03061080 0.78571429
v 0.71039800 -0.07159894 0.78571429
v 0.71039800 -0.03061080 0.71428571
v 0.66940985 -0.03061080 0.92857143
v 0.71039800 0.05136549 -1.00000000
v 0.66940985 0.05136549 0.78571429
v 0.71039800 0.05136549 0.71428571
v 0.71039800 0.13334178 -1.00000000
v 0.66940985 0.13334178 0.64285714
v 0.71039800 0.09235363 0.64285714
v 0.71039800 0.13334178 0.57142857
v 0.71039800 0.21531807 -1.00000000
v 0.66940985 0.21531807 0.50000000
v 0.71039800 0.17432992 0.50000000
v 0.71039800 0.21531807 0.42857143
v 0.66940985 0.21531807 0.64285714
v 0.71039800 0.25630621 -0.92857143
v 0.66940985 0.29729436 -0.92857143
v 0.66940985 0.29729436 -0.78571429
v 0.71039800 0.25630621 -0.78571429
v 0.66940985 0.29729436 -0.64285714
v 0.71039800 0.25630621 -0.64285714
v 0.66940985 0.29729436 -0.50000000
v 0.71039800 0.25630621 -0.50000000
v 0.66940985 0.29729436 -0.35714286
v 0.71039800 0.25630621 -0.35714286
v 0.66940985 0.29729436 -0.21428571
v 0.71039800 0.25630621 -0.21428571
v 0.66940985 0.29729436 -0.07142857
v 0.71039800 0.25630621 -0.07142857
v 0.66940985 0.29729436 0.07142857
v 0.71039800 0.25630621 0.07142857
v 0.66940985 0.29729436 0.21428571
v 0.71039800 0.25630621 0.21428571
v 0.66940985 0.29729436 0.35714286
v 0.71039800 0.25630621 0.35714286
v 0.66940985 0.29729436 0.50000000
v 0.66940985 0.29729436 0.64285714
v 0.75138614 -0.19456338 -0.50000000
v 0.75138614 -0.19456338 -0.35714286
v 0.75138614 -0.19456338 -0.21428571
v 0.75138614 -0.19456338 -0.07142857
v 0.75138614 -0.19456338 0.07142857
v 0.75138614 -0.19456338 0.21428571
v 0.75138614 -0.19456338 0.35714286
v 0.75138614 -0.11258709 -0.92857143
v 0.75138614 -0.11258709 -0.78571429
v 0.75138614 -0.11258709 -0.64285714
v 0.75138614 -0.11258709 -0.50000000
v 0.75138614 -0.11258709 -0.35714286
v 0.75138614 -0.11258709 -0.21428571
v 0.75138614 -0.11258709 -0.07142857
v 0.75138614 -0.11258709 0.07142857
v 0.75138614 -0.11258709 0.21428571
v 0.75138614 -0.11258709 0.35714286
v 0.75138614 -0.11258709 0.50000000
v 0.75138614 -0.11258709 0.64285714
v 0.75138614 -0.11258709 0.78571429
v 0.79237428 -0.03061080 -1.00000000
v 0.79237428 -0.07159894 -0.92857143
v 0.79237428 -0.07159894 -0.78571429
v 0.79237428 -0.07159894 -0.64285714
v 0.79237428 -0.07159894 -0.50000000
v 0.79237428 -0.07159894 -0.35714286
v 0.79237428 -0.07159894 -0.21428571
v 0.79237428 -0.07159894 -0.07142857
v 0.79237428 -0.07159894 0.07142857
v 0.79237428 -0.07159894 0.21428571
v 0.79237428 -0.07159894 0.35714286
v 0.79237428 -0.03061080 0.42857143
v 0.75138614 -0.03061080 0.50000000
v 0.75138614 -0.03061080 0.64285714
v 0.79237428 0.05136549 -1.00000000
v 0.75138614 0.05136549 0.50000000
v 0.79237428 0.05136549 0.42857143
v 0.75138614 0.05136549 0.64285714
v 0.79237428 0.13334178 -1.00000000
v 0.75138614 0.13334178 0.35714286
v 0.79237428 0.09235363 0.35714286
v 0.79237428 0.13334178 0.28571429
v 0.75138614 0.13334178 0.50000000
v 0.79237428 0.17432992 -0.92857143
v 0.75138614 0.21531807 -0.92857143
v 0.75138614 0.21531807 -0.78571429
v 0.79237428 0.17432992 -0.78571429
v 0.75138614 0.21531807 -0.64285714
v 0.79237428 0.17432992 -0.64285714
v 0.75138614 0.21531807 -0.50000000
v 0.79237428 0.17432992 -0.50000000
v 0.75138614 0.21531807 -0.35714286
v 0.79237428 0.17432992 -0.35714286
v 0.75138614 0.21531807 -0.21428571
v 0.79237428 0.17432992 -0.21428571
v 0.75138614 0.21531807 -0.07142857
v 0.79237428 0.17432992 -0.07142857
v 0.75138614 0.21531807 0.07142857
v 0.79237428 0.17432992 0.07142857
v 0.75138614 0.21531807 0.21428571
v 0.79237428 0.17432992 0.21428571
v 0.75138614 0.21531807 0.35714286
v 0.83336243 -0.03061080 -0.92857143
v 0.83336243 -0.03061080 -0.78571429
v 0.83336243 -0.03061080 -0.64285714
v 0.83336243 -0.03061080 -0.50000000
v 0.83336243 -0.03061080 -0.35714286
v 0.83336243 -0.03061080 -0.21428571
v 0.83336243 -0.03061080 -0.07142857
v 0.83336243 -0.03061080 0.07142857
v 0.83336243 -0.03061080 0.21428571
v 0.83336243 -0.03061080 0.35714286
v 0.87435057 0.05136549 -1.00000000
v 0.87435057 0.01037735 -0.92857143
v 0.87435057 0.01037735 -0.78571429
v 0.87435057 0.01037735 -0.64285714
v 0.87435057 0.01037735 -0.50000000
v 0.87435057 0.01037735 -0.35714286
v 0.87435057 0.01037735 -0.21428571
v 0.87435057 0.01037735 -0.07142857
v 0.87435057 0.01037735 0.07142857
v 0.87435057 0.05136549 0.14285714
v 0.83336243 0.05136549 0.21428571
v 0.83336243 0.05136549 0.35714286
v 0.87435057 0.13334178 -1.00000000
v 0.83336243 0.13334178 0.07142857
v 0.87435057 0.09235363 0.07142857
v 0.87435057 0.13334178 0.00000000
v 0.83336243 0.13334178 0.21428571
v 0.87435057 0.17432992 -0.92857143
v 0.87435057 0.17432992 -0.78571429
v 0.87435057 0.17432992 -0.64285714
v 0.87435057 0.17432992 -0.50000000
v 0.87435057 0.17432992 -0.35714286
v 0.87435057 0.17432992 -0.21428571
v 0.87435057 0.17432992 -0.07142857
v 0.91533872 0.05136549 -0.92857143
v 0.91533872 0.05136549 -0.78571429
v 0.91533872 0.05136549 -0.64285714
v 0.91533872 0.05136549 -0.50000000
v 0.91533872 0.05136549 -0.35714286
v 0.91533872 0.05136549 -0.21428571
v 0.91533872 0.05136549 -0.07142857
v 0.91533872 0.05136549 0.07142857
v 0.91533872 0.13334178 -0.92857143
v 0.91533872 0.13334178 -0.78571429
v 0.91533872 0.13334178 -0.64285714
v 0.91533872 0.13334178 -0.50000000
v 0.91533872 0.13334178 -0.35714286
v 0.91533872 0.13334178 -0.21428571
v 0.91533872 0.13334178 -0.07142857
f 3 2 1
f 5 4 1
f 1 4 3
f 7 6 5
f 5 6 4
f 9 8 7
f 7 8 6
f 11 10 9
f 9 10 8
f 13 12 11
f 11 12 10
f 15 14 13
f 13 14 12
f 17 16 15
f 15 16 14
f 19 18 17
f 17 18 16
f 21 20 19
f 19 20 18
f 23 22 21
f 21 22 20
f 25 24 23
f 23 24 22
f 27 26 25
f 25 26 24
f 29 28 27
f 27 28 26
f 29 30 28
f 1 2 31
f 31 2 32
f 1 33 5
f 1 31 33
f 5 34 7
f 5 33 34
f 7 35 9
f 7 34 35
f 9 36 11
f 9 35 36
f 11 37 13
f 11 36 37
f 13 38 15
f 13 37 38
f 15 39 17
f 15 38 39
f 17 40 19
f 17 39 40
f 19 41 21
f 19 40 41
f 21 42 23
f 21 41 42
f 23 43 25
f 23 42 43
f 25 44 27
f 25 43 44
f 27 45 29
f 27 44 45
f 30 29 46
f 46 29 45
f 32 47 31
f 31 47 33
f 33 47 48
f 33 48 34
f 34 48 49
f 34 49 35
f 35 49 50
f 35 50 36
f 36 50 51
f 36 51 37
f 37 51 52
f 37 52 38
f 38 52 53
f 38 53 39
f 39 53 54
f 39 54 40
f 40 54 55
f 40 55 41
f 41 55 56
f 41 56 42
f 42 56 57
f 42 57 43
f 43 57 58
f 43 58 44
f 44 58 59
f 61 60 59
f 60 44 59
f 60 45 44
f 46 45 62
f 62 45 60
f 61 63 60
f 60 63 62
f 66 65 64
f 64 67 66
f 70 69 68
f 68 71 70
f 73 72 3
f 3 72 2
f 74 3 4
f 74 73 3
f 75 4 6
f 75 74 4
f 76 6 8
f 76 75 6
f 77 8 10
f 77 76 8
f 78 10 12
f 78 77 10
f 79 12 14
f 79 78 12
f 80 14 16
f 80 79 14
f 81 16 18
f 81 80 16
f 20 64 65
f 81 20 65
f 18 20 81
f 82 67 64
f 20 82 64
f 22 82 20
f 83 22 24
f 83 82 22
f 84 24 26
f 84 83 24
f 28 68 69
f 84 28 69
f 26 28 84
f 28 30 68
f 30 71 68
f 30 85 71
f 72 32 2
f 86 32 72
f 46 85 30
f 46 87 85
f 47 32 88
f 32 89 88
f 32 86 89
f 90 48 47
f 90 47 88
f 91 49 48
f 91 48 90
f 92 50 49
f 92 49 91
f 93 51 50
f 93 50 92
f 94 52 51
f 94 51 93
f 95 53 52
f 95 52 94
f 96 54 53
f 96 53 95
f 97 55 54
f 97 54 96
f 98 56 55
f 98 55 97
f 99 57 56
f 99 56 98
f 100 58 57
f 100 57 99
f 101 59 58
f 101 58 100
f 101 61 59
f 62 87 46
f 62 102 87
f 89 103 88
f 88 103 90
f 90 103 104
f 90 104 91
f 91 104 105
f 91 105 92
f 92 105 106
f 92 106 93
f 93 106 107
f 93 107 94
f 94 107 108
f 94 108 95
f 95 108 109
f 95 109 96
f 96 109 110
f 96 110 97
f 97 110 111
f 97 111 98
f 98 111 112
f 98 112 99
f 99 112 113
f 99 113 100
f 100 113 114
f 100 114 101
f 101 114 115
f 101 115 61
f 115 63 61
f 115 116 63
f 62 63 102
f 102 63 116
f 119 118 117
f 121 120 117
f 117 120 119
f 123 122 121
f 121 122 120
f 125 124 123
f 123 124 122
f 127 126 125
f 125 126 124
f 129 128 127
f 127 128 126
f 131 130 129
f 129 130 128
f 133 132 131
f 131 132 130
f 135 134 133
f 133 134 132
f 65 66 135
f 66 134 135
f 66 136 134
f 138 137 67
f 137 66 67
f 137 136 66
f 140 139 138
f 138 139 137
f 142 141 140
f 140 141 139
f 69 70 142
f 70 141 142
f 70 143 141
f 70 71 143
f 143 71 144
f 117 118 73
f 118 72 73
f 118 145 72
f 117 73 74
f 117 74 121
f 121 74 75
f 121 75 123
f 123 75 76
f 123 76 125
f 125 76 77
f 125 77 127
f 127 77 78
f 127 78 129
f 129 78 79
f 129 79 131
f 131 79 80
f 131 80 133
f 133 80 81
f 133 81 135
f 135 81 65
f 82 138 67
f 138 82 83
f 138 83 140
f 140 83 84
f 140 84 142
f 142 84 69
f 85 144 71
f 85 146 144
f 145 86 72
f 147 86 145
f 87 146 85
f 87 148 146
f 147 89 86
f 149 89 147
f 102 148 87
f 102 150 148
f 103 89 151
f 89 152 151
f 89 149 152
f 153 104 103
f 153 103 151
f 154 105 104
f 154 104 153
f 155 106 105
f 155 105 154
f 156 107 106
f 156 106 155
f 157 108 107
f 157 107 156
f 158 109 108
f 158 108 157
f 159 110 109
f 159 109 158
f 160 111 110
f 160 110 159
f 161 112 111
f 161 111 160
f 162 113 112
f 162 112 161
f 163 114 113
f 163 113 162
f 164 115 114
f 164 114 163
f 165 116 115
f 165 115 164
f 165 166 116
f 166 102 116
f 166 150 102
f 152 167 151
f 151 167 153
f 153 167 168
f 153 168 154
f 154 168 169
f 154 169 155
f 155 169 170
f 155 170 156
f 156 170 171
f 156 171 157
f 157 171 172
f 157 172 158
f 158 172 173
f 158 173 159
f 159 173 174
f 159 174 160
f 160 174 175
f 160 175 161
f 161 175 176
f 161 176 162
f 162 176 177
f 162 177 163
f 163 177 178
f 163 178 164
f 164 178 179
f 164 179 165
f 165 179 180
f 165 180 166
f 183 182 181
f 185 184 181
f 181 184 183
f 187 186 185
f 185 186 184
f 189 188 187
f 187 188 186
f 191 190 189
f 189 190 188
f 193 192 191
f 191 192 190
f 195 194 193
f 193 194 192
f 197 196 195
f 195 196 194
f 199 198 197
f 197 198 196
f 201 200 199
f 199 200 198
f 203 202 201
f 201 202 200
f 205 204 203
f 203 204 202
f 207 206 205
f 205 206 204
f 209 208 207
f 207 208 206
f 209 210 208
f 181 182 119
f 182 118 119
f 182 211 118
f 181 119 120
f 181 120 185
f 185 120 122
f 185 122 187
f 187 122 124
f 187 124 189
f 189 124 126
f 189 126 191
f 191 126 128
f 191 128 193
f 193 128 130
f 193 130 195
f 195 130 132
f 195 132 197
f 197 132 134
f 197 134 199
f 199 134 136
f 199 136 201
f 201 136 137
f 201 137 203
f 203 137 139
f 203 139 205
f 205 139 141
f 205 141 207
f 207 141 143
f 207 143 209
f 143 144 209
f 144 210 209
f 144 212 210
f 211 145 118
f 213 145 211
f 146 212 144
f 146 214 212
f 213 147 145
f 215 147 213
f 148 214 146
f 148 216 214
f 215 149 147
f 217 149 215
f 150 216 148
f 150 218 216
f 217 152 149
f 219 152 217
f 166 218 150
f 166 220 218
f 167 152 221
f 152 222 221
f 152 219 222
f 223 168 167
f 223 167 221
f 224 169 168
f 224 168 223
f 225 170 169
f 225 169 224
f 226 171 170
f 226 170 225
f 227 172 171
f 227 171 226
f 228 173 172
f 228 172 227
f 229 174 173
f 229 173 228
f 230 175 174
f 230 174 229
f 231 176 175
f 231 175 230
f 232 177 176
f 232 176 231
f 233 178 177
f 233 177 232
f 234 179 178
f 234 178 233
f 235 180 179
f 235 179 234
f 235 236 180
f 236 166 180
f 236 220 166
f 221 222 237
f 237 222 238
f 221 239 223
f 221 237 239
f 223 240 224
f 223 239 240
f 224 241 225
f 224 240 241
f 225 242 226
f 225 241 242
f 226 243 227
f 226 242 243
f 227 244 228
f 227 243 244
f 228 245 229
f 228 244 245
f 229 246 230
f 229 245 246
f 230 247 231
f 230 246 247
f 231 248 232
f 231 247 248
f 232 249 233
f 232 248 249
f 233 250 234
f 233 249 250
f 252 235 251
f 235 250 251
f 235 234 250
f 235 252 236
f 238 253 237
f 237 253 239
f 239 253 254
f 239 254 240
f 240 254 255
f 240 255 241
f 241 255 256
f 241 256 242
f 242 256 257
f 242 257 243
f 243 257 258
f 243 258 244
f 244 258 259
f 244 259 245
f 245 259 260
f 245 260 246
f 246 260 261
f 246 261 247
f 247 261 262
f 247 262 248
f 248 262 263
f 248 263 249
f 249 263 264
f 249 264 250
f 250 264 265
f 250 265 251
f 268 267 266
f 270 269 266
f 266 269 268
f 272 271 270
f 270 271 269
f 274 273 272
f 272 273 271
f 276 275 274
f 274 275 273
f 278 277 276
f 276 277 275
f 280 279 278
f 278 279 277
f 282 281 280
f 280 281 279
f 284 283 282
f 282 283 281
f 286 285 284
f 284 285 283
f 288 287 286
f 286 287 285
f 290 289 288
f 288 289 287
f 292 291 290
f 290 291 289
f 294 293 292
f 292 293 291
f 294 295 293
f 266 267 183
f 267 182 183
f 267 296 182
f 266 183 184
f 266 184 270
f 270 184 186
f 270 186 272
f 272 186 188
f 272 188 274
f 274 188 190
f 274 190 276
f 276 190 192
f 276 192 278
f 278 192 194
f 278 194 280
f 280 194 196
f 280 196 282
f 282 196 198
f 282 198 284
f 284 198 200
f 284 200 286
f 286 200 202
f 286 202 288
f 288 202 204
f 288 204 290
f 290 204 206
f 290 206 292
f 292 206 208
f 292 208 294
f 208 210 294
f 210 295 294
f 210 297 295
f 296 211 182
f 298 211 296
f 212 297 210
f 212 299 297
f 298 213 211
f 300 213 298
f 214 299 212
f 214 301 299
f 300 215 213
f 302 215 300
f 216 301 214
f 216 303 301
f 302 217 215
f 304 217 302
f 218 303 216
f 218 305 303
f 304 219 217
f 306 219 304
f 220 305 218
f 220 307 305
f 306 222 219
f 308 222 306
f 236 307 220
f 236 309 307
f 308 238 222
f 310 238 308
f 251 311 252
f 311 312 252
f 312 236 252
f 312 309 236
f 253 238 313
f 238 314 313
f 238 310 314
f 315 254 253
f 315 253 313
f 316 255 254
f 316 254 315
f 317 256 255
f 317 255 316
f 318 257 256
f 318 256 317
f 319 258 257
f 319 257 318
f 320 259 258
f 320 258 319
f 321 260 259
f 321 259 320
f 322 261 260
f 322 260 321
f 323 262 261
f 323 261 322
f 324 263 262
f 324 262 323
f 325 264 263
f 325 263 324
f 326 265 264
f 326 264 325
f 311 251 265
f 326 311 265
f 327 311 326
f 312 311 328
f 328 311 327
f 314 329 313
f 313 329 315
f 315 329 330
f 315 330 316
f 316 330 331
f 316 331 317
f 317 331 332
f 317 332 318
f 318 332 333
f 318 333 319
f 319 333 334
f 319 334 320
f 320 334 335
f 320 335 321
f 321 335 336
f 321 336 322
f 322 336 337
f 322 337 323
f 323 337 338
f 323 338 324
f 324 338 339
f 324 339 325
f 325 339 340
f 325 340 326
f 326 340 341
f 326 341 327
f 327 341 342
f 327 342 328
f 345 344 343
f 347 346 343
f 343 346 345
f 349 348 347
f 347 348 346
f 351 350 349
f 349 350 348
f 353 352 351
f 351 352 350
f 355 354 353
f 353 354 352
f 357 356 355
f 355 356 354
f 359 358 357
f 357 358 356
f 361 360 359
f 359 360 358
f 363 362 361
f 361 362 360
f 365 364 363
f 363 364 362
f 367 366 365
f 365 366 364
f 369 368 367
f 367 368 366
f 371 370 369
f 369 370 368
f 371 372 370
f 343 344 268
f 344 267 268
f 344 373 267
f 343 268 269
f 343 269 347
f 347 269 271
f 347 271 349
f 349 271 273
f 349 273 351
f 351 273 275
f 351 275 353
f 353 275 277
f 353 277 355
f 355 277 279
f 355 279 357
f 357 279 281
f 357 281 359
f 359 281 283
f 359 283 361
f 361 283 285
f 361 285 363
f 363 285 287
f 363 287 365
f 365 287 289
f 365 289 367
f 367 289 291
f 367 291 369
f 369 291 293
f 369 293 371
f 293 295 371
f 295 372 371
f 295 374 372
f 373 296 267
f 375 296 373
f 297 374 295
f 297 376 374
f 375 298 296
f 377 298 375
f 299 376 297
f 299 378 376
f 377 300 298
f 379 300 377
f 301 378 299
f 301 380 378
f 379 302 300
f 381 302 379
f 303 380 301
f 303 382 380
f 381 304 302
f 383 304 381
f 305 382 303
f 305 384 382
f 383 306 304
f 385 306 383
f 307 384 305
f 307 386 384
f 385 308 306
f 387 308 385
f 309 386 307
f 309 388 386
f 387 310 308
f 389 310 387
f 312 388 309
f 312 390 388
f 389 314 310
f 391 314 389
f 328 390 312
f 328 392 390
f 329 314 393
f 314 394 393
f 314 391 394
f 395 330 329
f 395 329 393
f 396 331 330
f 396 330 395
f 397 332 331
f 397 331 396
f 398 333 332
f 398 332 397
f 399 334 333
f 399 333 398
f 400 335 334
f 400 334 399
f 401 336 335
f 401 335 400
f 402 337 336
f 402 336 401
f 403 338 337
f 403 337 402
f 404 339 338
f 404 338 403
f 405 340 339
f 405 339 404
f 406 341 340
f 406 340 405
f 407 342 341
f 407 341 406
f 407 408 342
f 408 328 342
f 408 392 328
f 394 409 393
f 393 409 395
f 395 409 410
f 395 410 396
f 396 410 411
f 396 411 397
f 397 411 412
f 397 412 398
f 398 412 413
f 398 413 399
f 399 413 414
f 399 414 400
f 400 414 415
f 400 415 401
f 401 415 416
f 401 416 402
f 402 416 417
f 402 417 403
f 403 417 418
f 403 418 404
f 404 418 419
f 404 419 405
f 405 419 420
f 405 420 406
f 406 420 421
f 406 421 407
f 407 421 422
f 407 422 408
f 425 424 423
f 427 426 423
f 423 426 425
f 429 428 427
f 427 428 426
f 431 430 429
f 429 430 428
f 433 432 431
f 431 432 430
f 435 434 433
f 433 434 432
f 437 436 435
f 435 436 434
f 439 438 437
f 437 438 436
f 441 440 439
f 439 440 438
f 443 442 441
f 441 442 440
f 445 444 443
f 443 444 442
f 447 446 445
f 445 446 444
f 449 448 447
f 447 448 446
f 451 450 449
f 449 450 448
f 451 452 450
f 423 424 345
f 424 344 345
f 424 453 344
f 423 345 346
f 423 346 427
f 427 346 348
f 427 348 429
f 429 348 350
f 429 350 431
f 431 350 352
f 431 352 433
f 433 352 354
f 433 354 435
f 435 354 356
f 435 356 437
f 437 356 358
f 437 358 439
f 439 358 360
f 439 360 441
f 441 360 362
f 441 362 443
f 443 362 364
f 443 364 445
f 445 364 366
f 445 366 447
f 447 366 368
f 447 368 449
f 449 368 370
f 449 370 451
f 370 372 451
f 372 452 451
f 372 454 452
f 453 373 344
f 455 373 453
f 374 454 372
f 374 456 454
f 455 375 373
f 457 375 455
f 376 456 374
f 376 458 456
f 457 377 375
f 459 377 457
f 378 458 376
f 378 460 458
f 459 379 377
f 461 379 459
f 380 460 378
f 380 462 460
f 461 381 379
f 463 381 461
f 382 462 380
f 382 464 462
f 463 383 381
f 465 383 463
f 384 464 382
f 384 466 464
f 465 385 383
f 467 385 465
f 386 466 384
f 386 468 466
f 467 387 385
f 469 387 467
f 388 468 386
f 388 470 468
f 469 389 387
f 471 389 469
f 390 470 388
f 390 472 470
f 471 391 389
f 473 391 471
f 392 472 390
f 392 474 472
f 473 394 391
f 475 394 473
f 408 474 392
f 408 476 474
f 409 394 477
f 394 478 477
f 394 475 478
f 479 410 409
f 479 409 477
f 480 411 410
f 480 410 479
f 481 412 411
f 481 411 480
f 482 413 412
f 482 412 481
f 483 414 413
f 483 413 482
f 484 415 414
f 484 414 483
f 485 416 415
f 485 415 484
f 486 417 416
f 486 416 485
f 487 418 417
f 487 417 486
f 488 419 418
f 488 418 487
f 489 420 419
f 489 419 488
f 490 421 420
f 490 420 489
f 491 422 421
f 491 421 490
f 491 492 422
f 492 408 422
f 492 476 408
f 478 493 477
f 477 493 479
f 479 493 494
f 479 494 480
f 480 494 495
f 480 495 481
f 481 495 496
f 481 496 482
f 482 496 497
f 482 497 483
f 483 497 498
f 483 498 484
f 484 498 499
f 484 499 485
f 485 499 500
f 485 500 486
f 486 500 501
f 486 501 487
f 487 501 502
f 487 502 488
f 488 502 503
f 488 503 489
f 489 503 504
f 489 504 490
f 490 504 505
f 490 505 491
f 491 505 506
f 491 506 492
f 509 508 507
f 511 510 507
f 507 510 509
f 513 512 511
f 511 512 510
f 515 514 513
f 513 514 512
f 517 516 515
f 515 516 514
f 519 518 517
f 517 518 516
f 521 520 519
f 519 520 518
f 521 522 520
f 524 523 425
f 425 523 424
f 525 425 426
f 525 524 425
f 526 426 428
f 526 525 426
f 527 428 430
f 527 526 428
f 528 430 432
f 528 527 430
f 529 432 434
f 529 528 432
f 436 507 508
f 529 436 508
f 434 436 529
f 507 436 438
f 507 438 511
f 511 438 440
f 511 440 513
f 513 440 442
f 513 442 515
f 515 442 444
f 515 444 517
f 517 444 446
f 517 446 519
f 519 446 448
f 519 448 521
f 530 522 521
f 448 530 521
f 450 530 448
f 450 452 530
f 530 452 531
f 523 453 424
f 532 453 523
f 454 531 452
f 454 533 531
f 532 455 453
f 534 455 532
f 456 533 454
f 456 535 533
f 534 457 455
f 536 457 534
f 458 535 456
f 458 537 535
f 536 459 457
f 538 459 536
f 460 537 458
f 460 539 537
f 538 461 459
f 540 461 538
f 462 539 460
f 462 541 539
f 540 463 461
f 542 463 540
f 464 541 462
f 464 543 541
f 542 465 463
f 544 465 542
f 466 543 464
f 466 545 543
f 544 467 465
f 546 467 544
f 468 545 466
f 468 547 545
f 546 469 467
f 548 469 546
f 470 547 468
f 470 549 547
f 548 471 469
f 550 471 548
f 472 549 470
f 472 551 549
f 550 473 471
f 552 473 550
f 474 551 472
f 474 553 551
f 552 475 473
f 554 475 552
f 476 553 474
f 476 555 553
f 554 478 475
f 556 478 554
f 492 555 476
f 492 557 555
f 493 478 558
f 478 559 558
f 478 556 559
f 560 494 493
f 560 493 558
f 561 495 494
f 561 494 560
f 562 496 495
f 562 495 561
f 563 497 496
f 563 496 562
f 564 498 497
f 564 497 563
f 565 499 498
f 565 498 564
f 566 500 499
f 566 499 565
f 567 501 500
f 567 500 566
f 568 502 501
f 568 501 567
f 569 503 502
f 569 502 568
f 570 504 503
f 570 503 569
f 571 505 504
f 571 504 570
f 572 506 505
f 572 505 571
f 572 573 506
f 573 492 506
f 573 557 492
f 559 574 558
f 558 574 560
f 560 574 575
f 560 575 561
f 561 575 576
f 561 576 562
f 562 576 577
f 562 577 563
f 563 577 578
f 563 578 564
f 564 578 579
f 564 579 565
f 565 579 580
f 565 580 566
f 566 580 581
f 566 581 567
f 567 581 582
f 567 582 568
f 568 582 583
f 568 583 569
f 569 583 584
f 569 584 570
f 570 584 585
f 570 585 571
f 571 585 586
f 571 586 572
f 572 586 587
f 572 587 573
f 590 589 588
f 588 591 590
f 594 593 592
f 592 595 594
f 598 597 596
f 600 599 596
f 596 599 598
f 602 601 600
f 600 601 599
f 604 603 602
f 602 603 601
f 603 604 589
f 604 588 589
f 604 605 588
f 591 588 606
f 588 607 606
f 588 605 607
f 508 509 607
f 509 606 607
f 509 608 606
f 609 509 510
f 609 608 509
f 610 510 512
f 610 609 510
f 611 512 514
f 611 610 512
f 612 514 516
f 612 611 514
f 613 516 518
f 613 612 516
f 614 518 520
f 614 613 518
f 615 592 522
f 592 614 522
f 614 520 522
f 592 593 614
f 595 592 616
f 616 592 615
f 596 597 524
f 597 523 524
f 597 617 523
f 596 524 525
f 596 525 600
f 600 525 526
f 600 526 602
f 602 526 527
f 602 527 604
f 604 527 528
f 604 528 605
f 605 528 529
f 605 529 607
f 607 529 508
f 530 615 522
f 530 531 615
f 531 616 615
f 531 618 616
f 617 532 523
f 619 532 617
f 533 618 531
f 533 620 618
f 619 534 532
f 621 534 619
f 535 620 533
f 535 622 620
f 621 536 534
f 623 536 621
f 537 622 535
f 537 624 622
f 623 538 536
f 625 538 623
f 539 624 537
f 539 626 624
f 625 540 538
f 627 540 625
f 541 626 539
f 541 628 626
f 627 542 540
f 629 542 627
f 543 628 541
f 543 630 628
f 629 544 542
f 631 544 629
f 545 630 543
f 545 632 630
f 631 546 544
f 633 546 631
f 547 632 545
f 547 634 632
f 633 548 546
f 635 548 633
f 549 634 547
f 549 636 634
f 635 550 548
f 637 550 635
f 551 636 549
f 551 638 636
f 637 552 550
f 639 552 637
f 553 638 551
f 553 640 638
f 639 554 552
f 641 554 639
f 555 640 553
f 555 642 640
f 641 556 554
f 643 556 641
f 557 642 555
f 557 644 642
f 643 559 556
f 645 559 643
f 573 644 557
f 573 646 644
f 574 559 647
f 559 648 647
f 559 645 648
f 649 575 574
f 649 574 647
f 650 576 575
f 650 575 649
f 651 577 576
f 651 576 650
f 652 578 577
f 652 577 651
f 653 579 578
f 653 578 652
f 654 580 579
f 654 579 653
f 655 581 580
f 655 580 654
f 656 582 581
f 656 581 655
f 657 583 582
f 657 582 656
f 658 584 583
f 658 583 657
f 659 585 584
f 659 584 658
f 660 586 585
f 660 585 659
f 661 587 586
f 661 586 660
f 661 662 587
f 662 573 587
f 662 646 573
f 648 663 647
f 647 663 649
f 649 663 664
f 649 664 650
f 650 664 665
f 650 665 651
f 651 665 666
f 651 666 652
f 652 666 667
f 652 667 653
f 653 667 668
f 653 668 654
f 654 668 669
f 654 669 655
f 655 669 670
f 655 670 656
f 656 670 671
f 656 671 657
f 657 671 672
f 657 672 658
f 658 672 673
f 658 673 659
f 659 673 674
f 659 674 660
f 660 674 675
f 660 675 661
f 661 675 676
f 661 676 662
f 679 678 677
f 681 680 677
f 677 680 679
f 683 682 681
f 681 682 680
f 685 684 683
f 683 684 682
f 589 590 685
f 590 684 685
f 590 686 684
f 688 687 591
f 687 590 591
f 687 686 590
f 690 689 688
f 688 689 687
f 692 691 690
f 690 691 689
f 694 693 692
f 692 693 691
f 696 695 694
f 694 695 693
f 698 697 696
f 696 697 695
f 700 699 698
f 698 699 697
f 702 701 700
f 700 701 699
f 593 594 702
f 594 701 702
f 594 703 701
f 594 595 703
f 703 595 704
f 677 678 598
f 678 597 598
f 678 705 597
f 677 598 599
f 677 599 681
f 681 599 601
f 681 601 683
f 683 601 603
f 683 603 685
f 685 603 589
f 606 688 591
f 688 606 608
f 688 608 690
f 690 608 609
f 690 609 692
f 692 609 610
f 692 610 694
f 694 610 611
f 694 611 696
f 696 611 612
f 696 612 698
f 698 612 613
f 698 613 700
f 700 613 614
f 700 614 702
f 702 614 593
f 616 704 595
f 616 706 704
f 705 617 597
f 707 617 705
f 618 706 616
f 618 708 706
f 707 619 617
f 709 619 707
f 620 708 618
f 620 710 708
f 709 621 619
f 711 621 709
f 622 710 620
f 622 712 710
f 711 623 621
f 713 623 711
f 624 712 622
f 624 714 712
f 713 625 623
f 715 625 713
f 626 714 624
f 626 716 714
f 715 627 625
f 717 627 715
f 628 716 626
f 628 718 716
f 717 629 627
f 719 629 717
f 630 718 628
f 630 720 718
f 719 631 629
f 721 631 719
f 632 720 630
f 632 722 720
f 721 633 631
f 723 633 721
f 634 722 632
f 634 724 722
f 723 635 633
f 725 635 723
f 636 724 634
f 636 726 724
f 725 637 635
f 727 637 725
f 638 726 636
f 638 728 726
f 727 639 637
f 729 639 727
f 640 728 638
f 640 730 728
f 729 641 639
f 731 641 729
f 642 730 640
f 642 732 730
f 731 643 641
f 733 643 731
f 644 732 642
f 644 734 732
f 733 645 643
f 735 645 733
f 646 734 644
f 646 736 734
f 735 648 645
f 737 648 735
f 662 736 646
f 662 738 736
f 663 648 739
f 648 740 739
f 648 737 740
f 741 664 663
f 741 663 739
f 742 665 664
f 742 664 741
f 743 666 665
f 743 665 742
f 744 667 666
f 744 666 743
f 745 668 667
f 745 667 744
f 746 669 668
f 746 668 745
f 747 670 669
f 747 669 746
f 748 671 670
f 748 670 747
f 749 672 671
f 749 671 748
f 750 673 672
f 750 672 749
f 751 674 673
f 751 673 750
f 752 675 674
f 752 674 751
f 753 676 675
f 753 675 752
f 753 754 676
f 754 662 676
f 754 738 662
f 739 740 755
f 755 740 756
f 739 757 741
f 739 755 757
f 741 758 742
f 741 757 758
f 742 759 743
f 742 758 759
f 743 760 744
f 743 759 760
f 744 761 745
f 744 760 761
f 745 762 746
f 745 761 762
f 746 763 747
f 746 762 763
f 765 748 764
f 748 763 764
f 748 747 763
f 748 765 749
f 749 765 766
f 749 766 750
f 750 766 767
f 750 767 751
f 751 767 768
f 751 768 752
f 752 768 769
f 752 769 753
f 753 769 770
f 753 770 754
f 756 771 755
f 755 771 757
f 757 771 772
f 757 772 758
f 758 772 773
f 758 773 759
f 759 773 774
f 759 774 760
f 760 774 775
f 760 775 761
f 761 775 776
f 761 776 762
f 762 776 777
f 762 777 763
f 763 777 778
f 763 778 764
f 781 780 779
f 783 782 779
f 779 782 781
f 785 784 783
f 783 784 782
f 787 786 785
f 785 786 784
f 789 788 787
f 787 788 786
f 791 790 789
f 789 790 788
f 793 792 791
f 791 792 790
f 795 794 793
f 793 794 792
f 797 796 795
f 795 796 794
f 799 798 797
f 797 798 796
f 801 800 799
f 799 800 798
f 803 802 801
f 801 802 800
f 805 804 803
f 803 804 802
f 807 806 805
f 805 806 804
f 807 808 806
f 779 780 679
f 780 678 679
f 780 809 678
f 779 679 680
f 779 680 783
f 783 680 682
f 783 682 785
f 785 682 684
f 785 684 787
f 787 684 686
f 787 686 789
f 789 686 687
f 789 687 791
f 791 687 689
f 791 689 793
f 793 689 691
f 793 691 795
f 795 691 693
f 795 693 797
f 797 693 695
f 797 695 799
f 799 695 697
f 799 697 801
f 801 697 699
f 801 699 803
f 803 699 701
f 803 701 805
f 805 701 703
f 805 703 807
f 703 704 807
f 704 808 807
f 704 810 808
f 809 705 678
f 811 705 809
f 706 810 704
f 706 812 810
f 811 707 705
f 813 707 811
f 708 812 706
f 708 814 812
f 813 709 707
f 815 709 813
f 710 814 708
f 710 816 814
f 815 711 709
f 817 711 815
f 712 816 710
f 712 818 816
f 817 713 711
f 819 713 817
f 714 818 712
f 714 820 818
f 819 715 713
f 821 715 819
f 716 820 714
f 716 822 820
f 821 717 715
f 823 717 821
f 718 822 716
f 718 824 822
f 823 719 717
f 825 719 823
f 720 824 718
f 720 826 824
f 825 721 719
f 827 721 825
f 722 826 720
f 722 828 826
f 827 723 721
f 829 723 827
f 724 828 722
f 724 830 828
f 829 725 723
f 831 725 829
f 726 830 724
f 726 832 830
f 831 727 725
f 833 727 831
f 728 832 726
f 728 834 832
f 833 729 727
f 835 729 833
f 730 834 728
f 730 836 834
f 835 731 729
f 837 731 835
f 732 836 730
f 732 838 836
f 837 733 731
f 839 733 837
f 734 838 732
f 734 840 838
f 839 735 733
f 841 735 839
f 736 840 734
f 736 842 840
f 841 737 735
f 843 737 841
f 738 842 736
f 738 844 842
f 843 740 737
f 845 740 843
f 754 844 738
f 754 846 844
f 845 756 740
f 847 756 845
f 764 848 765
f 765 848 849
f 850 765 849
f 766 765 850
f 766 851 767
f 850 851 766
f 767 852 768
f 851 852 767
f 768 853 769
f 852 853 768
f 769 854 770
f 853 854 769
f 754 770 846
f 846 770 854
f 847 855 756
f 756 855 771
f 771 856 772
f 855 856 771
f 772 857 773
f 856 857 772
f 773 858 774
f 857 858 773
f 774 859 775
f 858 859 774
f 775 860 776
f 859 860 775
f 776 861 777
f 860 861 776
f 777 862 778
f 861 862 777
f 764 778 848
f 778 863 848
f 778 862 863
f 848 863 849
f 866 865 864
f 868 867 864
f 864 867 866
f 870 869 868
f 868 869 867
f 872 871 870
f 870 871 869
f 874 873 872
f 872 873 871
f 876 875 874
f 874 875 873
f 878 877 876
f 876 877 875
f 880 879 878
f 878 879 877
f 882 881 880
f 880 881 879
f 884 883 882
f 882 883 881
f 886 885 884
f 884 885 883
f 888 887 886
f 886 887 885
f 890 889 888
f 888 889 887
f 892 891 890
f 890 891 889
f 892 893 891
f 864 865 781
f 865 780 781
f 865 894 780
f 864 781 782
f 864 782 868
f 868 782 784
f 868 784 870
f 870 784 786
f 870 786 872
f 872 786 788
f 872 788 874
f 874 788 790
f 874 790 876
f 876 790 792
f 876 792 878
f 878 792 794
f 878 794 880
f 880 794 796
f 880 796 882
f 882 796 798
f 882 798 884
f 884 798 800
f 884 800 886
f 886 800 802
f 886 802 888
f 888 802 804
f 888 804 890
f 890 804 806
f 890 806 892
f 806 808 892
f 808 893 892
f 808 895 893
f 894 809 780
f 896 809 894
f 810 895 808
f 810 897 895
f 896 811 809
f 898 811 896
f 812 897 810
f 812 899 897
f 898 813 811
f 900 813 898
f 814 899 812
f 814 901 899
f 900 815 813
f 902 815 900
f 816 901 814
f 816 903 901
f 902 817 815
f 904 817 902
f 818 903 816
f 818 905 903
f 904 819 817
f 906 819 904
f 820 905 818
f 820 907 905
f 906 821 819
f 908 821 906
f 822 907 820
f 822 909 907
f 908 823 821
f 910 823 908
f 824 909 822
f 824 911 909
f 910 825 823
f 912 825 910
f 826 911 824
f 826 913 911
f 912 827 825
f 914 827 912
f 828 913 826
f 828 915 913
f 914 829 827
f 916 829 914
f 830 915 828
f 830 917 915
f 916 831 829
f 918 831 916
f 832 917 830
f 832 919 917
f 918 833 831
f 920 833 918
f 834 919 832
f 834 921 919
f 920 835 833
f 922 835 920
f 836 921 834
f 836 923 921
f 922 837 835
f 924 837 922
f 838 923 836
f 838 925 923
f 924 839 837
f 926 839 924
f 840 925 838
f 840 927 925
f 926 841 839
f 928 841 926
f 842 927 840
f 842 929 927
f 928 843 841
f 930 843 928
f 844 929 842
f 844 931 929
f 930 845 843
f 932 845 930
f 846 931 844
f 846 933 931
f 935 847 934
f 847 932 934
f 847 845 932
f 937 936 935
f 937 935 934
f 939 938 936
f 939 936 937
f 941 940 938
f 941 938 939
f 943 942 940
f 943 940 941
f 945 944 942
f 945 942 943
f 947 946 944
f 947 944 945
f 949 948 946
f 949 946 947
f 951 950 948
f 951 948 949
f 850 849 950
f 951 850 950
f 952 850 951
f 850 953 851
f 952 953 850
f 851 954 852
f 953 954 851
f 852 955 853
f 954 955 852
f 853 956 854
f 955 956 853
f 846 854 933
f 933 854 956
f 935 855 847
f 855 935 856
f 856 935 936
f 856 936 857
f 857 936 938
f 857 938 858
f 858 938 940
f 858 940 859
f 859 940 942
f 859 942 860
f 860 942 944
f 860 944 861
f 861 944 946
f 861 946 862
f 862 946 948
f 862 948 863
f 863 948 950
f 863 950 849
f 958 957 866
f 866 957 865
f 959 866 867
f 959 958 866
f 960 867 869
f 960 959 867
f 961 869 871
f 961 960 869
f 962 871 873
f 962 961 871
f 963 873 875
f 963 962 873
f 964 875 877
f 964 963 875
f 965 877 879
f 965 964 877
f 967 965 966
f 965 881 966
f 965 879 881
f 883 968 881
f 881 968 966
f 885 969 883
f 883 969 968
f 969 885 970
f 885 971 970
f 885 887 971
f 973 971 972
f 971 889 972
f 971 887 889
f 891 974 889
f 889 974 972
f 893 974 891
f 957 894 865
f 975 894 957
f 976 967 966
f 976 966 968
f 976 968 977
f 977 968 969
f 977 969 978
f 978 969 970
f 979 973 972
f 979 972 974
f 979 974 980
f 974 893 980
f 893 981 980
f 893 895 981
f 975 896 894
f 982 896 975
f 897 981 895
f 897 983 981
f 982 898 896
f 984 898 982
f 899 983 897
f 899 985 983
f 984 900 898
f 986 900 984
f 901 985 899
f 901 987 985
f 986 902 900
f 988 902 986
f 903 987 901
f 903 989 987
f 988 904 902
f 990 904 988
f 905 989 903
f 905 991 989
f 990 906 904
f 992 906 990
f 907 991 905
f 907 993 991
f 992 908 906
f 994 908 992
f 909 993 907
f 909 995 993
f 994 910 908
f 996 910 994
f 911 995 909
f 911 997 995
f 996 912 910
f 998 912 996
f 913 997 911
f 913 999 997
f 998 914 912
f 1000 914 998
f 915 999 913
f 915 1001 999
f 1000 916 914
f 1002 916 1000
f 917 1001 915
f 917 1003 1001
f 1002 918 916
f 1004 918 1002
f 919 1003 917
f 919 1005 1003
f 1004 920 918
f 1006 920 1004
f 921 1005 919
f 921 1007 1005
f 1006 922 920
f 1008 922 1006
f 923 1007 921
f 923 1009 1007
f 1008 924 922
f 1010 924 1008
f 925 1009 923
f 925 1011 1009
f 1010 926 924
f 1012 926 1010
f 927 1011 925
f 927 1013 1011
f 1012 928 926
f 1014 928 1012
f 929 1013 927
f 929 1015 1013
f 1014 930 928
f 1016 930 1014
f 931 1015 929
f 931 1017 1015
f 1019 932 1018
f 932 1016 1018
f 932 930 1016
f 1021 1020 1019
f 1021 1019 1018
f 1023 1022 1020
f 1023 1020 1021
f 1025 1024 1022
f 1025 1022 1023
f 1027 1026 1024
f 1027 1024 1025
f 1029 1028 1026
f 1029 1026 1027
f 1031 1030 1028
f 1031 1028 1029
f 1033 1032 1030
f 1033 1030 1031
f 1035 1034 1032
f 1035 1032 1033
f 1037 1036 1034
f 1037 1034 1035
f 1039 1038 1036
f 1039 1036 1037
f 1041 1040 1038
f 1041 1038 1039
f 1043 1042 1040
f 1043 1040 1041
f 1045 1044 1042
f 1045 1042 1043
f 1045 1017 1044
f 1017 933 1044
f 1017 931 933
f 1019 934 932
f 934 1019 937
f 937 1019 1020
f 937 1020 939
f 939 1020 1022
f 939 1022 941
f 941 1022 1024
f 941 1024 943
f 943 1024 1026
f 943 1026 945
f 945 1026 1028
f 945 1028 947
f 947 1028 1030
f 947 1030 949
f 949 1030 1032
f 949 1032 951
f 951 1032 1034
f 951 1034 952
f 952 1034 1036
f 952 1036 953
f 953 1036 1038
f 953 1038 954
f 954 1038 1040
f 954 1040 955
f 955 1040 1042
f 955 1042 956
f 956 1042 1044
f 956 1044 933
f 1046 957 958
f 959 1047 958
f 958 1047 1046
f 960 1048 959
f 959 1048 1047
f 961 1049 960
f 960 1049 1048
f 962 1050 961
f 961 1050 1049
f 963 1051 962
f 962 1051 1050
f 964 1052 963
f 963 1052 1051
f 965 1053 964
f 964 1053 1052
f 967 1053 965
f 1054 970 971
f 973 1054 971
f 1055 975 1046
f 1046 975 957
f 1056 1046 1047
f 1055 1046 1056
f 1057 1047 1048
f 1056 1047 1057
f 1058 1048 1049
f 1057 1048 1058
f 1059 1049 1050
f 1058 1049 1059
f 1060 1050 1051
f 1059 1050 1060
f 1061 1051 1052
f 1060 1051 1061
f 1062 1052 1053
f 1061 1052 1062
f 976 1063 967
f 1063 1053 967
f 1063 1062 1053
f 977 1064 976
f 976 1064 1063
f 978 1065 977
f 977 1065 1064
f 970 1054 978
f 1054 1065 978
f 1054 1066 1065
f 979 1067 973
f 1067 1054 973
f 1067 1066 1054
f 980 1068 979
f 979 1068 1067
f 981 1068 980
f 1070 1069 1055
f 1069 975 1055
f 1069 982 975
f 1070 1055 1056
f 1070 1056 1071
f 1071 1056 1057
f 1071 1057 1072
f 1072 1057 1058
f 1072 1058 1073
f 1073 1058 1059
f 1073 1059 1074
f 1074 1059 1060
f 1074 1060 1075
f 1075 1060 1061
f 1075 1061 1076
f 1076 1061 1062
f 1076 1062 1077
f 1077 1062 1063
f 1077 1063 1078
f 1078 1063 1064
f 1078 1064 1079
f 1079 1064 1065
f 1079 1065 1080
f 1080 1065 1066
f 1080 1066 1081
f 1081 1066 1067
f 1081 1067 1082
f 1082 1067 1068
f 1082 1068 1083
f 1068 981 1083
f 981 1084 1083
f 981 983 1084
f 1069 984 982
f 1085 984 1069
f 985 1084 983
f 985 1086 1084
f 1085 986 984
f 1087 986 1085
f 987 1086 985
f 987 1088 1086
f 1087 988 986
f 1089 988 1087
f 989 1088 987
f 989 1090 1088
f 1089 990 988
f 1091 990 1089
f 991 1090 989
f 991 1092 1090
f 1091 992 990
f 1093 992 1091
f 993 1092 991
f 993 1094 1092
f 1093 994 992
f 1095 994 1093
f 995 1094 993
f 995 1096 1094
f 1095 996 994
f 1097 996 1095
f 997 1096 995
f 997 1098 1096
f 1097 998 996
f 1099 998 1097
f 999 1098 997
f 999 1100 1098
f 1099 1000 998
f 1101 1000 1099
f 1001 1100 999
f 1001 1102 1100
f 1101 1002 1000
f 1103 1002 1101
f 1003 1102 1001
f 1003 1104 1102
f 1103 1004 1002
f 1105 1004 1103
f 1005 1104 1003
f 1005 1106 1104
f 1105 1006 1004
f 1107 1006 1105
f 1007 1106 1005
f 1007 1108 1106
f 1107 1008 1006
f 1109 1008 1107
f 1009 1108 1007
f 1009 1110 1108
f 1109 1010 1008
f 1111 1010 1109
f 1011 1110 1009
f 1011 1112 1110
f 1111 1012 1010
f 1113 1012 1111
f 1013 1112 1011
f 1013 1114 1112
f 1113 1014 1012
f 1115 1014 1113
f 1015 1114 1013
f 1015 1116 1114
f 1115 1016 1014
f 1117 1016 1115
f 1120 1119 1118
f 1122 1121 1118
f 1122 1118 1119
f 1124 1123 1121
f 1124 1121 1122
f 1126 1125 1123
f 1126 1123 1124
f 1128 1127 1125
f 1128 1125 1126
f 1130 1129 1127
f 1130 1127 1128
f 1132 1131 1129
f 1132 1129 1130
f 1134 1133 1131
f 1134 1131 1132
f 1136 1135 1133
f 1136 1133 1134
f 1138 1137 1135
f 1138 1135 1136
f 1140 1139 1137
f 1140 1137 1138
f 1142 1141 1139
f 1142 1139 1140
f 1144 1143 1141
f 1144 1141 1142
f 1144 1116 1143
f 1116 1017 1143
f 1116 1015 1017
f 1117 1145 1016
f 1016 1145 1018
f 1118 1021 1120
f 1021 1145 1120
f 1021 1018 1145
f 1021 1118 1023
f 1023 1118 1121
f 1023 1121 1025
f 1025 1121 1123
f 1025 1123 1027
f 1027 1123 1125
f 1027 1125 1029
f 1029 1125 1127
f 1029 1127 1031
f 1031 1127 1129
f 1031 1129 1033
f 1033 1129 1131
f 1033 1131 1035
f 1035 1131 1133
f 1035 1133 1037
f 1037 1133 1135
f 1037 1135 1039
f 1039 1135 1137
f 1039 1137 1041
f 1041 1137 1139
f 1041 1139 1043
f 1043 1139 1141
f 1043 1141 1045
f 1045 1141 1143
f 1045 1143 1017
f 1146 1069 1070
f 1071 1147 1070
f 1070 1147 1146
f 1072 1148 1071
f 1071 1148 1147
f 1073 1149 1072
f 1072 1149 1148
f 1074 1150 1073
f 1073 1150 1149
f 1075 1151 1074
f 1074 1151 1150
f 1076 1152 1075
f 1075 1152 1151
f 1077 1153 1076
f 1076 1153 1152
f 1078 1154 1077
f 1077 1154 1153
f 1079 1155 1078
f 1078 1155 1154
f 1080 1156 1079
f 1079 1156 1155
f 1081 1157 1080
f 1080 1157 1156
f 1082 1158 1081
f 1081 1158 1157
f 1083 1159 1082
f 1082 1159 1158
f 1084 1159 1083
f 1161 1160 1146
f 1160 1069 1146
f 1160 1085 1069
f 1161 1146 1147
f 1161 1147 1162
f 1162 1147 1148
f 1162 1148 1163
f 1163 1148 1149
f 1163 1149 1164
f 1164 1149 1150
f 1164 1150 1165
f 1165 1150 1151
f 1165 1151 1166
f 1166 1151 1152
f 1166 1152 1167
f 1167 1152 1153
f 1167 1153 1168
f 1168 1153 1154
f 1168 1154 1169
f 1169 1154 1155
f 1169 1155 1170
f 1170 1155 1156
f 1170 1156 1171
f 1171 1156 1157
f 1171 1157 1172
f 1172 1157 1158
f 1172 1158 1173
f 1173 1158 1159
f 1173 1159 1174
f 1159 1084 1174
f 1084 1175 1174
f 1084 1086 1175
f 1160 1087 1085
f 1176 1087 1160
f 1088 1175 1086
f 1088 1177 1175
f 1176 1089 1087
f 1178 1089 1176
f 1090 1177 1088
f 1090 1179 1177
f 1178 1091 1089
f 1180 1091 1178
f 1092 1179 1090
f 1092 1181 1179
f 1180 1093 1091
f 1182 1093 1180
f 1094 1181 1092
f 1094 1183 1181
f 1182 1095 1093
f 1184 1095 1182
f 1096 1183 1094
f 1096 1185 1183
f 1184 1097 1095
f 1186 1097 1184
f 1098 1185 1096
f 1098 1187 1185
f 1186 1099 1097
f 1188 1099 1186
f 1100 1187 1098
f 1100 1189 1187
f 1188 1101 1099
f 1190 1101 1188
f 1102 1189 1100
f 1102 1191 1189
f 1190 1103 1101
f 1192 1103 1190
f 1104 1191 1102
f 1104 1193 1191
f 1192 1105 1103
f 1194 1105 1192
f 1106 1193 1104
f 1106 1195 1193
f 1194 1107 1105
f 1196 1107 1194
f 1108 1195 1106
f 1108 1197 1195
f 1196 1109 1107
f 1198 1109 1196
f 1110 1197 1108
f 1110 1199 1197
f 1198 1111 1109
f 1200 1111 1198
f 1112 1199 1110
f 1112 1201 1199
f 1200 1113 1111
f 1202 1113 1200
f 1114 1201 1112
f 1114 1203 1201
f 1202 1115 1113
f 1204 1115 1202
f 1207 1206 1205
f 1206 1203 1205
f 1203 1116 1205
f 1203 1114 1116
f 1209 1117 1208
f 1117 1204 1208
f 1117 1115 1204
f 1119 1120 1209
f 1208 1119 1209
f 1210 1119 1208
f 1119 1211 1122
f 1210 1211 1119
f 1122 1212 1124
f 1211 1212 1122
f 1124 1213 1126
f 1212 1213 1124
f 1126 1214 1128
f 1213 1214 1126
f 1128 1215 1130
f 1214 1215 1128
f 1130 1216 1132
f 1215 1216 1130
f 1132 1217 1134
f 1216 1217 1132
f 1134 1218 1136
f 1217 1218 1134
f 1136 1219 1138
f 1218 1219 1136
f 1138 1220 1140
f 1219 1220 1138
f 1140 1221 1142
f 1220 1221 1140
f 1205 1144 1207
f 1144 1221 1207
f 1144 1142 1221
f 1144 1205 1116
f 1209 1145 1117
f 1145 1209 1120
f 1222 1160 1161
f 1162 1223 1161
f 1161 1223 1222
f 1163 1224 1162
f 1162 1224 1223
f 1164 1225 1163
f 1163 1225 1224
f 1165 1226 1164
f 1164 1226 1225
f 1226 1165 1227
f 1165 1228 1227
f 1165 1166 1228
f 1229 1166 1167
f 1229 1228 1166
f 1231 1229 1230
f 1229 1168 1230
f 1229 1167 1168
f 1169 1232 1168
f 1168 1232 1230
f 1170 1233 1169
f 1169 1233 1232
f 1171 1234 1170
f 1170 1234 1233
f 1172 1235 1171
f 1171 1235 1234
f 1173 1236 1172
f 1172 1236 1235
f 1174 1237 1173
f 1173 1237 1236
f 1175 1237 1174
f 1239 1238 1222
f 1238 1160 1222
f 1238 1176 1160
f 1239 1222 1223
f 1239 1223 1240
f 1240 1223 1224
f 1240 1224 1241
f 1241 1224 1225
f 1241 1225 1242
f 1242 1225 1226
f 1242 1226 1243
f 1243 1226 1227
f 1244 1231 1230
f 1244 1230 1232
f 1244 1232 1245
f 1245 1232 1233
f 1245 1233 1246
f 1246 1233 1234
f 1246 1234 1247
f 1247 1234 1235
f 1247 1235 1248
f 1248 1235 1236
f 1248 1236 1249
f 1249 1236 1237
f 1249 1237 1250
f 1237 1175 1250
f 1175 1251 1250
f 1175 1177 1251
f 1238 1178 1176
f 1252 1178 1238
f 1179 1251 1177
f 1179 1253 1251
f 1252 1180 1178
f 1254 1180 1252
f 1181 1253 1179
f 1181 1255 1253
f 1254 1182 1180
f 1256 1182 1254
f 1183 1255 1181
f 1183 1257 1255
f 1256 1184 1182
f 1258 1184 1256
f 1185 1257 1183
f 1185 1259 1257
f 1258 1186 1184
f 1260 1186 1258
f 1187 1259 1185
f 1187 1261 1259
f 1260 1188 1186
f 1262 1188 1260
f 1189 1261 1187
f 1189 1263 1261
f 1262 1190 1188
f 1264 1190 1262
f 1191 1263 1189
f 1191 1265 1263
f 1264 1192 1190
f 1266 1192 1264
f 1193 1265 1191
f 1193 1267 1265
f 1266 1194 1192
f 1268 1194 1266
f 1195 1267 1193
f 1195 1269 1267
f 1268 1196 1194
f 1270 1196 1268
f 1197 1269 1195
f 1197 1271 1269
f 1270 1198 1196
f 1272 1198 1270
f 1199 1271 1197
f 1199 1273 1271
f 1272 1200 1198
f 1274 1200 1272
f 1201 1273 1199
f 1201 1275 1273
f 1274 1202 1200
f 1276 1202 1274
f 1203 1275 1201
f 1203 1277 1275
f 1279 1204 1278
f 1204 1276 1278
f 1204 1202 1276
f 1281 1280 1279
f 1281 1279 1278
f 1283 1282 1280
f 1283 1280 1281
f 1285 1284 1282
f 1285 1282 1283
f 1287 1286 1284
f 1287 1284 1285
f 1289 1288 1286
f 1289 1286 1287
f 1291 1290 1288
f 1291 1288 1289
f 1293 1292 1290
f 1293 1290 1291
f 1295 1294 1292
f 1295 1292 1293
f 1297 1296 1294
f 1297 1294 1295
f 1299 1298 1296
f 1299 1296 1297
f 1301 1300 1298
f 1301 1298 1299
f 1303 1302 1300
f 1303 1300 1301
f 1206 1207 1302
f 1303 1206 1302
f 1304 1206 1303
f 1203 1206 1277
f 1277 1206 1304
f 1279 1208 1204
f 1208 1279 1210
f 1210 1279 1280
f 1210 1280 1211
f 1211 1280 1282
f 1211 1282 1212
f 1212 1282 1284
f 1212 1284 1213
f 1213 1284 1286
f 1213 1286 1214
f 1214 1286 1288
f 1214 1288 1215
f 1215 1288 1290
f 1215 1290 1216
f 1216 1290 1292
f 1216 1292 1217
f 1217 1292 1294
f 1217 1294 1218
f 1218 1294 1296
f 1218 1296 1219
f 1219 1296 1298
f 1219 1298 1220
f 1220 1298 1300
f 1220 1300 1221
f 1221 1300 1302
f 1221 1302 1207
f 1305 1227 1228
f 1229 1306 1228
f 1228 1306 1305
f 1231 1306 1229
f 1307 1238 1239
f 1240 1308 1239
f 1239 1308 1307
f 1241 1309 1240
f 1240 1309 1308
f 1242 1310 1241
f 1241 1310 1309
f 1243 1311 1242
f 1242 1311 1310
f 1227 1305 1243
f 1305 1311 1243
f 1305 1312 1311
f 1313 1305 1306
f 1312 1305 1313
f 1244 1314 1231
f 1314 1306 1231
f 1314 1313 1306
f 1245 1315 1244
f 1244 1315 1314
f 1246 1316 1245
f 1245 1316 1315
f 1247 1317 1246
f 1246 1317 1316
f 1248 1318 1247
f 1247 1318 1317
f 1249 1319 1248
f 1248 1319 1318
f 1250 1320 1249
f 1249 1320 1319
f 1251 1320 1250
f 1322 1321 1307
f 1321 1238 1307
f 1321 1252 1238
f 1322 1307 1308
f 1322 1308 1323
f 1323 1308 1309
f 1323 1309 1324
f 1324 1309 1310
f 1324 1310 1325
f 1325 1310 1311
f 1325 1311 1326
f 1326 1311 1312
f 1326 1312 1327
f 1327 1312 1313
f 1327 1313 1328
f 1328 1313 1314
f 1328 1314 1329
f 1329 1314 1315
f 1329 1315 1330
f 1330 1315 1316
f 1330 1316 1331
f 1331 1316 1317
f 1331 1317 1332
f 1332 1317 1318
f 1332 1318 1333
f 1333 1318 1319
f 1333 1319 1334
f 1334 1319 1320
f 1334 1320 1335
f 1320 1251 1335
f 1251 1336 1335
f 1251 1253 1336
f 1321 1254 1252
f 1337 1254 1321
f 1255 1336 1253
f 1255 1338 1336
f 1337 1256 1254
f 1339 1256 1337
f 1257 1338 1255
f 1257 1340 1338
f 1339 1258 1256
f 1341 1258 1339
f 1259 1340 1257
f 1259 1342 1340
f 1341 1260 1258
f 1343 1260 1341
f 1261 1342 1259
f 1261 1344 1342
f 1343 1262 1260
f 1345 1262 1343
f 1263 1344 1261
f 1263 1346 1344
f 1345 1264 1262
f 1347 1264 1345
f 1265 1346 1263
f 1265 1348 1346
f 1347 1266 1264
f 1349 1266 1347
f 1267 1348 1265
f 1267 1350 1348
f 1349 1268 1266
f 1351 1268 1349
f 1269 1350 1267
f 1269 1352 1350
f 1351 1270 1268
f 1353 1270 1351
f 1271 1352 1269
f 1271 1354 1352
f 1353 1272 1270
f 1355 1272 1353
f 1273 1354 1271
f 1273 1356 1354
f 1355 1274 1272
f 1357 1274 1355
f 1360 1359 1358
f 1359 1356 1358
f 1356 1275 1358
f 1356 1273 1275
f 1362 1276 1361
f 1276 1357 1361
f 1276 1274 1357
f 1364 1363 1362
f 1364 1362 1361
f 1366 1365 1363
f 1366 1363 1364
f 1368 1367 1365
f 1368 1365 1366
f 1370 1369 1367
f 1370 1367 1368
f 1372 1371 1369
f 1372 1369 1370
f 1374 1373 1371
f 1374 1371 1372
f 1376 1375 1373
f 1376 1373 1374
f 1378 1377 1375
f 1378 1375 1376
f 1380 1379 1377
f 1380 1377 1378
f 1382 1381 1379
f 1382 1379 1380
f 1384 1383 1381
f 1384 1381 1382
f 1386 1385 1383
f 1386 1383 1384
f 1385 1386 1360
f 1358 1385 1360
f 1387 1385 1358
f 1277 1387 1275
f 1275 1387 1358
f 1362 1278 1276
f 1278 1362 1281
f 1281 1362 1363
f 1281 1363 1283
f 1283 1363 1365
f 1283 1365 1285
f 1285 1365 1367
f 1285 1367 1287
f 1287 1367 1369
f 1287 1369 1289
f 1289 1369 1371
f 1289 1371 1291
f 1291 1371 1373
f 1291 1373 1293
f 1293 1373 1375
f 1293 1375 1295
f 1295 1375 1377
f 1295 1377 1297
f 1297 1377 1379
f 1297 1379 1299
f 1299 1379 1381
f 1299 1381 1301
f 1301 1381 1383
f 1301 1383 1303
f 1303 1383 1385
f 1303 1385 1304
f 1304 1385 1387
f 1304 1387 1277
f 1388 1321 1322
f 1323 1389 1322
f 1322 1389 1388
f 1324 1390 1323
f 1323 1390 1389
f 1325 1391 1324
f 1324 1391 1390
f 1326 1392 1325
f 1325 1392 1391
f 1327 1393 1326
f 1326 1393 1392
f 1328 1394 1327
f 1327 1394 1393
f 1329 1395 1328
f 1328 1395 1394
f 1330 1396 1329
f 1329 1396 1395
f 1331 1397 1330
f 1330 1397 1396
f 1332 1398 1331
f 1331 1398 1397
f 1333 1399 1332
f 1332 1399 1398
f 1334 1400 1333
f 1333 1400 1399
f 1335 1401 1334
f 1334 1401 1400
f 1336 1401 1335
f 1403 1402 1388
f 1402 1321 1388
f 1402 1337 1321
f 1403 1388 1389
f 1403 1389 1404
f 1404 1389 1390
f 1404 1390 1405
f 1405 1390 1391
f 1405 1391 1406
f 1406 1391 1392
f 1406 1392 1407
f 1407 1392 1393
f 1407 1393 1408
f 1408 1393 1394
f 1408 1394 1409
f 1409 1394 1395
f 1409 1395 1410
f 1410 1395 1396
f 1410 1396 1411
f 1411 1396 1397
f 1411 1397 1412
f 1412 1397 1398
f 1412 1398 1413
f 1413 1398 1399
f 1413 1399 1414
f 1414 1399 1400
f 1414 1400 1415
f 1415 1400 1401
f 1415 1401 1416
f 1401 1336 1416
f 1336 1417 1416
f 1336 1338 1417
f 1402 1339 1337
f 1418 1339 1402
f 1340 1417 1338
f 1340 1419 1417
f 1418 1341 1339
f 1420 1341 1418
f 1342 1419 1340
f 1342 1421 1419
f 1420 1343 1341
f 1422 1343 1420
f 1344 1421 1342
f 1344 1423 1421
f 1422 1345 1343
f 1424 1345 1422
f 1346 1423 1344
f 1346 1425 1423
f 1424 1347 1345
f 1426 1347 1424
f 1348 1425 1346
f 1348 1427 1425
f 1426 1349 1347
f 1428 1349 1426
f 1350 1427 1348
f 1350 1429 1427
f 1428 1351 1349
f 1430 1351 1428
f 1352 1429 1350
f 1352 1431 1429
f 1430 1353 1351
f 1432 1353 1430
f 1435 1434 1433
f 1434 1431 1433
f 1431 1354 1433
f 1431 1352 1354
f 1432 1355 1353
f 1436 1355 1432
f 1439 1438 1437
f 1437 1438 1435
f 1433 1437 1435
f 1440 1437 1433
f 1356 1440 1354
f 1354 1440 1433
f 1442 1357 1441
f 1357 1436 1441
f 1357 1355 1436
f 1444 1443 1442
f 1444 1442 1441
f 1446 1445 1443
f 1446 1443 1444
f 1448 1447 1445
f 1448 1445 1446
f 1450 1449 1447
f 1450 1447 1448
f 1452 1451 1449
f 1452 1449 1450
f 1454 1453 1451
f 1454 1451 1452
f 1456 1455 1453
f 1456 1453 1454
f 1458 1457 1455
f 1458 1455 1456
f 1460 1459 1457
f 1460 1457 1458
f 1462 1461 1459
f 1462 1459 1460
f 1464 1463 1461
f 1464 1461 1462
f 1463 1464 1439
f 1437 1463 1439
f 1465 1463 1437
f 1360 1465 1359
f 1465 1440 1359
f 1465 1437 1440
f 1359 1440 1356
f 1442 1361 1357
f 1361 1442 1364
f 1364 1442 1443
f 1364 1443 1366
f 1366 1443 1445
f 1366 1445 1368
f 1368 1445 1447
f 1368 1447 1370
f 1370 1447 1449
f 1370 1449 1372
f 1372 1449 1451
f 1372 1451 1374
f 1374 1451 1453
f 1374 1453 1376
f 1376 1453 1455
f 1376 1455 1378
f 1378 1455 1457
f 1378 1457 1380
f 1380 1457 1459
f 1380 1459 1382
f 1382 1459 1461
f 1382 1461 1384
f 1384 1461 1463
f 1384 1463 1386
f 1386 1463 1465
f 1386 1465 1360
f 1466 1402 1403
f 1404 1467 1403
f 1403 1467 1466
f 1405 1468 1404
f 1404 1468 1467
f 1406 1469 1405
f 1405 1469 1468
f 1407 1470 1406
f 1406 1470 1469
f 1408 1471 1407
f 1407 1471 1470
f 1409 1472 1408
f 1408 1472 1471
f 1410 1473 1409
f 1409 1473 1472
f 1411 1474 1410
f 1410 1474 1473
f 1412 1475 1411
f 1411 1475 1474
f 1413 1476 1412
f 1412 1476 1475
f 1414 1477 1413
f 1413 1477 1476
f 1415 1478 1414
f 1414 1478 1477
f 1416 1479 1415
f 1415 1479 1478
f 1417 1479 1416
f 1481 1480 1466
f 1480 1402 1466
f 1480 1418 1402
f 1481 1466 1467
f 1481 1467 1482
f 1482 1467 1468
f 1482 1468 1483
f 1483 1468 1469
f 1483 1469 1484
f 1484 1469 1470
f 1484 1470 1485
f 1485 1470 1471
f 1485 1471 1486
f 1486 1471 1472
f 1486 1472 1487
f 1487 1472 1473
f 1487 1473 1488
f 1488 1473 1474
f 1488 1474 1489
f 1489 1474 1475
f 1489 1475 1490
f 1490 1475 1476
f 1490 1476 1491
f 1491 1476 1477
f 1491 1477 1492
f 1494 1493 1492
f 1477 1494 1492
f 1478 1494 1477
f 1495 1478 1479
f 1494 1478 1495
f 1419 1495 1417
f 1417 1495 1479
f 1480 1420 1418
f 1496 1420 1480
f 1497 1493 1494
f 1497 1494 1495
f 1497 1495 1498
f 1495 1419 1498
f 1419 1499 1498
f 1419 1421 1499
f 1496 1422 1420
f 1500 1422 1496
f 1423 1499 1421
f 1423 1501 1499
f 1500 1424 1422
f 1502 1424 1500
f 1425 1501 1423
f 1425 1503 1501
f 1502 1426 1424
f 1504 1426 1502
f 1507 1506 1505
f 1506 1503 1505
f 1503 1427 1505
f 1503 1425 1427
f 1504 1428 1426
f 1508 1428 1504
f 1511 1510 1509
f 1509 1510 1507
f 1505 1509 1507
f 1512 1509 1505
f 1429 1512 1427
f 1427 1512 1505
f 1508 1430 1428
f 1513 1430 1508
f 1511 1509 1514
f 1511 1514 1515
f 1516 1509 1512
f 1514 1509 1516
f 1431 1516 1429
f 1429 1516 1512
f 1513 1432 1430
f 1517 1432 1513
f 1515 1514 1518
f 1515 1518 1519
f 1435 1518 1434
f 1518 1516 1434
f 1518 1514 1516
f 1434 1516 1431
f 1521 1436 1520
f 1436 1517 1520
f 1436 1432 1517
f 1523 1522 1521
f 1523 1521 1520
f 1525 1524 1522
f 1525 1522 1523
f 1527 1526 1524
f 1527 1524 1525
f 1529 1528 1526
f 1529 1526 1527
f 1531 1530 1528
f 1531 1528 1529
f 1533 1532 1530
f 1533 1530 1531
f 1535 1534 1532
f 1535 1532 1533
f 1537 1536 1534
f 1537 1534 1535
f 1539 1538 1536
f 1539 1536 1537
f 1541 1540 1538
f 1541 1538 1539
f 1543 1542 1540
f 1543 1540 1541
f 1542 1543 1519
f 1542 1519 1518
f 1439 1542 1518
f 1438 1439 1518
f 1438 1518 1435
f 1521 1441 1436
f 1441 1521 1444
f 1444 1521 1522
f 1444 1522 1446
f 1446 1522 1524
f 1446 1524 1448
f 1448 1524 1526
f 1448 1526 1450
f 1450 1526 1528
f 1450 1528 1452
f 1452 1528 1530
f 1452 1530 1454
f 1454 1530 1532
f 1454 1532 1456
f 1456 1532 1534
f 1456 1534 1458
f 1458 1534 1536
f 1458 1536 1460
f 1460 1536 1538
f 1460 1538 1462
f 1462 1538 1540
f 1462 1540 1464
f 1464 1540 1542
f 1464 1542 1439
f 1544 1480 1481
f 1482 1545 1481
f 1481 1545 1544
f 1483 1546 1482
f 1482 1546 1545
f 1484 1547 1483
f 1483 1547 1546
f 1485 1548 1484
f 1484 1548 1547
f 1486 1549 1485
f 1485 1549 1548
f 1487 1550 1486
f 1486 1550 1549
f 1488 1551 1487
f 1487 1551 1550
f 1489 1552 1488
f 1488 1552 1551
f 1490 1553 1489
f 1489 1553 1552
f 1491 1554 1490
f 1490 1554 1553
f 1492 1555 1491
f 1491 1555 1554
f 1493 1555 1492
f 1556 1496 1544
f 1544 1496 1480
f 1557 1544 1545
f 1556 1544 1557
f 1558 1545 1546
f 1557 1545 1558
f 1547 1560 1559
f 1558 1547 1559
f 1546 1547 1558
f 1560 1547 1548
f 1560 1548 1561
f 1561 1548 1549
f 1561 1549 1562
f 1562 1549 1550
f 1562 1550 1563
f 1563 1550 1551
f 1563 1551 1564
f 1564 1551 1552
f 1564 1552 1565
f 1565 1552 1553
f 1565 1553 1566
f 1568 1567 1566
f 1553 1568 1566
f 1554 1568 1553
f 1569 1554 1555
f 1568 1554 1569
f 1497 1570 1493
f 1570 1555 1493
f 1570 1569 1555
f 1498 1571 1497
f 1497 1571 1570
f 1499 1571 1498
f 1573 1572 1556
f 1572 1496 1556
f 1572 1500 1496
f 1573 1556 1557
f 1573 1557 1574
f 1574 1557 1558
f 1574 1558 1575
f 1575 1558 1559
f 1576 1567 1568
f 1576 1568 1569
f 1576 1569 1577
f 1577 1569 1570
f 1577 1570 1578
f 1580 1579 1578
f 1570 1580 1578
f 1571 1580 1570
f 1501 1580 1499
f 1499 1580 1571
f 1572 1502 1500
f 1581 1502 1572
f 1584 1583 1582
f 1582 1583 1579
f 1580 1582 1579
f 1585 1582 1580
f 1503 1585 1501
f 1501 1585 1580
f 1581 1504 1502
f 1586 1504 1581
f 1584 1582 1587
f 1584 1587 1588
f 1507 1587 1506
f 1587 1585 1506
f 1587 1582 1585
f 1506 1585 1503
f 1586 1508 1504
f 1589 1508 1586
f 1592 1591 1590
f 1590 1591 1588
f 1590 1588 1587
f 1511 1590 1587
f 1510 1511 1587
f 1510 1587 1507
f 1589 1513 1508
f 1593 1513 1589
f 1596 1595 1594
f 1594 1595 1592
f 1590 1594 1592
f 1597 1594 1590
f 1515 1597 1511
f 1511 1597 1590
f 1599 1517 1598
f 1517 1593 1598
f 1517 1513 1593
f 1601 1600 1599
f 1601 1599 1598
f 1603 1602 1600
f 1603 1600 1601
f 1605 1604 1602
f 1605 1602 1603
f 1607 1606 1604
f 1607 1604 1605
f 1609 1608 1606
f 1609 1606 1607
f 1611 1610 1608
f 1611 1608 1609
f 1613 1612 1610
f 1613 1610 1611
f 1615 1614 1612
f 1615 1612 1613
f 1617 1616 1614
f 1617 1614 1615
f 1616 1617 1596
f 1594 1616 1596
f 1618 1616 1594
f 1619 1594 1597
f 1618 1594 1619
f 1519 1619 1515
f 1515 1619 1597
f 1599 1520 1517
f 1520 1599 1523
f 1523 1599 1600
f 1523 1600 1525
f 1525 1600 1602
f 1525 1602 1527
f 1527 1602 1604
f 1527 1604 1529
f 1529 1604 1606
f 1529 1606 1531
f 1531 1606 1608
f 1531 1608 1533
f 1533 1608 1610
f 1533 1610 1535
f 1535 1610 1612
f 1535 1612 1537
f 1537 1612 1614
f 1537 1614 1539
f 1539 1614 1616
f 1539 1616 1541
f 1541 1616 1618
f 1541 1618 1543
f 1543 1618 1619
f 1543 1619 1519
f 1620 1559 1560
f 1561 1621 1560
f 1560 1621 1620
f 1562 1622 1561
f 1561 1622 1621
f 1563 1623 1562
f 1562 1623 1622
f 1564 1624 1563
f 1563 1624 1623
f 1565 1625 1564
f 1564 1625 1624
f 1566 1626 1565
f 1565 1626 1625
f 1567 1626 1566
f 1627 1572 1573
f 1574 1628 1573
f 1573 1628 1627
f 1575 1629 1574
f 1574 1629 1628
f 1559 1620 1575
f 1620 1629 1575
f 1620 1630 1629
f 1631 1620 1621
f 1630 1620 1631
f 1632 1621 1622
f 1631 1621 1632
f 1633 1622 1623
f 1632 1622 1633
f 1634 1623 1624
f 1633 1623 1634
f 1635 1624 1625
f 1634 1624 1635
f 1636 1625 1626
f 1635 1625 1636
f 1576 1637 1567
f 1637 1626 1567
f 1637 1636 1626
f 1577 1638 1576
f 1576 1638 1637
f 1578 1639 1577
f 1577 1639 1638
f 1579 1639 1578
f 1641 1640 1627
f 1640 1572 1627
f 1640 1581 1572
f 1641 1627 1628
f 1641 1628 1642
f 1642 1628 1629
f 1642 1629 1643
f 1643 1629 1630
f 1643 1630 1644
f 1644 1630 1631
f 1644 1631 1645
f 1645 1631 1632
f 1645 1632 1646
f 1646 1632 1633
f 1646 1633 1647
f 1647 1633 1634
f 1647 1634 1648
f 1648 1634 1635
f 1648 1635 1649
f 1649 1635 1636
f 1649 1636 1650
f 1652 1651 1650
f 1636 1652 1650
f 1637 1652 1636
f 1653 1637 1638
f 1652 1637 1653
f 1584 1653 1583
f 1653 1639 1583
f 1653 1638 1639
f 1583 1639 1579
f 1640 1586 1581
f 1654 1586 1640
f 1651 1652 1655
f 1651 1655 1656
f 1657 1652 1653
f 1655 1652 1657
f 1588 1657 1584
f 1584 1657 1653
f 1654 1589 1586
f 1658 1589 1654
f 1661 1660 1659
f 1659 1660 1656
f 1655 1659 1656
f 1662 1659 1655
f 1592 1662 1591
f 1662 1657 1591
f 1662 1655 1657
f 1591 1657 1588
f 1664 1593 1663
f 1593 1658 1663
f 1593 1589 1658
f 1666 1665 1664
f 1666 1664 1663
f 1668 1667 1665
f 1668 1665 1666
f 1670 1669 1667
f 1670 1667 1668
f 1672 1671 1669
f 1672 1669 1670
f 1674 1673 1671
f 1674 1671 1672
f 1676 1675 1673
f 1676 1673 1674
f 1678 1677 1675
f 1678 1675 1676
f 1680 1679 1677
f 1680 1677 1678
f 1679 1680 1661
f 1659 1679 1661
f 1681 1679 1659
f 1596 1681 1595
f 1681 1662 1595
f 1681 1659 1662
f 1595 1662 1592
f 1664 1598 1593
f 1598 1664 1601
f 1601 1664 1665
f 1601 1665 1603
f 1603 1665 1667
f 1603 1667 1605
f 1605 1667 1669
f 1605 1669 1607
f 1607 1669 1671
f 1607 1671 1609
f 1609 1671 1673
f 1609 1673 1611
f 1611 1673 1675
f 1611 1675 1613
f 1613 1675 1677
f 1613 1677 1615
f 1615 1677 1679
f 1615 1679 1617
f 1617 1679 1681
f 1617 1681 1596
f 1682 1640 1641
f 1642 1683 1641
f 1641 1683 1682
f 1643 1684 1642
f 1642 1684 1683
f 1644 1685 1643
f 1643 1685 1684
f 1645 1686 1644
f 1644 1686 1685
f 1646 1687 1645
f 1645 1687 1686
f 1647 1688 1646
f 1646 1688 1687
f 1648 1689 1647
f 1647 1689 1688
f 1649 1690 1648
f 1648 1690 1689
f 1650 1691 1649
f 1649 1691 1690
f 1651 1691 1650
f 1693 1692 1682
f 1692 1640 1682
f 1692 1654 1640
f 1693 1682 1683
f 1693 1683 1694
f 1694 1683 1684
f 1694 1684 1695
f 1695 1684 1685
f 1695 1685 1696
f 1696 1685 1686
f 1696 1686 1697
f 1697 1686 1687
f 1697 1687 1698
f 1698 1687 1688
f 1698 1688 1699
f 1699 1688 1689
f 1699 1689 1700
f 1702 1701 1700
f 1689 1702 1700
f 1690 1702 1689
f 1703 1690 1691
f 1702 1690 1703
f 1656 1703 1651
f 1651 1703 1691
f 1692 1658 1654
f 1704 1658 1692
f 1707 1706 1705
f 1705 1706 1701
f 1702 1705 1701
f 1708 1705 1702
f 1661 1708 1660
f 1708 1703 1660
f 1708 1702 1703
f 1660 1703 1656
f 1704 1709 1658
f 1658 1709 1663
f 1663 1710 1666
f 1709 1710 1663
f 1666 1711 1668
f 1710 1711 1666
f 1668 1712 1670
f 1711 1712 1668
f 1670 1713 1672
f 1712 1713 1670
f 1672 1714 1674
f 1713 1714 1672
f 1674 1715 1676
f 1714 1715 1674
f 1705 1678 1707
f 1678 1715 1707
f 1678 1676 1715
f 1678 1705 1680
f 1680 1705 1708
f 1680 1708 1661
f 1716 1692 1693
f 1694 1717 1693
f 1693 1717 1716
f 1695 1718 1694
f 1694 1718 1717
f 1696 1719 1695
f 1695 1719 1718
f 1697 1720 1696
f 1696 1720 1719
f 1698 1721 1697
f 1697 1721 1720
f 1699 1722 1698
f 1698 1722 1721
f 1700 1723 1699
f 1699 1723 1722
f 1701 1723 1700
f 1724 1704 1716
f 1716 1704 1692
f 1725 1716 1717
f 1724 1716 1725
f 1726 1717 1718
f 1725 1717 1726
f 1727 1718 1719
f 1726 1718 1727
f 1728 1719 1720
f 1727 1719 1728
f 1729 1720 1721
f 1728 1720 1729
f 1730 1721 1722
f 1729 1721 1730
f 1707 1730 1706
f 1730 1723 1706
f 1730 1722 1723
f 1706 1723 1701
f 1724 1709 1704
f 1709 1724 1710
f 1710 1724 1725
f 1710 1725 1711
f 1711 1725 1726
f 1711 1726 1712
f 1712 1726 1727
f 1712 1727 1713
f 1713 1727 1728
f 1713 1728 1714
f 1714 1728 1729
f 1714 1729 1715
f 1715 1729 1730
f 1715 1730 1707
