# Asteroid shape model (convexinv -> dual reconstruction)
v -1.38118725 -0.21005813 -0.07142857
v -1.30975868 -0.21005813 -0.14285714
v -1.30975868 -0.28148670 -0.07142857
v -1.30975868 -0.21005813 0.00000000
v -1.38118725 -0.06720099 -0.50000000
v -1.30975868 -0.06720099 -0.57142857
v -1.30975868 -0.13862956 -0.50000000
v -1.30975868 -0.13862956 -0.35714286
v -1.38118725 -0.06720099 -0.35714286
v -1.30975868 -0.13862956 -0.21428571
v -1.38118725 -0.06720099 -0.21428571
v -1.38118725 -0.06720099 -0.07142857
v -1.30975868 -0.13862956 0.07142857
v -1.38118725 -0.06720099 0.07142857
v -1.30975868 -0.13862956 0.21428571
v -1.38118725 -0.06720099 0.21428571
v -1.30975868 -0.13862956 0.35714286
v -1.38118725 -0.06720099 0.35714286
v -1.30975868 -0.13862956 0.50000000
v -1.38118725 -0.06720099 0.50000000
v -1.30975868 -0.06720099 0.57142857
v -1.30975868 0.00422758 -0.50000000
v -1.30975868 0.00422758 -0.35714286
v -1.30975868 0.00422758 -0.21428571
v -1.30975868 0.00422758 -0.07142857
v -1.30975868 0.00422758 0.07142857
v -1.30975868 0.00422758 0.21428571
v -1.30975868 0.00422758 0.35714286
v -1.30975868 0.00422758 0.50000000
v -1.23833010 -0.21005813 -0.07142857
v -1.16690153 -0.06720099 -0.57142857
v -1.16690153 -0.13862956 -0.50000000
v -1.16690153 -0.13862956 -0.35714286
v -1.16690153 -0.13862956 -0.21428571
v -1.16690153 -0.13862956 -0.07142857
v -1.16690153 -0.13862956 0.07142857
v -1.16690153 -0.13862956 0.21428571
v -1.16690153 -0.13862956 0.35714286
v -1.16690153 -0.13862956 0.50000000
v -1.16690153 -0.06720099 0.57142857
v -1.16690153 0.00422758 -0.50000000
v -1.16690153 0.00422758 -0.35714286
v -1.16690153 0.00422758 -0.21428571
v -1.23833010 0.07565616 -0.07142857
v -1.16690153 0.07565616 -0.14285714
v -1.23833010 0.07565616 0.07142857
v -1.23833010 0.07565616 0.21428571
v -1.23833010 0.07565616 0.35714286
v -1.16690153 0.07565616 0.42857143
v -1.16690153 0.00422758 0.50000000
v -1.16690153 0.14708473 -0.07142857
v -1.16690153 0.14708473 0.07142857
v -1.23833010 0.21851330 0.21428571
v -1.16690153 0.21851330 0.14285714
v -1.16690153 0.21851330 0.28571429
v -1.16690153 0.14708473 0.35714286
v -1.16690153 0.28994187 0.21428571
v -1.09547296 -0.63862956 -0.64285714
v -1.02404439 -0.63862956 -0.71428571
v -1.02404439 -0.71005813 -0.64285714
v -1.02404439 -0.71005813 -0.50000000
v -1.09547296 -0.63862956 -0.50000000
v -1.02404439 -0.63862956 -0.42857143
v -1.09547296 -0.49577242 -0.92857143
v -1.02404439 -0.49577242 -1.00000000
v -1.02404439 -0.56720099 -0.92857143
v -1.02404439 -0.56720099 -0.78571429
v -1.09547296 -0.49577242 -0.78571429
v -1.09547296 -0.49577242 -0.64285714
v -1.09547296 -0.49577242 -0.50000000
v -1.02404439 -0.49577242 -0.42857143
v -1.09547296 -0.49577242 0.64285714
v -1.02404439 -0.49577242 0.57142857
v -1.02404439 -0.56720099 0.64285714
v -1.02404439 -0.49577242 0.71428571
v -1.09547296 -0.35291527 -0.92857143
v -1.02404439 -0.35291527 -1.00000000
v -1.09547296 -0.35291527 -0.78571429
v -1.09547296 -0.35291527 -0.64285714
v -1.09547296 -0.35291527 -0.50000000
v -1.02404439 -0.35291527 -0.42857143
v -1.09547296 -0.35291527 0.64285714
v -1.02404439 -0.35291527 0.57142857
v -1.02404439 -0.42434384 0.78571429
v -1.09547296 -0.35291527 0.78571429
v -1.02404439 -0.42434384 0.92857143
v -1.09547296 -0.35291527 0.92857143
v -1.02404439 -0.35291527 1.00000000
v -1.09547296 -0.21005813 -0.92857143
v -1.02404439 -0.21005813 -1.00000000
v -1.09547296 -0.21005813 -0.78571429
v -1.09547296 -0.21005813 -0.64285714
v -1.09547296 -0.21005813 -0.50000000
v -1.02404439 -0.21005813 -0.42857143
v -1.09547296 -0.21005813 0.64285714
v -1.02404439 -0.21005813 0.57142857
v -1.09547296 -0.21005813 0.78571429
v -1.09547296 -0.21005813 0.92857143
v -1.02404439 -0.21005813 1.00000000
v -1.09547296 -0.06720099 -0.92857143
v -1.02404439 -0.06720099 -1.00000000
v -1.09547296 -0.06720099 -0.78571429
v -1.09547296 -0.06720099 -0.64285714
v -1.02404439 -0.13862956 -0.35714286
v -1.02404439 -0.13862956 -0.21428571
v -1.02404439 -0.13862956 -0.07142857
v -1.02404439 -0.13862956 0.07142857
v -1.02404439 -0.13862956 0.21428571
v -1.02404439 -0.13862956 0.35714286
v -1.02404439 -0.13862956 0.50000000
v -1.09547296 -0.06720099 0.64285714
v -1.02404439 -0.06720099 0.71428571
v -1.02404439 -0.13862956 0.78571429
v -1.02404439 -0.13862956 0.92857143
v -1.09547296 0.07565616 -0.92857143
v -1.02404439 0.07565616 -1.00000000
v -1.09547296 0.07565616 -0.78571429
v -1.09547296 0.07565616 -0.64285714
v -1.09547296 0.07565616 -0.50000000
v -1.09547296 0.07565616 -0.35714286
v -1.09547296 0.07565616 -0.21428571
v -1.09547296 0.07565616 0.50000000
v -1.09547296 0.07565616 0.64285714
v -1.02404439 0.07565616 0.71428571
v -1.09547296 0.21851330 -0.92857143
v -1.02404439 0.21851330 -1.00000000
v -1.09547296 0.21851330 -0.78571429
v -1.09547296 0.21851330 -0.64285714
v -1.09547296 0.21851330 -0.50000000
v -1.09547296 0.21851330 -0.35714286
v -1.09547296 0.21851330 -0.21428571
v -1.09547296 0.21851330 -0.07142857
v -1.09547296 0.21851330 0.07142857
v -1.09547296 0.21851330 0.35714286
v -1.09547296 0.21851330 0.50000000
v -1.09547296 0.21851330 0.64285714
v -1.02404439 0.21851330 0.71428571
v -1.09547296 0.36137044 -0.92857143
v -1.02404439 0.36137044 -1.00000000
v -1.09547296 0.36137044 -0.78571429
v -1.09547296 0.36137044 -0.64285714
v -1.09547296 0.36137044 -0.50000000
v -1.09547296 0.36137044 -0.35714286
v -1.09547296 0.36137044 -0.21428571
v -1.02404439 0.36137044 -0.14285714
v -1.02404439 0.28994187 -0.07142857
v -1.02404439 0.28994187 0.07142857
v -1.02404439 0.28994187 0.21428571
v -1.02404439 0.28994187 0.35714286
v -1.02404439 0.28994187 0.50000000
v -1.02404439 0.28994187 0.64285714
v -1.02404439 0.43279901 -0.92857143
v -1.02404439 0.43279901 -0.78571429
v -1.02404439 0.43279901 -0.64285714
v -1.02404439 0.43279901 -0.50000000
v -1.09547296 0.50422758 -0.35714286
v -1.02404439 0.50422758 -0.42857143
v -1.09547296 0.50422758 -0.21428571
v -1.02404439 0.50422758 -0.14285714
v -1.09547296 0.64708473 -0.35714286
v -1.02404439 0.64708473 -0.42857143
v -1.02404439 0.64708473 -0.28571429
v -1.02404439 0.57565616 -0.21428571
v -1.09547296 0.78994187 -0.35714286
v -1.02404439 0.78994187 -0.42857143
v -1.02404439 0.78994187 -0.28571429
v -1.02404439 0.86137044 -0.35714286
v -0.95261582 -0.78148670 -0.50000000
v -0.88118725 -0.78148670 -0.57142857
v -0.88118725 -0.85291527 -0.50000000
v -0.88118725 -0.78148670 -0.42857143
v -0.95261582 -0.63862956 -0.92857143
v -0.88118725 -0.63862956 -1.00000000
v -0.88118725 -0.71005813 -0.92857143
v -0.88118725 -0.71005813 -0.78571429
v -0.95261582 -0.63862956 -0.78571429
v -0.88118725 -0.71005813 -0.64285714
v -0.88118725 -0.71005813 -0.35714286
v -0.95261582 -0.63862956 -0.35714286
v -0.88118725 -0.63862956 -0.28571429
v -0.95261582 -0.63862956 0.64285714
v -0.88118725 -0.63862956 0.57142857
v -0.88118725 -0.71005813 0.64285714
v -0.88118725 -0.71005813 0.78571429
v -0.95261582 -0.63862956 0.78571429
v -0.88118725 -0.63862956 0.85714286
v -0.88118725 -0.49577242 -1.00000000
v -0.88118725 -0.56720099 -0.35714286
v -0.88118725 -0.49577242 -0.42857143
v -0.88118725 -0.49577242 0.57142857
v -0.95261582 -0.49577242 0.78571429
v -0.88118725 -0.56720099 0.92857143
v -0.95261582 -0.49577242 0.92857143
v -0.88118725 -0.49577242 1.00000000
v -0.88118725 -0.35291527 -1.00000000
v -0.88118725 -0.35291527 -0.42857143
v -0.95261582 -0.35291527 0.35714286
v -0.88118725 -0.35291527 0.28571429
v -0.88118725 -0.42434384 0.35714286
v -0.88118725 -0.42434384 0.50000000
v -0.95261582 -0.35291527 0.50000000
v -0.88118725 -0.35291527 1.00000000
v -0.88118725 -0.21005813 -1.00000000
v -0.88118725 -0.21005813 -0.42857143
v -0.95261582 -0.21005813 0.07142857
v -0.88118725 -0.21005813 0.00000000
v -0.88118725 -0.28148670 0.07142857
v -0.88118725 -0.28148670 0.21428571
v -0.95261582 -0.21005813 0.21428571
v -0.95261582 -0.21005813 0.35714286
v -0.95261582 -0.21005813 0.50000000
v -0.88118725 -0.21005813 1.00000000
v -0.88118725 -0.06720099 -1.00000000
v -0.88118725 -0.13862956 -0.35714286
v -0.88118725 -0.13862956 -0.21428571
v -0.88118725 -0.13862956 -0.07142857
v -0.95261582 -0.06720099 0.78571429
v -0.95261582 -0.06720099 0.92857143
v -0.88118725 -0.06720099 1.00000000
v -0.88118725 0.07565616 -1.00000000
v -0.95261582 0.07565616 0.78571429
v -0.95261582 0.07565616 0.92857143
v -0.88118725 0.07565616 1.00000000
v -0.88118725 0.21851330 -1.00000000
v -0.95261582 0.21851330 0.78571429
v -0.88118725 0.21851330 0.85714286
v -0.88118725 0.14708473 0.92857143
v -0.88118725 0.36137044 -1.00000000
v -0.88118725 0.28994187 -0.07142857
v -0.88118725 0.36137044 -0.14285714
v -0.88118725 0.28994187 0.07142857
v -0.88118725 0.28994187 0.21428571
v -0.88118725 0.28994187 0.35714286
v -0.88118725 0.28994187 0.50000000
v -0.95261582 0.36137044 0.64285714
v -0.88118725 0.36137044 0.57142857
v -0.95261582 0.36137044 0.78571429
v -0.88118725 0.36137044 0.85714286
v -0.88118725 0.43279901 -0.92857143
v -0.88118725 0.43279901 -0.78571429
v -0.88118725 0.43279901 -0.64285714
v -0.88118725 0.43279901 -0.50000000
v -0.88118725 0.50422758 -0.42857143
v -0.88118725 0.50422758 -0.14285714
v -0.95261582 0.50422758 0.64285714
v -0.88118725 0.50422758 0.57142857
v -0.95261582 0.50422758 0.78571429
v -0.88118725 0.50422758 0.85714286
v -0.88118725 0.57565616 -0.35714286
v -0.95261582 0.64708473 -0.35714286
v -0.88118725 0.57565616 -0.21428571
v -0.88118725 0.57565616 0.64285714
v -0.88118725 0.57565616 0.78571429
v -0.95261582 0.78994187 -0.35714286
v -0.80975868 -0.78148670 -0.92857143
v -0.73833010 -0.78148670 -1.00000000
v -0.73833010 -0.85291527 -0.92857143
v -0.73833010 -0.85291527 -0.78571429
v -0.80975868 -0.78148670 -0.78571429
v -0.73833010 -0.85291527 -0.64285714
v -0.80975868 -0.78148670 -0.64285714
v -0.73833010 -0.85291527 -0.50000000
v -0.73833010 -0.85291527 -0.35714286
v -0.80975868 -0.78148670 -0.35714286
v -0.73833010 -0.78148670 -0.28571429
v -0.80975868 -0.78148670 0.64285714
v -0.73833010 -0.78148670 0.57142857
v -0.73833010 -0.85291527 0.64285714
v -0.73833010 -0.85291527 0.78571429
v -0.80975868 -0.78148670 0.78571429
v -0.73833010 -0.78148670 0.85714286
v -0.73833010 -0.63862956 -1.00000000
v -0.73833010 -0.63862956 -0.28571429
v -0.73833010 -0.63862956 0.57142857
v -0.73833010 -0.71005813 0.92857143
v -0.80975868 -0.63862956 0.92857143
v -0.73833010 -0.63862956 1.00000000
v -0.73833010 -0.49577242 -1.00000000
v -0.80975868 -0.49577242 -0.35714286
v -0.73833010 -0.49577242 -0.28571429
v -0.80975868 -0.49577242 0.50000000
v -0.73833010 -0.49577242 0.42857143
v -0.73833010 -0.56720099 0.50000000
v -0.73833010 -0.49577242 1.00000000
v -0.73833010 -0.42434384 -0.92857143
v -0.80975868 -0.35291527 -0.92857143
v -0.80975868 -0.35291527 -0.78571429
v -0.73833010 -0.42434384 -0.78571429
v -0.73833010 -0.35291527 -0.71428571
v -0.80975868 -0.35291527 -0.35714286
v -0.73833010 -0.42434384 -0.21428571
v -0.80975868 -0.35291527 -0.21428571
v -0.73833010 -0.42434384 -0.07142857
v -0.80975868 -0.35291527 -0.07142857
v -0.73833010 -0.42434384 0.07142857
v -0.80975868 -0.35291527 0.07142857
v -0.73833010 -0.42434384 0.21428571
v -0.80975868 -0.35291527 0.21428571
v -0.73833010 -0.42434384 0.35714286
v -0.73833010 -0.35291527 1.00000000
v -0.80975868 -0.21005813 -0.92857143
v -0.80975868 -0.21005813 -0.78571429
v -0.73833010 -0.21005813 -0.71428571
v -0.80975868 -0.21005813 -0.35714286
v -0.80975868 -0.21005813 -0.21428571
v -0.80975868 -0.21005813 -0.07142857
v -0.73833010 -0.21005813 1.00000000
v -0.80975868 -0.06720099 -0.92857143
v -0.80975868 -0.06720099 -0.78571429
v -0.73833010 -0.06720099 -0.71428571
v -0.73833010 -0.06720099 1.00000000
v -0.80975868 0.07565616 -0.92857143
v -0.73833010 0.07565616 -0.85714286
v -0.73833010 0.00422758 -0.78571429
v -0.73833010 0.07565616 1.00000000
v -0.73833010 0.21851330 -1.00000000
v -0.73833010 0.14708473 -0.92857143
v -0.73833010 0.14708473 0.92857143
v -0.73833010 0.21851330 0.85714286
v -0.73833010 0.36137044 -1.00000000
v -0.80975868 0.36137044 -0.07142857
v -0.80975868 0.36137044 0.07142857
v -0.80975868 0.36137044 0.21428571
v -0.80975868 0.36137044 0.35714286
v -0.80975868 0.36137044 0.50000000
v -0.73833010 0.36137044 0.85714286
v -0.80975868 0.50422758 -0.92857143
v -0.73833010 0.50422758 -1.00000000
v -0.73833010 0.50422758 -0.85714286
v -0.73833010 0.43279901 -0.78571429
v -0.73833010 0.43279901 -0.64285714
v -0.73833010 0.43279901 -0.50000000
v -0.73833010 0.50422758 -0.42857143
v -0.80975868 0.50422758 -0.07142857
v -0.80975868 0.50422758 0.07142857
v -0.73833010 0.50422758 0.14285714
v -0.73833010 0.43279901 0.21428571
v -0.73833010 0.43279901 0.35714286
v -0.73833010 0.43279901 0.50000000
v -0.73833010 0.50422758 0.57142857
v -0.73833010 0.50422758 0.85714286
v -0.80975868 0.64708473 -0.92857143
v -0.73833010 0.64708473 -1.00000000
v -0.73833010 0.64708473 -0.85714286
v -0.73833010 0.57565616 -0.35714286
v -0.73833010 0.57565616 -0.21428571
v -0.73833010 0.57565616 -0.07142857
v -0.80975868 0.64708473 0.07142857
v -0.73833010 0.64708473 0.00000000
v -0.73833010 0.64708473 0.14285714
v -0.80975868 0.64708473 0.64285714
v -0.73833010 0.64708473 0.57142857
v -0.73833010 0.64708473 0.71428571
v -0.73833010 0.57565616 0.78571429
v -0.73833010 0.71851330 -0.92857143
v -0.80975868 0.78994187 0.07142857
v -0.73833010 0.78994187 0.00000000
v -0.73833010 0.78994187 0.14285714
v -0.73833010 0.71851330 0.64285714
v -0.73833010 0.86137044 0.07142857
v -0.66690153 -0.92434384 -0.50000000
v -0.59547296 -0.92434384 -0.57142857
v -0.59547296 -0.99577242 -0.50000000
v -0.59547296 -0.92434384 -0.42857143
v -0.66690153 -0.92434384 0.64285714
v -0.59547296 -0.92434384 0.57142857
v -0.59547296 -0.99577242 0.64285714
v -0.59547296 -0.99577242 0.78571429
v -0.66690153 -0.92434384 0.78571429
v -0.59547296 -0.99577242 0.92857143
v -0.66690153 -0.92434384 0.92857143
v -0.59547296 -0.92434384 1.00000000
v -0.66690153 -0.78148670 -0.92857143
v -0.66690153 -0.78148670 -0.78571429
v -0.66690153 -0.78148670 -0.64285714
v -0.59547296 -0.78148670 -0.57142857
v -0.59547296 -0.78148670 -0.42857143
v -0.66690153 -0.78148670 -0.35714286
v -0.59547296 -0.78148670 0.57142857
v -0.66690153 -0.78148670 0.92857143
v -0.59547296 -0.78148670 1.00000000
v -0.66690153 -0.63862956 -0.92857143
v -0.66690153 -0.63862956 -0.78571429
v -0.66690153 -0.63862956 -0.64285714
v -0.59547296 -0.63862956 -0.57142857
v -0.59547296 -0.71005813 -0.35714286
v -0.59547296 -0.71005813 -0.21428571
v -0.66690153 -0.63862956 -0.21428571
v -0.59547296 -0.71005813 -0.07142857
v -0.66690153 -0.63862956 -0.07142857
v -0.59547296 -0.71005813 0.07142857
v -0.66690153 -0.63862956 0.07142857
v -0.59547296 -0.71005813 0.21428571
v -0.66690153 -0.63862956 0.21428571
v -0.59547296 -0.71005813 0.35714286
v -0.66690153 -0.63862956 0.35714286
v -0.59547296 -0.71005813 0.50000000
v -0.66690153 -0.63862956 0.50000000
v -0.59547296 -0.63862956 1.00000000
v -0.66690153 -0.49577242 -0.92857143
v -0.66690153 -0.49577242 -0.78571429
v -0.66690153 -0.49577242 -0.64285714
v -0.59547296 -0.49577242 -0.57142857
v -0.66690153 -0.49577242 -0.21428571
v -0.66690153 -0.49577242 -0.07142857
v -0.66690153 -0.49577242 0.07142857
v -0.66690153 -0.49577242 0.21428571
v -0.66690153 -0.49577242 0.35714286
v -0.59547296 -0.49577242 1.00000000
v -0.59547296 -0.42434384 -0.64285714
v -0.59547296 -0.35291527 -0.71428571
v -0.59547296 -0.35291527 1.00000000
v -0.59547296 -0.21005813 -0.71428571
v -0.59547296 -0.21005813 1.00000000
v -0.59547296 -0.06720099 -0.71428571
v -0.59547296 -0.06720099 1.00000000
v -0.59547296 0.07565616 -0.85714286
v -0.59547296 0.00422758 -0.78571429
v -0.59547296 0.07565616 1.00000000
v -0.59547296 0.21851330 -1.00000000
v -0.59547296 0.14708473 -0.92857143
v -0.66690153 0.21851330 0.92857143
v -0.59547296 0.21851330 1.00000000
v -0.59547296 0.36137044 -1.00000000
v -0.66690153 0.36137044 0.92857143
v -0.59547296 0.36137044 1.00000000
v -0.59547296 0.50422758 -1.00000000
v -0.66690153 0.50422758 -0.78571429
v -0.66690153 0.50422758 -0.64285714
v -0.66690153 0.50422758 -0.50000000
v -0.66690153 0.50422758 0.21428571
v -0.66690153 0.50422758 0.35714286
v -0.66690153 0.50422758 0.50000000
v -0.66690153 0.50422758 0.92857143
v -0.59547296 0.50422758 1.00000000
v -0.59547296 0.64708473 -1.00000000
v -0.66690153 0.64708473 -0.78571429
v -0.59547296 0.64708473 -0.71428571
v -0.59547296 0.57565616 -0.64285714
v -0.59547296 0.57565616 -0.50000000
v -0.59547296 0.57565616 -0.35714286
v -0.59547296 0.57565616 -0.21428571
v -0.59547296 0.57565616 -0.07142857
v -0.59547296 0.64708473 0.00000000
v -0.66690153 0.64708473 0.21428571
v -0.66690153 0.64708473 0.35714286
v -0.66690153 0.64708473 0.50000000
v -0.59547296 0.57565616 0.78571429
v -0.59547296 0.64708473 0.71428571
v -0.59547296 0.57565616 0.92857143
v -0.66690153 0.78994187 -0.92857143
v -0.59547296 0.78994187 -1.00000000
v -0.66690153 0.78994187 -0.78571429
v -0.59547296 0.78994187 -0.71428571
v -0.59547296 0.78994187 0.00000000
v -0.66690153 0.78994187 0.21428571
v -0.66690153 0.78994187 0.35714286
v -0.59547296 0.78994187 0.42857143
v -0.59547296 0.71851330 0.50000000
v -0.59547296 0.71851330 0.64285714
v -0.66690153 0.93279901 -0.92857143
v -0.59547296 0.93279901 -1.00000000
v -0.66690153 0.93279901 -0.78571429
v -0.59547296 0.93279901 -0.71428571
v -0.59547296 0.86137044 0.07142857
v -0.59547296 0.86137044 0.21428571
v -0.66690153 0.93279901 0.35714286
v -0.59547296 0.93279901 0.28571429
v -0.59547296 0.93279901 0.42857143
v -0.59547296 1.00422758 -0.92857143
v -0.59547296 1.00422758 -0.78571429
v -0.59547296 1.00422758 0.35714286
v -0.52404439 -0.92434384 -0.50000000
v -0.45261582 -0.92434384 0.57142857
v -0.45261582 -0.99577242 0.64285714
v -0.45261582 -0.99577242 0.78571429
v -0.45261582 -0.99577242 0.92857143
v -0.45261582 -0.92434384 1.00000000
v -0.52404439 -0.78148670 -0.50000000
v -0.45261582 -0.78148670 0.57142857
v -0.45261582 -0.78148670 1.00000000
v -0.45261582 -0.63862956 -0.57142857
v -0.45261582 -0.71005813 -0.50000000
v -0.45261582 -0.71005813 -0.35714286
v -0.45261582 -0.71005813 -0.21428571
v -0.45261582 -0.71005813 -0.07142857
v -0.45261582 -0.71005813 0.07142857
v -0.45261582 -0.71005813 0.21428571
v -0.45261582 -0.71005813 0.35714286
v -0.45261582 -0.71005813 0.50000000
v -0.45261582 -0.63862956 1.00000000
v -0.45261582 -0.49577242 -0.57142857
v -0.45261582 -0.49577242 1.00000000
v -0.45261582 -0.35291527 -0.71428571
v -0.45261582 -0.42434384 -0.64285714
v -0.45261582 -0.35291527 1.00000000
v -0.45261582 -0.21005813 -0.71428571
v -0.45261582 -0.21005813 1.00000000
v -0.45261582 -0.06720099 -0.71428571
v -0.45261582 -0.06720099 1.00000000
v -0.45261582 0.07565616 -0.85714286
v -0.45261582 0.00422758 -0.78571429
v -0.45261582 0.07565616 1.00000000
v -0.45261582 0.21851330 -1.00000000
v -0.45261582 0.14708473 -0.92857143
v -0.45261582 0.21851330 1.00000000
v -0.45261582 0.36137044 -1.00000000
v -0.45261582 0.36137044 1.00000000
v -0.45261582 0.50422758 -1.00000000
v -0.45261582 0.50422758 1.00000000
v -0.45261582 0.64708473 -1.00000000
v -0.52404439 0.64708473 -0.64285714
v -0.52404439 0.64708473 -0.50000000
v -0.52404439 0.64708473 -0.35714286
v -0.52404439 0.64708473 -0.21428571
v -0.52404439 0.64708473 -0.07142857
v -0.52404439 0.64708473 0.78571429
v -0.52404439 0.64708473 0.92857143
v -0.45261582 0.64708473 1.00000000
v -0.45261582 0.78994187 -1.00000000
v -0.52404439 0.78994187 -0.64285714
v -0.52404439 0.78994187 -0.50000000
v -0.52404439 0.78994187 -0.35714286
v -0.52404439 0.78994187 -0.21428571
v -0.52404439 0.78994187 -0.07142857
v -0.52404439 0.78994187 0.50000000
v -0.52404439 0.78994187 0.64285714
v -0.52404439 0.78994187 0.78571429
v -0.52404439 0.78994187 0.92857143
v -0.45261582 0.78994187 1.00000000
v -0.45261582 0.93279901 -1.00000000
v -0.52404439 0.93279901 -0.64285714
v -0.52404439 0.93279901 -0.50000000
v -0.52404439 0.93279901 -0.35714286
v -0.52404439 0.93279901 -0.21428571
v -0.52404439 0.93279901 -0.07142857
v -0.52404439 0.93279901 0.07142857
v -0.52404439 0.93279901 0.21428571
v -0.52404439 0.93279901 0.50000000
v -0.52404439 0.93279901 0.64285714
v -0.52404439 0.93279901 0.78571429
v -0.52404439 0.93279901 0.92857143
v -0.45261582 0.93279901 1.00000000
v -0.52404439 1.07565616 -0.92857143
v -0.45261582 1.07565616 -1.00000000
v -0.52404439 1.07565616 -0.78571429
v -0.52404439 1.07565616 -0.64285714
v -0.52404439 1.07565616 -0.50000000
v -0.45261582 1.07565616 -0.42857143
v -0.45261582 1.00422758 -0.35714286
v -0.45261582 1.00422758 -0.21428571
v -0.45261582 1.00422758 -0.07142857
v -0.45261582 1.00422758 0.07142857
v -0.45261582 1.00422758 0.21428571
v -0.52404439 1.07565616 0.35714286
v -0.45261582 1.07565616 0.28571429
v -0.45261582 1.07565616 0.42857143
v -0.45261582 1.00422758 0.50000000
v -0.45261582 1.00422758 0.64285714
v -0.45261582 1.00422758 0.78571429
v -0.45261582 1.00422758 0.92857143
v -0.45261582 1.14708473 -0.92857143
v -0.45261582 1.14708473 -0.78571429
v -0.45261582 1.14708473 -0.64285714
v -0.45261582 1.14708473 -0.50000000
v -0.45261582 1.14708473 0.35714286
v -0.38118725 -1.06720099 -0.78571429
v -0.30975868 -1.06720099 -0.85714286
v -0.30975868 -1.13862956 -0.78571429
v -0.30975868 -1.06720099 -0.71428571
v -0.38118725 -1.06720099 0.64285714
v -0.30975868 -1.06720099 0.57142857
v -0.30975868 -1.13862956 0.64285714
v -0.30975868 -1.06720099 0.71428571
v -0.30975868 -0.99577242 -0.78571429
v -0.30975868 -0.92434384 0.57142857
v -0.30975868 -0.99577242 0.78571429
v -0.30975868 -0.99577242 0.92857143
v -0.30975868 -0.92434384 1.00000000
v -0.38118725 -0.78148670 0.21428571
v -0.30975868 -0.78148670 0.14285714
v -0.30975868 -0.85291527 0.21428571
v -0.30975868 -0.85291527 0.35714286
v -0.38118725 -0.78148670 0.35714286
v -0.30975868 -0.85291527 0.50000000
v -0.38118725 -0.78148670 0.50000000
v -0.30975868 -0.78148670 1.00000000
v -0.30975868 -0.63862956 -0.57142857
v -0.30975868 -0.71005813 -0.50000000
v -0.30975868 -0.71005813 -0.35714286
v -0.30975868 -0.71005813 -0.21428571
v -0.30975868 -0.71005813 -0.07142857
v -0.30975868 -0.71005813 0.07142857
v -0.30975868 -0.63862956 1.00000000
v -0.30975868 -0.49577242 -0.57142857
v -0.30975868 -0.49577242 1.00000000
v -0.38118725 -0.35291527 -0.92857143
v -0.30975868 -0.35291527 -1.00000000
v -0.30975868 -0.42434384 -0.92857143
v -0.30975868 -0.42434384 -0.78571429
v -0.38118725 -0.35291527 -0.78571429
v -0.30975868 -0.42434384 -0.64285714
v -0.30975868 -0.35291527 1.00000000
v -0.30975868 -0.28148670 -0.92857143
v -0.38118725 -0.21005813 -0.78571429
v -0.30975868 -0.21005813 -0.85714286
v -0.30975868 -0.21005813 1.00000000
v -0.38118725 -0.06720099 -0.78571429
v -0.30975868 -0.06720099 -0.85714286
v -0.30975868 -0.06720099 1.00000000
v -0.30975868 0.07565616 -0.85714286
v -0.30975868 0.07565616 1.00000000
v -0.30975868 0.21851330 -1.00000000
v -0.30975868 0.14708473 -0.92857143
v -0.30975868 0.21851330 1.00000000
v -0.30975868 0.36137044 -1.00000000
v -0.30975868 0.36137044 1.00000000
v -0.30975868 0.50422758 -1.00000000
v -0.30975868 0.50422758 1.00000000
v -0.30975868 0.64708473 -1.00000000
v -0.30975868 0.64708473 1.00000000
v -0.30975868 0.78994187 -1.00000000
v -0.38118725 0.78994187 0.92857143
v -0.30975868 0.71851330 0.92857143
v -0.30975868 0.78994187 0.85714286
v -0.30975868 0.93279901 -1.00000000
v -0.38118725 0.93279901 0.78571429
v -0.30975868 0.86137044 0.78571429
v -0.30975868 0.93279901 0.71428571
v -0.38118725 0.93279901 0.92857143
v -0.30975868 1.07565616 -1.00000000
v -0.38118725 1.07565616 -0.35714286
v -0.38118725 1.07565616 -0.21428571
v -0.38118725 1.07565616 -0.07142857
v -0.38118725 1.07565616 0.07142857
v -0.38118725 1.07565616 0.21428571
v -0.38118725 1.07565616 0.50000000
v -0.38118725 1.07565616 0.64285714
v -0.30975868 1.07565616 0.71428571
v -0.30975868 1.14708473 -0.92857143
v -0.30975868 1.14708473 -0.78571429
v -0.30975868 1.14708473 -0.64285714
v -0.30975868 1.14708473 -0.50000000
v -0.30975868 1.14708473 -0.35714286
v -0.30975868 1.14708473 -0.21428571
v -0.30975868 1.14708473 -0.07142857
v -0.30975868 1.14708473 0.07142857
v -0.30975868 1.14708473 0.21428571
v -0.30975868 1.14708473 0.35714286
v -0.30975868 1.14708473 0.50000000
v -0.30975868 1.14708473 0.64285714
v -0.16690153 -1.06720099 -0.85714286
v -0.16690153 -1.13862956 -0.78571429
v -0.16690153 -1.06720099 -0.71428571
v -0.23833010 -1.06720099 0.64285714
v -0.16690153 -0.99577242 -0.78571429
v -0.23833010 -0.92434384 -0.21428571
v -0.16690153 -0.92434384 -0.28571429
v -0.16690153 -0.99577242 -0.21428571
v -0.16690153 -0.92434384 -0.14285714
v -0.16690153 -0.92434384 0.57142857
v -0.16690153 -0.99577242 0.64285714
v -0.16690153 -0.99577242 0.78571429
v -0.16690153 -0.99577242 0.92857143
v -0.16690153 -0.92434384 1.00000000
v -0.23833010 -0.78148670 -0.21428571
v -0.16690153 -0.78148670 -0.28571429
v -0.16690153 -0.85291527 -0.07142857
v -0.23833010 -0.78148670 -0.07142857
v -0.16690153 -0.85291527 0.07142857
v -0.23833010 -0.78148670 0.07142857
v -0.16690153 -0.85291527 0.21428571
v -0.16690153 -0.85291527 0.35714286
v -0.16690153 -0.85291527 0.50000000
v -0.16690153 -0.78148670 1.00000000
v -0.16690153 -0.63862956 -0.57142857
v -0.16690153 -0.71005813 -0.50000000
v -0.16690153 -0.71005813 -0.35714286
v -0.16690153 -0.63862956 1.00000000
v -0.23833010 -0.49577242 -0.92857143
v -0.16690153 -0.49577242 -1.00000000
v -0.16690153 -0.56720099 -0.92857143
v -0.16690153 -0.56720099 -0.78571429
v -0.23833010 -0.49577242 -0.78571429
v -0.16690153 -0.56720099 -0.64285714
v -0.23833010 -0.49577242 -0.64285714
v -0.16690153 -0.49577242 1.00000000
v -0.16690153 -0.35291527 -1.00000000
v -0.16690153 -0.35291527 1.00000000
v -0.23833010 -0.21005813 -0.92857143
v -0.16690153 -0.21005813 -1.00000000
v -0.16690153 -0.21005813 1.00000000
v -0.23833010 -0.06720099 -0.92857143
v -0.16690153 -0.06720099 -1.00000000
v -0.16690153 -0.06720099 1.00000000
v -0.23833010 0.07565616 -0.92857143
v -0.16690153 0.07565616 -1.00000000
v -0.16690153 0.07565616 1.00000000
v -0.16690153 0.21851330 -1.00000000
v -0.16690153 0.21851330 1.00000000
v -0.16690153 0.36137044 -1.00000000
v -0.16690153 0.36137044 1.00000000
v -0.16690153 0.50422758 -1.00000000
v -0.16690153 0.50422758 1.00000000
v -0.16690153 0.64708473 -1.00000000
v -0.16690153 0.64708473 1.00000000
v -0.16690153 0.78994187 -1.00000000
v -0.16690153 0.71851330 0.92857143
v -0.16690153 0.78994187 0.85714286
v -0.16690153 0.93279901 -1.00000000
v -0.16690153 0.86137044 0.78571429
v -0.16690153 0.93279901 0.71428571
v -0.16690153 1.07565616 -1.00000000
v -0.23833010 1.07565616 -0.64285714
v -0.16690153 1.00422758 -0.64285714
v -0.16690153 1.07565616 -0.71428571
v -0.23833010 1.07565616 -0.50000000
v -0.16690153 1.00422758 -0.50000000
v -0.23833010 1.07565616 -0.35714286
v -0.16690153 1.00422758 -0.35714286
v -0.16690153 1.07565616 -0.28571429
v -0.16690153 1.07565616 0.71428571
v -0.16690153 1.14708473 -0.92857143
v -0.16690153 1.14708473 -0.78571429
v -0.16690153 1.14708473 -0.21428571
v -0.16690153 1.14708473 -0.07142857
v -0.16690153 1.14708473 0.07142857
v -0.16690153 1.14708473 0.21428571
v -0.16690153 1.14708473 0.35714286
v -0.16690153 1.14708473 0.50000000
v -0.16690153 1.14708473 0.64285714
v -0.09547296 -1.21005813 -0.78571429
v -0.02404439 -1.21005813 -0.85714286
v -0.02404439 -1.28148670 -0.78571429
v -0.02404439 -1.28148670 -0.64285714
v -0.09547296 -1.21005813 -0.64285714
v -0.02404439 -1.28148670 -0.50000000
v -0.09547296 -1.21005813 -0.50000000
v -0.02404439 -1.21005813 -0.42857143
v -0.09547296 -1.21005813 0.50000000
v -0.02404439 -1.21005813 0.42857143
v -0.02404439 -1.28148670 0.50000000
v -0.02404439 -1.21005813 0.57142857
v -0.09547296 -1.06720099 -0.92857143
v -0.02404439 -1.06720099 -1.00000000
v -0.02404439 -1.13862956 -0.92857143
v -0.09547296 -1.06720099 -0.64285714
v -0.09547296 -1.06720099 -0.50000000
v -0.02404439 -1.06720099 -0.42857143
v -0.09547296 -1.06720099 0.50000000
v -0.02404439 -1.06720099 0.42857143
v -0.02404439 -1.06720099 0.57142857
v -0.09547296 -0.92434384 -0.92857143
v -0.02404439 -0.92434384 -1.00000000
v -0.09547296 -0.92434384 -0.78571429
v -0.09547296 -0.92434384 -0.64285714
v -0.09547296 -0.92434384 -0.50000000
v -0.02404439 -0.99577242 -0.35714286
v -0.09547296 -0.92434384 -0.35714286
v -0.02404439 -0.99577242 -0.21428571
v -0.02404439 -0.92434384 -0.14285714
v -0.09547296 -0.92434384 0.35714286
v -0.02404439 -0.92434384 0.28571429
v -0.02404439 -0.99577242 0.35714286
v -0.09547296 -0.92434384 0.50000000
v -0.02404439 -0.99577242 0.64285714
v -0.02404439 -0.99577242 0.78571429
v -0.02404439 -0.99577242 0.92857143
v -0.02404439 -0.92434384 1.00000000
v -0.09547296 -0.78148670 -0.92857143
v -0.02404439 -0.78148670 -1.00000000
v -0.09547296 -0.78148670 -0.78571429
v -0.09547296 -0.78148670 -0.64285714
v -0.09547296 -0.78148670 -0.50000000
v -0.09547296 -0.78148670 -0.35714286
v -0.02404439 -0.85291527 -0.07142857
v -0.02404439 -0.85291527 0.07142857
v -0.02404439 -0.85291527 0.21428571
v -0.02404439 -0.78148670 1.00000000
v -0.09547296 -0.63862956 -0.92857143
v -0.02404439 -0.63862956 -1.00000000
v -0.09547296 -0.63862956 -0.78571429
v -0.09547296 -0.63862956 -0.64285714
v -0.02404439 -0.63862956 1.00000000
v -0.02404439 -0.49577242 -1.00000000
v -0.02404439 -0.49577242 1.00000000
v -0.02404439 -0.35291527 -1.00000000
v -0.02404439 -0.35291527 1.00000000
v -0.02404439 -0.21005813 -1.00000000
v -0.02404439 -0.21005813 1.00000000
v -0.02404439 -0.06720099 -1.00000000
v -0.02404439 -0.06720099 1.00000000
v -0.02404439 0.07565616 -1.00000000
v -0.02404439 0.07565616 1.00000000
v -0.02404439 0.21851330 -1.00000000
v -0.02404439 0.21851330 1.00000000
v -0.02404439 0.36137044 -1.00000000
v -0.02404439 0.36137044 1.00000000
v -0.02404439 0.50422758 -1.00000000
v -0.02404439 0.50422758 1.00000000
v -0.02404439 0.64708473 -1.00000000
v -0.02404439 0.64708473 1.00000000
v -0.02404439 0.78994187 -1.00000000
v -0.02404439 0.71851330 0.92857143
v -0.02404439 0.78994187 0.85714286
v -0.02404439 0.93279901 -1.00000000
v -0.02404439 0.86137044 0.78571429
v -0.02404439 0.93279901 0.71428571
v -0.02404439 1.07565616 -1.00000000
v -0.02404439 1.00422758 -0.64285714
v -0.02404439 1.07565616 -0.71428571
v -0.02404439 1.00422758 -0.50000000
v -0.02404439 1.00422758 -0.35714286
v -0.02404439 1.07565616 -0.28571429
v -0.02404439 1.07565616 0.71428571
v -0.02404439 1.14708473 -0.92857143
v -0.02404439 1.14708473 -0.78571429
v -0.02404439 1.14708473 -0.21428571
v -0.09547296 1.21851330 -0.07142857
v -0.02404439 1.21851330 -0.14285714
v -0.09547296 1.21851330 0.07142857
v -0.09547296 1.21851330 0.21428571
v -0.09547296 1.21851330 0.35714286
v -0.09547296 1.21851330 0.50000000
v -0.02404439 1.21851330 0.57142857
v -0.02404439 1.14708473 0.64285714
v -0.02404439 1.28994187 -0.07142857
v -0.02404439 1.28994187 0.07142857
v -0.09547296 1.36137044 0.21428571
v -0.02404439 1.36137044 0.14285714
v -0.09547296 1.36137044 0.35714286
v -0.02404439 1.36137044 0.42857143
v -0.02404439 1.28994187 0.50000000
v -0.02404439 1.43279901 0.21428571
v -0.02404439 1.43279901 0.35714286
v 0.04738418 -1.21005813 -0.78571429
v 0.04738418 -1.21005813 -0.64285714
v 0.11881275 -1.21005813 -0.57142857
v 0.11881275 -1.28148670 -0.50000000
v 0.11881275 -1.28148670 -0.35714286
v 0.04738418 -1.21005813 -0.35714286
v 0.11881275 -1.28148670 -0.21428571
v 0.04738418 -1.21005813 -0.21428571
v 0.11881275 -1.28148670 -0.07142857
v 0.04738418 -1.21005813 -0.07142857
v 0.11881275 -1.21005813 0.00000000
v 0.04738418 -1.21005813 0.50000000
v 0.11881275 -1.06720099 -1.00000000
v 0.11881275 -1.13862956 -0.92857143
v 0.11881275 -1.13862956 -0.78571429
v 0.11881275 -1.13862956 -0.64285714
v 0.04738418 -1.06720099 -0.35714286
v 0.04738418 -1.06720099 -0.21428571
v 0.04738418 -1.06720099 -0.07142857
v 0.11881275 -1.06720099 0.00000000
v 0.04738418 -1.06720099 0.50000000
v 0.11881275 -0.92434384 -1.00000000
v 0.04738418 -0.92434384 -0.07142857
v 0.11881275 -0.99577242 0.07142857
v 0.04738418 -0.92434384 0.07142857
v 0.11881275 -0.99577242 0.21428571
v 0.04738418 -0.92434384 0.21428571
v 0.11881275 -0.99577242 0.35714286
v 0.04738418 -0.92434384 0.50000000
v 0.11881275 -0.92434384 0.42857143
v 0.04738418 -0.92434384 0.64285714
v 0.04738418 -0.92434384 0.78571429
v 0.11881275 -0.92434384 0.85714286
v 0.11881275 -0.99577242 0.92857143
v 0.11881275 -0.92434384 1.00000000
v 0.11881275 -0.78148670 -1.00000000
v 0.11881275 -0.85291527 0.50000000
v 0.11881275 -0.85291527 0.64285714
v 0.11881275 -0.85291527 0.78571429
v 0.11881275 -0.78148670 1.00000000
v 0.11881275 -0.63862956 -1.00000000
v 0.11881275 -0.63862956 1.00000000
v 0.11881275 -0.56720099 -0.92857143
v 0.04738418 -0.49577242 -0.92857143
v 0.11881275 -0.49577242 -0.85714286
v 0.11881275 -0.49577242 1.00000000
v 0.04738418 -0.35291527 -0.92857143
v 0.11881275 -0.35291527 -0.85714286
v 0.11881275 -0.35291527 1.00000000
v 0.04738418 -0.21005813 -0.92857143
v 0.11881275 -0.21005813 -0.85714286
v 0.11881275 -0.21005813 1.00000000
v 0.04738418 -0.06720099 -0.92857143
v 0.11881275 -0.06720099 -0.85714286
v 0.11881275 -0.06720099 1.00000000
v 0.11881275 0.07565616 -1.00000000
v 0.11881275 0.00422758 -0.92857143
v 0.11881275 0.07565616 1.00000000
v 0.11881275 0.21851330 -1.00000000
v 0.11881275 0.21851330 1.00000000
v 0.11881275 0.36137044 -1.00000000
v 0.11881275 0.36137044 1.00000000
v 0.11881275 0.50422758 -1.00000000
v 0.11881275 0.50422758 1.00000000
v 0.11881275 0.64708473 -1.00000000
v 0.11881275 0.64708473 1.00000000
v 0.11881275 0.78994187 -1.00000000
v 0.04738418 0.78994187 0.92857143
v 0.11881275 0.78994187 1.00000000
v 0.11881275 0.93279901 -1.00000000
v 0.04738418 0.93279901 -0.78571429
v 0.11881275 0.86137044 -0.78571429
v 0.11881275 0.93279901 -0.85714286
v 0.04738418 0.93279901 -0.64285714
v 0.11881275 0.86137044 -0.64285714
v 0.04738418 0.93279901 -0.50000000
v 0.11881275 0.86137044 -0.50000000
v 0.11881275 0.93279901 -0.42857143
v 0.04738418 0.93279901 0.78571429
v 0.04738418 0.93279901 0.92857143
v 0.11881275 0.93279901 1.00000000
v 0.11881275 1.07565616 -1.00000000
v 0.04738418 1.07565616 -0.78571429
v 0.11881275 1.07565616 -0.85714286
v 0.11881275 1.00422758 -0.35714286
v 0.11881275 1.07565616 -0.28571429
v 0.04738418 1.07565616 0.78571429
v 0.04738418 1.07565616 0.92857143
v 0.11881275 1.07565616 1.00000000
v 0.11881275 1.14708473 -0.92857143
v 0.04738418 1.21851330 -0.21428571
v 0.11881275 1.21851330 -0.28571429
v 0.04738418 1.21851330 0.21428571
v 0.11881275 1.14708473 0.21428571
v 0.11881275 1.21851330 0.14285714
v 0.04738418 1.21851330 0.35714286
v 0.11881275 1.14708473 0.35714286
v 0.04738418 1.21851330 0.50000000
v 0.11881275 1.14708473 0.50000000
v 0.11881275 1.14708473 0.64285714
v 0.11881275 1.14708473 0.78571429
v 0.11881275 1.14708473 0.92857143
v 0.11881275 1.28994187 -0.21428571
v 0.11881275 1.28994187 -0.07142857
v 0.11881275 1.28994187 0.07142857
v 0.04738418 1.36137044 0.21428571
v 0.04738418 1.36137044 0.35714286
v 0.19024132 -1.21005813 -0.50000000
v 0.19024132 -1.21005813 -0.35714286
v 0.26166990 -1.21005813 -0.28571429
v 0.26166990 -1.28148670 -0.21428571
v 0.26166990 -1.28148670 -0.07142857
v 0.26166990 -1.21005813 0.00000000
v 0.19024132 -1.06720099 -0.92857143
v 0.19024132 -1.06720099 -0.78571429
v 0.19024132 -1.06720099 -0.64285714
v 0.19024132 -1.06720099 -0.50000000
v 0.19024132 -1.06720099 -0.35714286
v 0.26166990 -1.06720099 -0.28571429
v 0.26166990 -1.06720099 0.00000000
v 0.26166990 -0.92434384 -1.00000000
v 0.26166990 -0.99577242 -0.92857143
v 0.26166990 -0.99577242 -0.78571429
v 0.26166990 -0.99577242 -0.64285714
v 0.26166990 -0.99577242 -0.50000000
v 0.26166990 -0.99577242 -0.35714286
v 0.26166990 -0.99577242 0.07142857
v 0.26166990 -0.99577242 0.21428571
v 0.26166990 -0.99577242 0.35714286
v 0.26166990 -0.92434384 0.42857143
v 0.26166990 -0.92434384 0.85714286
v 0.26166990 -0.99577242 0.92857143
v 0.26166990 -0.92434384 1.00000000
v 0.26166990 -0.78148670 -1.00000000
v 0.26166990 -0.85291527 0.50000000
v 0.26166990 -0.85291527 0.64285714
v 0.26166990 -0.85291527 0.78571429
v 0.26166990 -0.78148670 1.00000000
v 0.26166990 -0.63862956 -1.00000000
v 0.26166990 -0.63862956 1.00000000
v 0.26166990 -0.56720099 -0.92857143
v 0.26166990 -0.49577242 -0.85714286
v 0.26166990 -0.49577242 1.00000000
v 0.26166990 -0.35291527 -0.85714286
v 0.26166990 -0.35291527 1.00000000
v 0.26166990 -0.21005813 -0.85714286
v 0.26166990 -0.21005813 1.00000000
v 0.26166990 -0.06720099 -0.85714286
v 0.26166990 -0.06720099 1.00000000
v 0.26166990 0.07565616 -1.00000000
v 0.26166990 0.00422758 -0.92857143
v 0.26166990 0.07565616 1.00000000
v 0.26166990 0.21851330 -1.00000000
v 0.26166990 0.21851330 1.00000000
v 0.26166990 0.36137044 -1.00000000
v 0.26166990 0.36137044 1.00000000
v 0.26166990 0.50422758 -1.00000000
v 0.26166990 0.50422758 1.00000000
v 0.26166990 0.64708473 -1.00000000
v 0.26166990 0.64708473 1.00000000
v 0.26166990 0.78994187 -1.00000000
v 0.26166990 0.78994187 1.00000000
v 0.26166990 0.93279901 -1.00000000
v 0.26166990 0.86137044 -0.78571429
v 0.26166990 0.93279901 -0.85714286
v 0.26166990 0.86137044 -0.64285714
v 0.26166990 0.86137044 -0.50000000
v 0.26166990 0.93279901 -0.42857143
v 0.26166990 0.93279901 1.00000000
v 0.26166990 1.07565616 -1.00000000
v 0.26166990 1.07565616 -0.85714286
v 0.26166990 1.00422758 -0.35714286
v 0.26166990 1.07565616 -0.28571429
v 0.19024132 1.07565616 0.64285714
v 0.26166990 1.00422758 0.64285714
v 0.26166990 1.07565616 0.57142857
v 0.19024132 1.07565616 0.78571429
v 0.26166990 1.00422758 0.78571429
v 0.19024132 1.07565616 0.92857143
v 0.26166990 1.00422758 0.92857143
v 0.26166990 1.14708473 -0.92857143
v 0.26166990 1.14708473 -0.21428571
v 0.19024132 1.21851330 -0.21428571
v 0.26166990 1.21851330 -0.14285714
v 0.26166990 1.14708473 0.21428571
v 0.26166990 1.21851330 0.14285714
v 0.26166990 1.14708473 0.35714286
v 0.26166990 1.14708473 0.50000000
v 0.26166990 1.28994187 -0.07142857
v 0.26166990 1.28994187 0.07142857
v 0.33309847 -1.21005813 -0.21428571
v 0.33309847 -1.21005813 -0.07142857
v 0.33309847 -1.06720099 -0.21428571
v 0.33309847 -1.06720099 -0.07142857
v 0.40452704 -0.92434384 -1.00000000
v 0.40452704 -0.99577242 -0.92857143
v 0.40452704 -0.99577242 -0.78571429
v 0.40452704 -0.99577242 -0.64285714
v 0.40452704 -0.99577242 -0.50000000
v 0.40452704 -0.99577242 -0.35714286
v 0.40452704 -0.99577242 -0.21428571
v 0.40452704 -0.99577242 -0.07142857
v 0.40452704 -0.99577242 0.07142857
v 0.40452704 -0.99577242 0.21428571
v 0.40452704 -0.99577242 0.35714286
v 0.40452704 -0.92434384 0.42857143
v 0.33309847 -0.92434384 0.92857143
v 0.40452704 -0.78148670 -1.00000000
v 0.40452704 -0.85291527 0.50000000
v 0.40452704 -0.85291527 0.64285714
v 0.40452704 -0.85291527 0.78571429
v 0.40452704 -0.85291527 0.92857143
v 0.40452704 -0.78148670 1.00000000
v 0.40452704 -0.63862956 -1.00000000
v 0.40452704 -0.63862956 1.00000000
v 0.40452704 -0.56720099 -0.92857143
v 0.40452704 -0.49577242 -0.85714286
v 0.40452704 -0.49577242 1.00000000
v 0.40452704 -0.35291527 -0.85714286
v 0.40452704 -0.35291527 1.00000000
v 0.40452704 -0.21005813 -0.85714286
v 0.40452704 -0.21005813 1.00000000
v 0.40452704 -0.06720099 -0.85714286
v 0.40452704 -0.06720099 1.00000000
v 0.40452704 0.07565616 -1.00000000
v 0.40452704 0.00422758 -0.92857143
v 0.40452704 0.07565616 1.00000000
v 0.40452704 0.21851330 -1.00000000
v 0.40452704 0.21851330 1.00000000
v 0.40452704 0.36137044 -1.00000000
v 0.40452704 0.36137044 1.00000000
v 0.40452704 0.50422758 -1.00000000
v 0.40452704 0.50422758 1.00000000
v 0.40452704 0.64708473 -1.00000000
v 0.40452704 0.64708473 1.00000000
v 0.40452704 0.78994187 -1.00000000
v 0.40452704 0.78994187 1.00000000
v 0.40452704 0.93279901 -1.00000000
v 0.40452704 0.86137044 -0.78571429
v 0.40452704 0.93279901 -0.85714286
v 0.40452704 0.86137044 -0.64285714
v 0.40452704 0.86137044 -0.50000000
v 0.40452704 0.93279901 -0.42857143
v 0.40452704 0.93279901 1.00000000
v 0.40452704 1.00422758 -0.92857143
v 0.33309847 1.07565616 -0.92857143
v 0.40452704 1.00422758 -0.35714286
v 0.40452704 1.07565616 -0.28571429
v 0.33309847 1.07565616 0.50000000
v 0.40452704 1.00422758 0.50000000
v 0.40452704 1.07565616 0.42857143
v 0.40452704 1.00422758 0.64285714
v 0.40452704 1.00422758 0.78571429
v 0.40452704 1.00422758 0.92857143
v 0.40452704 1.14708473 -0.21428571
v 0.33309847 1.21851330 -0.07142857
v 0.40452704 1.14708473 -0.07142857
v 0.40452704 1.21851330 0.00000000
v 0.40452704 1.14708473 0.21428571
v 0.40452704 1.21851330 0.14285714
v 0.40452704 1.14708473 0.35714286
v 0.40452704 1.28994187 0.07142857
v 0.47595561 -1.06720099 0.07142857
v 0.54738418 -1.06720099 0.00000000
v 0.54738418 -1.13862956 0.07142857
v 0.54738418 -1.13862956 0.21428571
v 0.47595561 -1.06720099 0.21428571
v 0.54738418 -1.13862956 0.35714286
v 0.47595561 -1.06720099 0.35714286
v 0.54738418 -1.13862956 0.50000000
v 0.47595561 -1.06720099 0.50000000
v 0.54738418 -1.06720099 0.57142857
v 0.47595561 -0.92434384 -0.92857143
v 0.54738418 -0.92434384 -0.85714286
v 0.54738418 -0.99577242 -0.78571429
v 0.54738418 -0.99577242 -0.64285714
v 0.47595561 -0.92434384 -0.50000000
v 0.54738418 -0.92434384 -0.57142857
v 0.47595561 -0.92434384 -0.35714286
v 0.47595561 -0.92434384 -0.21428571
v 0.54738418 -0.92434384 -0.14285714
v 0.54738418 -0.99577242 -0.07142857
v 0.47595561 -0.92434384 0.50000000
v 0.54738418 -0.99577242 0.64285714
v 0.47595561 -0.92434384 0.64285714
v 0.54738418 -0.92434384 0.71428571
v 0.47595561 -0.78148670 -0.92857143
v 0.54738418 -0.78148670 -0.85714286
v 0.54738418 -0.85291527 -0.50000000
v 0.54738418 -0.85291527 -0.35714286
v 0.54738418 -0.85291527 -0.21428571
v 0.54738418 -0.85291527 0.78571429
v 0.54738418 -0.85291527 0.92857143
v 0.54738418 -0.78148670 1.00000000
v 0.47595561 -0.63862956 -0.92857143
v 0.54738418 -0.63862956 -0.85714286
v 0.54738418 -0.63862956 1.00000000
v 0.54738418 -0.49577242 -1.00000000
v 0.47595561 -0.49577242 -0.92857143
v 0.54738418 -0.56720099 -0.92857143
v 0.54738418 -0.49577242 1.00000000
v 0.47595561 -0.35291527 -0.92857143
v 0.54738418 -0.35291527 -1.00000000
v 0.54738418 -0.35291527 1.00000000
v 0.47595561 -0.21005813 -0.92857143
v 0.54738418 -0.21005813 -1.00000000
v 0.54738418 -0.21005813 1.00000000
v 0.47595561 -0.06720099 -0.92857143
v 0.54738418 -0.06720099 -1.00000000
v 0.54738418 -0.06720099 1.00000000
v 0.54738418 0.07565616 -1.00000000
v 0.54738418 0.07565616 1.00000000
v 0.54738418 0.21851330 -1.00000000
v 0.54738418 0.21851330 1.00000000
v 0.54738418 0.36137044 -1.00000000
v 0.54738418 0.36137044 1.00000000
v 0.54738418 0.50422758 -1.00000000
v 0.54738418 0.50422758 1.00000000
v 0.54738418 0.64708473 -1.00000000
v 0.54738418 0.64708473 1.00000000
v 0.54738418 0.78994187 -1.00000000
v 0.54738418 0.78994187 1.00000000
v 0.54738418 0.93279901 -1.00000000
v 0.54738418 0.86137044 -0.78571429
v 0.54738418 0.93279901 -0.85714286
v 0.54738418 0.86137044 -0.64285714
v 0.54738418 0.86137044 -0.50000000
v 0.54738418 0.93279901 -0.42857143
v 0.54738418 0.93279901 1.00000000
v 0.54738418 1.00422758 -0.92857143
v 0.54738418 1.00422758 -0.35714286
v 0.47595561 1.07565616 -0.21428571
v 0.54738418 1.00422758 -0.21428571
v 0.54738418 1.07565616 -0.14285714
v 0.54738418 1.00422758 0.50000000
v 0.54738418 1.07565616 0.42857143
v 0.54738418 1.00422758 0.64285714
v 0.54738418 1.00422758 0.78571429
v 0.54738418 1.00422758 0.92857143
v 0.54738418 1.14708473 -0.07142857
v 0.47595561 1.21851330 0.07142857
v 0.54738418 1.14708473 0.07142857
v 0.54738418 1.14708473 0.21428571
v 0.54738418 1.14708473 0.35714286
v 0.61881275 -1.06720099 0.07142857
v 0.61881275 -1.06720099 0.21428571
v 0.61881275 -1.06720099 0.35714286
v 0.61881275 -1.06720099 0.50000000
v 0.61881275 -0.92434384 -0.78571429
v 0.69024132 -0.92434384 -0.71428571
v 0.69024132 -0.99577242 -0.64285714
v 0.69024132 -0.92434384 -0.57142857
v 0.69024132 -0.92434384 -0.14285714
v 0.69024132 -0.99577242 -0.07142857
v 0.69024132 -0.99577242 0.07142857
v 0.69024132 -0.99577242 0.21428571
v 0.69024132 -0.99577242 0.35714286
v 0.69024132 -0.99577242 0.50000000
v 0.69024132 -0.99577242 0.64285714
v 0.69024132 -0.92434384 0.71428571
v 0.61881275 -0.78148670 -0.78571429
v 0.69024132 -0.78148670 -0.71428571
v 0.69024132 -0.85291527 -0.50000000
v 0.69024132 -0.85291527 -0.35714286
v 0.69024132 -0.85291527 -0.21428571
v 0.69024132 -0.85291527 0.78571429
v 0.69024132 -0.85291527 0.92857143
v 0.69024132 -0.78148670 1.00000000
v 0.61881275 -0.63862956 -0.78571429
v 0.69024132 -0.63862956 -0.71428571
v 0.69024132 -0.63862956 1.00000000
v 0.69024132 -0.49577242 -1.00000000
v 0.69024132 -0.56720099 -0.92857143
v 0.69024132 -0.56720099 -0.78571429
v 0.69024132 -0.49577242 1.00000000
v 0.69024132 -0.35291527 -1.00000000
v 0.69024132 -0.35291527 1.00000000
v 0.69024132 -0.21005813 -1.00000000
v 0.69024132 -0.21005813 1.00000000
v 0.69024132 -0.06720099 -1.00000000
v 0.69024132 -0.06720099 1.00000000
v 0.69024132 0.07565616 -1.00000000
v 0.69024132 0.07565616 1.00000000
v 0.69024132 0.21851330 -1.00000000
v 0.69024132 0.21851330 1.00000000
v 0.69024132 0.36137044 -1.00000000
v 0.69024132 0.36137044 1.00000000
v 0.69024132 0.50422758 -1.00000000
v 0.61881275 0.50422758 0.78571429
v 0.69024132 0.43279901 0.78571429
v 0.69024132 0.50422758 0.71428571
v 0.61881275 0.50422758 0.92857143
v 0.69024132 0.43279901 0.92857143
v 0.69024132 0.64708473 -1.00000000
v 0.61881275 0.64708473 0.78571429
v 0.69024132 0.64708473 0.71428571
v 0.61881275 0.64708473 0.92857143
v 0.69024132 0.78994187 -1.00000000
v 0.61881275 0.78994187 0.50000000
v 0.69024132 0.71851330 0.50000000
v 0.69024132 0.78994187 0.42857143
v 0.61881275 0.78994187 0.64285714
v 0.69024132 0.71851330 0.64285714
v 0.61881275 0.78994187 0.78571429
v 0.61881275 0.78994187 0.92857143
v 0.69024132 0.93279901 -1.00000000
v 0.61881275 0.93279901 -0.78571429
v 0.61881275 0.93279901 -0.64285714
v 0.69024132 0.93279901 -0.57142857
v 0.69024132 0.86137044 -0.50000000
v 0.61881275 0.93279901 -0.35714286
v 0.69024132 0.86137044 -0.35714286
v 0.61881275 0.93279901 -0.21428571
v 0.69024132 0.86137044 -0.21428571
v 0.69024132 0.93279901 -0.14285714
v 0.61881275 0.93279901 0.35714286
v 0.69024132 0.86137044 0.35714286
v 0.69024132 0.93279901 0.28571429
v 0.61881275 0.93279901 0.50000000
v 0.61881275 0.93279901 0.64285714
v 0.61881275 0.93279901 0.78571429
v 0.61881275 0.93279901 0.92857143
v 0.69024132 1.00422758 -0.92857143
v 0.69024132 1.00422758 -0.78571429
v 0.69024132 1.00422758 -0.64285714
v 0.61881275 1.07565616 -0.07142857
v 0.69024132 1.00422758 -0.07142857
v 0.61881275 1.07565616 0.07142857
v 0.69024132 1.00422758 0.07142857
v 0.61881275 1.07565616 0.21428571
v 0.69024132 1.00422758 0.21428571
v 0.61881275 1.07565616 0.35714286
v 0.76166990 -0.92434384 -0.64285714
v 0.76166990 -0.92434384 -0.07142857
v 0.76166990 -0.92434384 0.07142857
v 0.76166990 -0.92434384 0.21428571
v 0.76166990 -0.92434384 0.35714286
v 0.76166990 -0.92434384 0.50000000
v 0.76166990 -0.92434384 0.64285714
v 0.76166990 -0.78148670 -0.64285714
v 0.76166990 -0.78148670 -0.50000000
v 0.76166990 -0.78148670 -0.35714286
v 0.76166990 -0.78148670 -0.21428571
v 0.83309847 -0.78148670 -0.14285714
v 0.83309847 -0.85291527 -0.07142857
v 0.83309847 -0.85291527 0.07142857
v 0.83309847 -0.85291527 0.21428571
v 0.83309847 -0.78148670 0.28571429
v 0.76166990 -0.78148670 0.35714286
v 0.76166990 -0.78148670 0.50000000
v 0.76166990 -0.78148670 0.64285714
v 0.76166990 -0.78148670 0.78571429
v 0.76166990 -0.78148670 0.92857143
v 0.76166990 -0.63862956 -0.64285714
v 0.83309847 -0.63862956 -0.57142857
v 0.83309847 -0.71005813 -0.50000000
v 0.83309847 -0.71005813 -0.35714286
v 0.83309847 -0.71005813 -0.21428571
v 0.83309847 -0.71005813 0.35714286
v 0.83309847 -0.71005813 0.50000000
v 0.83309847 -0.71005813 0.64285714
v 0.83309847 -0.71005813 0.78571429
v 0.83309847 -0.63862956 0.85714286
v 0.76166990 -0.63862956 0.92857143
v 0.76166990 -0.49577242 -0.92857143
v 0.83309847 -0.49577242 -0.85714286
v 0.83309847 -0.56720099 -0.78571429
v 0.83309847 -0.56720099 -0.64285714
v 0.83309847 -0.56720099 0.92857143
v 0.83309847 -0.49577242 1.00000000
v 0.83309847 -0.35291527 -1.00000000
v 0.83309847 -0.42434384 -0.92857143
v 0.83309847 -0.35291527 1.00000000
v 0.83309847 -0.21005813 -1.00000000
v 0.83309847 -0.21005813 1.00000000
v 0.83309847 -0.06720099 -1.00000000
v 0.83309847 -0.06720099 1.00000000
v 0.83309847 0.07565616 -1.00000000
v 0.83309847 0.07565616 1.00000000
v 0.83309847 0.21851330 -1.00000000
v 0.83309847 0.21851330 1.00000000
v 0.83309847 0.36137044 -1.00000000
v 0.83309847 0.36137044 1.00000000
v 0.83309847 0.50422758 -1.00000000
v 0.76166990 0.50422758 0.35714286
v 0.83309847 0.43279901 0.35714286
v 0.83309847 0.50422758 0.28571429
v 0.76166990 0.50422758 0.50000000
v 0.83309847 0.43279901 0.50000000
v 0.76166990 0.50422758 0.64285714
v 0.83309847 0.43279901 0.64285714
v 0.83309847 0.43279901 0.78571429
v 0.83309847 0.43279901 0.92857143
v 0.83309847 0.64708473 -1.00000000
v 0.76166990 0.64708473 -0.35714286
v 0.83309847 0.57565616 -0.35714286
v 0.83309847 0.64708473 -0.42857143
v 0.76166990 0.64708473 -0.21428571
v 0.83309847 0.57565616 -0.21428571
v 0.76166990 0.64708473 -0.07142857
v 0.83309847 0.57565616 -0.07142857
v 0.76166990 0.64708473 0.07142857
v 0.83309847 0.57565616 0.07142857
v 0.83309847 0.64708473 0.14285714
v 0.76166990 0.64708473 0.35714286
v 0.83309847 0.64708473 0.28571429
v 0.76166990 0.64708473 0.50000000
v 0.76166990 0.64708473 0.64285714
v 0.83309847 0.71851330 -0.92857143
v 0.76166990 0.78994187 -0.92857143
v 0.83309847 0.78994187 -0.85714286
v 0.76166990 0.78994187 -0.35714286
v 0.83309847 0.78994187 -0.42857143
v 0.76166990 0.78994187 -0.21428571
v 0.76166990 0.78994187 -0.07142857
v 0.76166990 0.78994187 0.07142857
v 0.83309847 0.71851330 0.21428571
v 0.76166990 0.78994187 0.21428571
v 0.76166990 0.78994187 0.35714286
v 0.76166990 0.93279901 -0.92857143
v 0.83309847 0.86137044 -0.78571429
v 0.76166990 0.93279901 -0.78571429
v 0.76166990 0.93279901 -0.64285714
v 0.83309847 0.86137044 -0.64285714
v 0.83309847 0.86137044 -0.50000000
v 0.76166990 0.93279901 -0.07142857
v 0.76166990 0.93279901 0.07142857
v 0.76166990 0.93279901 0.21428571
v 0.90452704 -0.78148670 -0.07142857
v 0.90452704 -0.78148670 0.07142857
v 0.90452704 -0.78148670 0.21428571
v 0.90452704 -0.63862956 -0.50000000
v 0.97595561 -0.63862956 -0.42857143
v 0.97595561 -0.71005813 -0.35714286
v 0.97595561 -0.71005813 -0.21428571
v 0.97595561 -0.71005813 -0.07142857
v 0.97595561 -0.71005813 0.07142857
v 0.97595561 -0.71005813 0.21428571
v 0.97595561 -0.71005813 0.35714286
v 0.97595561 -0.71005813 0.50000000
v 0.97595561 -0.71005813 0.64285714
v 0.90452704 -0.63862956 0.78571429
v 0.97595561 -0.63862956 0.71428571
v 0.90452704 -0.49577242 -0.78571429
v 0.90452704 -0.49577242 -0.64285714
v 0.90452704 -0.49577242 -0.50000000
v 0.97595561 -0.49577242 -0.42857143
v 0.90452704 -0.49577242 0.78571429
v 0.97595561 -0.49577242 0.71428571
v 0.90452704 -0.49577242 0.92857143
v 0.97595561 -0.35291527 -1.00000000
v 0.97595561 -0.42434384 -0.92857143
v 0.97595561 -0.42434384 -0.78571429
v 0.97595561 -0.42434384 -0.64285714
v 0.97595561 -0.42434384 -0.50000000
v 0.97595561 -0.42434384 0.78571429
v 0.97595561 -0.42434384 0.92857143
v 0.97595561 -0.35291527 1.00000000
v 0.97595561 -0.21005813 -1.00000000
v 0.90452704 -0.21005813 -0.07142857
v 0.97595561 -0.28148670 -0.07142857
v 0.97595561 -0.21005813 -0.14285714
v 0.90452704 -0.21005813 0.07142857
v 0.97595561 -0.28148670 0.07142857
v 0.90452704 -0.21005813 0.21428571
v 0.97595561 -0.28148670 0.21428571
v 0.90452704 -0.21005813 0.35714286
v 0.97595561 -0.28148670 0.35714286
v 0.90452704 -0.21005813 0.50000000
v 0.97595561 -0.28148670 0.50000000
v 0.90452704 -0.21005813 0.64285714
v 0.97595561 -0.28148670 0.64285714
v 0.97595561 -0.21005813 0.71428571
v 0.97595561 -0.21005813 1.00000000
v 0.97595561 -0.06720099 -1.00000000
v 0.90452704 -0.06720099 -0.50000000
v 0.97595561 -0.13862956 -0.50000000
v 0.97595561 -0.06720099 -0.57142857
v 0.90452704 -0.06720099 -0.35714286
v 0.97595561 -0.13862956 -0.35714286
v 0.90452704 -0.06720099 -0.21428571
v 0.97595561 -0.13862956 -0.21428571
v 0.90452704 -0.06720099 -0.07142857
v 0.90452704 -0.06720099 0.07142857
v 0.90452704 -0.06720099 0.21428571
v 0.90452704 -0.06720099 0.35714286
v 0.90452704 -0.06720099 0.50000000
v 0.90452704 -0.06720099 0.64285714
v 0.97595561 -0.06720099 0.71428571
v 0.97595561 -0.06720099 1.00000000
v 0.97595561 0.07565616 -1.00000000
v 0.90452704 0.07565616 -0.50000000
v 0.97595561 0.07565616 -0.57142857
v 0.90452704 0.07565616 -0.35714286
v 0.90452704 0.07565616 -0.21428571
v 0.90452704 0.07565616 -0.07142857
v 0.90452704 0.07565616 0.07142857
v 0.90452704 0.07565616 0.21428571
v 0.90452704 0.07565616 0.35714286
v 0.90452704 0.07565616 0.50000000
v 0.90452704 0.07565616 0.64285714
v 0.97595561 0.07565616 0.71428571
v 0.97595561 0.07565616 1.00000000
v 0.97595561 0.21851330 -1.00000000
v 0.90452704 0.21851330 -0.50000000
v 0.97595561 0.21851330 -0.57142857
v 0.90452704 0.21851330 -0.35714286
v 0.90452704 0.21851330 -0.21428571
v 0.90452704 0.21851330 -0.07142857
v 0.90452704 0.21851330 0.07142857
v 0.90452704 0.21851330 0.21428571
v 0.90452704 0.21851330 0.35714286
v 0.90452704 0.21851330 0.50000000
v 0.90452704 0.21851330 0.64285714
v 0.97595561 0.21851330 0.71428571
v 0.97595561 0.21851330 1.00000000
v 0.97595561 0.36137044 -1.00000000
v 0.90452704 0.36137044 -0.64285714
v 0.97595561 0.28994187 -0.64285714
v 0.97595561 0.36137044 -0.71428571
v 0.90452704 0.36137044 -0.50000000
v 0.90452704 0.36137044 -0.35714286
v 0.90452704 0.36137044 -0.21428571
v 0.90452704 0.36137044 -0.07142857
v 0.90452704 0.36137044 0.07142857
v 0.90452704 0.36137044 0.21428571
v 0.90452704 0.36137044 0.35714286
v 0.90452704 0.36137044 0.50000000
v 0.97595561 0.36137044 0.57142857
v 0.97595561 0.28994187 0.64285714
v 0.97595561 0.36137044 1.00000000
v 0.97595561 0.50422758 -1.00000000
v 0.90452704 0.50422758 -0.64285714
v 0.97595561 0.50422758 -0.71428571
v 0.90452704 0.50422758 -0.50000000
v 0.90452704 0.50422758 -0.35714286
v 0.90452704 0.50422758 -0.21428571
v 0.90452704 0.50422758 -0.07142857
v 0.90452704 0.50422758 0.07142857
v 0.90452704 0.50422758 0.21428571
v 0.97595561 0.43279901 0.64285714
v 0.97595561 0.43279901 0.78571429
v 0.97595561 0.43279901 0.92857143
v 0.97595561 0.57565616 -0.92857143
v 0.90452704 0.64708473 -0.92857143
v 0.90452704 0.64708473 -0.78571429
v 0.97595561 0.57565616 -0.78571429
v 0.90452704 0.64708473 -0.64285714
v 0.90452704 0.64708473 -0.50000000
v 0.97595561 0.57565616 0.21428571
v 0.97595561 0.64708473 0.14285714
v 0.97595561 0.64708473 0.28571429
v 0.90452704 0.78994187 -0.78571429
v 0.90452704 0.78994187 -0.64285714
v 0.90452704 0.78994187 -0.50000000
v 0.97595561 0.71851330 0.21428571
v 1.04738418 -0.63862956 -0.35714286
v 1.04738418 -0.63862956 -0.21428571
v 1.04738418 -0.63862956 -0.07142857
v 1.04738418 -0.63862956 0.07142857
v 1.04738418 -0.63862956 0.21428571
v 1.04738418 -0.63862956 0.35714286
v 1.04738418 -0.63862956 0.50000000
v 1.04738418 -0.63862956 0.64285714
v 1.04738418 -0.49577242 -0.35714286
v 1.04738418 -0.49577242 -0.21428571
v 1.11881275 -0.49577242 -0.14285714
v 1.11881275 -0.56720099 -0.07142857
v 1.11881275 -0.56720099 0.07142857
v 1.11881275 -0.56720099 0.21428571
v 1.11881275 -0.56720099 0.35714286
v 1.11881275 -0.56720099 0.50000000
v 1.11881275 -0.56720099 0.64285714
v 1.11881275 -0.49577242 0.71428571
v 1.11881275 -0.35291527 -1.00000000
v 1.11881275 -0.42434384 -0.92857143
v 1.11881275 -0.42434384 -0.78571429
v 1.11881275 -0.42434384 -0.64285714
v 1.11881275 -0.42434384 -0.50000000
v 1.11881275 -0.42434384 -0.35714286
v 1.11881275 -0.42434384 -0.21428571
v 1.11881275 -0.42434384 0.78571429
v 1.04738418 -0.35291527 0.92857143
v 1.11881275 -0.35291527 0.85714286
v 1.11881275 -0.28148670 -0.92857143
v 1.04738418 -0.21005813 -0.92857143
v 1.11881275 -0.21005813 -0.85714286
v 1.04738418 -0.21005813 -0.50000000
v 1.11881275 -0.28148670 -0.50000000
v 1.11881275 -0.21005813 -0.57142857
v 1.04738418 -0.21005813 -0.35714286
v 1.11881275 -0.28148670 -0.35714286
v 1.04738418 -0.21005813 -0.21428571
v 1.11881275 -0.28148670 -0.21428571
v 1.11881275 -0.28148670 -0.07142857
v 1.11881275 -0.28148670 0.07142857
v 1.11881275 -0.28148670 0.21428571
v 1.11881275 -0.28148670 0.35714286
v 1.11881275 -0.28148670 0.50000000
v 1.11881275 -0.28148670 0.64285714
v 1.11881275 -0.21005813 0.71428571
v 1.11881275 -0.28148670 0.92857143
v 1.11881275 -0.21005813 1.00000000
v 1.04738418 -0.06720099 -0.92857143
v 1.11881275 -0.13862956 -0.78571429
v 1.04738418 -0.06720099 -0.78571429
v 1.04738418 -0.06720099 -0.64285714
v 1.11881275 -0.13862956 -0.64285714
v 1.11881275 -0.06720099 0.71428571
v 1.11881275 -0.06720099 1.00000000
v 1.04738418 0.07565616 -0.92857143
v 1.04738418 0.07565616 -0.78571429
v 1.04738418 0.07565616 -0.64285714
v 1.11881275 0.07565616 0.71428571
v 1.11881275 0.07565616 1.00000000
v 1.11881275 0.21851330 -1.00000000
v 1.11881275 0.14708473 -0.92857143
v 1.11881275 0.21851330 -0.85714286
v 1.04738418 0.21851330 -0.78571429
v 1.04738418 0.21851330 -0.64285714
v 1.11881275 0.21851330 0.71428571
v 1.11881275 0.21851330 1.00000000
v 1.11881275 0.36137044 -1.00000000
v 1.11881275 0.28994187 -0.78571429
v 1.11881275 0.36137044 -0.71428571
v 1.11881275 0.36137044 0.57142857
v 1.11881275 0.28994187 0.64285714
v 1.11881275 0.36137044 1.00000000
v 1.11881275 0.43279901 -0.92857143
v 1.04738418 0.50422758 -0.92857143
v 1.04738418 0.50422758 -0.78571429
v 1.11881275 0.43279901 -0.78571429
v 1.11881275 0.43279901 0.64285714
v 1.11881275 0.43279901 0.78571429
v 1.04738418 0.50422758 0.92857143
v 1.11881275 0.50422758 0.85714286
v 1.11881275 0.50422758 1.00000000
v 1.04738418 0.64708473 0.21428571
v 1.11881275 0.57565616 0.92857143
v 1.19024132 -0.49577242 -0.07142857
v 1.19024132 -0.49577242 0.07142857
v 1.19024132 -0.49577242 0.21428571
v 1.19024132 -0.49577242 0.35714286
v 1.19024132 -0.49577242 0.50000000
v 1.19024132 -0.49577242 0.64285714
v 1.19024132 -0.35291527 -0.92857143
v 1.19024132 -0.35291527 -0.78571429
v 1.19024132 -0.35291527 -0.64285714
v 1.19024132 -0.35291527 -0.50000000
v 1.19024132 -0.35291527 -0.35714286
v 1.19024132 -0.35291527 -0.21428571
v 1.19024132 -0.35291527 -0.07142857
v 1.19024132 -0.35291527 0.07142857
v 1.19024132 -0.35291527 0.21428571
v 1.19024132 -0.35291527 0.35714286
v 1.19024132 -0.35291527 0.50000000
v 1.19024132 -0.35291527 0.64285714
v 1.19024132 -0.35291527 0.78571429
v 1.19024132 -0.21005813 -0.78571429
v 1.19024132 -0.21005813 -0.64285714
v 1.26166990 -0.28148670 0.78571429
v 1.26166990 -0.21005813 0.71428571
v 1.26166990 -0.28148670 0.92857143
v 1.26166990 -0.21005813 1.00000000
v 1.26166990 -0.06720099 0.71428571
v 1.26166990 -0.06720099 1.00000000
v 1.26166990 0.07565616 0.71428571
v 1.26166990 0.07565616 1.00000000
v 1.19024132 0.21851330 -0.92857143
v 1.26166990 0.14708473 0.78571429
v 1.19024132 0.21851330 0.78571429
v 1.26166990 0.21851330 0.85714286
v 1.26166990 0.21851330 1.00000000
v 1.19024132 0.36137044 -0.92857143
v 1.19024132 0.36137044 -0.78571429
v 1.19024132 0.36137044 0.64285714
v 1.19024132 0.36137044 0.78571429
v 1.26166990 0.28994187 0.92857143
v 1.19024132 0.36137044 0.92857143
v 1.19024132 0.50422758 0.92857143
v 1.33309847 -0.21005813 0.78571429
v 1.33309847 -0.21005813 0.92857143
v 1.33309847 -0.06720099 0.78571429
v 1.33309847 -0.06720099 0.92857143
v 1.33309847 0.07565616 0.78571429
v 1.33309847 0.07565616 0.92857143
v 1.33309847 0.21851330 0.92857143
f 3 2 1
f 1 4 3
f 7 6 5
f 9 8 5
f 5 8 7
f 11 10 9
f 9 10 8
f 10 11 2
f 11 1 2
f 11 12 1
f 4 1 13
f 1 14 13
f 1 12 14
f 16 15 14
f 14 15 13
f 18 17 16
f 16 17 15
f 20 19 18
f 18 19 17
f 20 21 19
f 6 22 5
f 5 22 9
f 9 22 23
f 9 23 11
f 11 23 24
f 11 24 12
f 12 24 25
f 12 25 14
f 14 25 26
f 14 26 16
f 16 26 27
f 16 27 18
f 18 27 28
f 18 28 20
f 20 28 29
f 20 29 21
f 30 2 3
f 4 30 3
f 32 31 7
f 7 31 6
f 33 7 8
f 33 32 7
f 34 8 10
f 34 33 8
f 10 2 30
f 35 10 30
f 34 10 35
f 35 30 4
f 13 35 4
f 36 35 13
f 37 13 15
f 37 36 13
f 38 15 17
f 38 37 15
f 39 17 19
f 39 38 17
f 19 21 39
f 39 21 40
f 31 41 6
f 6 41 22
f 22 42 23
f 41 42 22
f 23 43 24
f 42 43 23
f 43 45 44
f 25 43 44
f 24 43 25
f 46 26 25
f 46 25 44
f 47 27 26
f 47 26 46
f 48 28 27
f 48 27 47
f 28 48 49
f 50 28 49
f 29 28 50
f 21 29 40
f 40 29 50
f 45 51 44
f 44 51 46
f 46 51 52
f 54 53 52
f 53 46 52
f 53 47 46
f 56 48 55
f 48 53 55
f 48 47 53
f 48 56 49
f 54 57 53
f 53 57 55
f 60 59 58
f 62 61 58
f 58 61 60
f 62 63 61
f 66 65 64
f 68 67 64
f 64 67 66
f 67 68 59
f 68 58 59
f 68 69 58
f 58 70 62
f 58 69 70
f 63 62 71
f 71 62 70
f 74 73 72
f 72 75 74
f 64 65 76
f 76 65 77
f 64 78 68
f 64 76 78
f 68 79 69
f 68 78 79
f 69 80 70
f 69 79 80
f 71 70 81
f 81 70 80
f 72 73 82
f 82 73 83
f 75 72 84
f 72 85 84
f 72 82 85
f 87 86 85
f 85 86 84
f 87 88 86
f 76 77 89
f 89 77 90
f 76 91 78
f 76 89 91
f 78 92 79
f 78 91 92
f 79 93 80
f 79 92 93
f 81 80 94
f 94 80 93
f 82 83 95
f 95 83 96
f 82 97 85
f 82 95 97
f 85 98 87
f 85 97 98
f 88 87 99
f 99 87 98
f 89 90 100
f 100 90 101
f 89 102 91
f 89 100 102
f 91 103 92
f 91 102 103
f 103 31 32
f 93 103 32
f 92 103 93
f 104 94 93
f 32 104 93
f 33 104 32
f 105 33 34
f 105 104 33
f 106 34 35
f 106 105 34
f 107 35 36
f 107 106 35
f 108 36 37
f 108 107 36
f 109 37 38
f 109 108 37
f 110 38 39
f 110 109 38
f 111 95 40
f 95 110 40
f 110 39 40
f 95 96 110
f 113 97 112
f 97 111 112
f 97 95 111
f 97 113 98
f 98 113 114
f 98 114 99
f 100 101 115
f 115 101 116
f 100 117 102
f 100 115 117
f 102 118 103
f 102 117 118
f 119 41 31
f 103 119 31
f 118 119 103
f 120 42 41
f 120 41 119
f 121 43 42
f 121 42 120
f 121 45 43
f 49 122 50
f 111 40 50
f 122 111 50
f 123 111 122
f 112 111 124
f 124 111 123
f 115 116 125
f 125 116 126
f 115 127 117
f 115 125 127
f 117 128 118
f 117 127 128
f 118 129 119
f 118 128 129
f 119 130 120
f 119 129 130
f 120 131 121
f 120 130 131
f 132 51 45
f 121 132 45
f 131 132 121
f 133 52 51
f 133 51 132
f 133 54 52
f 55 134 56
f 122 49 56
f 134 122 56
f 135 122 134
f 122 136 123
f 122 135 136
f 124 123 137
f 137 123 136
f 125 126 138
f 138 126 139
f 125 140 127
f 125 138 140
f 127 141 128
f 127 140 141
f 128 142 129
f 128 141 142
f 129 143 130
f 129 142 143
f 130 144 131
f 130 143 144
f 146 132 145
f 132 144 145
f 132 131 144
f 132 146 133
f 133 146 147
f 133 147 54
f 147 57 54
f 147 148 57
f 55 57 134
f 57 149 134
f 57 148 149
f 134 149 135
f 135 149 150
f 135 150 136
f 136 150 151
f 136 151 137
f 139 152 138
f 138 152 140
f 140 152 153
f 140 153 141
f 141 153 154
f 141 154 142
f 142 154 155
f 157 156 155
f 156 142 155
f 156 143 142
f 143 158 144
f 143 156 158
f 145 144 159
f 159 144 158
f 156 157 160
f 160 157 161
f 163 158 162
f 158 160 162
f 158 156 160
f 158 163 159
f 160 161 164
f 164 161 165
f 162 160 166
f 166 160 164
f 165 167 164
f 164 167 166
f 170 169 168
f 168 171 170
f 174 173 172
f 176 175 172
f 172 175 174
f 59 60 176
f 60 175 176
f 60 177 175
f 61 168 169
f 177 61 169
f 60 61 177
f 179 178 63
f 63 178 61
f 178 171 61
f 171 168 61
f 179 180 178
f 183 182 181
f 185 184 181
f 181 184 183
f 185 186 184
f 172 173 66
f 173 65 66
f 173 187 65
f 172 66 67
f 172 67 176
f 176 67 59
f 189 188 179
f 63 189 179
f 71 189 63
f 179 188 180
f 181 182 74
f 182 73 74
f 182 190 73
f 181 74 75
f 191 181 75
f 185 181 191
f 186 185 192
f 185 193 192
f 185 191 193
f 193 194 192
f 187 77 65
f 195 77 187
f 81 189 71
f 81 196 189
f 199 198 197
f 201 200 197
f 197 200 199
f 190 200 201
f 83 190 201
f 73 190 83
f 84 191 75
f 191 84 86
f 191 86 193
f 86 88 193
f 88 194 193
f 88 202 194
f 195 90 77
f 203 90 195
f 94 196 81
f 94 204 196
f 207 206 205
f 209 208 205
f 205 208 207
f 208 209 198
f 209 197 198
f 209 210 197
f 197 211 201
f 197 210 211
f 211 96 83
f 211 83 201
f 99 202 88
f 99 212 202
f 203 101 90
f 213 101 203
f 214 204 94
f 214 94 104
f 215 104 105
f 215 214 104
f 216 105 106
f 216 215 105
f 107 205 206
f 216 107 206
f 106 107 216
f 205 107 108
f 205 108 209
f 209 108 109
f 209 109 210
f 210 109 110
f 210 110 211
f 211 110 96
f 112 217 113
f 218 114 113
f 218 113 217
f 218 219 114
f 219 99 114
f 219 212 99
f 213 116 101
f 220 116 213
f 124 221 217
f 124 217 112
f 217 222 218
f 217 221 222
f 219 218 223
f 223 218 222
f 220 126 116
f 224 126 220
f 137 225 221
f 137 221 124
f 227 222 226
f 222 225 226
f 222 221 225
f 222 227 223
f 224 139 126
f 228 139 224
f 230 229 146
f 230 146 145
f 146 231 147
f 229 231 146
f 147 232 148
f 231 232 147
f 148 233 149
f 232 233 148
f 149 234 150
f 233 234 149
f 234 236 235
f 151 234 235
f 150 234 151
f 225 137 151
f 235 225 151
f 237 225 235
f 226 225 238
f 238 225 237
f 228 239 139
f 139 239 152
f 152 240 153
f 239 240 152
f 153 241 154
f 240 241 153
f 154 242 155
f 241 242 154
f 157 155 242
f 157 242 243
f 159 230 145
f 159 244 230
f 235 236 245
f 245 236 246
f 235 247 237
f 235 245 247
f 238 237 248
f 248 237 247
f 250 161 249
f 161 243 249
f 161 157 243
f 163 162 250
f 249 163 250
f 251 163 249
f 159 163 244
f 244 163 251
f 246 252 245
f 245 252 247
f 247 252 253
f 247 253 248
f 254 165 250
f 250 165 161
f 166 254 162
f 162 254 250
f 254 167 165
f 167 254 166
f 257 256 255
f 259 258 255
f 255 258 257
f 261 260 259
f 259 260 258
f 169 170 261
f 170 260 261
f 170 262 260
f 264 263 171
f 263 170 171
f 263 262 170
f 264 265 263
f 268 267 266
f 270 269 266
f 266 269 268
f 270 271 269
f 255 256 174
f 256 173 174
f 256 272 173
f 255 174 175
f 255 175 259
f 259 175 177
f 259 177 261
f 261 177 169
f 178 264 171
f 178 180 264
f 180 265 264
f 180 273 265
f 266 267 183
f 267 182 183
f 267 274 182
f 266 183 184
f 266 184 270
f 276 275 186
f 186 275 184
f 275 271 184
f 271 270 184
f 276 277 275
f 272 187 173
f 278 187 272
f 189 279 188
f 279 280 188
f 280 180 188
f 280 273 180
f 283 282 281
f 274 283 281
f 190 274 281
f 182 274 190
f 192 276 186
f 192 194 276
f 194 277 276
f 194 284 277
f 286 195 285
f 195 278 285
f 195 187 278
f 288 287 286
f 288 286 285
f 289 287 288
f 196 290 279
f 196 279 189
f 280 279 291
f 279 292 291
f 279 290 292
f 294 293 292
f 292 293 291
f 296 295 294
f 294 295 293
f 298 297 296
f 296 297 295
f 198 199 298
f 199 297 298
f 199 299 297
f 200 281 282
f 299 200 282
f 199 200 299
f 281 200 190
f 202 284 194
f 202 300 284
f 301 203 286
f 286 203 195
f 302 286 287
f 301 286 302
f 287 289 303
f 287 303 302
f 204 304 290
f 204 290 196
f 290 305 292
f 290 304 305
f 292 306 294
f 292 305 306
f 306 206 207
f 296 306 207
f 294 306 296
f 296 207 208
f 296 208 298
f 298 208 198
f 212 300 202
f 212 307 300
f 308 213 301
f 301 213 203
f 309 301 302
f 308 301 309
f 302 303 310
f 302 310 309
f 214 304 204
f 304 214 215
f 304 215 305
f 305 215 216
f 305 216 306
f 306 216 206
f 219 307 212
f 219 311 307
f 312 220 308
f 308 220 213
f 309 314 313
f 312 309 313
f 308 309 312
f 314 309 310
f 223 311 219
f 223 315 311
f 317 316 312
f 316 220 312
f 316 224 220
f 317 312 313
f 319 318 227
f 319 227 226
f 223 227 315
f 315 227 318
f 316 228 224
f 320 228 316
f 230 321 229
f 322 231 229
f 322 229 321
f 323 232 231
f 323 231 322
f 324 233 232
f 324 232 323
f 325 234 233
f 325 233 324
f 325 236 234
f 238 319 226
f 238 326 319
f 239 228 327
f 228 328 327
f 228 320 328
f 239 327 329
f 330 239 329
f 240 239 330
f 240 331 241
f 330 331 240
f 241 332 242
f 331 332 241
f 243 242 332
f 243 332 333
f 244 334 321
f 244 321 230
f 321 335 322
f 321 334 335
f 337 323 336
f 323 335 336
f 323 322 335
f 323 337 324
f 324 337 338
f 324 338 325
f 325 338 339
f 236 325 339
f 340 236 339
f 246 236 340
f 248 326 238
f 248 341 326
f 327 328 342
f 342 328 343
f 329 327 344
f 344 327 342
f 333 345 243
f 243 345 249
f 249 346 251
f 345 346 249
f 244 251 334
f 251 347 334
f 251 346 347
f 349 348 347
f 348 334 347
f 348 335 334
f 336 335 350
f 350 335 348
f 252 246 351
f 246 352 351
f 246 340 352
f 252 351 353
f 354 252 353
f 253 252 354
f 248 253 341
f 341 253 354
f 343 355 342
f 342 355 344
f 348 349 356
f 356 349 357
f 350 348 358
f 358 348 356
f 352 359 351
f 351 359 353
f 357 360 356
f 356 360 358
f 363 362 361
f 361 364 363
f 367 366 365
f 369 368 365
f 365 368 367
f 371 370 369
f 369 370 368
f 371 372 370
f 373 256 257
f 258 374 257
f 257 374 373
f 260 375 258
f 258 375 374
f 362 376 361
f 376 260 361
f 260 262 361
f 260 376 375
f 262 263 361
f 263 377 361
f 377 364 361
f 263 378 377
f 265 378 263
f 365 366 268
f 366 267 268
f 366 379 267
f 365 268 269
f 365 269 369
f 369 269 271
f 380 369 271
f 371 369 380
f 372 371 381
f 381 371 380
f 382 272 373
f 373 272 256
f 383 373 374
f 382 373 383
f 384 374 375
f 383 374 384
f 375 376 385
f 375 385 384
f 386 377 378
f 265 273 378
f 273 387 378
f 387 386 378
f 387 273 388
f 390 389 388
f 388 389 387
f 392 391 390
f 390 391 389
f 394 393 392
f 392 393 391
f 396 395 394
f 394 395 393
f 398 397 396
f 396 397 395
f 379 397 398
f 274 379 398
f 267 379 274
f 275 380 271
f 275 277 380
f 277 381 380
f 277 399 381
f 400 278 382
f 382 278 272
f 401 382 383
f 400 382 401
f 402 383 384
f 401 383 402
f 384 385 403
f 384 403 402
f 280 404 388
f 280 388 273
f 388 405 390
f 388 404 405
f 390 406 392
f 390 405 406
f 392 407 394
f 392 406 407
f 394 408 396
f 394 407 408
f 408 282 283
f 398 408 283
f 396 408 398
f 398 283 274
f 284 399 277
f 284 409 399
f 400 285 278
f 285 400 288
f 288 400 401
f 401 402 410
f 289 401 410
f 411 289 410
f 401 289 288
f 410 402 403
f 291 404 280
f 404 291 293
f 404 293 405
f 405 293 295
f 405 295 406
f 406 295 297
f 406 297 407
f 407 297 299
f 407 299 408
f 408 299 282
f 300 409 284
f 300 412 409
f 411 303 289
f 413 303 411
f 307 412 300
f 307 414 412
f 413 310 303
f 415 310 413
f 311 414 307
f 311 416 414
f 418 417 314
f 314 417 313
f 314 310 415
f 314 415 418
f 315 416 311
f 315 419 416
f 421 420 317
f 317 420 316
f 317 313 417
f 317 417 421
f 319 422 318
f 422 423 318
f 423 315 318
f 423 419 315
f 420 320 316
f 424 320 420
f 326 425 422
f 326 422 319
f 423 422 426
f 426 422 425
f 424 328 320
f 427 328 424
f 329 428 330
f 429 331 330
f 429 330 428
f 430 332 331
f 430 331 429
f 430 333 332
f 336 431 337
f 432 338 337
f 432 337 431
f 433 339 338
f 433 338 432
f 433 340 339
f 341 434 425
f 341 425 326
f 426 425 435
f 435 425 434
f 427 343 328
f 436 343 427
f 344 437 428
f 344 428 329
f 439 429 438
f 429 437 438
f 429 428 437
f 429 439 430
f 430 439 440
f 430 440 333
f 440 345 333
f 440 441 345
f 345 442 346
f 441 442 345
f 346 443 347
f 442 443 346
f 349 347 443
f 349 443 444
f 350 445 431
f 350 431 336
f 431 446 432
f 431 445 446
f 432 447 433
f 432 446 447
f 447 352 340
f 447 340 433
f 449 448 354
f 449 354 353
f 341 354 434
f 354 450 434
f 354 448 450
f 434 450 435
f 355 343 451
f 343 452 451
f 343 436 452
f 437 344 355
f 451 437 355
f 453 437 451
f 438 437 454
f 454 437 453
f 444 357 349
f 455 357 444
f 358 456 445
f 358 445 350
f 445 457 446
f 445 456 457
f 459 447 458
f 447 457 458
f 447 446 457
f 447 459 352
f 459 359 352
f 459 460 359
f 353 359 449
f 449 359 460
f 451 452 461
f 461 452 462
f 451 463 453
f 451 461 463
f 454 453 464
f 464 453 463
f 455 465 357
f 357 465 360
f 358 360 456
f 360 466 456
f 360 465 466
f 468 467 466
f 467 456 466
f 467 457 456
f 458 457 469
f 469 457 467
f 462 470 461
f 461 470 463
f 463 470 471
f 463 471 464
f 468 472 467
f 467 472 469
f 473 362 363
f 364 473 363
f 475 474 367
f 367 474 366
f 476 367 368
f 476 475 367
f 477 368 370
f 477 476 368
f 370 372 477
f 477 372 478
f 479 376 473
f 473 376 362
f 377 479 364
f 364 479 473
f 474 379 366
f 480 379 474
f 381 478 372
f 381 481 478
f 483 482 479
f 482 376 479
f 482 385 376
f 483 479 377
f 386 483 377
f 484 483 386
f 485 386 387
f 485 484 386
f 486 387 389
f 486 485 387
f 487 389 391
f 487 486 389
f 488 391 393
f 488 487 391
f 489 393 395
f 489 488 393
f 490 395 397
f 490 489 395
f 397 379 480
f 397 480 490
f 399 481 381
f 399 491 481
f 482 403 385
f 492 403 482
f 409 491 399
f 409 493 491
f 495 494 410
f 410 494 411
f 410 403 492
f 410 492 495
f 412 493 409
f 412 496 493
f 494 413 411
f 497 413 494
f 414 496 412
f 414 498 496
f 497 415 413
f 499 415 497
f 416 498 414
f 416 500 498
f 502 501 418
f 418 501 417
f 418 415 499
f 418 499 502
f 419 500 416
f 419 503 500
f 505 504 421
f 421 504 420
f 421 417 501
f 421 501 505
f 423 503 419
f 423 506 503
f 504 424 420
f 507 424 504
f 426 506 423
f 426 508 506
f 507 427 424
f 509 427 507
f 435 508 426
f 435 510 508
f 509 436 427
f 511 436 509
f 438 512 439
f 513 440 439
f 513 439 512
f 514 441 440
f 514 440 513
f 515 442 441
f 515 441 514
f 516 443 442
f 516 442 515
f 516 444 443
f 449 517 448
f 518 450 448
f 518 448 517
f 518 519 450
f 519 435 450
f 519 510 435
f 511 452 436
f 520 452 511
f 454 521 512
f 454 512 438
f 512 522 513
f 512 521 522
f 513 523 514
f 513 522 523
f 514 524 515
f 514 523 524
f 515 525 516
f 515 524 525
f 525 455 444
f 525 444 516
f 458 526 459
f 527 460 459
f 527 459 526
f 517 449 460
f 527 517 460
f 528 517 527
f 517 529 518
f 517 528 529
f 519 518 530
f 530 518 529
f 520 462 452
f 531 462 520
f 464 532 521
f 464 521 454
f 521 533 522
f 521 532 533
f 522 534 523
f 522 533 534
f 523 535 524
f 523 534 535
f 524 536 525
f 524 535 536
f 537 465 455
f 525 537 455
f 536 537 525
f 538 466 465
f 538 465 537
f 538 468 466
f 469 539 526
f 469 526 458
f 526 540 527
f 526 539 540
f 527 541 528
f 527 540 541
f 528 542 529
f 528 541 542
f 530 529 543
f 543 529 542
f 470 462 544
f 462 545 544
f 462 531 545
f 546 471 470
f 546 470 544
f 532 464 471
f 546 532 471
f 547 532 546
f 532 548 533
f 532 547 548
f 550 534 549
f 534 548 549
f 534 533 548
f 534 550 535
f 535 550 551
f 535 551 536
f 536 551 552
f 536 552 537
f 537 552 553
f 537 553 538
f 538 553 554
f 554 556 555
f 554 555 472
f 538 554 472
f 468 538 472
f 555 557 472
f 472 557 469
f 557 558 469
f 558 539 469
f 539 558 540
f 540 558 559
f 540 559 541
f 541 559 560
f 541 560 542
f 542 560 561
f 542 561 543
f 545 562 544
f 544 562 546
f 546 562 563
f 546 563 547
f 547 563 564
f 547 564 548
f 548 564 565
f 548 565 549
f 556 566 555
f 555 566 557
f 569 568 567
f 567 570 569
f 573 572 571
f 571 574 573
f 568 575 567
f 567 575 570
f 571 572 475
f 572 474 475
f 572 576 474
f 577 574 571
f 475 577 571
f 476 577 475
f 578 476 477
f 578 577 476
f 477 478 578
f 578 478 579
f 582 581 580
f 584 583 580
f 580 583 582
f 586 585 584
f 584 585 583
f 576 585 586
f 480 576 586
f 474 576 480
f 481 579 478
f 481 587 579
f 589 588 483
f 483 588 482
f 590 483 484
f 590 589 483
f 591 484 485
f 591 590 484
f 592 485 486
f 592 591 485
f 593 486 487
f 593 592 486
f 488 580 581
f 593 488 581
f 487 488 593
f 580 488 489
f 580 489 584
f 584 489 490
f 584 490 586
f 586 490 480
f 491 587 481
f 491 594 587
f 588 492 482
f 595 492 588
f 493 594 491
f 493 596 594
f 599 598 597
f 601 600 597
f 597 600 599
f 494 495 601
f 495 600 601
f 495 602 600
f 495 492 595
f 495 595 602
f 496 596 493
f 496 603 596
f 598 604 597
f 606 605 604
f 605 597 604
f 605 601 597
f 605 497 494
f 605 494 601
f 498 603 496
f 498 607 603
f 605 606 608
f 608 606 609
f 608 499 497
f 608 497 605
f 500 607 498
f 500 610 607
f 608 609 502
f 609 501 502
f 609 611 501
f 608 502 499
f 503 610 500
f 503 612 610
f 614 613 505
f 505 613 504
f 505 501 611
f 505 611 614
f 506 612 503
f 506 615 612
f 613 507 504
f 616 507 613
f 508 615 506
f 508 617 615
f 616 509 507
f 618 509 616
f 510 617 508
f 510 619 617
f 618 511 509
f 620 511 618
f 519 619 510
f 519 621 619
f 620 520 511
f 622 520 620
f 625 624 623
f 624 621 623
f 621 530 623
f 621 519 530
f 622 531 520
f 626 531 622
f 629 628 627
f 627 628 625
f 623 627 625
f 630 627 623
f 543 630 530
f 530 630 623
f 626 545 531
f 631 545 626
f 549 632 550
f 633 551 550
f 633 550 632
f 634 552 551
f 634 551 633
f 635 553 552
f 635 552 634
f 636 554 553
f 636 553 635
f 636 556 554
f 557 637 558
f 638 559 558
f 638 558 637
f 639 629 627
f 559 639 627
f 560 559 627
f 639 559 638
f 560 627 561
f 561 627 630
f 561 630 543
f 631 640 545
f 545 640 562
f 562 641 563
f 640 641 562
f 563 642 564
f 641 642 563
f 564 643 565
f 642 643 564
f 549 565 632
f 565 644 632
f 565 643 644
f 632 644 633
f 633 644 645
f 633 645 634
f 634 645 646
f 634 646 635
f 635 646 647
f 635 647 636
f 636 647 648
f 636 648 556
f 648 566 556
f 648 649 566
f 557 566 637
f 566 650 637
f 566 649 650
f 637 650 638
f 638 650 651
f 638 651 639
f 653 652 569
f 569 652 568
f 569 570 653
f 653 570 654
f 655 572 573
f 574 655 573
f 652 656 568
f 568 656 575
f 570 575 654
f 654 575 656
f 659 658 657
f 657 660 659
f 662 661 655
f 661 572 655
f 661 576 572
f 662 655 574
f 577 662 574
f 663 662 577
f 664 577 578
f 664 663 577
f 578 579 664
f 664 579 665
f 657 658 666
f 666 658 667
f 660 657 668
f 657 669 668
f 657 666 669
f 671 670 669
f 669 670 668
f 581 582 671
f 582 670 671
f 582 672 670
f 673 582 583
f 673 672 582
f 674 583 585
f 674 673 583
f 585 576 661
f 585 661 674
f 587 665 579
f 587 675 665
f 677 676 589
f 589 676 588
f 678 589 590
f 678 677 589
f 591 666 667
f 678 591 667
f 590 591 678
f 666 591 592
f 666 592 669
f 669 592 593
f 669 593 671
f 671 593 581
f 594 675 587
f 594 679 675
f 682 681 680
f 684 683 680
f 680 683 682
f 686 685 684
f 684 685 683
f 676 685 686
f 595 676 686
f 588 676 595
f 596 679 594
f 596 687 679
f 680 681 599
f 681 598 599
f 681 688 598
f 680 599 600
f 680 600 684
f 684 600 602
f 684 602 686
f 686 602 595
f 603 687 596
f 603 689 687
f 604 598 690
f 598 691 690
f 598 688 691
f 690 606 604
f 607 689 603
f 607 692 689
f 690 691 693
f 693 691 694
f 693 609 606
f 693 606 690
f 610 692 607
f 610 695 692
f 693 694 696
f 696 694 697
f 696 611 609
f 696 609 693
f 612 695 610
f 612 698 695
f 696 697 614
f 697 613 614
f 697 699 613
f 696 614 611
f 615 698 612
f 615 700 698
f 699 616 613
f 701 616 699
f 617 700 615
f 617 702 700
f 701 618 616
f 703 618 701
f 619 702 617
f 619 704 702
f 703 620 618
f 705 620 703
f 621 704 619
f 621 706 704
f 705 622 620
f 707 622 705
f 709 708 624
f 709 624 625
f 621 624 706
f 706 624 708
f 707 626 622
f 710 626 707
f 712 711 628
f 712 628 629
f 625 628 709
f 709 628 711
f 710 631 626
f 713 631 710
f 716 715 714
f 718 717 714
f 718 714 715
f 720 719 717
f 720 717 718
f 721 719 720
f 639 712 629
f 639 722 712
f 713 723 631
f 631 723 640
f 640 724 641
f 723 724 640
f 714 642 716
f 642 724 716
f 642 641 724
f 642 714 643
f 643 714 717
f 643 717 644
f 644 717 719
f 721 725 719
f 725 644 719
f 725 645 644
f 645 726 646
f 725 726 645
f 646 727 647
f 726 727 646
f 647 728 648
f 727 728 647
f 648 729 649
f 728 729 648
f 649 730 650
f 729 730 649
f 650 731 651
f 730 731 650
f 639 651 722
f 722 651 731
f 734 733 732
f 736 735 732
f 732 735 734
f 738 737 736
f 736 737 735
f 738 739 737
f 742 741 740
f 740 743 742
f 746 745 744
f 746 744 733
f 733 744 732
f 744 652 732
f 652 653 732
f 732 653 654
f 747 732 654
f 736 732 747
f 736 748 738
f 736 747 748
f 739 738 749
f 749 738 748
f 740 741 750
f 750 741 751
f 743 740 752
f 752 740 750
f 744 745 753
f 753 745 754
f 755 656 652
f 744 755 652
f 753 755 744
f 747 654 656
f 755 747 656
f 756 747 755
f 747 757 748
f 747 756 757
f 749 748 758
f 748 759 758
f 748 757 759
f 658 659 759
f 659 758 759
f 659 760 758
f 659 660 760
f 760 660 761
f 764 763 762
f 764 762 751
f 762 750 751
f 762 765 750
f 662 766 661
f 766 750 661
f 750 765 661
f 750 766 752
f 767 662 663
f 767 766 662
f 768 663 664
f 768 767 663
f 664 665 768
f 768 665 769
f 753 754 770
f 770 754 771
f 753 772 755
f 753 770 772
f 755 773 756
f 755 772 773
f 756 774 757
f 756 773 774
f 757 775 759
f 757 774 775
f 775 667 658
f 775 658 759
f 776 761 660
f 776 660 668
f 777 668 670
f 777 776 668
f 778 670 672
f 778 777 670
f 673 762 763
f 778 673 763
f 672 673 778
f 762 673 674
f 762 674 765
f 765 674 661
f 675 769 665
f 675 779 769
f 770 771 780
f 780 771 781
f 770 782 772
f 770 780 782
f 772 783 773
f 772 782 783
f 783 676 677
f 774 783 677
f 773 783 774
f 774 677 678
f 774 678 775
f 775 678 667
f 679 779 675
f 679 784 779
f 780 781 682
f 781 681 682
f 781 785 681
f 780 682 683
f 780 683 782
f 782 683 685
f 782 685 783
f 783 685 676
f 687 784 679
f 687 786 784
f 785 688 681
f 787 688 785
f 689 786 687
f 689 788 786
f 787 691 688
f 789 691 787
f 692 788 689
f 692 790 788
f 789 694 691
f 791 694 789
f 695 790 692
f 695 792 790
f 791 697 694
f 793 697 791
f 698 792 695
f 698 794 792
f 793 699 697
f 795 699 793
f 700 794 698
f 700 796 794
f 795 701 699
f 797 701 795
f 702 796 700
f 702 798 796
f 797 703 701
f 799 703 797
f 704 798 702
f 704 800 798
f 799 705 703
f 801 705 799
f 706 800 704
f 706 802 800
f 801 707 705
f 803 707 801
f 805 804 708
f 805 708 709
f 706 708 802
f 802 708 804
f 803 710 707
f 806 710 803
f 808 807 711
f 808 711 712
f 709 711 805
f 805 711 807
f 806 713 710
f 809 713 806
f 811 810 715
f 811 715 716
f 715 812 718
f 810 812 715
f 718 813 720
f 812 813 718
f 721 720 813
f 721 813 814
f 722 808 712
f 722 815 808
f 809 816 713
f 713 816 723
f 723 817 724
f 816 817 723
f 716 724 811
f 811 724 817
f 814 818 721
f 721 818 725
f 818 820 819
f 726 818 819
f 725 818 726
f 821 727 726
f 821 726 819
f 822 728 727
f 822 727 821
f 823 729 728
f 823 728 822
f 824 730 729
f 824 729 823
f 730 824 825
f 826 730 825
f 731 730 826
f 722 731 815
f 815 731 826
f 820 827 819
f 819 827 821
f 821 827 828
f 830 829 828
f 829 821 828
f 829 822 821
f 822 831 823
f 822 829 831
f 833 824 832
f 824 831 832
f 824 823 831
f 824 833 825
f 830 834 829
f 829 834 831
f 831 834 835
f 831 835 832
f 836 733 734
f 735 837 734
f 734 837 836
f 837 735 838
f 735 839 838
f 735 737 839
f 841 840 739
f 840 737 739
f 840 839 737
f 843 842 841
f 841 842 840
f 845 844 843
f 843 844 842
f 845 846 844
f 847 741 742
f 743 847 742
f 849 848 746
f 746 848 745
f 746 733 836
f 850 746 836
f 849 746 850
f 850 836 837
f 850 837 851
f 851 837 838
f 749 852 841
f 749 841 739
f 841 853 843
f 841 852 853
f 843 854 845
f 843 853 854
f 846 845 855
f 855 845 854
f 856 751 847
f 847 751 741
f 752 856 743
f 743 856 847
f 848 754 745
f 857 754 848
f 758 852 749
f 852 758 760
f 852 760 853
f 853 760 761
f 858 853 761
f 854 853 858
f 855 854 859
f 854 860 859
f 854 858 860
f 862 861 860
f 860 861 859
f 763 764 862
f 764 861 862
f 764 863 861
f 863 764 751
f 864 863 751
f 856 864 751
f 863 864 865
f 766 866 752
f 866 856 752
f 866 864 856
f 767 867 766
f 766 867 866
f 867 767 868
f 767 869 868
f 767 768 869
f 768 769 869
f 869 769 870
f 857 771 754
f 871 771 857
f 776 858 761
f 858 776 777
f 858 777 860
f 860 777 778
f 860 778 862
f 862 778 763
f 872 865 864
f 872 864 866
f 872 866 873
f 873 866 867
f 873 867 874
f 874 867 868
f 779 870 769
f 779 875 870
f 871 781 771
f 876 781 871
f 784 875 779
f 784 877 875
f 879 785 878
f 785 876 878
f 785 781 876
f 880 879 878
f 786 877 784
f 786 881 877
f 882 787 879
f 879 787 785
f 879 880 883
f 879 883 882
f 788 881 786
f 788 884 881
f 885 789 882
f 882 789 787
f 882 883 886
f 882 886 885
f 790 884 788
f 790 887 884
f 888 791 885
f 885 791 789
f 885 886 889
f 885 889 888
f 792 887 790
f 792 890 887
f 892 891 888
f 891 791 888
f 891 793 791
f 892 888 889
f 794 890 792
f 794 893 890
f 891 795 793
f 894 795 891
f 796 893 794
f 796 895 893
f 894 797 795
f 896 797 894
f 798 895 796
f 798 897 895
f 896 799 797
f 898 799 896
f 800 897 798
f 800 899 897
f 898 801 799
f 900 801 898
f 802 899 800
f 802 901 899
f 900 803 801
f 902 803 900
f 805 903 804
f 903 904 804
f 904 802 804
f 904 901 802
f 902 806 803
f 905 806 902
f 908 907 906
f 910 909 906
f 910 906 907
f 912 911 909
f 912 909 910
f 913 911 912
f 808 914 807
f 903 805 807
f 914 903 807
f 915 903 914
f 904 903 916
f 916 903 915
f 905 809 806
f 917 809 905
f 908 906 918
f 908 918 919
f 811 918 810
f 918 909 810
f 918 906 909
f 810 909 812
f 812 909 911
f 913 920 911
f 920 812 911
f 920 813 812
f 814 813 920
f 814 920 921
f 815 922 914
f 815 914 808
f 914 923 915
f 914 922 923
f 916 915 924
f 924 915 923
f 917 925 809
f 809 925 816
f 918 817 919
f 817 925 919
f 817 816 925
f 817 918 811
f 818 814 926
f 814 927 926
f 814 921 927
f 926 820 818
f 930 929 928
f 932 931 928
f 932 928 929
f 934 933 931
f 934 931 932
f 826 825 933
f 934 826 933
f 935 826 934
f 815 826 922
f 826 936 922
f 826 935 936
f 922 936 923
f 923 936 937
f 923 937 924
f 927 938 926
f 926 938 820
f 938 827 820
f 938 939 827
f 827 940 828
f 939 940 827
f 928 941 830
f 940 928 830
f 828 940 830
f 930 928 940
f 942 928 931
f 941 928 942
f 832 942 833
f 942 933 833
f 942 931 933
f 833 933 825
f 941 834 830
f 834 941 835
f 835 941 942
f 835 942 832
f 943 838 839
f 840 944 839
f 839 944 943
f 944 840 945
f 840 946 945
f 840 842 946
f 947 842 844
f 947 946 842
f 844 846 947
f 947 846 948
f 949 848 849
f 850 950 849
f 849 950 949
f 851 951 850
f 850 951 950
f 838 943 851
f 943 951 851
f 943 952 951
f 953 943 944
f 952 943 953
f 944 945 954
f 944 954 953
f 855 948 846
f 855 955 948
f 957 956 949
f 956 848 949
f 956 857 848
f 957 949 950
f 957 950 958
f 958 950 951
f 958 951 959
f 959 951 952
f 959 952 960
f 960 952 953
f 960 953 961
f 961 953 954
f 962 955 855
f 962 855 859
f 963 859 861
f 963 962 859
f 964 861 863
f 964 963 861
f 863 865 964
f 964 865 965
f 967 966 869
f 869 966 868
f 869 870 967
f 967 870 968
f 956 871 857
f 969 871 956
f 970 965 865
f 970 865 872
f 971 872 873
f 971 970 872
f 972 873 874
f 972 971 873
f 874 868 966
f 874 966 972
f 875 968 870
f 875 973 968
f 969 876 871
f 974 876 969
f 877 973 875
f 877 975 973
f 974 976 876
f 876 976 878
f 880 878 976
f 880 976 977
f 881 975 877
f 881 978 975
f 977 883 880
f 979 883 977
f 884 978 881
f 884 980 978
f 979 886 883
f 981 886 979
f 887 980 884
f 887 982 980
f 981 889 886
f 983 889 981
f 890 982 887
f 890 984 982
f 986 985 892
f 892 985 891
f 892 889 983
f 892 983 986
f 893 984 890
f 893 987 984
f 985 894 891
f 988 894 985
f 895 987 893
f 895 989 987
f 988 896 894
f 990 896 988
f 897 989 895
f 897 991 989
f 990 898 896
f 992 898 990
f 899 991 897
f 899 993 991
f 992 900 898
f 994 900 992
f 901 993 899
f 901 995 993
f 994 902 900
f 996 902 994
f 904 995 901
f 904 997 995
f 996 905 902
f 998 905 996
f 1000 999 907
f 1000 907 908
f 907 1001 910
f 999 1001 907
f 910 1002 912
f 1001 1002 910
f 913 912 1002
f 913 1002 1003
f 916 997 904
f 916 1004 997
f 998 917 905
f 1005 917 998
f 919 1000 908
f 919 1006 1000
f 1003 1007 913
f 913 1007 920
f 921 920 1007
f 921 1007 1008
f 1011 1010 1009
f 1013 1012 1009
f 1013 1009 1010
f 1015 1014 1012
f 1015 1012 1013
f 1015 1004 1014
f 1004 924 1014
f 1004 916 924
f 1005 1016 917
f 917 1016 925
f 919 925 1006
f 1006 925 1016
f 1018 927 1017
f 927 1008 1017
f 927 921 1008
f 1019 1018 1017
f 1021 1020 929
f 1021 929 930
f 929 1022 932
f 1020 1022 929
f 932 1023 934
f 1022 1023 932
f 1009 935 1011
f 935 1023 1011
f 935 934 1023
f 935 1009 936
f 936 1009 1012
f 936 1012 937
f 937 1012 1014
f 937 1014 924
f 1018 938 927
f 1019 1024 1018
f 1024 938 1018
f 1024 939 938
f 939 1025 940
f 1024 1025 939
f 930 940 1021
f 1021 940 1025
f 1026 945 946
f 947 1027 946
f 946 1027 1026
f 948 1027 947
f 1028 954 1026
f 1026 954 945
f 1029 1026 1027
f 1028 1026 1029
f 955 1029 948
f 948 1029 1027
f 1031 1030 957
f 957 1030 956
f 1032 957 958
f 1032 1031 957
f 1033 958 959
f 1033 1032 958
f 1034 959 960
f 1034 1033 959
f 1035 960 961
f 1035 1034 960
f 961 954 1028
f 1036 961 1028
f 1035 961 1036
f 1036 1028 1029
f 1036 1029 1037
f 1037 1029 955
f 962 1037 955
f 1038 1037 962
f 1039 962 963
f 1039 1038 962
f 1040 963 964
f 1040 1039 963
f 964 965 1040
f 1040 965 1041
f 1042 966 967
f 968 1042 967
f 1030 969 956
f 1043 969 1030
f 1044 1041 965
f 1044 965 970
f 1045 970 971
f 1045 1044 970
f 1046 971 972
f 1046 1045 971
f 972 966 1042
f 1047 972 1042
f 1046 972 1047
f 1042 968 1047
f 968 1048 1047
f 968 973 1048
f 1043 974 969
f 1049 974 1043
f 975 1048 973
f 975 1050 1048
f 1049 1051 974
f 974 1051 976
f 977 976 1051
f 977 1051 1052
f 978 1050 975
f 978 1053 1050
f 1052 979 977
f 1054 979 1052
f 980 1053 978
f 980 1055 1053
f 1054 981 979
f 1056 981 1054
f 982 1055 980
f 982 1057 1055
f 1056 983 981
f 1058 983 1056
f 984 1057 982
f 984 1059 1057
f 1061 1060 986
f 986 1060 985
f 986 983 1058
f 986 1058 1061
f 987 1059 984
f 987 1062 1059
f 1060 988 985
f 1063 988 1060
f 989 1062 987
f 989 1064 1062
f 1063 990 988
f 1065 990 1063
f 991 1064 989
f 991 1066 1064
f 1065 992 990
f 1067 992 1065
f 993 1066 991
f 993 1068 1066
f 1067 994 992
f 1069 994 1067
f 995 1068 993
f 995 1070 1068
f 1069 996 994
f 1071 996 1069
f 997 1070 995
f 997 1072 1070
f 1071 998 996
f 1073 998 1071
f 1075 1074 999
f 1075 999 1000
f 999 1076 1001
f 1074 1076 999
f 1001 1077 1002
f 1076 1077 1001
f 1003 1002 1077
f 1003 1077 1078
f 1004 1072 997
f 1004 1079 1072
f 1081 1005 1080
f 1005 1073 1080
f 1005 998 1073
f 1080 1075 1081
f 1075 1006 1081
f 1075 1000 1006
f 1078 1082 1003
f 1003 1082 1007
f 1008 1007 1082
f 1008 1082 1083
f 1086 1085 1084
f 1010 1011 1084
f 1085 1010 1084
f 1087 1010 1085
f 1010 1088 1013
f 1087 1088 1010
f 1013 1089 1015
f 1088 1089 1013
f 1004 1015 1079
f 1079 1015 1089
f 1081 1016 1005
f 1016 1081 1006
f 1083 1090 1008
f 1008 1090 1017
f 1092 1091 1019
f 1017 1092 1019
f 1090 1092 1017
f 1093 1091 1092
f 1095 1094 1020
f 1095 1020 1021
f 1020 1096 1022
f 1094 1096 1020
f 1084 1023 1086
f 1023 1096 1086
f 1023 1022 1096
f 1023 1084 1011
f 1091 1024 1019
f 1093 1097 1091
f 1097 1024 1091
f 1097 1025 1024
f 1021 1025 1095
f 1095 1025 1097
f 1100 1099 1098
f 1102 1101 1098
f 1098 1101 1100
f 1104 1103 1102
f 1102 1103 1101
f 1106 1105 1104
f 1104 1105 1103
f 1106 1107 1105
f 1108 1030 1031
f 1108 1031 1109
f 1031 1110 1109
f 1031 1032 1110
f 1111 1032 1033
f 1111 1110 1032
f 1113 1111 1112
f 1111 1034 1112
f 1111 1033 1034
f 1035 1114 1034
f 1034 1114 1112
f 1036 1115 1035
f 1035 1115 1114
f 1115 1036 1116
f 1036 1117 1116
f 1036 1037 1117
f 1038 1098 1099
f 1117 1038 1099
f 1037 1038 1117
f 1098 1038 1039
f 1098 1039 1102
f 1102 1039 1040
f 1102 1040 1104
f 1104 1040 1041
f 1118 1104 1041
f 1106 1104 1118
f 1107 1106 1119
f 1106 1120 1119
f 1106 1118 1120
f 1120 1121 1119
f 1122 1043 1108
f 1108 1043 1030
f 1108 1109 1123
f 1108 1123 1122
f 1124 1113 1112
f 1124 1112 1114
f 1124 1114 1125
f 1125 1114 1115
f 1125 1115 1126
f 1126 1115 1116
f 1044 1118 1041
f 1118 1044 1045
f 1118 1045 1120
f 1127 1121 1120
f 1045 1127 1120
f 1046 1127 1045
f 1128 1046 1047
f 1128 1127 1046
f 1047 1048 1128
f 1128 1048 1129
f 1130 1049 1122
f 1122 1049 1043
f 1122 1123 1131
f 1122 1131 1130
f 1050 1129 1048
f 1050 1132 1129
f 1134 1051 1133
f 1051 1049 1133
f 1133 1049 1130
f 1135 1133 1130
f 1130 1131 1135
f 1051 1134 1052
f 1053 1132 1050
f 1053 1136 1132
f 1134 1133 1137
f 1137 1133 1138
f 1137 1054 1052
f 1137 1052 1134
f 1055 1136 1053
f 1055 1139 1136
f 1137 1138 1140
f 1140 1138 1141
f 1140 1056 1054
f 1140 1054 1137
f 1057 1139 1055
f 1057 1142 1139
f 1140 1141 1143
f 1143 1141 1144
f 1143 1058 1056
f 1143 1056 1140
f 1059 1142 1057
f 1059 1145 1142
f 1143 1144 1061
f 1144 1060 1061
f 1144 1146 1060
f 1143 1061 1058
f 1062 1145 1059
f 1062 1147 1145
f 1146 1063 1060
f 1148 1063 1146
f 1064 1147 1062
f 1064 1149 1147
f 1148 1065 1063
f 1150 1065 1148
f 1066 1149 1064
f 1066 1151 1149
f 1150 1067 1065
f 1152 1067 1150
f 1068 1151 1066
f 1068 1153 1151
f 1152 1069 1067
f 1154 1069 1152
f 1070 1153 1068
f 1070 1155 1153
f 1154 1071 1069
f 1156 1071 1154
f 1072 1155 1070
f 1072 1157 1155
f 1156 1073 1071
f 1158 1073 1156
f 1160 1159 1074
f 1160 1074 1075
f 1074 1161 1076
f 1159 1161 1074
f 1076 1162 1077
f 1161 1162 1076
f 1078 1077 1162
f 1078 1162 1163
f 1079 1157 1072
f 1079 1164 1157
f 1158 1165 1073
f 1073 1165 1080
f 1075 1080 1160
f 1160 1080 1165
f 1163 1166 1078
f 1078 1166 1082
f 1168 1167 1083
f 1082 1168 1083
f 1166 1168 1082
f 1169 1167 1168
f 1171 1170 1085
f 1171 1085 1086
f 1085 1172 1087
f 1170 1172 1085
f 1087 1173 1088
f 1172 1173 1087
f 1088 1174 1089
f 1173 1174 1088
f 1079 1089 1164
f 1164 1089 1174
f 1167 1090 1083
f 1169 1175 1167
f 1175 1090 1167
f 1175 1092 1090
f 1177 1176 1093
f 1092 1177 1093
f 1175 1177 1092
f 1094 1095 1176
f 1177 1094 1176
f 1178 1094 1177
f 1094 1179 1096
f 1178 1179 1094
f 1086 1096 1171
f 1171 1096 1179
f 1176 1097 1093
f 1097 1176 1095
f 1180 1099 1100
f 1101 1181 1100
f 1100 1181 1180
f 1103 1182 1101
f 1101 1182 1181
f 1105 1183 1103
f 1103 1183 1182
f 1107 1183 1105
f 1184 1109 1110
f 1184 1110 1185
f 1110 1186 1185
f 1110 1111 1186
f 1111 1113 1186
f 1186 1113 1187
f 1189 1188 1117
f 1117 1188 1116
f 1117 1099 1180
f 1190 1117 1180
f 1189 1117 1190
f 1190 1180 1181
f 1190 1181 1191
f 1191 1181 1182
f 1191 1182 1192
f 1192 1182 1183
f 1192 1183 1193
f 1193 1183 1107
f 1119 1193 1107
f 1194 1193 1119
f 1119 1121 1194
f 1194 1121 1195
f 1196 1123 1184
f 1184 1123 1109
f 1184 1185 1197
f 1184 1197 1196
f 1198 1187 1113
f 1198 1113 1124
f 1199 1124 1125
f 1199 1198 1124
f 1200 1125 1126
f 1200 1199 1125
f 1126 1116 1188
f 1126 1188 1200
f 1201 1195 1121
f 1201 1121 1127
f 1202 1127 1128
f 1202 1201 1127
f 1128 1129 1202
f 1202 1129 1203
f 1204 1131 1196
f 1196 1131 1123
f 1196 1197 1205
f 1196 1205 1204
f 1132 1203 1129
f 1132 1206 1203
f 1208 1207 1135
f 1135 1207 1133
f 1135 1131 1204
f 1209 1135 1204
f 1208 1135 1209
f 1209 1204 1205
f 1136 1206 1132
f 1136 1210 1206
f 1207 1138 1133
f 1211 1138 1207
f 1139 1210 1136
f 1139 1212 1210
f 1211 1141 1138
f 1213 1141 1211
f 1142 1212 1139
f 1142 1214 1212
f 1213 1144 1141
f 1215 1144 1213
f 1145 1214 1142
f 1145 1216 1214
f 1215 1146 1144
f 1217 1146 1215
f 1147 1216 1145
f 1147 1218 1216
f 1217 1148 1146
f 1219 1148 1217
f 1149 1218 1147
f 1149 1220 1218
f 1219 1150 1148
f 1221 1150 1219
f 1151 1220 1149
f 1151 1222 1220
f 1221 1152 1150
f 1223 1152 1221
f 1226 1225 1224
f 1228 1227 1224
f 1228 1224 1225
f 1228 1222 1227
f 1222 1153 1227
f 1222 1151 1153
f 1223 1154 1152
f 1229 1154 1223
f 1226 1224 1230
f 1226 1230 1231
f 1232 1224 1227
f 1230 1224 1232
f 1155 1232 1153
f 1153 1232 1227
f 1229 1156 1154
f 1233 1156 1229
f 1236 1235 1234
f 1238 1237 1234
f 1238 1234 1235
f 1237 1238 1231
f 1230 1237 1231
f 1239 1237 1230
f 1240 1230 1232
f 1239 1230 1240
f 1157 1240 1155
f 1155 1240 1232
f 1233 1158 1156
f 1241 1158 1233
f 1160 1242 1159
f 1243 1161 1159
f 1243 1159 1242
f 1161 1243 1244
f 1245 1161 1244
f 1162 1161 1245
f 1247 1246 1163
f 1162 1247 1163
f 1245 1247 1162
f 1249 1248 1246
f 1249 1246 1247
f 1250 1248 1249
f 1253 1252 1251
f 1251 1252 1236
f 1234 1251 1236
f 1254 1251 1234
f 1255 1234 1237
f 1254 1234 1255
f 1256 1237 1239
f 1255 1237 1256
f 1257 1239 1240
f 1256 1239 1257
f 1164 1257 1157
f 1157 1257 1240
f 1241 1258 1158
f 1158 1258 1165
f 1160 1165 1242
f 1165 1259 1242
f 1165 1258 1259
f 1242 1259 1243
f 1243 1259 1260
f 1243 1260 1244
f 1246 1166 1163
f 1166 1246 1168
f 1168 1246 1248
f 1262 1261 1169
f 1262 1169 1168
f 1250 1262 1168
f 1248 1250 1168
f 1264 1263 1261
f 1264 1261 1262
f 1266 1265 1263
f 1266 1263 1264
f 1265 1266 1253
f 1251 1265 1253
f 1267 1265 1251
f 1171 1267 1170
f 1267 1254 1170
f 1267 1251 1254
f 1170 1254 1172
f 1172 1254 1255
f 1172 1255 1173
f 1173 1255 1256
f 1173 1256 1174
f 1174 1256 1257
f 1174 1257 1164
f 1261 1175 1169
f 1175 1261 1177
f 1177 1261 1263
f 1177 1263 1178
f 1178 1263 1265
f 1178 1265 1179
f 1179 1265 1267
f 1179 1267 1171
f 1268 1185 1186
f 1187 1268 1186
f 1269 1188 1189
f 1190 1270 1189
f 1189 1270 1269
f 1191 1271 1190
f 1190 1271 1270
f 1192 1272 1191
f 1191 1272 1271
f 1193 1273 1192
f 1192 1273 1272
f 1194 1274 1193
f 1193 1274 1273
f 1195 1274 1194
f 1275 1197 1268
f 1268 1197 1185
f 1198 1276 1187
f 1276 1268 1187
f 1276 1275 1268
f 1199 1277 1198
f 1198 1277 1276
f 1200 1278 1199
f 1199 1278 1277
f 1279 1278 1200
f 1279 1200 1188
f 1280 1279 1188
f 1269 1280 1188
f 1280 1269 1270
f 1280 1270 1281
f 1281 1270 1271
f 1281 1271 1282
f 1284 1283 1282
f 1271 1284 1282
f 1272 1284 1271
f 1285 1272 1273
f 1284 1272 1285
f 1286 1273 1274
f 1285 1273 1286
f 1201 1287 1195
f 1287 1274 1195
f 1287 1286 1274
f 1202 1288 1201
f 1201 1288 1287
f 1203 1288 1202
f 1289 1205 1275
f 1275 1205 1197
f 1276 1291 1290
f 1289 1276 1290
f 1275 1276 1289
f 1291 1276 1277
f 1291 1277 1292
f 1292 1277 1278
f 1292 1278 1293
f 1293 1278 1279
f 1294 1283 1284
f 1294 1284 1285
f 1294 1285 1295
f 1295 1285 1286
f 1295 1286 1296
f 1296 1286 1287
f 1296 1287 1297
f 1299 1298 1297
f 1287 1299 1297
f 1288 1299 1287
f 1206 1299 1203
f 1203 1299 1288
f 1300 1207 1208
f 1300 1208 1301
f 1208 1302 1301
f 1208 1209 1302
f 1209 1205 1289
f 1303 1209 1289
f 1302 1209 1303
f 1303 1289 1290
f 1304 1298 1299
f 1299 1206 1304
f 1206 1305 1304
f 1206 1210 1305
f 1307 1306 1300
f 1306 1207 1300
f 1306 1211 1207
f 1307 1300 1301
f 1212 1305 1210
f 1212 1308 1305
f 1306 1213 1211
f 1309 1213 1306
f 1214 1308 1212
f 1214 1310 1308
f 1309 1215 1213
f 1311 1215 1309
f 1216 1310 1214
f 1216 1312 1310
f 1311 1217 1215
f 1313 1217 1311
f 1218 1312 1216
f 1218 1314 1312
f 1313 1219 1217
f 1315 1219 1313
f 1220 1314 1218
f 1220 1316 1314
f 1315 1221 1219
f 1317 1221 1315
f 1222 1316 1220
f 1222 1318 1316
f 1317 1223 1221
f 1319 1223 1317
f 1322 1321 1320
f 1324 1323 1320
f 1324 1320 1321
f 1326 1325 1323
f 1326 1323 1324
f 1225 1226 1325
f 1326 1225 1325
f 1327 1225 1326
f 1225 1328 1228
f 1327 1328 1225
f 1222 1228 1318
f 1318 1228 1328
f 1319 1229 1223
f 1329 1229 1319
f 1332 1331 1330
f 1334 1333 1330
f 1334 1330 1331
f 1336 1335 1333
f 1336 1333 1334
f 1338 1337 1335
f 1338 1335 1336
f 1339 1337 1338
f 1322 1320 1340
f 1322 1340 1341
f 1342 1320 1323
f 1340 1320 1342
f 1343 1323 1325
f 1342 1323 1343
f 1231 1343 1226
f 1226 1343 1325
f 1345 1233 1344
f 1233 1329 1344
f 1233 1229 1329
f 1346 1345 1344
f 1332 1330 1347
f 1332 1347 1348
f 1349 1330 1333
f 1347 1330 1349
f 1350 1333 1335
f 1349 1333 1350
f 1351 1335 1337
f 1350 1335 1351
f 1337 1339 1352
f 1353 1337 1352
f 1351 1337 1353
f 1353 1352 1341
f 1340 1353 1341
f 1354 1353 1340
f 1236 1354 1235
f 1354 1342 1235
f 1354 1340 1342
f 1235 1342 1238
f 1238 1342 1343
f 1238 1343 1231
f 1355 1241 1345
f 1345 1241 1233
f 1345 1346 1356
f 1357 1345 1356
f 1355 1345 1357
f 1359 1358 1357
f 1359 1357 1356
f 1245 1244 1358
f 1359 1245 1358
f 1360 1245 1359
f 1347 1247 1348
f 1247 1360 1348
f 1247 1245 1360
f 1247 1347 1249
f 1249 1347 1349
f 1249 1349 1250
f 1349 1361 1250
f 1349 1350 1361
f 1362 1350 1351
f 1361 1350 1362
f 1363 1351 1353
f 1362 1351 1363
f 1253 1363 1252
f 1363 1354 1252
f 1363 1353 1354
f 1252 1354 1236
f 1355 1258 1241
f 1258 1355 1259
f 1259 1355 1357
f 1259 1357 1260
f 1260 1357 1358
f 1260 1358 1244
f 1361 1262 1250
f 1262 1361 1264
f 1264 1361 1362
f 1264 1362 1266
f 1266 1362 1363
f 1266 1363 1253
f 1364 1279 1280
f 1281 1365 1280
f 1280 1365 1364
f 1282 1366 1281
f 1281 1366 1365
f 1283 1366 1282
f 1367 1290 1291
f 1367 1291 1368
f 1291 1369 1368
f 1291 1292 1369
f 1370 1292 1293
f 1370 1369 1292
f 1293 1279 1364
f 1371 1293 1364
f 1370 1293 1371
f 1371 1364 1365
f 1371 1365 1372
f 1372 1365 1366
f 1372 1366 1373
f 1373 1366 1283
f 1294 1373 1283
f 1374 1373 1294
f 1375 1294 1295
f 1375 1374 1294
f 1376 1295 1296
f 1376 1375 1295
f 1378 1376 1377
f 1376 1297 1377
f 1376 1296 1297
f 1298 1377 1297
f 1379 1301 1302
f 1303 1380 1302
f 1302 1380 1379
f 1290 1367 1303
f 1367 1380 1303
f 1367 1381 1380
f 1367 1368 1382
f 1367 1382 1381
f 1378 1377 1383
f 1378 1383 1384
f 1304 1385 1298
f 1385 1377 1298
f 1385 1383 1377
f 1305 1385 1304
f 1387 1386 1307
f 1307 1386 1306
f 1307 1301 1379
f 1388 1307 1379
f 1387 1307 1388
f 1388 1379 1380
f 1388 1380 1389
f 1389 1380 1381
f 1389 1381 1390
f 1390 1381 1382
f 1391 1384 1383
f 1391 1383 1385
f 1391 1385 1392
f 1385 1305 1392
f 1305 1393 1392
f 1305 1308 1393
f 1386 1309 1306
f 1394 1309 1386
f 1397 1396 1395
f 1399 1398 1395
f 1399 1395 1396
f 1401 1400 1398
f 1401 1398 1399
f 1403 1402 1400
f 1403 1400 1401
f 1405 1404 1402
f 1405 1402 1403
f 1407 1406 1404
f 1407 1404 1405
f 1408 1406 1407
f 1310 1393 1308
f 1310 1409 1393
f 1394 1311 1309
f 1410 1311 1394
f 1413 1412 1411
f 1415 1414 1411
f 1415 1411 1412
f 1417 1416 1414
f 1417 1414 1415
f 1416 1417 1397
f 1395 1416 1397
f 1418 1416 1395
f 1419 1395 1398
f 1418 1395 1419
f 1420 1398 1400
f 1419 1398 1420
f 1421 1400 1402
f 1420 1400 1421
f 1422 1402 1404
f 1421 1402 1422
f 1423 1404 1406
f 1422 1404 1423
f 1406 1408 1424
f 1406 1424 1423
f 1312 1409 1310
f 1312 1425 1409
f 1410 1313 1311
f 1426 1313 1410
f 1413 1411 1427
f 1413 1427 1428
f 1429 1411 1414
f 1427 1411 1429
f 1430 1414 1416
f 1429 1414 1430
f 1431 1416 1418
f 1430 1416 1431
f 1432 1418 1419
f 1431 1418 1432
f 1433 1419 1420
f 1432 1419 1433
f 1434 1420 1421
f 1433 1420 1434
f 1435 1421 1422
f 1434 1421 1435
f 1436 1422 1423
f 1435 1422 1436
f 1423 1424 1437
f 1423 1437 1436
f 1314 1425 1312
f 1314 1438 1425
f 1426 1315 1313
f 1439 1315 1426
f 1428 1427 1440
f 1428 1440 1441
f 1442 1427 1429
f 1440 1427 1442
f 1443 1429 1430
f 1442 1429 1443
f 1444 1430 1431
f 1443 1430 1444
f 1445 1431 1432
f 1444 1431 1445
f 1446 1432 1433
f 1445 1432 1446
f 1447 1433 1434
f 1446 1433 1447
f 1448 1434 1435
f 1447 1434 1448
f 1449 1435 1436
f 1448 1435 1449
f 1436 1437 1450
f 1436 1450 1449
f 1316 1438 1314
f 1316 1451 1438
f 1439 1317 1315
f 1452 1317 1439
f 1455 1454 1453
f 1453 1454 1441
f 1440 1453 1441
f 1456 1453 1440
f 1457 1440 1442
f 1456 1440 1457
f 1458 1442 1443
f 1457 1442 1458
f 1459 1443 1444
f 1458 1443 1459
f 1460 1444 1445
f 1459 1444 1460
f 1461 1445 1446
f 1460 1445 1461
f 1462 1446 1447
f 1461 1446 1462
f 1463 1447 1448
f 1462 1447 1463
f 1449 1465 1464
f 1463 1449 1464
f 1448 1449 1463
f 1465 1449 1450
f 1318 1451 1316
f 1318 1466 1451
f 1452 1319 1317
f 1467 1319 1452
f 1455 1453 1468
f 1455 1468 1469
f 1470 1453 1456
f 1468 1453 1470
f 1471 1456 1457
f 1470 1456 1471
f 1472 1457 1458
f 1471 1457 1472
f 1473 1458 1459
f 1472 1458 1473
f 1474 1459 1460
f 1473 1459 1474
f 1475 1460 1461
f 1474 1460 1475
f 1322 1475 1321
f 1475 1462 1321
f 1475 1461 1462
f 1321 1462 1324
f 1324 1462 1463
f 1464 1476 1463
f 1476 1324 1463
f 1476 1326 1324
f 1326 1477 1327
f 1476 1477 1326
f 1327 1478 1328
f 1477 1478 1327
f 1318 1328 1466
f 1466 1328 1478
f 1480 1329 1479
f 1329 1467 1479
f 1329 1319 1467
f 1482 1481 1480
f 1482 1480 1479
f 1481 1482 1469
f 1468 1481 1469
f 1483 1481 1468
f 1484 1468 1470
f 1483 1468 1484
f 1332 1484 1331
f 1484 1471 1331
f 1484 1470 1471
f 1331 1471 1334
f 1334 1471 1472
f 1334 1472 1336
f 1336 1472 1473
f 1336 1473 1338
f 1338 1473 1474
f 1474 1475 1485
f 1339 1474 1485
f 1486 1339 1485
f 1474 1339 1338
f 1475 1322 1485
f 1322 1487 1485
f 1322 1341 1487
f 1480 1344 1329
f 1344 1480 1346
f 1480 1488 1346
f 1480 1481 1488
f 1489 1481 1483
f 1488 1481 1489
f 1490 1483 1484
f 1489 1483 1490
f 1348 1490 1332
f 1332 1490 1484
f 1486 1491 1339
f 1339 1491 1352
f 1341 1352 1487
f 1487 1352 1491
f 1488 1356 1346
f 1356 1488 1359
f 1359 1488 1489
f 1359 1489 1360
f 1360 1489 1490
f 1360 1490 1348
f 1492 1368 1369
f 1370 1493 1369
f 1369 1493 1492
f 1371 1494 1370
f 1370 1494 1493
f 1372 1495 1371
f 1371 1495 1494
f 1373 1496 1372
f 1372 1496 1495
f 1374 1497 1373
f 1373 1497 1496
f 1375 1498 1374
f 1374 1498 1497
f 1376 1499 1375
f 1375 1499 1498
f 1378 1499 1376
f 1500 1382 1492
f 1492 1382 1368
f 1501 1492 1493
f 1500 1492 1501
f 1494 1503 1502
f 1501 1494 1502
f 1493 1494 1501
f 1503 1494 1495
f 1503 1495 1504
f 1504 1495 1496
f 1504 1496 1505
f 1505 1496 1497
f 1505 1497 1506
f 1506 1497 1498
f 1506 1498 1507
f 1507 1498 1499
f 1507 1499 1508
f 1499 1378 1508
f 1378 1509 1508
f 1378 1384 1509
f 1511 1510 1387
f 1387 1510 1386
f 1512 1387 1388
f 1512 1511 1387
f 1513 1388 1389
f 1513 1512 1388
f 1514 1389 1390
f 1514 1513 1389
f 1390 1382 1500
f 1515 1390 1500
f 1514 1390 1515
f 1515 1500 1501
f 1515 1501 1516
f 1516 1501 1502
f 1517 1509 1384
f 1517 1384 1391
f 1519 1517 1518
f 1517 1392 1518
f 1517 1391 1392
f 1393 1518 1392
f 1521 1394 1520
f 1394 1510 1520
f 1394 1386 1510
f 1522 1521 1520
f 1525 1524 1523
f 1527 1526 1523
f 1527 1523 1524
f 1529 1528 1526
f 1529 1526 1527
f 1396 1397 1528
f 1529 1396 1528
f 1530 1396 1529
f 1396 1531 1399
f 1530 1531 1396
f 1399 1532 1401
f 1531 1532 1399
f 1401 1533 1403
f 1532 1533 1401
f 1403 1534 1405
f 1533 1534 1403
f 1405 1535 1407
f 1534 1535 1405
f 1408 1407 1535
f 1408 1535 1536
f 1537 1519 1518
f 1518 1393 1537
f 1393 1538 1537
f 1393 1409 1538
f 1539 1410 1521
f 1521 1410 1394
f 1521 1522 1540
f 1541 1521 1540
f 1539 1521 1541
f 1543 1542 1541
f 1543 1541 1540
f 1542 1543 1525
f 1542 1525 1523
f 1413 1542 1523
f 1412 1413 1523
f 1412 1523 1415
f 1415 1523 1526
f 1415 1526 1417
f 1417 1526 1528
f 1417 1528 1397
f 1536 1424 1408
f 1544 1424 1536
f 1425 1538 1409
f 1425 1545 1538
f 1546 1426 1539
f 1539 1426 1410
f 1547 1539 1541
f 1546 1539 1547
f 1548 1541 1542
f 1547 1541 1548
f 1428 1548 1413
f 1413 1548 1542
f 1544 1437 1424
f 1549 1437 1544
f 1438 1545 1425
f 1438 1550 1545
f 1552 1551 1546
f 1551 1426 1546
f 1551 1439 1426
f 1554 1553 1552
f 1546 1554 1552
f 1547 1554 1546
f 1555 1547 1548
f 1554 1547 1555
f 1441 1555 1428
f 1428 1555 1548
f 1549 1450 1437
f 1556 1450 1549
f 1451 1550 1438
f 1451 1557 1550
f 1551 1452 1439
f 1558 1452 1551
f 1559 1553 1554
f 1455 1560 1454
f 1560 1554 1454
f 1554 1555 1454
f 1560 1559 1554
f 1454 1555 1441
f 1562 1561 1465
f 1465 1561 1464
f 1465 1450 1556
f 1465 1556 1562
f 1466 1557 1451
f 1466 1563 1557
f 1565 1467 1564
f 1467 1558 1564
f 1467 1452 1558
f 1567 1566 1565
f 1567 1565 1564
f 1567 1560 1566
f 1560 1469 1566
f 1560 1455 1469
f 1561 1568 1464
f 1464 1568 1476
f 1476 1569 1477
f 1568 1569 1476
f 1569 1571 1570
f 1478 1569 1570
f 1477 1569 1478
f 1570 1572 1478
f 1572 1466 1478
f 1572 1563 1466
f 1565 1479 1467
f 1479 1565 1482
f 1482 1565 1566
f 1482 1566 1469
f 1573 1486 1485
f 1487 1573 1485
f 1571 1574 1570
f 1570 1574 1572
f 1573 1491 1486
f 1491 1573 1487
f 1575 1502 1503
f 1504 1576 1503
f 1503 1576 1575
f 1505 1577 1504
f 1504 1577 1576
f 1506 1578 1505
f 1505 1578 1577
f 1507 1579 1506
f 1506 1579 1578
f 1508 1580 1507
f 1507 1580 1579
f 1509 1580 1508
f 1581 1510 1511
f 1512 1582 1511
f 1511 1582 1581
f 1513 1583 1512
f 1512 1583 1582
f 1514 1584 1513
f 1513 1584 1583
f 1515 1585 1514
f 1514 1585 1584
f 1516 1586 1515
f 1515 1586 1585
f 1502 1575 1516
f 1575 1586 1516
f 1575 1587 1586
f 1588 1575 1576
f 1587 1575 1588
f 1589 1576 1577
f 1588 1576 1589
f 1590 1577 1578
f 1589 1577 1590
f 1591 1578 1579
f 1590 1578 1591
f 1592 1579 1580
f 1591 1579 1592
f 1517 1593 1509
f 1593 1580 1509
f 1593 1592 1580
f 1519 1593 1517
f 1581 1520 1510
f 1520 1581 1522
f 1581 1594 1522
f 1581 1582 1594
f 1595 1582 1583
f 1594 1582 1595
f 1525 1595 1524
f 1595 1584 1524
f 1595 1583 1584
f 1524 1584 1527
f 1527 1584 1585
f 1527 1585 1529
f 1529 1585 1586
f 1529 1586 1530
f 1530 1586 1587
f 1530 1587 1531
f 1531 1587 1588
f 1531 1588 1532
f 1532 1588 1589
f 1532 1589 1533
f 1533 1589 1590
f 1533 1590 1534
f 1534 1590 1591
f 1534 1591 1535
f 1535 1591 1592
f 1592 1593 1596
f 1536 1592 1596
f 1597 1536 1596
f 1592 1536 1535
f 1596 1593 1519
f 1537 1596 1519
f 1598 1596 1537
f 1537 1538 1598
f 1598 1538 1599
f 1594 1540 1522
f 1540 1594 1543
f 1543 1594 1595
f 1543 1595 1525
f 1597 1544 1536
f 1600 1544 1597
f 1545 1599 1538
f 1545 1601 1599
f 1600 1549 1544
f 1602 1549 1600
f 1550 1601 1545
f 1550 1603 1601
f 1604 1551 1552
f 1553 1604 1552
f 1606 1556 1605
f 1556 1602 1605
f 1556 1549 1602
f 1607 1606 1605
f 1557 1603 1550
f 1557 1608 1603
f 1609 1558 1604
f 1604 1558 1551
f 1559 1610 1553
f 1610 1604 1553
f 1610 1609 1604
f 1560 1610 1559
f 1611 1561 1562
f 1556 1606 1562
f 1606 1611 1562
f 1606 1612 1611
f 1606 1607 1613
f 1614 1606 1613
f 1612 1606 1614
f 1613 1608 1614
f 1608 1563 1614
f 1608 1557 1563
f 1609 1564 1558
f 1564 1609 1567
f 1567 1609 1610
f 1567 1610 1560
f 1611 1568 1561
f 1568 1611 1569
f 1569 1611 1612
f 1569 1612 1571
f 1612 1615 1571
f 1612 1614 1615
f 1572 1615 1563
f 1563 1615 1614
f 1615 1574 1571
f 1574 1615 1572
f 1616 1597 1596
f 1598 1617 1596
f 1596 1617 1616
f 1599 1617 1598
f 1618 1600 1616
f 1616 1600 1597
f 1619 1616 1617
f 1618 1616 1619
f 1601 1619 1599
f 1599 1619 1617
f 1620 1602 1618
f 1618 1602 1600
f 1621 1618 1619
f 1620 1618 1621
f 1603 1621 1601
f 1601 1621 1619
f 1620 1605 1602
f 1605 1620 1607
f 1620 1622 1607
f 1620 1621 1622
f 1608 1622 1603
f 1603 1622 1621
f 1622 1613 1607
f 1613 1622 1608
