ply
format ascii 1.0
element vertex 1622
property float x
property float y
property float z
element face 3240
property list uchar int vertex_indices
end_header
-1.38118725 -0.21005813 -0.07142857
-1.30975868 -0.21005813 -0.14285714
-1.30975868 -0.28148670 -0.07142857
-1.30975868 -0.21005813 0.00000000
-1.38118725 -0.06720099 -0.50000000
-1.30975868 -0.06720099 -0.57142857
-1.30975868 -0.13862956 -0.50000000
-1.30975868 -0.13862956 -0.35714286
-1.38118725 -0.06720099 -0.35714286
-1.30975868 -0.13862956 -0.21428571
-1.38118725 -0.06720099 -0.21428571
-1.38118725 -0.06720099 -0.07142857
-1.30975868 -0.13862956 0.07142857
-1.38118725 -0.06720099 0.07142857
-1.30975868 -0.13862956 0.21428571
-1.38118725 -0.06720099 0.21428571
-1.30975868 -0.13862956 0.35714286
-1.38118725 -0.06720099 0.35714286
-1.30975868 -0.13862956 0.50000000
-1.38118725 -0.06720099 0.50000000
-1.30975868 -0.06720099 0.57142857
-1.30975868 0.00422758 -0.50000000
-1.30975868 0.00422758 -0.35714286
-1.30975868 0.00422758 -0.21428571
-1.30975868 0.00422758 -0.07142857
-1.30975868 0.00422758 0.07142857
-1.30975868 0.00422758 0.21428571
-1.30975868 0.00422758 0.35714286
-1.30975868 0.00422758 0.50000000
-1.23833010 -0.21005813 -0.07142857
-1.16690153 -0.06720099 -0.57142857
-1.16690153 -0.13862956 -0.50000000
-1.16690153 -0.13862956 -0.35714286
-1.16690153 -0.13862956 -0.21428571
-1.16690153 -0.13862956 -0.07142857
-1.16690153 -0.13862956 0.07142857
-1.16690153 -0.13862956 0.21428571
-1.16690153 -0.13862956 0.35714286
-1.16690153 -0.13862956 0.50000000
-1.16690153 -0.06720099 0.57142857
-1.16690153 0.00422758 -0.50000000
-1.16690153 0.00422758 -0.35714286
-1.16690153 0.00422758 -0.21428571
-1.23833010 0.07565616 -0.07142857
-1.16690153 0.07565616 -0.14285714
-1.23833010 0.07565616 0.07142857
-1.23833010 0.07565616 0.21428571
-1.23833010 0.07565616 0.35714286
-1.16690153 0.07565616 0.42857143
-1.16690153 0.00422758 0.50000000
-1.16690153 0.14708473 -0.07142857
-1.16690153 0.14708473 0.07142857
-1.23833010 0.21851330 0.21428571
-1.16690153 0.21851330 0.14285714
-1.16690153 0.21851330 0.28571429
-1.16690153 0.14708473 0.35714286
-1.16690153 0.28994187 0.21428571
-1.09547296 -0.63862956 -0.64285714
-1.02404439 -0.63862956 -0.71428571
-1.02404439 -0.71005813 -0.64285714
-1.02404439 -0.71005813 -0.50000000
-1.09547296 -0.63862956 -0.50000000
-1.02404439 -0.63862956 -0.42857143
-1.09547296 -0.49577242 -0.92857143
-1.02404439 -0.49577242 -1.00000000
-1.02404439 -0.56720099 -0.92857143
-1.02404439 -0.56720099 -0.78571429
-1.09547296 -0.49577242 -0.78571429
-1.09547296 -0.49577242 -0.64285714
-1.09547296 -0.49577242 -0.50000000
-1.02404439 -0.49577242 -0.42857143
-1.09547296 -0.49577242 0.64285714
-1.02404439 -0.49577242 0.57142857
-1.02404439 -0.56720099 0.64285714
-1.02404439 -0.49577242 0.71428571
-1.09547296 -0.35291527 -0.92857143
-1.02404439 -0.35291527 -1.00000000
-1.09547296 -0.35291527 -0.78571429
-1.09547296 -0.35291527 -0.64285714
-1.09547296 -0.35291527 -0.50000000
-1.02404439 -0.35291527 -0.42857143
-1.09547296 -0.35291527 0.64285714
-1.02404439 -0.35291527 0.57142857
-1.02404439 -0.42434384 0.78571429
-1.09547296 -0.35291527 0.78571429
-1.02404439 -0.42434384 0.92857143
-1.09547296 -0.35291527 0.92857143
-1.02404439 -0.35291527 1.00000000
-1.09547296 -0.21005813 -0.92857143
-1.02404439 -0.21005813 -1.00000000
-1.09547296 -0.21005813 -0.78571429
-1.09547296 -0.21005813 -0.64285714
-1.09547296 -0.21005813 -0.50000000
-1.02404439 -0.21005813 -0.42857143
-1.09547296 -0.21005813 0.64285714
-1.02404439 -0.21005813 0.57142857
-1.09547296 -0.21005813 0.78571429
-1.09547296 -0.21005813 0.92857143
-1.02404439 -0.21005813 1.00000000
-1.09547296 -0.06720099 -0.92857143
-1.02404439 -0.06720099 -1.00000000
-1.09547296 -0.06720099 -0.78571429
-1.09547296 -0.06720099 -0.64285714
-1.02404439 -0.13862956 -0.35714286
-1.02404439 -0.13862956 -0.21428571
-1.02404439 -0.13862956 -0.07142857
-1.02404439 -0.13862956 0.07142857
-1.02404439 -0.13862956 0.21428571
-1.02404439 -0.13862956 0.35714286
-1.02404439 -0.13862956 0.50000000
-1.09547296 -0.06720099 0.64285714
-1.02404439 -0.06720099 0.71428571
-1.02404439 -0.13862956 0.78571429
-1.02404439 -0.13862956 0.92857143
-1.09547296 0.07565616 -0.92857143
-1.02404439 0.07565616 -1.00000000
-1.09547296 0.07565616 -0.78571429
-1.09547296 0.07565616 -0.64285714
-1.09547296 0.07565616 -0.50000000
-1.09547296 0.07565616 -0.35714286
-1.09547296 0.07565616 -0.21428571
-1.09547296 0.07565616 0.50000000
-1.09547296 0.07565616 0.64285714
-1.02404439 0.07565616 0.71428571
-1.09547296 0.21851330 -0.92857143
-1.02404439 0.21851330 -1.00000000
-1.09547296 0.21851330 -0.78571429
-1.09547296 0.21851330 -0.64285714
-1.09547296 0.21851330 -0.50000000
-1.09547296 0.21851330 -0.35714286
-1.09547296 0.21851330 -0.21428571
-1.09547296 0.21851330 -0.07142857
-1.09547296 0.21851330 0.07142857
-1.09547296 0.21851330 0.35714286
-1.09547296 0.21851330 0.50000000
-1.09547296 0.21851330 0.64285714
-1.02404439 0.21851330 0.71428571
-1.09547296 0.36137044 -0.92857143
-1.02404439 0.36137044 -1.00000000
-1.09547296 0.36137044 -0.78571429
-1.09547296 0.36137044 -0.64285714
-1.09547296 0.36137044 -0.50000000
-1.09547296 0.36137044 -0.35714286
-1.09547296 0.36137044 -0.21428571
-1.02404439 0.36137044 -0.14285714
-1.02404439 0.28994187 -0.07142857
-1.02404439 0.28994187 0.07142857
-1.02404439 0.28994187 0.21428571
-1.02404439 0.28994187 0.35714286
-1.02404439 0.28994187 0.50000000
-1.02404439 0.28994187 0.64285714
-1.02404439 0.43279901 -0.92857143
-1.02404439 0.43279901 -0.78571429
-1.02404439 0.43279901 -0.64285714
-1.02404439 0.43279901 -0.50000000
-1.09547296 0.50422758 -0.35714286
-1.02404439 0.50422758 -0.42857143
-1.09547296 0.50422758 -0.21428571
-1.02404439 0.50422758 -0.14285714
-1.09547296 0.64708473 -0.35714286
-1.02404439 0.64708473 -0.42857143
-1.02404439 0.64708473 -0.28571429
-1.02404439 0.57565616 -0.21428571
-1.09547296 0.78994187 -0.35714286
-1.02404439 0.78994187 -0.42857143
-1.02404439 0.78994187 -0.28571429
-1.02404439 0.86137044 -0.35714286
-0.95261582 -0.78148670 -0.50000000
-0.88118725 -0.78148670 -0.57142857
-0.88118725 -0.85291527 -0.50000000
-0.88118725 -0.78148670 -0.42857143
-0.95261582 -0.63862956 -0.92857143
-0.88118725 -0.63862956 -1.00000000
-0.88118725 -0.71005813 -0.92857143
-0.88118725 -0.71005813 -0.78571429
-0.95261582 -0.63862956 -0.78571429
-0.88118725 -0.71005813 -0.64285714
-0.88118725 -0.71005813 -0.35714286
-0.95261582 -0.63862956 -0.35714286
-0.88118725 -0.63862956 -0.28571429
-0.95261582 -0.63862956 0.64285714
-0.88118725 -0.63862956 0.57142857
-0.88118725 -0.71005813 0.64285714
-0.88118725 -0.71005813 0.78571429
-0.95261582 -0.63862956 0.78571429
-0.88118725 -0.63862956 0.85714286
-0.88118725 -0.49577242 -1.00000000
-0.88118725 -0.56720099 -0.35714286
-0.88118725 -0.49577242 -0.42857143
-0.88118725 -0.49577242 0.57142857
-0.95261582 -0.49577242 0.78571429
-0.88118725 -0.56720099 0.92857143
-0.95261582 -0.49577242 0.92857143
-0.88118725 -0.49577242 1.00000000
-0.88118725 -0.35291527 -1.00000000
-0.88118725 -0.35291527 -0.42857143
-0.95261582 -0.35291527 0.35714286
-0.88118725 -0.35291527 0.28571429
-0.88118725 -0.42434384 0.35714286
-0.88118725 -0.42434384 0.50000000
-0.95261582 -0.35291527 0.50000000
-0.88118725 -0.35291527 1.00000000
-0.88118725 -0.21005813 -1.00000000
-0.88118725 -0.21005813 -0.42857143
-0.95261582 -0.21005813 0.07142857
-0.88118725 -0.21005813 0.00000000
-0.88118725 -0.28148670 0.07142857
-0.88118725 -0.28148670 0.21428571
-0.95261582 -0.21005813 0.21428571
-0.95261582 -0.21005813 0.35714286
-0.95261582 -0.21005813 0.50000000
-0.88118725 -0.21005813 1.00000000
-0.88118725 -0.06720099 -1.00000000
-0.88118725 -0.13862956 -0.35714286
-0.88118725 -0.13862956 -0.21428571
-0.88118725 -0.13862956 -0.07142857
-0.95261582 -0.06720099 0.78571429
-0.95261582 -0.06720099 0.92857143
-0.88118725 -0.06720099 1.00000000
-0.88118725 0.07565616 -1.00000000
-0.95261582 0.07565616 0.78571429
-0.95261582 0.07565616 0.92857143
-0.88118725 0.07565616 1.00000000
-0.88118725 0.21851330 -1.00000000
-0.95261582 0.21851330 0.78571429
-0.88118725 0.21851330 0.85714286
-0.88118725 0.14708473 0.92857143
-0.88118725 0.36137044 -1.00000000
-0.88118725 0.28994187 -0.07142857
-0.88118725 0.36137044 -0.14285714
-0.88118725 0.28994187 0.07142857
-0.88118725 0.28994187 0.21428571
-0.88118725 0.28994187 0.35714286
-0.88118725 0.28994187 0.50000000
-0.95261582 0.36137044 0.64285714
-0.88118725 0.36137044 0.57142857
-0.95261582 0.36137044 0.78571429
-0.88118725 0.36137044 0.85714286
-0.88118725 0.43279901 -0.92857143
-0.88118725 0.43279901 -0.78571429
-0.88118725 0.43279901 -0.64285714
-0.88118725 0.43279901 -0.50000000
-0.88118725 0.50422758 -0.42857143
-0.88118725 0.50422758 -0.14285714
-0.95261582 0.50422758 0.64285714
-0.88118725 0.50422758 0.57142857
-0.95261582 0.50422758 0.78571429
-0.88118725 0.50422758 0.85714286
-0.88118725 0.57565616 -0.35714286
-0.95261582 0.64708473 -0.35714286
-0.88118725 0.57565616 -0.21428571
-0.88118725 0.57565616 0.64285714
-0.88118725 0.57565616 0.78571429
-0.95261582 0.78994187 -0.35714286
-0.80975868 -0.78148670 -0.92857143
-0.73833010 -0.78148670 -1.00000000
-0.73833010 -0.85291527 -0.92857143
-0.73833010 -0.85291527 -0.78571429
-0.80975868 -0.78148670 -0.78571429
-0.73833010 -0.85291527 -0.64285714
-0.80975868 -0.78148670 -0.64285714
-0.73833010 -0.85291527 -0.50000000
-0.73833010 -0.85291527 -0.35714286
-0.80975868 -0.78148670 -0.35714286
-0.73833010 -0.78148670 -0.28571429
-0.80975868 -0.78148670 0.64285714
-0.73833010 -0.78148670 0.57142857
-0.73833010 -0.85291527 0.64285714
-0.73833010 -0.85291527 0.78571429
-0.80975868 -0.78148670 0.78571429
-0.73833010 -0.78148670 0.85714286
-0.73833010 -0.63862956 -1.00000000
-0.73833010 -0.63862956 -0.28571429
-0.73833010 -0.63862956 0.57142857
-0.73833010 -0.71005813 0.92857143
-0.80975868 -0.63862956 0.92857143
-0.73833010 -0.63862956 1.00000000
-0.73833010 -0.49577242 -1.00000000
-0.80975868 -0.49577242 -0.35714286
-0.73833010 -0.49577242 -0.28571429
-0.80975868 -0.49577242 0.50000000
-0.73833010 -0.49577242 0.42857143
-0.73833010 -0.56720099 0.50000000
-0.73833010 -0.49577242 1.00000000
-0.73833010 -0.42434384 -0.92857143
-0.80975868 -0.35291527 -0.92857143
-0.80975868 -0.35291527 -0.78571429
-0.73833010 -0.42434384 -0.78571429
-0.73833010 -0.35291527 -0.71428571
-0.80975868 -0.35291527 -0.35714286
-0.73833010 -0.42434384 -0.21428571
-0.80975868 -0.35291527 -0.21428571
-0.73833010 -0.42434384 -0.07142857
-0.80975868 -0.35291527 -0.07142857
-0.73833010 -0.42434384 0.07142857
-0.80975868 -0.35291527 0.07142857
-0.73833010 -0.42434384 0.21428571
-0.80975868 -0.35291527 0.21428571
-0.73833010 -0.42434384 0.35714286
-0.73833010 -0.35291527 1.00000000
-0.80975868 -0.21005813 -0.92857143
-0.80975868 -0.21005813 -0.78571429
-0.73833010 -0.21005813 -0.71428571
-0.80975868 -0.21005813 -0.35714286
-0.80975868 -0.21005813 -0.21428571
-0.80975868 -0.21005813 -0.07142857
-0.73833010 -0.21005813 1.00000000
-0.80975868 -0.06720099 -0.92857143
-0.80975868 -0.06720099 -0.78571429
-0.73833010 -0.06720099 -0.71428571
-0.73833010 -0.06720099 1.00000000
-0.80975868 0.07565616 -0.92857143
-0.73833010 0.07565616 -0.85714286
-0.73833010 0.00422758 -0.78571429
-0.73833010 0.07565616 1.00000000
-0.73833010 0.21851330 -1.00000000
-0.73833010 0.14708473 -0.92857143
-0.73833010 0.14708473 0.92857143
-0.73833010 0.21851330 0.85714286
-0.73833010 0.36137044 -1.00000000
-0.80975868 0.36137044 -0.07142857
-0.80975868 0.36137044 0.07142857
-0.80975868 0.36137044 0.21428571
-0.80975868 0.36137044 0.35714286
-0.80975868 0.36137044 0.50000000
-0.73833010 0.36137044 0.85714286
-0.80975868 0.50422758 -0.92857143
-0.73833010 0.50422758 -1.00000000
-0.73833010 0.50422758 -0.85714286
-0.73833010 0.43279901 -0.78571429
-0.73833010 0.43279901 -0.64285714
-0.73833010 0.43279901 -0.50000000
-0.73833010 0.50422758 -0.42857143
-0.80975868 0.50422758 -0.07142857
-0.80975868 0.50422758 0.07142857
-0.73833010 0.50422758 0.14285714
-0.73833010 0.43279901 0.21428571
-0.73833010 0.43279901 0.35714286
-0.73833010 0.43279901 0.50000000
-0.73833010 0.50422758 0.57142857
-0.73833010 0.50422758 0.85714286
-0.80975868 0.64708473 -0.92857143
-0.73833010 0.64708473 -1.00000000
-0.73833010 0.64708473 -0.85714286
-0.73833010 0.57565616 -0.35714286
-0.73833010 0.57565616 -0.21428571
-0.73833010 0.57565616 -0.07142857
-0.80975868 0.64708473 0.07142857
-0.73833010 0.64708473 0.00000000
-0.73833010 0.64708473 0.14285714
-0.80975868 0.64708473 0.64285714
-0.73833010 0.64708473 0.57142857
-0.73833010 0.64708473 0.71428571
-0.73833010 0.57565616 0.78571429
-0.73833010 0.71851330 -0.92857143
-0.80975868 0.78994187 0.07142857
-0.73833010 0.78994187 0.00000000
-0.73833010 0.78994187 0.14285714
-0.73833010 0.71851330 0.64285714
-0.73833010 0.86137044 0.07142857
-0.66690153 -0.92434384 -0.50000000
-0.59547296 -0.92434384 -0.57142857
-0.59547296 -0.99577242 -0.50000000
-0.59547296 -0.92434384 -0.42857143
-0.66690153 -0.92434384 0.64285714
-0.59547296 -0.92434384 0.57142857
-0.59547296 -0.99577242 0.64285714
-0.59547296 -0.99577242 0.78571429
-0.66690153 -0.92434384 0.78571429
-0.59547296 -0.99577242 0.92857143
-0.66690153 -0.92434384 0.92857143
-0.59547296 -0.92434384 1.00000000
-0.66690153 -0.78148670 -0.92857143
-0.66690153 -0.78148670 -0.78571429
-0.66690153 -0.78148670 -0.64285714
-0.59547296 -0.78148670 -0.57142857
-0.59547296 -0.78148670 -0.42857143
-0.66690153 -0.78148670 -0.35714286
-0.59547296 -0.78148670 0.57142857
-0.66690153 -0.78148670 0.92857143
-0.59547296 -0.78148670 1.00000000
-0.66690153 -0.63862956 -0.92857143
-0.66690153 -0.63862956 -0.78571429
-0.66690153 -0.63862956 -0.64285714
-0.59547296 -0.63862956 -0.57142857
-0.59547296 -0.71005813 -0.35714286
-0.59547296 -0.71005813 -0.21428571
-0.66690153 -0.63862956 -0.21428571
-0.59547296 -0.71005813 -0.07142857
-0.66690153 -0.63862956 -0.07142857
-0.59547296 -0.71005813 0.07142857
-0.66690153 -0.63862956 0.07142857
-0.59547296 -0.71005813 0.21428571
-0.66690153 -0.63862956 0.21428571
-0.59547296 -0.71005813 0.35714286
-0.66690153 -0.63862956 0.35714286
-0.59547296 -0.71005813 0.50000000
-0.66690153 -0.63862956 0.50000000
-0.59547296 -0.63862956 1.00000000
-0.66690153 -0.49577242 -0.92857143
-0.66690153 -0.49577242 -0.78571429
-0.66690153 -0.49577242 -0.64285714
-0.59547296 -0.49577242 -0.57142857
-0.66690153 -0.49577242 -0.21428571
-0.66690153 -0.49577242 -0.07142857
-0.66690153 -0.49577242 0.07142857
-0.66690153 -0.49577242 0.21428571
-0.66690153 -0.49577242 0.35714286
-0.59547296 -0.49577242 1.00000000
-0.59547296 -0.42434384 -0.64285714
-0.59547296 -0.35291527 -0.71428571
-0.59547296 -0.35291527 1.00000000
-0.59547296 -0.21005813 -0.71428571
-0.59547296 -0.21005813 1.00000000
-0.59547296 -0.06720099 -0.71428571
-0.59547296 -0.06720099 1.00000000
-0.59547296 0.07565616 -0.85714286
-0.59547296 0.00422758 -0.78571429
-0.59547296 0.07565616 1.00000000
-0.59547296 0.21851330 -1.00000000
-0.59547296 0.14708473 -0.92857143
-0.66690153 0.21851330 0.92857143
-0.59547296 0.21851330 1.00000000
-0.59547296 0.36137044 -1.00000000
-0.66690153 0.36137044 0.92857143
-0.59547296 0.36137044 1.00000000
-0.59547296 0.50422758 -1.00000000
-0.66690153 0.50422758 -0.78571429
-0.66690153 0.50422758 -0.64285714
-0.66690153 0.50422758 -0.50000000
-0.66690153 0.50422758 0.21428571
-0.66690153 0.50422758 0.35714286
-0.66690153 0.50422758 0.50000000
-0.66690153 0.50422758 0.92857143
-0.59547296 0.50422758 1.00000000
-0.59547296 0.64708473 -1.00000000
-0.66690153 0.64708473 -0.78571429
-0.59547296 0.64708473 -0.71428571
-0.59547296 0.57565616 -0.64285714
-0.59547296 0.57565616 -0.50000000
-0.59547296 0.57565616 -0.35714286
-0.59547296 0.57565616 -0.21428571
-0.59547296 0.57565616 -0.07142857
-0.59547296 0.64708473 0.00000000
-0.66690153 0.64708473 0.21428571
-0.66690153 0.64708473 0.35714286
-0.66690153 0.64708473 0.50000000
-0.59547296 0.57565616 0.78571429
-0.59547296 0.64708473 0.71428571
-0.59547296 0.57565616 0.92857143
-0.66690153 0.78994187 -0.92857143
-0.59547296 0.78994187 -1.00000000
-0.66690153 0.78994187 -0.78571429
-0.59547296 0.78994187 -0.71428571
-0.59547296 0.78994187 0.00000000
-0.66690153 0.78994187 0.21428571
-0.66690153 0.78994187 0.35714286
-0.59547296 0.78994187 0.42857143
-0.59547296 0.71851330 0.50000000
-0.59547296 0.71851330 0.64285714
-0.66690153 0.93279901 -0.92857143
-0.59547296 0.93279901 -1.00000000
-0.66690153 0.93279901 -0.78571429
-0.59547296 0.93279901 -0.71428571
-0.59547296 0.86137044 0.07142857
-0.59547296 0.86137044 0.21428571
-0.66690153 0.93279901 0.35714286
-0.59547296 0.93279901 0.28571429
-0.59547296 0.93279901 0.42857143
-0.59547296 1.00422758 -0.92857143
-0.59547296 1.00422758 -0.78571429
-0.59547296 1.00422758 0.35714286
-0.52404439 -0.92434384 -0.50000000
-0.45261582 -0.92434384 0.57142857
-0.45261582 -0.99577242 0.64285714
-0.45261582 -0.99577242 0.78571429
-0.45261582 -0.99577242 0.92857143
-0.45261582 -0.92434384 1.00000000
-0.52404439 -0.78148670 -0.50000000
-0.45261582 -0.78148670 0.57142857
-0.45261582 -0.78148670 1.00000000
-0.45261582 -0.63862956 -0.57142857
-0.45261582 -0.71005813 -0.50000000
-0.45261582 -0.71005813 -0.35714286
-0.45261582 -0.71005813 -0.21428571
-0.45261582 -0.71005813 -0.07142857
-0.45261582 -0.71005813 0.07142857
-0.45261582 -0.71005813 0.21428571
-0.45261582 -0.71005813 0.35714286
-0.45261582 -0.71005813 0.50000000
-0.45261582 -0.63862956 1.00000000
-0.45261582 -0.49577242 -0.57142857
-0.45261582 -0.49577242 1.00000000
-0.45261582 -0.35291527 -0.71428571
-0.45261582 -0.42434384 -0.64285714
-0.45261582 -0.35291527 1.00000000
-0.45261582 -0.21005813 -0.71428571
-0.45261582 -0.21005813 1.00000000
-0.45261582 -0.06720099 -0.71428571
-0.45261582 -0.06720099 1.00000000
-0.45261582 0.07565616 -0.85714286
-0.45261582 0.00422758 -0.78571429
-0.45261582 0.07565616 1.00000000
-0.45261582 0.21851330 -1.00000000
-0.45261582 0.14708473 -0.92857143
-0.45261582 0.21851330 1.00000000
-0.45261582 0.36137044 -1.00000000
-0.45261582 0.36137044 1.00000000
-0.45261582 0.50422758 -1.00000000
-0.45261582 0.50422758 1.00000000
-0.45261582 0.64708473 -1.00000000
-0.52404439 0.64708473 -0.64285714
-0.52404439 0.64708473 -0.50000000
-0.52404439 0.64708473 -0.35714286
-0.52404439 0.64708473 -0.21428571
-0.52404439 0.64708473 -0.07142857
-0.52404439 0.64708473 0.78571429
-0.52404439 0.64708473 0.92857143
-0.45261582 0.64708473 1.00000000
-0.45261582 0.78994187 -1.00000000
-0.52404439 0.78994187 -0.64285714
-0.52404439 0.78994187 -0.50000000
-0.52404439 0.78994187 -0.35714286
-0.52404439 0.78994187 -0.21428571
-0.52404439 0.78994187 -0.07142857
-0.52404439 0.78994187 0.50000000
-0.52404439 0.78994187 0.64285714
-0.52404439 0.78994187 0.78571429
-0.52404439 0.78994187 0.92857143
-0.45261582 0.78994187 1.00000000
-0.45261582 0.93279901 -1.00000000
-0.52404439 0.93279901 -0.64285714
-0.52404439 0.93279901 -0.50000000
-0.52404439 0.93279901 -0.35714286
-0.52404439 0.93279901 -0.21428571
-0.52404439 0.93279901 -0.07142857
-0.52404439 0.93279901 0.07142857
-0.52404439 0.93279901 0.21428571
-0.52404439 0.93279901 0.50000000
-0.52404439 0.93279901 0.64285714
-0.52404439 0.93279901 0.78571429
-0.52404439 0.93279901 0.92857143
-0.45261582 0.93279901 1.00000000
-0.52404439 1.07565616 -0.92857143
-0.45261582 1.07565616 -1.00000000
-0.52404439 1.07565616 -0.78571429
-0.52404439 1.07565616 -0.64285714
-0.52404439 1.07565616 -0.50000000
-0.45261582 1.07565616 -0.42857143
-0.45261582 1.00422758 -0.35714286
-0.45261582 1.00422758 -0.21428571
-0.45261582 1.00422758 -0.07142857
-0.45261582 1.00422758 0.07142857
-0.45261582 1.00422758 0.21428571
-0.52404439 1.07565616 0.35714286
-0.45261582 1.07565616 0.28571429
-0.45261582 1.07565616 0.42857143
-0.45261582 1.00422758 0.50000000
-0.45261582 1.00422758 0.64285714
-0.45261582 1.00422758 0.78571429
-0.45261582 1.00422758 0.92857143
-0.45261582 1.14708473 -0.92857143
-0.45261582 1.14708473 -0.78571429
-0.45261582 1.14708473 -0.64285714
-0.45261582 1.14708473 -0.50000000
-0.45261582 1.14708473 0.35714286
-0.38118725 -1.06720099 -0.78571429
-0.30975868 -1.06720099 -0.85714286
-0.30975868 -1.13862956 -0.78571429
-0.30975868 -1.06720099 -0.71428571
-0.38118725 -1.06720099 0.64285714
-0.30975868 -1.06720099 0.57142857
-0.30975868 -1.13862956 0.64285714
-0.30975868 -1.06720099 0.71428571
-0.30975868 -0.99577242 -0.78571429
-0.30975868 -0.92434384 0.57142857
-0.30975868 -0.99577242 0.78571429
-0.30975868 -0.99577242 0.92857143
-0.30975868 -0.92434384 1.00000000
-0.38118725 -0.78148670 0.21428571
-0.30975868 -0.78148670 0.14285714
-0.30975868 -0.85291527 0.21428571
-0.30975868 -0.85291527 0.35714286
-0.38118725 -0.78148670 0.35714286
-0.30975868 -0.85291527 0.50000000
-0.38118725 -0.78148670 0.50000000
-0.30975868 -0.78148670 1.00000000
-0.30975868 -0.63862956 -0.57142857
-0.30975868 -0.71005813 -0.50000000
-0.30975868 -0.71005813 -0.35714286
-0.30975868 -0.71005813 -0.21428571
-0.30975868 -0.71005813 -0.07142857
-0.30975868 -0.71005813 0.07142857
-0.30975868 -0.63862956 1.00000000
-0.30975868 -0.49577242 -0.57142857
-0.30975868 -0.49577242 1.00000000
-0.38118725 -0.35291527 -0.92857143
-0.30975868 -0.35291527 -1.00000000
-0.30975868 -0.42434384 -0.92857143
-0.30975868 -0.42434384 -0.78571429
-0.38118725 -0.35291527 -0.78571429
-0.30975868 -0.42434384 -0.64285714
-0.30975868 -0.35291527 1.00000000
-0.30975868 -0.28148670 -0.92857143
-0.38118725 -0.21005813 -0.78571429
-0.30975868 -0.21005813 -0.85714286
-0.30975868 -0.21005813 1.00000000
-0.38118725 -0.06720099 -0.78571429
-0.30975868 -0.06720099 -0.85714286
-0.30975868 -0.06720099 1.00000000
-0.30975868 0.07565616 -0.85714286
-0.30975868 0.07565616 1.00000000
-0.30975868 0.21851330 -1.00000000
-0.30975868 0.14708473 -0.92857143
-0.30975868 0.21851330 1.00000000
-0.30975868 0.36137044 -1.00000000
-0.30975868 0.36137044 1.00000000
-0.30975868 0.50422758 -1.00000000
-0.30975868 0.50422758 1.00000000
-0.30975868 0.64708473 -1.00000000
-0.30975868 0.64708473 1.00000000
-0.30975868 0.78994187 -1.00000000
-0.38118725 0.78994187 0.92857143
-0.30975868 0.71851330 0.92857143
-0.30975868 0.78994187 0.85714286
-0.30975868 0.93279901 -1.00000000
-0.38118725 0.93279901 0.78571429
-0.30975868 0.86137044 0.78571429
-0.30975868 0.93279901 0.71428571
-0.38118725 0.93279901 0.92857143
-0.30975868 1.07565616 -1.00000000
-0.38118725 1.07565616 -0.35714286
-0.38118725 1.07565616 -0.21428571
-0.38118725 1.07565616 -0.07142857
-0.38118725 1.07565616 0.07142857
-0.38118725 1.07565616 0.21428571
-0.38118725 1.07565616 0.50000000
-0.38118725 1.07565616 0.64285714
-0.30975868 1.07565616 0.71428571
-0.30975868 1.14708473 -0.92857143
-0.30975868 1.14708473 -0.78571429
-0.30975868 1.14708473 -0.64285714
-0.30975868 1.14708473 -0.50000000
-0.30975868 1.14708473 -0.35714286
-0.30975868 1.14708473 -0.21428571
-0.30975868 1.14708473 -0.07142857
-0.30975868 1.14708473 0.07142857
-0.30975868 1.14708473 0.21428571
-0.30975868 1.14708473 0.35714286
-0.30975868 1.14708473 0.50000000
-0.30975868 1.14708473 0.64285714
-0.16690153 -1.06720099 -0.85714286
-0.16690153 -1.13862956 -0.78571429
-0.16690153 -1.06720099 -0.71428571
-0.23833010 -1.06720099 0.64285714
-0.16690153 -0.99577242 -0.78571429
-0.23833010 -0.92434384 -0.21428571
-0.16690153 -0.92434384 -0.28571429
-0.16690153 -0.99577242 -0.21428571
-0.16690153 -0.92434384 -0.14285714
-0.16690153 -0.92434384 0.57142857
-0.16690153 -0.99577242 0.64285714
-0.16690153 -0.99577242 0.78571429
-0.16690153 -0.99577242 0.92857143
-0.16690153 -0.92434384 1.00000000
-0.23833010 -0.78148670 -0.21428571
-0.16690153 -0.78148670 -0.28571429
-0.16690153 -0.85291527 -0.07142857
-0.23833010 -0.78148670 -0.07142857
-0.16690153 -0.85291527 0.07142857
-0.23833010 -0.78148670 0.07142857
-0.16690153 -0.85291527 0.21428571
-0.16690153 -0.85291527 0.35714286
-0.16690153 -0.85291527 0.50000000
-0.16690153 -0.78148670 1.00000000
-0.16690153 -0.63862956 -0.57142857
-0.16690153 -0.71005813 -0.50000000
-0.16690153 -0.71005813 -0.35714286
-0.16690153 -0.63862956 1.00000000
-0.23833010 -0.49577242 -0.92857143
-0.16690153 -0.49577242 -1.00000000
-0.16690153 -0.56720099 -0.92857143
-0.16690153 -0.56720099 -0.78571429
-0.23833010 -0.49577242 -0.78571429
-0.16690153 -0.56720099 -0.64285714
-0.23833010 -0.49577242 -0.64285714
-0.16690153 -0.49577242 1.00000000
-0.16690153 -0.35291527 -1.00000000
-0.16690153 -0.35291527 1.00000000
-0.23833010 -0.21005813 -0.92857143
-0.16690153 -0.21005813 -1.00000000
-0.16690153 -0.21005813 1.00000000
-0.23833010 -0.06720099 -0.92857143
-0.16690153 -0.06720099 -1.00000000
-0.16690153 -0.06720099 1.00000000
-0.23833010 0.07565616 -0.92857143
-0.16690153 0.07565616 -1.00000000
-0.16690153 0.07565616 1.00000000
-0.16690153 0.21851330 -1.00000000
-0.16690153 0.21851330 1.00000000
-0.16690153 0.36137044 -1.00000000
-0.16690153 0.36137044 1.00000000
-0.16690153 0.50422758 -1.00000000
-0.16690153 0.50422758 1.00000000
-0.16690153 0.64708473 -1.00000000
-0.16690153 0.64708473 1.00000000
-0.16690153 0.78994187 -1.00000000
-0.16690153 0.71851330 0.92857143
-0.16690153 0.78994187 0.85714286
-0.16690153 0.93279901 -1.00000000
-0.16690153 0.86137044 0.78571429
-0.16690153 0.93279901 0.71428571
-0.16690153 1.07565616 -1.00000000
-0.23833010 1.07565616 -0.64285714
-0.16690153 1.00422758 -0.64285714
-0.16690153 1.07565616 -0.71428571
-0.23833010 1.07565616 -0.50000000
-0.16690153 1.00422758 -0.50000000
-0.23833010 1.07565616 -0.35714286
-0.16690153 1.00422758 -0.35714286
-0.16690153 1.07565616 -0.28571429
-0.16690153 1.07565616 0.71428571
-0.16690153 1.14708473 -0.92857143
-0.16690153 1.14708473 -0.78571429
-0.16690153 1.14708473 -0.21428571
-0.16690153 1.14708473 -0.07142857
-0.16690153 1.14708473 0.07142857
-0.16690153 1.14708473 0.21428571
-0.16690153 1.14708473 0.35714286
-0.16690153 1.14708473 0.50000000
-0.16690153 1.14708473 0.64285714
-0.09547296 -1.21005813 -0.78571429
-0.02404439 -1.21005813 -0.85714286
-0.02404439 -1.28148670 -0.78571429
-0.02404439 -1.28148670 -0.64285714
-0.09547296 -1.21005813 -0.64285714
-0.02404439 -1.28148670 -0.50000000
-0.09547296 -1.21005813 -0.50000000
-0.02404439 -1.21005813 -0.42857143
-0.09547296 -1.21005813 0.50000000
-0.02404439 -1.21005813 0.42857143
-0.02404439 -1.28148670 0.50000000
-0.02404439 -1.21005813 0.57142857
-0.09547296 -1.06720099 -0.92857143
-0.02404439 -1.06720099 -1.00000000
-0.02404439 -1.13862956 -0.92857143
-0.09547296 -1.06720099 -0.64285714
-0.09547296 -1.06720099 -0.50000000
-0.02404439 -1.06720099 -0.42857143
-0.09547296 -1.06720099 0.50000000
-0.02404439 -1.06720099 0.42857143
-0.02404439 -1.06720099 0.57142857
-0.09547296 -0.92434384 -0.92857143
-0.02404439 -0.92434384 -1.00000000
-0.09547296 -0.92434384 -0.78571429
-0.09547296 -0.92434384 -0.64285714
-0.09547296 -0.92434384 -0.50000000
-0.02404439 -0.99577242 -0.35714286
-0.09547296 -0.92434384 -0.35714286
-0.02404439 -0.99577242 -0.21428571
-0.02404439 -0.92434384 -0.14285714
-0.09547296 -0.92434384 0.35714286
-0.02404439 -0.92434384 0.28571429
-0.02404439 -0.99577242 0.35714286
-0.09547296 -0.92434384 0.50000000
-0.02404439 -0.99577242 0.64285714
-0.02404439 -0.99577242 0.78571429
-0.02404439 -0.99577242 0.92857143
-0.02404439 -0.92434384 1.00000000
-0.09547296 -0.78148670 -0.92857143
-0.02404439 -0.78148670 -1.00000000
-0.09547296 -0.78148670 -0.78571429
-0.09547296 -0.78148670 -0.64285714
-0.09547296 -0.78148670 -0.50000000
-0.09547296 -0.78148670 -0.35714286
-0.02404439 -0.85291527 -0.07142857
-0.02404439 -0.85291527 0.07142857
-0.02404439 -0.85291527 0.21428571
-0.02404439 -0.78148670 1.00000000
-0.09547296 -0.63862956 -0.92857143
-0.02404439 -0.63862956 -1.00000000
-0.09547296 -0.63862956 -0.78571429
-0.09547296 -0.63862956 -0.64285714
-0.02404439 -0.63862956 1.00000000
-0.02404439 -0.49577242 -1.00000000
-0.02404439 -0.49577242 1.00000000
-0.02404439 -0.35291527 -1.00000000
-0.02404439 -0.35291527 1.00000000
-0.02404439 -0.21005813 -1.00000000
-0.02404439 -0.21005813 1.00000000
-0.02404439 -0.06720099 -1.00000000
-0.02404439 -0.06720099 1.00000000
-0.02404439 0.07565616 -1.00000000
-0.02404439 0.07565616 1.00000000
-0.02404439 0.21851330 -1.00000000
-0.02404439 0.21851330 1.00000000
-0.02404439 0.36137044 -1.00000000
-0.02404439 0.36137044 1.00000000
-0.02404439 0.50422758 -1.00000000
-0.02404439 0.50422758 1.00000000
-0.02404439 0.64708473 -1.00000000
-0.02404439 0.64708473 1.00000000
-0.02404439 0.78994187 -1.00000000
-0.02404439 0.71851330 0.92857143
-0.02404439 0.78994187 0.85714286
-0.02404439 0.93279901 -1.00000000
-0.02404439 0.86137044 0.78571429
-0.02404439 0.93279901 0.71428571
-0.02404439 1.07565616 -1.00000000
-0.02404439 1.00422758 -0.64285714
-0.02404439 1.07565616 -0.71428571
-0.02404439 1.00422758 -0.50000000
-0.02404439 1.00422758 -0.35714286
-0.02404439 1.07565616 -0.28571429
-0.02404439 1.07565616 0.71428571
-0.02404439 1.14708473 -0.92857143
-0.02404439 1.14708473 -0.78571429
-0.02404439 1.14708473 -0.21428571
-0.09547296 1.21851330 -0.07142857
-0.02404439 1.21851330 -0.14285714
-0.09547296 1.21851330 0.07142857
-0.09547296 1.21851330 0.21428571
-0.09547296 1.21851330 0.35714286
-0.09547296 1.21851330 0.50000000
-0.02404439 1.21851330 0.57142857
-0.02404439 1.14708473 0.64285714
-0.02404439 1.28994187 -0.07142857
-0.02404439 1.28994187 0.07142857
-0.09547296 1.36137044 0.21428571
-0.02404439 1.36137044 0.14285714
-0.09547296 1.36137044 0.35714286
-0.02404439 1.36137044 0.42857143
-0.02404439 1.28994187 0.50000000
-0.02404439 1.43279901 0.21428571
-0.02404439 1.43279901 0.35714286
0.04738418 -1.21005813 -0.78571429
0.04738418 -1.21005813 -0.64285714
0.11881275 -1.21005813 -0.57142857
0.11881275 -1.28148670 -0.50000000
0.11881275 -1.28148670 -0.35714286
0.04738418 -1.21005813 -0.35714286
0.11881275 -1.28148670 -0.21428571
0.04738418 -1.21005813 -0.21428571
0.11881275 -1.28148670 -0.07142857
0.04738418 -1.21005813 -0.07142857
0.11881275 -1.21005813 0.00000000
0.04738418 -1.21005813 0.50000000
0.11881275 -1.06720099 -1.00000000
0.11881275 -1.13862956 -0.92857143
0.11881275 -1.13862956 -0.78571429
0.11881275 -1.13862956 -0.64285714
0.04738418 -1.06720099 -0.35714286
0.04738418 -1.06720099 -0.21428571
0.04738418 -1.06720099 -0.07142857
0.11881275 -1.06720099 0.00000000
0.04738418 -1.06720099 0.50000000
0.11881275 -0.92434384 -1.00000000
0.04738418 -0.92434384 -0.07142857
0.11881275 -0.99577242 0.07142857
0.04738418 -0.92434384 0.07142857
0.11881275 -0.99577242 0.21428571
0.04738418 -0.92434384 0.21428571
0.11881275 -0.99577242 0.35714286
0.04738418 -0.92434384 0.50000000
0.11881275 -0.92434384 0.42857143
0.04738418 -0.92434384 0.64285714
0.04738418 -0.92434384 0.78571429
0.11881275 -0.92434384 0.85714286
0.11881275 -0.99577242 0.92857143
0.11881275 -0.92434384 1.00000000
0.11881275 -0.78148670 -1.00000000
0.11881275 -0.85291527 0.50000000
0.11881275 -0.85291527 0.64285714
0.11881275 -0.85291527 0.78571429
0.11881275 -0.78148670 1.00000000
0.11881275 -0.63862956 -1.00000000
0.11881275 -0.63862956 1.00000000
0.11881275 -0.56720099 -0.92857143
0.04738418 -0.49577242 -0.92857143
0.11881275 -0.49577242 -0.85714286
0.11881275 -0.49577242 1.00000000
0.04738418 -0.35291527 -0.92857143
0.11881275 -0.35291527 -0.85714286
0.11881275 -0.35291527 1.00000000
0.04738418 -0.21005813 -0.92857143
0.11881275 -0.21005813 -0.85714286
0.11881275 -0.21005813 1.00000000
0.04738418 -0.06720099 -0.92857143
0.11881275 -0.06720099 -0.85714286
0.11881275 -0.06720099 1.00000000
0.11881275 0.07565616 -1.00000000
0.11881275 0.00422758 -0.92857143
0.11881275 0.07565616 1.00000000
0.11881275 0.21851330 -1.00000000
0.11881275 0.21851330 1.00000000
0.11881275 0.36137044 -1.00000000
0.11881275 0.36137044 1.00000000
0.11881275 0.50422758 -1.00000000
0.11881275 0.50422758 1.00000000
0.11881275 0.64708473 -1.00000000
0.11881275 0.64708473 1.00000000
0.11881275 0.78994187 -1.00000000
0.04738418 0.78994187 0.92857143
0.11881275 0.78994187 1.00000000
0.11881275 0.93279901 -1.00000000
0.04738418 0.93279901 -0.78571429
0.11881275 0.86137044 -0.78571429
0.11881275 0.93279901 -0.85714286
0.04738418 0.93279901 -0.64285714
0.11881275 0.86137044 -0.64285714
0.04738418 0.93279901 -0.50000000
0.11881275 0.86137044 -0.50000000
0.11881275 0.93279901 -0.42857143
0.04738418 0.93279901 0.78571429
0.04738418 0.93279901 0.92857143
0.11881275 0.93279901 1.00000000
0.11881275 1.07565616 -1.00000000
0.04738418 1.07565616 -0.78571429
0.11881275 1.07565616 -0.85714286
0.11881275 1.00422758 -0.35714286
0.11881275 1.07565616 -0.28571429
0.04738418 1.07565616 0.78571429
0.04738418 1.07565616 0.92857143
0.11881275 1.07565616 1.00000000
0.11881275 1.14708473 -0.92857143
0.04738418 1.21851330 -0.21428571
0.11881275 1.21851330 -0.28571429
0.04738418 1.21851330 0.21428571
0.11881275 1.14708473 0.21428571
0.11881275 1.21851330 0.14285714
0.04738418 1.21851330 0.35714286
0.11881275 1.14708473 0.35714286
0.04738418 1.21851330 0.50000000
0.11881275 1.14708473 0.50000000
0.11881275 1.14708473 0.64285714
0.11881275 1.14708473 0.78571429
0.11881275 1.14708473 0.92857143
0.11881275 1.28994187 -0.21428571
0.11881275 1.28994187 -0.07142857
0.11881275 1.28994187 0.07142857
0.04738418 1.36137044 0.21428571
0.04738418 1.36137044 0.35714286
0.19024132 -1.21005813 -0.50000000
0.19024132 -1.21005813 -0.35714286
0.26166990 -1.21005813 -0.28571429
0.26166990 -1.28148670 -0.21428571
0.26166990 -1.28148670 -0.07142857
0.26166990 -1.21005813 0.00000000
0.19024132 -1.06720099 -0.92857143
0.19024132 -1.06720099 -0.78571429
0.19024132 -1.06720099 -0.64285714
0.19024132 -1.06720099 -0.50000000
0.19024132 -1.06720099 -0.35714286
0.26166990 -1.06720099 -0.28571429
0.26166990 -1.06720099 0.00000000
0.26166990 -0.92434384 -1.00000000
0.26166990 -0.99577242 -0.92857143
0.26166990 -0.99577242 -0.78571429
0.26166990 -0.99577242 -0.64285714
0.26166990 -0.99577242 -0.50000000
0.26166990 -0.99577242 -0.35714286
0.26166990 -0.99577242 0.07142857
0.26166990 -0.99577242 0.21428571
0.26166990 -0.99577242 0.35714286
0.26166990 -0.92434384 0.42857143
0.26166990 -0.92434384 0.85714286
0.26166990 -0.99577242 0.92857143
0.26166990 -0.92434384 1.00000000
0.26166990 -0.78148670 -1.00000000
0.26166990 -0.85291527 0.50000000
0.26166990 -0.85291527 0.64285714
0.26166990 -0.85291527 0.78571429
0.26166990 -0.78148670 1.00000000
0.26166990 -0.63862956 -1.00000000
0.26166990 -0.63862956 1.00000000
0.26166990 -0.56720099 -0.92857143
0.26166990 -0.49577242 -0.85714286
0.26166990 -0.49577242 1.00000000
0.26166990 -0.35291527 -0.85714286
0.26166990 -0.35291527 1.00000000
0.26166990 -0.21005813 -0.85714286
0.26166990 -0.21005813 1.00000000
0.26166990 -0.06720099 -0.85714286
0.26166990 -0.06720099 1.00000000
0.26166990 0.07565616 -1.00000000
0.26166990 0.00422758 -0.92857143
0.26166990 0.07565616 1.00000000
0.26166990 0.21851330 -1.00000000
0.26166990 0.21851330 1.00000000
0.26166990 0.36137044 -1.00000000
0.26166990 0.36137044 1.00000000
0.26166990 0.50422758 -1.00000000
0.26166990 0.50422758 1.00000000
0.26166990 0.64708473 -1.00000000
0.26166990 0.64708473 1.00000000
0.26166990 0.78994187 -1.00000000
0.26166990 0.78994187 1.00000000
0.26166990 0.93279901 -1.00000000
0.26166990 0.86137044 -0.78571429
0.26166990 0.93279901 -0.85714286
0.26166990 0.86137044 -0.64285714
0.26166990 0.86137044 -0.50000000
0.26166990 0.93279901 -0.42857143
0.26166990 0.93279901 1.00000000
0.26166990 1.07565616 -1.00000000
0.26166990 1.07565616 -0.85714286
0.26166990 1.00422758 -0.35714286
0.26166990 1.07565616 -0.28571429
0.19024132 1.07565616 0.64285714
0.26166990 1.00422758 0.64285714
0.26166990 1.07565616 0.57142857
0.19024132 1.07565616 0.78571429
0.26166990 1.00422758 0.78571429
0.19024132 1.07565616 0.92857143
0.26166990 1.00422758 0.92857143
0.26166990 1.14708473 -0.92857143
0.26166990 1.14708473 -0.21428571
0.19024132 1.21851330 -0.21428571
0.26166990 1.21851330 -0.14285714
0.26166990 1.14708473 0.21428571
0.26166990 1.21851330 0.14285714
0.26166990 1.14708473 0.35714286
0.26166990 1.14708473 0.50000000
0.26166990 1.28994187 -0.07142857
0.26166990 1.28994187 0.07142857
0.33309847 -1.21005813 -0.21428571
0.33309847 -1.21005813 -0.07142857
0.33309847 -1.06720099 -0.21428571
0.33309847 -1.06720099 -0.07142857
0.40452704 -0.92434384 -1.00000000
0.40452704 -0.99577242 -0.92857143
0.40452704 -0.99577242 -0.78571429
0.40452704 -0.99577242 -0.64285714
0.40452704 -0.99577242 -0.50000000
0.40452704 -0.99577242 -0.35714286
0.40452704 -0.99577242 -0.21428571
0.40452704 -0.99577242 -0.07142857
0.40452704 -0.99577242 0.07142857
0.40452704 -0.99577242 0.21428571
0.40452704 -0.99577242 0.35714286
0.40452704 -0.92434384 0.42857143
0.33309847 -0.92434384 0.92857143
0.40452704 -0.78148670 -1.00000000
0.40452704 -0.85291527 0.50000000
0.40452704 -0.85291527 0.64285714
0.40452704 -0.85291527 0.78571429
0.40452704 -0.85291527 0.92857143
0.40452704 -0.78148670 1.00000000
0.40452704 -0.63862956 -1.00000000
0.40452704 -0.63862956 1.00000000
0.40452704 -0.56720099 -0.92857143
0.40452704 -0.49577242 -0.85714286
0.40452704 -0.49577242 1.00000000
0.40452704 -0.35291527 -0.85714286
0.40452704 -0.35291527 1.00000000
0.40452704 -0.21005813 -0.85714286
0.40452704 -0.21005813 1.00000000
0.40452704 -0.06720099 -0.85714286
0.40452704 -0.06720099 1.00000000
0.40452704 0.07565616 -1.00000000
0.40452704 0.00422758 -0.92857143
0.40452704 0.07565616 1.00000000
0.40452704 0.21851330 -1.00000000
0.40452704 0.21851330 1.00000000
0.40452704 0.36137044 -1.00000000
0.40452704 0.36137044 1.00000000
0.40452704 0.50422758 -1.00000000
0.40452704 0.50422758 1.00000000
0.40452704 0.64708473 -1.00000000
0.40452704 0.64708473 1.00000000
0.40452704 0.78994187 -1.00000000
0.40452704 0.78994187 1.00000000
0.40452704 0.93279901 -1.00000000
0.40452704 0.86137044 -0.78571429
0.40452704 0.93279901 -0.85714286
0.40452704 0.86137044 -0.64285714
0.40452704 0.86137044 -0.50000000
0.40452704 0.93279901 -0.42857143
0.40452704 0.93279901 1.00000000
0.40452704 1.00422758 -0.92857143
0.33309847 1.07565616 -0.92857143
0.40452704 1.00422758 -0.35714286
0.40452704 1.07565616 -0.28571429
0.33309847 1.07565616 0.50000000
0.40452704 1.00422758 0.50000000
0.40452704 1.07565616 0.42857143
0.40452704 1.00422758 0.64285714
0.40452704 1.00422758 0.78571429
0.40452704 1.00422758 0.92857143
0.40452704 1.14708473 -0.21428571
0.33309847 1.21851330 -0.07142857
0.40452704 1.14708473 -0.07142857
0.40452704 1.21851330 0.00000000
0.40452704 1.14708473 0.21428571
0.40452704 1.21851330 0.14285714
0.40452704 1.14708473 0.35714286
0.40452704 1.28994187 0.07142857
0.47595561 -1.06720099 0.07142857
0.54738418 -1.06720099 0.00000000
0.54738418 -1.13862956 0.07142857
0.54738418 -1.13862956 0.21428571
0.47595561 -1.06720099 0.21428571
0.54738418 -1.13862956 0.35714286
0.47595561 -1.06720099 0.35714286
0.54738418 -1.13862956 0.50000000
0.47595561 -1.06720099 0.50000000
0.54738418 -1.06720099 0.57142857
0.47595561 -0.92434384 -0.92857143
0.54738418 -0.92434384 -0.85714286
0.54738418 -0.99577242 -0.78571429
0.54738418 -0.99577242 -0.64285714
0.47595561 -0.92434384 -0.50000000
0.54738418 -0.92434384 -0.57142857
0.47595561 -0.92434384 -0.35714286
0.47595561 -0.92434384 -0.21428571
0.54738418 -0.92434384 -0.14285714
0.54738418 -0.99577242 -0.07142857
0.47595561 -0.92434384 0.50000000
0.54738418 -0.99577242 0.64285714
0.47595561 -0.92434384 0.64285714
0.54738418 -0.92434384 0.71428571
0.47595561 -0.78148670 -0.92857143
0.54738418 -0.78148670 -0.85714286
0.54738418 -0.85291527 -0.50000000
0.54738418 -0.85291527 -0.35714286
0.54738418 -0.85291527 -0.21428571
0.54738418 -0.85291527 0.78571429
0.54738418 -0.85291527 0.92857143
0.54738418 -0.78148670 1.00000000
0.47595561 -0.63862956 -0.92857143
0.54738418 -0.63862956 -0.85714286
0.54738418 -0.63862956 1.00000000
0.54738418 -0.49577242 -1.00000000
0.47595561 -0.49577242 -0.92857143
0.54738418 -0.56720099 -0.92857143
0.54738418 -0.49577242 1.00000000
0.47595561 -0.35291527 -0.92857143
0.54738418 -0.35291527 -1.00000000
0.54738418 -0.35291527 1.00000000
0.47595561 -0.21005813 -0.92857143
0.54738418 -0.21005813 -1.00000000
0.54738418 -0.21005813 1.00000000
0.47595561 -0.06720099 -0.92857143
0.54738418 -0.06720099 -1.00000000
0.54738418 -0.06720099 1.00000000
0.54738418 0.07565616 -1.00000000
0.54738418 0.07565616 1.00000000
0.54738418 0.21851330 -1.00000000
0.54738418 0.21851330 1.00000000
0.54738418 0.36137044 -1.00000000
0.54738418 0.36137044 1.00000000
0.54738418 0.50422758 -1.00000000
0.54738418 0.50422758 1.00000000
0.54738418 0.64708473 -1.00000000
0.54738418 0.64708473 1.00000000
0.54738418 0.78994187 -1.00000000
0.54738418 0.78994187 1.00000000
0.54738418 0.93279901 -1.00000000
0.54738418 0.86137044 -0.78571429
0.54738418 0.93279901 -0.85714286
0.54738418 0.86137044 -0.64285714
0.54738418 0.86137044 -0.50000000
0.54738418 0.93279901 -0.42857143
0.54738418 0.93279901 1.00000000
0.54738418 1.00422758 -0.92857143
0.54738418 1.00422758 -0.35714286
0.47595561 1.07565616 -0.21428571
0.54738418 1.00422758 -0.21428571
0.54738418 1.07565616 -0.14285714
0.54738418 1.00422758 0.50000000
0.54738418 1.07565616 0.42857143
0.54738418 1.00422758 0.64285714
0.54738418 1.00422758 0.78571429
0.54738418 1.00422758 0.92857143
0.54738418 1.14708473 -0.07142857
0.47595561 1.21851330 0.07142857
0.54738418 1.14708473 0.07142857
0.54738418 1.14708473 0.21428571
0.54738418 1.14708473 0.35714286
0.61881275 -1.06720099 0.07142857
0.61881275 -1.06720099 0.21428571
0.61881275 -1.06720099 0.35714286
0.61881275 -1.06720099 0.50000000
0.61881275 -0.92434384 -0.78571429
0.69024132 -0.92434384 -0.71428571
0.69024132 -0.99577242 -0.64285714
0.69024132 -0.92434384 -0.57142857
0.69024132 -0.92434384 -0.14285714
0.69024132 -0.99577242 -0.07142857
0.69024132 -0.99577242 0.07142857
0.69024132 -0.99577242 0.21428571
0.69024132 -0.99577242 0.35714286
0.69024132 -0.99577242 0.50000000
0.69024132 -0.99577242 0.64285714
0.69024132 -0.92434384 0.71428571
0.61881275 -0.78148670 -0.78571429
0.69024132 -0.78148670 -0.71428571
0.69024132 -0.85291527 -0.50000000
0.69024132 -0.85291527 -0.35714286
0.69024132 -0.85291527 -0.21428571
0.69024132 -0.85291527 0.78571429
0.69024132 -0.85291527 0.92857143
0.69024132 -0.78148670 1.00000000
0.61881275 -0.63862956 -0.78571429
0.69024132 -0.63862956 -0.71428571
0.69024132 -0.63862956 1.00000000
0.69024132 -0.49577242 -1.00000000
0.69024132 -0.56720099 -0.92857143
0.69024132 -0.56720099 -0.78571429
0.69024132 -0.49577242 1.00000000
0.69024132 -0.35291527 -1.00000000
0.69024132 -0.35291527 1.00000000
0.69024132 -0.21005813 -1.00000000
0.69024132 -0.21005813 1.00000000
0.69024132 -0.06720099 -1.00000000
0.69024132 -0.06720099 1.00000000
0.69024132 0.07565616 -1.00000000
0.69024132 0.07565616 1.00000000
0.69024132 0.21851330 -1.00000000
0.69024132 0.21851330 1.00000000
0.69024132 0.36137044 -1.00000000
0.69024132 0.36137044 1.00000000
0.69024132 0.50422758 -1.00000000
0.61881275 0.50422758 0.78571429
0.69024132 0.43279901 0.78571429
0.69024132 0.50422758 0.71428571
0.61881275 0.50422758 0.92857143
0.69024132 0.43279901 0.92857143
0.69024132 0.64708473 -1.00000000
0.61881275 0.64708473 0.78571429
0.69024132 0.64708473 0.71428571
0.61881275 0.64708473 0.92857143
0.69024132 0.78994187 -1.00000000
0.61881275 0.78994187 0.50000000
0.69024132 0.71851330 0.50000000
0.69024132 0.78994187 0.42857143
0.61881275 0.78994187 0.64285714
0.69024132 0.71851330 0.64285714
0.61881275 0.78994187 0.78571429
0.61881275 0.78994187 0.92857143
0.69024132 0.93279901 -1.00000000
0.61881275 0.93279901 -0.78571429
0.61881275 0.93279901 -0.64285714
0.69024132 0.93279901 -0.57142857
0.69024132 0.86137044 -0.50000000
0.61881275 0.93279901 -0.35714286
0.69024132 0.86137044 -0.35714286
0.61881275 0.93279901 -0.21428571
0.69024132 0.86137044 -0.21428571
0.69024132 0.93279901 -0.14285714
0.61881275 0.93279901 0.35714286
0.69024132 0.86137044 0.35714286
0.69024132 0.93279901 0.28571429
0.61881275 0.93279901 0.50000000
0.61881275 0.93279901 0.64285714
0.61881275 0.93279901 0.78571429
0.61881275 0.93279901 0.92857143
0.69024132 1.00422758 -0.92857143
0.69024132 1.00422758 -0.78571429
0.69024132 1.00422758 -0.64285714
0.61881275 1.07565616 -0.07142857
0.69024132 1.00422758 -0.07142857
0.61881275 1.07565616 0.07142857
0.69024132 1.00422758 0.07142857
0.61881275 1.07565616 0.21428571
0.69024132 1.00422758 0.21428571
0.61881275 1.07565616 0.35714286
0.76166990 -0.92434384 -0.64285714
0.76166990 -0.92434384 -0.07142857
0.76166990 -0.92434384 0.07142857
0.76166990 -0.92434384 0.21428571
0.76166990 -0.92434384 0.35714286
0.76166990 -0.92434384 0.50000000
0.76166990 -0.92434384 0.64285714
0.76166990 -0.78148670 -0.64285714
0.76166990 -0.78148670 -0.50000000
0.76166990 -0.78148670 -0.35714286
0.76166990 -0.78148670 -0.21428571
0.83309847 -0.78148670 -0.14285714
0.83309847 -0.85291527 -0.07142857
0.83309847 -0.85291527 0.07142857
0.83309847 -0.85291527 0.21428571
0.83309847 -0.78148670 0.28571429
0.76166990 -0.78148670 0.35714286
0.76166990 -0.78148670 0.50000000
0.76166990 -0.78148670 0.64285714
0.76166990 -0.78148670 0.78571429
0.76166990 -0.78148670 0.92857143
0.76166990 -0.63862956 -0.64285714
0.83309847 -0.63862956 -0.57142857
0.83309847 -0.71005813 -0.50000000
0.83309847 -0.71005813 -0.35714286
0.83309847 -0.71005813 -0.21428571
0.83309847 -0.71005813 0.35714286
0.83309847 -0.71005813 0.50000000
0.83309847 -0.71005813 0.64285714
0.83309847 -0.71005813 0.78571429
0.83309847 -0.63862956 0.85714286
0.76166990 -0.63862956 0.92857143
0.76166990 -0.49577242 -0.92857143
0.83309847 -0.49577242 -0.85714286
0.83309847 -0.56720099 -0.78571429
0.83309847 -0.56720099 -0.64285714
0.83309847 -0.56720099 0.92857143
0.83309847 -0.49577242 1.00000000
0.83309847 -0.35291527 -1.00000000
0.83309847 -0.42434384 -0.92857143
0.83309847 -0.35291527 1.00000000
0.83309847 -0.21005813 -1.00000000
0.83309847 -0.21005813 1.00000000
0.83309847 -0.06720099 -1.00000000
0.83309847 -0.06720099 1.00000000
0.83309847 0.07565616 -1.00000000
0.83309847 0.07565616 1.00000000
0.83309847 0.21851330 -1.00000000
0.83309847 0.21851330 1.00000000
0.83309847 0.36137044 -1.00000000
0.83309847 0.36137044 1.00000000
0.83309847 0.50422758 -1.00000000
0.76166990 0.50422758 0.35714286
0.83309847 0.43279901 0.35714286
0.83309847 0.50422758 0.28571429
0.76166990 0.50422758 0.50000000
0.83309847 0.43279901 0.50000000
0.76166990 0.50422758 0.64285714
0.83309847 0.43279901 0.64285714
0.83309847 0.43279901 0.78571429
0.83309847 0.43279901 0.92857143
0.83309847 0.64708473 -1.00000000
0.76166990 0.64708473 -0.35714286
0.83309847 0.57565616 -0.35714286
0.83309847 0.64708473 -0.42857143
0.76166990 0.64708473 -0.21428571
0.83309847 0.57565616 -0.21428571
0.76166990 0.64708473 -0.07142857
0.83309847 0.57565616 -0.07142857
0.76166990 0.64708473 0.07142857
0.83309847 0.57565616 0.07142857
0.83309847 0.64708473 0.14285714
0.76166990 0.64708473 0.35714286
0.83309847 0.64708473 0.28571429
0.76166990 0.64708473 0.50000000
0.76166990 0.64708473 0.64285714
0.83309847 0.71851330 -0.92857143
0.76166990 0.78994187 -0.92857143
0.83309847 0.78994187 -0.85714286
0.76166990 0.78994187 -0.35714286
0.83309847 0.78994187 -0.42857143
0.76166990 0.78994187 -0.21428571
0.76166990 0.78994187 -0.07142857
0.76166990 0.78994187 0.07142857
0.83309847 0.71851330 0.21428571
0.76166990 0.78994187 0.21428571
0.76166990 0.78994187 0.35714286
0.76166990 0.93279901 -0.92857143
0.83309847 0.86137044 -0.78571429
0.76166990 0.93279901 -0.78571429
0.76166990 0.93279901 -0.64285714
0.83309847 0.86137044 -0.64285714
0.83309847 0.86137044 -0.50000000
0.76166990 0.93279901 -0.07142857
0.76166990 0.93279901 0.07142857
0.76166990 0.93279901 0.21428571
0.90452704 -0.78148670 -0.07142857
0.90452704 -0.78148670 0.07142857
0.90452704 -0.78148670 0.21428571
0.90452704 -0.63862956 -0.50000000
0.97595561 -0.63862956 -0.42857143
0.97595561 -0.71005813 -0.35714286
0.97595561 -0.71005813 -0.21428571
0.97595561 -0.71005813 -0.07142857
0.97595561 -0.71005813 0.07142857
0.97595561 -0.71005813 0.21428571
0.97595561 -0.71005813 0.35714286
0.97595561 -0.71005813 0.50000000
0.97595561 -0.71005813 0.64285714
0.90452704 -0.63862956 0.78571429
0.97595561 -0.63862956 0.71428571
0.90452704 -0.49577242 -0.78571429
0.90452704 -0.49577242 -0.64285714
0.90452704 -0.49577242 -0.50000000
0.97595561 -0.49577242 -0.42857143
0.90452704 -0.49577242 0.78571429
0.97595561 -0.49577242 0.71428571
0.90452704 -0.49577242 0.92857143
0.97595561 -0.35291527 -1.00000000
0.97595561 -0.42434384 -0.92857143
0.97595561 -0.42434384 -0.78571429
0.97595561 -0.42434384 -0.64285714
0.97595561 -0.42434384 -0.50000000
0.97595561 -0.42434384 0.78571429
0.97595561 -0.42434384 0.92857143
0.97595561 -0.35291527 1.00000000
0.97595561 -0.21005813 -1.00000000
0.90452704 -0.21005813 -0.07142857
0.97595561 -0.28148670 -0.07142857
0.97595561 -0.21005813 -0.14285714
0.90452704 -0.21005813 0.07142857
0.97595561 -0.28148670 0.07142857
0.90452704 -0.21005813 0.21428571
0.97595561 -0.28148670 0.21428571
0.90452704 -0.21005813 0.35714286
0.97595561 -0.28148670 0.35714286
0.90452704 -0.21005813 0.50000000
0.97595561 -0.28148670 0.50000000
0.90452704 -0.21005813 0.64285714
0.97595561 -0.28148670 0.64285714
0.97595561 -0.21005813 0.71428571
0.97595561 -0.21005813 1.00000000
0.97595561 -0.06720099 -1.00000000
0.90452704 -0.06720099 -0.50000000
0.97595561 -0.13862956 -0.50000000
0.97595561 -0.06720099 -0.57142857
0.90452704 -0.06720099 -0.35714286
0.97595561 -0.13862956 -0.35714286
0.90452704 -0.06720099 -0.21428571
0.97595561 -0.13862956 -0.21428571
0.90452704 -0.06720099 -0.07142857
0.90452704 -0.06720099 0.07142857
0.90452704 -0.06720099 0.21428571
0.90452704 -0.06720099 0.35714286
0.90452704 -0.06720099 0.50000000
0.90452704 -0.06720099 0.64285714
0.97595561 -0.06720099 0.71428571
0.97595561 -0.06720099 1.00000000
0.97595561 0.07565616 -1.00000000
0.90452704 0.07565616 -0.50000000
0.97595561 0.07565616 -0.57142857
0.90452704 0.07565616 -0.35714286
0.90452704 0.07565616 -0.21428571
0.90452704 0.07565616 -0.07142857
0.90452704 0.07565616 0.07142857
0.90452704 0.07565616 0.21428571
0.90452704 0.07565616 0.35714286
0.90452704 0.07565616 0.50000000
0.90452704 0.07565616 0.64285714
0.97595561 0.07565616 0.71428571
0.97595561 0.07565616 1.00000000
0.97595561 0.21851330 -1.00000000
0.90452704 0.21851330 -0.50000000
0.97595561 0.21851330 -0.57142857
0.90452704 0.21851330 -0.35714286
0.90452704 0.21851330 -0.21428571
0.90452704 0.21851330 -0.07142857
0.90452704 0.21851330 0.07142857
0.90452704 0.21851330 0.21428571
0.90452704 0.21851330 0.35714286
0.90452704 0.21851330 0.50000000
0.90452704 0.21851330 0.64285714
0.97595561 0.21851330 0.71428571
0.97595561 0.21851330 1.00000000
0.97595561 0.36137044 -1.00000000
0.90452704 0.36137044 -0.64285714
0.97595561 0.28994187 -0.64285714
0.97595561 0.36137044 -0.71428571
0.90452704 0.36137044 -0.50000000
0.90452704 0.36137044 -0.35714286
0.90452704 0.36137044 -0.21428571
0.90452704 0.36137044 -0.07142857
0.90452704 0.36137044 0.07142857
0.90452704 0.36137044 0.21428571
0.90452704 0.36137044 0.35714286
0.90452704 0.36137044 0.50000000
0.97595561 0.36137044 0.57142857
0.97595561 0.28994187 0.64285714
0.97595561 0.36137044 1.00000000
0.97595561 0.50422758 -1.00000000
0.90452704 0.50422758 -0.64285714
0.97595561 0.50422758 -0.71428571
0.90452704 0.50422758 -0.50000000
0.90452704 0.50422758 -0.35714286
0.90452704 0.50422758 -0.21428571
0.90452704 0.50422758 -0.07142857
0.90452704 0.50422758 0.07142857
0.90452704 0.50422758 0.21428571
0.97595561 0.43279901 0.64285714
0.97595561 0.43279901 0.78571429
0.97595561 0.43279901 0.92857143
0.97595561 0.57565616 -0.92857143
0.90452704 0.64708473 -0.92857143
0.90452704 0.64708473 -0.78571429
0.97595561 0.57565616 -0.78571429
0.90452704 0.64708473 -0.64285714
0.90452704 0.64708473 -0.50000000
0.97595561 0.57565616 0.21428571
0.97595561 0.64708473 0.14285714
0.97595561 0.64708473 0.28571429
0.90452704 0.78994187 -0.78571429
0.90452704 0.78994187 -0.64285714
0.90452704 0.78994187 -0.50000000
0.97595561 0.71851330 0.21428571
1.04738418 -0.63862956 -0.35714286
1.04738418 -0.63862956 -0.21428571
1.04738418 -0.63862956 -0.07142857
1.04738418 -0.63862956 0.07142857
1.04738418 -0.63862956 0.21428571
1.04738418 -0.63862956 0.35714286
1.04738418 -0.63862956 0.50000000
1.04738418 -0.63862956 0.64285714
1.04738418 -0.49577242 -0.35714286
1.04738418 -0.49577242 -0.21428571
1.11881275 -0.49577242 -0.14285714
1.11881275 -0.56720099 -0.07142857
1.11881275 -0.56720099 0.07142857
1.11881275 -0.56720099 0.21428571
1.11881275 -0.56720099 0.35714286
1.11881275 -0.56720099 0.50000000
1.11881275 -0.56720099 0.64285714
1.11881275 -0.49577242 0.71428571
1.11881275 -0.35291527 -1.00000000
1.11881275 -0.42434384 -0.92857143
1.11881275 -0.42434384 -0.78571429
1.11881275 -0.42434384 -0.64285714
1.11881275 -0.42434384 -0.50000000
1.11881275 -0.42434384 -0.35714286
1.11881275 -0.42434384 -0.21428571
1.11881275 -0.42434384 0.78571429
1.04738418 -0.35291527 0.92857143
1.11881275 -0.35291527 0.85714286
1.11881275 -0.28148670 -0.92857143
1.04738418 -0.21005813 -0.92857143
1.11881275 -0.21005813 -0.85714286
1.04738418 -0.21005813 -0.50000000
1.11881275 -0.28148670 -0.50000000
1.11881275 -0.21005813 -0.57142857
1.04738418 -0.21005813 -0.35714286
1.11881275 -0.28148670 -0.35714286
1.04738418 -0.21005813 -0.21428571
1.11881275 -0.28148670 -0.21428571
1.11881275 -0.28148670 -0.07142857
1.11881275 -0.28148670 0.07142857
1.11881275 -0.28148670 0.21428571
1.11881275 -0.28148670 0.35714286
1.11881275 -0.28148670 0.50000000
1.11881275 -0.28148670 0.64285714
1.11881275 -0.21005813 0.71428571
1.11881275 -0.28148670 0.92857143
1.11881275 -0.21005813 1.00000000
1.04738418 -0.06720099 -0.92857143
1.11881275 -0.13862956 -0.78571429
1.04738418 -0.06720099 -0.78571429
1.04738418 -0.06720099 -0.64285714
1.11881275 -0.13862956 -0.64285714
1.11881275 -0.06720099 0.71428571
1.11881275 -0.06720099 1.00000000
1.04738418 0.07565616 -0.92857143
1.04738418 0.07565616 -0.78571429
1.04738418 0.07565616 -0.64285714
1.11881275 0.07565616 0.71428571
1.11881275 0.07565616 1.00000000
1.11881275 0.21851330 -1.00000000
1.11881275 0.14708473 -0.92857143
1.11881275 0.21851330 -0.85714286
1.04738418 0.21851330 -0.78571429
1.04738418 0.21851330 -0.64285714
1.11881275 0.21851330 0.71428571
1.11881275 0.21851330 1.00000000
1.11881275 0.36137044 -1.00000000
1.11881275 0.28994187 -0.78571429
1.11881275 0.36137044 -0.71428571
1.11881275 0.36137044 0.57142857
1.11881275 0.28994187 0.64285714
1.11881275 0.36137044 1.00000000
1.11881275 0.43279901 -0.92857143
1.04738418 0.50422758 -0.92857143
1.04738418 0.50422758 -0.78571429
1.11881275 0.43279901 -0.78571429
1.11881275 0.43279901 0.64285714
1.11881275 0.43279901 0.78571429
1.04738418 0.50422758 0.92857143
1.11881275 0.50422758 0.85714286
1.11881275 0.50422758 1.00000000
1.04738418 0.64708473 0.21428571
1.11881275 0.57565616 0.92857143
1.19024132 -0.49577242 -0.07142857
1.19024132 -0.49577242 0.07142857
1.19024132 -0.49577242 0.21428571
1.19024132 -0.49577242 0.35714286
1.19024132 -0.49577242 0.50000000
1.19024132 -0.49577242 0.64285714
1.19024132 -0.35291527 -0.92857143
1.19024132 -0.35291527 -0.78571429
1.19024132 -0.35291527 -0.64285714
1.19024132 -0.35291527 -0.50000000
1.19024132 -0.35291527 -0.35714286
1.19024132 -0.35291527 -0.21428571
1.19024132 -0.35291527 -0.07142857
1.19024132 -0.35291527 0.07142857
1.19024132 -0.35291527 0.21428571
1.19024132 -0.35291527 0.35714286
1.19024132 -0.35291527 0.50000000
1.19024132 -0.35291527 0.64285714
1.19024132 -0.35291527 0.78571429
1.19024132 -0.21005813 -0.78571429
1.19024132 -0.21005813 -0.64285714
1.26166990 -0.28148670 0.78571429
1.26166990 -0.21005813 0.71428571
1.26166990 -0.28148670 0.92857143
1.26166990 -0.21005813 1.00000000
1.26166990 -0.06720099 0.71428571
1.26166990 -0.06720099 1.00000000
1.26166990 0.07565616 0.71428571
1.26166990 0.07565616 1.00000000
1.19024132 0.21851330 -0.92857143
1.26166990 0.14708473 0.78571429
1.19024132 0.21851330 0.78571429
1.26166990 0.21851330 0.85714286
1.26166990 0.21851330 1.00000000
1.19024132 0.36137044 -0.92857143
1.19024132 0.36137044 -0.78571429
1.19024132 0.36137044 0.64285714
1.19024132 0.36137044 0.78571429
1.26166990 0.28994187 0.92857143
1.19024132 0.36137044 0.92857143
1.19024132 0.50422758 0.92857143
1.33309847 -0.21005813 0.78571429
1.33309847 -0.21005813 0.92857143
1.33309847 -0.06720099 0.78571429
1.33309847 -0.06720099 0.92857143
1.33309847 0.07565616 0.78571429
1.33309847 0.07565616 0.92857143
1.33309847 0.21851330 0.92857143
3 2 1 0
3 0 3 2
3 6 5 4
3 8 7 4
3 4 7 6
3 10 9 8
3 8 9 7
3 9 10 1
3 10 0 1
3 10 11 0
3 3 0 12
3 0 13 12
3 0 11 13
3 15 14 13
3 13 14 12
3 17 16 15
3 15 16 14
3 19 18 17
3 17 18 16
3 19 20 18
3 5 21 4
3 4 21 8
3 8 21 22
3 8 22 10
3 10 22 23
3 10 23 11
3 11 23 24
3 11 24 13
3 13 24 25
3 13 25 15
3 15 25 26
3 15 26 17
3 17 26 27
3 17 27 19
3 19 27 28
3 19 28 20
3 29 1 2
3 3 29 2
3 31 30 6
3 6 30 5
3 32 6 7
3 32 31 6
3 33 7 9
3 33 32 7
3 9 1 29
3 34 9 29
3 33 9 34
3 34 29 3
3 12 34 3
3 35 34 12
3 36 12 14
3 36 35 12
3 37 14 16
3 37 36 14
3 38 16 18
3 38 37 16
3 18 20 38
3 38 20 39
3 30 40 5
3 5 40 21
3 21 41 22
3 40 41 21
3 22 42 23
3 41 42 22
3 42 44 43
3 24 42 43
3 23 42 24
3 45 25 24
3 45 24 43
3 46 26 25
3 46 25 45
3 47 27 26
3 47 26 46
3 27 47 48
3 49 27 48
3 28 27 49
3 20 28 39
3 39 28 49
3 44 50 43
3 43 50 45
3 45 50 51
3 53 52 51
3 52 45 51
3 52 46 45
3 55 47 54
3 47 52 54
3 47 46 52
3 47 55 48
3 53 56 52
3 52 56 54
3 59 58 57
3 61 60 57
3 57 60 59
3 61 62 60
3 65 64 63
3 67 66 63
3 63 66 65
3 66 67 58
3 67 57 58
3 67 68 57
3 57 69 61
3 57 68 69
3 62 61 70
3 70 61 69
3 73 72 71
3 71 74 73
3 63 64 75
3 75 64 76
3 63 77 67
3 63 75 77
3 67 78 68
3 67 77 78
3 68 79 69
3 68 78 79
3 70 69 80
3 80 69 79
3 71 72 81
3 81 72 82
3 74 71 83
3 71 84 83
3 71 81 84
3 86 85 84
3 84 85 83
3 86 87 85
3 75 76 88
3 88 76 89
3 75 90 77
3 75 88 90
3 77 91 78
3 77 90 91
3 78 92 79
3 78 91 92
3 80 79 93
3 93 79 92
3 81 82 94
3 94 82 95
3 81 96 84
3 81 94 96
3 84 97 86
3 84 96 97
3 87 86 98
3 98 86 97
3 88 89 99
3 99 89 100
3 88 101 90
3 88 99 101
3 90 102 91
3 90 101 102
3 102 30 31
3 92 102 31
3 91 102 92
3 103 93 92
3 31 103 92
3 32 103 31
3 104 32 33
3 104 103 32
3 105 33 34
3 105 104 33
3 106 34 35
3 106 105 34
3 107 35 36
3 107 106 35
3 108 36 37
3 108 107 36
3 109 37 38
3 109 108 37
3 110 94 39
3 94 109 39
3 109 38 39
3 94 95 109
3 112 96 111
3 96 110 111
3 96 94 110
3 96 112 97
3 97 112 113
3 97 113 98
3 99 100 114
3 114 100 115
3 99 116 101
3 99 114 116
3 101 117 102
3 101 116 117
3 118 40 30
3 102 118 30
3 117 118 102
3 119 41 40
3 119 40 118
3 120 42 41
3 120 41 119
3 120 44 42
3 48 121 49
3 110 39 49
3 121 110 49
3 122 110 121
3 111 110 123
3 123 110 122
3 114 115 124
3 124 115 125
3 114 126 116
3 114 124 126
3 116 127 117
3 116 126 127
3 117 128 118
3 117 127 128
3 118 129 119
3 118 128 129
3 119 130 120
3 119 129 130
3 131 50 44
3 120 131 44
3 130 131 120
3 132 51 50
3 132 50 131
3 132 53 51
3 54 133 55
3 121 48 55
3 133 121 55
3 134 121 133
3 121 135 122
3 121 134 135
3 123 122 136
3 136 122 135
3 124 125 137
3 137 125 138
3 124 139 126
3 124 137 139
3 126 140 127
3 126 139 140
3 127 141 128
3 127 140 141
3 128 142 129
3 128 141 142
3 129 143 130
3 129 142 143
3 145 131 144
3 131 143 144
3 131 130 143
3 131 145 132
3 132 145 146
3 132 146 53
3 146 56 53
3 146 147 56
3 54 56 133
3 56 148 133
3 56 147 148
3 133 148 134
3 134 148 149
3 134 149 135
3 135 149 150
3 135 150 136
3 138 151 137
3 137 151 139
3 139 151 152
3 139 152 140
3 140 152 153
3 140 153 141
3 141 153 154
3 156 155 154
3 155 141 154
3 155 142 141
3 142 157 143
3 142 155 157
3 144 143 158
3 158 143 157
3 155 156 159
3 159 156 160
3 162 157 161
3 157 159 161
3 157 155 159
3 157 162 158
3 159 160 163
3 163 160 164
3 161 159 165
3 165 159 163
3 164 166 163
3 163 166 165
3 169 168 167
3 167 170 169
3 173 172 171
3 175 174 171
3 171 174 173
3 58 59 175
3 59 174 175
3 59 176 174
3 60 167 168
3 176 60 168
3 59 60 176
3 178 177 62
3 62 177 60
3 177 170 60
3 170 167 60
3 178 179 177
3 182 181 180
3 184 183 180
3 180 183 182
3 184 185 183
3 171 172 65
3 172 64 65
3 172 186 64
3 171 65 66
3 171 66 175
3 175 66 58
3 188 187 178
3 62 188 178
3 70 188 62
3 178 187 179
3 180 181 73
3 181 72 73
3 181 189 72
3 180 73 74
3 190 180 74
3 184 180 190
3 185 184 191
3 184 192 191
3 184 190 192
3 192 193 191
3 186 76 64
3 194 76 186
3 80 188 70
3 80 195 188
3 198 197 196
3 200 199 196
3 196 199 198
3 189 199 200
3 82 189 200
3 72 189 82
3 83 190 74
3 190 83 85
3 190 85 192
3 85 87 192
3 87 193 192
3 87 201 193
3 194 89 76
3 202 89 194
3 93 195 80
3 93 203 195
3 206 205 204
3 208 207 204
3 204 207 206
3 207 208 197
3 208 196 197
3 208 209 196
3 196 210 200
3 196 209 210
3 210 95 82
3 210 82 200
3 98 201 87
3 98 211 201
3 202 100 89
3 212 100 202
3 213 203 93
3 213 93 103
3 214 103 104
3 214 213 103
3 215 104 105
3 215 214 104
3 106 204 205
3 215 106 205
3 105 106 215
3 204 106 107
3 204 107 208
3 208 107 108
3 208 108 209
3 209 108 109
3 209 109 210
3 210 109 95
3 111 216 112
3 217 113 112
3 217 112 216
3 217 218 113
3 218 98 113
3 218 211 98
3 212 115 100
3 219 115 212
3 123 220 216
3 123 216 111
3 216 221 217
3 216 220 221
3 218 217 222
3 222 217 221
3 219 125 115
3 223 125 219
3 136 224 220
3 136 220 123
3 226 221 225
3 221 224 225
3 221 220 224
3 221 226 222
3 223 138 125
3 227 138 223
3 229 228 145
3 229 145 144
3 145 230 146
3 228 230 145
3 146 231 147
3 230 231 146
3 147 232 148
3 231 232 147
3 148 233 149
3 232 233 148
3 233 235 234
3 150 233 234
3 149 233 150
3 224 136 150
3 234 224 150
3 236 224 234
3 225 224 237
3 237 224 236
3 227 238 138
3 138 238 151
3 151 239 152
3 238 239 151
3 152 240 153
3 239 240 152
3 153 241 154
3 240 241 153
3 156 154 241
3 156 241 242
3 158 229 144
3 158 243 229
3 234 235 244
3 244 235 245
3 234 246 236
3 234 244 246
3 237 236 247
3 247 236 246
3 249 160 248
3 160 242 248
3 160 156 242
3 162 161 249
3 248 162 249
3 250 162 248
3 158 162 243
3 243 162 250
3 245 251 244
3 244 251 246
3 246 251 252
3 246 252 247
3 253 164 249
3 249 164 160
3 165 253 161
3 161 253 249
3 253 166 164
3 166 253 165
3 256 255 254
3 258 257 254
3 254 257 256
3 260 259 258
3 258 259 257
3 168 169 260
3 169 259 260
3 169 261 259
3 263 262 170
3 262 169 170
3 262 261 169
3 263 264 262
3 267 266 265
3 269 268 265
3 265 268 267
3 269 270 268
3 254 255 173
3 255 172 173
3 255 271 172
3 254 173 174
3 254 174 258
3 258 174 176
3 258 176 260
3 260 176 168
3 177 263 170
3 177 179 263
3 179 264 263
3 179 272 264
3 265 266 182
3 266 181 182
3 266 273 181
3 265 182 183
3 265 183 269
3 275 274 185
3 185 274 183
3 274 270 183
3 270 269 183
3 275 276 274
3 271 186 172
3 277 186 271
3 188 278 187
3 278 279 187
3 279 179 187
3 279 272 179
3 282 281 280
3 273 282 280
3 189 273 280
3 181 273 189
3 191 275 185
3 191 193 275
3 193 276 275
3 193 283 276
3 285 194 284
3 194 277 284
3 194 186 277
3 287 286 285
3 287 285 284
3 288 286 287
3 195 289 278
3 195 278 188
3 279 278 290
3 278 291 290
3 278 289 291
3 293 292 291
3 291 292 290
3 295 294 293
3 293 294 292
3 297 296 295
3 295 296 294
3 197 198 297
3 198 296 297
3 198 298 296
3 199 280 281
3 298 199 281
3 198 199 298
3 280 199 189
3 201 283 193
3 201 299 283
3 300 202 285
3 285 202 194
3 301 285 286
3 300 285 301
3 286 288 302
3 286 302 301
3 203 303 289
3 203 289 195
3 289 304 291
3 289 303 304
3 291 305 293
3 291 304 305
3 305 205 206
3 295 305 206
3 293 305 295
3 295 206 207
3 295 207 297
3 297 207 197
3 211 299 201
3 211 306 299
3 307 212 300
3 300 212 202
3 308 300 301
3 307 300 308
3 301 302 309
3 301 309 308
3 213 303 203
3 303 213 214
3 303 214 304
3 304 214 215
3 304 215 305
3 305 215 205
3 218 306 211
3 218 310 306
3 311 219 307
3 307 219 212
3 308 313 312
3 311 308 312
3 307 308 311
3 313 308 309
3 222 310 218
3 222 314 310
3 316 315 311
3 315 219 311
3 315 223 219
3 316 311 312
3 318 317 226
3 318 226 225
3 222 226 314
3 314 226 317
3 315 227 223
3 319 227 315
3 229 320 228
3 321 230 228
3 321 228 320
3 322 231 230
3 322 230 321
3 323 232 231
3 323 231 322
3 324 233 232
3 324 232 323
3 324 235 233
3 237 318 225
3 237 325 318
3 238 227 326
3 227 327 326
3 227 319 327
3 238 326 328
3 329 238 328
3 239 238 329
3 239 330 240
3 329 330 239
3 240 331 241
3 330 331 240
3 242 241 331
3 242 331 332
3 243 333 320
3 243 320 229
3 320 334 321
3 320 333 334
3 336 322 335
3 322 334 335
3 322 321 334
3 322 336 323
3 323 336 337
3 323 337 324
3 324 337 338
3 235 324 338
3 339 235 338
3 245 235 339
3 247 325 237
3 247 340 325
3 326 327 341
3 341 327 342
3 328 326 343
3 343 326 341
3 332 344 242
3 242 344 248
3 248 345 250
3 344 345 248
3 243 250 333
3 250 346 333
3 250 345 346
3 348 347 346
3 347 333 346
3 347 334 333
3 335 334 349
3 349 334 347
3 251 245 350
3 245 351 350
3 245 339 351
3 251 350 352
3 353 251 352
3 252 251 353
3 247 252 340
3 340 252 353
3 342 354 341
3 341 354 343
3 347 348 355
3 355 348 356
3 349 347 357
3 357 347 355
3 351 358 350
3 350 358 352
3 356 359 355
3 355 359 357
3 362 361 360
3 360 363 362
3 366 365 364
3 368 367 364
3 364 367 366
3 370 369 368
3 368 369 367
3 370 371 369
3 372 255 256
3 257 373 256
3 256 373 372
3 259 374 257
3 257 374 373
3 361 375 360
3 375 259 360
3 259 261 360
3 259 375 374
3 261 262 360
3 262 376 360
3 376 363 360
3 262 377 376
3 264 377 262
3 364 365 267
3 365 266 267
3 365 378 266
3 364 267 268
3 364 268 368
3 368 268 270
3 379 368 270
3 370 368 379
3 371 370 380
3 380 370 379
3 381 271 372
3 372 271 255
3 382 372 373
3 381 372 382
3 383 373 374
3 382 373 383
3 374 375 384
3 374 384 383
3 385 376 377
3 264 272 377
3 272 386 377
3 386 385 377
3 386 272 387
3 389 388 387
3 387 388 386
3 391 390 389
3 389 390 388
3 393 392 391
3 391 392 390
3 395 394 393
3 393 394 392
3 397 396 395
3 395 396 394
3 378 396 397
3 273 378 397
3 266 378 273
3 274 379 270
3 274 276 379
3 276 380 379
3 276 398 380
3 399 277 381
3 381 277 271
3 400 381 382
3 399 381 400
3 401 382 383
3 400 382 401
3 383 384 402
3 383 402 401
3 279 403 387
3 279 387 272
3 387 404 389
3 387 403 404
3 389 405 391
3 389 404 405
3 391 406 393
3 391 405 406
3 393 407 395
3 393 406 407
3 407 281 282
3 397 407 282
3 395 407 397
3 397 282 273
3 283 398 276
3 283 408 398
3 399 284 277
3 284 399 287
3 287 399 400
3 400 401 409
3 288 400 409
3 410 288 409
3 400 288 287
3 409 401 402
3 290 403 279
3 403 290 292
3 403 292 404
3 404 292 294
3 404 294 405
3 405 294 296
3 405 296 406
3 406 296 298
3 406 298 407
3 407 298 281
3 299 408 283
3 299 411 408
3 410 302 288
3 412 302 410
3 306 411 299
3 306 413 411
3 412 309 302
3 414 309 412
3 310 413 306
3 310 415 413
3 417 416 313
3 313 416 312
3 313 309 414
3 313 414 417
3 314 415 310
3 314 418 415
3 420 419 316
3 316 419 315
3 316 312 416
3 316 416 420
3 318 421 317
3 421 422 317
3 422 314 317
3 422 418 314
3 419 319 315
3 423 319 419
3 325 424 421
3 325 421 318
3 422 421 425
3 425 421 424
3 423 327 319
3 426 327 423
3 328 427 329
3 428 330 329
3 428 329 427
3 429 331 330
3 429 330 428
3 429 332 331
3 335 430 336
3 431 337 336
3 431 336 430
3 432 338 337
3 432 337 431
3 432 339 338
3 340 433 424
3 340 424 325
3 425 424 434
3 434 424 433
3 426 342 327
3 435 342 426
3 343 436 427
3 343 427 328
3 438 428 437
3 428 436 437
3 428 427 436
3 428 438 429
3 429 438 439
3 429 439 332
3 439 344 332
3 439 440 344
3 344 441 345
3 440 441 344
3 345 442 346
3 441 442 345
3 348 346 442
3 348 442 443
3 349 444 430
3 349 430 335
3 430 445 431
3 430 444 445
3 431 446 432
3 431 445 446
3 446 351 339
3 446 339 432
3 448 447 353
3 448 353 352
3 340 353 433
3 353 449 433
3 353 447 449
3 433 449 434
3 354 342 450
3 342 451 450
3 342 435 451
3 436 343 354
3 450 436 354
3 452 436 450
3 437 436 453
3 453 436 452
3 443 356 348
3 454 356 443
3 357 455 444
3 357 444 349
3 444 456 445
3 444 455 456
3 458 446 457
3 446 456 457
3 446 445 456
3 446 458 351
3 458 358 351
3 458 459 358
3 352 358 448
3 448 358 459
3 450 451 460
3 460 451 461
3 450 462 452
3 450 460 462
3 453 452 463
3 463 452 462
3 454 464 356
3 356 464 359
3 357 359 455
3 359 465 455
3 359 464 465
3 467 466 465
3 466 455 465
3 466 456 455
3 457 456 468
3 468 456 466
3 461 469 460
3 460 469 462
3 462 469 470
3 462 470 463
3 467 471 466
3 466 471 468
3 472 361 362
3 363 472 362
3 474 473 366
3 366 473 365
3 475 366 367
3 475 474 366
3 476 367 369
3 476 475 367
3 369 371 476
3 476 371 477
3 478 375 472
3 472 375 361
3 376 478 363
3 363 478 472
3 473 378 365
3 479 378 473
3 380 477 371
3 380 480 477
3 482 481 478
3 481 375 478
3 481 384 375
3 482 478 376
3 385 482 376
3 483 482 385
3 484 385 386
3 484 483 385
3 485 386 388
3 485 484 386
3 486 388 390
3 486 485 388
3 487 390 392
3 487 486 390
3 488 392 394
3 488 487 392
3 489 394 396
3 489 488 394
3 396 378 479
3 396 479 489
3 398 480 380
3 398 490 480
3 481 402 384
3 491 402 481
3 408 490 398
3 408 492 490
3 494 493 409
3 409 493 410
3 409 402 491
3 409 491 494
3 411 492 408
3 411 495 492
3 493 412 410
3 496 412 493
3 413 495 411
3 413 497 495
3 496 414 412
3 498 414 496
3 415 497 413
3 415 499 497
3 501 500 417
3 417 500 416
3 417 414 498
3 417 498 501
3 418 499 415
3 418 502 499
3 504 503 420
3 420 503 419
3 420 416 500
3 420 500 504
3 422 502 418
3 422 505 502
3 503 423 419
3 506 423 503
3 425 505 422
3 425 507 505
3 506 426 423
3 508 426 506
3 434 507 425
3 434 509 507
3 508 435 426
3 510 435 508
3 437 511 438
3 512 439 438
3 512 438 511
3 513 440 439
3 513 439 512
3 514 441 440
3 514 440 513
3 515 442 441
3 515 441 514
3 515 443 442
3 448 516 447
3 517 449 447
3 517 447 516
3 517 518 449
3 518 434 449
3 518 509 434
3 510 451 435
3 519 451 510
3 453 520 511
3 453 511 437
3 511 521 512
3 511 520 521
3 512 522 513
3 512 521 522
3 513 523 514
3 513 522 523
3 514 524 515
3 514 523 524
3 524 454 443
3 524 443 515
3 457 525 458
3 526 459 458
3 526 458 525
3 516 448 459
3 526 516 459
3 527 516 526
3 516 528 517
3 516 527 528
3 518 517 529
3 529 517 528
3 519 461 451
3 530 461 519
3 463 531 520
3 463 520 453
3 520 532 521
3 520 531 532
3 521 533 522
3 521 532 533
3 522 534 523
3 522 533 534
3 523 535 524
3 523 534 535
3 536 464 454
3 524 536 454
3 535 536 524
3 537 465 464
3 537 464 536
3 537 467 465
3 468 538 525
3 468 525 457
3 525 539 526
3 525 538 539
3 526 540 527
3 526 539 540
3 527 541 528
3 527 540 541
3 529 528 542
3 542 528 541
3 469 461 543
3 461 544 543
3 461 530 544
3 545 470 469
3 545 469 543
3 531 463 470
3 545 531 470
3 546 531 545
3 531 547 532
3 531 546 547
3 549 533 548
3 533 547 548
3 533 532 547
3 533 549 534
3 534 549 550
3 534 550 535
3 535 550 551
3 535 551 536
3 536 551 552
3 536 552 537
3 537 552 553
3 553 555 554
3 553 554 471
3 537 553 471
3 467 537 471
3 554 556 471
3 471 556 468
3 556 557 468
3 557 538 468
3 538 557 539
3 539 557 558
3 539 558 540
3 540 558 559
3 540 559 541
3 541 559 560
3 541 560 542
3 544 561 543
3 543 561 545
3 545 561 562
3 545 562 546
3 546 562 563
3 546 563 547
3 547 563 564
3 547 564 548
3 555 565 554
3 554 565 556
3 568 567 566
3 566 569 568
3 572 571 570
3 570 573 572
3 567 574 566
3 566 574 569
3 570 571 474
3 571 473 474
3 571 575 473
3 576 573 570
3 474 576 570
3 475 576 474
3 577 475 476
3 577 576 475
3 476 477 577
3 577 477 578
3 581 580 579
3 583 582 579
3 579 582 581
3 585 584 583
3 583 584 582
3 575 584 585
3 479 575 585
3 473 575 479
3 480 578 477
3 480 586 578
3 588 587 482
3 482 587 481
3 589 482 483
3 589 588 482
3 590 483 484
3 590 589 483
3 591 484 485
3 591 590 484
3 592 485 486
3 592 591 485
3 487 579 580
3 592 487 580
3 486 487 592
3 579 487 488
3 579 488 583
3 583 488 489
3 583 489 585
3 585 489 479
3 490 586 480
3 490 593 586
3 587 491 481
3 594 491 587
3 492 593 490
3 492 595 593
3 598 597 596
3 600 599 596
3 596 599 598
3 493 494 600
3 494 599 600
3 494 601 599
3 494 491 594
3 494 594 601
3 495 595 492
3 495 602 595
3 597 603 596
3 605 604 603
3 604 596 603
3 604 600 596
3 604 496 493
3 604 493 600
3 497 602 495
3 497 606 602
3 604 605 607
3 607 605 608
3 607 498 496
3 607 496 604
3 499 606 497
3 499 609 606
3 607 608 501
3 608 500 501
3 608 610 500
3 607 501 498
3 502 609 499
3 502 611 609
3 613 612 504
3 504 612 503
3 504 500 610
3 504 610 613
3 505 611 502
3 505 614 611
3 612 506 503
3 615 506 612
3 507 614 505
3 507 616 614
3 615 508 506
3 617 508 615
3 509 616 507
3 509 618 616
3 617 510 508
3 619 510 617
3 518 618 509
3 518 620 618
3 619 519 510
3 621 519 619
3 624 623 622
3 623 620 622
3 620 529 622
3 620 518 529
3 621 530 519
3 625 530 621
3 628 627 626
3 626 627 624
3 622 626 624
3 629 626 622
3 542 629 529
3 529 629 622
3 625 544 530
3 630 544 625
3 548 631 549
3 632 550 549
3 632 549 631
3 633 551 550
3 633 550 632
3 634 552 551
3 634 551 633
3 635 553 552
3 635 552 634
3 635 555 553
3 556 636 557
3 637 558 557
3 637 557 636
3 638 628 626
3 558 638 626
3 559 558 626
3 638 558 637
3 559 626 560
3 560 626 629
3 560 629 542
3 630 639 544
3 544 639 561
3 561 640 562
3 639 640 561
3 562 641 563
3 640 641 562
3 563 642 564
3 641 642 563
3 548 564 631
3 564 643 631
3 564 642 643
3 631 643 632
3 632 643 644
3 632 644 633
3 633 644 645
3 633 645 634
3 634 645 646
3 634 646 635
3 635 646 647
3 635 647 555
3 647 565 555
3 647 648 565
3 556 565 636
3 565 649 636
3 565 648 649
3 636 649 637
3 637 649 650
3 637 650 638
3 652 651 568
3 568 651 567
3 568 569 652
3 652 569 653
3 654 571 572
3 573 654 572
3 651 655 567
3 567 655 574
3 569 574 653
3 653 574 655
3 658 657 656
3 656 659 658
3 661 660 654
3 660 571 654
3 660 575 571
3 661 654 573
3 576 661 573
3 662 661 576
3 663 576 577
3 663 662 576
3 577 578 663
3 663 578 664
3 656 657 665
3 665 657 666
3 659 656 667
3 656 668 667
3 656 665 668
3 670 669 668
3 668 669 667
3 580 581 670
3 581 669 670
3 581 671 669
3 672 581 582
3 672 671 581
3 673 582 584
3 673 672 582
3 584 575 660
3 584 660 673
3 586 664 578
3 586 674 664
3 676 675 588
3 588 675 587
3 677 588 589
3 677 676 588
3 590 665 666
3 677 590 666
3 589 590 677
3 665 590 591
3 665 591 668
3 668 591 592
3 668 592 670
3 670 592 580
3 593 674 586
3 593 678 674
3 681 680 679
3 683 682 679
3 679 682 681
3 685 684 683
3 683 684 682
3 675 684 685
3 594 675 685
3 587 675 594
3 595 678 593
3 595 686 678
3 679 680 598
3 680 597 598
3 680 687 597
3 679 598 599
3 679 599 683
3 683 599 601
3 683 601 685
3 685 601 594
3 602 686 595
3 602 688 686
3 603 597 689
3 597 690 689
3 597 687 690
3 689 605 603
3 606 688 602
3 606 691 688
3 689 690 692
3 692 690 693
3 692 608 605
3 692 605 689
3 609 691 606
3 609 694 691
3 692 693 695
3 695 693 696
3 695 610 608
3 695 608 692
3 611 694 609
3 611 697 694
3 695 696 613
3 696 612 613
3 696 698 612
3 695 613 610
3 614 697 611
3 614 699 697
3 698 615 612
3 700 615 698
3 616 699 614
3 616 701 699
3 700 617 615
3 702 617 700
3 618 701 616
3 618 703 701
3 702 619 617
3 704 619 702
3 620 703 618
3 620 705 703
3 704 621 619
3 706 621 704
3 708 707 623
3 708 623 624
3 620 623 705
3 705 623 707
3 706 625 621
3 709 625 706
3 711 710 627
3 711 627 628
3 624 627 708
3 708 627 710
3 709 630 625
3 712 630 709
3 715 714 713
3 717 716 713
3 717 713 714
3 719 718 716
3 719 716 717
3 720 718 719
3 638 711 628
3 638 721 711
3 712 722 630
3 630 722 639
3 639 723 640
3 722 723 639
3 713 641 715
3 641 723 715
3 641 640 723
3 641 713 642
3 642 713 716
3 642 716 643
3 643 716 718
3 720 724 718
3 724 643 718
3 724 644 643
3 644 725 645
3 724 725 644
3 645 726 646
3 725 726 645
3 646 727 647
3 726 727 646
3 647 728 648
3 727 728 647
3 648 729 649
3 728 729 648
3 649 730 650
3 729 730 649
3 638 650 721
3 721 650 730
3 733 732 731
3 735 734 731
3 731 734 733
3 737 736 735
3 735 736 734
3 737 738 736
3 741 740 739
3 739 742 741
3 745 744 743
3 745 743 732
3 732 743 731
3 743 651 731
3 651 652 731
3 731 652 653
3 746 731 653
3 735 731 746
3 735 747 737
3 735 746 747
3 738 737 748
3 748 737 747
3 739 740 749
3 749 740 750
3 742 739 751
3 751 739 749
3 743 744 752
3 752 744 753
3 754 655 651
3 743 754 651
3 752 754 743
3 746 653 655
3 754 746 655
3 755 746 754
3 746 756 747
3 746 755 756
3 748 747 757
3 747 758 757
3 747 756 758
3 657 658 758
3 658 757 758
3 658 759 757
3 658 659 759
3 759 659 760
3 763 762 761
3 763 761 750
3 761 749 750
3 761 764 749
3 661 765 660
3 765 749 660
3 749 764 660
3 749 765 751
3 766 661 662
3 766 765 661
3 767 662 663
3 767 766 662
3 663 664 767
3 767 664 768
3 752 753 769
3 769 753 770
3 752 771 754
3 752 769 771
3 754 772 755
3 754 771 772
3 755 773 756
3 755 772 773
3 756 774 758
3 756 773 774
3 774 666 657
3 774 657 758
3 775 760 659
3 775 659 667
3 776 667 669
3 776 775 667
3 777 669 671
3 777 776 669
3 672 761 762
3 777 672 762
3 671 672 777
3 761 672 673
3 761 673 764
3 764 673 660
3 674 768 664
3 674 778 768
3 769 770 779
3 779 770 780
3 769 781 771
3 769 779 781
3 771 782 772
3 771 781 782
3 782 675 676
3 773 782 676
3 772 782 773
3 773 676 677
3 773 677 774
3 774 677 666
3 678 778 674
3 678 783 778
3 779 780 681
3 780 680 681
3 780 784 680
3 779 681 682
3 779 682 781
3 781 682 684
3 781 684 782
3 782 684 675
3 686 783 678
3 686 785 783
3 784 687 680
3 786 687 784
3 688 785 686
3 688 787 785
3 786 690 687
3 788 690 786
3 691 787 688
3 691 789 787
3 788 693 690
3 790 693 788
3 694 789 691
3 694 791 789
3 790 696 693
3 792 696 790
3 697 791 694
3 697 793 791
3 792 698 696
3 794 698 792
3 699 793 697
3 699 795 793
3 794 700 698
3 796 700 794
3 701 795 699
3 701 797 795
3 796 702 700
3 798 702 796
3 703 797 701
3 703 799 797
3 798 704 702
3 800 704 798
3 705 799 703
3 705 801 799
3 800 706 704
3 802 706 800
3 804 803 707
3 804 707 708
3 705 707 801
3 801 707 803
3 802 709 706
3 805 709 802
3 807 806 710
3 807 710 711
3 708 710 804
3 804 710 806
3 805 712 709
3 808 712 805
3 810 809 714
3 810 714 715
3 714 811 717
3 809 811 714
3 717 812 719
3 811 812 717
3 720 719 812
3 720 812 813
3 721 807 711
3 721 814 807
3 808 815 712
3 712 815 722
3 722 816 723
3 815 816 722
3 715 723 810
3 810 723 816
3 813 817 720
3 720 817 724
3 817 819 818
3 725 817 818
3 724 817 725
3 820 726 725
3 820 725 818
3 821 727 726
3 821 726 820
3 822 728 727
3 822 727 821
3 823 729 728
3 823 728 822
3 729 823 824
3 825 729 824
3 730 729 825
3 721 730 814
3 814 730 825
3 819 826 818
3 818 826 820
3 820 826 827
3 829 828 827
3 828 820 827
3 828 821 820
3 821 830 822
3 821 828 830
3 832 823 831
3 823 830 831
3 823 822 830
3 823 832 824
3 829 833 828
3 828 833 830
3 830 833 834
3 830 834 831
3 835 732 733
3 734 836 733
3 733 836 835
3 836 734 837
3 734 838 837
3 734 736 838
3 840 839 738
3 839 736 738
3 839 838 736
3 842 841 840
3 840 841 839
3 844 843 842
3 842 843 841
3 844 845 843
3 846 740 741
3 742 846 741
3 848 847 745
3 745 847 744
3 745 732 835
3 849 745 835
3 848 745 849
3 849 835 836
3 849 836 850
3 850 836 837
3 748 851 840
3 748 840 738
3 840 852 842
3 840 851 852
3 842 853 844
3 842 852 853
3 845 844 854
3 854 844 853
3 855 750 846
3 846 750 740
3 751 855 742
3 742 855 846
3 847 753 744
3 856 753 847
3 757 851 748
3 851 757 759
3 851 759 852
3 852 759 760
3 857 852 760
3 853 852 857
3 854 853 858
3 853 859 858
3 853 857 859
3 861 860 859
3 859 860 858
3 762 763 861
3 763 860 861
3 763 862 860
3 862 763 750
3 863 862 750
3 855 863 750
3 862 863 864
3 765 865 751
3 865 855 751
3 865 863 855
3 766 866 765
3 765 866 865
3 866 766 867
3 766 868 867
3 766 767 868
3 767 768 868
3 868 768 869
3 856 770 753
3 870 770 856
3 775 857 760
3 857 775 776
3 857 776 859
3 859 776 777
3 859 777 861
3 861 777 762
3 871 864 863
3 871 863 865
3 871 865 872
3 872 865 866
3 872 866 873
3 873 866 867
3 778 869 768
3 778 874 869
3 870 780 770
3 875 780 870
3 783 874 778
3 783 876 874
3 878 784 877
3 784 875 877
3 784 780 875
3 879 878 877
3 785 876 783
3 785 880 876
3 881 786 878
3 878 786 784
3 878 879 882
3 878 882 881
3 787 880 785
3 787 883 880
3 884 788 881
3 881 788 786
3 881 882 885
3 881 885 884
3 789 883 787
3 789 886 883
3 887 790 884
3 884 790 788
3 884 885 888
3 884 888 887
3 791 886 789
3 791 889 886
3 891 890 887
3 890 790 887
3 890 792 790
3 891 887 888
3 793 889 791
3 793 892 889
3 890 794 792
3 893 794 890
3 795 892 793
3 795 894 892
3 893 796 794
3 895 796 893
3 797 894 795
3 797 896 894
3 895 798 796
3 897 798 895
3 799 896 797
3 799 898 896
3 897 800 798
3 899 800 897
3 801 898 799
3 801 900 898
3 899 802 800
3 901 802 899
3 804 902 803
3 902 903 803
3 903 801 803
3 903 900 801
3 901 805 802
3 904 805 901
3 907 906 905
3 909 908 905
3 909 905 906
3 911 910 908
3 911 908 909
3 912 910 911
3 807 913 806
3 902 804 806
3 913 902 806
3 914 902 913
3 903 902 915
3 915 902 914
3 904 808 805
3 916 808 904
3 907 905 917
3 907 917 918
3 810 917 809
3 917 908 809
3 917 905 908
3 809 908 811
3 811 908 910
3 912 919 910
3 919 811 910
3 919 812 811
3 813 812 919
3 813 919 920
3 814 921 913
3 814 913 807
3 913 922 914
3 913 921 922
3 915 914 923
3 923 914 922
3 916 924 808
3 808 924 815
3 917 816 918
3 816 924 918
3 816 815 924
3 816 917 810
3 817 813 925
3 813 926 925
3 813 920 926
3 925 819 817
3 929 928 927
3 931 930 927
3 931 927 928
3 933 932 930
3 933 930 931
3 825 824 932
3 933 825 932
3 934 825 933
3 814 825 921
3 825 935 921
3 825 934 935
3 921 935 922
3 922 935 936
3 922 936 923
3 926 937 925
3 925 937 819
3 937 826 819
3 937 938 826
3 826 939 827
3 938 939 826
3 927 940 829
3 939 927 829
3 827 939 829
3 929 927 939
3 941 927 930
3 940 927 941
3 831 941 832
3 941 932 832
3 941 930 932
3 832 932 824
3 940 833 829
3 833 940 834
3 834 940 941
3 834 941 831
3 942 837 838
3 839 943 838
3 838 943 942
3 943 839 944
3 839 945 944
3 839 841 945
3 946 841 843
3 946 945 841
3 843 845 946
3 946 845 947
3 948 847 848
3 849 949 848
3 848 949 948
3 850 950 849
3 849 950 949
3 837 942 850
3 942 950 850
3 942 951 950
3 952 942 943
3 951 942 952
3 943 944 953
3 943 953 952
3 854 947 845
3 854 954 947
3 956 955 948
3 955 847 948
3 955 856 847
3 956 948 949
3 956 949 957
3 957 949 950
3 957 950 958
3 958 950 951
3 958 951 959
3 959 951 952
3 959 952 960
3 960 952 953
3 961 954 854
3 961 854 858
3 962 858 860
3 962 961 858
3 963 860 862
3 963 962 860
3 862 864 963
3 963 864 964
3 966 965 868
3 868 965 867
3 868 869 966
3 966 869 967
3 955 870 856
3 968 870 955
3 969 964 864
3 969 864 871
3 970 871 872
3 970 969 871
3 971 872 873
3 971 970 872
3 873 867 965
3 873 965 971
3 874 967 869
3 874 972 967
3 968 875 870
3 973 875 968
3 876 972 874
3 876 974 972
3 973 975 875
3 875 975 877
3 879 877 975
3 879 975 976
3 880 974 876
3 880 977 974
3 976 882 879
3 978 882 976
3 883 977 880
3 883 979 977
3 978 885 882
3 980 885 978
3 886 979 883
3 886 981 979
3 980 888 885
3 982 888 980
3 889 981 886
3 889 983 981
3 985 984 891
3 891 984 890
3 891 888 982
3 891 982 985
3 892 983 889
3 892 986 983
3 984 893 890
3 987 893 984
3 894 986 892
3 894 988 986
3 987 895 893
3 989 895 987
3 896 988 894
3 896 990 988
3 989 897 895
3 991 897 989
3 898 990 896
3 898 992 990
3 991 899 897
3 993 899 991
3 900 992 898
3 900 994 992
3 993 901 899
3 995 901 993
3 903 994 900
3 903 996 994
3 995 904 901
3 997 904 995
3 999 998 906
3 999 906 907
3 906 1000 909
3 998 1000 906
3 909 1001 911
3 1000 1001 909
3 912 911 1001
3 912 1001 1002
3 915 996 903
3 915 1003 996
3 997 916 904
3 1004 916 997
3 918 999 907
3 918 1005 999
3 1002 1006 912
3 912 1006 919
3 920 919 1006
3 920 1006 1007
3 1010 1009 1008
3 1012 1011 1008
3 1012 1008 1009
3 1014 1013 1011
3 1014 1011 1012
3 1014 1003 1013
3 1003 923 1013
3 1003 915 923
3 1004 1015 916
3 916 1015 924
3 918 924 1005
3 1005 924 1015
3 1017 926 1016
3 926 1007 1016
3 926 920 1007
3 1018 1017 1016
3 1020 1019 928
3 1020 928 929
3 928 1021 931
3 1019 1021 928
3 931 1022 933
3 1021 1022 931
3 1008 934 1010
3 934 1022 1010
3 934 933 1022
3 934 1008 935
3 935 1008 1011
3 935 1011 936
3 936 1011 1013
3 936 1013 923
3 1017 937 926
3 1018 1023 1017
3 1023 937 1017
3 1023 938 937
3 938 1024 939
3 1023 1024 938
3 929 939 1020
3 1020 939 1024
3 1025 944 945
3 946 1026 945
3 945 1026 1025
3 947 1026 946
3 1027 953 1025
3 1025 953 944
3 1028 1025 1026
3 1027 1025 1028
3 954 1028 947
3 947 1028 1026
3 1030 1029 956
3 956 1029 955
3 1031 956 957
3 1031 1030 956
3 1032 957 958
3 1032 1031 957
3 1033 958 959
3 1033 1032 958
3 1034 959 960
3 1034 1033 959
3 960 953 1027
3 1035 960 1027
3 1034 960 1035
3 1035 1027 1028
3 1035 1028 1036
3 1036 1028 954
3 961 1036 954
3 1037 1036 961
3 1038 961 962
3 1038 1037 961
3 1039 962 963
3 1039 1038 962
3 963 964 1039
3 1039 964 1040
3 1041 965 966
3 967 1041 966
3 1029 968 955
3 1042 968 1029
3 1043 1040 964
3 1043 964 969
3 1044 969 970
3 1044 1043 969
3 1045 970 971
3 1045 1044 970
3 971 965 1041
3 1046 971 1041
3 1045 971 1046
3 1041 967 1046
3 967 1047 1046
3 967 972 1047
3 1042 973 968
3 1048 973 1042
3 974 1047 972
3 974 1049 1047
3 1048 1050 973
3 973 1050 975
3 976 975 1050
3 976 1050 1051
3 977 1049 974
3 977 1052 1049
3 1051 978 976
3 1053 978 1051
3 979 1052 977
3 979 1054 1052
3 1053 980 978
3 1055 980 1053
3 981 1054 979
3 981 1056 1054
3 1055 982 980
3 1057 982 1055
3 983 1056 981
3 983 1058 1056
3 1060 1059 985
3 985 1059 984
3 985 982 1057
3 985 1057 1060
3 986 1058 983
3 986 1061 1058
3 1059 987 984
3 1062 987 1059
3 988 1061 986
3 988 1063 1061
3 1062 989 987
3 1064 989 1062
3 990 1063 988
3 990 1065 1063
3 1064 991 989
3 1066 991 1064
3 992 1065 990
3 992 1067 1065
3 1066 993 991
3 1068 993 1066
3 994 1067 992
3 994 1069 1067
3 1068 995 993
3 1070 995 1068
3 996 1069 994
3 996 1071 1069
3 1070 997 995
3 1072 997 1070
3 1074 1073 998
3 1074 998 999
3 998 1075 1000
3 1073 1075 998
3 1000 1076 1001
3 1075 1076 1000
3 1002 1001 1076
3 1002 1076 1077
3 1003 1071 996
3 1003 1078 1071
3 1080 1004 1079
3 1004 1072 1079
3 1004 997 1072
3 1079 1074 1080
3 1074 1005 1080
3 1074 999 1005
3 1077 1081 1002
3 1002 1081 1006
3 1007 1006 1081
3 1007 1081 1082
3 1085 1084 1083
3 1009 1010 1083
3 1084 1009 1083
3 1086 1009 1084
3 1009 1087 1012
3 1086 1087 1009
3 1012 1088 1014
3 1087 1088 1012
3 1003 1014 1078
3 1078 1014 1088
3 1080 1015 1004
3 1015 1080 1005
3 1082 1089 1007
3 1007 1089 1016
3 1091 1090 1018
3 1016 1091 1018
3 1089 1091 1016
3 1092 1090 1091
3 1094 1093 1019
3 1094 1019 1020
3 1019 1095 1021
3 1093 1095 1019
3 1083 1022 1085
3 1022 1095 1085
3 1022 1021 1095
3 1022 1083 1010
3 1090 1023 1018
3 1092 1096 1090
3 1096 1023 1090
3 1096 1024 1023
3 1020 1024 1094
3 1094 1024 1096
3 1099 1098 1097
3 1101 1100 1097
3 1097 1100 1099
3 1103 1102 1101
3 1101 1102 1100
3 1105 1104 1103
3 1103 1104 1102
3 1105 1106 1104
3 1107 1029 1030
3 1107 1030 1108
3 1030 1109 1108
3 1030 1031 1109
3 1110 1031 1032
3 1110 1109 1031
3 1112 1110 1111
3 1110 1033 1111
3 1110 1032 1033
3 1034 1113 1033
3 1033 1113 1111
3 1035 1114 1034
3 1034 1114 1113
3 1114 1035 1115
3 1035 1116 1115
3 1035 1036 1116
3 1037 1097 1098
3 1116 1037 1098
3 1036 1037 1116
3 1097 1037 1038
3 1097 1038 1101
3 1101 1038 1039
3 1101 1039 1103
3 1103 1039 1040
3 1117 1103 1040
3 1105 1103 1117
3 1106 1105 1118
3 1105 1119 1118
3 1105 1117 1119
3 1119 1120 1118
3 1121 1042 1107
3 1107 1042 1029
3 1107 1108 1122
3 1107 1122 1121
3 1123 1112 1111
3 1123 1111 1113
3 1123 1113 1124
3 1124 1113 1114
3 1124 1114 1125
3 1125 1114 1115
3 1043 1117 1040
3 1117 1043 1044
3 1117 1044 1119
3 1126 1120 1119
3 1044 1126 1119
3 1045 1126 1044
3 1127 1045 1046
3 1127 1126 1045
3 1046 1047 1127
3 1127 1047 1128
3 1129 1048 1121
3 1121 1048 1042
3 1121 1122 1130
3 1121 1130 1129
3 1049 1128 1047
3 1049 1131 1128
3 1133 1050 1132
3 1050 1048 1132
3 1132 1048 1129
3 1134 1132 1129
3 1129 1130 1134
3 1050 1133 1051
3 1052 1131 1049
3 1052 1135 1131
3 1133 1132 1136
3 1136 1132 1137
3 1136 1053 1051
3 1136 1051 1133
3 1054 1135 1052
3 1054 1138 1135
3 1136 1137 1139
3 1139 1137 1140
3 1139 1055 1053
3 1139 1053 1136
3 1056 1138 1054
3 1056 1141 1138
3 1139 1140 1142
3 1142 1140 1143
3 1142 1057 1055
3 1142 1055 1139
3 1058 1141 1056
3 1058 1144 1141
3 1142 1143 1060
3 1143 1059 1060
3 1143 1145 1059
3 1142 1060 1057
3 1061 1144 1058
3 1061 1146 1144
3 1145 1062 1059
3 1147 1062 1145
3 1063 1146 1061
3 1063 1148 1146
3 1147 1064 1062
3 1149 1064 1147
3 1065 1148 1063
3 1065 1150 1148
3 1149 1066 1064
3 1151 1066 1149
3 1067 1150 1065
3 1067 1152 1150
3 1151 1068 1066
3 1153 1068 1151
3 1069 1152 1067
3 1069 1154 1152
3 1153 1070 1068
3 1155 1070 1153
3 1071 1154 1069
3 1071 1156 1154
3 1155 1072 1070
3 1157 1072 1155
3 1159 1158 1073
3 1159 1073 1074
3 1073 1160 1075
3 1158 1160 1073
3 1075 1161 1076
3 1160 1161 1075
3 1077 1076 1161
3 1077 1161 1162
3 1078 1156 1071
3 1078 1163 1156
3 1157 1164 1072
3 1072 1164 1079
3 1074 1079 1159
3 1159 1079 1164
3 1162 1165 1077
3 1077 1165 1081
3 1167 1166 1082
3 1081 1167 1082
3 1165 1167 1081
3 1168 1166 1167
3 1170 1169 1084
3 1170 1084 1085
3 1084 1171 1086
3 1169 1171 1084
3 1086 1172 1087
3 1171 1172 1086
3 1087 1173 1088
3 1172 1173 1087
3 1078 1088 1163
3 1163 1088 1173
3 1166 1089 1082
3 1168 1174 1166
3 1174 1089 1166
3 1174 1091 1089
3 1176 1175 1092
3 1091 1176 1092
3 1174 1176 1091
3 1093 1094 1175
3 1176 1093 1175
3 1177 1093 1176
3 1093 1178 1095
3 1177 1178 1093
3 1085 1095 1170
3 1170 1095 1178
3 1175 1096 1092
3 1096 1175 1094
3 1179 1098 1099
3 1100 1180 1099
3 1099 1180 1179
3 1102 1181 1100
3 1100 1181 1180
3 1104 1182 1102
3 1102 1182 1181
3 1106 1182 1104
3 1183 1108 1109
3 1183 1109 1184
3 1109 1185 1184
3 1109 1110 1185
3 1110 1112 1185
3 1185 1112 1186
3 1188 1187 1116
3 1116 1187 1115
3 1116 1098 1179
3 1189 1116 1179
3 1188 1116 1189
3 1189 1179 1180
3 1189 1180 1190
3 1190 1180 1181
3 1190 1181 1191
3 1191 1181 1182
3 1191 1182 1192
3 1192 1182 1106
3 1118 1192 1106
3 1193 1192 1118
3 1118 1120 1193
3 1193 1120 1194
3 1195 1122 1183
3 1183 1122 1108
3 1183 1184 1196
3 1183 1196 1195
3 1197 1186 1112
3 1197 1112 1123
3 1198 1123 1124
3 1198 1197 1123
3 1199 1124 1125
3 1199 1198 1124
3 1125 1115 1187
3 1125 1187 1199
3 1200 1194 1120
3 1200 1120 1126
3 1201 1126 1127
3 1201 1200 1126
3 1127 1128 1201
3 1201 1128 1202
3 1203 1130 1195
3 1195 1130 1122
3 1195 1196 1204
3 1195 1204 1203
3 1131 1202 1128
3 1131 1205 1202
3 1207 1206 1134
3 1134 1206 1132
3 1134 1130 1203
3 1208 1134 1203
3 1207 1134 1208
3 1208 1203 1204
3 1135 1205 1131
3 1135 1209 1205
3 1206 1137 1132
3 1210 1137 1206
3 1138 1209 1135
3 1138 1211 1209
3 1210 1140 1137
3 1212 1140 1210
3 1141 1211 1138
3 1141 1213 1211
3 1212 1143 1140
3 1214 1143 1212
3 1144 1213 1141
3 1144 1215 1213
3 1214 1145 1143
3 1216 1145 1214
3 1146 1215 1144
3 1146 1217 1215
3 1216 1147 1145
3 1218 1147 1216
3 1148 1217 1146
3 1148 1219 1217
3 1218 1149 1147
3 1220 1149 1218
3 1150 1219 1148
3 1150 1221 1219
3 1220 1151 1149
3 1222 1151 1220
3 1225 1224 1223
3 1227 1226 1223
3 1227 1223 1224
3 1227 1221 1226
3 1221 1152 1226
3 1221 1150 1152
3 1222 1153 1151
3 1228 1153 1222
3 1225 1223 1229
3 1225 1229 1230
3 1231 1223 1226
3 1229 1223 1231
3 1154 1231 1152
3 1152 1231 1226
3 1228 1155 1153
3 1232 1155 1228
3 1235 1234 1233
3 1237 1236 1233
3 1237 1233 1234
3 1236 1237 1230
3 1229 1236 1230
3 1238 1236 1229
3 1239 1229 1231
3 1238 1229 1239
3 1156 1239 1154
3 1154 1239 1231
3 1232 1157 1155
3 1240 1157 1232
3 1159 1241 1158
3 1242 1160 1158
3 1242 1158 1241
3 1160 1242 1243
3 1244 1160 1243
3 1161 1160 1244
3 1246 1245 1162
3 1161 1246 1162
3 1244 1246 1161
3 1248 1247 1245
3 1248 1245 1246
3 1249 1247 1248
3 1252 1251 1250
3 1250 1251 1235
3 1233 1250 1235
3 1253 1250 1233
3 1254 1233 1236
3 1253 1233 1254
3 1255 1236 1238
3 1254 1236 1255
3 1256 1238 1239
3 1255 1238 1256
3 1163 1256 1156
3 1156 1256 1239
3 1240 1257 1157
3 1157 1257 1164
3 1159 1164 1241
3 1164 1258 1241
3 1164 1257 1258
3 1241 1258 1242
3 1242 1258 1259
3 1242 1259 1243
3 1245 1165 1162
3 1165 1245 1167
3 1167 1245 1247
3 1261 1260 1168
3 1261 1168 1167
3 1249 1261 1167
3 1247 1249 1167
3 1263 1262 1260
3 1263 1260 1261
3 1265 1264 1262
3 1265 1262 1263
3 1264 1265 1252
3 1250 1264 1252
3 1266 1264 1250
3 1170 1266 1169
3 1266 1253 1169
3 1266 1250 1253
3 1169 1253 1171
3 1171 1253 1254
3 1171 1254 1172
3 1172 1254 1255
3 1172 1255 1173
3 1173 1255 1256
3 1173 1256 1163
3 1260 1174 1168
3 1174 1260 1176
3 1176 1260 1262
3 1176 1262 1177
3 1177 1262 1264
3 1177 1264 1178
3 1178 1264 1266
3 1178 1266 1170
3 1267 1184 1185
3 1186 1267 1185
3 1268 1187 1188
3 1189 1269 1188
3 1188 1269 1268
3 1190 1270 1189
3 1189 1270 1269
3 1191 1271 1190
3 1190 1271 1270
3 1192 1272 1191
3 1191 1272 1271
3 1193 1273 1192
3 1192 1273 1272
3 1194 1273 1193
3 1274 1196 1267
3 1267 1196 1184
3 1197 1275 1186
3 1275 1267 1186
3 1275 1274 1267
3 1198 1276 1197
3 1197 1276 1275
3 1199 1277 1198
3 1198 1277 1276
3 1278 1277 1199
3 1278 1199 1187
3 1279 1278 1187
3 1268 1279 1187
3 1279 1268 1269
3 1279 1269 1280
3 1280 1269 1270
3 1280 1270 1281
3 1283 1282 1281
3 1270 1283 1281
3 1271 1283 1270
3 1284 1271 1272
3 1283 1271 1284
3 1285 1272 1273
3 1284 1272 1285
3 1200 1286 1194
3 1286 1273 1194
3 1286 1285 1273
3 1201 1287 1200
3 1200 1287 1286
3 1202 1287 1201
3 1288 1204 1274
3 1274 1204 1196
3 1275 1290 1289
3 1288 1275 1289
3 1274 1275 1288
3 1290 1275 1276
3 1290 1276 1291
3 1291 1276 1277
3 1291 1277 1292
3 1292 1277 1278
3 1293 1282 1283
3 1293 1283 1284
3 1293 1284 1294
3 1294 1284 1285
3 1294 1285 1295
3 1295 1285 1286
3 1295 1286 1296
3 1298 1297 1296
3 1286 1298 1296
3 1287 1298 1286
3 1205 1298 1202
3 1202 1298 1287
3 1299 1206 1207
3 1299 1207 1300
3 1207 1301 1300
3 1207 1208 1301
3 1208 1204 1288
3 1302 1208 1288
3 1301 1208 1302
3 1302 1288 1289
3 1303 1297 1298
3 1298 1205 1303
3 1205 1304 1303
3 1205 1209 1304
3 1306 1305 1299
3 1305 1206 1299
3 1305 1210 1206
3 1306 1299 1300
3 1211 1304 1209
3 1211 1307 1304
3 1305 1212 1210
3 1308 1212 1305
3 1213 1307 1211
3 1213 1309 1307
3 1308 1214 1212
3 1310 1214 1308
3 1215 1309 1213
3 1215 1311 1309
3 1310 1216 1214
3 1312 1216 1310
3 1217 1311 1215
3 1217 1313 1311
3 1312 1218 1216
3 1314 1218 1312
3 1219 1313 1217
3 1219 1315 1313
3 1314 1220 1218
3 1316 1220 1314
3 1221 1315 1219
3 1221 1317 1315
3 1316 1222 1220
3 1318 1222 1316
3 1321 1320 1319
3 1323 1322 1319
3 1323 1319 1320
3 1325 1324 1322
3 1325 1322 1323
3 1224 1225 1324
3 1325 1224 1324
3 1326 1224 1325
3 1224 1327 1227
3 1326 1327 1224
3 1221 1227 1317
3 1317 1227 1327
3 1318 1228 1222
3 1328 1228 1318
3 1331 1330 1329
3 1333 1332 1329
3 1333 1329 1330
3 1335 1334 1332
3 1335 1332 1333
3 1337 1336 1334
3 1337 1334 1335
3 1338 1336 1337
3 1321 1319 1339
3 1321 1339 1340
3 1341 1319 1322
3 1339 1319 1341
3 1342 1322 1324
3 1341 1322 1342
3 1230 1342 1225
3 1225 1342 1324
3 1344 1232 1343
3 1232 1328 1343
3 1232 1228 1328
3 1345 1344 1343
3 1331 1329 1346
3 1331 1346 1347
3 1348 1329 1332
3 1346 1329 1348
3 1349 1332 1334
3 1348 1332 1349
3 1350 1334 1336
3 1349 1334 1350
3 1336 1338 1351
3 1352 1336 1351
3 1350 1336 1352
3 1352 1351 1340
3 1339 1352 1340
3 1353 1352 1339
3 1235 1353 1234
3 1353 1341 1234
3 1353 1339 1341
3 1234 1341 1237
3 1237 1341 1342
3 1237 1342 1230
3 1354 1240 1344
3 1344 1240 1232
3 1344 1345 1355
3 1356 1344 1355
3 1354 1344 1356
3 1358 1357 1356
3 1358 1356 1355
3 1244 1243 1357
3 1358 1244 1357
3 1359 1244 1358
3 1346 1246 1347
3 1246 1359 1347
3 1246 1244 1359
3 1246 1346 1248
3 1248 1346 1348
3 1248 1348 1249
3 1348 1360 1249
3 1348 1349 1360
3 1361 1349 1350
3 1360 1349 1361
3 1362 1350 1352
3 1361 1350 1362
3 1252 1362 1251
3 1362 1353 1251
3 1362 1352 1353
3 1251 1353 1235
3 1354 1257 1240
3 1257 1354 1258
3 1258 1354 1356
3 1258 1356 1259
3 1259 1356 1357
3 1259 1357 1243
3 1360 1261 1249
3 1261 1360 1263
3 1263 1360 1361
3 1263 1361 1265
3 1265 1361 1362
3 1265 1362 1252
3 1363 1278 1279
3 1280 1364 1279
3 1279 1364 1363
3 1281 1365 1280
3 1280 1365 1364
3 1282 1365 1281
3 1366 1289 1290
3 1366 1290 1367
3 1290 1368 1367
3 1290 1291 1368
3 1369 1291 1292
3 1369 1368 1291
3 1292 1278 1363
3 1370 1292 1363
3 1369 1292 1370
3 1370 1363 1364
3 1370 1364 1371
3 1371 1364 1365
3 1371 1365 1372
3 1372 1365 1282
3 1293 1372 1282
3 1373 1372 1293
3 1374 1293 1294
3 1374 1373 1293
3 1375 1294 1295
3 1375 1374 1294
3 1377 1375 1376
3 1375 1296 1376
3 1375 1295 1296
3 1297 1376 1296
3 1378 1300 1301
3 1302 1379 1301
3 1301 1379 1378
3 1289 1366 1302
3 1366 1379 1302
3 1366 1380 1379
3 1366 1367 1381
3 1366 1381 1380
3 1377 1376 1382
3 1377 1382 1383
3 1303 1384 1297
3 1384 1376 1297
3 1384 1382 1376
3 1304 1384 1303
3 1386 1385 1306
3 1306 1385 1305
3 1306 1300 1378
3 1387 1306 1378
3 1386 1306 1387
3 1387 1378 1379
3 1387 1379 1388
3 1388 1379 1380
3 1388 1380 1389
3 1389 1380 1381
3 1390 1383 1382
3 1390 1382 1384
3 1390 1384 1391
3 1384 1304 1391
3 1304 1392 1391
3 1304 1307 1392
3 1385 1308 1305
3 1393 1308 1385
3 1396 1395 1394
3 1398 1397 1394
3 1398 1394 1395
3 1400 1399 1397
3 1400 1397 1398
3 1402 1401 1399
3 1402 1399 1400
3 1404 1403 1401
3 1404 1401 1402
3 1406 1405 1403
3 1406 1403 1404
3 1407 1405 1406
3 1309 1392 1307
3 1309 1408 1392
3 1393 1310 1308
3 1409 1310 1393
3 1412 1411 1410
3 1414 1413 1410
3 1414 1410 1411
3 1416 1415 1413
3 1416 1413 1414
3 1415 1416 1396
3 1394 1415 1396
3 1417 1415 1394
3 1418 1394 1397
3 1417 1394 1418
3 1419 1397 1399
3 1418 1397 1419
3 1420 1399 1401
3 1419 1399 1420
3 1421 1401 1403
3 1420 1401 1421
3 1422 1403 1405
3 1421 1403 1422
3 1405 1407 1423
3 1405 1423 1422
3 1311 1408 1309
3 1311 1424 1408
3 1409 1312 1310
3 1425 1312 1409
3 1412 1410 1426
3 1412 1426 1427
3 1428 1410 1413
3 1426 1410 1428
3 1429 1413 1415
3 1428 1413 1429
3 1430 1415 1417
3 1429 1415 1430
3 1431 1417 1418
3 1430 1417 1431
3 1432 1418 1419
3 1431 1418 1432
3 1433 1419 1420
3 1432 1419 1433
3 1434 1420 1421
3 1433 1420 1434
3 1435 1421 1422
3 1434 1421 1435
3 1422 1423 1436
3 1422 1436 1435
3 1313 1424 1311
3 1313 1437 1424
3 1425 1314 1312
3 1438 1314 1425
3 1427 1426 1439
3 1427 1439 1440
3 1441 1426 1428
3 1439 1426 1441
3 1442 1428 1429
3 1441 1428 1442
3 1443 1429 1430
3 1442 1429 1443
3 1444 1430 1431
3 1443 1430 1444
3 1445 1431 1432
3 1444 1431 1445
3 1446 1432 1433
3 1445 1432 1446
3 1447 1433 1434
3 1446 1433 1447
3 1448 1434 1435
3 1447 1434 1448
3 1435 1436 1449
3 1435 1449 1448
3 1315 1437 1313
3 1315 1450 1437
3 1438 1316 1314
3 1451 1316 1438
3 1454 1453 1452
3 1452 1453 1440
3 1439 1452 1440
3 1455 1452 1439
3 1456 1439 1441
3 1455 1439 1456
3 1457 1441 1442
3 1456 1441 1457
3 1458 1442 1443
3 1457 1442 1458
3 1459 1443 1444
3 1458 1443 1459
3 1460 1444 1445
3 1459 1444 1460
3 1461 1445 1446
3 1460 1445 1461
3 1462 1446 1447
3 1461 1446 1462
3 1448 1464 1463
3 1462 1448 1463
3 1447 1448 1462
3 1464 1448 1449
3 1317 1450 1315
3 1317 1465 1450
3 1451 1318 1316
3 1466 1318 1451
3 1454 1452 1467
3 1454 1467 1468
3 1469 1452 1455
3 1467 1452 1469
3 1470 1455 1456
3 1469 1455 1470
3 1471 1456 1457
3 1470 1456 1471
3 1472 1457 1458
3 1471 1457 1472
3 1473 1458 1459
3 1472 1458 1473
3 1474 1459 1460
3 1473 1459 1474
3 1321 1474 1320
3 1474 1461 1320
3 1474 1460 1461
3 1320 1461 1323
3 1323 1461 1462
3 1463 1475 1462
3 1475 1323 1462
3 1475 1325 1323
3 1325 1476 1326
3 1475 1476 1325
3 1326 1477 1327
3 1476 1477 1326
3 1317 1327 1465
3 1465 1327 1477
3 1479 1328 1478
3 1328 1466 1478
3 1328 1318 1466
3 1481 1480 1479
3 1481 1479 1478
3 1480 1481 1468
3 1467 1480 1468
3 1482 1480 1467
3 1483 1467 1469
3 1482 1467 1483
3 1331 1483 1330
3 1483 1470 1330
3 1483 1469 1470
3 1330 1470 1333
3 1333 1470 1471
3 1333 1471 1335
3 1335 1471 1472
3 1335 1472 1337
3 1337 1472 1473
3 1473 1474 1484
3 1338 1473 1484
3 1485 1338 1484
3 1473 1338 1337
3 1474 1321 1484
3 1321 1486 1484
3 1321 1340 1486
3 1479 1343 1328
3 1343 1479 1345
3 1479 1487 1345
3 1479 1480 1487
3 1488 1480 1482
3 1487 1480 1488
3 1489 1482 1483
3 1488 1482 1489
3 1347 1489 1331
3 1331 1489 1483
3 1485 1490 1338
3 1338 1490 1351
3 1340 1351 1486
3 1486 1351 1490
3 1487 1355 1345
3 1355 1487 1358
3 1358 1487 1488
3 1358 1488 1359
3 1359 1488 1489
3 1359 1489 1347
3 1491 1367 1368
3 1369 1492 1368
3 1368 1492 1491
3 1370 1493 1369
3 1369 1493 1492
3 1371 1494 1370
3 1370 1494 1493
3 1372 1495 1371
3 1371 1495 1494
3 1373 1496 1372
3 1372 1496 1495
3 1374 1497 1373
3 1373 1497 1496
3 1375 1498 1374
3 1374 1498 1497
3 1377 1498 1375
3 1499 1381 1491
3 1491 1381 1367
3 1500 1491 1492
3 1499 1491 1500
3 1493 1502 1501
3 1500 1493 1501
3 1492 1493 1500
3 1502 1493 1494
3 1502 1494 1503
3 1503 1494 1495
3 1503 1495 1504
3 1504 1495 1496
3 1504 1496 1505
3 1505 1496 1497
3 1505 1497 1506
3 1506 1497 1498
3 1506 1498 1507
3 1498 1377 1507
3 1377 1508 1507
3 1377 1383 1508
3 1510 1509 1386
3 1386 1509 1385
3 1511 1386 1387
3 1511 1510 1386
3 1512 1387 1388
3 1512 1511 1387
3 1513 1388 1389
3 1513 1512 1388
3 1389 1381 1499
3 1514 1389 1499
3 1513 1389 1514
3 1514 1499 1500
3 1514 1500 1515
3 1515 1500 1501
3 1516 1508 1383
3 1516 1383 1390
3 1518 1516 1517
3 1516 1391 1517
3 1516 1390 1391
3 1392 1517 1391
3 1520 1393 1519
3 1393 1509 1519
3 1393 1385 1509
3 1521 1520 1519
3 1524 1523 1522
3 1526 1525 1522
3 1526 1522 1523
3 1528 1527 1525
3 1528 1525 1526
3 1395 1396 1527
3 1528 1395 1527
3 1529 1395 1528
3 1395 1530 1398
3 1529 1530 1395
3 1398 1531 1400
3 1530 1531 1398
3 1400 1532 1402
3 1531 1532 1400
3 1402 1533 1404
3 1532 1533 1402
3 1404 1534 1406
3 1533 1534 1404
3 1407 1406 1534
3 1407 1534 1535
3 1536 1518 1517
3 1517 1392 1536
3 1392 1537 1536
3 1392 1408 1537
3 1538 1409 1520
3 1520 1409 1393
3 1520 1521 1539
3 1540 1520 1539
3 1538 1520 1540
3 1542 1541 1540
3 1542 1540 1539
3 1541 1542 1524
3 1541 1524 1522
3 1412 1541 1522
3 1411 1412 1522
3 1411 1522 1414
3 1414 1522 1525
3 1414 1525 1416
3 1416 1525 1527
3 1416 1527 1396
3 1535 1423 1407
3 1543 1423 1535
3 1424 1537 1408
3 1424 1544 1537
3 1545 1425 1538
3 1538 1425 1409
3 1546 1538 1540
3 1545 1538 1546
3 1547 1540 1541
3 1546 1540 1547
3 1427 1547 1412
3 1412 1547 1541
3 1543 1436 1423
3 1548 1436 1543
3 1437 1544 1424
3 1437 1549 1544
3 1551 1550 1545
3 1550 1425 1545
3 1550 1438 1425
3 1553 1552 1551
3 1545 1553 1551
3 1546 1553 1545
3 1554 1546 1547
3 1553 1546 1554
3 1440 1554 1427
3 1427 1554 1547
3 1548 1449 1436
3 1555 1449 1548
3 1450 1549 1437
3 1450 1556 1549
3 1550 1451 1438
3 1557 1451 1550
3 1558 1552 1553
3 1454 1559 1453
3 1559 1553 1453
3 1553 1554 1453
3 1559 1558 1553
3 1453 1554 1440
3 1561 1560 1464
3 1464 1560 1463
3 1464 1449 1555
3 1464 1555 1561
3 1465 1556 1450
3 1465 1562 1556
3 1564 1466 1563
3 1466 1557 1563
3 1466 1451 1557
3 1566 1565 1564
3 1566 1564 1563
3 1566 1559 1565
3 1559 1468 1565
3 1559 1454 1468
3 1560 1567 1463
3 1463 1567 1475
3 1475 1568 1476
3 1567 1568 1475
3 1568 1570 1569
3 1477 1568 1569
3 1476 1568 1477
3 1569 1571 1477
3 1571 1465 1477
3 1571 1562 1465
3 1564 1478 1466
3 1478 1564 1481
3 1481 1564 1565
3 1481 1565 1468
3 1572 1485 1484
3 1486 1572 1484
3 1570 1573 1569
3 1569 1573 1571
3 1572 1490 1485
3 1490 1572 1486
3 1574 1501 1502
3 1503 1575 1502
3 1502 1575 1574
3 1504 1576 1503
3 1503 1576 1575
3 1505 1577 1504
3 1504 1577 1576
3 1506 1578 1505
3 1505 1578 1577
3 1507 1579 1506
3 1506 1579 1578
3 1508 1579 1507
3 1580 1509 1510
3 1511 1581 1510
3 1510 1581 1580
3 1512 1582 1511
3 1511 1582 1581
3 1513 1583 1512
3 1512 1583 1582
3 1514 1584 1513
3 1513 1584 1583
3 1515 1585 1514
3 1514 1585 1584
3 1501 1574 1515
3 1574 1585 1515
3 1574 1586 1585
3 1587 1574 1575
3 1586 1574 1587
3 1588 1575 1576
3 1587 1575 1588
3 1589 1576 1577
3 1588 1576 1589
3 1590 1577 1578
3 1589 1577 1590
3 1591 1578 1579
3 1590 1578 1591
3 1516 1592 1508
3 1592 1579 1508
3 1592 1591 1579
3 1518 1592 1516
3 1580 1519 1509
3 1519 1580 1521
3 1580 1593 1521
3 1580 1581 1593
3 1594 1581 1582
3 1593 1581 1594
3 1524 1594 1523
3 1594 1583 1523
3 1594 1582 1583
3 1523 1583 1526
3 1526 1583 1584
3 1526 1584 1528
3 1528 1584 1585
3 1528 1585 1529
3 1529 1585 1586
3 1529 1586 1530
3 1530 1586 1587
3 1530 1587 1531
3 1531 1587 1588
3 1531 1588 1532
3 1532 1588 1589
3 1532 1589 1533
3 1533 1589 1590
3 1533 1590 1534
3 1534 1590 1591
3 1591 1592 1595
3 1535 1591 1595
3 1596 1535 1595
3 1591 1535 1534
3 1595 1592 1518
3 1536 1595 1518
3 1597 1595 1536
3 1536 1537 1597
3 1597 1537 1598
3 1593 1539 1521
3 1539 1593 1542
3 1542 1593 1594
3 1542 1594 1524
3 1596 1543 1535
3 1599 1543 1596
3 1544 1598 1537
3 1544 1600 1598
3 1599 1548 1543
3 1601 1548 1599
3 1549 1600 1544
3 1549 1602 1600
3 1603 1550 1551
3 1552 1603 1551
3 1605 1555 1604
3 1555 1601 1604
3 1555 1548 1601
3 1606 1605 1604
3 1556 1602 1549
3 1556 1607 1602
3 1608 1557 1603
3 1603 1557 1550
3 1558 1609 1552
3 1609 1603 1552
3 1609 1608 1603
3 1559 1609 1558
3 1610 1560 1561
3 1555 1605 1561
3 1605 1610 1561
3 1605 1611 1610
3 1605 1606 1612
3 1613 1605 1612
3 1611 1605 1613
3 1612 1607 1613
3 1607 1562 1613
3 1607 1556 1562
3 1608 1563 1557
3 1563 1608 1566
3 1566 1608 1609
3 1566 1609 1559
3 1610 1567 1560
3 1567 1610 1568
3 1568 1610 1611
3 1568 1611 1570
3 1611 1614 1570
3 1611 1613 1614
3 1571 1614 1562
3 1562 1614 1613
3 1614 1573 1570
3 1573 1614 1571
3 1615 1596 1595
3 1597 1616 1595
3 1595 1616 1615
3 1598 1616 1597
3 1617 1599 1615
3 1615 1599 1596
3 1618 1615 1616
3 1617 1615 1618
3 1600 1618 1598
3 1598 1618 1616
3 1619 1601 1617
3 1617 1601 1599
3 1620 1617 1618
3 1619 1617 1620
3 1602 1620 1600
3 1600 1620 1618
3 1619 1604 1601
3 1604 1619 1606
3 1619 1621 1606
3 1619 1620 1621
3 1607 1621 1602
3 1602 1621 1620
3 1621 1612 1606
3 1612 1621 1607
