ply
format ascii 1.0
element vertex 1730
property float x
property float y
property float z
element face 3456
property list uchar int vertex_indices
end_header
-0.88813965 -0.11258709 -0.92857143
-0.84715150 -0.11258709 -1.00000000
-0.84715150 -0.15357523 -0.92857143
-0.84715150 -0.15357523 -0.78571429
-0.88813965 -0.11258709 -0.78571429
-0.84715150 -0.15357523 -0.64285714
-0.88813965 -0.11258709 -0.64285714
-0.84715150 -0.15357523 -0.50000000
-0.88813965 -0.11258709 -0.50000000
-0.84715150 -0.15357523 -0.35714286
-0.88813965 -0.11258709 -0.35714286
-0.84715150 -0.15357523 -0.21428571
-0.88813965 -0.11258709 -0.21428571
-0.84715150 -0.15357523 -0.07142857
-0.88813965 -0.11258709 -0.07142857
-0.84715150 -0.15357523 0.07142857
-0.88813965 -0.11258709 0.07142857
-0.84715150 -0.15357523 0.21428571
-0.88813965 -0.11258709 0.21428571
-0.84715150 -0.15357523 0.35714286
-0.88813965 -0.11258709 0.35714286
-0.84715150 -0.15357523 0.50000000
-0.88813965 -0.11258709 0.50000000
-0.84715150 -0.15357523 0.64285714
-0.88813965 -0.11258709 0.64285714
-0.84715150 -0.15357523 0.78571429
-0.88813965 -0.11258709 0.78571429
-0.84715150 -0.15357523 0.92857143
-0.88813965 -0.11258709 0.92857143
-0.84715150 -0.11258709 1.00000000
-0.88813965 -0.03061080 -0.92857143
-0.84715150 -0.03061080 -1.00000000
-0.88813965 -0.03061080 -0.78571429
-0.88813965 -0.03061080 -0.64285714
-0.88813965 -0.03061080 -0.50000000
-0.88813965 -0.03061080 -0.35714286
-0.88813965 -0.03061080 -0.21428571
-0.88813965 -0.03061080 -0.07142857
-0.88813965 -0.03061080 0.07142857
-0.88813965 -0.03061080 0.21428571
-0.88813965 -0.03061080 0.35714286
-0.88813965 -0.03061080 0.50000000
-0.88813965 -0.03061080 0.64285714
-0.88813965 -0.03061080 0.78571429
-0.88813965 -0.03061080 0.92857143
-0.84715150 -0.03061080 1.00000000
-0.84715150 0.01037735 -0.92857143
-0.84715150 0.01037735 -0.78571429
-0.84715150 0.01037735 -0.64285714
-0.84715150 0.01037735 -0.50000000
-0.84715150 0.01037735 -0.35714286
-0.84715150 0.01037735 -0.21428571
-0.84715150 0.01037735 -0.07142857
-0.84715150 0.01037735 0.07142857
-0.84715150 0.01037735 0.21428571
-0.84715150 0.01037735 0.35714286
-0.84715150 0.01037735 0.50000000
-0.84715150 0.01037735 0.64285714
-0.84715150 0.01037735 0.78571429
-0.88813965 0.05136549 0.92857143
-0.84715150 0.05136549 0.85714286
-0.84715150 0.05136549 1.00000000
-0.84715150 0.09235363 0.92857143
-0.80616336 -0.19456338 0.35714286
-0.76517522 -0.19456338 0.28571429
-0.76517522 -0.23555152 0.35714286
-0.76517522 -0.19456338 0.42857143
-0.80616336 -0.19456338 0.92857143
-0.76517522 -0.19456338 0.85714286
-0.76517522 -0.23555152 0.92857143
-0.76517522 -0.19456338 1.00000000
-0.76517522 -0.11258709 -1.00000000
-0.76517522 -0.15357523 -0.92857143
-0.76517522 -0.15357523 -0.78571429
-0.76517522 -0.15357523 -0.64285714
-0.76517522 -0.15357523 -0.50000000
-0.76517522 -0.15357523 -0.35714286
-0.76517522 -0.15357523 -0.21428571
-0.76517522 -0.15357523 -0.07142857
-0.76517522 -0.15357523 0.07142857
-0.76517522 -0.15357523 0.21428571
-0.76517522 -0.15357523 0.50000000
-0.76517522 -0.15357523 0.64285714
-0.76517522 -0.15357523 0.78571429
-0.76517522 -0.11258709 1.00000000
-0.76517522 -0.03061080 -1.00000000
-0.76517522 -0.03061080 1.00000000
-0.80616336 0.05136549 -0.92857143
-0.76517522 0.05136549 -1.00000000
-0.80616336 0.05136549 -0.78571429
-0.80616336 0.05136549 -0.64285714
-0.80616336 0.05136549 -0.50000000
-0.80616336 0.05136549 -0.35714286
-0.80616336 0.05136549 -0.21428571
-0.80616336 0.05136549 -0.07142857
-0.80616336 0.05136549 0.07142857
-0.80616336 0.05136549 0.21428571
-0.80616336 0.05136549 0.35714286
-0.80616336 0.05136549 0.50000000
-0.80616336 0.05136549 0.64285714
-0.80616336 0.05136549 0.78571429
-0.76517522 0.05136549 1.00000000
-0.76517522 0.09235363 -0.92857143
-0.76517522 0.09235363 -0.78571429
-0.76517522 0.09235363 -0.64285714
-0.76517522 0.09235363 -0.50000000
-0.76517522 0.09235363 -0.35714286
-0.76517522 0.09235363 -0.21428571
-0.76517522 0.09235363 -0.07142857
-0.76517522 0.09235363 0.07142857
-0.76517522 0.09235363 0.21428571
-0.76517522 0.09235363 0.35714286
-0.76517522 0.09235363 0.50000000
-0.76517522 0.09235363 0.64285714
-0.76517522 0.09235363 0.78571429
-0.76517522 0.09235363 0.92857143
-0.72418707 -0.19456338 -0.92857143
-0.68319893 -0.19456338 -1.00000000
-0.68319893 -0.23555152 -0.92857143
-0.68319893 -0.23555152 -0.78571429
-0.72418707 -0.19456338 -0.78571429
-0.68319893 -0.23555152 -0.64285714
-0.72418707 -0.19456338 -0.64285714
-0.68319893 -0.23555152 -0.50000000
-0.72418707 -0.19456338 -0.50000000
-0.68319893 -0.23555152 -0.35714286
-0.72418707 -0.19456338 -0.35714286
-0.68319893 -0.23555152 -0.21428571
-0.72418707 -0.19456338 -0.21428571
-0.68319893 -0.23555152 -0.07142857
-0.72418707 -0.19456338 -0.07142857
-0.68319893 -0.23555152 0.07142857
-0.72418707 -0.19456338 0.07142857
-0.68319893 -0.23555152 0.21428571
-0.72418707 -0.19456338 0.21428571
-0.68319893 -0.23555152 0.35714286
-0.68319893 -0.23555152 0.50000000
-0.72418707 -0.19456338 0.50000000
-0.68319893 -0.23555152 0.64285714
-0.72418707 -0.19456338 0.64285714
-0.68319893 -0.23555152 0.78571429
-0.72418707 -0.19456338 0.78571429
-0.68319893 -0.23555152 0.92857143
-0.68319893 -0.19456338 1.00000000
-0.68319893 -0.11258709 -1.00000000
-0.68319893 -0.11258709 1.00000000
-0.68319893 -0.03061080 -1.00000000
-0.68319893 -0.03061080 1.00000000
-0.68319893 0.05136549 -1.00000000
-0.68319893 0.05136549 1.00000000
-0.72418707 0.13334178 -0.92857143
-0.68319893 0.13334178 -1.00000000
-0.72418707 0.13334178 -0.78571429
-0.72418707 0.13334178 -0.64285714
-0.72418707 0.13334178 -0.50000000
-0.72418707 0.13334178 -0.35714286
-0.72418707 0.13334178 -0.21428571
-0.72418707 0.13334178 -0.07142857
-0.72418707 0.13334178 0.07142857
-0.72418707 0.13334178 0.21428571
-0.72418707 0.13334178 0.35714286
-0.72418707 0.13334178 0.50000000
-0.72418707 0.13334178 0.64285714
-0.72418707 0.13334178 0.78571429
-0.72418707 0.13334178 0.92857143
-0.68319893 0.13334178 1.00000000
-0.68319893 0.17432992 -0.92857143
-0.68319893 0.17432992 -0.78571429
-0.68319893 0.17432992 -0.64285714
-0.68319893 0.17432992 -0.50000000
-0.68319893 0.17432992 -0.35714286
-0.68319893 0.17432992 -0.21428571
-0.68319893 0.17432992 -0.07142857
-0.68319893 0.17432992 0.07142857
-0.68319893 0.17432992 0.21428571
-0.68319893 0.17432992 0.35714286
-0.68319893 0.17432992 0.50000000
-0.68319893 0.17432992 0.64285714
-0.68319893 0.17432992 0.78571429
-0.68319893 0.17432992 0.92857143
-0.64221078 -0.27653967 -0.92857143
-0.60122264 -0.27653967 -1.00000000
-0.60122264 -0.31752781 -0.92857143
-0.60122264 -0.31752781 -0.78571429
-0.64221078 -0.27653967 -0.78571429
-0.60122264 -0.31752781 -0.64285714
-0.64221078 -0.27653967 -0.64285714
-0.60122264 -0.31752781 -0.50000000
-0.64221078 -0.27653967 -0.50000000
-0.60122264 -0.31752781 -0.35714286
-0.64221078 -0.27653967 -0.35714286
-0.60122264 -0.31752781 -0.21428571
-0.64221078 -0.27653967 -0.21428571
-0.60122264 -0.31752781 -0.07142857
-0.64221078 -0.27653967 -0.07142857
-0.60122264 -0.31752781 0.07142857
-0.64221078 -0.27653967 0.07142857
-0.60122264 -0.31752781 0.21428571
-0.64221078 -0.27653967 0.21428571
-0.60122264 -0.31752781 0.35714286
-0.64221078 -0.27653967 0.35714286
-0.60122264 -0.31752781 0.50000000
-0.64221078 -0.27653967 0.50000000
-0.60122264 -0.31752781 0.64285714
-0.64221078 -0.27653967 0.64285714
-0.60122264 -0.31752781 0.78571429
-0.64221078 -0.27653967 0.78571429
-0.60122264 -0.31752781 0.92857143
-0.64221078 -0.27653967 0.92857143
-0.60122264 -0.27653967 1.00000000
-0.60122264 -0.19456338 -1.00000000
-0.60122264 -0.19456338 1.00000000
-0.60122264 -0.11258709 -1.00000000
-0.60122264 -0.11258709 1.00000000
-0.60122264 -0.03061080 -1.00000000
-0.60122264 -0.03061080 1.00000000
-0.60122264 0.05136549 -1.00000000
-0.60122264 0.05136549 1.00000000
-0.60122264 0.13334178 -1.00000000
-0.60122264 0.13334178 1.00000000
-0.64221078 0.21531807 -0.92857143
-0.60122264 0.21531807 -1.00000000
-0.64221078 0.21531807 -0.78571429
-0.64221078 0.21531807 -0.64285714
-0.64221078 0.21531807 -0.50000000
-0.64221078 0.21531807 -0.35714286
-0.64221078 0.21531807 -0.21428571
-0.64221078 0.21531807 -0.07142857
-0.64221078 0.21531807 0.07142857
-0.64221078 0.21531807 0.21428571
-0.64221078 0.21531807 0.35714286
-0.64221078 0.21531807 0.50000000
-0.64221078 0.21531807 0.64285714
-0.64221078 0.21531807 0.78571429
-0.64221078 0.21531807 0.92857143
-0.60122264 0.21531807 1.00000000
-0.64221078 0.29729436 -0.92857143
-0.60122264 0.29729436 -1.00000000
-0.64221078 0.29729436 -0.78571429
-0.64221078 0.29729436 -0.64285714
-0.64221078 0.29729436 -0.50000000
-0.64221078 0.29729436 -0.35714286
-0.64221078 0.29729436 -0.21428571
-0.64221078 0.29729436 -0.07142857
-0.64221078 0.29729436 0.07142857
-0.64221078 0.29729436 0.21428571
-0.64221078 0.29729436 0.35714286
-0.64221078 0.29729436 0.50000000
-0.64221078 0.29729436 0.64285714
-0.64221078 0.29729436 0.78571429
-0.60122264 0.29729436 0.85714286
-0.60122264 0.25630621 0.92857143
-0.60122264 0.33828250 -0.92857143
-0.60122264 0.33828250 -0.78571429
-0.60122264 0.33828250 -0.64285714
-0.60122264 0.33828250 -0.50000000
-0.60122264 0.33828250 -0.35714286
-0.60122264 0.33828250 -0.21428571
-0.60122264 0.33828250 -0.07142857
-0.60122264 0.33828250 0.07142857
-0.60122264 0.33828250 0.21428571
-0.60122264 0.33828250 0.35714286
-0.60122264 0.33828250 0.50000000
-0.60122264 0.33828250 0.64285714
-0.60122264 0.33828250 0.78571429
-0.56023449 -0.35851596 -0.92857143
-0.51924635 -0.35851596 -1.00000000
-0.51924635 -0.39950410 -0.92857143
-0.51924635 -0.39950410 -0.78571429
-0.56023449 -0.35851596 -0.78571429
-0.51924635 -0.39950410 -0.64285714
-0.56023449 -0.35851596 -0.64285714
-0.51924635 -0.39950410 -0.50000000
-0.56023449 -0.35851596 -0.50000000
-0.51924635 -0.39950410 -0.35714286
-0.56023449 -0.35851596 -0.35714286
-0.51924635 -0.39950410 -0.21428571
-0.56023449 -0.35851596 -0.21428571
-0.51924635 -0.39950410 -0.07142857
-0.56023449 -0.35851596 -0.07142857
-0.51924635 -0.39950410 0.07142857
-0.56023449 -0.35851596 0.07142857
-0.51924635 -0.39950410 0.21428571
-0.56023449 -0.35851596 0.21428571
-0.51924635 -0.39950410 0.35714286
-0.56023449 -0.35851596 0.35714286
-0.51924635 -0.39950410 0.50000000
-0.56023449 -0.35851596 0.50000000
-0.51924635 -0.39950410 0.64285714
-0.56023449 -0.35851596 0.64285714
-0.51924635 -0.39950410 0.78571429
-0.56023449 -0.35851596 0.78571429
-0.51924635 -0.39950410 0.92857143
-0.56023449 -0.35851596 0.92857143
-0.51924635 -0.35851596 1.00000000
-0.51924635 -0.27653967 -1.00000000
-0.51924635 -0.27653967 1.00000000
-0.51924635 -0.19456338 -1.00000000
-0.51924635 -0.19456338 1.00000000
-0.51924635 -0.11258709 -1.00000000
-0.51924635 -0.11258709 1.00000000
-0.51924635 -0.03061080 -1.00000000
-0.51924635 -0.03061080 1.00000000
-0.51924635 0.05136549 -1.00000000
-0.51924635 0.05136549 1.00000000
-0.51924635 0.13334178 -1.00000000
-0.51924635 0.13334178 1.00000000
-0.51924635 0.21531807 -1.00000000
-0.51924635 0.21531807 1.00000000
-0.51924635 0.29729436 -1.00000000
-0.56023449 0.29729436 0.92857143
-0.51924635 0.29729436 1.00000000
-0.56023449 0.37927065 -0.92857143
-0.51924635 0.37927065 -1.00000000
-0.56023449 0.37927065 -0.78571429
-0.56023449 0.37927065 -0.64285714
-0.56023449 0.37927065 -0.50000000
-0.56023449 0.37927065 -0.35714286
-0.56023449 0.37927065 -0.21428571
-0.56023449 0.37927065 -0.07142857
-0.56023449 0.37927065 0.07142857
-0.56023449 0.37927065 0.21428571
-0.56023449 0.37927065 0.35714286
-0.56023449 0.37927065 0.50000000
-0.56023449 0.37927065 0.64285714
-0.56023449 0.37927065 0.78571429
-0.56023449 0.37927065 0.92857143
-0.51924635 0.37927065 1.00000000
-0.51924635 0.42025879 -0.92857143
-0.51924635 0.42025879 -0.78571429
-0.51924635 0.42025879 -0.64285714
-0.51924635 0.42025879 -0.50000000
-0.51924635 0.42025879 -0.35714286
-0.51924635 0.42025879 -0.21428571
-0.51924635 0.42025879 -0.07142857
-0.51924635 0.42025879 0.07142857
-0.51924635 0.42025879 0.21428571
-0.51924635 0.42025879 0.35714286
-0.51924635 0.42025879 0.50000000
-0.51924635 0.42025879 0.64285714
-0.51924635 0.42025879 0.78571429
-0.51924635 0.42025879 0.92857143
-0.47825820 -0.44049225 -0.92857143
-0.43727006 -0.44049225 -1.00000000
-0.43727006 -0.48148039 -0.92857143
-0.43727006 -0.48148039 -0.78571429
-0.47825820 -0.44049225 -0.78571429
-0.43727006 -0.48148039 -0.64285714
-0.47825820 -0.44049225 -0.64285714
-0.43727006 -0.48148039 -0.50000000
-0.47825820 -0.44049225 -0.50000000
-0.43727006 -0.48148039 -0.35714286
-0.47825820 -0.44049225 -0.35714286
-0.43727006 -0.48148039 -0.21428571
-0.47825820 -0.44049225 -0.21428571
-0.43727006 -0.48148039 -0.07142857
-0.47825820 -0.44049225 -0.07142857
-0.43727006 -0.48148039 0.07142857
-0.47825820 -0.44049225 0.07142857
-0.43727006 -0.48148039 0.21428571
-0.47825820 -0.44049225 0.21428571
-0.43727006 -0.48148039 0.35714286
-0.47825820 -0.44049225 0.35714286
-0.43727006 -0.48148039 0.50000000
-0.47825820 -0.44049225 0.50000000
-0.43727006 -0.48148039 0.64285714
-0.47825820 -0.44049225 0.64285714
-0.43727006 -0.48148039 0.78571429
-0.47825820 -0.44049225 0.78571429
-0.43727006 -0.48148039 0.92857143
-0.47825820 -0.44049225 0.92857143
-0.43727006 -0.44049225 1.00000000
-0.43727006 -0.35851596 -1.00000000
-0.43727006 -0.35851596 1.00000000
-0.43727006 -0.27653967 -1.00000000
-0.43727006 -0.27653967 1.00000000
-0.43727006 -0.19456338 -1.00000000
-0.43727006 -0.19456338 1.00000000
-0.43727006 -0.11258709 -1.00000000
-0.43727006 -0.11258709 1.00000000
-0.43727006 -0.03061080 -1.00000000
-0.43727006 -0.03061080 1.00000000
-0.43727006 0.05136549 -1.00000000
-0.43727006 0.05136549 1.00000000
-0.43727006 0.13334178 -1.00000000
-0.43727006 0.13334178 1.00000000
-0.43727006 0.21531807 -1.00000000
-0.43727006 0.21531807 1.00000000
-0.43727006 0.29729436 -1.00000000
-0.43727006 0.29729436 1.00000000
-0.43727006 0.37927065 -1.00000000
-0.43727006 0.37927065 1.00000000
-0.47825820 0.46124694 -0.92857143
-0.43727006 0.46124694 -1.00000000
-0.47825820 0.46124694 -0.78571429
-0.47825820 0.46124694 -0.64285714
-0.47825820 0.46124694 -0.50000000
-0.47825820 0.46124694 -0.35714286
-0.47825820 0.46124694 -0.21428571
-0.47825820 0.46124694 -0.07142857
-0.47825820 0.46124694 0.07142857
-0.47825820 0.46124694 0.21428571
-0.47825820 0.46124694 0.35714286
-0.47825820 0.46124694 0.50000000
-0.47825820 0.46124694 0.64285714
-0.47825820 0.46124694 0.78571429
-0.47825820 0.46124694 0.92857143
-0.43727006 0.46124694 1.00000000
-0.43727006 0.50223508 -0.92857143
-0.43727006 0.50223508 -0.78571429
-0.43727006 0.50223508 -0.64285714
-0.43727006 0.50223508 -0.50000000
-0.43727006 0.50223508 -0.35714286
-0.43727006 0.50223508 -0.21428571
-0.43727006 0.50223508 -0.07142857
-0.43727006 0.50223508 0.07142857
-0.43727006 0.50223508 0.21428571
-0.43727006 0.50223508 0.35714286
-0.43727006 0.50223508 0.50000000
-0.43727006 0.50223508 0.64285714
-0.43727006 0.50223508 0.78571429
-0.43727006 0.50223508 0.92857143
-0.39628191 -0.52246854 -0.92857143
-0.35529377 -0.52246854 -1.00000000
-0.35529377 -0.56345668 -0.92857143
-0.35529377 -0.56345668 -0.78571429
-0.39628191 -0.52246854 -0.78571429
-0.35529377 -0.56345668 -0.64285714
-0.39628191 -0.52246854 -0.64285714
-0.35529377 -0.56345668 -0.50000000
-0.39628191 -0.52246854 -0.50000000
-0.35529377 -0.56345668 -0.35714286
-0.39628191 -0.52246854 -0.35714286
-0.35529377 -0.56345668 -0.21428571
-0.39628191 -0.52246854 -0.21428571
-0.35529377 -0.56345668 -0.07142857
-0.39628191 -0.52246854 -0.07142857
-0.35529377 -0.56345668 0.07142857
-0.39628191 -0.52246854 0.07142857
-0.35529377 -0.56345668 0.21428571
-0.39628191 -0.52246854 0.21428571
-0.35529377 -0.56345668 0.35714286
-0.39628191 -0.52246854 0.35714286
-0.35529377 -0.56345668 0.50000000
-0.39628191 -0.52246854 0.50000000
-0.35529377 -0.56345668 0.64285714
-0.39628191 -0.52246854 0.64285714
-0.35529377 -0.56345668 0.78571429
-0.39628191 -0.52246854 0.78571429
-0.35529377 -0.56345668 0.92857143
-0.39628191 -0.52246854 0.92857143
-0.35529377 -0.52246854 1.00000000
-0.35529377 -0.44049225 -1.00000000
-0.35529377 -0.44049225 1.00000000
-0.35529377 -0.35851596 -1.00000000
-0.35529377 -0.35851596 1.00000000
-0.35529377 -0.27653967 -1.00000000
-0.35529377 -0.27653967 1.00000000
-0.35529377 -0.19456338 -1.00000000
-0.35529377 -0.19456338 1.00000000
-0.35529377 -0.11258709 -1.00000000
-0.35529377 -0.11258709 1.00000000
-0.35529377 -0.03061080 -1.00000000
-0.35529377 -0.03061080 1.00000000
-0.35529377 0.05136549 -1.00000000
-0.35529377 0.05136549 1.00000000
-0.35529377 0.13334178 -1.00000000
-0.35529377 0.13334178 1.00000000
-0.35529377 0.21531807 -1.00000000
-0.35529377 0.21531807 1.00000000
-0.35529377 0.29729436 -1.00000000
-0.35529377 0.29729436 1.00000000
-0.35529377 0.37927065 -1.00000000
-0.35529377 0.37927065 1.00000000
-0.35529377 0.46124694 -1.00000000
-0.35529377 0.46124694 1.00000000
-0.39628191 0.54322323 -0.92857143
-0.35529377 0.54322323 -1.00000000
-0.39628191 0.54322323 -0.78571429
-0.39628191 0.54322323 -0.64285714
-0.39628191 0.54322323 -0.50000000
-0.39628191 0.54322323 -0.35714286
-0.39628191 0.54322323 -0.21428571
-0.39628191 0.54322323 -0.07142857
-0.39628191 0.54322323 0.07142857
-0.39628191 0.54322323 0.21428571
-0.39628191 0.54322323 0.35714286
-0.39628191 0.54322323 0.50000000
-0.39628191 0.54322323 0.64285714
-0.39628191 0.54322323 0.78571429
-0.39628191 0.54322323 0.92857143
-0.35529377 0.54322323 1.00000000
-0.35529377 0.58421137 -0.92857143
-0.35529377 0.58421137 -0.78571429
-0.35529377 0.58421137 -0.64285714
-0.35529377 0.58421137 -0.50000000
-0.35529377 0.58421137 -0.35714286
-0.35529377 0.58421137 -0.21428571
-0.35529377 0.58421137 -0.07142857
-0.35529377 0.58421137 0.07142857
-0.35529377 0.58421137 0.21428571
-0.35529377 0.58421137 0.35714286
-0.35529377 0.58421137 0.50000000
-0.35529377 0.58421137 0.64285714
-0.35529377 0.58421137 0.78571429
-0.35529377 0.58421137 0.92857143
-0.31430562 -0.60444483 -0.07142857
-0.27331748 -0.60444483 -0.14285714
-0.27331748 -0.64543297 -0.07142857
-0.27331748 -0.64543297 0.07142857
-0.31430562 -0.60444483 0.07142857
-0.27331748 -0.64543297 0.21428571
-0.31430562 -0.60444483 0.21428571
-0.27331748 -0.64543297 0.35714286
-0.31430562 -0.60444483 0.35714286
-0.27331748 -0.64543297 0.50000000
-0.31430562 -0.60444483 0.50000000
-0.27331748 -0.64543297 0.64285714
-0.31430562 -0.60444483 0.64285714
-0.27331748 -0.64543297 0.78571429
-0.31430562 -0.60444483 0.78571429
-0.27331748 -0.60444483 0.85714286
-0.27331748 -0.52246854 -1.00000000
-0.27331748 -0.56345668 -0.92857143
-0.27331748 -0.56345668 -0.78571429
-0.27331748 -0.56345668 -0.64285714
-0.27331748 -0.56345668 -0.50000000
-0.27331748 -0.56345668 -0.35714286
-0.27331748 -0.56345668 -0.21428571
-0.27331748 -0.56345668 0.92857143
-0.27331748 -0.52246854 1.00000000
-0.27331748 -0.44049225 -1.00000000
-0.27331748 -0.44049225 1.00000000
-0.27331748 -0.35851596 -1.00000000
-0.27331748 -0.35851596 1.00000000
-0.27331748 -0.27653967 -1.00000000
-0.27331748 -0.27653967 1.00000000
-0.27331748 -0.19456338 -1.00000000
-0.27331748 -0.19456338 1.00000000
-0.27331748 -0.11258709 -1.00000000
-0.27331748 -0.11258709 1.00000000
-0.27331748 -0.03061080 -1.00000000
-0.27331748 -0.03061080 1.00000000
-0.27331748 0.05136549 -1.00000000
-0.27331748 0.05136549 1.00000000
-0.27331748 0.13334178 -1.00000000
-0.27331748 0.13334178 1.00000000
-0.27331748 0.21531807 -1.00000000
-0.27331748 0.21531807 1.00000000
-0.27331748 0.29729436 -1.00000000
-0.27331748 0.29729436 1.00000000
-0.27331748 0.37927065 -1.00000000
-0.27331748 0.37927065 1.00000000
-0.27331748 0.46124694 -1.00000000
-0.27331748 0.46124694 1.00000000
-0.27331748 0.54322323 -1.00000000
-0.27331748 0.54322323 1.00000000
-0.31430562 0.62519952 -0.92857143
-0.27331748 0.62519952 -1.00000000
-0.31430562 0.62519952 -0.78571429
-0.31430562 0.62519952 -0.64285714
-0.31430562 0.62519952 -0.50000000
-0.31430562 0.62519952 -0.35714286
-0.31430562 0.62519952 -0.21428571
-0.31430562 0.62519952 -0.07142857
-0.31430562 0.62519952 0.07142857
-0.31430562 0.62519952 0.21428571
-0.31430562 0.62519952 0.35714286
-0.31430562 0.62519952 0.50000000
-0.31430562 0.62519952 0.64285714
-0.31430562 0.62519952 0.78571429
-0.31430562 0.62519952 0.92857143
-0.27331748 0.62519952 1.00000000
-0.27331748 0.66618766 -0.92857143
-0.27331748 0.66618766 -0.78571429
-0.27331748 0.66618766 -0.64285714
-0.27331748 0.66618766 -0.50000000
-0.27331748 0.66618766 -0.35714286
-0.27331748 0.66618766 -0.21428571
-0.27331748 0.66618766 -0.07142857
-0.27331748 0.66618766 0.07142857
-0.27331748 0.66618766 0.21428571
-0.27331748 0.66618766 0.35714286
-0.27331748 0.66618766 0.50000000
-0.27331748 0.66618766 0.64285714
-0.27331748 0.66618766 0.78571429
-0.27331748 0.66618766 0.92857143
-0.23232933 -0.68642111 -0.35714286
-0.19134119 -0.68642111 -0.42857143
-0.19134119 -0.72740926 -0.35714286
-0.19134119 -0.68642111 -0.28571429
-0.23232933 -0.68642111 0.92857143
-0.19134119 -0.68642111 0.85714286
-0.19134119 -0.72740926 0.92857143
-0.19134119 -0.68642111 1.00000000
-0.23232933 -0.60444483 -0.92857143
-0.19134119 -0.60444483 -1.00000000
-0.19134119 -0.64543297 -0.92857143
-0.19134119 -0.64543297 -0.78571429
-0.23232933 -0.60444483 -0.78571429
-0.19134119 -0.64543297 -0.64285714
-0.23232933 -0.60444483 -0.64285714
-0.19134119 -0.64543297 -0.50000000
-0.23232933 -0.60444483 -0.50000000
-0.23232933 -0.60444483 -0.35714286
-0.19134119 -0.64543297 -0.21428571
-0.23232933 -0.60444483 -0.21428571
-0.19134119 -0.64543297 -0.07142857
-0.19134119 -0.64543297 0.07142857
-0.19134119 -0.64543297 0.21428571
-0.19134119 -0.64543297 0.35714286
-0.19134119 -0.64543297 0.50000000
-0.19134119 -0.64543297 0.64285714
-0.19134119 -0.64543297 0.78571429
-0.23232933 -0.60444483 0.92857143
-0.19134119 -0.60444483 1.00000000
-0.19134119 -0.52246854 -1.00000000
-0.19134119 -0.52246854 1.00000000
-0.19134119 -0.44049225 -1.00000000
-0.19134119 -0.44049225 1.00000000
-0.19134119 -0.35851596 -1.00000000
-0.19134119 -0.35851596 1.00000000
-0.19134119 -0.27653967 -1.00000000
-0.19134119 -0.27653967 1.00000000
-0.19134119 -0.19456338 -1.00000000
-0.19134119 -0.19456338 1.00000000
-0.19134119 -0.11258709 -1.00000000
-0.19134119 -0.11258709 1.00000000
-0.19134119 -0.03061080 -1.00000000
-0.19134119 -0.03061080 1.00000000
-0.19134119 0.05136549 -1.00000000
-0.19134119 0.05136549 1.00000000
-0.19134119 0.13334178 -1.00000000
-0.19134119 0.13334178 1.00000000
-0.19134119 0.21531807 -1.00000000
-0.19134119 0.21531807 1.00000000
-0.19134119 0.29729436 -1.00000000
-0.19134119 0.29729436 1.00000000
-0.19134119 0.37927065 -1.00000000
-0.19134119 0.37927065 1.00000000
-0.19134119 0.46124694 -1.00000000
-0.19134119 0.46124694 1.00000000
-0.19134119 0.54322323 -1.00000000
-0.19134119 0.54322323 1.00000000
-0.19134119 0.62519952 -1.00000000
-0.19134119 0.62519952 1.00000000
-0.23232933 0.70717581 -0.92857143
-0.19134119 0.70717581 -1.00000000
-0.23232933 0.70717581 -0.78571429
-0.23232933 0.70717581 -0.64285714
-0.23232933 0.70717581 -0.50000000
-0.23232933 0.70717581 -0.35714286
-0.23232933 0.70717581 -0.21428571
-0.23232933 0.70717581 -0.07142857
-0.23232933 0.70717581 0.07142857
-0.23232933 0.70717581 0.21428571
-0.23232933 0.70717581 0.35714286
-0.23232933 0.70717581 0.50000000
-0.23232933 0.70717581 0.64285714
-0.23232933 0.70717581 0.78571429
-0.23232933 0.70717581 0.92857143
-0.19134119 0.70717581 1.00000000
-0.19134119 0.74816395 -0.92857143
-0.19134119 0.74816395 -0.78571429
-0.19134119 0.74816395 -0.64285714
-0.19134119 0.74816395 -0.50000000
-0.19134119 0.74816395 -0.35714286
-0.19134119 0.74816395 -0.21428571
-0.19134119 0.74816395 -0.07142857
-0.19134119 0.74816395 0.07142857
-0.19134119 0.74816395 0.21428571
-0.19134119 0.74816395 0.35714286
-0.19134119 0.74816395 0.50000000
-0.19134119 0.74816395 0.64285714
-0.19134119 0.74816395 0.78571429
-0.19134119 0.74816395 0.92857143
-0.15035304 -0.68642111 -0.92857143
-0.10936490 -0.68642111 -1.00000000
-0.10936490 -0.72740926 -0.92857143
-0.10936490 -0.72740926 -0.78571429
-0.15035304 -0.68642111 -0.78571429
-0.10936490 -0.72740926 -0.64285714
-0.15035304 -0.68642111 -0.64285714
-0.10936490 -0.72740926 -0.50000000
-0.15035304 -0.68642111 -0.50000000
-0.10936490 -0.72740926 -0.35714286
-0.10936490 -0.72740926 -0.21428571
-0.15035304 -0.68642111 -0.21428571
-0.10936490 -0.72740926 -0.07142857
-0.15035304 -0.68642111 -0.07142857
-0.10936490 -0.72740926 0.07142857
-0.15035304 -0.68642111 0.07142857
-0.10936490 -0.72740926 0.21428571
-0.15035304 -0.68642111 0.21428571
-0.10936490 -0.72740926 0.35714286
-0.15035304 -0.68642111 0.35714286
-0.10936490 -0.72740926 0.50000000
-0.15035304 -0.68642111 0.50000000
-0.10936490 -0.72740926 0.64285714
-0.15035304 -0.68642111 0.64285714
-0.10936490 -0.72740926 0.78571429
-0.15035304 -0.68642111 0.78571429
-0.10936490 -0.72740926 0.92857143
-0.10936490 -0.68642111 1.00000000
-0.10936490 -0.60444483 -1.00000000
-0.10936490 -0.60444483 1.00000000
-0.10936490 -0.52246854 -1.00000000
-0.10936490 -0.52246854 1.00000000
-0.10936490 -0.44049225 -1.00000000
-0.10936490 -0.44049225 1.00000000
-0.10936490 -0.35851596 -1.00000000
-0.10936490 -0.35851596 1.00000000
-0.10936490 -0.27653967 -1.00000000
-0.10936490 -0.27653967 1.00000000
-0.10936490 -0.19456338 -1.00000000
-0.10936490 -0.19456338 1.00000000
-0.10936490 -0.11258709 -1.00000000
-0.10936490 -0.11258709 1.00000000
-0.10936490 -0.03061080 -1.00000000
-0.10936490 -0.03061080 1.00000000
-0.10936490 0.05136549 -1.00000000
-0.10936490 0.05136549 1.00000000
-0.10936490 0.13334178 -1.00000000
-0.10936490 0.13334178 1.00000000
-0.10936490 0.21531807 -1.00000000
-0.10936490 0.21531807 1.00000000
-0.10936490 0.29729436 -1.00000000
-0.10936490 0.29729436 1.00000000
-0.10936490 0.37927065 -1.00000000
-0.10936490 0.37927065 1.00000000
-0.10936490 0.46124694 -1.00000000
-0.10936490 0.46124694 1.00000000
-0.10936490 0.54322323 -1.00000000
-0.10936490 0.54322323 1.00000000
-0.10936490 0.62519952 -1.00000000
-0.10936490 0.62519952 1.00000000
-0.10936490 0.70717581 -1.00000000
-0.10936490 0.70717581 1.00000000
-0.15035304 0.78915210 -0.92857143
-0.10936490 0.78915210 -1.00000000
-0.15035304 0.78915210 -0.78571429
-0.15035304 0.78915210 -0.64285714
-0.15035304 0.78915210 -0.50000000
-0.15035304 0.78915210 -0.35714286
-0.15035304 0.78915210 -0.21428571
-0.15035304 0.78915210 -0.07142857
-0.15035304 0.78915210 0.07142857
-0.15035304 0.78915210 0.21428571
-0.15035304 0.78915210 0.35714286
-0.15035304 0.78915210 0.50000000
-0.15035304 0.78915210 0.64285714
-0.15035304 0.78915210 0.78571429
-0.15035304 0.78915210 0.92857143
-0.10936490 0.78915210 1.00000000
-0.15035304 0.87112838 -0.92857143
-0.10936490 0.87112838 -1.00000000
-0.15035304 0.87112838 -0.78571429
-0.15035304 0.87112838 -0.64285714
-0.15035304 0.87112838 -0.50000000
-0.15035304 0.87112838 -0.35714286
-0.15035304 0.87112838 -0.21428571
-0.15035304 0.87112838 -0.07142857
-0.15035304 0.87112838 0.07142857
-0.10936490 0.87112838 0.14285714
-0.10936490 0.83014024 0.21428571
-0.10936490 0.83014024 0.35714286
-0.10936490 0.83014024 0.50000000
-0.10936490 0.83014024 0.64285714
-0.10936490 0.83014024 0.78571429
-0.10936490 0.83014024 0.92857143
-0.10936490 0.91211653 -0.92857143
-0.10936490 0.91211653 -0.78571429
-0.10936490 0.91211653 -0.64285714
-0.10936490 0.91211653 -0.50000000
-0.10936490 0.91211653 -0.35714286
-0.10936490 0.91211653 -0.21428571
-0.10936490 0.91211653 -0.07142857
-0.10936490 0.91211653 0.07142857
-0.06837675 -0.76839740 -0.92857143
-0.02738861 -0.76839740 -1.00000000
-0.02738861 -0.80938555 -0.92857143
-0.02738861 -0.80938555 -0.78571429
-0.06837675 -0.76839740 -0.78571429
-0.02738861 -0.80938555 -0.64285714
-0.06837675 -0.76839740 -0.64285714
-0.02738861 -0.80938555 -0.50000000
-0.06837675 -0.76839740 -0.50000000
-0.02738861 -0.80938555 -0.35714286
-0.06837675 -0.76839740 -0.35714286
-0.02738861 -0.80938555 -0.21428571
-0.06837675 -0.76839740 -0.21428571
-0.02738861 -0.80938555 -0.07142857
-0.06837675 -0.76839740 -0.07142857
-0.02738861 -0.80938555 0.07142857
-0.06837675 -0.76839740 0.07142857
-0.02738861 -0.80938555 0.21428571
-0.06837675 -0.76839740 0.21428571
-0.02738861 -0.80938555 0.35714286
-0.06837675 -0.76839740 0.35714286
-0.02738861 -0.80938555 0.50000000
-0.06837675 -0.76839740 0.50000000
-0.02738861 -0.80938555 0.64285714
-0.06837675 -0.76839740 0.64285714
-0.02738861 -0.80938555 0.78571429
-0.06837675 -0.76839740 0.78571429
-0.02738861 -0.80938555 0.92857143
-0.06837675 -0.76839740 0.92857143
-0.02738861 -0.76839740 1.00000000
-0.02738861 -0.68642111 -1.00000000
-0.02738861 -0.68642111 1.00000000
-0.02738861 -0.60444483 -1.00000000
-0.02738861 -0.60444483 1.00000000
-0.02738861 -0.52246854 -1.00000000
-0.02738861 -0.52246854 1.00000000
-0.02738861 -0.44049225 -1.00000000
-0.02738861 -0.44049225 1.00000000
-0.02738861 -0.35851596 -1.00000000
-0.02738861 -0.35851596 1.00000000
-0.02738861 -0.27653967 -1.00000000
-0.02738861 -0.27653967 1.00000000
-0.02738861 -0.19456338 -1.00000000
-0.02738861 -0.19456338 1.00000000
-0.02738861 -0.11258709 -1.00000000
-0.02738861 -0.11258709 1.00000000
-0.02738861 -0.03061080 -1.00000000
-0.02738861 -0.03061080 1.00000000
-0.02738861 0.05136549 -1.00000000
-0.02738861 0.05136549 1.00000000
-0.02738861 0.13334178 -1.00000000
-0.02738861 0.13334178 1.00000000
-0.02738861 0.21531807 -1.00000000
-0.02738861 0.21531807 1.00000000
-0.02738861 0.29729436 -1.00000000
-0.02738861 0.29729436 1.00000000
-0.02738861 0.37927065 -1.00000000
-0.02738861 0.37927065 1.00000000
-0.02738861 0.46124694 -1.00000000
-0.02738861 0.46124694 1.00000000
-0.02738861 0.54322323 -1.00000000
-0.02738861 0.54322323 1.00000000
-0.02738861 0.62519952 -1.00000000
-0.02738861 0.62519952 1.00000000
-0.02738861 0.70717581 -1.00000000
-0.02738861 0.70717581 1.00000000
-0.02738861 0.78915210 -1.00000000
-0.02738861 0.78915210 1.00000000
-0.02738861 0.87112838 -1.00000000
-0.06837675 0.87112838 0.21428571
-0.02738861 0.87112838 0.28571429
-0.02738861 0.83014024 0.35714286
-0.02738861 0.83014024 0.50000000
-0.02738861 0.83014024 0.64285714
-0.02738861 0.83014024 0.78571429
-0.02738861 0.83014024 0.92857143
-0.02738861 0.91211653 -0.92857143
-0.02738861 0.91211653 -0.78571429
-0.02738861 0.91211653 -0.64285714
-0.02738861 0.91211653 -0.50000000
-0.02738861 0.91211653 -0.35714286
-0.02738861 0.91211653 -0.21428571
-0.02738861 0.91211653 -0.07142857
-0.02738861 0.91211653 0.07142857
-0.02738861 0.91211653 0.21428571
0.01359953 -0.85037369 -0.92857143
0.05458768 -0.85037369 -1.00000000
0.05458768 -0.89136184 -0.92857143
0.05458768 -0.89136184 -0.78571429
0.01359953 -0.85037369 -0.78571429
0.05458768 -0.89136184 -0.64285714
0.01359953 -0.85037369 -0.64285714
0.05458768 -0.89136184 -0.50000000
0.01359953 -0.85037369 -0.50000000
0.05458768 -0.89136184 -0.35714286
0.01359953 -0.85037369 -0.35714286
0.05458768 -0.89136184 -0.21428571
0.01359953 -0.85037369 -0.21428571
0.05458768 -0.89136184 -0.07142857
0.01359953 -0.85037369 -0.07142857
0.05458768 -0.89136184 0.07142857
0.01359953 -0.85037369 0.07142857
0.05458768 -0.89136184 0.21428571
0.01359953 -0.85037369 0.21428571
0.05458768 -0.89136184 0.35714286
0.01359953 -0.85037369 0.35714286
0.05458768 -0.89136184 0.50000000
0.01359953 -0.85037369 0.50000000
0.05458768 -0.89136184 0.64285714
0.01359953 -0.85037369 0.64285714
0.05458768 -0.89136184 0.78571429
0.01359953 -0.85037369 0.78571429
0.05458768 -0.89136184 0.92857143
0.01359953 -0.85037369 0.92857143
0.05458768 -0.85037369 1.00000000
0.05458768 -0.76839740 -1.00000000
0.05458768 -0.76839740 1.00000000
0.05458768 -0.68642111 -1.00000000
0.05458768 -0.68642111 1.00000000
0.05458768 -0.60444483 -1.00000000
0.05458768 -0.60444483 1.00000000
0.05458768 -0.52246854 -1.00000000
0.05458768 -0.52246854 1.00000000
0.05458768 -0.44049225 -1.00000000
0.05458768 -0.44049225 1.00000000
0.05458768 -0.35851596 -1.00000000
0.05458768 -0.35851596 1.00000000
0.05458768 -0.27653967 -1.00000000
0.05458768 -0.27653967 1.00000000
0.05458768 -0.19456338 -1.00000000
0.05458768 -0.19456338 1.00000000
0.05458768 -0.11258709 -1.00000000
0.05458768 -0.11258709 1.00000000
0.05458768 -0.03061080 -1.00000000
0.05458768 -0.03061080 1.00000000
0.05458768 0.05136549 -1.00000000
0.05458768 0.05136549 1.00000000
0.05458768 0.13334178 -1.00000000
0.05458768 0.13334178 1.00000000
0.05458768 0.21531807 -1.00000000
0.05458768 0.21531807 1.00000000
0.05458768 0.29729436 -1.00000000
0.05458768 0.29729436 1.00000000
0.05458768 0.37927065 -1.00000000
0.05458768 0.37927065 1.00000000
0.05458768 0.46124694 -1.00000000
0.05458768 0.46124694 1.00000000
0.05458768 0.54322323 -1.00000000
0.05458768 0.54322323 1.00000000
0.05458768 0.62519952 -1.00000000
0.05458768 0.62519952 1.00000000
0.05458768 0.70717581 -1.00000000
0.05458768 0.70717581 1.00000000
0.05458768 0.78915210 -1.00000000
0.05458768 0.78915210 1.00000000
0.05458768 0.83014024 -0.92857143
0.01359953 0.87112838 -0.92857143
0.01359953 0.87112838 -0.78571429
0.05458768 0.83014024 -0.78571429
0.01359953 0.87112838 -0.64285714
0.05458768 0.83014024 -0.64285714
0.01359953 0.87112838 -0.50000000
0.05458768 0.83014024 -0.50000000
0.01359953 0.87112838 -0.35714286
0.05458768 0.83014024 -0.35714286
0.01359953 0.87112838 -0.21428571
0.05458768 0.83014024 -0.21428571
0.01359953 0.87112838 -0.07142857
0.05458768 0.83014024 -0.07142857
0.01359953 0.87112838 0.07142857
0.05458768 0.83014024 0.07142857
0.01359953 0.87112838 0.21428571
0.05458768 0.83014024 0.21428571
0.05458768 0.83014024 0.35714286
0.05458768 0.83014024 0.50000000
0.05458768 0.83014024 0.64285714
0.05458768 0.83014024 0.78571429
0.05458768 0.83014024 0.92857143
0.13656397 -0.85037369 -1.00000000
0.13656397 -0.89136184 -0.92857143
0.13656397 -0.89136184 -0.78571429
0.13656397 -0.89136184 -0.64285714
0.13656397 -0.89136184 -0.50000000
0.13656397 -0.89136184 -0.35714286
0.13656397 -0.89136184 -0.21428571
0.13656397 -0.89136184 -0.07142857
0.13656397 -0.89136184 0.07142857
0.09557582 -0.85037369 0.21428571
0.13656397 -0.85037369 0.14285714
0.09557582 -0.85037369 0.35714286
0.09557582 -0.85037369 0.50000000
0.13656397 -0.85037369 0.57142857
0.13656397 -0.89136184 0.64285714
0.09557582 -0.85037369 0.78571429
0.13656397 -0.85037369 0.71428571
0.09557582 -0.85037369 0.92857143
0.13656397 -0.76839740 -1.00000000
0.13656397 -0.80938555 0.21428571
0.13656397 -0.80938555 0.35714286
0.13656397 -0.80938555 0.50000000
0.13656397 -0.80938555 0.78571429
0.13656397 -0.80938555 0.92857143
0.13656397 -0.76839740 1.00000000
0.13656397 -0.68642111 -1.00000000
0.13656397 -0.68642111 1.00000000
0.13656397 -0.60444483 -1.00000000
0.13656397 -0.60444483 1.00000000
0.13656397 -0.52246854 -1.00000000
0.13656397 -0.52246854 1.00000000
0.13656397 -0.44049225 -1.00000000
0.13656397 -0.44049225 1.00000000
0.13656397 -0.35851596 -1.00000000
0.13656397 -0.35851596 1.00000000
0.13656397 -0.27653967 -1.00000000
0.13656397 -0.27653967 1.00000000
0.13656397 -0.19456338 -1.00000000
0.13656397 -0.19456338 1.00000000
0.13656397 -0.11258709 -1.00000000
0.13656397 -0.11258709 1.00000000
0.13656397 -0.03061080 -1.00000000
0.13656397 -0.03061080 1.00000000
0.13656397 0.05136549 -1.00000000
0.13656397 0.05136549 1.00000000
0.13656397 0.13334178 -1.00000000
0.13656397 0.13334178 1.00000000
0.13656397 0.21531807 -1.00000000
0.13656397 0.21531807 1.00000000
0.13656397 0.29729436 -1.00000000
0.13656397 0.29729436 1.00000000
0.13656397 0.37927065 -1.00000000
0.13656397 0.37927065 1.00000000
0.13656397 0.46124694 -1.00000000
0.13656397 0.46124694 1.00000000
0.13656397 0.54322323 -1.00000000
0.13656397 0.54322323 1.00000000
0.13656397 0.62519952 -1.00000000
0.13656397 0.62519952 1.00000000
0.13656397 0.70717581 -1.00000000
0.13656397 0.70717581 1.00000000
0.13656397 0.74816395 -0.92857143
0.09557582 0.78915210 -0.92857143
0.09557582 0.78915210 -0.78571429
0.13656397 0.74816395 -0.78571429
0.09557582 0.78915210 -0.64285714
0.13656397 0.74816395 -0.64285714
0.09557582 0.78915210 -0.50000000
0.13656397 0.74816395 -0.50000000
0.09557582 0.78915210 -0.35714286
0.13656397 0.74816395 -0.35714286
0.09557582 0.78915210 -0.21428571
0.13656397 0.74816395 -0.21428571
0.09557582 0.78915210 -0.07142857
0.13656397 0.74816395 -0.07142857
0.09557582 0.78915210 0.07142857
0.13656397 0.74816395 0.07142857
0.09557582 0.78915210 0.21428571
0.13656397 0.74816395 0.21428571
0.09557582 0.78915210 0.35714286
0.13656397 0.74816395 0.35714286
0.09557582 0.78915210 0.50000000
0.13656397 0.74816395 0.50000000
0.09557582 0.78915210 0.64285714
0.13656397 0.74816395 0.64285714
0.09557582 0.78915210 0.78571429
0.13656397 0.74816395 0.78571429
0.09557582 0.78915210 0.92857143
0.13656397 0.74816395 0.92857143
0.17755211 -0.85037369 -0.92857143
0.17755211 -0.85037369 -0.78571429
0.17755211 -0.85037369 -0.64285714
0.17755211 -0.85037369 -0.50000000
0.17755211 -0.85037369 -0.35714286
0.17755211 -0.85037369 -0.21428571
0.17755211 -0.85037369 -0.07142857
0.17755211 -0.85037369 0.07142857
0.17755211 -0.85037369 0.64285714
0.17755211 -0.76839740 -0.92857143
0.17755211 -0.76839740 -0.78571429
0.17755211 -0.76839740 -0.64285714
0.17755211 -0.76839740 -0.50000000
0.17755211 -0.76839740 -0.35714286
0.17755211 -0.76839740 -0.21428571
0.17755211 -0.76839740 -0.07142857
0.17755211 -0.76839740 0.07142857
0.17755211 -0.76839740 0.21428571
0.17755211 -0.76839740 0.35714286
0.17755211 -0.76839740 0.50000000
0.17755211 -0.76839740 0.64285714
0.17755211 -0.76839740 0.78571429
0.17755211 -0.76839740 0.92857143
0.21854026 -0.68642111 -1.00000000
0.21854026 -0.72740926 -0.92857143
0.21854026 -0.72740926 -0.78571429
0.21854026 -0.72740926 -0.64285714
0.21854026 -0.72740926 -0.50000000
0.21854026 -0.72740926 -0.35714286
0.21854026 -0.72740926 -0.21428571
0.21854026 -0.72740926 -0.07142857
0.21854026 -0.72740926 0.07142857
0.21854026 -0.72740926 0.21428571
0.21854026 -0.72740926 0.35714286
0.21854026 -0.72740926 0.50000000
0.21854026 -0.72740926 0.64285714
0.21854026 -0.72740926 0.78571429
0.21854026 -0.72740926 0.92857143
0.21854026 -0.68642111 1.00000000
0.21854026 -0.60444483 -1.00000000
0.21854026 -0.60444483 1.00000000
0.21854026 -0.52246854 -1.00000000
0.21854026 -0.52246854 1.00000000
0.21854026 -0.44049225 -1.00000000
0.21854026 -0.44049225 1.00000000
0.21854026 -0.35851596 -1.00000000
0.21854026 -0.35851596 1.00000000
0.21854026 -0.27653967 -1.00000000
0.21854026 -0.27653967 1.00000000
0.21854026 -0.19456338 -1.00000000
0.21854026 -0.19456338 1.00000000
0.21854026 -0.11258709 -1.00000000
0.21854026 -0.11258709 1.00000000
0.21854026 -0.03061080 -1.00000000
0.21854026 -0.03061080 1.00000000
0.21854026 0.05136549 -1.00000000
0.21854026 0.05136549 1.00000000
0.21854026 0.13334178 -1.00000000
0.21854026 0.13334178 1.00000000
0.21854026 0.21531807 -1.00000000
0.21854026 0.21531807 1.00000000
0.21854026 0.29729436 -1.00000000
0.21854026 0.29729436 1.00000000
0.21854026 0.37927065 -1.00000000
0.21854026 0.37927065 1.00000000
0.21854026 0.46124694 -1.00000000
0.21854026 0.46124694 1.00000000
0.21854026 0.54322323 -1.00000000
0.21854026 0.54322323 1.00000000
0.21854026 0.62519952 -1.00000000
0.21854026 0.62519952 1.00000000
0.21854026 0.70717581 -1.00000000
0.17755211 0.70717581 -0.78571429
0.21854026 0.66618766 -0.78571429
0.21854026 0.70717581 -0.85714286
0.17755211 0.70717581 -0.64285714
0.21854026 0.66618766 -0.64285714
0.17755211 0.70717581 -0.50000000
0.21854026 0.66618766 -0.50000000
0.17755211 0.70717581 -0.35714286
0.21854026 0.66618766 -0.35714286
0.17755211 0.70717581 -0.21428571
0.21854026 0.66618766 -0.21428571
0.17755211 0.70717581 -0.07142857
0.21854026 0.66618766 -0.07142857
0.17755211 0.70717581 0.07142857
0.21854026 0.66618766 0.07142857
0.17755211 0.70717581 0.21428571
0.21854026 0.66618766 0.21428571
0.17755211 0.70717581 0.35714286
0.21854026 0.66618766 0.35714286
0.17755211 0.70717581 0.50000000
0.21854026 0.66618766 0.50000000
0.17755211 0.70717581 0.64285714
0.21854026 0.66618766 0.64285714
0.17755211 0.70717581 0.78571429
0.21854026 0.66618766 0.78571429
0.17755211 0.70717581 0.92857143
0.21854026 0.66618766 0.92857143
0.21854026 0.74816395 -0.92857143
0.25952840 -0.68642111 -0.92857143
0.25952840 -0.68642111 -0.78571429
0.25952840 -0.68642111 -0.64285714
0.25952840 -0.68642111 -0.50000000
0.25952840 -0.68642111 -0.35714286
0.25952840 -0.68642111 -0.21428571
0.25952840 -0.68642111 -0.07142857
0.25952840 -0.68642111 0.07142857
0.25952840 -0.68642111 0.21428571
0.25952840 -0.68642111 0.35714286
0.25952840 -0.68642111 0.50000000
0.25952840 -0.68642111 0.64285714
0.25952840 -0.68642111 0.78571429
0.25952840 -0.68642111 0.92857143
0.30051655 -0.60444483 -1.00000000
0.30051655 -0.64543297 -0.92857143
0.30051655 -0.64543297 -0.78571429
0.30051655 -0.64543297 -0.64285714
0.30051655 -0.64543297 -0.50000000
0.30051655 -0.64543297 -0.35714286
0.30051655 -0.64543297 -0.21428571
0.30051655 -0.64543297 -0.07142857
0.30051655 -0.64543297 0.07142857
0.30051655 -0.64543297 0.21428571
0.30051655 -0.64543297 0.35714286
0.30051655 -0.64543297 0.50000000
0.30051655 -0.64543297 0.64285714
0.30051655 -0.64543297 0.78571429
0.30051655 -0.64543297 0.92857143
0.30051655 -0.60444483 1.00000000
0.30051655 -0.52246854 -1.00000000
0.30051655 -0.52246854 1.00000000
0.30051655 -0.44049225 -1.00000000
0.30051655 -0.44049225 1.00000000
0.30051655 -0.35851596 -1.00000000
0.30051655 -0.35851596 1.00000000
0.30051655 -0.27653967 -1.00000000
0.30051655 -0.27653967 1.00000000
0.30051655 -0.19456338 -1.00000000
0.30051655 -0.19456338 1.00000000
0.30051655 -0.11258709 -1.00000000
0.30051655 -0.11258709 1.00000000
0.30051655 -0.03061080 -1.00000000
0.30051655 -0.03061080 1.00000000
0.30051655 0.05136549 -1.00000000
0.30051655 0.05136549 1.00000000
0.30051655 0.13334178 -1.00000000
0.30051655 0.13334178 1.00000000
0.30051655 0.21531807 -1.00000000
0.30051655 0.21531807 1.00000000
0.30051655 0.29729436 -1.00000000
0.30051655 0.29729436 1.00000000
0.30051655 0.37927065 -1.00000000
0.30051655 0.37927065 1.00000000
0.30051655 0.46124694 -1.00000000
0.30051655 0.46124694 1.00000000
0.30051655 0.54322323 -1.00000000
0.30051655 0.54322323 1.00000000
0.30051655 0.62519952 -1.00000000
0.25952840 0.62519952 0.92857143
0.30051655 0.58421137 0.92857143
0.30051655 0.62519952 0.85714286
0.30051655 0.66618766 -0.92857143
0.25952840 0.70717581 -0.92857143
0.30051655 0.66618766 -0.78571429
0.30051655 0.66618766 -0.64285714
0.30051655 0.66618766 -0.50000000
0.30051655 0.66618766 -0.35714286
0.30051655 0.66618766 -0.21428571
0.30051655 0.66618766 -0.07142857
0.30051655 0.66618766 0.07142857
0.30051655 0.66618766 0.21428571
0.30051655 0.66618766 0.35714286
0.30051655 0.66618766 0.50000000
0.30051655 0.66618766 0.64285714
0.30051655 0.66618766 0.78571429
0.34150469 -0.60444483 -0.92857143
0.34150469 -0.60444483 -0.78571429
0.34150469 -0.60444483 -0.64285714
0.34150469 -0.60444483 -0.50000000
0.34150469 -0.60444483 -0.35714286
0.38249284 -0.60444483 -0.28571429
0.38249284 -0.64543297 -0.21428571
0.38249284 -0.64543297 -0.07142857
0.34150469 -0.60444483 0.07142857
0.38249284 -0.60444483 0.00000000
0.34150469 -0.60444483 0.21428571
0.34150469 -0.60444483 0.35714286
0.34150469 -0.60444483 0.50000000
0.34150469 -0.60444483 0.64285714
0.34150469 -0.60444483 0.78571429
0.34150469 -0.60444483 0.92857143
0.38249284 -0.52246854 -1.00000000
0.38249284 -0.56345668 -0.92857143
0.38249284 -0.56345668 -0.78571429
0.38249284 -0.56345668 -0.64285714
0.38249284 -0.56345668 -0.50000000
0.38249284 -0.56345668 -0.35714286
0.38249284 -0.56345668 0.07142857
0.38249284 -0.56345668 0.21428571
0.38249284 -0.56345668 0.35714286
0.38249284 -0.56345668 0.50000000
0.38249284 -0.56345668 0.64285714
0.38249284 -0.56345668 0.78571429
0.38249284 -0.56345668 0.92857143
0.38249284 -0.52246854 1.00000000
0.38249284 -0.44049225 -1.00000000
0.38249284 -0.44049225 1.00000000
0.38249284 -0.35851596 -1.00000000
0.38249284 -0.35851596 1.00000000
0.38249284 -0.27653967 -1.00000000
0.38249284 -0.27653967 1.00000000
0.38249284 -0.19456338 -1.00000000
0.38249284 -0.19456338 1.00000000
0.38249284 -0.11258709 -1.00000000
0.38249284 -0.11258709 1.00000000
0.38249284 -0.03061080 -1.00000000
0.38249284 -0.03061080 1.00000000
0.38249284 0.05136549 -1.00000000
0.38249284 0.05136549 1.00000000
0.38249284 0.13334178 -1.00000000
0.38249284 0.13334178 1.00000000
0.38249284 0.21531807 -1.00000000
0.38249284 0.21531807 1.00000000
0.38249284 0.29729436 -1.00000000
0.38249284 0.29729436 1.00000000
0.38249284 0.37927065 -1.00000000
0.38249284 0.37927065 1.00000000
0.38249284 0.46124694 -1.00000000
0.38249284 0.46124694 1.00000000
0.38249284 0.54322323 -1.00000000
0.38249284 0.54322323 1.00000000
0.38249284 0.58421137 -0.92857143
0.34150469 0.62519952 -0.92857143
0.34150469 0.62519952 -0.78571429
0.38249284 0.58421137 -0.78571429
0.34150469 0.62519952 -0.64285714
0.38249284 0.58421137 -0.64285714
0.34150469 0.62519952 -0.50000000
0.38249284 0.58421137 -0.50000000
0.34150469 0.62519952 -0.35714286
0.38249284 0.58421137 -0.35714286
0.34150469 0.62519952 -0.21428571
0.38249284 0.58421137 -0.21428571
0.34150469 0.62519952 -0.07142857
0.38249284 0.58421137 -0.07142857
0.34150469 0.62519952 0.07142857
0.38249284 0.58421137 0.07142857
0.34150469 0.62519952 0.21428571
0.38249284 0.58421137 0.21428571
0.34150469 0.62519952 0.35714286
0.38249284 0.58421137 0.35714286
0.34150469 0.62519952 0.50000000
0.38249284 0.58421137 0.50000000
0.34150469 0.62519952 0.64285714
0.38249284 0.58421137 0.64285714
0.34150469 0.62519952 0.78571429
0.38249284 0.58421137 0.78571429
0.38249284 0.58421137 0.92857143
0.42348098 -0.60444483 -0.21428571
0.42348098 -0.60444483 -0.07142857
0.42348098 -0.52246854 -0.92857143
0.42348098 -0.52246854 -0.78571429
0.42348098 -0.52246854 -0.64285714
0.42348098 -0.52246854 -0.50000000
0.42348098 -0.52246854 -0.35714286
0.42348098 -0.52246854 -0.21428571
0.42348098 -0.52246854 -0.07142857
0.42348098 -0.52246854 0.07142857
0.42348098 -0.52246854 0.21428571
0.42348098 -0.52246854 0.35714286
0.42348098 -0.52246854 0.50000000
0.42348098 -0.52246854 0.64285714
0.42348098 -0.52246854 0.78571429
0.42348098 -0.52246854 0.92857143
0.46446913 -0.44049225 -1.00000000
0.46446913 -0.48148039 -0.92857143
0.46446913 -0.48148039 -0.78571429
0.46446913 -0.48148039 -0.64285714
0.46446913 -0.48148039 -0.50000000
0.46446913 -0.48148039 -0.35714286
0.46446913 -0.48148039 -0.21428571
0.46446913 -0.48148039 -0.07142857
0.46446913 -0.48148039 0.07142857
0.46446913 -0.48148039 0.21428571
0.46446913 -0.48148039 0.35714286
0.46446913 -0.48148039 0.50000000
0.46446913 -0.48148039 0.64285714
0.46446913 -0.48148039 0.78571429
0.46446913 -0.48148039 0.92857143
0.46446913 -0.44049225 1.00000000
0.46446913 -0.35851596 -1.00000000
0.46446913 -0.35851596 1.00000000
0.46446913 -0.27653967 -1.00000000
0.46446913 -0.27653967 1.00000000
0.46446913 -0.19456338 -1.00000000
0.46446913 -0.19456338 1.00000000
0.46446913 -0.11258709 -1.00000000
0.46446913 -0.11258709 1.00000000
0.46446913 -0.03061080 -1.00000000
0.46446913 -0.03061080 1.00000000
0.46446913 0.05136549 -1.00000000
0.46446913 0.05136549 1.00000000
0.46446913 0.13334178 -1.00000000
0.46446913 0.13334178 1.00000000
0.46446913 0.21531807 -1.00000000
0.46446913 0.21531807 1.00000000
0.46446913 0.29729436 -1.00000000
0.46446913 0.29729436 1.00000000
0.46446913 0.37927065 -1.00000000
0.46446913 0.37927065 1.00000000
0.46446913 0.46124694 -1.00000000
0.42348098 0.46124694 0.92857143
0.46446913 0.42025879 0.92857143
0.46446913 0.46124694 0.85714286
0.46446913 0.50223508 -0.92857143
0.42348098 0.54322323 -0.92857143
0.42348098 0.54322323 -0.78571429
0.46446913 0.50223508 -0.78571429
0.42348098 0.54322323 -0.64285714
0.46446913 0.50223508 -0.64285714
0.42348098 0.54322323 -0.50000000
0.46446913 0.50223508 -0.50000000
0.42348098 0.54322323 -0.35714286
0.46446913 0.50223508 -0.35714286
0.42348098 0.54322323 -0.21428571
0.46446913 0.50223508 -0.21428571
0.42348098 0.54322323 -0.07142857
0.46446913 0.50223508 -0.07142857
0.42348098 0.54322323 0.07142857
0.46446913 0.50223508 0.07142857
0.42348098 0.54322323 0.21428571
0.46446913 0.50223508 0.21428571
0.42348098 0.54322323 0.35714286
0.46446913 0.50223508 0.35714286
0.42348098 0.54322323 0.50000000
0.46446913 0.50223508 0.50000000
0.42348098 0.54322323 0.64285714
0.46446913 0.50223508 0.64285714
0.42348098 0.54322323 0.78571429
0.46446913 0.50223508 0.78571429
0.42348098 0.54322323 0.92857143
0.50545727 -0.44049225 -0.92857143
0.50545727 -0.44049225 -0.78571429
0.50545727 -0.44049225 -0.64285714
0.50545727 -0.44049225 -0.50000000
0.50545727 -0.44049225 -0.35714286
0.50545727 -0.44049225 -0.21428571
0.50545727 -0.44049225 -0.07142857
0.50545727 -0.44049225 0.07142857
0.50545727 -0.44049225 0.21428571
0.50545727 -0.44049225 0.35714286
0.50545727 -0.44049225 0.50000000
0.50545727 -0.44049225 0.64285714
0.50545727 -0.44049225 0.78571429
0.50545727 -0.44049225 0.92857143
0.54644542 -0.35851596 -1.00000000
0.54644542 -0.39950410 -0.92857143
0.54644542 -0.39950410 -0.78571429
0.54644542 -0.39950410 -0.64285714
0.54644542 -0.39950410 -0.50000000
0.54644542 -0.39950410 -0.35714286
0.54644542 -0.39950410 -0.21428571
0.54644542 -0.39950410 -0.07142857
0.54644542 -0.39950410 0.07142857
0.54644542 -0.39950410 0.21428571
0.54644542 -0.39950410 0.35714286
0.54644542 -0.39950410 0.50000000
0.54644542 -0.39950410 0.64285714
0.54644542 -0.39950410 0.78571429
0.54644542 -0.39950410 0.92857143
0.54644542 -0.35851596 1.00000000
0.54644542 -0.27653967 -1.00000000
0.54644542 -0.27653967 1.00000000
0.54644542 -0.19456338 -1.00000000
0.54644542 -0.19456338 1.00000000
0.54644542 -0.11258709 -1.00000000
0.54644542 -0.11258709 1.00000000
0.54644542 -0.03061080 -1.00000000
0.54644542 -0.03061080 1.00000000
0.54644542 0.05136549 -1.00000000
0.54644542 0.05136549 1.00000000
0.54644542 0.13334178 -1.00000000
0.54644542 0.13334178 1.00000000
0.54644542 0.21531807 -1.00000000
0.54644542 0.21531807 1.00000000
0.54644542 0.29729436 -1.00000000
0.50545727 0.29729436 0.92857143
0.54644542 0.25630621 0.92857143
0.54644542 0.29729436 0.85714286
0.54644542 0.37927065 -1.00000000
0.50545727 0.37927065 0.78571429
0.54644542 0.33828250 0.78571429
0.54644542 0.37927065 0.71428571
0.50545727 0.37927065 0.92857143
0.54644542 0.42025879 -0.92857143
0.50545727 0.46124694 -0.92857143
0.50545727 0.46124694 -0.78571429
0.54644542 0.42025879 -0.78571429
0.50545727 0.46124694 -0.64285714
0.54644542 0.42025879 -0.64285714
0.50545727 0.46124694 -0.50000000
0.54644542 0.42025879 -0.50000000
0.50545727 0.46124694 -0.35714286
0.54644542 0.42025879 -0.35714286
0.50545727 0.46124694 -0.21428571
0.54644542 0.42025879 -0.21428571
0.50545727 0.46124694 -0.07142857
0.54644542 0.42025879 -0.07142857
0.50545727 0.46124694 0.07142857
0.54644542 0.42025879 0.07142857
0.50545727 0.46124694 0.21428571
0.54644542 0.42025879 0.21428571
0.50545727 0.46124694 0.35714286
0.54644542 0.42025879 0.35714286
0.50545727 0.46124694 0.50000000
0.54644542 0.42025879 0.50000000
0.50545727 0.46124694 0.64285714
0.54644542 0.42025879 0.64285714
0.50545727 0.46124694 0.78571429
0.58743356 -0.35851596 -0.92857143
0.58743356 -0.35851596 -0.78571429
0.58743356 -0.35851596 -0.64285714
0.58743356 -0.35851596 -0.50000000
0.58743356 -0.35851596 -0.35714286
0.58743356 -0.35851596 -0.21428571
0.58743356 -0.35851596 -0.07142857
0.58743356 -0.35851596 0.07142857
0.58743356 -0.35851596 0.21428571
0.58743356 -0.35851596 0.35714286
0.58743356 -0.35851596 0.50000000
0.58743356 -0.35851596 0.64285714
0.58743356 -0.35851596 0.78571429
0.58743356 -0.35851596 0.92857143
0.62842171 -0.27653967 -1.00000000
0.62842171 -0.31752781 -0.92857143
0.62842171 -0.31752781 -0.78571429
0.62842171 -0.31752781 -0.64285714
0.62842171 -0.31752781 -0.50000000
0.62842171 -0.31752781 -0.35714286
0.62842171 -0.31752781 -0.21428571
0.62842171 -0.31752781 -0.07142857
0.62842171 -0.31752781 0.07142857
0.62842171 -0.31752781 0.21428571
0.62842171 -0.31752781 0.35714286
0.62842171 -0.31752781 0.50000000
0.62842171 -0.31752781 0.64285714
0.62842171 -0.27653967 0.71428571
0.58743356 -0.27653967 0.78571429
0.58743356 -0.27653967 0.92857143
0.62842171 -0.19456338 -1.00000000
0.62842171 -0.23555152 0.78571429
0.62842171 -0.23555152 0.92857143
0.62842171 -0.19456338 1.00000000
0.62842171 -0.11258709 -1.00000000
0.62842171 -0.11258709 1.00000000
0.62842171 -0.03061080 -1.00000000
0.62842171 -0.03061080 1.00000000
0.62842171 0.05136549 -1.00000000
0.58743356 0.05136549 0.92857143
0.62842171 0.01037735 0.92857143
0.62842171 0.05136549 0.85714286
0.62842171 0.13334178 -1.00000000
0.58743356 0.13334178 0.78571429
0.62842171 0.09235363 0.78571429
0.62842171 0.13334178 0.71428571
0.58743356 0.13334178 0.92857143
0.62842171 0.21531807 -1.00000000
0.58743356 0.21531807 0.78571429
0.62842171 0.21531807 0.71428571
0.58743356 0.21531807 0.92857143
0.62842171 0.29729436 -1.00000000
0.58743356 0.29729436 0.78571429
0.62842171 0.29729436 0.71428571
0.62842171 0.33828250 -0.92857143
0.58743356 0.37927065 -0.92857143
0.58743356 0.37927065 -0.78571429
0.62842171 0.33828250 -0.78571429
0.58743356 0.37927065 -0.64285714
0.62842171 0.33828250 -0.64285714
0.58743356 0.37927065 -0.50000000
0.62842171 0.33828250 -0.50000000
0.58743356 0.37927065 -0.35714286
0.62842171 0.33828250 -0.35714286
0.58743356 0.37927065 -0.21428571
0.62842171 0.33828250 -0.21428571
0.58743356 0.37927065 -0.07142857
0.62842171 0.33828250 -0.07142857
0.58743356 0.37927065 0.07142857
0.62842171 0.33828250 0.07142857
0.58743356 0.37927065 0.21428571
0.62842171 0.33828250 0.21428571
0.58743356 0.37927065 0.35714286
0.62842171 0.33828250 0.35714286
0.58743356 0.37927065 0.50000000
0.62842171 0.33828250 0.50000000
0.58743356 0.37927065 0.64285714
0.62842171 0.33828250 0.64285714
0.66940985 -0.27653967 -0.92857143
0.66940985 -0.27653967 -0.78571429
0.66940985 -0.27653967 -0.64285714
0.66940985 -0.27653967 -0.50000000
0.66940985 -0.27653967 -0.35714286
0.66940985 -0.27653967 -0.21428571
0.66940985 -0.27653967 -0.07142857
0.66940985 -0.27653967 0.07142857
0.66940985 -0.27653967 0.21428571
0.66940985 -0.27653967 0.35714286
0.66940985 -0.27653967 0.50000000
0.66940985 -0.27653967 0.64285714
0.66940985 -0.19456338 -0.92857143
0.66940985 -0.19456338 -0.78571429
0.66940985 -0.19456338 -0.64285714
0.71039800 -0.19456338 -0.57142857
0.71039800 -0.23555152 -0.50000000
0.71039800 -0.23555152 -0.35714286
0.71039800 -0.23555152 -0.21428571
0.71039800 -0.23555152 -0.07142857
0.71039800 -0.23555152 0.07142857
0.71039800 -0.23555152 0.21428571
0.71039800 -0.23555152 0.35714286
0.71039800 -0.19456338 0.42857143
0.66940985 -0.19456338 0.50000000
0.66940985 -0.19456338 0.64285714
0.66940985 -0.19456338 0.78571429
0.66940985 -0.19456338 0.92857143
0.71039800 -0.11258709 -1.00000000
0.71039800 -0.15357523 -0.92857143
0.71039800 -0.15357523 -0.78571429
0.71039800 -0.15357523 -0.64285714
0.71039800 -0.15357523 0.50000000
0.71039800 -0.15357523 0.64285714
0.71039800 -0.15357523 0.78571429
0.71039800 -0.11258709 0.85714286
0.66940985 -0.11258709 0.92857143
0.71039800 -0.03061080 -1.00000000
0.66940985 -0.03061080 0.78571429
0.71039800 -0.07159894 0.78571429
0.71039800 -0.03061080 0.71428571
0.66940985 -0.03061080 0.92857143
0.71039800 0.05136549 -1.00000000
0.66940985 0.05136549 0.78571429
0.71039800 0.05136549 0.71428571
0.71039800 0.13334178 -1.00000000
0.66940985 0.13334178 0.64285714
0.71039800 0.09235363 0.64285714
0.71039800 0.13334178 0.57142857
0.71039800 0.21531807 -1.00000000
0.66940985 0.21531807 0.50000000
0.71039800 0.17432992 0.50000000
0.71039800 0.21531807 0.42857143
0.66940985 0.21531807 0.64285714
0.71039800 0.25630621 -0.92857143
0.66940985 0.29729436 -0.92857143
0.66940985 0.29729436 -0.78571429
0.71039800 0.25630621 -0.78571429
0.66940985 0.29729436 -0.64285714
0.71039800 0.25630621 -0.64285714
0.66940985 0.29729436 -0.50000000
0.71039800 0.25630621 -0.50000000
0.66940985 0.29729436 -0.35714286
0.71039800 0.25630621 -0.35714286
0.66940985 0.29729436 -0.21428571
0.71039800 0.25630621 -0.21428571
0.66940985 0.29729436 -0.07142857
0.71039800 0.25630621 -0.07142857
0.66940985 0.29729436 0.07142857
0.71039800 0.25630621 0.07142857
0.66940985 0.29729436 0.21428571
0.71039800 0.25630621 0.21428571
0.66940985 0.29729436 0.35714286
0.71039800 0.25630621 0.35714286
0.66940985 0.29729436 0.50000000
0.66940985 0.29729436 0.64285714
0.75138614 -0.19456338 -0.50000000
0.75138614 -0.19456338 -0.35714286
0.75138614 -0.19456338 -0.21428571
0.75138614 -0.19456338 -0.07142857
0.75138614 -0.19456338 0.07142857
0.75138614 -0.19456338 0.21428571
0.75138614 -0.19456338 0.35714286
0.75138614 -0.11258709 -0.92857143
0.75138614 -0.11258709 -0.78571429
0.75138614 -0.11258709 -0.64285714
0.75138614 -0.11258709 -0.50000000
0.75138614 -0.11258709 -0.35714286
0.75138614 -0.11258709 -0.21428571
0.75138614 -0.11258709 -0.07142857
0.75138614 -0.11258709 0.07142857
0.75138614 -0.11258709 0.21428571
0.75138614 -0.11258709 0.35714286
0.75138614 -0.11258709 0.50000000
0.75138614 -0.11258709 0.64285714
0.75138614 -0.11258709 0.78571429
0.79237428 -0.03061080 -1.00000000
0.79237428 -0.07159894 -0.92857143
0.79237428 -0.07159894 -0.78571429
0.79237428 -0.07159894 -0.64285714
0.79237428 -0.07159894 -0.50000000
0.79237428 -0.07159894 -0.35714286
0.79237428 -0.07159894 -0.21428571
0.79237428 -0.07159894 -0.07142857
0.79237428 -0.07159894 0.07142857
0.79237428 -0.07159894 0.21428571
0.79237428 -0.07159894 0.35714286
0.79237428 -0.03061080 0.42857143
0.75138614 -0.03061080 0.50000000
0.75138614 -0.03061080 0.64285714
0.79237428 0.05136549 -1.00000000
0.75138614 0.05136549 0.50000000
0.79237428 0.05136549 0.42857143
0.75138614 0.05136549 0.64285714
0.79237428 0.13334178 -1.00000000
0.75138614 0.13334178 0.35714286
0.79237428 0.09235363 0.35714286
0.79237428 0.13334178 0.28571429
0.75138614 0.13334178 0.50000000
0.79237428 0.17432992 -0.92857143
0.75138614 0.21531807 -0.92857143
0.75138614 0.21531807 -0.78571429
0.79237428 0.17432992 -0.78571429
0.75138614 0.21531807 -0.64285714
0.79237428 0.17432992 -0.64285714
0.75138614 0.21531807 -0.50000000
0.79237428 0.17432992 -0.50000000
0.75138614 0.21531807 -0.35714286
0.79237428 0.17432992 -0.35714286
0.75138614 0.21531807 -0.21428571
0.79237428 0.17432992 -0.21428571
0.75138614 0.21531807 -0.07142857
0.79237428 0.17432992 -0.07142857
0.75138614 0.21531807 0.07142857
0.79237428 0.17432992 0.07142857
0.75138614 0.21531807 0.21428571
0.79237428 0.17432992 0.21428571
0.75138614 0.21531807 0.35714286
0.83336243 -0.03061080 -0.92857143
0.83336243 -0.03061080 -0.78571429
0.83336243 -0.03061080 -0.64285714
0.83336243 -0.03061080 -0.50000000
0.83336243 -0.03061080 -0.35714286
0.83336243 -0.03061080 -0.21428571
0.83336243 -0.03061080 -0.07142857
0.83336243 -0.03061080 0.07142857
0.83336243 -0.03061080 0.21428571
0.83336243 -0.03061080 0.35714286
0.87435057 0.05136549 -1.00000000
0.87435057 0.01037735 -0.92857143
0.87435057 0.01037735 -0.78571429
0.87435057 0.01037735 -0.64285714
0.87435057 0.01037735 -0.50000000
0.87435057 0.01037735 -0.35714286
0.87435057 0.01037735 -0.21428571
0.87435057 0.01037735 -0.07142857
0.87435057 0.01037735 0.07142857
0.87435057 0.05136549 0.14285714
0.83336243 0.05136549 0.21428571
0.83336243 0.05136549 0.35714286
0.87435057 0.13334178 -1.00000000
0.83336243 0.13334178 0.07142857
0.87435057 0.09235363 0.07142857
0.87435057 0.13334178 0.00000000
0.83336243 0.13334178 0.21428571
0.87435057 0.17432992 -0.92857143
0.87435057 0.17432992 -0.78571429
0.87435057 0.17432992 -0.64285714
0.87435057 0.17432992 -0.50000000
0.87435057 0.17432992 -0.35714286
0.87435057 0.17432992 -0.21428571
0.87435057 0.17432992 -0.07142857
0.91533872 0.05136549 -0.92857143
0.91533872 0.05136549 -0.78571429
0.91533872 0.05136549 -0.64285714
0.91533872 0.05136549 -0.50000000
0.91533872 0.05136549 -0.35714286
0.91533872 0.05136549 -0.21428571
0.91533872 0.05136549 -0.07142857
0.91533872 0.05136549 0.07142857
0.91533872 0.13334178 -0.92857143
0.91533872 0.13334178 -0.78571429
0.91533872 0.13334178 -0.64285714
0.91533872 0.13334178 -0.50000000
0.91533872 0.13334178 -0.35714286
0.91533872 0.13334178 -0.21428571
0.91533872 0.13334178 -0.07142857
3 2 1 0
3 4 3 0
3 0 3 2
3 6 5 4
3 4 5 3
3 8 7 6
3 6 7 5
3 10 9 8
3 8 9 7
3 12 11 10
3 10 11 9
3 14 13 12
3 12 13 11
3 16 15 14
3 14 15 13
3 18 17 16
3 16 17 15
3 20 19 18
3 18 19 17
3 22 21 20
3 20 21 19
3 24 23 22
3 22 23 21
3 26 25 24
3 24 25 23
3 28 27 26
3 26 27 25
3 28 29 27
3 0 1 30
3 30 1 31
3 0 32 4
3 0 30 32
3 4 33 6
3 4 32 33
3 6 34 8
3 6 33 34
3 8 35 10
3 8 34 35
3 10 36 12
3 10 35 36
3 12 37 14
3 12 36 37
3 14 38 16
3 14 37 38
3 16 39 18
3 16 38 39
3 18 40 20
3 18 39 40
3 20 41 22
3 20 40 41
3 22 42 24
3 22 41 42
3 24 43 26
3 24 42 43
3 26 44 28
3 26 43 44
3 29 28 45
3 45 28 44
3 31 46 30
3 30 46 32
3 32 46 47
3 32 47 33
3 33 47 48
3 33 48 34
3 34 48 49
3 34 49 35
3 35 49 50
3 35 50 36
3 36 50 51
3 36 51 37
3 37 51 52
3 37 52 38
3 38 52 53
3 38 53 39
3 39 53 54
3 39 54 40
3 40 54 55
3 40 55 41
3 41 55 56
3 41 56 42
3 42 56 57
3 42 57 43
3 43 57 58
3 60 59 58
3 59 43 58
3 59 44 43
3 45 44 61
3 61 44 59
3 60 62 59
3 59 62 61
3 65 64 63
3 63 66 65
3 69 68 67
3 67 70 69
3 72 71 2
3 2 71 1
3 73 2 3
3 73 72 2
3 74 3 5
3 74 73 3
3 75 5 7
3 75 74 5
3 76 7 9
3 76 75 7
3 77 9 11
3 77 76 9
3 78 11 13
3 78 77 11
3 79 13 15
3 79 78 13
3 80 15 17
3 80 79 15
3 19 63 64
3 80 19 64
3 17 19 80
3 81 66 63
3 19 81 63
3 21 81 19
3 82 21 23
3 82 81 21
3 83 23 25
3 83 82 23
3 27 67 68
3 83 27 68
3 25 27 83
3 27 29 67
3 29 70 67
3 29 84 70
3 71 31 1
3 85 31 71
3 45 84 29
3 45 86 84
3 46 31 87
3 31 88 87
3 31 85 88
3 89 47 46
3 89 46 87
3 90 48 47
3 90 47 89
3 91 49 48
3 91 48 90
3 92 50 49
3 92 49 91
3 93 51 50
3 93 50 92
3 94 52 51
3 94 51 93
3 95 53 52
3 95 52 94
3 96 54 53
3 96 53 95
3 97 55 54
3 97 54 96
3 98 56 55
3 98 55 97
3 99 57 56
3 99 56 98
3 100 58 57
3 100 57 99
3 100 60 58
3 61 86 45
3 61 101 86
3 88 102 87
3 87 102 89
3 89 102 103
3 89 103 90
3 90 103 104
3 90 104 91
3 91 104 105
3 91 105 92
3 92 105 106
3 92 106 93
3 93 106 107
3 93 107 94
3 94 107 108
3 94 108 95
3 95 108 109
3 95 109 96
3 96 109 110
3 96 110 97
3 97 110 111
3 97 111 98
3 98 111 112
3 98 112 99
3 99 112 113
3 99 113 100
3 100 113 114
3 100 114 60
3 114 62 60
3 114 115 62
3 61 62 101
3 101 62 115
3 118 117 116
3 120 119 116
3 116 119 118
3 122 121 120
3 120 121 119
3 124 123 122
3 122 123 121
3 126 125 124
3 124 125 123
3 128 127 126
3 126 127 125
3 130 129 128
3 128 129 127
3 132 131 130
3 130 131 129
3 134 133 132
3 132 133 131
3 64 65 134
3 65 133 134
3 65 135 133
3 137 136 66
3 136 65 66
3 136 135 65
3 139 138 137
3 137 138 136
3 141 140 139
3 139 140 138
3 68 69 141
3 69 140 141
3 69 142 140
3 69 70 142
3 142 70 143
3 116 117 72
3 117 71 72
3 117 144 71
3 116 72 73
3 116 73 120
3 120 73 74
3 120 74 122
3 122 74 75
3 122 75 124
3 124 75 76
3 124 76 126
3 126 76 77
3 126 77 128
3 128 77 78
3 128 78 130
3 130 78 79
3 130 79 132
3 132 79 80
3 132 80 134
3 134 80 64
3 81 137 66
3 137 81 82
3 137 82 139
3 139 82 83
3 139 83 141
3 141 83 68
3 84 143 70
3 84 145 143
3 144 85 71
3 146 85 144
3 86 145 84
3 86 147 145
3 146 88 85
3 148 88 146
3 101 147 86
3 101 149 147
3 102 88 150
3 88 151 150
3 88 148 151
3 152 103 102
3 152 102 150
3 153 104 103
3 153 103 152
3 154 105 104
3 154 104 153
3 155 106 105
3 155 105 154
3 156 107 106
3 156 106 155
3 157 108 107
3 157 107 156
3 158 109 108
3 158 108 157
3 159 110 109
3 159 109 158
3 160 111 110
3 160 110 159
3 161 112 111
3 161 111 160
3 162 113 112
3 162 112 161
3 163 114 113
3 163 113 162
3 164 115 114
3 164 114 163
3 164 165 115
3 165 101 115
3 165 149 101
3 151 166 150
3 150 166 152
3 152 166 167
3 152 167 153
3 153 167 168
3 153 168 154
3 154 168 169
3 154 169 155
3 155 169 170
3 155 170 156
3 156 170 171
3 156 171 157
3 157 171 172
3 157 172 158
3 158 172 173
3 158 173 159
3 159 173 174
3 159 174 160
3 160 174 175
3 160 175 161
3 161 175 176
3 161 176 162
3 162 176 177
3 162 177 163
3 163 177 178
3 163 178 164
3 164 178 179
3 164 179 165
3 182 181 180
3 184 183 180
3 180 183 182
3 186 185 184
3 184 185 183
3 188 187 186
3 186 187 185
3 190 189 188
3 188 189 187
3 192 191 190
3 190 191 189
3 194 193 192
3 192 193 191
3 196 195 194
3 194 195 193
3 198 197 196
3 196 197 195
3 200 199 198
3 198 199 197
3 202 201 200
3 200 201 199
3 204 203 202
3 202 203 201
3 206 205 204
3 204 205 203
3 208 207 206
3 206 207 205
3 208 209 207
3 180 181 118
3 181 117 118
3 181 210 117
3 180 118 119
3 180 119 184
3 184 119 121
3 184 121 186
3 186 121 123
3 186 123 188
3 188 123 125
3 188 125 190
3 190 125 127
3 190 127 192
3 192 127 129
3 192 129 194
3 194 129 131
3 194 131 196
3 196 131 133
3 196 133 198
3 198 133 135
3 198 135 200
3 200 135 136
3 200 136 202
3 202 136 138
3 202 138 204
3 204 138 140
3 204 140 206
3 206 140 142
3 206 142 208
3 142 143 208
3 143 209 208
3 143 211 209
3 210 144 117
3 212 144 210
3 145 211 143
3 145 213 211
3 212 146 144
3 214 146 212
3 147 213 145
3 147 215 213
3 214 148 146
3 216 148 214
3 149 215 147
3 149 217 215
3 216 151 148
3 218 151 216
3 165 217 149
3 165 219 217
3 166 151 220
3 151 221 220
3 151 218 221
3 222 167 166
3 222 166 220
3 223 168 167
3 223 167 222
3 224 169 168
3 224 168 223
3 225 170 169
3 225 169 224
3 226 171 170
3 226 170 225
3 227 172 171
3 227 171 226
3 228 173 172
3 228 172 227
3 229 174 173
3 229 173 228
3 230 175 174
3 230 174 229
3 231 176 175
3 231 175 230
3 232 177 176
3 232 176 231
3 233 178 177
3 233 177 232
3 234 179 178
3 234 178 233
3 234 235 179
3 235 165 179
3 235 219 165
3 220 221 236
3 236 221 237
3 220 238 222
3 220 236 238
3 222 239 223
3 222 238 239
3 223 240 224
3 223 239 240
3 224 241 225
3 224 240 241
3 225 242 226
3 225 241 242
3 226 243 227
3 226 242 243
3 227 244 228
3 227 243 244
3 228 245 229
3 228 244 245
3 229 246 230
3 229 245 246
3 230 247 231
3 230 246 247
3 231 248 232
3 231 247 248
3 232 249 233
3 232 248 249
3 251 234 250
3 234 249 250
3 234 233 249
3 234 251 235
3 237 252 236
3 236 252 238
3 238 252 253
3 238 253 239
3 239 253 254
3 239 254 240
3 240 254 255
3 240 255 241
3 241 255 256
3 241 256 242
3 242 256 257
3 242 257 243
3 243 257 258
3 243 258 244
3 244 258 259
3 244 259 245
3 245 259 260
3 245 260 246
3 246 260 261
3 246 261 247
3 247 261 262
3 247 262 248
3 248 262 263
3 248 263 249
3 249 263 264
3 249 264 250
3 267 266 265
3 269 268 265
3 265 268 267
3 271 270 269
3 269 270 268
3 273 272 271
3 271 272 270
3 275 274 273
3 273 274 272
3 277 276 275
3 275 276 274
3 279 278 277
3 277 278 276
3 281 280 279
3 279 280 278
3 283 282 281
3 281 282 280
3 285 284 283
3 283 284 282
3 287 286 285
3 285 286 284
3 289 288 287
3 287 288 286
3 291 290 289
3 289 290 288
3 293 292 291
3 291 292 290
3 293 294 292
3 265 266 182
3 266 181 182
3 266 295 181
3 265 182 183
3 265 183 269
3 269 183 185
3 269 185 271
3 271 185 187
3 271 187 273
3 273 187 189
3 273 189 275
3 275 189 191
3 275 191 277
3 277 191 193
3 277 193 279
3 279 193 195
3 279 195 281
3 281 195 197
3 281 197 283
3 283 197 199
3 283 199 285
3 285 199 201
3 285 201 287
3 287 201 203
3 287 203 289
3 289 203 205
3 289 205 291
3 291 205 207
3 291 207 293
3 207 209 293
3 209 294 293
3 209 296 294
3 295 210 181
3 297 210 295
3 211 296 209
3 211 298 296
3 297 212 210
3 299 212 297
3 213 298 211
3 213 300 298
3 299 214 212
3 301 214 299
3 215 300 213
3 215 302 300
3 301 216 214
3 303 216 301
3 217 302 215
3 217 304 302
3 303 218 216
3 305 218 303
3 219 304 217
3 219 306 304
3 305 221 218
3 307 221 305
3 235 306 219
3 235 308 306
3 307 237 221
3 309 237 307
3 250 310 251
3 310 311 251
3 311 235 251
3 311 308 235
3 252 237 312
3 237 313 312
3 237 309 313
3 314 253 252
3 314 252 312
3 315 254 253
3 315 253 314
3 316 255 254
3 316 254 315
3 317 256 255
3 317 255 316
3 318 257 256
3 318 256 317
3 319 258 257
3 319 257 318
3 320 259 258
3 320 258 319
3 321 260 259
3 321 259 320
3 322 261 260
3 322 260 321
3 323 262 261
3 323 261 322
3 324 263 262
3 324 262 323
3 325 264 263
3 325 263 324
3 310 250 264
3 325 310 264
3 326 310 325
3 311 310 327
3 327 310 326
3 313 328 312
3 312 328 314
3 314 328 329
3 314 329 315
3 315 329 330
3 315 330 316
3 316 330 331
3 316 331 317
3 317 331 332
3 317 332 318
3 318 332 333
3 318 333 319
3 319 333 334
3 319 334 320
3 320 334 335
3 320 335 321
3 321 335 336
3 321 336 322
3 322 336 337
3 322 337 323
3 323 337 338
3 323 338 324
3 324 338 339
3 324 339 325
3 325 339 340
3 325 340 326
3 326 340 341
3 326 341 327
3 344 343 342
3 346 345 342
3 342 345 344
3 348 347 346
3 346 347 345
3 350 349 348
3 348 349 347
3 352 351 350
3 350 351 349
3 354 353 352
3 352 353 351
3 356 355 354
3 354 355 353
3 358 357 356
3 356 357 355
3 360 359 358
3 358 359 357
3 362 361 360
3 360 361 359
3 364 363 362
3 362 363 361
3 366 365 364
3 364 365 363
3 368 367 366
3 366 367 365
3 370 369 368
3 368 369 367
3 370 371 369
3 342 343 267
3 343 266 267
3 343 372 266
3 342 267 268
3 342 268 346
3 346 268 270
3 346 270 348
3 348 270 272
3 348 272 350
3 350 272 274
3 350 274 352
3 352 274 276
3 352 276 354
3 354 276 278
3 354 278 356
3 356 278 280
3 356 280 358
3 358 280 282
3 358 282 360
3 360 282 284
3 360 284 362
3 362 284 286
3 362 286 364
3 364 286 288
3 364 288 366
3 366 288 290
3 366 290 368
3 368 290 292
3 368 292 370
3 292 294 370
3 294 371 370
3 294 373 371
3 372 295 266
3 374 295 372
3 296 373 294
3 296 375 373
3 374 297 295
3 376 297 374
3 298 375 296
3 298 377 375
3 376 299 297
3 378 299 376
3 300 377 298
3 300 379 377
3 378 301 299
3 380 301 378
3 302 379 300
3 302 381 379
3 380 303 301
3 382 303 380
3 304 381 302
3 304 383 381
3 382 305 303
3 384 305 382
3 306 383 304
3 306 385 383
3 384 307 305
3 386 307 384
3 308 385 306
3 308 387 385
3 386 309 307
3 388 309 386
3 311 387 308
3 311 389 387
3 388 313 309
3 390 313 388
3 327 389 311
3 327 391 389
3 328 313 392
3 313 393 392
3 313 390 393
3 394 329 328
3 394 328 392
3 395 330 329
3 395 329 394
3 396 331 330
3 396 330 395
3 397 332 331
3 397 331 396
3 398 333 332
3 398 332 397
3 399 334 333
3 399 333 398
3 400 335 334
3 400 334 399
3 401 336 335
3 401 335 400
3 402 337 336
3 402 336 401
3 403 338 337
3 403 337 402
3 404 339 338
3 404 338 403
3 405 340 339
3 405 339 404
3 406 341 340
3 406 340 405
3 406 407 341
3 407 327 341
3 407 391 327
3 393 408 392
3 392 408 394
3 394 408 409
3 394 409 395
3 395 409 410
3 395 410 396
3 396 410 411
3 396 411 397
3 397 411 412
3 397 412 398
3 398 412 413
3 398 413 399
3 399 413 414
3 399 414 400
3 400 414 415
3 400 415 401
3 401 415 416
3 401 416 402
3 402 416 417
3 402 417 403
3 403 417 418
3 403 418 404
3 404 418 419
3 404 419 405
3 405 419 420
3 405 420 406
3 406 420 421
3 406 421 407
3 424 423 422
3 426 425 422
3 422 425 424
3 428 427 426
3 426 427 425
3 430 429 428
3 428 429 427
3 432 431 430
3 430 431 429
3 434 433 432
3 432 433 431
3 436 435 434
3 434 435 433
3 438 437 436
3 436 437 435
3 440 439 438
3 438 439 437
3 442 441 440
3 440 441 439
3 444 443 442
3 442 443 441
3 446 445 444
3 444 445 443
3 448 447 446
3 446 447 445
3 450 449 448
3 448 449 447
3 450 451 449
3 422 423 344
3 423 343 344
3 423 452 343
3 422 344 345
3 422 345 426
3 426 345 347
3 426 347 428
3 428 347 349
3 428 349 430
3 430 349 351
3 430 351 432
3 432 351 353
3 432 353 434
3 434 353 355
3 434 355 436
3 436 355 357
3 436 357 438
3 438 357 359
3 438 359 440
3 440 359 361
3 440 361 442
3 442 361 363
3 442 363 444
3 444 363 365
3 444 365 446
3 446 365 367
3 446 367 448
3 448 367 369
3 448 369 450
3 369 371 450
3 371 451 450
3 371 453 451
3 452 372 343
3 454 372 452
3 373 453 371
3 373 455 453
3 454 374 372
3 456 374 454
3 375 455 373
3 375 457 455
3 456 376 374
3 458 376 456
3 377 457 375
3 377 459 457
3 458 378 376
3 460 378 458
3 379 459 377
3 379 461 459
3 460 380 378
3 462 380 460
3 381 461 379
3 381 463 461
3 462 382 380
3 464 382 462
3 383 463 381
3 383 465 463
3 464 384 382
3 466 384 464
3 385 465 383
3 385 467 465
3 466 386 384
3 468 386 466
3 387 467 385
3 387 469 467
3 468 388 386
3 470 388 468
3 389 469 387
3 389 471 469
3 470 390 388
3 472 390 470
3 391 471 389
3 391 473 471
3 472 393 390
3 474 393 472
3 407 473 391
3 407 475 473
3 408 393 476
3 393 477 476
3 393 474 477
3 478 409 408
3 478 408 476
3 479 410 409
3 479 409 478
3 480 411 410
3 480 410 479
3 481 412 411
3 481 411 480
3 482 413 412
3 482 412 481
3 483 414 413
3 483 413 482
3 484 415 414
3 484 414 483
3 485 416 415
3 485 415 484
3 486 417 416
3 486 416 485
3 487 418 417
3 487 417 486
3 488 419 418
3 488 418 487
3 489 420 419
3 489 419 488
3 490 421 420
3 490 420 489
3 490 491 421
3 491 407 421
3 491 475 407
3 477 492 476
3 476 492 478
3 478 492 493
3 478 493 479
3 479 493 494
3 479 494 480
3 480 494 495
3 480 495 481
3 481 495 496
3 481 496 482
3 482 496 497
3 482 497 483
3 483 497 498
3 483 498 484
3 484 498 499
3 484 499 485
3 485 499 500
3 485 500 486
3 486 500 501
3 486 501 487
3 487 501 502
3 487 502 488
3 488 502 503
3 488 503 489
3 489 503 504
3 489 504 490
3 490 504 505
3 490 505 491
3 508 507 506
3 510 509 506
3 506 509 508
3 512 511 510
3 510 511 509
3 514 513 512
3 512 513 511
3 516 515 514
3 514 515 513
3 518 517 516
3 516 517 515
3 520 519 518
3 518 519 517
3 520 521 519
3 523 522 424
3 424 522 423
3 524 424 425
3 524 523 424
3 525 425 427
3 525 524 425
3 526 427 429
3 526 525 427
3 527 429 431
3 527 526 429
3 528 431 433
3 528 527 431
3 435 506 507
3 528 435 507
3 433 435 528
3 506 435 437
3 506 437 510
3 510 437 439
3 510 439 512
3 512 439 441
3 512 441 514
3 514 441 443
3 514 443 516
3 516 443 445
3 516 445 518
3 518 445 447
3 518 447 520
3 529 521 520
3 447 529 520
3 449 529 447
3 449 451 529
3 529 451 530
3 522 452 423
3 531 452 522
3 453 530 451
3 453 532 530
3 531 454 452
3 533 454 531
3 455 532 453
3 455 534 532
3 533 456 454
3 535 456 533
3 457 534 455
3 457 536 534
3 535 458 456
3 537 458 535
3 459 536 457
3 459 538 536
3 537 460 458
3 539 460 537
3 461 538 459
3 461 540 538
3 539 462 460
3 541 462 539
3 463 540 461
3 463 542 540
3 541 464 462
3 543 464 541
3 465 542 463
3 465 544 542
3 543 466 464
3 545 466 543
3 467 544 465
3 467 546 544
3 545 468 466
3 547 468 545
3 469 546 467
3 469 548 546
3 547 470 468
3 549 470 547
3 471 548 469
3 471 550 548
3 549 472 470
3 551 472 549
3 473 550 471
3 473 552 550
3 551 474 472
3 553 474 551
3 475 552 473
3 475 554 552
3 553 477 474
3 555 477 553
3 491 554 475
3 491 556 554
3 492 477 557
3 477 558 557
3 477 555 558
3 559 493 492
3 559 492 557
3 560 494 493
3 560 493 559
3 561 495 494
3 561 494 560
3 562 496 495
3 562 495 561
3 563 497 496
3 563 496 562
3 564 498 497
3 564 497 563
3 565 499 498
3 565 498 564
3 566 500 499
3 566 499 565
3 567 501 500
3 567 500 566
3 568 502 501
3 568 501 567
3 569 503 502
3 569 502 568
3 570 504 503
3 570 503 569
3 571 505 504
3 571 504 570
3 571 572 505
3 572 491 505
3 572 556 491
3 558 573 557
3 557 573 559
3 559 573 574
3 559 574 560
3 560 574 575
3 560 575 561
3 561 575 576
3 561 576 562
3 562 576 577
3 562 577 563
3 563 577 578
3 563 578 564
3 564 578 579
3 564 579 565
3 565 579 580
3 565 580 566
3 566 580 581
3 566 581 567
3 567 581 582
3 567 582 568
3 568 582 583
3 568 583 569
3 569 583 584
3 569 584 570
3 570 584 585
3 570 585 571
3 571 585 586
3 571 586 572
3 589 588 587
3 587 590 589
3 593 592 591
3 591 594 593
3 597 596 595
3 599 598 595
3 595 598 597
3 601 600 599
3 599 600 598
3 603 602 601
3 601 602 600
3 602 603 588
3 603 587 588
3 603 604 587
3 590 587 605
3 587 606 605
3 587 604 606
3 507 508 606
3 508 605 606
3 508 607 605
3 608 508 509
3 608 607 508
3 609 509 511
3 609 608 509
3 610 511 513
3 610 609 511
3 611 513 515
3 611 610 513
3 612 515 517
3 612 611 515
3 613 517 519
3 613 612 517
3 614 591 521
3 591 613 521
3 613 519 521
3 591 592 613
3 594 591 615
3 615 591 614
3 595 596 523
3 596 522 523
3 596 616 522
3 595 523 524
3 595 524 599
3 599 524 525
3 599 525 601
3 601 525 526
3 601 526 603
3 603 526 527
3 603 527 604
3 604 527 528
3 604 528 606
3 606 528 507
3 529 614 521
3 529 530 614
3 530 615 614
3 530 617 615
3 616 531 522
3 618 531 616
3 532 617 530
3 532 619 617
3 618 533 531
3 620 533 618
3 534 619 532
3 534 621 619
3 620 535 533
3 622 535 620
3 536 621 534
3 536 623 621
3 622 537 535
3 624 537 622
3 538 623 536
3 538 625 623
3 624 539 537
3 626 539 624
3 540 625 538
3 540 627 625
3 626 541 539
3 628 541 626
3 542 627 540
3 542 629 627
3 628 543 541
3 630 543 628
3 544 629 542
3 544 631 629
3 630 545 543
3 632 545 630
3 546 631 544
3 546 633 631
3 632 547 545
3 634 547 632
3 548 633 546
3 548 635 633
3 634 549 547
3 636 549 634
3 550 635 548
3 550 637 635
3 636 551 549
3 638 551 636
3 552 637 550
3 552 639 637
3 638 553 551
3 640 553 638
3 554 639 552
3 554 641 639
3 640 555 553
3 642 555 640
3 556 641 554
3 556 643 641
3 642 558 555
3 644 558 642
3 572 643 556
3 572 645 643
3 573 558 646
3 558 647 646
3 558 644 647
3 648 574 573
3 648 573 646
3 649 575 574
3 649 574 648
3 650 576 575
3 650 575 649
3 651 577 576
3 651 576 650
3 652 578 577
3 652 577 651
3 653 579 578
3 653 578 652
3 654 580 579
3 654 579 653
3 655 581 580
3 655 580 654
3 656 582 581
3 656 581 655
3 657 583 582
3 657 582 656
3 658 584 583
3 658 583 657
3 659 585 584
3 659 584 658
3 660 586 585
3 660 585 659
3 660 661 586
3 661 572 586
3 661 645 572
3 647 662 646
3 646 662 648
3 648 662 663
3 648 663 649
3 649 663 664
3 649 664 650
3 650 664 665
3 650 665 651
3 651 665 666
3 651 666 652
3 652 666 667
3 652 667 653
3 653 667 668
3 653 668 654
3 654 668 669
3 654 669 655
3 655 669 670
3 655 670 656
3 656 670 671
3 656 671 657
3 657 671 672
3 657 672 658
3 658 672 673
3 658 673 659
3 659 673 674
3 659 674 660
3 660 674 675
3 660 675 661
3 678 677 676
3 680 679 676
3 676 679 678
3 682 681 680
3 680 681 679
3 684 683 682
3 682 683 681
3 588 589 684
3 589 683 684
3 589 685 683
3 687 686 590
3 686 589 590
3 686 685 589
3 689 688 687
3 687 688 686
3 691 690 689
3 689 690 688
3 693 692 691
3 691 692 690
3 695 694 693
3 693 694 692
3 697 696 695
3 695 696 694
3 699 698 697
3 697 698 696
3 701 700 699
3 699 700 698
3 592 593 701
3 593 700 701
3 593 702 700
3 593 594 702
3 702 594 703
3 676 677 597
3 677 596 597
3 677 704 596
3 676 597 598
3 676 598 680
3 680 598 600
3 680 600 682
3 682 600 602
3 682 602 684
3 684 602 588
3 605 687 590
3 687 605 607
3 687 607 689
3 689 607 608
3 689 608 691
3 691 608 609
3 691 609 693
3 693 609 610
3 693 610 695
3 695 610 611
3 695 611 697
3 697 611 612
3 697 612 699
3 699 612 613
3 699 613 701
3 701 613 592
3 615 703 594
3 615 705 703
3 704 616 596
3 706 616 704
3 617 705 615
3 617 707 705
3 706 618 616
3 708 618 706
3 619 707 617
3 619 709 707
3 708 620 618
3 710 620 708
3 621 709 619
3 621 711 709
3 710 622 620
3 712 622 710
3 623 711 621
3 623 713 711
3 712 624 622
3 714 624 712
3 625 713 623
3 625 715 713
3 714 626 624
3 716 626 714
3 627 715 625
3 627 717 715
3 716 628 626
3 718 628 716
3 629 717 627
3 629 719 717
3 718 630 628
3 720 630 718
3 631 719 629
3 631 721 719
3 720 632 630
3 722 632 720
3 633 721 631
3 633 723 721
3 722 634 632
3 724 634 722
3 635 723 633
3 635 725 723
3 724 636 634
3 726 636 724
3 637 725 635
3 637 727 725
3 726 638 636
3 728 638 726
3 639 727 637
3 639 729 727
3 728 640 638
3 730 640 728
3 641 729 639
3 641 731 729
3 730 642 640
3 732 642 730
3 643 731 641
3 643 733 731
3 732 644 642
3 734 644 732
3 645 733 643
3 645 735 733
3 734 647 644
3 736 647 734
3 661 735 645
3 661 737 735
3 662 647 738
3 647 739 738
3 647 736 739
3 740 663 662
3 740 662 738
3 741 664 663
3 741 663 740
3 742 665 664
3 742 664 741
3 743 666 665
3 743 665 742
3 744 667 666
3 744 666 743
3 745 668 667
3 745 667 744
3 746 669 668
3 746 668 745
3 747 670 669
3 747 669 746
3 748 671 670
3 748 670 747
3 749 672 671
3 749 671 748
3 750 673 672
3 750 672 749
3 751 674 673
3 751 673 750
3 752 675 674
3 752 674 751
3 752 753 675
3 753 661 675
3 753 737 661
3 738 739 754
3 754 739 755
3 738 756 740
3 738 754 756
3 740 757 741
3 740 756 757
3 741 758 742
3 741 757 758
3 742 759 743
3 742 758 759
3 743 760 744
3 743 759 760
3 744 761 745
3 744 760 761
3 745 762 746
3 745 761 762
3 764 747 763
3 747 762 763
3 747 746 762
3 747 764 748
3 748 764 765
3 748 765 749
3 749 765 766
3 749 766 750
3 750 766 767
3 750 767 751
3 751 767 768
3 751 768 752
3 752 768 769
3 752 769 753
3 755 770 754
3 754 770 756
3 756 770 771
3 756 771 757
3 757 771 772
3 757 772 758
3 758 772 773
3 758 773 759
3 759 773 774
3 759 774 760
3 760 774 775
3 760 775 761
3 761 775 776
3 761 776 762
3 762 776 777
3 762 777 763
3 780 779 778
3 782 781 778
3 778 781 780
3 784 783 782
3 782 783 781
3 786 785 784
3 784 785 783
3 788 787 786
3 786 787 785
3 790 789 788
3 788 789 787
3 792 791 790
3 790 791 789
3 794 793 792
3 792 793 791
3 796 795 794
3 794 795 793
3 798 797 796
3 796 797 795
3 800 799 798
3 798 799 797
3 802 801 800
3 800 801 799
3 804 803 802
3 802 803 801
3 806 805 804
3 804 805 803
3 806 807 805
3 778 779 678
3 779 677 678
3 779 808 677
3 778 678 679
3 778 679 782
3 782 679 681
3 782 681 784
3 784 681 683
3 784 683 786
3 786 683 685
3 786 685 788
3 788 685 686
3 788 686 790
3 790 686 688
3 790 688 792
3 792 688 690
3 792 690 794
3 794 690 692
3 794 692 796
3 796 692 694
3 796 694 798
3 798 694 696
3 798 696 800
3 800 696 698
3 800 698 802
3 802 698 700
3 802 700 804
3 804 700 702
3 804 702 806
3 702 703 806
3 703 807 806
3 703 809 807
3 808 704 677
3 810 704 808
3 705 809 703
3 705 811 809
3 810 706 704
3 812 706 810
3 707 811 705
3 707 813 811
3 812 708 706
3 814 708 812
3 709 813 707
3 709 815 813
3 814 710 708
3 816 710 814
3 711 815 709
3 711 817 815
3 816 712 710
3 818 712 816
3 713 817 711
3 713 819 817
3 818 714 712
3 820 714 818
3 715 819 713
3 715 821 819
3 820 716 714
3 822 716 820
3 717 821 715
3 717 823 821
3 822 718 716
3 824 718 822
3 719 823 717
3 719 825 823
3 824 720 718
3 826 720 824
3 721 825 719
3 721 827 825
3 826 722 720
3 828 722 826
3 723 827 721
3 723 829 827
3 828 724 722
3 830 724 828
3 725 829 723
3 725 831 829
3 830 726 724
3 832 726 830
3 727 831 725
3 727 833 831
3 832 728 726
3 834 728 832
3 729 833 727
3 729 835 833
3 834 730 728
3 836 730 834
3 731 835 729
3 731 837 835
3 836 732 730
3 838 732 836
3 733 837 731
3 733 839 837
3 838 734 732
3 840 734 838
3 735 839 733
3 735 841 839
3 840 736 734
3 842 736 840
3 737 841 735
3 737 843 841
3 842 739 736
3 844 739 842
3 753 843 737
3 753 845 843
3 844 755 739
3 846 755 844
3 763 847 764
3 764 847 848
3 849 764 848
3 765 764 849
3 765 850 766
3 849 850 765
3 766 851 767
3 850 851 766
3 767 852 768
3 851 852 767
3 768 853 769
3 852 853 768
3 753 769 845
3 845 769 853
3 846 854 755
3 755 854 770
3 770 855 771
3 854 855 770
3 771 856 772
3 855 856 771
3 772 857 773
3 856 857 772
3 773 858 774
3 857 858 773
3 774 859 775
3 858 859 774
3 775 860 776
3 859 860 775
3 776 861 777
3 860 861 776
3 763 777 847
3 777 862 847
3 777 861 862
3 847 862 848
3 865 864 863
3 867 866 863
3 863 866 865
3 869 868 867
3 867 868 866
3 871 870 869
3 869 870 868
3 873 872 871
3 871 872 870
3 875 874 873
3 873 874 872
3 877 876 875
3 875 876 874
3 879 878 877
3 877 878 876
3 881 880 879
3 879 880 878
3 883 882 881
3 881 882 880
3 885 884 883
3 883 884 882
3 887 886 885
3 885 886 884
3 889 888 887
3 887 888 886
3 891 890 889
3 889 890 888
3 891 892 890
3 863 864 780
3 864 779 780
3 864 893 779
3 863 780 781
3 863 781 867
3 867 781 783
3 867 783 869
3 869 783 785
3 869 785 871
3 871 785 787
3 871 787 873
3 873 787 789
3 873 789 875
3 875 789 791
3 875 791 877
3 877 791 793
3 877 793 879
3 879 793 795
3 879 795 881
3 881 795 797
3 881 797 883
3 883 797 799
3 883 799 885
3 885 799 801
3 885 801 887
3 887 801 803
3 887 803 889
3 889 803 805
3 889 805 891
3 805 807 891
3 807 892 891
3 807 894 892
3 893 808 779
3 895 808 893
3 809 894 807
3 809 896 894
3 895 810 808
3 897 810 895
3 811 896 809
3 811 898 896
3 897 812 810
3 899 812 897
3 813 898 811
3 813 900 898
3 899 814 812
3 901 814 899
3 815 900 813
3 815 902 900
3 901 816 814
3 903 816 901
3 817 902 815
3 817 904 902
3 903 818 816
3 905 818 903
3 819 904 817
3 819 906 904
3 905 820 818
3 907 820 905
3 821 906 819
3 821 908 906
3 907 822 820
3 909 822 907
3 823 908 821
3 823 910 908
3 909 824 822
3 911 824 909
3 825 910 823
3 825 912 910
3 911 826 824
3 913 826 911
3 827 912 825
3 827 914 912
3 913 828 826
3 915 828 913
3 829 914 827
3 829 916 914
3 915 830 828
3 917 830 915
3 831 916 829
3 831 918 916
3 917 832 830
3 919 832 917
3 833 918 831
3 833 920 918
3 919 834 832
3 921 834 919
3 835 920 833
3 835 922 920
3 921 836 834
3 923 836 921
3 837 922 835
3 837 924 922
3 923 838 836
3 925 838 923
3 839 924 837
3 839 926 924
3 925 840 838
3 927 840 925
3 841 926 839
3 841 928 926
3 927 842 840
3 929 842 927
3 843 928 841
3 843 930 928
3 929 844 842
3 931 844 929
3 845 930 843
3 845 932 930
3 934 846 933
3 846 931 933
3 846 844 931
3 936 935 934
3 936 934 933
3 938 937 935
3 938 935 936
3 940 939 937
3 940 937 938
3 942 941 939
3 942 939 940
3 944 943 941
3 944 941 942
3 946 945 943
3 946 943 944
3 948 947 945
3 948 945 946
3 950 949 947
3 950 947 948
3 849 848 949
3 950 849 949
3 951 849 950
3 849 952 850
3 951 952 849
3 850 953 851
3 952 953 850
3 851 954 852
3 953 954 851
3 852 955 853
3 954 955 852
3 845 853 932
3 932 853 955
3 934 854 846
3 854 934 855
3 855 934 935
3 855 935 856
3 856 935 937
3 856 937 857
3 857 937 939
3 857 939 858
3 858 939 941
3 858 941 859
3 859 941 943
3 859 943 860
3 860 943 945
3 860 945 861
3 861 945 947
3 861 947 862
3 862 947 949
3 862 949 848
3 957 956 865
3 865 956 864
3 958 865 866
3 958 957 865
3 959 866 868
3 959 958 866
3 960 868 870
3 960 959 868
3 961 870 872
3 961 960 870
3 962 872 874
3 962 961 872
3 963 874 876
3 963 962 874
3 964 876 878
3 964 963 876
3 966 964 965
3 964 880 965
3 964 878 880
3 882 967 880
3 880 967 965
3 884 968 882
3 882 968 967
3 968 884 969
3 884 970 969
3 884 886 970
3 972 970 971
3 970 888 971
3 970 886 888
3 890 973 888
3 888 973 971
3 892 973 890
3 956 893 864
3 974 893 956
3 975 966 965
3 975 965 967
3 975 967 976
3 976 967 968
3 976 968 977
3 977 968 969
3 978 972 971
3 978 971 973
3 978 973 979
3 973 892 979
3 892 980 979
3 892 894 980
3 974 895 893
3 981 895 974
3 896 980 894
3 896 982 980
3 981 897 895
3 983 897 981
3 898 982 896
3 898 984 982
3 983 899 897
3 985 899 983
3 900 984 898
3 900 986 984
3 985 901 899
3 987 901 985
3 902 986 900
3 902 988 986
3 987 903 901
3 989 903 987
3 904 988 902
3 904 990 988
3 989 905 903
3 991 905 989
3 906 990 904
3 906 992 990
3 991 907 905
3 993 907 991
3 908 992 906
3 908 994 992
3 993 909 907
3 995 909 993
3 910 994 908
3 910 996 994
3 995 911 909
3 997 911 995
3 912 996 910
3 912 998 996
3 997 913 911
3 999 913 997
3 914 998 912
3 914 1000 998
3 999 915 913
3 1001 915 999
3 916 1000 914
3 916 1002 1000
3 1001 917 915
3 1003 917 1001
3 918 1002 916
3 918 1004 1002
3 1003 919 917
3 1005 919 1003
3 920 1004 918
3 920 1006 1004
3 1005 921 919
3 1007 921 1005
3 922 1006 920
3 922 1008 1006
3 1007 923 921
3 1009 923 1007
3 924 1008 922
3 924 1010 1008
3 1009 925 923
3 1011 925 1009
3 926 1010 924
3 926 1012 1010
3 1011 927 925
3 1013 927 1011
3 928 1012 926
3 928 1014 1012
3 1013 929 927
3 1015 929 1013
3 930 1014 928
3 930 1016 1014
3 1018 931 1017
3 931 1015 1017
3 931 929 1015
3 1020 1019 1018
3 1020 1018 1017
3 1022 1021 1019
3 1022 1019 1020
3 1024 1023 1021
3 1024 1021 1022
3 1026 1025 1023
3 1026 1023 1024
3 1028 1027 1025
3 1028 1025 1026
3 1030 1029 1027
3 1030 1027 1028
3 1032 1031 1029
3 1032 1029 1030
3 1034 1033 1031
3 1034 1031 1032
3 1036 1035 1033
3 1036 1033 1034
3 1038 1037 1035
3 1038 1035 1036
3 1040 1039 1037
3 1040 1037 1038
3 1042 1041 1039
3 1042 1039 1040
3 1044 1043 1041
3 1044 1041 1042
3 1044 1016 1043
3 1016 932 1043
3 1016 930 932
3 1018 933 931
3 933 1018 936
3 936 1018 1019
3 936 1019 938
3 938 1019 1021
3 938 1021 940
3 940 1021 1023
3 940 1023 942
3 942 1023 1025
3 942 1025 944
3 944 1025 1027
3 944 1027 946
3 946 1027 1029
3 946 1029 948
3 948 1029 1031
3 948 1031 950
3 950 1031 1033
3 950 1033 951
3 951 1033 1035
3 951 1035 952
3 952 1035 1037
3 952 1037 953
3 953 1037 1039
3 953 1039 954
3 954 1039 1041
3 954 1041 955
3 955 1041 1043
3 955 1043 932
3 1045 956 957
3 958 1046 957
3 957 1046 1045
3 959 1047 958
3 958 1047 1046
3 960 1048 959
3 959 1048 1047
3 961 1049 960
3 960 1049 1048
3 962 1050 961
3 961 1050 1049
3 963 1051 962
3 962 1051 1050
3 964 1052 963
3 963 1052 1051
3 966 1052 964
3 1053 969 970
3 972 1053 970
3 1054 974 1045
3 1045 974 956
3 1055 1045 1046
3 1054 1045 1055
3 1056 1046 1047
3 1055 1046 1056
3 1057 1047 1048
3 1056 1047 1057
3 1058 1048 1049
3 1057 1048 1058
3 1059 1049 1050
3 1058 1049 1059
3 1060 1050 1051
3 1059 1050 1060
3 1061 1051 1052
3 1060 1051 1061
3 975 1062 966
3 1062 1052 966
3 1062 1061 1052
3 976 1063 975
3 975 1063 1062
3 977 1064 976
3 976 1064 1063
3 969 1053 977
3 1053 1064 977
3 1053 1065 1064
3 978 1066 972
3 1066 1053 972
3 1066 1065 1053
3 979 1067 978
3 978 1067 1066
3 980 1067 979
3 1069 1068 1054
3 1068 974 1054
3 1068 981 974
3 1069 1054 1055
3 1069 1055 1070
3 1070 1055 1056
3 1070 1056 1071
3 1071 1056 1057
3 1071 1057 1072
3 1072 1057 1058
3 1072 1058 1073
3 1073 1058 1059
3 1073 1059 1074
3 1074 1059 1060
3 1074 1060 1075
3 1075 1060 1061
3 1075 1061 1076
3 1076 1061 1062
3 1076 1062 1077
3 1077 1062 1063
3 1077 1063 1078
3 1078 1063 1064
3 1078 1064 1079
3 1079 1064 1065
3 1079 1065 1080
3 1080 1065 1066
3 1080 1066 1081
3 1081 1066 1067
3 1081 1067 1082
3 1067 980 1082
3 980 1083 1082
3 980 982 1083
3 1068 983 981
3 1084 983 1068
3 984 1083 982
3 984 1085 1083
3 1084 985 983
3 1086 985 1084
3 986 1085 984
3 986 1087 1085
3 1086 987 985
3 1088 987 1086
3 988 1087 986
3 988 1089 1087
3 1088 989 987
3 1090 989 1088
3 990 1089 988
3 990 1091 1089
3 1090 991 989
3 1092 991 1090
3 992 1091 990
3 992 1093 1091
3 1092 993 991
3 1094 993 1092
3 994 1093 992
3 994 1095 1093
3 1094 995 993
3 1096 995 1094
3 996 1095 994
3 996 1097 1095
3 1096 997 995
3 1098 997 1096
3 998 1097 996
3 998 1099 1097
3 1098 999 997
3 1100 999 1098
3 1000 1099 998
3 1000 1101 1099
3 1100 1001 999
3 1102 1001 1100
3 1002 1101 1000
3 1002 1103 1101
3 1102 1003 1001
3 1104 1003 1102
3 1004 1103 1002
3 1004 1105 1103
3 1104 1005 1003
3 1106 1005 1104
3 1006 1105 1004
3 1006 1107 1105
3 1106 1007 1005
3 1108 1007 1106
3 1008 1107 1006
3 1008 1109 1107
3 1108 1009 1007
3 1110 1009 1108
3 1010 1109 1008
3 1010 1111 1109
3 1110 1011 1009
3 1112 1011 1110
3 1012 1111 1010
3 1012 1113 1111
3 1112 1013 1011
3 1114 1013 1112
3 1014 1113 1012
3 1014 1115 1113
3 1114 1015 1013
3 1116 1015 1114
3 1119 1118 1117
3 1121 1120 1117
3 1121 1117 1118
3 1123 1122 1120
3 1123 1120 1121
3 1125 1124 1122
3 1125 1122 1123
3 1127 1126 1124
3 1127 1124 1125
3 1129 1128 1126
3 1129 1126 1127
3 1131 1130 1128
3 1131 1128 1129
3 1133 1132 1130
3 1133 1130 1131
3 1135 1134 1132
3 1135 1132 1133
3 1137 1136 1134
3 1137 1134 1135
3 1139 1138 1136
3 1139 1136 1137
3 1141 1140 1138
3 1141 1138 1139
3 1143 1142 1140
3 1143 1140 1141
3 1143 1115 1142
3 1115 1016 1142
3 1115 1014 1016
3 1116 1144 1015
3 1015 1144 1017
3 1117 1020 1119
3 1020 1144 1119
3 1020 1017 1144
3 1020 1117 1022
3 1022 1117 1120
3 1022 1120 1024
3 1024 1120 1122
3 1024 1122 1026
3 1026 1122 1124
3 1026 1124 1028
3 1028 1124 1126
3 1028 1126 1030
3 1030 1126 1128
3 1030 1128 1032
3 1032 1128 1130
3 1032 1130 1034
3 1034 1130 1132
3 1034 1132 1036
3 1036 1132 1134
3 1036 1134 1038
3 1038 1134 1136
3 1038 1136 1040
3 1040 1136 1138
3 1040 1138 1042
3 1042 1138 1140
3 1042 1140 1044
3 1044 1140 1142
3 1044 1142 1016
3 1145 1068 1069
3 1070 1146 1069
3 1069 1146 1145
3 1071 1147 1070
3 1070 1147 1146
3 1072 1148 1071
3 1071 1148 1147
3 1073 1149 1072
3 1072 1149 1148
3 1074 1150 1073
3 1073 1150 1149
3 1075 1151 1074
3 1074 1151 1150
3 1076 1152 1075
3 1075 1152 1151
3 1077 1153 1076
3 1076 1153 1152
3 1078 1154 1077
3 1077 1154 1153
3 1079 1155 1078
3 1078 1155 1154
3 1080 1156 1079
3 1079 1156 1155
3 1081 1157 1080
3 1080 1157 1156
3 1082 1158 1081
3 1081 1158 1157
3 1083 1158 1082
3 1160 1159 1145
3 1159 1068 1145
3 1159 1084 1068
3 1160 1145 1146
3 1160 1146 1161
3 1161 1146 1147
3 1161 1147 1162
3 1162 1147 1148
3 1162 1148 1163
3 1163 1148 1149
3 1163 1149 1164
3 1164 1149 1150
3 1164 1150 1165
3 1165 1150 1151
3 1165 1151 1166
3 1166 1151 1152
3 1166 1152 1167
3 1167 1152 1153
3 1167 1153 1168
3 1168 1153 1154
3 1168 1154 1169
3 1169 1154 1155
3 1169 1155 1170
3 1170 1155 1156
3 1170 1156 1171
3 1171 1156 1157
3 1171 1157 1172
3 1172 1157 1158
3 1172 1158 1173
3 1158 1083 1173
3 1083 1174 1173
3 1083 1085 1174
3 1159 1086 1084
3 1175 1086 1159
3 1087 1174 1085
3 1087 1176 1174
3 1175 1088 1086
3 1177 1088 1175
3 1089 1176 1087
3 1089 1178 1176
3 1177 1090 1088
3 1179 1090 1177
3 1091 1178 1089
3 1091 1180 1178
3 1179 1092 1090
3 1181 1092 1179
3 1093 1180 1091
3 1093 1182 1180
3 1181 1094 1092
3 1183 1094 1181
3 1095 1182 1093
3 1095 1184 1182
3 1183 1096 1094
3 1185 1096 1183
3 1097 1184 1095
3 1097 1186 1184
3 1185 1098 1096
3 1187 1098 1185
3 1099 1186 1097
3 1099 1188 1186
3 1187 1100 1098
3 1189 1100 1187
3 1101 1188 1099
3 1101 1190 1188
3 1189 1102 1100
3 1191 1102 1189
3 1103 1190 1101
3 1103 1192 1190
3 1191 1104 1102
3 1193 1104 1191
3 1105 1192 1103
3 1105 1194 1192
3 1193 1106 1104
3 1195 1106 1193
3 1107 1194 1105
3 1107 1196 1194
3 1195 1108 1106
3 1197 1108 1195
3 1109 1196 1107
3 1109 1198 1196
3 1197 1110 1108
3 1199 1110 1197
3 1111 1198 1109
3 1111 1200 1198
3 1199 1112 1110
3 1201 1112 1199
3 1113 1200 1111
3 1113 1202 1200
3 1201 1114 1112
3 1203 1114 1201
3 1206 1205 1204
3 1205 1202 1204
3 1202 1115 1204
3 1202 1113 1115
3 1208 1116 1207
3 1116 1203 1207
3 1116 1114 1203
3 1118 1119 1208
3 1207 1118 1208
3 1209 1118 1207
3 1118 1210 1121
3 1209 1210 1118
3 1121 1211 1123
3 1210 1211 1121
3 1123 1212 1125
3 1211 1212 1123
3 1125 1213 1127
3 1212 1213 1125
3 1127 1214 1129
3 1213 1214 1127
3 1129 1215 1131
3 1214 1215 1129
3 1131 1216 1133
3 1215 1216 1131
3 1133 1217 1135
3 1216 1217 1133
3 1135 1218 1137
3 1217 1218 1135
3 1137 1219 1139
3 1218 1219 1137
3 1139 1220 1141
3 1219 1220 1139
3 1204 1143 1206
3 1143 1220 1206
3 1143 1141 1220
3 1143 1204 1115
3 1208 1144 1116
3 1144 1208 1119
3 1221 1159 1160
3 1161 1222 1160
3 1160 1222 1221
3 1162 1223 1161
3 1161 1223 1222
3 1163 1224 1162
3 1162 1224 1223
3 1164 1225 1163
3 1163 1225 1224
3 1225 1164 1226
3 1164 1227 1226
3 1164 1165 1227
3 1228 1165 1166
3 1228 1227 1165
3 1230 1228 1229
3 1228 1167 1229
3 1228 1166 1167
3 1168 1231 1167
3 1167 1231 1229
3 1169 1232 1168
3 1168 1232 1231
3 1170 1233 1169
3 1169 1233 1232
3 1171 1234 1170
3 1170 1234 1233
3 1172 1235 1171
3 1171 1235 1234
3 1173 1236 1172
3 1172 1236 1235
3 1174 1236 1173
3 1238 1237 1221
3 1237 1159 1221
3 1237 1175 1159
3 1238 1221 1222
3 1238 1222 1239
3 1239 1222 1223
3 1239 1223 1240
3 1240 1223 1224
3 1240 1224 1241
3 1241 1224 1225
3 1241 1225 1242
3 1242 1225 1226
3 1243 1230 1229
3 1243 1229 1231
3 1243 1231 1244
3 1244 1231 1232
3 1244 1232 1245
3 1245 1232 1233
3 1245 1233 1246
3 1246 1233 1234
3 1246 1234 1247
3 1247 1234 1235
3 1247 1235 1248
3 1248 1235 1236
3 1248 1236 1249
3 1236 1174 1249
3 1174 1250 1249
3 1174 1176 1250
3 1237 1177 1175
3 1251 1177 1237
3 1178 1250 1176
3 1178 1252 1250
3 1251 1179 1177
3 1253 1179 1251
3 1180 1252 1178
3 1180 1254 1252
3 1253 1181 1179
3 1255 1181 1253
3 1182 1254 1180
3 1182 1256 1254
3 1255 1183 1181
3 1257 1183 1255
3 1184 1256 1182
3 1184 1258 1256
3 1257 1185 1183
3 1259 1185 1257
3 1186 1258 1184
3 1186 1260 1258
3 1259 1187 1185
3 1261 1187 1259
3 1188 1260 1186
3 1188 1262 1260
3 1261 1189 1187
3 1263 1189 1261
3 1190 1262 1188
3 1190 1264 1262
3 1263 1191 1189
3 1265 1191 1263
3 1192 1264 1190
3 1192 1266 1264
3 1265 1193 1191
3 1267 1193 1265
3 1194 1266 1192
3 1194 1268 1266
3 1267 1195 1193
3 1269 1195 1267
3 1196 1268 1194
3 1196 1270 1268
3 1269 1197 1195
3 1271 1197 1269
3 1198 1270 1196
3 1198 1272 1270
3 1271 1199 1197
3 1273 1199 1271
3 1200 1272 1198
3 1200 1274 1272
3 1273 1201 1199
3 1275 1201 1273
3 1202 1274 1200
3 1202 1276 1274
3 1278 1203 1277
3 1203 1275 1277
3 1203 1201 1275
3 1280 1279 1278
3 1280 1278 1277
3 1282 1281 1279
3 1282 1279 1280
3 1284 1283 1281
3 1284 1281 1282
3 1286 1285 1283
3 1286 1283 1284
3 1288 1287 1285
3 1288 1285 1286
3 1290 1289 1287
3 1290 1287 1288
3 1292 1291 1289
3 1292 1289 1290
3 1294 1293 1291
3 1294 1291 1292
3 1296 1295 1293
3 1296 1293 1294
3 1298 1297 1295
3 1298 1295 1296
3 1300 1299 1297
3 1300 1297 1298
3 1302 1301 1299
3 1302 1299 1300
3 1205 1206 1301
3 1302 1205 1301
3 1303 1205 1302
3 1202 1205 1276
3 1276 1205 1303
3 1278 1207 1203
3 1207 1278 1209
3 1209 1278 1279
3 1209 1279 1210
3 1210 1279 1281
3 1210 1281 1211
3 1211 1281 1283
3 1211 1283 1212
3 1212 1283 1285
3 1212 1285 1213
3 1213 1285 1287
3 1213 1287 1214
3 1214 1287 1289
3 1214 1289 1215
3 1215 1289 1291
3 1215 1291 1216
3 1216 1291 1293
3 1216 1293 1217
3 1217 1293 1295
3 1217 1295 1218
3 1218 1295 1297
3 1218 1297 1219
3 1219 1297 1299
3 1219 1299 1220
3 1220 1299 1301
3 1220 1301 1206
3 1304 1226 1227
3 1228 1305 1227
3 1227 1305 1304
3 1230 1305 1228
3 1306 1237 1238
3 1239 1307 1238
3 1238 1307 1306
3 1240 1308 1239
3 1239 1308 1307
3 1241 1309 1240
3 1240 1309 1308
3 1242 1310 1241
3 1241 1310 1309
3 1226 1304 1242
3 1304 1310 1242
3 1304 1311 1310
3 1312 1304 1305
3 1311 1304 1312
3 1243 1313 1230
3 1313 1305 1230
3 1313 1312 1305
3 1244 1314 1243
3 1243 1314 1313
3 1245 1315 1244
3 1244 1315 1314
3 1246 1316 1245
3 1245 1316 1315
3 1247 1317 1246
3 1246 1317 1316
3 1248 1318 1247
3 1247 1318 1317
3 1249 1319 1248
3 1248 1319 1318
3 1250 1319 1249
3 1321 1320 1306
3 1320 1237 1306
3 1320 1251 1237
3 1321 1306 1307
3 1321 1307 1322
3 1322 1307 1308
3 1322 1308 1323
3 1323 1308 1309
3 1323 1309 1324
3 1324 1309 1310
3 1324 1310 1325
3 1325 1310 1311
3 1325 1311 1326
3 1326 1311 1312
3 1326 1312 1327
3 1327 1312 1313
3 1327 1313 1328
3 1328 1313 1314
3 1328 1314 1329
3 1329 1314 1315
3 1329 1315 1330
3 1330 1315 1316
3 1330 1316 1331
3 1331 1316 1317
3 1331 1317 1332
3 1332 1317 1318
3 1332 1318 1333
3 1333 1318 1319
3 1333 1319 1334
3 1319 1250 1334
3 1250 1335 1334
3 1250 1252 1335
3 1320 1253 1251
3 1336 1253 1320
3 1254 1335 1252
3 1254 1337 1335
3 1336 1255 1253
3 1338 1255 1336
3 1256 1337 1254
3 1256 1339 1337
3 1338 1257 1255
3 1340 1257 1338
3 1258 1339 1256
3 1258 1341 1339
3 1340 1259 1257
3 1342 1259 1340
3 1260 1341 1258
3 1260 1343 1341
3 1342 1261 1259
3 1344 1261 1342
3 1262 1343 1260
3 1262 1345 1343
3 1344 1263 1261
3 1346 1263 1344
3 1264 1345 1262
3 1264 1347 1345
3 1346 1265 1263
3 1348 1265 1346
3 1266 1347 1264
3 1266 1349 1347
3 1348 1267 1265
3 1350 1267 1348
3 1268 1349 1266
3 1268 1351 1349
3 1350 1269 1267
3 1352 1269 1350
3 1270 1351 1268
3 1270 1353 1351
3 1352 1271 1269
3 1354 1271 1352
3 1272 1353 1270
3 1272 1355 1353
3 1354 1273 1271
3 1356 1273 1354
3 1359 1358 1357
3 1358 1355 1357
3 1355 1274 1357
3 1355 1272 1274
3 1361 1275 1360
3 1275 1356 1360
3 1275 1273 1356
3 1363 1362 1361
3 1363 1361 1360
3 1365 1364 1362
3 1365 1362 1363
3 1367 1366 1364
3 1367 1364 1365
3 1369 1368 1366
3 1369 1366 1367
3 1371 1370 1368
3 1371 1368 1369
3 1373 1372 1370
3 1373 1370 1371
3 1375 1374 1372
3 1375 1372 1373
3 1377 1376 1374
3 1377 1374 1375
3 1379 1378 1376
3 1379 1376 1377
3 1381 1380 1378
3 1381 1378 1379
3 1383 1382 1380
3 1383 1380 1381
3 1385 1384 1382
3 1385 1382 1383
3 1384 1385 1359
3 1357 1384 1359
3 1386 1384 1357
3 1276 1386 1274
3 1274 1386 1357
3 1361 1277 1275
3 1277 1361 1280
3 1280 1361 1362
3 1280 1362 1282
3 1282 1362 1364
3 1282 1364 1284
3 1284 1364 1366
3 1284 1366 1286
3 1286 1366 1368
3 1286 1368 1288
3 1288 1368 1370
3 1288 1370 1290
3 1290 1370 1372
3 1290 1372 1292
3 1292 1372 1374
3 1292 1374 1294
3 1294 1374 1376
3 1294 1376 1296
3 1296 1376 1378
3 1296 1378 1298
3 1298 1378 1380
3 1298 1380 1300
3 1300 1380 1382
3 1300 1382 1302
3 1302 1382 1384
3 1302 1384 1303
3 1303 1384 1386
3 1303 1386 1276
3 1387 1320 1321
3 1322 1388 1321
3 1321 1388 1387
3 1323 1389 1322
3 1322 1389 1388
3 1324 1390 1323
3 1323 1390 1389
3 1325 1391 1324
3 1324 1391 1390
3 1326 1392 1325
3 1325 1392 1391
3 1327 1393 1326
3 1326 1393 1392
3 1328 1394 1327
3 1327 1394 1393
3 1329 1395 1328
3 1328 1395 1394
3 1330 1396 1329
3 1329 1396 1395
3 1331 1397 1330
3 1330 1397 1396
3 1332 1398 1331
3 1331 1398 1397
3 1333 1399 1332
3 1332 1399 1398
3 1334 1400 1333
3 1333 1400 1399
3 1335 1400 1334
3 1402 1401 1387
3 1401 1320 1387
3 1401 1336 1320
3 1402 1387 1388
3 1402 1388 1403
3 1403 1388 1389
3 1403 1389 1404
3 1404 1389 1390
3 1404 1390 1405
3 1405 1390 1391
3 1405 1391 1406
3 1406 1391 1392
3 1406 1392 1407
3 1407 1392 1393
3 1407 1393 1408
3 1408 1393 1394
3 1408 1394 1409
3 1409 1394 1395
3 1409 1395 1410
3 1410 1395 1396
3 1410 1396 1411
3 1411 1396 1397
3 1411 1397 1412
3 1412 1397 1398
3 1412 1398 1413
3 1413 1398 1399
3 1413 1399 1414
3 1414 1399 1400
3 1414 1400 1415
3 1400 1335 1415
3 1335 1416 1415
3 1335 1337 1416
3 1401 1338 1336
3 1417 1338 1401
3 1339 1416 1337
3 1339 1418 1416
3 1417 1340 1338
3 1419 1340 1417
3 1341 1418 1339
3 1341 1420 1418
3 1419 1342 1340
3 1421 1342 1419
3 1343 1420 1341
3 1343 1422 1420
3 1421 1344 1342
3 1423 1344 1421
3 1345 1422 1343
3 1345 1424 1422
3 1423 1346 1344
3 1425 1346 1423
3 1347 1424 1345
3 1347 1426 1424
3 1425 1348 1346
3 1427 1348 1425
3 1349 1426 1347
3 1349 1428 1426
3 1427 1350 1348
3 1429 1350 1427
3 1351 1428 1349
3 1351 1430 1428
3 1429 1352 1350
3 1431 1352 1429
3 1434 1433 1432
3 1433 1430 1432
3 1430 1353 1432
3 1430 1351 1353
3 1431 1354 1352
3 1435 1354 1431
3 1438 1437 1436
3 1436 1437 1434
3 1432 1436 1434
3 1439 1436 1432
3 1355 1439 1353
3 1353 1439 1432
3 1441 1356 1440
3 1356 1435 1440
3 1356 1354 1435
3 1443 1442 1441
3 1443 1441 1440
3 1445 1444 1442
3 1445 1442 1443
3 1447 1446 1444
3 1447 1444 1445
3 1449 1448 1446
3 1449 1446 1447
3 1451 1450 1448
3 1451 1448 1449
3 1453 1452 1450
3 1453 1450 1451
3 1455 1454 1452
3 1455 1452 1453
3 1457 1456 1454
3 1457 1454 1455
3 1459 1458 1456
3 1459 1456 1457
3 1461 1460 1458
3 1461 1458 1459
3 1463 1462 1460
3 1463 1460 1461
3 1462 1463 1438
3 1436 1462 1438
3 1464 1462 1436
3 1359 1464 1358
3 1464 1439 1358
3 1464 1436 1439
3 1358 1439 1355
3 1441 1360 1356
3 1360 1441 1363
3 1363 1441 1442
3 1363 1442 1365
3 1365 1442 1444
3 1365 1444 1367
3 1367 1444 1446
3 1367 1446 1369
3 1369 1446 1448
3 1369 1448 1371
3 1371 1448 1450
3 1371 1450 1373
3 1373 1450 1452
3 1373 1452 1375
3 1375 1452 1454
3 1375 1454 1377
3 1377 1454 1456
3 1377 1456 1379
3 1379 1456 1458
3 1379 1458 1381
3 1381 1458 1460
3 1381 1460 1383
3 1383 1460 1462
3 1383 1462 1385
3 1385 1462 1464
3 1385 1464 1359
3 1465 1401 1402
3 1403 1466 1402
3 1402 1466 1465
3 1404 1467 1403
3 1403 1467 1466
3 1405 1468 1404
3 1404 1468 1467
3 1406 1469 1405
3 1405 1469 1468
3 1407 1470 1406
3 1406 1470 1469
3 1408 1471 1407
3 1407 1471 1470
3 1409 1472 1408
3 1408 1472 1471
3 1410 1473 1409
3 1409 1473 1472
3 1411 1474 1410
3 1410 1474 1473
3 1412 1475 1411
3 1411 1475 1474
3 1413 1476 1412
3 1412 1476 1475
3 1414 1477 1413
3 1413 1477 1476
3 1415 1478 1414
3 1414 1478 1477
3 1416 1478 1415
3 1480 1479 1465
3 1479 1401 1465
3 1479 1417 1401
3 1480 1465 1466
3 1480 1466 1481
3 1481 1466 1467
3 1481 1467 1482
3 1482 1467 1468
3 1482 1468 1483
3 1483 1468 1469
3 1483 1469 1484
3 1484 1469 1470
3 1484 1470 1485
3 1485 1470 1471
3 1485 1471 1486
3 1486 1471 1472
3 1486 1472 1487
3 1487 1472 1473
3 1487 1473 1488
3 1488 1473 1474
3 1488 1474 1489
3 1489 1474 1475
3 1489 1475 1490
3 1490 1475 1476
3 1490 1476 1491
3 1493 1492 1491
3 1476 1493 1491
3 1477 1493 1476
3 1494 1477 1478
3 1493 1477 1494
3 1418 1494 1416
3 1416 1494 1478
3 1479 1419 1417
3 1495 1419 1479
3 1496 1492 1493
3 1496 1493 1494
3 1496 1494 1497
3 1494 1418 1497
3 1418 1498 1497
3 1418 1420 1498
3 1495 1421 1419
3 1499 1421 1495
3 1422 1498 1420
3 1422 1500 1498
3 1499 1423 1421
3 1501 1423 1499
3 1424 1500 1422
3 1424 1502 1500
3 1501 1425 1423
3 1503 1425 1501
3 1506 1505 1504
3 1505 1502 1504
3 1502 1426 1504
3 1502 1424 1426
3 1503 1427 1425
3 1507 1427 1503
3 1510 1509 1508
3 1508 1509 1506
3 1504 1508 1506
3 1511 1508 1504
3 1428 1511 1426
3 1426 1511 1504
3 1507 1429 1427
3 1512 1429 1507
3 1510 1508 1513
3 1510 1513 1514
3 1515 1508 1511
3 1513 1508 1515
3 1430 1515 1428
3 1428 1515 1511
3 1512 1431 1429
3 1516 1431 1512
3 1514 1513 1517
3 1514 1517 1518
3 1434 1517 1433
3 1517 1515 1433
3 1517 1513 1515
3 1433 1515 1430
3 1520 1435 1519
3 1435 1516 1519
3 1435 1431 1516
3 1522 1521 1520
3 1522 1520 1519
3 1524 1523 1521
3 1524 1521 1522
3 1526 1525 1523
3 1526 1523 1524
3 1528 1527 1525
3 1528 1525 1526
3 1530 1529 1527
3 1530 1527 1528
3 1532 1531 1529
3 1532 1529 1530
3 1534 1533 1531
3 1534 1531 1532
3 1536 1535 1533
3 1536 1533 1534
3 1538 1537 1535
3 1538 1535 1536
3 1540 1539 1537
3 1540 1537 1538
3 1542 1541 1539
3 1542 1539 1540
3 1541 1542 1518
3 1541 1518 1517
3 1438 1541 1517
3 1437 1438 1517
3 1437 1517 1434
3 1520 1440 1435
3 1440 1520 1443
3 1443 1520 1521
3 1443 1521 1445
3 1445 1521 1523
3 1445 1523 1447
3 1447 1523 1525
3 1447 1525 1449
3 1449 1525 1527
3 1449 1527 1451
3 1451 1527 1529
3 1451 1529 1453
3 1453 1529 1531
3 1453 1531 1455
3 1455 1531 1533
3 1455 1533 1457
3 1457 1533 1535
3 1457 1535 1459
3 1459 1535 1537
3 1459 1537 1461
3 1461 1537 1539
3 1461 1539 1463
3 1463 1539 1541
3 1463 1541 1438
3 1543 1479 1480
3 1481 1544 1480
3 1480 1544 1543
3 1482 1545 1481
3 1481 1545 1544
3 1483 1546 1482
3 1482 1546 1545
3 1484 1547 1483
3 1483 1547 1546
3 1485 1548 1484
3 1484 1548 1547
3 1486 1549 1485
3 1485 1549 1548
3 1487 1550 1486
3 1486 1550 1549
3 1488 1551 1487
3 1487 1551 1550
3 1489 1552 1488
3 1488 1552 1551
3 1490 1553 1489
3 1489 1553 1552
3 1491 1554 1490
3 1490 1554 1553
3 1492 1554 1491
3 1555 1495 1543
3 1543 1495 1479
3 1556 1543 1544
3 1555 1543 1556
3 1557 1544 1545
3 1556 1544 1557
3 1546 1559 1558
3 1557 1546 1558
3 1545 1546 1557
3 1559 1546 1547
3 1559 1547 1560
3 1560 1547 1548
3 1560 1548 1561
3 1561 1548 1549
3 1561 1549 1562
3 1562 1549 1550
3 1562 1550 1563
3 1563 1550 1551
3 1563 1551 1564
3 1564 1551 1552
3 1564 1552 1565
3 1567 1566 1565
3 1552 1567 1565
3 1553 1567 1552
3 1568 1553 1554
3 1567 1553 1568
3 1496 1569 1492
3 1569 1554 1492
3 1569 1568 1554
3 1497 1570 1496
3 1496 1570 1569
3 1498 1570 1497
3 1572 1571 1555
3 1571 1495 1555
3 1571 1499 1495
3 1572 1555 1556
3 1572 1556 1573
3 1573 1556 1557
3 1573 1557 1574
3 1574 1557 1558
3 1575 1566 1567
3 1575 1567 1568
3 1575 1568 1576
3 1576 1568 1569
3 1576 1569 1577
3 1579 1578 1577
3 1569 1579 1577
3 1570 1579 1569
3 1500 1579 1498
3 1498 1579 1570
3 1571 1501 1499
3 1580 1501 1571
3 1583 1582 1581
3 1581 1582 1578
3 1579 1581 1578
3 1584 1581 1579
3 1502 1584 1500
3 1500 1584 1579
3 1580 1503 1501
3 1585 1503 1580
3 1583 1581 1586
3 1583 1586 1587
3 1506 1586 1505
3 1586 1584 1505
3 1586 1581 1584
3 1505 1584 1502
3 1585 1507 1503
3 1588 1507 1585
3 1591 1590 1589
3 1589 1590 1587
3 1589 1587 1586
3 1510 1589 1586
3 1509 1510 1586
3 1509 1586 1506
3 1588 1512 1507
3 1592 1512 1588
3 1595 1594 1593
3 1593 1594 1591
3 1589 1593 1591
3 1596 1593 1589
3 1514 1596 1510
3 1510 1596 1589
3 1598 1516 1597
3 1516 1592 1597
3 1516 1512 1592
3 1600 1599 1598
3 1600 1598 1597
3 1602 1601 1599
3 1602 1599 1600
3 1604 1603 1601
3 1604 1601 1602
3 1606 1605 1603
3 1606 1603 1604
3 1608 1607 1605
3 1608 1605 1606
3 1610 1609 1607
3 1610 1607 1608
3 1612 1611 1609
3 1612 1609 1610
3 1614 1613 1611
3 1614 1611 1612
3 1616 1615 1613
3 1616 1613 1614
3 1615 1616 1595
3 1593 1615 1595
3 1617 1615 1593
3 1618 1593 1596
3 1617 1593 1618
3 1518 1618 1514
3 1514 1618 1596
3 1598 1519 1516
3 1519 1598 1522
3 1522 1598 1599
3 1522 1599 1524
3 1524 1599 1601
3 1524 1601 1526
3 1526 1601 1603
3 1526 1603 1528
3 1528 1603 1605
3 1528 1605 1530
3 1530 1605 1607
3 1530 1607 1532
3 1532 1607 1609
3 1532 1609 1534
3 1534 1609 1611
3 1534 1611 1536
3 1536 1611 1613
3 1536 1613 1538
3 1538 1613 1615
3 1538 1615 1540
3 1540 1615 1617
3 1540 1617 1542
3 1542 1617 1618
3 1542 1618 1518
3 1619 1558 1559
3 1560 1620 1559
3 1559 1620 1619
3 1561 1621 1560
3 1560 1621 1620
3 1562 1622 1561
3 1561 1622 1621
3 1563 1623 1562
3 1562 1623 1622
3 1564 1624 1563
3 1563 1624 1623
3 1565 1625 1564
3 1564 1625 1624
3 1566 1625 1565
3 1626 1571 1572
3 1573 1627 1572
3 1572 1627 1626
3 1574 1628 1573
3 1573 1628 1627
3 1558 1619 1574
3 1619 1628 1574
3 1619 1629 1628
3 1630 1619 1620
3 1629 1619 1630
3 1631 1620 1621
3 1630 1620 1631
3 1632 1621 1622
3 1631 1621 1632
3 1633 1622 1623
3 1632 1622 1633
3 1634 1623 1624
3 1633 1623 1634
3 1635 1624 1625
3 1634 1624 1635
3 1575 1636 1566
3 1636 1625 1566
3 1636 1635 1625
3 1576 1637 1575
3 1575 1637 1636
3 1577 1638 1576
3 1576 1638 1637
3 1578 1638 1577
3 1640 1639 1626
3 1639 1571 1626
3 1639 1580 1571
3 1640 1626 1627
3 1640 1627 1641
3 1641 1627 1628
3 1641 1628 1642
3 1642 1628 1629
3 1642 1629 1643
3 1643 1629 1630
3 1643 1630 1644
3 1644 1630 1631
3 1644 1631 1645
3 1645 1631 1632
3 1645 1632 1646
3 1646 1632 1633
3 1646 1633 1647
3 1647 1633 1634
3 1647 1634 1648
3 1648 1634 1635
3 1648 1635 1649
3 1651 1650 1649
3 1635 1651 1649
3 1636 1651 1635
3 1652 1636 1637
3 1651 1636 1652
3 1583 1652 1582
3 1652 1638 1582
3 1652 1637 1638
3 1582 1638 1578
3 1639 1585 1580
3 1653 1585 1639
3 1650 1651 1654
3 1650 1654 1655
3 1656 1651 1652
3 1654 1651 1656
3 1587 1656 1583
3 1583 1656 1652
3 1653 1588 1585
3 1657 1588 1653
3 1660 1659 1658
3 1658 1659 1655
3 1654 1658 1655
3 1661 1658 1654
3 1591 1661 1590
3 1661 1656 1590
3 1661 1654 1656
3 1590 1656 1587
3 1663 1592 1662
3 1592 1657 1662
3 1592 1588 1657
3 1665 1664 1663
3 1665 1663 1662
3 1667 1666 1664
3 1667 1664 1665
3 1669 1668 1666
3 1669 1666 1667
3 1671 1670 1668
3 1671 1668 1669
3 1673 1672 1670
3 1673 1670 1671
3 1675 1674 1672
3 1675 1672 1673
3 1677 1676 1674
3 1677 1674 1675
3 1679 1678 1676
3 1679 1676 1677
3 1678 1679 1660
3 1658 1678 1660
3 1680 1678 1658
3 1595 1680 1594
3 1680 1661 1594
3 1680 1658 1661
3 1594 1661 1591
3 1663 1597 1592
3 1597 1663 1600
3 1600 1663 1664
3 1600 1664 1602
3 1602 1664 1666
3 1602 1666 1604
3 1604 1666 1668
3 1604 1668 1606
3 1606 1668 1670
3 1606 1670 1608
3 1608 1670 1672
3 1608 1672 1610
3 1610 1672 1674
3 1610 1674 1612
3 1612 1674 1676
3 1612 1676 1614
3 1614 1676 1678
3 1614 1678 1616
3 1616 1678 1680
3 1616 1680 1595
3 1681 1639 1640
3 1641 1682 1640
3 1640 1682 1681
3 1642 1683 1641
3 1641 1683 1682
3 1643 1684 1642
3 1642 1684 1683
3 1644 1685 1643
3 1643 1685 1684
3 1645 1686 1644
3 1644 1686 1685
3 1646 1687 1645
3 1645 1687 1686
3 1647 1688 1646
3 1646 1688 1687
3 1648 1689 1647
3 1647 1689 1688
3 1649 1690 1648
3 1648 1690 1689
3 1650 1690 1649
3 1692 1691 1681
3 1691 1639 1681
3 1691 1653 1639
3 1692 1681 1682
3 1692 1682 1693
3 1693 1682 1683
3 1693 1683 1694
3 1694 1683 1684
3 1694 1684 1695
3 1695 1684 1685
3 1695 1685 1696
3 1696 1685 1686
3 1696 1686 1697
3 1697 1686 1687
3 1697 1687 1698
3 1698 1687 1688
3 1698 1688 1699
3 1701 1700 1699
3 1688 1701 1699
3 1689 1701 1688
3 1702 1689 1690
3 1701 1689 1702
3 1655 1702 1650
3 1650 1702 1690
3 1691 1657 1653
3 1703 1657 1691
3 1706 1705 1704
3 1704 1705 1700
3 1701 1704 1700
3 1707 1704 1701
3 1660 1707 1659
3 1707 1702 1659
3 1707 1701 1702
3 1659 1702 1655
3 1703 1708 1657
3 1657 1708 1662
3 1662 1709 1665
3 1708 1709 1662
3 1665 1710 1667
3 1709 1710 1665
3 1667 1711 1669
3 1710 1711 1667
3 1669 1712 1671
3 1711 1712 1669
3 1671 1713 1673
3 1712 1713 1671
3 1673 1714 1675
3 1713 1714 1673
3 1704 1677 1706
3 1677 1714 1706
3 1677 1675 1714
3 1677 1704 1679
3 1679 1704 1707
3 1679 1707 1660
3 1715 1691 1692
3 1693 1716 1692
3 1692 1716 1715
3 1694 1717 1693
3 1693 1717 1716
3 1695 1718 1694
3 1694 1718 1717
3 1696 1719 1695
3 1695 1719 1718
3 1697 1720 1696
3 1696 1720 1719
3 1698 1721 1697
3 1697 1721 1720
3 1699 1722 1698
3 1698 1722 1721
3 1700 1722 1699
3 1723 1703 1715
3 1715 1703 1691
3 1724 1715 1716
3 1723 1715 1724
3 1725 1716 1717
3 1724 1716 1725
3 1726 1717 1718
3 1725 1717 1726
3 1727 1718 1719
3 1726 1718 1727
3 1728 1719 1720
3 1727 1719 1728
3 1729 1720 1721
3 1728 1720 1729
3 1706 1729 1705
3 1729 1722 1705
3 1729 1721 1722
3 1705 1722 1700
3 1723 1708 1703
3 1708 1723 1709
3 1709 1723 1724
3 1709 1724 1710
3 1710 1724 1725
3 1710 1725 1711
3 1711 1725 1726
3 1711 1726 1712
3 1712 1726 1727
3 1712 1727 1713
3 1713 1727 1728
3 1713 1728 1714
3 1714 1728 1729
3 1714 1729 1706
