# Asteroid shape model (convexinv -> dual reconstruction)
v -3.85565642 0.27632569 -0.35714286
v -3.66429783 0.27632569 -0.42857143
v -3.66429783 0.08496711 -0.35714286
v -3.66429783 0.08496711 -0.21428571
v -3.85565642 0.27632569 -0.21428571
v -3.66429783 0.08496711 -0.07142857
v -3.85565642 0.27632569 -0.07142857
v -3.66429783 0.08496711 0.07142857
v -3.85565642 0.27632569 0.07142857
v -3.66429783 0.08496711 0.21428571
v -3.85565642 0.27632569 0.21428571
v -3.66429783 0.27632569 0.28571429
v -3.85565642 0.65904287 -0.35714286
v -3.66429783 0.65904287 -0.42857143
v -3.85565642 0.65904287 -0.21428571
v -3.85565642 0.65904287 -0.07142857
v -3.85565642 0.65904287 0.07142857
v -3.85565642 0.65904287 0.21428571
v -3.66429783 0.46768428 0.35714286
v -3.85565642 0.65904287 0.35714286
v -3.66429783 0.65904287 0.42857143
v -3.66429783 0.85040146 -0.35714286
v -3.66429783 0.85040146 -0.21428571
v -3.66429783 0.85040146 -0.07142857
v -3.66429783 0.85040146 0.07142857
v -3.66429783 0.85040146 0.21428571
v -3.66429783 0.85040146 0.35714286
v -3.47293924 -0.48910865 -0.50000000
v -3.28158065 -0.48910865 -0.57142857
v -3.28158065 -0.68046724 -0.50000000
v -3.28158065 -0.68046724 -0.35714286
v -3.47293924 -0.48910865 -0.35714286
v -3.28158065 -0.68046724 -0.21428571
v -3.47293924 -0.48910865 -0.21428571
v -3.28158065 -0.68046724 -0.07142857
v -3.47293924 -0.48910865 -0.07142857
v -3.28158065 -0.68046724 0.07142857
v -3.47293924 -0.48910865 0.07142857
v -3.28158065 -0.48910865 0.14285714
v -3.47293924 -0.10639148 -0.92857143
v -3.28158065 -0.10639148 -1.00000000
v -3.28158065 -0.29775007 -0.92857143
v -3.28158065 -0.29775007 -0.78571429
v -3.47293924 -0.10639148 -0.78571429
v -3.28158065 -0.29775007 -0.64285714
v -3.47293924 -0.10639148 -0.64285714
v -3.47293924 -0.10639148 -0.50000000
v -3.47293924 -0.10639148 -0.35714286
v -3.47293924 -0.10639148 -0.21428571
v -3.47293924 -0.10639148 -0.07142857
v -3.47293924 -0.10639148 0.07142857
v -3.28158065 -0.29775007 0.21428571
v -3.47293924 -0.10639148 0.21428571
v -3.28158065 -0.29775007 0.35714286
v -3.47293924 -0.10639148 0.35714286
v -3.28158065 -0.29775007 0.50000000
v -3.47293924 -0.10639148 0.50000000
v -3.28158065 -0.29775007 0.64285714
v -3.47293924 -0.10639148 0.64285714
v -3.28158065 -0.29775007 0.78571429
v -3.47293924 -0.10639148 0.78571429
v -3.28158065 -0.29775007 0.92857143
v -3.47293924 -0.10639148 0.92857143
v -3.28158065 -0.10639148 1.00000000
v -3.47293924 0.27632569 -0.92857143
v -3.28158065 0.27632569 -1.00000000
v -3.47293924 0.27632569 -0.78571429
v -3.47293924 0.27632569 -0.64285714
v -3.47293924 0.27632569 -0.50000000
v -3.47293924 0.27632569 0.35714286
v -3.47293924 0.27632569 0.50000000
v -3.47293924 0.27632569 0.64285714
v -3.47293924 0.27632569 0.78571429
v -3.47293924 0.27632569 0.92857143
v -3.28158065 0.27632569 1.00000000
v -3.47293924 0.65904287 -0.92857143
v -3.28158065 0.65904287 -1.00000000
v -3.47293924 0.65904287 -0.78571429
v -3.47293924 0.65904287 -0.64285714
v -3.47293924 0.65904287 -0.50000000
v -3.47293924 0.65904287 0.50000000
v -3.47293924 0.65904287 0.64285714
v -3.47293924 0.65904287 0.78571429
v -3.47293924 0.65904287 0.92857143
v -3.28158065 0.65904287 1.00000000
v -3.47293924 1.04176004 -0.92857143
v -3.28158065 1.04176004 -1.00000000
v -3.47293924 1.04176004 -0.78571429
v -3.47293924 1.04176004 -0.64285714
v -3.47293924 1.04176004 -0.50000000
v -3.47293924 1.04176004 -0.35714286
v -3.47293924 1.04176004 -0.21428571
v -3.47293924 1.04176004 -0.07142857
v -3.47293924 1.04176004 0.07142857
v -3.47293924 1.04176004 0.21428571
v -3.47293924 1.04176004 0.35714286
v -3.47293924 1.04176004 0.50000000
v -3.47293924 1.04176004 0.64285714
v -3.47293924 1.04176004 0.78571429
v -3.47293924 1.04176004 0.92857143
v -3.28158065 1.04176004 1.00000000
v -3.28158065 1.23311863 -0.92857143
v -3.28158065 1.23311863 -0.78571429
v -3.28158065 1.23311863 -0.64285714
v -3.28158065 1.23311863 -0.50000000
v -3.28158065 1.23311863 -0.35714286
v -3.47293924 1.42447722 -0.21428571
v -3.28158065 1.42447722 -0.28571429
v -3.47293924 1.42447722 -0.07142857
v -3.47293924 1.42447722 0.07142857
v -3.28158065 1.42447722 0.14285714
v -3.28158065 1.23311863 0.21428571
v -3.28158065 1.23311863 0.35714286
v -3.28158065 1.23311863 0.50000000
v -3.28158065 1.23311863 0.64285714
v -3.28158065 1.23311863 0.78571429
v -3.28158065 1.23311863 0.92857143
v -3.28158065 1.61583580 -0.21428571
v -3.28158065 1.61583580 -0.07142857
v -3.28158065 1.61583580 0.07142857
v -3.09022207 -1.25454300 -0.07142857
v -2.89886348 -1.25454300 -0.14285714
v -2.89886348 -1.44590159 -0.07142857
v -2.89886348 -1.44590159 0.07142857
v -3.09022207 -1.25454300 0.07142857
v -2.89886348 -1.25454300 0.14285714
v -3.09022207 -0.87182583 -0.92857143
v -2.89886348 -0.87182583 -1.00000000
v -2.89886348 -1.06318441 -0.92857143
v -2.89886348 -1.06318441 -0.78571429
v -3.09022207 -0.87182583 -0.78571429
v -2.89886348 -1.06318441 -0.64285714
v -3.09022207 -0.87182583 -0.64285714
v -2.89886348 -1.06318441 -0.50000000
v -3.09022207 -0.87182583 -0.50000000
v -2.89886348 -1.06318441 -0.35714286
v -3.09022207 -0.87182583 -0.35714286
v -2.89886348 -1.06318441 -0.21428571
v -3.09022207 -0.87182583 -0.21428571
v -3.09022207 -0.87182583 -0.07142857
v -3.09022207 -0.87182583 0.07142857
v -2.89886348 -1.06318441 0.21428571
v -3.09022207 -0.87182583 0.21428571
v -2.89886348 -1.06318441 0.35714286
v -3.09022207 -0.87182583 0.35714286
v -2.89886348 -1.06318441 0.50000000
v -3.09022207 -0.87182583 0.50000000
v -2.89886348 -1.06318441 0.64285714
v -3.09022207 -0.87182583 0.64285714
v -2.89886348 -1.06318441 0.78571429
v -3.09022207 -0.87182583 0.78571429
v -2.89886348 -1.06318441 0.92857143
v -3.09022207 -0.87182583 0.92857143
v -2.89886348 -0.87182583 1.00000000
v -3.09022207 -0.48910865 -0.92857143
v -2.89886348 -0.48910865 -1.00000000
v -3.09022207 -0.48910865 -0.78571429
v -3.09022207 -0.48910865 -0.64285714
v -3.09022207 -0.48910865 0.21428571
v -3.09022207 -0.48910865 0.35714286
v -3.09022207 -0.48910865 0.50000000
v -3.09022207 -0.48910865 0.64285714
v -3.09022207 -0.48910865 0.78571429
v -3.09022207 -0.48910865 0.92857143
v -2.89886348 -0.48910865 1.00000000
v -2.89886348 -0.10639148 -1.00000000
v -2.89886348 -0.10639148 1.00000000
v -2.89886348 0.27632569 -1.00000000
v -2.89886348 0.27632569 1.00000000
v -2.89886348 0.65904287 -1.00000000
v -2.89886348 0.65904287 1.00000000
v -2.89886348 1.04176004 -1.00000000
v -2.89886348 1.04176004 1.00000000
v -2.89886348 1.23311863 -0.92857143
v -3.09022207 1.42447722 -0.78571429
v -2.89886348 1.42447722 -0.85714286
v -3.09022207 1.42447722 -0.64285714
v -3.09022207 1.42447722 -0.50000000
v -3.09022207 1.42447722 -0.35714286
v -3.09022207 1.42447722 0.21428571
v -3.09022207 1.42447722 0.35714286
v -3.09022207 1.42447722 0.50000000
v -3.09022207 1.42447722 0.64285714
v -2.89886348 1.42447722 0.71428571
v -2.89886348 1.23311863 0.78571429
v -2.89886348 1.23311863 0.92857143
v -2.89886348 1.61583580 -0.78571429
v -2.89886348 1.61583580 -0.64285714
v -2.89886348 1.61583580 -0.50000000
v -2.89886348 1.61583580 -0.35714286
v -3.09022207 1.80719439 -0.21428571
v -2.89886348 1.80719439 -0.28571429
v -3.09022207 1.80719439 -0.07142857
v -3.09022207 1.80719439 0.07142857
v -3.09022207 1.80719439 0.21428571
v -2.89886348 1.80719439 0.28571429
v -2.89886348 1.61583580 0.35714286
v -2.89886348 1.61583580 0.50000000
v -2.89886348 1.61583580 0.64285714
v -2.89886348 1.99855298 -0.21428571
v -2.89886348 1.99855298 -0.07142857
v -2.89886348 1.99855298 0.07142857
v -2.89886348 1.99855298 0.21428571
v -2.70750489 -1.63726018 -0.64285714
v -2.51614631 -1.63726018 -0.71428571
v -2.51614631 -1.82861876 -0.64285714
v -2.51614631 -1.82861876 -0.50000000
v -2.70750489 -1.63726018 -0.50000000
v -2.51614631 -1.82861876 -0.35714286
v -2.70750489 -1.63726018 -0.35714286
v -2.51614631 -1.82861876 -0.21428571
v -2.70750489 -1.63726018 -0.21428571
v -2.51614631 -1.82861876 -0.07142857
v -2.70750489 -1.63726018 -0.07142857
v -2.51614631 -1.82861876 0.07142857
v -2.70750489 -1.63726018 0.07142857
v -2.51614631 -1.82861876 0.21428571
v -2.70750489 -1.63726018 0.21428571
v -2.51614631 -1.82861876 0.35714286
v -2.70750489 -1.63726018 0.35714286
v -2.51614631 -1.82861876 0.50000000
v -2.70750489 -1.63726018 0.50000000
v -2.51614631 -1.63726018 0.57142857
v -2.70750489 -1.25454300 -0.78571429
v -2.51614631 -1.25454300 -0.85714286
v -2.51614631 -1.44590159 -0.78571429
v -2.70750489 -1.25454300 -0.64285714
v -2.70750489 -1.25454300 -0.50000000
v -2.70750489 -1.25454300 -0.35714286
v -2.70750489 -1.25454300 -0.21428571
v -2.70750489 -1.25454300 0.21428571
v -2.70750489 -1.25454300 0.35714286
v -2.70750489 -1.25454300 0.50000000
v -2.51614631 -1.44590159 0.64285714
v -2.70750489 -1.25454300 0.64285714
v -2.51614631 -1.44590159 0.78571429
v -2.70750489 -1.25454300 0.78571429
v -2.51614631 -1.44590159 0.92857143
v -2.70750489 -1.25454300 0.92857143
v -2.51614631 -1.25454300 1.00000000
v -2.51614631 -0.87182583 -1.00000000
v -2.51614631 -1.06318441 -0.92857143
v -2.51614631 -0.87182583 1.00000000
v -2.51614631 -0.48910865 -1.00000000
v -2.51614631 -0.48910865 1.00000000
v -2.51614631 -0.10639148 -1.00000000
v -2.51614631 -0.10639148 1.00000000
v -2.51614631 0.27632569 -1.00000000
v -2.51614631 0.27632569 1.00000000
v -2.51614631 0.65904287 -1.00000000
v -2.51614631 0.65904287 1.00000000
v -2.51614631 1.04176004 -1.00000000
v -2.51614631 1.04176004 1.00000000
v -2.70750489 1.42447722 -0.92857143
v -2.51614631 1.42447722 -1.00000000
v -2.70750489 1.42447722 0.78571429
v -2.70750489 1.42447722 0.92857143
v -2.51614631 1.42447722 1.00000000
v -2.51614631 1.61583580 -0.92857143
v -2.70750489 1.80719439 -0.78571429
v -2.51614631 1.80719439 -0.85714286
v -2.70750489 1.80719439 -0.64285714
v -2.70750489 1.80719439 -0.50000000
v -2.70750489 1.80719439 -0.35714286
v -2.70750489 1.80719439 0.35714286
v -2.70750489 1.80719439 0.50000000
v -2.70750489 1.80719439 0.64285714
v -2.70750489 1.80719439 0.78571429
v -2.51614631 1.80719439 0.85714286
v -2.51614631 1.61583580 0.92857143
v -2.51614631 1.99855298 -0.78571429
v -2.51614631 1.99855298 -0.64285714
v -2.51614631 1.99855298 -0.50000000
v -2.51614631 1.99855298 -0.35714286
v -2.51614631 1.99855298 -0.21428571
v -2.51614631 1.99855298 -0.07142857
v -2.70750489 2.18991157 0.07142857
v -2.51614631 2.18991157 0.00000000
v -2.51614631 2.18991157 0.14285714
v -2.51614631 1.99855298 0.21428571
v -2.51614631 1.99855298 0.35714286
v -2.51614631 1.99855298 0.50000000
v -2.51614631 1.99855298 0.64285714
v -2.51614631 1.99855298 0.78571429
v -2.51614631 2.38127015 0.07142857
v -2.32478772 -2.01997735 -0.64285714
v -2.13342913 -2.01997735 -0.71428571
v -2.13342913 -2.21133594 -0.64285714
v -2.13342913 -2.21133594 -0.50000000
v -2.32478772 -2.01997735 -0.50000000
v -2.13342913 -2.21133594 -0.35714286
v -2.32478772 -2.01997735 -0.35714286
v -2.13342913 -2.21133594 -0.21428571
v -2.32478772 -2.01997735 -0.21428571
v -2.13342913 -2.21133594 -0.07142857
v -2.32478772 -2.01997735 -0.07142857
v -2.13342913 -2.21133594 0.07142857
v -2.32478772 -2.01997735 0.07142857
v -2.13342913 -2.21133594 0.21428571
v -2.32478772 -2.01997735 0.21428571
v -2.13342913 -2.21133594 0.35714286
v -2.32478772 -2.01997735 0.35714286
v -2.13342913 -2.21133594 0.50000000
v -2.32478772 -2.01997735 0.50000000
v -2.13342913 -2.01997735 0.57142857
v -2.32478772 -1.63726018 -0.92857143
v -2.13342913 -1.63726018 -1.00000000
v -2.13342913 -1.82861876 -0.92857143
v -2.13342913 -1.82861876 -0.78571429
v -2.32478772 -1.63726018 -0.78571429
v -2.13342913 -1.82861876 0.64285714
v -2.32478772 -1.63726018 0.64285714
v -2.13342913 -1.82861876 0.78571429
v -2.32478772 -1.63726018 0.78571429
v -2.13342913 -1.82861876 0.92857143
v -2.32478772 -1.63726018 0.92857143
v -2.13342913 -1.63726018 1.00000000
v -2.32478772 -1.25454300 -0.92857143
v -2.13342913 -1.25454300 -1.00000000
v -2.13342913 -1.25454300 1.00000000
v -2.13342913 -0.87182583 -1.00000000
v -2.13342913 -0.87182583 1.00000000
v -2.13342913 -0.48910865 -1.00000000
v -2.13342913 -0.48910865 1.00000000
v -2.13342913 -0.10639148 -1.00000000
v -2.13342913 -0.10639148 1.00000000
v -2.13342913 0.27632569 -1.00000000
v -2.13342913 0.27632569 1.00000000
v -2.13342913 0.65904287 -1.00000000
v -2.13342913 0.65904287 1.00000000
v -2.13342913 1.04176004 -1.00000000
v -2.13342913 1.04176004 1.00000000
v -2.13342913 1.42447722 -1.00000000
v -2.13342913 1.42447722 1.00000000
v -2.32478772 1.80719439 -0.92857143
v -2.13342913 1.80719439 -1.00000000
v -2.32478772 1.80719439 0.92857143
v -2.13342913 1.80719439 1.00000000
v -2.13342913 1.99855298 -0.92857143
v -2.32478772 2.18991157 -0.78571429
v -2.13342913 2.18991157 -0.85714286
v -2.32478772 2.18991157 -0.64285714
v -2.32478772 2.18991157 -0.50000000
v -2.32478772 2.18991157 -0.35714286
v -2.32478772 2.18991157 -0.21428571
v -2.32478772 2.18991157 -0.07142857
v -2.32478772 2.18991157 0.21428571
v -2.32478772 2.18991157 0.35714286
v -2.32478772 2.18991157 0.50000000
v -2.32478772 2.18991157 0.64285714
v -2.13342913 2.18991157 0.71428571
v -2.13342913 1.99855298 0.78571429
v -2.13342913 1.99855298 0.92857143
v -2.13342913 2.38127015 -0.78571429
v -2.13342913 2.38127015 -0.64285714
v -2.13342913 2.38127015 -0.50000000
v -2.13342913 2.38127015 -0.35714286
v -2.13342913 2.38127015 -0.21428571
v -2.13342913 2.38127015 -0.07142857
v -2.13342913 2.38127015 0.07142857
v -2.13342913 2.38127015 0.21428571
v -2.13342913 2.38127015 0.35714286
v -2.13342913 2.38127015 0.50000000
v -2.13342913 2.38127015 0.64285714
v -1.94207055 -2.78541170 -0.35714286
v -1.75071196 -2.78541170 -0.42857143
v -1.75071196 -2.97677028 -0.35714286
v -1.75071196 -2.97677028 -0.21428571
v -1.94207055 -2.78541170 -0.21428571
v -1.75071196 -2.97677028 -0.07142857
v -1.94207055 -2.78541170 -0.07142857
v -1.75071196 -2.97677028 0.07142857
v -1.94207055 -2.78541170 0.07142857
v -1.75071196 -2.97677028 0.21428571
v -1.94207055 -2.78541170 0.21428571
v -1.75071196 -2.78541170 0.28571429
v -1.94207055 -2.40269452 -0.64285714
v -1.75071196 -2.40269452 -0.71428571
v -1.75071196 -2.59405311 -0.64285714
v -1.75071196 -2.59405311 -0.50000000
v -1.94207055 -2.40269452 -0.50000000
v -1.94207055 -2.40269452 -0.35714286
v -1.94207055 -2.40269452 -0.21428571
v -1.94207055 -2.40269452 -0.07142857
v -1.94207055 -2.40269452 0.07142857
v -1.94207055 -2.40269452 0.21428571
v -1.75071196 -2.59405311 0.35714286
v -1.94207055 -2.40269452 0.35714286
v -1.75071196 -2.59405311 0.50000000
v -1.94207055 -2.40269452 0.50000000
v -1.75071196 -2.59405311 0.64285714
v -1.94207055 -2.40269452 0.64285714
v -1.75071196 -2.59405311 0.78571429
v -1.94207055 -2.40269452 0.78571429
v -1.75071196 -2.40269452 0.85714286
v -1.75071196 -2.01997735 -0.71428571
v -1.94207055 -2.01997735 0.64285714
v -1.94207055 -2.01997735 0.78571429
v -1.75071196 -2.21133594 0.92857143
v -1.94207055 -2.01997735 0.92857143
v -1.75071196 -2.01997735 1.00000000
v -1.75071196 -1.63726018 -1.00000000
v -1.75071196 -1.82861876 -0.92857143
v -1.75071196 -1.82861876 -0.78571429
v -1.75071196 -1.63726018 1.00000000
v -1.75071196 -1.25454300 -1.00000000
v -1.75071196 -1.25454300 1.00000000
v -1.75071196 -0.87182583 -1.00000000
v -1.75071196 -0.87182583 1.00000000
v -1.75071196 -0.48910865 -1.00000000
v -1.75071196 -0.48910865 1.00000000
v -1.75071196 -0.10639148 -1.00000000
v -1.75071196 -0.10639148 1.00000000
v -1.75071196 0.27632569 -1.00000000
v -1.75071196 0.27632569 1.00000000
v -1.75071196 0.65904287 -1.00000000
v -1.75071196 0.65904287 1.00000000
v -1.75071196 1.04176004 -1.00000000
v -1.75071196 1.04176004 1.00000000
v -1.75071196 1.42447722 -1.00000000
v -1.75071196 1.42447722 1.00000000
v -1.75071196 1.80719439 -1.00000000
v -1.75071196 1.80719439 1.00000000
v -1.94207055 2.18991157 -0.92857143
v -1.75071196 2.18991157 -1.00000000
v -1.94207055 2.18991157 0.78571429
v -1.75071196 2.18991157 0.85714286
v -1.75071196 1.99855298 0.92857143
v -1.94207055 2.57262874 -0.92857143
v -1.75071196 2.57262874 -1.00000000
v -1.94207055 2.57262874 -0.78571429
v -1.94207055 2.57262874 -0.64285714
v -1.94207055 2.57262874 -0.50000000
v -1.94207055 2.57262874 -0.35714286
v -1.94207055 2.57262874 -0.21428571
v -1.94207055 2.57262874 -0.07142857
v -1.94207055 2.57262874 0.07142857
v -1.94207055 2.57262874 0.21428571
v -1.94207055 2.57262874 0.35714286
v -1.94207055 2.57262874 0.50000000
v -1.94207055 2.57262874 0.64285714
v -1.75071196 2.57262874 0.71428571
v -1.75071196 2.38127015 0.78571429
v -1.75071196 2.76398733 -0.92857143
v -1.75071196 2.76398733 -0.78571429
v -1.75071196 2.76398733 -0.64285714
v -1.75071196 2.76398733 -0.50000000
v -1.75071196 2.76398733 -0.35714286
v -1.75071196 2.76398733 -0.21428571
v -1.75071196 2.76398733 -0.07142857
v -1.75071196 2.76398733 0.07142857
v -1.75071196 2.76398733 0.21428571
v -1.75071196 2.76398733 0.35714286
v -1.75071196 2.76398733 0.50000000
v -1.75071196 2.76398733 0.64285714
v -1.55935337 -3.16812887 -0.21428571
v -1.36799478 -3.16812887 -0.28571429
v -1.36799478 -3.35948746 -0.21428571
v -1.36799478 -3.35948746 -0.07142857
v -1.55935337 -3.16812887 -0.07142857
v -1.36799478 -3.35948746 0.07142857
v -1.55935337 -3.16812887 0.07142857
v -1.36799478 -3.16812887 0.14285714
v -1.55935337 -2.78541170 -0.64285714
v -1.36799478 -2.78541170 -0.71428571
v -1.36799478 -2.97677028 -0.64285714
v -1.36799478 -2.97677028 -0.50000000
v -1.55935337 -2.78541170 -0.50000000
v -1.36799478 -2.97677028 -0.35714286
v -1.36799478 -2.97677028 0.21428571
v -1.36799478 -2.97677028 0.35714286
v -1.55935337 -2.78541170 0.35714286
v -1.36799478 -2.97677028 0.50000000
v -1.55935337 -2.78541170 0.50000000
v -1.36799478 -2.97677028 0.64285714
v -1.55935337 -2.78541170 0.64285714
v -1.36799478 -2.97677028 0.78571429
v -1.55935337 -2.78541170 0.78571429
v -1.36799478 -2.78541170 0.85714286
v -1.55935337 -2.40269452 -0.78571429
v -1.36799478 -2.40269452 -0.85714286
v -1.36799478 -2.59405311 -0.78571429
v -1.36799478 -2.59405311 0.92857143
v -1.55935337 -2.40269452 0.92857143
v -1.36799478 -2.40269452 1.00000000
v -1.55935337 -2.01997735 -0.92857143
v -1.36799478 -2.01997735 -1.00000000
v -1.36799478 -2.21133594 -0.92857143
v -1.55935337 -2.01997735 -0.78571429
v -1.36799478 -2.01997735 1.00000000
v -1.36799478 -1.63726018 -1.00000000
v -1.36799478 -1.63726018 1.00000000
v -1.36799478 -1.25454300 -1.00000000
v -1.36799478 -1.25454300 1.00000000
v -1.36799478 -0.87182583 -1.00000000
v -1.36799478 -0.87182583 1.00000000
v -1.36799478 -0.48910865 -1.00000000
v -1.36799478 -0.48910865 1.00000000
v -1.36799478 -0.10639148 -1.00000000
v -1.36799478 -0.10639148 1.00000000
v -1.36799478 0.27632569 -1.00000000
v -1.36799478 0.27632569 1.00000000
v -1.36799478 0.65904287 -1.00000000
v -1.36799478 0.65904287 1.00000000
v -1.36799478 1.04176004 -1.00000000
v -1.36799478 1.04176004 1.00000000
v -1.36799478 1.42447722 -1.00000000
v -1.36799478 1.42447722 1.00000000
v -1.36799478 1.80719439 -1.00000000
v -1.36799478 1.80719439 1.00000000
v -1.36799478 2.18991157 -1.00000000
v -1.55935337 2.18991157 0.92857143
v -1.36799478 2.18991157 1.00000000
v -1.36799478 2.57262874 -1.00000000
v -1.36799478 2.38127015 0.78571429
v -1.36799478 2.57262874 0.71428571
v -1.36799478 2.38127015 0.92857143
v -1.36799478 2.76398733 -0.92857143
v -1.36799478 2.76398733 -0.78571429
v -1.36799478 2.76398733 -0.64285714
v -1.36799478 2.76398733 -0.50000000
v -1.36799478 2.76398733 -0.35714286
v -1.55935337 2.95534591 -0.21428571
v -1.36799478 2.95534591 -0.28571429
v -1.55935337 2.95534591 -0.07142857
v -1.55935337 2.95534591 0.07142857
v -1.55935337 2.95534591 0.21428571
v -1.55935337 2.95534591 0.35714286
v -1.55935337 2.95534591 0.50000000
v -1.36799478 2.95534591 0.57142857
v -1.36799478 2.76398733 0.64285714
v -1.36799478 3.14670450 -0.21428571
v -1.36799478 3.14670450 -0.07142857
v -1.36799478 3.14670450 0.07142857
v -1.36799478 3.14670450 0.21428571
v -1.36799478 3.14670450 0.35714286
v -1.36799478 3.14670450 0.50000000
v -1.17663620 -3.55084605 -0.07142857
v -0.98527761 -3.55084605 -0.14285714
v -0.98527761 -3.74220463 -0.07142857
v -0.98527761 -3.55084605 0.00000000
v -1.17663620 -3.16812887 -0.92857143
v -0.98527761 -3.16812887 -1.00000000
v -0.98527761 -3.35948746 -0.92857143
v -0.98527761 -3.35948746 -0.78571429
v -1.17663620 -3.16812887 -0.78571429
v -0.98527761 -3.35948746 -0.64285714
v -1.17663620 -3.16812887 -0.64285714
v -0.98527761 -3.35948746 -0.50000000
v -1.17663620 -3.16812887 -0.50000000
v -0.98527761 -3.35948746 -0.35714286
v -1.17663620 -3.16812887 -0.35714286
v -0.98527761 -3.35948746 -0.21428571
v -0.98527761 -3.35948746 0.07142857
v -0.98527761 -3.35948746 0.21428571
v -1.17663620 -3.16812887 0.21428571
v -0.98527761 -3.35948746 0.35714286
v -1.17663620 -3.16812887 0.35714286
v -0.98527761 -3.35948746 0.50000000
v -1.17663620 -3.16812887 0.50000000
v -0.98527761 -3.35948746 0.64285714
v -1.17663620 -3.16812887 0.64285714
v -0.98527761 -3.35948746 0.78571429
v -1.17663620 -3.16812887 0.78571429
v -0.98527761 -3.35948746 0.92857143
v -1.17663620 -3.16812887 0.92857143
v -0.98527761 -3.16812887 1.00000000
v -1.17663620 -2.78541170 -0.92857143
v -0.98527761 -2.78541170 -1.00000000
v -1.17663620 -2.78541170 -0.78571429
v -1.17663620 -2.78541170 0.92857143
v -0.98527761 -2.78541170 1.00000000
v -1.17663620 -2.40269452 -0.92857143
v -0.98527761 -2.40269452 -1.00000000
v -0.98527761 -2.40269452 1.00000000
v -0.98527761 -2.01997735 -1.00000000
v -0.98527761 -2.01997735 1.00000000
v -0.98527761 -1.63726018 -1.00000000
v -0.98527761 -1.63726018 1.00000000
v -0.98527761 -1.25454300 -1.00000000
v -0.98527761 -1.25454300 1.00000000
v -0.98527761 -0.87182583 -1.00000000
v -0.98527761 -0.87182583 1.00000000
v -0.98527761 -0.48910865 -1.00000000
v -0.98527761 -0.48910865 1.00000000
v -0.98527761 -0.10639148 -1.00000000
v -0.98527761 -0.10639148 1.00000000
v -0.98527761 0.27632569 -1.00000000
v -0.98527761 0.27632569 1.00000000
v -0.98527761 0.65904287 -1.00000000
v -0.98527761 0.65904287 1.00000000
v -0.98527761 1.04176004 -1.00000000
v -0.98527761 1.04176004 1.00000000
v -0.98527761 1.42447722 -1.00000000
v -0.98527761 1.42447722 1.00000000
v -0.98527761 1.80719439 -1.00000000
v -0.98527761 1.80719439 1.00000000
v -0.98527761 2.18991157 -1.00000000
v -0.98527761 2.18991157 1.00000000
v -0.98527761 2.57262874 -1.00000000
v -1.17663620 2.57262874 0.78571429
v -0.98527761 2.57262874 0.85714286
v -0.98527761 2.38127015 0.92857143
v -1.17663620 2.95534591 -0.92857143
v -0.98527761 2.95534591 -1.00000000
v -1.17663620 2.95534591 -0.78571429
v -1.17663620 2.95534591 -0.64285714
v -1.17663620 2.95534591 -0.50000000
v -1.17663620 2.95534591 -0.35714286
v -1.17663620 2.95534591 0.64285714
v -0.98527761 2.95534591 0.71428571
v -0.98527761 2.76398733 0.78571429
v -0.98527761 3.14670450 -0.92857143
v -0.98527761 3.14670450 -0.78571429
v -0.98527761 3.14670450 -0.64285714
v -0.98527761 3.14670450 -0.50000000
v -0.98527761 3.14670450 -0.35714286
v -0.98527761 3.14670450 -0.21428571
v -0.98527761 3.14670450 -0.07142857
v -0.98527761 3.14670450 0.07142857
v -0.98527761 3.14670450 0.21428571
v -0.98527761 3.14670450 0.35714286
v -0.98527761 3.14670450 0.50000000
v -0.98527761 3.14670450 0.64285714
v -0.79391902 -3.55084605 -0.92857143
v -0.60256044 -3.55084605 -1.00000000
v -0.60256044 -3.74220463 -0.92857143
v -0.60256044 -3.74220463 -0.78571429
v -0.79391902 -3.55084605 -0.78571429
v -0.60256044 -3.74220463 -0.64285714
v -0.79391902 -3.55084605 -0.64285714
v -0.60256044 -3.74220463 -0.50000000
v -0.79391902 -3.55084605 -0.50000000
v -0.60256044 -3.74220463 -0.35714286
v -0.79391902 -3.55084605 -0.35714286
v -0.60256044 -3.74220463 -0.21428571
v -0.79391902 -3.55084605 -0.21428571
v -0.60256044 -3.74220463 -0.07142857
v -0.60256044 -3.74220463 0.07142857
v -0.79391902 -3.55084605 0.07142857
v -0.60256044 -3.74220463 0.21428571
v -0.79391902 -3.55084605 0.21428571
v -0.60256044 -3.74220463 0.35714286
v -0.79391902 -3.55084605 0.35714286
v -0.60256044 -3.74220463 0.50000000
v -0.79391902 -3.55084605 0.50000000
v -0.60256044 -3.55084605 0.57142857
v -0.60256044 -3.16812887 -1.00000000
v -0.60256044 -3.35948746 0.64285714
v -0.60256044 -3.35948746 0.78571429
v -0.60256044 -3.35948746 0.92857143
v -0.60256044 -3.16812887 1.00000000
v -0.60256044 -2.78541170 -1.00000000
v -0.60256044 -2.78541170 1.00000000
v -0.60256044 -2.40269452 -1.00000000
v -0.60256044 -2.40269452 1.00000000
v -0.60256044 -2.01997735 -1.00000000
v -0.60256044 -2.01997735 1.00000000
v -0.60256044 -1.63726018 -1.00000000
v -0.60256044 -1.63726018 1.00000000
v -0.60256044 -1.25454300 -1.00000000
v -0.60256044 -1.25454300 1.00000000
v -0.60256044 -0.87182583 -1.00000000
v -0.60256044 -0.87182583 1.00000000
v -0.60256044 -0.48910865 -1.00000000
v -0.60256044 -0.48910865 1.00000000
v -0.60256044 -0.10639148 -1.00000000
v -0.60256044 -0.10639148 1.00000000
v -0.60256044 0.27632569 -1.00000000
v -0.60256044 0.27632569 1.00000000
v -0.60256044 0.65904287 -1.00000000
v -0.60256044 0.65904287 1.00000000
v -0.60256044 1.04176004 -1.00000000
v -0.60256044 1.04176004 1.00000000
v -0.60256044 1.42447722 -1.00000000
v -0.60256044 1.42447722 1.00000000
v -0.60256044 1.80719439 -1.00000000
v -0.60256044 1.80719439 1.00000000
v -0.60256044 2.18991157 -1.00000000
v -0.60256044 2.18991157 1.00000000
v -0.60256044 2.57262874 -1.00000000
v -0.60256044 2.38127015 0.92857143
v -0.60256044 2.57262874 0.85714286
v -0.60256044 2.95534591 -1.00000000
v -0.60256044 2.76398733 0.78571429
v -0.60256044 2.95534591 0.71428571
v -0.60256044 3.14670450 -0.92857143
v -0.60256044 3.14670450 -0.78571429
v -0.60256044 3.14670450 -0.64285714
v -0.79391902 3.33806309 -0.50000000
v -0.60256044 3.33806309 -0.57142857
v -0.79391902 3.33806309 -0.35714286
v -0.79391902 3.33806309 -0.21428571
v -0.79391902 3.33806309 -0.07142857
v -0.79391902 3.33806309 0.07142857
v -0.79391902 3.33806309 0.21428571
v -0.60256044 3.33806309 0.28571429
v -0.60256044 3.14670450 0.35714286
v -0.60256044 3.14670450 0.50000000
v -0.60256044 3.14670450 0.64285714
v -0.60256044 3.52942167 -0.50000000
v -0.60256044 3.52942167 -0.35714286
v -0.60256044 3.52942167 -0.21428571
v -0.60256044 3.52942167 -0.07142857
v -0.60256044 3.52942167 0.07142857
v -0.60256044 3.52942167 0.21428571
v -0.21984326 -3.55084605 -1.00000000
v -0.21984326 -3.74220463 -0.92857143
v -0.21984326 -3.74220463 -0.78571429
v -0.21984326 -3.74220463 -0.64285714
v -0.21984326 -3.74220463 -0.50000000
v -0.21984326 -3.74220463 -0.35714286
v -0.21984326 -3.74220463 -0.21428571
v -0.21984326 -3.74220463 -0.07142857
v -0.21984326 -3.74220463 0.07142857
v -0.21984326 -3.74220463 0.21428571
v -0.21984326 -3.74220463 0.35714286
v -0.21984326 -3.74220463 0.50000000
v -0.21984326 -3.55084605 0.57142857
v -0.21984326 -3.16812887 -1.00000000
v -0.21984326 -3.35948746 0.64285714
v -0.21984326 -3.35948746 0.78571429
v -0.21984326 -3.35948746 0.92857143
v -0.21984326 -3.16812887 1.00000000
v -0.21984326 -2.78541170 -1.00000000
v -0.21984326 -2.78541170 1.00000000
v -0.21984326 -2.40269452 -1.00000000
v -0.21984326 -2.40269452 1.00000000
v -0.21984326 -2.01997735 -1.00000000
v -0.21984326 -2.01997735 1.00000000
v -0.21984326 -1.63726018 -1.00000000
v -0.21984326 -1.63726018 1.00000000
v -0.21984326 -1.25454300 -1.00000000
v -0.21984326 -1.25454300 1.00000000
v -0.21984326 -0.87182583 -1.00000000
v -0.21984326 -0.87182583 1.00000000
v -0.21984326 -0.48910865 -1.00000000
v -0.21984326 -0.48910865 1.00000000
v -0.21984326 -0.10639148 -1.00000000
v -0.21984326 -0.10639148 1.00000000
v -0.21984326 0.27632569 -1.00000000
v -0.21984326 0.27632569 1.00000000
v -0.21984326 0.65904287 -1.00000000
v -0.21984326 0.65904287 1.00000000
v -0.21984326 1.04176004 -1.00000000
v -0.21984326 1.04176004 1.00000000
v -0.21984326 1.42447722 -1.00000000
v -0.21984326 1.42447722 1.00000000
v -0.21984326 1.80719439 -1.00000000
v -0.21984326 1.80719439 1.00000000
v -0.21984326 2.18991157 -1.00000000
v -0.21984326 2.18991157 1.00000000
v -0.21984326 2.57262874 -1.00000000
v -0.21984326 2.38127015 0.92857143
v -0.21984326 2.57262874 0.85714286
v -0.21984326 2.95534591 -1.00000000
v -0.21984326 2.76398733 0.78571429
v -0.21984326 2.95534591 0.71428571
v -0.41120185 3.33806309 -0.92857143
v -0.21984326 3.33806309 -1.00000000
v -0.41120185 3.33806309 -0.78571429
v -0.41120185 3.33806309 -0.64285714
v -0.41120185 3.33806309 0.35714286
v -0.41120185 3.33806309 0.50000000
v -0.21984326 3.33806309 0.57142857
v -0.21984326 3.14670450 0.64285714
v -0.21984326 3.52942167 -0.92857143
v -0.21984326 3.52942167 -0.78571429
v -0.21984326 3.52942167 -0.64285714
v -0.21984326 3.52942167 -0.50000000
v -0.21984326 3.52942167 -0.35714286
v -0.21984326 3.52942167 -0.21428571
v -0.21984326 3.52942167 -0.07142857
v -0.21984326 3.52942167 0.07142857
v -0.21984326 3.52942167 0.21428571
v -0.21984326 3.52942167 0.35714286
v -0.21984326 3.52942167 0.50000000
v -0.02848468 -3.55084605 -0.92857143
v -0.02848468 -3.55084605 -0.78571429
v -0.02848468 -3.55084605 -0.64285714
v -0.02848468 -3.55084605 -0.50000000
v -0.02848468 -3.55084605 -0.35714286
v -0.02848468 -3.55084605 -0.21428571
v -0.02848468 -3.55084605 -0.07142857
v -0.02848468 -3.55084605 0.07142857
v -0.02848468 -3.55084605 0.21428571
v -0.02848468 -3.55084605 0.35714286
v -0.02848468 -3.55084605 0.50000000
v 0.16287391 -3.16812887 -1.00000000
v 0.16287391 -3.35948746 -0.92857143
v 0.16287391 -3.35948746 -0.78571429
v 0.16287391 -3.35948746 -0.64285714
v 0.16287391 -3.35948746 -0.50000000
v 0.16287391 -3.35948746 -0.35714286
v 0.16287391 -3.35948746 -0.21428571
v 0.16287391 -3.35948746 -0.07142857
v 0.16287391 -3.35948746 0.07142857
v 0.16287391 -3.35948746 0.21428571
v 0.16287391 -3.35948746 0.35714286
v 0.16287391 -3.35948746 0.50000000
v 0.16287391 -3.35948746 0.64285714
v 0.16287391 -3.35948746 0.78571429
v -0.02848468 -3.16812887 0.92857143
v 0.16287391 -3.16812887 0.85714286
v 0.16287391 -2.78541170 -1.00000000
v 0.16287391 -2.97677028 0.92857143
v 0.16287391 -2.78541170 1.00000000
v 0.16287391 -2.40269452 -1.00000000
v 0.16287391 -2.40269452 1.00000000
v 0.16287391 -2.01997735 -1.00000000
v 0.16287391 -2.01997735 1.00000000
v 0.16287391 -1.63726018 -1.00000000
v 0.16287391 -1.63726018 1.00000000
v 0.16287391 -1.25454300 -1.00000000
v 0.16287391 -1.25454300 1.00000000
v 0.16287391 -0.87182583 -1.00000000
v 0.16287391 -0.87182583 1.00000000
v 0.16287391 -0.48910865 -1.00000000
v 0.16287391 -0.48910865 1.00000000
v 0.16287391 -0.10639148 -1.00000000
v 0.16287391 -0.10639148 1.00000000
v 0.16287391 0.27632569 -1.00000000
v 0.16287391 0.27632569 1.00000000
v 0.16287391 0.65904287 -1.00000000
v 0.16287391 0.65904287 1.00000000
v 0.16287391 1.04176004 -1.00000000
v 0.16287391 1.04176004 1.00000000
v 0.16287391 1.42447722 -1.00000000
v 0.16287391 1.42447722 1.00000000
v 0.16287391 1.80719439 -1.00000000
v 0.16287391 1.80719439 1.00000000
v 0.16287391 2.18991157 -1.00000000
v 0.16287391 2.18991157 1.00000000
v 0.16287391 2.57262874 -1.00000000
v 0.16287391 2.38127015 0.92857143
v 0.16287391 2.57262874 0.85714286
v 0.16287391 2.95534591 -1.00000000
v 0.16287391 2.76398733 0.78571429
v 0.16287391 2.95534591 0.71428571
v 0.16287391 3.33806309 -1.00000000
v 0.16287391 3.14670450 0.64285714
v 0.16287391 3.33806309 0.57142857
v 0.16287391 3.52942167 -0.92857143
v 0.16287391 3.52942167 -0.78571429
v 0.16287391 3.52942167 -0.64285714
v 0.16287391 3.52942167 -0.50000000
v 0.16287391 3.52942167 -0.35714286
v -0.02848468 3.72078026 -0.21428571
v 0.16287391 3.72078026 -0.28571429
v -0.02848468 3.72078026 -0.07142857
v -0.02848468 3.72078026 0.07142857
v 0.16287391 3.72078026 0.14285714
v 0.16287391 3.52942167 0.21428571
v 0.16287391 3.52942167 0.35714286
v 0.16287391 3.52942167 0.50000000
v 0.16287391 3.91213885 -0.21428571
v 0.16287391 3.91213885 -0.07142857
v 0.16287391 3.91213885 0.07142857
v 0.35423250 -3.16812887 -0.92857143
v 0.35423250 -3.16812887 -0.78571429
v 0.35423250 -3.16812887 -0.64285714
v 0.35423250 -3.16812887 -0.50000000
v 0.35423250 -3.16812887 -0.35714286
v 0.54559109 -3.16812887 -0.28571429
v 0.54559109 -3.35948746 -0.21428571
v 0.54559109 -3.35948746 -0.07142857
v 0.54559109 -3.35948746 0.07142857
v 0.54559109 -3.35948746 0.21428571
v 0.35423250 -3.16812887 0.35714286
v 0.54559109 -3.16812887 0.28571429
v 0.35423250 -3.16812887 0.50000000
v 0.35423250 -3.16812887 0.64285714
v 0.35423250 -3.16812887 0.78571429
v 0.54559109 -2.78541170 -1.00000000
v 0.54559109 -2.97677028 -0.92857143
v 0.54559109 -2.97677028 -0.78571429
v 0.54559109 -2.97677028 -0.64285714
v 0.54559109 -2.97677028 -0.50000000
v 0.54559109 -2.97677028 -0.35714286
v 0.54559109 -2.97677028 0.35714286
v 0.54559109 -2.97677028 0.50000000
v 0.54559109 -2.97677028 0.64285714
v 0.54559109 -2.78541170 0.71428571
v 0.35423250 -2.78541170 0.78571429
v 0.35423250 -2.78541170 0.92857143
v 0.54559109 -2.40269452 -1.00000000
v 0.54559109 -2.59405311 0.78571429
v 0.54559109 -2.59405311 0.92857143
v 0.54559109 -2.40269452 1.00000000
v 0.54559109 -2.01997735 -1.00000000
v 0.54559109 -2.01997735 1.00000000
v 0.54559109 -1.63726018 -1.00000000
v 0.54559109 -1.63726018 1.00000000
v 0.54559109 -1.25454300 -1.00000000
v 0.54559109 -1.25454300 1.00000000
v 0.54559109 -0.87182583 -1.00000000
v 0.54559109 -0.87182583 1.00000000
v 0.54559109 -0.48910865 -1.00000000
v 0.54559109 -0.48910865 1.00000000
v 0.54559109 -0.10639148 -1.00000000
v 0.54559109 -0.10639148 1.00000000
v 0.54559109 0.27632569 -1.00000000
v 0.54559109 0.27632569 1.00000000
v 0.54559109 0.65904287 -1.00000000
v 0.54559109 0.65904287 1.00000000
v 0.54559109 1.04176004 -1.00000000
v 0.54559109 1.04176004 1.00000000
v 0.54559109 1.42447722 -1.00000000
v 0.54559109 1.42447722 1.00000000
v 0.54559109 1.80719439 -1.00000000
v 0.54559109 1.80719439 1.00000000
v 0.54559109 2.18991157 -1.00000000
v 0.54559109 2.18991157 1.00000000
v 0.54559109 2.57262874 -1.00000000
v 0.54559109 2.38127015 0.92857143
v 0.54559109 2.57262874 0.85714286
v 0.54559109 2.95534591 -1.00000000
v 0.54559109 2.76398733 0.78571429
v 0.54559109 2.95534591 0.71428571
v 0.54559109 3.33806309 -1.00000000
v 0.54559109 3.14670450 0.64285714
v 0.54559109 3.33806309 0.57142857
v 0.54559109 3.52942167 -0.92857143
v 0.54559109 3.52942167 -0.78571429
v 0.54559109 3.52942167 -0.64285714
v 0.54559109 3.52942167 -0.50000000
v 0.54559109 3.52942167 -0.35714286
v 0.54559109 3.72078026 -0.28571429
v 0.54559109 3.52942167 0.21428571
v 0.54559109 3.72078026 0.14285714
v 0.54559109 3.52942167 0.35714286
v 0.54559109 3.52942167 0.50000000
v 0.54559109 3.91213885 -0.21428571
v 0.54559109 3.91213885 -0.07142857
v 0.54559109 3.91213885 0.07142857
v 0.73694967 -3.16812887 -0.21428571
v 0.73694967 -3.16812887 -0.07142857
v 0.73694967 -3.16812887 0.07142857
v 0.73694967 -3.16812887 0.21428571
v 0.92830826 -2.78541170 -1.00000000
v 0.92830826 -2.97677028 -0.92857143
v 0.92830826 -2.97677028 -0.78571429
v 0.92830826 -2.97677028 -0.64285714
v 0.92830826 -2.97677028 -0.50000000
v 0.92830826 -2.97677028 -0.35714286
v 0.92830826 -2.97677028 -0.21428571
v 0.92830826 -2.97677028 -0.07142857
v 0.92830826 -2.97677028 0.07142857
v 0.92830826 -2.97677028 0.21428571
v 0.92830826 -2.97677028 0.35714286
v 0.92830826 -2.97677028 0.50000000
v 0.92830826 -2.97677028 0.64285714
v 0.92830826 -2.78541170 0.71428571
v 0.92830826 -2.40269452 -1.00000000
v 0.92830826 -2.59405311 0.78571429
v 0.73694967 -2.40269452 0.92857143
v 0.92830826 -2.40269452 0.85714286
v 0.92830826 -2.01997735 -1.00000000
v 0.92830826 -2.21133594 0.92857143
v 0.92830826 -2.01997735 1.00000000
v 0.92830826 -1.63726018 -1.00000000
v 0.92830826 -1.63726018 1.00000000
v 0.92830826 -1.25454300 -1.00000000
v 0.92830826 -1.25454300 1.00000000
v 0.92830826 -0.87182583 -1.00000000
v 0.92830826 -0.87182583 1.00000000
v 0.92830826 -0.48910865 -1.00000000
v 0.92830826 -0.48910865 1.00000000
v 0.92830826 -0.10639148 -1.00000000
v 0.92830826 -0.10639148 1.00000000
v 0.92830826 0.27632569 -1.00000000
v 0.92830826 0.27632569 1.00000000
v 0.92830826 0.65904287 -1.00000000
v 0.92830826 0.65904287 1.00000000
v 0.92830826 1.04176004 -1.00000000
v 0.92830826 1.04176004 1.00000000
v 0.92830826 1.42447722 -1.00000000
v 0.92830826 1.42447722 1.00000000
v 0.92830826 1.80719439 -1.00000000
v 0.92830826 1.80719439 1.00000000
v 0.92830826 2.18991157 -1.00000000
v 0.73694967 2.18991157 0.92857143
v 0.92830826 1.99855298 0.92857143
v 0.92830826 2.18991157 0.85714286
v 0.92830826 2.57262874 -1.00000000
v 0.92830826 2.57262874 0.85714286
v 0.92830826 2.95534591 -1.00000000
v 0.92830826 2.76398733 0.78571429
v 0.92830826 2.95534591 0.71428571
v 0.92830826 3.14670450 -0.92857143
v 0.73694967 3.33806309 -0.92857143
v 0.92830826 3.33806309 -0.85714286
v 0.73694967 3.33806309 0.50000000
v 0.92830826 3.14670450 0.50000000
v 0.92830826 3.33806309 0.42857143
v 0.92830826 3.14670450 0.64285714
v 0.92830826 3.52942167 -0.78571429
v 0.92830826 3.52942167 -0.64285714
v 0.92830826 3.52942167 -0.50000000
v 0.92830826 3.52942167 -0.35714286
v 0.73694967 3.72078026 -0.21428571
v 0.92830826 3.52942167 -0.21428571
v 0.73694967 3.72078026 -0.07142857
v 0.92830826 3.52942167 -0.07142857
v 0.73694967 3.72078026 0.07142857
v 0.92830826 3.52942167 0.07142857
v 0.92830826 3.52942167 0.21428571
v 0.92830826 3.52942167 0.35714286
v 1.11966685 -2.78541170 -0.92857143
v 1.11966685 -2.78541170 -0.78571429
v 1.11966685 -2.78541170 -0.64285714
v 1.31102543 -2.78541170 -0.57142857
v 1.31102543 -2.97677028 -0.50000000
v 1.31102543 -2.97677028 -0.35714286
v 1.31102543 -2.97677028 -0.21428571
v 1.31102543 -2.97677028 -0.07142857
v 1.31102543 -2.97677028 0.07142857
v 1.31102543 -2.97677028 0.21428571
v 1.11966685 -2.78541170 0.35714286
v 1.31102543 -2.78541170 0.28571429
v 1.11966685 -2.78541170 0.50000000
v 1.11966685 -2.78541170 0.64285714
v 1.31102543 -2.40269452 -1.00000000
v 1.31102543 -2.59405311 -0.92857143
v 1.31102543 -2.59405311 -0.78571429
v 1.31102543 -2.59405311 -0.64285714
v 1.31102543 -2.59405311 0.35714286
v 1.31102543 -2.59405311 0.50000000
v 1.31102543 -2.59405311 0.64285714
v 1.11966685 -2.40269452 0.78571429
v 1.31102543 -2.40269452 0.71428571
v 1.31102543 -2.01997735 -1.00000000
v 1.31102543 -2.21133594 0.78571429
v 1.31102543 -2.21133594 0.92857143
v 1.31102543 -2.01997735 1.00000000
v 1.31102543 -1.63726018 -1.00000000
v 1.31102543 -1.63726018 1.00000000
v 1.31102543 -1.25454300 -1.00000000
v 1.31102543 -1.25454300 1.00000000
v 1.31102543 -0.87182583 -1.00000000
v 1.31102543 -0.87182583 1.00000000
v 1.31102543 -0.48910865 -1.00000000
v 1.31102543 -0.48910865 1.00000000
v 1.31102543 -0.10639148 -1.00000000
v 1.31102543 -0.10639148 1.00000000
v 1.31102543 0.27632569 -1.00000000
v 1.31102543 0.27632569 1.00000000
v 1.31102543 0.65904287 -1.00000000
v 1.31102543 0.65904287 1.00000000
v 1.31102543 1.04176004 -1.00000000
v 1.31102543 1.04176004 1.00000000
v 1.31102543 1.42447722 -1.00000000
v 1.31102543 1.42447722 1.00000000
v 1.31102543 1.80719439 -1.00000000
v 1.31102543 1.80719439 1.00000000
v 1.31102543 2.18991157 -1.00000000
v 1.31102543 1.99855298 0.92857143
v 1.31102543 2.18991157 0.85714286
v 1.31102543 2.38127015 -0.92857143
v 1.11966685 2.57262874 -0.92857143
v 1.31102543 2.57262874 -0.85714286
v 1.31102543 2.57262874 0.85714286
v 1.11966685 2.95534591 -0.92857143
v 1.31102543 2.76398733 -0.78571429
v 1.11966685 2.95534591 -0.78571429
v 1.31102543 2.95534591 -0.71428571
v 1.31102543 2.76398733 0.78571429
v 1.31102543 2.95534591 0.71428571
v 1.11966685 3.33806309 -0.78571429
v 1.31102543 3.14670450 -0.64285714
v 1.11966685 3.33806309 -0.64285714
v 1.11966685 3.33806309 -0.50000000
v 1.31102543 3.14670450 -0.50000000
v 1.11966685 3.33806309 -0.35714286
v 1.31102543 3.14670450 -0.35714286
v 1.11966685 3.33806309 -0.21428571
v 1.31102543 3.14670450 -0.21428571
v 1.11966685 3.33806309 -0.07142857
v 1.31102543 3.14670450 -0.07142857
v 1.11966685 3.33806309 0.07142857
v 1.31102543 3.14670450 0.07142857
v 1.11966685 3.33806309 0.21428571
v 1.31102543 3.14670450 0.21428571
v 1.11966685 3.33806309 0.35714286
v 1.31102543 3.14670450 0.35714286
v 1.31102543 3.14670450 0.50000000
v 1.31102543 3.14670450 0.64285714
v 1.50238402 -2.78541170 -0.50000000
v 1.50238402 -2.78541170 -0.35714286
v 1.50238402 -2.78541170 -0.21428571
v 1.50238402 -2.78541170 -0.07142857
v 1.50238402 -2.78541170 0.07142857
v 1.50238402 -2.78541170 0.21428571
v 1.50238402 -2.40269452 -0.92857143
v 1.69374261 -2.40269452 -0.85714286
v 1.69374261 -2.59405311 -0.78571429
v 1.69374261 -2.59405311 -0.64285714
v 1.69374261 -2.59405311 -0.50000000
v 1.69374261 -2.59405311 -0.35714286
v 1.69374261 -2.59405311 -0.21428571
v 1.69374261 -2.59405311 -0.07142857
v 1.69374261 -2.59405311 0.07142857
v 1.69374261 -2.59405311 0.21428571
v 1.69374261 -2.59405311 0.35714286
v 1.69374261 -2.59405311 0.50000000
v 1.69374261 -2.59405311 0.64285714
v 1.69374261 -2.40269452 0.71428571
v 1.69374261 -2.01997735 -1.00000000
v 1.69374261 -2.21133594 -0.92857143
v 1.69374261 -2.21133594 0.78571429
v 1.50238402 -2.01997735 0.92857143
v 1.69374261 -2.01997735 0.85714286
v 1.69374261 -1.63726018 -1.00000000
v 1.69374261 -1.82861876 0.92857143
v 1.69374261 -1.63726018 1.00000000
v 1.69374261 -1.25454300 -1.00000000
v 1.69374261 -1.25454300 1.00000000
v 1.69374261 -0.87182583 -1.00000000
v 1.69374261 -0.87182583 1.00000000
v 1.69374261 -0.48910865 -1.00000000
v 1.69374261 -0.48910865 1.00000000
v 1.69374261 -0.10639148 -1.00000000
v 1.69374261 -0.10639148 1.00000000
v 1.69374261 0.27632569 -1.00000000
v 1.69374261 0.27632569 1.00000000
v 1.69374261 0.65904287 -1.00000000
v 1.69374261 0.65904287 1.00000000
v 1.69374261 1.04176004 -1.00000000
v 1.69374261 1.04176004 1.00000000
v 1.69374261 1.42447722 -1.00000000
v 1.69374261 1.42447722 1.00000000
v 1.69374261 1.80719439 -1.00000000
v 1.69374261 1.80719439 1.00000000
v 1.69374261 1.99855298 -0.92857143
v 1.50238402 2.18991157 -0.92857143
v 1.50238402 2.18991157 -0.78571429
v 1.69374261 1.99855298 -0.78571429
v 1.69374261 2.18991157 -0.71428571
v 1.69374261 1.99855298 0.92857143
v 1.69374261 2.18991157 0.85714286
v 1.50238402 2.57262874 -0.78571429
v 1.69374261 2.38127015 -0.64285714
v 1.50238402 2.57262874 -0.64285714
v 1.69374261 2.57262874 -0.57142857
v 1.50238402 2.57262874 0.78571429
v 1.69374261 2.38127015 0.78571429
v 1.69374261 2.57262874 0.71428571
v 1.50238402 2.95534591 -0.64285714
v 1.69374261 2.76398733 -0.50000000
v 1.50238402 2.95534591 -0.50000000
v 1.50238402 2.95534591 -0.35714286
v 1.69374261 2.76398733 -0.35714286
v 1.69374261 2.95534591 -0.28571429
v 1.50238402 2.95534591 0.35714286
v 1.69374261 2.76398733 0.35714286
v 1.69374261 2.95534591 0.28571429
v 1.50238402 2.95534591 0.50000000
v 1.69374261 2.76398733 0.50000000
v 1.50238402 2.95534591 0.64285714
v 1.69374261 2.76398733 0.64285714
v 1.69374261 3.14670450 -0.21428571
v 1.69374261 3.14670450 -0.07142857
v 1.69374261 3.14670450 0.07142857
v 1.69374261 3.14670450 0.21428571
v 1.88510119 -2.40269452 -0.78571429
v 1.88510119 -2.40269452 -0.64285714
v 1.88510119 -2.40269452 -0.50000000
v 1.88510119 -2.40269452 -0.35714286
v 1.88510119 -2.40269452 -0.21428571
v 1.88510119 -2.40269452 -0.07142857
v 1.88510119 -2.40269452 0.07142857
v 1.88510119 -2.40269452 0.21428571
v 1.88510119 -2.40269452 0.35714286
v 1.88510119 -2.40269452 0.50000000
v 1.88510119 -2.40269452 0.64285714
v 1.88510119 -2.01997735 -0.92857143
v 1.88510119 -2.01997735 -0.78571429
v 2.07645978 -2.01997735 -0.71428571
v 2.07645978 -2.21133594 -0.64285714
v 2.07645978 -2.21133594 -0.50000000
v 2.07645978 -2.21133594 -0.35714286
v 2.07645978 -2.21133594 -0.21428571
v 2.07645978 -2.21133594 -0.07142857
v 2.07645978 -2.21133594 0.07142857
v 2.07645978 -2.21133594 0.21428571
v 2.07645978 -2.21133594 0.35714286
v 2.07645978 -2.21133594 0.50000000
v 2.07645978 -2.21133594 0.64285714
v 1.88510119 -2.01997735 0.78571429
v 2.07645978 -2.01997735 0.71428571
v 2.07645978 -1.63726018 -1.00000000
v 2.07645978 -1.82861876 -0.92857143
v 2.07645978 -1.82861876 -0.78571429
v 2.07645978 -1.82861876 0.78571429
v 2.07645978 -1.82861876 0.92857143
v 2.07645978 -1.63726018 1.00000000
v 2.07645978 -1.25454300 -1.00000000
v 2.07645978 -1.25454300 1.00000000
v 2.07645978 -0.87182583 -1.00000000
v 2.07645978 -0.87182583 1.00000000
v 2.07645978 -0.48910865 -1.00000000
v 2.07645978 -0.48910865 1.00000000
v 2.07645978 -0.10639148 -1.00000000
v 2.07645978 -0.10639148 1.00000000
v 2.07645978 0.27632569 -1.00000000
v 2.07645978 0.27632569 1.00000000
v 2.07645978 0.65904287 -1.00000000
v 2.07645978 0.65904287 1.00000000
v 2.07645978 1.04176004 -1.00000000
v 2.07645978 1.04176004 1.00000000
v 2.07645978 1.42447722 -1.00000000
v 2.07645978 1.42447722 1.00000000
v 2.07645978 1.80719439 -1.00000000
v 2.07645978 1.80719439 1.00000000
v 2.07645978 1.99855298 -0.92857143
v 2.07645978 1.99855298 -0.78571429
v 2.07645978 2.18991157 -0.71428571
v 1.88510119 2.18991157 0.78571429
v 2.07645978 1.99855298 0.78571429
v 2.07645978 2.18991157 0.71428571
v 2.07645978 1.99855298 0.92857143
v 2.07645978 2.38127015 -0.64285714
v 1.88510119 2.57262874 -0.50000000
v 2.07645978 2.38127015 -0.50000000
v 1.88510119 2.57262874 -0.35714286
v 2.07645978 2.38127015 -0.35714286
v 1.88510119 2.57262874 -0.21428571
v 2.07645978 2.38127015 -0.21428571
v 1.88510119 2.57262874 -0.07142857
v 2.07645978 2.38127015 -0.07142857
v 1.88510119 2.57262874 0.07142857
v 2.07645978 2.38127015 0.07142857
v 1.88510119 2.57262874 0.21428571
v 2.07645978 2.38127015 0.21428571
v 1.88510119 2.57262874 0.35714286
v 2.07645978 2.38127015 0.35714286
v 1.88510119 2.57262874 0.50000000
v 2.07645978 2.38127015 0.50000000
v 1.88510119 2.57262874 0.64285714
v 2.07645978 2.38127015 0.64285714
v 1.88510119 2.95534591 -0.21428571
v 1.88510119 2.95534591 -0.07142857
v 1.88510119 2.95534591 0.07142857
v 1.88510119 2.95534591 0.21428571
v 2.26781837 -2.01997735 -0.64285714
v 2.26781837 -2.01997735 -0.50000000
v 2.26781837 -2.01997735 -0.35714286
v 2.45917696 -2.01997735 -0.28571429
v 2.45917696 -2.21133594 -0.21428571
v 2.45917696 -2.21133594 -0.07142857
v 2.45917696 -2.21133594 0.07142857
v 2.26781837 -2.01997735 0.21428571
v 2.45917696 -2.01997735 0.14285714
v 2.26781837 -2.01997735 0.35714286
v 2.26781837 -2.01997735 0.50000000
v 2.26781837 -2.01997735 0.64285714
v 2.45917696 -1.63726018 -1.00000000
v 2.45917696 -1.82861876 -0.92857143
v 2.45917696 -1.82861876 -0.78571429
v 2.45917696 -1.82861876 -0.64285714
v 2.45917696 -1.82861876 -0.50000000
v 2.45917696 -1.82861876 -0.35714286
v 2.45917696 -1.82861876 0.21428571
v 2.45917696 -1.82861876 0.35714286
v 2.45917696 -1.82861876 0.50000000
v 2.45917696 -1.82861876 0.64285714
v 2.26781837 -1.63726018 0.78571429
v 2.45917696 -1.63726018 0.71428571
v 2.26781837 -1.63726018 0.92857143
v 2.45917696 -1.25454300 -1.00000000
v 2.45917696 -1.44590159 0.78571429
v 2.45917696 -1.25454300 0.85714286
v 2.26781837 -1.25454300 0.92857143
v 2.45917696 -0.87182583 -1.00000000
v 2.45917696 -1.06318441 0.92857143
v 2.45917696 -0.87182583 1.00000000
v 2.45917696 -0.48910865 -1.00000000
v 2.45917696 -0.48910865 1.00000000
v 2.45917696 -0.10639148 -1.00000000
v 2.45917696 -0.10639148 1.00000000
v 2.45917696 0.27632569 -1.00000000
v 2.45917696 0.27632569 1.00000000
v 2.45917696 0.65904287 -1.00000000
v 2.45917696 0.65904287 1.00000000
v 2.45917696 1.04176004 -1.00000000
v 2.45917696 1.04176004 1.00000000
v 2.45917696 1.23311863 -0.92857143
v 2.26781837 1.42447722 -0.92857143
v 2.26781837 1.42447722 -0.78571429
v 2.45917696 1.23311863 -0.78571429
v 2.45917696 1.42447722 -0.71428571
v 2.45917696 1.42447722 1.00000000
v 2.26781837 1.80719439 -0.92857143
v 2.26781837 1.80719439 -0.78571429
v 2.45917696 1.80719439 -0.71428571
v 2.26781837 1.80719439 0.92857143
v 2.45917696 1.61583580 0.92857143
v 2.45917696 1.80719439 0.85714286
v 2.26781837 2.18991157 -0.64285714
v 2.45917696 1.99855298 -0.64285714
v 2.26781837 2.18991157 -0.50000000
v 2.45917696 1.99855298 -0.50000000
v 2.26781837 2.18991157 -0.35714286
v 2.45917696 1.99855298 -0.35714286
v 2.26781837 2.18991157 -0.21428571
v 2.45917696 1.99855298 -0.21428571
v 2.26781837 2.18991157 -0.07142857
v 2.45917696 1.99855298 -0.07142857
v 2.26781837 2.18991157 0.07142857
v 2.45917696 1.99855298 0.07142857
v 2.26781837 2.18991157 0.21428571
v 2.45917696 1.99855298 0.21428571
v 2.26781837 2.18991157 0.35714286
v 2.45917696 1.99855298 0.35714286
v 2.26781837 2.18991157 0.50000000
v 2.45917696 1.99855298 0.50000000
v 2.26781837 2.18991157 0.64285714
v 2.45917696 1.99855298 0.64285714
v 2.45917696 1.99855298 0.78571429
v 2.65053554 -2.01997735 -0.21428571
v 2.65053554 -2.01997735 -0.07142857
v 2.65053554 -2.01997735 0.07142857
v 2.65053554 -1.63726018 -0.92857143
v 2.65053554 -1.63726018 -0.78571429
v 2.65053554 -1.63726018 -0.64285714
v 2.84189413 -1.63726018 -0.57142857
v 2.84189413 -1.82861876 -0.50000000
v 2.84189413 -1.82861876 -0.35714286
v 2.84189413 -1.82861876 -0.21428571
v 2.84189413 -1.82861876 -0.07142857
v 2.84189413 -1.82861876 0.07142857
v 2.84189413 -1.82861876 0.21428571
v 2.65053554 -1.63726018 0.35714286
v 2.84189413 -1.63726018 0.28571429
v 2.65053554 -1.63726018 0.50000000
v 2.65053554 -1.63726018 0.64285714
v 2.84189413 -1.25454300 -1.00000000
v 2.84189413 -1.44590159 -0.92857143
v 2.84189413 -1.44590159 -0.78571429
v 2.84189413 -1.44590159 -0.64285714
v 2.84189413 -1.44590159 0.35714286
v 2.84189413 -1.44590159 0.50000000
v 2.84189413 -1.44590159 0.64285714
v 2.65053554 -1.25454300 0.78571429
v 2.84189413 -1.25454300 0.71428571
v 2.84189413 -0.87182583 -1.00000000
v 2.84189413 -1.06318441 0.78571429
v 2.84189413 -1.06318441 0.92857143
v 2.84189413 -0.87182583 1.00000000
v 2.84189413 -0.48910865 -1.00000000
v 2.84189413 -0.48910865 1.00000000
v 2.84189413 -0.10639148 -1.00000000
v 2.84189413 -0.10639148 1.00000000
v 2.84189413 0.27632569 -1.00000000
v 2.84189413 0.27632569 1.00000000
v 2.84189413 0.65904287 -1.00000000
v 2.84189413 0.65904287 1.00000000
v 2.84189413 0.85040146 -0.92857143
v 2.65053554 1.04176004 -0.92857143
v 2.84189413 1.04176004 -0.85714286
v 2.84189413 1.04176004 1.00000000
v 2.84189413 1.23311863 -0.78571429
v 2.65053554 1.42447722 -0.64285714
v 2.84189413 1.23311863 -0.64285714
v 2.65053554 1.42447722 -0.50000000
v 2.84189413 1.23311863 -0.50000000
v 2.65053554 1.42447722 -0.35714286
v 2.84189413 1.23311863 -0.35714286
v 2.84189413 1.42447722 -0.28571429
v 2.65053554 1.42447722 0.50000000
v 2.84189413 1.23311863 0.50000000
v 2.84189413 1.42447722 0.42857143
v 2.65053554 1.42447722 0.64285714
v 2.84189413 1.23311863 0.64285714
v 2.65053554 1.42447722 0.78571429
v 2.84189413 1.23311863 0.78571429
v 2.65053554 1.42447722 0.92857143
v 2.84189413 1.23311863 0.92857143
v 2.65053554 1.80719439 -0.64285714
v 2.65053554 1.80719439 -0.50000000
v 2.65053554 1.80719439 -0.35714286
v 2.84189413 1.61583580 -0.21428571
v 2.65053554 1.80719439 -0.21428571
v 2.65053554 1.80719439 -0.07142857
v 2.84189413 1.61583580 -0.07142857
v 2.65053554 1.80719439 0.07142857
v 2.84189413 1.61583580 0.07142857
v 2.65053554 1.80719439 0.21428571
v 2.84189413 1.61583580 0.21428571
v 2.65053554 1.80719439 0.35714286
v 2.84189413 1.61583580 0.35714286
v 2.65053554 1.80719439 0.50000000
v 2.65053554 1.80719439 0.64285714
v 2.65053554 1.80719439 0.78571429
v 3.03325272 -1.63726018 -0.50000000
v 3.03325272 -1.63726018 -0.35714286
v 3.03325272 -1.63726018 -0.21428571
v 3.03325272 -1.63726018 -0.07142857
v 3.03325272 -1.63726018 0.07142857
v 3.03325272 -1.63726018 0.21428571
v 3.03325272 -1.25454300 -0.92857143
v 3.03325272 -1.25454300 -0.78571429
v 3.03325272 -1.25454300 -0.64285714
v 3.03325272 -1.25454300 -0.50000000
v 3.22461130 -1.25454300 -0.42857143
v 3.22461130 -1.44590159 -0.35714286
v 3.22461130 -1.44590159 -0.21428571
v 3.22461130 -1.44590159 -0.07142857
v 3.22461130 -1.25454300 0.00000000
v 3.03325272 -1.25454300 0.07142857
v 3.03325272 -1.25454300 0.21428571
v 3.03325272 -1.25454300 0.35714286
v 3.03325272 -1.25454300 0.50000000
v 3.03325272 -1.25454300 0.64285714
v 3.22461130 -0.87182583 -1.00000000
v 3.22461130 -1.06318441 -0.92857143
v 3.22461130 -1.06318441 -0.78571429
v 3.22461130 -1.06318441 -0.64285714
v 3.22461130 -1.06318441 -0.50000000
v 3.22461130 -1.06318441 0.07142857
v 3.22461130 -1.06318441 0.21428571
v 3.22461130 -1.06318441 0.35714286
v 3.22461130 -1.06318441 0.50000000
v 3.22461130 -1.06318441 0.64285714
v 3.22461130 -1.06318441 0.78571429
v 3.22461130 -1.06318441 0.92857143
v 3.22461130 -0.87182583 1.00000000
v 3.22461130 -0.48910865 -1.00000000
v 3.22461130 -0.48910865 1.00000000
v 3.22461130 -0.10639148 -1.00000000
v 3.22461130 -0.10639148 1.00000000
v 3.22461130 0.27632569 -1.00000000
v 3.22461130 0.27632569 1.00000000
v 3.22461130 0.46768428 -0.92857143
v 3.03325272 0.65904287 -0.92857143
v 3.03325272 0.65904287 -0.78571429
v 3.22461130 0.46768428 -0.78571429
v 3.03325272 0.65904287 -0.64285714
v 3.22461130 0.46768428 -0.64285714
v 3.03325272 0.65904287 -0.50000000
v 3.22461130 0.46768428 -0.50000000
v 3.03325272 0.65904287 -0.35714286
v 3.22461130 0.46768428 -0.35714286
v 3.22461130 0.65904287 -0.28571429
v 3.03325272 0.65904287 0.21428571
v 3.22461130 0.46768428 0.21428571
v 3.22461130 0.65904287 0.14285714
v 3.03325272 0.65904287 0.35714286
v 3.22461130 0.46768428 0.35714286
v 3.03325272 0.65904287 0.50000000
v 3.22461130 0.46768428 0.50000000
v 3.03325272 0.65904287 0.64285714
v 3.22461130 0.46768428 0.64285714
v 3.03325272 0.65904287 0.78571429
v 3.22461130 0.46768428 0.78571429
v 3.03325272 0.65904287 0.92857143
v 3.22461130 0.46768428 0.92857143
v 3.03325272 1.04176004 -0.78571429
v 3.03325272 1.04176004 -0.64285714
v 3.03325272 1.04176004 -0.50000000
v 3.03325272 1.04176004 -0.35714286
v 3.22461130 0.85040146 -0.21428571
v 3.03325272 1.04176004 -0.21428571
v 3.03325272 1.04176004 -0.07142857
v 3.22461130 0.85040146 -0.07142857
v 3.03325272 1.04176004 0.07142857
v 3.22461130 0.85040146 0.07142857
v 3.03325272 1.04176004 0.21428571
v 3.03325272 1.04176004 0.35714286
v 3.03325272 1.04176004 0.50000000
v 3.03325272 1.04176004 0.64285714
v 3.03325272 1.04176004 0.78571429
v 3.03325272 1.04176004 0.92857143
v 3.03325272 1.42447722 -0.21428571
v 3.03325272 1.42447722 -0.07142857
v 3.03325272 1.42447722 0.07142857
v 3.03325272 1.42447722 0.21428571
v 3.03325272 1.42447722 0.35714286
v 3.41596989 -1.25454300 -0.35714286
v 3.41596989 -1.25454300 -0.21428571
v 3.41596989 -1.25454300 -0.07142857
v 3.41596989 -0.87182583 -0.92857143
v 3.41596989 -0.87182583 -0.78571429
v 3.41596989 -0.87182583 -0.64285714
v 3.41596989 -0.87182583 -0.50000000
v 3.41596989 -0.87182583 -0.35714286
v 3.41596989 -0.87182583 -0.21428571
v 3.41596989 -0.87182583 -0.07142857
v 3.41596989 -0.87182583 0.07142857
v 3.41596989 -0.87182583 0.21428571
v 3.41596989 -0.87182583 0.35714286
v 3.41596989 -0.87182583 0.50000000
v 3.41596989 -0.87182583 0.64285714
v 3.41596989 -0.87182583 0.78571429
v 3.41596989 -0.87182583 0.92857143
v 3.60732848 -0.48910865 -1.00000000
v 3.60732848 -0.68046724 -0.92857143
v 3.60732848 -0.68046724 -0.78571429
v 3.60732848 -0.68046724 -0.64285714
v 3.60732848 -0.68046724 -0.50000000
v 3.60732848 -0.68046724 -0.35714286
v 3.60732848 -0.68046724 -0.21428571
v 3.60732848 -0.68046724 -0.07142857
v 3.60732848 -0.68046724 0.07142857
v 3.60732848 -0.68046724 0.21428571
v 3.60732848 -0.68046724 0.35714286
v 3.60732848 -0.68046724 0.50000000
v 3.60732848 -0.68046724 0.64285714
v 3.60732848 -0.68046724 0.78571429
v 3.60732848 -0.68046724 0.92857143
v 3.60732848 -0.48910865 1.00000000
v 3.60732848 -0.10639148 -1.00000000
v 3.60732848 -0.10639148 1.00000000
v 3.60732848 0.08496711 -0.92857143
v 3.41596989 0.27632569 -0.92857143
v 3.41596989 0.27632569 -0.78571429
v 3.60732848 0.08496711 -0.78571429
v 3.41596989 0.27632569 -0.64285714
v 3.60732848 0.08496711 -0.64285714
v 3.41596989 0.27632569 -0.50000000
v 3.60732848 0.08496711 -0.50000000
v 3.41596989 0.27632569 -0.35714286
v 3.60732848 0.08496711 -0.35714286
v 3.41596989 0.27632569 -0.21428571
v 3.60732848 0.08496711 -0.21428571
v 3.41596989 0.27632569 -0.07142857
v 3.60732848 0.08496711 -0.07142857
v 3.41596989 0.27632569 0.07142857
v 3.60732848 0.08496711 0.07142857
v 3.41596989 0.27632569 0.21428571
v 3.60732848 0.08496711 0.21428571
v 3.41596989 0.27632569 0.35714286
v 3.60732848 0.08496711 0.35714286
v 3.41596989 0.27632569 0.50000000
v 3.60732848 0.08496711 0.50000000
v 3.41596989 0.27632569 0.64285714
v 3.60732848 0.08496711 0.64285714
v 3.41596989 0.27632569 0.78571429
v 3.60732848 0.08496711 0.78571429
v 3.41596989 0.27632569 0.92857143
v 3.60732848 0.08496711 0.92857143
v 3.41596989 0.65904287 -0.21428571
v 3.41596989 0.65904287 -0.07142857
v 3.41596989 0.65904287 0.07142857
v 3.79868706 -0.48910865 -0.92857143
v 3.79868706 -0.48910865 -0.78571429
v 3.79868706 -0.48910865 -0.64285714
v 3.79868706 -0.48910865 -0.50000000
v 3.79868706 -0.48910865 -0.35714286
v 3.79868706 -0.48910865 -0.21428571
v 3.79868706 -0.48910865 -0.07142857
v 3.79868706 -0.48910865 0.07142857
v 3.79868706 -0.48910865 0.21428571
v 3.79868706 -0.48910865 0.35714286
v 3.79868706 -0.48910865 0.50000000
v 3.79868706 -0.48910865 0.64285714
v 3.79868706 -0.48910865 0.78571429
v 3.79868706 -0.48910865 0.92857143
v 3.79868706 -0.10639148 -0.92857143
v 3.79868706 -0.10639148 -0.78571429
v 3.79868706 -0.10639148 -0.64285714
v 3.79868706 -0.10639148 -0.50000000
v 3.79868706 -0.10639148 -0.35714286
v 3.79868706 -0.10639148 -0.21428571
v 3.79868706 -0.10639148 -0.07142857
v 3.79868706 -0.10639148 0.07142857
v 3.79868706 -0.10639148 0.21428571
v 3.79868706 -0.10639148 0.35714286
v 3.79868706 -0.10639148 0.50000000
v 3.79868706 -0.10639148 0.64285714
v 3.79868706 -0.10639148 0.78571429
v 3.79868706 -0.10639148 0.92857143
f 3 2 1
f 5 4 1
f 1 4 3
f 7 6 5
f 5 6 4
f 9 8 7
f 7 8 6
f 11 10 9
f 9 10 8
f 11 12 10
f 1 2 13
f 13 2 14
f 1 15 5
f 1 13 15
f 5 16 7
f 5 15 16
f 7 17 9
f 7 16 17
f 9 18 11
f 9 17 18
f 12 11 19
f 11 20 19
f 11 18 20
f 20 21 19
f 14 22 13
f 13 22 15
f 15 22 23
f 15 23 16
f 16 23 24
f 16 24 17
f 17 24 25
f 17 25 18
f 18 25 26
f 18 26 20
f 20 26 27
f 20 27 21
f 30 29 28
f 32 31 28
f 28 31 30
f 34 33 32
f 32 33 31
f 36 35 34
f 34 35 33
f 38 37 36
f 36 37 35
f 38 39 37
f 42 41 40
f 44 43 40
f 40 43 42
f 46 45 44
f 44 45 43
f 45 46 29
f 46 28 29
f 46 47 28
f 28 48 32
f 28 47 48
f 32 49 34
f 32 48 49
f 34 50 36
f 34 49 50
f 36 51 38
f 36 50 51
f 39 38 52
f 38 53 52
f 38 51 53
f 55 54 53
f 53 54 52
f 57 56 55
f 55 56 54
f 59 58 57
f 57 58 56
f 61 60 59
f 59 60 58
f 63 62 61
f 61 62 60
f 63 64 62
f 40 41 65
f 65 41 66
f 40 67 44
f 40 65 67
f 44 68 46
f 44 67 68
f 46 69 47
f 46 68 69
f 69 2 3
f 48 69 3
f 47 69 48
f 48 3 4
f 48 4 49
f 49 4 6
f 49 6 50
f 50 6 8
f 50 8 51
f 51 8 10
f 51 10 53
f 53 10 12
f 70 53 12
f 55 53 70
f 55 71 57
f 55 70 71
f 57 72 59
f 57 71 72
f 59 73 61
f 59 72 73
f 61 74 63
f 61 73 74
f 64 63 75
f 75 63 74
f 65 66 76
f 76 66 77
f 65 78 67
f 65 76 78
f 67 79 68
f 67 78 79
f 68 80 69
f 68 79 80
f 80 14 2
f 80 2 69
f 19 70 12
f 70 19 21
f 81 70 21
f 71 70 81
f 71 82 72
f 71 81 82
f 72 83 73
f 72 82 83
f 73 84 74
f 73 83 84
f 75 74 85
f 85 74 84
f 76 77 86
f 86 77 87
f 76 88 78
f 76 86 88
f 78 89 79
f 78 88 89
f 79 90 80
f 79 89 90
f 91 22 14
f 80 91 14
f 90 91 80
f 92 23 22
f 92 22 91
f 93 24 23
f 93 23 92
f 94 25 24
f 94 24 93
f 95 26 25
f 95 25 94
f 96 27 26
f 96 26 95
f 81 21 27
f 96 81 27
f 97 81 96
f 81 98 82
f 81 97 98
f 82 99 83
f 82 98 99
f 83 100 84
f 83 99 100
f 85 84 101
f 101 84 100
f 87 102 86
f 86 102 88
f 88 102 103
f 88 103 89
f 89 103 104
f 89 104 90
f 90 104 105
f 90 105 91
f 91 105 106
f 108 107 106
f 107 91 106
f 107 92 91
f 92 109 93
f 92 107 109
f 93 110 94
f 93 109 110
f 112 95 111
f 95 110 111
f 95 94 110
f 95 112 96
f 96 112 113
f 96 113 97
f 97 113 114
f 97 114 98
f 98 114 115
f 98 115 99
f 99 115 116
f 99 116 100
f 100 116 117
f 100 117 101
f 108 118 107
f 107 118 109
f 109 118 119
f 109 119 110
f 110 119 120
f 110 120 111
f 123 122 121
f 125 124 121
f 121 124 123
f 125 126 124
f 129 128 127
f 131 130 127
f 127 130 129
f 133 132 131
f 131 132 130
f 135 134 133
f 133 134 132
f 137 136 135
f 135 136 134
f 139 138 137
f 137 138 136
f 138 139 122
f 139 121 122
f 139 140 121
f 121 141 125
f 121 140 141
f 126 125 142
f 125 143 142
f 125 141 143
f 145 144 143
f 143 144 142
f 147 146 145
f 145 146 144
f 149 148 147
f 147 148 146
f 151 150 149
f 149 150 148
f 153 152 151
f 151 152 150
f 153 154 152
f 127 128 155
f 155 128 156
f 127 157 131
f 127 155 157
f 131 158 133
f 131 157 158
f 158 29 30
f 135 158 30
f 133 158 135
f 135 30 31
f 135 31 137
f 137 31 33
f 137 33 139
f 139 33 35
f 139 35 140
f 140 35 37
f 140 37 141
f 141 37 39
f 159 141 39
f 143 141 159
f 143 160 145
f 143 159 160
f 145 161 147
f 145 160 161
f 147 162 149
f 147 161 162
f 149 163 151
f 149 162 163
f 151 164 153
f 151 163 164
f 154 153 165
f 165 153 164
f 155 156 42
f 156 41 42
f 156 166 41
f 155 42 43
f 155 43 157
f 157 43 45
f 157 45 158
f 158 45 29
f 52 159 39
f 159 52 54
f 159 54 160
f 160 54 56
f 160 56 161
f 161 56 58
f 161 58 162
f 162 58 60
f 162 60 163
f 163 60 62
f 163 62 164
f 62 64 164
f 64 165 164
f 64 167 165
f 166 66 41
f 168 66 166
f 75 167 64
f 75 169 167
f 168 77 66
f 170 77 168
f 85 169 75
f 85 171 169
f 170 87 77
f 172 87 170
f 101 171 85
f 101 173 171
f 172 174 87
f 87 174 102
f 174 176 175
f 103 174 175
f 102 174 103
f 177 104 103
f 177 103 175
f 178 105 104
f 178 104 177
f 179 106 105
f 179 105 178
f 179 108 106
f 111 180 112
f 181 113 112
f 181 112 180
f 182 114 113
f 182 113 181
f 183 115 114
f 183 114 182
f 115 183 184
f 185 115 184
f 116 115 185
f 116 186 117
f 185 186 116
f 101 117 173
f 173 117 186
f 176 187 175
f 175 187 177
f 177 187 188
f 177 188 178
f 178 188 189
f 178 189 179
f 179 189 190
f 190 192 191
f 190 191 118
f 179 190 118
f 108 179 118
f 193 119 118
f 193 118 191
f 194 120 119
f 194 119 193
f 180 111 120
f 194 180 120
f 195 180 194
f 197 181 196
f 181 195 196
f 181 180 195
f 181 197 182
f 182 197 198
f 182 198 183
f 183 198 199
f 183 199 184
f 192 200 191
f 191 200 193
f 193 200 201
f 193 201 194
f 194 201 202
f 194 202 195
f 195 202 203
f 195 203 196
f 206 205 204
f 208 207 204
f 204 207 206
f 210 209 208
f 208 209 207
f 212 211 210
f 210 211 209
f 214 213 212
f 212 213 211
f 216 215 214
f 214 215 213
f 218 217 216
f 216 217 215
f 220 219 218
f 218 219 217
f 222 221 220
f 220 221 219
f 222 223 221
f 226 225 224
f 226 224 205
f 224 204 205
f 224 227 204
f 204 228 208
f 204 227 228
f 208 229 210
f 208 228 229
f 210 230 212
f 210 229 230
f 230 122 123
f 214 230 123
f 212 230 214
f 214 123 124
f 214 124 216
f 216 124 126
f 231 216 126
f 218 216 231
f 218 232 220
f 218 231 232
f 220 233 222
f 220 232 233
f 223 222 234
f 222 235 234
f 222 233 235
f 237 236 235
f 235 236 234
f 239 238 237
f 237 238 236
f 239 240 238
f 242 241 129
f 129 241 128
f 130 224 225
f 242 130 225
f 129 130 242
f 224 130 132
f 224 132 227
f 227 132 134
f 227 134 228
f 228 134 136
f 228 136 229
f 229 136 138
f 229 138 230
f 230 138 122
f 142 231 126
f 231 142 144
f 231 144 232
f 232 144 146
f 232 146 233
f 233 146 148
f 233 148 235
f 235 148 150
f 235 150 237
f 237 150 152
f 237 152 239
f 152 154 239
f 154 240 239
f 154 243 240
f 241 156 128
f 244 156 241
f 165 243 154
f 165 245 243
f 244 166 156
f 246 166 244
f 167 245 165
f 167 247 245
f 246 168 166
f 248 168 246
f 169 247 167
f 169 249 247
f 248 170 168
f 250 170 248
f 171 249 169
f 171 251 249
f 250 172 170
f 252 172 250
f 173 251 171
f 173 253 251
f 174 172 254
f 172 255 254
f 172 252 255
f 254 176 174
f 184 256 185
f 257 186 185
f 257 185 256
f 257 258 186
f 258 173 186
f 258 253 173
f 255 259 254
f 259 261 260
f 259 260 187
f 254 259 187
f 176 254 187
f 262 188 187
f 262 187 260
f 263 189 188
f 263 188 262
f 264 190 189
f 264 189 263
f 264 192 190
f 196 265 197
f 266 198 197
f 266 197 265
f 267 199 198
f 267 198 266
f 256 184 199
f 267 256 199
f 268 256 267
f 270 257 269
f 257 268 269
f 257 256 268
f 257 270 258
f 261 271 260
f 260 271 262
f 262 271 272
f 262 272 263
f 263 272 273
f 263 273 264
f 264 273 274
f 264 274 192
f 274 200 192
f 274 275 200
f 200 276 201
f 275 276 200
f 276 278 277
f 202 276 277
f 201 276 202
f 202 277 279
f 280 202 279
f 203 202 280
f 196 203 265
f 203 281 265
f 203 280 281
f 265 281 266
f 266 281 282
f 266 282 267
f 267 282 283
f 267 283 268
f 268 283 284
f 268 284 269
f 278 285 277
f 277 285 279
f 288 287 286
f 290 289 286
f 286 289 288
f 292 291 290
f 290 291 289
f 294 293 292
f 292 293 291
f 296 295 294
f 294 295 293
f 298 297 296
f 296 297 295
f 300 299 298
f 298 299 297
f 302 301 300
f 300 301 299
f 304 303 302
f 302 303 301
f 304 305 303
f 308 307 306
f 310 309 306
f 306 309 308
f 309 310 287
f 287 310 286
f 310 205 286
f 205 206 286
f 286 206 207
f 286 207 290
f 290 207 209
f 290 209 292
f 292 209 211
f 292 211 294
f 294 211 213
f 294 213 296
f 296 213 215
f 296 215 298
f 298 215 217
f 298 217 300
f 300 217 219
f 300 219 302
f 302 219 221
f 302 221 304
f 312 311 223
f 223 311 221
f 311 305 221
f 305 304 221
f 314 313 312
f 312 313 311
f 316 315 314
f 314 315 313
f 316 317 315
f 306 307 318
f 318 307 319
f 318 225 226
f 310 318 226
f 306 318 310
f 310 226 205
f 234 312 223
f 312 234 236
f 312 236 314
f 314 236 238
f 314 238 316
f 238 240 316
f 240 317 316
f 240 320 317
f 318 319 242
f 319 241 242
f 319 321 241
f 318 242 225
f 243 320 240
f 243 322 320
f 321 244 241
f 323 244 321
f 245 322 243
f 245 324 322
f 323 246 244
f 325 246 323
f 247 324 245
f 247 326 324
f 325 248 246
f 327 248 325
f 249 326 247
f 249 328 326
f 327 250 248
f 329 250 327
f 251 328 249
f 251 330 328
f 329 252 250
f 331 252 329
f 253 330 251
f 253 332 330
f 331 255 252
f 333 255 331
f 258 332 253
f 258 334 332
f 259 255 335
f 255 336 335
f 255 333 336
f 335 261 259
f 269 337 270
f 337 338 270
f 338 258 270
f 338 334 258
f 336 339 335
f 339 341 340
f 339 340 271
f 335 339 271
f 261 335 271
f 342 272 271
f 342 271 340
f 343 273 272
f 343 272 342
f 344 274 273
f 344 273 343
f 345 275 274
f 345 274 344
f 346 276 275
f 346 275 345
f 346 278 276
f 279 347 280
f 348 281 280
f 348 280 347
f 349 282 281
f 349 281 348
f 350 283 282
f 350 282 349
f 283 350 351
f 352 283 351
f 284 283 352
f 269 284 337
f 284 353 337
f 284 352 353
f 337 353 338
f 341 354 340
f 340 354 342
f 342 354 355
f 342 355 343
f 343 355 356
f 343 356 344
f 344 356 357
f 344 357 345
f 345 357 358
f 345 358 346
f 346 358 359
f 346 359 278
f 359 285 278
f 359 360 285
f 279 285 347
f 285 361 347
f 285 360 361
f 347 361 348
f 348 361 362
f 348 362 349
f 349 362 363
f 349 363 350
f 350 363 364
f 350 364 351
f 367 366 365
f 369 368 365
f 365 368 367
f 371 370 369
f 369 370 368
f 373 372 371
f 371 372 370
f 375 374 373
f 373 374 372
f 375 376 374
f 379 378 377
f 381 380 377
f 377 380 379
f 380 381 366
f 381 365 366
f 381 382 365
f 365 383 369
f 365 382 383
f 369 384 371
f 369 383 384
f 371 385 373
f 371 384 385
f 373 386 375
f 373 385 386
f 376 375 387
f 375 388 387
f 375 386 388
f 390 389 388
f 388 389 387
f 392 391 390
f 390 391 389
f 394 393 392
f 392 393 391
f 394 395 393
f 377 378 288
f 378 287 288
f 378 396 287
f 377 288 289
f 377 289 381
f 381 289 291
f 381 291 382
f 382 291 293
f 382 293 383
f 383 293 295
f 383 295 384
f 384 295 297
f 384 297 385
f 385 297 299
f 385 299 386
f 386 299 301
f 386 301 388
f 388 301 303
f 388 303 390
f 390 303 305
f 397 390 305
f 392 390 397
f 392 398 394
f 392 397 398
f 395 394 399
f 394 400 399
f 394 398 400
f 400 401 399
f 403 402 308
f 308 402 307
f 404 308 309
f 404 403 308
f 309 287 396
f 309 396 404
f 311 397 305
f 397 311 313
f 397 313 398
f 398 313 315
f 398 315 400
f 315 317 400
f 317 401 400
f 317 405 401
f 402 319 307
f 406 319 402
f 320 405 317
f 320 407 405
f 406 321 319
f 408 321 406
f 322 407 320
f 322 409 407
f 408 323 321
f 410 323 408
f 324 409 322
f 324 411 409
f 410 325 323
f 412 325 410
f 326 411 324
f 326 413 411
f 412 327 325
f 414 327 412
f 328 413 326
f 328 415 413
f 414 329 327
f 416 329 414
f 330 415 328
f 330 417 415
f 416 331 329
f 418 331 416
f 332 417 330
f 332 419 417
f 418 333 331
f 420 333 418
f 334 419 332
f 334 421 419
f 420 336 333
f 422 336 420
f 338 421 334
f 338 423 421
f 339 336 424
f 336 425 424
f 336 422 425
f 424 341 339
f 351 426 352
f 352 426 427
f 428 352 427
f 353 352 428
f 338 353 423
f 423 353 428
f 424 425 429
f 429 425 430
f 431 354 341
f 424 431 341
f 429 431 424
f 432 355 354
f 432 354 431
f 433 356 355
f 433 355 432
f 434 357 356
f 434 356 433
f 435 358 357
f 435 357 434
f 436 359 358
f 436 358 435
f 437 360 359
f 437 359 436
f 438 361 360
f 438 360 437
f 439 362 361
f 439 361 438
f 440 363 362
f 440 362 439
f 441 364 363
f 441 363 440
f 441 442 364
f 364 442 351
f 442 443 351
f 443 426 351
f 426 443 427
f 430 444 429
f 429 444 431
f 431 444 445
f 431 445 432
f 432 445 446
f 432 446 433
f 433 446 447
f 433 447 434
f 434 447 448
f 434 448 435
f 435 448 449
f 435 449 436
f 436 449 450
f 436 450 437
f 437 450 451
f 437 451 438
f 438 451 452
f 438 452 439
f 439 452 453
f 439 453 440
f 440 453 454
f 440 454 441
f 441 454 455
f 441 455 442
f 458 457 456
f 460 459 456
f 456 459 458
f 462 461 460
f 460 461 459
f 462 463 461
f 466 465 464
f 468 467 464
f 464 467 466
f 366 367 468
f 367 467 468
f 367 469 467
f 368 456 457
f 469 368 457
f 367 368 469
f 456 368 370
f 456 370 460
f 460 370 372
f 460 372 462
f 470 463 462
f 372 470 462
f 374 470 372
f 472 471 376
f 471 374 376
f 471 470 374
f 474 473 472
f 472 473 471
f 476 475 474
f 474 475 473
f 478 477 476
f 476 477 475
f 478 479 477
f 482 481 480
f 482 480 465
f 465 480 464
f 480 378 464
f 378 379 464
f 464 379 380
f 464 380 468
f 468 380 366
f 387 472 376
f 472 387 389
f 472 389 474
f 474 389 391
f 474 391 476
f 476 391 393
f 476 393 478
f 484 483 395
f 395 483 393
f 483 479 393
f 479 478 393
f 484 485 483
f 488 487 486
f 488 486 481
f 486 480 481
f 486 489 480
f 489 396 378
f 489 378 480
f 399 484 395
f 399 401 484
f 401 485 484
f 401 490 485
f 486 487 403
f 487 402 403
f 487 491 402
f 486 403 404
f 486 404 489
f 489 404 396
f 405 490 401
f 405 492 490
f 491 406 402
f 493 406 491
f 407 492 405
f 407 494 492
f 493 408 406
f 495 408 493
f 409 494 407
f 409 496 494
f 495 410 408
f 497 410 495
f 411 496 409
f 411 498 496
f 497 412 410
f 499 412 497
f 413 498 411
f 413 500 498
f 499 414 412
f 501 414 499
f 415 500 413
f 415 502 500
f 501 416 414
f 503 416 501
f 417 502 415
f 417 504 502
f 503 418 416
f 505 418 503
f 419 504 417
f 419 506 504
f 505 420 418
f 507 420 505
f 421 506 419
f 421 508 506
f 507 422 420
f 509 422 507
f 423 508 421
f 423 510 508
f 509 425 422
f 511 425 509
f 427 512 428
f 512 513 428
f 513 423 428
f 513 510 423
f 511 430 425
f 514 430 511
f 516 515 443
f 516 443 442
f 427 443 512
f 443 517 512
f 443 515 517
f 512 517 513
f 514 518 430
f 430 518 444
f 444 519 445
f 518 519 444
f 445 520 446
f 519 520 445
f 446 521 447
f 520 521 446
f 447 522 448
f 521 522 447
f 522 524 523
f 449 522 523
f 448 522 449
f 525 450 449
f 525 449 523
f 526 451 450
f 526 450 525
f 527 452 451
f 527 451 526
f 528 453 452
f 528 452 527
f 529 454 453
f 529 453 528
f 454 529 530
f 531 454 530
f 455 454 531
f 442 455 516
f 516 455 531
f 524 532 523
f 523 532 525
f 525 532 533
f 525 533 526
f 526 533 534
f 526 534 527
f 527 534 535
f 527 535 528
f 528 535 536
f 528 536 529
f 529 536 537
f 529 537 530
f 540 539 538
f 538 541 540
f 544 543 542
f 546 545 542
f 542 545 544
f 548 547 546
f 546 547 545
f 550 549 548
f 548 549 547
f 552 551 550
f 550 551 549
f 457 458 552
f 458 551 552
f 458 553 551
f 459 538 539
f 553 459 539
f 458 459 553
f 554 541 538
f 459 554 538
f 461 554 459
f 556 555 463
f 555 461 463
f 555 554 461
f 558 557 556
f 556 557 555
f 560 559 558
f 558 559 557
f 562 561 560
f 560 561 559
f 564 563 562
f 562 563 561
f 566 565 564
f 564 565 563
f 566 567 565
f 542 543 568
f 568 543 569
f 542 570 546
f 542 568 570
f 570 465 466
f 548 570 466
f 546 570 548
f 548 466 467
f 548 467 550
f 550 467 469
f 550 469 552
f 552 469 457
f 470 556 463
f 556 470 471
f 556 471 558
f 558 471 473
f 558 473 560
f 560 473 475
f 560 475 562
f 562 475 477
f 562 477 564
f 564 477 479
f 571 564 479
f 566 564 571
f 567 566 572
f 572 566 571
f 568 569 573
f 573 569 574
f 573 481 482
f 570 573 482
f 568 573 570
f 570 482 465
f 483 571 479
f 483 485 571
f 485 572 571
f 485 575 572
f 573 574 488
f 574 487 488
f 574 576 487
f 573 488 481
f 490 575 485
f 490 577 575
f 576 491 487
f 578 491 576
f 492 577 490
f 492 579 577
f 578 493 491
f 580 493 578
f 494 579 492
f 494 581 579
f 580 495 493
f 582 495 580
f 496 581 494
f 496 583 581
f 582 497 495
f 584 497 582
f 498 583 496
f 498 585 583
f 584 499 497
f 586 499 584
f 500 585 498
f 500 587 585
f 586 501 499
f 588 501 586
f 502 587 500
f 502 589 587
f 588 503 501
f 590 503 588
f 504 589 502
f 504 591 589
f 590 505 503
f 592 505 590
f 506 591 504
f 506 593 591
f 592 507 505
f 594 507 592
f 508 593 506
f 508 595 593
f 594 509 507
f 596 509 594
f 510 595 508
f 510 597 595
f 596 511 509
f 598 511 596
f 513 597 510
f 513 599 597
f 598 514 511
f 600 514 598
f 516 601 515
f 515 601 602
f 603 515 602
f 517 515 603
f 513 517 599
f 599 517 603
f 518 514 604
f 514 605 604
f 514 600 605
f 606 519 518
f 606 518 604
f 607 520 519
f 607 519 606
f 608 521 520
f 608 520 607
f 609 522 521
f 609 521 608
f 609 524 522
f 530 610 531
f 610 611 531
f 531 611 516
f 611 612 516
f 612 601 516
f 601 612 602
f 605 613 604
f 604 613 606
f 606 613 614
f 606 614 607
f 607 614 615
f 607 615 608
f 608 615 616
f 608 616 609
f 609 616 617
f 609 617 524
f 617 532 524
f 617 618 532
f 532 619 533
f 618 619 532
f 533 620 534
f 619 620 533
f 534 621 535
f 620 621 534
f 535 622 536
f 621 622 535
f 536 623 537
f 622 623 536
f 530 537 610
f 537 624 610
f 537 623 624
f 610 624 611
f 627 626 625
f 629 628 625
f 625 628 627
f 631 630 629
f 629 630 628
f 633 632 631
f 631 632 630
f 635 634 633
f 633 634 632
f 637 636 635
f 635 636 634
f 539 540 637
f 540 636 637
f 540 638 636
f 640 639 541
f 639 540 541
f 639 638 540
f 642 641 640
f 640 641 639
f 644 643 642
f 642 643 641
f 646 645 644
f 644 645 643
f 646 647 645
f 625 626 544
f 626 543 544
f 626 648 543
f 625 544 545
f 625 545 629
f 629 545 547
f 629 547 631
f 631 547 549
f 631 549 633
f 633 549 551
f 633 551 635
f 635 551 553
f 635 553 637
f 637 553 539
f 554 640 541
f 640 554 555
f 640 555 642
f 642 555 557
f 642 557 644
f 644 557 559
f 644 559 646
f 649 647 646
f 559 649 646
f 561 649 559
f 650 561 563
f 650 649 561
f 651 563 565
f 651 650 563
f 565 567 651
f 651 567 652
f 648 569 543
f 653 569 648
f 572 652 567
f 572 654 652
f 653 574 569
f 655 574 653
f 575 654 572
f 575 656 654
f 655 576 574
f 657 576 655
f 577 656 575
f 577 658 656
f 657 578 576
f 659 578 657
f 579 658 577
f 579 660 658
f 659 580 578
f 661 580 659
f 581 660 579
f 581 662 660
f 661 582 580
f 663 582 661
f 583 662 581
f 583 664 662
f 663 584 582
f 665 584 663
f 585 664 583
f 585 666 664
f 665 586 584
f 667 586 665
f 587 666 585
f 587 668 666
f 667 588 586
f 669 588 667
f 589 668 587
f 589 670 668
f 669 590 588
f 671 590 669
f 591 670 589
f 591 672 670
f 671 592 590
f 673 592 671
f 593 672 591
f 593 674 672
f 673 594 592
f 675 594 673
f 595 674 593
f 595 676 674
f 675 596 594
f 677 596 675
f 597 676 595
f 597 678 676
f 677 598 596
f 679 598 677
f 599 678 597
f 599 680 678
f 679 600 598
f 681 600 679
f 683 682 603
f 683 603 602
f 599 603 680
f 680 603 682
f 681 605 600
f 684 605 681
f 686 685 612
f 686 612 611
f 602 612 683
f 683 612 685
f 684 687 605
f 605 687 613
f 613 688 614
f 687 688 613
f 614 689 615
f 688 689 614
f 689 691 690
f 616 689 690
f 615 689 616
f 692 617 616
f 692 616 690
f 693 618 617
f 693 617 692
f 694 619 618
f 694 618 693
f 695 620 619
f 695 619 694
f 696 621 620
f 696 620 695
f 621 696 697
f 698 621 697
f 622 621 698
f 622 699 623
f 698 699 622
f 623 700 624
f 699 700 623
f 611 624 686
f 686 624 700
f 691 701 690
f 690 701 692
f 692 701 702
f 692 702 693
f 693 702 703
f 693 703 694
f 694 703 704
f 694 704 695
f 695 704 705
f 695 705 696
f 696 705 706
f 696 706 697
f 708 707 627
f 627 707 626
f 709 627 628
f 709 708 627
f 710 628 630
f 710 709 628
f 711 630 632
f 711 710 630
f 712 632 634
f 712 711 632
f 713 634 636
f 713 712 634
f 714 636 638
f 714 713 636
f 715 638 639
f 715 714 638
f 716 639 641
f 716 715 639
f 717 641 643
f 717 716 641
f 718 643 645
f 718 717 643
f 645 647 718
f 718 647 719
f 707 648 626
f 720 648 707
f 721 719 647
f 721 647 649
f 722 649 650
f 722 721 649
f 723 650 651
f 723 722 650
f 651 652 723
f 723 652 724
f 720 653 648
f 725 653 720
f 654 724 652
f 654 726 724
f 725 655 653
f 727 655 725
f 656 726 654
f 656 728 726
f 727 657 655
f 729 657 727
f 658 728 656
f 658 730 728
f 729 659 657
f 731 659 729
f 660 730 658
f 660 732 730
f 731 661 659
f 733 661 731
f 662 732 660
f 662 734 732
f 733 663 661
f 735 663 733
f 664 734 662
f 664 736 734
f 735 665 663
f 737 665 735
f 666 736 664
f 666 738 736
f 737 667 665
f 739 667 737
f 668 738 666
f 668 740 738
f 739 669 667
f 741 669 739
f 670 740 668
f 670 742 740
f 741 671 669
f 743 671 741
f 672 742 670
f 672 744 742
f 743 673 671
f 745 673 743
f 674 744 672
f 674 746 744
f 745 675 673
f 747 675 745
f 676 746 674
f 676 748 746
f 747 677 675
f 749 677 747
f 678 748 676
f 678 750 748
f 749 679 677
f 751 679 749
f 680 750 678
f 680 752 750
f 751 681 679
f 753 681 751
f 755 754 682
f 755 682 683
f 680 682 752
f 752 682 754
f 753 684 681
f 756 684 753
f 758 757 685
f 758 685 686
f 683 685 755
f 755 685 757
f 687 684 759
f 684 760 759
f 684 756 760
f 761 688 687
f 761 687 759
f 762 689 688
f 762 688 761
f 762 691 689
f 697 763 698
f 764 699 698
f 764 698 763
f 699 764 765
f 766 699 765
f 700 699 766
f 686 700 758
f 758 700 766
f 760 767 759
f 759 767 761
f 761 767 768
f 761 768 762
f 762 768 769
f 762 769 691
f 769 701 691
f 769 770 701
f 701 771 702
f 770 771 701
f 702 772 703
f 771 772 702
f 703 773 704
f 772 773 703
f 704 774 705
f 773 774 704
f 705 775 706
f 774 775 705
f 697 706 763
f 706 776 763
f 706 775 776
f 763 776 764
f 764 776 777
f 764 777 765
f 778 707 708
f 709 779 708
f 708 779 778
f 710 780 709
f 709 780 779
f 711 781 710
f 710 781 780
f 712 782 711
f 711 782 781
f 713 783 712
f 712 783 782
f 714 784 713
f 713 784 783
f 715 785 714
f 714 785 784
f 716 786 715
f 715 786 785
f 717 787 716
f 716 787 786
f 718 788 717
f 717 788 787
f 719 788 718
f 790 789 778
f 789 707 778
f 789 720 707
f 790 778 779
f 790 779 791
f 791 779 780
f 791 780 792
f 792 780 781
f 792 781 793
f 793 781 782
f 793 782 794
f 794 782 783
f 794 783 795
f 795 783 784
f 795 784 796
f 796 784 785
f 796 785 797
f 797 785 786
f 797 786 798
f 798 786 787
f 798 787 799
f 799 787 788
f 799 788 800
f 800 788 719
f 721 800 719
f 801 800 721
f 802 721 722
f 802 801 721
f 804 802 803
f 802 723 803
f 802 722 723
f 724 803 723
f 789 725 720
f 805 725 789
f 806 804 803
f 803 724 806
f 724 807 806
f 724 726 807
f 805 727 725
f 808 727 805
f 728 807 726
f 728 809 807
f 808 729 727
f 810 729 808
f 730 809 728
f 730 811 809
f 810 731 729
f 812 731 810
f 732 811 730
f 732 813 811
f 812 733 731
f 814 733 812
f 734 813 732
f 734 815 813
f 814 735 733
f 816 735 814
f 736 815 734
f 736 817 815
f 816 737 735
f 818 737 816
f 738 817 736
f 738 819 817
f 818 739 737
f 820 739 818
f 740 819 738
f 740 821 819
f 820 741 739
f 822 741 820
f 742 821 740
f 742 823 821
f 822 743 741
f 824 743 822
f 744 823 742
f 744 825 823
f 824 745 743
f 826 745 824
f 746 825 744
f 746 827 825
f 826 747 745
f 828 747 826
f 748 827 746
f 748 829 827
f 828 749 747
f 830 749 828
f 750 829 748
f 750 831 829
f 830 751 749
f 832 751 830
f 752 831 750
f 752 833 831
f 832 753 751
f 834 753 832
f 836 835 754
f 836 754 755
f 752 754 833
f 833 754 835
f 834 756 753
f 837 756 834
f 839 838 757
f 839 757 758
f 755 757 836
f 836 757 838
f 837 760 756
f 840 760 837
f 842 841 766
f 842 766 765
f 758 766 839
f 839 766 841
f 840 843 760
f 760 843 767
f 767 844 768
f 843 844 767
f 768 845 769
f 844 845 768
f 769 846 770
f 845 846 769
f 770 847 771
f 846 847 770
f 847 849 848
f 772 847 848
f 771 847 772
f 850 773 772
f 850 772 848
f 851 774 773
f 851 773 850
f 774 851 852
f 853 774 852
f 775 774 853
f 775 854 776
f 853 854 775
f 776 855 777
f 854 855 776
f 765 777 842
f 842 777 855
f 849 856 848
f 848 856 850
f 850 856 857
f 850 857 851
f 851 857 858
f 851 858 852
f 859 789 790
f 791 860 790
f 790 860 859
f 792 861 791
f 791 861 860
f 793 862 792
f 792 862 861
f 794 863 793
f 793 863 862
f 863 794 864
f 794 865 864
f 794 795 865
f 866 795 796
f 866 865 795
f 867 796 797
f 867 866 796
f 868 797 798
f 868 867 797
f 870 868 869
f 868 799 869
f 868 798 799
f 800 871 799
f 799 871 869
f 801 872 800
f 800 872 871
f 802 873 801
f 801 873 872
f 804 873 802
f 875 874 859
f 874 789 859
f 874 805 789
f 875 859 860
f 875 860 876
f 876 860 861
f 876 861 877
f 877 861 862
f 877 862 878
f 878 862 863
f 878 863 879
f 879 863 864
f 880 870 869
f 880 869 871
f 880 871 881
f 881 871 872
f 881 872 882
f 884 883 882
f 872 884 882
f 873 884 872
f 806 885 804
f 885 873 804
f 885 884 873
f 807 885 806
f 874 808 805
f 886 808 874
f 887 883 884
f 887 884 885
f 887 885 888
f 885 807 888
f 807 889 888
f 807 809 889
f 886 810 808
f 890 810 886
f 811 889 809
f 811 891 889
f 890 812 810
f 892 812 890
f 813 891 811
f 813 893 891
f 892 814 812
f 894 814 892
f 815 893 813
f 815 895 893
f 894 816 814
f 896 816 894
f 817 895 815
f 817 897 895
f 896 818 816
f 898 818 896
f 819 897 817
f 819 899 897
f 898 820 818
f 900 820 898
f 821 899 819
f 821 901 899
f 900 822 820
f 902 822 900
f 823 901 821
f 823 903 901
f 902 824 822
f 904 824 902
f 825 903 823
f 825 905 903
f 904 826 824
f 906 826 904
f 827 905 825
f 827 907 905
f 906 828 826
f 908 828 906
f 829 907 827
f 829 909 907
f 908 830 828
f 910 830 908
f 831 909 829
f 831 911 909
f 910 832 830
f 912 832 910
f 833 911 831
f 833 913 911
f 912 834 832
f 914 834 912
f 916 915 835
f 916 835 836
f 833 835 913
f 913 835 915
f 914 837 834
f 917 837 914
f 919 918 838
f 919 838 839
f 836 838 916
f 916 838 918
f 917 840 837
f 920 840 917
f 922 921 841
f 922 841 842
f 839 841 919
f 919 841 921
f 920 923 840
f 840 923 843
f 843 924 844
f 923 924 843
f 844 925 845
f 924 925 844
f 845 926 846
f 925 926 845
f 846 927 847
f 926 927 846
f 849 847 927
f 849 927 928
f 930 929 853
f 930 853 852
f 853 931 854
f 929 931 853
f 854 932 855
f 931 932 854
f 842 855 922
f 922 855 932
f 928 933 849
f 849 933 856
f 856 934 857
f 933 934 856
f 857 935 858
f 934 935 857
f 852 858 930
f 930 858 935
f 936 864 865
f 866 937 865
f 865 937 936
f 867 938 866
f 866 938 937
f 868 939 867
f 867 939 938
f 870 939 868
f 941 940 875
f 875 940 874
f 942 875 876
f 942 941 875
f 943 876 877
f 943 942 876
f 944 877 878
f 944 943 877
f 945 878 879
f 945 944 878
f 879 864 936
f 946 879 936
f 945 879 946
f 946 936 937
f 946 937 947
f 947 937 938
f 947 938 948
f 948 938 939
f 948 939 949
f 949 939 870
f 880 949 870
f 950 949 880
f 951 880 881
f 951 950 880
f 952 881 882
f 952 951 881
f 882 883 952
f 952 883 953
f 940 886 874
f 954 886 940
f 955 953 883
f 955 883 887
f 957 955 956
f 955 888 956
f 955 887 888
f 889 956 888
f 954 890 886
f 958 890 954
f 959 957 956
f 956 889 959
f 889 960 959
f 889 891 960
f 958 892 890
f 961 892 958
f 893 960 891
f 893 962 960
f 961 894 892
f 963 894 961
f 895 962 893
f 895 964 962
f 963 896 894
f 965 896 963
f 897 964 895
f 897 966 964
f 965 898 896
f 967 898 965
f 899 966 897
f 899 968 966
f 967 900 898
f 969 900 967
f 901 968 899
f 901 970 968
f 969 902 900
f 971 902 969
f 903 970 901
f 903 972 970
f 971 904 902
f 973 904 971
f 905 972 903
f 905 974 972
f 973 906 904
f 975 906 973
f 907 974 905
f 907 976 974
f 975 908 906
f 977 908 975
f 909 976 907
f 909 978 976
f 977 910 908
f 979 910 977
f 911 978 909
f 911 980 978
f 979 912 910
f 981 912 979
f 984 983 982
f 983 980 982
f 980 913 982
f 980 911 913
f 981 914 912
f 985 914 981
f 984 982 915
f 916 984 915
f 986 984 916
f 915 982 913
f 985 917 914
f 987 917 985
f 989 988 918
f 989 918 919
f 916 918 986
f 986 918 988
f 991 920 990
f 920 987 990
f 920 917 987
f 992 991 990
f 995 994 993
f 921 922 993
f 994 921 993
f 996 921 994
f 919 921 989
f 989 921 996
f 991 923 920
f 992 997 991
f 997 923 991
f 997 924 923
f 924 998 925
f 997 998 924
f 925 999 926
f 998 999 925
f 926 1000 927
f 999 1000 926
f 1002 1001 928
f 927 1002 928
f 1000 1002 927
f 1004 1003 1001
f 1004 1001 1002
f 1006 1005 1003
f 1006 1003 1004
f 929 930 1005
f 1006 929 1005
f 1007 929 1006
f 929 1008 931
f 1007 1008 929
f 993 932 995
f 932 1008 995
f 932 931 1008
f 932 993 922
f 1001 933 928
f 933 1001 934
f 934 1001 1003
f 934 1003 935
f 935 1003 1005
f 935 1005 930
f 1009 940 941
f 942 1010 941
f 941 1010 1009
f 943 1011 942
f 942 1011 1010
f 1011 943 1012
f 943 1013 1012
f 943 944 1013
f 1014 944 945
f 1014 1013 944
f 1015 945 946
f 1015 1014 945
f 1016 946 947
f 1016 1015 946
f 1017 947 948
f 1017 1016 947
f 1018 948 949
f 1018 1017 948
f 1020 1018 1019
f 1018 950 1019
f 1018 949 950
f 951 1021 950
f 950 1021 1019
f 952 1022 951
f 951 1022 1021
f 953 1022 952
f 1024 1023 1009
f 1023 940 1009
f 1023 954 940
f 1024 1009 1010
f 1024 1010 1025
f 1025 1010 1011
f 1025 1011 1026
f 1026 1011 1012
f 1027 1020 1019
f 1027 1019 1021
f 1027 1021 1028
f 1028 1021 1022
f 1028 1022 1029
f 1031 1029 1030
f 1030 1029 955
f 1029 1022 955
f 1022 953 955
f 957 1030 955
f 1023 958 954
f 1032 958 1023
f 1033 1031 1030
f 1033 1030 957
f 959 1033 957
f 1034 1033 959
f 959 960 1034
f 1034 960 1035
f 1032 961 958
f 1036 961 1032
f 962 1035 960
f 962 1037 1035
f 1036 963 961
f 1038 963 1036
f 964 1037 962
f 964 1039 1037
f 1038 965 963
f 1040 965 1038
f 966 1039 964
f 966 1041 1039
f 1040 967 965
f 1042 967 1040
f 968 1041 966
f 968 1043 1041
f 1042 969 967
f 1044 969 1042
f 970 1043 968
f 970 1045 1043
f 1044 971 969
f 1046 971 1044
f 972 1045 970
f 972 1047 1045
f 1046 973 971
f 1048 973 1046
f 974 1047 972
f 974 1049 1047
f 1048 975 973
f 1050 975 1048
f 976 1049 974
f 976 1051 1049
f 1050 977 975
f 1052 977 1050
f 978 1051 976
f 978 1053 1051
f 1052 979 977
f 1054 979 1052
f 980 1053 978
f 980 1055 1053
f 1054 981 979
f 1056 981 1054
f 1058 1057 983
f 1058 983 984
f 980 983 1055
f 1055 983 1057
f 1060 985 1059
f 985 1056 1059
f 985 981 1056
f 1061 1060 1059
f 986 1058 984
f 986 1062 1058
f 1063 987 1060
f 1060 987 985
f 1060 1061 1064
f 1065 1060 1064
f 1063 1060 1065
f 1066 1065 1064
f 1068 1067 988
f 1068 988 989
f 986 988 1062
f 1062 988 1067
f 1063 990 987
f 990 1063 992
f 1063 1069 992
f 1063 1065 1069
f 1065 1066 1070
f 1071 1065 1070
f 1069 1065 1071
f 1073 1072 1071
f 1073 1071 1070
f 1075 1074 1072
f 1075 1072 1073
f 1077 1076 1074
f 1077 1074 1075
f 1079 1078 1076
f 1079 1076 1077
f 1081 1080 1078
f 1081 1078 1079
f 1083 1082 1080
f 1083 1080 1081
f 1085 1084 1082
f 1085 1082 1083
f 994 995 1084
f 1085 994 1084
f 1086 994 1085
f 994 1087 996
f 1086 1087 994
f 989 996 1068
f 1068 996 1087
f 1069 997 992
f 997 1069 998
f 998 1069 1071
f 998 1071 999
f 999 1071 1072
f 999 1072 1000
f 1000 1072 1074
f 1000 1074 1002
f 1002 1074 1076
f 1002 1076 1004
f 1004 1076 1078
f 1004 1078 1006
f 1006 1078 1080
f 1006 1080 1007
f 1007 1080 1082
f 1007 1082 1008
f 1008 1082 1084
f 1008 1084 995
f 1088 1012 1013
f 1014 1089 1013
f 1013 1089 1088
f 1015 1090 1014
f 1014 1090 1089
f 1016 1091 1015
f 1015 1091 1090
f 1017 1092 1016
f 1016 1092 1091
f 1018 1093 1017
f 1017 1093 1092
f 1020 1093 1018
f 1094 1023 1024
f 1094 1024 1095
f 1024 1096 1095
f 1024 1025 1096
f 1097 1025 1026
f 1097 1096 1025
f 1026 1012 1088
f 1098 1026 1088
f 1097 1026 1098
f 1098 1088 1089
f 1098 1089 1099
f 1099 1089 1090
f 1099 1090 1100
f 1100 1090 1091
f 1100 1091 1101
f 1101 1091 1092
f 1101 1092 1102
f 1102 1092 1093
f 1102 1093 1103
f 1103 1093 1020
f 1027 1103 1020
f 1104 1103 1027
f 1105 1027 1028
f 1105 1104 1027
f 1106 1028 1029
f 1106 1105 1028
f 1029 1031 1106
f 1106 1031 1107
f 1109 1108 1094
f 1108 1023 1094
f 1108 1032 1023
f 1109 1094 1095
f 1110 1107 1031
f 1110 1031 1033
f 1112 1110 1111
f 1110 1034 1111
f 1110 1033 1034
f 1035 1111 1034
f 1108 1036 1032
f 1113 1036 1108
f 1114 1112 1111
f 1111 1035 1114
f 1035 1115 1114
f 1035 1037 1115
f 1113 1038 1036
f 1116 1038 1113
f 1039 1115 1037
f 1039 1117 1115
f 1116 1040 1038
f 1118 1040 1116
f 1041 1117 1039
f 1041 1119 1117
f 1118 1042 1040
f 1120 1042 1118
f 1043 1119 1041
f 1043 1121 1119
f 1120 1044 1042
f 1122 1044 1120
f 1045 1121 1043
f 1045 1123 1121
f 1122 1046 1044
f 1124 1046 1122
f 1047 1123 1045
f 1047 1125 1123
f 1124 1048 1046
f 1126 1048 1124
f 1049 1125 1047
f 1049 1127 1125
f 1126 1050 1048
f 1128 1050 1126
f 1051 1127 1049
f 1051 1129 1127
f 1128 1052 1050
f 1130 1052 1128
f 1053 1129 1051
f 1053 1131 1129
f 1130 1054 1052
f 1132 1054 1130
f 1055 1131 1053
f 1055 1133 1131
f 1135 1056 1134
f 1056 1132 1134
f 1056 1054 1132
f 1137 1136 1135
f 1137 1135 1134
f 1138 1136 1137
f 1140 1139 1057
f 1140 1057 1058
f 1055 1057 1133
f 1133 1057 1139
f 1135 1059 1056
f 1059 1135 1061
f 1135 1141 1061
f 1135 1136 1141
f 1136 1138 1142
f 1143 1136 1142
f 1141 1136 1143
f 1144 1143 1142
f 1147 1146 1145
f 1146 1140 1145
f 1140 1062 1145
f 1140 1058 1062
f 1141 1064 1061
f 1064 1141 1066
f 1141 1148 1066
f 1141 1143 1148
f 1143 1144 1149
f 1150 1143 1149
f 1148 1143 1150
f 1152 1151 1150
f 1152 1150 1149
f 1153 1151 1152
f 1156 1155 1154
f 1158 1157 1154
f 1158 1154 1155
f 1160 1159 1157
f 1160 1157 1158
f 1159 1160 1147
f 1159 1147 1145
f 1068 1159 1145
f 1067 1068 1145
f 1067 1145 1062
f 1148 1070 1066
f 1070 1148 1073
f 1073 1148 1150
f 1073 1150 1075
f 1075 1150 1151
f 1153 1161 1151
f 1161 1075 1151
f 1161 1077 1075
f 1077 1162 1079
f 1161 1162 1077
f 1079 1163 1081
f 1162 1163 1079
f 1081 1164 1083
f 1163 1164 1081
f 1154 1085 1156
f 1085 1164 1156
f 1085 1083 1164
f 1085 1154 1086
f 1086 1154 1157
f 1086 1157 1087
f 1087 1157 1159
f 1087 1159 1068
f 1165 1095 1096
f 1097 1166 1096
f 1096 1166 1165
f 1098 1167 1097
f 1097 1167 1166
f 1099 1168 1098
f 1098 1168 1167
f 1100 1169 1099
f 1099 1169 1168
f 1101 1170 1100
f 1100 1170 1169
f 1102 1171 1101
f 1101 1171 1170
f 1103 1172 1102
f 1102 1172 1171
f 1104 1173 1103
f 1103 1173 1172
f 1105 1174 1104
f 1104 1174 1173
f 1106 1175 1105
f 1105 1175 1174
f 1107 1175 1106
f 1176 1108 1109
f 1095 1165 1109
f 1165 1176 1109
f 1165 1177 1176
f 1166 1179 1178
f 1177 1166 1178
f 1165 1166 1177
f 1179 1166 1167
f 1179 1167 1180
f 1180 1167 1168
f 1180 1168 1181
f 1181 1168 1169
f 1181 1169 1182
f 1182 1169 1170
f 1182 1170 1183
f 1183 1170 1171
f 1183 1171 1184
f 1184 1171 1172
f 1184 1172 1185
f 1185 1172 1173
f 1185 1173 1186
f 1186 1173 1174
f 1186 1174 1187
f 1187 1174 1175
f 1187 1175 1188
f 1190 1188 1189
f 1189 1188 1110
f 1188 1175 1110
f 1175 1107 1110
f 1112 1189 1110
f 1192 1191 1176
f 1191 1108 1176
f 1191 1113 1108
f 1192 1176 1177
f 1192 1177 1193
f 1193 1177 1178
f 1194 1190 1189
f 1194 1189 1112
f 1114 1194 1112
f 1195 1194 1114
f 1114 1115 1195
f 1195 1115 1196
f 1191 1116 1113
f 1197 1116 1191
f 1117 1196 1115
f 1117 1198 1196
f 1197 1118 1116
f 1199 1118 1197
f 1119 1198 1117
f 1119 1200 1198
f 1199 1120 1118
f 1201 1120 1199
f 1121 1200 1119
f 1121 1202 1200
f 1201 1122 1120
f 1203 1122 1201
f 1123 1202 1121
f 1123 1204 1202
f 1203 1124 1122
f 1205 1124 1203
f 1125 1204 1123
f 1125 1206 1204
f 1205 1126 1124
f 1207 1126 1205
f 1127 1206 1125
f 1127 1208 1206
f 1207 1128 1126
f 1209 1128 1207
f 1129 1208 1127
f 1129 1210 1208
f 1209 1130 1128
f 1211 1130 1209
f 1131 1210 1129
f 1131 1212 1210
f 1211 1132 1130
f 1213 1132 1211
f 1133 1212 1131
f 1133 1214 1212
f 1213 1215 1132
f 1132 1215 1134
f 1134 1216 1137
f 1215 1216 1134
f 1138 1137 1216
f 1138 1216 1217
f 1220 1219 1218
f 1139 1140 1218
f 1219 1139 1218
f 1221 1139 1219
f 1133 1139 1214
f 1214 1139 1221
f 1217 1222 1138
f 1138 1222 1142
f 1224 1223 1144
f 1142 1224 1144
f 1222 1224 1142
f 1226 1225 1223
f 1226 1223 1224
f 1228 1227 1225
f 1228 1225 1226
f 1230 1229 1227
f 1230 1227 1228
f 1232 1231 1229
f 1232 1229 1230
f 1234 1233 1231
f 1234 1231 1232
f 1236 1235 1233
f 1236 1233 1234
f 1238 1237 1235
f 1238 1235 1236
f 1240 1239 1237
f 1240 1237 1238
f 1239 1240 1220
f 1239 1220 1218
f 1147 1239 1218
f 1146 1147 1218
f 1146 1218 1140
f 1223 1149 1144
f 1149 1223 1152
f 1152 1223 1225
f 1152 1225 1153
f 1225 1241 1153
f 1225 1227 1241
f 1242 1227 1229
f 1241 1227 1242
f 1243 1229 1231
f 1242 1229 1243
f 1244 1231 1233
f 1243 1231 1244
f 1156 1244 1155
f 1244 1235 1155
f 1244 1233 1235
f 1155 1235 1158
f 1158 1235 1237
f 1158 1237 1160
f 1160 1237 1239
f 1160 1239 1147
f 1241 1161 1153
f 1161 1241 1162
f 1162 1241 1242
f 1162 1242 1163
f 1163 1242 1243
f 1163 1243 1164
f 1164 1243 1244
f 1164 1244 1156
f 1245 1178 1179
f 1180 1246 1179
f 1179 1246 1245
f 1181 1247 1180
f 1180 1247 1246
f 1247 1181 1248
f 1181 1249 1248
f 1181 1182 1249
f 1250 1182 1183
f 1250 1249 1182
f 1251 1183 1184
f 1251 1250 1183
f 1253 1251 1252
f 1251 1185 1252
f 1251 1184 1185
f 1186 1254 1185
f 1185 1254 1252
f 1187 1255 1186
f 1186 1255 1254
f 1188 1256 1187
f 1187 1256 1255
f 1190 1256 1188
f 1258 1257 1192
f 1192 1257 1191
f 1259 1192 1193
f 1259 1258 1192
f 1193 1178 1245
f 1260 1193 1245
f 1259 1193 1260
f 1260 1245 1246
f 1260 1246 1261
f 1261 1246 1247
f 1261 1247 1262
f 1262 1247 1248
f 1263 1253 1252
f 1263 1252 1254
f 1263 1254 1264
f 1264 1254 1255
f 1264 1255 1265
f 1265 1255 1256
f 1265 1256 1266
f 1268 1266 1267
f 1267 1266 1194
f 1266 1256 1194
f 1256 1190 1194
f 1195 1269 1194
f 1194 1269 1267
f 1196 1269 1195
f 1257 1197 1191
f 1270 1197 1257
f 1271 1268 1267
f 1273 1272 1271
f 1267 1273 1271
f 1269 1273 1267
f 1198 1273 1196
f 1196 1273 1269
f 1270 1199 1197
f 1274 1199 1270
f 1275 1272 1273
f 1273 1198 1275
f 1198 1276 1275
f 1198 1200 1276
f 1274 1201 1199
f 1277 1201 1274
f 1202 1276 1200
f 1202 1278 1276
f 1277 1203 1201
f 1279 1203 1277
f 1204 1278 1202
f 1204 1280 1278
f 1279 1205 1203
f 1281 1205 1279
f 1206 1280 1204
f 1206 1282 1280
f 1281 1207 1205
f 1283 1207 1281
f 1208 1282 1206
f 1208 1284 1282
f 1283 1209 1207
f 1285 1209 1283
f 1210 1284 1208
f 1210 1286 1284
f 1288 1211 1287
f 1211 1285 1287
f 1211 1209 1285
f 1290 1289 1288
f 1290 1288 1287
f 1291 1289 1290
f 1212 1286 1210
f 1212 1292 1286
f 1293 1213 1288
f 1288 1213 1211
f 1294 1288 1289
f 1293 1288 1294
f 1289 1291 1295
f 1289 1295 1294
f 1298 1297 1296
f 1297 1292 1296
f 1292 1214 1296
f 1292 1212 1214
f 1293 1215 1213
f 1215 1293 1216
f 1216 1293 1294
f 1300 1299 1217
f 1300 1217 1216
f 1295 1300 1216
f 1294 1295 1216
f 1302 1301 1299
f 1302 1299 1300
f 1304 1303 1301
f 1304 1301 1302
f 1306 1305 1303
f 1306 1303 1304
f 1308 1307 1305
f 1308 1305 1306
f 1310 1309 1307
f 1310 1307 1308
f 1312 1311 1309
f 1312 1309 1310
f 1314 1313 1311
f 1314 1311 1312
f 1316 1315 1313
f 1316 1313 1314
f 1318 1317 1315
f 1318 1315 1316
f 1219 1220 1317
f 1318 1219 1317
f 1319 1219 1318
f 1296 1221 1298
f 1221 1319 1298
f 1221 1219 1319
f 1221 1296 1214
f 1299 1222 1217
f 1222 1299 1224
f 1224 1299 1301
f 1224 1301 1226
f 1226 1301 1303
f 1226 1303 1228
f 1228 1303 1305
f 1228 1305 1230
f 1230 1305 1307
f 1230 1307 1232
f 1232 1307 1309
f 1232 1309 1234
f 1234 1309 1311
f 1234 1311 1236
f 1236 1311 1313
f 1236 1313 1238
f 1238 1313 1315
f 1238 1315 1240
f 1240 1315 1317
f 1240 1317 1220
f 1320 1248 1249
f 1250 1321 1249
f 1249 1321 1320
f 1251 1322 1250
f 1250 1322 1321
f 1253 1322 1251
f 1323 1257 1258
f 1259 1324 1258
f 1258 1324 1323
f 1260 1325 1259
f 1259 1325 1324
f 1325 1260 1326
f 1260 1327 1326
f 1260 1261 1327
f 1328 1261 1262
f 1328 1327 1261
f 1262 1248 1320
f 1329 1262 1320
f 1328 1262 1329
f 1329 1320 1321
f 1329 1321 1330
f 1330 1321 1322
f 1330 1322 1331
f 1331 1322 1253
f 1263 1331 1253
f 1332 1331 1263
f 1334 1332 1333
f 1332 1264 1333
f 1332 1263 1264
f 1265 1335 1264
f 1264 1335 1333
f 1266 1336 1265
f 1265 1336 1335
f 1268 1336 1266
f 1338 1337 1323
f 1337 1257 1323
f 1337 1270 1257
f 1338 1323 1324
f 1338 1324 1339
f 1339 1324 1325
f 1339 1325 1340
f 1340 1325 1326
f 1341 1334 1333
f 1341 1333 1335
f 1341 1335 1342
f 1342 1335 1336
f 1342 1336 1343
f 1345 1343 1344
f 1344 1343 1271
f 1343 1336 1271
f 1336 1268 1271
f 1272 1344 1271
f 1337 1274 1270
f 1346 1274 1337
f 1347 1345 1344
f 1347 1344 1272
f 1275 1347 1272
f 1348 1347 1275
f 1275 1276 1348
f 1348 1276 1349
f 1346 1277 1274
f 1350 1277 1346
f 1278 1349 1276
f 1278 1351 1349
f 1350 1279 1277
f 1352 1279 1350
f 1280 1351 1278
f 1280 1353 1351
f 1352 1281 1279
f 1354 1281 1352
f 1282 1353 1280
f 1282 1355 1353
f 1354 1283 1281
f 1356 1283 1354
f 1284 1355 1282
f 1284 1357 1355
f 1359 1285 1358
f 1285 1356 1358
f 1285 1283 1356
f 1360 1359 1358
f 1286 1357 1284
f 1286 1361 1357
f 1359 1287 1285
f 1360 1362 1359
f 1362 1287 1359
f 1362 1290 1287
f 1364 1363 1291
f 1290 1364 1291
f 1362 1364 1290
f 1366 1365 1363
f 1366 1363 1364
f 1368 1367 1365
f 1368 1365 1366
f 1369 1367 1368
f 1372 1371 1370
f 1374 1373 1370
f 1374 1370 1371
f 1376 1375 1373
f 1376 1373 1374
f 1378 1377 1375
f 1378 1375 1376
f 1378 1361 1377
f 1361 1292 1377
f 1361 1286 1292
f 1379 1295 1363
f 1363 1295 1291
f 1380 1363 1365
f 1379 1363 1380
f 1381 1365 1367
f 1380 1365 1381
f 1367 1369 1382
f 1383 1367 1382
f 1381 1367 1383
f 1385 1384 1383
f 1385 1383 1382
f 1387 1386 1384
f 1387 1384 1385
f 1389 1388 1386
f 1389 1386 1387
f 1391 1390 1388
f 1391 1388 1389
f 1390 1391 1372
f 1370 1390 1372
f 1392 1390 1370
f 1393 1370 1373
f 1392 1370 1393
f 1394 1373 1375
f 1393 1373 1394
f 1298 1394 1297
f 1394 1377 1297
f 1394 1375 1377
f 1297 1377 1292
f 1379 1300 1295
f 1300 1379 1302
f 1302 1379 1380
f 1302 1380 1304
f 1304 1380 1381
f 1304 1381 1306
f 1306 1381 1383
f 1306 1383 1308
f 1308 1383 1384
f 1308 1384 1310
f 1310 1384 1386
f 1310 1386 1312
f 1312 1386 1388
f 1312 1388 1314
f 1314 1388 1390
f 1314 1390 1316
f 1316 1390 1392
f 1316 1392 1318
f 1318 1392 1393
f 1318 1393 1319
f 1319 1393 1394
f 1319 1394 1298
f 1395 1326 1327
f 1328 1396 1327
f 1327 1396 1395
f 1329 1397 1328
f 1328 1397 1396
f 1330 1398 1329
f 1329 1398 1397
f 1331 1399 1330
f 1330 1399 1398
f 1332 1400 1331
f 1331 1400 1399
f 1334 1400 1332
f 1401 1337 1338
f 1339 1402 1338
f 1338 1402 1401
f 1340 1403 1339
f 1339 1403 1402
f 1326 1395 1340
f 1395 1403 1340
f 1395 1404 1403
f 1396 1406 1405
f 1404 1396 1405
f 1395 1396 1404
f 1406 1396 1397
f 1406 1397 1407
f 1407 1397 1398
f 1407 1398 1408
f 1410 1409 1408
f 1398 1410 1408
f 1399 1410 1398
f 1411 1399 1400
f 1410 1399 1411
f 1341 1412 1334
f 1412 1400 1334
f 1412 1411 1400
f 1342 1413 1341
f 1341 1413 1412
f 1343 1414 1342
f 1342 1414 1413
f 1345 1414 1343
f 1416 1415 1401
f 1415 1337 1401
f 1415 1346 1337
f 1416 1401 1402
f 1416 1402 1417
f 1417 1402 1403
f 1417 1403 1418
f 1418 1403 1404
f 1418 1404 1419
f 1419 1404 1405
f 1420 1409 1410
f 1420 1410 1411
f 1420 1411 1421
f 1421 1411 1412
f 1421 1412 1422
f 1422 1412 1413
f 1422 1413 1423
f 1423 1413 1414
f 1423 1414 1424
f 1424 1414 1345
f 1347 1424 1345
f 1425 1424 1347
f 1426 1347 1348
f 1426 1425 1347
f 1348 1349 1426
f 1426 1349 1427
f 1415 1350 1346
f 1428 1350 1415
f 1351 1427 1349
f 1351 1429 1427
f 1428 1352 1350
f 1430 1352 1428
f 1353 1429 1351
f 1353 1431 1429
f 1430 1354 1352
f 1432 1354 1430
f 1355 1431 1353
f 1355 1433 1431
f 1435 1356 1434
f 1356 1432 1434
f 1356 1354 1432
f 1437 1436 1435
f 1437 1435 1434
f 1439 1438 1436
f 1439 1436 1437
f 1441 1440 1438
f 1441 1438 1439
f 1443 1442 1440
f 1443 1440 1441
f 1444 1442 1443
f 1447 1446 1445
f 1449 1448 1445
f 1449 1445 1446
f 1451 1450 1448
f 1451 1448 1449
f 1453 1452 1450
f 1453 1450 1451
f 1455 1454 1452
f 1455 1452 1453
f 1457 1456 1454
f 1457 1454 1455
f 1457 1433 1456
f 1433 1357 1456
f 1433 1355 1357
f 1435 1358 1356
f 1358 1435 1360
f 1435 1458 1360
f 1435 1436 1458
f 1459 1436 1438
f 1458 1436 1459
f 1460 1438 1440
f 1459 1438 1460
f 1461 1440 1442
f 1460 1440 1461
f 1442 1444 1462
f 1463 1442 1462
f 1461 1442 1463
f 1465 1464 1463
f 1465 1463 1462
f 1467 1466 1464
f 1467 1464 1465
f 1466 1467 1447
f 1445 1466 1447
f 1468 1466 1445
f 1469 1445 1448
f 1468 1445 1469
f 1470 1448 1450
f 1469 1448 1470
f 1471 1450 1452
f 1470 1450 1471
f 1472 1452 1454
f 1471 1452 1472
f 1473 1454 1456
f 1472 1454 1473
f 1361 1473 1357
f 1357 1473 1456
f 1458 1362 1360
f 1362 1458 1364
f 1364 1458 1459
f 1364 1459 1366
f 1366 1459 1460
f 1366 1460 1368
f 1368 1460 1461
f 1368 1461 1369
f 1461 1474 1369
f 1461 1463 1474
f 1475 1463 1464
f 1474 1463 1475
f 1476 1464 1466
f 1475 1464 1476
f 1477 1466 1468
f 1476 1466 1477
f 1478 1468 1469
f 1477 1468 1478
f 1372 1478 1371
f 1478 1470 1371
f 1478 1469 1470
f 1371 1470 1374
f 1374 1470 1471
f 1374 1471 1376
f 1376 1471 1472
f 1376 1472 1378
f 1378 1472 1473
f 1378 1473 1361
f 1474 1382 1369
f 1382 1474 1385
f 1385 1474 1475
f 1385 1475 1387
f 1387 1475 1476
f 1387 1476 1389
f 1389 1476 1477
f 1389 1477 1391
f 1391 1477 1478
f 1391 1478 1372
f 1479 1405 1406
f 1407 1480 1406
f 1406 1480 1479
f 1408 1481 1407
f 1407 1481 1480
f 1409 1481 1408
f 1482 1415 1416
f 1417 1483 1416
f 1416 1483 1482
f 1418 1484 1417
f 1417 1484 1483
f 1419 1485 1418
f 1418 1485 1484
f 1405 1479 1419
f 1479 1485 1419
f 1479 1486 1485
f 1487 1479 1480
f 1486 1479 1487
f 1488 1480 1481
f 1487 1480 1488
f 1420 1489 1409
f 1489 1481 1409
f 1489 1488 1481
f 1421 1490 1420
f 1420 1490 1489
f 1422 1491 1421
f 1421 1491 1490
f 1423 1492 1422
f 1422 1492 1491
f 1424 1493 1423
f 1423 1493 1492
f 1425 1494 1424
f 1424 1494 1493
f 1426 1495 1425
f 1425 1495 1494
f 1427 1495 1426
f 1497 1496 1482
f 1496 1415 1482
f 1496 1428 1415
f 1497 1482 1483
f 1497 1483 1498
f 1498 1483 1484
f 1498 1484 1499
f 1499 1484 1485
f 1499 1485 1500
f 1500 1485 1486
f 1500 1486 1501
f 1501 1486 1487
f 1501 1487 1502
f 1502 1487 1488
f 1502 1488 1503
f 1503 1488 1489
f 1503 1489 1504
f 1504 1489 1490
f 1504 1490 1505
f 1505 1490 1491
f 1505 1491 1506
f 1506 1491 1492
f 1506 1492 1507
f 1507 1492 1493
f 1507 1493 1508
f 1508 1493 1494
f 1508 1494 1509
f 1509 1494 1495
f 1509 1495 1510
f 1495 1427 1510
f 1427 1511 1510
f 1427 1429 1511
f 1496 1430 1428
f 1512 1430 1496
f 1431 1511 1429
f 1431 1513 1511
f 1515 1432 1514
f 1432 1512 1514
f 1432 1430 1512
f 1517 1516 1515
f 1517 1515 1514
f 1519 1518 1516
f 1519 1516 1517
f 1521 1520 1518
f 1521 1518 1519
f 1523 1522 1520
f 1523 1520 1521
f 1525 1524 1522
f 1525 1522 1523
f 1527 1526 1524
f 1527 1524 1525
f 1529 1528 1526
f 1529 1526 1527
f 1531 1530 1528
f 1531 1528 1529
f 1533 1532 1530
f 1533 1530 1531
f 1535 1534 1532
f 1535 1532 1533
f 1537 1536 1534
f 1537 1534 1535
f 1539 1538 1536
f 1539 1536 1537
f 1541 1540 1538
f 1541 1538 1539
f 1541 1513 1540
f 1513 1433 1540
f 1513 1431 1433
f 1515 1434 1432
f 1434 1515 1437
f 1437 1515 1516
f 1437 1516 1439
f 1439 1516 1518
f 1439 1518 1441
f 1441 1518 1520
f 1441 1520 1443
f 1443 1520 1522
f 1443 1522 1444
f 1522 1542 1444
f 1522 1524 1542
f 1543 1524 1526
f 1542 1524 1543
f 1544 1526 1528
f 1543 1526 1544
f 1447 1544 1446
f 1544 1530 1446
f 1544 1528 1530
f 1446 1530 1449
f 1449 1530 1532
f 1449 1532 1451
f 1451 1532 1534
f 1451 1534 1453
f 1453 1534 1536
f 1453 1536 1455
f 1455 1536 1538
f 1455 1538 1457
f 1457 1538 1540
f 1457 1540 1433
f 1542 1462 1444
f 1462 1542 1465
f 1465 1542 1543
f 1465 1543 1467
f 1467 1543 1544
f 1467 1544 1447
f 1545 1496 1497
f 1498 1546 1497
f 1497 1546 1545
f 1499 1547 1498
f 1498 1547 1546
f 1500 1548 1499
f 1499 1548 1547
f 1501 1549 1500
f 1500 1549 1548
f 1502 1550 1501
f 1501 1550 1549
f 1503 1551 1502
f 1502 1551 1550
f 1504 1552 1503
f 1503 1552 1551
f 1505 1553 1504
f 1504 1553 1552
f 1506 1554 1505
f 1505 1554 1553
f 1507 1555 1506
f 1506 1555 1554
f 1508 1556 1507
f 1507 1556 1555
f 1509 1557 1508
f 1508 1557 1556
f 1510 1558 1509
f 1509 1558 1557
f 1511 1558 1510
f 1559 1512 1545
f 1545 1512 1496
f 1560 1545 1546
f 1559 1545 1560
f 1561 1546 1547
f 1560 1546 1561
f 1562 1547 1548
f 1561 1547 1562
f 1563 1548 1549
f 1562 1548 1563
f 1564 1549 1550
f 1563 1549 1564
f 1565 1550 1551
f 1564 1550 1565
f 1566 1551 1552
f 1565 1551 1566
f 1567 1552 1553
f 1566 1552 1567
f 1568 1553 1554
f 1567 1553 1568
f 1569 1554 1555
f 1568 1554 1569
f 1570 1555 1556
f 1569 1555 1570
f 1571 1556 1557
f 1570 1556 1571
f 1572 1557 1558
f 1571 1557 1572
f 1513 1572 1511
f 1511 1572 1558
f 1559 1514 1512
f 1514 1559 1517
f 1517 1559 1560
f 1517 1560 1519
f 1519 1560 1561
f 1519 1561 1521
f 1521 1561 1562
f 1521 1562 1523
f 1523 1562 1563
f 1523 1563 1525
f 1525 1563 1564
f 1525 1564 1527
f 1527 1564 1565
f 1527 1565 1529
f 1529 1565 1566
f 1529 1566 1531
f 1531 1566 1567
f 1531 1567 1533
f 1533 1567 1568
f 1533 1568 1535
f 1535 1568 1569
f 1535 1569 1537
f 1537 1569 1570
f 1537 1570 1539
f 1539 1570 1571
f 1539 1571 1541
f 1541 1571 1572
f 1541 1572 1513
