2451545.000000,9.9535095020e-01,9.9535095020e-01,1.0233775230e+00,1.0921338740e+00,1.0175723244e+00,1.0175723244e+00,1.0233775230e+00,1.0921338740e+00,1.0376012247e+00,1.0376012247e+00,1.0233775230e+00,1.0921338740e+00,1.0664267928e+00,1.0664267928e+00,1.0233775230e+00,1.0921338740e+00,8.7380482902e-01,8.7380482902e-01,1.0233775230e+00,1.0921338740e+00,1.0014845253e+00,1.0014845253e+00,1.0233775230e+00,1.0921338740e+00,9.7073062521e-01,9.7073062521e-01,1.0233775230e+00,1.0921338740e+00
2451545.000667,9.9525892817e-01,9.9525892817e-01,1.0235958708e+00,1.0947111714e+00,1.0150068147e+00,1.0150068147e+00,1.0235958708e+00,1.0947111714e+00,1.0356512776e+00,1.0356512776e+00,1.0235958708e+00,1.0947111714e+00,1.0732056348e+00,1.0732056348e+00,1.0235958708e+00,1.0947111714e+00,8.5943174832e-01,8.5943174832e-01,1.0235958708e+00,1.0947111714e+00,9.9987506009e-01,9.9987506009e-01,1.0235958708e+00,1.0947111714e+00,9.7299422279e-01,9.7299422279e-01,1.0235958708e+00,1.0947111714e+00
2451545.001334,9.9516854543e-01,9.9516854543e-01,1.0224935340e+00,1.0966308740e+00,1.0123174338e+00,1.0123174338e+00,1.0224935340e+00,1.0966308740e+00,1.0339831180e+00,1.0339831180e+00,1.0224935340e+00,1.0966308740e+00,1.0843851590e+00,1.0843851590e+00,1.0224935340e+00,1.0966308740e+00,8.4419683195e-01,8.4419683195e-01,1.0224935340e+00,1.0966308740e+00,9.9835358441e-01,9.9835358441e-01,1.0224935340e+00,1.0966308740e+00,9.7580943208e-01,9.7580943208e-01,1.0224935340e+00,1.0966308740e+00
2451545.002001,9.9507983970e-01,9.9507983970e-01,1.0203882156e+00,1.0985078787e+00,1.0095038540e+00,1.0095038540e+00,1.0203882156e+00,1.0985078787e+00,1.0325538804e+00,1.0325538804e+00,1.0203882156e+00,1.0985078787e+00,1.0942790858e+00,1.0942790858e+00,1.0203882156e+00,1.0985078787e+00,8.2808236487e-01,8.2808236487e-01,1.0203882156e+00,1.0985078787e+00,9.9696303712e-01,9.9696303712e-01,1.0203882156e+00,1.0985078787e+00,9.7855624574e-01,9.7855624574e-01,1.0203882156e+00,1.0985078787e+00
2451545.002668,9.9499283615e-01,9.9499283615e-01,1.0169536408e+00,1.1004997261e+00,1.0084241298e+00,1.0084241298e+00,1.0169536408e+00,1.1004997261e+00,1.0306406305e+00,1.0306406305e+00,1.0169536408e+00,1.1004997261e+00,1.1025413429e+00,1.1025413429e+00,1.0169536408e+00,1.1004997261e+00,8.2765676154e-01,8.2765676154e-01,1.0169536408e+00,1.1004997261e+00,9.9499934566e-01,9.9499934566e-01,1.0169536408e+00,1.1004997261e+00,9.8119329004e-01,9.8119329004e-01,1.0169536408e+00,1.1004997261e+00
2451545.003334,9.9490769827e-01,9.9490769827e-01,1.0104451312e+00,1.1019135627e+00,1.0073966466e+00,1.0073966466e+00,1.0104451312e+00,1.1019135627e+00,1.0307084812e+00,1.0307084812e+00,1.0104451312e+00,1.1019135627e+00,1.1091693218e+00,1.1091693218e+00,1.0104451312e+00,1.1019135627e+00,8.2711379621e-01,8.2711379621e-01,1.0104451312e+00,1.1019135627e+00,9.9498659695e-01,9.9498659695e-01,1.0104451312e+00,1.1019135627e+00,9.8371570502e-01,9.8371570502e-01,1.0104451312e+00,1.1019135627e+00
2451545.004001,9.9482419129e-01,9.9482419129e-01,1.0051136892e+00,1.1074626680e+00,1.0062415596e+00,1.0062415596e+00,1.0051136892e+00,1.1074626680e+00,1.0319369775e+00,1.0319369775e+00,1.0051136892e+00,1.1074626680e+00,1.1141808476e+00,1.1141808476e+00,1.0051136892e+00,1.1074626680e+00,8.2485823141e-01,8.2485823141e-01,1.0051136892e+00,1.1074626680e+00,9.9633412714e-01,9.9633412714e-01,1.0051136892e+00,1.1074626680e+00,9.8612994687e-01,9.8612994687e-01,1.0051136892e+00,1.1074626680e+00
2451545.004668,9.9474248291e-01,9.9474248291e-01,1.0012870703e+00,1.1130102234e+00,1.0049578289e+00,1.0049578289e+00,1.0012870703e+00,1.1130102234e+00,1.0325306909e+00,1.0325306909e+00,1.0012870703e+00,1.1130102234e+00,1.1175524433e+00,1.1175524433e+00,1.0012870703e+00,1.1130102234e+00,8.2088165251e-01,8.2088165251e-01,1.0012870703e+00,1.1130102234e+00,9.9727330773e-01,9.9727330773e-01,1.0012870703e+00,1.1130102234e+00,9.8843102737e-01,9.8843102737e-01,1.0012870703e+00,1.1130102234e+00
2451545.005335,9.9466259410e-01,9.9466259410e-01,9.9462863171e-01,1.1162045875e+00,1.0035427904e+00,1.0035427904e+00,9.9462863171e-01,1.1162045875e+00,1.0324904801e+00,1.0324904801e+00,9.9462863171e-01,1.1162045875e+00,1.1192571534e+00,1.1192571534e+00,9.9462863171e-01,1.1162045875e+00,8.1517033037e-01,8.1517033037e-01,9.9462863171e-01,1.1162045875e+00,9.9780859687e-01,9.9780859687e-01,9.9462863171e-01,1.1162045875e+00,9.9061794888e-01,9.9061794888e-01,9.9462863171e-01,1.1162045875e+00
2451545.006002,9.9458455419e-01,9.9458455419e-01,9.9315981037e-01,1.1239384946e+00,1.0019935521e+00,1.0019935521e+00,9.9315981037e-01,1.1239384946e+00,1.0318143934e+00,1.0318143934e+00,9.9315981037e-01,1.1239384946e+00,1.1192506319e+00,1.1192506319e+00,9.9315981037e-01,1.1239384946e+00,8.0770610710e-01,8.0770610710e-01,9.9315981037e-01,1.1239384946e+00,9.9794359235e-01,9.9794359235e-01,9.9315981037e-01,1.1239384946e+00,9.9268974225e-01,9.9268974225e-01,9.9315981037e-01,1.1239384946e+00
2451545.006669,9.9450839254e-01,9.9450839254e-01,9.9126668364e-01,1.1285042298e+00,1.0003068802e+00,1.0003068802e+00,9.9126668364e-01,1.1285042298e+00,1.0304975115e+00,1.0304975115e+00,9.9126668364e-01,1.1285042298e+00,1.1174594038e+00,1.1174594038e+00,9.9126668364e-01,1.1285042298e+00,7.9846329591e-01,7.9846329591e-01,9.9126668364e-01,1.1285042298e+00,9.9768071876e-01,9.9768071876e-01,9.9126668364e-01,1.1285042298e+00,9.9464555236e-01,9.9464555236e-01,9.9126668364e-01,1.1285042298e+00
2451545.007336,9.9443413430e-01,9.9443413430e-01,9.8852985546e-01,1.1308316164e+00,9.9847907046e-01,9.9847907046e-01,9.8852985546e-01,1.1308316164e+00,1.0285303090e+00,1.0285303090e+00,9.8852985546e-01,1.1308316164e+00,1.1137673870e+00,1.1137673870e+00,9.8852985546e-01,1.1308316164e+00,7.8741133841e-01,7.8741133841e-01,9.8852985546e-01,1.1308316164e+00,9.9702185323e-01,9.9702185323e-01,9.8852985546e-01,1.1308316164e+00,9.9648459535e-01,9.9648459535e-01,9.8852985546e-01,1.1308316164e+00
2451545.008003,9.9436180463e-01,9.9436180463e-01,9.8668021127e-01,1.1332201439e+00,9.9683943963e-01,9.9683943963e-01,9.8668021127e-01,1.1332201439e+00,1.0258974823e+00,1.0258974823e+00,9.8668021127e-01,1.1332201439e+00,1.1079815462e+00,1.1079815462e+00,9.8668021127e-01,1.1332201439e+00,7.7759633211e-01,7.7759633211e-01,9.8668021127e-01,1.1332201439e+00,9.9596785609e-01,9.9596785609e-01,9.8668021127e-01,1.1332201439e+00,9.9820615861e-01,9.9820615861e-01,9.8668021127e-01,1.1332201439e+00
2451545.008670,9.9429142448e-01,9.9429142448e-01,9.8593274804e-01,1.1354643044e+00,9.9615255609e-01,9.9615255609e-01,9.8593274804e-01,1.1354643044e+00,1.0225734995e+00,1.0225734995e+00,9.8593274804e-01,1.1354643044e+00,1.0997636351e+00,1.0997636351e+00,9.8593274804e-01,1.1354643044e+00,7.7637311004e-01,7.7637311004e-01,9.8593274804e-01,1.1354643044e+00,9.9451888377e-01,9.9451888377e-01,9.8593274804e-01,1.1354643044e+00,9.9980962930e-01,9.9980962930e-01,9.8593274804e-01,1.1354643044e+00
2451545.009337,9.9422302741e-01,9.9422302741e-01,9.8476534327e-01,1.1362267456e+00,9.9607777746e-01,9.9607777746e-01,9.8476534327e-01,1.1362267456e+00,1.0185156514e+00,1.0185156514e+00,9.8476534327e-01,1.1362267456e+00,1.0884567249e+00,1.0884567249e+00,9.8476534327e-01,1.1362267456e+00,7.8135501627e-01,7.8135501627e-01,9.8476534327e-01,1.1362267456e+00,9.9267423235e-01,9.9267423235e-01,9.8476534327e-01,1.1362267456e+00,1.0012944801e+00,1.0012944801e+00,9.8476534327e-01,1.1362267456e+00
2451545.010003,9.9415673081e-01,9.9415673081e-01,9.8318142568e-01,1.1357104957e+00,9.9580417800e-01,9.9580417800e-01,9.8318142568e-01,1.1357104957e+00,1.0136535888e+00,1.0136535888e+00,9.8318142568e-01,1.1357104957e+00,1.0754707558e+00,1.0754707558e+00,9.8318142568e-01,1.1357104957e+00,7.8534222418e-01,7.8534222418e-01,9.8318142568e-01,1.1357104957e+00,9.9043609179e-01,9.9043609179e-01,9.8318142568e-01,1.1357104957e+00,1.0029243741e+00,1.0029243741e+00,9.8318142568e-01,1.1357104957e+00
2451545.010670,9.9409235438e-01,9.9409235438e-01,9.8117554048e-01,1.1340429511e+00,9.9531577338e-01,9.9531577338e-01,9.8117554048e-01,1.1340429511e+00,1.0078118679e+00,1.0078118679e+00,9.8117554048e-01,1.1340429511e+00,1.0665954813e+00,1.0665954813e+00,9.8117554048e-01,1.1340429511e+00,7.8833827678e-01,7.8833827678e-01,9.8117554048e-01,1.1340429511e+00,9.8779570224e-01,9.8779570224e-01,9.8117554048e-01,1.1340429511e+00,1.0049016478e+00,1.0049016478e+00,9.8117554048e-01,1.1340429511e+00
2451545.011337,9.9403002391e-01,9.9403002391e-01,9.7946055188e-01,1.1320146051e+00,9.9458902880e-01,9.9458902880e-01,9.7946055188e-01,1.1320146051e+00,1.0005914265e+00,1.0005914265e+00,9.7946055188e-01,1.1320146051e+00,1.0571589263e+00,1.0571589263e+00,9.7946055188e-01,1.1320146051e+00,7.9032501616e-01,7.9032501616e-01,9.7946055188e-01,1.1320146051e+00,9.8475306372e-01,9.8475306372e-01,9.7946055188e-01,1.1320146051e+00,1.0066614636e+00,1.0066614636e+00,9.7946055188e-01,1.1320146051e+00
2451545.012004,9.9396976456e-01,9.9396976456e-01,9.7768563842e-01,1.1293299041e+00,9.9367490313e-01,9.9367490313e-01,9.7768563842e-01,1.1293299041e+00,9.9471293034e-01,9.9471293034e-01,9.7768563842e-01,1.1293299041e+00,1.0482380016e+00,1.0482380016e+00,9.7768563842e-01,1.1293299041e+00,7.9212619072e-01,7.9212619072e-01,9.7768563842e-01,1.1293299041e+00,9.8354881958e-01,9.8354881958e-01,9.7768563842e-01,1.1293299041e+00,1.0084182152e+00,1.0084182152e+00,9.7768563842e-01,1.1293299041e+00
2451545.012671,9.9391159309e-01,9.9391159309e-01,9.7547192540e-01,1.1256285892e+00,9.9481373510e-01,9.9481373510e-01,9.7547192540e-01,1.1256285892e+00,9.9044216060e-01,9.9044216060e-01,9.7547192540e-01,1.1256285892e+00,1.0447203252e+00,1.0447203252e+00,9.7547192540e-01,1.1256285892e+00,8.1397412371e-01,8.1397412371e-01,9.7547192540e-01,1.1256285892e+00,9.8320069393e-01,9.8320069393e-01,9.7547192540e-01,1.1256285892e+00,1.0107098894e+00,1.0107098894e+00,9.7547192540e-01,1.1256285892e+00
2451545.013338,9.9385553047e-01,9.9385553047e-01,9.7281364632e-01,1.1208939995e+00,9.9596944888e-01,9.9596944888e-01,9.7281364632e-01,1.1208939995e+00,9.8559868078e-01,9.8559868078e-01,9.7281364632e-01,1.1208939995e+00,1.0399909613e+00,1.0399909613e+00,9.7281364632e-01,1.1208939995e+00,8.3715998351e-01,8.3715998351e-01,9.7281364632e-01,1.1208939995e+00,9.8195038239e-01,9.8195038239e-01,9.7281364632e-01,1.1208939995e+00,1.0128001249e+00,1.0128001249e+00,9.7281364632e-01,1.1208939995e+00
2451545.014005,9.9380159765e-01,9.9380159765e-01,9.6970378785e-01,1.1150813449e+00,9.9743115814e-01,9.9743115814e-01,9.6970378785e-01,1.1150813449e+00,9.8017319947e-01,9.8017319947e-01,9.6970378785e-01,1.1150813449e+00,1.0340281715e+00,1.0340281715e+00,9.6970378785e-01,1.1150813449e+00,8.5993751212e-01,8.5993751212e-01,9.6970378785e-01,1.1150813449e+00,9.7998199815e-01,9.7998199815e-01,9.6970378785e-01,1.1150813449e+00,1.0147044993e+00,1.0147044993e+00,9.6970378785e-01,1.1150813449e+00
2451545.014672,9.9374980723e-01,9.9374980723e-01,9.6613424574e-01,1.1081143734e+00,9.9877700254e-01,9.9877700254e-01,9.6613424574e-01,1.1081143734e+00,9.7415494174e-01,9.7415494174e-01,9.6613424574e-01,1.1081143734e+00,1.0326960543e+00,1.0326960543e+00,9.6613424574e-01,1.1081143734e+00,8.7890542588e-01,8.7890542588e-01,9.6613424574e-01,1.1081143734e+00,9.7737758655e-01,9.7737758655e-01,9.6613424574e-01,1.1081143734e+00,1.0170796193e+00,1.0170796193e+00,9.6613424574e-01,1.1081143734e+00
2451545.015339,9.9370018434e-01,9.9370018434e-01,9.6450887169e-01,1.1024422888e+00,1.0000065120e+00,1.0000065120e+00,9.6450887169e-01,1.1024422888e+00,9.6753172728e-01,9.6753172728e-01,9.6450887169e-01,1.1024422888e+00,1.0364037226e+00,1.0364037226e+00,9.6450887169e-01,1.1024422888e+00,8.9483831401e-01,8.9483831401e-01,9.6450887169e-01,1.1024422888e+00,9.7417750544e-01,9.7417750544e-01,9.6450887169e-01,1.1024422888e+00,1.0199065438e+00,1.0199065438e+00,9.6450887169e-01,1.1024422888e+00
2451545.016006,9.9365274158e-01,9.9365274158e-01,9.6488985039e-01,1.0992228949e+00,1.0011191735e+00,1.0011191735e+00,9.6488985039e-01,1.0992228949e+00,9.6028942376e-01,9.6028942376e-01,9.6488985039e-01,1.0992228949e+00,1.0394309851e+00,1.0394309851e+00,9.6488985039e-01,1.0992228949e+00,9.0811439215e-01,9.0811439215e-01,9.6488985039e-01,1.0992228949e+00,9.7040255946e-01,9.7040255946e-01,9.6488985039e-01,1.0992228949e+00,1.0225388279e+00,1.0225388279e+00,9.6488985039e-01,1.0992228949e+00
2451545.016672,9.9360756698e-01,9.9360756698e-01,9.6417246648e-01,1.0955059266e+00,1.0023447795e+00,1.0023447795e+00,9.6417246648e-01,1.0955059266e+00,9.5242428338e-01,9.5242428338e-01,9.6417246648e-01,1.0955059266e+00,1.0417756679e+00,1.0417756679e+00,9.6417246648e-01,1.0955059266e+00,9.2105964232e-01,9.2105964232e-01,9.6417246648e-01,1.0955059266e+00,9.6606940796e-01,9.6606940796e-01,9.6417246648e-01,1.0955059266e+00,1.0249776118e+00,1.0249776118e+00,9.6417246648e-01,1.0955059266e+00
2451545.017339,9.9356453057e-01,9.9356453057e-01,9.6245225686e-01,1.0912885942e+00,1.0042474960e+00,1.0042474960e+00,9.6245225686e-01,1.0912885942e+00,9.4389398729e-01,9.4389398729e-01,9.6245225686e-01,1.0912885942e+00,1.0434382059e+00,1.0434382059e+00,9.6245225686e-01,1.0912885942e+00,9.3970779999e-01,9.3970779999e-01,9.6245225686e-01,1.0912885942e+00,9.6116835255e-01,9.6116835255e-01,9.6245225686e-01,1.0912885942e+00,1.0272341403e+00,1.0272341403e+00,9.6245225686e-01,1.0912885942e+00
2451545.018006,9.9352372460e-01,9.9352372460e-01,9.5979990013e-01,1.0865815916e+00,1.0059799413e+00,1.0059799413e+00,9.5979990013e-01,1.0865815916e+00,9.3468783864e-01,9.3468783864e-01,9.5979990013e-01,1.0865815916e+00,1.0443959912e+00,1.0443959912e+00,9.5979990013e-01,1.0865815916e+00,9.5677400646e-01,9.5677400646e-01,9.5979990013e-01,1.0865815916e+00,9.5570424241e-01,9.5570424241e-01,9.5979990013e-01,1.0865815916e+00,1.0293080288e+00,1.0293080288e+00,9.5979990013e-01,1.0865815916e+00
2451545.018673,9.9348516163e-01,9.9348516163e-01,9.5626838575e-01,1.0813904981e+00,1.0075418017e+00,1.0075418017e+00,9.5626838575e-01,1.0813904981e+00,9.2654949955e-01,9.2654949955e-01,9.5626838575e-01,1.0813904981e+00,1.0445929393e+00,1.0445929393e+00,9.5626838575e-01,1.0813904981e+00,9.7233930794e-01,9.7233930794e-01,9.5626838575e-01,1.0813904981e+00,9.5139916934e-01,9.5139916934e-01,9.5626838575e-01,1.0813904981e+00,1.0312023555e+00,1.0312023555e+00,9.5626838575e-01,1.0813904981e+00
2451545.019340,9.9344885006e-01,9.9344885006e-01,9.5193945778e-01,1.0757628162e+00,1.0089263675e+00,1.0089263675e+00,9.5193945778e-01,1.0757628162e+00,9.1878312922e-01,9.1878312922e-01,9.5193945778e-01,1.0757628162e+00,1.0438355803e+00,1.0438355803e+00,9.5193945778e-01,1.0757628162e+00,9.8646570700e-01,9.8646570700e-01,9.5193945778e-01,1.0757628162e+00,9.4741930555e-01,9.4741930555e-01,9.5193945778e-01,1.0757628162e+00,1.0329199852e+00,1.0329199852e+00,9.5193945778e-01,1.0757628162e+00
2451545.020007,9.9341481084e-01,9.9341481084e-01,9.4678451750e-01,1.0696467040e+00,1.0100980228e+00,1.0100980228e+00,9.4678451750e-01,1.0696467040e+00,9.1024846069e-01,9.1024846069e-01,9.4678451750e-01,1.0696467040e+00,1.0408444032e+00,1.0408444032e+00,9.4678451750e-01,1.0696467040e+00,9.9920014844e-01,9.9920014844e-01,9.4678451750e-01,1.0696467040e+00,9.4274639718e-01,9.4274639718e-01,9.4678451750e-01,1.0696467040e+00,1.0344635687e+00,1.0344635687e+00,9.4678451750e-01,1.0696467040e+00
2451545.020674,9.9338304397e-01,9.9338304397e-01,9.4081525374e-01,1.0630385968e+00,1.0107680388e+00,1.0107680388e+00,9.4081525374e-01,1.0630385968e+00,9.0049950626e-01,9.0049950626e-01,9.4081525374e-01,1.0630385968e+00,1.0371706465e+00,1.0371706465e+00,9.4081525374e-01,1.0630385968e+00,1.0116387491e+00,1.0116387491e+00,9.4081525374e-01,1.0630385968e+00,9.3809898622e-01,9.3809898622e-01,9.4081525374e-01,1.0630385968e+00,1.0362445916e+00,1.0362445916e+00,9.4081525374e-01,1.0630385968e+00
2451545.021341,9.9335357043e-01,9.9335357043e-01,9.3403493940e-01,1.0559331476e+00,1.0117248320e+00,1.0117248320e+00,9.3403493940e-01,1.0559331476e+00,8.9092958716e-01,8.9092958716e-01,9.3403493940e-01,1.0559331476e+00,1.0355820184e+00,1.0355820184e+00,9.3403493940e-01,1.0559331476e+00,1.0248957836e+00,1.0248957836e+00,9.3403493940e-01,1.0559331476e+00,9.3234517547e-01,9.3234517547e-01,9.3403493940e-01,1.0559331476e+00,1.0376239059e+00,1.0376239059e+00,9.3403493940e-01,1.0559331476e+00
2451545.022008,9.9332639859e-01,9.9332639859e-01,9.2643921063e-01,1.0483233048e+00,1.0125299596e+00,1.0125299596e+00,9.2643921063e-01,1.0483233048e+00,8.8068764138e-01,8.8068764138e-01,9.2643921063e-01,1.0483233048e+00,1.0334303709e+00,1.0334303709e+00,9.2643921063e-01,1.0483233048e+00,1.0343445318e+00,1.0343445318e+00,9.2643921063e-01,1.0483233048e+00,9.2564264215e-01,9.2564264215e-01,9.2643921063e-01,1.0483233048e+00,1.0387720233e+00,1.0387720233e+00,9.2643921063e-01,1.0483233048e+00
2451545.022674,9.9330157038e-01,9.9330157038e-01,9.1803017142e-01,1.0402127879e+00,1.0131843331e+00,1.0131843331e+00,9.1803017142e-01,1.0402127879e+00,8.6976468984e-01,8.6976468984e-01,9.1803017142e-01,1.0402127879e+00,1.0306457068e+00,1.0306457068e+00,9.1803017142e-01,1.0402127879e+00,1.0421099104e+00,1.0421099104e+00,9.1803017142e-01,1.0402127879e+00,9.1817870619e-01,9.1817870619e-01,9.1803017142e-01,1.0402127879e+00,1.0397337950e+00,1.0397337950e+00,9.1803017142e-01,1.0402127879e+00
2451545.023341,9.9327901871e-01,9.9327901871e-01,9.0879418479e-01,1.0315963275e+00,1.0136915428e+00,1.0136915428e+00,9.0879418479e-01,1.0315963275e+00,8.5809928428e-01,8.5809928428e-01,9.0879418479e-01,1.0315963275e+00,1.0272145484e+00,1.0272145484e+00,9.0879418479e-01,1.0315963275e+00,1.0484793455e+00,1.0484793455e+00,9.0879418479e-01,1.0315963275e+00,9.0994484235e-01,9.0994484235e-01,9.0879418479e-01,1.0315963275e+00,1.0405261810e+00,1.0405261810e+00,9.0879418479e-01,1.0315963275e+00
2451545.024008,9.9325878971e-01,9.9325878971e-01,8.9926067787e-01,1.0230066793e+00,1.0140519590e+00,1.0140519590e+00,8.9926067787e-01,1.0230066793e+00,8.4567580890e-01,8.4567580890e-01,8.9926067787e-01,1.0230066793e+00,1.0231329830e+00,1.0231329830e+00,8.9926067787e-01,1.0230066793e+00,1.0535143968e+00,1.0535143968e+00,8.9926067787e-01,1.0230066793e+00,9.0094269313e-01,9.0094269313e-01,8.9926067787e-01,1.0230066793e+00,1.0411539557e+00,1.0411539557e+00,8.9926067787e-01,1.0230066793e+00
2451545.024675,9.9324089596e-01,9.9324089596e-01,8.8923218696e-01,1.0142090432e+00,1.0142668639e+00,1.0142668639e+00,8.8923218696e-01,1.0142090432e+00,8.3245951849e-01,8.3245951849e-01,8.8923218696e-01,1.0142090432e+00,1.0183923152e+00,1.0183923152e+00,8.8923218696e-01,1.0142090432e+00,1.0572398653e+00,1.0572398653e+00,8.8923218696e-01,1.0142090432e+00,8.9115544275e-01,8.9115544275e-01,8.8923218696e-01,1.0142090432e+00,1.0416211667e+00,1.0416211667e+00,8.8923218696e-01,1.0142090432e+00
2451545.025342,9.9322533745e-01,9.9322533745e-01,8.8136184805e-01,1.0076959409e+00,1.0143373829e+00,1.0143373829e+00,8.8136184805e-01,1.0076959409e+00,8.1841246664e-01,8.1841246664e-01,8.8136184805e-01,1.0076959409e+00,1.0129825454e+00,1.0129825454e+00,8.8136184805e-01,1.0076959409e+00,1.0596628371e+00,1.0596628371e+00,8.8136184805e-01,1.0076959409e+00,8.8056119158e-01,8.8056119158e-01,8.8136184805e-01,1.0076959409e+00,1.0419308640e+00,1.0419308640e+00,8.8136184805e-01,1.0076959409e+00
2451545.026009,9.9321211838e-01,9.9321211838e-01,8.7288742920e-01,1.0005591851e+00,1.0142645275e+00,1.0142645275e+00,8.7288742920e-01,1.0005591851e+00,8.0587218494e-01,8.0587218494e-01,8.7288742920e-01,1.0005591851e+00,1.0068897612e+00,1.0068897612e+00,8.7288742920e-01,1.0005591851e+00,1.0607771118e+00,1.0607771118e+00,8.7288742920e-01,1.0005591851e+00,8.7148122052e-01,8.7148122052e-01,8.7288742920e-01,1.0005591851e+00,1.0420856556e+00,1.0420856556e+00,8.7288742920e-01,1.0005591851e+00
2451545.026676,9.9320125132e-01,9.9320125132e-01,8.7006075269e-01,9.9869829866e-01,1.0140491667e+00,1.0140491667e+00,8.7006075269e-01,9.9869829866e-01,8.0369908787e-01,8.0369908787e-01,8.7006075269e-01,9.9869829866e-01,1.0000996153e+00,1.0000996153e+00,8.7006075269e-01,9.9869829866e-01,1.0605707318e+00,1.0605707318e+00,8.7006075269e-01,9.9869829866e-01,8.7260592213e-01,8.7260592213e-01,8.7006075269e-01,9.9869829866e-01,1.0420879502e+00,1.0420879502e+00,8.7006075269e-01,9.9869829866e-01
2451545.027343,9.9319273208e-01,9.9319273208e-01,8.6859933429e-01,9.9749903666e-01,1.0136919987e+00,1.0136919987e+00,8.6859933429e-01,9.9749903666e-01,8.0090869757e-01,8.0090869757e-01,8.6859933429e-01,9.9749903666e-01,9.9259428254e-01,9.9259428254e-01,8.6859933429e-01,9.9749903666e-01,1.0590228820e+00,1.0590228820e+00,8.6859933429e-01,9.9749903666e-01,8.7308466334e-01,8.7308466334e-01,8.6859933429e-01,9.9749903666e-01,1.0419399140e+00,1.0419399140e+00,8.6859933429e-01,9.9749903666e-01
2451545.028010,9.9318656486e-01,9.9318656486e-01,8.7014756191e-01,9.9851022624e-01,1.0131936644e+00,1.0131936644e+00,8.7014756191e-01,9.9851022624e-01,7.9720876401e-01,7.9720876401e-01,8.7014756191e-01,9.9851022624e-01,9.8435289411e-01,9.8435289411e-01,8.7014756191e-01,9.9851022624e-01,1.0561078756e+00,1.0561078756e+00,8.7014756191e-01,9.9851022624e-01,8.7263978832e-01,8.7263978832e-01,8.7014756191e-01,9.9851022624e-01,1.0416436707e+00,1.0416436707e+00,8.7014756191e-01,9.9851022624e-01
2451545.028677,9.9318275384e-01,9.9318275384e-01,8.7131644727e-01,9.9840987445e-01,1.0127472435e+00,1.0127472435e+00,8.7131644727e-01,9.9840987445e-01,7.9498858525e-01,7.9498858525e-01,8.7131644727e-01,9.9840987445e-01,9.7535240756e-01,9.7535240756e-01,8.7131644727e-01,9.9840987445e-01,1.0535693134e+00,1.0535693134e+00,8.7131644727e-01,9.9840987445e-01,8.7359953891e-01,8.7359953891e-01,8.7131644727e-01,9.9840987445e-01,1.0412012440e+00,1.0412012440e+00,8.7131644727e-01,9.9840987445e-01
2451545.029343,9.9318129903e-01,9.9318129903e-01,8.7211066591e-01,9.9721231726e-01,1.0127036072e+00,1.0127036072e+00,8.7211066591e-01,9.9721231726e-01,7.9513100150e-01,7.9513100150e-01,8.7211066591e-01,9.9721231726e-01,9.6578629290e-01,9.6578629290e-01,8.7211066591e-01,9.9721231726e-01,1.0550210592e+00,1.0550210592e+00,8.7211066591e-01,9.9721231726e-01,8.7652861229e-01,8.7652861229e-01,8.7211066591e-01,9.9721231726e-01,1.0406386582e+00,1.0406386582e+00,8.7211066591e-01,9.9721231726e-01
2451545.030010,9.9318219623e-01,9.9318219623e-01,8.7918047420e-01,1.0017789824e+00,1.0124927768e+00,1.0124927768e+00,8.7918047420e-01,1.0017789824e+00,7.9456219538e-01,7.9456219538e-01,8.7918047420e-01,1.0017789824e+00,9.6016696681e-01,9.6016696681e-01,8.7918047420e-01,1.0017789824e+00,1.0554271760e+00,1.0554271760e+00,8.7918047420e-01,1.0017789824e+00,8.7824859234e-01,8.7824859234e-01,8.7918047420e-01,1.0017789824e+00,1.0404494479e+00,1.0404494479e+00,8.7918047420e-01,1.0017789824e+00
2451545.030677,9.9318544964e-01,9.9318544964e-01,8.8850576367e-01,1.0086490116e+00,1.0123687346e+00,1.0123687346e+00,8.8850576367e-01,1.0086490116e+00,7.9379725459e-01,7.9379725459e-01,8.8850576367e-01,1.0086490116e+00,9.5477980475e-01,9.5477980475e-01,8.8850576367e-01,1.0086490116e+00,1.0571313608e+00,1.0571313608e+00,8.8850576367e-01,1.0086490116e+00,8.7927060040e-01,8.7927060040e-01,8.8850576367e-01,1.0086490116e+00,1.0401849582e+00,1.0401849582e+00,8.8850576367e-01,1.0086490116e+00
2451545.031344,9.9319105507e-01,9.9319105507e-01,8.9709535670e-01,1.0148798116e+00,1.0122813053e+00,1.0122813053e+00,8.9709535670e-01,1.0148798116e+00,7.9546752236e-01,7.9546752236e-01,8.9709535670e-01,1.0148798116e+00,9.4883657940e-01,9.4883657940e-01,8.9709535670e-01,1.0148798116e+00,1.0599679783e+00,1.0599679783e+00,8.9709535670e-01,1.0148798116e+00,8.8194219689e-01,8.8194219689e-01,8.9709535670e-01,1.0148798116e+00,1.0397598478e+00,1.0397598478e+00,8.9709535670e-01,1.0148798116e+00
2451545.032011,9.9319901250e-01,9.9319901250e-01,9.0497418951e-01,1.0204920727e+00,1.0120131906e+00,1.0120131906e+00,9.0497418951e-01,1.0204920727e+00,8.0096069824e-01,8.0096069824e-01,9.0497418951e-01,1.0204920727e+00,9.4232946500e-01,9.4232946500e-01,9.0497418951e-01,1.0204920727e+00,1.0619795187e+00,1.0619795187e+00,9.0497418951e-01,1.0204920727e+00,8.8791594234e-01,8.8791594234e-01,9.0497418951e-01,1.0204920727e+00,1.0391769670e+00,1.0391769670e+00,9.0497418951e-01,1.0204920727e+00
2451545.032678,9.9320932195e-01,9.9320932195e-01,9.1216454883e-01,1.0255042377e+00,1.0115663139e+00,1.0115663139e+00,9.1216454883e-01,1.0255042377e+00,8.0566144949e-01,8.0566144949e-01,9.1216454883e-01,1.0255042377e+00,9.3525194009e-01,9.3525194009e-01,9.1216454883e-01,1.0255042377e+00,1.0631619962e+00,1.0631619962e+00,9.1216454883e-01,1.0255042377e+00,8.9286290873e-01,8.9286290873e-01,9.1216454883e-01,1.0255042377e+00,1.0384389954e+00,1.0384389954e+00,9.1216454883e-01,1.0255042377e+00
2451545.033345,9.9322197084e-01,9.9322197084e-01,9.1868630574e-01,1.0299320377e+00,1.0109423846e+00,1.0109423846e+00,9.1868630574e-01,1.0299320377e+00,8.0948412337e-01,8.0948412337e-01,9.1868630574e-01,1.0299320377e+00,9.2759400510e-01,9.2759400510e-01,9.1868630574e-01,1.0299320377e+00,1.0635092106e+00,1.0635092106e+00,9.1868630574e-01,1.0299320377e+00,8.9668931880e-01,8.9668931880e-01,9.1868630574e-01,1.0299320377e+00,1.0375484840e+00,1.0375484840e+00,9.1868630574e-01,1.0299320377e+00
2451545.034012,9.9323696336e-01,9.9323696336e-01,9.2455714934e-01,1.0337892660e+00,1.0101429413e+00,1.0101429413e+00,9.2455714934e-01,1.0337892660e+00,8.1419588378e-01,8.1419588378e-01,9.2455714934e-01,1.0337892660e+00,9.1934522569e-01,9.1934522569e-01,9.2455714934e-01,1.0337892660e+00,1.0630131900e+00,1.0630131900e+00,9.2455714934e-01,1.0337892660e+00,9.0116270604e-01,9.0116270604e-01,9.2455714934e-01,1.0337892660e+00,1.0365078271e+00,1.0365078271e+00,9.2455714934e-01,1.0337892660e+00
2451545.034679,9.9325429112e-01,9.9325429112e-01,9.2979274272e-01,1.0370873140e+00,1.0091693517e+00,1.0091693517e+00,9.2979274272e-01,1.0370873140e+00,8.2486023740e-01,8.2486023740e-01,9.2979274272e-01,1.0370873140e+00,9.1049342846e-01,9.1049342846e-01,9.2979274272e-01,1.0370873140e+00,1.0616637485e+00,1.0616637485e+00,9.2979274272e-01,1.0370873140e+00,9.1178761667e-01,9.1178761667e-01,9.2979274272e-01,1.0370873140e+00,1.0353192054e+00,1.0353192054e+00,9.2979274272e-01,1.0370873140e+00
2451545.035345,9.9327391639e-01,9.9327391639e-01,9.3440064466e-01,1.0398319936e+00,1.0080246361e+00,1.0080246361e+00,9.3440064466e-01,1.0398319936e+00,8.3611166765e-01,8.3611166765e-01,9.3440064466e-01,1.0398319936e+00,9.0103817865e-01,9.0103817865e-01,9.3440064466e-01,1.0398319936e+00,1.0594529141e+00,1.0594529141e+00,9.3440064466e-01,1.0398319936e+00,9.2345674782e-01,9.2345674782e-01,9.3440064466e-01,1.0398319936e+00,1.0339868231e+00,1.0339868231e+00,9.3440064466e-01,1.0398319936e+00
2451545.036012,9.9329588949e-01,9.9329588949e-01,9.3840664857e-01,1.0420391130e+00,1.0067064009e+00,1.0067064009e+00,9.3840664857e-01,1.0420391130e+00,8.4960084445e-01,8.4960084445e-01,9.3840664857e-01,1.0420391130e+00,8.9237941668e-01,8.9237941668e-01,9.3840664857e-01,1.0420391130e+00,1.0563589860e+00,1.0563589860e+00,9.3840664857e-01,1.0420391130e+00,9.3740515952e-01,9.3740515952e-01,9.3840664857e-01,1.0420391130e+00,1.0326717713e+00,1.0326717713e+00,9.3840664857e-01,1.0420391130e+00
2451545.036679,9.9332017686e-01,9.9332017686e-01,9.4181402732e-01,1.0437095247e+00,1.0052171252e+00,1.0052171252e+00,9.4181402732e-01,1.0437095247e+00,8.6224910952e-01,8.6224910952e-01,9.4181402732e-01,1.0437095247e+00,8.8387325692e-01,8.8387325692e-01,9.4181402732e-01,1.0437095247e+00,1.0523677922e+00,1.0523677922e+00,9.4181402732e-01,1.0437095247e+00,9.5043808914e-01,9.5043808914e-01,9.4181402732e-01,1.0437095247e+00,1.0313126664e+00,1.0313126664e+00,9.4181402732e-01,1.0437095247e+00
2451545.037346,9.9334677013e-01,9.9334677013e-01,9.4463182029e-01,1.0448471033e+00,1.0035575638e+00,1.0035575638e+00,9.4463182029e-01,1.0448471033e+00,8.7409386273e-01,8.7409386273e-01,9.4463182029e-01,1.0448471033e+00,8.7459669515e-01,8.7459669515e-01,9.4463182029e-01,1.0448471033e+00,1.0474598462e+00,1.0474598462e+00,9.4463182029e-01,1.0448471033e+00,9.6259644202e-01,9.6259644202e-01,9.4463182029e-01,1.0448471033e+00,1.0298102286e+00,1.0298102286e+00,9.4463182029e-01,1.0448471033e+00
2451545.038013,9.9337565672e-01,9.9337565672e-01,9.4686766421e-01,1.0454533986e+00,1.0017283295e+00,1.0017283295e+00,9.4686766421e-01,1.0454533986e+00,8.8516805346e-01,8.8516805346e-01,9.4686766421e-01,1.0454533986e+00,8.6453016700e-01,8.6453016700e-01,9.4686766421e-01,1.0454533986e+00,1.0416121184e+00,1.0416121184e+00,9.4686766421e-01,1.0454533986e+00,9.7391596148e-01,9.7391596148e-01,9.4686766421e-01,1.0454533986e+00,1.0281654982e+00,1.0281654982e+00,9.4686766421e-01,1.0454533986e+00
2451545.038680,9.9340683244e-01,9.9340683244e-01,9.4852779312e-01,1.0455281781e+00,9.9972992078e-01,9.9972992078e-01,9.4852779312e-01,1.0455281781e+00,8.9550010250e-01,8.9550010250e-01,9.4852779312e-01,1.0455281781e+00,8.5364932568e-01,8.5364932568e-01,9.4852779312e-01,1.0455281781e+00,1.0347989221e+00,1.0347989221e+00,9.4852779312e-01,1.0455281781e+00,9.8442754160e-01,9.8442754160e-01,9.4852779312e-01,1.0455281781e+00,1.0263792876e+00,1.0263792876e+00,9.4852779312e-01,1.0455281781e+00
2451545.039347,9.9344028051e-01,9.9344028051e-01,9.4961735013e-01,1.0450693496e+00,9.9756273662e-01,9.9756273662e-01,9.4961735013e-01,1.0450693496e+00,9.0511491707e-01,9.0511491707e-01,9.4961735013e-01,1.0450693496e+00,8.4192721581e-01,8.4192721581e-01,9.4961735013e-01,1.0450693496e+00,1.0269914703e+00,1.0269914703e+00,9.4961735013e-01,1.0450693496e+00,9.9415761835e-01,9.9415761835e-01,9.4961735013e-01,1.0450693496e+00,1.0244522524e+00,1.0244522524e+00,9.4961735013e-01,1.0450693496e+00
2451545.040014,9.9347598836e-01,9.9347598836e-01,9.5013999774e-01,1.0440725735e+00,9.9522703342e-01,9.9522703342e-01,9.5013999774e-01,1.0440725735e+00,9.1403350045e-01,9.1403350045e-01,9.5013999774e-01,1.0440725735e+00,8.2933253438e-01,8.2933253438e-01,9.5013999774e-01,1.0440725735e+00,1.0181561046e+00,1.0181561046e+00,9.5013999774e-01,1.0440725735e+00,1.0031287170e+00,1.0031287170e+00,9.5013999774e-01,1.0440725735e+00,1.0223847916e+00,1.0223847916e+00,9.5013999774e-01,1.0440725735e+00
2451545.040681,9.9351394760e-01,9.9351394760e-01,9.5009846334e-01,1.0425312630e+00,9.9272298213e-01,9.9272298213e-01,9.5009846334e-01,1.0425312630e+00,9.2227318619e-01,9.2227318619e-01,9.5009846334e-01,1.0425312630e+00,8.1582963073e-01,8.1582963073e-01,9.5009846334e-01,1.0425312630e+00,1.0082556233e+00,1.0082556233e+00,9.5009846334e-01,1.0425312630e+00,1.0113592959e+00,1.0113592959e+00,9.5009846334e-01,1.0425312630e+00,1.0201770906e+00,1.0201770906e+00,9.5009846334e-01,1.0425312630e+00
2451545.041348,9.9355414566e-01,9.9355414566e-01,9.4949407169e-01,1.0404364290e+00,9.9005063975e-01,9.9005063975e-01,9.4949407169e-01,1.0404364290e+00,9.2984802854e-01,9.2984802854e-01,9.4949407169e-01,1.0404364290e+00,8.0137720226e-01,8.0137720226e-01,9.4949407169e-01,1.0404364290e+00,9.9724706759e-01,9.9724706759e-01,9.4949407169e-01,1.0404364290e+00,1.0188643719e+00,1.0188643719e+00,9.4949407169e-01,1.0404364290e+00,1.0178290781e+00,1.0178290781e+00,9.4949407169e-01,1.0404364290e+00
2451545.042014,9.9359829308e-01,9.9359829308e-01,9.4832939431e-01,1.0377913264e+00,9.8721435138e-01,9.8721435138e-01,9.4832939431e-01,1.0377913264e+00,9.3675873019e-01,9.3675873019e-01,9.4832939431e-01,1.0377913264e+00,7.8595133696e-01,7.8595133696e-01,9.4832939431e-01,1.0377913264e+00,9.8514859533e-01,9.8514859533e-01,9.4832939431e-01,1.0377913264e+00,1.0256555204e+00,1.0256555204e+00,9.4832939431e-01,1.0377913264e+00,1.0153494335e+00,1.0153494335e+00,9.4832939431e-01,1.0377913264e+00
2451545.042681,9.9364952590e-01,9.9364952590e-01,9.4660022324e-01,1.0345903755e+00,9.8420546954e-01,9.8420546954e-01,9.4660022324e-01,1.0345903755e+00,9.4303308731e-01,9.4303308731e-01,9.4660022324e-01,1.0345903755e+00,7.6945030002e-01,7.6945030002e-01,9.4660022324e-01,1.0345903755e+00,9.7194780602e-01,9.7194780602e-01,9.4660022324e-01,1.0345903755e+00,1.0317778704e+00,1.0317778704e+00,9.4660022324e-01,1.0345903755e+00,1.0127387555e+00,1.0127387555e+00,9.4660022324e-01,1.0345903755e+00
2451545.043348,9.9370309397e-01,9.9370309397e-01,9.4764497297e-01,1.0340301878e+00,9.8102788347e-01,9.8102788347e-01,9.4764497297e-01,1.0340301878e+00,9.4866360430e-01,9.4866360430e-01,9.4764497297e-01,1.0340301878e+00,7.5183409315e-01,7.5183409315e-01,9.4764497297e-01,1.0340301878e+00,9.5747817846e-01,9.5747817846e-01,9.4764497297e-01,1.0340301878e+00,1.0371981813e+00,1.0371981813e+00,9.4764497297e-01,1.0340301878e+00,1.0099863693e+00,1.0099863693e+00,9.4764497297e-01,1.0340301878e+00
2451545.044015,9.9375898469e-01,9.9375898469e-01,9.4907397429e-01,1.0335440047e+00,9.7768123700e-01,9.7768123700e-01,9.4907397429e-01,1.0335440047e+00,9.5375404826e-01,9.5375404826e-01,9.4907397429e-01,1.0335440047e+00,7.3302750214e-01,7.3302750214e-01,9.4907397429e-01,1.0335440047e+00,9.4166708109e-01,9.4166708109e-01,9.4907397429e-01,1.0335440047e+00,1.0420185210e+00,1.0420185210e+00,9.4907397429e-01,1.0335440047e+00,1.0070910349e+00,1.0070910349e+00,9.4907397429e-01,1.0335440047e+00
2451545.044682,9.9381717713e-01,9.9381717713e-01,9.5007344920e-01,1.0322932107e+00,9.7443310343e-01,9.7443310343e-01,9.5007344920e-01,1.0322932107e+00,9.5834377106e-01,9.5834377106e-01,9.5007344920e-01,1.0322932107e+00,7.1294400896e-01,7.1294400896e-01,9.5007344920e-01,1.0322932107e+00,9.2694678602e-01,9.2694678602e-01,9.5007344920e-01,1.0322932107e+00,1.0462575824e+00,1.0462575824e+00,9.5007344920e-01,1.0322932107e+00,1.0040511419e+00,1.0040511419e+00,9.5007344920e-01,1.0322932107e+00
2451545.045349,9.9387765030e-01,9.9387765030e-01,9.5064464451e-01,1.0302489788e+00,9.7144965118e-01,9.7144965118e-01,9.5064464451e-01,1.0302489788e+00,9.6365658426e-01,9.6365658426e-01,9.5064464451e-01,1.0302489788e+00,6.9148144402e-01,6.9148144402e-01,9.5064464451e-01,1.0302489788e+00,9.1554274251e-01,9.1554274251e-01,9.5064464451e-01,1.0302489788e+00,1.0510464023e+00,1.0510464023e+00,9.5064464451e-01,1.0302489788e+00,1.0008647235e+00,1.0008647235e+00,9.5064464451e-01,1.0302489788e+00
2451545.046016,9.9394038325e-01,9.9394038325e-01,9.5078802778e-01,1.0273740357e+00,9.6824781796e-01,9.6824781796e-01,9.5078802778e-01,1.0273740357e+00,9.6880644641e-01,9.6880644641e-01,9.5078802778e-01,1.0273740357e+00,6.6905065942e-01,6.6905065942e-01,9.5078802778e-01,1.0273740357e+00,9.0320068875e-01,9.0320068875e-01,9.5078802778e-01,1.0273740357e+00,1.0553061119e+00,1.0553061119e+00,9.5078802778e-01,1.0273740357e+00,9.9758917270e-01,9.9758917270e-01,9.5078802778e-01,1.0273740357e+00
2451545.046683,9.9400535502e-01,9.9400535502e-01,9.5050336523e-01,1.0236193289e+00,9.6483147878e-01,9.6483147878e-01,9.5050336523e-01,1.0236193289e+00,9.7543106629e-01,9.7543106629e-01,9.5050336523e-01,1.0236193289e+00,6.5361827266e-01,6.5361827266e-01,9.5050336523e-01,1.0236193289e+00,8.8989316644e-01,8.8989316644e-01,9.5050336523e-01,1.0236193289e+00,1.0607987697e+00,1.0607987697e+00,9.5050336523e-01,1.0236193289e+00,9.9519764863e-01,9.9519764863e-01,9.5050336523e-01,1.0236193289e+00
2451545.047350,9.9407254044e-01,9.9407254044e-01,9.4978964383e-01,1.0189178282e+00,9.6120375355e-01,9.6120375355e-01,9.4978964383e-01,1.0189178282e+00,9.8169995788e-01,9.8169995788e-01,9.4978964383e-01,1.0189178282e+00,6.3832370612e-01,6.3832370612e-01,9.4978964383e-01,1.0189178282e+00,8.7558873144e-01,8.7558873144e-01,9.4978964383e-01,1.0189178282e+00,1.0658942624e+00,1.0658942624e+00,9.4978964383e-01,1.0189178282e+00,9.9299513538e-01,9.9299513538e-01,9.4978964383e-01,1.0189178282e+00
2451545.048017,9.9414192276e-01,9.9414192276e-01,9.4997502905e-01,1.0145092462e+00,9.5736707839e-01,9.5736707839e-01,9.4997502905e-01,1.0145092462e+00,9.8845887379e-01,9.8845887379e-01,9.4997502905e-01,1.0145092462e+00,6.2255263811e-01,6.2255263811e-01,9.4997502905e-01,1.0145092462e+00,8.6025416808e-01,8.6025416808e-01,9.4997502905e-01,1.0145092462e+00,1.0715036921e+00,1.0715036921e+00,9.4997502905e-01,1.0145092462e+00,9.9093960361e-01,9.9093960361e-01,9.4997502905e-01,1.0145092462e+00
2451545.048683,9.9421335942e-01,9.9421335942e-01,9.5628350333e-01,1.0160985241e+00,9.5362334585e-01,9.5362334585e-01,9.5628350333e-01,1.0160985241e+00,9.9477359779e-01,9.9477359779e-01,9.5628350333e-01,1.0160985241e+00,6.1079444282e-01,6.1079444282e-01,9.5628350333e-01,1.0160985241e+00,8.4653122858e-01,8.4653122858e-01,9.5628350333e-01,1.0160985241e+00,1.0768302258e+00,1.0768302258e+00,9.5628350333e-01,1.0160985241e+00,9.8948977011e-01,9.8948977011e-01,9.5628350333e-01,1.0160985241e+00
2451545.049350,9.9428704747e-01,9.9428704747e-01,9.6170315719e-01,1.0168047837e+00,9.4993468936e-01,9.4993468936e-01,9.6170315719e-01,1.0168047837e+00,1.0003927933e+00,1.0003927933e+00,9.6170315719e-01,1.0168047837e+00,5.9987360320e-01,5.9987360320e-01,9.6170315719e-01,1.0168047837e+00,8.3399918123e-01,8.3399918123e-01,9.6170315719e-01,1.0168047837e+00,1.0816178725e+00,1.0816178725e+00,9.6170315719e-01,1.0168047837e+00,9.8812083130e-01,9.8812083130e-01,9.6170315719e-01,1.0168047837e+00
2451545.050017,9.9436285276e-01,9.9436285276e-01,9.6626009573e-01,1.0161440117e+00,9.4693666318e-01,9.4693666318e-01,9.6626009573e-01,1.0161440117e+00,1.0053159919e+00,1.0053159919e+00,9.6626009573e-01,1.0161440117e+00,5.8701849807e-01,5.8701849807e-01,9.6626009573e-01,1.0161440117e+00,8.2791672945e-01,8.2791672945e-01,9.6626009573e-01,1.0161440117e+00,1.0858660065e+00,1.0858660065e+00,9.6626009573e-01,1.0161440117e+00,9.8653422079e-01,9.8653422079e-01,9.6626009573e-01,1.0161440117e+00
2451545.050684,9.9444075012e-01,9.9444075012e-01,9.6998525545e-01,1.0127511913e+00,9.4375567225e-01,9.4375567225e-01,9.6998525545e-01,1.0127511913e+00,1.0095456139e+00,1.0095456139e+00,9.6998525545e-01,1.0127511913e+00,5.7217130380e-01,5.7217130380e-01,9.6998525545e-01,1.0127511913e+00,8.1999855881e-01,8.1999855881e-01,9.6998525545e-01,1.0127511913e+00,1.0895797900e+00,1.0895797900e+00,9.6998525545e-01,1.0127511913e+00,9.8474466095e-01,9.8474466095e-01,9.6998525545e-01,1.0127511913e+00
2451545.051351,9.9452071021e-01,9.9452071021e-01,9.7779348758e-01,1.0120491163e+00,9.4039128918e-01,9.4039128918e-01,9.7779348758e-01,1.0120491163e+00,1.0130758817e+00,1.0130758817e+00,9.7779348758e-01,1.0120491163e+00,5.5525376284e-01,5.5525376284e-01,9.7779348758e-01,1.0120491163e+00,8.1023049731e-01,8.1023049731e-01,9.7779348758e-01,1.0120491163e+00,1.0927611000e+00,1.0927611000e+00,9.7779348758e-01,1.0120491163e+00,9.8276383848e-01,9.8276383848e-01,9.7779348758e-01,1.0120491163e+00
2451545.052018,9.9460270369e-01,9.9460270369e-01,9.8341754052e-01,1.0128496833e+00,9.3684231729e-01,9.3684231729e-01,9.8341754052e-01,1.0128496833e+00,1.0158920381e+00,1.0158920381e+00,9.8341754052e-01,1.0128496833e+00,5.3748669282e-01,5.3748669282e-01,9.8341754052e-01,1.0128496833e+00,7.9858818679e-01,7.9858818679e-01,9.8341754052e-01,1.0128496833e+00,1.0954089198e+00,1.0954089198e+00,9.8341754052e-01,1.0128496833e+00,9.8074661625e-01,9.8074661625e-01,9.8341754052e-01,1.0128496833e+00
2451545.052685,9.9468670958e-01,9.9468670958e-01,9.8762030680e-01,1.0139137223e+00,9.3323385301e-01,9.3323385301e-01,9.8762030680e-01,1.0139137223e+00,1.0179676144e+00,1.0179676144e+00,9.8762030680e-01,1.0139137223e+00,5.1798187066e-01,5.1798187066e-01,9.8762030680e-01,1.0139137223e+00,7.8619564522e-01,7.8619564522e-01,9.8762030680e-01,1.0139137223e+00,1.0975184783e+00,1.0975184783e+00,9.8762030680e-01,1.0139137223e+00,9.7860927766e-01,9.7860927766e-01,9.8762030680e-01,1.0139137223e+00
2451545.053352,9.9477269015e-01,9.9477269015e-01,9.9048259534e-01,1.0145923948e+00,9.2985842909e-01,9.2985842909e-01,9.9048259534e-01,1.0145923948e+00,1.0192616971e+00,1.0192616971e+00,9.9048259534e-01,1.0145923948e+00,4.9607932445e-01,4.9607932445e-01,9.9048259534e-01,1.0145923948e+00,7.7559896371e-01,7.7559896371e-01,9.9048259534e-01,1.0145923948e+00,1.0990814069e+00,1.0990814069e+00,9.9048259534e-01,1.0145923948e+00,9.7630275287e-01,9.7630275287e-01,9.9048259534e-01,1.0145923948e+00
2451545.054019,9.9486062445e-01,9.9486062445e-01,9.9229678335e-01,1.0148864759e+00,9.2750521723e-01,9.2750521723e-01,9.9229678335e-01,1.0148864759e+00,1.0197136969e+00,1.0197136969e+00,9.9229678335e-01,1.0148864759e+00,4.7155080303e-01,4.7155080303e-01,9.9229678335e-01,1.0148864759e+00,7.7409230134e-01,7.7409230134e-01,9.9229678335e-01,1.0148864759e+00,1.1000848003e+00,1.1000848003e+00,9.9229678335e-01,1.0148864759e+00,9.7383173081e-01,9.7383173081e-01,9.9229678335e-01,1.0148864759e+00
2451545.054685,9.9495033639e-01,9.9495033639e-01,9.9320547482e-01,1.0147963531e+00,9.2575674497e-01,9.2575674497e-01,9.9320547482e-01,1.0147963531e+00,1.0192370241e+00,1.0192370241e+00,9.9320547482e-01,1.0147963531e+00,4.4413023076e-01,4.4413023076e-01,9.9320547482e-01,1.0147963531e+00,7.7847278267e-01,7.7847278267e-01,9.9320547482e-01,1.0147963531e+00,1.1005104349e+00,1.1005104349e+00,9.9320547482e-01,1.0147963531e+00,9.7120392185e-01,9.7120392185e-01,9.9320547482e-01,1.0147963531e+00
2451545.055352,9.9504207332e-01,9.9504207332e-01,9.9329033590e-01,1.0143210188e+00,9.2378323874e-01,9.2378323874e-01,9.9329033590e-01,1.0143210188e+00,1.0183213907e+00,1.0183213907e+00,9.9329033590e-01,1.0143210188e+00,4.1329980360e-01,4.1329980360e-01,9.9329033590e-01,1.0143210188e+00,7.8138114592e-01,7.8138114592e-01,9.9329033590e-01,1.0143210188e+00,1.1009315332e+00,1.1009315332e+00,9.9329033590e-01,1.0143210188e+00,9.6841430926e-01,9.6841430926e-01,9.9329033590e-01,1.0143210188e+00
2451545.056019,9.9513565916e-01,9.9513565916e-01,9.9272747864e-01,1.0135873271e+00,9.2189610760e-01,9.2189610760e-01,9.9272747864e-01,1.0135873271e+00,1.0199726852e+00,1.0199726852e+00,9.9272747864e-01,1.0135873271e+00,3.7845780802e-01,3.7845780802e-01,9.9272747864e-01,1.0135873271e+00,7.8569741031e-01,7.8569741031e-01,9.9272747864e-01,1.0135873271e+00,1.1038129749e+00,1.1038129749e+00,9.9272747864e-01,1.0135873271e+00,9.6546889315e-01,9.6546889315e-01,9.9272747864e-01,1.0135873271e+00
2451545.056686,9.9523107295e-01,9.9523107295e-01,9.9226101545e-01,1.0132660464e+00,9.2074878486e-01,9.2074878486e-01,9.9226101545e-01,1.0132660464e+00,1.0218351837e+00,1.0218351837e+00,9.9226101545e-01,1.0132660464e+00,3.4094940416e-01,3.4094940416e-01,9.9226101545e-01,1.0132660464e+00,7.9691234599e-01,7.9691234599e-01,9.9226101545e-01,1.0132660464e+00,1.1069647204e+00,1.1069647204e+00,9.9226101545e-01,1.0132660464e+00,9.6262946961e-01,9.6262946961e-01,9.9226101545e-01,1.0132660464e+00
2451545.057353,9.9532827276e-01,9.9532827276e-01,9.9175403091e-01,1.0131140076e+00,9.1950453055e-01,9.1950453055e-01,9.9175403091e-01,1.0131140076e+00,1.0226747681e+00,1.0226747681e+00,9.9175403091e-01,1.0131140076e+00,3.0085111052e-01,3.0085111052e-01,9.9175403091e-01,1.0131140076e+00,8.0734693508e-01,8.0734693508e-01,9.9175403091e-01,1.0131140076e+00,1.1093915105e+00,1.1093915105e+00,9.9175403091e-01,1.0131140076e+00,9.6007205157e-01,9.6007205157e-01,9.9175403091e-01,1.0131140076e+00
2451545.058020,9.9542722924e-01,9.9542722924e-01,9.9060275676e-01,1.0125025979e+00,9.1804984471e-01,9.1804984471e-01,9.9060275676e-01,1.0125025979e+00,1.0223052198e+00,1.0223052198e+00,9.9060275676e-01,1.0125025979e+00,2.6429223148e-01,2.6429223148e-01,9.9060275676e-01,1.0125025979e+00,8.1620355886e-01,8.1620355886e-01,9.9060275676e-01,1.0125025979e+00,1.1111584183e+00,1.1111584183e+00,9.9060275676e-01,1.0125025979e+00,9.5875960793e-01,9.5875960793e-01,9.9060275676e-01,1.0125025979e+00
2451545.058687,9.9552790885e-01,9.9552790885e-01,9.9239200854e-01,1.0148772544e+00,9.1632131720e-01,9.1632131720e-01,9.9239200854e-01,1.0148772544e+00,1.0203073322e+00,1.0203073322e+00,9.9239200854e-01,1.0148772544e+00,2.3731424907e-01,2.3731424907e-01,9.9239200854e-01,1.0148772544e+00,8.2342242911e-01,8.2342242911e-01,9.9239200854e-01,1.0148772544e+00,1.1123126062e+00,1.1123126062e+00,9.9239200854e-01,1.0148772544e+00,9.5973980756e-01,9.5973980756e-01,9.9239200854e-01,1.0148772544e+00
2451545.059354,9.9563027387e-01,9.9563027387e-01,9.9442898609e-01,1.0173500930e+00,9.1528128307e-01,9.1528128307e-01,9.9442898609e-01,1.0173500930e+00,1.0164431202e+00,1.0164431202e+00,9.9442898609e-01,1.0173500930e+00,2.2929459034e-01,2.2929459034e-01,9.9442898609e-01,1.0173500930e+00,8.3842306436e-01,8.3842306436e-01,9.9442898609e-01,1.0173500930e+00,1.1137255224e+00,1.1137255224e+00,9.9442898609e-01,1.0173500930e+00,9.6225750511e-01,9.6225750511e-01,9.9442898609e-01,1.0173500930e+00
2451545.060021,9.9573429075e-01,9.9573429075e-01,9.9601399464e-01,1.0192122968e+00,9.1401332298e-01,9.1401332298e-01,9.9601399464e-01,1.0192122968e+00,1.0118987614e+00,1.0118987614e+00,9.9601399464e-01,1.0192122968e+00,2.2193272971e-01,2.2193272971e-01,9.9601399464e-01,1.0192122968e+00,8.5433912322e-01,8.5433912322e-01,9.9601399464e-01,1.0192122968e+00,1.1183911569e+00,1.1183911569e+00,9.9601399464e-01,1.0192122968e+00,9.6466570409e-01,9.6466570409e-01,9.9601399464e-01,1.0192122968e+00
2451545.060688,9.9583992175e-01,9.9583992175e-01,9.9715599564e-01,1.0204641756e+00,9.1302456114e-01,9.1302456114e-01,9.9715599564e-01,1.0204641756e+00,1.0096998982e+00,1.0096998982e+00,9.9715599564e-01,1.0204641756e+00,2.4317486924e-01,2.4317486924e-01,9.9715599564e-01,1.0204641756e+00,8.7920746695e-01,8.7920746695e-01,9.9715599564e-01,1.0204641756e+00,1.1233105924e+00,1.1233105924e+00,9.9715599564e-01,1.0204641756e+00,9.6978772321e-01,9.6978772321e-01,9.9715599564e-01,1.0204641756e+00
2451545.061354,9.9594696983e-01,9.9594696983e-01,9.9786145692e-01,1.0211030175e+00,9.1328370066e-01,9.1328370066e-01,9.9786145692e-01,1.0211030175e+00,1.0057592468e+00,1.0057592468e+00,9.9786145692e-01,1.0211030175e+00,2.6363008574e-01,2.6363008574e-01,9.9786145692e-01,1.0211030175e+00,9.2371866668e-01,9.2371866668e-01,9.9786145692e-01,1.0211030175e+00,1.1268155474e+00,1.1268155474e+00,9.9786145692e-01,1.0211030175e+00,9.7359986406e-01,9.7359986406e-01,9.9786145692e-01,1.0211030175e+00
2451545.062021,9.9605572008e-01,9.9605572008e-01,9.9813801519e-01,1.0211257225e+00,9.1518445122e-01,9.1518445122e-01,9.9813801519e-01,1.0211257225e+00,1.0045188825e+00,1.0045188825e+00,9.9813801519e-01,1.0211257225e+00,2.8288361425e-01,2.8288361425e-01,9.9813801519e-01,1.0211257225e+00,9.7693502675e-01,9.7693502675e-01,9.9813801519e-01,1.0211257225e+00,1.1337795465e+00,1.1337795465e+00,9.9813801519e-01,1.0211257225e+00,9.7658777980e-01,9.7658777980e-01,9.9813801519e-01,1.0211257225e+00
2451545.062688,9.9616597126e-01,9.9616597126e-01,9.9798878749e-01,1.0205217520e+00,9.1680121680e-01,9.1680121680e-01,9.9798878749e-01,1.0205217520e+00,1.0040037948e+00,1.0040037948e+00,9.9798878749e-01,1.0205217520e+00,3.0094545433e-01,3.0094545433e-01,9.9798878749e-01,1.0205217520e+00,1.0283183252e+00,1.0283183252e+00,9.9798878749e-01,1.0205217520e+00,1.1382659953e+00,1.1382659953e+00,9.9798878749e-01,1.0205217520e+00,9.7898945134e-01,9.7898945134e-01,9.9798878749e-01,1.0205217520e+00
2451545.063355,9.9627768983e-01,9.9627768983e-01,9.9741681292e-01,1.0192773123e+00,9.1930298868e-01,9.1930298868e-01,9.9741681292e-01,1.0192773123e+00,1.0026443599e+00,1.0026443599e+00,9.9741681292e-01,1.0192773123e+00,3.1785430000e-01,3.1785430000e-01,9.9741681292e-01,1.0192773123e+00,1.0901286839e+00,1.0901286839e+00,9.9741681292e-01,1.0192773123e+00,1.1406479694e+00,1.1406479694e+00,9.9741681292e-01,1.0192773123e+00,9.8093330397e-01,9.8093330397e-01,9.9741681292e-01,1.0192773123e+00
2451545.064022,9.9639083387e-01,9.9639083387e-01,9.9642427340e-01,1.0173717132e+00,9.2254904229e-01,9.2254904229e-01,9.9642427340e-01,1.0173717132e+00,1.0009198271e+00,1.0009198271e+00,9.9642427340e-01,1.0173717132e+00,3.3694609626e-01,3.3694609626e-01,9.9642427340e-01,1.0173717132e+00,1.1477379259e+00,1.1477379259e+00,9.9642427340e-01,1.0173717132e+00,1.1422545407e+00,1.1422545407e+00,9.9642427340e-01,1.0173717132e+00,9.8287074318e-01,9.8287074318e-01,9.9642427340e-01,1.0173717132e+00
2451545.064689,9.9650536563e-01,9.9650536563e-01,9.9501225989e-01,1.0147735705e+00,9.2555171276e-01,9.2555171276e-01,9.9501225989e-01,1.0147735705e+00,1.0013092856e+00,1.0013092856e+00,9.9501225989e-01,1.0147735705e+00,3.5903689533e-01,3.5903689533e-01,9.9501225989e-01,1.0147735705e+00,1.1961344721e+00,1.1961344721e+00,9.9501225989e-01,1.0147735705e+00,1.1451674240e+00,1.1451674240e+00,9.9501225989e-01,1.0147735705e+00,9.8498775833e-01,9.8498775833e-01,9.9501225989e-01,1.0147735705e+00
2451545.065356,9.9662124739e-01,9.9662124739e-01,9.9318085031e-01,1.0114351493e+00,9.2831582956e-01,9.2831582956e-01,9.9318085031e-01,1.0114351493e+00,1.0012795375e+00,1.0012795375e+00,9.9318085031e-01,1.0114351493e+00,3.8672615182e-01,3.8672615182e-01,9.9318085031e-01,1.0114351493e+00,1.2381633548e+00,1.2381633548e+00,9.9318085031e-01,1.0114351493e+00,1.1467002406e+00,1.1467002406e+00,9.9318085031e-01,1.0114351493e+00,9.8764362960e-01,9.8764362960e-01,9.9318085031e-01,1.0114351493e+00
2451545.066023,9.9673843303e-01,9.9673843303e-01,9.9092942125e-01,1.0072791903e+00,9.3084381457e-01,9.3084381457e-01,9.9092942125e-01,1.0072791903e+00,1.0008312855e+00,1.0008312855e+00,9.9092942125e-01,1.0072791903e+00,4.1267504758e-01,4.1267504758e-01,9.9092942125e-01,1.0072791903e+00,1.2753002350e+00,1.2753002350e+00,9.9092942125e-01,1.0072791903e+00,1.1470489919e+00,1.1470489919e+00,9.9092942125e-01,1.0072791903e+00,9.9005487852e-01,9.9005487852e-01,9.9092942125e-01,1.0072791903e+00
2451545.066690,9.9685688481e-01,9.9685688481e-01,9.8825625836e-01,1.0021728728e+00,9.3313568202e-01,9.3313568202e-01,9.8825625836e-01,1.0021728728e+00,9.9996398299e-01,9.9996398299e-01,9.8825625836e-01,1.0021728728e+00,4.3695444917e-01,4.3695444917e-01,9.8825625836e-01,1.0021728728e+00,1.3084082769e+00,1.3084082769e+00,9.8825625836e-01,1.0021728728e+00,1.1463313103e+00,1.1463313103e+00,9.8825625836e-01,1.0021728728e+00,9.9223359084e-01,9.9223359084e-01,9.8825625836e-01,1.0021728728e+00
2451545.067356,9.9697638473e-01,9.9697638473e-01,9.8516377733e-01,9.9587318268e-01,9.3525346015e-01,9.3525346015e-01,9.8516377733e-01,9.9587318268e-01,9.9867802047e-01,9.9867802047e-01,9.8516377733e-01,9.9587318268e-01,4.6345288676e-01,4.6345288676e-01,9.8516377733e-01,9.9587318268e-01,1.3385906835e+00,1.3385906835e+00,9.8516377733e-01,9.9587318268e-01,1.1446179001e+00,1.1446179001e+00,9.8516377733e-01,9.9587318268e-01,9.9463598923e-01,9.9463598923e-01,9.8516377733e-01,9.9587318268e-01
2451545.068023,9.9709724723e-01,9.9709724723e-01,9.8319015336e-01,9.9006122548e-01,9.3713306926e-01,9.3713306926e-01,9.8319015336e-01,9.9006122548e-01,9.9696668311e-01,9.9696668311e-01,9.8319015336e-01,9.9006122548e-01,4.9069433621e-01,4.9069433621e-01,9.8319015336e-01,9.9006122548e-01,1.3656986485e+00,1.3656986485e+00,9.8319015336e-01,9.9006122548e-01,1.1419343371e+00,1.1419343371e+00,9.8319015336e-01,9.9006122548e-01,9.9717945450e-01,9.9717945450e-01,9.8319015336e-01,9.9006122548e-01
2451545.068690,9.9721925429e-01,9.9721925429e-01,9.8071047996e-01,9.8423741204e-01,9.3876096117e-01,9.3876096117e-01,9.8071047996e-01,9.8423741204e-01,9.9482755044e-01,9.9482755044e-01,9.8071047996e-01,9.8423741204e-01,5.1597108667e-01,5.1597108667e-01,9.8071047996e-01,9.8423741204e-01,1.3899376662e+00,1.3899376662e+00,9.8071047996e-01,9.8423741204e-01,1.1382846882e+00,1.1382846882e+00,9.8071047996e-01,9.8423741204e-01,9.9956631815e-01,9.9956631815e-01,9.8071047996e-01,9.8423741204e-01
2451545.069357,9.9734235979e-01,9.9734235979e-01,9.7974357799e-01,9.8021365399e-01,9.4012420025e-01,9.4012420025e-01,9.7974357799e-01,9.8021365399e-01,9.9225539117e-01,9.9225539117e-01,9.7974357799e-01,9.8021365399e-01,5.3938096004e-01,5.3938096004e-01,9.7974357799e-01,9.8021365399e-01,1.4115048161e+00,1.4115048161e+00,9.7974357799e-01,9.8021365399e-01,1.1336454896e+00,1.1336454896e+00,9.7974357799e-01,9.8021365399e-01,1.0018017679e+00,1.0018017679e+00,9.7974357799e-01,9.8021365399e-01
2451545.070024,9.9746652181e-01,9.9746652181e-01,9.7808796876e-01,9.7572355071e-01,9.4120460830e-01,9.4120460830e-01,9.7808796876e-01,9.7572355071e-01,9.8924388090e-01,9.8924388090e-01,9.7808796876e-01,9.7572355071e-01,5.6101090916e-01,5.6101090916e-01,9.7808796876e-01,9.7572355071e-01,1.4305480187e+00,1.4305480187e+00,9.7808796876e-01,9.7572355071e-01,1.1279673889e+00,1.1279673889e+00,9.7808796876e-01,9.7572355071e-01,1.0038896091e+00,1.0038896091e+00,9.7808796876e-01,9.7572355071e-01
2451545.070691,9.9759169843e-01,9.9759169843e-01,9.7572346953e-01,9.7063738104e-01,9.4282164455e-01,9.4282164455e-01,9.7572346953e-01,9.7063738104e-01,9.8578544595e-01,9.8578544595e-01,9.7572346953e-01,9.7063738104e-01,5.8093832203e-01,5.8093832203e-01,9.7572346953e-01,9.7063738104e-01,1.4541687822e+00,1.4541687822e+00,9.7572346953e-01,9.7063738104e-01,1.1211731901e+00,1.1211731901e+00,9.7572346953e-01,9.7063738104e-01,1.0058324641e+00,1.0058324641e+00,9.7572346953e-01,9.7063738104e-01
2451545.071358,9.9771784771e-01,9.9771784771e-01,9.7270010859e-01,9.6492600810e-01,9.4467613750e-01,9.4467613750e-01,9.7270010859e-01,9.6492600810e-01,9.8576850279e-01,9.8576850279e-01,9.7270010859e-01,9.6492600810e-01,5.9923102185e-01,5.9923102185e-01,9.7270010859e-01,9.6492600810e-01,1.4777417152e+00,1.4777417152e+00,9.7270010859e-01,9.6492600810e-01,1.1174541663e+00,1.1174541663e+00,9.7270010859e-01,9.6492600810e-01,1.0076319719e+00,1.0076319719e+00,9.7270010859e-01,9.6492600810e-01
2451545.072025,9.9784492355e-01,9.9784492355e-01,9.6904648465e-01,9.5854231692e-01,9.4638611637e-01,9.4638611637e-01,9.6904648465e-01,9.5854231692e-01,9.8620074860e-01,9.8620074860e-01,9.6904648465e-01,9.5854231692e-01,6.1594944085e-01,6.1594944085e-01,9.6904648465e-01,9.5854231692e-01,1.4979217791e+00,1.4979217791e+00,9.6904648465e-01,9.5854231692e-01,1.1147517539e+00,1.1147517539e+00,9.6904648465e-01,9.5854231692e-01,1.0092888735e+00,1.0092888735e+00,9.6904648465e-01,9.5854231692e-01
2451545.072692,9.9797288401e-01,9.9797288401e-01,9.6477833872e-01,9.5139192257e-01,9.4795398877e-01,9.4795398877e-01,9.6477833872e-01,9.5139192257e-01,9.8561320349e-01,9.8561320349e-01,9.6477833872e-01,9.5139192257e-01,6.3114792452e-01,6.3114792452e-01,9.6477833872e-01,9.5139192257e-01,1.5149618560e+00,1.5149618560e+00,9.6477833872e-01,9.5139192257e-01,1.1115566002e+00,1.1115566002e+00,9.6477833872e-01,9.5139192257e-01,1.0108030693e+00,1.0108030693e+00,9.6477833872e-01,9.5139192257e-01
2451545.073359,9.9810168298e-01,9.9810168298e-01,9.5990330752e-01,9.4319748214e-01,9.4938190589e-01,9.4938190589e-01,9.5990330752e-01,9.4319748214e-01,9.8408105762e-01,9.8408105762e-01,9.5990330752e-01,9.4319748214e-01,6.4847110039e-01,6.4847110039e-01,9.5990330752e-01,9.4319748214e-01,1.5290576966e+00,1.5290576966e+00,9.5990330752e-01,9.4319748214e-01,1.1078725377e+00,1.1078725377e+00,9.5990330752e-01,9.4319748214e-01,1.0125731751e+00,1.0125731751e+00,9.5990330752e-01,9.4319748214e-01
2451545.074025,9.9823108149e-01,9.9823108149e-01,9.5519612825e-01,9.3422719452e-01,9.5066992472e-01,9.5066992472e-01,9.5519612825e-01,9.3422719452e-01,9.8166411958e-01,9.8166411958e-01,9.5519612825e-01,9.3422719452e-01,6.6601252784e-01,6.6601252784e-01,9.5519612825e-01,9.3422719452e-01,1.5403457068e+00,1.5403457068e+00,9.5519612825e-01,9.3422719452e-01,1.1037073093e+00,1.1037073093e+00,9.5519612825e-01,9.3422719452e-01,1.0143713574e+00,1.0143713574e+00,9.5519612825e-01,9.3422719452e-01
2451545.074692,9.9836142331e-01,9.9836142331e-01,9.4972060167e-01,9.2510851024e-01,9.5182362978e-01,9.5182362978e-01,9.4972060167e-01,9.2510851024e-01,9.7839518256e-01,9.7839518256e-01,9.4972060167e-01,9.2510851024e-01,6.8248660940e-01,6.8248660940e-01,9.4972060167e-01,9.2510851024e-01,1.5489769069e+00,1.5489769069e+00,9.4972060167e-01,9.2510851024e-01,1.0990473060e+00,1.0990473060e+00,9.4972060167e-01,9.2510851024e-01,1.0160446632e+00,1.0160446632e+00,9.4972060167e-01,9.2510851024e-01
2451545.075359,9.9849246948e-01,9.9849246948e-01,9.4442025204e-01,9.1612799371e-01,9.5284250822e-01,9.5284250822e-01,9.4442025204e-01,9.1612799371e-01,9.7430524398e-01,9.7430524398e-01,9.4442025204e-01,9.1612799371e-01,6.9790682277e-01,6.9790682277e-01,9.4442025204e-01,9.1612799371e-01,1.5550226000e+00,1.5550226000e+00,9.4442025204e-01,9.1612799371e-01,1.0938954218e+00,1.0938954218e+00,9.4442025204e-01,9.1612799371e-01,1.0175858239e+00,1.0175858239e+00,9.4442025204e-01,9.1612799371e-01
2451545.076026,9.9862417388e-01,9.9862417388e-01,9.3994505755e-01,9.0752121979e-01,9.5372789917e-01,9.5372789917e-01,9.3994505755e-01,9.0752121979e-01,9.6941226202e-01,9.6941226202e-01,9.3994505755e-01,9.0752121979e-01,7.1230794907e-01,7.1230794907e-01,9.3994505755e-01,9.0752121979e-01,1.5585496603e+00,1.5585496603e+00,9.3994505755e-01,9.0752121979e-01,1.0882465728e+00,1.0882465728e+00,9.3994505755e-01,9.0752121979e-01,1.0189894380e+00,1.0189894380e+00,9.3994505755e-01,9.0752121979e-01
2451545.076693,9.9875649039e-01,9.9875649039e-01,9.3572374496e-01,8.9775943164e-01,9.5448102783e-01,9.5448102783e-01,9.3572374496e-01,8.9775943164e-01,9.6372552809e-01,9.6372552809e-01,9.3572374496e-01,8.9775943164e-01,7.2572346514e-01,7.2572346514e-01,9.3572374496e-01,8.9775943164e-01,1.5596063612e+00,1.5596063612e+00,9.3572374496e-01,8.9775943164e-01,1.0820941891e+00,1.0820941891e+00,9.3572374496e-01,8.9775943164e-01,1.0202488925e+00,1.0202488925e+00,9.3572374496e-01,8.9775943164e-01
2451545.077360,9.9888937709e-01,9.9888937709e-01,9.3164807549e-01,8.8935591853e-01,9.5510297691e-01,9.5510297691e-01,9.3164807549e-01,8.8935591853e-01,9.5724707225e-01,9.5724707225e-01,9.3164807549e-01,8.8935591853e-01,7.3818250017e-01,7.3818250017e-01,9.3164807549e-01,8.8935591853e-01,1.5582254755e+00,1.5582254755e+00,9.3164807549e-01,8.8935591853e-01,1.0754299019e+00,1.0754299019e+00,9.3164807549e-01,8.8935591853e-01,1.0213563773e+00,1.0213563773e+00,9.3164807549e-01,8.8935591853e-01
2451545.078027,9.9902278366e-01,9.9902278366e-01,9.2586762568e-01,8.8032270763e-01,9.5559467240e-01,9.5559467240e-01,9.2586762568e-01,8.8032270763e-01,9.4997236590e-01,9.4997236590e-01,9.2586762568e-01,8.8032270763e-01,7.4971200954e-01,7.4971200954e-01,9.2586762568e-01,8.8032270763e-01,1.5544256039e+00,1.5544256039e+00,9.2586762568e-01,8.8032270763e-01,1.0682439346e+00,1.0682439346e+00,9.2586762568e-01,8.8032270763e-01,1.0223026142e+00,1.0223026142e+00,9.2586762568e-01,8.8032270763e-01
2451545.078694,9.9915666398e-01,9.9915666398e-01,9.1893395358e-01,8.7063717134e-01,9.5595698335e-01,9.5595698335e-01,9.1893395358e-01,8.7063717134e-01,9.4198065933e-01,9.4198065933e-01,9.1893395358e-01,8.7063717134e-01,7.6033634004e-01,7.6033634004e-01,9.1893395358e-01,8.7063717134e-01,1.5482120610e+00,1.5482120610e+00,9.1893395358e-01,8.7063717134e-01,1.0606166118e+00,1.0606166118e+00,9.1893395358e-01,8.7063717134e-01,1.0230766008e+00,1.0230766008e+00,9.1893395358e-01,8.7063717134e-01
2451545.079361,9.9929097195e-01,9.9929097195e-01,9.1101896326e-01,8.6027427985e-01,9.5619065054e-01,9.5619065054e-01,9.1101896326e-01,8.6027427985e-01,9.3322252847e-01,9.3322252847e-01,9.1101896326e-01,8.6027427985e-01,7.7007722987e-01,7.7007722987e-01,9.1101896326e-01,8.6027427985e-01,1.5395786464e+00,1.5395786464e+00,9.1101896326e-01,8.6027427985e-01,1.0525092183e+00,1.0525092183e+00,9.1101896326e-01,8.6027427985e-01,1.0236653962e+00,1.0236653962e+00,9.1101896326e-01,8.6027427985e-01
2451545.080028,9.9942566563e-01,9.9942566563e-01,9.0218406015e-01,8.4920675606e-01,9.5629632932e-01,9.5629632932e-01,9.0218406015e-01,8.4920675606e-01,9.2361427254e-01,9.2361427254e-01,9.0218406015e-01,8.4920675606e-01,7.7895424341e-01,7.7895424341e-01,9.0218406015e-01,8.4920675606e-01,1.5285089739e+00,1.5285089739e+00,9.0218406015e-01,8.4920675606e-01,1.0438463567e+00,1.0438463567e+00,9.0218406015e-01,8.4920675606e-01,1.0240536508e+00,1.0240536508e+00,9.0218406015e-01,8.4920675606e-01
2451545.080694,9.9956048928e-01,9.9956048928e-01,8.9246220684e-01,8.3742305371e-01,9.5627470349e-01,9.5627470349e-01,8.9246220684e-01,8.3742305371e-01,9.1351037059e-01,9.1351037059e-01,8.9246220684e-01,8.3742305371e-01,7.8839210266e-01,7.8839210266e-01,8.9246220684e-01,8.3742305371e-01,1.5149977289e+00,1.5149977289e+00,8.9246220684e-01,8.3742305371e-01,1.0349845996e+00,1.0349845996e+00,8.9246220684e-01,8.3742305371e-01,1.0243816619e+00,1.0243816619e+00,8.9246220684e-01,8.3742305371e-01
2451545.081361,9.9969580345e-01,9.9969580345e-01,8.8405457030e-01,8.2705326545e-01,9.5780649011e-01,9.5780649011e-01,8.8405457030e-01,8.2705326545e-01,9.0297406667e-01,9.0297406667e-01,8.8405457030e-01,8.2705326545e-01,8.1497053685e-01,8.1497053685e-01,8.8405457030e-01,8.2705326545e-01,1.5146518431e+00,1.5146518431e+00,8.8405457030e-01,8.2705326545e-01,1.0259464724e+00,1.0259464724e+00,8.8405457030e-01,8.2705326545e-01,1.0266685046e+00,1.0266685046e+00,8.8405457030e-01,8.2705326545e-01
2451545.082028,9.9983136079e-01,9.9983136079e-01,8.7980193158e-01,8.2055682381e-01,9.5994860085e-01,9.5994860085e-01,8.7980193158e-01,8.2055682381e-01,8.9471462692e-01,8.9471462692e-01,8.7980193158e-01,8.2055682381e-01,8.3934384749e-01,8.3934384749e-01,8.7980193158e-01,8.2055682381e-01,1.5200203797e+00,1.5200203797e+00,8.7980193158e-01,8.2055682381e-01,1.0192710008e+00,1.0192710008e+00,8.7980193158e-01,8.2055682381e-01,1.0288915551e+00,1.0288915551e+00,8.7980193158e-01,8.2055682381e-01
2451545.082695,9.9996711099e-01,9.9996711099e-01,8.7570506632e-01,8.1383030921e-01,9.6191108047e-01,9.6191108047e-01,8.7570506632e-01,8.1383030921e-01,8.8707513509e-01,8.8707513509e-01,8.7570506632e-01,8.1383030921e-01,8.6171506941e-01,8.6171506941e-01,8.7570506632e-01,8.1383030921e-01,1.5239863295e+00,1.5239863295e+00,8.7570506632e-01,8.1383030921e-01,1.0131610867e+00,1.0131610867e+00,8.7570506632e-01,8.1383030921e-01,1.0310499582e+00,1.0310499582e+00,8.7570506632e-01,8.1383030921e-01
2451545.083362,1.0001030121e+00,1.0001030121e+00,8.7653754647e-01,8.1194842256e-01,9.6369499744e-01,9.6369499744e-01,8.7653754647e-01,8.1194842256e-01,8.8610016157e-01,8.8610016157e-01,8.7653754647e-01,8.1194842256e-01,8.8225506491e-01,8.8225506491e-01,8.7653754647e-01,8.1194842256e-01,1.5265607647e+00,1.5265607647e+00,8.7653754647e-01,8.1194842256e-01,1.0134414800e+00,1.0134414800e+00,8.7653754647e-01,8.1194842256e-01,1.0331427164e+00,1.0331427164e+00,8.7653754647e-01,8.1194842256e-01
2451545.084029,1.0002390097e+00,1.0002390097e+00,8.7637585066e-01,8.0922210853e-01,9.6530149146e-01,9.6530149146e-01,8.7637585066e-01,8.0922210853e-01,8.8602356599e-01,8.8602356599e-01,8.7637585066e-01,8.0922210853e-01,9.0111034949e-01,9.0111034949e-01,8.7637585066e-01,8.0922210853e-01,1.5277503282e+00,1.5277503282e+00,8.7637585066e-01,8.0922210853e-01,1.0140060989e+00,1.0140060989e+00,8.7637585066e-01,8.0922210853e-01,1.0351687606e+00,1.0351687606e+00,8.7637585066e-01,8.0922210853e-01
2451545.084696,1.0003750576e+00,1.0003750576e+00,8.7520299109e-01,8.0562664727e-01,9.6673160251e-01,9.6673160251e-01,8.7520299109e-01,8.0562664727e-01,8.8825327039e-01,8.8825327039e-01,8.7520299109e-01,8.0562664727e-01,9.1840483092e-01,9.1840483092e-01,8.7520299109e-01,8.0562664727e-01,1.5275590060e+00,1.5275590060e+00,8.7520299109e-01,8.0562664727e-01,1.0160931322e+00,1.0160931322e+00,8.7520299109e-01,8.0562664727e-01,1.0371269223e+00,1.0371269223e+00,8.7520299109e-01,8.0562664727e-01
2451545.085363,1.0005111138e+00,1.0005111138e+00,8.7486565078e-01,8.0304291803e-01,9.6798642754e-01,9.6798642754e-01,8.7486565078e-01,8.0304291803e-01,8.9668151712e-01,8.9668151712e-01,8.7486565078e-01,8.0304291803e-01,9.3424633071e-01,9.3424633071e-01,8.7486565078e-01,8.0304291803e-01,1.5259867981e+00,1.5259867981e+00,8.7486565078e-01,8.0304291803e-01,1.0238382435e+00,1.0238382435e+00,8.7486565078e-01,8.0304291803e-01,1.0390159473e+00,1.0390159473e+00,8.7486565078e-01,8.0304291803e-01
2451545.086030,1.0006471281e+00,1.0006471281e+00,8.7660697826e-01,8.0300827922e-01,9.6930449173e-01,9.6930449173e-01,8.7660697826e-01,8.0300827922e-01,9.0611745251e-01,9.0611745251e-01,8.7660697826e-01,8.0300827922e-01,9.4932351520e-01,9.4932351520e-01,8.7660697826e-01,8.0300827922e-01,1.5252108802e+00,1.5252108802e+00,8.7660697826e-01,8.0300827922e-01,1.0325570274e+00,1.0325570274e+00,8.7660697826e-01,8.0300827922e-01,1.0408998985e+00,1.0408998985e+00,8.7660697826e-01,8.0300827922e-01
2451545.086696,1.0007828532e+00,1.0007828532e+00,8.7730472490e-01,8.0257548791e-01,9.7068401430e-01,9.7068401430e-01,8.7730472490e-01,8.0257548791e-01,9.1482623739e-01,9.1482623739e-01,8.7730472490e-01,8.0257548791e-01,9.6338204738e-01,9.6338204738e-01,8.7730472490e-01,8.0257548791e-01,1.5253145131e+00,1.5253145131e+00,8.7730472490e-01,8.0257548791e-01,1.0405341965e+00,1.0405341965e+00,8.7730472490e-01,8.0257548791e-01,1.0427358915e+00,1.0427358915e+00,8.7730472490e-01,8.0257548791e-01
2451545.087363,1.0009186411e+00,1.0009186411e+00,8.8173425493e-01,8.0634205092e-01,9.7190100126e-01,9.7190100126e-01,8.8173425493e-01,8.0634205092e-01,9.2285753006e-01,9.2285753006e-01,8.8173425493e-01,8.0634205092e-01,9.7629280232e-01,9.7629280232e-01,8.8173425493e-01,8.0634205092e-01,1.5242263680e+00,1.5242263680e+00,8.8173425493e-01,8.0634205092e-01,1.0478214495e+00,1.0478214495e+00,8.8173425493e-01,8.0634205092e-01,1.0445004248e+00,1.0445004248e+00,8.8173425493e-01,8.0634205092e-01
2451545.088030,1.0010542488e+00,1.0010542488e+00,8.8821837372e-01,8.1244483458e-01,9.7295361484e-01,9.7295361484e-01,8.8821837372e-01,8.1244483458e-01,9.3021906034e-01,9.3021906034e-01,8.8821837372e-01,8.1244483458e-01,9.8809621308e-01,9.8809621308e-01,8.8821837372e-01,8.1244483458e-01,1.5219406877e+00,1.5219406877e+00,8.8821837372e-01,8.1244483458e-01,1.0544305184e+00,1.0544305184e+00,8.8821837372e-01,8.1244483458e-01,1.0461889945e+00,1.0461889945e+00,8.8821837372e-01,8.1244483458e-01
2451545.088697,1.0011896216e+00,1.0011896216e+00,8.9349557942e-01,8.1769156711e-01,9.7384216847e-01,9.7384216847e-01,8.9349557942e-01,8.1769156711e-01,9.3696329739e-01,9.3696329739e-01,8.9349557942e-01,8.1769156711e-01,9.9884879899e-01,9.9884879899e-01,8.9349557942e-01,8.1769156711e-01,1.5184481717e+00,1.5184481717e+00,8.9349557942e-01,8.1769156711e-01,1.0604157611e+00,1.0604157611e+00,8.9349557942e-01,8.1769156711e-01,1.0477998763e+00,1.0477998763e+00,8.9349557942e-01,8.1769156711e-01
2451545.089364,1.0013247220e+00,1.0013247220e+00,8.9817345863e-01,8.2269497560e-01,9.7456698981e-01,9.7456698981e-01,8.9817345863e-01,8.2269497560e-01,9.4307696775e-01,9.4307696775e-01,8.9817345863e-01,8.2269497560e-01,1.0085992536e+00,1.0085992536e+00,8.9817345863e-01,8.2269497560e-01,1.5137381910e+00,1.5137381910e+00,8.9817345863e-01,8.2269497560e-01,1.0657649765e+00,1.0657649765e+00,8.9817345863e-01,8.2269497560e-01,1.0493312173e+00,1.0493312173e+00,8.9817345863e-01,8.2269497560e-01
2451545.090031,1.0014594953e+00,1.0014594953e+00,9.0854591354e-01,8.3330522070e-01,9.7512837802e-01,9.7512837802e-01,9.0854591354e-01,8.3330522070e-01,9.4857279832e-01,9.4857279832e-01,9.0854591354e-01,8.3330522070e-01,1.0173914882e+00,1.0173914882e+00,9.0854591354e-01,8.3330522070e-01,1.5077979023e+00,1.5077979023e+00,9.0854591354e-01,8.3330522070e-01,1.0704908350e+00,1.0704908350e+00,9.0854591354e-01,8.3330522070e-01,1.0507811221e+00,1.0507811221e+00,9.0854591354e-01,8.3330522070e-01
2451545.090698,1.0015938955e+00,1.0015938955e+00,9.1941966441e-01,8.4394437020e-01,9.7552663228e-01,9.7552663228e-01,9.1941966441e-01,8.4394437020e-01,9.5346453102e-01,9.5346453102e-01,9.1941966441e-01,8.4394437020e-01,1.0252637619e+00,1.0252637619e+00,9.1941966441e-01,8.4394437020e-01,1.5006095904e+00,1.5006095904e+00,9.1941966441e-01,8.4394437020e-01,1.0746062417e+00,1.0746062417e+00,9.1941966441e-01,8.4394437020e-01,1.0521476095e+00,1.0521476095e+00,9.1941966441e-01,8.4394437020e-01
2451545.091365,1.0017278807e+00,1.0017278807e+00,9.2984877129e-01,8.5373653511e-01,9.7576202328e-01,9.7576202328e-01,9.2984877129e-01,8.5373653511e-01,9.5776434618e-01,9.5776434618e-01,9.2984877129e-01,8.5373653511e-01,1.0322499863e+00,1.0322499863e+00,9.2984877129e-01,8.5373653511e-01,1.4921542118e+00,1.4921542118e+00,9.2984877129e-01,8.5373653511e-01,1.0781217555e+00,1.0781217555e+00,9.2984877129e-01,8.5373653511e-01,1.0534286274e+00,1.0534286274e+00,9.2984877129e-01,8.5373653511e-01
2451545.092032,1.0018614004e+00,1.0018614004e+00,9.4173454311e-01,8.6464667319e-01,9.7583487866e-01,9.7583487866e-01,9.4173454311e-01,8.6464667319e-01,9.6148309679e-01,9.6148309679e-01,9.4173454311e-01,8.6464667319e-01,1.0383814645e+00,1.0383814645e+00,9.4173454311e-01,8.6464667319e-01,1.4824091798e+00,1.4824091798e+00,9.4173454311e-01,8.6464667319e-01,1.0810453540e+00,1.0810453540e+00,9.4173454311e-01,8.6464667319e-01,1.0546220093e+00,1.0546220093e+00,9.4173454311e-01,8.6464667319e-01
2451545.092699,1.0019944087e+00,1.0019944087e+00,9.5481016230e-01,8.7680535802e-01,9.7574545487e-01,9.7574545487e-01,9.5481016230e-01,8.7680535802e-01,9.6463015236e-01,9.6463015236e-01,9.5481016230e-01,8.7680535802e-01,1.0436838476e+00,1.0436838476e+00,9.5481016230e-01,8.7680535802e-01,1.4713470362e+00,1.4713470362e+00,9.5481016230e-01,8.7680535802e-01,1.0833829814e+00,1.0833829814e+00,9.5481016230e-01,8.7680535802e-01,1.0557255320e+00,1.0557255320e+00,9.5481016230e-01,8.7680535802e-01
2451545.093365,1.0021266581e+00,1.0021266581e+00,9.6695534874e-01,8.8816192596e-01,9.7549454970e-01,9.7549454970e-01,9.6695534874e-01,8.8816192596e-01,9.6721011953e-01,9.6721011953e-01,9.6695534874e-01,8.8816192596e-01,1.0481758303e+00,1.0481758303e+00,9.6695534874e-01,8.8816192596e-01,1.4589575948e+00,1.4589575948e+00,9.6695534874e-01,8.8816192596e-01,1.0851359673e+00,1.0851359673e+00,9.6695534874e-01,8.8816192596e-01,1.0567354187e+00,1.0567354187e+00,9.6695534874e-01,8.8816192596e-01
2451545.094032,1.0022585051e+00,1.0022585051e+00,9.7824382014e-01,8.9878178003e-01,9.7508170727e-01,9.7508170727e-01,9.7824382014e-01,8.9878178003e-01,9.6923759911e-01,9.6923759911e-01,9.7824382014e-01,8.9878178003e-01,1.0518913244e+00,1.0518913244e+00,9.7824382014e-01,8.9878178003e-01,1.4451686668e+00,1.4451686668e+00,9.7824382014e-01,8.9878178003e-01,1.0863108816e+00,1.0863108816e+00,9.7824382014e-01,8.9878178003e-01,1.0576522822e+00,1.0576522822e+00,9.7824382014e-01,8.9878178003e-01
2451545.094699,1.0023897022e+00,1.0023897022e+00,9.8868874594e-01,9.0867445171e-01,9.7490707658e-01,9.7490707658e-01,9.8868874594e-01,9.0867445171e-01,9.7071415267e-01,9.7071415267e-01,9.8868874594e-01,9.0867445171e-01,1.0548416336e+00,1.0548416336e+00,9.8868874594e-01,9.0867445171e-01,1.4336406182e+00,1.4336406182e+00,9.8868874594e-01,9.0867445171e-01,1.0869037354e+00,1.0869037354e+00,9.8868874594e-01,9.0867445171e-01,1.0584719894e+00,1.0584719894e+00,9.8868874594e-01,9.0867445171e-01
2451545.095366,1.0025202033e+00,1.0025202033e+00,9.9862115447e-01,9.1816664613e-01,9.7473580802e-01,9.7473580802e-01,9.9862115447e-01,9.1816664613e-01,9.7164430880e-01,9.7164430880e-01,9.9862115447e-01,9.1816664613e-01,1.0570428443e+00,1.0570428443e+00,9.9862115447e-01,9.1816664613e-01,1.4223087634e+00,1.4223087634e+00,9.9862115447e-01,9.1816664613e-01,1.0869111656e+00,1.0869111656e+00,9.9862115447e-01,9.1816664613e-01,1.0591919036e+00,1.0591919036e+00,9.9862115447e-01,9.1816664613e-01
2451545.096033,1.0026499666e+00,1.0026499666e+00,1.0080019270e+00,9.2722341452e-01,9.7440945464e-01,9.7440945464e-01,1.0080019270e+00,9.2722341452e-01,9.7203158105e-01,9.7203158105e-01,1.0080019270e+00,9.2722341452e-01,1.0585088689e+00,1.0585088689e+00,1.0080019270e+00,9.2722341452e-01,1.4096916839e+00,1.4096916839e+00,1.0080019270e+00,9.2722341452e-01,1.0863272281e+00,1.0863272281e+00,1.0080019270e+00,9.2722341452e-01,1.0598091888e+00,1.0598091888e+00,1.0080019270e+00,9.2722341452e-01
2451545.096700,1.0027789416e+00,1.0027789416e+00,1.0166028193e+00,9.3561654374e-01,9.7392773152e-01,9.7392773152e-01,1.0166028193e+00,9.3561654374e-01,9.7187838989e-01,9.7187838989e-01,1.0166028193e+00,9.3561654374e-01,1.0592523155e+00,1.0592523155e+00,1.0166028193e+00,9.3561654374e-01,1.3957344633e+00,1.3957344633e+00,1.0166028193e+00,9.3561654374e-01,1.0851434757e+00,1.0851434757e+00,1.0166028193e+00,9.3561654374e-01,1.0603208663e+00,1.0603208663e+00,1.0166028193e+00,9.3561654374e-01
2451545.097367,1.0029070866e+00,1.0029070866e+00,1.0244387930e+00,9.4335943986e-01,9.7329039649e-01,9.7329039649e-01,1.0244387930e+00,9.4335943986e-01,9.7118614073e-01,9.7118614073e-01,1.0244387930e+00,9.4335943986e-01,1.0592827490e+00,1.0592827490e+00,1.0244387930e+00,9.4335943986e-01,1.3803711130e+00,1.3803711130e+00,1.0244387930e+00,9.4335943986e-01,1.0833483330e+00,1.0833483330e+00,1.0244387930e+00,9.4335943986e-01,1.0607237863e+00,1.0607237863e+00,1.0244387930e+00,9.4335943986e-01
2451545.098034,1.0030343511e+00,1.0030343511e+00,1.0315205239e+00,9.5046202181e-01,9.7249727857e-01,9.7249727857e-01,1.0315205239e+00,9.5046202181e-01,9.6995545821e-01,9.6995545821e-01,1.0315205239e+00,9.5046202181e-01,1.0586088646e+00,1.0586088646e+00,1.0315205239e+00,9.5046202181e-01,1.3635210298e+00,1.3635210298e+00,1.0315205239e+00,9.5046202181e-01,1.0809270179e+00,1.0809270179e+00,1.0315205239e+00,9.5046202181e-01,1.0610144998e+00,1.0610144998e+00,1.0315205239e+00,9.5046202181e-01
2451545.098701,1.0031607016e+00,1.0031607016e+00,1.0378549474e+00,9.5693134136e-01,9.7154830654e-01,9.7154830654e-01,1.0378549474e+00,9.5693134136e-01,9.6818563961e-01,9.6818563961e-01,1.0378549474e+00,9.5693134136e-01,1.0572376186e+00,1.0572376186e+00,1.0378549474e+00,9.5693134136e-01,1.3450850095e+00,1.3450850095e+00,1.0378549474e+00,9.5693134136e-01,1.0778610719e+00,1.0778610719e+00,1.0378549474e+00,9.5693134136e-01,1.0611893013e+00,1.0611893013e+00,1.0378549474e+00,9.5693134136e-01
2451545.099367,1.0032858950e+00,1.0032858950e+00,1.0434367646e+00,9.6276267149e-01,9.7044520420e-01,9.7044520420e-01,1.0434367646e+00,9.6276267149e-01,9.6587918347e-01,9.6587918347e-01,1.0434367646e+00,9.6276267149e-01,1.0551781411e+00,1.0551781411e+00,1.0434367646e+00,9.6276267149e-01,1.3249700482e+00,1.3249700482e+00,1.0434367646e+00,9.6276267149e-01,1.0741337576e+00,1.0741337576e+00,1.0434367646e+00,9.6276267149e-01,1.0612440862e+00,1.0612440862e+00,1.0434367646e+00,9.6276267149e-01
2451545.100034,1.0034102750e+00,1.0034102750e+00,1.0482810152e+00,9.6797360284e-01,9.6918472340e-01,9.6918472340e-01,1.0482810152e+00,9.6797360284e-01,9.6383640039e-01,9.6383640039e-01,1.0482810152e+00,9.6797360284e-01,1.0524278233e+00,1.0524278233e+00,1.0482810152e+00,9.6797360284e-01,1.3029547083e+00,1.3029547083e+00,1.0482810152e+00,9.6797360284e-01,1.0705118743e+00,1.0705118743e+00,1.0482810152e+00,9.6797360284e-01,1.0611744506e+00,1.0611744506e+00,1.0482810152e+00,9.6797360284e-01
2451545.100701,1.0035335985e+00,1.0035335985e+00,1.0524894701e+00,9.7267115148e-01,9.6776857370e-01,9.6776857370e-01,1.0524894701e+00,9.7267115148e-01,9.6465068716e-01,9.6465068716e-01,1.0524894701e+00,9.7267115148e-01,1.0489918826e+00,1.0489918826e+00,1.0524894701e+00,9.7267115148e-01,1.2788556393e+00,1.2788556393e+00,1.0524894701e+00,9.7267115148e-01,1.0693875637e+00,1.0693875637e+00,1.0524894701e+00,9.7267115148e-01,1.0609750073e+00,1.0609750073e+00,1.0524894701e+00,9.7267115148e-01
2451545.101368,1.0036558278e+00,1.0036558278e+00,1.0562318514e+00,9.7705036410e-01,9.6619704001e-01,9.6619704001e-01,1.0562318514e+00,9.7705036410e-01,9.6505466834e-01,9.6505466834e-01,1.0562318514e+00,9.7705036410e-01,1.0448707536e+00,1.0448707536e+00,1.0562318514e+00,9.7705036410e-01,1.2523809862e+00,1.2523809862e+00,1.0562318514e+00,9.7705036410e-01,1.0673623187e+00,1.0673623187e+00,1.0562318514e+00,9.7705036410e-01,1.0606397276e+00,1.0606397276e+00,1.0562318514e+00,9.7705036410e-01
2451545.102035,1.0037769251e+00,1.0037769251e+00,1.0616054511e+00,9.8333083630e-01,9.6461369616e-01,9.6461369616e-01,1.0616054511e+00,9.8333083630e-01,9.6504889049e-01,9.6504889049e-01,1.0616054511e+00,9.8333083630e-01,1.0400648712e+00,1.0400648712e+00,1.0616054511e+00,9.8333083630e-01,1.2244258004e+00,1.2244258004e+00,1.0616054511e+00,9.8333083630e-01,1.0643868650e+00,1.0643868650e+00,1.0616054511e+00,9.8333083630e-01,1.0601615283e+00,1.0601615283e+00,1.0616054511e+00,9.8333083630e-01
2451545.102702,1.0038968359e+00,1.0038968359e+00,1.0674999062e+00,9.9024782556e-01,9.6409782476e-01,9.6409782476e-01,1.0674999062e+00,9.9024782556e-01,9.6463335360e-01,9.6463335360e-01,1.0674999062e+00,9.9024782556e-01,1.0345716267e+00,1.0345716267e+00,1.0674999062e+00,9.9024782556e-01,1.2044525593e+00,1.2044525593e+00,1.0674999062e+00,9.9024782556e-01,1.0603961297e+00,1.0603961297e+00,1.0674999062e+00,9.9024782556e-01,1.0595318010e+00,1.0595318010e+00,1.0674999062e+00,9.9024782556e-01
2451545.103369,1.0040155308e+00,1.0040155308e+00,1.0732244054e+00,9.9705136694e-01,9.6344196958e-01,9.6344196958e-01,1.0732244054e+00,9.9705136694e-01,9.6380743305e-01,9.6380743305e-01,1.0732244054e+00,9.9705136694e-01,1.0283884115e+00,1.0283884115e+00,1.0732244054e+00,9.9705136694e-01,1.1806759036e+00,1.1806759036e+00,1.0732244054e+00,9.9705136694e-01,1.0553018884e+00,1.0553018884e+00,1.0732244054e+00,9.9705136694e-01,1.0587399138e+00,1.0587399138e+00,1.0732244054e+00,9.9705136694e-01
2451545.104036,1.0041329596e+00,1.0041329596e+00,1.0792572565e+00,1.0040556894e+00,9.6264527585e-01,9.6264527585e-01,1.0792572565e+00,1.0040556894e+00,9.6978501157e-01,9.6978501157e-01,1.0792572565e+00,1.0040556894e+00,1.0215108781e+00,1.0215108781e+00,1.0792572565e+00,1.0040556894e+00,1.1514819951e+00,1.1514819951e+00,1.0792572565e+00,1.0040556894e+00,1.0566050718e+00,1.0566050718e+00,1.0792572565e+00,1.0040556894e+00,1.0577723273e+00,1.0577723273e+00,1.0792572565e+00,1.0040556894e+00
2451545.104703,1.0042490846e+00,1.0042490846e+00,1.0847017687e+00,1.0103259327e+00,9.6199380852e-01,9.6199380852e-01,1.0847017687e+00,1.0103259327e+00,9.7574783314e-01,9.7574783314e-01,1.0847017687e+00,1.0103259327e+00,1.0139333745e+00,1.0139333745e+00,1.0847017687e+00,1.0103259327e+00,1.1165918222e+00,1.1165918222e+00,1.0847017687e+00,1.0103259327e+00,1.0578836182e+00,1.0578836182e+00,1.0847017687e+00,1.0103259327e+00,1.0566113260e+00,1.0566113260e+00,1.0847017687e+00,1.0103259327e+00
2451545.105370,1.0043638637e+00,1.0043638637e+00,1.0895692411e+00,1.0158748055e+00,9.6372622525e-01,9.6372622525e-01,1.0895692411e+00,1.0158748055e+00,9.8087450580e-01,9.8087450580e-01,1.0895692411e+00,1.0158748055e+00,1.0056489444e+00,1.0056489444e+00,1.0895692411e+00,1.0158748055e+00,1.1053875156e+00,1.1053875156e+00,1.0895692411e+00,1.0158748055e+00,1.0580430161e+00,1.0580430161e+00,1.0895692411e+00,1.0158748055e+00,1.0552329238e+00,1.0552329238e+00,1.0895692411e+00,1.0158748055e+00
2451545.106036,1.0044770916e+00,1.0044770916e+00,1.0938617777e+00,1.0207015328e+00,9.6519611186e-01,9.6519611186e-01,1.0938617777e+00,1.0207015328e+00,9.8518884367e-01,9.8518884367e-01,1.0938617777e+00,1.0207015328e+00,9.9666237029e-01,9.9666237029e-01,1.0938617777e+00,1.0207015328e+00,1.0986531511e+00,1.0986531511e+00,1.0938617777e+00,1.0207015328e+00,1.0566268150e+00,1.0566268150e+00,1.0938617777e+00,1.0207015328e+00,1.0536060513e+00,1.0536060513e+00,1.0938617777e+00,1.0207015328e+00
2451545.106703,1.0045890659e+00,1.0045890659e+00,1.0975973016e+00,1.0248189784e+00,9.6607902397e-01,9.6607902397e-01,1.0975973016e+00,1.0248189784e+00,9.8872910550e-01,9.8872910550e-01,1.0975973016e+00,1.0248189784e+00,9.8693756673e-01,9.8693756673e-01,1.0975973016e+00,1.0248189784e+00,1.0906136326e+00,1.0906136326e+00,1.0975973016e+00,1.0248189784e+00,1.0526496105e+00,1.0526496105e+00,1.0975973016e+00,1.0248189784e+00,1.0516766645e+00,1.0516766645e+00,1.0975973016e+00,1.0248189784e+00
2451545.107370,1.0046995770e+00,1.0046995770e+00,1.1007706695e+00,1.0282094740e+00,9.6730880407e-01,9.6730880407e-01,1.1007706695e+00,1.0282094740e+00,9.9701017316e-01,9.9701017316e-01,1.1007706695e+00,1.0282094740e+00,9.7647540325e-01,9.7647540325e-01,1.1007706695e+00,1.0282094740e+00,1.0882756929e+00,1.0882756929e+00,1.1007706695e+00,1.0282094740e+00,1.0523900218e+00,1.0523900218e+00,1.1007706695e+00,1.0282094740e+00,1.0493713654e+00,1.0493713654e+00,1.1007706695e+00,1.0282094740e+00
2451545.108037,1.0048085830e+00,1.0048085830e+00,1.1033800112e+00,1.0308538793e+00,9.6917607592e-01,9.6917607592e-01,1.1033800112e+00,1.0308538793e+00,1.0037355151e+00,1.0037355151e+00,1.1033800112e+00,1.0308538793e+00,9.6526370644e-01,9.6526370644e-01,1.1033800112e+00,1.0308538793e+00,1.0927305774e+00,1.0927305774e+00,1.1033800112e+00,1.0308538793e+00,1.0536336070e+00,1.0536336070e+00,1.1033800112e+00,1.0308538793e+00,1.0465669734e+00,1.0465669734e+00,1.1033800112e+00,1.0308538793e+00
2451545.108704,1.0049160503e+00,1.0049160503e+00,1.1054194824e+00,1.0327218949e+00,9.7155947561e-01,9.7155947561e-01,1.1054194824e+00,1.0327218949e+00,1.0082104616e+00,1.0082104616e+00,1.1054194824e+00,1.0327218949e+00,9.5328769433e-01,9.5328769433e-01,1.1054194824e+00,1.0327218949e+00,1.1023542614e+00,1.1023542614e+00,1.1054194824e+00,1.0327218949e+00,1.0544747869e+00,1.0544747869e+00,1.1054194824e+00,1.0327218949e+00,1.0430473703e+00,1.0430473703e+00,1.1054194824e+00,1.0327218949e+00
2451545.109371,1.0050219371e+00,1.0050219371e+00,1.1068786410e+00,1.0337690406e+00,9.7416786652e-01,9.7416786652e-01,1.1068786410e+00,1.0337690406e+00,1.0116842001e+00,1.0116842001e+00,1.1068786410e+00,1.0337690406e+00,9.5229164976e-01,9.5229164976e-01,1.1068786410e+00,1.0337690406e+00,1.1143774449e+00,1.1143774449e+00,1.1068786410e+00,1.0337690406e+00,1.0554928061e+00,1.0554928061e+00,1.1068786410e+00,1.0337690406e+00,1.0399844317e+00,1.0399844317e+00,1.1068786410e+00,1.0337690406e+00
2451545.110038,1.0051262097e+00,1.0051262097e+00,1.1077415121e+00,1.0339325482e+00,9.7686341606e-01,9.7686341606e-01,1.1077415121e+00,1.0339325482e+00,1.0141450186e+00,1.0141450186e+00,1.1077415121e+00,1.0339325482e+00,9.5882224142e-01,9.5882224142e-01,1.1077415121e+00,1.0339325482e+00,1.1274077271e+00,1.1274077271e+00,1.1077415121e+00,1.0339325482e+00,1.0562994940e+00,1.0562994940e+00,1.1077415121e+00,1.0339325482e+00,1.0383852081e+00,1.0383852081e+00,1.1077415121e+00,1.0339325482e+00
2451545.110705,1.0052288305e+00,1.0052288305e+00,1.1082107027e+00,1.0333488805e+00,9.7938360836e-01,9.7938360836e-01,1.1082107027e+00,1.0333488805e+00,1.0155658236e+00,1.0155658236e+00,1.1082107027e+00,1.0333488805e+00,9.5893354103e-01,9.5893354103e-01,1.1082107027e+00,1.0333488805e+00,1.1388857308e+00,1.1388857308e+00,1.1082107027e+00,1.0333488805e+00,1.0566745249e+00,1.0566745249e+00,1.1082107027e+00,1.0333488805e+00,1.0366600961e+00,1.0366600961e+00,1.1082107027e+00,1.0333488805e+00
2451545.111372,1.0053297616e+00,1.0053297616e+00,1.1088994879e+00,1.0325306453e+00,9.8217385281e-01,9.8217385281e-01,1.1088994879e+00,1.0325306453e+00,1.0160626409e+00,1.0160626409e+00,1.1088994879e+00,1.0325306453e+00,9.5465980986e-01,9.5465980986e-01,1.1088994879e+00,1.0325306453e+00,1.1527074316e+00,1.1527074316e+00,1.1088994879e+00,1.0325306453e+00,1.0566167255e+00,1.0566167255e+00,1.1088994879e+00,1.0325306453e+00,1.0348081265e+00,1.0348081265e+00,1.1088994879e+00,1.0325306453e+00
2451545.112039,1.0054289697e+00,1.0054289697e+00,1.1130615770e+00,1.0347438091e+00,9.8508128701e-01,9.8508128701e-01,1.1130615770e+00,1.0347438091e+00,1.0157095672e+00,1.0157095672e+00,1.1130615770e+00,1.0347438091e+00,9.4713447792e-01,9.4713447792e-01,1.1130615770e+00,1.0347438091e+00,1.1671717446e+00,1.1671717446e+00,1.1130615770e+00,1.0347438091e+00,1.0561240624e+00,1.0561240624e+00,1.1130615770e+00,1.0347438091e+00,1.0328283444e+00,1.0328283444e+00,1.1130615770e+00,1.0347438091e+00
2451545.112705,1.0055262743e+00,1.0055262743e+00,1.1172926303e+00,1.0367161286e+00,9.8784115843e-01,9.8784115843e-01,1.1172926303e+00,1.0367161286e+00,1.0146706469e+00,1.0146706469e+00,1.1172926303e+00,1.0367161286e+00,9.4025129257e-01,9.4025129257e-01,1.1172926303e+00,1.0367161286e+00,1.1798131822e+00,1.1798131822e+00,1.1172926303e+00,1.0367161286e+00,1.0553068940e+00,1.0553068940e+00,1.1172926303e+00,1.0367161286e+00,1.0310756689e+00,1.0310756689e+00,1.1172926303e+00,1.0367161286e+00
2451545.113372,1.0056219354e+00,1.0056219354e+00,1.1207908704e+00,1.0374355618e+00,9.9046623171e-01,9.9046623171e-01,1.1207908704e+00,1.0374355618e+00,1.0134818148e+00,1.0134818148e+00,1.1207908704e+00,1.0374355618e+00,9.3221641709e-01,9.3221641709e-01,1.1207908704e+00,1.0374355618e+00,1.1906676172e+00,1.1906676172e+00,1.1207908704e+00,1.0374355618e+00,1.0546348887e+00,1.0546348887e+00,1.1207908704e+00,1.0374355618e+00,1.0292857528e+00,1.0292857528e+00,1.1207908704e+00,1.0374355618e+00
2451545.114039,1.0057157686e+00,1.0057157686e+00,1.1236117024e+00,1.0366607220e+00,9.9295559510e-01,9.9295559510e-01,1.1236117024e+00,1.0366607220e+00,1.0124747508e+00,1.0124747508e+00,1.1236117024e+00,1.0366607220e+00,9.2248291825e-01,9.2248291825e-01,1.1236117024e+00,1.0366607220e+00,1.1997027198e+00,1.1997027198e+00,1.1236117024e+00,1.0366607220e+00,1.0543273555e+00,1.0543273555e+00,1.1236117024e+00,1.0366607220e+00,1.0273662569e+00,1.0273662569e+00,1.1236117024e+00,1.0366607220e+00
2451545.114706,1.0058077445e+00,1.0058077445e+00,1.1258008689e+00,1.0339545558e+00,9.9531175594e-01,9.9531175594e-01,1.1258008689e+00,1.0339545558e+00,1.0108143991e+00,1.0108143991e+00,1.1258008689e+00,1.0339545558e+00,9.1123600555e-01,9.1123600555e-01,1.1258008689e+00,1.0339545558e+00,1.2068950176e+00,1.2068950176e+00,1.1258008689e+00,1.0339545558e+00,1.0535004105e+00,1.0535004105e+00,1.1258008689e+00,1.0339545558e+00,1.0253159557e+00,1.0253159557e+00,1.1258008689e+00,1.0339545558e+00
2451545.115373,1.0058978296e+00,1.0058978296e+00,1.1273921115e+00,1.0284607022e+00,9.9753655199e-01,9.9753655199e-01,1.1273921115e+00,1.0284607022e+00,1.0104750674e+00,1.0104750674e+00,1.1273921115e+00,1.0284607022e+00,8.9859784771e-01,8.9859784771e-01,1.1273921115e+00,1.0284607022e+00,1.2122055374e+00,1.2122055374e+00,1.1273921115e+00,1.0284607022e+00,1.0540819234e+00,1.0540819234e+00,1.1273921115e+00,1.0284607022e+00,1.0231336233e+00,1.0231336233e+00,1.1273921115e+00,1.0284607022e+00
2451545.116040,1.0059859861e+00,1.0059859861e+00,1.1310092662e+00,1.0213754784e+00,9.9963140788e-01,9.9963140788e-01,1.1310092662e+00,1.0213754784e+00,1.0119616931e+00,1.0119616931e+00,1.1310092662e+00,1.0213754784e+00,8.8465018038e-01,8.8465018038e-01,1.1310092662e+00,1.0213754784e+00,1.2155775913e+00,1.2155775913e+00,1.1310092662e+00,1.0213754784e+00,1.0563197511e+00,1.0563197511e+00,1.1310092662e+00,1.0213754784e+00,1.0208180770e+00,1.0208180770e+00,1.1310092662e+00,1.0213754784e+00
2451545.116707,1.0060721931e+00,1.0060721931e+00,1.1386816738e+00,1.0190083385e+00,1.0015973636e+00,1.0015973636e+00,1.1386816738e+00,1.0190083385e+00,1.0129952260e+00,1.0129952260e+00,1.1386816738e+00,1.0190083385e+00,8.8705051301e-01,8.8705051301e-01,1.1386816738e+00,1.0190083385e+00,1.2169310187e+00,1.2169310187e+00,1.1386816738e+00,1.0190083385e+00,1.0578704785e+00,1.0578704785e+00,1.1386816738e+00,1.0190083385e+00,1.0203785292e+00,1.0203785292e+00,1.1386816738e+00,1.0190083385e+00
2451545.117374,1.0061564128e+00,1.0061564128e+00,1.1438337309e+00,1.0143813074e+00,1.0034352454e+00,1.0034352454e+00,1.1438337309e+00,1.0143813074e+00,1.0135862846e+00,1.0135862846e+00,1.1438337309e+00,1.0143813074e+00,8.8771613686e-01,8.8771613686e-01,1.1438337309e+00,1.0143813074e+00,1.2161533294e+00,1.2161533294e+00,1.1438337309e+00,1.0143813074e+00,1.0587318372e+00,1.0587318372e+00,1.1438337309e+00,1.0143813074e+00,1.0198290838e+00,1.0198290838e+00,1.1438337309e+00,1.0143813074e+00
2451545.118041,1.0062386201e+00,1.0062386201e+00,1.1517126416e+00,1.0118120691e+00,1.0051456801e+00,1.0051456801e+00,1.1517126416e+00,1.0118120691e+00,1.0137433017e+00,1.0137433017e+00,1.1517126416e+00,1.0118120691e+00,8.8644271279e-01,8.8644271279e-01,1.1517126416e+00,1.0118120691e+00,1.2130890740e+00,1.2130890740e+00,1.1517126416e+00,1.0118120691e+00,1.0588978832e+00,1.0588978832e+00,1.1517126416e+00,1.0118120691e+00,1.0191389563e+00,1.0191389563e+00,1.1517126416e+00,1.0118120691e+00
2451545.118707,1.0063186640e+00,1.0063186640e+00,1.1586489632e+00,1.0111507546e+00,1.0067268871e+00,1.0067268871e+00,1.1586489632e+00,1.0111507546e+00,1.0134737727e+00,1.0134737727e+00,1.1586489632e+00,1.0111507546e+00,8.8326110905e-01,8.8326110905e-01,1.1586489632e+00,1.0111507546e+00,1.2075256722e+00,1.2075256722e+00,1.1586489632e+00,1.0111507546e+00,1.0583600130e+00,1.0583600130e+00,1.1586489632e+00,1.0111507546e+00,1.0183057952e+00,1.0183057952e+00,1.1586489632e+00,1.0111507546e+00
2451545.119374,1.0063967584e+00,1.0063967584e+00,1.1631118454e+00,1.0097248293e+00,1.0081840375e+00,1.0081840375e+00,1.1631118454e+00,1.0097248293e+00,1.0127820701e+00,1.0127820701e+00,1.1631118454e+00,1.0097248293e+00,8.7817306470e-01,8.7817306470e-01,1.1631118454e+00,1.0097248293e+00,1.1991243245e+00,1.1991243245e+00,1.1631118454e+00,1.0097248293e+00,1.0571010199e+00,1.0571010199e+00,1.1631118454e+00,1.0097248293e+00,1.0173230730e+00,1.0173230730e+00,1.1631118454e+00,1.0097248293e+00
2451545.120041,1.0064727524e+00,1.0064727524e+00,1.1658406472e+00,1.0074460300e+00,1.0095149803e+00,1.0095149803e+00,1.1658406472e+00,1.0074460300e+00,1.0116723320e+00,1.0116723320e+00,1.1658406472e+00,1.0074460300e+00,8.7118118832e-01,8.7118118832e-01,1.1658406472e+00,1.0074460300e+00,1.1874022964e+00,1.1874022964e+00,1.1658406472e+00,1.0074460300e+00,1.0550983002e+00,1.0550983002e+00,1.1658406472e+00,1.0074460300e+00,1.0161874689e+00,1.0161874689e+00,1.1658406472e+00,1.0074460300e+00
2451545.120708,1.0065466207e+00,1.0065466207e+00,1.1698150133e+00,1.0071805434e+00,1.0115727104e+00,1.0115727104e+00,1.1698150133e+00,1.0071805434e+00,1.0101471352e+00,1.0101471352e+00,1.1698150133e+00,1.0071805434e+00,8.6227591511e-01,8.6227591511e-01,1.1698150133e+00,1.0071805434e+00,1.1816125853e+00,1.1816125853e+00,1.1698150133e+00,1.0071805434e+00,1.0523185352e+00,1.0523185352e+00,1.1698150133e+00,1.0071805434e+00,1.0148939662e+00,1.0148939662e+00,1.1698150133e+00,1.0071805434e+00
2451545.121375,1.0066183383e+00,1.0066183383e+00,1.1727498507e+00,1.0070722874e+00,1.0135336515e+00,1.0135336515e+00,1.1727498507e+00,1.0070722874e+00,1.0082081192e+00,1.0082081192e+00,1.1727498507e+00,1.0070722874e+00,8.5143594161e-01,8.5143594161e-01,1.1727498507e+00,1.0070722874e+00,1.1758848767e+00,1.1758848767e+00,1.1727498507e+00,1.0070722874e+00,1.0487127638e+00,1.0487127638e+00,1.1727498507e+00,1.0070722874e+00,1.0134367929e+00,1.0134367929e+00,1.1727498507e+00,1.0070722874e+00
2451545.122042,1.0066878757e+00,1.0066878757e+00,1.1743022863e+00,1.0065677388e+00,1.0152432457e+00,1.0152432457e+00,1.1743022863e+00,1.0065677388e+00,1.0058559868e+00,1.0058559868e+00,1.1743022863e+00,1.0065677388e+00,8.4211155580e-01,8.4211155580e-01,1.1743022863e+00,1.0065677388e+00,1.1683391644e+00,1.1683391644e+00,1.1743022863e+00,1.0065677388e+00,1.0442070746e+00,1.0442070746e+00,1.1743022863e+00,1.0065677388e+00,1.0121916902e+00,1.0121916902e+00,1.1743022863e+00,1.0065677388e+00
2451545.122709,1.0067552121e+00,1.0067552121e+00,1.1746176516e+00,1.0056665875e+00,1.0176343241e+00,1.0176343241e+00,1.1746176516e+00,1.0056665875e+00,1.0030901134e+00,1.0030901134e+00,1.1746176516e+00,1.0056665875e+00,8.4164288009e-01,8.4164288009e-01,1.1746176516e+00,1.0056665875e+00,1.1674100116e+00,1.1674100116e+00,1.1746176516e+00,1.0056665875e+00,1.0386843830e+00,1.0386843830e+00,1.1746176516e+00,1.0056665875e+00,1.0119275426e+00,1.0119275426e+00,1.1746176516e+00,1.0056665875e+00
2451545.123376,1.0068203222e+00,1.0068203222e+00,1.1737828336e+00,1.0043672836e+00,1.0198845497e+00,1.0198845497e+00,1.1737828336e+00,1.0043672836e+00,9.9990940571e-01,9.9990940571e-01,1.1737828336e+00,1.0043672836e+00,8.4615747058e-01,8.4615747058e-01,1.1737828336e+00,1.0043672836e+00,1.1657412568e+00,1.1657412568e+00,1.1737828336e+00,1.0043672836e+00,1.0319466539e+00,1.0319466539e+00,1.1737828336e+00,1.0043672836e+00,1.0121258457e+00,1.0121258457e+00,1.1737828336e+00,1.0043672836e+00
2451545.124043,1.0068831851e+00,1.0068831851e+00,1.1718413930e+00,1.0026672701e+00,1.0219268512e+00,1.0219268512e+00,1.1718413930e+00,1.0026672701e+00,9.9828832776e-01,9.9828832776e-01,1.1718413930e+00,1.0026672701e+00,8.4960558472e-01,8.4960558472e-01,1.1718413930e+00,1.0026672701e+00,1.1624927652e+00,1.1624927652e+00,1.1718413930e+00,1.0026672701e+00,1.0261891671e+00,1.0261891671e+00,1.1718413930e+00,1.0026672701e+00,1.0120870089e+00,1.0120870089e+00,1.1718413930e+00,1.0026672701e+00
2451545.124710,1.0069437757e+00,1.0069437757e+00,1.1688014339e+00,1.0005630596e+00,1.0240023464e+00,1.0240023464e+00,1.1688014339e+00,1.0005630596e+00,9.9841973486e-01,9.9841973486e-01,1.1688014339e+00,1.0005630596e+00,8.5198461392e-01,8.5198461392e-01,1.1688014339e+00,1.0005630596e+00,1.1596534905e+00,1.1596534905e+00,1.1688014339e+00,1.0005630596e+00,1.0226085802e+00,1.0226085802e+00,1.1688014339e+00,1.0005630596e+00,1.0117940435e+00,1.0117940435e+00,1.1688014339e+00,1.0005630596e+00
2451545.125376,1.0070019849e+00,1.0070019849e+00,1.1646455009e+00,9.9805387744e-01,1.0269414215e+00,1.0269414215e+00,1.1646455009e+00,9.9805387744e-01,9.9762395284e-01,9.9762395284e-01,1.1646455009e+00,9.9805387744e-01,8.5328499336e-01,8.5328499336e-01,1.1646455009e+00,9.9805387744e-01,1.1651261028e+00,1.1651261028e+00,1.1646455009e+00,9.9805387744e-01,1.0183914967e+00,1.0183914967e+00,1.1646455009e+00,9.9805387744e-01,1.0112253721e+00,1.0112253721e+00,1.1646455009e+00,9.9805387744e-01
2451545.126043,1.0070579720e+00,1.0070579720e+00,1.1593028376e+00,9.9512662736e-01,1.0296776157e+00,1.0296776157e+00,1.1593028376e+00,9.9512662736e-01,9.9603488732e-01,9.9603488732e-01,1.1593028376e+00,9.9512662736e-01,8.5592792437e-01,8.5592792437e-01,1.1593028376e+00,9.9512662736e-01,1.1691456406e+00,1.1691456406e+00,1.1593028376e+00,9.9512662736e-01,1.0135012346e+00,1.0135012346e+00,1.1593028376e+00,9.9512662736e-01,1.0106204577e+00,1.0106204577e+00,1.1593028376e+00,9.9512662736e-01
2451545.126710,1.0071116282e+00,1.0071116282e+00,1.1527212338e+00,9.9181780800e-01,1.0322125671e+00,1.0322125671e+00,1.1527212338e+00,9.9181780800e-01,9.9373350631e-01,9.9373350631e-01,1.1527212338e+00,9.9181780800e-01,8.7659661005e-01,8.7659661005e-01,1.1527212338e+00,9.9181780800e-01,1.1713896907e+00,1.1713896907e+00,1.1527212338e+00,9.9181780800e-01,1.0079106542e+00,1.0079106542e+00,1.1527212338e+00,9.9181780800e-01,1.0119043687e+00,1.0119043687e+00,1.1527212338e+00,9.9181780800e-01
2451545.127377,1.0071629281e+00,1.0071629281e+00,1.1507314792e+00,9.9321909095e-01,1.0345515327e+00,1.0345515327e+00,1.1507314792e+00,9.9321909095e-01,9.9076931197e-01,9.9076931197e-01,1.1507314792e+00,9.9321909095e-01,8.9932694712e-01,8.9932694712e-01,1.1507314792e+00,9.9321909095e-01,1.1713046586e+00,1.1713046586e+00,1.1507314792e+00,9.9321909095e-01,1.0015720455e+00,1.0015720455e+00,1.1507314792e+00,9.9321909095e-01,1.0133609434e+00,1.0133609434e+00,1.1507314792e+00,9.9321909095e-01
2451545.128044,1.0072118592e+00,1.0072118592e+00,1.1481689708e+00,9.9351138975e-01,1.0366990000e+00,1.0366990000e+00,1.1481689708e+00,9.9351138975e-01,9.8717314551e-01,9.8717314551e-01,1.1481689708e+00,9.9351138975e-01,9.2213945461e-01,9.2213945461e-01,1.1481689708e+00,9.9351138975e-01,1.1677895559e+00,1.1677895559e+00,1.1481689708e+00,9.9351138975e-01,9.9441118459e-01,9.9441118459e-01,1.1481689708e+00,9.9351138975e-01,1.0150457079e+00,1.0150457079e+00,1.1481689708e+00,9.9351138975e-01
2451545.128711,1.0072584047e+00,1.0072584047e+00,1.1450446182e+00,9.9280505264e-01,1.0392595235e+00,1.0392595235e+00,1.1450446182e+00,9.9280505264e-01,9.8296390209e-01,9.8296390209e-01,1.1450446182e+00,9.9280505264e-01,9.4158210550e-01,9.4158210550e-01,1.1450446182e+00,9.9280505264e-01,1.1679662632e+00,1.1679662632e+00,1.1450446182e+00,9.9280505264e-01,9.8629815971e-01,9.8629815971e-01,1.1450446182e+00,9.9280505264e-01,1.0165482170e+00,1.0165482170e+00,1.1450446182e+00,9.9280505264e-01
2451545.129378,1.0073025438e+00,1.0073025438e+00,1.1413655125e+00,9.9118198836e-01,1.0414210804e+00,1.0414210804e+00,1.1413655125e+00,9.9118198836e-01,9.7815227853e-01,9.7815227853e-01,1.1413655125e+00,9.9118198836e-01,9.5800749349e-01,9.5800749349e-01,1.1413655125e+00,9.9118198836e-01,1.1658838627e+00,1.1658838627e+00,1.1413655125e+00,9.9118198836e-01,9.7696446597e-01,9.7696446597e-01,1.1413655125e+00,9.9118198836e-01,1.0178489027e+00,1.0178489027e+00,1.1413655125e+00,9.9118198836e-01
2451545.130045,1.0073442595e+00,1.0073442595e+00,1.1371355502e+00,9.8870295044e-01,1.0432845485e+00,1.0432845485e+00,1.1371355502e+00,9.8870295044e-01,9.7363462273e-01,9.7363462273e-01,1.1371355502e+00,9.8870295044e-01,9.7163691349e-01,9.7163691349e-01,1.1371355502e+00,9.8870295044e-01,1.1605937152e+00,1.1605937152e+00,1.1371355502e+00,9.8870295044e-01,9.6702211939e-01,9.6702211939e-01,1.1371355502e+00,9.8870295044e-01,1.0189159544e+00,1.0189159544e+00,1.1371355502e+00,9.8870295044e-01
2451545.130712,1.0073835436e+00,1.0073835436e+00,1.1323556663e+00,9.8541234164e-01,1.0454500943e+00,1.0454500943e+00,1.1323556663e+00,9.8541234164e-01,9.7011911197e-01,9.7011911197e-01,1.1323556663e+00,9.8541234164e-01,9.8541502283e-01,9.8541502283e-01,1.1323556663e+00,9.8541234164e-01,1.1562787794e+00,1.1562787794e+00,1.1323556663e+00,9.8541234164e-01,9.5842464375e-01,9.5842464375e-01,1.1323556663e+00,9.8541234164e-01,1.0200008211e+00,1.0200008211e+00,1.1323556663e+00,9.8541234164e-01
2451545.131378,1.0074203206e+00,1.0074203206e+00,1.1270328740e+00,9.8134852037e-01,1.0479023605e+00,1.0479023605e+00,1.1270328740e+00,9.8134852037e-01,9.6683260716e-01,9.6683260716e-01,1.1270328740e+00,9.8134852037e-01,1.0039559730e+00,1.0039559730e+00,1.1270328740e+00,9.8134852037e-01,1.1585671170e+00,1.1585671170e+00,1.1270328740e+00,9.8134852037e-01,9.5017380772e-01,9.5017380772e-01,1.1270328740e+00,9.8134852037e-01,1.0213957414e+00,1.0213957414e+00,1.1270328740e+00,9.8134852037e-01
2451545.132045,1.0074546952e+00,1.0074546952e+00,1.1211475362e+00,9.7652070813e-01,1.0498862950e+00,1.0498862950e+00,1.1211475362e+00,9.7652070813e-01,9.6261251075e-01,9.6261251075e-01,1.1211475362e+00,9.7652070813e-01,1.0260193819e+00,1.0260193819e+00,1.1211475362e+00,9.7652070813e-01,1.1604134649e+00,1.1604134649e+00,1.1211475362e+00,9.7652070813e-01,9.4056629060e-01,9.4056629060e-01,1.1211475362e+00,9.7652070813e-01,1.0231262407e+00,1.0231262407e+00,1.1211475362e+00,9.7652070813e-01
2451545.132712,1.0074865962e+00,1.0074865962e+00,1.1147012114e+00,9.7094727047e-01,1.0514926608e+00,1.0514926608e+00,1.1147012114e+00,9.7094727047e-01,9.5861533012e-01,9.5861533012e-01,1.1147012114e+00,9.7094727047e-01,1.0445185947e+00,1.0445185947e+00,1.1147012114e+00,9.7094727047e-01,1.1615334969e+00,1.1615334969e+00,1.1147012114e+00,9.7094727047e-01,9.3010985058e-01,9.3010985058e-01,1.1147012114e+00,9.7094727047e-01,1.0245695326e+00,1.0245695326e+00,1.1147012114e+00,9.7094727047e-01
2451545.133379,1.0075160069e+00,1.0075160069e+00,1.1076861070e+00,9.6463409676e-01,1.0527918059e+00,1.0527918059e+00,1.1076861070e+00,9.6463409676e-01,9.5537301807e-01,9.5537301807e-01,1.1076861070e+00,9.6463409676e-01,1.0604061795e+00,1.0604061795e+00,1.1076861070e+00,9.6463409676e-01,1.1619183557e+00,1.1619183557e+00,1.1076861070e+00,9.6463409676e-01,9.2133702160e-01,9.2133702160e-01,1.1076861070e+00,9.6463409676e-01,1.0256800388e+00,1.0256800388e+00,1.1076861070e+00,9.6463409676e-01
2451545.134046,1.0075429230e+00,1.0075429230e+00,1.1002461516e+00,9.5772849878e-01,1.0538267969e+00,1.0538267969e+00,1.1002461516e+00,9.5772849878e-01,9.5038587273e-01,9.5038587273e-01,1.1002461516e+00,9.5772849878e-01,1.0741525510e+00,1.0741525510e+00,1.1002461516e+00,9.5772849878e-01,1.1615574122e+00,1.1615574122e+00,1.1002461516e+00,9.5772849878e-01,9.1188374033e-01,9.1188374033e-01,1.1002461516e+00,9.5772849878e-01,1.0263740570e+00,1.0263740570e+00,1.1002461516e+00,9.5772849878e-01
2451545.134713,1.0075673319e+00,1.0075673319e+00,1.0922215978e+00,9.5007216092e-01,1.0546258270e+00,1.0546258270e+00,1.0922215978e+00,9.5007216092e-01,9.4410558161e-01,9.4410558161e-01,1.0922215978e+00,9.5007216092e-01,1.0881658677e+00,1.0881658677e+00,1.0922215978e+00,9.5007216092e-01,1.1604391516e+00,1.1604391516e+00,1.0922215978e+00,9.5007216092e-01,9.0172615183e-01,9.0172615183e-01,1.0922215978e+00,9.5007216092e-01,1.0267436272e+00,1.0267436272e+00,1.0922215978e+00,9.5007216092e-01
2451545.135380,1.0075892253e+00,1.0075892253e+00,1.0835987305e+00,9.4165361442e-01,1.0552083567e+00,1.0552083567e+00,1.0835987305e+00,9.4165361442e-01,9.3673312025e-01,9.3673312025e-01,1.0835987305e+00,9.4165361442e-01,1.1083571824e+00,1.1083571824e+00,1.0835987305e+00,9.4165361442e-01,1.1585494020e+00,1.1585494020e+00,1.0835987305e+00,9.4165361442e-01,8.9083797656e-01,8.9083797656e-01,1.0835987305e+00,9.4165361442e-01,1.0279735087e+00,1.0279735087e+00,1.0835987305e+00,9.4165361442e-01
2451545.136047,1.0076085991e+00,1.0076085991e+00,1.0743620425e+00,9.3245681847e-01,1.0555885182e+00,1.0555885182e+00,1.0743620425e+00,9.3245681847e-01,9.2836468210e-01,9.2836468210e-01,1.0743620425e+00,9.3245681847e-01,1.1239069555e+00,1.1239069555e+00,1.0743620425e+00,9.3245681847e-01,1.1558731055e+00,1.1558731055e+00,1.0743620425e+00,9.3245681847e-01,8.7919051038e-01,8.7919051038e-01,1.0743620425e+00,9.3245681847e-01,1.0290358429e+00,1.0290358429e+00,1.0743620425e+00,9.3245681847e-01
2451545.136714,1.0076254363e+00,1.0076254363e+00,1.0644941565e+00,9.2246100530e-01,1.0557769107e+00,1.0557769107e+00,1.0644941565e+00,9.2246100530e-01,9.1904555302e-01,9.1904555302e-01,1.0644941565e+00,9.2246100530e-01,1.1360855677e+00,1.1360855677e+00,1.0644941565e+00,9.2246100530e-01,1.1523925471e+00,1.1523925471e+00,1.0644941565e+00,9.2246100530e-01,8.6675246814e-01,8.6675246814e-01,1.0644941565e+00,9.2246100530e-01,1.0299329245e+00,1.0299329245e+00,1.0644941565e+00,9.2246100530e-01
2451545.137381,1.0076397412e+00,1.0076397412e+00,1.0542521492e+00,9.1192003781e-01,1.0557818399e+00,1.0557818399e+00,1.0542521492e+00,9.1192003781e-01,9.0879205154e-01,9.0879205154e-01,1.0542521492e+00,9.1192003781e-01,1.1455816853e+00,1.1455816853e+00,1.0542521492e+00,9.1192003781e-01,1.1480873546e+00,1.1480873546e+00,1.0542521492e+00,9.1192003781e-01,8.5348951436e-01,8.5348951436e-01,1.0542521492e+00,9.1192003781e-01,1.0306668771e+00,1.0306668771e+00,1.0542521492e+00,9.1192003781e-01
2451545.138047,1.0076514845e+00,1.0076514845e+00,1.0462433363e+00,9.0341105846e-01,1.0556103719e+00,1.0556103719e+00,1.0462433363e+00,9.0341105846e-01,8.9913632353e-01,8.9913632353e-01,1.0462433363e+00,9.0341105846e-01,1.1527918133e+00,1.1527918133e+00,1.0462433363e+00,9.0341105846e-01,1.1429446846e+00,1.1429446846e+00,1.0462433363e+00,9.0341105846e-01,8.4091890124e-01,8.4091890124e-01,1.0462433363e+00,9.0341105846e-01,1.0312388265e+00,1.0312388265e+00,1.0462433363e+00,9.0341105846e-01
2451545.138714,1.0076607039e+00,1.0076607039e+00,1.0420478171e+00,8.9857038259e-01,1.0552674786e+00,1.0552674786e+00,1.0420478171e+00,8.9857038259e-01,8.9951274279e-01,8.9951274279e-01,1.0420478171e+00,8.9857038259e-01,1.1579881139e+00,1.1579881139e+00,1.0420478171e+00,8.9857038259e-01,1.1369237925e+00,1.1369237925e+00,1.0420478171e+00,8.9857038259e-01,8.3864838053e-01,8.3864838053e-01,1.0420478171e+00,8.9857038259e-01,1.0316521647e+00,1.0316521647e+00,1.0420478171e+00,8.9857038259e-01
2451545.139381,1.0076673743e+00,1.0076673743e+00,1.0373584049e+00,8.9323833167e-01,1.0547579183e+00,1.0547579183e+00,1.0373584049e+00,8.9323833167e-01,9.0008849796e-01,9.0008849796e-01,1.0373584049e+00,8.9323833167e-01,1.1613197112e+00,1.1613197112e+00,1.0373584049e+00,8.9323833167e-01,1.1300043060e+00,1.1300043060e+00,1.0373584049e+00,8.9323833167e-01,8.3665269999e-01,8.3665269999e-01,1.0373584049e+00,8.9323833167e-01,1.0319074049e+00,1.0319074049e+00,1.0373584049e+00,8.9323833167e-01
2451545.140048,1.0076714913e+00,1.0076714913e+00,1.0376231964e+00,8.9318726462e-01,1.0544483470e+00,1.0544483470e+00,1.0376231964e+00,8.9318726462e-01,8.9969294932e-01,8.9969294932e-01,1.0376231964e+00,8.9318726462e-01,1.1628892097e+00,1.1628892097e+00,1.0376231964e+00,8.9318726462e-01,1.1255064627e+00,1.1255064627e+00,1.0376231964e+00,8.9318726462e-01,8.3373793957e-01,8.3373793957e-01,1.0376231964e+00,8.9318726462e-01,1.0320058581e+00,1.0320058581e+00,1.0376231964e+00,8.9318726462e-01
2451545.140715,1.0076730510e+00,1.0076730510e+00,1.0446167155e+00,9.0025923734e-01,1.0542340833e+00,1.0542340833e+00,1.0446167155e+00,9.0025923734e-01,9.0024504652e-01,9.0024504652e-01,1.0446167155e+00,9.0025923734e-01,1.1627609542e+00,1.1627609542e+00,1.0446167155e+00,9.0025923734e-01,1.1227593061e+00,1.1227593061e+00,1.0446167155e+00,9.0025923734e-01,8.3186614827e-01,8.3186614827e-01,1.0446167155e+00,9.0025923734e-01,1.0319486931e+00,1.0319486931e+00,1.0446167155e+00,9.0025923734e-01
2451545.141382,1.0076720573e+00,1.0076720573e+00,1.0541381439e+00,9.0993927172e-01,1.0538442770e+00,1.0538442770e+00,1.0541381439e+00,9.0993927172e-01,9.0291870860e-01,9.0291870860e-01,1.0541381439e+00,9.0993927172e-01,1.1609718999e+00,1.1609718999e+00,1.0541381439e+00,9.0993927172e-01,1.1193035488e+00,1.1193035488e+00,1.0541381439e+00,9.0993927172e-01,8.3250264491e-01,8.3250264491e-01,1.0541381439e+00,9.0993927172e-01,1.0317369217e+00,1.0317369217e+00,1.0541381439e+00,9.0993927172e-01
2451545.142049,1.0076685104e+00,1.0076685104e+00,1.0628513271e+00,9.1892273293e-01,1.0532826324e+00,1.0532826324e+00,1.0628513271e+00,9.1892273293e-01,9.0461372743e-01,9.0461372743e-01,1.0628513271e+00,9.1892273293e-01,1.1575359592e+00,1.1575359592e+00,1.0628513271e+00,9.1892273293e-01,1.1151276759e+00,1.1151276759e+00,1.0628513271e+00,9.1892273293e-01,8.3268644524e-01,8.3268644524e-01,1.0628513271e+00,9.1892273293e-01,1.0313713992e+00,1.0313713992e+00,1.0628513271e+00,9.1892273293e-01
2451545.142716,1.0076624103e+00,1.0076624103e+00,1.0707902406e+00,9.2723426336e-01,1.0525524545e+00,1.0525524545e+00,1.0707902406e+00,9.2723426336e-01,9.0516996283e-01,9.0516996283e-01,1.0707902406e+00,9.2723426336e-01,1.1546856457e+00,1.1546856457e+00,1.0707902406e+00,9.2723426336e-01,1.1102179584e+00,1.1102179584e+00,1.0707902406e+00,9.2723426336e-01,8.3226589444e-01,8.3226589444e-01,1.0707902406e+00,9.2723426336e-01,1.0310984865e+00,1.0310984865e+00,1.0707902406e+00,9.2723426336e-01
2451545.143383,1.0076537569e+00,1.0076537569e+00,1.0779850417e+00,9.3489587065e-01,1.0516568204e+00,1.0516568204e+00,1.0779850417e+00,9.3489587065e-01,9.0736648362e-01,9.0736648362e-01,1.0779850417e+00,9.3489587065e-01,1.1550395437e+00,1.1550395437e+00,1.0779850417e+00,9.3489587065e-01,1.1045597813e+00,1.1045597813e+00,1.0779850417e+00,9.3489587065e-01,8.3426626776e-01,8.3426626776e-01,1.0779850417e+00,9.3489587065e-01,1.0311549531e+00,1.0311549531e+00,1.0779850417e+00,9.3489587065e-01
2451545.144050,1.0076425502e+00,1.0076425502e+00,1.0844620692e+00,9.4192770266e-01,1.0505984799e+00,1.0505984799e+00,1.0844620692e+00,9.4192770266e-01,9.1290963012e-01,9.1290963012e-01,1.0844620692e+00,9.4192770266e-01,1.1541687112e+00,1.1541687112e+00,1.0844620692e+00,9.4192770266e-01,1.0981363154e+00,1.0981363154e+00,1.0844620692e+00,9.4192770266e-01,8.4021701861e-01,8.4021701861e-01,1.0844620692e+00,9.4192770266e-01,1.0310287226e+00,1.0310287226e+00,1.0844620692e+00,9.4192770266e-01
2451545.144716,1.0076288281e+00,1.0076288281e+00,1.0902362071e+00,9.4833867093e-01,1.0493818633e+00,1.0493818633e+00,1.0902362071e+00,9.4833867093e-01,9.1764785933e-01,9.1764785933e-01,1.0902362071e+00,9.4833867093e-01,1.1547082534e+00,1.1547082534e+00,1.0902362071e+00,9.4833867093e-01,1.0909409176e+00,1.0909409176e+00,1.0902362071e+00,9.4833867093e-01,8.4555450205e-01,8.4555450205e-01,1.0902362071e+00,9.4833867093e-01,1.0310068742e+00,1.0310068742e+00,1.0902362071e+00,9.4833867093e-01
2451545.145383,1.0076125401e+00,1.0076125401e+00,1.0953449374e+00,9.5416426668e-01,1.0480056316e+00,1.0480056316e+00,1.0953449374e+00,9.5416426668e-01,9.2124988172e-01,9.2124988172e-01,1.0953449374e+00,9.5416426668e-01,1.1559108110e+00,1.1559108110e+00,1.0953449374e+00,9.5416426668e-01,1.0829315146e+00,1.0829315146e+00,1.0953449374e+00,9.5416426668e-01,8.4997267098e-01,8.4997267098e-01,1.0953449374e+00,9.5416426668e-01,1.0309691348e+00,1.0309691348e+00,1.0953449374e+00,9.5416426668e-01
2451545.146050,1.0075937197e+00,1.0075937197e+00,1.0997960529e+00,9.5940898442e-01,1.0465511025e+00,1.0465511025e+00,1.0997960529e+00,9.5940898442e-01,9.2483175970e-01,9.2483175970e-01,1.0997960529e+00,9.5940898442e-01,1.1561794952e+00,1.1561794952e+00,1.0997960529e+00,9.5940898442e-01,1.0747994351e+00,1.0747994351e+00,1.0997960529e+00,9.5940898442e-01,8.5461445061e-01,8.5461445061e-01,1.0997960529e+00,9.5940898442e-01,1.0307345031e+00,1.0307345031e+00,1.0997960529e+00,9.5940898442e-01
2451545.146717,1.0075723713e+00,1.0075723713e+00,1.1036042034e+00,9.6408615274e-01,1.0451265760e+00,1.0451265760e+00,1.1036042034e+00,9.6408615274e-01,9.3460327899e-01,9.3460327899e-01,1.1036042034e+00,9.6408615274e-01,1.1555234361e+00,1.1555234361e+00,1.1036042034e+00,9.6408615274e-01,1.0674295443e+00,1.0674295443e+00,1.1036042034e+00,9.6408615274e-01,8.6531898197e-01,8.6531898197e-01,1.1036042034e+00,9.6408615274e-01,1.0303055161e+00,1.0303055161e+00,1.1036042034e+00,9.6408615274e-01
2451545.147384,1.0075484990e+00,1.0075484990e+00,1.1067813897e+00,9.6820724041e-01,1.0435472496e+00,1.0435472496e+00,1.1067813897e+00,9.6820724041e-01,9.4531955520e-01,9.4531955520e-01,1.1067813897e+00,9.6820724041e-01,1.1539482858e+00,1.1539482858e+00,1.1067813897e+00,9.6820724041e-01,1.0590800129e+00,1.0590800129e+00,1.1067813897e+00,9.6820724041e-01,8.7644077920e-01,8.7644077920e-01,1.1067813897e+00,9.6820724041e-01,1.0296844541e+00,1.0296844541e+00,1.1067813897e+00,9.6820724041e-01
2451545.148051,1.0075221112e+00,1.0075221112e+00,1.1093371186e+00,9.7178263131e-01,1.0418141205e+00,1.0418141205e+00,1.1093371186e+00,9.7178263131e-01,9.5895442758e-01,9.5895442758e-01,1.1093371186e+00,9.7178263131e-01,1.1514562179e+00,1.1514562179e+00,1.1093371186e+00,9.7178263131e-01,1.0497251542e+00,1.0497251542e+00,1.1093371186e+00,9.7178263131e-01,8.9032482167e-01,8.9032482167e-01,1.1093371186e+00,9.7178263131e-01,1.0288733694e+00,1.0288733694e+00,1.1093371186e+00,9.7178263131e-01
2451545.148718,1.0074932246e+00,1.0074932246e+00,1.1112785592e+00,9.7482146948e-01,1.0399279724e+00,1.0399279724e+00,1.1112785592e+00,9.7482146948e-01,9.7168366065e-01,9.7168366065e-01,1.1112785592e+00,9.7482146948e-01,1.1480463630e+00,1.1480463630e+00,1.1112785592e+00,9.7482146948e-01,1.0393335241e+00,1.0393335241e+00,1.1112785592e+00,9.7482146948e-01,9.0329885697e-01,9.0329885697e-01,1.1112785592e+00,9.7482146948e-01,1.0278740720e+00,1.0278740720e+00,1.1112785592e+00,9.7482146948e-01
2451545.149385,1.0074618393e+00,1.0074618393e+00,1.1126106989e+00,9.7733158159e-01,1.0378893037e+00,1.0378893037e+00,1.1126106989e+00,9.7733158159e-01,9.8354395160e-01,9.8354395160e-01,1.1126106989e+00,9.7733158159e-01,1.1437143735e+00,1.1437143735e+00,1.1126106989e+00,9.7733158159e-01,1.0278723496e+00,1.0278723496e+00,1.1126106989e+00,9.7733158159e-01,9.1540613683e-01,9.1540613683e-01,1.1126106989e+00,9.7733158159e-01,1.0266881297e+00,1.0266881297e+00,1.1126106989e+00,9.7733158159e-01
2451545.150052,1.0074279719e+00,1.0074279719e+00,1.1133361092e+00,9.7931978689e-01,1.0356983853e+00,1.0356983853e+00,1.1133361092e+00,9.7931978689e-01,9.9456715669e-01,9.9456715669e-01,1.1133361092e+00,9.7931978689e-01,1.1384528582e+00,1.1384528582e+00,1.1133361092e+00,9.7931978689e-01,1.0153031007e+00,1.0153031007e+00,1.1133361092e+00,9.7931978689e-01,9.2668435987e-01,9.2668435987e-01,1.1133361092e+00,9.7931978689e-01,1.0253169533e+00,1.0253169533e+00,1.1133361092e+00,9.7931978689e-01
2451545.150718,1.0073916855e+00,1.0073916855e+00,1.1134554913e+00,9.8078995998e-01,1.0333588071e+00,1.0333588071e+00,1.1134554913e+00,9.8078995998e-01,1.0047664713e+00,1.0047664713e+00,1.1134554913e+00,9.8078995998e-01,1.1322622521e+00,1.1322622521e+00,1.1134554913e+00,9.8078995998e-01,1.0016049623e+00,1.0016049623e+00,1.1134554913e+00,9.8078995998e-01,9.3715081114e-01,9.3715081114e-01,1.1134554913e+00,9.8078995998e-01,1.0237641629e+00,1.0237641629e+00,1.1134554913e+00,9.8078995998e-01
2451545.151385,1.0073528920e+00,1.0073528920e+00,1.1129671310e+00,9.8175124488e-01,1.0308632181e+00,1.0308632181e+00,1.1129671310e+00,9.8175124488e-01,1.0141962384e+00,1.0141962384e+00,1.1129671310e+00,9.8175124488e-01,1.1251090782e+00,1.1251090782e+00,1.1129671310e+00,9.8175124488e-01,9.8668847336e-01,9.8668847336e-01,1.1129671310e+00,9.8175124488e-01,9.4686485425e-01,9.4686485425e-01,1.1129671310e+00,9.8175124488e-01,1.0220261100e+00,1.0220261100e+00,1.1129671310e+00,9.8175124488e-01
2451545.152052,1.0073116500e+00,1.0073116500e+00,1.1118659631e+00,9.8220464899e-01,1.0282143963e+00,1.0282143963e+00,1.1118659631e+00,9.8220464899e-01,1.0228608305e+00,1.0228608305e+00,1.1118659631e+00,9.8220464899e-01,1.1169842066e+00,1.1169842066e+00,1.1118659631e+00,9.8220464899e-01,9.7051953261e-01,9.7051953261e-01,1.1118659631e+00,9.8220464899e-01,9.5583376298e-01,9.5583376298e-01,1.1118659631e+00,9.8220464899e-01,1.0201057733e+00,1.0201057733e+00,1.1118659631e+00,9.8220464899e-01
2451545.152719,1.0072679763e+00,1.0072679763e+00,1.1101448184e+00,9.8215296201e-01,1.0254113587e+00,1.0254113587e+00,1.1101448184e+00,9.8215296201e-01,1.0307765662e+00,1.0307765662e+00,1.1101448184e+00,9.8215296201e-01,1.1078667685e+00,1.1078667685e+00,1.1101448184e+00,9.8215296201e-01,9.5303746607e-01,9.5303746607e-01,1.1101448184e+00,9.8215296201e-01,9.6407716879e-01,9.6407716879e-01,1.1101448184e+00,9.8215296201e-01,1.0180038083e+00,1.0180038083e+00,1.1101448184e+00,9.8215296201e-01
2451545.153386,1.0072218877e+00,1.0072218877e+00,1.1077939561e+00,9.8159812123e-01,1.0224527662e+00,1.0224527662e+00,1.1077939561e+00,9.8159812123e-01,1.0379563283e+00,1.0379563283e+00,1.1077939561e+00,9.8159812123e-01,1.0977298086e+00,1.0977298086e+00,1.1077939561e+00,9.8159812123e-01,9.3417274229e-01,9.3417274229e-01,1.1077939561e+00,9.8159812123e-01,9.7161079246e-01,9.7161079246e-01,1.1077939561e+00,9.8159812123e-01,1.0157206569e+00,1.0157206569e+00,1.1077939561e+00,9.8159812123e-01
2451545.154053,1.0071733968e+00,1.0071733968e+00,1.1048005186e+00,9.8054097905e-01,1.0193368807e+00,1.0193368807e+00,1.1048005186e+00,9.8054097905e-01,1.0444095646e+00,1.0444095646e+00,1.1048005186e+00,9.8054097905e-01,1.0865428933e+00,1.0865428933e+00,1.1048005186e+00,9.8054097905e-01,9.1384785807e-01,9.1384785807e-01,1.1048005186e+00,9.8054097905e-01,9.7844675699e-01,9.7844675699e-01,1.1048005186e+00,9.8054097905e-01,1.0132566184e+00,1.0132566184e+00,1.1048005186e+00,9.8054097905e-01
2451545.154720,1.0071225246e+00,1.0071225246e+00,1.1011482194e+00,9.7898169047e-01,1.0160615083e+00,1.0160615083e+00,1.1011482194e+00,9.7898169047e-01,1.0501418968e+00,1.0501418968e+00,1.1011482194e+00,9.7898169047e-01,1.0742681983e+00,1.0742681983e+00,1.1011482194e+00,9.7898169047e-01,8.9197379543e-01,8.9197379543e-01,1.1011482194e+00,9.7898169047e-01,9.8459350939e-01,9.8459350939e-01,1.1011482194e+00,9.7898169047e-01,1.0106117782e+00,1.0106117782e+00,1.1011482194e+00,9.7898169047e-01
2451545.155387,1.0070692835e+00,1.0070692835e+00,1.0968169537e+00,9.7691940308e-01,1.0126239991e+00,1.0126239991e+00,1.0968169537e+00,9.7691940308e-01,1.0551551205e+00,1.0551551205e+00,1.0968169537e+00,9.7691940308e-01,1.0608631165e+00,1.0608631165e+00,1.0968169537e+00,9.7691940308e-01,8.6844825014e-01,8.6844825014e-01,1.0968169537e+00,9.7691940308e-01,9.9005566420e-01,9.9005566420e-01,1.0968169537e+00,9.7691940308e-01,1.0077861221e+00,1.0077861221e+00,1.0968169537e+00,9.7691940308e-01
2451545.156054,1.0070136946e+00,1.0070136946e+00,1.0917820969e+00,9.7435256703e-01,1.0090211336e+00,1.0090211336e+00,1.0917820969e+00,9.7435256703e-01,1.0595197413e+00,1.0595197413e+00,1.0917820969e+00,9.7435256703e-01,1.0462763460e+00,1.0462763460e+00,1.0917820969e+00,9.7435256703e-01,8.4315474595e-01,8.4315474595e-01,1.0917820969e+00,9.7435256703e-01,9.9490807119e-01,9.9490807119e-01,1.0917820969e+00,9.7435256703e-01,1.0047793937e+00,1.0047793937e+00,1.0917820969e+00,9.7435256703e-01
2451545.156721,1.0069557831e+00,1.0069557831e+00,1.0860134918e+00,9.7127870260e-01,1.0060412287e+00,1.0060412287e+00,1.0860134918e+00,9.7127870260e-01,1.0633131355e+00,1.0633131355e+00,1.0860134918e+00,9.7127870260e-01,1.0304474543e+00,1.0304474543e+00,1.0860134918e+00,9.7127870260e-01,8.2283030460e-01,8.2283030460e-01,1.0860134918e+00,9.7127870260e-01,9.9925045182e-01,9.9925045182e-01,1.0860134918e+00,9.7127870260e-01,1.0015911795e+00,1.0015911795e+00,1.0860134918e+00,9.7127870260e-01
2451545.157387,1.0068956537e+00,1.0068956537e+00,1.0818933268e+00,9.7014050407e-01,1.0033496111e+00,1.0033496111e+00,1.0818933268e+00,9.7014050407e-01,1.0674367262e+00,1.0674367262e+00,1.0818933268e+00,9.7014050407e-01,1.0133320957e+00,1.0133320957e+00,1.0818933268e+00,9.7014050407e-01,8.0341110073e-01,8.0341110073e-01,1.0818933268e+00,9.7014050407e-01,1.0040525679e+00,1.0040525679e+00,1.0818933268e+00,9.7014050407e-01,9.9822608299e-01,9.9822608299e-01,1.0818933268e+00,9.7014050407e-01
2451545.158054,1.0068331472e+00,1.0068331472e+00,1.0785132999e+00,9.7027619209e-01,1.0009745455e+00,1.0009745455e+00,1.0785132999e+00,9.7027619209e-01,1.0712346490e+00,1.0712346490e+00,1.0785132999e+00,9.7027619209e-01,9.9479505845e-01,9.9479505845e-01,1.0785132999e+00,9.7027619209e-01,7.8493832175e-01,7.8493832175e-01,1.0785132999e+00,9.7027619209e-01,1.0088496784e+00,1.0088496784e+00,1.0785132999e+00,9.7027619209e-01,9.9467320135e-01,9.9467320135e-01,1.0785132999e+00,9.7027619209e-01
2451545.158721,1.0067683767e+00,1.0067683767e+00,1.0741358243e+00,9.7002775361e-01,9.9887228154e-01,9.9887228154e-01,1.0741358243e+00,9.7002775361e-01,1.0759213460e+00,1.0759213460e+00,1.0741358243e+00,9.7002775361e-01,9.7772535006e-01,9.7772535006e-01,1.0741358243e+00,9.7002775361e-01,7.6696244905e-01,7.6696244905e-01,1.0741358243e+00,9.7002775361e-01,1.0147730547e+00,1.0147730547e+00,1.0741358243e+00,9.7002775361e-01,9.9125455987e-01,9.9125455987e-01,1.0741358243e+00,9.7002775361e-01
2451545.159388,1.0067013631e+00,1.0067013631e+00,1.0739844146e+00,9.7445539855e-01,9.9722726563e-01,9.9722726563e-01,1.0739844146e+00,9.7445539855e-01,1.0804852247e+00,1.0804852247e+00,1.0739844146e+00,9.7445539855e-01,9.6341074181e-01,9.6341074181e-01,1.0739844146e+00,9.7445539855e-01,7.5244941970e-01,7.5244941970e-01,1.0739844146e+00,9.7445539855e-01,1.0205538489e+00,1.0205538489e+00,1.0739844146e+00,9.7445539855e-01,9.8801897183e-01,9.8801897183e-01,1.0739844146e+00,9.7445539855e-01
2451545.160055,1.0066321359e+00,1.0066321359e+00,1.0762145700e+00,9.8106776783e-01,9.9536798594e-01,9.9536798594e-01,1.0762145700e+00,9.8106776783e-01,1.0853502543e+00,1.0853502543e+00,1.0762145700e+00,9.8106776783e-01,9.4817356414e-01,9.4817356414e-01,1.0762145700e+00,9.8106776783e-01,7.3547798858e-01,7.3547798858e-01,1.0762145700e+00,9.8106776783e-01,1.0265614605e+00,1.0265614605e+00,1.0762145700e+00,9.8106776783e-01,9.8454119855e-01,9.8454119855e-01,1.0762145700e+00,9.8106776783e-01
2451545.160722,1.0065607077e+00,1.0065607077e+00,1.0777328741e+00,9.8685020068e-01,9.9330502743e-01,9.9330502743e-01,1.0777328741e+00,9.8685020068e-01,1.0901100333e+00,1.0901100333e+00,1.0777328741e+00,9.8685020068e-01,9.3198903547e-01,9.3198903547e-01,1.0777328741e+00,9.8685020068e-01,7.1595736622e-01,7.1595736622e-01,1.0777328741e+00,9.8685020068e-01,1.0322205555e+00,1.0322205555e+00,1.0777328741e+00,9.8685020068e-01,9.8082582919e-01,9.8082582919e-01,1.0777328741e+00,9.8685020068e-01
2451545.161389,1.0064871160e+00,1.0064871160e+00,1.0783492664e+00,9.9183617354e-01,9.9104713731e-01,9.9104713731e-01,1.0783492664e+00,9.9183617354e-01,1.0943161536e+00,1.0943161536e+00,1.0783492664e+00,9.9183617354e-01,9.1482976567e-01,9.1482976567e-01,1.0783492664e+00,9.9183617354e-01,6.9376930487e-01,6.9376930487e-01,1.0783492664e+00,9.9183617354e-01,1.0370749960e+00,1.0370749960e+00,1.0783492664e+00,9.9183617354e-01,9.7687617023e-01,9.7687617023e-01,1.0783492664e+00,9.9183617354e-01
2451545.162056,1.0064113778e+00,1.0064113778e+00,1.0776219859e+00,9.9605459082e-01,9.8868217228e-01,9.8868217228e-01,1.0776219859e+00,9.9605459082e-01,1.0979761107e+00,1.0979761107e+00,1.0776219859e+00,9.9605459082e-01,8.9666619078e-01,8.9666619078e-01,1.0776219859e+00,9.9605459082e-01,6.6950415754e-01,6.6950415754e-01,1.0776219859e+00,9.9605459082e-01,1.0411328380e+00,1.0411328380e+00,1.0776219859e+00,9.9605459082e-01,9.7269438797e-01,9.7269438797e-01,1.0776219859e+00,9.9605459082e-01
2451545.162723,1.0063335224e+00,1.0063335224e+00,1.0742658043e+00,9.9953048235e-01,9.8625533574e-01,9.8625533574e-01,1.0742658043e+00,9.9953048235e-01,1.1010944331e+00,1.1010944331e+00,1.0742658043e+00,9.9953048235e-01,8.8037297108e-01,8.8037297108e-01,1.0742658043e+00,9.9953048235e-01,6.4339044797e-01,6.4339044797e-01,1.0742658043e+00,9.9953048235e-01,1.0443929867e+00,1.0443929867e+00,1.0742658043e+00,9.9953048235e-01,9.6861007554e-01,9.6861007554e-01,1.0742658043e+00,9.9953048235e-01
2451545.163389,1.0062537006e+00,1.0062537006e+00,1.0733692692e+00,1.0069969655e+00,9.8365505095e-01,9.8365505095e-01,1.0733692692e+00,1.0069969655e+00,1.1036690909e+00,1.1036690909e+00,1.0733692692e+00,1.0069969655e+00,8.6564316312e-01,8.6564316312e-01,1.0733692692e+00,1.0069969655e+00,6.1415313767e-01,6.1415313767e-01,1.0733692692e+00,1.0069969655e+00,1.0468420674e+00,1.0468420674e+00,1.0733692692e+00,1.0069969655e+00,9.6460635852e-01,9.6460635852e-01,1.0733692692e+00,1.0069969655e+00
2451545.164056,1.0061716988e+00,1.0061716988e+00,1.0739382047e+00,1.0122566391e+00,9.8087731472e-01,9.8087731472e-01,1.0739382047e+00,1.0122566391e+00,1.1057058619e+00,1.1057058619e+00,1.0739382047e+00,1.0122566391e+00,8.5661006926e-01,8.5661006926e-01,1.0739382047e+00,1.0122566391e+00,5.8140205334e-01,5.8140205334e-01,1.0739382047e+00,1.0122566391e+00,1.0484663931e+00,1.0484663931e+00,1.0739382047e+00,1.0122566391e+00,9.6119128005e-01,9.6119128005e-01,1.0739382047e+00,1.0122566391e+00
2451545.164723,1.0060876594e+00,1.0060876594e+00,1.0740828348e+00,1.0153859876e+00,9.7792895101e-01,9.7792895101e-01,1.0740828348e+00,1.0153859876e+00,1.1071946739e+00,1.1071946739e+00,1.0740828348e+00,1.0153859876e+00,8.4581531123e-01,8.4581531123e-01,1.0740828348e+00,1.0153859876e+00,5.4479042348e-01,5.4479042348e-01,1.0740828348e+00,1.0153859876e+00,1.0492280304e+00,1.0492280304e+00,1.0740828348e+00,1.0153859876e+00,9.5756025437e-01,9.5756025437e-01,1.0740828348e+00,1.0153859876e+00
2451545.165390,1.0060016243e+00,1.0060016243e+00,1.0738042504e+00,1.0171529540e+00,9.7481239592e-01,9.7481239592e-01,1.0738042504e+00,1.0171529540e+00,1.1081250643e+00,1.1081250643e+00,1.0738042504e+00,1.0171529540e+00,8.3323845512e-01,8.3323845512e-01,1.0738042504e+00,1.0171529540e+00,5.0381292718e-01,5.0381292718e-01,1.0738042504e+00,1.0171529540e+00,1.0490783309e+00,1.0490783309e+00,1.0738042504e+00,1.0171529540e+00,9.5370991801e-01,9.5370991801e-01,1.0738042504e+00,1.0171529540e+00
2451545.166057,1.0059136103e+00,1.0059136103e+00,1.0733098899e+00,1.0180821574e+00,9.7152948723e-01,9.7152948723e-01,1.0733098899e+00,1.0180821574e+00,1.1084811830e+00,1.1084811830e+00,1.0733098899e+00,1.0180821574e+00,8.1885167604e-01,8.1885167604e-01,1.0733098899e+00,1.0180821574e+00,4.5780303685e-01,4.5780303685e-01,1.0733098899e+00,1.0180821574e+00,1.0479492494e+00,1.0479492494e+00,1.0733098899e+00,1.0180821574e+00,9.4963549651e-01,9.4963549651e-01,1.0733098899e+00,1.0180821574e+00
2451545.166724,1.0058236552e+00,1.0058236552e+00,1.0729674844e+00,1.0187340178e+00,9.6811504280e-01,9.6811504280e-01,1.0729674844e+00,1.0187340178e+00,1.1082401528e+00,1.1082401528e+00,1.0729674844e+00,1.0187340178e+00,8.0411099897e-01,8.0411099897e-01,1.0729674844e+00,1.0187340178e+00,4.0616109909e-01,4.0616109909e-01,1.0729674844e+00,1.0187340178e+00,1.0457477124e+00,1.0457477124e+00,1.0729674844e+00,1.0187340178e+00,9.4549820919e-01,9.4549820919e-01,1.0729674844e+00,1.0187340178e+00
2451545.167391,1.0057317925e+00,1.0057317925e+00,1.0721738112e+00,1.0186108834e+00,9.6520235172e-01,9.6520235172e-01,1.0721738112e+00,1.0186108834e+00,1.1076020125e+00,1.1076020125e+00,1.0721738112e+00,1.0186108834e+00,7.9078765289e-01,7.9078765289e-01,1.0721738112e+00,1.0186108834e+00,3.5356122168e-01,3.5356122168e-01,1.0721738112e+00,1.0186108834e+00,1.0425809500e+00,1.0425809500e+00,1.0721738112e+00,1.0186108834e+00,9.4150503868e-01,9.4150503868e-01,1.0721738112e+00,1.0186108834e+00
2451545.168058,1.0056380474e+00,1.0056380474e+00,1.0709280911e+00,1.0177649062e+00,9.6288807490e-01,9.6288807490e-01,1.0709280911e+00,1.0177649062e+00,1.1095959180e+00,1.1095959180e+00,1.0709280911e+00,1.0177649062e+00,7.8772734834e-01,7.8772734834e-01,1.0709280911e+00,1.0177649062e+00,2.9939932246e-01,2.9939932246e-01,1.0709280911e+00,1.0177649062e+00,1.0418270558e+00,1.0418270558e+00,1.0709280911e+00,1.0177649062e+00,9.3862227463e-01,9.3862227463e-01,1.0709280911e+00,1.0177649062e+00
2451545.168725,1.0055424575e+00,1.0055424575e+00,1.0692286097e+00,1.0162288652e+00,9.6208771988e-01,9.6208771988e-01,1.0692286097e+00,1.0162288652e+00,1.1121471521e+00,1.1121471521e+00,1.0692286097e+00,1.0162288652e+00,7.8915946131e-01,7.8915946131e-01,1.0692286097e+00,1.0162288652e+00,2.5144698029e-01,2.5144698029e-01,1.0692286097e+00,1.0162288652e+00,1.0411975983e+00,1.0411975983e+00,1.0692286097e+00,1.0162288652e+00,9.3612691006e-01,9.3612691006e-01,1.0692286097e+00,1.0162288652e+00
2451545.169392,1.0054450564e+00,1.0054450564e+00,1.0671670856e+00,1.0141182229e+00,9.6516009731e-01,9.6516009731e-01,1.0671670856e+00,1.0141182229e+00,1.1140038727e+00,1.1140038727e+00,1.0671670856e+00,1.0141182229e+00,7.8915424414e-01,7.8915424414e-01,1.0671670856e+00,1.0141182229e+00,2.3731836685e-01,2.3731836685e-01,1.0671670856e+00,1.0141182229e+00,1.0391161964e+00,1.0391161964e+00,1.0671670856e+00,1.0141182229e+00,9.3333434729e-01,9.3333434729e-01,1.0671670856e+00,1.0141182229e+00
2451545.170058,1.0053460287e+00,1.0053460287e+00,1.0650156352e+00,1.0117455812e+00,9.6780844898e-01,9.6780844898e-01,1.0650156352e+00,1.0117455812e+00,1.1152152697e+00,1.1152152697e+00,1.0650156352e+00,1.0117455812e+00,7.9138458401e-01,7.9138458401e-01,1.0650156352e+00,1.0117455812e+00,2.2317115264e-01,2.2317115264e-01,1.0650156352e+00,1.0117455812e+00,1.0353554070e+00,1.0353554070e+00,1.0650156352e+00,1.0117455812e+00,9.3064398604e-01,9.3064398604e-01,1.0650156352e+00,1.0117455812e+00
2451545.170725,1.0052451101e+00,1.0052451101e+00,1.0634572772e+00,1.0098726061e+00,9.7315376058e-01,9.7315376058e-01,1.0634572772e+00,1.0098726061e+00,1.1158234277e+00,1.1158234277e+00,1.0634572772e+00,1.0098726061e+00,7.9956075782e-01,7.9956075782e-01,1.0634572772e+00,1.0098726061e+00,2.3577228856e-01,2.3577228856e-01,1.0634572772e+00,1.0098726061e+00,1.0295014055e+00,1.0295014055e+00,1.0634572772e+00,1.0098726061e+00,9.2849989197e-01,9.2849989197e-01,1.0634572772e+00,1.0098726061e+00
2451545.171392,1.0051424851e+00,1.0051424851e+00,1.0613636477e+00,1.0074298343e+00,9.7844153153e-01,9.7844153153e-01,1.0613636477e+00,1.0074298343e+00,1.1165323077e+00,1.1165323077e+00,1.0613636477e+00,1.0074298343e+00,8.0713043570e-01,8.0713043570e-01,1.0613636477e+00,1.0074298343e+00,2.5683721770e-01,2.5683721770e-01,1.0613636477e+00,1.0074298343e+00,1.0215390969e+00,1.0215390969e+00,1.0613636477e+00,1.0074298343e+00,9.2616162785e-01,9.2616162785e-01,1.0613636477e+00,1.0074298343e+00
2451545.172059,1.0050381874e+00,1.0050381874e+00,1.0590801912e+00,1.0047690008e+00,9.8278894943e-01,9.8278894943e-01,1.0590801912e+00,1.0047690008e+00,1.1201171527e+00,1.1201171527e+00,1.0590801912e+00,1.0047690008e+00,8.1297801295e-01,8.1297801295e-01,1.0590801912e+00,1.0047690008e+00,2.7662356535e-01,2.7662356535e-01,1.0590801912e+00,1.0047690008e+00,1.0133734347e+00,1.0133734347e+00,1.0590801912e+00,1.0047690008e+00,9.2346595058e-01,9.2346595058e-01,1.0590801912e+00,1.0047690008e+00
2451545.172726,1.0049322587e+00,1.0049322587e+00,1.0600460801e+00,1.0054979655e+00,9.8638363758e-01,9.8638363758e-01,1.0600460801e+00,1.0054979655e+00,1.1271066362e+00,1.1271066362e+00,1.0600460801e+00,1.0054979655e+00,8.1767781295e-01,8.1767781295e-01,1.0600460801e+00,1.0054979655e+00,2.9518137642e-01,2.9518137642e-01,1.0600460801e+00,1.0054979655e+00,1.0090548308e+00,1.0090548308e+00,1.0600460801e+00,1.0054979655e+00,9.2041221882e-01,9.2041221882e-01,1.0600460801e+00,1.0054979655e+00
2451545.173393,1.0048247285e+00,1.0048247285e+00,1.0603101703e+00,1.0058266079e+00,9.8935129073e-01,9.8935129073e-01,1.0603101703e+00,1.0058266079e+00,1.1325414089e+00,1.1325414089e+00,1.0603101703e+00,1.0058266079e+00,8.2973512595e-01,8.2973512595e-01,1.0603101703e+00,1.0058266079e+00,3.1255493847e-01,3.1255493847e-01,1.0603101703e+00,1.0058266079e+00,1.0033881493e+00,1.0033881493e+00,1.0603101703e+00,1.0058266079e+00,9.1788825036e-01,9.1788825036e-01,1.0603101703e+00,1.0058266079e+00
2451545.174060,1.0047156386e+00,1.0047156386e+00,1.0598700460e+00,1.0057606624e+00,9.9190682801e-01,9.9190682801e-01,1.0598700460e+00,1.0057606624e+00,1.1413007109e+00,1.1413007109e+00,1.0598700460e+00,1.0057606624e+00,8.4309586174e-01,8.4309586174e-01,1.0598700460e+00,1.0057606624e+00,3.2994355829e-01,3.2994355829e-01,1.0598700460e+00,1.0057606624e+00,1.0008588220e+00,1.0008588220e+00,1.0598700460e+00,1.0057606624e+00,9.1510277087e-01,9.1510277087e-01,1.0598700460e+00,1.0057606624e+00
2451545.174727,1.0046050311e+00,1.0046050311e+00,1.0587192394e+00,1.0053047786e+00,9.9463116925e-01,9.9463116925e-01,1.0587192394e+00,1.0053047786e+00,1.1492503329e+00,1.1492503329e+00,1.0587192394e+00,1.0053047786e+00,8.6450408116e-01,8.6450408116e-01,1.0587192394e+00,1.0053047786e+00,3.5166084301e-01,3.5166084301e-01,1.0587192394e+00,1.0053047786e+00,1.0001084474e+00,1.0001084474e+00,1.0587192394e+00,1.0053047786e+00,9.1264483220e-01,9.1264483220e-01,1.0587192394e+00,1.0053047786e+00
2451545.175394,1.0044929394e+00,1.0044929394e+00,1.0568460616e+00,1.0044622885e+00,9.9768863084e-01,9.9768863084e-01,1.0568460616e+00,1.0044622885e+00,1.1546943189e+00,1.1546943189e+00,1.0568460616e+00,1.0044622885e+00,9.0977085051e-01,9.0977085051e-01,1.0568460616e+00,1.0044622885e+00,3.7842292228e-01,3.7842292228e-01,1.0568460616e+00,1.0044622885e+00,9.9858798849e-01,9.9858798849e-01,1.0568460616e+00,1.0044622885e+00,9.1238433306e-01,9.1238433306e-01,1.0568460616e+00,1.0044622885e+00
2451545.176061,1.0043794054e+00,1.0043794054e+00,1.0542316547e+00,1.0032356719e+00,1.0005852379e+00,1.0005852379e+00,1.0542316547e+00,1.0032356719e+00,1.1584390699e+00,1.1584390699e+00,1.0542316547e+00,1.0032356719e+00,9.6512501669e-01,9.6512501669e-01,1.0542316547e+00,1.0032356719e+00,4.0508358306e-01,4.0508358306e-01,1.0542316547e+00,1.0032356719e+00,9.9639661925e-01,9.9639661925e-01,1.0542316547e+00,1.0032356719e+00,9.1347217850e-01,9.1347217850e-01,1.0542316547e+00,1.0032356719e+00
2451545.176727,1.0042646431e+00,1.0042646431e+00,1.0508523292e+00,1.0016289584e+00,1.0031537250e+00,1.0031537250e+00,1.0508523292e+00,1.0016289584e+00,1.1635894786e+00,1.1635894786e+00,1.0508523292e+00,1.0016289584e+00,1.0204700528e+00,1.0204700528e+00,1.0508523292e+00,1.0016289584e+00,4.2996831318e-01,4.2996831318e-01,1.0508523292e+00,1.0016289584e+00,9.9676163889e-01,9.9676163889e-01,1.0508523292e+00,1.0016289584e+00,9.1450803243e-01,9.1450803243e-01,1.0508523292e+00,1.0016289584e+00
2451545.177394,1.0041483462e+00,1.0041483462e+00,1.0466514332e+00,9.9963804087e-01,1.0056185991e+00,1.0056185991e+00,1.0466514332e+00,9.9963804087e-01,1.1670542379e+00,1.1670542379e+00,1.0466514332e+00,9.9963804087e-01,1.0884106399e+00,1.0884106399e+00,1.0466514332e+00,9.9963804087e-01,4.5501026410e-01,4.5501026410e-01,1.0466514332e+00,9.9963804087e-01,9.9671744860e-01,9.9671744860e-01,1.0466514332e+00,9.9963804087e-01,9.1704546908e-01,9.1704546908e-01,1.0466514332e+00,9.9963804087e-01
2451545.178061,1.0040307288e+00,1.0040307288e+00,1.0415568853e+00,9.9726454668e-01,1.0083832145e+00,1.0083832145e+00,1.0415568853e+00,9.9726454668e-01,1.1690520475e+00,1.1690520475e+00,1.0415568853e+00,9.9726454668e-01,1.1536191694e+00,1.1536191694e+00,1.0415568853e+00,9.9726454668e-01,4.8296899290e-01,4.8296899290e-01,1.0415568853e+00,9.9726454668e-01,9.9626373552e-01,9.9626373552e-01,1.0415568853e+00,9.9726454668e-01,9.2018552557e-01,9.2018552557e-01,1.0415568853e+00,9.9726454668e-01
2451545.178728,1.0039118284e+00,1.0039118284e+00,1.0354329390e+00,9.9450762343e-01,1.0109336089e+00,1.0109336089e+00,1.0354329390e+00,9.9450762343e-01,1.1697335998e+00,1.1697335998e+00,1.0354329390e+00,9.9450762343e-01,1.2101489377e+00,1.2101489377e+00,1.0354329390e+00,9.9450762343e-01,5.0882804908e-01,5.0882804908e-01,1.0354329390e+00,9.9450762343e-01,9.9539995217e-01,9.9539995217e-01,1.0354329390e+00,9.9450762343e-01,9.2307044168e-01,9.2307044168e-01,1.0354329390e+00,9.9450762343e-01
2451545.179395,1.0037916912e+00,1.0037916912e+00,1.0286724178e+00,9.9201510195e-01,1.0132816921e+00,1.0132816921e+00,1.0286724178e+00,9.9201510195e-01,1.1691945418e+00,1.1691945418e+00,1.0286724178e+00,9.9201510195e-01,1.2596655262e+00,1.2596655262e+00,1.0286724178e+00,9.9201510195e-01,5.3271763800e-01,5.3271763800e-01,1.0286724178e+00,9.9201510195e-01,9.9412422144e-01,9.9412422144e-01,1.0286724178e+00,9.9201510195e-01,9.2570901095e-01,9.2570901095e-01,1.0286724178e+00,9.9201510195e-01
2451545.180062,1.0036703591e+00,1.0036703591e+00,1.0245249009e+00,9.9260365163e-01,1.0154369521e+00,1.0154369521e+00,1.0245249009e+00,9.9260365163e-01,1.1674878892e+00,1.1674878892e+00,1.0245249009e+00,9.9260365163e-01,1.3033167121e+00,1.3033167121e+00,1.0245249009e+00,9.9260365163e-01,5.5474936431e-01,5.5474936431e-01,1.0245249009e+00,9.9260365163e-01,9.9243357123e-01,9.9243357123e-01,1.0245249009e+00,9.9260365163e-01,9.2810720498e-01,9.2810720498e-01,1.0245249009e+00,9.9260365163e-01
2451545.180729,1.0035478741e+00,1.0035478741e+00,1.0202265977e+00,9.9244146144e-01,1.0174068683e+00,1.0174068683e+00,1.0202265977e+00,9.9244146144e-01,1.1646304289e+00,1.1646304289e+00,1.0202265977e+00,9.9244146144e-01,1.3419594155e+00,1.3419594155e+00,1.0202265977e+00,9.9244146144e-01,5.7502154635e-01,5.7502154635e-01,1.0202265977e+00,9.9244146144e-01,9.9032401269e-01,9.9032401269e-01,1.0202265977e+00,9.9244146144e-01,9.3027205004e-01,9.3027205004e-01,1.0202265977e+00,9.9244146144e-01
2451545.181396,1.0034242781e+00,1.0034242781e+00,1.0152973302e+00,9.9136083927e-01,1.0191972388e+00,1.0191972388e+00,1.0152973302e+00,9.9136083927e-01,1.1606045933e+00,1.1606045933e+00,1.0152973302e+00,9.9136083927e-01,1.3767357617e+00,1.3767357617e+00,1.0152973302e+00,9.9136083927e-01,5.9361833047e-01,5.9361833047e-01,1.0152973302e+00,9.9136083927e-01,9.8779030555e-01,9.8779030555e-01,1.0152973302e+00,9.9136083927e-01,9.3226651174e-01,9.3226651174e-01,1.0152973302e+00,9.9136083927e-01
2451545.182063,1.0032996130e+00,1.0032996130e+00,1.0097225263e+00,9.8952901228e-01,1.0208123376e+00,1.0208123376e+00,1.0097225263e+00,9.8952901228e-01,1.1553566638e+00,1.1553566638e+00,1.0097225263e+00,9.8952901228e-01,1.4075148867e+00,1.4075148867e+00,1.0097225263e+00,9.8952901228e-01,6.1061411974e-01,6.1061411974e-01,1.0097225263e+00,9.8952901228e-01,9.8482627100e-01,9.8482627100e-01,1.0097225263e+00,9.8952901228e-01,9.3402458878e-01,9.3402458878e-01,1.0097225263e+00,9.8952901228e-01
2451545.182729,1.0031741177e+00,1.0031741177e+00,1.0034924452e+00,9.8703951298e-01,1.0222530193e+00,1.0222530193e+00,1.0034924452e+00,9.8703951298e-01,1.1488010658e+00,1.1488010658e+00,1.0034924452e+00,9.8703951298e-01,1.4346167769e+00,1.4346167769e+00,1.0034924452e+00,9.8703951298e-01,6.2605098733e-01,6.2605098733e-01,1.0034924452e+00,9.8703951298e-01,9.8142987549e-01,9.8142987549e-01,1.0034924452e+00,9.8703951298e-01,9.3554011002e-01,9.3554011002e-01,1.0034924452e+00,9.8703951298e-01
2451545.183396,1.0030474570e+00,1.0030474570e+00,9.9656087714e-01,9.8393581423e-01,1.0237417253e+00,1.0237417253e+00,9.9656087714e-01,9.8393581423e-01,1.1442990258e+00,1.1442990258e+00,9.9656087714e-01,9.8393581423e-01,1.4584048951e+00,1.4584048951e+00,9.9656087714e-01,9.8393581423e-01,6.4201310524e-01,6.4201310524e-01,9.9656087714e-01,9.8393581423e-01,9.8078422794e-01,9.8078422794e-01,9.9656087714e-01,9.8393581423e-01,9.3681072387e-01,9.3681072387e-01,9.9656087714e-01,9.8393581423e-01
2451545.184063,1.0029198612e+00,1.0029198612e+00,9.8889306710e-01,9.8025100500e-01,1.0254128688e+00,1.0254128688e+00,9.8889306710e-01,9.8025100500e-01,1.1413709040e+00,1.1413709040e+00,9.8889306710e-01,9.8025100500e-01,1.4790605378e+00,1.4790605378e+00,9.8889306710e-01,9.8025100500e-01,6.5984327190e-01,6.5984327190e-01,9.8889306710e-01,9.8025100500e-01,9.8119695746e-01,9.8119695746e-01,9.8889306710e-01,9.8025100500e-01,9.3782377450e-01,9.3782377450e-01,9.8889306710e-01,9.8025100500e-01
2451545.184730,1.0027913767e+00,1.0027913767e+00,9.8040469955e-01,9.7600228846e-01,1.0269334009e+00,1.0269334009e+00,9.8040469955e-01,9.7600228846e-01,1.1378611711e+00,1.1378611711e+00,9.8040469955e-01,9.7600228846e-01,1.5044511965e+00,1.5044511965e+00,9.8040469955e-01,9.7600228846e-01,6.7658839365e-01,6.7658839365e-01,9.8040469955e-01,9.7600228846e-01,9.8050015866e-01,9.8050015866e-01,9.8040469955e-01,9.7600228846e-01,9.3949869077e-01,9.3949869077e-01,9.8040469955e-01,9.7600228846e-01
2451545.185397,1.0026620453e+00,1.0026620453e+00,9.7085685430e-01,9.7119904110e-01,1.0283001446e+00,1.0283001446e+00,9.7085685430e-01,9.7119904110e-01,1.1337820074e+00,1.1337820074e+00,9.7085685430e-01,9.7119904110e-01,1.5287379890e+00,1.5287379890e+00,9.7085685430e-01,9.7119904110e-01,6.9229408666e-01,6.9229408666e-01,9.7085685430e-01,9.7119904110e-01,9.7880692743e-01,9.7880692743e-01,9.7085685430e-01,9.7119904110e-01,9.4133389995e-01,9.4133389995e-01,9.7085685430e-01,9.7119904110e-01
2451545.186064,1.0025319173e+00,1.0025319173e+00,9.6209559097e-01,9.6819546166e-01,1.0295084840e+00,1.0295084840e+00,9.6209559097e-01,9.6819546166e-01,1.1291416894e+00,1.1291416894e+00,9.6209559097e-01,9.6819546166e-01,1.5494031966e+00,1.5494031966e+00,9.6209559097e-01,9.6819546166e-01,7.0699888109e-01,7.0699888109e-01,9.6209559097e-01,9.6819546166e-01,9.7619844875e-01,9.7619844875e-01,9.6209559097e-01,9.6819546166e-01,9.4302815627e-01,9.4302815627e-01,9.6209559097e-01,9.6819546166e-01
2451545.186731,1.0024010388e+00,1.0024010388e+00,9.5437892153e-01,9.6550146169e-01,1.0305521937e+00,1.0305521937e+00,9.5437892153e-01,9.6550146169e-01,1.1239454483e+00,1.1239454483e+00,9.5437892153e-01,9.6550146169e-01,1.5666733312e+00,1.5666733312e+00,9.5437892153e-01,9.6550146169e-01,7.2073909274e-01,7.2073909274e-01,9.5437892153e-01,9.6550146169e-01,9.7273291304e-01,9.7273291304e-01,9.5437892153e-01,9.6550146169e-01,9.4458409635e-01,9.4458409635e-01,9.5437892153e-01,9.6550146169e-01
2451545.187398,1.0022694518e+00,1.0022694518e+00,9.4576400265e-01,9.6178503583e-01,1.0314232244e+00,1.0314232244e+00,9.4576400265e-01,9.6178503583e-01,1.1181955484e+00,1.1181955484e+00,9.4576400265e-01,9.6178503583e-01,1.5807336025e+00,1.5807336025e+00,9.4576400265e-01,9.6178503583e-01,7.3354660863e-01,7.3354660863e-01,9.4576400265e-01,9.6178503583e-01,9.6845114742e-01,9.6845114742e-01,9.4576400265e-01,9.6178503583e-01,9.4600407178e-01,9.4600407178e-01,9.4576400265e-01,9.6178503583e-01
2451545.188065,1.0021372024e+00,1.0021372024e+00,9.3589650622e-01,9.5728191394e-01,1.0321114756e+00,1.0321114756e+00,9.3589650622e-01,9.5728191394e-01,1.1118918335e+00,1.1118918335e+00,9.3589650622e-01,9.5728191394e-01,1.5917331344e+00,1.5917331344e+00,9.3589650622e-01,9.5728191394e-01,7.4544977280e-01,7.4544977280e-01,9.3589650622e-01,9.5728191394e-01,9.6338052642e-01,9.6338052642e-01,9.3589650622e-01,9.5728191394e-01,9.4729013487e-01,9.4729013487e-01,9.3589650622e-01,9.5728191394e-01
2451545.188732,1.0020043408e+00,1.0020043408e+00,9.2475227527e-01,9.5298949206e-01,1.0326043536e+00,1.0326043536e+00,9.2475227527e-01,9.5298949206e-01,1.1050318052e+00,1.1050318052e+00,9.2475227527e-01,9.5298949206e-01,1.5997932262e+00,1.5997932262e+00,9.2475227527e-01,9.5298949206e-01,7.5647471490e-01,7.5647471490e-01,9.2475227527e-01,9.5298949206e-01,9.5753786581e-01,9.5753786581e-01,9.2475227527e-01,9.5298949206e-01,9.4844413837e-01,9.4844413837e-01,9.2475227527e-01,9.5298949206e-01
2451545.189398,1.0018711145e+00,1.0018711145e+00,9.1499730354e-01,9.4903105954e-01,1.0328860449e+00,1.0328860449e+00,9.1499730354e-01,9.4903105954e-01,1.0976224124e+00,1.0976224124e+00,9.1499730354e-01,9.4903105954e-01,1.6050060478e+00,1.6050060478e+00,9.1499730354e-01,9.4903105954e-01,7.6662940669e-01,7.6662940669e-01,9.1499730354e-01,9.4903105954e-01,9.5094154562e-01,9.5094154562e-01,9.1499730354e-01,9.4903105954e-01,9.4946623906e-01,9.4946623906e-01,9.1499730354e-01,9.4903105954e-01
2451545.190065,1.0017371671e+00,1.0017371671e+00,9.0451606437e-01,9.4334835854e-01,1.0329382575e+00,1.0329382575e+00,9.0451606437e-01,9.4334835854e-01,1.0896345317e+00,1.0896345317e+00,9.0451606437e-01,9.4334835854e-01,1.6074620303e+00,1.6074620303e+00,9.0451606437e-01,9.4334835854e-01,7.7596433598e-01,7.7596433598e-01,9.0451606437e-01,9.4334835854e-01,9.4357256012e-01,9.4357256012e-01,9.0451606437e-01,9.4334835854e-01,9.5036096909e-01,9.5036096909e-01,9.0451606437e-01,9.4334835854e-01
2451545.190732,1.0016027460e+00,1.0016027460e+00,8.9329593380e-01,9.3654884674e-01,1.0327367156e+00,1.0327367156e+00,8.9329593380e-01,9.3654884674e-01,1.0811419478e+00,1.0811419478e+00,8.9329593380e-01,9.3654884674e-01,1.6072107366e+00,1.6072107366e+00,8.9329593380e-01,9.3654884674e-01,7.8448171713e-01,7.8448171713e-01,8.9329593380e-01,9.3654884674e-01,9.3550505514e-01,9.3550505514e-01,8.9329593380e-01,9.3654884674e-01,9.5112795792e-01,9.5112795792e-01,8.9329593380e-01,9.3654884674e-01
2451545.191399,1.0014679014e+00,1.0014679014e+00,8.8130753385e-01,9.2882803576e-01,1.0339865117e+00,1.0339865117e+00,8.8130753385e-01,9.2882803576e-01,1.0721472373e+00,1.0721472373e+00,8.8130753385e-01,9.2882803576e-01,1.6042939042e+00,1.6042939042e+00,8.8130753385e-01,9.2882803576e-01,8.0698997745e-01,8.0698997745e-01,8.8130753385e-01,9.2882803576e-01,9.2673277366e-01,9.2673277366e-01,8.8130753385e-01,9.2882803576e-01,9.5176833145e-01,9.5176833145e-01,8.8130753385e-01,9.2882803576e-01
2451545.192066,1.0013326752e+00,1.0013326752e+00,8.6851852535e-01,9.2026070513e-01,1.0357260943e+00,1.0357260943e+00,8.6851852535e-01,9.2026070513e-01,1.0625580327e+00,1.0625580327e+00,8.6851852535e-01,9.2026070513e-01,1.5987393580e+00,1.5987393580e+00,8.6851852535e-01,9.2026070513e-01,8.3221793607e-01,8.3221793607e-01,8.6851852535e-01,9.2026070513e-01,9.1715748025e-01,9.1715748025e-01,8.6851852535e-01,9.2026070513e-01,9.5228310159e-01,9.5228310159e-01,8.6851852535e-01,9.2026070513e-01
2451545.192733,1.0011971179e+00,1.0011971179e+00,8.5489306249e-01,9.1087436442e-01,1.0373924938e+00,1.0373924938e+00,8.5489306249e-01,9.1087436442e-01,1.0526182530e+00,1.0526182530e+00,8.5489306249e-01,9.1087436442e-01,1.5905614451e+00,1.5905614451e+00,8.5489306249e-01,9.1087436442e-01,8.5517792937e-01,8.5517792937e-01,8.5489306249e-01,9.1087436442e-01,9.0701967962e-01,9.0701967962e-01,8.5489306249e-01,9.1087436442e-01,9.5267315195e-01,9.5267315195e-01,8.5489306249e-01,9.1087436442e-01
2451545.193400,1.0010612796e+00,1.0010612796e+00,8.4260870076e-01,9.0284715114e-01,1.0389856676e+00,1.0389856676e+00,8.4260870076e-01,9.0284715114e-01,1.0425845441e+00,1.0425845441e+00,8.4260870076e-01,9.0284715114e-01,1.5797614699e+00,1.5797614699e+00,8.4260870076e-01,9.0284715114e-01,8.7612106776e-01,8.7612106776e-01,8.4260870076e-01,9.0284715114e-01,8.9661970931e-01,8.9661970931e-01,8.4260870076e-01,9.0284715114e-01,9.5293926640e-01,9.5293926640e-01,8.4260870076e-01,9.0284715114e-01
2451545.194067,1.0009252066e+00,1.0009252066e+00,8.3407614934e-01,8.9820725635e-01,1.0405053876e+00,1.0405053876e+00,8.3407614934e-01,8.9820725635e-01,1.0345300620e+00,1.0345300620e+00,8.3407614934e-01,8.9820725635e-01,1.5663289981e+00,1.5663289981e+00,8.3407614934e-01,8.9820725635e-01,8.9525063107e-01,8.9525063107e-01,8.3407614934e-01,8.9820725635e-01,8.8816520687e-01,8.8816520687e-01,8.3407614934e-01,8.9820725635e-01,9.5308214330e-01,9.5308214330e-01,8.3407614934e-01,8.9820725635e-01
2451545.194734,1.0007889449e+00,1.0007889449e+00,8.2488426864e-01,8.9246938124e-01,1.0419513263e+00,1.0419513263e+00,8.2488426864e-01,8.9246938124e-01,1.0269248469e+00,1.0269248469e+00,8.2488426864e-01,8.9246938124e-01,1.5502418566e+00,1.5502418566e+00,8.2488426864e-01,8.9246938124e-01,9.1273668350e-01,9.1273668350e-01,8.2488426864e-01,8.9246938124e-01,8.8029823979e-01,8.8029823979e-01,8.2488426864e-01,8.9246938124e-01,9.5310236697e-01,9.5310236697e-01,8.2488426864e-01,8.9246938124e-01
2451545.195400,1.0006527461e+00,1.0006527461e+00,8.1754959094e-01,8.8818494101e-01,1.0433210047e+00,1.0433210047e+00,8.1754959094e-01,8.8818494101e-01,1.0255920369e+00,1.0255920369e+00,8.1754959094e-01,8.8818494101e-01,1.5485158430e+00,1.5485158430e+00,8.1754959094e-01,8.8818494101e-01,9.2869658703e-01,9.2869658703e-01,8.1754959094e-01,8.8818494101e-01,8.7898019587e-01,8.7898019587e-01,8.1754959094e-01,8.8818494101e-01,9.5484986898e-01,9.5484986898e-01,8.1754959094e-01,8.8818494101e-01
2451545.196067,1.0005162497e+00,1.0005162497e+00,8.1586522713e-01,8.8945549540e-01,1.0446533151e+00,1.0446533151e+00,8.1586522713e-01,8.8945549540e-01,1.0247863388e+00,1.0247863388e+00,8.1586522713e-01,8.8945549540e-01,1.5506048846e+00,1.5506048846e+00,8.1586522713e-01,8.8945549540e-01,9.4362149057e-01,9.4362149057e-01,8.1586522713e-01,8.8945549540e-01,8.7881328953e-01,8.7881328953e-01,8.1586522713e-01,8.8945549540e-01,9.5702305150e-01,9.5702305150e-01,8.1586522713e-01,8.8945549540e-01
2451545.196734,1.0003797113e+00,1.0003797113e+00,8.1661113184e-01,8.9288659671e-01,1.0459675613e+00,1.0459675613e+00,8.1661113184e-01,8.9288659671e-01,1.0257670902e+00,1.0257670902e+00,8.1661113184e-01,8.9288659671e-01,1.5511705127e+00,1.5511705127e+00,8.1661113184e-01,8.9288659671e-01,9.5781830683e-01,9.5781830683e-01,8.1661113184e-01,8.9288659671e-01,8.8122662700e-01,8.8122662700e-01,8.1661113184e-01,8.9288659671e-01,9.5901479105e-01,9.5901479105e-01,8.1661113184e-01,8.9288659671e-01
2451545.197401,1.0002431771e+00,1.0002431771e+00,8.1686781907e-01,8.9544149903e-01,1.0472049204e+00,1.0472049204e+00,8.1686781907e-01,8.9544149903e-01,1.0313947964e+00,1.0313947964e+00,8.1686781907e-01,8.9544149903e-01,1.5502349003e+00,1.5502349003e+00,8.1686781907e-01,8.9544149903e-01,9.7085301784e-01,9.7085301784e-01,8.1686781907e-01,8.9544149903e-01,8.8892481063e-01,8.8892481063e-01,8.1686781907e-01,8.9544149903e-01,9.6082654134e-01,9.6082654134e-01,8.1686781907e-01,8.9544149903e-01
2451545.198068,1.0001066974e+00,1.0001066974e+00,8.1634704168e-01,8.9683991478e-01,1.0483644665e+00,1.0483644665e+00,8.1634704168e-01,8.9683991478e-01,1.0390520902e+00,1.0390520902e+00,8.1634704168e-01,8.9683991478e-01,1.5478171771e+00,1.5478171771e+00,8.1634704168e-01,8.9683991478e-01,9.8279958381e-01,9.8279958381e-01,8.1634704168e-01,8.9683991478e-01,8.9869164745e-01,8.9869164745e-01,8.1634704168e-01,8.9683991478e-01,9.6245974184e-01,9.6245974184e-01,8.1634704168e-01,8.9683991478e-01
2451545.198735,9.9997031409e-01,9.9997031409e-01,8.1736856956e-01,8.9928206664e-01,1.0494452307e+00,1.0494452307e+00,8.1736856956e-01,8.9928206664e-01,1.0459907442e+00,1.0459907442e+00,8.1736856956e-01,8.9928206664e-01,1.5439334294e+00,1.5439334294e+00,8.1736856956e-01,8.9928206664e-01,9.9372133592e-01,9.9372133592e-01,8.1736856956e-01,8.9928206664e-01,9.0772891426e-01,9.0772891426e-01,8.1736856956e-01,8.9928206664e-01,9.6391581774e-01,9.6391581774e-01,8.1736856956e-01,8.9928206664e-01
2451545.199402,9.9983407756e-01,9.9983407756e-01,8.1868029271e-01,9.0121788753e-01,1.0504461303e+00,1.0504461303e+00,8.1868029271e-01,9.0121788753e-01,1.0522371490e+00,1.0522371490e+00,8.1868029271e-01,9.0121788753e-01,1.5385945261e+00,1.5385945261e+00,8.1868029271e-01,9.0121788753e-01,1.0036731907e+00,1.0036731907e+00,8.1868029271e-01,9.0121788753e-01,9.1606312525e-01,9.1606312525e-01,8.1868029271e-01,9.0121788753e-01,9.6519619425e-01,9.6519619425e-01,8.1868029271e-01,9.0121788753e-01
2451545.200069,9.9969803807e-01,9.9969803807e-01,8.2098284102e-01,9.0336696566e-01,1.0513660257e+00,1.0513660257e+00,8.2098284102e-01,9.0336696566e-01,1.0578144941e+00,1.0578144941e+00,8.2098284102e-01,9.0336696566e-01,1.5342564498e+00,1.5342564498e+00,8.2098284102e-01,9.0336696566e-01,1.0127025360e+00,1.0127025360e+00,8.2098284102e-01,9.0336696566e-01,9.2371836999e-01,9.2371836999e-01,8.2098284102e-01,9.0336696566e-01,9.6657342775e-01,9.6657342775e-01,8.2098284102e-01,9.0336696566e-01
2451545.200736,9.9956224176e-01,9.9956224176e-01,8.2577605025e-01,9.0767418846e-01,1.0522037487e+00,1.0522037487e+00,8.2577605025e-01,9.0767418846e-01,1.0627718913e+00,1.0627718913e+00,8.2577605025e-01,9.0767418846e-01,1.5304079180e+00,1.5304079180e+00,8.2577605025e-01,9.0767418846e-01,1.0208505590e+00,1.0208505590e+00,8.2577605025e-01,9.0767418846e-01,9.3074470475e-01,9.3074470475e-01,8.2577605025e-01,9.0767418846e-01,9.6798034830e-01,9.6798034830e-01,8.2577605025e-01,9.0767418846e-01
2451545.201403,9.9942673892e-01,9.9942673892e-01,8.3052398465e-01,9.1181945355e-01,1.0529580171e+00,1.0529580171e+00,8.3052398465e-01,9.1181945355e-01,1.0671060613e+00,1.0671060613e+00,8.3052398465e-01,9.1181945355e-01,1.5253276994e+00,1.5253276994e+00,8.3052398465e-01,9.1181945355e-01,1.0281522469e+00,1.0281522469e+00,8.3052398465e-01,9.1181945355e-01,9.3714001776e-01,9.3714001776e-01,8.3052398465e-01,9.1181945355e-01,9.6922289985e-01,9.6922289985e-01,8.3052398465e-01,9.1181945355e-01
2451545.202069,9.9929177272e-01,9.9929177272e-01,8.3496730754e-01,9.1547357605e-01,1.0536265941e+00,1.0536265941e+00,8.3496730754e-01,9.1547357605e-01,1.0708198929e+00,1.0708198929e+00,8.3496730754e-01,9.1547357605e-01,1.5190323151e+00,1.5190323151e+00,8.3496730754e-01,9.1547357605e-01,1.0346301865e+00,1.0346301865e+00,8.3496730754e-01,9.1547357605e-01,9.4290587330e-01,9.4290587330e-01,8.3496730754e-01,9.1547357605e-01,9.7030025577e-01,9.7030025577e-01,8.3496730754e-01,9.1547357605e-01
2451545.202736,9.9915699100e-01,9.9915699100e-01,8.3942668311e-01,9.1892459273e-01,1.0542101495e+00,1.0542101495e+00,8.3942668311e-01,9.1892459273e-01,1.0739379031e+00,1.0739379031e+00,8.3942668311e-01,9.1892459273e-01,1.5115078527e+00,1.5115078527e+00,8.3942668311e-01,9.1892459273e-01,1.0403304368e+00,1.0403304368e+00,8.3942668311e-01,9.1892459273e-01,9.4807496435e-01,9.4807496435e-01,8.3942668311e-01,9.1892459273e-01,9.7121633539e-01,9.7121633539e-01,8.3942668311e-01,9.1892459273e-01
2451545.203403,9.9902264111e-01,9.9902264111e-01,8.5386561226e-01,9.3228005983e-01,1.0547061902e+00,1.0547061902e+00,8.5386561226e-01,9.3228005983e-01,1.0764651669e+00,1.0764651669e+00,8.5386561226e-01,9.3228005983e-01,1.5027651812e+00,1.5027651812e+00,8.5386561226e-01,9.3228005983e-01,1.0452653982e+00,1.0452653982e+00,8.5386561226e-01,9.3228005983e-01,9.5265159263e-01,9.5265159263e-01,8.5386561226e-01,9.3228005983e-01,9.7197006981e-01,9.7197006981e-01,8.5386561226e-01,9.3228005983e-01
2451545.204070,9.9888876917e-01,9.9888876917e-01,8.6778547838e-01,9.4520180572e-01,1.0551133056e+00,1.0551133056e+00,8.6778547838e-01,9.4520180572e-01,1.0784105072e+00,1.0784105072e+00,8.6778547838e-01,9.4520180572e-01,1.4928034312e+00,1.4928034312e+00,8.6778547838e-01,9.4520180572e-01,1.0494554431e+00,1.0494554431e+00,8.6778547838e-01,9.4520180572e-01,9.5664788113e-01,9.5664788113e-01,8.6778547838e-01,9.4520180572e-01,9.7256210035e-01,9.7256210035e-01,8.6778547838e-01,9.4520180572e-01
2451545.204737,9.9875542549e-01,9.9875542549e-01,8.8078363943e-01,9.5727927922e-01,1.0554300285e+00,1.0554300285e+00,8.8078363943e-01,9.5727927922e-01,1.0797810294e+00,1.0797810294e+00,8.8078363943e-01,9.5727927922e-01,1.4816212984e+00,1.4816212984e+00,8.8078363943e-01,9.5727927922e-01,1.0529169578e+00,1.0529169578e+00,8.8078363943e-01,9.5727927922e-01,9.6007407576e-01,9.6007407576e-01,8.8078363943e-01,9.5727927922e-01,9.7299305412e-01,9.7299305412e-01,8.8078363943e-01,9.5727927922e-01
2451545.205404,9.9862265618e-01,9.9862265618e-01,8.9290194151e-01,9.6854347702e-01,1.0556548488e+00,1.0556548488e+00,8.9290194151e-01,9.6854347702e-01,1.0805815742e+00,1.0805815742e+00,8.9290194151e-01,9.6854347702e-01,1.4692144351e+00,1.4692144351e+00,8.9290194151e-01,9.6854347702e-01,1.0556650001e+00,1.0556650001e+00,8.9290194151e-01,9.6854347702e-01,9.6293940562e-01,9.6293940562e-01,8.9290194151e-01,9.6854347702e-01,9.7326360097e-01,9.7326360097e-01,8.9290194151e-01,9.6854347702e-01
2451545.206071,9.9849050738e-01,9.9849050738e-01,9.0417467192e-01,9.7901958393e-01,1.0557862420e+00,1.0557862420e+00,9.0417467192e-01,9.7901958393e-01,1.0808150307e+00,1.0808150307e+00,9.0417467192e-01,9.7901958393e-01,1.4555754502e+00,1.4555754502e+00,9.0417467192e-01,9.7901958393e-01,1.0577115277e+00,1.0577115277e+00,9.0417467192e-01,9.7901958393e-01,9.6525145738e-01,9.6525145738e-01,9.0417467192e-01,9.7901958393e-01,9.7337432522e-01,9.7337432522e-01,9.0417467192e-01,9.7901958393e-01
2451545.206738,9.9835902518e-01,9.9835902518e-01,9.1463619589e-01,9.8873433460e-01,1.0558226697e+00,1.0558226697e+00,9.1463619589e-01,9.8873433460e-01,1.0804824919e+00,1.0804824919e+00,9.1463619589e-01,9.8873433460e-01,1.4406960834e+00,1.4406960834e+00,9.1463619589e-01,9.8873433460e-01,1.0590662838e+00,1.0590662838e+00,9.1463619589e-01,9.8873433460e-01,9.6701680091e-01,9.6701680091e-01,9.1463619589e-01,9.8873433460e-01,9.7332588247e-01,9.7332588247e-01,9.1463619589e-01,9.8873433460e-01
2451545.207405,9.9822825572e-01,9.9822825572e-01,9.2431620311e-01,9.9771097654e-01,1.0557625790e+00,1.0557625790e+00,9.2431620311e-01,9.9771097654e-01,1.0795827866e+00,1.0795827866e+00,9.2431620311e-01,9.9771097654e-01,1.4245654655e+00,1.4245654655e+00,9.2431620311e-01,9.9771097654e-01,1.0597372401e+00,1.0597372401e+00,9.2431620311e-01,9.9771097654e-01,9.6824059827e-01,9.6824059827e-01,9.2431620311e-01,9.9771097654e-01,9.7311887130e-01,9.7311887130e-01,9.2431620311e-01,9.9771097654e-01
2451545.208072,9.9809824091e-01,9.9809824091e-01,9.3324009735e-01,1.0059691927e+00,1.0556043743e+00,1.0556043743e+00,9.3324009735e-01,1.0059691927e+00,1.0781127917e+00,1.0781127917e+00,9.3324009735e-01,1.0059691927e+00,1.4071696840e+00,1.4071696840e+00,9.3324009735e-01,1.0059691927e+00,1.0597305970e+00,1.0597305970e+00,9.3324009735e-01,1.0059691927e+00,9.6892715118e-01,9.6892715118e-01,9.3324009735e-01,1.0059691927e+00,9.7275393307e-01,9.7275393307e-01,9.3324009735e-01,1.0059691927e+00
2451545.208738,9.9796922812e-01,9.9796922812e-01,9.4141699592e-01,1.0135144849e+00,1.0553469300e+00,1.0553469300e+00,9.4141699592e-01,1.0135144849e+00,1.0760704771e+00,1.0760704771e+00,9.4141699592e-01,1.0135144849e+00,1.3925046559e+00,1.3925046559e+00,9.4141699592e-01,1.0135144849e+00,1.0590521118e+00,1.0590521118e+00,9.4141699592e-01,1.0135144849e+00,9.6907966635e-01,9.6907966635e-01,9.4141699592e-01,1.0135144849e+00,9.7267192672e-01,9.7267192672e-01,9.4141699592e-01,1.0135144849e+00
2451545.209405,9.9784086517e-01,9.9784086517e-01,9.4888851114e-01,1.0203828093e+00,1.0549878672e+00,1.0549878672e+00,9.4888851114e-01,1.0203828093e+00,1.0734421790e+00,1.0734421790e+00,9.4888851114e-01,1.0203828093e+00,1.3777922385e+00,1.3777922385e+00,9.4888851114e-01,1.0203828093e+00,1.0577031131e+00,1.0577031131e+00,9.4888851114e-01,1.0203828093e+00,9.6870056838e-01,9.6870056838e-01,9.4888851114e-01,1.0203828093e+00,9.7255612874e-01,9.7255612874e-01,9.4888851114e-01,1.0203828093e+00
2451545.210072,9.9771339943e-01,9.9771339943e-01,9.5565479886e-01,1.0265721512e+00,1.0545258752e+00,1.0545258752e+00,9.5565479886e-01,1.0265721512e+00,1.0702204017e+00,1.0702204017e+00,9.5565479886e-01,1.0265721512e+00,1.3619972585e+00,1.3619972585e+00,9.5565479886e-01,1.0265721512e+00,1.0556844867e+00,1.0556844867e+00,9.5565479886e-01,1.0265721512e+00,9.6779032657e-01,9.6779032657e-01,9.5565479886e-01,1.0265721512e+00,9.7228940145e-01,9.7228940145e-01,9.5565479886e-01,1.0265721512e+00
2451545.210739,9.9758686862e-01,9.9758686862e-01,9.6172489846e-01,1.0320892524e+00,1.0539592729e+00,1.0539592729e+00,9.6172489846e-01,1.0320892524e+00,1.0663922623e+00,1.0663922623e+00,9.6172489846e-01,1.0320892524e+00,1.3451053686e+00,1.3451053686e+00,9.6172489846e-01,1.0320892524e+00,1.0529971183e+00,1.0529971183e+00,9.6172489846e-01,1.0320892524e+00,9.6634886268e-01,9.6634886268e-01,9.6172489846e-01,1.0320892524e+00,9.7187170209e-01,9.7187170209e-01,9.6172489846e-01,1.0320892524e+00
2451545.211406,9.9746132306e-01,9.9746132306e-01,9.6713114910e-01,1.0369644896e+00,1.0532863792e+00,1.0532863792e+00,9.6713114910e-01,1.0369644896e+00,1.0619420668e+00,1.0619420668e+00,9.6713114910e-01,1.0369644896e+00,1.3270983088e+00,1.3270983088e+00,9.6713114910e-01,1.0369644896e+00,1.0496387935e+00,1.0496387935e+00,9.6713114910e-01,1.0369644896e+00,9.6437531639e-01,9.6437531639e-01,9.6713114910e-01,1.0369644896e+00,9.7130305917e-01,9.7130305917e-01,9.6713114910e-01,1.0369644896e+00
2451545.212073,9.9733680048e-01,9.9733680048e-01,9.7206719613e-01,1.0413733815e+00,1.0525054275e+00,1.0525054275e+00,9.7206719613e-01,1.0413733815e+00,1.0571425455e+00,1.0571425455e+00,9.7206719613e-01,1.0413733815e+00,1.3079547756e+00,1.3079547756e+00,9.7206719613e-01,1.0413733815e+00,1.0456068552e+00,1.0456068552e+00,9.7206719613e-01,1.0413733815e+00,9.6216048328e-01,9.6216048328e-01,9.7206719613e-01,1.0413733815e+00,9.7058351545e-01,9.7058351545e-01,9.7206719613e-01,1.0413733815e+00
2451545.212740,9.9721335119e-01,9.9721335119e-01,9.7670260583e-01,1.0454668047e+00,1.0516145660e+00,1.0516145660e+00,9.7670260583e-01,1.0454668047e+00,1.0554486979e+00,1.0554486979e+00,9.7670260583e-01,1.0454668047e+00,1.2876504223e+00,1.2876504223e+00,9.7670260583e-01,1.0454668047e+00,1.0408968745e+00,1.0408968745e+00,9.7670260583e-01,1.0454668047e+00,9.6332945339e-01,9.6332945339e-01,9.7670260583e-01,1.0454668047e+00,9.6971324195e-01,9.6971324195e-01,9.7670260583e-01,1.0454668047e+00
2451545.213407,9.9709101292e-01,9.9709101292e-01,9.8203046323e-01,1.0500516028e+00,1.0506117716e+00,1.0506117716e+00,9.8203046323e-01,1.0500516028e+00,1.0529423593e+00,1.0529423593e+00,9.8203046323e-01,1.0500516028e+00,1.2661548153e+00,1.2661548153e+00,9.8203046323e-01,1.0500516028e+00,1.0355035370e+00,1.0355035370e+00,9.8203046323e-01,1.0500516028e+00,9.6409085604e-01,9.6409085604e-01,9.8203046323e-01,1.0500516028e+00,9.6869239544e-01,9.6869239544e-01,9.8203046323e-01,1.0500516028e+00
2451545.214074,9.9696982760e-01,9.9696982760e-01,9.8681775011e-01,1.0538180109e+00,1.0494947364e+00,1.0494947364e+00,9.8681775011e-01,1.0538180109e+00,1.0495965924e+00,1.0495965924e+00,9.8681775011e-01,1.0538180109e+00,1.2434314344e+00,1.2434314344e+00,9.8681775011e-01,1.0538180109e+00,1.0294201994e+00,1.0294201994e+00,9.8681775011e-01,1.0538180109e+00,9.6444547337e-01,9.6444547337e-01,9.8681775011e-01,1.0538180109e+00,9.6752128947e-01,9.6752128947e-01,9.8681775011e-01,1.0538180109e+00
2451545.214740,9.9685002163e-01,9.9685002163e-01,9.9118626433e-01,1.0568818789e+00,1.0482626199e+00,1.0482626199e+00,9.9118626433e-01,1.0568818789e+00,1.0453853970e+00,1.0453853970e+00,9.9118626433e-01,1.0568818789e+00,1.2194698454e+00,1.2194698454e+00,9.9118626433e-01,1.0568818789e+00,1.0226486334e+00,1.0226486334e+00,9.9118626433e-01,1.0568818789e+00,9.6439338357e-01,9.6439338357e-01,9.9118626433e-01,1.0568818789e+00,9.6620234688e-01,9.6620234688e-01,9.9118626433e-01,1.0568818789e+00
2451545.215407,9.9673127636e-01,9.9673127636e-01,9.9711516258e-01,1.0613967795e+00,1.0469080283e+00,1.0469080283e+00,9.9711516258e-01,1.0613967795e+00,1.0402556012e+00,1.0402556012e+00,9.9711516258e-01,1.0613967795e+00,1.1941304889e+00,1.1941304889e+00,9.9711516258e-01,1.0613967795e+00,1.0151600520e+00,1.0151600520e+00,9.9711516258e-01,1.0613967795e+00,9.6393388274e-01,9.6393388274e-01,9.9711516258e-01,1.0613967795e+00,9.6473206168e-01,9.6473206168e-01,9.9711516258e-01,1.0613967795e+00
2451545.216074,9.9661380982e-01,9.9661380982e-01,1.0023453791e+00,1.0652671039e+00,1.0454273431e+00,1.0454273431e+00,1.0023453791e+00,1.0652671039e+00,1.0406589578e+00,1.0406589578e+00,1.0023453791e+00,1.0652671039e+00,1.1695097975e+00,1.1695097975e+00,1.0023453791e+00,1.0652671039e+00,1.0069531265e+00,1.0069531265e+00,1.0023453791e+00,1.0652671039e+00,9.6925228223e-01,9.6925228223e-01,1.0023453791e+00,1.0652671039e+00,9.6335400156e-01,9.6335400156e-01,1.0023453791e+00,1.0652671039e+00
2451545.216741,9.9649766813e-01,9.9649766813e-01,1.0082628223e+00,1.0699733316e+00,1.0438115320e+00,1.0438115320e+00,1.0082628223e+00,1.0699733316e+00,1.0424935820e+00,1.0424935820e+00,1.0082628223e+00,1.0699733316e+00,1.1535726496e+00,1.1535726496e+00,1.0082628223e+00,1.0699733316e+00,9.9801589941e-01,9.9801589941e-01,1.0082628223e+00,1.0699733316e+00,9.7556687953e-01,9.7556687953e-01,1.0082628223e+00,1.0699733316e+00,9.6294977039e-01,9.6294977039e-01,1.0082628223e+00,1.0699733316e+00
2451545.217408,9.9638288481e-01,9.9638288481e-01,1.0134032684e+00,1.0741667191e+00,1.0420428015e+00,1.0420428015e+00,1.0134032684e+00,1.0741667191e+00,1.0438412270e+00,1.0438412270e+00,1.0134032684e+00,1.0741667191e+00,1.1361364351e+00,1.1361364351e+00,1.0134032684e+00,1.0741667191e+00,9.8833464151e-01,9.8833464151e-01,1.0134032684e+00,1.0741667191e+00,9.8100955933e-01,9.8100955933e-01,1.0134032684e+00,1.0741667191e+00,9.6241064349e-01,9.6241064349e-01,1.0134032684e+00,1.0741667191e+00
2451545.218075,9.9627425195e-01,9.9627425195e-01,1.0177738086e+00,1.0778763257e+00,1.0400913200e+00,1.0400913200e+00,1.0177738086e+00,1.0778763257e+00,1.0445942217e+00,1.0445942217e+00,1.0177738086e+00,1.0778763257e+00,1.1159025135e+00,1.1159025135e+00,1.0177738086e+00,1.0778763257e+00,9.7789518079e-01,9.7789518079e-01,1.0177738086e+00,1.0778763257e+00,9.8561676886e-01,9.8561676886e-01,1.0177738086e+00,1.0778763257e+00,9.6173577998e-01,9.6173577998e-01,1.0177738086e+00,1.0778763257e+00
2451545.218742,9.9616861676e-01,9.9616861676e-01,1.0213779498e+00,1.0810889003e+00,1.0377991249e+00,1.0377991249e+00,1.0213779498e+00,1.0810889003e+00,1.0439648262e+00,1.0439648262e+00,1.0213779498e+00,1.0810889003e+00,1.0875519808e+00,1.0875519808e+00,1.0213779498e+00,1.0810889003e+00,9.6668068798e-01,9.6668068798e-01,1.0213779498e+00,1.0810889003e+00,9.8942010612e-01,9.8942010612e-01,1.0213779498e+00,1.0810889003e+00,9.6135205753e-01,9.6135205753e-01,1.0213779498e+00,1.0810889003e+00
2451545.219409,9.9606431059e-01,9.9606431059e-01,1.0242100031e+00,1.0837966163e+00,1.0345203761e+00,1.0345203761e+00,1.0242100031e+00,1.0837966163e+00,1.0425362913e+00,1.0425362913e+00,1.0242100031e+00,1.0837966163e+00,1.0723491495e+00,1.0723491495e+00,1.0242100031e+00,1.0837966163e+00,9.5775143263e-01,9.5775143263e-01,1.0242100031e+00,1.0837966163e+00,9.9497064152e-01,9.9497064152e-01,1.0242100031e+00,1.0837966163e+00,9.6173449729e-01,9.6173449729e-01,1.0242100031e+00,1.0837966163e+00
2451545.220076,9.9596136701e-01,9.9596136701e-01,1.0262536823e+00,1.0859985438e+00,1.0323995635e+00,1.0323995635e+00,1.0262536823e+00,1.0859985438e+00,1.0425693187e+00,1.0425693187e+00,1.0262536823e+00,1.0859985438e+00,1.0610031106e+00,1.0610031106e+00,1.0262536823e+00,1.0859985438e+00,9.5482712586e-01,9.5482712586e-01,1.0262536823e+00,1.0859985438e+00,9.9819481220e-01,9.9819481220e-01,1.0262536823e+00,1.0859985438e+00,9.6185072283e-01,9.6185072283e-01,1.0262536823e+00,1.0859985438e+00
2451545.220743,9.9585981954e-01,9.9585981954e-01,1.0274803885e+00,1.0876906532e+00,1.0301563328e+00,1.0301563328e+00,1.0274803885e+00,1.0876906532e+00,1.0422132000e+00,1.0422132000e+00,1.0274803885e+00,1.0876906532e+00,1.0484371236e+00,1.0484371236e+00,1.0274803885e+00,1.0876906532e+00,9.4419368568e-01,9.4419368568e-01,1.0274803885e+00,1.0876906532e+00,1.0000928048e+00,1.0000928048e+00,1.0274803885e+00,1.0876906532e+00,9.6168224924e-01,9.6168224924e-01,1.0274803885e+00,1.0876906532e+00
2451545.221409,9.9575985685e-01,9.9575985685e-01,1.0278459379e+00,1.0888635680e+00,1.0277938182e+00,1.0277938182e+00,1.0278459379e+00,1.0888635680e+00,1.0419512447e+00,1.0419512447e+00,1.0278459379e+00,1.0888635680e+00,1.0426734558e+00,1.0426734558e+00,1.0278459379e+00,1.0888635680e+00,9.3121079110e-01,9.3121079110e-01,1.0278459379e+00,1.0888635680e+00,1.0015997329e+00,1.0015997329e+00,1.0278459379e+00,1.0888635680e+00,9.6223753798e-01,9.6223753798e-01,1.0278459379e+00,1.0888635680e+00
2451545.222076,9.9566121061e-01,9.9566121061e-01,1.0272867432e+00,1.0895086867e+00,1.0253044690e+00,1.0253044690e+00,1.0272867432e+00,1.0895086867e+00,1.0415986395e+00,1.0415986395e+00,1.0272867432e+00,1.0895086867e+00,1.0428630129e+00,1.0428630129e+00,1.0272867432e+00,1.0895086867e+00,9.1676242157e-01,9.1676242157e-01,1.0272867432e+00,1.0895086867e+00,1.0026845459e+00,1.0026845459e+00,1.0272867432e+00,1.0895086867e+00,9.6353035654e-01,9.6353035654e-01,1.0272867432e+00,1.0895086867e+00
2451545.222743,9.9556406530e-01,9.9556406530e-01,1.0257096051e+00,1.0896066362e+00,1.0228992156e+00,1.0228992156e+00,1.0257096051e+00,1.0896066362e+00,1.0408335426e+00,1.0408335426e+00,1.0257096051e+00,1.0896066362e+00,1.0480306191e+00,1.0480306191e+00,1.0257096051e+00,1.0896066362e+00,9.0305276834e-01,9.0305276834e-01,1.0257096051e+00,1.0896066362e+00,1.0030701356e+00,1.0030701356e+00,1.0257096051e+00,1.0896066362e+00,9.6545389999e-01,9.6545389999e-01,1.0257096051e+00,1.0896066362e+00
2451545.223410,9.9546845866e-01,9.9546845866e-01,1.0239778625e+00,1.0900708892e+00,1.0206110094e+00,1.0206110094e+00,1.0239778625e+00,1.0900708892e+00,1.0396565004e+00,1.0396565004e+00,1.0239778625e+00,1.0900708892e+00,1.0559459345e+00,1.0559459345e+00,1.0239778625e+00,1.0900708892e+00,8.9060398158e-01,8.9060398158e-01,1.0239778625e+00,1.0900708892e+00,1.0027800439e+00,1.0027800439e+00,1.0239778625e+00,1.0900708892e+00,9.6773924621e-01,9.6773924621e-01,1.0239778625e+00,1.0900708892e+00
2451545.224077,9.9537442422e-01,9.9537442422e-01,1.0233708993e+00,1.0916072402e+00,1.0182000147e+00,1.0182000147e+00,1.0233708993e+00,1.0916072402e+00,1.0380673568e+00,1.0380673568e+00,1.0233708993e+00,1.0916072402e+00,1.0644942664e+00,1.0644942664e+00,1.0233708993e+00,1.0916072402e+00,8.7729645928e-01,8.7729645928e-01,1.0233708993e+00,1.0916072402e+00,1.0018281146e+00,1.0018281146e+00,1.0233708993e+00,1.0916072402e+00,9.7014202941e-01,9.7014202941e-01,1.0233708993e+00,1.0916072402e+00
2451545.224744,9.9528198713e-01,9.9528198713e-01,1.0236585230e+00,1.0941252565e+00,1.0156656901e+00,1.0156656901e+00,1.0236585230e+00,1.0941252565e+00,1.0361324790e+00,1.0361324790e+00,1.0236585230e+00,1.0941252565e+00,1.0716274411e+00,1.0716274411e+00,1.0236585230e+00,1.0941252565e+00,8.6313817318e-01,8.6313817318e-01,1.0236585230e+00,1.0941252565e+00,1.0002905271e+00,1.0002905271e+00,1.0236585230e+00,1.0941252565e+00,9.7243366079e-01,9.7243366079e-01,1.0236585230e+00,1.0941252565e+00
2451545.225411,9.9519118933e-01,9.9519118933e-01,1.0229073973e+00,1.0962055994e+00,1.0130075940e+00,1.0130075940e+00,1.0229073973e+00,1.0962055994e+00,1.0342672478e+00,1.0342672478e+00,1.0229073973e+00,1.0962055994e+00,1.0816296241e+00,1.0816296241e+00,1.0229073973e+00,1.0962055994e+00,8.4812248017e-01,8.4812248017e-01,1.0229073973e+00,1.0962055994e+00,9.9861356411e-01,9.9861356411e-01,1.0229073973e+00,1.0962055994e+00,9.7509926622e-01,9.7509926622e-01,1.0229073973e+00,1.0962055994e+00
2451545.226078,9.9510206016e-01,9.9510206016e-01,1.0209064993e+00,1.0979111149e+00,1.0102253844e+00,1.0102253844e+00,1.0209064993e+00,1.0979111149e+00,1.0329600478e+00,1.0329600478e+00,1.0209064993e+00,1.0979111149e+00,1.0919374464e+00,1.0919374464e+00,1.0209064993e+00,1.0979111149e+00,8.3223166521e-01,8.3223166521e-01,1.0209064993e+00,1.0979111149e+00,9.9736794535e-01,9.9736794535e-01,1.0209064993e+00,1.0979111149e+00,9.7787360060e-01,9.7787360060e-01,1.0209064993e+00,1.0979111149e+00
2451545.226745,9.9501462477e-01,9.9501462477e-01,1.0180556659e+00,1.1000525988e+00,1.0086641081e+00,1.0086641081e+00,1.0180556659e+00,1.1000525988e+00,1.0311689916e+00,1.0311689916e+00,1.0180556659e+00,1.1000525988e+00,1.1006105555e+00,1.1006105555e+00,1.0180556659e+00,1.1000525988e+00,8.2752389890e-01,8.2752389890e-01,1.0180556659e+00,1.1000525988e+00,9.9554871312e-01,9.9554871312e-01,1.0180556659e+00,1.1000525988e+00,9.8053845067e-01,9.8053845067e-01,1.0180556659e+00,1.1000525988e+00
2451545.227411,9.9492904249e-01,9.9492904249e-01,1.0124764981e+00,1.1016093302e+00,1.0076680236e+00,1.0076680236e+00,1.0124764981e+00,1.1016093302e+00,1.0302980195e+00,1.0302980195e+00,1.0124764981e+00,1.1016093302e+00,1.1076476474e+00,1.1076476474e+00,1.0124764981e+00,1.1016093302e+00,8.2741229428e-01,8.2741229428e-01,1.0124764981e+00,1.1016093302e+00,9.9458145409e-01,9.9458145409e-01,1.0124764981e+00,1.1016093302e+00,9.8308891370e-01,9.8308891370e-01,1.0124764981e+00,1.1016093302e+00
2451545.228078,9.9484509110e-01,9.9484509110e-01,1.0057675637e+00,1.1055146809e+00,1.0065449908e+00,1.0065449908e+00,1.0057675637e+00,1.1055146809e+00,1.0316869683e+00,1.0316869683e+00,1.0057675637e+00,1.1055146809e+00,1.1130708949e+00,1.1130708949e+00,1.0057675637e+00,1.1055146809e+00,8.2558941882e-01,8.2558941882e-01,1.0057675637e+00,1.1055146809e+00,9.9603285102e-01,9.9603285102e-01,1.0057675637e+00,1.1055146809e+00,9.8553151715e-01,9.8553151715e-01,1.0057675637e+00,1.1055146809e+00
2451545.228745,9.9476292573e-01,9.9476292573e-01,1.0024650729e+00,1.1118788442e+00,1.0052939695e+00,1.0052939695e+00,1.0024650729e+00,1.1118788442e+00,1.0324406657e+00,1.0324406657e+00,1.0024650729e+00,1.1118788442e+00,1.1168576902e+00,1.1168576902e+00,1.0024650729e+00,1.1118788442e+00,8.2204774364e-01,8.2204774364e-01,1.0024650729e+00,1.1118788442e+00,9.9707464694e-01,9.9707464694e-01,1.0024650729e+00,1.1118788442e+00,9.8786124429e-01,9.8786124429e-01,1.0024650729e+00,1.1118788442e+00
2451545.229412,9.9468257573e-01,9.9468257573e-01,9.9667137577e-01,1.1155674505e+00,1.0039123100e+00,1.0039123100e+00,9.9667137577e-01,1.1155674505e+00,1.0325604390e+00,1.0325604390e+00,9.9667137577e-01,1.1155674505e+00,1.1189862953e+00,1.1189862953e+00,9.9667137577e-01,1.1155674505e+00,8.1677575397e-01,8.1677575397e-01,9.9667137577e-01,1.1155674505e+00,9.9771145644e-01,9.9771145644e-01,9.9667137577e-01,1.1155674505e+00,9.9007706897e-01,9.9007706897e-01,9.9667137577e-01,1.1155674505e+00
2451545.230079,9.9460406626e-01,9.9460406626e-01,9.9351429434e-01,1.1223063638e+00,1.0023972200e+00,1.0023972200e+00,9.9351429434e-01,1.1223063638e+00,1.0320451171e+00,1.0320451171e+00,9.9351429434e-01,1.1223063638e+00,1.1194171465e+00,1.1194171465e+00,9.9351429434e-01,1.1223063638e+00,8.0975573480e-01,8.0975573480e-01,9.9351429434e-01,1.1223063638e+00,9.9794711193e-01,9.9794711193e-01,9.9351429434e-01,1.1223063638e+00,9.9217799355e-01,9.9217799355e-01,9.9351429434e-01,1.1223063638e+00
2451545.230746,9.9452742666e-01,9.9452742666e-01,9.9182018982e-01,1.1275981190e+00,1.0007455368e+00,1.0007455368e+00,9.9182018982e-01,1.1275981190e+00,1.0308905616e+00,1.0308905616e+00,9.9182018982e-01,1.1275981190e+00,1.1180850293e+00,1.1180850293e+00,9.9182018982e-01,1.1275981190e+00,8.0096421372e-01,8.0096421372e-01,9.9182018982e-01,1.1275981190e+00,9.9778442908e-01,9.9778442908e-01,9.9182018982e-01,1.1275981190e+00,9.9416313440e-01,9.9416313440e-01,9.9182018982e-01,1.1275981190e+00
2451545.231413,9.9445268628e-01,9.9445268628e-01,9.8930560571e-01,1.1304144784e+00,9.9895371318e-01,9.9895371318e-01,9.8930560571e-01,1.1304144784e+00,1.0290886525e+00,1.0290886525e+00,9.8930560571e-01,1.1304144784e+00,1.1148869045e+00,1.1148869045e+00,9.8930560571e-01,1.1304144784e+00,7.9037196096e-01,7.9037196096e-01,9.8930560571e-01,1.1304144784e+00,9.9722536322e-01,9.9722536322e-01,9.8930560571e-01,1.1304144784e+00,9.9603170765e-01,9.9603170765e-01,9.8930560571e-01,1.1304144784e+00
2451545.232080,9.9437986608e-01,9.9437986608e-01,9.8680224290e-01,1.1323861005e+00,9.9717650620e-01,9.9717650620e-01,9.8680224290e-01,1.1323861005e+00,1.0266256478e+00,1.0266256478e+00,9.8680224290e-01,1.1323861005e+00,1.1096536490e+00,1.1096536490e+00,9.8680224290e-01,1.1323861005e+00,7.7940149255e-01,7.7940149255e-01,9.8680224290e-01,1.1323861005e+00,9.9627100932e-01,9.9627100932e-01,9.8680224290e-01,1.1323861005e+00,9.9778295796e-01,9.9778295796e-01,9.8680224290e-01,1.1323861005e+00
2451545.232747,9.9430899541e-01,9.9430899541e-01,9.8616099239e-01,1.1350478639e+00,9.9614123032e-01,9.9614123032e-01,9.8616099239e-01,1.1350478639e+00,1.0234791388e+00,1.0234791388e+00,9.8616099239e-01,1.1350478639e+00,1.1020944054e+00,1.1020944054e+00,9.8616099239e-01,1.1350478639e+00,7.7496078015e-01,7.7496078015e-01,9.8616099239e-01,1.1350478639e+00,9.9492168024e-01,9.9492168024e-01,9.8616099239e-01,1.1350478639e+00,9.9941627247e-01,9.9941627247e-01,9.8616099239e-01,1.1350478639e+00
2451545.233414,9.9424009524e-01,9.9424009524e-01,9.8509941071e-01,1.1361616525e+00,9.9611497445e-01,9.9611497445e-01,9.8509941071e-01,1.1361616525e+00,1.0196119599e+00,1.0196119599e+00,9.8509941071e-01,1.1361616525e+00,1.0916587626e+00,1.0916587626e+00,9.8509941071e-01,1.1361616525e+00,7.8019113952e-01,7.8019113952e-01,9.8509941071e-01,1.1361616525e+00,9.9317698491e-01,9.9317698491e-01,9.8509941071e-01,1.1361616525e+00,1.0009311096e+00,1.0009311096e+00,9.8509941071e-01,1.1361616525e+00
2451545.234080,9.9417329133e-01,9.9417329133e-01,9.8362108243e-01,1.1359534322e+00,9.9589278975e-01,9.9589278975e-01,9.8362108243e-01,1.1359534322e+00,1.0149650832e+00,1.0149650832e+00,9.8362108243e-01,1.1359534322e+00,1.0777215296e+00,1.0777215296e+00,9.8362108243e-01,1.1359534322e+00,7.8442812920e-01,7.8442812920e-01,9.8362108243e-01,1.1359534322e+00,9.9103903509e-01,9.9103903509e-01,9.8362108243e-01,1.1359534322e+00,1.0023822115e+00,1.0023822115e+00,9.8362108243e-01,1.1359534322e+00
2451545.234747,9.9410840342e-01,9.9410840342e-01,9.8172125409e-01,1.1345671052e+00,9.9546033021e-01,9.9546033021e-01,9.8172125409e-01,1.1345671052e+00,1.0093924228e+00,1.0093924228e+00,9.8172125409e-01,1.1345671052e+00,1.0687227821e+00,1.0687227821e+00,9.8172125409e-01,1.1345671052e+00,7.8767706369e-01,7.8767706369e-01,9.8172125409e-01,1.1345671052e+00,9.8849961841e-01,9.8849961841e-01,9.8172125409e-01,1.1345671052e+00,1.0044103223e+00,1.0044103223e+00,9.8172125409e-01,1.1345671052e+00
2451545.235414,9.9404555307e-01,9.9404555307e-01,9.7983958244e-01,1.1325306225e+00,9.9479668232e-01,9.9479668232e-01,9.7983958244e-01,1.1325306225e+00,1.0025868937e+00,1.0025868937e+00,9.7983958244e-01,1.1325306225e+00,1.0596922968e+00,1.0596922968e+00,9.7983958244e-01,1.1325306225e+00,7.8991978510e-01,7.8991978510e-01,9.7983958244e-01,1.1325306225e+00,9.8555873488e-01,9.8555873488e-01,9.7983958244e-01,1.1325306225e+00,1.0062427809e+00,1.0062427809e+00,9.7983958244e-01,1.1325306225e+00
2451545.236081,9.9398476965e-01,9.9398476965e-01,9.7817454421e-01,1.1301030391e+00,9.9386628742e-01,9.9386628742e-01,9.7817454421e-01,1.1301030391e+00,9.9574771245e-01,9.9574771245e-01,9.7817454421e-01,1.1301030391e+00,1.0490362285e+00,1.0490362285e+00,9.7817454421e-01,1.1301030391e+00,7.9114123567e-01,7.9114123567e-01,9.7817454421e-01,1.1301030391e+00,9.8349594766e-01,9.8349594766e-01,9.7817454421e-01,1.1301030391e+00,1.0078167071e+00,1.0078167071e+00,9.7817454421e-01,1.1301030391e+00
2451545.236748,9.9392606992e-01,9.9392606992e-01,9.7607203115e-01,1.1266586867e+00,9.9456183269e-01,9.9456183269e-01,9.7607203115e-01,1.1266586867e+00,9.9157329229e-01,9.9157329229e-01,9.7607203115e-01,1.1266586867e+00,1.0457211522e+00,1.0457211522e+00,9.7607203115e-01,1.1266586867e+00,8.0866581825e-01,8.0866581825e-01,9.7607203115e-01,1.1266586867e+00,9.8338496354e-01,9.8338496354e-01,9.7607203115e-01,1.1266586867e+00,1.0101515364e+00,1.0101515364e+00,9.7607203115e-01,1.1266586867e+00
2451545.237415,9.9386947485e-01,9.9386947485e-01,9.7352651053e-01,1.1221878014e+00,9.9558243492e-01,9.9558243492e-01,9.7352651053e-01,1.1221878014e+00,9.8687503957e-01,9.8687503957e-01,9.7352651053e-01,1.1221878014e+00,1.0412996012e+00,1.0412996012e+00,9.7352651053e-01,1.1221878014e+00,8.3063908500e-01,8.3063908500e-01,9.7352651053e-01,1.1221878014e+00,9.8233824020e-01,9.8233824020e-01,9.7352651053e-01,1.1221878014e+00,1.0122908276e+00,1.0122908276e+00,9.7352651053e-01,1.1221878014e+00
2451545.238082,9.9381500120e-01,9.9381500120e-01,9.7053135869e-01,1.1166530321e+00,9.9707332052e-01,9.9707332052e-01,9.7053135869e-01,1.1166530321e+00,9.8159736196e-01,9.8159736196e-01,9.7053135869e-01,1.1166530321e+00,1.0356502764e+00,1.0356502764e+00,9.7053135869e-01,1.1166530321e+00,8.5459554812e-01,8.5459554812e-01,9.7053135869e-01,1.1166530321e+00,9.8054082938e-01,9.8054082938e-01,9.7053135869e-01,1.1166530321e+00,1.0142409653e+00,1.0142409653e+00,9.7053135869e-01,1.1166530321e+00
2451545.238749,9.9376266993e-01,9.9376266993e-01,9.6707862719e-01,1.1099864186e+00,9.9844842675e-01,9.9844842675e-01,9.6707862719e-01,1.1099864186e+00,9.7572979687e-01,9.7572979687e-01,9.6707862719e-01,1.1099864186e+00,1.0316526204e+00,1.0316526204e+00,9.6707862719e-01,1.1099864186e+00,8.7442751194e-01,8.7442751194e-01,9.6707862719e-01,1.1099864186e+00,9.7809190503e-01,9.7809190503e-01,9.6707862719e-01,1.1099864186e+00,1.0163350632e+00,1.0163350632e+00,9.6707862719e-01,1.1099864186e+00
2451545.239416,9.9371249783e-01,9.9371249783e-01,9.6422405329e-01,1.1031735783e+00,9.9970734046e-01,9.9970734046e-01,9.6422405329e-01,1.1031735783e+00,9.6926047628e-01,9.6926047628e-01,9.6422405329e-01,1.1031735783e+00,1.0355324553e+00,1.0355324553e+00,9.6422405329e-01,1.1031735783e+00,8.9108007272e-01,8.9108007272e-01,9.6422405329e-01,1.1031735783e+00,9.7503964632e-01,9.7503964632e-01,9.6422405329e-01,1.1031735783e+00,1.0192119411e+00,1.0192119411e+00,9.6422405329e-01,1.1031735783e+00
