1,0.6031501316569239,0.5618767601659208,0.5791768410955144,0.5869359483011143,0.6046462829328735,0.6072762489351696,0.5662470344026042,0.5966675638453338,0.5513712069830922,0.5948748217329595,0.5278710367978638,0.6771750563066958,1.1245826253433051,1.0922748835039529,0.7090118242910859,0.6325581297163461,0.6336477034864673,0.5931882497797678,0.6532106532028250,0.7304112981377537,0.6264197144321124,0.6342285718892299,0.6002360807124270,0.5786813588509607,0.7267138258921193,0.7167159237415194,0.6597799195953808,0.6451605718275846
2,0.6026292300548356,0.5681778310342085,0.5786472925305604,0.5931042074310404,0.6149148233998684,0.6221483450320922,0.5748040021554048,0.5923656048400534,0.5827645275040606,0.6239454126051371,0.5568474389387069,0.6923917316267725,1.1272060251932798,1.0941226262520714,0.7206005080244197,0.6367413058880933,0.6388407044232309,0.6075092229287927,0.6486452567232582,0.7249728941805936,0.6217011363609646,0.6292806276583292,0.5980348331658630,0.5760528286980872,0.7278391433685564,0.7160029466659567,0.6615256759397891,0.6456071165274760
3,0.6040687734471076,0.5739130007921160,0.5791931774299814,0.6001572639343488,0.6301253664236000,0.6376931585189589,0.5892873595955038,0.5880324247814747,0.6124701918323422,0.6529929274443074,0.5856762774557845,0.7084753268091250,1.1376996245931790,1.0888206637805595,0.7187471839923931,0.6391572869347222,0.6441890770796217,0.6157217586238106,0.6363131024587092,0.7143673197969651,0.6151221597905712,0.6229556117724865,0.5957564918128563,0.5718687269759278,0.7276623326505094,0.7166357025534978,0.6606917949357077,0.6460286797056952
4,0.6049524727695738,0.5801639338797830,0.5802236231425166,0.6063801401860885,0.6464629958283423,0.6551114971393621,0.6039398442109319,0.5842556844631318,0.6390540161304856,0.6800797238660112,0.6127972730176062,0.7241597239403207,1.1312072318610131,1.0828949410182818,0.7247073875428600,0.6395264705553306,0.6494836672176799,0.6186849696414278,0.6367704397880543,0.7086061822716401,0.6083374003657713,0.6178730241186494,0.5945016804266885,0.5699586568786861,0.7279335004840987,0.7172549380160914,0.6606885029669701,0.6460457125613809
5,0.6062477167118264,0.5868474904331425,0.5817222933336988,0.6136906419408552,0.6637493064971013,0.6716202988004274,0.6158935216781610,0.5806196906673192,0.6632124420135154,0.7051976136004718,0.6370014525847932,0.7369453774276051,1.1315482042553071,1.0824536011899095,0.7268419552995911,0.6381257444653751,0.6550053390998084,0.6234464929965180,0.6292536221714350,0.7017601106235484,0.6002822545372009,0.6139490149004982,0.5921011171854186,0.5704871290168710,0.7267193421542587,0.7191850537908133,0.6598239813307923,0.6463559944157873
6,0.6077927345899872,0.5934485417778859,0.5839156347320633,0.6210547677788573,0.6783978131303021,0.6889429876677422,0.6283938991258126,0.5777221754950865,0.6865132729310675,0.7258685284579603,0.6603180032476039,0.7522890417340340,1.1291961905967089,1.0757746584538765,0.7310894566803836,0.6414103928546120,0.6557104876735002,0.6239124524685757,0.6275545608141588,0.6920060035261419,0.5950875663195113,0.6097928062463850,0.5908463057992509,0.5699542893403540,0.7268163122360776,0.7225459309788641,0.6599771844912750,0.6480016521559467
7,0.6090226231759529,0.5996781081320395,0.5861162646488822,0.6273665209833666,0.6948288641334706,0.7045033586445690,0.6417023286333695,0.5754294423391646,0.7059618099385373,0.7474356866619294,0.6825581634162465,0.7648012288398173,1.1273591148396973,1.0767985668557001,0.7290270026992177,0.6430717191473501,0.6507923751637689,0.6118630317458323,0.6239144747451274,0.6894893683616227,0.5903127966202231,0.6067975947720822,0.5885667108884157,0.5708132385456685,0.7277244631819741,0.7258809691325708,0.6610698648838078,0.6498678853772349
8,0.6120386758061808,0.6069889158226986,0.5884694507968009,0.6345005101308171,0.7107560412251283,0.7191660048303611,0.6533122587305709,0.5732648665713783,0.7250054390302954,0.7642811907573223,0.7036739936393457,0.7773228458208248,1.1336636248239869,1.0702608528647461,0.7339559792591018,0.6386985219944072,0.6509537227187661,0.6054488083882874,0.6178388015035374,0.6778194598702166,0.5862814269743067,0.6040619951671538,0.5869903619192790,0.5718956601289759,0.7291073030014451,0.7298776067470399,0.6616482384681751,0.6520918085679213
9,0.6156269652688476,0.6142159489938398,0.5931655186355129,0.6408338619244074,0.7231612240561247,0.7330758413630807,0.6664330582607115,0.5704685680396773,0.7449657796432250,0.7809793059967326,0.7234977058370867,0.7895760256871175,1.1294467009272104,1.0655061517804161,0.7375941192363681,0.6382777612503314,0.6431851367374165,0.6051794255685040,0.6141295830475120,0.6726419894362535,0.5841005843253951,0.6043595006944802,0.5873802184038925,0.5741769709844469,0.7302015552121498,0.7342804580177084,0.6635198493097070,0.6544508590803801
10,0.6203754740762900,0.6217983892174814,0.5983966642600755,0.6469326083538433,0.7391510840267264,0.7473826819914503,0.6785469006085085,0.5688692444062030,0.7639049424927294,0.7957382900753608,0.7444232763625390,0.8003506011182595,1.1325363283367298,1.0647529318066606,0.7366494287764634,0.6381528903198316,0.6326616906503729,0.6090163105962295,0.6074716023923954,0.6644706501571872,0.5788170525875376,0.6033799093240151,0.5871533244369631,0.5759829480847735,0.7327433907400668,0.7395077547562841,0.6638508187820222,0.6570949260446453
11,0.6259076000764390,0.6287660598610242,0.6029218289074403,0.6529571251495414,0.7522581342858978,0.7604382970846902,0.6910273297226598,0.5665707202484596,0.7801182652536619,0.8107823748198544,0.7642537300456297,0.8098754037530244,1.1345960799430761,1.0584682526506402,0.7385604438289423,0.6366680120810607,0.6266260969264013,0.6067811612537025,0.6048179823070094,0.6575559117924646,0.5759322958942175,0.6036741898591753,0.5865033547029692,0.5796742458984599,0.7354565207238913,0.7437099028299545,0.6644195696885411,0.6612515105937936
12,0.6320415130206155,0.6357390192999911,0.6092733957482179,0.6587465400617960,0.7664353138870396,0.7737163266640273,0.7041513094219092,0.5657914528294414,0.7939321037060861,0.8238359656204205,0.7812130600236783,0.8203218195263652,1.1429046725713783,1.0523777630191034,0.7385027528084901,0.6389346909281789,0.6228135139601697,0.6077931669820780,0.6014916509174125,0.6441865020644461,0.5720224216604968,0.6041514886997641,0.5864895655668574,0.5828800190342271,0.7410317197693043,0.7494560834326249,0.6659409657020607,0.6644383578925739
13,0.6376836430858018,0.6422416990498458,0.6160296010273326,0.6637822386930211,0.7825716348151737,0.7863115552951128,0.7149933732324886,0.5657353052900421,0.8059238565378073,0.8375140980885091,0.7957776645947298,0.8303728091986389,1.1456602862068956,1.0524601464537329,0.7414810517393344,0.6384189196935053,0.6154931156315903,0.6148917683142078,0.5971496052265957,0.6474344377610833,0.5688999895670691,0.6027276546584132,0.5867854052143455,0.5859591335583632,0.7429661858027149,0.7554405239682584,0.6680389627013966,0.6677211569450499
14,0.6445988005859882,0.6501035992236975,0.6224920036142634,0.6687727540689277,0.7950488426849567,0.7998082540388900,0.7263937012747950,0.5658226738827398,0.8158465299202410,0.8489531109667195,0.8101302869042296,0.8376099241040188,1.1390008865877288,1.0575149586213561,0.7478811493207492,0.6391192827384831,0.6076707471319082,0.6217573899103086,0.5889973014372236,0.6381987643742395,0.5691809477077715,0.6018423943088077,0.5840470081383382,0.5903696193507367,0.7459594838373036,0.7596619010907431,0.6698052305433240,0.6710167306392900
15,0.6523596952214904,0.6572766866815128,0.6292446902982621,0.6739621254201651,0.8092781575652201,0.8132767188194062,0.7386434235754206,0.5669254820556959,0.8270357552630213,0.8581023858600679,0.8242102535840309,0.8456441777950158,1.1546577822440771,1.0532486736137578,0.7454761549056486,0.6397219207074175,0.5995197076868614,0.6369229146024382,0.5868196312469119,0.6337869278307099,0.5696449083130936,0.6017246820947435,0.5853908221303180,0.5928736746611452,0.7506076605137115,0.7660907129263164,0.6734517189911740,0.6741314721823345
16,0.6586346722020089,0.6630867457826258,0.6359833026017968,0.6786457918753364,0.8234279134068240,0.8256887147909607,0.7506806527583250,0.5695694520612238,0.8361785759997941,0.8697051641338147,0.8366580317552782,0.8527888799231989,1.1489865067063332,1.0488235062679456,0.7466083411820228,0.6426075250361438,0.5897193376796203,0.6396313040337739,0.5852535167877012,0.6288738242557755,0.5688756904846299,0.5996961620222413,0.5865309329751927,0.5958683501108605,0.7540890025828437,0.7697526449098639,0.6768535888389806,0.6782125444046100
17,0.6656960704004212,0.6706224330547184,0.6424811424681099,0.6841926571148090,0.8370445634174096,0.8380275329393692,0.7610769146811139,0.5732618451791236,0.8449229673475064,0.8757540623343963,0.8478518936514823,0.8601278374809999,1.1581788441116825,1.0485469333088324,0.7527848860591855,0.6458894588399352,0.5868748400433722,0.6401409472063371,0.5805232661545333,0.6244276543539306,0.5675878391153563,0.5996300496828354,0.5860652362419646,0.5983141715768409,0.7586506610425389,0.7751352763083915,0.6805213484694431,0.6821110811901212
18,0.6730713037255575,0.6767506660885459,0.6499076401168176,0.6890923094607891,0.8487457693002668,0.8506040349621692,0.7722797831323952,0.5799172169681075,0.8517254203314649,0.8848199657536535,0.8589970670423830,0.8686769623592367,1.1494040239238357,1.0446219511018422,0.7511370862875197,0.6480665563673468,0.5732917662467509,0.6533771084594775,0.5749900162570503,0.6189137170084765,0.5669127802313443,0.5977676167068894,0.5874529247579362,0.6006828331989540,0.7633423871568894,0.7803568644231006,0.6854299270856322,0.6851676271429065
19,0.6798277102612978,0.6834204717738027,0.6570762750091689,0.6947106734779088,0.8618094237201693,0.8619840507663659,0.7827376246933809,0.5894617951006236,0.8593150143035672,0.8916742919450092,0.8709190093563541,0.8749597738919302,1.1515611962142660,1.0444689532946732,0.7544831654737468,0.6502653705783236,0.5712599822208595,0.6464750837796220,0.5693637035309214,0.6227453197964757,0.5664427448554125,0.5986149833985428,0.5877556589734803,0.6037743224150310,0.7692581428070134,0.7854835091092897,0.6902777308943573,0.6890888744026652
20,0.6870161523701159,0.6899204013500370,0.6645507763483872,0.7017163123890972,0.8739268077560147,0.8742203047217036,0.7925282089540943,0.6003639854862399,0.8651894183447142,0.8957632161162860,0.8799218885139075,0.8808892794328913,1.1508862100459700,1.0488764670473505,0.7533978531514900,0.6477950978227818,0.5724431976241727,0.6516151992057591,0.5705628845514715,0.6237787538817694,0.5613581618550252,0.5967960878168397,0.5883266545642888,0.6058292492002878,0.7742817156384866,0.7904286796472950,0.6948434383051028,0.6935909420413038
21,0.6944670943753074,0.6966600191348920,0.6718450753520233,0.7073513098024056,0.8859601123532768,0.8853537054998650,0.8039152381074005,0.6131273535007357,0.8709520678011247,0.9017309760072610,0.8901666990836602,0.8870400727124463,1.1537531616061547,1.0461695827666673,0.7568412859347301,0.6496383013403784,0.5708237462388299,0.6532314961244594,0.5735089878126014,0.6170974823535916,0.5612738744128145,0.5966404819448234,0.5896385028316460,0.6061822918821331,0.7804703810997177,0.7968190333852400,0.7004154752361090,0.6982920102105360
22,0.7006937558449075,0.7014658417608745,0.6803919942169460,0.7136270653584469,0.8976809066358039,0.8961436890922391,0.8136497357492867,0.6253126284638372,0.8763697357133488,0.9070191095067603,0.8988961735575870,0.8934857067573440,1.1533565202495273,1.0491648090685535,0.7604217348915442,0.6523990347386048,0.5582924194673758,0.6520301943605605,0.5744396160990594,0.6139559800677321,0.5576426802808175,0.5950118609009225,0.5906877307339660,0.6099827781541223,0.7869978611881423,0.8018753718617022,0.7053868544866779,0.7033731949424857
23,0.7083228612966102,0.7072509377475857,0.6865357126176586,0.7194837586343901,0.9094899993968434,0.9071073979891683,0.8227794230479450,0.6374984069923143,0.8798600419467846,0.9113350720673034,0.9067574945292588,0.8999464286026002,1.1578796234391389,1.0435568509827038,0.7589938821353525,0.6533952875971585,0.5635451787578423,0.6518044952412826,0.5727405547417832,0.6159644815291833,0.5566980534509964,0.5946812992038932,0.5929992913694238,0.6131608902137862,0.7941655180143232,0.8068833372622413,0.7114838338171560,0.7088137729294022
24,0.7154787335744075,0.7140834267800882,0.6944605941317217,0.7270956475977107,0.9196325713859606,0.9178443708750114,0.8330692938587323,0.6493148203176576,0.8849076240240481,0.9162056038081853,0.9144884801175031,0.9050385612236546,1.1710592502716382,1.0459224324627789,0.7582402931806957,0.6544974092880925,0.5530695393537608,0.6504939842261201,0.5732218225127800,0.6152915477062013,0.5560981698532805,0.5951327981071528,0.5944722218177225,0.6150425713118692,0.8004798961864154,0.8133409926710359,0.7165620754375159,0.7152212493574058
25,0.7230653472598115,0.7201773884195676,0.7022985160807756,0.7338041197143034,0.9317020391826133,0.9288291111935535,0.8425493779719184,0.6602467210604449,0.8858259551768825,0.9200429247808654,0.9241100778193728,0.9104286779017928,1.1581440510102239,1.0441453040872002,0.7630755218323449,0.6557569769348743,0.5465200237879461,0.6494310141804884,0.5710734006400427,0.6168880488678676,0.5563593849895011,0.5935211082721242,0.5966703354697156,0.6161351838179515,0.8063233597695547,0.8194323947906981,0.7234546982890456,0.7204957570013875
26,0.7305969589126968,0.7270991523188290,0.7108079870405354,0.7409388536406878,0.9415423470968231,0.9402480207226506,0.8513570008717452,0.6712594440460449,0.8891453902698879,0.9240425223727586,0.9305129907937273,0.9158646866393554,1.1614911473705365,1.0436156962931533,0.7704130984961078,0.6575268866454383,0.5430181842609685,0.6526927304848926,0.5741178846057410,0.6154838145127677,0.5537684953244293,0.5908935459047614,0.5977145491407223,0.6187251340488915,0.8115254852965925,0.8260799370565325,0.7286706961396577,0.7267008263276603
27,0.7378602469245894,0.7338529440754207,0.7195263117532505,0.7483183715766554,0.9526932696289514,0.9500647968875163,0.8607370542111469,0.6819896668558327,0.8912727764590378,0.9247184268234266,0.9375413637977478,0.9194417526410591,1.1624166438693340,1.0478054823971672,0.7680838235453507,0.6626438802104894,0.5434723477491089,0.6545201652893692,0.5726687634168278,0.6177360828182582,0.5541375376389736,0.5921843490192591,0.5991266820343466,0.6209467552138237,0.8159605600566678,0.8333677465571011,0.7344564578102464,0.7320491430129462
28,0.7453642497140929,0.7409871059989145,0.7267321432225421,0.7546656259103437,0.9625115782635318,0.9602947108413243,0.8701419706908535,0.6925736039239567,0.8937467638240371,0.9284314349731315,0.9425435459272212,0.9260608963900815,1.1535931133394453,1.0437392714450977,0.7675934498715071,0.6635804121892388,0.5377355457936507,0.6463949969953622,0.5747640065303390,0.6183884166262509,0.5503377686225551,0.5916828627374242,0.6011179586446637,0.6234813832925570,0.8174885646692809,0.8387371579845689,0.7402060078247209,0.7371885233351552
29,0.7519565129292580,0.7490705009251279,0.7340178970666108,0.7630066534498775,0.9735247792779805,0.9702054081492829,0.8775393331440905,0.7027594725625275,0.8951404568699171,0.9287247239087737,0.9501269678917000,0.9292890570084906,1.1570724234853005,1.0559496733633960,0.7731209707685825,0.6661076912391393,0.5398748948562070,0.6415388256225103,0.5721130453829144,0.6160812149474557,0.5477392854942210,0.5908427522781448,0.6041421669055325,0.6245696282603072,0.8192740916249279,0.8433716592026704,0.7465952126877559,0.7426918390071803
30,0.7593037060025221,0.7557760588674517,0.7418422472916459,0.7698956103281002,0.9811895693888436,0.9805842706643763,0.8868543375699043,0.7130266670092865,0.8985910821276132,0.9311283532823497,0.9535890951457321,0.9342491713764065,1.1615746508140370,1.0543490809191660,0.7725224264313911,0.6669655002399648,0.5312338369107982,0.6413786520539905,0.5695099451187933,0.6124350122943597,0.5493058169652185,0.5905871716489781,0.6063340127683838,0.6276625733224949,0.8188844693201347,0.8466255748066924,0.7519717573214191,0.7480835894744646
31,0.7664283026147696,0.7620413774786724,0.7508656844665605,0.7767738920416045,0.9920692679255416,0.9895393347464483,0.8959733279361060,0.7233326359899805,0.9000681862041299,0.9326402056384143,0.9612781337140227,0.9364595341289531,1.1518464996462261,1.0672008967213653,0.7758865340615094,0.6704347404395060,0.5343771263155596,0.6452009758482141,0.5693291373374243,0.6164726152322513,0.5476997994852575,0.5912233013537492,0.6071613609350878,0.6307111150783061,0.8191602824271046,0.8492734749191805,0.7581284985459036,0.7530804615707706
32,0.7738947746056133,0.7694795393631442,0.7581129850925761,0.7854160585300477,1.0006842461003957,0.9987897030360976,0.9023443630860642,0.7328177934081547,0.9021081122834860,0.9332133845227913,0.9665327470171459,0.9403383561378303,1.1548734994731200,1.0761041921923944,0.7812734330962328,0.6722779439571026,0.5265667094866181,0.6452300983152177,0.5648302143068903,0.6103681441237723,0.5473019020103168,0.5905565342233998,0.6082080817217512,0.6337319957580141,0.8193759973097136,0.8491430779319095,0.7639324926587315,0.7579481678447938
33,0.7806153758966552,0.7757924571331818,0.7652876518622690,0.7926086369536256,1.0100056121033487,1.0079415405559993,0.9118371678756855,0.7430180136599350,0.9059020994537057,0.9335759015574558,0.9698772728045222,0.9427492609034777,1.1559451269980434,1.0809353921803091,0.7783420081195058,0.6787033677069572,0.5272061238712369,0.6407889220971673,0.5652476675668157,0.6116693784039261,0.5479488650802585,0.5920779242777764,0.6113187854727753,0.6347634627274469,0.8211542660257035,0.8500459418645121,0.7704594537520185,0.7640061868503141
34,0.7875680641955013,0.7820501598789917,0.7733909764143564,0.7985713370978164,1.0206164975245757,1.0158021064092069,0.9184218525684953,0.7539836532828996,0.9085202340366982,0.9331925416542686,0.9743603605620691,0.9451922272448872,1.1689925400450003,1.0993892815373132,0.7847132601906947,0.6854083937577136,0.5261125459984777,0.6437812555817882,0.5659948291339434,0.6073536752636798,0.5494106067582373,0.5915006506800373,0.6129747353640116,0.6397431843491052,0.8228701138806424,0.8514836137172587,0.7762074843963065,0.7682703622712100
35,0.7945060852856757,0.7897472611874281,0.7797478211478081,0.8056467369691395,1.0283813391537531,1.0239389617600405,0.9268753202721202,0.7630490889603619,0.9129863683469996,0.9327727067311664,0.9790157307229971,0.9474453387651167,1.1632795127855060,1.1005603032152609,0.7848250365428208,0.6877429372409729,0.5190192294139684,0.6462857877440986,0.5627456069452244,0.6038585393871716,0.5450732205428531,0.5910322205679055,0.6149014537461692,0.6419225859768269,0.8242407598574893,0.8517765562577869,0.7813161134203985,0.7752629172920149
36,0.8017212734808951,0.7952156641041435,0.7889406535447344,0.8113157459537592,1.0374007424417935,1.0323803405717611,0.9359263706619076,0.7720870803248443,0.9195385882390482,0.9327875944943971,0.9812149530548531,0.9515498491210258,1.1666961953487358,1.1085338427811859,0.7932731653502884,0.6979253472476076,0.5114299184937269,0.6432716124092250,0.5592464445881423,0.6016303044325018,0.5464863640559536,0.5916151379019353,0.6180347215381035,0.6449230848109850,0.8255492753028717,0.8556884658759186,0.7875359085076271,0.7802126651542572
37,0.8073899339382374,0.8007947086211312,0.7965405676670150,0.8172399658530358,1.0466039753267367,1.0405120100926080,0.9413806497896978,0.7820158788390799,0.9254607714142492,0.9327600521324204,0.9866081413346088,0.9547270884132244,1.1586033199494767,1.1200734081603585,0.7942430956316409,0.7057352095747438,0.5040676893175555,0.6359909956583227,0.5550905245546170,0.6005831370038819,0.5466101375071279,0.5912474887949953,0.6193647463939715,0.6486318527780000,0.8270459243201660,0.8560592259733668,0.7940426113317595,0.7849537605343507
38,0.8149375069652655,0.8081247675271341,0.8036350607337083,0.8223876295839792,1.0552903758203875,1.0483671020141629,0.9484105581577329,0.7907268044919937,0.9299763044902674,0.9344334367195368,0.9898860013224159,0.9571379931788717,1.1594661888656488,1.1275349935253716,0.8056370721709484,0.7117833059476528,0.5055377448186417,0.6413713714372395,0.5545348065207035,0.5985986688932515,0.5469298223104676,0.5904009283513835,0.6211247415849600,0.6502405627303264,0.8275383232985037,0.8560769527527423,0.7987549379655122,0.7911139766739848
39,0.8221915201246156,0.8135880932002424,0.8110902097997889,0.8275683118476552,1.0621728353844313,1.0566796993812131,0.9559605687281899,0.7993949270879663,0.9362062176814093,0.9340329558886344,0.9912028381273896,0.9604654818163089,1.1686098159289562,1.1308244463795059,0.8081430258718405,0.7208065879689948,0.5054182281112363,0.6324671771508860,0.5529500794957637,0.5936546652958332,0.5460747983471409,0.5912273325939570,0.6254037612319965,0.6539456910820645,0.8285446056445643,0.8578565411297158,0.8039678970757511,0.7963294370849229
40,0.8274533812355652,0.8192678363821052,0.8197027253308021,0.8309903227889295,1.0703255273270742,1.0641236702254875,0.9637213377786723,0.8083928850050742,0.9415623395904452,0.9354137959282700,0.9935144185484072,0.9636823265844491,1.1688255331579993,1.1386744107934867,0.8166200001895342,0.7264447819396106,0.5013008775411210,0.6220922982808501,0.5498470988949166,0.5926967645988335,0.5477681406546175,0.5892883060540651,0.6271712777699550,0.6575816667435442,0.8280286899697376,0.8586698698037774,0.8088539383675056,0.8020609930231354
41,0.8355237971128882,0.8256992231696429,0.8254797558547858,0.8362194156833042,1.0788000717442945,1.0711179143692464,0.9690192104075686,0.8166979369651103,0.9459159095001787,0.9374124781419744,0.9960387302849039,0.9660844301332205,1.1685819814477894,1.1368796288247729,0.8207593309069788,0.7411795517386010,0.4969026627086031,0.6272105718567345,0.5476641108286823,0.5861905931980642,0.5460558146889853,0.5919053871968879,0.6300174808191995,0.6615153629346627,0.8294902091070915,0.8592230054110723,0.8144687708921013,0.8078612481459465
42,0.8425593120018799,0.8303575941792013,0.8337871589235997,0.8413747754632304,1.0854872500316284,1.0793524361848301,0.9764561804215236,0.8258446984507609,0.9536512703219371,0.9430809939920149,0.9960492170398924,0.9703555349514233,1.1753805534727904,1.1353084590357678,0.8278372979787070,0.7422219525497307,0.4934904607121795,0.6069922991394787,0.5421866986283866,0.5840790916616668,0.5486953025189354,0.5924238046875950,0.6331764465466148,0.6636139651032406,0.8291281681129953,0.8601159543653801,0.8184373658195113,0.8138389288488163
43,0.8481248706100305,0.8345160682452725,0.8418766604234458,0.8460663862270290,1.0938313055710471,1.0852308625764460,0.9830946388828997,0.8350131132475700,0.9573221654857804,0.9448221179018303,0.9974769138261721,0.9730078445228096,1.1716576916167254,1.1407339966592238,0.8315944256856559,0.7473172294312165,0.4828833529299521,0.5932537753305259,0.5452365004700076,0.5756090521652565,0.5506794744693554,0.5916207816382261,0.6347954164819151,0.6687174336443086,0.8283111806571919,0.8608965335656802,0.8223188501895561,0.8201478985947714
44,0.8549966735669374,0.8397198198389652,0.8482046024113019,0.8515303327452027,1.1001327430648800,1.0927871930704325,0.9866546936470049,0.8431884971233429,0.9621259929977855,0.9490502426593130,0.9984903837904096,0.9759185326753382,1.1786441463896025,1.1504611264765476,0.8434787758988072,0.7542475660739619,0.4728319978371597,0.5836724836863385,0.5386237217602332,0.5783110874646789,0.5509710634586249,0.5953932162245686,0.6384996798646578,0.6735479310396199,0.8285901873896109,0.8600041855191478,0.8274644505548555,0.8265593493557685
45,0.8625453250651913,0.8445791650746397,0.8571451012727684,0.8566856925251288,1.1066978705542703,1.0991744070040792,0.9942625254739846,0.8506291791158541,0.9666050843613895,0.9553150134267380,0.9987330772629985,0.9764151727704781,1.1749352017741208,1.1400513910580079,0.8360222115053615,0.7603743854247949,0.4644957074956346,0.5716958691311042,0.5317290956265602,0.5773566201035105,0.5537859602899324,0.5983997151714530,0.6420848552537085,0.6788574018053523,0.8261191922807473,0.8603235680017955,0.8305107877789969,0.8323295131002016
46,0.8680550188638426,0.8480824631635718,0.8650782766181764,0.8628276361327265,1.1138557731536733,1.1071496373203267,0.9994245181500525,0.8592215151227720,0.9731411079368096,0.9603292120827949,1.0004102090072171,0.9791881847447337,1.1706556502947190,1.1308479845036858,0.8411567123256064,0.7706843809473750,0.4672864226135502,0.5688345867479996,0.5288441479385404,0.5655837115371583,0.5589920387025152,0.6017819257056926,0.6461488897331847,0.6850411081605616,0.8255286619022455,0.8603764478860345,0.8354712782098951,0.8377340382092502
47,0.8759382121363569,0.8523913505715048,0.8716603114390502,0.8688692828439026,1.1187152030718013,1.1129442261271572,1.0045385191832064,0.8671239665648726,0.9777651563342385,0.9682591791675593,1.0022408968066230,0.9809044220355335,1.1740375397564902,1.1200557545672236,0.8510543280219354,0.7741400482196881,0.4589919631196169,0.5640803440096603,0.5238267320055512,0.5602448743191129,0.5630522635088281,0.6038555956685208,0.6503063142708723,0.6901482163169064,0.8241211440679403,0.8596751885120930,0.8378632733403388,0.8430386372316097
48,0.8830093165758020,0.8568912692701567,0.8802057223346376,0.8741606889090738,1.1249099591274316,1.1189672795550694,1.0114767808596528,0.8745266293715125,0.9816231189551408,0.9718404306126736,1.0019809750936959,0.9804310422992799,1.1828958633878375,1.1314952829186318,0.8506685193226613,0.7811083890586725,0.4594281991016465,0.5574477021495883,0.5190007596057762,0.5572784721606618,0.5688832839478921,0.6068588696232389,0.6560168969578722,0.6948950025608523,0.8234792253526663,0.8578358098114630,0.8423892238978682,0.8482793630451482
49,0.8885535214536806,0.8611015735313842,0.8880436442836915,0.8809838569814753,1.1316640393336383,1.1244930695075883,1.0166523615310035,0.8824597983015356,0.9885527130246327,0.9788198140151660,1.0032948156829586,0.9810301537051892,1.1588329544191032,1.1277409521119452,0.8545410290705147,0.7848653753154528,0.4379331192747891,0.5546155422334873,0.5173708306354941,0.5526640688030714,0.5772793762769366,0.6075256367535884,0.6606550609227279,0.7006863583892273,0.8215093391097289,0.8574133716453268,0.8460108959660037,0.8522034491141878
50,0.8955027586446039,0.8664984719339655,0.8947355095378283,0.8879966954223573,1.1390919604884922,1.1323104201109067,1.0207862922660969,0.8899140765591929,0.9931800006853874,0.9821092653009611,1.0055644490840225,0.9815632559845292,1.1599324164251934,1.1347258904623165,0.8593113553241551,0.7910111967644052,0.4329791517528362,0.5555037774770973,0.5154377827376228,0.5463982309105101,0.5864393710101610,0.6765880377434409,0.6656924830559097,0.7405903723605306,0.8193161894149391,0.8534191376619594,0.8502268950054658,0.8567955070070320
51,0.9013198167426240,0.8701193928331299,0.9025211552165878,0.8939963862535946,1.1436262229720986,1.1389514516122365,1.0272790411610355,0.8967728887599914,0.9975092761201780,0.9840022443957284,1.0053337404742773,0.9841482991126497,1.1490282584280833,1.1326427664723995,0.8644710959658479,0.8022224346549414,0.4287303328045750,0.5485216660129820,0.5160732689103755,0.5365685904248096,0.5947337109314916,0.6765138629236196,0.6704196496265774,0.7408961000437781,0.8162851485341335,0.8514088006992160,0.8535728013847326,0.8607485489307373
52,0.9074142576399342,0.8761966418790691,0.9098478755609353,0.8995809869590476,1.1496356426308514,1.1448566714587840,1.0329021583578724,0.9037062286364053,1.0031868949142890,0.9884708065293848,1.0070543173463049,0.9835410151482128,1.1525771547768555,1.1344905092205180,0.8772496569960081,0.8114954585372831,0.4216250645493252,0.5403455334017186,0.5172272479855834,0.5340862886186059,0.6052605290519169,0.6766396376180991,0.6756194074985291,0.7408342265840733,0.8145036861926944,0.8489417738271362,0.8573370410220443,0.8637264598664406
53,0.9138016113221867,0.8814270490016993,0.9147093173700981,0.9062693500444271,1.1562848495588249,1.1506593271122605,1.0370863935861405,0.9101601742750774,1.0062131766763192,0.9941050805239949,1.0066962695688435,0.9827438763625959,1.1548595822325367,1.1455122358677337,0.8773794617920255,0.8237545264098403,0.4158524075816454,0.5392388796555816,0.5149777864703163,0.5286272846464565,0.6141767736144238,0.6772064299912982,0.6799811619622359,0.7419064572446058,0.8109814076518962,0.8446137355745105,0.8614109789490589,0.8676885859798448
54,0.9208496364773985,0.8861626364244497,0.9209633688605188,0.9120724192371351,1.1600069468561149,1.1562824954278634,1.0427199186091514,0.9171773577865585,1.0086094217215018,0.9985215354863444,1.0049614606721886,0.9824766965645776,1.1421740174407486,1.1584405505735176,0.8805524679168960,0.8294334391621409,0.4132827983724298,0.5439275968431626,0.5188305875762524,0.5248471818959305,0.6268191305997056,0.6778885158344369,0.6866619984083706,0.7411537848053725,0.8085490263780083,0.8419378932504643,0.8651911719733302,0.8723005155376556
55,0.9254922394104618,0.8918802473815491,0.9268489731766525,0.9176761359352230,1.1677769116052059,1.1617935921954199,1.0486078571608621,0.9235174976503046,1.0115628200587037,1.0038885741309658,1.0066513263331789,0.9823352484362150,1.1468641275173614,1.1514556122231465,0.8834334132507272,0.8426018931589909,0.4173403905888424,0.5433597087365922,0.5195192525082314,0.5275595172028474,0.6368531329544124,0.6785431892441633,0.6918962291206017,0.7403741792130912,0.8052291075588500,0.8382810689830080,0.8681276080873070,0.8753303766832000
56,0.9327261930050110,0.8980196926616759,0.9332746818430881,0.9238865992047324,1.1722412585699902,1.1668976013090184,1.0523566983275141,0.9299238563609656,1.0148004637527355,1.0053892606646075,1.0066033868818032,0.9793422060400619,1.1385972866108096,1.1864921100648564,0.8958045314489439,0.8546112191705483,0.4108207541998790,0.5417798149016465,0.5262410476744194,0.5235287809366189,0.6492676860418273,0.6787778074242501,0.6968427683112288,0.7408109330463021,0.8019239955485923,0.8343168803884128,0.8727166125075805,0.8788130279090540
57,0.9389657961293214,0.9032511575433910,0.9396682204970349,0.9302780437551609,1.1769982260898444,1.1722343965686879,1.0577317623338682,0.9359726836548236,1.0177765369332172,1.0123366353761543,1.0038288911334399,0.9777076943345383,1.1258560528566879,1.1682500638254709,0.9008741298711801,0.8708960172590050,0.4107729475169168,0.5433160250360869,0.5293599819030342,0.5235940143174181,0.6587139543400378,0.6805709030686241,0.7016589374877087,0.7404353247497407,0.7974198223469813,0.8315139460698605,0.8762045799992948,0.8822968146586203
58,0.9437848369549346,0.9078170804089358,0.9454505289136925,0.9350932878219743,1.1812856747376093,1.1770330179164017,1.0608434132536395,0.9426570104529147,1.0176097148719438,1.0160965399800352,1.0026401425501104,0.9756475809272303,1.1107349709628014,1.1844148706059845,0.9023524622702674,0.8828266202926385,0.4094582637354576,0.5376298633536322,0.5291073827967100,0.5228043470761639,0.6690167652942274,0.6838958699919148,0.7062475859183449,0.7414806222572252,0.7943942977283150,0.8278015378331757,0.8800630205881761,0.8856159504698923
59,0.9515347311839333,0.9145660064737373,0.9507638588670354,0.9404785360328073,1.1865986514480957,1.1804257031343821,1.0642991006497211,0.9489530883462801,1.0206044138165484,1.0193889688184765,1.0004686352135810,0.9731272896089824,1.1125442122386462,1.2235999628343934,0.9031709536229329,0.8776336183351093,0.4075519722523419,0.5433451475030905,0.5333377530931519,0.5232369473909380,0.6792899617416942,0.6880883598078971,0.7114843237462326,0.7419712423965320,0.7902164549816874,0.8230765999948700,0.8831179675767081,0.8888272115284885
60,0.9578821814308291,0.9187075563944513,0.9567814105000182,0.9464839368358706,1.1890044082875635,1.1843185328444150,1.0684613638005107,0.9546411110483923,1.0218069903262126,1.0210229008330318,0.9985533043203401,0.9715864479973523,1.1157382189525411,1.2067996267010239,0.9157764415917365,0.8961145160490972,0.4110836909561708,0.5402144823002024,0.5365550680263352,0.5224747468363360,0.6913650870212876,0.6939094706677803,0.7167179276795496,0.7438798566476632,0.7869929255851754,0.8188287829302660,0.8874752680435245,0.8929057288224113
61,0.9634436418483214,0.9245692341389037,0.9640784741141024,0.9514421784579782,1.1935293286113271,1.1883960357223087,1.0728809315428265,0.9613959369990925,1.0243935420917798,1.0212566387157518,0.9956731919681650,0.9709917371998811,1.0940273236424050,1.2156499613926484,0.9318614192315628,0.8934406493851316,0.4085140817469551,0.5404838651199858,0.5391953934219146,0.5178397434637563,0.7027507258366709,0.7015914020075265,0.7210677733438872,0.7451602733020261,0.7826551112365052,0.8154216358435060,0.8915284412446555,0.8957919462183402
62,0.9703495244959655,0.9307588171996510,0.9683088307563931,0.9571096978847302,1.1955201127377864,1.1920727891828948,1.0748199673803167,0.9679020016541579,1.0252236033189890,1.0226218466039954,0.9940604788617324,0.9682042660836150,1.1066433022312758,1.2412182487830130,0.9456784186298625,0.9020051664661585,0.4104442765715520,0.5431631320843179,0.5437980150329397,0.5197521115219244,0.7129920297384365,0.7074729814705247,0.7232470836284551,0.7458401534357242,0.7783495234719126,0.8101093106547053,0.8961440346431945,0.9006099733299471
63,0.9763544522815295,0.9350778590947982,0.9748416052456434,0.9621501134492030,1.1977049727009756,1.1958843742231360,1.0776297913410393,0.9737901915931423,1.0259394805139674,1.0223635439119449,0.9908507827813500,0.9648428298953708,1.1180554395096807,1.2655154774676654,0.9436952898018185,0.9164874798187034,0.4080778457649255,0.5396465941936320,0.5468690883782510,0.5208816790105012,0.7216303535455458,0.7164384596923947,0.7271280986649938,0.7490328239564951,0.7732765946107711,0.8062292491486720,0.8996590975699033,0.9035461537692205
64,0.9824387555493167,0.9397897527140485,0.9806666394601379,0.9659954070845336,1.2029037339733866,1.1992436396478685,1.0815636605285641,0.9797526574250540,1.0258001921909625,1.0240190631831845,0.9862096446450491,0.9630794432284502,1.1143673707550743,1.2817979748690782,0.9272172920851616,0.9272209506708050,0.4095837562782333,0.5430102391325490,0.5523730899581597,0.5192474111546879,0.7316187951206793,0.7250290325749509,0.7325202776635956,0.7509545408226225,0.7686057722266332,0.8015100199342331,0.9036221214732957,0.9069845195702919
65,0.9898133417917175,0.9462573148622873,0.9862446180318465,0.9711939640426215,1.2032644618873090,1.2014974589804313,1.0824708760434059,0.9857624584022892,1.0226532478700503,1.0269966158292991,0.9860553395359338,0.9606767110213305,1.1083899159244950,1.2950264006581551,0.9359142134183293,0.9444069911272177,0.4152727515507293,0.5392024765718271,0.5535696120407486,0.5223202467239166,0.7406117336621347,0.7353183700810214,0.7378660750225489,0.7538582258904188,0.7641123412197147,0.7958990435810372,0.9079171277624613,0.9116344891724673
66,0.9967681870330153,0.9501515607089698,0.9929183876539582,0.9764066718004520,1.2053266683325647,1.2048613340318186,1.0869121267569177,0.9918775045430620,1.0265711368624779,1.0298528332050845,0.9799108501666510,0.9567922310873187,1.1198925152666923,1.3132390242423158,0.9202727354982291,0.9664629978731272,0.4172686805643991,0.5443717144649677,0.5594937258185441,0.5205864121289887,0.7525547326809654,0.7449288467361195,0.7424540966742710,0.7570821971025699,0.7596697178903959,0.7909274331009124,0.9116978272434613,0.9152255829128529
67,1.0030433797077789,0.9545600890226930,0.9978255711996287,0.9809748975208807,1.2071523071818062,1.2065078350526031,1.0872842065426416,0.9984890661443531,1.0240971494974787,1.0306135979061666,0.9789865176198151,0.9530963486577905,1.1130800260011078,1.3299216697547860,0.9212895397336990,0.9842733929820393,0.4116872503285680,0.5475533439851120,0.5619479255568318,0.5216438795651032,0.7608809651479973,0.7551238532213304,0.7454613819044571,0.7599997127084178,0.7544269462212784,0.7860270301921775,0.9154458602654493,0.9182880903651282
68,1.0105469511087921,0.9603191641359176,1.0036340177514336,0.9860351738569221,1.2078614072498592,1.2080393835086818,1.0894247494591136,1.0038271109102987,1.0230451987324594,1.0310594864149223,0.9744532432491093,0.9521979958781007,1.1286255837327888,1.3416789627826222,0.9302532820364581,0.9919176655969909,0.4152368965385077,0.5488274519165199,0.5664947094706694,0.5216473129009347,0.7702588922768476,0.7631976211092626,0.7508949283113940,0.7640273109736766,0.7497761565785939,0.7800891600091409,0.9193144299889079,0.9233732494300713
69,1.0177489819550558,0.9641668685828678,1.0093816428733766,0.9906664575270810,1.2088471557932512,1.2102105176631228,1.0919127981272871,1.0087235288416865,1.0227836282189096,1.0321008854529008,0.9721843589019732,0.9502428684149552,1.1121754053631856,1.3557135693248592,0.9420330672750398,1.0222803038065906,0.4180694425040152,0.5542515113959422,0.5690339952237191,0.5209984124287735,0.7802921352852282,0.7722743615608644,0.7542594775226570,0.7687238705268032,0.7442209902746346,0.7762397447996552,0.9226329877048158,0.9262359047089684
70,1.0217434236813800,0.9680955973757156,1.0162506945244250,0.9940921923630245,1.2096596223395628,1.2114337973366576,1.0924412844119049,1.0144911148731717,1.0221511620545676,1.0317800541552820,0.9687207335400856,0.9500649581023924,1.1159121844598339,1.3603035035399302,0.9544835106263780,1.0545078622173520,0.4193781504501041,0.5613719545783247,0.5732085278229735,0.5202636785608239,0.7884915569157809,0.7809318530308680,0.7587873283986187,0.7716210042871015,0.7385250141213276,0.7706708319907404,0.9262880859170566,0.9298937104674563
71,1.0296872270367874,0.9735132278563594,1.0202659142081960,0.9989414480011491,1.2114518102293679,1.2120244057518121,1.0935083757010322,1.0198341952928753,1.0204319230444554,1.0295952749011954,0.9634975805019278,0.9470656291227566,1.1248122598129315,1.3561078329048717,0.9748087782694405,1.0710478313376999,0.4230293858613384,0.5690530052505266,0.5768512728299662,0.5233571141450418,0.7990123002655964,0.7880792419190764,0.7635658908402484,0.7758072897784268,0.7326928733920534,0.7648279052362237,0.9293599992060058,0.9330850998610860
72,1.0361341123307073,0.9761309700394781,1.0267632514180640,1.0032638966734160,1.2105757567241278,1.2120932620499691,1.0950435300617110,1.0243620033691927,1.0208748923042441,1.0318723582873115,0.9603051126618835,0.9462345427863327,1.1343455696125746,1.3591913271724323,0.9948816476980245,1.1026781809504183,0.4262981678088755,0.5704290418164472,0.5800712467011109,0.5232300807192749,0.8083029025669312,0.7984999978559171,0.7677728309121553,0.7796470838954049,0.7278559824845608,0.7592334538468525,0.9330211748989929,0.9361896216907191
73,1.0419330521121328,0.9808870779884740,1.0338886578561333,1.0076042200400948,1.2108635555192788,1.2120376584284449,1.0971626791132696,1.0300988719127555,1.0206991622688251,1.0296667361647023,0.9567613385297273,0.9471121498405292,1.1269346390019030,1.3409492809330468,0.9945318958865330,1.1041712029455260,0.4242245529353922,0.5788381541637394,0.5870748892911976,0.5211323125262036,0.8176937385833273,0.8073050327175216,0.7716431907071531,0.7817056502959385,0.7220911982193045,0.7544517302237675,0.9351493060736965,0.9390025978071999
74,1.0490559231704191,0.9860387878351935,1.0383082646500188,1.0127960739877782,1.2109907294371363,1.2127996873348270,1.0961291241529254,1.0334538762288834,1.0214450026495663,1.0315574820949849,0.9517276961352886,0.9453663656073603,1.1387155831557687,1.3391368453711983,1.0079594808967804,1.1235777742964805,0.4311146911173123,0.5842185299426562,0.5917865273586362,0.5246411817460380,0.8276601591150002,0.8158351369969626,0.7760864264297020,0.7856983082545405,0.7170165273806454,0.7472865059093893,0.9392733832168690,0.9421116617316825
75,1.0537975297620159,0.9903409055849836,1.0443768359121832,1.0170596851242730,1.2089215917119971,1.2139598727435232,1.0977981347224544,1.0376699773375935,1.0196982299011854,1.0303761380826391,0.9503134823197082,0.9455386179947886,1.1425080312147509,1.3401784073661567,1.0121492912571206,1.1498793926793873,0.4317660571726716,0.5812261964580353,0.5989789545439759,0.5220970798948665,0.8377708554486556,0.8244942409630492,0.7806073827376080,0.7883603228679601,0.7111109332660412,0.7412741231621978,0.9427198212568161,0.9449132826110396
76,1.0591536492581053,0.9933333060359464,1.0503252722839593,1.0215335721797507,1.2089743297111086,1.2132540236619973,1.0982248555955922,1.0430072667554755,1.0200132482596094,1.0303180758060397,0.9466813198240783,0.9433439717009490,1.1297667974606291,1.3235546071641360,1.0138980503145778,1.1727416313026549,0.4390804796658808,0.5863153475669161,0.6031348745775011,0.5280916842567362,0.8484237250592338,0.8334540754486285,0.7859851458211838,0.7923675392876691,0.7051002398412022,0.7341719941642409,0.9455719323254366,0.9479891324669352
77,1.0659732542076807,0.9980551425905940,1.0543266689154891,1.0258669442763804,1.2068078527076096,1.2123450629059911,1.0976102156387555,1.0467308809266738,1.0179279724936934,1.0314852764433167,0.9424102143280828,0.9441517976784866,1.1361408936478359,1.3109911333831399,1.0416726709735291,1.1888228354826877,0.4433173469434015,0.5963625986831613,0.6100295007111742,0.5273706837321127,0.8562449922193277,0.8421430105922519,0.7918004005868502,0.7956512001903588,0.6986334386363110,0.7272327111734291,0.9493417429867659,0.9512645506152806
78,1.0709454379473655,1.0017041998814147,1.0591747903288558,1.0297437668865761,1.2045241466660856,1.2133810764966719,1.0980589085893719,1.0515457212671850,1.0218652970660751,1.0357945395104060,0.9400829037745827,0.9418823410412018,1.1252228184101423,1.2860760289387663,1.0519705181242451,1.2058487153978070,0.4442017705782013,0.5945788475791902,0.6135392988201015,0.5317310202381691,0.8667110626336552,0.8525839227301311,0.7960744060025733,0.8002989888987769,0.6917073360259184,0.7213134691314312,0.9522698225647166,0.9533402879615021
79,1.0758975621222495,1.0054992279259409,1.0632895359887644,1.0326829128190882,1.2034425656443082,1.2122632420328672,1.0986770178216001,1.0557796989467354,1.0222815424034268,1.0356933027204380,0.9368252682428247,0.9444403518603464,1.1178745153820961,1.2703054857382654,1.0444778968430168,1.2200840014747978,0.4470163890375979,0.5893659259855442,0.6231540184881932,0.5350579226589318,0.8764405671115466,0.8611228957380290,0.8010127970673162,0.8053704288254094,0.6854402815763906,0.7134436804503465,0.9553359116012837,0.9555304293217451
80,1.0819876891346563,1.0103539190216422,1.0673150601296608,1.0374708483249948,1.2023209037432061,1.2125357862088362,1.0972846819645325,1.0588801509654069,1.0246016647604557,1.0387780472618127,0.9339406615670831,0.9469845321958287,1.0993228336843965,1.2369696173685496,1.0569355515719119,1.2308853369630406,0.4523229308463967,0.5935085969168076,0.6315828518255413,0.5392774923958951,0.8859453050768762,0.8704939167247912,0.8062495348952040,0.8114631447987000,0.6779683593437840,0.7058986824218884,0.9596329437173647,0.9595078850052665
81,1.0874973829333074,1.0136983416960339,1.0716245851620609,1.0402059248296391,1.1985080970874444,1.2126374860969091,1.0985209004289886,1.0614959213098913,1.0285430384119945,1.0421583139033141,0.9347661189954568,0.9479576953189635,1.0841321655875928,1.2084708335177934,1.0700458359696721,1.2497679933229848,0.4553945102267150,0.5797409506408513,0.6396394338483061,0.5403933265411457,0.8944963040564700,0.8794021513357121,0.8112781821235874,0.8152425213020839,0.6702566248729066,0.6980604413990144,0.9637309383390006,0.9623617399753928
82,1.0915714158360998,1.0162978904228936,1.0768451750012757,1.0439439702984992,1.1977402318203816,1.2113413167018943,1.0978605816794991,1.0661931791351582,1.0271210018120145,1.0414280691168547,0.9351211705572074,0.9489258291753121,1.0610504220799897,1.1753762309209212,1.0784543022005788,1.2405845507603495,0.4581493703324090,0.5703198325651836,0.6485123098251928,0.5421202944644106,0.9049320006177486,0.8881096301842909,0.8161827271269652,0.8207943904452484,0.6623393370549402,0.6904439353452786,0.9670439250308910,0.9644953890309453
83,1.0980528122092470,1.0191470702937717,1.0799518431604578,1.0471768073905823,1.1969937631129581,1.2095087020049198,1.0983500386159639,1.0692170892167114,1.0326382770715037,1.0449676348249233,0.9336710021530953,0.9456058844380543,1.0392073129843111,1.1389568682836448,1.0583670100168818,1.2714249560083837,0.4608384962490300,0.5642259563446783,0.6563029980518268,0.5483586656703197,0.9139644251681676,0.8968380714819495,0.8214088097133120,0.8253642913867438,0.6544415013192548,0.6814074842181719,0.9694083182696115,0.9676328410482372
84,1.1023576379543722,1.0222585744176855,1.0841472651798114,1.0500362619771753,1.1932801038955261,1.2089281771480729,1.0969759164547010,1.0723857743438010,1.0351689515447025,1.0433969758040980,0.9353721036230016,0.9508822139551543,1.0039688598270899,1.1031024206266851,1.0628488811682613,1.2685366370942117,0.4595357641383114,0.5525842501599856,0.6655534432192193,0.5520907017192042,0.9253948654167979,0.9077046825857592,0.8280777373600774,0.8293642285758993,0.6476384984534467,0.6729557163565709,0.9722571373694943,0.9706550374087232
85,1.1069128847181413,1.0249256081741569,1.0882217983241089,1.0532837463882903,1.1923696953508649,1.2063490910346761,1.0989216017366914,1.0745652052901729,1.0390908896162871,1.0517966518187869,0.9369840676755063,0.9516347179980433,0.9584734003598879,1.0663711778440255,1.0752668733205952,1.2725189339429808,0.4609341096149543,0.5304074915367371,0.6742401935388143,0.5565059715985652,0.9358465082509272,0.9174344839510044,0.8331013703571475,0.8341576018953877,0.6397183073396174,0.6645730528891458,0.9749355337801130,0.9742963780733815
86,1.1113745201795060,1.0285497023505759,1.0910645718495930,1.0554108350232900,1.1909481802548145,1.2064173711295012,1.0984448654766612,1.0777829880414009,1.0464974652104877,1.0542546215281545,0.9395712999419337,0.9540123038712319,0.9089001894017436,1.0373780933854926,1.0614787194325217,1.2667667273836476,0.4513428938456727,0.5114633267508891,0.6808981741939308,0.5653605447081081,0.9459488517749940,0.9284945945847825,0.8394619227781414,0.8406674177793944,0.6319162803674058,0.6563754690165571,0.9791082307692569,0.9785145647839263
87,1.1162293662498177,1.0305277118391938,1.0958134186150448,1.0587903935653364,1.1888449888502493,1.2051246589544777,1.0981655888076565,1.0790794171013440,1.0534659304398879,1.0570356556996254,0.9406252188182692,0.9532120217938737,0.8582205578172173,1.0048189831137120,1.0816597595244537,1.2704857094441886,0.4452296142618875,0.4987004055865573,0.6879629723571277,0.5672797794379393,0.9557170829155228,0.9395667989391836,0.8466046952840192,0.8474021618875046,0.6246380079688506,0.6499797071086331,0.9827813081953725,0.9823821585482754
88,1.1193536973911216,1.0338687496845143,1.0984958447345294,1.0606384383597971,1.1889610124482946,1.2038063057311865,1.0991812191784784,1.0822332470498484,1.0572809728217247,1.0608513894156213,0.9407413221770695,0.9531950480184701,0.8146317603099439,0.9678170519029843,1.0791213546245573,1.2696794775668305,0.4375805449879433,0.4717330011412151,0.6929484810345812,0.5737825175028769,0.9661580949010850,0.9561529336496430,0.8535970408504961,0.8555119526471736,0.6186276048735979,0.6429998628429789,0.9868370136801478,0.9870230439607517
89,1.1231365430629328,1.0362772671206550,1.1014635283866308,1.0633256007530323,1.1858190331412308,1.2015303025703472,1.0987310806964488,1.0847641666285137,1.0591071075215850,1.0635684062052007,0.9409473120071992,0.9537646124820103,0.7703401421532077,0.9365996147094552,1.0929708052218612,1.2710802036567861,0.4315150720871203,0.4524248055178221,0.6988327107429569,0.5761206192041560,0.9772202521814973,0.9717046521228130,0.8613233445254659,0.8622823649849961,0.6128718208255164,0.6374922426271592,0.9926410077929757,0.9933853833211884
90,1.1269480760693518,1.0383155688771080,1.1051402089546007,1.0672806251512796,1.1849273089162546,1.2002586218169364,1.0989933000947796,1.0863267299895560,1.0659468120337889,1.0678456605813442,0.9419592838635811,0.9571203907451200,0.7403484886959362,0.8962964615825032,1.0603212933346997,1.2812218948817360,0.4251926382653757,0.4260107279455484,0.7067510279917338,0.5785926210028651,0.9918262787663910,0.9890180225667370,0.8692169981705189,0.8728190512112063,0.6078459253573529,0.6332684618735728,0.9988511802023557,0.9993406374307389
91,1.1289971713984774,1.0405523062378736,1.1082044026441686,1.0685504732334485,1.1830817803073483,1.1974617308440973,1.0989606310848441,1.0890651185030427,1.0689528484000335,1.0705797982986389,0.9454378903040235,0.9542279336846914,0.7128828144045556,0.8497733591410254,1.0948673975192271,1.2779833944450749,0.4062850951538448,0.4309906698031656,0.7149219443468350,0.5872480606341787,1.0043744768072211,1.0065627861985817,0.8788932110474704,0.8847133139356466,0.6048883378618772,0.6301897108860923,1.0041937922351849,1.0052763037562507
92,1.1321299146153427,1.0434175640468408,1.1100049180306568,1.0720906557655563,1.1836989655769499,1.1957864196567201,1.0978490174281945,1.0909056499515151,1.0721904920940650,1.0722643487081782,0.9433719995713059,0.9557813484632871,0.7024031322452399,0.7977835273587767,1.0827811287344931,1.2709716202389600,0.4046775954392425,0.4446418262111075,0.7253237096514741,0.5889063618408128,1.0188840664086845,1.0235262449924796,0.8906095892900443,0.8958068612992005,0.6017249066897260,0.6253602150948596,1.0107845668763091,1.0110547000475987
93,1.1347691493992567,1.0454691935677625,1.1127127283006213,1.0745216142055560,1.1799618002799139,1.1941508664992411,1.0984627900661834,1.0926719055070599,1.0755811909802360,1.0726194218612273,0.9423720125777679,0.9567067335519528,0.6998493185981821,0.7475060941106123,1.0955560840758751,1.2810644489258882,0.4006857374119028,0.4535168980304574,0.7393177001418409,0.5911448968029771,1.0375943598868118,1.0400752922930283,0.9042520591358617,0.9063413637562446,0.5989336780471910,0.6216736458925189,1.0178387494243479,1.0162778252435953
94,1.1364979387743033,1.0453232228140570,1.1154278270890401,1.0758378868412668,1.1778778959150238,1.1917308125054371,1.0988022008419718,1.0942115566435044,1.0785005770525180,1.0771229702384755,0.9436596362795596,0.9575221034296698,0.6957089395246144,0.7130050885939939,1.0929275369565221,1.2775870649700101,0.4096972971502684,0.4719514196437422,0.7582839046198547,0.5899775626202534,1.0589274355757123,1.0569710262514374,0.9180443291421656,0.9178250778774669,0.5964472954702543,0.6192994592717450,1.0223859711644898,1.0211583061593827
95,1.1386082912690576,1.0477907632071310,1.1155492186205411,1.0775275419824677,1.1769078180913677,1.1882805069542710,1.0973422141147726,1.0967809989734172,1.0809616073642145,1.0778584257420658,0.9487576973117843,0.9566105488246662,0.7017977322798610,0.6901142628290876,1.0974346479293495,1.2866076324059064,0.4253480099850028,0.4891482364093735,0.7817942340737449,0.5966073341109580,1.0777379627689012,1.0715568595708482,0.9330782481774397,0.9297499133702319,0.5936795835242084,0.6152691708218511,1.0281583117317634,1.0255164461674777
96,1.1395756799586501,1.0494123078841640,1.1184060665264892,1.0796615818875166,1.1732761287925546,1.1861880245546286,1.0973537783660772,1.0977548944101738,1.0846519381080120,1.0820098785189110,0.9486475863844059,0.9564169220533966,0.7105099248850824,0.6739200333933493,1.1057349434969084,1.2877070395113948,0.4549403467385745,0.5138877721289397,0.8057432882912510,0.5957730335038938,1.0983982576127684,1.0862192864542051,0.9478376380483075,0.9390840707090018,0.5918499264714462,0.6133660958970242,1.0333920355678858,1.0293037016291762
97,1.1406737793608164,1.0505978442664330,1.1184862402294888,1.0813507405094283,1.1748793639655433,1.1839151905121144,1.0972598188242277,1.1010829579786976,1.0876757904225478,1.0780943967892704,0.9474191379429060,0.9551017687887983,0.7167726831476217,0.6796751047553231,1.1017795029071551,1.2785751740722269,0.4865405641765567,0.5418089373686501,0.8366348295257336,0.6032233722583366,1.1162436556253281,1.0996150976643102,0.9621426132064022,0.9507759708240545,0.5896962616003910,0.6103489379565266,1.0383272031623405,1.0327139632183664
98,1.1416985427196242,1.0531965467860249,1.1190090029324335,1.0827536557611070,1.1710762008296192,1.1814219586951646,1.0958275863001594,1.1033006598936284,1.0891520846832330,1.0815327257073712,0.9466783236083673,0.9572329205894617,0.7250464826744653,0.6845474964605526,1.1097552864846705,1.2800491939692149,0.5183260325110172,0.5663082127354364,0.8614134723871679,0.6082497759157118,1.1310790048007411,1.1119361802350491,0.9725089096678545,0.9583325400616564,0.5882788725601522,0.6074916214842967,1.0431955184685848,1.0368569214829662
99,1.1432254422811907,1.0543992188654681,1.1202018066767487,1.0833837387391216,1.1685954053514158,1.1789272863698852,1.0967466551725884,1.1041743458206050,1.0890516675201365,1.0822056526053931,0.9485232434324005,0.9552601906925644,0.7338282614826036,0.6939156698841338,1.1166457577399289,1.2804210921752690,0.5590095197118081,0.5887179510947138,0.8864473732928879,0.6145568138382517,1.1743746542829807,1.1231398030202204,1.0059438040653221,0.9678603249331497,0.5876746966910951,0.6069303736220333,1.0464353221631537,1.0388037768878331
100,1.1440457274955764,1.0560476306232554,1.1216326182478371,1.0839438124973568,1.1678435121640838,1.1766694336139993,1.0947497980785754,1.1059917132617916,1.0932473233427424,1.0794655597828062,0.9484842926281577,0.9560724172785400,0.7406337921278964,0.6964342491713780,1.1057385491856866,1.2747720398628706,0.5944701267989840,0.6133409969462655,0.9099896100023138,0.6287124574716931,1.1737983104213778,1.1338911206540905,1.0059061973304719,0.9750165364903084,0.5869758733769093,0.6053451789104155,1.0492641362222461,1.0402404982649154
101,1.1439104872038541,1.0573560786111809,1.1203133964075696,1.0849785586960823,1.1643070526236663,1.1723813284183116,1.0934384119806397,1.1069039219400154,1.0965618995407593,1.0833274455648167,0.9459757110241436,0.9557637460295354,0.7461241435380558,0.7059789585263080,1.1147455597537850,1.2838523281785712,0.6255743499012340,0.6303048339758680,0.9372995618029138,0.6403377325972892,1.1813940517225834,1.1405217045476750,1.0115008259183507,0.9809491093914215,0.5863406322421197,0.6037771100703979,1.0530643342873076,1.0428865523956772
102,1.1443162080790210,1.0569829012060554,1.1211080962473343,1.0856577970837293,1.1614176129923479,1.1697780417649770,1.0941620450060219,1.1085095401406868,1.0966088688589819,1.0822019306645854,0.9483172536022708,0.9574988430707835,0.7529366328036402,0.7066380260033439,1.1117961063331667,1.2700676632855585,0.6535113802572412,0.6494091723302357,0.9575659869440075,0.6574803784041708,1.1877900258283571,1.1477408495115800,1.0162975649484913,0.9880667410266466,0.5869032909803383,0.6034868716148591,1.0559784863052144,1.0455030829099172
103,1.1437590698437441,1.0573892922464443,1.1221850376810449,1.0862523789325651,1.1604779725281789,1.1661220316243375,1.0929183097782176,1.1105379014743249,1.0976122306741156,1.0808002477564269,0.9503314596139740,0.9581488758029033,0.7529435914239319,0.7195545716470378,1.1143417226106196,1.2717018437238401,0.6846634100424532,0.6379057978638100,0.9777845512017977,0.6752135579740774,1.1961246111049777,1.1579342435007078,1.0221823921736304,0.9917958908392114,0.5878155065404428,0.6033648873364442,1.0575943364986680,1.0474947915014228
104,1.1444930773600615,1.0592238696031604,1.1201108258601784,1.0867948262560332,1.1583708634436798,1.1632346767283968,1.0912143173484925,1.1104117583476922,1.0989168439785393,1.0846710661963759,0.9523142053607121,0.9557474009124801,0.7634163149629559,0.7326358841599907,1.1284291486672888,1.2748589065971314,0.7048318544171109,0.6335956727472758,0.9936717055206163,0.6917279033237871,1.2018645099848950,1.1659185178560296,1.0247603338476103,0.9965834407742569,0.5890290842111102,0.6034448080705781,1.0607941301116564,1.0504922902211644
105,1.1446714565008180,1.0589780463918477,1.1206642506062765,1.0874864776259106,1.1541894935141277,1.1597492227739874,1.0909581691820966,1.1113801145653153,1.1048268799162688,1.0825398828899193,0.9509876308546777,0.9578452338206849,0.7723303075566368,0.7432103864477893,1.1107865134752533,1.2725162193575352,0.7216179759721963,0.6270868013719691,1.0117258942779013,0.7106078170614283,1.2123814566030795,1.1745469843965379,1.0321575785926409,1.0017800834664099,0.5910425198919902,0.6042509258513344,1.0637921007181907,1.0518657061512819
106,1.1425183965455197,1.0601724679504292,1.1201957747994069,1.0875237165726017,1.1533866704876539,1.1571257690040377,1.0897124102103142,1.1121719711187279,1.1085496032933233,1.0838440509489176,0.9549396393774543,0.9583299294072074,0.7773892245087103,0.7542791893433648,1.1247297119807922,1.2719380126576116,0.7297869429233540,0.6143020383573846,1.0238346977537005,0.7270088623286971,1.2198678520333091,1.1817145294857847,1.0353685669699322,1.0075656159103421,0.5939664291554569,0.6050792772197822,1.0666581393468550,1.0546133896543013
107,1.1440580220675514,1.0596916106704688,1.1191929751913545,1.0883241056668174,1.1498468959872921,1.1529304325447791,1.0879523311617618,1.1133117913468038,1.1057209165941606,1.0856611024512091,0.9545403936339668,0.9576534930244600,0.7879106583897763,0.7633531362146978,1.1299759891531631,1.2722556191547527,0.7286097033554110,0.6132317876950020,1.0365896231540974,0.7433069075210198,1.2273064086449865,1.1887490436481782,1.0418525948370176,1.0127207669883400,0.5972912835775821,0.6062029747598600,1.0695013874227204,1.0571589499365177
108,1.1428613503953418,1.0595196190432767,1.1195752454178827,1.0887017085862660,1.1458882310939880,1.1501807902451524,1.0880399303653938,1.1137554324428651,1.1056415546426810,1.0823552746258602,0.9546654856399001,0.9601234916748455,0.7893580514104520,0.7673310792010929,1.1277584905545321,1.2745413000999903,0.7290519151728109,0.5989180951627280,1.0465393690053142,0.7561098168368342,1.2343926285612969,1.1972073918519226,1.0454409041206392,1.0168510024044033,0.6015120951029798,0.6083004433500425,1.0723648937677404,1.0592633592564766
109,1.1410764805165508,1.0594561534981874,1.1183361972806150,1.0890646641866826,1.1445360287967701,1.1468007815004730,1.0865646210052160,1.1149728017388110,1.1123387315685545,1.0848303652629430,0.9566474823327102,0.9606641378543649,0.7968594440849157,0.7731861875908311,1.1255842602212403,1.2720248793918725,0.7299004837953891,0.5963990017669157,1.0582732622285687,0.7740936299224432,1.2398834618462131,1.2052714847633563,1.0505685824174613,1.0214238150381203,0.6065771850652916,0.6109510475475202,1.0754299698908496,1.0616581787658754
110,1.1412675856177723,1.0602699933380497,1.1187677278387669,1.0904782546030796,1.1411975627730169,1.1437238557083511,1.0852468745690629,1.1151417479223849,1.1139340687564590,1.0843688446027953,0.9597710372114021,0.9624243812295441,0.8080489055139859,0.7849729032738921,1.1305060254035677,1.2708576076502427,0.7274205121167275,0.5948482303989736,1.0674333035052765,0.7912397090651565,1.2492241810050786,1.2125768982677056,1.0547491977749730,1.0270987031776391,0.6133781556239958,0.6129980398845656,1.0796388785361077,1.0645066399983678
111,1.1408797673649547,1.0605985333097956,1.1168960865652913,1.0909516857453467,1.1387740256938488,1.1415394688772771,1.0843029425563291,1.1139538372009221,1.1150856268687435,1.0828562478585690,0.9616009759568803,0.9642984117657618,0.8168306843221244,0.7926110245702541,1.1287176037695499,1.2727008111678393,0.7279702889707922,0.5879462057191182,1.0788295116074451,0.8030469509898241,1.2585876805537308,1.2190139826313215,1.0587775058563416,1.0309537836787797,0.6231637143297001,0.6175403017591365,1.0826644510343655,1.0667104076431595
112,1.1396768405596354,1.0613726014080689,1.1159505897919848,1.0904864471713516,1.1357908631041091,1.1380707248194917,1.0834737857377930,1.1141258047767506,1.1142401791407370,1.0852792313243447,0.9638204227447854,0.9656355680725498,0.8252645321156773,0.7996195010448052,1.1266551497883839,1.2662618144907567,0.7248628545782524,0.5823401308209234,1.0887952110864294,0.8208831306346770,1.2622378583438834,1.2277214614799004,1.0642988013112624,1.0355309638508285,0.6338797793594450,0.6220392982738758,1.0850708801815820,1.0682291706084610
113,1.1397219206568761,1.0617047377607030,1.1148417296740079,1.0918769494408000,1.1330105157909527,1.1347938564712148,1.0809305177696402,1.1139553478970494,1.1164040070423009,1.0869176296678693,0.9631088215134287,0.9665936433953259,0.8414920346359457,0.8058335658282861,1.1307403951741548,1.2694215919494938,0.7273966087752464,0.5762608158339200,1.0951500728139569,0.8313204715625601,1.2718762412626281,1.2327758304522838,1.0691958249676701,1.0405550887788633,0.6464832770296224,0.6282442719630967,1.0886358290960843,1.0714188567165221
114,1.1381801381923928,1.0622365790285517,1.1138457159279647,1.0911242261983491,1.1294457284110127,1.1324213392522893,1.0799628790417319,1.1137632377061897,1.1187516631375982,1.0883342003392582,0.9652870703353078,0.9680797917306558,0.8576499509532971,0.8131186152619504,1.1230963349642396,1.2709010410173731,0.7318187269492454,0.5732102374152919,1.1092318082570469,0.8392068439676086,1.2768484410067342,1.2413970407604182,1.0744099987546478,1.0447275437321371,0.6597806624110187,0.6375090680448716,1.0918622116873382,1.0739442614528441
115,1.1357947755350455,1.0617751845157521,1.1127438930002198,1.0915638940289496,1.1265047562205623,1.1293406681385101,1.0795902210434429,1.1146734321229104,1.1204628039893962,1.0888359179601286,0.9615021008384181,0.9708936664975496,0.8683244744807808,0.8217571068359562,1.1319951748689898,1.2708657514065798,0.7268528077565519,0.5699193986438840,1.1173442279769994,0.8514604195503765,1.2835056302487287,1.2476922254687239,1.0782496463828513,1.0488679700709753,0.6739989732401083,0.6480697217443886,1.0944973060476386,1.0775228644323938
116,1.1360533929350056,1.0619048657795516,1.1120487191365924,1.0914956226266823,1.1240028655427143,1.1253282762371166,1.0763244764750384,1.1146590805097008,1.1208377487193455,1.0902755646645250,0.9612594073658292,0.9725482952702181,0.8753178878739496,0.8300366420162192,1.1285156851979672,1.2731595761081542,0.7263508375854494,0.5611462554590467,1.1267515504841090,0.8601330258608477,1.2910170841077238,1.2538398667854289,1.0836004579731178,1.0551783350378157,0.6879298577787765,0.6593475588738964,1.0982352099350492,1.0801019226641253
117,1.1355982780776945,1.0622484259303018,1.1121515123796233,1.0924645800195867,1.1206342635194688,1.1229030364133259,1.0769477896203536,1.1140983604637706,1.1250552695693996,1.0909522135033545,0.9626796136128315,0.9750390396460968,0.8982256658742600,0.8384515214105164,1.1193932925889645,1.2647335028848554,0.7334082991577370,0.5664683863039562,1.1352521751464124,0.8734063021855832,1.2972915628013018,1.2609953181540527,1.0869668875211231,1.0595866370610232,0.7021493299262110,0.6724692815123501,1.1017763553832947,1.0827814747444020
118,1.1329872992398979,1.0625041920770120,1.1099358027694501,1.0925705868878344,1.1194773424989606,1.1198206366895513,1.0750122230582548,1.1130763745336272,1.1271591710994382,1.0918960976921728,0.9645402635693472,0.9751767158243698,0.9059845274995170,0.8437122921647133,1.1347787666058080,1.2608109269158907,0.7375077222217414,0.5609059951062669,1.1420271490718266,0.8821441418768537,1.3078783692814988,1.2700027212740825,1.0922700639139129,1.0633958584096765,0.7169938816729152,0.6857084816209027,1.1040680720814227,1.0857329847537927
119,1.1327679381925591,1.0634570214606200,1.1079324655073484,1.0927547955441332,1.1151359504121048,1.1162467355237016,1.0734287879483795,1.1135300869372040,1.1275268274869046,1.0949339457793712,0.9635664934632802,0.9797583778666221,0.9212726162804046,0.8568818726433407,1.1292764855301805,1.2654963013950833,0.7393901103633762,0.5630756188980358,1.1485734543325683,0.8904631145966764,1.3125407557245061,1.2749176093352803,1.0955205393627969,1.0698037650659342,0.7321511183840472,0.6997504945174468,1.1071658146635441,1.0900763629536268
120,1.1324737312421456,1.0630311676530704,1.1078402280496653,1.0924901507629814,1.1130219100477223,1.1129940677153629,1.0735571511378601,1.1124023522781468,1.1325258206142825,1.0962894766215148,0.9647215346198612,0.9793780395659137,0.9367277119482932,0.8645376475328376,1.1310757242305332,1.2672852132037669,0.7511266510305844,0.5682666986414292,1.1594352159045136,0.9010068889353372,1.3206391842936713,1.2812966438399056,1.0997870234315499,1.0741130695536139,0.7466646944023876,0.7140067310359361,1.1103263578800451,1.0924765762006592
121,1.1294587570831436,1.0629596631389364,1.1070425122712295,1.0931003729694275,1.1108759255238780,1.1100488043845704,1.0718569170898089,1.1114843525981017,1.1316495998846823,1.0990533898652706,0.9648833302682539,0.9839773040419180,0.9424059461063288,0.8712813201103653,1.1345191570137731,1.2607050580835102,0.7563913619917914,0.5671673255120429,1.1681618502935283,0.9113858631540841,1.3265286743998546,1.2889761564355273,1.1035903178827315,1.0788016219531318,0.7619668055770754,0.7281560059703968,1.1139662623904198,1.0949261847291800
122,1.1273855039985587,1.0632215642883385,1.1039881203823418,1.0944317894434592,1.1092684713109606,1.1080960512929035,1.0703362180432607,1.1114742812905860,1.1350297711650446,1.1017763617601424,0.9677244918161864,0.9858645364034494,0.9659539171734766,0.8884523816995675,1.1368989116074260,1.2588998587621527,0.7654447525777488,0.5731301506310319,1.1789491616025569,0.9231347383696156,1.3334250577346092,1.2950181792587909,1.1074362333000767,1.0832783487435422,0.7756024249264928,0.7415712720571541,1.1178229303807501,1.0983026644879270
123,1.1270125686486578,1.0635164675211870,1.1034661116640649,1.0944367546363514,1.1060077561658972,1.1051602953170867,1.0689256684903885,1.1101884271035343,1.1357448385441915,1.1037065602629861,0.9669537153245379,0.9902770893500149,0.9736292753552330,0.9001390603548641,1.1359181642597389,1.2632947725986607,0.7745877806942603,0.5745134678137034,1.1826876283761569,0.9313404110069974,1.3388141386118115,1.3027057543348279,1.1099502435248114,1.0894686064062498,0.7893774024773265,0.7565525038067150,1.1206993513723562,1.1023005595982711
124,1.1235329890855572,1.0630612080110795,1.1028357804818605,1.0939670473887533,1.1040582583587426,1.1015682437462835,1.0679192895206100,1.1100071435682537,1.1364842003982814,1.1055050020612391,0.9692533108827115,0.9903833326108740,0.9910745364265507,0.9192932089062189,1.1375407242099567,1.2625754074555633,0.7858940612148091,0.5860969290643889,1.1914036270133261,0.9446995207275214,1.3459580688489148,1.3110818652383358,1.1136551336864684,1.0939613475038781,0.8031819936459611,0.7716424998636311,1.1230293055535137,1.1052994777226532
125,1.1226436817127168,1.0633652079720575,1.0998882030875647,1.0944873996038513,1.1007212991349640,1.0989061843530992,1.0652624027833901,1.1088368576349432,1.1397412796722672,1.1077359333813406,0.9710240743678979,0.9938403248680564,0.9924871363457680,0.9339280376150420,1.1386404592873265,1.2634522185545085,0.7900353151264055,0.5932173722467715,1.1944614056688310,0.9545497612282110,1.3523950476563047,1.3169892446386633,1.1173794539944646,1.0984904847542738,0.8166265761276035,0.7849487011891456,1.1266899747897721,1.1092343512669605
126,1.1219262826532774,1.0634394626598120,1.0979766006267009,1.0941624277290598,1.0980036347007514,1.0964437794144037,1.0645795337438566,1.1080971200979239,1.1415374511863647,1.1128729560840496,0.9712502886540766,0.9951586214243960,1.0033773771022947,0.9425194529406881,1.1373388056383740,1.2660609351677785,0.8020228408791650,0.5961878638811396,1.2029327820135600,0.9669578369233983,1.3604547495628323,1.3254741990277783,1.1216509522945310,1.1048525322580443,0.8303974890642292,0.7997776028176319,1.1304306641891915,1.1126840723051554
127,1.1188714050589188,1.0625166736342129,1.0959282756127591,1.0939948524689493,1.0952187669876710,1.0932297172292995,1.0628443178356091,1.1073080331540781,1.1436721257179974,1.1141354384060020,0.9744592356805313,0.9969050343159133,1.0190133968977677,0.9548416609488407,1.1427437331169885,1.2663052478578871,0.8051003960948535,0.6064244110329083,1.2119731710820092,0.9773368111421452,1.3642484438086411,1.3314130221017255,1.1247071262800223,1.1094086026614880,0.8431995721714250,0.8127560089516425,1.1318677351573545,1.1159592065725730
128,1.1175369047640451,1.0637333081335756,1.0943695379763827,1.0944432093871113,1.0929251160663147,1.0899254792227595,1.0605167231542860,1.1067699735500582,1.1475981128687391,1.1160246955599618,0.9767640746161991,0.9999590565718494,1.0273498240072367,0.9746019161978267,1.1447124391899195,1.2694921711710805,0.8103651070560604,0.6179423467328358,1.2178414471626171,0.9855424837795269,1.3694416133336780,1.3385660547262248,1.1280434704401476,1.1144938731261724,0.8560855605290568,0.8254201403190965,1.1353012585507154,1.1198063609100992
129,1.1159299826375202,1.0633279748522717,1.0928638305949685,1.0946003577421479,1.0889125077339195,1.0878312682131215,1.0600634045031478,1.1052207546714738,1.1497060634779350,1.1196297674262450,0.9778359707868005,1.0037995304214815,1.0345311201482816,0.9748726046258950,1.1441463460517325,1.2726058006772416,0.8213845474788364,0.6237668401335577,1.2309739417535199,0.9980398262063344,1.3743766051077995,1.3443678156331111,1.1312431767969839,1.1199503843490857,0.8690011625044897,0.8390928953876310,1.1395527095611984,1.1227680906329012
130,1.1126684699562877,1.0634140764417763,1.0926612600475774,1.0938238015738146,1.0877809009529849,1.0845005248533159,1.0585265155047732,1.1042866408994039,1.1499174254099365,1.1218346451606929,0.9785603059349288,1.0046607923586228,1.0416984990487435,0.9881481066633316,1.1443843215110978,1.2691365604777003,0.8249640728656275,0.6287831850749294,1.2346485940160483,1.0044807642263043,1.3750038251732593,1.3517748163906937,1.1356293756383433,1.1240915386109793,0.8810469370394155,0.8511954784389338,1.1407866913810853,1.1256057643901261
131,1.1118729895800965,1.0638824521645356,1.0898974035839801,1.0935718180345377,1.0847651914837937,1.0814561545494439,1.0575314116800170,1.1038873135564111,1.1529939157535150,1.1243447220413674,0.9809497879644318,1.0077041274226382,1.0519694225993077,0.9994640598627956,1.1413879941363620,1.2813223345432250,0.8356847215198899,0.6330933101914635,1.2407854228307484,1.0175995404386204,1.3719869422191766,1.3580700010989997,1.1394759178346028,1.1298013670571549,0.8939837330746471,0.8638749329546617,1.1433318896720117,1.1304544506419671
132,1.1100831587336666,1.0627294947620791,1.0876329362986283,1.0940256366648808,1.0813809187408121,1.0788658324710758,1.0560529221507304,1.1021412006158973,1.1566089336249898,1.1249104570441291,0.9806479192315510,1.0085886497186658,1.0640147943242584,1.0095736841980421,1.1452496868178805,1.2866564949439281,0.8385292191561380,0.6480040132973115,1.2502166757795099,1.0260695799350308,1.3656866457505068,1.3619867540847770,1.1425421202827208,1.1352920906636699,0.9073124740513622,0.8766084691701794,1.1453101096549703,1.1333315838481970
133,1.1061635629104167,1.0621775560716187,1.0859266689956037,1.0934735072152730,1.0797159047688645,1.0767056461799400,1.0541858737776111,1.1010187533932856,1.1563465532956088,1.1284522559166823,0.9831872120466026,1.0105720668074838,1.0671809665569865,1.0204306439759989,1.1440237526332715,1.2876880374132751,0.8415828710303453,0.6589977445911741,1.2531920273582142,1.0355249868150933,1.3534087750018120,1.3638129058988540,1.1465177789352992,1.1392563596231131,0.9187906542451026,0.8896562801522536,1.1485266163400114,1.1361255399424957
134,1.1044207534094341,1.0640098063583483,1.0836461167040077,1.0934504190683245,1.0760194230711431,1.0734273373233336,1.0529875282361771,1.0999516983620099,1.1596157798070659,1.1326826138386494,0.9845752089747120,1.0140768370991355,1.0790871658761030,1.0357775009412626,1.1477304006973248,1.2945885136161184,0.8516700811353594,0.6750005402096574,1.2576510663193285,1.0454988274057184,1.3429320737389172,1.3610079689623533,1.1510619260630293,1.1432533851200470,0.9316121894345795,0.9010062262148145,1.1511589251883030,1.1399590679954734
135,1.1029907005639494,1.0636988251874104,1.0821874077002140,1.0928411899004569,1.0737161286299490,1.0714054398318438,1.0521069104993359,1.0986796922227919,1.1635838773810416,1.1339249976802408,0.9852208934604272,1.0158817152170425,1.0893928825281258,1.0451692124890237,1.1434792936277540,1.2978623036635728,0.8513832410375864,0.6788956701713902,1.2650641853554569,1.0544598339260391,1.3274353339133644,1.3531486630534695,1.1518453997057414,1.1476747897582509,0.9445701795296098,0.9134504253364566,1.1538332699450908,1.1430210076858924
136,1.1005486103201221,1.0623586444269404,1.0812197940433212,1.0924839442718661,1.0719543780996312,1.0689629139080974,1.0508270369862049,1.0987700822077444,1.1647184293608661,1.1332937565192645,0.9880418305523105,1.0184296675026145,1.0931922892073997,1.0654061147526517,1.1390226622978223,1.2994286194657132,0.8596059905070765,0.6915930657849638,1.2702863395114667,1.0686669775969535,1.3154346245737409,1.3414290415217158,1.1557051042591984,1.1527149289935035,0.9562544937296119,0.9250855021384651,1.1550388901881612,1.1462924515012447
137,1.0988029967939521,1.0627967682398738,1.0794652717215631,1.0928608024123809,1.0705416024434338,1.0652726196692124,1.0477448749072602,1.0964760901383828,1.1661728585941029,1.1355730730698652,0.9893077316901977,1.0203659352153118,1.1068798953211940,1.0716672557844924,1.1408110839318402,1.2995806362506697,0.8651635174014266,0.7031765270356495,1.2736259655908704,1.0762786831354789,1.2969574504177639,1.3287193473949570,1.1606836091744481,1.1564862983432784,0.9677291899683169,0.9361725510492698,1.1579441792133127,1.1497958260348493
138,1.0970621285411759,1.0625970633246593,1.0775421081624610,1.0937515580172337,1.0666124708296321,1.0626174747160104,1.0477124950036074,1.0950109666775538,1.1688136680203756,1.1370268631493305,0.9913623866139990,1.0245685162735523,1.1103244123655907,1.0868140386942273,1.1401043689313008,1.3056287326235787,0.8783999927465723,0.7097727658119670,1.2803264892533679,1.0859572568445914,1.2817477435035232,1.3140496642792263,1.1651588106216197,1.1604891472246555,0.9805841130602164,0.9492717396461443,1.1609672194279261,1.1528665660340394
139,1.0943980889190674,1.0628119999706953,1.0742577509499220,1.0921368772887043,1.0655896550068646,1.0586094043396057,1.0461686674544501,1.0946234731208917,1.1716812258794465,1.1400140928415450,0.9921975817434334,1.0247847747453600,1.1147361776305349,1.1015077127135000,1.1401981168395356,1.3084899056832942,0.8867183555819866,0.7233583966691507,1.2812145745324450,1.0986022327121550,1.2639114576468782,1.3003466725652963,1.1658764724783439,1.1649338454006304,0.9916297021703936,0.9594586287093361,1.1626618236427186,1.1546439445248342
140,1.0922271263414201,1.0632926456988385,1.0733084842532770,1.0921167682574913,1.0642061112701746,1.0565002120433393,1.0435169846303172,1.0934599853201543,1.1729906980788585,1.1391230602121953,0.9928312813663047,1.0278230805425892,1.1202961152436115,1.1105345833364733,1.1373388056383740,1.3078736947871314,0.8942718114900066,0.7385894469120384,1.2891727758506415,1.1055684711143507,1.2479963179955766,1.2832775952779574,1.1696051802387395,1.1689068494367378,1.0029618465822332,0.9700913913419061,1.1642510848579066,1.1577246203565075
141,1.0891530519592412,1.0626723757714986,1.0713609418565855,1.0921259538643417,1.0623590758612935,1.0549980499571854,1.0440755379683269,1.0923498754492493,1.1743471395964931,1.1428018265064697,0.9947997950884155,1.0305231681484446,1.1302886939825074,1.1242102334849675,1.1336069177528729,1.3110144701477491,0.9029905552952290,0.7483891570587530,1.2954133032458326,1.1130703099062667,1.2277392360509336,1.2668381977110572,1.1716497330567610,1.1741471675122119,1.0137214610499206,0.9827657381415428,1.1667458907043107,1.1612981134793514
142,1.0866160562475382,1.0620068337553283,1.0697976803122029,1.0921875222562045,1.0624042798605320,1.0521501649894769,1.0413012740803658,1.0914223080270644,1.1763473847001096,1.1427861943550777,0.9973555670898776,1.0320583518349402,1.1303513215651328,1.1330076073971873,1.1317788335422940,1.3175403335590925,0.9140458507302266,0.7570530909923268,1.3019250423130773,1.1213309159169531,1.2100502633815757,1.2472383078213398,1.1749729148596886,1.1764030010607456,1.0244500102518757,0.9939612509058149,1.1686992943075547,1.1628878466766763
143,1.0842988529716648,1.0618636131752435,1.0662446532297372,1.0921162717382020,1.0624326077000548,1.0493835246915606,1.0401965989744988,1.0890401920169415,1.1775758753163792,1.1447052270354985,0.9986139776884873,1.0340210231982652,1.1361408936478359,1.1489782246532170,1.1342018564012861,1.3186696011044832,0.9249397986102268,0.7689059350627957,1.3069078920525694,1.1333269913123556,1.1905358221439786,1.2270893630153368,1.1780046444675274,1.1803556232513033,1.0350577823459364,1.0043839962708678,1.1701247167709539,1.1668562181704984
144,1.0816833445547198,1.0615598247660825,1.0649867554757766,1.0906296929862904,1.0624675654594657,1.0475468765712630,1.0382633452626608,1.0877097722941333,1.1778431145407489,1.1459282567848901,0.9987855110379406,1.0353707526720186,1.1479566309031599,1.1554629778647663,1.1309026511691764,1.3240661969704361,0.9329414421710169,0.7805549218642395,1.3105586138734460,1.1434484653437369,1.1708702709874630,1.2086254766161422,1.1779288042189129,1.1850055957288874,1.0451778007350401,1.0156615329464880,1.1720003792663167,1.1700268842563775
145,1.0789906175980035,1.0603706920029250,1.0621160845175872,1.0910254188597952,1.0639168056750488,1.0480954221431917,1.0373569970666670,1.0867011308464478,1.1790618873670415,1.1467143306834642,1.0009630108058920,1.0392489460225476,1.1440806794006773,1.1659197895316655,1.1288221687441193,1.3257845295575328,0.9427059571660364,0.7800088756079218,1.3126777874286091,1.1536420394275806,1.1547083437801391,1.1900696779402127,1.1800059495404711,1.1873174793526831,1.0554348546888697,1.0269087237794483,1.1741447170563442,1.1720572006541039
146,1.0747921291157474,1.0610588700635104,1.0594909612328482,1.0914839544233859,1.0638821492756327,1.0480916768215347,1.0353468410836537,1.0851728099309585,1.1776309427929159,1.1477564741096042,1.0014206827557435,1.0400724884587922,1.1447487069486815,1.1832438489280368,1.1283390064478322,1.3297532534790737,0.9495363369942538,0.7936454707823619,1.3172511607220596,1.1595370770503355,1.1337579786396548,1.1700956889592229,1.1787310812290501,1.1917541703750494,1.0647704025358338,1.0366521429043631,1.1760264570324535,1.1751140304878172
147,1.0735005519756629,1.0602515883299739,1.0574167494119817,1.0900621714387169,1.0642350418296871,1.0501225054646683,1.0340990583678931,1.0831633322989123,1.1816249544734974,1.1477192547015278,1.0012409098130850,1.0432534997010805,1.1466136171868599,1.1868922581759140,1.1259736746092925,1.3319303510064853,0.9568866144996846,0.8102889606749246,1.3191017815431305,1.1651540144707357,1.1184981548678834,1.1528210184212924,1.1801200233028502,1.1937246580858853,1.0742964065914000,1.0472939191535651,1.1772895601142503,1.1783355112598248
148,1.0698186512105916,1.0597745389827189,1.0557054555445058,1.0893474319218910,1.0658159763630515,1.0482844168360412,1.0320438018047922,1.0818155395706395,1.1828971751446637,1.1483155096189124,1.0043082856471961,1.0457505306604420,1.1410119278520330,1.1960721266060563,1.1216432423865998,1.3356140434562329,0.9666571053300743,0.8155528465858271,1.3226567815974000,1.1761681558183177,1.0997764711948625,1.1322431496571927,1.1794161505822376,1.1964252526212387,1.0836862460709993,1.0579290854172370,1.1784263022421946,1.1811658041129194
149,1.0679880541518243,1.0605585500163894,1.0527596374477679,1.0902406701231899,1.0667423569874437,1.0498969218602461,1.0303889574431113,1.0812860405780078,1.1825894451287229,1.1497343134547859,1.0038281420795123,1.0483305445217761,1.1447208724675146,1.1990085075974928,1.1237453589443267,1.3326985786876044,0.9730751525177431,0.8303907435241660,1.3255390703474583,1.1870998971059425,1.0819697998449402,1.1125811786682771,1.1804785408417551,1.2017369071561372,1.0930316651238969,1.0671809619818398,1.1797673996602371,1.1840951714099186
150,1.0653393288211228,1.0590690136731424,1.0507060345411523,1.0898707632527243,1.0674701413751819,1.0514489255346058,1.0300400061599966,1.0795590631217735,1.1839863774379287,1.1510630463231144,1.0044558492709617,1.0502146335915663,1.1398567968836091,1.2211049216713292,1.1157767867443678,1.3390832836557740,0.9878414417176777,0.8373073294375232,1.3238240553624143,1.1923597675998625,1.0624697861875412,1.0976381774664661,1.1781663534273832,1.2042125734673870,1.1024241175697727,1.0763604291595019,1.1808732479277206,1.1866946690684730
151,1.0624643402272369,1.0584703220311329,1.0491515694845595,1.0884311055736433,1.0689016013510646,1.0516938119506454,1.0283880528611418,1.0779486610500322,1.1838519480099123,1.1526686915875317,1.0050663282220729,1.0529304376561286,1.1283611561617037,1.2388762054271176,1.1157623639892547,1.3402668429100777,0.9954964868269922,0.8482355351806276,1.3275651810739755,1.2013001741051939,1.0469388757773084,1.0821767587739481,1.1800366617072655,1.2056866176544734,1.1116644373124356,1.0866954419893402,1.1816678785353145,1.1888836749050038
152,1.0615008340340575,1.0591280366300755,1.0472570573428304,1.0886374093383124,1.0692475626252358,1.0517672778754572,1.0257222038291607,1.0764117795231545,1.1841523896833703,1.1532321934258090,1.0054266231613176,1.0540375050074466,1.1303513215651328,1.2787439032567423,1.1118790371750666,1.3380191661610792,0.9980421926947268,0.8650756017254647,1.3275226380665945,1.2004933401847819,1.0290380454829344,1.0645425016094932,1.1795979164673467,1.2081193365054574,1.1203403563393624,1.0938687785586869,1.1826617998657181,1.1919779770212255
153,1.0590580967074945,1.0577315830862928,1.0465387612827266,1.0884072726477612,1.0701368759702525,1.0529317848091424,1.0256464579831159,1.0744478745576163,1.1841783037899760,1.1533297082749692,1.0051861768505119,1.0552929357289584,1.1190783566925622,1.3341879547623843,1.1082264744426873,1.3417110023671637,1.0084879529219568,0.9487153269598307,1.3284692199808203,1.2966164434604208,1.0139164227425355,1.0508443473838123,1.1790588866011609,1.2103351342859467,1.1279667339118722,1.1046054982364086,1.1837780304961434,1.1950663176379572
154,1.0571953612061966,1.0567281928184302,1.0460403774173710,1.0880021129077611,1.0717883287424288,1.0536624106339385,1.0245978694960760,1.0731028514389105,1.1838956780648091,1.1548683586048489,1.0067651825301958,1.0560404105050614,1.1235109978183817,1.3850479565839999,1.1043251191846080,1.3471808920401491,1.0170931558551441,0.9435897727671955,1.3280570845968176,1.2965546434154531,0.9969032683035159,1.0361367706101297,1.1793898258678424,1.2117604076283246,1.1373043140659402,1.1131591199659472,1.1827413135721505,1.1967440539229912
155,1.0570135309575175,1.0560070126743981,1.0440759960297674,1.0870232251290723,1.0719763773792605,1.0539421573515555,1.0214307101700428,1.0717666407142807,1.1834438008308747,1.1557534361289064,1.0061172508826974,1.0597457228098137,1.1485341963873719,1.4341955598715315,1.1039248877302210,1.3636258506698993,1.0244852642081668,0.9444488855438020,1.3274322341759102,1.2911711728315975,0.9806266798009323,1.0230102462458970,1.1788382604233731,1.2135882224203118,1.1456216760538060,1.1215225543845579,1.1836174837130922,1.1994148056944971
156,1.0555897332451427,1.0560988261629607,1.0435097535443183,1.0871865799752243,1.0719570903395854,1.0545892336932321,1.0214651138176738,1.0698709688571606,1.1838851504590007,1.1575608105850979,1.0077846449258552,1.0579087831161444,1.1859089459741481,1.4635829079100771,1.1148969986824719,1.3853398196496567,1.0294093525532684,0.9501350472262567,1.3252811533652116,1.2962902765564244,0.9678559932865189,1.0113768932545875,1.1800234993500680,1.2149516223029848,1.1537488721626559,1.1310009731805029,1.1834759290573735,1.2016069342212368
157,1.0532915110628445,1.0558893898641659,1.0424732759544415,1.0865500422464498,1.0733053749568695,1.0548888594257984,1.0195480500576624,1.0692097875187627,1.1820598255749717,1.1547619110977503,1.0092273227906898,1.0607654066507213,1.2311051847688066,1.4926524912721943,1.1297776762703589,1.4018879325263416,1.0466018309135323,0.9544742948097945,1.3253609215040507,1.2961220431006790,0.9579298181101358,1.0013640988267636,1.1790588866011609,1.2155172185169929,1.1621843982921392,1.1387610961925694,1.1845427801567341,1.2032196617737374
158,1.0508479109593007,1.0552851978749154,1.0412435269614086,1.0864311258766828,1.0736878007904265,1.0561406611642599,1.0180250381608533,1.0676492384192233,1.1801332737120149,1.1570389944838664,1.0075779060417980,1.0618636727851634,1.2893349193698385,1.5195094909614058,1.1412004983198925,1.4158789059132237,1.0641170043837904,0.9560323467944876,1.3253609215040507,1.2945289752748441,0.9472526494171184,0.9895727212193132,1.1790250405397957,1.2166578739447282,1.1709697715730951,1.1464103517200668,1.1850089735756570,1.2058586188812968
159,1.0501708467237085,1.0550977629650848,1.0401112933187329,1.0859467713100528,1.0742811786204292,1.0574961795024560,1.0177015282306086,1.0648161796150903,1.1799032860158907,1.1586431509719606,1.0097973528297031,1.0643845927617595,1.3175660418933073,1.5399876589978774,1.1632709193316335,1.4273235981520858,1.0880681525478284,0.9777941102629347,1.3250205774450032,1.2937461747052530,0.9380395004410583,0.9788697784679351,1.1749202654308983,1.2189013328013210,1.1790229336374423,1.1550877604513463,1.1851505282313757,1.2078491919490899
160,1.0484364492982876,1.0552230016407278,1.0399129953511255,1.0851088950095014,1.0758283608343620,1.0582492772571945,1.0145011216820750,1.0639140422443822,1.1795607339191985,1.1570598373523890,1.0103666338147883,1.0711131230633824,1.3547459501119157,1.5579178250918797,1.1863797787115142,1.4349787291088199,1.1175708517708463,0.9857809468386746,1.3227019835427423,1.2923076069918376,0.9265255320965435,0.9689440588285969,1.1745222608204007,1.2186953305766566,1.1870081585785992,1.1639349256291887,1.1845911467743411,1.2080808387864144
161,1.0490013525263908,1.0535599928075698,1.0387164216834719,1.0848278650918053,1.0753874711617901,1.0585028067232121,1.0136332246216684,1.0613108610342925,1.1766130042928165,1.1567062529756631,1.0088086016450810,1.0772167669668165,1.3841530794646835,1.5742120915553826,1.2041161618117844,1.4440508736681834,1.1599873312290152,1.0109500389465440,1.3163550986290986,1.2921496735435867,0.9183185170027286,0.9594827380611829,1.1754041387526375,1.2195156998600376,1.1940138114956338,1.1709352007592080,1.1845559480316847,1.2105083046025440
162,1.0488894072131469,1.0533215739098509,1.0372260453236344,1.0843809977315113,1.0754763723602925,1.0592973911178443,1.0130336181915276,1.0609991540666852,1.1757465013531931,1.1562067685192774,1.0099973502284105,1.0831582170163949,1.4054047058355668,1.5807380364842465,1.2254942905780992,1.4528434159266452,1.2032762826512433,1.0583978183121745,1.3163550986290986,1.2905016723444471,0.9077704371851690,0.9480170846625127,1.1750192964993371,1.2209264147413084,1.2017690954044535,1.1794176149173565,1.1853751417906286,1.2115711547973269
163,1.0468834507330556,1.0517658218478938,1.0368123590692850,1.0843837285876019,1.0768728745767639,1.0600700797858660,1.0121339194400338,1.0600328121105653,1.1759530043902062,1.1572920864587861,1.0089344427049420,1.0896849479882202,1.4135741260580346,1.5879583560764161,1.2442691120465090,1.4678442150993092,1.2440195282057369,1.1016738042795380,1.3105612728114073,1.2911643061599345,0.8982839235316689,0.9393652369287998,1.1742709224758185,1.2185868700414093,1.2082367675981036,1.1873273639655082,1.1845227751159437,1.2114598734735142
164,1.0478027396059748,1.0530816741494131,1.0364956855088474,1.0833671053429330,1.0775774542448933,1.0609168105820315,1.0099239910157345,1.0578543882949452,1.1722723914363857,1.1553127583372815,1.0094467955915190,1.0958602589433581,1.4232466082635120,1.5910653884681567,1.2621641454530228,1.4713378865678612,1.2855097531815143,1.1633115056926771,1.3114227687108713,1.2913634396381639,0.8884002717495542,0.9253679646797095,1.1744044263845368,1.2193380866345318,1.2149724139998939,1.1941383531462630,1.1835592411892724,1.2123288329944091
165,1.0462598786702657,1.0521053625141219,1.0371240060652711,1.0841334828658373,1.0777576675218570,1.0631524795096408,1.0087140812229962,1.0562316488714971,1.1706503303260443,1.1569236143188293,1.0085996155992405,1.0990720744447122,1.4331000145965738,1.5868226415847382,1.2707925586994036,1.4816695987740067,1.3211078044822064,1.2173700850681271,1.3114892421599040,1.2939899415492924,0.8810763764331362,0.9156559007713780,1.1724338334783873,1.2208528945127179,1.2198334022630479,1.2024155572990980,1.1834579498434987,1.2140429060382389
166,1.0447756865692432,1.0506621560187901,1.0360581230733537,1.0826905978113766,1.0791216228588769,1.0661400937853247,1.0066813749499393,1.0552469267791611,1.1685026987411087,1.1553924078705651,1.0099224448356361,1.1042264442422460,1.4242486495855182,1.5860517680178481,1.2846167694752597,1.4845552031027331,1.3638111240381481,1.2720402362506527,1.3090616318012294,1.2960465097123850,0.8704174320519481,0.9054947567039116,1.1729973077222258,1.2206825605177656,1.2259294525862545,1.2082909330734886,1.1816491396363464,1.2129275378717588
167,1.0445418740074777,1.0515028629394070,1.0349022645777564,1.0829465535049674,1.0804780441960238,1.0707007431569813,1.0054804274519618,1.0534897354003803,1.1645135459555160,1.1527267538641310,1.0144654569074028,1.1087012343652911,1.4273521942356211,1.5762599083590296,1.2926105814966664,1.4847425094984830,1.3905948181676935,1.3170198865377272,1.3060251246494150,1.2976739108965354,0.8629560950504839,0.8941992216420053,1.1722884207702999,1.2202436229153888,1.2309039597176457,1.2149559016648108,1.1806721846063599,1.2144247258865251
168,1.0449969888647888,1.0519479679623003,1.0339158013041709,1.0833802631040972,1.0816394856164557,1.0761225284080997,1.0044994898350534,1.0519145829049432,1.1620079757730912,1.1521245438414542,1.0191065950437035,1.1101540638081624,1.4113543261849790,1.5681216019238458,1.2961874247647021,1.4954461199106823,1.4287266236653797,1.3623490064288453,1.3043925367411715,1.2985665782127358,0.8521133888583500,0.8824973375671652,1.1719543476090475,1.2205711882902970,1.2369346858839383,1.2205218099348485,1.1795962172858798,1.2144644692164583
169,1.0426204696714934,1.0522892010430640,1.0342410200241758,1.0849912199379574,1.0849023102814834,1.0805794611800217,1.0046923237255569,1.0507155937452133,1.1584059149549191,1.1500767320090890,1.0271162286930686,1.1152518543543513,1.4056830506472351,1.5615426962155770,1.3134622797013549,1.4955438449867258,1.4545541841356822,1.3942745108815520,1.2949852142340619,1.2933273077338050,0.8410527502705901,0.8738067899274587,1.1704425568680701,1.2186560227316676,1.2431515133150388,1.2282554930047955,1.1785534228811405,1.2136556924523192
170,1.0430104448667628,1.0535561848748645,1.0330763650407886,1.0868360373570380,1.0884827683811595,1.0855794655922202,1.0070389994215323,1.0486766575386841,1.1544191916168205,1.1506231129196511,1.0326292656012632,1.1172767628941556,1.4111107744747693,1.5511388453280823,1.3100729322497888,1.4982882908722783,1.4827541512479812,1.4233824166516595,1.2944082246964579,1.3015329803711868,0.8325298471050665,0.8645059125203102,1.1727810689968372,1.2191233493332032,1.2469275399142494,1.2309424521226873,1.1783024735719865,1.2144616304071774
171,1.0413124997687757,1.0542504979381420,1.0332771762906217,1.0864743230548446,1.0914843139305894,1.0905472026178344,1.0089046022632386,1.0461062080780199,1.1486217200796587,1.1455515963751566,1.0369528048722008,1.1227970118503876,1.4074922919230799,1.5517508365567585,1.3085080633200230,1.5033211322885143,1.4986857283451183,1.4506774488507923,1.2943975889446127,1.3020342474025917,0.8231374923960179,0.8523041546597184,1.1701134979381311,1.2195732057814104,1.2506809208057297,1.2375001586760930,1.1774285824863246,1.2148360693513329
172,1.0409264070699193,1.0545627484199815,1.0324362320579039,1.0870728770579940,1.0973020686325714,1.0943449587781109,1.0102376713323704,1.0454830459254933,1.1447718556170707,1.1446270662785378,1.0414186643894097,1.1256530067266159,1.3954469201981292,1.5550991347213425,1.3142555312325725,1.5092525014872604,1.5144977887348499,1.4738516519689144,1.2888138192258647,1.3015467137145129,0.8131239923921191,0.8436216695004273,1.1703021583912963,1.2179899731360211,1.2543225248064909,1.2425576989681062,1.1744311183365190,1.2138044460586404
173,1.0412342027577786,1.0563074162544879,1.0322022454826918,1.0879132359549915,1.1016115165599656,1.0990548448127186,1.0114788046036312,1.0428088619974187,1.1388091816502985,1.1421623970757167,1.0457721658174570,1.1293796934152098,1.4015148370925006,1.5612720077875086,1.3160223187339208,1.5084435550244566,1.5319113730038136,1.4946814964932460,1.2852056404123691,1.3069713843283468,0.8053520827432298,0.8324599716134158,1.1687527609154686,1.2175939829939100,1.2579295795864840,1.2462550845104048,1.1742974137600979,1.2141025210331386
174,1.0411213946675539,1.0571278142006761,1.0316171533805498,1.0889544369044768,1.1059480868869027,1.1046033947968459,1.0148046832788193,1.0420547728471896,1.1327072193605214,1.1394863216350213,1.0484942277908780,1.1336658860337714,1.4062258230299884,1.5661973602721428,1.3137723689362855,1.5129986294022579,1.5424049399140058,1.5144410903551950,1.2784120539212258,1.3071224511049346,0.7960812234463768,0.8225665018957390,1.1679993726606368,1.2173887086923010,1.2629993148221763,1.2514826817028684,1.1731143308414620,1.2135710959357473
175,1.0398375825202955,1.0578568217619357,1.0316174047087723,1.0887811516725405,1.1113728681555055,1.1083374804889519,1.0172603520433401,1.0418221256435796,1.1256213308355647,1.1364119985279080,1.0529383647441823,1.1389296423839057,1.4046531748440620,1.5715581680541042,1.3160078959788077,1.5119426556639000,1.5510400220240443,1.5310700190142559,1.2713924577033713,1.3064495172819528,0.7855749076767595,0.8131043748802834,1.1707371429577300,1.2161963707276355,1.2667047913319198,1.2552563825326482,1.1711943533823232,1.2120063442600946
176,1.0395129626813129,1.0600000532196032,1.0307480603869044,1.0906239830144644,1.1156124005640775,1.1124584867184009,1.0197365473539266,1.0397348471609755,1.1175579946020797,1.1331448788869587,1.0556686663108086,1.1453828203289826,1.4199621394858246,1.5814559492717319,1.3253105730267236,1.5087883073760542,1.5579719910535563,1.5384962481001763,1.2720784636973888,1.3014574469828930,0.7788341903388806,0.8029988619276828,1.1717023824855513,1.2171390310843155,1.2692579497137018,1.2573054780469077,1.1694288452254893,1.2112957902970760
177,1.0400379624740594,1.0597834241590314,1.0313690924248737,1.0924640835002974,1.1200583645691715,1.1167739615723518,1.0237817224602577,1.0368604959960286,1.1121362776106984,1.1289152653531531,1.0595158072837012,1.1498305781430518,1.4399542555839084,1.5889704954161499,1.3223214570295445,1.5078517753973046,1.5629916927645824,1.5462428243231363,1.2645350567011564,1.3075962514496873,0.7699953991016484,0.7940116150086914,1.1700652359617401,1.2164045567214661,1.2715138105991290,1.2626830017293440,1.1674131474445943,1.2118456676547935
178,1.0383186636458004,1.0610878526624345,1.0311366138189968,1.0918451722062903,1.1250039834458474,1.1202617203400886,1.0250800987754758,1.0353236144691509,1.1067542415950571,1.1257434273968796,1.0641726755524847,1.1550094656161685,1.4640867507555599,1.6040702020775250,1.3291037576214551,1.5051453337079912,1.5707662545813021,1.5546300948201759,1.2631657036510826,1.3026522478522691,0.7610017012138667,0.7853355798337325,1.1695656931671468,1.2152711805242840,1.2737484774247574,1.2658029148994423,1.1658271781981440,1.2103385438075438
179,1.0381728543360647,1.0617925317647434,1.0309275087378189,1.0932952567904446,1.1293297048129673,1.1245325394358205,1.0270960368841411,1.0332788872608001,1.0977320834171664,1.1216269608636262,1.0705254019136803,1.1601028555539195,1.4902789975335575,1.6150742751316058,1.3355110665804264,1.5007341323588095,1.5605416002627721,1.5526497670639305,1.2540721358234073,1.2951195090378691,0.7515683418032021,0.7750099611657929,1.1682068364812268,1.2162298551881818,1.2755380689946125,1.2679124016451337,1.1624929203236412,1.2109437779462398
180,1.0375807736330700,1.0626201224727085,1.0305500137475194,1.0938156090055426,1.1329818865914352,1.1289733385144507,1.0302516319588697,1.0309295030001031,1.0919953480673614,1.1172916442108836,1.0753762751497493,1.1644613438825331,1.5242927335194376,1.6215472592810654,1.3394845356140710,1.5076726127578919,1.5681070078415325,1.5687253688499228,1.2541917880316662,1.2940792082809125,0.7420879029203117,0.7645101929208816,1.1684105396283320,1.2142258830167996,1.2780113867401663,1.2720331267152318,1.1618682059485825,1.2098990961308549
181,1.0384457075562061,1.0624838831025833,1.0314369510449675,1.0946805456073563,1.1387875868936201,1.1317970229422210,1.0336824562146467,1.0288719348746698,1.0850511773129039,1.1153413472276785,1.0792533782797515,1.1683565110084655,1.5757238960954685,1.6308036266147923,1.3453834424553075,1.4990836644078540,1.5724275368142369,1.5819396882528105,1.2432183510653458,1.2886785710178992,0.7307561776940903,0.7584125389827520,1.1685183456015693,1.2137316232622160,1.2793683872264581,1.2749252958384374,1.1595714246831659,1.2090275816816070
182,1.0373122342978318,1.0641314486531028,1.0308136570529949,1.0955439926513022,1.1428833705846142,1.1371986410767245,1.0350646733518227,1.0274345075095086,1.0785467365549093,1.1137528228909763,1.0837222340126713,1.1739553422582321,1.5972469086577286,1.6694473419870646,1.3491982611827087,1.5001504964879946,1.5784571547028383,1.5842258019125939,1.2422956995927719,1.2906630391285296,0.7255554147057910,0.7479982330302435,1.1653637673265531,1.2116155509403097,1.2791605112426787,1.2761814935430003,1.1588550416401819,1.2087956509633544
183,1.0370976185238867,1.0654138757675415,1.0317692069552045,1.0964791867325399,1.1470065780351459,1.1430021610351988,1.0383688690558148,1.0269503294006970,1.0717612897034106,1.1105005910132579,1.0884285398406861,1.1784414482315462,1.6238149209314785,1.6629213970582006,1.3515888328426964,1.4993334062688537,1.5867695417028824,1.5943021754958426,1.2335344990102601,1.2768232623915898,0.7140437244002549,0.7380451009574930,1.1635097552984393,1.2067268197005705,1.2797269442655188,1.2793620983984182,1.1570510427719540,1.2073083987810713
184,1.0365545004145458,1.0650144659371126,1.0317460847587279,1.0976360766764124,1.1516216049973917,1.1465642500327453,1.0418656095440277,1.0290917411611973,1.0667865910509753,1.1053390035012183,1.0937662981297886,1.1820820087264259,1.6245177415809413,1.7031892429988829,1.3563663704738933,1.4991922478256801,1.5815048307416755,1.6073344794799580,1.2244994278177337,1.2766859289583283,0.7062080296599628,0.7290522103022109,1.1620299302820847,1.2066110799347696,1.2801612773265998,1.2817050378148691,1.1539246853846514,1.2055704797392814
185,1.0368782574765476,1.0675613382615483,1.0308820183295337,1.0984873589977726,1.1556125154101526,1.1506861205671919,1.0424929701772996,1.0309138924734538,1.0591961872630415,1.1038479940136765,1.0985639885369880,1.1864618714388810,1.6403138096431238,1.7322588263610004,1.3581656091742460,1.4985244598060499,1.5773755285008197,1.6099190984265281,1.2204472063646994,1.2738122268673289,0.6981475684071088,0.7197602016235192,1.1611342632137363,1.2031774668826773,1.2792531263807032,1.2819763476754815,1.1522561636913957,1.2045107522347076
186,1.0364617518891222,1.0678894551296603,1.0318890905173701,1.0986018066939369,1.1587987946364700,1.1549975619978199,1.0455653026426355,1.0328493459952606,1.0556759178438431,1.1000508700017189,1.1012688222700711,1.1891575584362983,1.6583992637812788,1.7633703419957198,1.3653805924195481,1.5027320672468081,1.5884905822895199,1.6243856839105713,1.2114121351721729,1.2744405273245007,0.6884909611765347,0.7117146524170408,1.1600229841989134,1.2009718600249630,1.2797806552389814,1.2842829321715181,1.1505448464045505,1.2039773399708196
187,1.0349035766620058,1.0689776776761255,1.0311949219666330,1.0988096000164735,1.1640382395081954,1.1587088876583176,1.0484910582226861,1.0351861411215633,1.0514438203088232,1.0968797764336069,1.1076193014694835,1.1958565417955522,1.6747937731885483,1.7996131687016474,1.3687050374731056,1.4993876979777667,1.5977531271134366,1.6408253165341087,1.2084527372212366,1.2693729236371472,0.6789247161587811,0.7027548179314616,1.1586848112171610,1.2011232680204760,1.2783249426933532,1.2854417828164593,1.1484514075157746,1.2010218556284356
188,1.0360286378448185,1.0701782342373991,1.0312657965253975,1.0998411188398192,1.1681418585590573,1.1628699400193305,1.0505899698344616,1.0376007370984239,1.0478215140948652,1.0919065191264341,1.1112971562547058,1.1978896228938842,1.6974579994786489,1.8510498545656695,1.3795834005171217,1.5042088017292419,1.6324189480963669,1.6474798002444333,1.0382647540697219,1.2596943499280344,0.6687251763049578,0.6944593318321072,1.1581959236641086,1.1995473146056406,1.2753679358570500,1.2845208916505935,1.1463627799659226,1.2008753730695392
189,1.0360870909852600,1.0700322634836936,1.0319024109131663,1.0999508496027357,1.1715074469823534,1.1675953835438986,1.0541826936085024,1.0388787860221511,1.0425560915589489,1.0839862290877695,1.1151023502076445,1.2028742549373830,1.7301356803685206,1.9219172619401597,1.3798934897520523,1.5041545100203288,1.6238555760107716,1.6533989416629169,1.0372543576444246,1.2558181137742253,0.6589250526187276,0.6876594358498004,1.1558172976848347,1.1963815772379176,1.2733864364306613,1.2868773514919918,1.1442625039113068,1.1995226804471726
190,1.0342515329588535,1.0712571485039182,1.0318438514373076,1.0993977271145496,1.1769204752111544,1.1705778119895960,1.0559659011596636,1.0402157520948445,1.0374340064251943,1.0781070513880164,1.1196086586369516,1.2057579107809355,1.7417496176353851,1.9632560925310252,1.3883235901156286,1.5235176480041532,1.6263833543723953,1.6665695773652993,1.0388390846693645,1.2579330486464542,0.6507544861485713,0.6783343710014058,1.1538742830509088,1.1965060520803827,1.2730177178560804,1.2851106826321903,1.1417400961731794,1.1967948686091199
191,1.0354950102822651,1.0724291455699013,1.0327888455541689,1.1004528306041328,1.1806259977087235,1.1744637272596468,1.0582131242944199,1.0419558222508489,1.0324261053236707,1.0720261444964889,1.1221082515938328,1.2095235742871226,1.7853453737629503,1.9900660159718768,1.3931984813438387,1.5276003845144113,1.6255885682681495,1.6685863082052992,1.0341832842991132,1.2554404468327558,0.6419445500717356,0.6697107419491467,1.1504044349820652,1.1950130818938571,1.2714130662326886,1.2842300522872792,1.1394607876649088,1.1958523839278488
192,1.0351257417345321,1.0721898804649146,1.0330331365865066,1.1012110155587651,1.1842968638068765,1.1787198531704162,1.0615823689120001,1.0436684480938736,1.0304444859841770,1.0652656112134860,1.1289291366598684,1.2107639172082758,1.8048782209217811,2.0280271257429336,1.4107221288061915,1.5288382354776280,1.6286362443069866,1.6769881399358406,1.0365151728911808,1.2513822438798750,0.6337307008609846,0.6611056566018430,1.1483905943308381,1.1941191923818857,1.2704674627701613,1.2851196962488221,1.1375980398161321,1.1937968021275220
193,1.0352240983103302,1.0732495435160898,1.0325862750067780,1.1024408938381522,1.1898611747531285,1.1818250129257992,1.0657235273041590,1.0457761209741967,1.0257831860585027,1.0569723827058954,1.1335687766883138,1.2173421981646602,1.8427052808275184,2.0413732421529098,1.4319271845111499,1.5266177045830860,1.6253017281703765,1.6886225655037825,1.0315083927100368,1.2474579410244242,0.6235752030940822,0.6545887536821150,1.1478390288863689,1.1913872971551522,1.2674706807805372,1.2853014708508934,1.1354334437569500,1.1917454785411168
194,1.0349389505182141,1.0747335795120958,1.0340485026056876,1.1029731625161916,1.1933590602141959,1.1863176703042966,1.0667102470467196,1.0472253821256887,1.0213721192247380,1.0503644489960058,1.1356459032299475,1.2239141925375616,1.8903718298257342,2.0624928240732823,1.4309175916532364,1.5317509856608107,1.6249670813896415,1.6888191421560568,1.0333909207866434,1.2384660344816196,0.6176143344332340,0.6429441132182240,1.1442551070551465,1.1900275368877560,1.2664045905397021,1.2825354923605308,1.1337066795398745,1.1903186929965175
195,1.0353433772279099,1.0763722598863028,1.0339527465528886,1.1036357675076498,1.1967038547978426,1.1894911101545049,1.0704452111118061,1.0483065369874864,1.0161245126371130,1.0415613145977682,1.1389919271251792,1.2258680626840106,1.9331325515182940,2.0895263596938425,1.4406024717116479,1.5427749171555971,1.6261323692868439,1.6745272914740357,1.0331250269905126,1.2374600670829783,0.6079144444620652,0.6352904005599316,1.1412114686479387,1.1877229324945138,1.2651004300381141,1.2816770956033110,1.1315767757666197,1.1883221584292343
196,1.0348554768453329,1.0754151994663552,1.0351156422387180,1.1035632756914242,1.2006121925719946,1.1924914009034897,1.0741584922056966,1.0501634343106716,1.0098079491520087,1.0352280601194828,1.1440637712699329,1.2280011004597191,1.9527906538423756,2.0896793575010113,1.4596405084608708,1.5401444838587619,1.6316540411689724,1.6798275804686924,1.0354515977066574,1.2391561349837592,0.5997453966845614,0.6265385780690683,1.1398833241288131,1.1854139605629395,1.2633352261535069,1.2800098769803454,1.1300419586497852,1.1853249435904207
197,1.0356218384984257,1.0766895876117495,1.0358801826917745,1.1047534324276742,1.2047152089028665,1.1960145961761359,1.0751998530356712,1.0522902426752745,1.0048907474236044,1.0267971198020094,1.1461199243015898,1.2296525859406462,1.9802980798555065,2.1045377983895430,1.4632389858615762,1.5481959442905608,1.6276203522940409,1.6720591623954797,1.0312159095342930,1.2310465957496606,0.5925840014819551,0.6177174182466332,1.1389356344105885,1.1834478403904356,1.2611838839191420,1.2787380556736210,1.1267464447150408,1.1841618834280208
198,1.0365357350152158,1.0774797336481119,1.0370782643287635,1.1049490610276251,1.2079439798884681,1.2000621364807729,1.0790134540096286,1.0535484007666585,0.9969893743564041,1.0228741941907535,1.1493828032108420,1.2340318199947529,1.9955583341552274,2.1157478300301977,1.4578809323370789,1.5484375423952237,1.6193557719769589,1.6810361628493422,1.0314924390822691,1.2276338599331094,0.5846154211345741,0.6103733048362903,1.1379453237262003,1.1834376494676606,1.2584974642572557,1.2770158539892023,1.1242584760344765,1.1818431440073511
199,1.0360806201579047,1.0763453928055482,1.0381991882014237,1.1046295508650150,1.2120491057393046,1.2030915254980166,1.0827088105139970,1.0553310221969163,0.9886183081069780,1.0141350771744073,1.1554074439516857,1.2356939926676007,2.0262458496416698,2.1231799927399861,1.4800919752111723,1.5429785110640208,1.6243993770294660,1.6894743976636382,1.0379802477078619,1.2228477897839420,0.5781829984051415,0.5998203242206377,1.1361439611268767,1.1811956464571787,1.2568849737350338,1.2744689063829886,1.1211131265198413,1.1785370667187713
200,1.0370223412323218,1.0786007467262066,1.0386679153365159,1.1048827757025148,1.2157181636774881,1.2070877837061182,1.0835613849414250,1.0579712154621259,0.9730082981404562,1.0089586018991372,1.1606673006323032,1.2383620186976940,2.0527999446748364,2.1270225915123468,1.4807049423034768,1.5393653978358601,1.6258813842012927,1.6809415148315805,1.0359488191054222,1.2231773900237699,0.5710664046357824,0.5933477649431942,1.1371775195563425,1.1771141818858240,1.2535003114181342,1.2723552132828690,1.1188477455716146,1.1769879284941640
201,1.0375378504782808,1.0790329470882651,1.0394319531331273,1.1048634114502356,1.2187842002658311,1.2111088186574896,1.0877516914016281,1.0596027672796500,0.9600148031252640,0.9984560293281298,1.1621579179485133,1.2407578356629827,2.0670233645510923,2.1458472063251839,1.4839212166936864,1.5404620903559030,1.6308293758878754,1.6710544372838552,1.0387141145851830,1.2133408828664065,0.5681125474267761,0.5827214157557620,1.1348954175298507,1.1751204006372167,1.2507581484756813,1.2701676085263700,1.1163686398838055,1.1752562548327921
202,1.0386879321935334,1.0786826172793720,1.0408388885230717,1.1049242350631645,1.2232376982707984,1.2143836702941049,1.0895536908611592,1.0632087989356036,0.9452502408867484,0.9906942939678708,1.1675024177229658,1.2420333834516393,2.0809406051345132,2.1559627151914755,1.5033414564534051,1.5379293821351110,1.6233715333457797,1.6628928659060935,1.0369512387168356,1.2106079475445002,0.5630051840366023,0.5754361584524511,1.1340404910909232,1.1716896992773460,1.2477964963659975,1.2671273156365179,1.1141772016179934,1.1720154701576742
203,1.0387360320102066,1.0784494871770771,1.0410007438984066,1.1054058587737037,1.2268151427705252,1.2180195133181293,1.0933224803613115,1.0649325032168955,0.9283485746691058,0.9796148205716786,1.1737959688238695,1.2438514633948603,2.0921370251838747,2.1556684886392272,1.4929282272617848,1.5336050475201901,1.6293832237282702,1.6642543412385125,1.0421787107487681,1.2009019071487352,0.5572068154895657,0.5688684619061064,1.1313309258449677,1.1691543432755573,1.2459171929539810,1.2634350378103105,1.1109047314644125,1.1697685526118122
204,1.0404952342738223,1.0803644542242399,1.0423538950487210,1.1056317750502966,1.2296654056025038,1.2210731028753110,1.0948619713162295,1.0667594384002217,0.9125004788481454,0.9691717990535934,1.1763240258300049,1.2457908743992989,2.1201872235797592,2.1538266304221536,1.5007489662218347,1.5294273005193340,1.6288573502156867,1.6532678905614007,1.0383604758363290,1.1948592360852239,0.5526492188395771,0.5609172437204876,1.1297865426004536,1.1684715514496378,1.2448296183237608,1.2611548932563934,1.1083549750629262,1.1670044040149634
205,1.0398024243583326,1.0799523512847928,1.0444318767929259,1.1057377819185443,1.2355105840640239,1.2249696779070012,1.0974341499126437,1.0693875460964126,0.8956571193703654,0.9565536753275217,1.1822048482167220,1.2481904633146772,2.1325178987366700,2.1669255965282415,1.5162822734785870,1.5202302850294704,1.6357654159037174,1.6530349108253719,1.0342338041203782,1.1922670675324110,0.5481394610081404,0.5567965099802018,1.1315114381722484,1.1656850619937531,1.2425093042701785,1.2571609597269138,1.1059571556801004,1.1634578795802883
206,1.0401460252908901,1.0834755352445198,1.0444645494618601,1.1071685022504192,1.2381351282598052,1.2286640055692091,1.0995836551238767,1.0711475070847605,0.8837601149909208,0.9441663119315237,1.1855913210240521,1.2499067006054769,2.1547298147078093,2.1638244486675462,1.5185971256742312,1.5145405139353874,1.6282717183494002,1.6361657218135313,1.0377861452366863,1.1853557625035200,0.5462874153184832,0.5513116045536387,1.1298542347231839,1.1604935147629876,1.2403315420434617,1.2530660736911596,1.1043326957222561,1.1625954493207398
207,1.0401356719671220,1.0824211609887686,1.0466164217035006,1.1075649729028578,1.2403040161432637,1.2322076560601363,1.1037837911976887,1.0725751149250939,0.8768499565013830,0.9312288456841561,1.1885036426951201,1.2510602886745676,2.1722237861211688,2.1746755239144577,1.5187449589141400,1.5127760333957145,1.6321560113400750,1.6200828394107878,1.0406232320414026,1.1858638962065879,0.5418171434960102,0.5451486445241447,1.1289510463078654,1.1602125364636220,1.2383390100927942,1.2524375241580468,1.1018994243684097,1.1585535526665411
208,1.0411776908655437,1.0813498625876605,1.0472653511741752,1.1061829114613262,1.2456968532524049,1.2352307068407296,1.1053241494714545,1.0747278569065495,0.8711958223663832,0.9184804540298167,1.1916848747262483,1.2501745090618435,2.1780620685459140,2.1633007254045444,1.5235801875657891,1.5053652151290891,1.6275127872573760,1.6200027526265279,1.0388922634285906,1.1764943227223139,0.5398223406970232,0.5372643449259732,1.1266689442813735,1.1531262055197768,1.2360573098741878,1.2483952175526438,1.0978232073861152,1.1561715077989065
209,1.0431042718634123,1.0833577008824704,1.0478152573251573,1.1074477943506029,1.2474573983427431,1.2373329846970136,1.1086425113832947,1.0761728377523474,0.8663757985377498,0.9039767950905929,1.1984668089880410,1.2520347091143991,2.1728083102256726,2.1728807419457441,1.5322951373428482,1.4926310948035431,1.6331659275176504,1.5993767653712216,1.0404450831979950,1.1639660802730227,0.5406219323785357,0.5310981599043130,1.1276473461663925,1.1517176744076720,1.2337764806443401,1.2448345385292585,1.0953319467368132,1.1538093345962386
210,1.0433219073567899,1.0829963703790950,1.0490241460757168,1.1071287807072818,1.2509290654842520,1.2421535017713381,1.1122916108824450,1.0790212553004417,0.8652039950296798,0.8894388942959387,1.1997836457930147,1.2526344491786565,2.1806019649523880,2.1731985066221720,1.5301353297646691,1.4908258954821854,1.6290246736060541,1.5894387235062399,1.0367305468660468,1.1602546442391275,0.5409264302553510,0.5271677007018296,1.1252618256190625,1.1489326407978979,1.2311170616339782,1.2421508844041316,1.0936421538609449,1.1510798194726173
211,1.0443115125536349,1.0832952930964659,1.0487527115953417,1.1063984008328456,1.2552466501315092,1.2452500184767434,1.1170034650764833,1.0813069385411027,0.8672925100589213,0.8781874672344334,1.2051865717738310,1.2532046423005450,2.1795929650100900,2.1684320364757519,1.5299802851472040,1.4898024967691752,1.6357534642329770,1.5649758512232081,1.0382886845113737,1.1526978720739069,0.5424694219902355,0.5238564399952450,1.1272769198281181,1.1452515339069864,1.2288095220821924,1.2406906785098060,1.0911235445482841,1.1473470691491128
212,1.0447933734973471,1.0836568351516582,1.0494815634407935,1.1068437786352721,1.2583871226385981,1.2469308035957734,1.1169418854382864,1.0828063044474847,0.8691073073371417,0.8689741749591936,1.2089243508732730,1.2543387419608392,2.1949854330953533,2.1753110532673139,1.5362325494887101,1.4841561590422225,1.6333033717311667,1.5276335679078301,1.0345502177377739,1.1495495031163843,0.5459783613637106,0.5218400136433659,1.1265034746480327,1.1445847563882847,1.2265832748145662,1.2353377920461626,1.0883671538014197,1.1453607542952411
213,1.0464928284550505,1.0848254473885701,1.0521355894711277,1.1058420509692795,1.2620667281766038,1.2497567928368711,1.1216222270475198,1.0848120053392127,0.8718712087697905,0.8628716808109819,1.2107048520595201,1.2544827047225948,2.2092506046933598,2.1659546489058226,1.5435376749534688,1.4787134152236934,1.6318452679008211,1.5328392088847251,1.0374590958674454,1.1280808541617615,0.5522050012387367,0.5222721625936286,1.1239424560047355,1.1441268927864687,1.2234776192300856,1.2332084753438817,1.0850235264774328,1.1427760184449476
214,1.0471375385538670,1.0842902212916501,1.0535631337753228,1.1069093191814485,1.2657351833947974,1.2525989157712611,1.1248778528960328,1.0873195091279046,0.8750181530907027,0.8579721179318004,1.2157407416157420,1.2559795402498455,2.2049780118342492,2.1726453607039455,1.5450700926842300,1.4754341960053476,1.6245188937368713,1.5134800489440758,1.0317051541191737,1.1287091546189336,0.5658990528858370,0.5235178158178003,1.1237581830039696,1.1447645533829565,1.2213088572205437,1.2317458658184541,1.0823993209368030,1.1394120294470367
215,1.0491148076993508,1.0850979261288205,1.0542535324027213,1.1070669640557746,1.2678208959196573,1.2551373795497618,1.1257364985553955,1.0898217254801505,0.8771082877516071,0.8562496037260232,1.2181377141845224,1.2522754852617897,2.2014430327260608,2.1616236340567299,1.5389332103836282,1.4609573118236943,1.6138221484240900,1.5065853048809714,1.0220851165751594,1.1163045122595778,0.5815970194878388,0.5263074340415116,1.1222037712968287,1.1443350787802993,1.2194751355535736,1.2279030605944983,1.0782689130845196,1.1372959810090262
216,1.0484586658055401,1.0857319469242630,1.0553397729806671,1.1061995448575148,1.2706401186721588,1.2572419622193733,1.1313419802689928,1.0906364942581612,0.8816570232767137,0.8564185798386902,1.2192215952179677,1.2565729937306203,2.2143860664686419,2.1515434323767080,1.5403394290071504,1.4569560128768055,1.6204732531911992,1.4936767713816215,1.0157036654680189,1.0988082328620474,0.6017622205270089,0.5327058184991339,1.1215093002599288,1.1427787792879580,1.2165207416835468,1.2269947884919168,1.0761633192342506,1.1345894602405804
217,1.0492371063363628,1.0853720972836065,1.0574597265380412,1.1063055517257623,1.2747036568436960,1.2596306131315909,1.1316811019384987,1.0946055965500516,0.8841302008258815,0.8590775343516704,1.2242462489652735,1.2582703712709717,2.1920141022307931,2.1536971707391648,1.5323275885418526,1.4476965619216919,1.6089219634204694,1.4948999149957731,1.0002153518433967,1.0929852952917549,0.6228082633045973,0.5436748231042186,1.1215794994983157,1.1420057250031750,1.2139388406727227,1.2237907482332566,1.0725193630700449,1.1309066729604205
218,1.0493069912717983,1.0862238048987056,1.0585195776526168,1.1065927881345736,1.2779191679895208,1.2628302702333987,1.1349994638503389,1.0969937553446838,0.8850995503760954,0.8584946784211935,1.2294379417384660,1.2588990296192499,2.2060983497012150,2.1413985008551917,1.5270957341245945,1.4486466668276696,1.6041114159474028,1.4887259519910079,0.9956951573091721,1.0789566850840804,0.6461900553816468,0.5579905633297153,1.1199392190799335,1.1421010829234259,1.2110834491916189,1.2194113323658304,1.0708179216894127,1.1285203698788644
219,1.0501613561769210,1.0863625828906343,1.0590458589506775,1.1066498878528335,1.2803945389878155,1.2668222069165114,1.1393181335000224,1.0989687387484892,0.8869750838416727,0.8589100470153265,1.2317105713552410,1.2589166320530019,2.1995363707661322,2.1446173393367864,1.5230898138919455,1.4398052620311863,1.5855385196166070,1.4814671770903582,0.9849557068834469,1.0762031497471849,0.6693888449940765,0.5779637460626635,1.1196559150107290,1.1401684472114684,1.2082759620922521,1.2187524369900575,1.0673152669525614,1.1257380529026177
220,1.0504892114295812,1.0873553955676487,1.0612914766193364,1.1058626565197820,1.2838393850897765,1.2693791092016316,1.1406283631728278,1.1011771247039681,0.8898612674648665,0.8625553158423322,1.2344663407554106,1.2597860665486706,2.1894811644446106,2.1324363600737128,1.5149770141408563,1.4334477029174730,1.5846540959818072,1.4777249400803945,0.9805737771232104,1.0664009759481368,0.6932194107499234,0.6009934151210712,1.1185552912374470,1.1396952972254899,1.2060253271393779,1.2148618595979541,1.0639956963231956,1.1217977856206767
221,1.0525331300968228,1.0880621901881271,1.0618750607521430,1.1064393636742060,1.2864820108852533,1.2715444813227541,1.1439449904469723,1.1031259227082331,0.8907180526145126,0.8663807266044279,1.2368438379220696,1.2600343865962407,2.1927308401208392,2.1323010158596789,1.5152474407992258,1.4306923986901379,1.5805726004239136,1.4845832810597446,0.9736233132923499,1.0575910362044041,0.7166087962902351,0.6244955455318185,1.1180921016198755,1.1396115860741245,1.2020870063014346,1.2120081485723768,1.0607738718425015,1.1189706154577912
222,1.0529067125294591,1.0881468109149128,1.0631259213158717,1.1063442802303212,1.2891879222796641,1.2753024794531325,1.1479699281135203,1.1059416085069016,0.8937524325348570,0.8714023691421000,1.2379809017843848,1.2612558697669454,2.1885695851863964,2.1157890217475126,1.5058329873991840,1.4271037167309881,1.5743338282973527,1.4790281704788060,0.9640830438871748,1.0523105656954947,0.7390755760441862,0.6483870937466272,1.1161001982306442,1.1399260488340364,1.1997922412514455,1.2091319035052206,1.0585953482232757,1.1164789925519125
223,1.0536023264701360,1.0871150727035770,1.0639982815764106,1.1046248339317675,1.2924263367851030,1.2775312339407594,1.1503735577471708,1.1088096651046513,0.8951930948989596,0.8739764634046659,1.2437089171698419,1.2615834007663984,2.1674640898416393,2.1069328025248431,1.4989929957868211,1.4185419142354068,1.5727920627718233,1.4771424907403223,0.9550692441983388,1.0387248558100890,0.7621262931230025,0.6756519837672187,1.1153349011764431,1.1388982214798802,1.1971229510351498,1.2059398814020692,1.0560620516654775,1.1133744707222795
224,1.0547357997285103,1.0892597850239631,1.0646828996546900,1.1053815293285321,1.2955499331324762,1.2808429625906135,1.1507265565182421,1.1110162885813151,0.8967657572435843,0.8757168429263199,1.2490009831693523,1.2624572358705053,2.1790084409055863,2.1026017876757503,1.4942010354005111,1.4123662323465522,1.5663142572304518,1.4792538695980839,0.9481480286850527,1.0282394481805643,0.7830030016698433,0.6989412646950006,1.1161258961661253,1.1401917407492395,1.1948119275283287,1.2018987766122173,1.0550749675009137,1.1099375243258487
225,1.0557881719507003,1.0884417141477614,1.0667214228679516,1.1047382885893531,1.2975132934993974,1.2848086820221267,1.1541952536970412,1.1134142669007749,0.8985109103603022,0.8764396438311642,1.2524181671877197,1.2638956061713660,2.1735041722548436,2.0829180313303488,1.4800234671243853,1.4009432567912552,1.5714415239781425,1.4838989030851597,0.9430588214271082,1.0275665143575825,0.8039958902045961,0.7228771565520938,1.1129437396188857,1.1400476119842800,1.1926321329945078,1.1991234840513354,1.0524596249530391,1.1070541457392007
226,1.0563979395817991,1.0897218141922136,1.0683271588819485,1.1034897908366204,1.3013212783952401,1.2858262571061880,1.1566465858673229,1.1158676374115704,0.8997604561881889,0.8758143577754802,1.2541005423094325,1.2635611599300820,2.1404576844895113,2.0669179914190945,1.4747844013295708,1.3992303533750499,1.5694037641168808,1.4884638497879754,0.9366693935060837,1.0207547760678062,0.8235179249054555,0.7452352209919028,1.1138199765408949,1.1363271972483795,1.1891615331200682,1.1959720232230264,1.0507551448320338,1.1029208394261558
227,1.0579811353413551,1.0897962804317851,1.0687094291084767,1.1036660551842918,1.3028087913301785,1.2884355938945071,1.1580785292851088,1.1173050647767317,0.9008358916123195,0.8756587806497207,1.2588869969077157,1.2652912277045441,2.1550151181397692,2.0613218023953346,1.4725128173992659,1.3917706725704027,1.5689017939457783,1.4941281696201776,0.9268871607464296,1.0144786381677502,0.8446505331642332,0.7655607341190018,1.1135648775228280,1.1349914584418097,1.1870789989976525,1.1941581831028527,1.0489415232859571,1.1007409177793239
228,1.0595973323204224,1.0899367508382494,1.0692897459743897,1.1037971362766448,1.3045039413016184,1.2895928982865441,1.1614526887094934,1.1196914610925486,0.9012043578156173,0.8768743665174970,1.2589072213637647,1.2669829473197609,2.1373889329408673,2.0421794229060697,1.4590744153226836,1.3827772509889629,1.5861002481414124,1.5039642828506465,0.9272035743638253,1.0062626655228737,0.8625483260733023,0.7867013640160929,1.1133918865425172,1.1356487729607920,1.1849369473100488,1.1897583363710615,1.0470635817353144,1.0974425052758030
229,1.0597342981661060,1.0897351419566823,1.0712264812575107,1.1031839349544634,1.3085237822738920,1.2923629958044518,1.1650049376039679,1.1221979577504888,0.9020878668877004,0.8744982795058975,1.2659947696280771,1.2685256749064360,2.1162625617352346,2.0294099905384999,1.4503234086578420,1.3717451757378396,1.5924167061277865,1.5157588819871084,0.9255311023861622,1.0015383954186741,0.8776972852814452,0.8047572889062709,1.1155072653778397,1.1342962919239492,1.1830805799353485,1.1877293712672794,1.0449858430051333,1.0943067565440796
230,1.0604027346318914,1.0913177610993938,1.0715393848946100,1.1033192364607749,1.3120246813349086,1.2967916946131128,1.1661226224925525,1.1244164150134834,0.9025324557791520,0.8764247560679337,1.2674636643803827,1.2701696164871836,2.1219547131338534,2.0255320845798690,1.4316675749191150,1.3604552148693796,1.6023067136655817,1.5249397397099962,0.9243611696831865,0.9848867166357027,0.8951668068625247,0.8207137438962914,1.1148861274738977,1.1339490726265467,1.1799572142461046,1.1824332705884155,1.0434449484075523,1.0905938778855415
231,1.0612404910801359,1.0913662064654785,1.0727776790472101,1.1022909450128091,1.3130399631578029,1.3002863678208318,1.1686537479968355,1.1253122578169943,0.9041464187311793,0.8748511194944621,1.2713355241328907,1.2715627233869684,2.1077452104981811,2.0192179827686236,1.4217158738911120,1.3594698203526085,1.6098302903967503,1.5462646661733892,0.9247626693153440,0.9827443150768215,0.9098814199720682,0.8365968303145322,1.1140938789263872,1.1337932970927016,1.1777658065288323,1.1814736208710335,1.0419802755476659,1.0893572925627653
232,1.0626235225801732,1.0911764444856615,1.0750054524120665,1.1018443259121597,1.3156168924743867,1.3020097919864193,1.1718726573474567,1.1275339882549316,0.9063313018443602,0.8740955655105106,1.2746942819448941,1.2721800658849778,2.0831395291466936,2.0027707184979522,1.4119696971234701,1.3513613536264508,1.6339607136218963,1.5688418587179374,0.9262702871394060,0.9747377759176691,0.9246286849736393,0.8533659833304201,1.1145464133024177,1.1312441105528612,1.1750529668745942,1.1773102313488790,1.0399207692597239,1.0857690376316604
233,1.0645365148405959,1.0926562494453280,1.0757845699020321,1.1022306179191694,1.3179117488357228,1.3027286056429124,1.1718793067919568,1.1307550441811021,0.9101495834895226,0.8754510963526542,1.2777773879114878,1.2732274106932093,2.0718317711726644,1.9820512846886371,1.3970096943824615,1.3487173474023872,1.6446813622761587,1.5831118675497058,0.9299502572778571,0.9703877394191073,0.9373500139768481,0.8670093126892765,1.1140362152662835,1.1304251971155910,1.1717423386021970,1.1728971646460282,1.0390099068328547,1.0826063202117682
234,1.0664225453203722,1.0928396648706364,1.0760027227992226,1.1006909116033117,1.3199248336018061,1.3060409104960984,1.1750970597174473,1.1328503797097187,0.9170670303215432,0.8746062157893192,1.2779257005891811,1.2761123238534586,2.0646365577910357,1.9792031716628751,1.3817648422279702,1.3414829771897290,1.6667501222985619,1.5934285014857343,0.9348161137470516,0.9645648018488147,0.9491965760122485,0.8821538759014713,1.1121546249659462,1.1302068201989857,1.1683605795811602,1.1720730196320086,1.0362788389224338,1.0799719051990584
235,1.0654758632783161,1.0926270552945869,1.0775770427853981,1.1003865452790225,1.3235405508208882,1.3084243755783294,1.1760967892427256,1.1358959431024305,0.9257717406935159,0.8733690426648586,1.2820080444953850,1.2757445587197158,2.0405945246831765,1.9639092754770160,1.3676557820386313,1.3365261441659715,1.6751880018413816,1.6190125887484053,0.9370469626965895,0.9636000344801517,0.9593778915542425,0.8935340670077387,1.1119941695639186,1.1275600919697284,1.1658338411917299,1.1672498333724182,1.0335632179422432,1.0759640742562311
236,1.0677609281116591,1.0944504204050041,1.0777597584032061,1.0998339193101254,1.3235972064999337,1.3094644225923331,1.1780323558048245,1.1373696271746478,0.9346497516534131,0.8722807471727038,1.2850222375006264,1.2777550081175097,2.0337124492146752,1.9570243741544093,1.3678216437224313,1.3311132607873446,1.7035134614964564,1.6354303795216900,0.9446408895140868,0.9603005987460413,0.9715745122460315,0.9052520760434095,1.1104027779008419,1.1261981479331660,1.1623504668154938,1.1635079806547366,1.0315500524449928,1.0735786228174593
237,1.0684876020236407,1.0949340278585848,1.0805733778548723,1.0984009646414492,1.3249346421574004,1.3110446602299537,1.1809514619403749,1.1387287501238754,0.9454956150836697,0.8712847558125785,1.2881600244039453,1.2819707910010643,2.0218062498955587,1.9379290709135042,1.3402309131911714,1.3233794068526865,1.7075232470299069,1.6489796072951193,0.9484405118607967,0.9588963643909413,0.9797154642094651,0.9181068948176446,1.1091015848750256,1.1242465862217692,1.1574813493239238,1.1593560083803156,1.0303943181897157,1.0707145481339218
238,1.0695481706271470,1.0939236563807624,1.0822851743787936,1.0976651230548315,1.3257986412628437,1.3111734416746241,1.1811185653717258,1.1421409091101544,0.9599030485405275,0.8729164546626492,1.2905629894041475,1.2857270246320271,1.9971866513034875,1.9290551980976998,1.3324786823179082,1.3207896923375362,1.7270642286906863,1.6684989408042885,0.9530670639134735,0.9601632653127797,0.9894495247653139,0.9275198407025665,1.1081344650104619,1.1205363624086435,1.1546117316930919,1.1578687616360950,1.0276994619354090,1.0661105672420974
239,1.0708736117637236,1.0951957174561699,1.0820715453896095,1.0974059399858609,1.3258760907815390,1.3112126235011905,1.1829827226820189,1.1439026325773174,0.9712744824453782,0.8707726167574468,1.2944176209163174,1.2898340496213294,1.9869713967152569,1.9137436483187060,1.3079491815593924,1.3096083148869022,1.7380597657719812,1.6868169725495588,0.9574862188051683,0.9584397307253464,0.9979268671512641,0.9356435959690739,1.1058379470689441,1.1202269951101191,1.1513684598847127,1.1523575359736227,1.0251603411252290,1.0644203401962273
240,1.0719902608709746,1.0952981085355808,1.0843118851655944,1.0966676158027973,1.3250166120760194,1.3102996293218614,1.1858463204113077,1.1463230195559992,0.9858892287550804,0.8730690542357625,1.2940745542174108,1.2946998652370036,1.9717320182764113,1.9043578213019898,1.2930360527725013,1.3047084881575031,1.7416452669941427,1.7125903558477529,0.9632321837395561,0.9641287681982090,1.0071681119413944,0.9466101818300340,1.1030744788363700,1.1166914728302779,1.1488370762219020,1.1483783246846413,1.0233396291849484,1.0611063142416612
241,1.0726332454158296,1.0946590104965310,1.0847843822240251,1.0953118698835940,1.3247749213600915,1.3089357560353534,1.1883375492485901,1.1492202829455440,1.0032832629982285,0.8763815815545650,1.2977561542722718,1.3017464966628554,1.9309823378481556,1.8900584108627296,1.2686471738763376,1.2977184306349534,1.7140787384310920,1.7187351963855146,0.9674093752767718,0.9641905682431767,1.0135246000382045,0.9538873766529294,1.1025880983989742,1.1117408681308336,1.1455101894926729,1.1469009929187155,1.0218250703372684,1.0571558272463086
242,1.0738217207067227,1.0954375211829603,1.0852357677117601,1.0960293402565107,1.3226744421954806,1.3095393290254747,1.1877957640749719,1.1516713874121487,1.0200585979461689,0.8809588243598045,1.3019268865419495,1.3073604157129806,1.9314624826482836,1.8792132201468628,1.2519600462105416,1.2891349114558068,1.6616766380692036,1.7056009637668867,0.9720625167090617,0.9625803337381842,1.0199433545337651,0.9626625803369971,1.1002984750255125,1.1087076127591848,1.1416377734708161,1.1411361841750065,1.0197503703474604,1.0536249162626790
243,1.0745628461331305,1.0953347069999155,1.0869654085394838,1.0949871462684468,1.3207403137480669,1.3075257864822967,1.1899828531029446,1.1536997487457867,1.0399873557416730,0.8885158529756432,1.3043358439735737,1.3106759598418005,1.9014638705707203,1.8607063700104538,1.2370000434695330,1.2828587899054631,1.5873252943923175,1.6721538104132414,0.9708872661301634,0.9692341385797096,1.0260773541569921,0.9695044012174637,1.0955230464784536,1.1050527110982660,1.1383942113328505,1.1388368105722750,1.0182013724422174,1.0509181116133051
244,1.0759517013777875,1.0956761516324964,1.0898579450530366,1.0938096507740720,1.3177770409179923,1.3048121568909110,1.1915119362316886,1.1561239124647871,1.0597541503708925,0.8979241749492036,1.3093140563773593,1.3129875365884198,1.8831696578238140,1.8365856772571503,1.2174680273576883,1.2769247061212714,1.5128484581726556,1.5899410860620522,0.9796697382163655,0.9720185739390890,1.0327975691440630,0.9766155089438031,1.0932002038225408,1.0992140402712931,1.1348710618032933,1.1338006025062901,1.0156354094254074,1.0471933099557873
245,1.0773437920361220,1.0955164300106881,1.0900492058304121,1.0936691358152240,1.3151995088814188,1.3019334450449482,1.1917128650981050,1.1581615897578770,1.0767173625917232,0.9118643320501503,1.3132226197723269,1.3172297231226020,1.8537973215725048,1.8199030317446800,1.2010260865288140,1.2666418564531476,1.4331188626625273,1.5049253242617657,0.9843281975245781,0.9668239368259682,1.0374888107474669,0.9825019258950506,1.0906774186930077,1.0943689844148747,1.1305631514020105,1.1309150433686146,1.0137240417306594,1.0440022044430854
246,1.0781328015849578,1.0965572649501534,1.0914277411312061,1.0931467975229692,1.3100284727285407,1.2988680433194633,1.1951335706339905,1.1615724898307163,1.0942417771837305,0.9248189192252331,1.3134301077103119,1.3183958843586583,1.8223165233728071,1.7979184237606980,1.1841694914904395,1.2600861326019019,1.3283086861033804,1.3913185804806856,0.9830678609309178,0.9702881726799926,1.0420046433495134,0.9883851178541320,1.0869480841536980,1.0904367440698670,1.1268370614916408,1.1268393863816748,1.0118157127762846,1.0404255886300326
247,1.0786213490502705,1.0957161349259026,1.0918992328767465,1.0914933882898810,1.3075937853295605,1.2955517050429544,1.1946788064514391,1.1635920387702781,1.1104032717314520,0.9378643217560223,1.3157978671759103,1.3189302439546948,1.7874886288127971,1.7742567244289016,1.1643526259651122,1.2521432555879288,1.2235044853796038,1.2784617402249485,0.9854369746544437,0.9717164403859134,1.0449311640907755,0.9934112681450616,1.0843425642074946,1.0846330135495510,1.1243500982555314,1.1248251435183909,1.0093943431555665,1.0370405924434429
248,1.0808287639553518,1.0956463228263043,1.0925169976478224,1.0902069068115232,1.3018643291060910,1.2908867628682315,1.1949699364780311,1.1663241327165674,1.1247912696083555,0.9539490611503330,1.3172817430067707,1.3190220280735434,1.7633770095020207,1.7586568326287046,1.1499082367193949,1.2392978372591112,1.1238932855925907,1.1472941488406920,0.9893615670853352,0.9806259468687610,1.0492609568428974,0.9972119214128580,1.0815659336177230,1.0787193666478769,1.1197849558408008,1.1184585256375759,1.0075371663308073,1.0342139900424137
249,1.0814547086548385,1.0964548738707427,1.0950905986469346,1.0900549719090231,1.2958986066466018,1.2879377542157819,1.1980101781459969,1.1669060025082800,1.1371199058259489,0.9717965117111435,1.3185850968410451,1.3184468056848688,1.7261483909413706,1.7228553457511493,1.1308629885926156,1.2307170326654104,1.0263676523498015,1.0124571266139808,0.9893402955816447,0.9772269443955359,1.0501615415857974,1.0012737990461116,1.0780095900587243,1.0743314464702194,1.1150009049180121,1.1165278089550787,1.0056359277706366,1.0307378680779058
250,1.0823722719737963,1.0955420277805408,1.0961919189182345,1.0877848857187293,1.2917823304759533,1.2820849688724336,1.1967603716862578,1.1701230299114445,1.1468822356737607,0.9868807934163596,1.3194420145343841,1.3189359018798292,1.6826083037761390,1.6956570432613300,1.1196276623595516,1.2241423067160451,0.9284356623018342,0.8864806149731176,0.9937355200316877,0.9757506099879735,1.0527623027531103,1.0037530117738320,1.0738201997964141,1.0690328945503171,1.1112701697342620,1.1115664139071364,1.0018392749026772,1.0271902081195183
251,1.0847852434945258,1.0957487139057152,1.0971168067772903,1.0879335932458494,1.2851738071472940,1.2768547712291580,1.1973888887446600,1.1727438359096867,1.1553213264530264,1.0002969012515901,1.3184270464622911,1.3165608306400338,1.6394509407269517,1.6588257634509063,1.1067841989313827,1.2151434559637140,0.8442062627578935,0.7721749319839509,0.9891408752345465,0.9792560458719763,1.0537107263145624,1.0046535908362266,1.0684631204170059,1.0626388184321112,1.1071884260806943,1.1072533983488966,1.0001851872261942,1.0241711344492415
252,1.0855615270828967,1.0945407530308480,1.0988497148719074,1.0872866286120013,1.2772022325615997,1.2707107151015555,1.1983018863851542,1.1735976310043199,1.1635077546928878,1.0153729946870296,1.3172173243689849,1.3149854128192484,1.6082832804403810,1.6230301611043960,1.0934143049415874,1.2073770270037083,0.7740021488279739,0.6771774446181772,0.9908399365918227,0.9800113797549153,1.0540600256246249,1.0055324012014999,1.0628283779786203,1.0583018528683281,1.1030637136483565,1.1033631214106809,0.9979757697465073,1.0207781895966652
253,1.0848603050918453,1.0946740306755356,1.1002274961880336,1.0852518925647956,1.2712612216216943,1.2643361776412099,1.2000775771729677,1.1758128150923719,1.1696218642201361,1.0326941628176391,1.3168435464590407,1.3139368106943201,1.5582925522647342,1.5842746396422693,1.0847245949859763,1.1958563263723681,0.7067979042539294,0.6035267255660491,0.9827115632441025,0.9784766786382166,1.0541040677115459,1.0071263535796147,1.0590081604967561,1.0500537567281425,1.0997031486871185,1.1001107080760975,0.9951360668677441,1.0170496974870822
254,1.0865854276647240,1.0954337132502550,1.1005637733498317,1.0858345579506901,1.2642383283000167,1.2583355961432399,1.1987881631525104,1.1767995514462111,1.1769401698887116,1.0463186993380977,1.3166570320310325,1.3119483643387158,1.5128597203801575,1.5497265578772912,1.0735974394162600,1.1891024377835899,0.6633954119596660,0.5309171347093001,0.9821478683963051,0.9788989789454962,1.0548064630633018,1.0053590578725697,1.0529522226280486,1.0430817097039877,1.0945750572045831,1.0944183087193291,0.9933252308336764,1.0136189964710693
255,1.0866786075786379,1.0952018524588620,1.1018244357142406,1.0853447416718789,1.2554835190875182,1.2526611457311019,1.1998474485720070,1.1788664355310960,1.1828623530639126,1.0604308101043576,1.3150637943267212,1.3098580753306903,1.4678096126116249,1.5058456098750017,1.0665050495894188,1.1816563299061709,0.6193833844576353,0.4602223460580385,0.9671594351084088,0.9711808399961931,1.0527797677186135,1.0079471140858973,1.0457680827138356,1.0373733371039227,1.0910780373377915,1.0904351915298076,0.9911018857939456,1.0114964187717126
256,1.0874654601850222,1.0946059109904729,1.1043726525628732,1.0828211823844403,1.2494635518289432,1.2453909001913828,1.2004057128037342,1.1798728109345906,1.1890768797542575,1.0719293740354903,1.3132668139540637,1.3072340553849766,1.4204422842859528,1.4608112937878994,1.0545666140445937,1.1706948338766345,0.5651765818139257,0.3819411547523366,0.9594485150206140,0.9699173724101863,1.0493816929087667,1.0148485973214376,1.0408898624248530,1.0301436053181736,1.0893610281645076,1.0878173368060915,0.9909745119266353,1.0091186321179995
257,1.0894388468340928,1.0950023590954645,1.1039260423113673,1.0825880665781535,1.2410767031702454,1.2376732327644759,1.1984007607338081,1.1814907664869687,1.1945488053271869,1.0830847750241583,1.3124833035456436,1.3046288951897114,1.3722955904876091,1.4223441143469759,1.0471641349828220,1.1662347699894309,0.5128103364642590,0.3174276097225910,0.9515700818412568,0.9673732705590148,1.0462828005514520,1.0216234996144569,1.0332287437569569,1.0254222963811650,1.0894417397894947,1.0854888191762513,0.9936483502266943,1.0084574734364691
258,1.0909282155969995,1.0943137579312450,1.1061530616915560,1.0811141490681169,1.2328170284294051,1.2301073949155137,1.1989280905932955,1.1833479155928417,1.1980536882455883,1.0912909101168500,1.3117020402990067,1.3006388006531888,1.3256102069505245,1.3814348545223927,1.0379083318890236,1.1555664491880249,0.4661689413993099,0.2846138700262741,0.9386795506048330,0.9623228335508187,1.0486162718119343,1.0312017263478934,1.0294843665237072,1.0267624027260667,1.0901092075083616,1.0868174262677550,0.9960636423666660,1.0079320098385676
259,1.0916022601131592,1.0930556592757570,1.1063729738863044,1.0795041852728351,1.2251808675180598,1.2210134658304637,1.1983825470380034,1.1851358244595454,1.2037118714597452,1.0987400024492671,1.3129244963090847,1.2981864044365552,1.2882563332246235,1.3400195250279427,1.0269794892021120,1.1445560906204668,0.3996220387159949,0.2725790105370326,0.9232337799875916,0.9552020950362037,1.0552218255037455,1.0424674302322630,1.0271646577623652,1.0241673570337393,1.0911500390751900,1.0862237293856176,0.9976230226348507,1.0081659277233168
260,1.0926030814107532,1.0937389716445525,1.1071686790389594,1.0795473824509969,1.2166653381415300,1.2126709058901568,1.1958519997462855,1.1876843688263630,1.2048529019662213,1.1052295784414736,1.3081837340003939,1.2954712290303412,1.2408890048989514,1.2930668518201824,1.0155097931984607,1.1369932555688849,0.3419253482160483,0.2596704770376828,0.9034034206721525,0.9543368944066555,1.0654350335914409,1.0550650558812484,1.0299099494064285,1.0263591333534021,1.0915535972001249,1.0869436169005979,1.0003538373169072,1.0098076111304828
261,1.0935793135643979,1.0930015020106141,1.1091511560585881,1.0776077298476761,1.2076073607741395,1.2045006307460755,1.1970370463987192,1.1874847051548667,1.2080800180544444,1.1105192007172962,1.3064024837602191,1.2918853618117616,1.2060193586171908,1.2445194706992371,1.0096253091123373,1.1299380479956396,0.2793882310661838,0.2498926087412209,0.8890903576264286,0.9440643535986863,1.0730140692734698,1.0665677966898293,1.0327674344761280,1.0308271250671484,1.0918076355881234,1.0873985040866081,1.0023052150932359,1.0109899751959932
262,1.0936472572516267,1.0929583454399534,1.1096040495156585,1.0754746829812054,1.1992584834748019,1.1963361176353127,1.1947609126357015,1.1893209562976450,1.2097012693489544,1.1167340974778985,1.3074062160233959,1.2890061065766469,1.1700015399872983,1.1986730893279300,0.9995221691556475,1.1221879065483076,0.2435690738567918,0.2388915968306075,0.8847642655633796,0.9327755453845813,1.0842546729405445,1.0767466782142094,1.0361896473474945,1.0342236140434176,1.0932726386805127,1.0886387777351216,1.0044265091020996,1.0104931835718292
263,1.0951765294498899,1.0851747194383785,1.1100697607120797,1.0640860200444660,1.1901323987485590,1.1857123687041797,1.1943717755793035,1.1889780282767395,1.2112933672735333,1.1204530607328957,1.3053290894817622,1.2845275445035123,1.1379640521642640,1.1519087211136085,0.9892603788927141,1.1135500956602480,0.2241476089034178,0.2288516263311131,0.8818739999994373,0.9251913065327084,1.0916226103438833,1.0856089566867628,1.0379013805620920,1.0367385881996565,1.0938486525797004,1.0887784887929122,1.0057359529745880,1.0123293254147396
264,1.0961982730892657,1.0846847654302887,1.1122970314204912,1.0639147208896866,1.1796947953244126,1.1762410264367629,1.1925032816747709,1.1895319501900965,1.2135487043640483,1.1276840473339849,1.3020085334200737,1.2820921220622821,1.0996150957366484,1.1136121930729890,0.9769000777608323,1.1094239257828595,0.2155125267933791,0.2275556765494525,0.8847031099902695,0.9069740266105546,1.0998243100134146,1.0966497173675442,1.0395936836303501,1.0411607207609157,1.0951551357179787,1.0893736879444880,1.0086209837305848,1.0129595410751076
265,1.0965379915254101,1.0845595267546457,1.1136293223283324,1.0644906832651768,1.1704288795605253,1.1659834547230257,1.1914610535259487,1.1896082403445269,1.2142589128482066,1.1291646353872653,1.2996812228665735,1.2801143628985985,1.0707646560072175,1.0786345405417286,0.9709723254093697,1.1006340981098435,0.2064949912196433,0.2271843650951565,0.8924299837058322,0.8947582177219335,1.1072119904212352,1.1060247695945140,1.0439153242435502,1.0447777704229562,1.0959099926423173,1.0903375440162981,1.0113426821915219,1.0146409678122068
266,1.0971906823112980,1.0834192624612071,1.1134652049989944,1.0640671523114758,1.1598984572579427,1.1582951736660436,1.1889863037467752,1.1905385773762787,1.2139932932554998,1.1338594915220264,1.2990887212097282,1.2769245504394342,1.0392977750481034,1.0556083705627881,0.9636311430568285,1.0957722755766837,0.1950333389794675,0.2232091483491638,0.8972984991129881,0.8736775357162749,1.1160629311996870,1.1139663128036343,1.0447815327029326,1.0477870043337785,1.0962174516741920,1.0900881672894893,1.0134738521065987,1.0160038801479849
267,1.0990549276723121,1.0844596742970385,1.1147329045536352,1.0649633696285101,1.1493776784751975,1.1489641369099342,1.1883444877993727,1.1906478510628227,1.2137697840860269,1.1360971223355814,1.2953412044092256,1.2728621601928598,1.0136204661716923,1.0349772047191477,0.9501134158271246,1.0879135507115258,0.1941309878385568,0.2192193703696693,0.9064851297693092,0.8641843621420655,1.1237414412504509,1.1234881021741636,1.0474403288568404,1.0533068448625076,1.0974037383637487,1.0927943554561954,1.0159387770059993,1.0167885270332360
268,1.0985985186495300,1.0839830480534176,1.1162087038765636,1.0652610329423948,1.1396741879986827,1.1383277115055004,1.1869374075218919,1.1896734520606902,1.2128312075374068,1.1381010152664164,1.2924161488213859,1.2700872622435593,0.9852571298626810,1.0189065504353536,0.9432157331943096,1.0764118521783050,0.1869301062173828,0.2164745778545792,0.9127123624746938,0.8522260534408100,1.1310372407527987,1.1315183326678528,1.0501241961673149,1.0547779773573724,1.0979422997463057,1.0926158858468888,1.0175895727137447,1.0177480445701927
269,1.1012649309083353,1.0844497313616412,1.1157005182105280,1.0629390604863780,1.1280064330752619,1.1290848338591652,1.1850371119262719,1.1895702211586556,1.2109451464660212,1.1402016786582503,1.2884573988132597,1.2667151388633944,0.9717782823576381,1.0023298264816927,0.9355428274741683,1.0745442173916975,0.1813785551584029,0.2158193223469980,0.9223776019640503,0.8502587520093373,1.1375493948464845,1.1382956537049966,1.0536535882330045,1.0588463393137308,1.0980482700452994,1.0924244967204104,1.0199489013851766,1.0195691407239140
270,1.1020750784931981,1.0849910924612534,1.1161961374654352,1.0649373023658262,1.1158830218395182,1.1186549773492025,1.1833406362598946,1.1892564999295452,1.2094437479145619,1.1413993992101499,1.2849675565639009,1.2649712406052702,0.9565528211593759,0.9913434070207465,0.9226705185357733,1.0685286960441363,0.1793886019801034,0.2165255421718355,0.9299396215260118,0.8547152219186769,1.1450145285795801,1.1448101378805999,1.0579720949516336,1.0606224715687882,1.0987270606180315,1.0930942084361412,1.0225693085003400,1.0202135504306868
271,1.1018425600969035,1.0840353013522077,1.1179338207962810,1.0644705742339635,1.1055231692940617,1.1083357518789565,1.1824496106968791,1.1892424000990234,1.2079698831013708,1.1420470169106798,1.2810844610024770,1.2627998546703170,0.9477153733889038,0.9804511400565199,0.9155853400864886,1.0626814789942054,0.1790300518578872,0.2176321959179726,0.9363715924544171,0.8589141916406509,1.1519891245859355,1.1509505229649311,1.0603833134344443,1.0633237940271969,1.0994665300742970,1.0945823565420250,1.0242378301935957,1.0209238205127773
272,1.1032316310358057,1.0840974975863953,1.1181092478956345,1.0649052768716718,1.0941043377264470,1.0970444713878658,1.1784333462188095,1.1882163856458736,1.2060206563951341,1.1426038192555030,1.2796215586815931,1.2589870417880089,0.9326708363182260,0.9693764526298995,0.9062213663293425,1.0562289093898944,0.1700364196256325,0.2171079915119077,0.9448934886204110,0.8635594950207252,1.1570509271965361,1.1570393081746040,1.0602798949136063,1.0653823604277304,1.0997620855931343,1.0936368281573661,1.0269942209404601,1.0227877826866407
273,1.1034563844392740,1.0850972914733696,1.1194505866194882,1.0645959453544904,1.0835344372645295,1.0862758073187706,1.1777085567682970,1.1869380849394584,1.2038851720476700,1.1429864347705287,1.2757444555515909,1.2559424494072970,0.9285234986243667,0.9561539113718674,0.8945245119326609,1.0497410501747899,0.1673532695443817,0.2141739029612940,0.9507085859417929,0.8692519658294193,1.1608385466717348,1.1626096758935698,1.0622567556088975,1.0693095053113506,1.1001438689990977,1.0940199068642107,1.0289633247022991,1.0231463242988232
274,1.1028957950960743,1.0846183381597621,1.1215489259497213,1.0651808450771865,1.0733454558361941,1.0762389214811350,1.1771416193480915,1.1866155513162719,1.2037475033563281,1.1450818874452320,1.2716149212479391,1.2516644293472632,0.9167634303313763,0.9423076098230694,0.8859177328189497,1.0449118026669779,0.1649748870670147,0.2165401034053373,0.9613416788490657,0.8761392375074895,1.1680644863120702,1.1692370347949879,1.0654144677784845,1.0714641575551904,1.1020220110927694,1.0961885830257834,1.0312758061263108,1.0230273781899519
275,1.1047499028275651,1.0838823493885426,1.1201055479675044,1.0646510589955935,1.0628159376135964,1.0652363188593055,1.1729825363664106,1.1855152609701949,1.2001251971423701,1.1418780407980127,1.2700838550196307,1.2479182542498726,0.9034724655742096,0.9417544639048429,0.8797447936305653,1.0387225478508950,0.1625367462359449,0.2144068826973229,0.9672737694407451,0.8758542706334717,1.1715339396765816,1.1723781771648085,1.0652997672371913,1.0746757540754004,1.1049409847532694,1.0951174649160567,1.0329919347520802,1.0243590636236397
276,1.1050984647277617,1.0843428976940741,1.1225705751744666,1.0645736019864758,1.0522828030710594,1.0557900414368244,1.1709379767357666,1.1832801860497995,1.1975564613250944,1.1427824724142699,1.2635513557157765,1.2448654893106332,0.8982256658742600,0.9282612342187426,0.8696524707402102,1.0360513957723749,0.1617598876378100,0.2142539897455540,0.9758967052492686,0.8823707420417355,1.1749115121356202,1.1771938967168976,1.0659083695628502,1.0758207770414681,1.1087297858542764,1.0973711695278545,1.0357637724291748,1.0258718650894512
277,1.1043720065100253,1.0835961197801895,1.1222164537088661,1.0640485328381302,1.0426519403533210,1.0468130816281416,1.1696748713870273,1.1828604643090876,1.1974657619519748,1.1412430776962288,1.2608375333355606,1.2422439839983126,0.8916497696985937,0.9201405813766935,0.8596755298907596,1.0297426991966834,0.1573975278175136,0.2116256870984782,0.9817649813298767,0.8909712482997444,1.1760011741137497,1.1812783492953143,1.0696151400612497,1.0765756332498675,1.1126460416436621,1.0975895995042277,1.0381983099248437,1.0267885166062658
278,1.1067763502609480,1.0841645595123730,1.1226268726963222,1.0644057784667209,1.0325386002837111,1.0371043435879992,1.1662989773249470,1.1811647079061518,1.1954744248225042,1.1416844998760152,1.2573626721647568,1.2373203318145969,0.8839813701371290,0.9116492030788119,0.8497526743729829,1.0262191672882293,0.1541646008821982,0.2093322928219440,0.9885133658756777,0.8983460536658934,1.1798237235199549,1.1844678665476269,1.0685872226420114,1.0807175154348163,1.1165161350288286,1.0986000259286346,1.0404188694525656,1.0293925563596695
279,1.1073807255359174,1.0855677827142987,1.1234316256649899,1.0652585503459489,1.0215250979092676,1.0278669398733169,1.1645270449188074,1.1791884655889069,1.1952395782313914,1.1408291978784189,1.2538173999247453,1.2336483384023031,0.8807456117014837,0.9059235543720628,0.8406266760752019,1.0182274277362344,0.1534295731316551,0.2064564492053375,0.9996117729261796,0.9042136246019961,1.1826120432298446,1.1887554936325104,1.0711106345504584,1.0818465240936661,1.1198555059302679,1.1034772938880151,1.0425720702353483,1.0311957680149211
280,1.1060043805574804,1.0844675017142662,1.1246998278760758,1.0656557657773214,1.0111546977639889,1.0178032605807499,1.1607189369642197,1.1778338747280612,1.1944232838733162,1.1404949675938925,1.2481508069613629,1.2300675004505099,0.8752204671898657,0.9013159665638567,0.8329717987989519,1.0149536376887802,0.1502623803854125,0.2100603544970342,1.0037198320764014,0.9096348618799984,1.1860997209061854,1.1915160869267265,1.0711520019587937,1.0830941842105384,1.1232999761419420,1.1059094681091191,1.0444659651729502,1.0325180853779816
281,1.1078546057925585,1.0836640279134351,1.1250315811298677,1.0633519162753606,1.0010763154537903,1.0073889615607472,1.1562201541004677,1.1758644305433894,1.1932037012311922,1.1398949907357003,1.2454414789047135,1.2246654392637544,0.8763408050568310,0.8971791412392477,0.8206980341977484,1.0018557629135170,0.1488461074026588,0.2091793998701750,1.0096146975366223,0.9142526985734204,1.1878598856903697,1.1921417354069577,1.0733795742197527,1.0845180017068055,1.1259747826203772,1.1089344378506976,1.0472762935614390,1.0351366030587181
282,1.1093372880338648,1.0847628280507486,1.1245832115808037,1.0644628781849808,0.9895773221275261,0.9981126641211644,1.1531935004277849,1.1743192401878113,1.1939082410045310,1.1386444186243323,1.2403718819217431,1.2205043496565000,0.8667866193963127,0.8888701834037599,0.8160106387860079,0.9982100746600084,0.1471668976636132,0.2059249641825217,1.0181312758266936,0.9175246676208785,1.1870451070823327,1.1932358139993209,1.0740458402055151,1.0867483579484019,1.1299639111359201,1.1124894082502164,1.0496161236488095,1.0374417161948393
283,1.1091114561591706,1.0843202616496590,1.1255799793115144,1.0640641731957405,0.9799232546901786,0.9878985957589824,1.1508381515433310,1.1728677129921283,1.1945253206680757,1.1376618262511144,1.2364693109581977,1.2148162489212779,0.8637178678476685,0.8806730316581264,0.8067151731156488,0.9918036530082736,0.1458283105406730,0.2024084262918359,1.0269775624239672,0.9236669054235044,1.1877907851746834,1.1968437739851903,1.0742188311858261,1.0870628207083137,1.1327502041754884,1.1159638570078256,1.0518516236500330,1.0382791649327159
284,1.1096094941712706,1.0837746695137076,1.1253892211905840,1.0629383157074441,0.9702812416526280,0.9787790256256650,1.1445518245341784,1.1712746839258512,1.1945650016438154,1.1353810209241908,1.2319525157739022,1.2109562866628489,0.8638361643926276,0.8720992699256152,0.7953175908875628,0.9846235745045283,0.1448602252106894,0.2011561602106806,1.0332686096404231,0.9291568094181376,1.1891750735273874,1.1951812905235450,1.0754598534358819,1.0894212914076520,1.1367184289608190,1.1186180666519561,1.0540850978243412,1.0406972626782183
285,1.1097729904091105,1.0847010549201950,1.1274880631772624,1.0630202413901646,0.9599837706261205,0.9691437535103344,1.1417818972404565,1.1684791407422137,1.1972454920458278,1.1377831615214438,1.2270222428214921,1.2055737138848901,0.8557641648542436,0.8670797649442616,0.7849728697827295,0.9792948432747165,0.1424997702394332,0.2015274716649767,1.0407402253117002,0.9344853466286884,1.1871863454990101,1.1972065856038812,1.0758722739614055,1.0902671379979700,1.1403768720775844,1.1225891656859688,1.0567356391148721,1.0426270852273996
286,1.1086487920032786,1.0845159470803512,1.1280749145769624,1.0636359253087921,0.9510990752558105,0.9597666204876764,1.1383846093134626,1.1669316843424449,1.1992360193594669,1.1383474077478823,1.2243481202994466,1.2012202548230628,0.8536696201464388,0.8624309854187409,0.7777470694710926,0.9700381069050487,0.1412030139640848,0.1971081372971790,1.0418702739452563,0.9424712857728517,1.1889358794346272,1.1970138923219542,1.0769628692720610,1.0909026148252918,1.1442701918296536,1.1262550035700567,1.0594991202559407,1.0439073882131022
287,1.1095730418438368,1.0839398914827567,1.1277904110290136,1.0625589749704833,0.9415679626963914,0.9505660937862328,1.1349300783425116,1.1652492724219670,1.2015350865048786,1.1374935945266091,1.2206522882199584,1.1968039299264075,0.8450548482253014,0.8624604080739656,0.7700020499753860,0.9632027807529010,0.1384720571998719,0.1969042800281537,1.0527160818894339,0.9483422900447859,1.1889639752486976,1.1969034363402640,1.0783825235126552,1.0926489022350796,1.1474890759527852,1.1299599004595484,1.0609919014642792,1.0467038992357536
288,1.1103456586300398,1.0838563285150558,1.1284790503588542,1.0622657803302014,0.9319187170189627,0.9414908913094684,1.1328028343150398,1.1630444114241185,1.2045224971070003,1.1385029848736419,1.2147767092107358,1.1905123171768381,0.8447486689324661,0.8550576680194021,0.7548581571066860,0.9562100086449056,0.1374322618454451,0.1962199020535689,1.0566300385684799,0.9585392974644611,1.1888910780013802,1.1954667023302483,1.0782483928250228,1.0928054056919800,1.1514247838244518,1.1318629753843754,1.0643583193410653,1.0478627011842323
289,1.1090683173101363,1.0836253139309306,1.1293702602360858,1.0621014324454712,0.9223237161406199,0.9319103585106644,1.1293407865807406,1.1607665334467818,1.2090517970521528,1.1413398481572274,1.2119145741528263,1.1860595300959829,0.8392652761425984,0.8513386443989854,0.7487465146275322,0.9439346532596745,0.1372231076074857,0.1959505192337855,1.0602781014513953,0.9648497687228325,1.1859987278447979,1.1910057319164349,1.0804972755690636,1.0927042243872862,1.1559629255876580,1.1366690357723657,1.0659052914193927,1.0492117033545336
290,1.1105714905047339,1.0828190899564789,1.1285941586847910,1.0608261226511206,0.9127853709413227,0.9231316126481409,1.1266812978869771,1.1584523987623894,1.2128360664323954,1.1420038423973111,1.2069408560726071,1.1833487552982067,0.8338584281759395,0.8448126994701215,0.7370424488532940,0.9360270658564949,0.1359801338504698,0.1984113676955905,1.0655800237462445,0.9655089692024883,1.1875356448090726,1.1890191367420924,1.0803249113676670,1.0927886634617070,1.1582783040382734,1.1383500752741667,1.0686763694113943,1.0512369098955543
291,1.1111036082075711,1.0836259485863815,1.1287630512503577,1.0615833145671745,0.9025207481542619,0.9143597812255998,1.1234083256615073,1.1554677667801470,1.2182488754496310,1.1458448853107988,1.2016750069605679,1.1762989805806137,0.8288412629456163,0.8442595535518950,0.7276748694073696,0.9297265130371404,0.1345638608677160,0.1919753024877928,1.0790448855823112,0.9735292417049668,1.1853692297403593,1.1876420650871504,1.0789579065558630,1.0959624079830388,1.1622761424414050,1.1424365486010644,1.0716176168642955,1.0540893454610403
292,1.1103111475508123,1.0830056786590416,1.1289879900095574,1.0609711062835716,0.8938424843804739,0.9041027857151944,1.1215404099695401,1.1530524154552226,1.2226696600733724,1.1478785537680949,1.1974113920038501,1.1719530654189656,0.8250140217851757,0.8393636237224856,0.7204707032284022,0.9176954703420178,0.1330997812020001,0.1892086681224499,1.0845674997279489,0.9741506754904756,1.1864444641382905,1.1867688984581681,1.0798153401104471,1.0933469804451614,1.1660861376022107,1.1455041827946992,1.0732228314664427,1.0543769168411992
293,1.1111163341680361,1.0823708116563311,1.1291340117068704,1.0607081993199319,0.8848221770124487,0.8936833008652051,1.1179835353745438,1.1504426878952478,1.2261923589400652,1.1538708784684004,1.1921957295049694,1.1656073880514444,0.8212563668276521,0.8340087004715693,0.7137172481467178,0.9111343173198808,0.1329025786347813,0.1898420817797784,1.0876279373214151,0.9848146165832404,1.1861338914908655,1.1852136459860469,1.0799632599341911,1.0950219313955250,1.1688222036233518,1.1471233287956293,1.0750822873464818,1.0566332024576881
294,1.1106107468573549,1.0824698179066705,1.1293149680271204,1.0594785693001894,0.8750270730974774,0.8839863749933659,1.1155414546053057,1.1472055178770522,1.2302195730697350,1.1557422703064835,1.1878497186161996,1.1623534524407557,0.8204352496332303,0.8254349387390582,0.7043027947466759,0.9039080908635595,0.1309425046333331,0.1867623808941467,1.0985295829627801,0.9971471588901338,1.1837571374897884,1.1835019813938679,1.0789810973756873,1.0951427666227131,1.1719992802860584,1.1517539241131904,1.0779612406217323,1.0580770208579728
295,1.1103400505796652,1.0827044288716841,1.1290882699703628,1.0591029524578977,0.8659374529306200,0.8739431509190798,1.1124806863912744,1.1454166018795970,1.2336799161174081,1.1618514639481490,1.1841995788263040,1.1557330513750368,0.8115838846221748,0.8236695794255692,0.6944412359381296,0.8926479904350016,0.1291736573637335,0.1859251099677930,1.1037703496845193,0.9949017572563064,1.1833136792352743,1.1820120350131111,1.0810030861527986,1.0930150475319214,1.1757326284360852,1.1536768289946071,1.0802278877117812,1.0584137036386920
296,1.1100195289313410,1.0813775758756827,1.1280578242578276,1.0581555936540743,0.8571546172385939,0.8634821794291968,1.1089521442119741,1.1418010024815035,1.2345115969762803,1.1639580824452749,1.1798760395553665,1.1510665204557669,0.8071721193572304,0.8180616213397194,0.6893536090720020,0.8847512613736046,0.1309126254564817,0.1826852355136414,1.1113057798668677,1.0059948653280135,1.1829772888127577,1.1808034691988500,1.0795928335959168,1.0925433533920537,1.1793263280551092,1.1557764007620037,1.0820782273707006,1.0611963044958668
297,1.1100978259423382,1.0825967489968491,1.1288701170731723,1.0582484427611576,0.8467112879745439,0.8528408562964421,1.1074198809141214,1.1375657658885139,1.2367223941960668,1.1696883825127224,1.1739734946047449,1.1435848574529066,0.8061492021743490,0.8168023316960973,0.6770257591391245,0.8742376719426006,0.1286179046742984,0.1794890447599953,1.1178600619414931,1.0026027295264517,1.1815406055635445,1.1819951038042389,1.0799519779137361,1.0935427917470510,1.1811452429131788,1.1604060947179016,1.0841688807474679,1.0629592050593288
298,1.1094654104154964,1.0819223218043663,1.1291046063048298,1.0576906033397238,0.8372931854132208,0.8414588237805839,1.1033183300826805,1.1338524748075192,1.2360753513467593,1.1720748909585832,1.1688589543861099,1.1375409360925590,0.8023845885965337,0.8089229446268917,0.6724573514570668,0.8662622199032798,0.1302971144133440,0.1840248689958074,1.1222233791360006,1.0108805022162957,1.1807227895702026,1.1821345847154245,1.0794355120884602,1.0912956932751816,1.1846004553195455,1.1618449683861991,1.0852615611400007,1.0642088489047976
299,1.1094125653254294,1.0812398556428389,1.1281638847677520,1.0583177072020031,0.8281348551675211,0.8284599647155321,1.1006276179103949,1.1299604180181229,1.2337511799105734,1.1764958122499016,1.1630530373921673,1.1335131220551398,0.7951615407337383,0.8076224632659549,0.6624371423422769,0.8573855254960030,0.1249308142508425,0.1806976271406451,1.1271769805579184,1.0202878423947166,1.1817775216173259,1.1774897897481409,1.0786708418131732,1.0916254424192557,1.1877531442970042,1.1649035889632022,1.0868918453502270,1.0657463480113532
300,1.1085661811073779,1.0807450359429589,1.1282478283940902,1.0568005925138046,0.8175055867866038,0.8163277154615947,1.0986923404545785,1.1255330712342735,1.2302811190729233,1.1790967044862828,1.1567033072466826,1.1278539396039384,0.7952798372786974,0.8049508861715416,0.6538051234071179,0.8476320199897811,0.1213692163701622,0.1752007614937138,1.1307293216742265,1.0241125785110528,1.1814684676625533,1.1782379879306855,1.0775796197236038,1.0912156217390929,1.1917707251120031,1.1681265578167890,1.0888693056480923,1.0676778738461030
301,1.1082299137791563,1.0805155022215525,1.1280950208347680,1.0562027832895891,0.8079021478284032,0.8032867935533171,1.0959264606488133,1.1222455446785000,1.2246634266503376,1.1808958906726974,1.1517632965932119,1.1215195780866860,0.7874653066911068,0.8007434464743931,0.6452993035791981,0.8399850327893840,0.1208612703636893,0.1724414077451218,1.1347310233059960,1.0266429470188980,1.1810979066553566,1.1760191933203810,1.0753840131872674,1.0888797166544706,1.1956390765196518,1.1719381158364217,1.0909908528853207,1.0688048811306352
302,1.1076220873962639,1.0792529609779082,1.1274176912749430,1.0559227464104715,0.7965342460999305,0.7917797249144457,1.0914424222054746,1.1186148383191330,1.2185582250972347,1.1821405076787732,1.1458360328629749,1.1151393245100094,0.7870129963721456,0.7944175756010579,0.6373956337772481,0.8273459229544358,0.1200844117655544,0.1706794984914035,1.1391581550115746,1.0348623529996059,1.1835012377778513,1.1741309604071057,1.0771458887149985,1.0895217447892904,1.1981817830363277,1.1735350282496606,1.0929445097169292,1.0709084388078096
303,1.1067200540629583,1.0787156193628185,1.1279794098523859,1.0558447928820647,0.7860637944363374,0.7799324082081122,1.0892220859550013,1.1151236195688567,1.2137430601635899,1.1856532754130269,1.1393267542308807,1.1091991317771275,0.7822880931940743,0.7890920750053663,0.6276278228769365,0.8206056072928858,0.1169291706900524,0.1688739055371797,1.1386104137915452,1.0460618944820910,1.1838247193128222,1.1735980304516511,1.0729615126840015,1.0881772709060564,1.2015455416230150,1.1774334174428449,1.0951002427833560,1.0723267079245660
304,1.1067137989298483,1.0791615705929796,1.1272575951971662,1.0557077535582411,0.7754498954151613,0.7681683528832320,1.0867594786396977,1.1126259353049928,1.2075819813181188,1.1859160444340464,1.1340526655256362,1.1010712079922371,0.7773683486478351,0.7830839688084590,0.6244331826193965,0.8096033924816648,0.1130448776993776,0.1618044266720535,1.1470631775705449,1.0473734287697396,1.1821374517759555,1.1744760345688829,1.0725459582639072,1.0872360663954872,1.2046834237915731,1.1811966023865546,1.0973020634121098,1.0733103553404109
305,1.1061523468096679,1.0796775454745560,1.1256463299622728,1.0549808493188293,0.7640437209673333,0.7564745943648387,1.0823526315738170,1.1097057596908499,1.2004912338981735,1.1893714942798623,1.1266767314991426,1.0946111148053292,0.7686144043208635,0.7770935162046866,0.6154081436074069,0.7999611849787146,0.1129134093212317,0.1571739544184796,1.1471828297788038,1.0508960313329001,1.1828557934005621,1.1736891364803446,1.0726349608697192,1.0867585488711768,1.2074929431980439,1.1824684236932790,1.0982078612716903,1.0752001506787308
306,1.1056564657400194,1.0789792129267561,1.1255364995290098,1.0545652626737558,0.7524425666027905,0.7458090706921460,1.0806249324289174,1.1066498732079348,1.1939398238219565,1.1883799692487063,1.1208505900491510,1.0887212147403096,0.7668469147667691,0.7736039892950235,0.6091811190873486,0.7927213855951649,0.1144193198345394,0.1520556808425953,1.1429790488619751,1.0586725369913392,1.1812444604963175,1.1712566861390332,1.0726243056281783,1.0872149566268821,1.2106015020783873,1.1867742283582132,1.1000984642405549,1.0772259249816076
307,1.1048907511696620,1.0786164015606621,1.1249491454728648,1.0548008610764887,0.7403818382459906,0.7344088877713343,1.0769009544025703,1.1047564673950057,1.1882800209761366,1.1866760647469672,1.1156978480802009,1.0815457083530611,0.7574249428917933,0.7690434777351771,0.6013531687497420,0.7848816628281267,0.1129851193456749,0.1454885645332814,1.1501502045436243,1.0637195406637037,1.1836386794628977,1.1712695861076978,1.0708304643758246,1.0855006978315298,1.2142251056447988,1.1883741453103294,1.1021650609227009,1.0779540795621680
308,1.1047656485074626,1.0773083766763707,1.1246528294984555,1.0538053399016114,0.7288078062809907,0.7231786848334206,1.0729751801909586,1.1035700673696702,1.1817091753199653,1.1854508018330912,1.1092702163262309,1.0757922271496179,0.7593663979531805,0.7617525437704679,0.5938821816011833,0.7742540608084053,0.1118138556131022,0.1358199054880831,1.1519662591711979,1.0687974443585522,1.1829271719552270,1.1715033980397431,1.0680105860409752,1.0855654829834560,1.2157383034485114,1.1895516240963093,1.1042238075255495,1.0792167819303291
309,1.1034251087737241,1.0775844517975093,1.1232182480040285,1.0540732120581431,0.7157646443407429,0.7114160700168702,1.0709508580000975,1.0994415866363456,1.1763587221217495,1.1808713258633670,1.1029377144210843,1.0702153989420409,0.7543701085837325,0.7552854441520535,0.5885313394542427,0.7650896203438896,0.1143177306332449,0.1311384689172529,1.1541652008652001,1.0775352840498227,1.1818701618691250,1.1693878031787550,1.0656564044393539,1.0851964259943929,1.2186494382101816,1.1938330919963382,1.1049607020660526,1.0812794607538581
310,1.1016857503806643,1.0765167497772894,1.1248925966227867,1.0527956679269912,0.7047864010857052,0.7001527353873748,1.0668785069032007,1.0975318149487037,1.1687334962530644,1.1780634937180809,1.0958276945389398,1.0618360118178392,0.7529227155630568,0.7500187888668115,0.5819942256992539,0.7563975177469170,0.1147957974628664,0.1225473411511881,1.1616846774197807,1.0880996584034728,1.1816727318243072,1.1688532607272173,1.0666592507020254,1.0828648884481027,1.2218799355167644,1.1954501348200544,1.1057411518852382,1.0815639094438081
311,1.1022892628786529,1.0759453483196684,1.1237628762623366,1.0523304293529963,0.6942041448639958,0.6878718256738180,1.0627798471345862,1.0949689189686762,1.1619520984807230,1.1730932139635544,1.0890465093310746,1.0553539155887415,0.7466460400599341,0.7453817784033807,0.5765568470216349,0.7472167897697274,0.1149810483593447,0.1247024037094552,1.1563987087526992,1.0787541182700195,1.1810067850962098,1.1650243887779672,1.0658889394165110,1.0807939473556283,1.2244028996215730,1.1975803528839986,1.1077408962791737,1.0828212180743351
312,1.1021937103280421,1.0759277895188604,1.1240461231691725,1.0527961644462804,0.6843520839099841,0.6764390872647563,1.0598870496707533,1.0928030842874505,1.1560509705171391,1.1680551948863285,1.0829964007566877,1.0472297637539407,0.7445375781115459,0.7426160488122481,0.5674705113004149,0.7405877721114491,0.1195226832407491,0.1239816226511159,1.1587890939799157,1.0884429919866268,1.1803476724850486,1.1666618785503249,1.0639590871397824,1.0794778624715531,1.2281580224905710,1.2004421761645443,1.1090921228317938,1.0851303055434496
313,1.1025278207138123,1.0747788516009260,1.1234258451158707,1.0520024783624693,0.6767966874772779,0.6658582654818468,1.0561723230454498,1.0895752302287067,1.1481139655533561,1.1615723183875757,1.0772848645576407,1.0416271605540843,0.7415244955252352,0.7350132347021557,0.5635835787974486,0.7318386632201179,0.1234428312436455,0.1309346116482276,1.1612353169043195,1.0885253920465838,1.1811996590630705,1.1666207599002067,1.0629324232783726,1.0782025412785776,1.2302016524484245,1.2033253316711181,1.1103805487500340,1.0851479061609914
314,1.1009551939722695,1.0749599399562477,1.1220623895084310,1.0516097316046997,0.6704678262239071,0.6557044103678440,1.0526671984750411,1.0870412892577865,1.1400862612164537,1.1539028871593462,1.0690295412199757,1.0346081900955570,0.7370361854370820,0.7328183046223845,0.5574647249407382,0.7224000496255916,0.1250503309582479,0.1300754988716211,1.1630912556013129,1.0904617934555725,1.1809710958188773,1.1622952391573711,1.0602686128931513,1.0770575183125100,1.2324093186225284,1.2043907411569781,1.1132959669097631,1.0871807774870705
315,1.1009101138750288,1.0755890950599001,1.1231775328319722,1.0514304881412928,0.6652139160724254,0.6472437287445062,1.0492407108135036,1.0832879647294176,1.1337915627587978,1.1463384146618922,1.0626843053980577,1.0276527141302056,0.7346911303987758,0.7301820347142410,0.5533902966213021,0.7153882754194766,0.1290601164916984,0.1338978226658449,1.1637932152230983,1.0967104646689763,1.1822984331971147,1.1612164792777970,1.0578385910429153,1.0765516117890408,1.2358485629016496,1.2076221227194208,1.1148872539518664,1.0887605748519122
316,1.0992721317771992,1.0747651007328234,1.1224376225447275,1.0511325765677635,0.6613739870171208,0.6410233256754325,1.0474017057497977,1.0810604432896589,1.1276693550732351,1.1399069009462850,1.0557345830564502,1.0205935095373886,0.7316293374704231,0.7304115314249946,0.5484108404185225,0.7059198013850480,0.1326754968907110,0.1309346116482276,1.1606530094907930,1.0912445940251638,1.1811670071710427,1.1592363340877869,1.0583688460043030,1.0750913981400061,1.2396524611411432,1.2105521490324793,1.1157370883429070,1.0896485543949894
317,1.0996131443788149,1.0744120207503096,1.1208125342575925,1.0494481348790994,0.6585351758649494,0.6365672572085083,1.0424597229547989,1.0775148394787986,1.1188383134315605,1.1331686993081278,1.0493871000727488,1.0145106113594475,0.7331602339345994,0.7322121979247533,0.5426417383733034,0.7013918728617031,0.1404321312013201,0.1329367812547258,1.1654922765803746,1.0986331327346388,1.1786467367143096,1.1571779828377480,1.0561017866717513,1.0755529013570988,1.2399285645776994,1.2132982975662523,1.1178041914817820,1.0911903117154664
318,1.0986822080166563,1.0735933152186570,1.1201907482349556,1.0504039345108396,0.6557924985511582,0.6350227441774627,1.0405302276246351,1.0744884115703666,1.1119872714977166,1.1276192855639318,1.0413879531783721,1.0071069019917738,0.7325478753489290,0.7363902149666771,0.5381021762014717,0.6983759684315856,0.1462824740288134,0.1364678803789134,1.1654710050766841,1.0973215984469904,1.1779572502500995,1.1566200591930056,1.0539895417309995,1.0739609336350455,1.2431959337417404,1.2151499948762787,1.1192939339497474,1.0930312795341544
319,1.0975931677727873,1.0724371845389460,1.1199547510339627,1.0500598466434130,0.6546400979305739,0.6328778272746211,1.0372205389012732,1.0718366363015139,1.1038162297586522,1.1189918267718149,1.0346786771475704,1.0005305070104342,0.7366325854601629,0.7393560186133384,0.5462726669730131,0.6995378110023239,0.1555509946881005,0.1457797892033175,1.1607141650639030,1.1003841340087246,1.1809202196150204,1.1542779086323463,1.0525304004188123,1.0700454355203108,1.2452511768830452,1.2186154300172567,1.1209163680806762,1.0932254540889705
320,1.0981828758390850,1.0723548908821470,1.1198383860669130,1.0497572181366361,0.6525158113263640,0.6324793826706412,1.0335804016968841,1.0696186826038951,1.0957415561035271,1.1111817061810565,1.0257207412256817,0.9917217462343585,0.7456509573582195,0.7478003206628605,0.5435143150576428,0.7024315590873872,0.1728868930972507,0.1474470504392741,1.1661490342568177,1.1092455737899305,1.1792352301171323,1.1506530174376046,1.0536053262566134,1.0682955084952463,1.2468668610307161,1.2189047671111322,1.1214375120546813,1.0950351950055681
321,1.0976347967621052,1.0723830272738031,1.1191261218841511,1.0498515568015871,0.6508031824752185,0.6323681754275926,1.0305569281933098,1.0650770264797440,1.0882183670296015,1.1050330599668301,1.0188721411643198,0.9855942133136898,0.7569378394713736,0.7550559474412999,0.5509276111857493,0.7023691236221372,0.1937306068687488,0.1585354297508984,1.1618388958215364,1.1017780683563301,1.1780711521990328,1.1502208684873418,1.0503454491240169,1.0670886120694738,1.2481367626411226,1.2221262336952803,1.1233453345523274,1.0950871452154092
322,1.0949664432550932,1.0717574685510391,1.1186433203685948,1.0493321976250676,0.6497520388129283,0.6328539148363490,1.0266577517596986,1.0629424128518166,1.0779766262095869,1.0969557040260829,1.0117920834392848,0.9775310413386721,0.7708968317765446,0.7480651245598838,0.5616869865000829,0.7063215600310042,0.2221875349019695,0.1714730857172518,1.1612299990283970,1.0996288001257857,1.1762775761764948,1.1494009142291006,1.0483366227041031,1.0636688295554333,1.2506492748808249,1.2245406811370090,1.1239477648313159,1.0962777418278344
323,1.0960000500779532,1.0703519182791270,1.1179152225078108,1.0482440756027513,0.6481705015595741,0.6318907909671482,1.0235816609126889,1.0585233748966676,1.0687811674437717,1.0892460758371307,1.0019240469951873,0.9709370439235808,0.7897268582859126,0.7217436171957641,0.5693887377304503,0.7090931517710133,0.2680401196980431,0.1925650324446159,1.1554574447143959,1.1081640730029954,1.1742789766458768,1.1479843364201237,1.0477499576404401,1.0640560846208802,1.2529707502527523,1.2246497458982517,1.1248933195441126,1.0978234734813048
324,1.0960168742290766,1.0699131598107425,1.1184407498212039,1.0488803650718812,0.6462074425526479,0.6318559306655708,1.0204624932295696,1.0555541016583865,1.0595549356763623,1.0828257279439464,0.9951293788166229,0.9637766253366908,0.8201360289606867,0.7041135621850547,0.5796901905699445,0.7095084833441978,0.3411723929593944,0.2316910668639650,1.1562710797305564,1.1076044392624542,1.1730974337622742,1.1464331151882101,1.0439247259272626,1.0619582103753578,1.2552280627861108,1.2280767229416012,1.1258902796148893,1.0991659463902599
325,1.0936830624963250,1.0699888953612160,1.1183603247899816,1.0486946668577146,0.6446023992196898,0.6310659558975934,1.0175864639301284,1.0525067757868594,1.0513668878048379,1.0737918332156349,0.9881040020283133,0.9621968069074673,0.8581509716143002,0.6810520850198445,0.5989373572683065,0.7025510008469958,0.4510201987356781,0.2891060105615809,1.1575393931381006,1.1074705391650241,1.1693682839541946,1.1455051236924032,1.0431656966622032,1.0601434981983671,1.2569810728280939,1.2300774453799377,1.1263701473654917,1.0992672918815896
326,1.0956189183467360,1.0690768954782819,1.1174153306731200,1.0487232167168445,0.6425317546945762,0.6304779403974322,1.0134366323494912,1.0491991066160549,1.0417357481217167,1.0656072853796277,0.9790704116597224,0.9568783572810328,0.9011830794982368,0.6766269176740323,0.6143084085300370,0.6853215270234528,0.5694074732560761,0.3699863820473550,1.1600707020772663,1.1026810356800252,1.1723160663925911,1.1421656443043648,1.0410490642690522,1.0605525909554745,1.2582291997195292,1.2307005867430716,1.1280252479554327,1.1009717129738643
327,1.0943441653577746,1.0696578167676665,1.1177036041444073,1.0482202426768690,0.6405060128087060,0.6293281266487095,1.0111353463398860,1.0450930345419525,1.0328099580277654,1.0559615035825396,0.9709746368086669,0.9515089863283878,0.9146271339018212,0.6688063759152764,0.6272564369327756,0.6712626890004294,0.6923722376701001,0.4710486231666303,1.1560078448723869,1.1014759348031544,1.1701868592938625,1.1414964584298908,1.0395128291504221,1.0599607895114738,1.2605329649866932,1.2350217145562798,1.1292159277250013,1.1020913393542660
328,1.0939632493208022,1.0687726839654870,1.1171217793091588,1.0484910939491361,0.6389910761142298,0.6270619189445117,1.0078320179547418,1.0412717286878530,1.0260884866269493,1.0473861519617298,0.9646728461145578,0.9483348903279305,0.8978916521002579,0.5879117276401692,0.6261675189217405,0.5444345423941973,0.8143091584004379,0.5921179991173852,1.1598579870403616,1.1028801691582544,1.1692338796544530,1.1408571037329536,1.0365820109477648,1.0562927852355586,1.2621399392467756,1.2359789606425600,1.1297905028839021,1.1029798866591993
329,1.0940708807491428,1.0676840383153876,1.1168282279451975,1.0487006250891853,0.6370900972662576,0.6243598134197633,1.0038547828248250,1.0389963685373955,1.0170485125007673,1.0405310813822126,0.9586571940208470,0.9444793286779396,0.8447138758310075,0.5880117646679336,0.6173624269252249,0.5426782056108616,0.9367002426189162,0.7184731028292952,1.1513440676882518,1.1059839047499671,1.1679634932506826,1.1376095366216503,1.0345192815412323,1.0563364606188796,1.2632124167385088,1.2375118763777142,1.1304699145856787,1.1048753596160812
330,1.0941161765406286,1.0679789415482361,1.1168656758503603,1.0496904362922366,0.6347235172261300,0.6225280630277866,1.0013647104126731,1.0345753163207434,1.0096006362991643,1.0327380817191694,0.9506805187443027,0.9366940236928609,0.7864563067488087,0.5873526971908978,0.6063614704627478,0.5438699086215021,1.0299352260658521,0.8433575219575230,1.1429710720480910,1.0988116661978791,1.1651675800775305,1.1390349831590842,1.0319306846257115,1.0568714840645628,1.2654316960960641,1.2396544130510549,1.1326970580508759,1.1072011960599530
331,1.0921052590928984,1.0676601329600708,1.1168666811632506,1.0498446055315380,0.6329906972553246,0.6204053299532215,0.9990495473015025,1.0322881223839548,1.0029277538482335,1.0244902608894322,0.9450865840119116,0.9260602677317332,0.7325339581083455,0.5883177602822717,0.5961357370875970,0.5429333766427527,1.1159693278916141,0.9561633978960038,1.1388975790913665,1.0920514279455757,1.1650233042755482,1.1366065640579806,1.0324647002605840,1.0565883219960313,1.2675888449221548,1.2434010730309399,1.1330470196505238,1.1085070483291843
332,1.0932894204988877,1.0672583960596551,1.1166442556862766,1.0497512599051655,0.6319157461534355,0.6183886182917183,0.9959086966471872,1.0277399199099184,0.9974485399328212,1.0186862663939935,0.9403443235953654,0.9143672224537565,0.7067035595855168,0.5856579522499483,0.5799858570497620,0.5435360146116871,1.1707199315540182,1.0627225046622104,1.1364619919188077,1.0898403596700637,1.1615014560145274,1.1381335978486480,1.0319745591497034,1.0579582731862023,1.2694928263490057,1.2444021853848275,1.1346294436998721,1.1104345998309408
333,1.0923774652303042,1.0671098866841460,1.1163424104909707,1.0504657511623468,0.6309824342491600,0.6164505583850137,0.9947913008648852,1.0250367809727365,0.9897390932176683,1.0132016144198506,0.9345683687585324,0.9031400130118540,0.6770946302442894,0.5854225710081499,0.5705209240068245,0.5449503136288709,1.2245980632523630,1.1615495964389588,1.1334972760919488,1.0828157545587318,1.1599903568253442,1.1378812422116475,1.0312619115242925,1.0579444426481508,1.2712908374768628,1.2474004147303985,1.1361313411293301,1.1122943037908828
334,1.0919579399234465,1.0665551978200651,1.1157090633700955,1.0503148092984254,0.6315363339198279,0.6152364979647887,0.9935542150815810,1.0215871063659623,0.9850526890012198,1.0075926496227323,0.9308088670951861,0.8900299718168581,0.6611315552951059,0.5813151683387656,0.5564659491491596,0.5431098246967200,1.2635485581957759,1.2350110194555632,1.1325746246193746,1.0765636500094966,1.1582628439331875,1.1391051267386978,1.0293420877101906,1.0581468052575385,1.2720552752775489,1.2512964002924811,1.1367223761319192,1.1125980563839430
335,1.0908080739024391,1.0661693273059218,1.1157281643150105,1.0501891899182536,0.6318388993547303,0.6148780994923730,0.9912046483227794,1.0182310949190827,0.9806545792207580,0.9995249707280849,0.9272126591880878,0.8764484368606532,0.6477501284741469,0.5809326738208430,0.5415780601837162,0.5392062508258747,1.2958718517135606,1.2828009878084863,1.1245339962243777,1.0745997819138555,1.1571800160719938,1.1375522930107014,1.0294887539761064,1.0583280580983208,1.2739218041877691,1.2520655622450476,1.1372349103415338,1.1145752870481160
336,1.0882572737590455,1.0662841999425337,1.1160712273388180,1.0500744939624449,0.6338733806804532,0.6149504130105212,0.9908270755176860,1.0134019029653616,0.9815202723445499,0.9877934133023937,0.9259182940009465,0.8624890782371333,0.6384464531441303,0.5766899269374247,0.5256300987174638,0.5388207796925923,1.3222790682147791,1.3222983336821315,1.1325294226740323,1.0748469820937265,1.1591178678965142,1.1364509581859643,1.0295683548982060,1.0590319596928455,1.2759059165804343,1.2555294951165870,1.1385468864976664,1.1163796342270798
337,1.0854991914460421,1.0649040358886572,1.1148723917171612,1.0503517999854719,0.6372094358242471,0.6146487705662935,0.9891384057209393,1.0103865534951968,0.9771399785123795,0.9740981599065900,0.9243385392673347,0.8504773031765794,0.6331926948238890,0.5722117988122077,0.5134320535806037,0.5324795080915530,1.3367107106339786,1.3580607231625637,1.1249727209879936,1.0628955400641340,1.1566332867171136,1.1359051282618451,1.0284865344923491,1.0582516261775090,1.2786210788713630,1.2568424786059291,1.1392536468628018,1.1162462101908757
338,1.0825392193195589,1.0636618036194416,1.1131982944266257,1.0489292722218690,0.6417111514284017,0.6147043741878179,0.9886356498954740,1.0072425430715202,0.9681461638885887,0.9608339072563112,0.9215205983911623,0.8363299757069241,0.6306388811768313,0.5682279712947678,0.5069886877338498,0.5320831786164880,1.3516204198827995,1.3725928341973648,1.1258023096319218,1.0647873081073129,1.1561511017999622,1.1373531497444420,1.0277720065301956,1.0591622579197535,1.2806327725747251,1.2570368722712848,1.1416922360123014,1.1181950527622391
339,1.0793963384731704,1.0619575421819756,1.1110378770254177,1.0484250568836704,0.6477160506872308,0.6142900839922119,0.9885272350394939,1.0032507803377197,0.9557778466952556,0.9464061759095633,0.9109139947743093,0.8227855315932678,0.6265541710655973,0.5583654972634097,0.5010717524487219,0.5229024506392984,1.3574110043565901,1.3815479928009746,1.1221010679897803,1.0749568488403358,1.1579294908959756,1.1368129635566135,1.0263573665209147,1.0596215773676800,1.2820240319521985,1.2618023713844329,1.1418555683073615,1.1202869713213619
340,1.0757245753376223,1.0586641034954722,1.1088897747071158,1.0471346032509989,0.6544375840139859,0.6144966528866830,0.9866997942270926,0.9997288440995210,0.9389199105325099,0.9301554379552318,0.9004841678844040,0.8095170684945057,0.6221145713194861,0.5595306344103124,0.4909614011144756,0.5159042493604117,1.3596280392789599,1.3847077804708663,1.1252492505359697,1.0782082178728045,1.1589599238606598,1.1376119553657749,1.0279312083743948,1.0595167564477095,1.2829446670703051,1.2625751387836521,1.1423913995265038,1.1194486709407012
341,1.0720843035618692,1.0571815483621851,1.1045898001471735,1.0438131374657909,0.6592870690522814,0.6142143132540726,0.9840226700500897,0.9959319611661470,0.9196722078512330,0.9169120281734759,0.8853030919308194,0.7964472614337995,0.6187118059968398,0.5500624239589669,0.4911741367523930,0.5056431163758532,1.3650242186183128,1.3884136143970756,1.1256002303468624,1.0813256868078434,1.1592112674946395,1.1368726259116873,1.0268493879685379,1.0591782722269711,1.2845911261541221,1.2631060408032557,1.1459259610372738,1.1216640777035447
342,1.0690481913668404,1.0549179439206648,1.1012740269068133,1.0422950297390141,0.6620641014054938,0.6137991587534688,0.9796198704721655,0.9932074207004945,0.9025883330715202,0.8999258347155541,0.8685018123315248,0.7864924564888124,0.6137503097288504,0.5428656424909770,0.4873881635352180,0.4980314187862495,1.3720099701661572,1.3838122646105053,1.1266318982758501,1.0849890561400970,1.1583448533364196,1.1351714425440482,1.0306225970318394,1.0596441429823960,1.2872098990224043,1.2644043020520994,1.1458981059171862,1.1229063406448827
343,1.0644252166100876,1.0522889894912471,1.0980924629373054,1.0395832896409627,0.6651376719937100,0.6130417394737414,0.9744075733029229,0.9907608483222720,0.8832564095437753,0.8851251648998802,0.8550914998631266,0.7768683258350196,0.6142374131492701,0.5330149375217088,0.4865840949376656,0.4887828261729186,1.3674085769310500,1.3870521390646569,1.1279720030083495,1.0900154597974723,1.1575126097628794,1.1362840648413666,1.0319476076563940,1.0601828060433560,1.2879601106733625,1.2665985167941285,1.1465529544676125,1.1232075383095903
344,1.0605731330855765,1.0501935687442137,1.0935710682132791,1.0364750788904726,0.6671564825996970,0.6129645282272724,0.9674724917955853,0.9873980387428195,0.8660024734394635,0.8684300272131161,0.8400774629354288,0.7683041131564241,0.6118297305283382,0.5310318505595563,0.4793006036055766,0.4785162640174688,1.3698467177621199,1.3843364690165703,1.1251987307147049,1.0901939932607123,1.1574594555200439,1.1335194403069428,1.0324364952094465,1.0607658724106923,1.2881386633689271,1.2660970592555214,1.1478340367632842,1.1241349773016724
345,1.0556585397093523,1.0478690373794077,1.0899182638264533,1.0329093256149704,0.6677426277898215,0.6130765997753188,0.9622758063656037,0.9846989283286438,0.8458089058670839,0.8531172183423107,0.8250634260077311,0.7588006849055008,0.6087053100173604,0.5231465789593058,0.4703260442364827,0.4700983345505070,1.3593531508519276,1.3964659765235736,1.1264564083704036,1.1006210341811009,1.1593115012097011,1.1345328940951525,1.0348050927260937,1.0643203206899727,1.2900043212903884,1.2682098509939779,1.1488056739976176,1.1232824828746071
346,1.0494983120672650,1.0441647650643595,1.0858170898905635,1.0296360222008163,0.6695055837601190,0.6132079741349825,0.9554797849802033,0.9814672975295817,0.8292311659820107,0.8385138113894420,0.8106673585704220,0.7509129086096528,0.6108276892063320,0.5202219670299592,0.4668717943869078,0.4653830996314122,1.3576261344299199,1.3801355531512995,1.1290382371308343,1.0942418962060987,1.1594990597522781,1.1348247558861881,1.0371298157187490,1.0588871030048306,1.2904549128083014,1.2696213833584926,1.1494630548316884,1.1234519597886790
347,1.0448880632709774,1.0405918664276459,1.0804811403971892,1.0241050455785985,0.6698705307139704,0.6118876042000297,0.9480329853526394,0.9797143864564949,0.8130356591693696,0.8233230821771272,0.7983439233511802,0.7424436233416473,0.6142930821116037,0.5229641584969119,0.4616976309901020,0.4580618626844931,1.3547099267692286,1.3808636148263898,1.1315828407598065,1.1075872725832965,1.1580494676155189,1.1308612405140017,1.0382141432402625,1.0600685221236659,1.2923153447972096,1.2695772166369976,1.1503718914316421,1.1236157590841891
348,1.0395459639008240,1.0366309817586197,1.0768791043113226,1.0200479864664174,0.6698892150336556,0.6121085781777973,0.9426035693651539,0.9759162446096814,0.7975770847633239,0.8099211177169657,0.7846032781006469,0.7333368785084875,0.6108555236874988,0.5205573852995220,0.4571003777978180,0.4528390002870618,1.3451963968597604,1.3806451963238628,1.1280304996434984,1.1085486066161279,1.1595195621030860,1.1305056851276847,1.0409017712242221,1.0589904680786906,1.2932144955259313,1.2694783673079373,1.1495610542087245,1.1229489227840967
349,1.0328894238005979,1.0315685467786593,1.0712586512699998,1.0144326015650329,0.6705850552619320,0.6119394624998969,0.9350743744470450,0.9737466331881374,0.7818431729745943,0.7991029245654702,0.7716798506852822,0.7249933249101377,0.6077937307591463,0.5303727830825204,0.4604608797391581,0.4455883425617296,1.3537776964514667,1.3750900857429242,1.1258980313985290,1.1155697783916281,1.1617824141552298,1.1298115055639231,1.0418525948370176,1.0568066989126366,1.2936383767219062,1.2710341175385584,1.1507469226393690,1.1214704709105847
350,1.0276422298983199,1.0270673587691055,1.0654416595586276,1.0092983438548986,0.6707004761399874,0.6127297253695403,0.9284732106961262,0.9721437845970327,0.7669927702579478,0.7856533192629709,0.7600148338685273,0.7161449586581204,0.6124281718734254,0.5380050198478376,0.4677371596936907,0.4411608536998737,1.3589169148698979,1.3785556593163537,1.1304341795605213,1.1174203464048285,1.1602743523513515,1.1283094654625432,1.0407055894240871,1.0570083335989688,1.2935901820105828,1.2681930255762655,1.1510325642344506,1.1200766155536444
351,1.0215650445406235,1.0226658116653422,1.0611773736062899,1.0042410466345923,0.6717455926023792,0.6130584493703654,0.9228628141757245,0.9702148774251110,0.7535222937180470,0.7747904628217835,0.7471580722527318,0.7087368486820087,0.6129152752938450,0.5485147922941416,0.4747934926327492,0.4412178599942324,1.3581699354486143,1.3914641928157037,1.1356137907091504,1.1274697203837474,1.1569074107408799,1.1277958854600854,1.0435029037180263,1.0564318185391306,1.2936081824449326,1.2698311001721221,1.1500994177115111,1.1180684418683093
352,1.0148642871201372,1.0173545917486315,1.0548650139682332,0.9988389167679261,0.6721126490761951,0.6143335873437672,0.9175478842761541,0.9686125323993821,0.7392306639250829,0.7601155946054081,0.7352451185858936,0.7011307113261894,0.6188092266809238,0.5555762295480973,0.4796755952385158,0.4407862409083740,1.3538255031344288,1.3820285135065342,1.1346964571124989,1.1335158247830903,1.1593851578033447,1.1289496264075221,1.0432741294143544,1.0552831559577862,1.2929918127332516,1.2676227640973703,1.1487788317909877,1.1159228698137769
353,1.0093576130409183,1.0112460330337816,1.0477117100974587,0.9926331704316642,0.6729947297813337,0.6154511337059059,0.9107492609342100,0.9663155189377659,0.7258719419699187,0.7485753449372298,0.7235905885241271,0.6945888925540052,0.6254825435406739,0.5626200132089180,0.4815938216685511,0.4399067152239833,1.3639067374040725,1.3894838650594581,1.1373899612673044,1.1294953885243564,1.1592682184691063,1.1234373085475469,1.0479404984303478,1.0547015454365607,1.2908944718019355,1.2648633955925377,1.1474078534259418,1.1142581920514352
354,1.0037208753318614,1.0062756230942005,1.0410520148558107,0.9877176294684292,0.6729486217021104,0.6171350879432611,0.9055106550932496,0.9648111173776260,0.7129391831420833,0.7392965465037753,0.7124244416232494,0.6870625948084172,0.6325664189976350,0.5689753067374781,0.4914049008342018,0.4415327519059279,1.3588213015039736,1.3835865654912274,1.1437235514911415,1.1263195528801813,1.1557228304719727,1.1229511409785011,1.0463077393589357,1.0540908179931208,1.2902374559481746,1.2645968929941289,1.1450892945211839,1.1122125460835919
355,0.9962403832150816,1.0005719745570207,1.0345232616181215,0.9818946995041526,0.6746603464732712,0.6187406785274836,0.8992176786395970,0.9620661825142545,0.7001368046631071,0.7279170846784871,0.7005991272659572,0.6789962795416581,0.6294141640054902,0.5750304891827451,0.4924397335135630,0.4442093331553392,1.3683766622610336,1.3868774042626351,1.1388018573247594,1.1337630249629611,1.1571124342489600,1.1210177581749001,1.0487578181344250,1.0516697459110225,1.2877557186446185,1.2610187876452557,1.1424904118169974,1.1076301401423028
356,0.9904712092394894,0.9937872962351523,1.0284262902668069,0.9758694379295207,0.6752684909430252,0.6205148085862745,0.8929125597220746,0.9578397583153409,0.6872251010468888,0.7160031521532214,0.6896606927591138,0.6721778510962315,0.6373748256192069,0.5854225710081499,0.4961716213990640,0.4429090467268726,1.3725956020324435,1.3891343954554149,1.1379509971771407,1.1332720579390507,1.1553530288111020,1.1196060178541722,1.0506400352136767,1.0494546760535883,1.2855564720285166,1.2566039182190785,1.1399814251821851,1.1037355776897848
357,0.9830961916085983,0.9892617797666476,1.0218620997497352,0.9698613062703667,0.6755571938181610,0.6227957094754346,0.8875938714408301,0.9527177430956043,0.6735076306784039,0.7028885215234100,0.6786226340798803,0.6686171302115831,0.6453772389546737,0.5863699805063889,0.4962148896644032,0.4429226196541008,1.3716514200439411,1.3918719073537542,1.1331064122116363,1.1467822344361627,1.1528426298566099,1.1194778244155681,1.0508017441735324,1.0455333545544110,1.2805877714888512,1.2542522656398836,1.1357866973253354,1.0994484079137132
358,0.9749323801231163,0.9837627018364724,1.0140576044542831,0.9646644871297910,0.6766875951591160,0.6255326753017605,0.8819305684707102,0.9478235912084078,0.6617742090969070,0.6934563791286807,0.6685890567177515,0.6624242168226934,0.6472978181551858,0.5906244964518972,0.4987929571408604,0.4486531095298689,1.3618271466952190,1.3799535377325269,1.1256773395477404,1.1363963935457526,1.1509647663918612,1.1172928922230081,1.0504990099579885,1.0401212466378740,1.2785842070139048,1.2499449587055105,1.1324093906288788,1.0946706918938958
359,0.9684516308327047,0.9759219568443173,1.0059392002088414,0.9575252845298038,0.6776151812234880,0.6285623524206702,0.8757500543609943,0.9426731245449396,0.6482065546572355,0.6818230809403113,0.6583307631772994,0.6566311301433088,0.6495384938891166,0.5918955551576092,0.5025536905365876,0.4488485596819557,1.3651795903379398,1.3772378676844406,1.1287803201485873,1.1308549895136464,1.1463729991571925,1.1132681019996651,1.0521537062913964,1.0382970714611635,1.2743793636157528,1.2447633309578685,1.1270366444206821,1.0899707592483758
360,0.9609879628670481,0.9703742219962401,0.9991284567054293,0.9520541384819364,0.6779569234577303,0.6313168924486176,0.8705912418540352,0.9364800257709209,0.6380093537079492,0.6714611977318327,0.6479496247926974,0.6502370460829699,0.6535884108988919,0.6018345280925518,0.5092927228631591,0.4480884757571736,1.3636139214709293,1.3721705584258124,1.1284585886552692,1.1287434879772489,1.1484923347536800,1.1130504150284506,1.0497619179549249,1.0359939229140320,1.2705054959459645,1.2398812557362846,1.1226167965478506,1.0844566561010831
361,0.9541752601333181,0.9640008004065507,0.9917213113298595,0.9472972354316059,0.6789137414416098,0.6343327406875626,0.8649585841498724,0.9313622908568785,0.6258515886307863,0.6606511928501140,0.6385220320581133,0.6448142391707212,0.6617230380199013,0.6017344910647875,0.5072446916371063,0.4527521335528009,1.3700200169878576,1.3681443773625634,1.1175516251379813,1.1359019931860108,1.1427372489472380,1.1126247160625200,1.0486688155286130,1.0284497283683711,1.2658422221310699,1.2348856089451421,1.1178312869167764,1.0779290980404959
362,0.9460369005687664,0.9579222820497098,0.9840173473234350,0.9408295751702828,0.6805190861345627,0.6365401756519109,0.8590567684965961,0.9250551345252459,0.6154527435394754,0.6516820598918555,0.6294524871009908,0.6408480336514333,0.6598581277817229,0.6065421529285223,0.5089429710516677,0.4561915133124400,1.3668946550892069,1.3592037799924555,1.1227578256662236,1.1271847535097295,1.1440569928622133,1.1056022956207496,1.0491257373570426,1.0249360437801902,1.2615880227032494,1.2273075609890347,1.1132453212368763,1.0725214502412383
363,0.9394334212528523,0.9530307809378565,0.9771312053532520,0.9348926940291312,0.6820653642685109,0.6402175053158290,0.8552538644550953,0.9188461734418902,0.6041914445876985,0.6438875714524891,0.6208376178780087,0.6354774053820916,0.6671785963286022,0.6144450781219076,0.5111172013849596,0.4568240117212765,1.3644983451057291,1.3701829500528162,1.1132255330749323,1.1263607529101598,1.1429574593818428,1.1049581034355631,1.0485936020589126,1.0183061205920505,1.2544343016972102,1.2205245140198380,1.1075535072894926,1.0666402890539204
364,0.9317102731102550,0.9458900609080368,0.9697230546647919,0.9299225359440825,0.6841583094332488,0.6426669456795576,0.8501228061512672,0.9130010383425350,0.5944987589013890,0.6366327644302311,0.6137208565105143,0.6308071025127321,0.6691200513899893,0.6136683200239725,0.5123323185032339,0.4591178364228511,1.3630282896046431,1.3470888337189539,1.1133026422758103,1.1244140514936765,1.1414486382316382,1.0998352033796492,1.0461034094329165,1.0118064956308188,1.2483344770893821,1.2157758403244023,1.1004651389122553,1.0596616441985922
365,0.9247653498042351,0.9391887340020524,0.9614913013909715,0.9228332335326613,0.6859381415632620,0.6456776080885160,0.8458365164052363,0.9073298850805113,0.5852717173181482,0.6279479877496765,0.6043007543152077,0.6257929235268642,0.6686677410710282,0.6199765373041729,0.5152889833014086,0.4644791426780107,1.3598969518706221,1.3322509367806150,1.1057805067832684,1.1221137164865442,1.1398623637561589,1.0957773569866032,1.0458602192142186,1.0056766555817054,1.2416240893615984,1.2072564703380639,1.0955545344691506,1.0533237185979714
366,0.9173931361985311,0.9331408906586712,0.9547079526638194,0.9175184910608970,0.6881145634465936,0.6483071119934503,0.8422420579935000,0.9009323387639264,0.5771257798698579,0.6206648939772804,0.5985742370376059,0.6213577388797606,0.6740189200753535,0.6219713933284154,0.5112938801350945,0.4667783965504765,1.3554987370381042,1.3353451988997485,1.0976282029938964,1.1239436844847552,1.1372502123939530,1.0958370193416769,1.0448185126588685,0.9997702879105849,1.2358189492838485,1.2002871419584800,1.0890528962123069,1.0467768566342737
367,0.9095619252391031,0.9255525269841547,0.9475566594188254,0.9113187029561057,0.6908014891613240,0.6511319488278844,0.8380757473547539,0.8967368838356232,0.5677772659119035,0.6112081867732208,0.5921668297396850,0.6169954786010574,0.6799615818044741,0.6268614386267797,0.5173658600376875,0.4679076640958671,1.3566879282767876,1.3234486711287741,1.0925655851155651,1.1262852195218660,1.1346555259972499,1.0937028807757334,1.0405896353249657,0.9919596735266654,1.2282189917036905,1.1935025927198448,1.0815142878031061,1.0377991222833094
368,0.9032405739958729,0.9182687979260670,0.9394842482381141,0.9050064532323071,0.6928010127276359,0.6535592053633364,0.8335318639109142,0.8927186839195943,0.5576893900998594,0.6017418025230611,0.5866140929733199,0.6128010701013444,0.6820282920311120,0.6331284641896654,0.5127577897790688,0.4690450753975946,1.3540047781955369,1.3116759138425649,1.0974420773366049,1.1234424174533504,1.1319461783052873,1.0905278759881685,1.0379634316745947,0.9849461348883556,1.2200200841870288,1.1837294286600453,1.0757791718054042,1.0315162695827389
369,0.8960506220273385,0.9111627723942294,0.9315621313344993,0.8984856654070379,0.6945814475776390,0.6573702142002457,0.8301811220954213,0.8870941104548302,0.5488494404840391,0.5937105986483288,0.5803535002452368,0.6073248272294921,0.6835939815967468,0.6309982639513887,0.5119933837580772,0.4755465075399273,1.3402125501609561,1.2975296754955616,1.0896965910553131,1.1168057792909827,1.1293719942593923,1.0865885480572279,1.0325618509922805,0.9777083959489975,1.2132109843999086,1.1765269480635896,1.0682539844995182,1.0238855502355793
370,0.8885455407666092,0.9049004155084462,0.9249579796300392,0.8915378709930433,0.6969209052182237,0.6600711673183304,0.8268448355940591,0.8831816592677149,0.5394823007619619,0.5853198552915779,0.5752389600266017,0.6026029743755736,0.6857859469886356,0.6345819433577712,0.5125522655187078,0.4786357057770774,1.3456625120186414,1.2775735049813384,1.0845861122936780,1.1211249157670606,1.1296666206339667,1.0860798055430194,1.0304922270176922,0.9713405250607843,1.2051865649646034,1.1681863481404455,1.0594699989940308,1.0152288852142890
371,0.8806770147027665,0.8968350024866747,0.9168569170319549,0.8842169423332030,0.6992012962998034,0.6631365690438152,0.8227427065500531,0.8784660213062320,0.5307954063382806,0.5773950989239441,0.5720225224608696,0.5981363568110561,0.6947416913040667,0.6395955638080798,0.5109152828133769,0.4818606332865101,1.3327547076188604,1.2718946239156346,1.0830226567724286,1.1193945145079642,1.1264128216261025,1.0836594489223310,1.0267315535326740,0.9673769840243964,1.1955084282058241,1.1583431783248070,1.0512271625033387,1.0085801099974057
372,0.8733921572663569,0.8896064884528148,0.9088189378177356,0.8775193936409731,0.7012086552259833,0.6660158570931100,0.8193873390340384,0.8738218896281097,0.5235524135420276,0.5698968769728663,0.5664106104342127,0.5936464788876524,0.6945398913156071,0.6389364963310439,0.5118635789620598,0.4837445555857915,1.3208747469027657,1.2457208066961407,1.0803903081907331,1.1166993458802050,1.1232668497965619,1.0830184817293107,1.0211507140809071,0.9622189212541771,1.1878257266935752,1.1506296256653372,1.0436016967651369,1.0006615353891590
373,0.8646891101679471,0.8829954941726741,0.9027086460706247,0.8709050119296867,0.7028947643975756,0.6676355646589630,0.8160588584023067,0.8687653379072244,0.5168309421412116,0.5612299656081884,0.5610728521451100,0.5909765668825144,0.6907474432566251,0.6436617747601492,0.5103852465629725,0.4851099920649536,1.3124368673599460,1.2427939987622778,1.0652157492455454,1.1095305406639484,1.1230792912539849,1.0810867114217928,1.0146836092445044,0.9540319706506409,1.1792258740182548,1.1424846212230997,1.0357349043956294,0.9914984267921494
374,0.8573649963789164,0.8750227408467330,0.8945588257973619,0.8630458563603368,0.7046046810087668,0.6701820952841097,0.8117641845740801,0.8647864160905062,0.5080104281053454,0.5545639696216995,0.5563305917285637,0.5877829824732606,0.6924035948860521,0.6459449728055949,0.5098912672003506,0.4903790024149611,1.3031384675238076,1.2260194577681989,1.0612193654896986,1.1117313089319658,1.1175596028086721,1.0741763594577955,1.0112049862708625,0.9497335850087915,1.1688184293387300,1.1313525042291368,1.0268597566789457,0.9843298655959264
375,0.8491998907279634,0.8675264022125960,0.8879777962893782,0.8561501964717098,0.7055313629931540,0.6719697661211993,0.8078626952902080,0.8593690597778753,0.5017748462033834,0.5453149467147063,0.5515224145663759,0.5829592869669211,0.6946581878605662,0.6400957489469016,0.5070608015094150,0.4900966855286134,1.2909119083562373,1.2123537401267552,1.0571565082848191,1.1186632139758461,1.1163894501199629,1.0742779467110291,1.0057056280779377,0.9420539967748351,1.1590122572323995,1.1228715923404269,1.0180279110125801,0.9758597103443937
376,0.8413289920274238,0.8598648416094097,0.8794856669769757,0.8482662149378990,0.7068251014513570,0.6735430893188378,0.8042179323852970,0.8550915236933201,0.4957538654967488,0.5380191983435642,0.5491067156494019,0.5794161685160245,0.6891678364504068,0.6441854980231509,0.5048829654873448,0.4923905102301880,1.2821573095387935,1.2044324291017736,1.0542635837829155,1.1010708011750328,1.1122692369538785,1.0729057125443364,1.0002770959023142,0.9343380123881113,1.1505317300170421,1.1139060483308223,1.0094447356000888,0.9673381726448760
377,0.8335700386401280,0.8519253019187321,0.8699547981206933,0.8399698741343946,0.7080106516713828,0.6749230962986378,0.7990498684772943,0.8505773118821488,0.4919031912183294,0.5303259466941658,0.5443105233500581,0.5759095122493281,0.6926749810774288,0.6454859793840878,0.5059250095442624,0.4987779297838034,1.2606622297119361,1.1964747149930373,1.0430721139037678,1.1099528409712278,1.1089683584737884,1.0701814004119894,0.9942318132751475,0.9296443645272060,1.1400093148213488,1.1031068342444545,1.0013140792748412,0.9589898023114954
378,0.8246049230338354,0.8450348476883813,0.8620640972448997,0.8320357441523731,0.7082420961474833,0.6760481333040906,0.7959338809632838,0.8467008656194017,0.4875180384911705,0.5218190787842165,0.5411742345545946,0.5726027693373841,0.6940249534140206,0.6403840909681048,0.5019407234442831,0.5028552371231703,1.2620306960117276,1.1916403854704380,1.0326942790407805,1.1103373745843603,1.1051275847557540,1.0710344108399334,0.9878493235921576,0.9250053108954521,1.1310108396240606,1.0947839611006860,0.9926083413339637,0.9502672769148873
379,0.8148188751304214,0.8375962627002755,0.8528403514765972,0.8239469484117609,0.7088469256572931,0.6756934801533320,0.7913885519880310,0.8422370103458083,0.4834608611757381,0.5148508612041470,0.5372506900810723,0.5667996241244270,0.6939901603125620,0.6394249124077759,0.5061413508709582,0.5051056284576144,1.2280222169195270,1.1771519581361425,1.0276874988596365,1.1126411429273240,1.1053265334932243,1.0710698857537611,0.9817733287981967,0.9200699925801703,1.1213951237263324,1.0837176435081339,0.9835792307717041,0.9408810379083962
380,0.8060440018483697,0.8300125531657322,0.8432039247668356,0.8151650117434036,0.7092007222913324,0.6769037952518998,0.7866000846291001,0.8383970725728053,0.4803074383281745,0.5069246160601902,0.5333076702054287,0.5624298199455443,0.6999119461808075,0.6450269859625807,0.5070896470196411,0.5104805076400022,1.2074713190811721,1.1676361920427132,1.0105160775055060,1.1170495461350221,1.1043765912391197,1.0711940479521573,0.9779042225610272,0.9156791607102912,1.1106747037527933,1.0751342768437111,0.9748719734606400,0.9338246096787701
381,0.7970437280801140,0.8235014113431988,0.8353677621153396,0.8074612667115781,0.7089861539749475,0.6765373299328381,0.7825005575416377,0.8343204590731860,0.4776933528243390,0.5021099134314230,0.5292942392605771,0.5581725456110036,0.7005173461461863,0.6454624412599079,0.5043853804359446,0.5125897405312726,1.1896932088546219,1.1598095290354931,1.0094817506385569,1.1155526117124703,1.1031084828743278,1.0694388459657356,0.9718244670935813,0.9118430062085898,1.1002759689608570,1.0652911070280726,0.9653594499506758,0.9263088621074885
382,0.7884023695358232,0.8156316837521194,0.8273611989289414,0.7984216365321178,0.7091615454919924,0.6753705181858256,0.7779480009093196,0.8304037275803765,0.4757344083281252,0.4952875959310131,0.5257587047216261,0.5522499553118736,0.7037948563035819,0.6501524125027435,0.5046341729616447,0.5149297131854232,1.1761340383994818,1.1554120365179481,0.9971947983193501,1.1162118121921263,1.1026095923379995,1.0700669131900913,0.9681709728028862,0.9085789992283946,1.0906434139471244,1.0565124453366308,0.9566797945313351,0.9176672427753872
383,0.7787077759923617,0.8071954203952091,0.8184390470277224,0.7904765831257335,0.7085588255021471,0.6734825879689926,0.7714272087049674,0.8271449042510224,0.4736580405363550,0.4908823067910866,0.5211722475220505,0.5469830556699978,0.7100158628443709,0.6533006366117987,0.5069850820450715,0.5202122964626589,1.1560671832261187,1.1471630977391758,0.9923076703464651,1.1170770128216745,1.1017932950373102,1.0700596569577177,0.9625299625753591,0.9042019978965672,1.0813917713505963,1.0467678243961649,0.9472766656748064,0.9098928796786122
384,0.7687105634229252,0.8008903300423992,0.8107604671717775,0.7830772044181973,0.7060701946640757,0.6704091193968618,0.7653594460454709,0.8229333352306943,0.4720481266634849,0.4894888121527051,0.5179086195588706,0.5415646493661870,0.7173502486318336,0.6590733615669074,0.5088023491893154,0.5256414673539597,1.1418088400326569,1.1403848435440858,0.9887739417958860,1.1122394426350339,1.1002001864448949,1.0696105767985826,0.9589679780061326,0.9016149593578486,1.0709735844763790,1.0381865609089560,0.9386319557697577,0.9029571008434261
385,0.7595273809347646,0.7930709517837573,0.8025945618922703,0.7754067261787493,0.7032862310309802,0.6655116791777341,0.7563630367430975,0.8197412343136309,0.4703305072850353,0.4885672596087326,0.5140734634488221,0.5354804938715495,0.7189228968177601,0.6579258780131397,0.5155197473832174,0.5306770233556412,1.1185508887715703,1.1419064924450242,0.9852348953693842,1.1114360420504534,1.0993930013001201,1.0679666370418925,0.9543059964425386,0.8981886255363100,1.0606189797815579,1.0307380085784565,0.9298087198677828,0.8952627921683735
386,0.7500849339639081,0.7856691768118034,0.7940747864753852,0.7673174339188479,0.6990424795824792,0.6608216721580755,0.7467453380393871,0.8169270592110897,0.4689594890824351,0.4875638243669920,0.5109798707272399,0.5300985497519388,0.7301471513482889,0.6641105201413958,0.5164031411338915,0.5341625510678563,1.1089118663193265,1.1285684025573712,0.9857108452644585,1.1065160718038558,1.0989222065778621,1.0673603385146582,0.9515663458087029,0.8970210369555265,1.0503584418726928,1.0214164267119024,0.9218183520564316,0.8886449599726524
387,0.7411987624513481,0.7790165068237208,0.7867737016097398,0.7588612139042160,0.6923417400953737,0.6544566420527054,0.7362869182658361,0.8132278679606169,0.4688914645525956,0.4866311060005967,0.5064136379837134,0.5245694995788310,0.7398544266552247,0.6746261771187448,0.5173622543489093,0.5374960619951149,1.1054638093106812,1.1175601100300068,0.9828870531495488,1.1054620377035729,1.0966259432873646,1.0662630349301290,0.9467746210098756,0.8927299305442306,1.0412008660621208,1.0153634826898683,0.9127299860568944,0.8817412596823408
388,0.7320446986862855,0.7703284968046227,0.7786864620638968,0.7509285734800621,0.6850509377382098,0.6490028775166689,0.7256058866546726,0.8102905711236976,0.4692437344392648,0.4858122790229151,0.5035709783279255,0.5199677204694337,0.7425404540878250,0.6993235539144548,0.5201206062642796,0.5430609621586983,1.0832277258979106,1.1245640633443750,0.9852694615628813,1.1058912046825156,1.0956266435220556,1.0648134009514489,0.9429487625177839,0.8905374263015124,1.0315328908388615,1.0067789142098946,0.9035773000527909,0.8731073051352980
389,0.7236744678081748,0.7620735333548510,0.7684335272241720,0.7423226528997318,0.6771767024308755,0.6428830219290044,0.7140763281040379,0.8069803841260140,0.4693433417865299,0.4868603775543475,0.5008399277073714,0.5138835649747961,0.7616905771306117,0.7244858086627168,0.5266793541519380,0.5511287101031712,1.0873630039741367,1.1162932827153498,0.9844850748642953,1.1144093108805675,1.0959083610090841,1.0617488521455740,0.9390796562806144,0.8904566268423684,1.0210848000172570,0.9977214313106474,0.8952982519059849,0.8660531479530968
390,0.7150324621811484,0.7546104083559774,0.7598295568527260,0.7333118208390461,0.6684670972176155,0.6369296891042470,0.7033259109850470,0.8045081299136269,0.4707475624382185,0.4848363861431511,0.4955201467125346,0.5091535395623501,0.7767838245433314,0.7813421476191499,0.5337032358919922,0.5666371367541719,1.0718138803406969,1.1135557708170105,0.9831210396901440,1.1220622164490712,1.0911351100024482,1.0616448461482160,0.9354393243471169,0.8890415444227655,1.0114327929212432,0.9891068174419014,0.8860923879453503,0.8572457421589887
391,0.7057476877035121,0.7472147683867154,0.7500325314087425,0.7246564965894388,0.6623274900410562,0.6317380970842058,0.6933404690898521,0.8015685670325166,0.4716116359303476,0.4840979530869147,0.4936085610889323,0.5043134989389554,0.7878410721868592,0.8162962620262305,0.5434349899045211,0.5865106168017784,1.0626648763888151,1.1188269373446638,0.9848759387446077,1.1259762192970273,1.0923485454317521,1.0589406902169074,0.9322878799666717,0.8862324893521648,1.0028027459689495,0.9805913533561035,0.8771987545580628,0.8481357192955327
392,0.6982527440723058,0.7386153985789254,0.7395144452942068,0.7163760444031894,0.6551174521625314,0.6250936083628846,0.6820644567490696,0.7984426849623681,0.4739398564456905,0.4828496141400312,0.4901711526145158,0.5006578506437169,0.8135670914053122,0.8366332013176228,0.5567940668279814,0.6061506425010591,1.0520876477834391,1.1105561567156388,0.9845329357475988,1.1276036204811775,1.0888084728589018,1.0561978343796052,0.9297456646907994,0.8845699130937424,0.9909811058746349,0.9690301882104744,0.8687535886041881,0.8395048874386989
393,0.6903451773500872,0.7314243292166682,0.7296925383561889,0.7078967362416090,0.6479312217236055,0.6197579655098789,0.6723322719574443,0.7941266261265659,0.4749626538407785,0.4836617416242590,0.4866947933358565,0.4947182865691834,0.8357233384141178,0.8488024115186064,0.5645499033900228,0.6259236828871765,1.0374109961140585,1.1129806020936892,0.9870270195553063,1.1347861590407602,1.0854665896771958,1.0544603698500972,0.9276666390324986,0.8827683035317480,0.9793115984835333,0.9578442899706093,0.8588911034945760,0.8306052203429604
394,0.6815854026651974,0.7237168618692006,0.7194871045505297,0.6995403166041095,0.6417057269484931,0.6148262411925058,0.6626480788087328,0.7908647814049572,0.4765094020787977,0.4844694027795175,0.4836933342473869,0.4910789833910003,0.8668562055992298,0.8488906794842809,0.5768813590116785,0.6457645879094353,1.0285667597660606,1.1111240448222091,0.9837565258628967,1.1431806651488767,1.0834292634839402,1.0517433139501238,0.9229219226522342,0.8802453222219003,0.9685673714839190,0.9494225674977804,0.8493899752610113,0.8209893216656412
395,0.6741204405340698,0.7165820652902558,0.7086292226790800,0.6912692982843551,0.6353684276152645,0.6084989524053724,0.6518947706269158,0.7870746966041562,0.4792554875631552,0.4846688988068072,0.4769982902412124,0.4892307278470620,0.8869596596219810,0.8507972675428489,0.5852501626660244,0.6576056096233622,1.0290806816079037,1.0972399086782385,0.9863011294918690,1.1461951340089691,1.0822803724923653,1.0482982160686445,0.9196200513323882,0.8765212678707230,0.9574883944713192,0.9389304172846639,0.8394477232166025,0.8152200095639923
396,0.6673034239154364,0.7087229152900247,0.6993707936160629,0.6823612457165371,0.6291676443597357,0.6040855229850056,0.6427462914198876,0.7820521355461360,0.4822890576676681,0.4868306020278863,0.4733571390984495,0.4923878500721157,0.9796623991481459,0.8512680300264459,0.6821602599593696,0.6604532097558495,1.0227104411031971,1.1032536981144838,0.9877210023632078,1.1499409034011798,1.0763521557235447,1.0455198853175147,0.9169562409471671,0.8736583464940263,0.9480288758910118,0.9324192810838550,0.8303623959574385,0.8097274813672347
397,0.6583756234135583,0.7011533797272179,0.6881974948252885,0.6736239957842093,0.6239960054868678,0.5992514651323825,0.6322190643510746,0.7792218463515698,0.4843476095111470,0.4889483863474353,0.4673025362004959,0.4994200223559569,0.9754593924919528,0.8532981932369582,0.6832167267714003,0.6664117248090521,1.0163342247631200,1.1094130998857472,0.9884468924266450,1.1546754735128741,1.0717770941080529,1.0398447053531494,0.9151461034430450,0.8706935158895804,0.9382784470652478,0.9260391427780925,0.8222846643603575,0.8036004792961876
398,0.6506742603897232,0.6930778122182321,0.6783650321019226,0.6660356914871264,0.6183397797421644,0.5947178973173233,0.6219372885162006,0.7751900501703948,0.4876338421550641,0.4909880099100237,0.4621003566723149,0.5101109862267780,0.9787369026493484,0.8662382770048319,0.6837900312871439,0.6736488096071561,1.0026495617652043,1.1006690791679135,0.9900555498932366,1.1642819471695245,1.0693319989376158,1.0367567753540701,0.9110582513648303,0.8670167765370009,0.9305205501901513,0.9180098130826277,0.8158321524062141,0.7984346980476660
399,0.6435097603421192,0.6860648694858589,0.6688723651354707,0.6591946487203131,0.6125271481600961,0.5900281783993305,0.6130721334661338,0.7689299772013976,0.4931997063644387,0.4945260868417693,0.4565326388273949,0.5241495558021811,0.9723280133606832,0.8743236226606111,0.6834438851644308,0.6809401861141731,1.0006237535746829,1.0928424161606933,0.9933473150893367,1.1640656470121373,1.0641874275774570,1.0331681653211975,0.9061292619837999,0.8632461351102813,0.9224752270246337,0.9137316501753637,0.8099795384474149,0.7924927863417360
400,0.6353176929105198,0.6789945962110884,0.6601525324534201,0.6525162160207180,0.6071909667300005,0.5856326112822513,0.6033098816211167,0.7622884534602477,0.4981881718860082,0.4986849835002298,0.4530398003623253,0.5347669666462536,0.9808105714962780,0.8710047471512520,0.6835484501390003,0.6906936916203950,0.9901301866644907,1.0991692721172275,0.9875933733410650,1.1709391853468816,1.0621501013842016,1.0295884240167816,0.9015355993218503,0.8570857222928431,0.9159149396929590,0.9052979095470259,0.8047726568179224,0.7847681024073774
401,0.6294385148698903,0.6722264189309431,0.6508300146936479,0.6456006953605223,0.6028076856038503,0.5815032501044904,0.5950067491844508,0.7556104212293538,0.5052003671703054,0.5089128768396332,0.4496638143099838,0.5458803889271177,0.9810819576876547,0.8772658881830927,0.6822467964900478,0.6993966525591501,0.9881282818154506,1.0987615575791769,0.9890345177160942,1.1742180210660027,1.0558376553743123,1.0219895362253137,0.8958933355364948,0.8555206877238378,0.9083829192359915,0.8976907175638097,0.7991393386227231,0.7793124787312721
402,0.6225893598087264,0.6664362457006248,0.6425065266185895,0.6406950847830717,0.5978861755267683,0.5794666594280382,0.5871676323313801,0.7473804005103090,0.5144508934126575,0.5233607066667424,0.4478593433980488,0.5541302724315740,0.9821605438328699,0.8889349132452544,0.6853765343495791,0.7048719714030269,0.9883912185717425,1.1081317113375884,0.9911350787055280,1.1746128546866297,1.0510902221427678,1.0188677438084899,0.8944617724965312,0.8500641765009244,0.9014257513598665,0.8912739238837452,0.7930302043307522,0.7730412651487534
403,0.6150519244112214,0.6601413098350292,0.6344047100358375,0.6362122603803881,0.5937017919972671,0.5785075689821605,0.5805066235799602,0.7394510083206042,0.5282112840202078,0.5419346800732048,0.4483589623678539,0.5615044348568787,0.9742903442829455,0.8963435378308630,0.6827335644751131,0.7126682608029349,0.9926101583431524,1.1115099175100069,0.9930388782858248,1.1793268247833348,1.0467847284730851,1.0132030450686644,0.8882579148040797,0.8450385957267790,0.8924981165816316,0.8836126502007390,0.7861646769142169,0.7664120777159085
404,0.6087409264917594,0.6551209736666446,0.6257499713634325,0.6323327069141016,0.5903093825344227,0.5802655653476594,0.5730508616576353,0.7295509130327881,0.5478428394055794,0.5630931691764945,0.4569633448358476,0.5700101823090843,0.9850831643553882,0.8950724791251510,0.6874353826419667,0.7235510338545473,0.9853136633560540,1.1248771298646636,0.9900608677691592,1.1885933981926626,1.0405041750088972,1.0063080118174565,0.8820390144176881,0.8391962852845294,0.8841720447061772,0.8754159676898134,0.7798428307961214,0.7600786942101373
405,0.6017168433977617,0.6516178871295295,0.6173794849107537,0.6289757399997146,0.5886103148830487,0.5836666055139516,0.5697038782238163,0.7199335697034719,0.5684234989453796,0.5852871022124707,0.4612801426214354,0.5770165796006461,0.9809288680412371,0.9102016084417509,0.6820160324082390,0.7318332340492266,0.9857439235027133,1.1264279012326059,0.9882501310175081,1.1905847329749562,1.0330079080764267,0.9999838021796555,0.8783704774330530,0.8331901921548257,0.8755925151018968,0.8682291106955192,0.7735898627931520,0.7531784004909629
406,0.5938075511215817,0.6480667783299634,0.6095204513910039,0.6254025389348741,0.5887377901609010,0.5880826278493118,0.5679284765422855,0.7115106834455036,0.5877853856588872,0.6035253565580837,0.4695474508219443,0.5849169290634597,0.9819865783255771,0.9151799217057897,0.6852972091964574,0.7446515065235878,0.9874291090771291,1.1289906783289234,0.9881118662435201,1.1917864005159953,1.0252048652281622,0.9921124025501487,0.8721672465195156,0.8270239559529449,0.8672496041104379,0.8597454947218197,0.7664857942573198,0.7450270435216794
407,0.5877605629582091,0.6438387037161108,0.6005631135386251,0.6217158832124479,0.5904052150128081,0.5928288146938266,0.5664407356119554,0.7018860384182387,0.6061293338722952,0.6206001322072274,0.4759443713648768,0.5941827244587339,0.9807061921919024,0.9231240386164898,0.6844642950886789,0.7591039594362304,0.9933451860936954,1.1387831078588870,0.9842324757579710,1.1952678030491772,1.0174010630335715,0.9817682401772537,0.8667431017962911,0.8182590344434597,0.8586265250682150,0.8506417419238634,0.7589094548218182,0.7373741814621285
408,0.5804515477663403,0.6407496240847953,0.5945980895041594,0.6186737095274235,0.5930059517689906,0.5976548056998038,0.5673771508613412,0.6919031066261070,0.6237703619440275,0.6335904500140636,0.4835435234618382,0.6019730587105988,0.9877622331676966,0.9333925452899504,0.6906805025424024,0.7683851270749091,0.9942594889053465,1.1380841686508005,0.9840968699219442,1.1966342707101305,1.0116064912181661,0.9707411857131786,0.8614906944955492,0.8117827030199991,0.8504432953492124,0.8398238996964570,0.7520806455181258,0.7305723944250027
409,0.5755306992570063,0.6367030609298983,0.5893772483367221,0.6156513966139678,0.5960948917169480,0.6012301473739831,0.5677700462994132,0.6819478709296430,0.6375315623674093,0.6453629487886389,0.4902228373355301,0.6113702437006631,0.9840463299319233,0.9368585340754336,0.6974772258894261,0.7861656617439192,0.9989983263539698,1.1347933298793926,0.9811906507302340,1.1955802366098476,1.0026864499240280,0.9599447181889824,0.8560433589525004,0.8011084393363276,0.8412203953817265,0.8314373303284915,0.7441290216465329,0.7222421924710201
410,0.5715662390307610,0.6339533104129937,0.5866603902507453,0.6125287868040906,0.5994514393403966,0.6060218542817146,0.5681583160369634,0.6722761425397428,0.6503096463714427,0.6540462366928704,0.4977043879658357,0.6203330257720669,0.9898080675334595,0.9469328512244104,0.7049157618389804,0.8071901260204816,1.0100715492950783,1.1266463197351329,0.9809034854304127,1.2007199403496636,0.9966405344746428,0.9502253980482772,0.8496677638375664,0.7924439712084810,0.8315959695964098,0.8191157163930398,0.7362903376254776,0.7148570301266616
411,0.5685016551953697,0.6305915404896109,0.5837831847587691,0.6102145103970564,0.6027404823249826,0.6093370401515600,0.5708718676055757,0.6622463791676636,0.6621661599593160,0.6649954421607950,0.5040039314981615,0.6274997309424398,0.9894740537594574,0.9533057983461054,0.7146727556729571,0.8239228307074706,1.0284113880464336,1.1229040827251691,0.9780211966803543,1.2035215423882006,0.9904822357689768,0.9396861236493308,0.8417922867810242,0.7849419962000304,0.8230434406436539,0.8091169114635617,0.7288775837134004,0.7078085505630223
412,0.5660524470414515,0.6278995436187376,0.5818303644694037,0.6077356378456473,0.6066355602593579,0.6119996757480761,0.5723306979076445,0.6520431375236284,0.6743692747230386,0.6770441089432975,0.5102862467901491,0.6349782506535586,0.9956811430596630,0.9667460672528010,0.7308154243332357,0.8426860453078061,1.0362994907351886,1.1147061082636531,0.9769390089301017,1.2016572410316742,0.9860415784532264,0.9297902351875293,0.8350324761917043,0.7749286866506178,0.8137949916725751,0.7987831004492743,0.7205949903694921,0.7002127485700183
413,0.5651143927692023,0.6252371640022394,0.5795319678740052,0.6062443421604881,0.6110091978656707,0.6150693989985500,0.5734475154773813,0.6423492522571939,0.6841931505740387,0.6886141341379369,0.5188539256156833,0.6432495085418565,0.9932247500966893,0.9773735303200043,0.7417586897752605,0.8611615138509027,1.0482631131464670,1.1098135338070467,0.9710175540902675,1.2019696745923443,0.9784443184593683,0.9186511122456809,0.8283234346944319,0.7658900660723207,0.8038784943234566,0.7860213215683108,0.7128510137567352,0.6927500867322901
414,0.5634522529159135,0.6231741106832016,0.5777523127299902,0.6058610292692136,0.6149546029191981,0.6176847859218537,0.5760520739774482,0.6324295179197225,0.6950778851642038,0.7004647936694728,0.5275459473932229,0.6527328197256349,0.9960151568336651,0.9876067298071950,0.7597654995339005,0.8920779274914150,1.0597725720696050,1.1049063981169385,0.9677098352663996,1.1987560722540225,0.9706617779619118,0.9082448687735877,0.8195284729708029,0.7541865191883823,0.7944349438703948,0.7761556177110932,0.7059958687031417,0.6856067909386675
415,0.5619408833399995,0.6216359174220527,0.5762601770725948,0.6051512549452798,0.6191347674087704,0.6207262752090664,0.5776840789428026,0.6222632883308071,0.7056176382101823,0.7092768607256487,0.5349061512872341,0.6606947777065798,0.9978731084515517,1.0024592861646817,0.7706150170676905,0.9161318691253232,1.0689753585398192,1.0961332549321012,0.9632321837395561,1.2032365755141827,0.9645634676160173,0.8982546492909266,0.8129842743279573,0.7434394631991756,0.7840019501872770,0.7643613003485924,0.6993321642930603,0.6795300357918930
416,0.5620250040956162,0.6200619719038368,0.5748426858973025,0.6046947054588460,0.6236138810133059,0.6239357277675158,0.5807480273259427,0.6123707465236277,0.7149054159807798,0.7207106628867285,0.5435622184762420,0.6736093061552613,1.0111988663101770,1.0204894892864487,0.7873057504222649,0.9352968423716149,1.0824568431351458,1.0786306522629321,0.9566725837890079,1.1975853047354672,0.9567292915683777,0.8876710312496958,0.8033857820363627,0.7314607614003145,0.7736595393350798,0.7524924704219367,0.6928796523389169,0.6722885171971500
417,0.5629065464756307,0.6203090644260514,0.5742699088780665,0.6051703709379146,0.6284564347717182,0.6298498787657070,0.5852693604797385,0.6021282267802819,0.7252994021771022,0.7301964012290878,0.5517890777646527,0.6895420233340269,1.0101759491272957,1.0456164368484409,0.7989593365536074,0.9566443423162097,1.0849786456613995,1.0498794967136187,0.9499374939330134,1.1895650322329885,0.9474728598517230,0.8744574320969776,0.7955171995478765,0.7196152695205826,0.7628032451151598,0.7416785340950707,0.6869837363297995,0.6655210797523234
418,0.5635223535455942,0.6197287777921178,0.5736905973250437,0.6052828325569219,0.6354196588144013,0.6395338400625794,0.5907548630860511,0.5944634581955489,0.7347378056923446,0.7434271564120977,0.5604256695515393,0.7073783179913793,1.0085615492196187,1.0790170350596511,0.8168002846284473,0.9778181087922827,1.0889107453350364,1.0381504231279151,0.9389773516564995,1.1726215199043364,0.9410115819618941,0.8628595540194955,0.7887724316524964,0.7083200874706964,0.7518235608210692,0.7286178035958244,0.6788042069302159,0.6573768198062423
419,0.5655902142740498,0.6191171814892734,0.5738974404522185,0.6057130665210273,0.6441386061875038,0.6498643014977967,0.5973933215474271,0.5861354940109150,0.7436190559155675,0.7568164662735132,0.5655042551816426,0.7242577946426521,1.0043585425634258,1.1230392118070198,0.8236727274398145,1.0079798676789042,1.0933268876736650,1.0068583323325369,0.9249860201040939,1.1660192151002839,0.9339549765523064,0.8496048362166591,0.7810179229263892,0.6959861592208239,0.7400120822622746,0.7162940864831586,0.6716069503562720,0.6510096544700279
420,0.5684533396844513,0.6203922042901184,0.5744968582630469,0.6065986086733435,0.6530440953974634,0.6612057116787589,0.6038771081476048,0.5811287952622318,0.7528995453436823,0.7679800555319580,0.5721790747317681,0.7420538551657146,1.0032312460761688,1.1757704945009337,0.8481012689125389,1.0406499035173067,1.0915460887333250,0.9760394816259672,0.9092318126833409,1.1577689090970922,0.9209086473214743,0.8366435927009412,0.7724799405575697,0.6840052736527967,0.7275691368533121,0.7034962531356687,0.6635246606486312,0.6436750229308701
421,0.5712856208177933,0.6204235139590292,0.5755260473344691,0.6076802759448997,0.6631034920279820,0.6722362601621836,0.6127113288254319,0.5782773563218829,0.7647609178265442,0.7831804617903727,0.5785587670343625,0.7629133678199376,1.0103847077360468,1.2311086244477665,0.8637535638989738,1.0921971665447621,1.0812078935427596,0.9463200040487839,0.8901459559970681,1.1457865670450158,0.9112247036231561,0.8202340263115779,0.7637019018646233,0.6717412260162379,0.7149107668913270,0.6923349921145967,0.6555360654358310,0.6364323688124147
422,0.5758281416210973,0.6207806134260653,0.5769063419328211,0.6105446957243849,0.6729766481816383,0.6848029667283420,0.6198927288855565,0.5769330885512408,0.7797497990503641,0.8003646624992612,0.5890537616159816,0.7802655955491156,1.0169675625320049,1.2784790993597190,0.8957288119846003,1.1432422312647721,1.0739592052386235,0.8979548669725397,0.8707117784378640,1.1265289863659054,0.8987721832194300,0.8040606905983845,0.7517191425835272,0.6599670705959305,0.7005594851117195,0.6791835245412586,0.6467409378823084,0.6294224970549961
423,0.5807479116592055,0.6219130503022762,0.5789953821188192,0.6155617748822644,0.6830845637713394,0.6969617213355449,0.6285257315906845,0.5771619590145324,0.8003992929358352,0.8174662361222199,0.6032715542184877,0.7965403028693446,1.0222630725739965,1.3176053462776784,0.9231897377198430,1.2054876755335355,1.0584519124527756,0.8701793140678472,0.8592118717552045,1.1082121397046369,0.8828593216071071,0.7854758669929596,0.7408069216878330,0.6475610779635782,0.6857573214846128,0.6676202562184156,0.6369731601809947,0.6231478769013403
424,0.5857259191435099,0.6228923236630048,0.5804156379045597,0.6190989782986368,0.6945826530176187,0.7091864512242455,0.6381023772022636,0.5780268325474329,0.8171106524330933,0.8352571131827542,0.6189410133329613,0.8144853554209492,1.0247264241572618,1.3291154890016261,0.9630181759645240,1.2620107736828681,1.0377575945655342,0.8196663950500869,0.8418516658058210,1.0939122959662708,0.8648445893637997,0.7668958808757840,0.7270929990458003,0.6312992769070300,0.6717628547665484,0.6574261562619186,0.6283241453937505,0.6186997466390396
425,0.5928658300471645,0.6232836945243891,0.5824923630076519,0.6228261003431340,0.7068383612911336,0.7226886238996754,0.6482028833979387,0.5783126058981874,0.8376483917338280,0.8598315995592989,0.6352688908499218,0.8341328147796915,1.0243089069397593,1.3265616025281122,1.0088717201576807,1.3048523611861227,1.0226506827494943,0.7659936883624349,0.8233029145877326,1.0774116839598873,0.8427157187250178,0.7550730595947137,0.7116779984307111,0.6167182501852879,0.6604725178151337,0.6494283742246645,0.6216839912215615,0.6169283296477347
426,0.5989326620810927,0.6253947701058780,0.5852936673764121,0.6278747084758788,0.7212255888087364,0.7355036741018646,0.6612566102705130,0.5798346322464797,0.8612877256689151,0.8799293355324105,0.6514110029928017,0.8574761565679619,1.0117764317943889,1.3080312142675234,1.0380020797972584,1.3393411692731110,0.9990760122137833,0.7197981750779595,0.8038288529591088,1.0506625644963552,0.8187249308943377,0.7496187915937289,0.6930457416491889,0.6031766975865875,0.6523305148973835,0.6459419073115462,0.6175786529773570,0.6174279600811796
427,0.6045659486822271,0.6267476439753659,0.5880866779138275,0.6322294309019447,0.7356299938460500,0.7496759712522454,0.6719122005288065,0.5812783541788382,0.8835455137955935,0.9074605316865468,0.6694482215728736,0.8808660190740050,1.0174894590538832,1.2750778404157304,1.0760240679640303,1.3692178966879391,0.9643026261941884,0.6720373291920402,0.7831768818136253,1.0272369141177546,0.7963652189723841,0.7497219913430454,0.6737572473445310,0.5946978498378556,0.6488378499743861,0.6438874036273077,0.6171160047555361,0.6206690286372258
428,0.6117000358412621,0.6295007793213420,0.5913825962246045,0.6371792316961356,0.7496344941701011,0.7629476625949321,0.6839381545666890,0.5823733570884697,0.9068633508456055,0.9265913074378327,0.6871760808807874,0.9073790562542947,1.0153740384852032,1.2523812041753077,1.1011449016821810,1.3871613064836883,0.9210555056195520,0.6516443216727628,0.7638862869043318,1.0057888651781213,0.7776207549095767,0.7514441371597643,0.6574503403345783,0.5916231028520517,0.6468386404432340,0.6439736338930837,0.6180881484465983,0.6246365484882638
429,0.6182657686642712,0.6331547023039528,0.5958301004511953,0.6423415427461108,0.7635883660150052,0.7777609859520050,0.6967363114854328,0.5835156951434245,0.9312161325281769,0.9493524642528937,0.7053773422710352,0.9349953888358129,1.0192499899876859,1.2196926342205381,1.1318509473178593,1.3999605768599299,0.8955924711068360,0.6468463952339181,0.7377196784270945,0.9774913112545646,0.7688108188327409,0.7546683230778631,0.6460580067906301,0.5909526857180731,0.6460573635265436,0.6451487090479618,0.6218017424110233,0.6284967613484824
430,0.6232567178032858,0.6380544539366675,0.5999548992400068,0.6462975601829365,0.7783604302461243,0.7924558995243811,0.7082557513161760,0.5850938690311160,0.9567625827462667,0.9720994776928855,0.7244872060756364,0.9596953753396680,1.0151374453952851,1.1946421855621303,1.1503986103932387,1.4085250939409568,0.8548014188693802,0.6508507344469143,0.7130846182155708,0.9502786914537746,0.7684281082843247,0.7584552701289533,0.6428702092331631,0.5938614662472569,0.6457920022846800,0.6458604843079737,0.6235945992312162,0.6318780670830069
431,0.6304908870920802,0.6422342947362522,0.6038703416194178,0.6508973148782303,0.7922935082513788,0.8056235861656674,0.7190365245948414,0.5856059950182834,0.9820336955816725,0.9993634384970332,0.7455213894206115,0.9825106441153846,1.0291312308019145,1.1747995468785148,1.1762513989333765,1.4135443624299644,0.8115722258008548,0.6571339067029430,0.6834028937534835,0.9244325393139379,0.7693423612610968,0.7627703096472490,0.6438874714108604,0.5963240299435104,0.6460933643952429,0.6466185294666946,0.6263081943844913,0.6356772455436853
432,0.6368769466088618,0.6479085375708740,0.6094933079429663,0.6560881757873354,0.8067762668873721,0.8197016740712896,0.7311246364834858,0.5874027162790630,1.0111724888279576,1.0269705622436456,0.7647413641525910,1.0069101319287626,1.0268348861056502,1.1682029875771114,1.1866574167474404,1.4186260663842218,0.7679844826101131,0.6573377639719683,0.6593102568860668,0.8991357209071477,0.7700994295483409,0.7688744135697110,0.6460605139062868,0.5970657835369134,0.6470839689436441,0.6476400726849472,0.6293616220028367,0.6390608223256345
433,0.6443488109558348,0.6536566119896163,0.6151879028099472,0.6611660785581438,0.8232422756499516,0.8351560236350546,0.7434593560311997,0.5909417737400382,1.0436420545888880,1.0584849794501217,0.7872009971220626,1.0294645074899438,1.0278786791494066,1.1732048389653298,1.2122542013843216,1.4236724807276859,0.7404358815531732,0.6617716595732679,0.6447924556173221,0.8670065641955919,0.7715596525336671,0.7748051741632430,0.6485413048485704,0.5997452683036615,0.6476466276818627,0.6495933234090234,0.6328169230355389,0.6417273158832190
434,0.6509436625019420,0.6606604579938600,0.6213215680817570,0.6661404570571509,0.8379616018819592,0.8498244318541652,0.7542343471842127,0.5966245090057047,1.0799396197849578,1.0908011027065641,0.8145422145386410,1.0482437896697137,1.0298479686919606,1.1688267478678773,1.2196278349358671,1.4192504210367216,0.7385773967530196,0.6613493838017155,0.6430694638183942,0.8389321771010853,0.7739576682318784,0.7775875361545805,0.6502392489270561,0.6056065047453503,0.6485922311443898,0.6481436334007681,0.6372869101245284,0.6445533505223922
435,0.6583050913953874,0.6685443595566760,0.6283203050956513,0.6724775327454103,0.8529027290702300,0.8656089459270849,0.7662895009566392,0.6026645239054865,1.1124164738883711,1.1233606408918264,0.8404849482721215,1.0635409332583701,1.0399170922540655,1.1759941066806423,1.2324027902772490,1.4202276717971556,0.7403223406811381,0.6749714177426538,0.6448456343765483,0.8174669614822943,0.7775463389696069,0.7808488094825898,0.6537830569077715,0.6106670258261525,0.6485925214739761,0.6488100401237340,0.6403654073509529,0.6463031925631619
436,0.6657905444798061,0.6755080107156964,0.6353414103213542,0.6783091517972482,0.8680237681754697,0.8807772105365824,0.7782024144380197,0.6103652974145877,1.1438308496209566,1.1517262961750365,0.8665595154968849,1.0776222516014560,1.0455048643483089,1.1809429972894563,1.2353955119632065,1.4201842384300252,0.7445831113001399,0.6815822177524731,0.6463107091932293,0.7914148091925650,0.7824327325788499,0.7836005340483491,0.6560939907643151,0.6125698166928408,0.6485713274141773,0.6483641665543555,0.6426047057776429,0.6478106002913396
437,0.6743721557181845,0.6826203828020430,0.6422901330189571,0.6835382446916228,0.8828826240851265,0.8966418168726303,0.7895191907646508,0.6195755081375864,1.1702049316187613,1.1815435083732273,0.8895479805393438,1.0873350230823560,1.0604867738363613,1.1811430713449851,1.2489997757235887,1.4188188019508632,0.7474873672900906,0.6816259014529785,0.6474248041990176,0.7672269582593623,0.7881407389130660,0.7852573737737036,0.6615720384741581,0.6163229879662322,0.6477714694039648,0.6473441256055416,0.6448419783774176,0.6498474459504122
438,0.6819911235403643,0.6911328048130605,0.6488286880573265,0.6892228940338528,0.8967656763312237,0.9118175721254420,0.8014384645842488,0.6292794647115366,1.1970972957486772,1.2086005292684701,0.9087514760849129,1.0980882241296566,1.0530619259851064,1.1852740121385492,1.2481091705953580,1.4180831492950918,0.7481506850161904,0.6842542041000543,0.6459836598239883,0.7561132501726657,0.7910581474984136,0.7868400386792369,0.6657595483997258,0.6178465309210824,0.6476428533972409,0.6471274983524945,0.6472942418585967,0.6521712952277875
439,0.6887389023062978,0.6998263151793996,0.6555303551121435,0.6952603203310705,0.9111673691285830,0.9250420147949163,0.8121429138043040,0.6392553465884074,1.2180140288585179,1.2313229778991315,0.9279879300033027,1.1079965083568712,1.0647036977331377,1.1853152038558639,1.2562508158566732,1.4178171199214180,0.7555846242168051,0.6875741653384657,0.6499800435798351,0.7571192175713072,0.7941707080896004,0.7888355025820363,0.6678504828573959,0.6192645250329069,0.6460323951821232,0.6458523720530052,0.6492359969570768,0.6538683354159318
440,0.6965110130425489,0.7060768251634327,0.6626783810902441,0.7009757538692319,0.9243352941067288,0.9396369570892151,0.8209921680088271,0.6488437349086162,1.2341698546954194,1.2517080477025930,0.9451502535957699,1.1119614565594624,1.0635833598661724,1.1851386679245151,1.2516139000878286,1.4144917527504963,0.7611361752757848,0.6878872318587546,0.6568241498922432,0.7546472157725980,0.7940051705904839,0.7911179907876220,0.6694625582246403,0.6222548329442900,0.6453582498827717,0.6462742093113659,0.6517956292647760,0.6557629567300294
441,0.7043361845631122,0.7138868951421281,0.6697937343994106,0.7073743979493541,0.9361169631082303,0.9525681122627737,0.8302513749220964,0.6593672441316468,1.2481116440492086,1.2690552694188564,0.9583508309643998,1.1187264490452855,1.0734367661992341,1.1761000282394518,1.2605596139466964,1.4083975084250113,0.7671956723412375,0.6951023230588987,0.6588502606187604,0.7561304168518235,0.7951335592312508,0.7934891662777767,0.6712802170757324,0.6244910125703292,0.6447296863284666,0.6457643390639028,0.6532068709397668,0.6589676885272796
442,0.7103232097263272,0.7221401661773642,0.6764117091561120,0.7129746390124175,0.9485314880990694,0.9647386790382796,0.8394533387914082,0.6705305331646046,1.2588975811079399,1.2841000985515114,0.9725596349197729,1.1224870832846863,1.0761158350115425,1.1824376681748769,1.2521331192718983,1.3996076807519953,0.7677813042075239,0.6908213204093682,0.6616634169818248,0.7583071517690202,0.7977722877148747,0.7948235067865173,0.6729518364398229,0.6261099134454305,0.6458088414006845,0.6467432178300989,0.6548409535754596,0.6607436476134340
443,0.7167578004482722,0.7285986315974734,0.6821477731798169,0.7191548146052847,0.9596890405510862,0.9766522591277769,0.8479325369541857,0.6816477459656788,1.2670678130311730,1.3449813731184537,0.9827100646946298,1.1394287971124386,1.0871869998956538,1.1842912954540403,1.2630439335149188,1.3993443659637672,0.7680203376223347,0.6982693913455412,0.6636177363833866,0.7582659517390417,0.7974396940239892,0.7961167286451395,0.6740932008425259,0.6284960452208721,0.6458326484267598,0.6470193349529149,0.6565998777948183,0.6644746946513699
444,0.7226488416723861,0.7362851553150614,0.6874188799917680,0.7252386654560442,0.9684465620035387,0.9863915359445077,0.8561116427956101,0.6934827912099258,1.2742330635076093,1.3430973266816246,0.9923915867107191,1.1430222082311976,1.0949528201412024,1.1828672389411592,1.2584070177460740,1.3931198215368907,0.7694903931234208,0.7038827468604870,0.6669121605174479,0.7557115498803756,0.7983372413815845,0.7987966971352021,0.6763113714197725,0.6296993020313678,0.6462414324842478,0.6484221541546857,0.6588404423633306,0.6684740091663545
445,0.7282176356942142,0.7436676790716716,0.6930315418581912,0.7307639321064360,0.9784655763947376,0.9960342987031523,0.8640218797942039,0.7048321476492341,1.2776399587104084,1.3436064881841103,1.0010379161986664,1.1421320280100355,1.1027116817664595,1.1896226805807768,1.2689788972439378,1.3906929821484795,0.7783047502945676,0.7048729107386097,0.6662793332826564,0.7573286510570311,0.7988953609313582,0.8004099994663137,0.6785138725241647,0.6308006496141143,0.6490201769545725,0.6506461138315990,0.6604788298812188,0.6720906521902686
446,0.7348323311108771,0.7511434971795631,0.6986112797274577,0.7370945530439356,0.9873466554451086,1.0063901130849713,0.8699676396024375,0.7162653477236094,1.2817449151598947,1.3454488488838936,1.0074206047169718,1.1410111301750552,1.1057943505556871,1.2035513655642043,1.2597916022369264,1.3859153117641347,0.7782688952823459,0.7136460539234470,0.6665345913269421,0.7587637854346150,0.8024559358550164,0.8006647738474388,0.6801754634256285,0.6340857663629148,0.6534590259992695,0.6524266035702356,0.6640280786371261,0.6778639386249109
447,0.7413327085775994,0.7593548809550402,0.7032764341947937,0.7434581925141680,0.9939693426935290,1.0147055914686809,0.8770406248065818,0.7284551547750928,1.2845695527799004,1.3442756931413244,1.0142984178815158,1.1403378370840491,1.1240746460620101,1.2220287930453884,1.2723970902057302,1.3830351366062996,0.7798405399847267,0.7203660631845299,0.6680555038408106,0.7591105523536006,0.8018044167071173,0.8035317918831375,0.6804781976411726,0.6359907409987692,0.6573401519087150,0.6558184275087217,0.6664572983371416,0.6833993328418106
448,0.7471269030856313,0.7667818305932129,0.7097388367817246,0.7497955164620720,1.0010305087345619,1.0221446645846344,0.8827605926080941,0.7393550791165182,1.2909023125816332,1.3429916235626875,1.0212608741398950,1.1418158128608515,1.1298015905620877,1.2344510380813054,1.2686615966314507,1.3872536023888404,0.7926467551832130,0.7223099878570208,0.6677178187197244,0.7594676192800809,0.8034742192784811,0.8052652251724379,0.6817298751327694,0.6379634124787712,0.6608261392512277,0.6569898972169472,0.6695606119432806,0.6886905894605497
449,0.7537346962864487,0.7734004407387642,0.7148299925863160,0.7563950025946818,1.0076200463835410,1.0291504327950307,0.8871512497221485,0.7504871470961778,1.2894713680075076,1.3471311661289482,1.0262712958625735,1.1419428018472038,1.1480679688278272,1.2532991910183220,1.2782671515367405,1.3853995405294610,0.7944036507820721,0.7276903636359376,0.6670052233460937,0.7594229859142708,0.8061835669704436,0.8072977764851478,0.6837230320798290,0.6424816308833368,0.6623875317662634,0.6583395360805914,0.6746206211214014,0.6952859950629514
450,0.7597674486296400,0.7812697452262096,0.7203381019121502,0.7626109275763726,1.0120506410288939,1.0361919256120020,0.8919596654145798,0.7635050674081298,1.2930467049032430,1.3453892978309714,1.0309820960141545,1.1438275195753420,1.1636274438000915,1.2614374974535059,1.2816456819219719,1.3876255005948945,0.8002420419388249,0.7367037671735547,0.6697917903295451,0.7607104868510984,0.8051356690402564,0.8120433524576233,0.6855024574171568,0.6477998367257334,0.6631360014397037,0.6587202111563343,0.6797831877871179,0.7016361275434801
451,0.7643817956165859,0.7885507241106768,0.7268661011651717,0.7691664717518869,1.0173343858198729,1.0407462367470082,0.8960993782753255,0.7751077172314549,1.2957757842551407,1.3455180769829158,1.0353408408196960,1.1438608384678008,1.1845798494984314,1.2775140362683450,1.2906382697349570,1.3894497020143715,0.8120084617828843,0.7406061777520384,0.6715360536321635,0.7553750829688846,0.8077850283724473,0.8157488684565184,0.6881198861627293,0.6528559902682036,0.6638281471734049,0.6604814718461568,0.6845717361585654,0.7081435300581729
452,0.7707611686117671,0.7953508457151838,0.7335087060876848,0.7747508241976954,1.0210971667164774,1.0450703546509370,0.8998508213985210,0.7875727227608016,1.2972844711490827,1.3439109429421754,1.0386291875624916,1.1444014846473203,1.2097283032326724,1.2954030106450327,1.2976044604545591,1.3955330879980741,0.8106220679769820,0.7463433037517494,0.6669866107803646,0.7565527171591030,0.8055358445541757,0.8233501749921111,0.6887692291178091,0.6604678816580122,0.6648678174218882,0.6607587907845235,0.6909741088965509,0.7151942806692370
453,0.7760616389926024,0.8025643395700393,0.7410488040929939,0.7816420154127195,1.0250576397697511,1.0501524680379251,0.9045323194328848,0.8009187159150738,1.2992660904885764,1.3451905461918432,1.0425961771638230,1.1487203674999922,1.2409237980004098,1.2978509755597374,1.3062509021448312,1.3891510976153501,0.8185759048548099,0.7578102751344206,0.6675795539457363,0.7576685513043536,0.8071122475274140,0.8313110681542283,0.6907724145274954,0.6675309190640859,0.6638920196823874,0.6616715696954210,0.6985684275459273,0.7227917859478096
454,0.7817633006694560,0.8103075591745739,0.7472824979973864,0.7884753621305499,1.0285353341111585,1.0531271177386423,0.9065219488698324,0.8146177083977670,1.2997681763040592,1.3471073457077793,1.0478028510155706,1.1514883502074618,1.2714651824607264,1.3106498305825320,1.3156797782999861,1.3971672684363556,0.8235238965413926,0.7603512103804855,0.6697705188258546,0.7574694178261243,0.8077288367443068,0.8411851879189083,0.6930601575642148,0.6766648975626341,0.6643998061287982,0.6642777067175157,0.7051589489586872,0.7297028671422515
455,0.7873260552524193,0.8163896739123032,0.7538248229590944,0.7941188003717751,1.0309700215101387,1.0560654666294524,0.9088550365705250,0.8265864502492835,1.3014574521284088,1.3465326780470792,1.0487271835624064,1.1547536016684192,1.2850762437513119,1.3241018685513175,1.3180342930721911,1.3966514972016819,0.8375730854968949,0.7702528491617127,0.6689329533680424,0.7572256509820849,0.8111193180908912,0.8528096721817610,0.6958173580076472,0.6872947579399293,0.6651671472253470,0.6650005987713733,0.7124476209721918,0.7380404500003644
456,0.7922850816431486,0.8238781851292126,0.7605855521462153,0.8007163004272281,1.0337892442626402,1.0591812861464749,0.9134044130337343,0.8376376959861304,1.3066459421603400,1.3460354267551782,1.0549645556187295,1.1586336809939930,1.3129107249181531,1.3370301832571014,1.3328969422161865,1.3926067648876630,0.8383320165889191,0.7869109002877772,0.6718631030014044,0.7596152527208371,0.8135560604517398,0.8676696298352938,0.6989324492110706,0.6996927434186727,0.6652246324834312,0.6677990262816097,0.7203042842071219,0.7457946575512449
457,0.7976660059774328,0.8310434451698002,0.7667777768938838,0.8071648446959163,1.0365096209368072,1.0616998709100265,0.9150315031922843,0.8499564157738133,1.3060636845775464,1.3501250953146164,1.0570424312142910,1.1618115489445400,1.3247125449328938,1.3452861803131846,1.3308272768574643,1.3975093062025075,0.8494470703776192,0.7985744483227227,0.6723736190899756,0.7579088848125615,0.8237874928512645,0.8832939106322019,0.7071351048608092,0.7110796437735333,0.6666498604224997,0.6699698056203963,0.7274498821947213,0.7542338697816153
458,0.8034039042874750,0.8367176880044220,0.7726651405075755,0.8132270969575949,1.0385073363431494,1.0658344179177741,0.9171703114710605,0.8605267565767913,1.3078023591676129,1.3506461670276866,1.0619240156613976,1.1658374770069142,1.3556227362686710,1.3596150134076697,1.3391456008689144,1.3944825434306074,0.8590382861469009,0.7992078619800512,0.6751309377558526,0.7586779520388265,0.8335109225585462,0.9013530605145459,0.7188069818004771,0.7256373769575041,0.6671483563221494,0.6713849434315639,0.7362298160463778,0.7624825979092350
459,0.8078202439573539,0.8442825694272555,0.7795181071523795,0.8189844863756950,1.0412005906177733,1.0685840602174006,0.9193441016100330,0.8703067515224840,1.3122352910288260,1.3558941035664633,1.0646580624976627,1.1706548859297710,1.3812791692842070,1.3731553193421295,1.3367478178313703,1.3949250208582484,0.8595581838241143,0.8090366945937694,0.6761253805533820,0.7584994185755864,0.8473310256957993,0.9205538576237036,0.7284142489968700,0.7398238693832456,0.6682890612666595,0.6747241879396987,0.7455397568647949,0.7708213162910603
460,0.8118485496801698,0.8511214050142669,0.7858995820516429,0.8258679815417362,1.0441741096876753,1.0703383112612426,0.9215040146474400,0.8798765079237891,1.3158511187161324,1.3570501383813174,1.0687965854484474,1.1721127446394284,1.4104984158890987,1.3913385202710655,1.3468185065890559,1.3971156913128882,0.8680080150376747,0.8244424796386788,0.6802520522693329,0.7594538859367547,0.8630282329514750,0.9410107891815729,0.7401920515730326,0.7557886778332106,0.6700652976755455,0.6763211003529376,0.7542660063031914,0.7789357687396916
461,0.8199379466510677,0.8579640485339837,0.7912687068703962,0.8315926006867481,1.0462890541320424,1.0745751343603949,0.9233962152671468,0.8880768182856631,1.3173298424243118,1.3605688612208631,1.0745028782700001,1.1765931926876079,1.4240886013188090,1.4024779375391805,1.3485672656465129,1.3982313859310505,0.8733145568464734,0.8289127783237328,0.6833311024285281,0.7612117538825034,0.8805562241996736,0.9618643947758775,0.7532372011136462,0.7702969122494174,0.6713479737877485,0.6782268793627539,0.7632282645772405,0.7864818915702793
462,0.8257666522383270,0.8647381492650039,0.7974858131120991,0.8392779745048726,1.0491227421643003,1.0777289832973200,0.9256324523631638,0.8972928200104833,1.3240359273243310,1.3687065126026940,1.0778376663563156,1.1802739873167776,1.4586311924468589,1.4161182805014050,1.3556344156519062,1.3957231089792697,0.8863418779536597,0.8355235783335522,0.6866760463838544,0.7624683547968472,0.8980887715258296,0.9837540291035546,0.7679997248790847,0.7871235815969183,0.6741063951870333,0.6809988669308709,0.7726584888687636,0.7941566124612934
463,0.8302692696062743,0.8716046981400376,0.8035601649233826,0.8452674866906811,1.0527713076228291,1.0800559804530288,0.9278493193382458,0.9052486493824164,1.3271464299328293,1.3707297596257288,1.0848315828796600,1.1833116644556583,1.4732373364391589,1.4365258341653369,1.3554324970803235,1.3939830597086076,0.8899393308465616,0.8441583898001223,0.6929006201512776,0.7624786548043418,0.9193208541533425,1.0077076584175615,0.7864796743844638,0.8024536411426167,0.6755702369610775,0.6836987455659348,0.7813042116872702,0.8021714227041638
464,0.8349409912624357,0.8780219109558387,0.8093480025609368,0.8513565509939772,1.0552605411808902,1.0836180694505753,0.9294688927334478,0.9112942035013318,1.3315161961591910,1.3735085606327153,1.0905281380001521,1.1858376136990405,1.5099023067561805,1.4474769464400130,1.3667507541552877,1.3904785298982729,0.8964171363879332,0.8498663933328298,0.7062378529652013,0.7682878590313084,0.9392764756064751,1.0324618920368127,0.8054792236096894,0.8193501911034313,0.6768860106461170,0.6853374210695669,0.7898073669366004,0.8099049069472933
465,0.8390827521582117,0.8852100185926585,0.8158305114056731,0.8582025589536827,1.0584700251268166,1.0869747419603144,0.9334866027429305,0.9173357290972410,1.3372245879548963,1.3784818179398881,1.0967962212675126,1.1881032983862356,1.5250512231312341,1.4580514487278118,1.3565430492240282,1.3901039171067733,0.9046159825159421,0.8617265180200496,0.7159296818341709,0.7745502635880381,0.9606194227976166,1.0549973310457594,0.8242951266130634,0.8364476478275228,0.6778307431198853,0.6886234852395751,0.7977488616736158,0.8174297387082740
466,0.8437372182747594,0.8916822348808704,0.8207816773902932,0.8645920174269544,1.0623307480217710,1.0902081069570360,0.9364479183957427,0.9227538407579357,1.3427540104518567,1.3823429593337371,1.1004201441699373,1.1903142897971306,1.5639847036633532,1.4775645536729092,1.3683841311718403,1.3938391866799882,0.9084703963297657,0.8711112330119627,0.7361083620225415,0.7850459712250574,0.9847187971529464,1.0748971452069280,0.8433968408012987,0.8524503082763659,0.6795236549375077,0.6913176552507723,0.8051828867683055,0.8247978681969468
467,0.8480884182825966,0.8975026600210148,0.8264244986434247,0.8707257684662799,1.0660712282787510,1.0926762739290499,0.9382322823720346,0.9285340159238155,1.3445315562018316,1.3857500239490537,1.1064515263961308,1.1917356863225879,1.5684103861688810,1.4945061185513577,1.3589552550166855,1.3899166107110235,0.9173803668668367,0.8870048193791825,0.7580499180792596,0.7981647474373736,1.0092122722515859,1.0883356875632346,0.8632632252648210,0.8703535758227313,0.6833644250344595,0.6947350177697147,0.8147696061890489,0.8337301815994161
468,0.8541772511295324,0.9042699910938921,0.8326888545909708,0.8778461033332771,1.0688940673511915,1.0944630804611417,0.9422719644589960,0.9328430248443568,1.3473140833986033,1.3876943658269665,1.1109990327914638,1.1947702201697272,1.5923202054911976,1.5088467207079328,1.3733780101297330,1.3913743430953376,0.9222745760350869,0.8961856771020704,0.7852402176716008,0.8155923601182731,1.0328241462654808,1.1030440705849589,0.8811276778764854,0.8842001281816240,0.6882773822935585,0.6978810704280447,0.8245452339696601,0.8415616047627380
469,0.8587523417638571,0.9120392315719134,0.8389290830291501,0.8841335270926148,1.0725938640088570,1.0967252547420165,0.9440548829038747,0.9366006296784201,1.3499953836164469,1.3889010190368043,1.1157233159137443,1.1969648664635668,1.6001556119396634,1.5367864741094175,1.3756315656161466,1.3895908604575453,0.9338915999948897,0.9081550110405539,0.8120263586938231,0.8396943776556873,1.0504819857354635,1.1156812023879794,0.9000269424754439,0.8957660976081009,0.6916942711945356,0.7018843180280437,0.8344320290022578,0.8497859191305416
470,0.8631106596817848,0.9184604638722368,0.8438993499586855,0.8912645371243301,1.0764352998641362,1.1008635470714210,0.9458641100204713,0.9397005781317159,1.3547854442593177,1.3940529295027440,1.1204880479481230,1.1996775272363878,1.6104474113511031,1.5529159737036611,1.3915867384599556,1.3879051028957965,0.9330968138906439,0.9103901603830808,0.8404397697483662,0.8582755911759844,1.0692947909676309,1.1276572107969414,0.9157246203808236,0.9067155162066952,0.6956552377402091,0.7052226611745154,0.8446720776032409,0.8581147016798837
471,0.8679417793851277,0.9253016265292348,0.8505540186358821,0.8979596032201139,1.0779698249582825,1.1033619647183577,0.9498451035320621,0.9423266715664036,1.3570618365614495,1.3922753305730136,1.1245419278050726,1.2012303133566351,1.5947209294918376,1.5670800399288871,1.3808237574568438,1.3838902310216794,0.9458671740769087,0.9264147978518169,0.8694860080377007,0.8848049771462977,1.0836836445032250,1.1421430693592021,0.9307616733106685,0.9168598519060710,0.6991995813295649,0.7098902123202663,0.8536786508410660,0.8647211786384810
472,0.8722537230403437,0.9314833821727544,0.8560983192257663,0.9048455809826013,1.0817229623350493,1.1061162166446392,0.9526101160189796,0.9446073191533070,1.3609651488689114,1.3943819490701397,1.1305867930019655,1.2041743204016226,1.5926055089231579,1.5872404432889307,1.3904797920050291,1.3876553610347966,0.9465484193091194,0.9408376996353545,0.9040681551624796,0.9086117278021993,1.0971293899016503,1.1518301395782458,0.9396757230279897,0.9261794507837339,0.7036082360972884,0.7121874827457835,0.8626983919538416,0.8715394307694363
473,0.8776387455652861,0.9371225074057601,0.8612575849786740,0.9108549539399783,1.0849547469206000,1.1081058467495450,0.9550689649526092,0.9473457076667934,1.3633970258106765,1.3966166023310487,1.1365380264578904,1.2042925081710989,1.5681459585977959,1.5825622411081850,1.3870868388646846,1.3881738468549158,0.9486519133594540,0.9465238613178092,0.9340264091725430,0.9367444816058421,1.1069325509731853,1.1602127004660860,0.9487401996847118,0.9355980471969244,0.7069084125045794,0.7139989192348554,0.8710369487662897,0.8782486726240036
474,0.8829650992555418,0.9436842101125480,0.8664052896333435,0.9181932607749411,1.0870416648854395,1.1119496991763702,0.9589797056375249,0.9506644552758652,1.3673335405672267,1.3971227862808882,1.1391402398028725,1.2070366018613337,1.5566851109773492,1.5936133904106256,1.3961407233869003,1.3846150253356682,0.9559543841819227,0.9586388075913106,0.9650854634985881,0.9552570284095083,1.1198042305489864,1.1696103276382186,0.9613491111010634,0.9417409898610341,0.7100181327032680,0.7166942910616034,0.8780080724107939,0.8842981752016811
475,0.8865348390131240,0.9497024362015540,0.8715919501625113,0.9252242221698793,1.0913248944932752,1.1141620318690393,0.9619453578845764,0.9532359118672810,1.3693046323009119,1.3989986444479403,1.1462652407635721,1.2085284081217982,1.5242927335194376,1.5938134644661544,1.3852407262102147,1.3879539654338182,0.9601374689411108,0.9690646507786028,0.9911084893259149,0.9783702452274389,1.1345522548968836,1.1769762097456831,0.9729144356253223,0.9447771569249044,0.7125753556992580,0.7181091284188832,0.8851865900857697,0.8894526012130790
476,0.8916137914041685,0.9557538759258236,0.8761274192670014,0.9308331523205040,1.0938683728504226,1.1162213825770999,0.9643724051271184,0.9548908794747788,1.3712020307939374,1.3991497552447305,1.1474330158369248,1.2110116085974976,1.4947881834825858,1.5795022849648042,1.3911468444290076,1.3849434901745918,0.9661909901711934,0.9729525001235846,1.0190592451751903,0.9990904269707858,1.1445748670566971,1.1820055850287789,0.9838335510890724,0.9520680342473030,0.7156522686546966,0.7187220543498347,0.8911404953903426,0.8956752711568937
477,0.8966263099677003,0.9619775188291022,0.8822972758028613,0.9380508049681874,1.0966261181639598,1.1187998924871647,0.9685820817082567,0.9572818078789777,1.3725770980756948,1.4009898827800293,1.1524044867553607,1.2127837964812942,1.4409215038044563,1.5704930679349658,1.3751195578096336,1.3852312362318309,0.9716409520288786,0.9822498477144869,1.0422318895079943,1.0059536652980352,1.1535298382818413,1.1880597015726657,0.9949814408564944,0.9569407511798247,0.7182164595607574,0.7212563828927642,0.8973220529945416,0.9004271540122547
478,0.9006951662086085,0.9672794304658665,0.8874675999975621,0.9441920037968512,1.0999380645081600,1.1219816872856849,0.9719481461567281,0.9603900651609739,1.3766974410259782,1.4016002810724828,1.1584081539862277,1.2149903872837511,1.3985574234685239,1.5396934324456291,1.3791362951086172,1.3828261135269846,0.9796007647420768,0.9915981596226455,1.0604296609151900,1.0151035052890904,1.1628796695966215,1.1919579108534877,1.0024394831561996,0.9595074078729934,0.7204151255176866,0.7217767690262975,0.9024147286316743,0.9051015373742461
479,0.9063970435797072,0.9729007853462472,0.8921244606335532,0.9498587784446695,1.1024640639856016,1.1236852324363233,0.9748123220985820,0.9634857333085756,1.3754810976471799,1.4028225664337128,1.1597160021440684,1.2163526899244701,1.3436121576451792,1.5087702218043482,1.3731147948489200,1.3808797557624533,0.9836643327938597,0.9983108882669774,1.0746922041396489,1.0203393424321898,1.1707442194973101,1.1953094839621490,1.0088125711554770,0.9657551714570737,0.7225423703963899,0.7229034711052524,0.9075167737182911,0.9100436204514299
480,0.9111615137612922,0.9790681554662133,0.8986233058127566,0.9566958490571690,1.1049635437834904,1.1240263448087833,0.9796366386365570,0.9660362919368964,1.3784895634609187,1.4033056743505450,1.1618275851663782,1.2173635725485017,1.2931204088085291,1.4730923100787372,1.3752782081158770,1.3772313529234990,0.9861741836493727,1.0111029318983129,1.0810151586116408,1.0202638090438958,1.1746738367355125,1.2000413537179184,1.0152420692570294,0.9700266239458751,0.7248263932516866,0.7241545610937241,0.9126532578624709,0.9143906891033293
481,0.9150028125735448,0.9842928506897854,0.9049831664848791,0.9622429625562863,1.1082085882088175,1.1268013400550116,0.9827147532275452,0.9687484950508424,1.3768780299563856,1.4034173325747743,1.1654342798284649,1.2189892830371494,1.2347027914596209,1.4309178760794870,1.3626258461929559,1.3860618993781999,0.9850088957521702,1.0153693733143416,1.0885585656078731,1.0242945453101244,1.1786816666453159,1.2026463411401183,1.0216884903892647,0.9746773243465147,0.7254386983491597,0.7261054081866987,0.9178652040592520,0.9180431011241833
482,0.9206171180811040,0.9895492786859024,0.9098486295456031,0.9683970708864698,1.1110124416015781,1.1296708326476648,0.9865104296119807,0.9714438287246998,1.3780603610702642,1.4059579293700715,1.1694821672539928,1.2222935113157003,1.1709270364860958,1.3915856705749539,1.3521801658023314,1.3817674252031809,0.9951558642108869,1.0184709160502261,1.0911084871127679,1.0294926157590767,1.1798335950221959,1.2048296608365952,1.0266544597262310,0.9786153880759653,0.7256480259808705,0.7262697564632823,0.9230931036429925,0.9216818868604888
483,0.9250783221539783,0.9958179821261944,0.9156583327385207,0.9734034748796312,1.1129351183691847,1.1316961873591458,0.9912115868735621,0.9738825958395977,1.3784142505885963,1.4056542190001677,1.1727300650846901,1.2206307099845040,1.1061422815702726,1.3506175654399211,1.3592689499403943,1.3788628187763350,0.9938471562647980,1.0281031720116698,1.0922385357463240,1.0315663506013271,1.1832066114032771,1.2078547034884346,1.0296291524528804,0.9819762088225222,0.7252226931369644,0.7271789299275270,0.9284027959884451,0.9252562316261170
484,0.9306579008880651,1.0016521581344415,0.9218493008450764,0.9789346997614936,1.1170417510199957,1.1344438129471111,0.9952003862547836,0.9768790616081710,1.3801934159702340,1.4056058337696684,1.1751877110216176,1.2218477925467708,1.0403276508512764,1.3052419465522109,1.3421347168660935,1.3712402628449487,0.9986278245610132,1.0333160936053158,1.0965726046232569,1.0327989181648503,1.1850814374827208,1.2098525861353586,1.0331710800968534,0.9838658970742142,0.7247845857912617,0.7286126958797332,0.9323480939063272,0.9278284767155743
485,0.9370452545703176,1.0053919711547399,0.9266097087087662,0.9841215885162850,1.1187715573908519,1.1358880665984132,0.9983421042279468,0.9793873207449264,1.3774481403017078,1.4049812921021458,1.1774273822655716,1.2237809169677267,0.9626972828769561,1.2563768007548377,1.3420265462027456,1.3781353098769007,1.0004803335257966,1.0393517248918138,1.0947246427401476,1.0322942177976138,1.1879904932584799,1.2086045141670623,1.0380148275455567,0.9878032328806094,0.7235352975814814,0.7269586972278272,0.9369829326605632,0.9304609045617875
486,0.9419708483530455,1.0115832466300230,0.9332917721622229,0.9913265799220933,1.1200785556888313,1.1385331279933077,1.0030944333015510,0.9824688890620062,1.3817077715749961,1.4058231951128348,1.1800078730466492,1.2224337021273664,0.8740514189808583,1.2078353041649375,1.3335856287728347,1.3724021054156870,1.0018966065085502,1.0442224574981676,1.0958573503116651,1.0356348535617026,1.1859243119048279,1.2123648550327819,1.0418275236804508,0.9922763200557432,0.7230013814723050,0.7281313687516036,0.9404592516475135,0.9326030700451828
487,0.9465802343723525,1.0163162954309697,0.9394475543176188,0.9967383919148993,1.1233706122733667,1.1397206830602671,1.0064419949479351,0.9868388293930168,1.3818859310579095,1.4063427780495816,1.1821194560689592,1.2250589793897766,0.7893023824481183,1.1618241559243714,1.3305676672654294,1.3809041870314640,1.0137108330355720,1.0475278575030773,1.0948097287549095,1.0343164526023911,1.1868469176911887,1.2113368887798246,1.0453243232426035,0.9943865689932067,0.7206578410518201,0.7259395576406765,0.9435967510828511,0.9350907186180683
488,0.9523110147723041,1.0216789224392027,0.9450727825951706,1.0023227443607077,1.1249593821665989,1.1418604141331221,1.0091029291731117,0.9893375207876325,1.3795982013341377,1.4049894803719227,1.1823898645368747,1.2229492019729544,0.7079421939974412,1.1213268132729355,1.3175258909544560,1.3765445628057495,1.0410682073606632,1.0484160927466872,1.0958307609320519,1.0330426850088896,1.1884764749072625,1.2106588341768936,1.0463227820528758,0.9964444074706847,0.7181647808943988,0.7228647125537364,0.9468297176115804,0.9369762557424668
489,0.9580260494923583,1.0277570176924098,0.9502775387563633,1.0089299265423004,1.1260707978278737,1.1439704707343863,1.0133932664070990,0.9918251337439810,1.3789454897740101,1.4056363536842911,1.1822632744230861,1.2249841690463315,0.6328030120875532,1.0853429059329864,1.3282131524932244,1.3831165741696692,1.0787099943579872,1.0604655134694307,1.0991411386938810,1.0343301859457172,1.1857124542798119,1.2104411472056793,1.0494460213821835,0.9995584623014777,0.7155285882509395,0.7218969505813860,0.9502900832115714,0.9384487461164890
490,0.9623690531188789,1.0320028626588873,0.9563255011042769,1.0140490404141138,1.1288074479417665,1.1455625205403102,1.0171134860517723,0.9956514752518381,1.3756697847359016,1.4040701609924349,1.1851006907013797,1.2255927103274649,0.5732998499731382,1.0409146965435154,1.3202590030483785,1.3921887187290327,1.1285006546630680,1.0753034104077697,1.0964768828566498,1.0290497154368079,1.1871316725635221,1.2102355539550878,1.0509534246707615,1.0007449768817003,0.7124975473701339,0.7193310743802459,0.9532857747628258,0.9398797898750095
491,0.9683666473001072,1.0366948704073429,0.9621739088434704,1.0188548506144322,1.1303317267960853,1.1463438522583096,1.0195523866519016,0.9991290977369682,1.3723997484086130,1.4029513455856573,1.1857785845059881,1.2260220839793390,0.5139706533660160,1.0027711663100649,1.3336613482371782,1.4066275987144472,1.1850141297597014,1.1192200906492125,1.1008827430585382,1.0275047143126148,1.1847351755579634,1.2073032298280246,1.0528763823794340,1.0026302975950603,0.7094801519798836,0.7160852710311923,0.9562688048958587,0.9423430246880788
492,0.9727976541786577,1.0414577480144818,0.9671280907667613,1.0249051864131695,1.1303449866358617,1.1483285846348947,1.0229930405212873,1.0020258575611372,1.3712692455079456,1.4014953223417073,1.1857044281671414,1.2250979562073698,0.4587887944527532,0.9703709383764982,1.3401732221707192,1.4107700561045098,1.2268868081991759,1.1734752466769367,1.1007684087262020,1.0218946435638776,1.1843684112823978,1.2082610525013684,1.0564615577684846,1.0043219907756966,0.7049693011977881,0.7136882499149516,0.9589824000491337,0.9449073211115495
493,0.9776936978497971,1.0457480188625217,0.9727827244463536,1.0301029985923236,1.1343145004889832,1.1488800112234829,1.0257644133464223,1.0053106145073438,1.3695054666271049,1.3980242403444993,1.1870549723988635,1.2238563559695201,0.4318171822020840,0.9350284449204501,1.3461730882977470,1.4148663655419962,1.2702295421397365,1.2263252436717369,1.0974075111431079,1.0175720737519682,1.1816180588888192,1.2064195819745023,1.0574042332553959,1.0074353176834341,0.6988529278035418,0.7114705997696804,0.9620867265687305,0.9471965369156974
494,0.9834085168756060,1.0510160822085717,0.9784029261594539,1.0355234996726910,1.1355081874288717,1.1508324762134838,1.0274681166698649,1.0082207188139711,1.3674452951519633,1.3982944532471342,1.1861508643080767,1.2267374971796796,0.4314414167063316,0.9000272542650098,1.3502943905713003,1.4271715813671293,1.3012142485345810,1.2597432745583785,1.1016884012608146,1.0188630080246273,1.1841140302631132,1.2037476759648551,1.0591604677728994,1.0085352094200699,0.6940041333830116,0.7064085526693514,0.9659051570760312,0.9507044535441517
495,0.9882562450358271,1.0557713439502998,0.9840733935170681,1.0409065135467224,1.1365731936509285,1.1522735607464609,1.0314219341908901,1.0110205423033025,1.3659698107071094,1.3927673711477842,1.1875426065058248,1.2288032685121222,0.4507098362940775,0.8670268041648570,1.3537630631759883,1.4335372842371796,1.3339080438453224,1.2911809776887748,1.0957509927932128,1.0177918072451868,1.1797014687614331,1.2038919943642898,1.0608157908852214,1.0116216031747596,0.6878688885656568,0.7011686368674915,0.9688276656299643,0.9533476688656325
496,0.9937023090321530,1.0606340740150457,0.9897363210280052,1.0463761700367220,1.1388722690521935,1.1535377508565574,1.0340776645029797,1.0141227568007893,1.3602306459098101,1.3904523239654301,1.1868594693237222,1.2314851250258774,0.4598117116356346,0.8381102186099085,1.3439267441888898,1.4482666248652787,1.3560544897275391,1.3267831936006873,1.1010422793362167,1.0087518340007406,1.1803514692166797,1.2010411012894218,1.0626428514200261,1.0105304465147880,0.6813123755186038,0.6957833013839744,0.9717570113497370,0.9555520042722803
497,0.9995754476339175,1.0631602142614187,0.9948882982624584,1.0507405745889278,1.1401099545513409,1.1546224536287804,1.0360881095922754,1.0165124262915488,1.3572991126000566,1.3867951449278400,1.1866429927386044,1.2355613457561141,0.4986129783822114,0.8051803828822952,1.3616487045340471,1.4543853004597747,1.3826170779483846,1.3619922562080509,1.1003163892727794,0.9996534940471583,1.1799399035078670,1.1965261122568254,1.0638801129965971,1.0119797413179923,0.6735152841493590,0.6885441654132166,0.9751923073416491,0.9580291492508263
498,1.0054227029262615,1.0683635427514777,1.0009681792946383,1.0570508382355694,1.1407880145399170,1.1566354199686264,1.0398597901552538,1.0204482932686378,1.3547619596002063,1.3853785742564508,1.1877875471401969,1.2388995215854719,0.5311514868662488,0.7829898163117396,1.3607328595843684,1.4574446382570225,1.4066996944905683,1.3978784161732485,1.0970512134562924,0.9970304254718614,1.1780073671076301,1.1962794003561157,1.0671913860001554,1.0125220439942291,0.6671312268765587,0.6837987967105460,0.9773488000931693,0.9599618106092884
499,1.0104660657668529,1.0725795589117633,1.0066602608793935,1.0620674208741598,1.1436024155324995,1.1571856941505509,1.0411174024846235,1.0227407746418720,1.3512457392601649,1.3854388696975346,1.1890189917974079,1.2441620206189097,0.5588259197663807,0.7650949574040069,1.3590417915473636,1.4596353087116625,1.4206891250923679,1.4150097073881218,1.0969262433721110,0.9861089841917311,1.1780240727268070,1.1951853217637527,1.0666467151237420,1.0123080346159559,0.6598967942455324,0.6769938166075455,0.9793401879510785,0.9629644191857358
500,1.0160879205729931,1.0768078450774325,1.0121196125300493,1.0678910956173702,1.1439562121665388,1.1599658752267661,1.0422900175669048,1.0270246052936243,1.3476218134145441,1.3823020179848531,1.1885852895732441,1.2511866490025716,0.5808847460911025,0.7508543922751963,1.3588038160879983,1.4576753780199028,1.4347323382124999,1.4300733034457387,1.1016139509978979,0.9766535773116687,1.1748219092691259,1.1948362163617678,1.0688279057450525,1.0115087751011802,0.6527996875088184,0.6711517912146920,0.9826830555899720,0.9664005139393824
501,1.0216968337244230,1.0819388228460896,1.0188579735053616,1.0741839810888894,1.1451607480662447,1.1612433180134953,1.0455410177148958,1.0294603510162676,1.3751701283679132,1.3808564161751644,1.3102294002770625,1.2570092826243253,0.5979681589072513,0.7450169374785930,1.3490684563866913,1.4581314283747722,1.4509806345842613,1.4388755690975796,1.1014916398516779,0.9706864396364513,1.1747140820908024,1.1951159844321806,1.0694665934585914,1.0124718173034100,0.6448408825600135,0.6654182296753060,0.9850704926098560,0.9683879643169666
502,1.0264453425318654,1.0861173943347724,1.0239033875734451,1.0791648143386563,1.1476508857042906,1.1634769702294432,1.0473519794691881,1.0326302950567967,1.3732937850865048,1.3825156573872117,1.3096953248265810,1.2625999413155644,0.6109251098904159,0.7334067577268808,1.3442945244442726,1.4557371640117085,1.4445088048782599,1.4538153946704313,1.1022334835428829,0.9546870946614726,1.1721277485036878,1.1967454117241230,1.0719078973292824,1.0151229130709993,0.6389585148123120,0.6606163756417436,0.9872480033156242,0.9709647515012734
503,1.0326267082099796,1.0888220843146634,1.0291445863269106,1.0846848675365113,1.1495780828718212,1.1649837419422520,1.0490293741209129,1.0355852166818682,1.3747870854796498,1.3813938644277881,1.3116765724654635,1.2671206234980339,0.6334710396355574,0.7126755548554760,1.3327995886191735,1.4500283908195057,1.4478014901672782,1.4611396951218389,1.1045680310729118,0.9509035585751150,1.1692460291956726,1.1956005395051432,1.0729113703708679,1.0187166691952687,0.6329588539117519,0.6544853136089022,0.9882852266963460,0.9743054622630805
504,1.0382634459190365,1.0932420364265028,1.0346828550394531,1.0901651991912291,1.1518663093132688,1.1676797973320159,1.0519823056915294,1.0384776962003430,1.3733982513287584,1.3842478486390890,1.3104129184893596,1.2721127994417121,0.6465323699230976,0.7027130437963536,1.3230822573617578,1.4461736794866822,1.4453932285130597,1.4680417198016944,1.1056608545750095,0.9446960873916899,1.1665465530059509,1.1979314025932211,1.0711551358533646,1.0216174425708437,0.6268616422702002,0.6497976320526739,0.9908603059342757,0.9763857417041514
505,1.0429295595248236,1.0979619690147977,1.0403580976332962,1.0957557581281527,1.1552668554959762,1.1707417418375095,1.0555443841996128,1.0409114276614833,1.3732751593223820,1.3887007786213532,1.3104788352350012,1.2777757538430030,0.6526142040580525,0.6938509400426391,1.3096727007954017,1.4352284709698198,1.4397520399235260,1.4931962506760619,1.1050572756577925,0.9372938153388886,1.1637377309452532,1.2012491132841379,1.0719310881491066,1.0255664251461245,0.6208759171897817,0.6445258681387155,0.9933667602854436,0.9790931141153814
506,1.0472408560973041,1.1020770749583912,1.0448236974919118,1.1006032759487652,1.1581556924073049,1.1749728029033433,1.0574244423554497,1.0435999632027675,1.3721778588708029,1.3929236926617050,1.3084474009829599,1.2807813694061216,0.6470960181667261,0.6778155929451148,1.2949434621362017,1.4310941573360942,1.4373198749278264,1.4987003969397441,1.1069318269205151,0.9327171786754451,1.1626556624303859,1.2009548327489776,1.0730354725958737,1.0303910991569929,0.6159371205975035,0.6388196479031121,0.9960089450399482,0.9827818628950313
507,1.0525320516255969,1.1068312789410344,1.0485179710354617,1.1066392126881153,1.1607998250027565,1.1797555786594311,1.0594742058991811,1.0468648293166309,1.3739894168856976,1.3969634872143211,1.3101125478643343,1.2864361512488851,0.6512294386200022,0.6665114088077407,1.2932163372114143,1.4231811407620232,1.4238025353202781,1.5087549286727402,1.1086282293398300,0.9231999717504149,1.1638827660935618,1.2070702241440210,1.0738007696500749,1.0362683499058996,0.6113176865501377,0.6344765869561002,0.9982923052020498,0.9851355196698565
508,1.0567844636691457,1.1118835594337806,1.0536141534045045,1.1107099260807498,1.1645017311803865,1.1839609986769972,1.0631016224271352,1.0489362454898981,1.3728759201174900,1.4016650428425359,1.3089110653642333,1.2881963946240644,0.6497333352572844,0.6594028953054254,1.2759847505401007,1.4122169301470413,1.4132133550441615,1.5198724304513682,1.1039883825973464,0.9121858304028331,1.1626951484393493,1.2096123242189811,1.0756322176372786,1.0396670226513347,0.6072217167468422,0.6286561942431627,1.0007698915196723,0.9875402750117385
509,1.0627208006847455,1.1166654767044462,1.0574476627833578,1.1152322237669261,1.1678531556839213,1.1887501126697355,1.0654526347173499,1.0511511777952622,1.3733504721947043,1.4034768836276965,1.3092556301709954,1.2926422664630888,0.6451476044850473,0.6459037810882802,1.2615187271617139,1.4046540950954594,1.4021042770908316,1.5225298555654474,1.1057645531555007,0.8982121535684633,1.1636185135720363,1.2136371144423241,1.0794135748264644,1.0466907522124196,0.6026829943244635,0.6235932457811705,1.0035060239973821,0.9898436848622910
510,1.0660629830136721,1.1225732727449969,1.0621560457049757,1.1192671877707370,1.1719172965754483,1.1937630816569005,1.0689155497704970,1.0540852014572388,1.3746834290532277,1.4064678352607185,1.3098728506074564,1.2955240363315965,0.6388430945007577,0.6498993776678100,1.2554070846825600,1.3980305066080725,1.3926086746874742,1.5440732005313675,1.1033821447421681,0.8871327788400821,1.1688261106772715,1.2159284713763669,1.0838555569911850,1.0531139452528393,0.5981245294902173,0.6185720604095717,1.0061618830835661,0.9923923678347166
511,1.0702252348627392,1.1251533587046958,1.0665967640695571,1.1223150714275874,1.1778751836750694,1.1979659087594732,1.0721619242179663,1.0566848577096983,1.3726823741337799,1.4120842439394521,1.3098361469649968,1.2984177507087216,0.6288365985212783,0.6448975262795915,1.2346779798963323,1.3877123673291551,1.3852165663344516,1.5468762379804648,1.1048711500005011,0.8730492352591031,1.1720540919100442,1.2199169804378409,1.0876870564935042,1.0603131042702638,0.5944721832947638,0.6142151785837247,1.0076604885442866,0.9937501703137889
512,1.0734906300403848,1.1295092106159947,1.0694598951810694,1.1252363426656875,1.1827469693529893,1.2029290361584326,1.0756852624841795,1.0596425489443364,1.3733148402981217,1.4116755748387728,1.3110975537793175,1.3002509184523012,0.6285860881907768,0.6369769474930712,1.2195593268490801,1.3770087569169558,1.3840751817787302,1.5582485613453743,1.1088436033146960,0.8633946949008112,1.1768015251415884,1.2226928924448461,1.0932096055062532,1.0679111651220208,0.5901886605787288,0.6094653030727382,1.0097865938920747,0.9962724523599017
513,1.0785406794025765,1.1335052128866372,1.0739554030981711,1.1284406298986409,1.1868231646443133,1.2085772693189714,1.0789374190573011,1.0613662532256281,1.3717195031102172,1.4129179586803642,1.3091507626211112,1.3046905037078427,0.6296855501968670,0.6264730595778122,1.2031426258416538,1.3641524802463554,1.3867702835307214,1.5868031402424132,1.1142412473761523,0.8656057631763233,1.1774576003674448,1.2260791342192934,1.0977362028243867,1.0733997049593695,0.5866753822551053,0.6048124741674856,1.0112859590378886,0.9976069766028703
514,1.0814307665936245,1.1362623677171355,1.0778195745201777,1.1310138411150010,1.1933614710941554,1.2127146973433780,1.0823552335303606,1.0648577237585921,1.3741602880261279,1.4140583613438260,1.3107732134286045,1.3047539982010188,0.6165894268078681,0.6181405636181444,1.1888460698358452,1.3516816747090377,1.3978196031303487,1.6015900728634960,1.1208168009544683,0.8662580969843160,1.1803081864760849,1.2279617233962778,1.1036649045735178,1.0790644021761135,0.5849946642801068,0.6022249652864295,1.0129190287601237,0.9988219869751116
515,1.0840283723882203,1.1405680818478141,1.0801614508980808,1.1332332823377949,1.1987913754826718,1.2177711696820985,1.0857496303945280,1.0667415618293816,1.3742542266625730,1.4126417906724371,1.3106765854719256,1.3070530017806725,0.6116975167427958,0.6135506294030733,1.1714666499246229,1.3438962436509123,1.4089705119312705,1.6240362143065279,1.1241431323440654,0.8731728353490386,1.1836607005063582,1.2285599594430969,1.1074036407965400,1.0858035138225559,0.5844357798265101,0.5976664789019215,1.0138823094584306,0.9998172735090082
516,1.0877795110059914,1.1434915164064465,1.0846783217141007,1.1362267971324762,1.2031716430088728,1.2226095490597106,1.0891897060513487,1.0685289671307094,1.3743343984298841,1.4146531274848875,1.3124428546335456,1.3078488832495929,0.6100065720119102,0.6089548106569571,1.1562145863925750,1.3325791369279958,1.4271310756215179,1.6373014980266720,1.1286367374986768,0.8875104457815516,1.1859675946454227,1.2309577411186221,1.1133135391782458,1.0906165410645388,0.5867482549812626,0.5960422251849000,1.0148070994453438,1.0000103125401119
517,1.0898014288602256,1.1475355409395398,1.0871863260471224,1.1371537986454416,1.2089616725913219,1.2276340421135128,1.0923635148218820,1.0719159478481992,1.3731658341851398,1.4136199167166856,1.3109679674498178,1.3101705185297847,0.6038273171928714,0.6040294581723230,1.1422569651319232,1.3248452829933377,1.4431403385784685,1.6789102227580788,1.1303038916004171,0.8938895837565538,1.1875872803592558,1.2324968686299125,1.1185928979722972,1.0956428497617394,0.5897784248733093,0.5942091560159122,1.0151841564799859,1.0003768028182809
518,1.0940083294180432,1.1493375393164436,1.0892585272422082,1.1392605299895837,1.2138078426696732,1.2318651031793466,1.0951661111255393,1.0740634023932090,1.3749595762517430,1.4139988102909038,1.3104646032103739,1.3121734240273994,0.6007168139224769,0.6012519595191005,1.1289880304279194,1.3136340451028017,1.4663086523090010,1.6989756025235656,1.1358929791950878,0.8941024505781093,1.1914166638823969,1.2294710197300314,1.1219549400679034,1.1028558393172156,0.5927325284137497,0.5935884182838799,1.0146551624266833,1.0003620410100200
519,1.0961497418841020,1.1528814553542328,1.0921397539857456,1.1426060769603188,1.2185943434690298,1.2368472452882573,1.0992931033098499,1.0757669640594696,1.3724289017785443,1.4105247507410497,1.3126001559583718,1.3126876665562910,0.6024355931345293,0.6014579181056742,1.1171325257249942,1.3099014901150323,1.4850787512070158,1.7265400175424819,1.1437208925531801,0.9020574896997886,1.1928017115814271,1.2316503081863008,1.1264871783962644,1.1075138189484086,0.5962521939882715,0.5966037735010512,1.0151345237205569,1.0001156323644347
520,1.0970795997750349,1.1536809096705416,1.0937409660917361,1.1436887372704536,1.2255611838316520,1.2406789974451133,1.1021263448794643,1.0779886944974066,1.3744121407497008,1.4097550533820289,1.3101207874575396,1.3145704983093847,0.6000835794759313,0.5943847117896286,1.0994754677778458,1.2981771955752683,1.5207186333552998,1.7567691382922284,1.1507989854061835,0.9119626635737829,1.1933081955810176,1.2303595050718030,1.1307010130362272,1.1108513461571945,0.5989409362868482,0.5990644908414888,1.0150886893865945,0.9986848724868423
521,1.0992602685937150,1.1560524055387136,1.0952072149422070,1.1445891750014461,1.2300559681559236,1.2450405685656130,1.1061960940198174,1.0806127736705913,1.3718741779340191,1.4067574022555531,1.3111177782353667,1.3152978560183426,0.5899587869514927,0.5953144676947327,1.0830767952143106,1.2874084351123731,1.5410902561325466,1.7838603132223358,1.1562684207925951,0.9171092339852621,1.1927143867539114,1.2275908492971717,1.1338129703450797,1.1162452559973475,0.6013329617482426,0.6016538024458713,1.0143467302788027,0.9969600119677448
522,1.1020714116910302,1.1585523133597830,1.0970582473014316,1.1463319577065931,1.2335381828972549,1.2492589531581459,1.1094783176463310,1.0848787277515035,1.3733334660622445,1.4072874066265615,1.3088032015986382,1.3166331263500859,0.5944610142802293,0.6012343059259656,1.0660471271145797,1.2783417197239009,1.5714056689659210,1.8336451705650061,1.1638783012378602,0.9208721700566305,1.1895312069543860,1.2212480959544152,1.1346867001514322,1.1185331181603166,0.6044490691978294,0.6046799740030006,1.0134166224962364,0.9967297845350608
523,1.1023360685298551,1.1587700001794397,1.0990354464283862,1.1473421262005024,1.2393812518388105,1.2530927220266634,1.1126827716828214,1.0883850534630530,1.3724070367510959,1.4057480119085204,1.3102960660766316,1.3163244551010811,0.5932362971088883,0.6083192813041011,1.0544295978710199,1.2694053044368199,1.5986913332665689,1.8483738582520814,1.1699300440377984,0.9286212090284173,1.1855165429276464,1.2179368352478308,1.1336243098919145,1.1184785239311654,0.6071305532567490,0.6075583222473708,1.0121081915372059,0.9938637226850264
524,1.1040331508508616,1.1607183924136826,1.1002898255872309,1.1487954381600365,1.2442810639962580,1.2568319935487564,1.1155940719487414,1.0916204610024334,1.3712182271105660,1.4029453904803650,1.3114196469682473,1.3170065494089631,0.5882191318785651,0.6072659502470528,1.0367473001024234,1.2592066069175112,1.6336260668411613,1.8608018710458718,1.1812704144427795,0.9374105487571609,1.1790507089598601,1.2072725924024463,1.1307956566522668,1.1193651342125832,0.6127040103246442,0.6109546529941727,1.0110603325651779,0.9933564274665229
525,1.1057817840964639,1.1616001403867906,1.1014343743128128,1.1501789891594361,1.2476107905801586,1.2612733688307183,1.1191497901186074,1.0953536429157713,1.3679643870999059,1.4005253845672354,1.3134413435192280,1.3182248892879265,0.5811561322824792,0.6087900437876982,1.0278773057078991,1.2495589702436698,1.6619455506608658,1.8784136829663045,1.1793905453041342,0.9456402547453635,1.1726387885812357,1.2034445267012379,1.1308119529040352,1.1211580086979136,0.6189025469918089,0.6160284177961228,1.0111702336753423,0.9926975398324174
526,1.1056942122329243,1.1629356670072877,1.1023989720310345,1.1515868696040070,1.2531271852872179,1.2645559992123137,1.1231860029301775,1.0991525401106486,1.3666589639796509,1.3982490455692809,1.3119971675465378,1.3165212251640923,0.5766886980552012,0.6113615838543470,1.0125423113339513,1.2403212359721214,1.6742019890052873,1.9063858125232713,1.1856470263270933,0.9537017272778205,1.1678511099944016,1.1988513316086127,1.1300353738293789,1.1202801334931598,0.6268154798659811,0.6219224217115522,1.0099349857136330,0.9915949463077013
527,1.1080957519586596,1.1635017796694846,1.1024834183138179,1.1520732102477937,1.2574996174535509,1.2679126717220528,1.1245202284244395,1.1027767001201303,1.3599966091345288,1.3955841359510084,1.3152780237500559,1.3162169545235256,0.5709617535551236,0.6201118815182071,1.0005245506360043,1.2269817630921955,1.6949560652462314,1.8988649354195892,1.1929271984651559,0.9553325617978022,1.1624422861127173,1.1924102160047889,1.1282070597367460,1.1204082479509017,0.6373663473611302,0.6285615512685304,1.0089957617099472,0.9909133481993482
528,1.1096286909590909,1.1650725519104459,1.1035578464653029,1.1540672317132838,1.2604577671637118,1.2723603852406651,1.1282858377554832,1.1061430346572132,1.3585559467704260,1.3911222733108057,1.3149199759725945,1.3158598765817036,0.5689715881516945,0.6174285353617039,0.9864479416456698,1.2202713078705476,1.7033521139414591,1.9233132464691194,1.1948682231769112,0.9616910997578152,1.1564070015118992,1.1887240499588907,1.1254674091029102,1.1218939389068736,0.6477955667596264,0.6361444064868413,1.0090930014018900,0.9891036072827507
529,1.1100766879063113,1.1664285990571883,1.1051314124668108,1.1547161824242886,1.2652707876426217,1.2748997133241635,1.1305877019776536,1.1104125136957559,1.3519624262709748,1.3882459574546593,1.3174974705379610,1.3143825294632494,0.5684844847312747,0.6213770556928742,0.9771308418426411,1.2146765472670622,1.7188474550565667,1.9321810376717183,1.1927198013041740,0.9675655373655810,1.1473373689914952,1.1820491224230218,1.1245798901604460,1.1213116004625927,0.6574316057283944,0.6454867196716484,1.0087736804343386,0.9888373269721987
530,1.1114243455501405,1.1672369385498098,1.1051140708194533,1.1561372206300238,1.2692978612547732,1.2802359323805010,1.1330190858144349,1.1134344095158060,1.3495289296975468,1.3849364076885029,1.3179461538406796,1.3150621091377384,0.5654435676637972,0.6325105884299442,0.9698221106891042,1.2021025874828095,1.7304226481687774,1.9498074108256529,1.1941901939967776,0.9692375719155412,1.1440972382175030,1.1754854571168847,1.1224406937263849,1.1205895007916842,0.6690714995016951,0.6550907281926607,1.0084290366303439,0.9887408074566468
531,1.1123160255596780,1.1687569383546996,1.1073343043376329,1.1572807045530875,1.2729630015130227,1.2842661865851823,1.1364510664953422,1.1161239521878419,1.3404298390156710,1.3806889288388204,1.3184884688843661,1.3140826594311206,0.5592016852621331,0.6407253937687126,0.9518225123080208,1.1948899339537165,1.7315640327244988,1.9645069760457248,1.1955037093496641,0.9817555143573378,1.1372752708227183,1.1699868454736155,1.1198514700319500,1.1226597139611032,0.6808536547722750,0.6663968079876142,1.0078815569064377,0.9882423125469143
532,1.1138209243082369,1.1699492443951116,1.1072656917328714,1.1581578058774871,1.2772070543215186,1.2884188839978834,1.1383137782742223,1.1193314118488666,1.3380376430496457,1.3755459510308192,1.3168892387486331,1.3125009550268525,0.5581648508386683,0.6445209162927138,0.9434212574546705,1.1818924988399424,1.7449140489416797,1.9657665227436307,1.1948894946806017,0.9857004172277778,1.1299901021689376,1.1615035035805836,1.1195863425512560,1.1211878535431830,0.6928965260113379,0.6776193616017814,1.0079810756536602,0.9880742550374828
533,1.1149492209047271,1.1706310759011882,1.1079384973846900,1.1579480264777933,1.2803758546681303,1.2918784088023592,1.1404413114079768,1.1223908232894122,1.3299467730778920,1.3709806184361641,1.3199948163330590,1.3128165415176882,0.5633698988168676,0.6543010068894425,0.9368985664547947,1.1722475767515466,1.7552283407907638,1.9844413047096954,1.1923050069822099,0.9942906234782921,1.1238841983597809,1.1538191534967128,1.1188185383813982,1.1217185094505340,0.7040840862892080,0.6879339435672547,1.0078962441515746,0.9883896467485950
534,1.1169124699242747,1.1704650077248711,1.1097244357342693,1.1590602296856365,1.2828587596662981,1.2955799390062153,1.1441823467049981,1.1258986596970890,1.3245185775598596,1.3652123545724788,1.3184779821293777,1.3125405605027940,0.5586032439170461,0.6671469381605968,0.9247834521598348,1.1565979916573721,1.7545889264061452,1.9912341201382873,1.1897657212291601,0.9965875251495927,1.1162216345818676,1.1490695462840297,1.1149481785864004,1.1213734739222976,0.7160622140305296,0.7011605246125230,1.0074019423841996,0.9883717622501250
535,1.1162444648469796,1.1715418064732204,1.1099496258216917,1.1593581412591658,1.2866715663220598,1.2993811523864829,1.1461358378566189,1.1293886195339258,1.3182352165238436,1.3594798213405468,1.3170780003384244,1.3116132894390835,0.5576707887979568,0.6774389829582372,0.9182319156497329,1.1457613665583357,1.7694747323134850,1.9974226443765541,1.1905953098730884,0.9911903212224110,1.1096882187910475,1.1426727743224905,1.1144486357918073,1.1198128068916244,0.7269199598983810,0.7130651085518175,1.0066470686298217,0.9880631836812871
536,1.1182706965861173,1.1729116044880654,1.1115606397283624,1.1605001356243618,1.2907137079339575,1.3016188380257536,1.1472645087839428,1.1324445060168409,1.3097021871081327,1.3552732838397485,1.3191026931051160,1.3088346195396934,0.5527788787328844,0.6906438706231343,0.9072994672740428,1.1355708127953641,1.7742852797865516,1.9958864342421139,1.1934377145537274,0.9961034247973455,1.1062050971926640,1.1339830329308256,1.1129349647140874,1.1206266248675072,0.7388586028159680,0.7242401904517246,1.0069689218810174,0.9881284762947486
537,1.1202662997424406,1.1746230586873083,1.1122181143586043,1.1606694487019844,1.2927038893404266,1.3061659466191116,1.1511856572950325,1.1346450867089952,1.3035257217618648,1.3477854833229319,1.3157147221899306,1.3080745715966249,0.5613588575525633,0.6935743670835259,0.9057165699003858,1.1253151089816968,1.7780500560698209,1.9977065884298393,1.1898534661818834,0.9919387884336869,1.0999663077764184,1.1266792319225594,1.1111480180297897,1.1213640109225780,0.7502888786279716,0.7373273608930904,1.0064429665680878,0.9882809203531350
538,1.1205158579841035,1.1742005897088301,1.1135976549722886,1.1618889000762980,1.2960978056032457,1.3074889094690576,1.1525216174269906,1.1382246811827206,1.2958648639965973,1.3434486778938661,1.3151971259258597,1.3042542148141374,0.5507956719497471,0.7008241093309204,0.8944055242029783,1.1238139432302523,1.7877607885465081,2.0112922192870233,1.1931239598742929,0.9889861196185621,1.0925474941692226,1.1201341103213776,1.1081043796225816,1.1169637160529793,0.7622362314331471,0.7479360872146428,1.0069661363690086,0.9884279706738875
539,1.1204371295846161,1.1748955374275587,1.1143652113640159,1.1620398419402196,1.2990734341931121,1.3109086762436353,1.1535528595370736,1.1405942080584490,1.2907265825462142,1.3351472611164990,1.3153963742706396,1.3033439175258306,0.5553605268611090,0.7115986856742478,0.8912685749658904,1.1159769350486595,1.7882747103883512,1.9970149298385036,1.1873434287464082,0.9882170523922970,1.0873953293458014,1.1087555317111932,1.1055715660304219,1.1173684412717546,0.7734232110518446,0.7587425121943159,1.0071945483537281,0.9902010909507610
540,1.1226331126947033,1.1755350585702422,1.1159307348624017,1.1616614942418373,1.3008749642427597,1.3133604214206913,1.1561250381334878,1.1424234092859664,1.2821635899447408,1.3288303831777668,1.3141109977306311,1.3016779729028929,0.5688741674676104,0.7249742247394487,0.8920726435634427,1.1018285157059298,1.7916092265249612,1.9909647373185038,1.1826397674928533,0.9867853513505446,1.0798345179756019,1.1029021709296487,1.1049754992830465,1.1170481551274001,0.7854338557068300,0.7706960701173089,1.0067503858025109,0.9905488450876758
541,1.1224724204820509,1.1760630919053856,1.1163718158930114,1.1618817005466044,1.3044861610619181,1.3597116579436834,1.1579718490668243,1.2156664896276532,1.2776893574761252,1.3216373603729157,1.3099672314023521,1.2999824813375862,0.5669814227482652,0.7344600887839292,0.8980977495119185,1.0979765189585518,1.7954098578204523,2.0013760192722940,1.1793719327384051,0.9931507559822207,1.0734651209912460,1.0956540010362483,1.1029817155570729,1.1171806371234740,0.7980881610546072,0.7815367468401823,1.0071497269332232,0.9911444272748166
542,1.1243677258143694,1.1766505713010962,1.1166249034131388,1.1630956902087366,1.3071682650167298,1.3597508397702496,1.1598238639132477,1.2161977510991002,1.2718392479099210,1.3121173801751260,1.3099118014116991,1.2996090582787090,0.5571488922760786,0.7360489121660693,0.8916579893539427,1.0913393575439365,1.7834163562323224,1.9831453549280347,1.1749235295291358,0.9940056566042742,1.0686630148242136,1.0896853467847643,1.1006400695337348,1.1161098623090522,0.8098151537037931,0.7917104159323142,1.0077620331184247,0.9927412574953438
543,1.1253892537594998,1.1774648342445924,1.1183020166423454,1.1640964248361507,1.3098346982518054,1.3593881197728450,1.1619707671679371,1.2165837339596348,1.2686007944000579,1.3040318359646021,1.3068406803079493,1.2979996929071165,0.5695004432938644,0.7502188629223403,0.9010652313764280,1.0847537732527888,1.7846772574954493,1.9941390862218973,1.1693450776863106,0.9922409219868624,1.0636270299887047,1.0836078490476728,1.0979768859274279,1.1146350901989104,0.8224775882799863,0.8022945050350735,1.0084890517527147,0.9931875183143072
544,1.1256170268824006,1.1779776358489145,1.1195513692367387,1.1641937426168372,1.3118619469376502,1.3605955538547536,1.1635660556353995,1.2156123563497570,1.2649323286837089,1.2956857558975430,1.3039276095829533,1.2967882682699843,0.5814901460564813,0.7547617208890518,0.9098522949290522,1.0744736381701105,1.7775361342279778,1.9812523945728000,1.1687707470866679,0.9917671216421099,1.0581513836303127,1.0798289644769981,1.0939485778460594,1.1137200909183338,0.8360789487382221,0.8149829731674330,1.0080755298335939,0.9945748444099012
545,1.1262267945134994,1.1769346853912794,1.1203900515154532,1.1640892253064572,1.3137345979460997,1.3603846634352936,1.1651194236918829,1.2151989291762424,1.2647679360699298,1.2857310530134207,1.3021695800145385,1.2972063260715894,0.5789780841311738,0.7546499147991975,0.9171105464396935,1.0700787243336027,1.7877727402172485,1.9752458857533057,1.1605493109103018,0.9901465871296228,1.0547009139239569,1.0736837419044176,1.0942130785478390,1.1132789695467911,0.8479647516711053,0.8242525765114114,1.0093819349657092,0.9952987407765402
546,1.1271352986741603,1.1783292349687093,1.1210603438850462,1.1645897167499866,1.3149475719256634,1.3605981467697470,1.1670096005676114,1.2166640526370716,1.2641362797214195,1.2776023342895280,1.2994377803400567,1.2956535399513418,0.5871892560753921,0.7702792292546193,0.9248591716241783,1.0623855891806295,1.7833446462078792,1.9781217293699120,1.1552021866701103,0.9929928225339698,1.0497636441108569,1.0682770425378836,1.0933255596053746,1.1131763323959865,0.8613204932993448,0.8370392930650558,1.0099630940620852,0.9969619991342414
547,1.1278408345501150,1.1782530763146022,1.1222443511415714,1.1648809253131116,1.3186901617026079,1.3605341881999107,1.1684904029471588,1.2163805453305079,1.2647557888324585,1.2710115215073534,1.2973883687937495,1.2961973294226026,0.5917958627085043,0.7659835215917963,0.9195083294772376,1.0570161391691331,1.7748410324759865,1.9741683544741722,1.1498444266780736,0.9898925202780887,1.0463450669502021,1.0655575678937859,1.0909193553538772,1.1146285388914123,0.8732780076400403,0.8473235291878691,1.0099623343769919,0.9982000038616582
548,1.1283789916918170,1.1775348578960076,1.1231772815037495,1.1638288009392637,1.3196587327262894,1.3608634884040676,1.1690284297391029,1.2159502487169047,1.2635904638510400,1.2606496382988750,1.2934408545945395,1.2948714889660835,0.6007376897833521,0.7743454402066888,0.9237954934345910,1.0529931235386791,1.7717335980834468,1.9521226469524398,1.1423994003864097,0.9886908527370496,1.0447648672453327,1.0593293017729273,1.0907494982681372,1.1157262468588820,0.8844992461499193,0.8586383221455667,1.0107853265614026,1.0000440943705551
549,1.1292389646473142,1.1789590247278128,1.1239586609477183,1.1648630506186999,1.3213849227772065,1.3605399502332294,1.1714577898319061,1.2169437832033168,1.2620121327955953,1.2560277322039437,1.2918206509488295,1.2964582226371382,0.5914618489345022,0.7757106514091202,0.9285297628004489,1.0459569180635533,1.7641502629985755,1.9559522513634144,1.1385545760943576,0.9853673836521184,1.0444687221781059,1.0581747545774491,1.0881182803864529,1.1182717937834457,0.8961739794735740,0.8719971029014324,1.0114292862921583,1.0014473177981225
550,1.1292217091077006,1.1783814882674997,1.1246425250413301,1.1640028309501336,1.3231198522679761,1.3610294349636427,1.1727972192392553,1.2152346823179228,1.2617262678071026,1.2498761084370711,1.2877031015080216,1.2962381922152406,0.6042239585494988,0.7718798216988493,0.9383516590324343,1.0452728425312494,1.7667377997139018,1.9543869187619705,1.1308649275102534,0.9842275161560470,1.0474734555909693,1.0544015137430649,1.0875121851764509,1.1175795389578065,0.9085187934823724,0.8831066858538164,1.0124107994327045,1.0023389877932649
551,1.1305879164566144,1.1786829496066740,1.1256332608946991,1.1631118270856362,1.3247396622406855,1.3600631419761167,1.1738018635713379,1.2172899843991649,1.2617570408086969,1.2487133741287635,1.2875053512710972,1.2947677603386176,0.6159074820192805,0.7769464029285625,0.9560988591990394,1.0421809297086535,1.7599970574162385,1.9494215381378550,1.1227790971699141,0.9774226445379337,1.0470960604668365,1.0498010624180658,1.0868183409184651,1.1191503969112546,0.9202977551275032,0.8949484749305771,1.0121839068181717,1.0037518631723874
552,1.1317796271611849,1.1789275035070850,1.1268501921483809,1.1637396757268494,1.3255075275077486,1.3591440976618032,1.1751918865781446,1.2156186509169542,1.2611496789351291,1.2499014176345631,1.2831031613377466,1.2917363697832196,0.6165963854281599,0.7721093184096028,0.9428731927603747,1.0457288928861186,1.7588496970251468,1.9440775654426927,1.1218989887047208,0.9819752478505565,1.0438498549222344,1.0424819426970104,1.0866804495573477,1.1197480217396980,0.9308645907498979,0.9074740970557916,1.0127351849675446,1.0056266128215183
553,1.1313836125270507,1.1779818668852537,1.1275647182851463,1.1625306512576092,1.3274799286745174,1.3600654467894442,1.1761861230840531,1.2165580521254700,1.2647695557015928,1.2518226834794686,1.2817159134635649,1.2900754544270683,0.6208063507046446,0.7775937013435085,0.9521289958541731,1.0475585234764870,1.7518400421358213,1.9508849421047865,1.1154563820244703,0.9639433680633058,1.0332615297493850,1.0327094101855641,1.0871893940356534,1.1188519484585606,0.9408194116044060,0.9204909612874305,1.0133282457970489,1.0054909177378897
554,1.1315479715418710,1.1787049509956384,1.1276036741596445,1.1630075580349009,1.3290798488875617,1.3605376454199019,1.1766819403587356,1.2164737049250272,1.2658466107573862,1.2562733802972481,1.2809324030551450,1.2926793573056372,0.6245570470418764,0.7820424068135005,0.9628523142807239,1.0404598825361111,1.7378147565218003,1.9389811337170610,1.1117046205610639,0.9595074981689555,1.0214157270603110,1.0158717260861456,1.0852476329595557,1.1207256224030349,0.9509623660308260,0.9317883279196402,1.0142986168895602,1.0079456361231161
555,1.1315917574736409,1.1791978667291656,1.1289950271997895,1.1628474305641288,1.3291681473660741,1.3595313063008116,1.1775053150516195,1.2156488648395010,1.2659632242371111,1.2562860348959941,1.2806282871604808,1.2918375837772924,0.6245013780795428,0.7765462548175051,0.9689819852037692,1.0426804134306533,1.7447108705390906,1.9476669095008876,1.1019702486847134,0.9545428945565479,1.0056076552410067,1.0023985150640531,1.0839972090257872,1.1204985104097653,0.9607090205719683,0.9439510017484873,1.0144470087111186,1.0095995264101902
556,1.1320710300864112,1.1780320046658743,1.1296834152014075,1.1616714246276216,1.3314702363672883,1.3604379622434903,1.1793660030865214,1.2163860845496415,1.2667997639909718,1.2553220522268145,1.2801249229210370,1.2901496361121652,0.6317661776640884,0.7700438480128209,0.9672728887228731,1.0384375163791018,1.7378207323571704,1.9347874984685414,1.1041665314407543,0.9474496227285854,0.9906637195409440,0.9845796270980864,1.0824177261620795,1.1216420775297222,0.9693762297113064,0.9548598815038734,1.0148298899981427,1.0102127092148727
557,1.1328882955813644,1.1776112281019320,1.1296339035415612,1.1617727145626215,1.3325810493085732,1.3604918372550192,1.1800647729715987,1.2173692959458502,1.2691320335854719,1.2571249603540369,1.2786799978944192,1.2902565080313724,0.6293306605619897,0.7681490290163427,0.9625133795355674,1.0404653117070024,1.7377071914851354,1.9327416451615378,1.1020500168235525,0.9475766561543523,0.9747387083874015,0.9695721260529527,1.0831485503760014,1.1209418155504742,0.9775707822841742,0.9653943957151586,1.0157597445523445,1.0121970369022479
558,1.1338520174687892,1.1778892071894231,1.1305540161643883,1.1619450067559793,1.3328375066642524,1.3609029583322998,1.1818205154259118,1.2167476444894509,1.2703184137785075,1.2587946230003457,1.2766994993094645,1.2865411371930475,0.6310563983943339,0.7698437739572921,0.9758796678365842,1.0349221282269845,1.7425356664643126,1.9379254442881804,1.1044324252368851,0.9470925558021051,0.9568226911665031,0.9535414962431109,1.0823982960157403,1.1195463870533657,0.9853826804623194,0.9767749880742671,1.0160043631523878,1.0138571725697401
559,1.1330095157471507,1.1774047535285745,1.1311484074107654,1.1608896550067516,1.3357992726943524,1.3615235293207111,1.1824461414214880,1.2170706816780130,1.2746565971874437,1.2626044016110491,1.2749557017656767,1.2871905412668192,0.6347305499083570,0.7669250465589904,0.9700132121943521,1.0355817724902774,1.7507823192752838,1.9288610764333070,1.0989523540986281,0.9372800819955625,0.9414398532898837,0.9369174678746993,1.0816392667506809,1.1182805288601099,0.9924159146900509,0.9853995169213079,1.0163112759300819,1.0159911055062205
560,1.1337754460117533,1.1766380897438953,1.1324171122782964,1.1596168278088472,1.3363474465251166,1.3599787281879996,1.1825655423162074,1.2162826018649189,1.2743909775947369,1.2614558106778104,1.2767908838886490,1.2852505016040323,0.6318983914496309,0.7685315235342653,0.9774012685010107,1.0379326034862106,1.7491807953960516,1.9194181165073865,1.0992900392197142,0.9437347533588585,0.9217568371678649,0.9177094145331678,1.0797727191442836,1.1187078196936011,0.9983868329615689,0.9943863931569406,1.0171304696890260,1.0171916379511290
561,1.1356401227612578,1.1779791167116331,1.1332663503423590,1.1600316696749868,1.3366005889208517,1.3591694506084049,1.1849041230362696,1.2166401332817220,1.2754016277523534,1.2643492474616722,1.2748321078675990,1.2834343076358561,0.6372286945930810,0.7586043196614126,0.9767017648780280,1.0319360842367691,1.7491927470667923,1.9161054358857259,1.0980110900603248,0.9393229168153290,0.9080491172868927,0.9045409652707755,1.0790957979169804,1.1185636909286414,1.0034638264369182,1.0025395098541465,1.0177397371338541,1.0195007254202435
562,1.1350588267705215,1.1762801440695911,1.1348386597027540,1.1593469695751584,1.3393890729538711,1.3603812062153025,1.1850608186414462,1.2165683752156735,1.2768301428789848,1.2649752779055179,1.2724755842109168,1.2817815648382325,0.6329908948354294,0.7580217510879613,0.9814504569989988,1.0288686026831839,1.7489118828043897,1.9047986380715747,1.0959477542023495,0.9469483556971804,0.8947142364520959,0.8883539233408759,1.0790105559846532,1.1170466992812893,1.0085628849608252,1.0091197504491314,1.0180557661326679,1.0186908131323920
563,1.1363866405437950,1.1749393286536702,1.1354999042563345,1.1575796091651953,1.3406134986132419,1.3610703454002047,1.1865624366733418,1.2162528915077480,1.2801633448411245,1.2637142843598883,1.2708973275851605,1.2800904738813639,0.6395737496313874,0.7393207114270687,0.9817749689890424,1.0291264883005209,1.7457148108812957,1.9035099689066650,1.0956871782821413,0.9450462876465070,0.8810930820523131,0.8724942181158396,1.0768243511320295,1.1144145295131391,1.0128037292276766,1.0150513111005259,1.0177713906794084,1.0208795350879947
564,1.1357421461392236,1.1748494191314602,1.1370224506286608,1.1576041868700115,1.3404929546152728,1.3589254284973631,1.1884664906506357,1.2165265792894839,1.2793826823796322,1.2645331113375697,1.2685430510902616,1.2762449707649453,0.6361153153464073,0.7366726724568353,0.9758688507702494,1.0269629637003375,1.7490433511825356,1.8873906834201672,1.0929032702366512,0.9442703537485788,0.8631808615630459,0.8601142794380686,1.0725610009578472,1.1121616076568268,1.0164917859622431,1.0202873210018455,1.0187022581470679,1.0205854344464895
565,1.1367653996383156,1.1740362139470488,1.1378686727540526,1.1567712757623523,1.3428649591353092,1.3600910878377119,1.1883361037171769,1.2160162157811318,1.2809278109859883,1.2662444597209241,1.2668254704339450,1.2755427593899185,0.6417865908841512,0.7321886598005735,0.9784361011803719,1.0282415334452388,1.7501249773845542,1.8894947816611780,1.0933021109308474,0.9474839560869007,0.8518825475751782,0.8475214912773325,1.0706850516677373,1.1091603808996133,1.0203673956095491,1.0250110570246003,1.0192003583399096,1.0206984190558710
566,1.1371251776392610,1.1744910503535224,1.1385859635012661,1.1550788897650608,1.3435442245638649,1.3595897909389953,1.1881100226041730,1.2161531855633436,1.2807520809505695,1.2667729753156094,1.2672434425256260,1.2745318767658869,0.6411324805767304,0.7321945443316185,0.9885140013156140,1.0205945462448416,1.7510572077023161,1.8718756891239943,1.0921055888482587,0.9508589252093050,0.8367434598692762,0.8350181966492065,1.0688855694051562,1.1063556933673446,1.0229176506954683,1.0289334825288023,1.0196480660882290,1.0202586874982538
567,1.1381367836491134,1.1730692105917040,1.1402877068962844,1.1549999431980753,1.3434715968050885,1.3605895037197691,1.1902283043368838,1.2169198638479672,1.2810177005432763,1.2665422149855357,1.2659453320688459,1.2717444056496208,0.6483346525786506,0.7222496868656308,0.9852111903947260,1.0189060740976470,1.7523957948252564,1.8645222662055829,1.0883325558811618,0.9517378591821793,0.8269061282130612,0.8213305236480657,1.0651418189508206,1.1046305157261622,1.0256182965070826,1.0342668394897436,1.0192806317314353,1.0205110576433289
568,1.1382021390054005,1.1726183936697527,1.1420399672640393,1.1533971789324873,1.3446255042256474,1.3612374443664434,1.1908293562984376,1.2161864208781450,1.2809496760134369,1.2655826986453251,1.2636562232656607,1.2702035640379907,0.6439715976557483,0.7259922486102274,0.9832677241432428,1.0132054446617813,1.7461749502048065,1.8619449278757636,1.0877396127157899,0.9500761246397138,0.8165744620984751,0.8096770144557178,1.0631574369085595,1.1006982753811543,1.0284167833892748,1.0372091844121984,1.0186883305870240,1.0203384580390480
569,1.1402268608848216,1.1706503271165321,1.1423332672997781,1.1523165046995094,1.3445420275070539,1.3619216858230250,1.1911453494653343,1.2164628782694478,1.2824867064614789,1.2650705595901934,1.2612120602994326,1.2680491518784409,0.6430600183975342,0.7189837721356763,0.9839636220774474,1.0135067636462485,1.7482903959258815,1.8562660468100596,1.0852535057219665,0.9511782254416383,0.8039837406633764,0.7964601903108334,1.0592939716816174,1.0983689216040302,1.0294907125289394,1.0398585867941252,1.0182672118169702,1.0212761167445417
570,1.1418279592667271,1.1716253694409213,1.1442948840769334,1.1513872688497424,1.3441336847139336,1.3609179396189282,1.1920097772503493,1.2163223835296055,1.2803868540105974,1.2675047088783922,1.2607978334773902,1.2684621804132599,0.6414664943507326,0.7226027587283287,0.9855393080735478,1.0047413672422434,1.7439160844348447,1.8484757868865942,1.0792123986738735,0.9503885582003839,0.7930180203663945,0.7854145921418030,1.0552694242737339,1.0954171936145807,1.0329221179092307,1.0428991801378651,1.0183593869416243,1.0205482460449093
571,1.1417203278383865,1.1704042923534022,1.1461876369211046,1.1507331046862006,1.3447761842231087,1.3625889292813165,1.1921349602707212,1.2154565028659534,1.2810581913348476,1.2664179021625603,1.2578113554674755,1.2652258472363229,0.6361013981058239,0.7213317000226166,0.9849191296036868,0.9984218123247692,1.7401991148345375,1.8507254974626230,1.0750032998811221,0.9550578949312790,0.7811813298332350,0.7720421621249023,1.0520634501277559,1.0915300844990046,1.0352496902024702,1.0468955172984464,1.0173449541137016,1.0200406669454778
572,1.1435530818396056,1.1690192626077356,1.1484453183444470,1.1488038789879533,1.3450323402187929,1.3626511592411572,1.1922942578324414,1.2173307731946030,1.2817100930791436,1.2689912520369648,1.2553941584426460,1.2620674676945727,0.6280850675297736,0.7269455426395114,0.9853121496805174,0.9964673108039009,1.7411731759998914,1.8437142635315040,1.0772341488306600,0.9528296599766093,0.7698298616025319,0.7577143281787826,1.0483742294389533,1.0873445269307347,1.0380502093917663,1.0476851101153781,1.0169843569227475,1.0210947168314897
573,1.1461140196125224,1.1688229425215926,1.1501246935276566,1.1480648100259558,1.3455940752493287,1.3618124952916377,1.1936628869743346,1.2157971648426680,1.2803066822432865,1.2692458327882077,1.2509754893228850,1.2592787392616100,0.6319401431713811,0.7320297774623595,0.9883228998103660,0.9911304358177523,1.7435396068065179,1.8478205313790130,1.0735754501958994,0.9562664291439813,0.7602021095323542,0.7454206580414559,1.0446298522057036,1.0844131807868349,1.0391447519320571,1.0504462813435371,1.0175095525505837,1.0213252281451020
574,1.1471234686799232,1.1665187201312153,1.1522061938669776,1.1473825925225734,1.3465918781925177,1.3621760795940403,1.1932121702797398,1.2174979568993616,1.2795859461533194,1.2686227798970082,1.2491560373323953,1.2569985954324048,0.6316061293973790,0.7314825160751779,0.9823951474589034,0.9844471264505610,1.7479019666268141,1.8454907340187243,1.0726926827927450,0.9583882306878733,0.7499205602752989,0.7312323050065217,1.0420870101509172,1.0803470025996424,1.0422916343177901,1.0549203401855956,1.0165520961046586,1.0205757824949344
575,1.1485983859284035,1.1669041675417247,1.1529958671422911,1.1453081349322305,1.3461247702003876,1.3622472407055248,1.1933607709090033,1.2172270387271924,1.2773006458770420,1.2678970014395177,1.2473598060136655,1.2537289433630092,0.6280641916688985,0.7375788902377597,0.9811187336313988,0.9823813269264210,1.7359562717216466,1.8367103102171360,1.0658166692248010,0.9584019640311995,0.7374156449750634,0.7164836095827207,1.0387469053173068,1.0771259430797129,1.0450863469153604,1.0557901541905488,1.0148975019714468,1.0212082692027273
576,1.1502682907745183,1.1655578517785625,1.1567763462661824,1.1438952892947674,1.3444859745479982,1.3612622211097134,1.1942529528971493,1.2171076937331329,1.2742816524574947,1.2674347363912084,1.2431748417193607,1.2490762429274014,0.6258443917958428,0.7429279289576310,0.9840970325622431,0.9796178789427490,1.7318508728222717,1.8313372150549700,1.0680102930428805,0.9552261283870245,0.7282260357351162,0.7044785762442635,1.0357308451823224,1.0721804338416563,1.0478334454607803,1.0604628130523908,1.0154009199599416,1.0208562568518911
577,1.1520971622793243,1.1641476473666772,1.1585763589962255,1.1428590535381742,1.3451797052563101,1.3606269569363398,1.1945232672713930,1.2162868821706130,1.2716027816871454,1.2661357790493410,1.2405171983837253,1.2453973342732767,0.6217457644440255,0.7396855523518564,0.9869743722072961,0.9717862999320476,1.7293768769789803,1.8352250643999519,1.0631843206431055,0.9565101959880207,0.7164683172198839,0.6909650528200942,1.0314975803960202,1.0660877178683656,1.0505407688528792,1.0620582231961910,1.0144173809924797,1.0205422845454193
578,1.1550316824848774,1.1617581695940631,1.1601071991998966,1.1409318139170836,1.3456775519679223,1.3600458558761610,1.1943879655311298,1.2169828095199398,1.2682161318801317,1.2656779803300009,1.2357989076928668,1.2433284196490926,0.6184891301475051,0.7394501711100578,0.9806283599575552,0.9670710650129528,1.7284745258380698,1.8227606485224070,1.0594564896213510,0.9595933315647440,0.7079568042492537,0.6787584574712533,1.0263567397420006,1.0630901307264291,1.0527414671169124,1.0643065196380097,1.0137232820455662,1.0214966922256705
579,1.1553107908381288,1.1613151800893395,1.1613841978987725,1.1403580858783950,1.3435876204031336,1.3605033613216564,1.1950474169617717,1.2174405504465229,1.2623611634189389,1.2626870286969789,1.2334903234875603,1.2426494686329521,0.6088236065623194,0.7285108278974716,0.9819444363616208,0.9605479161870549,1.7255224631651569,1.8191713044642124,1.0564891148565307,0.9599126317970773,0.6960798683608044,0.6648772849401440,1.0233851809099221,1.0578585477276192,1.0545778017501590,1.0679221817228484,1.0136455409376848,1.0225092954961807
580,1.1556876086844430,1.1599697105334452,1.1644282853305348,1.1388960848312994,1.3438269002391023,1.3599585610713845,1.1948673037477033,1.2166376154548431,1.2578934094769747,1.2599372588282920,1.2287885119831121,1.2376642079311051,0.6000905380962229,0.7281518715037288,0.9783856215374762,0.9565113276293727,1.7182917023671316,1.8075295982795194,1.0544018485569036,0.9603555321193460,0.6857018821203188,0.6529109515076805,1.0184505505186641,1.0516333497582548,1.0576744571174650,1.0699619631665884,1.0131798539754906,1.0206234744908542
581,1.1591837967044216,1.1591055213611452,1.1654383734570419,1.1375170025055030,1.3430722948118159,1.3602861326655458,1.1947499265969621,1.2161149145947845,1.2510933859405104,1.2574978988229628,1.2274432111288842,1.2345636649573963,0.5899657455717845,0.7193191904052393,0.9744770549018403,0.9545839719629610,1.7124055045274167,1.7942206308588700,1.0489935687436018,0.9680942710836382,0.6744483695656983,0.6408446433180667,1.0151869127125825,1.0469426135895710,1.0600011584219453,1.0716213699884733,1.0131150275141956,1.0200517383016734
582,1.1608575840469495,1.1580227991619210,1.1685963125736283,1.1360981986365692,1.3421498318673577,1.3584200981753234,1.1952038234606657,1.2165779429578134,1.2430421969444967,1.2544079435644575,1.2239713461737916,1.2325890490854543,0.5773915187046639,0.7061731480507918,0.9749349773766796,0.9531968188002337,1.7142400859860891,1.7807587704864516,1.0401898251537094,0.9712735400636447,0.6632586421024805,0.6295692644571987,1.0102466413110971,1.0410071289962364,1.0619536248897057,1.0747731312706701,1.0115913524453961,1.0204840889551601
583,1.1613627399691404,1.1563477318751960,1.1702588487659258,1.1354842525354540,1.3419675090704295,1.3595001913208915,1.1946432463786776,1.2172063925467855,1.2385371914742871,1.2516968818801701,1.2192118575169071,1.2311368483009313,0.5627227471297386,0.6929270686685800,0.9788651781449851,0.9449879124125868,1.6994498934446736,1.7512941144955498,1.0412507414002714,0.9712872734069709,0.6503505139030209,0.6172207694530476,1.0060284192187352,1.0358497941490725,1.0631576216840257,1.0770926352838788,1.0105688163098114,1.0186195590194405
584,1.1635345653237685,1.1543805115292431,1.1712314889872699,1.1327409834625377,1.3409245021280021,1.3586603749647084,1.1937007598973570,1.2171117222561392,1.2292008247538040,1.2483233147321224,1.2168635734534301,1.2264866624987165,0.5435795827072435,0.6735904996548313,0.9756597208211102,0.9421294539383170,1.6945736117825341,1.7379414633743948,1.0334706889254826,0.9743601089761996,0.6407759160756789,0.6036475836738047,0.9994096338851033,1.0287481768210651,1.0657746525747902,1.0790636127873305,1.0098291362572998,1.0199379020495078
585,1.1653144742349206,1.1535353620204700,1.1736047813929942,1.1314391098862142,1.3394870149522211,1.3567540062412560,1.1943168453856068,1.2169306905035466,1.2173426915342678,1.2439917200201873,1.2137946995114635,1.2227643764185607,0.5229263976814472,0.6593734726502006,0.9770911792660802,0.9348787962129848,1.6774588192820838,1.7024994210310023,1.0280650680501424,0.9771582776789051,0.6283856620707030,0.5917610687974532,0.9960670219358363,1.0226780264624906,1.0674544995610298,1.0821745123407973,1.0092449384205504,1.0192574394648670
586,1.1663383748167480,1.1518236962694102,1.1752353989010256,1.1300034243614472,1.3392826928756634,1.3559470334749888,1.1945510214745239,1.2172288012060077,1.2089934903122903,1.2362389173178665,1.2070210048428758,1.2177860309585447,0.4977222749848724,0.6384245421301321,0.9676803315548166,0.9246312361556546,1.6515416212812275,1.6701225183397397,1.0247600081642358,0.9786929787956037,0.6158625224586383,0.5803583027460226,0.9900399158971807,1.0167439977152668,1.0699972060777057,1.0847151504153689,1.0084953824618257,1.0186079199013887
587,1.1677416815758312,1.1500098509907566,1.1758848310281451,1.1278256907589472,1.3370496153132865,1.3553567131615001,1.1934405642430046,1.2170895653796048,1.1967976638910505,1.2327581582745586,1.2052337621712790,1.2143026350507344,0.4685934904437730,0.6140449300108501,0.9688053064536344,0.9217130568015803,1.6423806656586051,1.6338577663034952,1.0213645443876449,0.9813400807217214,0.6029984363460995,0.5673454593556466,0.9842102452164884,1.0086043621103284,1.0723128748579074,1.0876088218080129,1.0062955876599873,1.0178420091573916
588,1.1686353028335752,1.1485152374039025,1.1783842902015993,1.1272134824753444,1.3355599928583837,1.3533460516349813,1.1931401828153689,1.2174586788000508,1.1852723649782293,1.2256336191805681,1.1997611741751824,1.2112894755874366,0.4412669885582266,0.5838514012191447,0.9664471859926511,0.9144189657091177,1.6236942284557743,1.5913389644782254,1.0113589608392408,0.9848420832698928,0.5924556719528234,0.5572463963873784,0.9783160163076366,1.0034659532626036,1.0744148610626041,1.0891976219662833,1.0056956896646430,1.0184341847733953
589,1.1700125105889929,1.1466260796784096,1.1797706166772930,1.1258694047594375,1.3345034247161849,1.3514944222280556,1.1938487823140551,1.2171910338028242,1.1721144773492582,1.2194224443607733,1.1949455064737171,1.2076124529083567,0.4148381486903108,0.5562529506182680,0.9628162573929413,0.9120491326150649,1.5971137127288180,1.5403309635214038,1.0024462007929344,0.9822121480229327,0.5796857447847363,0.5463596290825303,0.9726844077638220,0.9942453519204685,1.0768304032204874,1.0920366107513622,1.0042355749153165,1.0174769382838633
590,1.1712020643511116,1.1441147480592240,1.1812172619264034,1.1254493494407611,1.3335583597721075,1.3501642568364611,1.1928117580783197,1.2170623728493128,1.1567255471047149,1.2104868088697835,1.1909313264749379,1.2036179577633963,0.4027301493827348,0.5223403982061459,0.9542058725904519,0.9045161580033851,1.5755588745482578,1.4907499634477588,0.9967800039973860,0.9822121480229327,0.5694937983941752,0.5356510425948615,0.9667337687526951,0.9897089354395191,1.0789088727286951,1.0935668224015269,1.0035510986462512,1.0178298022774837
591,1.1734744032239894,1.1434185310295937,1.1825862467547397,1.1252085375854914,1.3311523015726450,1.3499622975686449,1.1916984097839745,1.2175460473927486,1.1428485430174395,1.2008752689281259,1.1860609778367475,1.2016458565248471,0.4020829976956058,0.4879511987793818,0.9528104710332645,0.8970184730024987,1.5355865117565288,1.4396909981736807,0.9855725804904705,0.9824971148969506,0.5588295385887037,0.5261300594723739,0.9602654103584639,0.9820999557419320,1.0805695579622399,1.0965941957742071,1.0032971105967239,1.0194905057068320
592,1.1742161757331329,1.1418272382623869,1.1845606812712459,1.1244317331575135,1.3299100956735737,1.3485782571655218,1.1916934949771700,1.2163880988111446,1.1282661893409944,1.1918354190945222,1.1810752748936844,1.1967712396922972,0.4169674864995742,0.4533501562349990,0.9552407052698131,0.8918227564595239,1.5067052994120191,1.3601284183198199,0.9756334703910992,0.9825692149494130,0.5478501500578495,0.5174870804671180,0.9524676538872788,0.9746904269615110,1.0836548904756806,1.0988581158181874,1.0031069360950340,1.0198856679587385
593,1.1760715776300950,1.1401523825274789,1.1846079309770892,1.1233565206367171,1.3284979227373661,1.3468375468999787,1.1900823056641638,1.2165683752156735,1.1121953941663925,1.1811214402856407,1.1782026530807865,1.1904199043996413,0.4408703472015991,0.4173132881156452,0.9528284994771559,0.8860596915584081,1.4690575365793248,1.2894263490518074,0.9635140311634548,0.9761557436160953,0.5376354232775018,0.5126374984972846,0.9481403722638514,0.9682526754599841,1.0839774466460421,1.0993382411307659,1.0043477550807607,1.0234506446537397
594,1.1774265688782599,1.1400034500483358,1.1867919732312184,1.1232681402032367,1.3259206920607876,1.3446957991154622,1.1902867038059717,1.2158784906508562,1.0947875930541100,1.1741070706395562,1.1725210790388496,1.1864084354792772,0.4712656006357898,0.3894618026798350,0.9475966450598978,0.8801174640178794,1.4288043095251932,1.2319167573364298,0.9433061026575098,0.9749369093958984,0.5273994348000198,0.5100236423466279,0.9419327538979149,0.9649588236345193,1.0862295332468477,1.1032588639116416,1.0057551983302850,1.0255334790231634
595,1.1778840563722679,1.1393772566701208,1.1878633854440326,1.1238937545076484,1.3253869835097793,1.3434324733103635,1.1896399730517648,1.2164097521223032,1.0797428345379219,1.1635174046536501,1.1680597138452071,1.1798559295151725,0.5048270263027087,0.3683069135731928,0.9441351838327664,0.8720334285607325,1.3727868287642921,1.2021317542084884,0.9261958368764893,0.9716477736692827,0.5209647340316086,0.5071929054727983,0.9382817667228764,0.9626898874709894,1.0885324275252528,1.1043137575114312,1.0062036657636977,1.0277687574509735
596,1.1784135857441631,1.1382896687791064,1.1881400978170815,1.1227520084020970,1.3227455631542824,1.3405701832593586,1.1881698676046741,1.2166423993259130,1.0607461747643865,1.1519518457879796,1.1635549035237556,1.1743344232422439,0.5364191624270735,0.3589505092117016,0.9395054794414781,0.8626056733079887,1.3181437901385529,1.1821683030775141,0.9116035853448281,0.9675003039847817,0.5160821371539966,0.5036155829125071,0.9352186981693291,0.9598851999387208,1.0879308646224723,1.1053752610967507,1.0098228055481888,1.0308372264027386
597,1.1812130813522392,1.1388069129715845,1.1901605253983181,1.1239744388921460,1.3200619523994959,1.3379346292194398,1.1876318408127300,1.2168156258151810,1.0393929509214082,1.1398920131830543,1.1575347571064782,1.1691586790608686,0.5671693054961414,0.3652940336781718,0.9387518904868214,0.8553332988990913,1.2642417550987270,1.1577709563452405,0.8913690674592700,0.9604585321942922,0.5092487795643186,0.5014258132316979,0.9321230371122451,0.9578797719212279,1.0888892425867960,1.1086862629394396,1.0111383269014236,1.0337081142285505
598,1.1810476438661930,1.1386799818814060,1.1914400373794198,1.1235211167810921,1.3183755418679086,1.3363005165702904,1.1867639437523236,1.2157128176422249,1.0207939107211017,1.1273572609310738,1.1511003838671585,1.1622874433141865,0.6024286345142377,0.3770513267060079,0.9328493779568067,0.8493612109186605,1.2043758363593728,1.1487429915741216,0.8665106564589965,0.9445827873092491,0.5052728422002165,0.4994037431435279,0.9294347823493713,0.9550095713139777,1.0910167777950857,1.1095822164326248,1.0134080127318457,1.0357458115304075
599,1.1823575550171170,1.1371549048329088,1.1913490565628495,1.1238647081292295,1.3155936877547776,1.3329781281587967,1.1856861555307396,1.2163228870949812,1.0017389442077036,1.1108162115937459,1.1475386324407366,1.1582501994015433,0.6271456537903927,0.3906916696682323,0.9278050193560182,0.8428679225326647,1.1675348113016648,1.1293911122502232,0.8585657498306065,0.9328613787803698,0.5024700949101285,0.4974518166349715,0.9263842493741075,0.9557142008315578,1.0923113574203263,1.1108648540793071,1.0152705073522581,1.0385159216267461
600,1.1830477766016647,1.1366251790832298,1.1932707121526163,1.1244652482095356,1.3129133919599354,1.3304390881769643,1.1855288817129979,1.2149330466578310,0.9804100148396682,1.0948572737987337,1.1422450683333707,1.1514034813304441,0.6645691137192108,0.4041848993543326,0.9296547376992667,0.8336790507991381,1.1441573433331726,1.1172616047432198,0.8467919725379323,0.9154989994802696,0.4994311909125853,0.4943654991319753,0.9271012844519175,0.9553931867641479,1.0937423919511204,1.1126507519879227,1.0189362411558049,1.0413629634545980
601,1.1828659463529854,1.1381381976781597,1.1940995926306508,1.1238910236515578,1.3100899501675050,1.3265958119534709,1.1831796040604790,1.2143952388364991,0.9598083000882510,1.0779589181438722,1.1366339053606416,1.1451244417478403,0.7089024835976973,0.4181665451171648,0.9296078637451493,0.8270554623117512,1.1223993267500234,1.0980262152873359,0.8393336515564618,0.8978756866569723,0.4971706168994203,0.4929424713386659,0.9271464125337378,0.9560454058217426,1.0955006279256567,1.1147166729198945,1.0200296812334311,1.0431914405124498
602,1.1841978583169173,1.1361149161007114,1.1935544617158973,1.1238743902553692,1.3073322048539677,1.3237905660323199,1.1815111717035152,1.2144692629467386,0.9374873463267215,1.0635296980208011,1.1324489410663368,1.1407709826860128,0.7338143442420202,0.4418223599179164,0.9267593696103223,0.8205133113877336,1.1032348227175710,1.0740365830931127,0.8339094181153924,0.8772722383318978,0.4964226607680909,0.4917274555400725,0.9288105105508583,0.9561473150494918,1.0968445635805657,1.1157349111453820,1.0229914401838516,1.0468835958632370
603,1.1856026749357167,1.1372682966068017,1.1950247318179292,1.1247030809490699,1.3041401997877469,1.3219850328919427,1.1802035439872534,1.2133893669983804,0.9142845031247717,1.0476407327129726,1.1253052137574435,1.1360472438570497,0.7611825978493169,0.4632361683905369,0.9207883489935206,0.8165880208333233,1.0883191376333796,1.0697118967430768,0.8298545377243969,0.8588249249090308,0.4941226007459624,0.4918975738768364,0.9291853243415318,0.9574058940121942,1.0988254823477819,1.1171590625731811,1.0254290164198934,1.0500965602074019
604,1.1849381209663445,1.1362564442662606,1.1961383671721348,1.1247033292087145,1.3021717163009121,1.3188303196500200,1.1789352347254269,1.2122719554295267,0.8914598439160967,1.0283543798359274,1.1198236371142141,1.1307306802056600,0.7751903004965298,0.4908699261776834,0.9211453121825686,0.8099970073712841,1.0648520321343335,1.0422712522089257,0.8298891039178938,0.8429011133223461,0.4929828219103021,0.4930400273516916,0.9303755774995400,0.9564887109624516,1.1004844256038089,1.1198174785717394,1.0282087041762857,1.0524621399812069
605,1.1868407599029991,1.1363040434250775,1.1958784937899980,1.1240352625050749,1.2987443490786565,1.3156836732547430,1.1775637145207076,1.2120075836072426,0.8707196506575061,1.0112944919500142,1.1160866070687001,1.1250054886278893,0.7735550247279779,0.5172208561970280,0.9176441883788762,0.8020568449427566,1.0545915228035818,1.0269018702477710,0.8291578959785341,0.8385579434954474,0.4934627287884748,0.4922442605346965,0.9317175111547773,0.9561676968950417,1.1015284507960865,1.1206247981680468,1.0309339478343247,1.0550996776841257
606,1.1867803655143512,1.1362481937453990,1.1962544808109621,1.1246231413435064,1.2950053756216511,1.3119000340760971,1.1760837794600079,1.2113766161913915,0.8495980341423151,0.9933227285662284,1.1091046754081995,1.1193972275028985,0.7783008037669243,0.5488149033774347,0.9177884159300067,0.7945645891127616,1.0276763602958905,1.0145976279387461,0.8251163102773450,0.8411089120182820,0.4932470744318276,0.4941349121920963,0.9324984776818327,0.9581687573742024,1.1030253901429670,1.1226180092591900,1.0337936557538783,1.0584914870129898
607,1.1872175777493130,1.1355083970414741,1.1974299429079198,1.1244873433179059,1.2919263805535262,1.3081639316723295,1.1747189086997887,1.2112449338456253,0.8301883682947535,0.9744338789674394,1.1037953811683512,1.1130232605097046,0.7719962937826348,0.5755189052594770,0.9154663523568061,0.7861276575476802,1.0082489195071462,0.9979104543456778,0.8280544367245910,0.8451774149786574,0.4947437460408125,0.4941961870432529,0.9355903780654318,0.9586688405132288,1.1045345233324717,1.1252265499123866,1.0367569340744851,1.0611804071638935
608,1.1873413862460411,1.1343871724115622,1.1966229279852489,1.1240824318375504,1.2890040926827611,1.3043186387371746,1.1725260375461637,1.2109526141449856,0.8110175981174619,0.9567688035062034,1.0982164275145150,1.1085421838031768,0.7765124383519547,0.5996395980127806,0.9126070411556443,0.7751200135655678,0.9908711902504040,0.9895595869323929,0.8297907232133255,0.8434916470853711,0.4948720755699442,0.4949024603276376,0.9366759591447736,0.9613243038191502,1.1062616940412755,1.1263799923873488,1.0395237071842913,1.0648081215440035
609,1.1880262154744594,1.1352979029835943,1.1969416121714671,1.1246638559252220,1.2856984748984543,1.3008449969510683,1.1710547756739424,1.2094597945884886,0.7931409136387852,0.9369844549490954,1.0906629677071460,1.1007870544188154,0.7806458588052306,0.6162045529043516,0.9074833574017341,0.7672341428459534,0.9753818249706669,0.9783328759025014,0.8305006596489948,0.8437937806385466,0.4973019838138568,0.4979379842040172,0.9390376620933650,0.9619226565706490,1.1079598317914510,1.1297652063403050,1.0449141793779986,1.0680775781928589
610,1.1869574504896365,1.1351984736296212,1.1975902903139193,1.1251837116210308,1.2817355909652215,1.2973194968650947,1.1695768643572211,1.2084725546692738,0.7779989772228263,0.9167542178832319,1.0841252250257976,1.0949713360388926,0.7783912658307165,0.6177816072244017,0.9054641716859075,0.7583764505367961,0.9617150894788619,0.9722754027657508,0.8309526791024173,0.8404016448369847,0.4992117398243069,0.5008993332605755,0.9418180533566217,0.9634163546802299,1.1099529444012910,1.1313023284298873,1.0462514783705745,1.0709439239238214
611,1.1877794612579837,1.1343541703281159,1.1977383226370126,1.1246055149087391,1.2786562945371016,1.2928104176916395,1.1672677724779854,1.2080039870871113,0.7665230770757220,0.8952987179034921,1.0773290587393776,1.0890952664575353,0.7728174109770566,0.6187525548468206,0.9018007918871934,0.7558030235343196,0.9475463838159542,0.9596362520861843,0.8331197135408838,0.8458572154733024,0.5005200935443886,0.5027883724218921,0.9430973091204421,0.9658781904534280,1.1122276767098267,1.1340397638009163,1.0492689475611705,1.0743218230872087
612,1.1880320392190791,1.1334510556214943,1.1976144178232859,1.1244116241263005,1.2734801352643099,1.2881984862234477,1.1661099018161176,1.2072642495500918,0.7603352743078141,0.8785738046902668,1.0719456081606826,1.0827772500573383,0.7741813005542317,0.6098021831274318,0.8991758504566187,0.7460006554900760,0.9285372515031287,0.9505718842313109,0.8342524211124012,0.8461799490414672,0.5039948623331837,0.5047024052724964,0.9456100657873484,0.9676776162462565,1.1146893812719294,1.1360299703531824,1.0525140690513926,1.0778036226702783
613,1.1887723018685064,1.1338200019902804,1.1975998407863768,1.1255377298742415,1.2706301737923262,1.2840466531157444,1.1636675319405969,1.2051555695390173,0.7528371895246627,0.8613084656717718,1.0633202521827121,1.0762586916440404,0.7728661213190985,0.6050827892293714,0.8964211042300266,0.7385898372234505,0.9162389823111152,0.9465311419345600,0.8396979260571611,0.8412119120932282,0.5058727257979324,0.5082789215847460,0.9474571832474065,0.9686115415262723,1.1160411558256680,1.1396113806948207,1.0565431855579022,1.0805461963165919
614,1.1891053337830506,1.1336401829458607,1.1985028630900691,1.1255570941265209,1.2674227993663645,1.2796375452203665,1.1613367570901652,1.2040076922649288,0.7472883314477480,0.8441711614170596,1.0571757628134293,1.0712067931572757,0.7716135696665907,0.5997514041026349,0.8902373479753075,0.7267108113132843,0.9021658900141319,0.9483731379725383,0.8412666994543331,0.8387570769736767,0.5097355205594273,0.5095334435373745,0.9497160944540740,0.9711687352197214,1.1178879423240209,1.1409526068496088,1.0588098326479511,1.0853318610023961
615,1.1887030640158065,1.1334311697506998,1.1987840993711245,1.1264870747552218,1.2621896830545323,1.2755712783074442,1.1599620567163369,1.2027402182140929,0.7414843813839348,0.8266214661208606,1.0510784638415944,1.0644267128710940,0.7653160183025929,0.5888179454210936,0.8863828666713455,0.7198890580883649,0.8996261599817675,0.9483367348887838,0.8466802971435573,0.8457061486967147,0.5140136777613660,0.5132929781550526,0.9503742123139521,0.9721667177286080,1.1204739079490529,1.1439526389185062,1.0621395324118943,1.0881595989271378
616,1.1890792347793850,1.1336054884478783,1.1984176628226182,1.1266161697704180,1.2580266960846707,1.2717692006221788,1.1578995724961707,1.2003304061083022,0.7369996213095108,0.8119272438122854,1.0437909181785745,1.0557902044824465,0.7642583080182529,0.5841809349576627,0.8799358951358132,0.7124239481128263,0.8897839591269346,0.9404372657140548,0.8537344595549089,0.8469215495810800,0.5202372802510873,0.5177434673443262,0.9521830962602459,0.9743191862032818,1.1232503297826875,1.1469625859656984,1.0647741203154659,1.0906722290216955
617,1.1879101719705574,1.1329029248637394,1.1973661055393872,1.1260883697659816,1.2551710087727834,1.2663923592309452,1.1556214149891748,1.1991339347754513,0.7313592540436452,0.7955819685614397,1.0372381944186713,1.0503284207526047,0.7612939357739843,0.5708995483891810,0.8774768153890385,0.7014950271086379,0.8888158737969510,0.9417841798129717,0.8597622719131953,0.8516835863794266,0.5277646803829329,0.5231808041364386,0.9557914624691207,0.9764483611401844,1.1256893886370598,1.1486733704023837,1.0690032872298785,1.0953945882605347
618,1.1892297893625143,1.1326571016524265,1.1974804598806563,1.1273038489859817,1.2491007143950563,1.2621854987050496,1.1546769047638759,1.1972075454304085,0.7260914020602345,0.7842196276638667,1.0293866111480601,1.0429888345364553,0.7627552460352435,0.5708818947960461,0.8772027830418907,0.6912583253930902,0.8828101592498308,0.9394835049196866,0.8626126534077181,0.8543718883355228,0.5354371156630870,0.5305128238261586,0.9583662702485298,0.9781946485499722,1.1296872270401914,1.1535485351845500,1.0718146285318251,1.0981749180702847
619,1.1880891981940496,1.1320996626147251,1.1972866858210551,1.1279972381733712,1.2456504438131868,1.2582598254051007,1.1519572819633286,1.1964104014405503,0.7222658320725892,0.7733590043871640,1.0228076705006859,1.0366507010691133,0.7575780325382110,0.5617961788626231,0.8673340128557878,0.6822866204952156,0.8765534596171592,0.9322174494022860,0.8715945458410184,0.8661619635810328,0.5451673794873048,0.5389913282309413,0.9599075195984731,0.9801323797233173,1.1337498089410643,1.1556186624709499,1.0740800094800520,1.1004337586151267
620,1.1879533108195917,1.1320677182903636,1.1965420002975815,1.1274235101346826,1.2406044720582017,1.2530621832500750,1.1495588562427652,1.1943913560663642,0.7181147161207118,0.7632829662327124,1.0152047731340859,1.0300183554947770,0.7577241635643369,0.5618314860488930,0.8649145956855742,0.6746043436840250,0.8633528392842351,0.9311836018236579,0.8800925115653605,0.8721153679129241,0.5558354360244075,0.5482809181655084,0.9620354340120791,0.9823649197340798,1.1374262524921794,1.1582921011638945,1.0777302963533684,1.1036416131025859
621,1.1880201760355946,1.1331821732621326,1.1963788882811339,1.1284535394001605,1.2357730686196016,1.2481526427609784,1.1478545747067574,1.1925739886251776,0.7145539559099421,0.7560236928814852,1.0086670304527374,1.0225423504170512,0.7604797771998542,0.5610135362336430,0.8572308728990981,0.6646173838294772,0.8678645949887882,0.9343943538108058,0.8849929342280521,0.8853131108493657,0.5723443845028152,0.5578196387449098,0.9657509794152770,0.9848638795831008,1.1416038049092208,1.1634181449423080,1.0810777221028218,1.1069752268411905
622,1.1864272740350059,1.1315654942768898,1.1958149077496878,1.1279364145604422,1.1971688532700082,1.2439356986767751,1.1312566939156217,1.1898187306716026,0.7097784719520369,0.7500283906285337,1.0003959769825899,1.0153228379454231,0.7551007637143621,0.5592775995753789,0.8560518126686064,0.6553633620452550,0.8542695695214263,0.9244927150295786,0.8924592320234065,0.8891996470106694,0.5905800865270534,0.5702866522111666,0.9664905785339972,0.9847000968956469,1.1461567534813275,1.1658064528958048,1.0832929638348907,1.1093530134949037
623,1.1871694779326398,1.1296105439363209,1.1947402282699804,1.1282373052497070,1.1962720059251184,1.2386634381902739,1.1299458860302511,1.1886557464362408,0.7056143989468566,0.7436236748867413,0.9933323984439654,1.0094121921549104,0.7557061636797409,0.5563294495218525,0.8558246542755759,0.6503440935562474,0.8598031930742953,0.9189958493826474,0.8971469396491935,0.9035063574206987,0.6091142116574971,0.5873791106917101,0.9697880624014440,0.9869195342914130,1.1505688922040864,1.1693424947003972,1.0859186887457071,1.1127945019861840
624,1.1861815982897561,1.1306158381705362,1.1956324434601024,1.1283534907633834,1.1957690360935924,1.2325617330075631,1.1292598368216089,1.1863403528384089,0.7019694178896189,0.7375278802319833,0.9861242524972863,1.0009818837044981,0.7527765845369309,0.5509039118983965,0.8451806610021467,0.6403245586763519,0.8545086029362371,0.9174305167812034,0.9062458253527913,0.9144071986858398,0.6277637574295266,0.6072216812419297,0.9723415596977713,0.9872296295129926,1.1565229713595999,1.1729695740329691,1.0887908048551178,1.1161071085361098
625,1.1856852858316174,1.1296264103225933,1.1949154040411114,1.1287238941531383,1.1972200844691450,1.2275009391438536,1.1315368379034745,1.1833975167823561,0.6973380811497071,0.7331196135394108,0.9796097304876981,0.9928005239600041,0.7559845084914093,0.5480499143415895,0.8421663051835198,0.6325879901562482,0.8497817171583544,0.9174377973979543,0.9146533871864490,0.9234574719377804,0.6439552991435733,0.6268739772543469,0.9762733438263577,0.9893260479124044,1.1608782054834472,1.1775674198767685,1.0915365600106759,1.1190881421620220
626,1.1851645999237741,1.1299854137559819,1.1945002098174267,1.1290126201198172,1.1968271110357660,1.2223214473937816,1.1298551066575104,1.1812168269225449,0.6942761674910943,0.7268444213377244,0.9726787344942841,0.9866132684962490,0.7576545773614197,0.5494327791371558,0.8387372951553927,0.6231249452927110,0.8432919599462423,0.9083952713933336,0.9215054703127411,0.9355874474306130,0.6627324150984083,0.6473728337103761,0.9789653592627164,0.9893770025262789,1.1653405712246334,1.1809045612076894,1.0946512688932144,1.1221705212792639
627,1.1857411506411166,1.1289710227936371,1.1956181177514160,1.1288666434487880,1.1960893817681952,1.2170941307671652,1.1300384000406876,1.1790237997110271,0.6909850759521887,0.7210396824541241,0.9654136604490965,0.9774650322121029,0.7560540946943264,0.5484206397974222,0.8362421585208355,0.6160643085485743,0.8373041729052328,0.9037283960560052,0.9295620523355059,0.9464196219791232,0.6796286302031895,0.6657947952114109,0.9799569235049329,0.9908532304825314,1.1701524937877055,1.1866501409025842,1.0987778783200315,1.1250655389839637
628,1.1849607688620873,1.1285574389914717,1.1956628541750334,1.1289885389342904,1.1940904609218732,1.2128097708931347,1.1285364929025092,1.1764807945633429,0.6879774199542814,0.7177643745433981,0.9580916583054003,0.9682193538839736,0.7624351495018248,0.5463139776833253,0.8355859231631918,0.6083576004683728,0.8330912089691932,0.9098295528932614,0.9380573591218868,0.9524107930051613,0.6971801611875011,0.6840184196942281,0.9847116683478242,0.9911254737052329,1.1752068415553247,1.1890354443172040,1.1010060346986863,1.1271216885461466
629,1.1851382852258634,1.1284169685850072,1.1941292493609139,1.1288475274561531,1.1921144434351654,1.2070301633729323,1.1284133336261160,1.1735681724298368,0.6838789420314464,0.7126742482948654,0.9515449269769192,0.9605962427527508,0.7575641152976276,0.5463551694006401,0.8344357084429262,0.6035663571567998,0.8303064696866479,0.9028183189621424,0.9467201789998300,0.9693646053413082,0.7152586785222111,0.7023363751979048,0.9872557639604389,0.9915469411542812,1.1801523157280873,1.1937201213345550,1.1047872406364152,1.1302486369690992
630,1.1852206804275187,1.1282204369470472,1.1941880601649952,1.1299326703627339,1.1876919855096753,1.2010897951231416,1.1242201361030866,1.1709335183837608,0.6786839734728638,0.7092336862122800,0.9439180598846312,0.9526210829464921,0.7678837491902339,0.5590127956783556,0.8446145678639596,0.5975806962491408,0.8277010054652106,0.9037283960560052,0.9543832382043212,0.9799873464040945,0.7317911667367318,0.7209357112680773,0.9896055581096610,0.9937103284747852,1.1856357706242344,1.1978519631984987,1.1064838706781233,1.1326113779336233
631,1.1841717593132515,1.1284412970439581,1.1937723632848651,1.1298490068625011,1.1840657206907708,1.1952816655380125,1.1236850003739687,1.1684408697736546,0.6767898142431640,0.7043594325305905,0.9359690996034135,0.9431830351637897,0.7761575487170775,0.5697461803043683,0.8418598216373675,0.5979471652843036,0.8263743700130110,0.8993163423049584,0.9626525352639909,0.9853639503162869,0.7470228946944329,0.7388134553410760,0.9936269716229738,0.9934126079451466,1.1902819149935384,1.2024918725865792,1.1097193694904968,1.1360741574945106
632,1.1840164594567282,1.1273177453440595,1.1934818278595747,1.1287057711990820,1.1777522287971409,1.1892926081066797,1.1197152820073999,1.1669231237310564,0.6724848332833159,0.7005228559460720,0.9307302164327730,0.9346647145446185,0.7836659000118329,0.5708230494855965,0.8471493670750777,0.5957456364878810,0.8270197602329999,0.8907470563891463,0.9716902653944786,1.0001204277202478,0.7639608738471565,0.7581730833144160,0.9951713548674879,0.9962653383990684,1.1947007312967819,1.2061441900457197,1.1122848260505780,1.1390517845492858
633,1.1838329036540876,1.1277082699981760,1.1924134315854316,1.1287067642376605,1.1737649347043193,1.1845412354321783,1.1183576389042458,1.1632959423293201,0.6675943554773486,0.6960088861345624,0.9242950941395256,0.9264613517579348,0.7934636373825611,0.5860757539541408,0.8531816844011099,0.5955067529686638,0.8286511632890834,0.8878420903055363,0.9799223373226899,1.0105715019914572,0.7786132205579498,0.7774270927943150,0.9991018854382460,0.9979046211197196,1.1985635664422913,1.2109781926452681,1.1150607153815038,1.1421747586392450
634,1.1822417272074601,1.1269545108743315,1.1932212004927700,1.1296494061082363,1.1670021150582597,1.1802344036282051,1.1147319570139873,1.1604039663762209,0.6647972515956114,0.6933127122135057,0.9168360151270523,0.9174809672527789,0.7943265062987331,0.5887355619864640,0.8579556163435287,0.5952542965222184,0.8254959222135814,0.8848861599046700,0.9900316194515849,1.0205934092837237,0.7919306364272435,0.7951282685462174,1.0015670069076754,1.0005069460426004,1.2041053775852815,1.2156126938633696,1.1168267299950667,1.1443311181690450
635,1.1814684633385217,1.1263213362861568,1.1918577448853303,1.1297129605772560,1.1635397900765931,1.1744268502464077,1.1130129310575660,1.1580389715888746,0.6614025036302835,0.6875087177180670,0.9107716745280381,0.9088149119217623,0.8100112364362482,0.5957499229920600,0.8653653067828568,0.5942960478599038,0.8214323541617985,0.8807362083566557,0.9979446188244392,1.0288746153093995,0.8098785461938433,0.8109146051994741,1.0053477373179469,1.0023267536809788,1.2080492146853641,1.2184712121511503,1.1199151031277039,1.1476775065494140
636,1.1822587670528288,1.1255140545526203,1.1922988259159399,1.1291819331974398,1.1565355810746007,1.1692375630396941,1.1087954486067972,1.1543337375538925,0.6577996329962799,0.6841835358005185,0.9035770115520584,0.9007259649544653,0.8175265463512954,0.6041471487932223,0.8680335164787707,0.5964188536784024,0.8144107476017325,0.8764624863238759,1.0050838672505527,1.0419556248275685,0.8232278546088384,0.8294421851939500,1.0088376423120438,1.0052580998248783,1.2125246452579330,1.2243958623631273,1.1217431586905533,1.1504584041210202
637,1.1802165739395485,1.1257992264018883,1.1907941238474160,1.1289172884162879,1.1516089478776050,1.1640632571196088,1.1076416254328860,1.1514687023483976,0.6559208602673769,0.6801295978728337,0.8969403937522479,0.8945739143582137,0.8205674634187727,0.6114027755716618,0.8775597462309386,0.5961772555737395,0.8153788329317161,0.8821049643058253,1.0124331717756094,1.0441701264389123,0.8389599917955203,0.8465023937528321,1.0116800846878031,1.0075102937581353,1.2167797156745122,1.2276999537663986,1.1245831147976808,1.1519391270419570
638,1.1797605963052569,1.1247389286952623,1.1883110010084288,1.1279468414655158,1.1449012771106164,1.1587062947433242,1.1028337879530201,1.1484908684987281,0.6537092532317591,0.6768870430412149,0.8925007511225100,0.8864667362988164,0.8232604494716647,0.6189643979644393,0.8824959341683791,0.5981154695819338,0.8096002001286660,0.8813914638642368,1.0246988525911258,1.0553525012422396,0.8538036937805217,0.8651791296349920,1.0152640065190255,1.0103426423665074,1.2202758645525449,1.2310833649960287,1.1272617644366640,1.1554566956219665
639,1.1791290435553956,1.1260016814907234,1.1879360193003550,1.1279691848335305,1.1404613403054207,1.1542176707881500,1.1010977047259247,1.1447957057712614,0.6502181371824918,0.6725733136451565,0.8885240238201180,0.8803266302111822,0.8361547728722039,0.6316573314284246,0.8846232905475537,0.6001052607135956,0.8075803677735151,0.8837576643082801,1.0333935797246045,1.0658619422225850,0.8704918479919179,0.8826053748047309,1.0171117507579976,1.0140637850254632,1.2244185774192322,1.2359450093532474,1.1304491498597951,1.1579392343381463
640,1.1768461356645046,1.1248916691071107,1.1873954122936079,1.1288174880391555,1.1336126330608083,1.1486155338941599,1.0973902057576865,1.1416315527325538,0.6484333030900341,0.6679581070436790,0.8827248483115250,0.8744581045300041,0.8395227450933916,0.6400486726985419,0.8887229586884374,0.6020407601363443,0.8058115205039155,0.8806561215723957,1.0428514220529792,1.0745414152047192,0.8861875365549412,0.8990205849303849,1.0204474681392088,1.0161565638095982,1.2289439446806421,1.2395255183332226,1.1320857647791323,1.1593558001693340
641,1.1767121895382533,1.1251893225135798,1.1860658859962150,1.1274982362877095,1.1304182171146280,1.1429448288036790,1.0971820492342046,1.1386383601389232,0.6462994383742329,0.6638937476817326,0.8790290162320369,0.8673668383614247,0.8420974346013245,0.6502465649994629,0.9012563328816758,0.6028524211845938,0.8005707128841896,0.8825490819276303,1.0491371513935126,1.0828054545512373,0.9014716594091517,0.9147843466384786,1.0239386266911339,1.0197648783949746,1.2318960159139782,1.2428404260764521,1.1344899148710688,1.1629071505797866
642,1.1755092627329338,1.1240329802820519,1.1854197211359887,1.1286936064764963,1.1231195793975961,1.1369278255107511,1.0936974512098616,1.1348686697358412,0.6443817944854217,0.6625851132937653,0.8748051011334893,0.8612958846921009,0.8524170684939310,0.6556250263745591,0.9056949357677162,0.6036125051093759,0.8001524044082707,0.8793528911739842,1.0578930341001016,1.0947156965508513,0.9199063101708602,0.9317494179284596,1.0288676160721644,1.0216443757238918,1.2356006214349629,1.2470536909439682,1.1365375194258824,1.1646640896437588
643,1.1743076300930855,1.1237831375862166,1.1853568890803463,1.1286792074171090,1.1189891393071860,1.1319969654983757,1.0927257649939970,1.1319661189098509,0.6448927882750500,0.6612050176422912,0.8730665469671958,0.8553883821933297,0.8608439576671921,0.6623039691105922,0.9132380366918401,0.6023339353644745,0.7992739566088413,0.8800518303820708,1.0637320618631352,1.1028012024341292,0.9385490218259538,0.9469923434017216,1.0323117662055268,1.0253960911511724,1.2393290339820229,1.2510127718224722,1.1384734502719804,1.1665237936037007
644,1.1743656518450365,1.1236545140815024,1.1833874811282914,1.1284587528526973,1.1130378821274531,1.1270531409110336,1.0890399489969547,1.1288394814916387,0.6423208131944486,0.6606251392644604,0.8700875594965585,0.8495512894295655,0.8695143985506631,0.6728431642121211,0.9170925179958022,0.6014869847054317,0.8005647370488194,0.8711549167124681,1.0730995003008252,1.1163319789462300,0.9571568035500411,0.9635204282531905,1.0362347754293146,1.0305556097675024,1.2429424760129144,1.2544033939454073,1.1412425024370665,1.1695780685090613
645,1.1732992594969105,1.1250501214180171,1.1816694013988058,1.1288490170140206,1.1092295958716154,1.1217411223946341,1.0888066402268854,1.1252168321782843,0.6406785066883215,0.6585810493729028,0.8693257716520431,0.8433885516413931,0.8773358877585455,0.6811168148613391,0.9215960232798512,0.6019783246710944,0.7913320714017539,0.8760183687020709,1.0825653194430835,1.1285580878423458,0.9764191418073324,0.9806620678642676,1.0396106066610327,1.0334054285292027,1.2463962367713495,1.2584018342832028,1.1435471337817806,1.1711663823017457
646,1.1710879620954162,1.1230471488149973,1.1807972924664896,1.1296054641511408,1.1034874825283592,1.1166794642259270,1.0857585926892890,1.1210989263178510,0.6405076355478910,0.6572091419912055,0.8652411805840557,0.8367015127907567,0.8848790321547596,0.6910322496721019,0.9263230812681527,0.6007133278534214,0.7874836334233006,0.8724071827936234,1.0895104653980214,1.1360908266567455,0.9959487699714540,1.0001071581300103,1.0428328770587789,1.0371797095711992,1.2496548960478020,1.2617020197859339,1.1449467269520075,1.1734922187456176
647,1.1706684367885583,1.1229422191137828,1.1775305282295305,1.1284011566151482,1.1003358597014579,1.1115132251524877,1.0852864821297810,1.1180923892417622,0.6393536479881125,0.6554419644957366,0.8636561824729498,0.8305381463442361,0.8958388591142034,0.7006181507443466,0.9348397181624072,0.6007377591224322,0.7845853532687201,0.8739797960118183,1.0943630271774096,1.1493297696231657,1.0169689949739509,1.0193345614245386,1.0471087628112445,1.0402282513270105,1.2533775020031361,1.2654658056374191,1.1469132984302022,1.1758004545719478
648,1.1699320566355440,1.1226130444865861,1.1777378740131506,1.1279225120203442,1.0959745778549370,1.1070499541439152,1.0819334274640271,1.1139739798159534,0.6371549980057972,0.6531403163002900,0.8623580720161697,0.8256698160951688,0.9070144033026901,0.7055670413531606,0.9420474900301528,0.5999451001723023,0.7869159290631251,0.8700773854333346,1.1035283863300402,1.1550771738051644,1.0390712884913149,1.0398253554001524,1.0506061891523115,1.0438190957590585,1.2575631836485934,1.2681972319306936,1.1493516343513375,1.1782381401014888
649,1.1668931404153280,1.1224027619805235,1.1759112204915150,1.1284381473021947,1.0927123559098992,1.1018773768338253,1.0822927865733158,1.1101325313468229,0.6358787282554736,0.6538675835341035,0.8605064107067869,0.8195875465755761,0.9095682169497478,0.7169477243941191,0.9422890711782963,0.6002084149605303,0.7848124350127904,0.8659274338853202,1.1081123953753360,1.1667127489382552,1.0644440866357203,1.0603806492190890,1.0536015655831283,1.0470139500489954,1.2615436022765480,1.2725225660983299,1.1517876912171927,1.1794111360963719
650,1.1663903571298342,1.1226081787947959,1.1740928608012242,1.1284547806983836,1.0886301334186768,1.0958168701893423,1.0786387722673612,1.1072926744101168,0.6334573789195169,0.6515495587991034,0.8592270265982004,0.8149361034566648,0.9180090233635924,0.7230499830877458,0.9513321386341772,0.6004771589196497,0.7949833068129881,0.8686576651669087,1.1163072421720890,1.1748188548365222,1.0871667661016085,1.0799345829704392,1.0588853118295789,1.0517447219857237,1.2649384261289676,1.2740867290378071,1.1538659364041028,1.1814300972569747
651,1.1642836714372478,1.1226771446871264,1.1731554065310399,1.1288770703538613,1.0875922495961632,1.0927269798222534,1.0782924229407900,1.1039855088046879,0.6319592196313832,0.6514044031076053,0.8585641138721470,0.8101815603686359,0.9309659743467570,0.7324652327596868,0.9531746455998690,0.5997930833873458,0.8059011580344695,0.8818865458032982,1.1233401330797501,1.1846107286280756,1.1107930676957016,1.1023482785251140,1.0631737331603277,1.0559433821689899,1.2674163891479020,1.2799831365843382,1.1561113123115394,1.1841718192605040
652,1.1628411083255432,1.1218207829320541,1.1705898480350498,1.1281509108933836,1.0841829639736031,1.0885408626163047,1.0749182635164054,1.0997689041306020,0.6296739193551057,0.6500406839956848,0.8584180483562370,0.8049951289953398,0.9394206980011851,0.7447697871747045,0.9604148686666190,0.5996247790897155,0.8178946596225992,0.8910965259931897,1.1324310419694641,1.1956935366922883,1.1340404554730095,1.1242403315969158,1.0658557201340599,1.0584714589402251,1.2703850091676565,1.2827854699951151,1.1571994345935124,1.1855106017173940
653,1.1630874311535286,1.1213767356682456,1.1683530268541809,1.1287194254795354,1.0840847206152582,1.0842556384372761,1.0727126716863453,1.0966032403957671,0.6280218950590015,0.6493409591238479,0.8584143030865983,0.8007076790600817,0.9502691870359614,0.7508485077441513,0.9655782149970900,0.6034170549572891,0.8323980120662420,0.8929021189474134,1.1393868236762472,1.2022203081080467,1.1559392441749461,1.1518922206774440,1.0692948560361089,1.0626766704309896,1.2731187525521073,1.2844226432293087,1.1592597005665475,1.1870202804929966
654,1.1625635098320080,1.1214996472739018,1.1671029202751200,1.1286223559584938,1.0829573328742526,1.0815719714191474,1.0721072831305523,1.0931711905771451,0.6254928402174655,0.6482608519014699,0.8568907273975673,0.7968552607018321,0.9599416692414388,0.7585631279440979,0.9713941909964264,0.6045300349900058,0.8501522189513110,0.8945839414168719,1.1479353092218540,1.2119229151679802,1.1786269937098279,1.1768552725394528,1.0743347852849474,1.0670172756100493,1.2758829805431180,1.2890448258380134,1.1612399463764216,1.1892933150842431
655,1.1603966454450190,1.1208831852792673,1.1652724968301460,1.1287226528549152,1.0802339426001364,1.0790438793006201,1.0695385738095295,1.0903517280381581,0.6238796870812697,0.6479549083670816,0.8565626417772155,0.7935139415807329,0.9672830136491932,0.7703321900340240,0.9744554207691708,0.6059443340071896,0.8680857008974882,0.9098441141267631,1.1524209375625816,1.2192393538249930,1.1987618208959490,1.1999833038589278,1.0789760831443740,1.0714233938640909,1.2796354904458394,1.2912967277264848,1.1625769921406333,1.1904651755554139
656,1.1597698379685517,1.1205455485793920,1.1632638816753702,1.1272715752321825,1.0799527737248735,1.0772714778518246,1.0686536194784488,1.0874438897757219,0.6235670981703402,0.6456659147703810,0.8576877207766868,0.7898626938939324,0.9749862063121165,0.7835782694162359,0.9815514162847901,0.6089385217537420,0.8823798991031714,0.9151735255884237,1.1598739406681295,1.2297796948278223,1.2157491575598771,1.2213029208212396,1.0810739121700998,1.0748009568409209,1.2817531544481955,1.2931658513619992,1.1649563258528555,1.1921403569120950
657,1.1591822868447055,1.1212316111218079,1.1613268950640265,1.1291186269880649,1.0773740362483204,1.0742432412412446,1.0646448717637271,1.0846030257082644,0.6216875156256060,0.6440446373545717,0.8589506256988629,0.7860303926028278,0.9798085301742717,0.7915753471063407,0.9846955768994345,0.6095411597226764,0.9045382966561286,0.9359305639452462,1.1658352795773832,1.2362137661761292,1.2322429191117603,1.2441116779162669,1.0861558356061876,1.0797792226164684,1.2836536519200108,1.2967667912063394,1.1672171486905225,1.1940074417761675
658,1.1564093216287854,1.1214537405296205,1.1599641934412546,1.1279205259431875,1.0769238044159060,1.0729352596779269,1.0649842825395157,1.0803977512551337,0.6212777488149056,0.6432473976335745,0.8580217988284605,0.7829851715637676,0.9921531225717659,0.7996430391689850,0.9898805573625752,0.6101573706188390,0.9377041829611212,0.9499603124242351,1.1715839034497324,1.2466099070740337,1.2463940972472467,1.2638155738033423,1.0897410109952381,1.0832455922060513,1.2861827129461314,1.3006264218480075,1.1683184388474459,1.1943089233218032
659,1.1559248723541311,1.1202703196655213,1.1577097792848057,1.1277986304576850,1.0750406058076343,1.0709099049664457,1.0617358843480680,1.0779355683502621,0.6211416997552264,0.6411236582087333,0.8608397397046329,0.7811086263941568,0.9974347153731740,0.8399461922959370,0.9937025874675328,0.6108333023948059,0.9703561474242708,0.9708993661998302,1.1832034623406507,1.2531263784822975,1.2580637315886372,1.2787722812218594,1.0923465309414415,1.0867265202567413,1.2898016712391622,1.3023411121852333,1.1693399620695728,1.1968357474627653
660,1.1552264543882671,1.1206318617207136,1.1562601180970244,1.1282929154100991,1.0751364382860196,1.0694984949050594,1.0609914356703378,1.0743861877990832,0.6190491356468277,0.6402497465070988,0.8602981737148742,0.7789397550925966,1.0044142115257595,0.8984090082276450,0.9973335160672425,0.6169465488184107,1.0041375447724010,0.9734330208291442,1.1922199209674480,1.2601372502503032,1.2665706884813099,1.2925905664057289,1.0975776277591018,1.0908407413655870,1.2912341574178878,1.3047300210465056,1.1706868837399975,1.1984513138245469
661,1.1543116950944963,1.1203799035067088,1.1536035787844643,1.1291566107136899,1.0716596480245968,1.0671020652478618,1.0579480138332633,1.0721564003151338,0.6180635897799852,0.6392262127849968,0.8625176205027791,0.7785958789760884,1.0273776584884036,0.9541825934718049,1.0059547179360668,0.6315048705634337,1.0347637010450295,0.9657519701569423,1.1941901939967776,1.2667258217110293,1.2748194676230673,1.3051615858693437,1.1012430308491661,1.0930019449169250,1.2943804591444481,1.3084168907027340,1.1719641676102026,1.1986875027567208
662,1.1463909710233222,1.1192377352469174,1.1287761203179314,1.1280233054360551,1.0724266092116750,1.0656771144081767,1.0579271981809151,1.0695703403278205,0.6160941176779630,0.6368002517665751,0.8630966391889251,0.7784512875559844,1.0534237742402752,1.0051367477901401,1.0239290764957023,0.6464242321727283,1.0431238947280357,0.9348311908158600,1.1996888777007637,1.2770532958923031,1.2817735612786147,1.3148293061353908,1.1029767013257594,1.0973425500959848,1.2955493260588278,1.3087179454982307,1.1740738131143025,1.2006962442039122
663,1.1476340169582433,1.1199337407247307,1.1296014822008498,1.1291278125949153,1.0696266734988487,1.0649035614351574,1.0540939379797398,1.0672086187154166,0.6158082526894704,0.6362836463824741,0.8644299551803092,0.7772480354773798,1.1198925152666923,1.0525248762952275,1.0493311539385575,0.6728507214861349,1.0168959532879254,0.8958580493482798,1.2059506765996453,1.2896364717148989,1.2869059830975540,1.3236811033834042,1.1077934972811534,1.1019430238058050,1.2978014126596333,1.3126220433152818,1.1753698358834759,1.2016503680032351
664,1.1465270740920250,1.1181810339211797,1.1293255238124684,1.1290967801393392,1.0694979927810166,1.0631438364596628,1.0546681030570106,1.0641139576985665,0.6158155410319532,0.6348536767241777,0.8643999930231995,0.7762899601546035,1.1685054366245806,1.0912627441642193,1.0780468593686352,0.6971489758101516,0.9673682297391363,0.8604960937891472,1.2093727297558494,1.2947487087680627,1.2919275403528647,1.3291152151833507,1.1098474517828876,1.1047695490297342,1.3007305478556532,1.3135898052876320,1.1761269886931336,1.2024514799823156
665,1.1469019506901326,1.1185028042347829,1.1299070973194945,1.1284103422219987,1.0664687221120539,1.0614472057490068,1.0516822133701762,1.0615543348934817,0.6148308049809420,0.6357060011691280,0.8656771299700027,0.7767149331980396,1.2225878335317533,1.1314893983875867,1.0962087137447405,0.7214445155487226,0.9023391892398697,0.8355235783335522,1.2145284104628267,1.3019930473726131,1.2942496214184538,1.3333996172760680,1.1149249877665761,1.1093823974314954,1.3021447432704429,1.3156196717530773,1.1777684149513949,1.2043492239866223
666,1.1474662068355002,1.1186576601648008,1.1279522664043484,1.1292102347969251,1.0652421869327187,1.0590916865283710,1.0505726234575048,1.0586235844064475,0.6133132101128542,0.6345425224726587,0.8674254218373568,0.7798506810392519,1.2684173067729574,1.1693387020687891,1.1232838307807091,0.7403814636175797,0.8429752406716180,0.8285633087196895,1.2193118398552207,1.3092682859996474,1.2952496805300890,1.3403301254411035,1.1180024722351494,1.1130736952451818,1.3037485239050761,1.3187440917314914,1.1788481806973417,1.2054424494407112
667,1.1479073015668753,1.1173942727138888,1.1291390382713218,1.1293651488151604,1.0608733710863250,1.0566903591428525,1.0478775746909799,1.0560188925002305,0.6131204739449754,0.6347911481186093,0.8680508818670229,0.7868847392981381,1.2963492086238826,1.2064406703072812,1.1412293438301186,0.7565061011647430,0.7959215129661203,0.8191203487937692,1.2265414921720186,1.3128973219735858,1.2989082111298300,1.3425465013072833,1.1208405271585096,1.1189378433790920,1.3056925708148341,1.3212081140646941,1.1794483319210503,1.2059699002051094
668,1.1473844587165805,1.1180801237044877,1.1283634393764721,1.1298296426102217,1.0590040350378196,1.0540634481529116,1.0467491928699386,1.0533298533935702,0.6122588299003406,0.6340489931215653,0.8694209015008665,0.7953565391995366,1.3292008550210470,1.2302435983841569,1.1677275506615654,0.7732659517061886,0.7718090172470852,0.8081047756496539,1.2293041287138182,1.3173160251887783,1.2998004430631416,1.3475258892118041,1.1246275253579230,1.1231314081009709,1.3068727605830788,1.3212976493232351,1.1809330098217270,1.2064871312560963
669,1.1487523916194557,1.1184016824662737,1.1291332577222026,1.1298869905881261,1.0540544984812097,1.0503259052408143,1.0428511728614578,1.0503185324464117,0.6117470262948809,0.6326599648121528,0.8708396096400133,0.8038170232506662,1.3520529640590238,1.2441075535260897,1.1775963208476681,0.7882938967333092,0.7470869863202826,0.7927281130717482,1.2386954975931601,1.3231595627740602,1.3009728737908295,1.3520247532835696,1.1285336115510283,1.1277566311946732,1.3081115969277530,1.3236342792080438,1.1824057859892754,1.2082994271010465
670,1.1463467537030620,1.1187120289817607,1.1291950844649548,1.1305766558808465,1.0511644561299014,1.0467836952582170,1.0425239045495391,1.0476335218627577,0.6106221921050334,0.6315761356489671,0.8727849026903641,0.8138956738902642,1.3734368042154494,1.2705585205731986,1.1919613849402635,0.8053170620629828,0.7310179650096293,0.7783634562222179,1.2417000974894388,1.3326870697065851,1.3053383558202838,1.3544572036248810,1.1316092156828590,1.1316204467724780,1.3107689836310110,1.3260481257419969,1.1833417180242236,1.2085659912925266
671,1.1459656219718446,1.1191152467448950,1.1288075363457526,1.1297933967021090,1.0457881938204812,1.0430092753328808,1.0392353205848082,1.0455971034831073,0.6120191244142392,0.6339239359104284,0.8751114641899365,0.8218997519805437,1.3794212176663203,1.2853286934960559,1.2109056737812516,0.8176847133533660,0.7176320937802270,0.7683380469562253,1.2456193720444075,1.3406352421566012,1.3048341498596718,1.3555295135201226,1.1351900036195104,1.1368141777724095,1.3112491887667248,1.3256848769917420,1.1832021891954203,1.2092291371405537
672,1.1474521867095642,1.1195755834986099,1.1286645305871106,1.1309803260629789,1.0411433322187380,1.0380320309522908,1.0379875378690475,1.0425948467127126,0.6153782404829844,0.6414921303486900,0.8793968017105591,0.8319387971442002,1.3893302929617160,1.3074309921009373,1.2190653474864583,0.8251199628890025,0.7142318434545439,0.7524517412057564,1.2504506623201050,1.3465543131301771,1.3072663361425632,1.3576459146291522,1.1385470314838033,1.1421942570745109,1.3128169685326587,1.3282744890500120,1.1837911983710938,1.2105682034783718
673,1.1466970411572199,1.1202692619064365,1.1288723790271755,1.1323097564598539,1.0347373228066670,1.0356119769584868,1.0351649932318898,1.0405123521011783,0.6218332824752622,0.6520810519464348,0.8867352830406656,0.8403200702434467,1.4051194024036067,1.3197590846401348,1.2290422883359089,0.8347431682938331,0.7005710837981092,0.7411012596910997,1.2562258755720672,1.3495687819902698,1.3076368971497598,1.3592680856887207,1.1414195592474430,1.1446619162321519,1.3135308889853312,1.3305991007793119,1.1848451348238682,1.2107302994883133
674,1.1476967839835881,1.1216930056346075,1.1293345716284808,1.1334976788593023,1.0311870007064832,1.0339988957309503,1.0356475116175721,1.0380443781944853,0.6356268755319009,0.6630109033221597,0.8999508414878504,0.8501642313191369,1.4018001405244607,1.3266734086179663,1.2373065270156853,0.8481885100061395,0.6959278597154102,0.7263361689202698,1.2602355540177206,1.3594361891701170,1.3131520295171155,1.3594519102421907,1.1460163558039633,1.1510945722722914,1.3149752786770945,1.3298810159876580,1.1865551859688912,1.2118147246336313
675,1.1471262727051106,1.1226390653600726,1.1284770397330737,1.1342151492322190,1.0254988308023179,1.0323195511202499,1.0342424550840694,1.0351106063151965,0.6487078306568868,0.6730035700025200,0.9101522069297939,0.8592810346858690,1.4036580921423474,1.3314281097022966,1.2497389419231324,0.8569484772392533,0.6859541904824313,0.7201549252987537,1.2635698622212015,1.3636797922579011,1.3152417506068803,1.3627583334605260,1.1489233564078825,1.1546293666290774,1.3160309170528233,1.3326707303351506,1.1876070965947503,1.2125017164796181
676,1.1478311614983299,1.1239305892026410,1.1293451274138289,1.1368762443627702,1.0223267154957618,1.0315206452006287,1.0369325890437899,1.0326242522722875,0.6608080988100186,0.6836438543834102,0.9212629238400184,0.8673127737434727,1.4002483681994093,1.3412493920163400,1.2565789335354951,0.8680185566866155,0.6747375474924365,0.7100057455479959,1.2702225250003953,1.3650428265830226,1.3171963080505775,1.3651512776478021,1.1528557673153830,1.1577652591515308,1.3171530409038112,1.3327545569698247,1.1870130228517881,1.2111558369995257
677,1.1461588840155181,1.1252923482484414,1.1281995733753569,1.1375763365605642,1.0180359518880528,1.0292760451213756,1.0378470322156972,1.0300087337104911,0.6708141832230889,0.6938911018150135,0.9318567935400998,0.8746039532668046,1.4115839606546055,1.3436267425585051,1.2655823384148150,0.8765206383023926,0.6733750570280151,0.6962453798887904,1.2762317247929527,1.3718408315294728,1.3209102709321328,1.3661010378407303,1.1574105696846542,1.1631424267614110,1.3173028509703337,1.3342108569636100,1.1880208717422354,1.2126606897993506
678,1.1467878484344369,1.1271851023548229,1.1282018353293599,1.1399670769381376,1.0153613819331142,1.0268565673309038,1.0395877411433143,1.0280327431759340,0.6818301079779446,0.7064124550800865,0.9405345832930122,0.8809263702754397,1.4189044292014847,1.3519592385181727,1.2694115798973293,0.8857882330138430,0.6689529388540162,0.6849021789908846,1.2766996978741429,1.3748038003520922,1.3251489421251079,1.3690543244168734,1.1611549469179037,1.1661465652108458,1.3183703928591004,1.3344524218893381,1.1888086651839898,1.2115705870354707
679,1.1476965682893430,1.1282790368003464,1.1265757417293349,1.1419005230503434,1.0112990492015568,1.0254780008594333,1.0408051676994006,1.0251840738451519,0.6931812964870097,0.7171055910204454,0.9508984934372762,0.8861605796832049,1.4141864846437051,1.3560077958771073,1.2783140254908578,0.8888204249566346,0.6691441655858648,0.6785607618008487,1.2863223943561186,1.3805340378549333,1.3280557198618883,1.3713626125597882,1.1643452515910275,1.1695190327262883,1.3186369154193092,1.3365949585626788,1.1876630600632903,1.2110786213870843
680,1.1456502769854044,1.1298102488515354,1.1263985553324234,1.1434667931481741,1.0102819592186929,1.0223921439156674,1.0440480728714787,1.0236079142189636,0.7016811234536320,0.7259124473594906,0.9614354350388490,0.8923704668474982,1.4133375329681166,1.3581615342395637,1.2930793210378404,0.8960303639002820,0.6697596766290025,0.6646547838066252,1.2877103599719217,1.3881938100951001,1.3298705575815606,1.3715569183377982,1.1694221607958020,1.1730487316216869,1.3180794826136437,1.3347198258494100,1.1876324194311936,1.2119853370714158
681,1.1470449559746809,1.1318493968152561,1.1236392227768324,1.1447987061414953,1.0065508211215553,1.0203195405309740,1.0442342573174819,1.0208126228180141,0.7125707169387856,0.7343113789860181,0.9704210859560641,0.8988129576006544,1.4099695607469287,1.3619394031704299,1.2984770371388985,0.9012369387850394,0.6700046858791835,0.6610071948144232,1.2934270765887350,1.3908889787228593,1.3329269265446071,1.3735080385983132,1.1715607304509488,1.1770828811944438,1.3173493037041393,1.3367247546421746,1.1878752654326858,1.2117539741150192
682,1.1465117598006180,1.1328521524276678,1.1246872614649475,1.1464687487707721,1.0024312299909626,1.0178021081740862,1.0466957082076549,1.0187140141144548,0.7210057586388940,0.7443762513180467,0.9789333347909454,0.9038503969454085,1.4159539741977996,1.3659997295914545,1.3028182864279259,0.9080776941080785,0.6703632360013997,0.6444219498558676,1.2997713025644173,1.3976354836318363,1.3363470223979141,1.3744795674883628,1.1749390687983234,1.1803366972518641,1.3171182013534573,1.3378358331189679,1.1881340648211374,1.2106218569737814
683,1.1453131468802020,1.1344533881302721,1.1229023284282584,1.1471658618528309,0.9991533373261887,1.0145664383640371,1.0492554552339168,1.0167241755320640,0.7302392787487864,0.7501765238726779,0.9865631980989442,0.9080397761783352,1.4074435815810378,1.3742086503991779,1.3137759746250637,0.9114003466935545,0.6709727712091671,0.6330277846407054,1.3005397356352355,1.3975324835568903,1.3371542075426888,1.3754285214332496,1.1767203744723937,1.1851664667241200,1.3175075333286641,1.3358236934328982,1.1868983104026993,1.2114746352817751
684,1.1450810598723979,1.1350994673792818,1.1225936973709429,1.1487353593260414,0.9947088801210692,1.0108430124335703,1.0495327081589434,1.0143944303210222,0.7383844063812451,0.7579151831999295,0.9943099138196710,0.9126874473471568,1.4044444162353107,1.3745322996066509,1.3185643293225955,0.9137186026641400,0.6682597419510650,0.6200027612733412,1.3037251433128831,1.3979067171625281,1.3349718462011246,1.3778690342549762,1.1784314809080769,1.1868974677497455,1.3172195263790702,1.3375954700087909,1.1864536413947533,1.2111268811448601
685,1.1454451517582467,1.1354117178611214,1.1203706992423155,1.1498483073128183,0.9908924571453686,1.0070302749866658,1.0522662080610559,1.0117554959692521,0.7472616075253110,0.7641903754016158,1.0004573994046648,0.9170044442247840,1.4154181604353380,1.3873370391604907,1.3244704475413884,0.9163354630337469,0.6731121202717234,0.6124236392356518,1.3038368187072580,1.4035305212545914,1.3349217293435940,1.3778254968607333,1.1801620174900995,1.1893927879834898,1.3168682275796666,1.3368533489061192,1.1864473106856424,1.2109051701400191
686,1.1431523219320776,1.1372137162380249,1.1205564307987943,1.1517733125971075,0.9855161948359483,1.0033166445128405,1.0519733433967682,1.0100280149476419,0.7554350787118697,0.7710767102839172,1.0090453026862480,0.9221525274388351,1.4198995119031994,1.3900498079722186,1.3323452718331126,0.9211619959561134,0.6704468976965834,0.6035631286498037,1.3025259622923329,1.4104521262909770,1.3382165330530744,1.3768926678766773,1.1825506719320000,1.1915241466895583,1.3158247830465617,1.3356305015830934,1.1871322934114366,1.2102511084816909
687,1.1451679846532019,1.1401282656203449,1.1183165936792545,1.1533785594591417,0.9814903266637764,0.9998623055383514,1.0539132465531063,1.0073810235498595,0.7630813597921716,0.7765286091789528,1.0155815472597409,0.9264651237080244,1.4218409669645864,1.3909089495047833,1.3468834089870645,0.9277638677599351,0.6799185967584597,0.6034247969315365,1.3021510520397885,1.4121996942292312,1.3401612189945307,1.3777432595604968,1.1836124354126036,1.1933796225576487,1.3152420915668896,1.3361719194887671,1.1867126940115693,1.2095351607810387
688,1.1430785545002291,1.1397682044278712,1.1190620331873957,1.1538393293595337,0.9754899478048713,0.9962884043725018,1.0545290429350735,1.0053277357301205,0.7699639845434411,0.7834119665086081,1.0213889623615391,0.9300434470264246,1.4264127804962401,1.3921211629000456,1.3499590615149220,0.9353239882260714,0.6802950743867866,0.5995951925205619,1.3102953790152765,1.4120417607809803,1.3388634961230161,1.3798257982517819,1.1876708288818523,1.1963247992396002,1.3151909935597035,1.3360535406570051,1.1853191783220889,1.2086349743580533
689,1.1441272599202512,1.1409539523619574,1.1167462949446398,1.1547859433844234,0.9712892908356442,0.9910631044575470,1.0558346469073570,1.0029481375468765,0.7785626090414971,0.7904166591085926,1.0281409344662222,0.9359943269512271,1.4201987325757428,1.3940807117380183,1.3548736153196930,0.9372812043323854,0.6895217641984819,0.5968795224724753,1.3066446571943999,1.4120589274601381,1.3376736004298251,1.3782890894846160,1.1873649607717376,1.1984940099445471,1.3137091513513097,1.3353291463337089,1.1853921080910459,1.2080061781023257
690,1.1428693310824132,1.1432190376661961,1.1162795784353283,1.1562169119759429,0.9650466185408213,0.9865050480008838,1.0555284833540690,1.0029554392448252,0.7857254300704392,0.7966114573888338,1.0338711970134626,0.9405206670588310,1.4186052085289411,1.4002653538662744,1.3630116548922300,0.9417602703177086,0.6882489112646146,0.6027112964899481,1.3023238830072734,1.4182457986285739,1.3349209699972677,1.3757816580754421,1.1903540694134127,1.2013816807051259,1.3125280905943062,1.3343175180937512,1.1854916268382685,1.2056667153739054
691,1.1440332172293566,1.1436797975235449,1.1137725794151969,1.1571300109488105,0.9597655859897964,0.9816571612682959,1.0581339091729838,1.0043329423302689,0.7931433430862795,0.8004897197103980,1.0389055884618290,0.9448326346696719,1.4241303530405591,1.4093098780823827,1.3704898534183452,0.9513210402572893,0.6965493465939181,0.6017356938453272,1.3031002928919755,1.4200517332759643,1.3384678766870541,1.3772901481611541,1.1919034668892401,1.2016495563894951,1.3121538557575860,1.3344986917880470,1.1842961357297754,1.2049817106944152
692,1.1425022194771319,1.1443341272934160,1.1132246838899953,1.1583296015515556,0.9526411343498298,0.9752630328946671,1.0569864463372900,1.0060417914329751,0.8009855995977859,0.8050297431075611,1.0448463351627655,0.9495029375390316,1.4235945392780975,1.4042903731010292,1.3746868751562420,0.9498660224584207,0.7008937789081037,0.6070651053069878,1.3050652480453826,1.4176827315522014,1.3380813694070066,1.3766814308897952,1.1940677344798680,1.2074030602189918,1.3103366828770340,1.3316500884785611,1.1839527580676028,1.2057169622981778
693,1.1432987783245490,1.1443798224858803,1.1121354273733790,1.1598060016580383,0.9476569413938039,0.9696652175256660,1.0582495516860293,1.0079472828149230,0.8086181138089537,0.8106595507732022,1.0499496395724843,0.9549156859177079,1.4375048212412265,1.4112870805134903,1.3889221344528200,0.9554363517928952,0.7044852559656353,0.6115863683092980,1.3063681276464238,1.4178406650004522,1.3377859836861061,1.3778561342863118,1.1928229515563271,1.2078900407430218,1.3081574690023858,1.3310284493848659,1.1826757274257620,1.2048340926118064
694,1.1411974849880917,1.1463000783284671,1.1134016189586844,1.1597454263047540,0.9398794426448398,0.9644796756406094,1.0582562011305294,1.0095491242752761,0.8165454009827596,0.8166555974143153,1.0559016220823370,0.9606503073707027,1.4393001452764878,1.4119167253353013,1.3897009632289246,0.9594539382524578,0.7088296882798208,0.6203376696438827,1.3007630864239854,1.4174149313573412,1.3350903042280156,1.3798765918783986,1.1977857869987227,1.2124926982220081,1.3072623828878720,1.3329865073711458,1.1821561028219434,1.2031626017071906
695,1.1399854990244753,1.1459393824805426,1.1113884798959022,1.1610135365694108,0.9339751976243149,0.9580953427236221,1.0602845708093471,1.0118670356999870,0.8251505040074670,0.8195118147901006,1.0601157994798240,0.9636018583158694,1.4515194825087310,1.4170127292202392,1.4024182275498545,0.9644650629851285,0.7086802923955641,0.6193038220652546,1.3026243429969013,1.4195882329387062,1.3377449789844900,1.3789679503355885,1.1969208320971685,1.2151241400671031,1.3059860940265673,1.3304768160470093,1.1807762614641424,1.2026609841072489
696,1.1413762955173385,1.1476986473904194,1.1112233572536740,1.1618449581192025,0.9257417412030328,0.9515476561620531,1.0589061120538450,1.0134973286040718,0.8311164172375649,0.8250679280277503,1.0651097420160922,0.9679389722606415,1.4535026892918685,1.4095158366689564,1.4066945744408730,0.9657300598028015,0.7200403554344453,0.6299044000545684,1.2968996495662040,1.4238730360564689,1.3367836465354921,1.3779883589651234,1.1991897717664628,1.2157887338166389,1.3049641338828475,1.3302923373599485,1.1805384800299388,1.2018133156559609
697,1.1398828285637739,1.1474625555626872,1.1104849549357647,1.1614333436284427,0.9191678742737899,0.9449884455338469,1.0607659327698991,1.0150860773646546,0.8389408578007801,0.8297248203662735,1.0694654906059227,0.9710017957334535,1.4487290757717552,1.4088803073161003,1.4203457121553726,0.9702634174970377,0.7241278268277093,0.6344839079908859,1.2929165605001638,1.4195641995878854,1.3328957933452319,1.3780552775525710,1.2013941532075976,1.2189602945688045,1.3030476682837864,1.3292530673623204,1.1786033088689341,1.1995814437992880
698,1.1389995606297980,1.1475734087147764,1.1100026560766538,1.1623476838995332,0.9109470749722944,0.9390768874506490,1.0610105166849904,1.0176585410868220,0.8484812981107819,0.8331839921528970,1.0742377131795788,0.9755702559503920,1.4626323991145924,1.4132348602893730,1.4235691979231386,0.9689848477521363,0.7272770920678411,0.6425945150513911,1.2920524056627385,1.4223177349247809,1.3315396008065981,1.3774538165135857,1.2037320385574504,1.2213027509609249,1.3014973082930295,1.3263047133621111,1.1785501309124029,1.1993832949114787
699,1.1386151934849031,1.1504304160028820,1.1097005595531251,1.1642299885249499,0.9039868645295607,0.9320169561270581,1.0616445267627621,1.0185100701372642,0.8552448799348320,0.8387520156011311,1.0796279052436235,0.9787738988932183,1.4729450743869070,1.4080329348456257,1.4265402854764264,0.9744764541086871,0.7327808364438587,0.6548113899594052,1.2895955469864895,1.4188019990332834,1.3310012242613063,1.3764879313598266,1.2023938655756983,1.2233533102078495,1.3014453392970846,1.3266919984233838,1.1781295185990779,1.1982707655542792
700,1.1386792546757190,1.1507441473474405,1.1087558167644862,1.1643201067759426,0.8943285780522842,0.9252952561592680,1.0612808310592341,1.0194119557252845,0.8664438230675894,0.8449185271312344,1.0818301237911905,0.9813589420213388,1.4733208398826594,1.4034076934442847,1.4293851739224752,0.9828862398193120,0.7381949432893224,0.6595510714642426,1.2886409882583798,1.4200894999701112,1.3276244111485940,1.3771530859940930,1.2041632624503993,1.2245864118636147,1.2996519734426080,1.3250809646774220,1.1770008797787954,1.1970614328006000
701,1.1368926592429665,1.1509772774497353,1.1086557881319035,1.1644437400789571,0.8873406424900174,0.9183632419753496,1.0623404055850134,1.0205651204358186,0.8728033067917591,0.8505572674548137,1.0866862404047539,0.9841558430128290,1.4835569703317653,1.4111988125478159,1.4352552352534855,0.9844579847923436,0.7498358705906063,0.6684916688343507,1.2892631797413259,1.4136794619726252,1.3242696190793419,1.3731411957394146,1.2073259888512995,1.2287923512774346,1.2973911769542139,1.3223961087367442,1.1771239487639105,1.1951503463926729
702,1.1378169090835246,1.1511293832061327,1.1077404507453052,1.1654196487419106,0.8779867296076129,0.9104773231755402,1.0617410882611551,1.0232012851780219,0.8814221766856007,0.8544050098617553,1.0899333891815235,0.9859846101479706,1.5031594036935134,1.4038549178037019,1.4477886094467238,0.9860595902052773,0.7550169198566294,0.6796382930799822,1.2812677532916712,1.4157737968298647,1.3220348628412686,1.3725929470711709,1.2062059349316783,1.2297859662479891,1.2955914238488391,1.3212408635384558,1.1757777867785790,1.1944999751864103
703,1.1376682957486017,1.1520422292963346,1.1080787385328839,1.1659732677493859,0.8697981758255743,0.9035608664815820,1.0632505121626812,1.0244239419104135,0.8913027396448004,0.8582333981764970,1.0941947569764583,0.9891348171311932,1.5047738036011902,1.4057379677380901,1.4430867912798704,0.9924062909772079,0.7623014631729873,0.6866495270111012,1.2787045370969696,1.4101499927378014,1.3235588709179975,1.3707877577061738,1.2071937385004097,1.2302838656178494,1.2940991297753388,1.3199398982046224,1.1747322068618311,1.1924642650510500
704,1.1357719119450573,1.1518165035076335,1.1070186360900856,1.1663891026541040,0.8621876305137973,0.8953303780893214,1.0619850939636810,1.0259603198719154,0.9021064926518232,0.8636570103213945,1.0968898530084805,0.9893774792536287,1.5024357071831755,1.4081918171838397,1.4538425609054255,0.9973929844408677,0.7593972071830366,0.6920954283407761,1.2854263322631576,1.4025382871992762,1.3208016844074828,1.3695082420642577,1.2081940776474245,1.2321648187928771,1.2919530134735271,1.3188690805487835,1.1736965028512958,1.1908927002331231
705,1.1366189432458442,1.1539362527136177,1.1074466480531213,1.1663133834624988,0.8536223767381054,0.8872001490768042,1.0627720412649555,1.0265250684408516,0.9105026631920233,0.8679134218290153,1.1008987896297657,0.9907624135948858,1.5155735822939245,1.4172422259309929,1.4559518888407088,1.0003030200386049,0.7592537871341501,0.6993687644749276,1.2804700719032787,1.4060952231207522,1.3176587499632471,1.3686899003020996,1.2094727066323305,1.2354535751569544,1.2899648364666538,1.3167028080183127,1.1729674583900902,1.1898781097961162
706,1.1358728568517973,1.1533665436705323,1.1069681191173490,1.1679116790544839,0.8444098016933195,0.8791739247656873,1.0618920017406794,1.0285514155129865,0.9217186124572406,0.8716375958011430,1.1053848736030236,0.9913841567013331,1.5207647130315405,1.4209024042409599,1.4611512920589624,1.0065112769528073,0.7604310267020932,0.7115783587661908,1.2791698512401988,1.4098581591921207,1.3142994018160379,1.3681916390124309,1.2086804580848201,1.2355685869997000,1.2875809402336753,1.3146957760483342,1.1713032415790299,1.1875042974753962
707,1.1351733604147074,1.1532831922546483,1.1070842327561761,1.1674931132936750,0.8357209903197093,0.8706302698625620,1.0629446377156759,1.0296658056895855,0.9335071015152744,0.8781934223397256,1.1082470086609328,0.9921071138018531,1.5275841609174166,1.4286582161582213,1.4640033918825677,1.0091009914679578,0.7627376991550170,0.7148327944538441,1.2742534749497392,1.4084298914861997,1.3114397035514833,1.3647239661857886,1.2108209080767096,1.2364348154355680,1.2852818202398919,1.3135711771465934,1.1694182096341830,1.1860948286674109
708,1.1348157393562137,1.1537282972775416,1.1062870196341856,1.1684206113259299,0.8262694367989497,0.8612934710731339,1.0614184456497582,1.0303438564680720,0.9474602282907035,0.8851512184855338,1.1110237515710792,0.9950888403477371,1.5562119247975128,1.4325243530547620,1.4733024632417051,1.0234475755482202,0.7626659891305737,0.7307991869885729,1.2709191667462583,1.4003993189762265,1.3060604941765217,1.3630477765074371,1.2098920217259101,1.2377880243954660,1.2828514712731081,1.3100747952551803,1.1696494071309111,1.1843557741019086
709,1.1347408934531393,1.1546669526894131,1.1059072626898829,1.1690708033351578,0.8171960900718181,0.8518739871055843,1.0635890556196219,1.0307268179363520,0.9632411093976557,0.8922660805334245,1.1141518007733375,0.9965875618500327,1.5565389799512233,1.4298998522087083,1.4771208876578845,1.0349275573978758,0.7676617875001186,0.7293576248718943,1.2667100679535068,1.4024490204676563,1.3018157482129367,1.3601380273255370,1.2097829621948446,1.2359594816804236,1.2823413621900068,1.3102634802966693,1.1674663254011255,1.1815260490106703
710,1.1328128025955546,1.1543767035965378,1.1061528103633333,1.1681328783978295,0.8087646401338719,0.8417042863999554,1.0624467966970152,1.0327559346180537,0.9804650823162049,0.8972676245907353,1.1177375219254475,0.9986665350077891,1.5669699517684970,1.4365022960411569,1.4927479428228716,1.0451343986735211,0.7678948450795591,0.7340245002092226,1.2640537889301595,1.3933472471782424,1.3003046490237535,1.3563002866478302,1.2102843853261804,1.2387401477518656,1.2791668984935769,1.3042538016344671,1.1668056525983170,1.1804674570298088
711,1.1322539388063162,1.1558046783610483,1.1053483087228884,1.1691246756780378,0.7986594367841251,0.8323602850688793,1.0620894613317047,1.0329981495638034,0.9992843924226587,0.9047844562458515,1.1220438329560469,1.0009561087122187,1.5929951916594935,1.4375791652223853,1.4970242897138901,1.0458673367438467,0.7750060891701791,0.7390481257673452,1.2528171171056697,1.3985659176421839,1.2982073344707263,1.3553150515410743,1.2109826170365654,1.2414334630566655,1.2781620677954477,1.3042913583704323,1.1659864588393731,1.1791468429523169
712,1.1326046576489646,1.1553597848899719,1.1065953993632784,1.1688046689961382,0.7908282959560647,0.8227333679018607,1.0627434197429768,1.0335795157901402,1.0206521929506025,0.9107328620446268,1.1230191011699693,1.0052586464478355,1.5955490053065513,1.4462000032032560,1.5036767855097835,1.0642450802109000,0.7699445566115612,0.7489570451653234,1.2463053780384250,1.3971410832720945,1.2974533035687872,1.3522416340067425,1.2121264885549250,1.2389614363606924,1.2737580583011048,1.3015749547715438,1.1636382722159764,1.1755441100938793
713,1.1312651963864517,1.1551913896436681,1.1053968150698441,1.1683796484845697,0.7823519433788750,0.8128900863837295,1.0641620642717624,1.0336190456721388,1.0370323377728083,0.9203391912691538,1.1280894472068674,1.0071559373429395,1.6058964736803245,1.4462117722653460,1.5134373850325384,1.0730511953965898,0.7781732819164217,0.7530778742463341,1.2401951386033381,1.3916271459266405,1.2917430191955925,1.3506436503884200,1.2126504757271710,1.2411051697587019,1.2705777880129492,1.2965366435283447,1.1629287263388322,1.1740497608883937
714,1.1312416857137282,1.1553379950528244,1.1049642791988019,1.1695348006109298,0.7749077487842954,0.8034668570945227,1.0623060019373822,1.0353571015666403,1.0579312549343578,0.9308685618139763,1.1305448459820118,1.0082177412931816,1.6113589906093171,1.4444346438897671,1.5204684781501492,1.0775031155274566,0.7807847219732291,0.7627756557585360,1.2322050300296059,1.3841047071197354,1.2894619428316196,1.3461568800372774,1.2115040970931545,1.2410927950667610,1.2691133655797324,1.2962851636243220,1.1622277902260789,1.1727748516403249
715,1.1303640258301269,1.1550261676746190,1.1047679918569753,1.1697991971324373,0.7662861406895529,0.7941896953499421,1.0627231823031940,1.0367748898821463,1.0748361604153260,0.9434323452042565,1.1315740460787318,1.0114402439864563,1.6122427353863642,1.4448583301250044,1.5280187904518294,1.0955578233264773,0.7898201850530758,0.7740314892554310,1.2295966118895623,1.3796276371954066,1.2891703538423500,1.3431519935864762,1.2130390786539562,1.2402061847853432,1.2664005259254940,1.2920908273517324,1.1600054580998058,1.1698503103191031
716,1.1299082638900801,1.1544575163906183,1.1058997228432059,1.1694508888510524,0.7599596903161414,0.7856575645134538,1.0634569340484674,1.0374652780123392,1.0912098267108805,0.9580417072624173,1.1345155808529819,1.0153442123292646,1.6177609212776907,1.4479241707994301,1.5327891167054699,1.1012150193952126,0.7958139479294555,0.7744537650269834,1.2160572997905790,1.3789135033424462,1.2869257261020357,1.3417160658245022,1.2130528677900678,1.2410753249134325,1.2630898976530969,1.2880067576559362,1.1594883657796315,1.1675997023211759
717,1.1295068568998168,1.1547974801604803,1.1053385069222081,1.1700700484047044,0.7533599064273351,0.7773942325312774,1.0617503396621988,1.0376314545863463,1.1064189778408478,0.9747390781136661,1.1380204041808955,1.0188867021218129,1.6231886451052246,1.4487126979594553,1.5396038684963851,1.1108110789455867,0.8035705822400646,0.7743008720752144,1.2111409235001196,1.3716451313870750,1.2841222194656214,1.3366173532098344,1.2129977112456209,1.2398524141804423,1.2589082806218477,1.2857671743768615,1.1577491933726987,1.1655733602564429
718,1.1290176623517687,1.1545137891739308,1.1063362799658092,1.1698207957215181,0.7493593524947367,0.7707019189334120,1.0626835747424759,1.0374698101007214,1.1208191229552227,0.9929624446960486,1.1401035231539511,1.0193739123417285,1.6197510866811198,1.4408509644833847,1.5356916961719709,1.1160203684157899,0.8090384716038607,0.7894299936835895,1.2068307850648383,1.3773650688824215,1.2820583161509482,1.3328086374616228,1.2156746839880397,1.2394011018861246,1.2568469405592306,1.2820205143969765,1.1557152631495644,1.1632855638569355
719,1.1273415023725437,1.1542064043838813,1.1069447455926500,1.1694563505632338,0.7464922135030425,0.7634962081668610,1.0612736034021688,1.0388410186189676,1.1343033663642574,1.0087427293322939,1.1433941170585298,1.0235532330410828,1.6288738378835519,1.4403566638756078,1.5377289103316889,1.1260833366628160,0.8151099203400539,0.7881049214349252,1.1969182643450802,1.3689636961026419,1.2834008404557100,1.3308341360079035,1.2133248898388176,1.2402010893239557,1.2540647121338706,1.2785358502071846,1.1540236976751452,1.1609500754615083
720,1.1267660301264273,1.1551835622264404,1.1064918521355798,1.1688716991001824,0.7439861037852656,0.7576255605202251,1.0621449697379663,1.0387309895843599,1.1468474135930096,1.0289856209969035,1.1473626047677168,1.0268253997438714,1.6242463553895645,1.4444817201381268,1.5422432326820728,1.1350116081935602,0.8218865176499389,0.8002635514089321,1.1875162597138931,1.3636282922204279,1.2827751390829025,1.3260587288578911,1.2143885336561635,1.2387758159815778,1.2511074149679811,1.2751860898129794,1.1531173933588359,1.1582861368322768
721,1.1267746578962341,1.1541234760716312,1.1076198131984718,1.1699104174532216,0.7410586927945868,0.7536022207555262,1.0614993954088900,1.0387513839820790,1.1588213504764393,1.0418062183029111,1.1504060108761400,1.0295103995493682,1.6235644106009770,1.4393916007842338,1.5396651652056155,1.1447596845288905,0.8293443601920346,0.7921092606479215,1.1775505602349088,1.3548595525066736,1.2784195285556890,1.3224789875534755,1.2131581666476483,1.2350000790934705,1.2476748482693445,1.2731982868918150,1.1513285881924740,1.1543254301235131
722,1.1251849913093228,1.1541679019531939,1.1070151174949696,1.1684322795292266,0.7394871004210651,0.7507984153427049,1.0614302990073454,1.0391756378111727,1.1665453738765579,1.0592956181580264,1.1559624929121439,1.0330220850828509,1.6340928031023347,1.4273341966731046,1.5429211021723859,1.1490840191438116,0.8383559199304002,0.7897794632876327,1.1772341466175129,1.3457474792097652,1.2796162583658159,1.3172230565707084,1.2129977112456209,1.2353210931608805,1.2457493824531087,1.2676924693993217,1.1503202328452975,1.1524319443331279
723,1.1250163184095991,1.1529525367647329,1.1071767215420818,1.1688188197958809,0.7373456362971447,0.7477085249756160,1.0597291976404464,1.0384542804103694,1.1776390409512301,1.0743955320146346,1.1589789330791684,1.0348263345424096,1.6249074243172772,1.4257512578220095,1.5440316543160906,1.1596627586255113,0.8485865500843005,0.7929683734245280,1.1607753206370131,1.3455346123882097,1.2801561536037604,1.3171553317352194,1.2115116184401247,1.2297750474021589,1.2415982500284191,1.2644619891985420,1.1490682718115357,1.1489697325340966
724,1.1239369844067628,1.1535654023784789,1.1082044026441686,1.1694441858406479,0.7354106037697463,0.7454515365247281,1.0606468209814621,1.0387491179378880,1.1849638251464569,1.0888954690130508,1.1632245707416207,1.0366909352034031,1.6330768445397450,1.4242683559986788,1.5394488238789197,1.1682842820008970,0.8557157216810314,0.7900488461074161,1.1497646585392345,1.3358869387015808,1.2779343062532327,1.3168594387039760,1.2118858054518840,1.2310292588265292,1.2386752117537112,1.2619580064982725,1.1459687566308632,1.1459515105066040
725,1.1238841393166958,1.1525186439881387,1.1089639165327738,1.1676937070865183,0.7346424371426884,0.7431475875022936,1.0582457933043554,1.0378882729279937,1.1927040448632040,1.1050732569275525,1.1670140345620768,1.0402881182722516,1.6197093349593694,1.4197078444388325,1.5482611272529918,1.1805107748481063,0.8681275317450800,0.7939512566858998,1.1369379418138821,1.3266478319789055,1.2825480945313619,1.3128757671307514,1.2094125358565704,1.2260830216654170,1.2346346949013958,1.2551767622524019,1.1442531344618228,1.1450680730583764
726,1.1239527300866603,1.1529753843609649,1.1080189224159123,1.1682952402054030,0.7346309854628813,0.7411337568574496,1.0587187711827113,1.0375294825977510,1.2028194544135165,1.1188541149619322,1.1681271286987041,1.0452689783656608,1.6163204868773065,1.4198019969355518,1.5524509376133322,1.1875035469561017,0.8866825005697651,0.7972493760740585,1.1267036896008054,1.3191871932169679,1.2835071489413812,1.3117776572981805,1.2085814270163813,1.2274340468561491,1.2301191988459199,1.2543664381172177,1.1425068716606857,1.1414812375319121
727,1.1227815103353811,1.1522429919706338,1.1085507329348694,1.1677855631550231,0.7328448247729747,0.7386385083288384,1.0587765924392341,1.0369128667951097,1.2108512078295761,1.1307740025924902,1.1698626866492865,1.0456964660424899,1.6130499353402028,1.4293055145731672,1.5480375745487396,1.1943633043772603,0.9020463733067265,0.8122110434971629,1.1140444859670153,1.3104939868915075,1.2871193594152226,1.3101562924866534,1.2076813724956337,1.2225132870019741,1.2264741108901234,1.2492274748216321,1.1393703851388057,1.1374748259937251
728,1.1210900360647491,1.1511234597552578,1.1089714563794508,1.1670901878904767,0.7329900802905275,0.7374106190286488,1.0571442983675972,1.0359724584558423,1.2169774645942959,1.1441305593747984,1.1743555121078941,1.0501379372730764,1.6036627565666854,1.4283757586680630,1.5509040971274579,1.1983075970297903,0.9191312866303254,0.8228771470372348,1.1024993773390137,1.3047980827469818,1.2859651529993641,1.3091468699386515,1.2092213682877486,1.2246766743224784,1.2226400183736561,1.2431664185446296,1.1369393928402391,1.1349173427125288
729,1.1207395329163459,1.1509506219207977,1.1094017302964900,1.1661567316267512,0.7330075591702330,0.7357822684128179,1.0564625857531940,1.0352621794933059,1.2240147641693671,1.1506975517358040,1.1761772112601672,1.0533346649740716,1.6057155495527400,1.4354901567014233,1.5594928477972776,1.2064486387812958,0.9371603819424268,0.8320288822931190,1.0858517667632610,1.2921153401852712,1.2902736840543516,1.3116002827290427,1.2050714650970311,1.2214534310333827,1.2175287660071252,1.2410226800557380,1.1357879634671577,1.1322746951529041
730,1.1210371909746821,1.1503366985479668,1.1100918775956659,1.1659156715118371,0.7324795764591284,0.7350795884496171,1.0560020394449903,1.0340855989927982,1.2304827632149478,1.1599391307611819,1.1776026608846637,1.0580275995439692,1.6004757084730821,1.4424280188034349,1.5541564284054501,1.2142992198901168,0.9537552767656636,0.8504852457566564,1.0667153902557234,1.2820144661688790,1.2923360686763725,1.3118058759796343,1.2058016625320387,1.2219316764807484,1.2146028244365543,1.2360534732067148,1.1334676319638486,1.1281283303171670
731,1.1190344699082682,1.1490113264146842,1.1121668434012002,1.1649449763014204,0.7335822526805504,0.7342046236901906,1.0558462111586615,1.0343139658907139,1.2371726517983384,1.1653634872942411,1.1820333148672686,1.0609822937808773,1.5989100189074474,1.4489892709185686,1.5552814033042677,1.2187484254355379,0.9774554398441503,0.8725964788291468,1.0604695449846095,1.2705677245065232,1.2946923203266416,1.3099563429723529,1.2047536881875471,1.2188307242649519,1.2107539251111865,1.2301585679296223,1.1309545936752055,1.1262683424762969
732,1.1189777423217881,1.1483878832100898,1.1114530712491026,1.1649012826039693,0.7348771965787332,0.7331758126411581,1.0551243127709751,1.0333420847154604,1.2431409944759304,1.1726793341457444,1.1829831152476480,1.0632574083432964,1.6013594532501294,1.4412158054081723,1.5542069080483456,1.2284557829891836,0.9961657803884624,0.9053082898909510,1.0506181798379615,1.2488072420062195,1.2957181972133684,1.3123065560134275,1.2033158573584417,1.2190389102587824,1.2071663224134743,1.2265468117453242,1.1285372757083181,1.1231240773167306
733,1.1194811726900176,1.1479497593971564,1.1127119743159535,1.1638844110996558,0.7352258700928587,0.7336131509700383,1.0550994496306703,1.0330130047423889,1.2517841588447147,1.1782101381859020,1.1861373813373772,1.0656142484909918,1.6243576933142321,1.4640419013315840,1.5531143843485324,1.2352015278216248,1.0098623950571188,0.9470335044903723,1.0425988229466547,1.2361656994744876,1.2982012597001167,1.3159725658582875,1.2024151760587800,1.2183859632781322,1.2018175804453630,1.2233598973582642,1.1266816182537456,1.1197688886275909
734,1.1183552487302244,1.1474261686501692,1.1123327200280961,1.1635006016890921,0.7377247471707574,0.7335532258235250,1.0549572093396244,1.0329500590704164,1.2596952497018923,1.1858289510191478,1.1868969220201095,1.0709333267757748,1.6340232168994175,1.4715211402897321,1.5682474601508976,1.2396534479524914,1.0146729425301853,0.9528361560408415,1.0401898251537094,1.2205714881276306,1.3029509709706397,1.3137892461618106,1.2012894811289312,1.2186822279616603,1.1975892203507219,1.2179574360031469,1.1246266700763634,1.1168752903275314
735,1.1173417014721652,1.1473180656717004,1.1127112203312857,1.1628553748727564,0.7396175892988667,0.7340790113638455,1.0545209479591604,1.0318762059065676,1.2644610158698204,1.1911088962488703,1.1912736441199168,1.0728966267974478,1.6419908371334260,1.4837080040838506,1.5625829230802482,1.2535358379215475,1.0194775141678816,0.9608666763170868,1.0302347614265701,1.2163381850473414,1.3045493949873384,1.3156944102839578,1.1988331345643002,1.2198243392355064,1.1934142808999570,1.2134235868374321,1.1226975763961051,1.1139859502413934
736,1.1171644008026345,1.1454153686299215,1.1143518909682197,1.1623667998921681,0.7408610006379176,0.7351925243026612,1.0538701697169968,1.0318039442751434,1.2741237383703670,1.1992078394463017,1.1915043527296620,1.0763089843119027,1.6888780206589700,1.5035624118295559,1.5670828226755189,1.2700649487001128,1.0101014284719296,0.9621480648652455,1.0276954756735204,1.2117684150555610,1.3056367789264893,1.3167763951556979,1.1977017986242240,1.2162917286478865,1.1891568878466876,1.2092770227329899,1.1190607106261037,1.1102966336998872
737,1.1165718887111495,1.1452099518156491,1.1153883685580965,1.1603837018510408,0.7447521608923591,0.7364693908860587,1.0551994804044547,1.0317009651557965,1.2768244741681649,1.2029327578065909,1.1956136625772646,1.0800350423421481,1.6796856832536207,1.5232049764576427,1.5663039938994143,1.2772911751564342,1.0191906740701087,0.9673318639918880,1.0253396566398010,1.1849300288604090,1.3068912190574093,1.3160128782603642,1.1969427693591643,1.2160959173459971,1.1846675214539770,1.2037985465442793,1.1177672201405746,1.1074393721586238
738,1.1183487779028691,1.1447064584912736,1.1146916867251337,1.1603976043911388,0.7465045692628343,0.7384667997359446,1.0537198344500378,1.0320242541270466,1.2819668046977049,1.2128949045723287,1.1979926578517792,1.0827363872647000,1.7141238950772950,1.5404701905435643,1.5686909598706238,1.2865886303077867,1.0212583131082216,0.9728432908723211,1.0178148622092980,1.1759484223250991,1.3083119560337719,1.3179140111423040,1.1950918912256214,1.2161992824198569,1.1801749614358175,1.2009679704680567,1.1153686410726555,1.1038389103476109
739,1.1180869250892314,1.1433406799609507,1.1158493045182891,1.1592690160467516,0.7493605579347163,0.7415128986498123,1.0551029189060617,1.0321264778983299,1.2899297237680933,1.2188820185555034,1.2013993551151583,1.0880215179986759,1.7250350116946969,1.5633374781842908,1.5660552013737143,1.3012256750307336,1.0205232853576784,0.9669605525375921,1.0117790730371274,1.1634957132641017,1.3100052983412485,1.3171948378892546,1.1923585083809274,1.2144580904714566,1.1758655993866032,1.1949168291693490,1.1113732039386155,1.1009790938779946
740,1.1179808035206074,1.1414485605100204,1.1170280338821403,1.1575572657971807,0.7533638241072691,0.7434927332980765,1.0543229101555700,1.0321325206828391,1.2951044469308903,1.2262417843085371,1.2036652432465833,1.0934537547861489,1.7462100932423714,1.5869932929850421,1.5693183497180414,1.3119184271011506,1.0216288149011783,0.9678123846974476,1.0114520236678866,1.1534841059793297,1.3090272602730737,1.3162950650749015,1.1891650698132328,1.2101502418298875,1.1705525679576048,1.1898088126241988,1.1090609757429684,1.0982484432306610
741,1.1176661056169026,1.1409465480483636,1.1177852858167423,1.1573675954287002,0.7564994748544394,0.7470499245673023,1.0547415360527945,1.0323372200080934,1.3046894271116205,1.2312269518262944,1.2065446065448306,1.0977368041129689,1.7601273338257921,1.6164041791477675,1.5734901316344905,1.3182244090913964,1.0159936021470146,0.9692685080476281,1.0078757521099266,1.1469127011977611,1.3095420970822527,1.3163563399260583,1.1884580631980495,1.2042074780059995,1.1647451052431648,1.1851241356068478,1.1070528748130064,1.0955737171261619
742,1.1192242808440187,1.1395644800281344,1.1200786558476896,1.1561923342711269,0.7598611455978017,0.7509917315605433,1.0556796859398760,1.0316274446109328,1.3094211810146288,1.2392425235496347,1.2097445649241525,1.0999911729498950,1.7740167399280458,1.6258311978817983,1.5627235449426002,1.3294953678617369,1.0185333321793790,0.9654461842534043,1.0038448021605828,1.1353732594679535,1.3082474115960430,1.3162878088425276,1.1837515803315493,1.1997358466769765,1.1592674569387433,1.1810145273305954,1.1034132235309961,1.0909436191889530
743,1.1182974426725185,1.1381367168154410,1.1213129287487287,1.1544142986964456,0.7639798326484097,0.7549617725170453,1.0565036388453251,1.0320285344327407,1.3168010326863924,1.2456092754951891,1.2133250426987681,1.1054579859465232,1.7943011180783814,1.6351169878707501,1.5709409096682592,1.3431280159697931,1.0205949953821218,0.9603133494440181,1.0013241289732624,1.1355895596253407,1.3077781355664373,1.3112931022252179,1.1831354566589205,1.1957766731789208,1.1542679814629317,1.1738084412874870,1.0998016805974382,1.0882214849694622
744,1.1193515404486698,1.1366913948019397,1.1218273976203286,1.1534090953954284,0.7684273034534784,0.7590689498665296,1.0572258263392942,1.0314987836574212,1.3223183079458816,1.2541474077079224,1.2155369989473956,1.1080694327252714,1.8111966481466542,1.6096075457908352,1.5617355862173565,1.3529168110868084,1.0284950497416174,0.9569060208045959,0.9952750451112854,1.1236690176182320,1.3052517903390943,1.3110987964472081,1.1783763243636300,1.1929050167255597,1.1497022583890286,1.1692175058831051,1.0966398712391150,1.0852180247502305
745,1.1201433540226930,1.1350169621706656,1.1236005182305566,1.1525881007507104,0.7721846598701742,0.7633852890254783,1.0591781610657847,1.0308167043559284,1.3306796564053305,1.2634604479968070,1.2196792671678192,1.1135997402150757,1.8284888195715543,1.5495382528838524,1.5687738907125237,1.3598064289478693,1.0237681639637346,0.9597454613374478,0.9925070906935631,1.1180932802278103,1.3013214137545657,1.3079004104664385,1.1753934835110964,1.1881378486360641,1.1449797573385319,1.1652893717550363,1.0944233633652238,1.0800925545934981
746,1.1207240029306937,1.1334034564626774,1.1257297709321659,1.1505471582123894,0.7774373645816762,0.7677223715043739,1.0608463043164658,1.0305483040106382,1.3361645390315626,1.2687188059698453,1.2248949296666996,1.1202056821387842,1.8334920675612940,1.4882037858022024,1.5759239715598172,1.3554142296968068,1.0235231547135535,0.9678196653141985,0.9908957742890102,1.1065263718113505,1.2990767860142514,1.3053325104541491,1.1719599886192749,1.1855770153273382,1.1392875554698465,1.1583203438293401,1.0913167577903473,1.0774862437926696
747,1.1206109791462240,1.1335908913725079,1.1253251324938289,1.1501477084442153,0.7823127665795351,0.7737292912389943,1.0621984544002501,1.0304153627514325,1.3433192619021905,1.2752284804424132,1.2259780616462173,1.1243328241952315,1.8194565304329142,1.4089979979369995,1.5604808065225215,1.3480577031390943,1.0222682292857972,0.9733019697276279,0.9850567465259766,1.0997009001782481,1.2965329758214055,1.3033797776975513,1.1669852443775102,1.1803687258662996,1.1347502846953992,1.1556652328235468,1.0885087084571383,1.0736748584520832
748,1.1220356396355793,1.1323949889512075,1.1279309035054299,1.1490896258388970,0.7874599952928142,0.7787310242611881,1.0637714816839512,1.0299012225027622,1.3534273831100203,1.2814217899463314,1.2312521503514617,1.1286083296218723,1.7893465804306836,1.3221658578375248,1.5433718132696688,1.3379051535723618,1.0264214348681340,0.9778086714964365,0.9848520083029558,1.0881133917467989,1.2943080910855729,1.3005458158315555,1.1635185302032376,1.1741340648972156,1.1303930182644479,1.1491417780133413,1.0848191711873345,1.0684415135426750
749,1.1225306579282470,1.1306632257775362,1.1277147612340201,1.1475253418182230,0.7939567140633570,0.7834224717891765,1.0659710022820763,1.0289368948081452,1.3603828912861178,1.2870314991316112,1.2368243625199482,1.1358052103929626,1.7180903086435699,1.2254477055825119,1.5250621256536547,1.3113456495721183,1.0270668250881230,0.9736004750144149,0.9836847345379414,1.0877666248278133,1.2893396880730976,1.2958986021201473,1.1602473710501862,1.1698778987925766,1.1247182361709398,1.1438513859583441,1.0821306456421385,1.0659567037790707
750,1.1245277709442865,1.1306391088704022,1.1273156520165797,1.1464622940200122,0.7999700514020438,0.7886068612675693,1.0672676439595987,1.0283603124528784,1.3646214673477890,1.2973755170242132,1.2391599126666535,1.1376012872939936,1.6065992943297873,1.1400513910580079,1.4855618050877957,1.2888960279365895,1.0266963232951665,0.9795851419836566,0.9754154374782719,1.0752658490651743,1.2864815085011956,1.2935951514654815,1.1547943944969099,1.1644046453393901,1.1211738925815840,1.1386574396013054,1.0791810416532110,1.0612783460840860
751,1.1252365422339188,1.1279786332202566,1.1296607956613762,1.1451857429274388,0.8050353101967039,0.7942029480265748,1.0710954111414044,1.0284713486182375,1.3730297851254605,1.3008220342120906,1.2410205626231692,1.1363760321731993,1.4481097585657929,1.0357421937549929,1.4319776641540454,1.2699129319151563,1.0236546230916994,0.9746634450600467,0.9755935863216795,1.0686910109477743,1.2815822060044066,1.2912126885027455,1.1515395315956267,1.1589750672695247,1.1151838125573710,1.1350378716159266,1.0751415427837594,1.0565761423911413
752,1.1246578345741247,1.1272460292781086,1.1303547128838907,1.1435648557077942,0.8126859363878056,0.7999407808052174,1.0727129607926280,1.0287535970113617,1.3806979312332108,1.3077880186276756,1.2486983653825436,1.1297594030575699,1.2858904023254421,0.9442141978816374,1.3743154892120810,1.2456499672019332,1.0294750867423414,0.9789153252425736,0.9715067986751482,1.0662979758731908,1.2778036986851224,1.2850932658674943,1.1461122529778314,1.1556244374457425,1.1106718004569305,1.1272636272711372,1.0723276691981685,1.0540791257476287
753,1.1247462692146448,1.1252762703103523,1.1308762189457224,1.1421003720642526,0.8201711159416948,0.8053942572395879,1.0743796585118961,1.0281780217868464,1.3843040411305403,1.3160157409770514,1.2521859604701191,1.1216044469637036,1.0985573854523083,0.8503912349007464,1.3273766326966676,1.2248073801502295,1.0289790924066091,0.9874627693081329,0.9635592331087970,1.0528083993910682,1.2732916628147071,1.2816223680486858,1.1422494145298037,1.1493548361700019,1.1055271601879768,1.1217863528979775,1.0689080733648513,1.0498200601834387
754,1.1241996999973811,1.1240922147908019,1.1311094515362672,1.1408272966067037,0.8260590875224938,0.8113279991510622,1.0773667046238609,1.0279035786570467,1.3917907884920517,1.3220021105720647,1.2549926655373753,1.1078820925374846,0.9235828782172524,0.7607757116170040,1.2737203779873523,1.2006041363168105,1.0293555700349359,0.9918238587419235,0.9628732271147794,1.0500342640391833,1.2695139148417491,1.2786650502323351,1.1386021880282502,1.1431325498928588,1.1012236047304882,1.1181130036666964,1.0650240567111622,1.0453526260180275
755,1.1220794255673490,1.1232699128782608,1.1332706229221425,1.1373042439900740,0.8338191073917524,0.8164325844679928,1.0811837748732098,1.0280138594743422,1.3982288243518697,1.3276259631324137,1.2585626565570025,1.0983736350197750,0.7621498460698646,0.6895140406625014,1.2251769899656122,1.1722937247041225,1.0306822054871358,0.9969566935513097,0.9574569704875939,1.0442147598047222,1.2625757674590523,1.2712008058638036,1.1308044315570651,1.1368898817701660,1.0962938083553848,1.1118094811023029,1.0613102095183728,1.0416508187156852
756,1.1196636500214323,1.1223716638634296,1.1319805551556932,1.1341262722794494,0.8396471083335617,0.8209039223232114,1.0826038649334082,1.0283323645745226,1.4010591306826952,1.3262726654547545,1.2608203050952225,1.0828055396830107,0.6254338331986320,0.6225363083087319,1.1874182170796537,1.1487175501086488,1.0257581171420342,1.0095157574466163,0.9484405118607967,1.0436345260491919,1.2555571293657759,1.2681370633059703,1.1248437640833113,1.1319785849157107,1.0918944441344223,1.1088521134854619,1.0581314338596324,1.0382683774574484
757,1.1178541909986919,1.1194321513667078,1.1346664998702940,1.1312337991601236,0.8462963152615354,0.8252070088055273,1.0857262127856364,1.0266325796485805,1.4090406755172065,1.3248255748687428,1.2626307684385794,1.0714041918786352,0.5310331903212897,0.5595012117550876,1.1507844190925127,1.1250246483390123,1.0388989791212555,1.0188567887380238,0.9413358296281802,1.0347147195588497,1.2521400708977739,1.2617935037151724,1.1202112411286833,1.1258370980977117,1.0871481360578505,1.1030266130564330,1.0554497454802760,1.0339184699962680
758,1.1147087218213614,1.1170576937730983,1.1343314793496087,1.1277956513419496,0.8548685003171106,0.8274884858980194,1.0877013869084533,1.0274251915500565,1.4091435221277973,1.3139947271185013,1.2615753514543884,1.0559536556529989,0.4509812224854542,0.4925117103392281,1.1147996450854589,1.1069780842963284,1.0606032131860723,1.0162212054741973,0.9393735334127346,1.0182278408957923,1.2465368543565765,1.2563787418682228,1.1147469825549519,1.1201884151881856,1.0831514589730640,1.0980949629433752,1.0528541547448274,1.0313956201882990
759,1.1105641569003981,1.1167496743275980,1.1330544806507328,1.1237050771777466,0.8609116722952947,0.8302156562677036,1.0903085473650636,1.0266038764221610,1.3996047014494584,1.2984079834042532,1.2573544325715518,1.0439877726518696,0.3954305566967307,0.4360202123075828,1.0906523473374388,1.0831250219853985,1.0863829669734126,1.0325953125469767,0.9345209716333465,1.0117251028308547,1.2401993499179218,1.2509309238515705,1.1101746303760842,1.1151890396440329,1.0792961723967980,1.0949498116467082,1.0524553200708437,1.0282277929117010
760,1.1088107783814021,1.1118353256195126,1.1341140804370859,1.1187711650008105,0.8667026059577286,0.8314095495713134,1.0926821099453221,1.0268516305870443,1.3860840163280095,1.2841149863147421,1.2449823088470064,1.0272453435205213,0.3538597590740533,0.3850013281477531,1.0652070016292445,1.0591063699622838,1.1052546550727218,1.0406695165237272,0.9324390232096418,0.9996981274129684,1.2356569401944577,1.2461474542211428,1.1065129879595048,1.1101612751007213,1.0767787245541289,1.0899030876946529,1.0486498042101293,1.0253324913260731
761,1.1037835926091986,1.1088991979518623,1.1334299650152517,1.1133819446356639,0.8717648511524395,0.8336138154173365,1.0909318605103788,1.0270374462107068,1.3672355528516245,1.2691661832549241,1.2279203584808571,1.0102193894740996,0.3217318091872267,0.3374660863665415,1.0392929163798763,1.0441082853750654,1.1276879410527114,1.0549031222717413,0.9279480769929916,0.9895148533366193,1.2313385376372292,1.2433497735170160,1.1025454774328107,1.1055942858514471,1.0736748109471659,1.0850774978039608,1.0473796107341282,1.0234906718646009
762,1.1012103602643071,1.1048082089154030,1.1306040304806797,1.1084487772376617,0.8734530698439963,0.8361730225157841,1.0866282243873910,1.0266831879688463,1.3456053719942993,1.2535995380210374,1.2096337049428463,0.9952573207850758,0.2947741141771409,0.2977749244682656,1.0207019850391579,1.0263901861713052,1.1536589215719004,1.0631156579667591,0.9239091502297641,0.9797298462167290,1.2270983477516015,1.2421097640291352,1.0990085640201512,1.1023404697940269,1.0726249791631628,1.0823628969283985,1.0480271156619860,1.0218751055028195
763,1.0985974401783041,1.1003643514482466,1.1280615941811662,1.1032546889531767,0.8715617345158617,0.8392591675612158,1.0814329844888226,1.0276908222857801,1.3235030685072542,1.2384616603681911,1.1891470800190520,0.9801594618928238,0.2676563709003458,0.2691172582792956,1.0010401641312958,1.0102845507222615,1.1575790695747967,1.0746263130499358,0.9202451337190808,0.9698658723727132,1.2263109056113086,1.2397756759488912,1.0974215598094736,1.0968242688805747,1.0715388561808741,1.0417156922741309,1.0475031861759720,0.9931767308390396
764,1.0944660326062963,1.0956382838572596,1.1243610374320521,1.0970737685813756,0.8714017123585578,0.8408353717755135,1.0756413183292224,1.0285733206068328,1.3037314149830463,1.2205300939451278,1.1740004605461436,0.9644109416101037,0.2533146544791308,0.2423132193694888,0.9800550554418115,0.9981666412928780,1.1467150008716478,1.0872873055797549,0.9195484919732180,0.9532759936347095,1.2287992835223405,1.2410543853427658,1.0952384888514206,1.0942328628035241,1.0702021787656222,1.0418118375182015,1.0482851553653443,0.9937382473148090
765,1.0902244052750061,1.0925623204385959,1.1210636111519396,1.0926711320439004,0.8720201030681390,0.8426855606741097,1.0683309768670519,1.0276900669377165,1.2795041547543455,1.2035245463950064,1.1542524027951047,0.9474308796231062,0.2338722693840922,0.2253422318358153,0.9659532066300291,0.9859998693254730,1.1131786127736985,1.0989144505309461,0.9142864537477884,0.9458016215294459,1.2305199622975611,1.2440423405846948,1.0966850945853241,1.0966823238847812,1.0697762652625435,1.0423033800785138,1.0489911560453864,0.9944899640124012
766,1.0854925049244419,1.0869314457264518,1.1165040145380829,1.0863094786508249,0.8729525108924298,0.8446838338289935,1.0628307298403261,1.0289081915817260,1.2570673973289226,1.1849155867449521,1.1338152154305414,0.9319551970635389,0.2136783532975488,0.2143558123748693,0.9433058754137662,0.9718297332991780,1.0783514442357711,1.1057072659595377,0.9177404141595282,0.9291911427764530,1.2320044843653264,1.2447284576680411,1.0966813339118391,1.0950947237010600,1.0690399894317271,1.0430866633638032,1.0486219490900415,0.9944607242768075
767,1.0790773266845624,1.0821061603333084,1.1108335471804687,1.0800156001407273,0.8747007002229762,0.8449918145098716,1.0551344314908666,1.0303619848216001,1.2362356948813811,1.1676941666279872,1.1139218412175202,0.9178072409355355,0.2020574574103926,0.2029398221476410,0.9243868263942260,0.9624671280971298,1.0630831848647340,1.1172688853599708,0.9213937949183661,0.9168139671037496,1.2363335177711221,1.2448832572920159,1.0994654858485808,1.0959347469069354,1.0681832268226028,1.0426305743622422,1.0485188851457168,0.9935474793311300
768,1.0753706210812966,1.0767661693694905,1.1047081757400037,1.0737073225712424,0.8748667495801785,0.8454645893436612,1.0465335195831087,1.0311739839900438,1.2128555020123495,1.1491648565112165,1.0937550623208725,0.9039811578818504,0.1906453201319877,0.1937834918416785,0.9084028080401909,0.9481666919694435,1.0601251463564509,1.1344292990418476,0.9249195466550613,0.9110150628842777,1.2372576422501351,1.2464909158868367,1.0997331204449314,1.0944672540273472,1.0681716136391515,1.0424160502864093,1.0489270892691844,0.9940930984749261
769,1.0701726054669174,1.0716650204070257,1.0992402789297806,1.0676182582679461,0.8749068304595032,0.8453888186055218,1.0390222492545218,1.0308323148825778,1.1893271128461673,1.1312489222395454,1.0739373425545535,0.8899281291644369,0.1812372654975953,0.1865808258426437,0.8915137618028122,0.9355330113053866,1.0639257776519420,1.1463331074295728,0.9295780059632738,0.8940509505406362,1.2390656458528713,1.2474390635836821,1.1013188710977806,1.0946958218667275,1.0671551697575710,1.0432864651991378,1.0491982968474933,0.9942452586523843
770,1.0635751655898682,1.0658414219896268,1.0924255141748072,1.0611225446667825,0.8750487710171119,0.8442312261118190,1.0314308964856511,1.0327171600841187,1.1680419135330287,1.1132421726121677,1.0549413349469694,0.8777824498756999,0.1728034177040424,0.1790368570430010,0.8814286502900136,0.9239363022815681,1.0748017980258313,1.1689758255248792,0.9393655565988506,0.8892957804139526,1.2415874350022569,1.2474745384975094,1.1034355034909318,1.0947060127895023,1.0664464752374516,1.0439192210866790,1.0496049816007744,0.9942478135807372
771,1.0574073886491999,1.0601766989867685,1.0854388409155962,1.0544716687877387,0.8748405312606202,0.8446872910489847,1.0213685523192810,1.0342001601157880,1.1442835366707222,1.0956976880330995,1.0369243408229465,0.8664615703399039,0.1666311215052954,0.1730522889702736,0.8667174400747051,0.9121169972512062,1.0843452071121509,1.1990811757898603,0.9389560801528091,0.8819724750852768,1.2431676347071263,1.2484234924423963,1.1033533954531753,1.0950037333191411,1.0660612078764526,1.0427516572789939,1.0500483844668984,0.9934765090991066
772,1.0518772038972575,1.0536585759542754,1.0789352205001641,1.0475427421067343,0.8736079688813866,0.8449964241365265,1.0135944843797982,1.0352828256737130,1.1252334290523129,1.0776678623727145,1.0185725195932223,0.8534294827800945,0.1595263701874591,0.1700688317304773,0.8550314027443583,0.9001646775340075,1.0930579750820029,1.2145888894692822,0.9470738177486840,0.8789511395535211,1.2436262798881650,1.2495957770947883,1.1034079252187081,1.0921750243260460,1.0649910530214095,1.0426807501614916,1.0495361034856483,0.9934449983160881
773,1.0453917093334519,1.0476225795126441,1.0730352904753437,1.0403648110021881,0.8731291078494544,0.8432804906142533,1.0050152554432363,1.0359832851114215,1.1023545121829326,1.0623200672583173,1.0004633918360868,0.8416641417920657,0.1541960670440090,0.1686447752175963,0.8430316704903026,0.8868387775813098,1.1038025270777465,1.2335694573388847,0.9519396742178787,0.8700725330931575,1.2467859199515776,1.2487588916276748,1.1051209119911340,1.0937873738936490,1.0636717953813348,1.0432182621666251,1.0493398515032120,0.9934907031455112
774,1.0393494664434733,1.0420242837803126,1.0641659175008644,1.0338318584543331,0.8712718262007461,0.8422793373251498,0.9947508259853193,1.0349560117448322,1.0837765271942430,1.0458832322636036,0.9832261628508453,0.8301383196347311,0.1487961776976418,0.1635428868016133,0.8284142081832289,0.8775766120407507,1.1212161113467103,1.2459101027316641,0.9540721424628481,0.8730904352890816,1.2464100435200973,1.2495780396378746,1.1048770949935220,1.0948530532466834,1.0630954911525610,1.0421645703823865,1.0499562093422443,0.9937473315045080
775,1.0323279716804175,1.0346277976037828,1.0561641295506952,1.0268542728829857,0.8689296563202071,0.8419857617275681,0.9864560776308493,1.0353505552167552,1.0657427384442701,1.0318433271490119,0.9664188908201288,0.8193260247026922,0.1473279088160909,0.1642725686511887,0.8228470247095925,0.8653772650479977,1.1335920663985373,1.2505915393024942,0.9605147491430988,0.8784807725446001,1.2474959087665958,1.2491257344865734,1.1053891733663985,1.0922813010921273,1.0619292372044580,1.0426537093115968,1.0483803692303715,0.9935347046893658
776,1.0254796793962342,1.0274443441069363,1.0501196857978974,1.0185393126061357,0.8667496181169366,0.8401260654739963,0.9777565804807201,1.0330918127236983,1.0485406305531695,1.0162997579481325,0.9507823900784759,0.8080573238098034,0.1429022263105632,0.1623071352821711,0.8116838122520936,0.8527517281402778,1.1467508558838695,1.2588768811650213,0.9735914060368142,0.8796034733615139,1.2493821250409329,1.2470802832051988,1.1061682595567115,1.0907271853689522,1.0608637276227955,1.0417268090679765,1.0481291666928529,0.9935585506873257
777,1.0185932092306558,1.0219668444620915,1.0423589216131723,1.0114917178150087,0.8653775260600537,0.8387016908376431,0.9677876176436342,1.0282266158456090,1.0316745962321094,1.0012742829076773,0.9351256648807739,0.7978435116253256,0.1391236954921644,0.1593001399181949,0.7980038290273680,0.8411360170183397,1.1537664866085651,1.2591317027513027,0.9858703815421370,0.8810145743882770,1.2502568920087416,1.2481340493954853,1.1072387979421132,1.0901018994644054,1.0595682770087960,1.0417147909124675,1.0469572258222521,0.9934853094078775
778,1.0127407772764276,1.0151694730312051,1.0365054873095276,1.0037445273453767,0.8619613091576104,0.8370269558535977,0.9589574444537636,1.0234432483410838,1.0161066966888217,0.9848404254656096,0.9193393533535722,0.7875322573968647,0.1372796611148612,0.1579878894951682,0.7855353572321383,0.8289149533420217,1.1516510408874900,1.2594010855710862,0.9897683845934153,0.8820754751602230,1.2499349291664230,1.2459644359157143,1.1072481996258259,1.0897313866292315,1.0585091546780316,1.0428096448793240,1.0453707501190730,0.9935409500697838
779,1.0044186462149900,1.0083822560875331,1.0282222117500803,0.9954812050746052,0.8603116645454038,0.8342911424339357,0.9491234942506582,1.0187359192083012,1.0006238278078334,0.9710163929178615,0.9046271851587553,0.7773593080050250,0.1332297441050858,0.1558459201948016,0.7755800505153572,0.8192347416428324,1.1405300112634194,1.2542027252109418,0.9975564138820880,0.8946243176245035,1.2489485382886598,1.2432755986971948,1.1069836989240462,1.0895144655587368,1.0570119250015646,1.0422742360514048,1.0435991644814926,0.9924684479234457
780,0.9977131435211100,1.0004786802057393,1.0197936684779878,0.9885219907169587,0.8577910895478705,0.8322738545691005,0.9412097879766732,1.0128897769781944,0.9862666029325238,0.9583871033693666,0.8900348655923773,0.7678583943874948,0.1301331580752747,0.1537863343290646,0.7632449892049232,0.8062481648708408,1.1462488857127668,1.2585419727944798,0.9959397796016125,0.8994069544378394,1.2502029784195796,1.2440576592974839,1.1084027263857263,1.0867032267189702,1.0546846430379115,1.0397867783149599,1.0414305167684796,0.9921047964545576
781,0.9910697607698393,0.9929675329444148,1.0132269646786907,0.9793078340073391,0.8535949529785674,0.8297042758106795,0.9318690530917068,1.0065398175896205,0.9715660161446906,0.9479009073379128,0.8763399126314364,0.7591860524729954,0.1263615858771677,0.1523269706299137,0.7522764839414505,0.7960141777407389,1.1490933833490149,1.2364234591052383,0.9957563128822822,0.9030119570609568,1.2507633760083321,1.2427684686790694,1.1071203367273352,1.0833103773579777,1.0522180028728423,1.0383731427732310,1.0388888636746552,0.9908250612307111
782,0.9830153062666591,0.9853292430410946,1.0055571813105357,0.9708682473888960,0.8520366204448223,0.8267117638066747,0.9246853401813213,1.0008011865672426,0.9571286195020702,0.9376335614259484,0.8665797399529340,0.7511109359893604,0.1234667998358162,0.1525093910923076,0.7419281571478389,0.7817734624928570,1.1548720161520649,1.2240172881617009,1.0036480407514459,0.9070701600138377,1.2510238317982265,1.2407205986535703,1.1064252389115210,1.0830141126744497,1.0489564403005271,1.0389446060676770,1.0364983879143981,0.9882116534066802
783,0.9754849887792447,0.9784521165752126,0.9969182763161526,0.9634611726323770,0.8480408882721427,0.8240880219350590,0.9143969149019472,0.9927650385178726,0.9458146825212507,0.9283130772554484,0.8554031062970681,0.7432149871349848,0.1213792137483031,0.1496730471286354,0.7299536647152310,0.7719195173251460,1.1501212270327010,1.2329360436815562,1.0067563392282157,0.9216000372529171,1.2510633178071899,1.2422323137314486,1.1059614225150356,1.0814534456437765,1.0463588614920436,1.0345970383123493,1.0338534176478846,0.9870704520757433
784,0.9677844885323904,0.9704148399450974,0.9903038201545672,0.9550583284413358,0.8450959984017584,0.8217486364077152,0.9056320797319474,0.9844189459797106,0.9353623895850659,0.9180152114288613,0.8429867883907860,0.7364587958660377,0.1176981036139884,0.1472898120554254,0.7188048750128453,0.7624836183160653,1.1450357911326021,1.2176467485046611,1.0138264552673351,0.9289645426115714,1.2524589963547874,1.2426346315041745,1.1055884890611045,1.0811608205755252,1.0436524090887036,1.0317183896140913,1.0297612472786308,0.9852871120854585
785,0.9598555680798998,0.9619804805545398,0.9820107427944398,0.9464288231947677,0.8417849561375431,0.8186287834673698,0.8980496892578376,0.9764920716168848,0.9238589556996932,0.9095113210715583,0.8337651854863314,0.7272608955723776,0.1160767450860199,0.1445064288711578,0.7066537038301026,0.7509710614410620,1.1633696540485874,1.2007848401095715,1.0153340730913971,0.9418773186739952,1.2524483655062202,1.2409495730973663,1.1048507702791268,1.0801948666810741,1.0396507964009503,1.0304258369891142,1.0264583897213178,0.9829030800513273
786,0.9516773050799914,0.9549044953807111,0.9727188870778209,0.9384601851221457,0.8368076944614004,0.8144916435446290,0.8881246705757089,0.9683013289971506,0.9137265400169208,0.8978445254159200,0.8241383444069674,0.7197836331779554,0.1184357173649097,0.1447771172992261,0.6994928059164746,0.7386929914703851,1.1776817797603814,1.2000713396679830,1.0107846302395982,0.9575882634391244,1.2513556661427858,1.2425999628383886,1.1054675207306699,1.0791080775594346,1.0364400415062347,1.0249795093663896,1.0221314766582335,0.9803688750062346
787,0.9446508493492968,0.9464936182418365,0.9626237863618698,0.9298954756428203,0.8337817387523819,0.8113792812475976,0.8812205234406109,0.9593721077538365,0.9020222718053551,0.8914092897595050,0.8116538625932607,0.7129073681644871,0.1146641451668027,0.1412287450791134,0.6881168578210582,0.7274817535798490,1.1811178850982862,1.1910506555136151,1.0170224986968279,0.9685097047192547,1.2506730137955115,1.2438311035978125,1.1050814249195413,1.0787346530320394,1.0344689939449523,1.0229559524325864,1.0170385477927364,0.9771008377620195
788,0.9358902118874263,0.9383355455242346,0.9542040395775674,0.9218508701189482,0.8297965541795246,0.8068261225192552,0.8720017914069076,0.9520487564938819,0.8913561874896745,0.8810459177747034,0.8005708606783626,0.7048680852067040,0.1140378693405487,0.1410227864925397,0.6766147106184027,0.7157167402584003,1.2041905854628945,1.2107301625913041,1.0195272182563806,0.9708993064580068,1.2494846367949730,1.2452863813127835,1.1017651376846695,1.0791000704058258,1.0326744667721306,1.0173011098117832,1.0124903131391370,0.9735957599428462
789,0.9275575118079753,0.9316392958618572,0.9443549891915120,0.9138226497316203,0.8253487820144610,0.8024216242505322,0.8629299253647720,0.9428123603713425,0.8784890237441844,0.8710435740482432,0.7902781106572344,0.6966873541205583,0.1120407453168279,0.1398635338766820,0.6642075355324035,0.7033735202370279,1.2126105374996035,1.2105991114897878,1.0233481121067809,0.9597203649905109,1.2482841102532150,1.2462458164822101,1.1008644563850076,1.0805872172079085,1.0292802235788836,1.0115690505418358,1.0085267827790154,0.9702505070861895
790,0.9199284063562726,0.9238575738266351,0.9341415128827305,0.9056208958527115,0.8205059268960538,0.7985789242303708,0.8551862135849637,0.9347789819315393,0.8674763382526545,0.8635140877943811,0.7799539003711409,0.6894779001825025,0.1103428419656506,0.1369565755404702,0.6526260631766263,0.6924011658657090,1.2340637864788688,1.2333947225368631,1.0278044921299341,0.9341832130755129,1.2497921720570933,1.2468359900486137,1.0999205273402681,1.0800187093016791,1.0273414026016785,1.0099180564288071,1.0038797890632867,0.9671113517833291
791,0.9108064810337405,0.9142971241143755,0.9270605915400560,0.8968325044335944,0.8161377137696498,0.7948678866715390,0.8453910036237285,0.9281074960505307,0.8550885854793672,0.8541586173802892,0.7690521695067568,0.6814065556489572,0.1098000695828972,0.1369330374162904,0.6422200453625624,0.6811356362662598,1.2457345929570041,1.2539042199241548,1.0323087330363907,0.9323223450548179,1.2481071825592049,1.2454847183310009,1.0996340893764924,1.0803171577543731,1.0253599031752898,1.0057552678144279,0.9983181344952221,0.9623557784759028
792,0.9032888895067912,0.9071447687346227,0.9159463548815855,0.8888785136800043,0.8120458477585899,0.7903083897065462,0.8367102983819693,0.9203530928289091,0.8439260840590239,0.8424880997838433,0.7570965197660372,0.6751734081257776,0.1060145801442067,0.1360327041664110,0.6274691725706930,0.6727584255809828,1.2625087628413492,1.2685819432939740,1.0306920987559152,0.9271689079716757,1.2486242974073627,1.2449816195530832,1.0984331809769434,1.0795397359312580,1.0234660832839588,1.0019848719774129,0.9932383735046756,0.9586854819565790
793,0.8954518548027435,0.8991079152081414,0.9075364098979631,0.8804853516151028,0.8062971044954451,0.7855999441802680,0.8279816014972962,0.9134587792691181,0.8318800735665974,0.8338591522154035,0.7449393745187545,0.6677414091324314,0.1033076768507314,0.1337083144036506,0.6171496912873075,0.6617154919880770,1.2800956463360507,1.2850288565342625,1.0399691333029206,0.9293559428963670,1.2468679293548095,1.2469988521530038,1.0970323301037741,1.0784696890398915,1.0194868259743495,0.9983686089847991,0.9881976096822518,0.9559034488612603
794,0.8863801862393362,0.8904484646843335,0.8983727315748549,0.8724546486313288,0.8011724777817852,0.7810338208769588,0.8186356626992428,0.9067908183457398,0.8202162961466029,0.8237436614883908,0.7347777089349814,0.6613693281142824,0.1038574078537765,0.1329256717746705,0.6035886957922644,0.6510390274303339,1.2977303365137143,1.3066741301346949,1.0429178955020120,0.9326004452571728,1.2453955568282638,1.2426733314101681,1.0960338712935018,1.0799073370742103,1.0172329973960264,0.9966683404341841,0.9833401831956783,0.9503337050520613
795,0.8775884888061611,0.8829049499950133,0.8893138571205580,0.8642466882613048,0.7962491595447336,0.7763985531738267,0.8088011342835721,0.8994407781208689,0.8095291566193052,0.8143427833964458,0.7237396502557480,0.6553536963796072,0.1004476839108385,0.1342967675081469,0.5918774186404697,0.6398657937360369,1.3145403614102809,1.3256983817048029,1.0469754348309688,0.9337883794548857,1.2444228341843726,1.2411519413557914,1.0916545670201983,1.0777956322906361,1.0145166737867526,0.9916071946955183,0.9785488493122221,0.9470091755031556
796,0.8698362219404657,0.8744932266488709,0.8796118337447056,0.8561603751171387,0.7899555574107687,0.7719223175902873,0.8000790868433991,0.8924457514859221,0.7984743607045413,0.8053051667273267,0.7146371469258047,0.6497994998725682,0.1001902149600452,0.1278649750760023,0.5798848977639707,0.6269769420400889,1.3273585282795077,1.3445624597063908,1.0538674020266805,0.9378088157136196,1.2437189201399641,1.2388702593982472,1.0902643713885700,1.0761869223383098,1.0112304331996034,0.9883481713754050,0.9720145445963665,0.9420784476630955
797,0.8610943498779251,0.8658143133579023,0.8710732087111278,0.8471152832254971,0.7853444481284571,0.7664941941025185,0.7908513925149347,0.8855516897088190,0.7865765465092653,0.7942822668314108,0.7052994406625499,0.6430169049529935,0.0958341186574345,0.1327373667812317,0.5701747778841113,0.6168461091569216,1.3435171871207148,1.3576457280077623,1.0599111680127349,0.9446823540483636,1.2422586971546379,1.2348382129425304,1.0870546365691069,1.0745112434648911,1.0068133588738775,0.9846297540609659,0.9668588150964897,0.9370600006162545
798,0.8533936339368255,0.8584277701167699,0.8613563569701439,0.8377107113684634,0.7779861411324304,0.7606402563525065,0.7799772379069853,0.8788781895663071,0.7751654316286750,0.7872217451193116,0.6969040442403968,0.6378241869962146,0.0987984909017031,0.1324431402289835,0.5577495743542208,0.6058656110292657,1.3585583647476818,1.3817882531537544,1.0637001546075995,0.9526511265133691,1.2379258670172111,1.2331297733425175,1.0850740152003306,1.0736610293362407,1.0039350313554574,0.9799066189459865,0.9604835377934986,0.9319808030508013
799,0.8453890048042799,0.8486614804866037,0.8518770103994882,0.8276413001831699,0.7718013299566325,0.7565745656429160,0.7699545013013331,0.8731725420760427,0.7653877152800661,0.7763172029410788,0.6868794555254009,0.6307417220445111,0.0958828289994765,0.1287535392637917,0.5453784561560042,0.5929251822098504,1.3773762703286587,1.3913404223309382,1.0714084157574328,0.9689903717356703,1.2382660541713588,1.2297128941424920,1.0807761921858692,1.0698721898331371,0.9998033510130488,0.9770237638933004,0.9540135530822093,0.9272249458624471
800,0.8358518680597934,0.8387989347797187,0.8427565605306618,0.8159557187114795,0.7662499774901622,0.7498096504252365,0.7615666607238616,0.8675942966258502,0.7546042076688291,0.7664495934718553,0.6784241347890283,0.6244557672200762,0.0941153394453821,0.1291654564369391,0.5348029709693620,0.5842005045875299,1.3892920860569749,1.4065496307235732,1.0748145152858692,0.9809143470786104,1.2325694380320362,1.2244335819665204,1.0773690220084429,1.0659603313336792,0.9950913018276585,0.9717168468744786,0.9483179407093592,0.9214499561422362
801,0.8281274257517250,0.8294206311818655,0.8328044655733527,0.8047708769429631,0.7599111713569588,0.7449044314611288,0.7526772207460553,0.8611788737384252,0.7444515465902710,0.7564040752320264,0.6692999088951804,0.6189342609471478,0.0951034635268050,0.1261996527902778,0.5244077702216330,0.5713523716732667,1.4038133660067285,1.4333641422171466,1.0852535057219665,0.9932640560646615,1.2274233479792249,1.2213674206645624,1.0728530799318503,1.0635348917132488,0.9900665676778402,0.9671190010306790,0.9422351421672894,0.9172604414054288
802,0.8199938114605670,0.8192566241358061,0.8237254848612503,0.7923941406206845,0.7530452865926358,0.7396169015863333,0.7449092240385075,0.8548017218195593,0.7331003580812060,0.7457533694168746,0.6616633041018318,0.6135460302440543,0.0904620637922342,0.1220157512173090,0.5116977172782597,0.5610858095178168,1.4140977786789612,1.4493742184523808,1.0882953307497034,1.0075810664821854,1.2229530761567518,1.2154036039013276,1.0677893330842734,1.0590945610756057,0.9852026761188233,0.9620395276048622,0.9346940014744440,0.9107621230804352
803,0.8105338932558518,0.8095563386725330,0.8149584024733567,0.7798277339299254,0.7463767926249871,0.7341118549537614,0.7359486639151781,0.8481292288077990,0.7228578074453599,0.7365542205167038,0.6540656501127260,0.6073065961373920,0.0884858156293884,0.1210859953122048,0.5016630854083569,0.5495325338611288,1.4224998032095595,1.4664691065834996,1.0979977953705184,1.0213933765324728,1.2179269628234839,1.2052327848573627,1.0625400596781023,1.0549250178145535,0.9804104959676185,0.9570970611518463,0.9278634195722006,0.9034232333273560
804,0.8026086396055291,0.8004998053882827,0.8048728522298633,0.7679708533034556,0.7404469320048939,0.7282089399205415,0.7280936462165636,0.8418563149217194,0.7120678213074715,0.7270349847070757,0.6448215755904391,0.6017165661045012,0.0909909189344042,0.1188557580461639,0.4891874022355707,0.5427623577596767,1.4361784903721051,1.4850638017653042,1.0990799831207709,1.0311715169806999,1.2112978693955596,1.1969671299355451,1.0557821294255247,1.0484392233913733,0.9743138649852395,0.9500042462244089,0.9205853831500023,0.8973334196578892
805,0.7945054382029402,0.7920694654822473,0.7957436058732470,0.7554046948723412,0.7324027296604232,0.7224045556570694,0.7199801675012925,0.8353653572279275,0.7020261049978185,0.7174755519367251,0.6366853518272854,0.5962365512825591,0.0889102914671828,0.1200503178482914,0.4811358991937119,0.5301015312411632,1.4493552073635481,1.5067818815332457,1.1050439809679860,1.0447949935602525,1.2064395716003868,1.1863585182050267,1.0509803761640708,1.0398184306468479,0.9690243502527301,0.9444518583793188,0.9130333536374863,0.8899738065970592
806,0.7855916578269982,0.7821193373231391,0.7865444902707563,0.7429914643823052,0.7258903401701444,0.7155932560711752,0.7120410198744374,0.8292513182179061,0.6915146955059398,0.7087103813347254,0.6299790720121946,0.5905874273649302,0.0874768156870905,0.1163548323520545,0.4706144993387437,0.5190694559900401,1.4592392390659730,1.5226317841999601,1.1103326085730287,1.0541199336787166,1.1983062131002153,1.1751315142266510,1.0451782837556021,1.0338778505921258,0.9616479464540110,0.9376348601208095,0.9058206501333119,0.8821497643378677
807,0.7770991283118754,0.7734194804022910,0.7773154666097799,0.7324446499004309,0.7175589417505125,0.7096266705697850,0.7033978984494179,0.8217280515037672,0.6817005374449168,0.6996221462706224,0.6205964225132752,0.5847176443670555,0.0824178987350170,0.1179789629204644,0.4599596889989797,0.5100488885541438,1.4716869041422431,1.5397849172650859,1.1153739549476698,1.0665966760905348,1.1919421315401431,1.1624976074157962,1.0361056589729958,1.0251580603120725,0.9550333674897011,0.9299630705517331,0.8982772303851867,0.8740421250315107
808,0.7671536823612800,0.7652842552809211,0.7684553927795356,0.7222426680649169,0.7104317778705914,0.7029372379885789,0.6958233138449387,0.8152511936404970,0.6714482690190937,0.6918150032325101,0.6130751720247991,0.5779476226144463,0.0808034988273403,0.1153956537917256,0.4473578067189544,0.4994104281926399,1.4886702282645474,1.5568142798454465,1.1189980873889334,1.0727732472514759,1.1821078372692329,1.1497306696780885,1.0292888115024863,1.0138010048024815,0.9486603427411796,0.9243436814896810,0.8903134515521011,0.8652046278590246
809,0.7590448729083167,0.7560874631420235,0.7586744523417964,0.7117608976099298,0.7034480613482537,0.6958110432818243,0.6894378233808497,0.8089281749995274,0.6611619883283507,0.6829552953339963,0.6059247032305564,0.5722331182285965,0.0811027194998838,0.1155015753505349,0.4377522518136647,0.4902758481680263,1.4963013700323808,1.5620854463731000,1.1264537494324425,1.0859400901654337,1.1706736002889713,1.1332896596151054,1.0204562430440072,1.0040148072463384,0.9416404636744172,0.9152843958671075,0.8827257168401998,0.8573979023364470
810,0.7505909526630796,0.7482875476505424,0.7492921184650526,0.7036554684731289,0.6953065197254229,0.6887586026015475,0.6813708907770792,0.8016239592238523,0.6513899406905618,0.6755999959099319,0.5980341691557026,0.5668373436253237,0.0787228713601189,0.1115000942399600,0.4287091843577838,0.4799115609365331,1.5139002051978230,1.5684632666468903,1.1298917562164144,1.0991000664077284,1.1615978929979576,1.1182603898728503,1.0121852684926240,0.9935370827876117,0.9337292727777629,0.9075600268676799,0.8741230428436471,0.8491585422794544
811,0.7423305101557610,0.7394140066879664,0.7408025024348758,0.6949904620973819,0.6875874848154738,0.6823071419963989,0.6753690443500187,0.7951005215633227,0.6417992917990117,0.6680950744654003,0.5898387701322572,0.5605872223267406,0.0788620437659531,0.1076339573434193,0.4196372713916769,0.4693626818947357,1.5266048311950147,1.5506985617746887,1.1366295050103703,1.1093108071707298,1.1510072897861297,1.1019588607210526,1.0009747008337850,0.9808617586247793,0.9264030959974707,0.8999080672551930,0.8653552639534834,0.8403871893632142
812,0.7330498338687829,0.7306968025181273,0.7317315642258956,0.6854922963543311,0.6799624742239406,0.6754624226172570,0.6684755941473773,0.7880584115657405,0.6322280784874159,0.6590395924804044,0.5821781956132208,0.5550600581286776,0.0793282713254977,0.1038855110677778,0.4101398871497350,0.4598154848823833,1.5309313360030894,1.5245393057886965,1.1403068162108598,1.1182031469744196,1.1336061093744101,1.0830442816666399,0.9909004833463356,0.9667313162742998,0.9174885260506186,0.8928179564127451,0.8578647689335249,0.8294665739403764
813,0.7249522405165685,0.7221325503119534,0.7235395208112411,0.6770753013635472,0.6718149054012115,0.6679769651330889,0.6608848195910718,0.7810797508055065,0.6235193190362862,0.6486419786401725,0.5738502140445646,0.5484453149880932,0.0810470505375501,0.1007314024276776,0.4019730020669718,0.4477247213074564,1.5353116233294966,1.4952930683003218,1.1430960421322727,1.1296979553384172,1.1187024190296373,1.0658300797318245,0.9773984119772923,0.9538994886545670,0.9077296776668524,0.8820016164547773,0.8484266945627043,0.8202151783747297
814,0.7156562499381833,0.7142255896010883,0.7153623057617182,0.6680937639409252,0.6631242858676316,0.6613045305501726,0.6549720178990562,0.7744261414953379,0.6139545842513416,0.6421784562336195,0.5655814077362002,0.5429816452832064,0.0811166367404672,0.0984128971959622,0.3932328124684649,0.4381883826368866,1.5325746907299134,1.4611906594390953,1.1510808328300821,1.1407876300742930,1.1038936469756422,1.0458165845967995,0.9676350768312710,0.9376944655963362,0.8997061292203060,0.8733377281484450,0.8400818070411453,0.8108082160604876
815,0.7066939383570778,0.7054083214218250,0.7071672464083929,0.6590360108074087,0.6556701463932195,0.6539948150822211,0.6471461999349857,0.7672317029715827,0.6054547572847193,0.6336105484944249,0.5586698871449077,0.5385364021025304,0.0832390159294389,0.0913455754109616,0.3805263652138700,0.4295261404798162,1.5295031113495952,1.4113184346954144,1.1446435440257541,1.1503700703801225,1.0913955657923426,1.0260981762449763,0.9548870204959738,0.9205082022594918,0.8907024280904646,0.8660904799227188,0.8302588255563851,0.8008227044147904
816,0.6974557538363985,0.6967617755588519,0.6980158831681905,0.6511607183611592,0.6487840705092367,0.6468735181037875,0.6413033619633626,0.7602057070660255,0.5954559612141317,0.6258607233447503,0.5516430122487427,0.5339006754423261,0.0889659604295165,0.0817890969939415,0.3703907740581758,0.4232228730750159,1.5126333280993258,1.3734592275907223,1.1432476015960671,1.1613498783693890,1.0722478888303111,1.0057234819873437,0.9424579946279891,0.9031843614651860,0.8807551558052000,0.8552119460099926,0.8206992015706361,0.7908499674108576
817,0.6896415827223389,0.6879091782261554,0.6903631901191702,0.6436535949678631,0.6411090341585463,0.6404485628519041,0.6344920179449836,0.7530966228734648,0.5870014839340690,0.6173947967836851,0.5450213755274870,0.5280132900106996,0.0871219260522132,0.0815949074694578,0.3638392375480739,0.4151116917634126,1.4990502543027047,1.3419851213765714,1.1380387421298637,1.1673307493879324,1.0508783645177517,0.9863630477659621,0.9246725161595101,0.8858073822878396,0.8709132731597565,0.8465417481720182,0.8111183064022747,0.7804088268755700
818,0.6806848791916079,0.6787491961034096,0.6836220645334098,0.6349054216111725,0.6361480459221294,0.6348302922646221,0.6277098736611485,0.7468690298712053,0.5783615588286103,0.6096218956010032,0.5387510450983433,0.5240257101075703,0.0867044088347106,0.0790351364648988,0.3532529352950969,0.4071606709931026,1.4742624891868290,1.2921056160161395,1.1254566476969516,1.1765217894089663,1.0315780589441494,0.9627528801176490,0.9086163207152252,0.8668864783100931,0.8607970290552747,0.8359846999191538,0.8016316121854827,0.7697684019287607
819,0.6723433356481049,0.6708162145190578,0.6755974057149867,0.6265939369693471,0.6303308939401372,0.6299746267870542,0.6212922923996894,0.7389844549999449,0.5695564312935412,0.6030057736213367,0.5316500138633315,0.5200984814058757,0.0862520985157494,0.0879737391221977,0.3453672939370382,0.4041203352939741,1.4463852171845244,1.2403040278334694,1.1164162586285027,1.1820013933961049,1.0116087692571447,0.9407689147691124,0.8906290194363836,0.8497831982015588,0.8512515729174273,0.8261481400890452,0.7928364846319602,0.7594175355286069
820,0.6640470878960879,0.6616735796453030,0.6687311186743866,0.6176925874119334,0.6255130517013086,0.6249587767832299,0.6152381177354757,0.7323635774392020,0.5607602117326178,0.5942681453813137,0.5249834339064112,0.5171551030192365,0.0842967262137788,0.0896037542216525,0.3364107630118356,0.3959412893462295,1.4083251217112815,1.1901988233537595,1.1009465575696096,1.1861934964464158,0.9905923409862790,0.9206078762424864,0.8756872369014925,0.8280627021529311,0.8408592253763891,0.8175371316669520,0.7815954243063693,0.7487606454879682
821,0.6567555439380780,0.6531105967500309,0.6622008574673620,0.6111320780435270,0.6215631262478573,0.6205923079344094,0.6100769923782557,0.7259957414797880,0.5518595259294407,0.5861528256443285,0.5187602938747153,0.5147121366778270,0.0885693190728890,0.0975361020702627,0.3320875421666996,0.3912722023797108,1.3625920536226133,1.1417754413435079,1.0900262993625154,1.1830210941380723,0.9680784817601021,0.8959624861088424,0.8593884780174240,0.8098901030760858,0.8297059239897006,0.8055703537728991,0.7715706198151551,0.7380413016431487
822,0.6512460658336719,0.6436540189799008,0.6545624901270283,0.6047205244618852,0.6166548760105518,0.6156084372155032,0.6040609797433470,0.7192328584830754,0.5454652201245197,0.5779340359528909,0.5113806145785829,0.5116901759976531,0.0929950015784167,0.1046858072898928,0.3252763960645628,0.3845237429618240,1.3229065309286572,1.1067556747716678,1.0670158502453513,1.1803636922044600,0.9445569699590278,0.8712904897898278,0.8428772410814520,0.7898700352847587,0.8191486692436531,0.7951013385091371,0.7604126183930985,0.7266173653348007
823,0.6455605812252062,0.6353123192851737,0.6478666036213303,0.5973241248700842,0.6121299556867880,0.6111362350552868,0.5980539294031993,0.7130624201509668,0.5375023010541311,0.5696460181624311,0.5064877943225601,0.5090177493591220,0.0994873943105825,0.1147365863146897,0.3283520485924202,0.3804980127459244,1.2767312510225892,1.0399196129983843,1.0497699786283039,1.1714129856916340,0.9227963822884638,0.8453567152858107,0.8247996836389699,0.7693768175074533,0.8073441585949295,0.7840725776525502,0.7495113905325781,0.7150651148469543
824,0.6404945704888719,0.6262968270534146,0.6414042010343994,0.5920116167351214,0.6088828017414963,0.6065459112120396,0.5930798558108304,0.7062985300235026,0.5320004122954390,0.5621425854942225,0.5008294409523830,0.5060303648881035,0.1116023522384501,0.1412169760170235,0.3294950519351293,0.3722022396240168,1.2265880164306624,0.9678779102482057,1.0343720688943663,1.1636330466973632,0.8982763300684066,0.8178306008997619,0.8067246333121446,0.7467682553312971,0.7959493029924525,0.7737570943254138,0.7388811170220021,0.7031685167933301
825,0.6354455995979063,0.6176735518903076,0.6344288375452042,0.5874215441659673,0.6064692095421607,0.6018317036524429,0.5879149720719365,0.6997126502563763,0.5280136889573405,0.5553805634348964,0.4959343735345769,0.5046064537292531,0.1227291860848949,0.1913649495821987,0.3341103335713045,0.3672996983091722,1.1793490378286864,0.8981805660918176,1.0131484260872015,1.1442518659283174,0.8723476904132063,0.7927240368863598,0.7856987078574084,0.7243999077634068,0.7840301121571466,0.7630654427308503,0.7270961221696070,0.6927313505910360
826,0.6311703239643693,0.6096248514620762,0.6279365268997876,0.5824565995334553,0.6039718392642366,0.5975646298783680,0.5847614007411862,0.6925131760788633,0.5215327328584571,0.5495795464921038,0.4898587971266465,0.5021226245952054,0.1416427160377636,0.2526464558844440,0.3348531054596265,0.3618976732723279,1.1375361177429146,0.8081338981166575,0.9951288035234134,1.1334368580589649,0.8455959193403805,0.7670587429801741,0.7667016657478394,0.7018728729694499,0.7736743461439803,0.7530116547399192,0.7160315620140266,0.6838677363731653
827,0.6259895638896040,0.6007415791159200,0.6215233846444804,0.5784020230177203,0.6030695674394381,0.5931290166297246,0.5797425156750122,0.6859801706761938,0.5164130771721970,0.5421416199821097,0.4858558529367834,0.5010740224702772,0.1524633705913731,0.3313755967350047,0.3378494328343621,0.3584257184873411,1.0913309586599953,0.7314398812626524,0.9748597194443583,1.1167027792160364,0.8196179221739757,0.7460269565686902,0.7474376158208341,0.6827794512275851,0.7631890931353313,0.7447524778203476,0.7063035411659291,0.6747114409184299
828,0.6231950292491669,0.5930220533148853,0.6148347866572370,0.5744720728435784,0.6014847152261398,0.5896887946368661,0.5765160895610432,0.6796533752949058,0.5099807100231991,0.5356401337793186,0.4818663917176197,0.4987643316987027,0.1696302868510225,0.4373560008547894,0.3416354060515371,0.3684859721489214,1.0424127703189736,0.6548259511929070,0.9446834325214677,1.0979224322175101,0.7927871790832227,0.7280887438925765,0.7264586987846606,0.6624492882146785,0.7542602970387513,0.7383777476845641,0.6956165445017198,0.6681307971242891
829,0.6194126149658461,0.5860004369580166,0.6089046972457084,0.5726180698176471,0.5990467128672154,0.5862808400305916,0.5732266382774643,0.6723614968709373,0.5049177414451386,0.5283912818623528,0.4768305021613978,0.4976296033800603,0.2222304976360608,0.5615961048070944,0.3487458243222696,0.3790484241179471,0.9882059676752641,0.5869997255415008,0.9140551261451545,1.0757636827607477,0.7674007127049454,0.7146477827921454,0.7054565909286628,0.6461081435450969,0.7446756464067555,0.7331516527615393,0.6866046534682417,0.6638010452090035
830,0.6160967473348303,0.5790989820331838,0.6045461632099073,0.5708030435559193,0.5983050659197108,0.5828806641692972,0.5698273266064924,0.6661240843438501,0.4974471904002556,0.5209995074183735,0.4731391644054760,0.4984173122904531,0.3367972221187795,0.6926446111784217,0.3645784037476176,0.3967366628818050,0.9342023434341437,0.5280194492424410,0.8849184839651355,1.0505046310481043,0.7438997032546790,0.7061418659539503,0.6876874087119522,0.6324537628728172,0.7267666658768230,0.7311692580103539,0.6593066357822537,0.6612793309247469
831,0.6145129044925388,0.5731698192591198,0.6005201364125657,0.5698392996155517,0.5971201184196749,0.5807449665197653,0.5662909785575615,0.6602698850677308,0.4916019397290398,0.5145947916765812,0.4692006388533989,0.4984235988739358,0.5144020878241020,0.8108942625269544,0.4069416412034167,0.4333048434201615,0.8636456552173782,0.4825010333157996,0.8431385917790943,1.0307045833076105,0.7206507967847186,0.7015373833887436,0.6686502527518764,0.6231174217648813,0.7275787177296595,0.7281809436430776,0.6608348689616130,0.6586752911713430
832,0.6117791956292399,0.5691683166412362,0.5977995084032504,0.5690389105213360,0.5951049241336270,0.5788267856280098,0.5637066574972776,0.6531232852546746,0.4865592165467649,0.5108185105331464,0.4675564654820011,0.5008187871808762,0.6723070994835927,0.8954549736430736,0.4687070899750431,0.4724898843281249,0.7951805093802070,0.4731308795573883,0.8042170579014599,1.0015727287769896,0.7002684226962488,0.6959533094530717,0.6514558267994595,0.6179819246093778,0.7270988029235320,0.7274679665675149,0.6602129400985630,0.6564808915971785
833,0.6099988553295974,0.5648958161458212,0.5943920003616524,0.5678998952718753,0.5941972278289199,0.5771370693573360,0.5618494387377670,0.6472935088992805,0.4818768614094734,0.5079019977162773,0.4668688339763323,0.5077704911961378,0.8019809886196145,0.9644981763936251,0.5193417774881750,0.5092670879457964,0.7415593386027838,0.4719368584102404,0.7688824313336307,0.9775393779562060,0.6837458059839691,0.6890881073794005,0.6360922220553321,0.6131659856751736,0.7277845614063350,0.7254564277892206,0.6604707265735569,0.6544906024103133
834,0.6081630816089459,0.5618488353260815,0.5919536139462827,0.5679793383581498,0.5923236727404858,0.5760540951951089,0.5591723145607641,0.6403629386324334,0.4789291317830914,0.5048701047343712,0.4654740955628732,0.5174493151262308,0.8920255351943460,1.0143048471581924,0.5599021705548431,0.5399283305544177,0.6946191517693213,0.4786641482880741,0.7286154748475741,0.9450703209973278,0.6767317239686500,0.6830573720287183,0.6292064289042639,0.6094717761692657,0.7265161114438599,0.7229311128629228,0.6595998742282683,0.6529150632593931
835,0.6077573607337791,0.5589867507943688,0.5887403826207309,0.5671096848230887,0.5918800708279596,0.5760440116368013,0.5578028181000230,0.6343178880788939,0.4782173036672701,0.5044420815414922,0.4651205421089781,0.5308196208774141,0.9554811936344525,1.0454222473239572,0.5934314705039007,0.5616477287050665,0.6471351639171643,0.4875028170236695,0.7018399695771970,0.9106545626219660,0.6711155985399069,0.6774539481400496,0.6256513389030935,0.6035180934995473,0.7276594293546466,0.7231720768808754,0.6612268664697568,0.6516481026773108
836,0.6057171088687054,0.5571257294605321,0.5862019675727784,0.5672283529332112,0.5906683022883755,0.5757115423143192,0.5571841306552296,0.6288778713243528,0.4782254018255843,0.5033709069770524,0.4668575981674161,0.5513465732653976,0.9981932049849704,1.0613457883316271,0.6225149561893611,0.5791513756586202,0.6021849302620013,0.4975063844394094,0.6829375796102545,0.8725823015860136,0.6643581755828510,0.6720746612069275,0.6221050238067214,0.6006013058167546,0.7271223196200211,0.7212614906088554,0.6605656872102196,0.6496822272502616
837,0.6051396953743823,0.5551877032653203,0.5842700075258863,0.5684708924544734,0.5915603278733467,0.5769584463244600,0.5564922993209350,0.6231467937826114,0.4788189968300178,0.5038510373412385,0.4701466939641394,0.5741341810737901,1.0362081476385838,1.0763101507789681,0.6422236510513407,0.5906340720937214,0.5858290688535752,0.5122641945934884,0.6722938509511364,0.8429079799940091,0.6581224235519102,0.6676959280933505,0.6183418432060467,0.5970723348444116,0.7275763950929693,0.7196495555012304,0.6613377804933790,0.6485259802301359
838,0.6038841391732411,0.5541642155748461,0.5831717031932574,0.5700726636814830,0.5914479205952405,0.5790831961106866,0.5570416012579010,0.6172356916190290,0.4799794629164479,0.5118152462814333,0.4721841206476026,0.5978962093220139,1.0703401801694230,1.0832068211636650,0.6657687987733909,0.6038758198976040,0.5936215581764058,0.5314413391153652,0.6694673998982654,0.8068888537853179,0.6502419273783711,0.6610266442937724,0.6152298858971942,0.5929719442736177,0.7266905995252166,0.7179468833195137,0.6601172197768069,0.6482000849246843
839,0.6038819822307895,0.5540233220647477,0.5820369562683558,0.5725222415948285,0.5939495099130936,0.5831068239770515,0.5574125246184944,0.6115552223975536,0.4835394133113862,0.5232036407646599,0.4765900558505920,0.6191467474688658,1.0962332062748772,1.0857960148234487,0.6811146102136736,0.6115852425632511,0.6053760263497249,0.5510261981752924,0.6655826915367936,0.7800058342243560,0.6450707788967944,0.6530842948366106,0.6109214076411917,0.5887259690917535,0.7276547840812659,0.7184014700516360,0.6611422881960359,0.6464340616710131
840,0.6036794453345737,0.5549617659248023,0.5798453741675494,0.5762158485873037,0.5950425426146780,0.5888204562157560,0.5595305172449225,0.6065150365513811,0.4955506017230614,0.5393107118038163,0.4825308025515285,0.6387904348775184,1.1042773713320944,1.0882322106760633,0.6962729258374867,0.6211161520629297,0.6139453742706905,0.5628644810122596,0.6633013227659910,0.7586367520088481,0.6376709489477542,0.6472099716059860,0.6065345820209181,0.5865916986934634,0.7269635093363236,0.7174673589147105,0.6607158516303290,0.6461149795078358
841,0.6030992278150634,0.5574464420150503,0.5796232000187980,0.5812925100598891,0.5984946213565172,0.5964614885995257,0.5616548702095681,0.6008816506925408,0.5170066721766305,0.5645008071899452,0.4997882559928191,0.6571365714553244,1.1168028878571730,1.0902211821692609,0.7030552264293972,0.6267054834955238,0.6209012466416836,0.5829517026279992,0.6571219509439099,0.7390255377390889,0.6316538886587656,0.6410050866783321,0.6034408013005765,0.5801248302697224,0.7272518066155037,0.7159608831216757,0.6605818938255434,0.6459432315463390
