2451545.000000,1.0011256344e+00,1.0011256344e+00,9.3295004961e-01,8.5735564578e-01,9.9549966760e-01,9.9549966760e-01,9.3295004961e-01,8.5735564578e-01,9.5459348069e-01,9.5459348069e-01,9.3295004961e-01,8.5735564578e-01,1.0296192737e+00,1.0296192737e+00,9.3295004961e-01,8.5735564578e-01,1.7263992566e+00,1.7263992566e+00,9.3295004961e-01,8.5735564578e-01,1.0172282061e+00,1.0172282061e+00,9.3295004961e-01,8.5735564578e-01,1.0367144336e+00,1.0367144336e+00,9.3295004961e-01,8.5735564578e-01
2451545.000667,1.0011310314e+00,1.0011310314e+00,9.4920439497e-01,8.5509334800e-01,9.9497441835e-01,9.9497441835e-01,9.4920439497e-01,8.5509334800e-01,9.6793401672e-01,9.6793401672e-01,9.4920439497e-01,8.5509334800e-01,1.0320514048e+00,1.0320514048e+00,9.4920439497e-01,8.5509334800e-01,1.7343142824e+00,1.7343142824e+00,9.4920439497e-01,8.5509334800e-01,1.0266832022e+00,1.0266832022e+00,9.4920439497e-01,8.5509334800e-01,1.0376815863e+00,1.0376815863e+00,9.4920439497e-01,8.5509334800e-01
2451545.001334,1.0011358643e+00,1.0011358643e+00,9.6312322455e-01,8.5226248779e-01,9.9430682683e-01,9.9430682683e-01,9.6312322455e-01,8.5226248779e-01,9.8043458235e-01,9.8043458235e-01,9.6312322455e-01,8.5226248779e-01,1.0335295546e+00,1.0335295546e+00,9.6312322455e-01,8.5226248779e-01,1.7408267360e+00,1.7408267360e+00,9.6312322455e-01,8.5226248779e-01,1.0357487786e+00,1.0357487786e+00,9.6312322455e-01,8.5226248779e-01,1.0385274714e+00,1.0385274714e+00,9.6312322455e-01,8.5226248779e-01
2451545.002001,1.0011401296e+00,1.0011401296e+00,9.7554209831e-01,8.4800538244e-01,9.9349884001e-01,9.9349884001e-01,9.7554209831e-01,8.4800538244e-01,9.9213175235e-01,9.9213175235e-01,9.7554209831e-01,8.4800538244e-01,1.0340539904e+00,1.0340539904e+00,9.7554209831e-01,8.4800538244e-01,1.7459657194e+00,1.7459657194e+00,9.7554209831e-01,8.4800538244e-01,1.0444319532e+00,1.0444319532e+00,9.7554209831e-01,8.4800538244e-01,1.0392493689e+00,1.0392493689e+00,9.7554209831e-01,8.4800538244e-01
2451545.002668,1.0011438273e+00,1.0011438273e+00,9.8618730126e-01,8.4233818162e-01,9.9255249928e-01,9.9255249928e-01,9.8618730126e-01,8.4233818162e-01,1.0030584667e+00,1.0030584667e+00,9.8618730126e-01,8.4233818162e-01,1.0336228411e+00,1.0336228411e+00,9.8618730126e-01,8.4233818162e-01,1.7497551555e+00,1.7497551555e+00,9.8618730126e-01,8.4233818162e-01,1.0527391828e+00,1.0527391828e+00,9.8618730126e-01,8.4233818162e-01,1.0398446404e+00,1.0398446404e+00,9.8618730126e-01,8.4233818162e-01
2451545.003334,1.0011469506e+00,1.0011469506e+00,9.9878778148e-01,8.3879177930e-01,9.9147162782e-01,9.9147162782e-01,9.9878778148e-01,8.3879177930e-01,1.0132299461e+00,1.0132299461e+00,9.9878778148e-01,8.3879177930e-01,1.0322339684e+00,1.0322339684e+00,9.9878778148e-01,8.3879177930e-01,1.7522120616e+00,1.7522120616e+00,9.9878778148e-01,8.3879177930e-01,1.0606646843e+00,1.0606646843e+00,9.9878778148e-01,8.3879177930e-01,1.0403101340e+00,1.0403101340e+00,9.9878778148e-01,8.3879177930e-01
2451545.004001,1.0011495098e+00,1.0011495098e+00,1.0106126319e+00,8.3390431125e-01,9.9025512823e-01,9.9025512823e-01,1.0106126319e+00,8.3390431125e-01,1.0227035514e+00,1.0227035514e+00,1.0106126319e+00,8.3390431125e-01,1.0298766803e+00,1.0298766803e+00,1.0106126319e+00,8.3390431125e-01,1.7533591274e+00,1.7533591274e+00,1.0106126319e+00,8.3390431125e-01,1.0682377093e+00,1.0682377093e+00,1.0106126319e+00,8.3390431125e-01,1.0406447757e+00,1.0406447757e+00,1.0106126319e+00,8.3390431125e-01
2451545.004668,1.0011514980e+00,1.0011514980e+00,1.0262616035e+00,8.3447473935e-01,9.8890677648e-01,9.8890677648e-01,1.0262616035e+00,8.3447473935e-01,1.0314878585e+00,1.0314878585e+00,1.0262616035e+00,8.3447473935e-01,1.0265424234e+00,1.0265424234e+00,1.0262616035e+00,8.3447473935e-01,1.7532035053e+00,1.7532035053e+00,1.0262616035e+00,8.3447473935e-01,1.0754510151e+00,1.0754510151e+00,1.0262616035e+00,8.3447473935e-01,1.0408454371e+00,1.0408454371e+00,1.0262616035e+00,8.3447473935e-01
2451545.005335,1.0011529117e+00,1.0011529117e+00,1.0385165206e+00,8.3464084213e-01,9.8742886175e-01,9.8742886175e-01,1.0385165206e+00,8.3464084213e-01,1.0396047328e+00,1.0396047328e+00,1.0385165206e+00,8.3464084213e-01,1.0270588403e+00,1.0270588403e+00,1.0385165206e+00,8.3464084213e-01,1.7517525940e+00,1.7517525940e+00,1.0385165206e+00,8.3464084213e-01,1.0823090932e+00,1.0823090932e+00,1.0385165206e+00,8.3464084213e-01,1.0416096988e+00,1.0416096988e+00,1.0385165206e+00,8.3464084213e-01
2451545.006002,1.0011537545e+00,1.0011537545e+00,1.0481459760e+00,8.3440250300e-01,9.8582376763e-01,9.8582376763e-01,1.0481459760e+00,8.3440250300e-01,1.0470739382e+00,1.0470739382e+00,1.0481459760e+00,8.3440250300e-01,1.0279836863e+00,1.0279836863e+00,1.0481459760e+00,8.3440250300e-01,1.7490115727e+00,1.7490115727e+00,1.0481459760e+00,8.3440250300e-01,1.0888160983e+00,1.0888160983e+00,1.0481459760e+00,8.3440250300e-01,1.0423812800e+00,1.0423812800e+00,1.0481459760e+00,8.3440250300e-01
2451545.006669,1.0011540262e+00,1.0011540262e+00,1.0555643160e+00,8.3375820610e-01,9.8409398390e-01,9.8409398390e-01,1.0555643160e+00,8.3375820610e-01,1.0539130806e+00,1.0539130806e+00,1.0555643160e+00,8.3375820610e-01,1.0282261242e+00,1.0282261242e+00,1.0555643160e+00,8.3375820610e-01,1.7449811812e+00,1.7449811812e+00,1.0555643160e+00,8.3375820610e-01,1.0949756237e+00,1.0949756237e+00,1.0555643160e+00,8.3375820610e-01,1.0429940272e+00,1.0429940272e+00,1.0555643160e+00,8.3375820610e-01
2451545.007336,1.0011537235e+00,1.0011537235e+00,1.0610130772e+00,8.3270556104e-01,9.8224205933e-01,9.8224205933e-01,1.0610130772e+00,8.3270556104e-01,1.0601378917e+00,1.0601378917e+00,1.0610130772e+00,8.3270556104e-01,1.0277888271e+00,1.0277888271e+00,1.0610130772e+00,8.3270556104e-01,1.7396596933e+00,1.7396596933e+00,1.0610130772e+00,8.3270556104e-01,1.1007910942e+00,1.1007910942e+00,1.0610130772e+00,8.3270556104e-01,1.0434461543e+00,1.0434461543e+00,1.0610130772e+00,8.3270556104e-01
2451545.008003,1.0011528498e+00,1.0011528498e+00,1.0659038525e+00,8.3258831544e-01,9.8067933867e-01,9.8067933867e-01,1.0659038525e+00,8.3258831544e-01,1.0657624562e+00,1.0657624562e+00,1.0659038525e+00,8.3258831544e-01,1.0266733987e+00,1.0266733987e+00,1.0659038525e+00,8.3258831544e-01,1.7355052480e+00,1.7355052480e+00,1.0659038525e+00,8.3258831544e-01,1.1062653733e+00,1.1062653733e+00,1.0659038525e+00,8.3258831544e-01,1.0437360970e+00,1.0437360970e+00,1.0659038525e+00,8.3258831544e-01
2451545.008670,1.0011514051e+00,1.0011514051e+00,1.0691740173e+00,8.3229493909e-01,9.7925326093e-01,9.7925326093e-01,1.0691740173e+00,8.3229493909e-01,1.0707990982e+00,1.0707990982e+00,1.0691740173e+00,8.3229493909e-01,1.0248809082e+00,1.0248809082e+00,1.0691740173e+00,8.3229493909e-01,1.7314058008e+00,1.7314058008e+00,1.0691740173e+00,8.3229493909e-01,1.1114010997e+00,1.1114010997e+00,1.0691740173e+00,8.3229493909e-01,1.0438624078e+00,1.0438624078e+00,1.0691740173e+00,8.3229493909e-01
2451545.009337,1.0011493894e+00,1.0011493894e+00,1.0706940066e+00,8.3164475367e-01,9.7771673607e-01,9.7771673607e-01,1.0706940066e+00,8.3164475367e-01,1.0752585516e+00,1.0752585516e+00,1.0706940066e+00,8.3164475367e-01,1.0224108210e+00,1.0224108210e+00,1.0706940066e+00,8.3164475367e-01,1.7258154886e+00,1.7258154886e+00,1.0706940066e+00,8.3164475367e-01,1.1162004068e+00,1.1162004068e+00,1.0706940066e+00,8.3164475367e-01,1.0438238258e+00,1.0438238258e+00,1.0706940066e+00,8.3164475367e-01
2451545.010003,1.0011468062e+00,1.0011468062e+00,1.0704763626e+00,8.3063635993e-01,9.7607450764e-01,9.7607450764e-01,1.0704763626e+00,8.3063635993e-01,1.0791446784e+00,1.0791446784e+00,1.0704763626e+00,8.3063635993e-01,1.0192668792e+00,1.0192668792e+00,1.0704763626e+00,8.3063635993e-01,1.7187409703e+00,1.7187409703e+00,1.0704763626e+00,8.3063635993e-01,1.1206588032e+00,1.1206588032e+00,1.0704763626e+00,8.3063635993e-01,1.0436196973e+00,1.0436196973e+00,1.0704763626e+00,8.3063635993e-01
2451545.010670,1.0011436485e+00,1.0011436485e+00,1.0685007681e+00,8.2926264501e-01,9.7432390887e-01,9.7432390887e-01,1.0685007681e+00,8.2926264501e-01,1.0824770721e+00,1.0824770721e+00,1.0685007681e+00,8.2926264501e-01,1.0154370546e+00,1.0154370546e+00,1.0685007681e+00,8.2926264501e-01,1.7101514174e+00,1.7101514174e+00,1.0685007681e+00,8.2926264501e-01,1.1247911111e+00,1.1247911111e+00,1.0685007681e+00,8.2926264501e-01,1.0432484581e+00,1.0432484581e+00,1.0685007681e+00,8.2926264501e-01
2451545.011337,1.0011471329e+00,1.0011471329e+00,1.0647160328e+00,8.2755567507e-01,9.7249099395e-01,9.7249099395e-01,1.0647160328e+00,8.2755567507e-01,1.0852932731e+00,1.0852932731e+00,1.0647160328e+00,8.2755567507e-01,1.0110638161e+00,1.0110638161e+00,1.0647160328e+00,8.2755567507e-01,1.7000433772e+00,1.7000433772e+00,1.0647160328e+00,8.2755567507e-01,1.1285916598e+00,1.1285916598e+00,1.0647160328e+00,8.2755567507e-01,1.0427095362e+00,1.0427095362e+00,1.0647160328e+00,8.2755567507e-01
2451545.012004,1.0011501118e+00,1.0011501118e+00,1.0590383907e+00,8.2547364750e-01,9.7055688303e-01,9.7055688303e-01,1.0590383907e+00,8.2547364750e-01,1.0875614771e+00,1.0875614771e+00,1.0590383907e+00,8.2547364750e-01,1.0060017545e+00,1.0060017545e+00,1.0590383907e+00,8.2547364750e-01,1.6883998323e+00,1.6883998323e+00,1.0590383907e+00,8.2547364750e-01,1.1320612353e+00,1.1320612353e+00,1.0590383907e+00,8.2547364750e-01,1.0420023127e+00,1.0420023127e+00,1.0590383907e+00,8.2547364750e-01
2451545.012671,1.0011524749e+00,1.0011524749e+00,1.0578613539e+00,8.2948430973e-01,9.6852359389e-01,9.6852359389e-01,1.0578613539e+00,8.2948430973e-01,1.0892850919e+00,1.0892850919e+00,1.0578613539e+00,8.2948430973e-01,1.0002423162e+00,1.0002423162e+00,1.0578613539e+00,8.2948430973e-01,1.6752005593e+00,1.6752005593e+00,1.0578613539e+00,8.2948430973e-01,1.1352002868e+00,1.1352002868e+00,1.0578613539e+00,8.2948430973e-01,1.0411263325e+00,1.0411263325e+00,1.0578613539e+00,8.2948430973e-01
2451545.013338,1.0011542223e+00,1.0011542223e+00,1.0593078493e+00,8.3693042531e-01,9.6639352191e-01,9.6639352191e-01,1.0593078493e+00,8.3693042531e-01,1.0904667297e+00,1.0904667297e+00,1.0593078493e+00,8.3693042531e-01,9.9377855156e-01,9.9377855156e-01,1.0593078493e+00,8.3693042531e-01,1.6604211420e+00,1.6604211420e+00,1.0593078493e+00,8.3693042531e-01,1.1380089828e+00,1.1380089828e+00,1.0593078493e+00,8.3693042531e-01,1.0400813037e+00,1.0400813037e+00,1.0593078493e+00,8.3693042531e-01
2451545.014005,1.0011553505e+00,1.0011553505e+00,1.0589959970e+00,8.4344003369e-01,9.6416908608e-01,9.6416908608e-01,1.0589959970e+00,8.4344003369e-01,1.0911078674e+00,1.0911078674e+00,1.0589959970e+00,8.4344003369e-01,9.8660163980e-01,9.8660163980e-01,1.0589959970e+00,8.4344003369e-01,1.6440332182e+00,1.6440332182e+00,1.0589959970e+00,8.4344003369e-01,1.1404870987e+00,1.1404870987e+00,1.0589959970e+00,8.4344003369e-01,1.0388671096e+00,1.0388671096e+00,1.0589959970e+00,8.4344003369e-01
2451545.014672,1.0011558630e+00,1.0011558630e+00,1.0566475417e+00,8.4903954572e-01,9.6185271718e-01,9.6185271718e-01,1.0566475417e+00,8.4903954572e-01,1.0912086752e+00,1.0912086752e+00,1.0566475417e+00,8.4903954572e-01,9.7870195823e-01,9.7870195823e-01,1.0566475417e+00,8.4903954572e-01,1.6260047264e+00,1.6260047264e+00,1.0566475417e+00,8.4903954572e-01,1.1426340729e+00,1.1426340729e+00,1.0566475417e+00,8.4903954572e-01,1.0374837851e+00,1.0374837851e+00,1.0566475417e+00,8.4903954572e-01
2451545.015339,1.0011557564e+00,1.0011557564e+00,1.0518488749e+00,8.5374983358e-01,9.5944686958e-01,9.5944686958e-01,1.0518488749e+00,8.5374983358e-01,1.0907681309e+00,1.0907681309e+00,1.0518488749e+00,8.5374983358e-01,9.7006828039e-01,9.7006828039e-01,1.0518488749e+00,8.5374983358e-01,1.6062989188e+00,1.6062989188e+00,1.0518488749e+00,8.5374983358e-01,1.1444489511e+00,1.1444489511e+00,1.0518488749e+00,8.5374983358e-01,1.0359315404e+00,1.0359315404e+00,1.0518488749e+00,8.5374983358e-01
2451545.016006,1.0011550341e+00,1.0011550341e+00,1.0439718651e+00,8.5758623073e-01,9.5695405667e-01,9.5695405667e-01,1.0439718651e+00,8.5758623073e-01,1.0897840195e+00,1.0897840195e+00,1.0439718651e+00,8.5758623073e-01,9.6068777606e-01,9.6068777606e-01,1.0439718651e+00,8.5758623073e-01,1.5848748555e+00,1.5848748555e+00,1.0439718651e+00,8.5758623073e-01,1.1459304420e+00,1.1459304420e+00,1.0439718651e+00,8.5758623073e-01,1.0342107608e+00,1.0342107608e+00,1.0439718651e+00,8.5758623073e-01
2451545.016672,1.0011536926e+00,1.0011536926e+00,1.0320510470e+00,8.6055497549e-01,9.5505599447e-01,9.5505599447e-01,1.0320510470e+00,8.6055497549e-01,1.0882554324e+00,1.0882554324e+00,1.0320510470e+00,8.6055497549e-01,9.5056231631e-01,9.5056231631e-01,1.0320510470e+00,8.6055497549e-01,1.5658218717e+00,1.5658218717e+00,1.0320510470e+00,8.6055497549e-01,1.1470753452e+00,1.1470753452e+00,1.0320510470e+00,8.6055497549e-01,1.0323249600e+00,1.0323249600e+00,1.0320510470e+00,8.6055497549e-01
2451545.017339,1.0011517319e+00,1.0011517319e+00,1.0144237001e+00,8.6266918584e-01,9.5359681799e-01,9.5359681799e-01,1.0144237001e+00,8.6266918584e-01,1.0861729987e+00,1.0861729987e+00,1.0144237001e+00,8.6266918584e-01,9.4644381141e-01,9.4644381141e-01,1.0144237001e+00,8.6266918584e-01,1.5479507284e+00,1.5479507284e+00,1.0144237001e+00,8.6266918584e-01,1.1478849521e+00,1.1478849521e+00,1.0144237001e+00,8.6266918584e-01,1.0312625722e+00,1.0312625722e+00,1.0144237001e+00,8.6266918584e-01
2451545.018006,1.0011491555e+00,1.0011491555e+00,1.0074870145e+00,8.7969463386e-01,9.5213971830e-01,9.5213971830e-01,1.0074870145e+00,8.7969463386e-01,1.0835324021e+00,1.0835324021e+00,1.0074870145e+00,8.7969463386e-01,9.4289625190e-01,9.4289625190e-01,1.0074870145e+00,8.7969463386e-01,1.5285440804e+00,1.5285440804e+00,1.0074870145e+00,8.7969463386e-01,1.1483549396e+00,1.1483549396e+00,1.0074870145e+00,8.7969463386e-01,1.0301842147e+00,1.0301842147e+00,1.0074870145e+00,8.7969463386e-01
2451545.018673,1.0011459634e+00,1.0011459634e+00,1.0098535169e+00,9.0082822528e-01,9.5058915155e-01,9.5058915155e-01,1.0098535169e+00,9.0082822528e-01,1.0803261459e+00,1.0803261459e+00,1.0098535169e+00,9.0082822528e-01,9.3892395821e-01,9.3892395821e-01,1.0098535169e+00,9.0082822528e-01,1.5069668612e+00,1.5069668612e+00,1.0098535169e+00,9.0082822528e-01,1.1484822197e+00,1.1484822197e+00,1.0098535169e+00,9.0082822528e-01,1.0289412329e+00,1.0289412329e+00,1.0098535169e+00,9.0082822528e-01
2451545.019340,1.0011421590e+00,1.0011421590e+00,1.0140262090e+00,9.1865981693e-01,9.4894533013e-01,9.4894533013e-01,1.0140262090e+00,9.1865981693e-01,1.0765451432e+00,1.0765451432e+00,1.0140262090e+00,9.1865981693e-01,9.3452425737e-01,9.3452425737e-01,1.0140262090e+00,9.1865981693e-01,1.4831616064e+00,1.4831616064e+00,1.0140262090e+00,9.1865981693e-01,1.1482634798e+00,1.1482634798e+00,1.0140262090e+00,9.1865981693e-01,1.0275336269e+00,1.0275336269e+00,1.0140262090e+00,9.1865981693e-01
2451545.020007,1.0011377355e+00,1.0011377355e+00,1.0177923296e+00,9.3262451942e-01,9.4720844285e-01,9.4720844285e-01,1.0177923296e+00,9.3262451942e-01,1.0721788305e+00,1.0721788305e+00,1.0177923296e+00,9.3262451942e-01,9.2969394182e-01,9.2969394182e-01,1.0177923296e+00,9.3262451942e-01,1.4570639463e+00,1.4570639463e+00,1.0177923296e+00,9.3262451942e-01,1.1476948461e+00,1.1476948461e+00,1.0177923296e+00,9.3262451942e-01,1.0259616768e+00,1.0259616768e+00,1.0177923296e+00,9.3262451942e-01
2451545.020674,1.0011327031e+00,1.0011327031e+00,1.0208978000e+00,9.4341519533e-01,9.4537863131e-01,9.4537863131e-01,1.0208978000e+00,9.4341519533e-01,1.0672151109e+00,1.0672151109e+00,1.0208978000e+00,9.4341519533e-01,9.2442873483e-01,9.2442873483e-01,1.0208978000e+00,9.4341519533e-01,1.4286011257e+00,1.4286011257e+00,1.0208978000e+00,9.4341519533e-01,1.1467720514e+00,1.1467720514e+00,1.0208978000e+00,9.4341519533e-01,1.0242259430e+00,1.0242259430e+00,1.0208978000e+00,9.4341519533e-01
2451545.021341,1.0011270619e+00,1.0011270619e+00,1.0233690099e+00,9.5167427589e-01,9.4345602529e-01,9.4345602529e-01,1.0233690099e+00,9.5167427589e-01,1.0616400132e+00,1.0616400132e+00,1.0233690099e+00,9.5167427589e-01,9.1872435964e-01,9.1872435964e-01,1.0233690099e+00,9.5167427589e-01,1.3976929904e+00,1.3976929904e+00,1.0233690099e+00,9.5167427589e-01,1.1454900989e+00,1.1454900989e+00,1.0233690099e+00,9.5167427589e-01,1.0223272893e+00,1.0223272893e+00,1.0233690099e+00,9.5167427589e-01
2451545.022008,1.0011208119e+00,1.0011208119e+00,1.0252281492e+00,9.5783850242e-01,9.4208265774e-01,9.4208265774e-01,1.0252281492e+00,9.5783850242e-01,1.0554376922e+00,1.0554376922e+00,1.0252281492e+00,9.5783850242e-01,9.1257520302e-01,9.1257520302e-01,1.0252281492e+00,9.5783850242e-01,1.3682217087e+00,1.3682217087e+00,1.0252281492e+00,9.5783850242e-01,1.1438437671e+00,1.1438437671e+00,1.0252281492e+00,9.5783850242e-01,1.0202668599e+00,1.0202668599e+00,1.0252281492e+00,9.5783850242e-01
2451545.022674,1.0011139633e+00,1.0011139633e+00,1.0264924139e+00,9.6220778108e-01,9.4169798078e-01,9.4169798078e-01,1.0264924139e+00,9.6220778108e-01,1.0486011055e+00,1.0486011055e+00,1.0264924139e+00,9.6220778108e-01,9.0598554173e-01,9.0598554173e-01,1.0264924139e+00,9.6220778108e-01,1.3431976194e+00,1.3431976194e+00,1.0264924139e+00,9.6220778108e-01,1.1418302489e+00,1.1418302489e+00,1.0264924139e+00,9.6220778108e-01,1.0180495343e+00,1.0180495343e+00,1.0264924139e+00,9.6220778108e-01
2451545.023341,1.0011065059e+00,1.0011065059e+00,1.0271814402e+00,9.6501269684e-01,9.4121037323e-01,9.4121037323e-01,1.0271814402e+00,9.6501269684e-01,1.0410897596e+00,1.0410897596e+00,1.0271814402e+00,9.6501269684e-01,9.0772778050e-01,9.0772778050e-01,1.0271814402e+00,9.6501269684e-01,1.3159634984e+00,1.3159634984e+00,1.0271814402e+00,9.6501269684e-01,1.1394369116e+00,1.1394369116e+00,1.0271814402e+00,9.6501269684e-01,1.0170066885e+00,1.0170066885e+00,1.0271814402e+00,9.6501269684e-01
2451545.024008,1.0010984431e+00,1.0010984431e+00,1.0273060676e+00,9.6640244485e-01,9.4061952830e-01,9.4061952830e-01,1.0273060676e+00,9.6640244485e-01,1.0328909896e+00,1.0328909896e+00,1.0273060676e+00,9.6640244485e-01,9.2412695705e-01,9.2412695705e-01,1.0273060676e+00,9.6640244485e-01,1.2864653343e+00,1.2864653343e+00,1.0273060676e+00,9.6640244485e-01,1.1366593198e+00,1.1366593198e+00,1.0273060676e+00,9.6640244485e-01,1.0181964493e+00,1.0181964493e+00,1.0273060676e+00,9.6640244485e-01
2451545.024675,1.0010897852e+00,1.0010897852e+00,1.0268771358e+00,9.6649036447e-01,9.3992465539e-01,9.3992465539e-01,1.0268771358e+00,9.6649036447e-01,1.0239797499e+00,1.0239797499e+00,1.0268771358e+00,9.6649036447e-01,9.4262975727e-01,9.4262975727e-01,1.0268771358e+00,9.6649036447e-01,1.2546027495e+00,1.2546027495e+00,1.0268771358e+00,9.6649036447e-01,1.1334894448e+00,1.1334894448e+00,1.0268771358e+00,9.6649036447e-01,1.0198343098e+00,1.0198343098e+00,1.0268771358e+00,9.6649036447e-01
2451545.025342,1.0010805323e+00,1.0010805323e+00,1.0259036117e+00,9.6535726246e-01,9.3912498750e-01,9.3912498750e-01,1.0259036117e+00,9.6535726246e-01,1.0143279845e+00,1.0143279845e+00,1.0259036117e+00,9.6535726246e-01,9.5944083776e-01,9.5944083776e-01,1.0259036117e+00,9.6535726246e-01,1.2202647615e+00,1.2202647615e+00,1.0259036117e+00,9.6535726246e-01,1.1299185842e+00,1.1299185842e+00,1.0259036117e+00,9.6535726246e-01,1.0213499804e+00,1.0213499804e+00,1.0259036117e+00,9.6535726246e-01
2451545.026009,1.0010706911e+00,1.0010706911e+00,1.0243925893e+00,9.6305893396e-01,9.3821978125e-01,9.3821978125e-01,1.0243925893e+00,9.6305893396e-01,1.0046208458e+00,1.0046208458e+00,1.0243925893e+00,9.6305893396e-01,9.7460590624e-01,9.7460590624e-01,1.0243925893e+00,9.6305893396e-01,1.1833278097e+00,1.1833278097e+00,1.0243925893e+00,9.6305893396e-01,1.1266331072e+00,1.1266331072e+00,1.0243925893e+00,9.6305893396e-01,1.0227424104e+00,1.0227424104e+00,1.0243925893e+00,9.6305893396e-01
2451545.026676,1.0010602583e+00,1.0010602583e+00,1.0223496301e+00,9.5963082668e-01,9.3720834044e-01,9.3720834044e-01,1.0223496301e+00,9.5963082668e-01,9.9617502571e-01,9.9617502571e-01,1.0223496301e+00,9.5963082668e-01,9.8816666096e-01,9.8816666096e-01,1.0223496301e+00,9.5963082668e-01,1.1436552625e+00,1.1436552625e+00,1.0223496301e+00,9.5963082668e-01,1.1247221654e+00,1.1247221654e+00,1.0223496301e+00,9.5963082668e-01,1.0240104793e+00,1.0240104793e+00,1.0223496301e+00,9.5963082668e-01
2451545.027343,1.0010492442e+00,1.0010492442e+00,1.0197786502e+00,9.5509153898e-01,9.3608998068e-01,9.3608998068e-01,1.0197786502e+00,9.5509153898e-01,9.8707812920e-01,9.8707812920e-01,1.0197786502e+00,9.5509153898e-01,1.0001594543e+00,1.0001594543e+00,1.0197786502e+00,9.5509153898e-01,1.1010947038e+00,1.1010947038e+00,1.0197786502e+00,9.5509153898e-01,1.1222281606e+00,1.1222281606e+00,1.0197786502e+00,9.5509153898e-01,1.0251530428e+00,1.0251530428e+00,1.0197786502e+00,9.5509153898e-01
2451545.028010,1.0010376488e+00,1.0010376488e+00,1.0166823169e+00,9.4944486052e-01,9.3486402936e-01,9.3486402936e-01,1.0166823169e+00,9.4944486052e-01,9.7730743899e-01,9.7730743899e-01,1.0166823169e+00,9.4944486052e-01,1.0106160944e+00,1.0106160944e+00,1.0166823169e+00,9.4944486052e-01,1.0554764536e+00,1.0554764536e+00,1.0166823169e+00,9.4944486052e-01,1.1191518227e+00,1.1191518227e+00,1.0166823169e+00,9.4944486052e-01,1.0261688988e+00,1.0261688988e+00,1.0166823169e+00,9.4944486052e-01
2451545.028677,1.0010254789e+00,1.0010254789e+00,1.0130619922e+00,9.4268064672e-01,9.3525081851e-01,9.3525081851e-01,1.0130619922e+00,9.4268064672e-01,9.6683790930e-01,9.6683790930e-01,1.0130619922e+00,9.4268064672e-01,1.0195646476e+00,1.0195646476e+00,1.0130619922e+00,9.4268064672e-01,1.0177616379e+00,1.0177616379e+00,1.0130619922e+00,9.4268064672e-01,1.1154912428e+00,1.1154912428e+00,1.0130619922e+00,9.4268064672e-01,1.0270568096e+00,1.0270568096e+00,1.0130619922e+00,9.4268064672e-01
2451545.029343,1.0010127587e+00,1.0010127587e+00,1.0089242593e+00,9.3478846149e-01,9.3547492234e-01,9.3547492234e-01,1.0089242593e+00,9.3478846149e-01,9.5624888686e-01,9.5624888686e-01,1.0089242593e+00,9.3478846149e-01,1.0270184785e+00,1.0270184785e+00,1.0089242593e+00,9.3478846149e-01,9.7759509515e-01,9.7759509515e-01,1.0089242593e+00,9.3478846149e-01,1.1118302699e+00,1.1118302699e+00,1.0089242593e+00,9.3478846149e-01,1.0278144173e+00,1.0278144173e+00,1.0089242593e+00,9.3478846149e-01
2451545.030010,1.0009994537e+00,1.0009994537e+00,1.0042557816e+00,9.2570790383e-01,9.3551631641e-01,9.3551631641e-01,1.0042557816e+00,9.2570790383e-01,9.5537580606e-01,9.5537580606e-01,1.0042557816e+00,9.2570790383e-01,1.0330200874e+00,1.0330200874e+00,1.0042557816e+00,9.2570790383e-01,9.3454991281e-01,9.3454991281e-01,1.0042557816e+00,9.2570790383e-01,1.1174077991e+00,1.1174077991e+00,1.0042557816e+00,9.2570790383e-01,1.0284425739e+00,1.0284425739e+00,1.0042557816e+00,9.2570790383e-01
2451545.030677,1.0009855880e+00,1.0009855880e+00,9.9906007766e-01,9.1539897847e-01,9.3537837550e-01,9.3537837550e-01,9.9906007766e-01,9.1539897847e-01,9.5423040220e-01,9.5423040220e-01,9.9906007766e-01,9.1539897847e-01,1.0375729492e+00,1.0375729492e+00,9.9906007766e-01,9.1539897847e-01,8.8851239542e-01,8.8851239542e-01,9.9906007766e-01,9.1539897847e-01,1.1219328393e+00,1.1219328393e+00,9.9906007766e-01,9.1539897847e-01,1.0289385829e+00,1.0289385829e+00,9.9906007766e-01,9.1539897847e-01
2451545.031344,1.0009711651e+00,1.0009711651e+00,9.9345008396e-01,9.0391450714e-01,9.3506462778e-01,9.3506462778e-01,9.9345008396e-01,9.0391450714e-01,9.5281091469e-01,9.5281091469e-01,9.9345008396e-01,9.0391450714e-01,1.0406890921e+00,1.0406890921e+00,9.9345008396e-01,9.0391450714e-01,8.3929214633e-01,8.3929214633e-01,9.9345008396e-01,9.0391450714e-01,1.1254198759e+00,1.1254198759e+00,9.9345008396e-01,9.0391450714e-01,1.0293008566e+00,1.0293008566e+00,9.9345008396e-01,9.0391450714e-01
2451545.032011,1.0009561918e+00,1.0009561918e+00,9.9596209852e-01,9.0063874333e-01,9.3457835362e-01,9.3457835362e-01,9.9596209852e-01,9.0063874333e-01,9.5111541257e-01,9.5111541257e-01,9.9596209852e-01,9.0063874333e-01,1.0423770697e+00,1.0423770697e+00,9.9596209852e-01,9.0063874333e-01,7.8667657237e-01,7.8667657237e-01,9.9596209852e-01,9.0063874333e-01,1.1278790148e+00,1.1278790148e+00,9.9596209852e-01,9.0063874333e-01,1.0295277023e+00,1.0295277023e+00,9.9596209852e-01,9.0063874333e-01
2451545.032678,1.0009406750e+00,1.0009406750e+00,9.9823950023e-01,8.9748576383e-01,9.3472755164e-01,9.3472755164e-01,9.9823950023e-01,8.9748576383e-01,9.4914134014e-01,9.4914134014e-01,9.9823950023e-01,8.9748576383e-01,1.0426422278e+00,1.0426422278e+00,9.9823950023e-01,8.9748576383e-01,7.3543693489e-01,7.3543693489e-01,9.9823950023e-01,8.9748576383e-01,1.1293159267e+00,1.1293159267e+00,9.9823950023e-01,8.9748576383e-01,1.0296173106e+00,1.0296173106e+00,9.9823950023e-01,8.9748576383e-01
2451545.033345,1.0009246182e+00,1.0009246182e+00,9.9951636388e-01,8.9358774132e-01,9.3632057446e-01,9.3632057446e-01,9.9951636388e-01,8.9358774132e-01,9.4688597133e-01,9.4688597133e-01,9.9951636388e-01,8.9358774132e-01,1.0414853685e+00,1.0414853685e+00,9.9951636388e-01,8.9358774132e-01,6.9128833979e-01,6.9128833979e-01,9.9951636388e-01,8.9358774132e-01,1.1297316784e+00,1.1297316784e+00,9.9951636388e-01,8.9358774132e-01,1.0295677435e+00,1.0295677435e+00,9.9951636388e-01,8.9358774132e-01
2451545.034012,1.0009080317e+00,1.0009080317e+00,9.9984870369e-01,8.8893861241e-01,9.3766646003e-01,9.3766646003e-01,9.9984870369e-01,8.8893861241e-01,9.4434584176e-01,9.4434584176e-01,9.9984870369e-01,8.8893861241e-01,1.0389040859e+00,1.0389040859e+00,9.9984870369e-01,8.8893861241e-01,6.4393333672e-01,6.4393333672e-01,9.9984870369e-01,8.8893861241e-01,1.1291231257e+00,1.1291231257e+00,9.9984870369e-01,8.8893861241e-01,1.0293769349e+00,1.0293769349e+00,9.9984870369e-01,8.8893861241e-01
2451545.034679,1.0008909154e+00,1.0008909154e+00,1.0013619962e+00,8.8571712789e-01,9.4273026023e-01,9.4273026023e-01,1.0013619962e+00,8.8571712789e-01,9.4151731668e-01,9.4151731668e-01,1.0013619962e+00,8.8571712789e-01,1.0348927669e+00,1.0348927669e+00,1.0013619962e+00,8.8571712789e-01,6.1811288626e-01,6.1811288626e-01,1.0013619962e+00,8.8571712789e-01,1.1274823523e+00,1.1274823523e+00,1.0013619962e+00,8.8571712789e-01,1.0290426434e+00,1.0290426434e+00,1.0013619962e+00,8.8571712789e-01
2451545.035345,1.0008733073e+00,1.0008733073e+00,1.0100689475e+00,8.9047318292e-01,9.5120184991e-01,9.5120184991e-01,1.0100689475e+00,8.9047318292e-01,9.3840102080e-01,9.3840102080e-01,1.0100689475e+00,8.9047318292e-01,1.0294503423e+00,1.0294503423e+00,1.0100689475e+00,8.9047318292e-01,6.1552748708e-01,6.1552748708e-01,1.0100689475e+00,8.9047318292e-01,1.1248017786e+00,1.1248017786e+00,1.0100689475e+00,8.9047318292e-01,1.0285633163e+00,1.0285633163e+00,1.0100689475e+00,8.9047318292e-01
2451545.036012,1.0008551591e+00,1.0008551591e+00,1.0186432126e+00,8.9569711260e-01,9.5914112220e-01,9.5914112220e-01,1.0186432126e+00,8.9569711260e-01,9.3498281264e-01,9.3498281264e-01,1.0186432126e+00,8.9569711260e-01,1.0225468749e+00,1.0225468749e+00,1.0186432126e+00,8.9569711260e-01,6.1242219650e-01,6.1242219650e-01,1.0186432126e+00,8.9569711260e-01,1.1210559149e+00,1.1210559149e+00,1.0186432126e+00,8.9569711260e-01,1.0279349728e+00,1.0279349728e+00,1.0186432126e+00,8.9569711260e-01
2451545.036679,1.0008365053e+00,1.0008365053e+00,1.0262034326e+00,9.0044418911e-01,9.6655683262e-01,9.6655683262e-01,1.0262034326e+00,9.0044418911e-01,9.3126195389e-01,9.3126195389e-01,1.0262034326e+00,9.0044418911e-01,1.0141722074e+00,1.0141722074e+00,1.0262034326e+00,9.0044418911e-01,6.0879158872e-01,6.0879158872e-01,1.0262034326e+00,9.0044418911e-01,1.1162253351e+00,1.1162253351e+00,1.0262034326e+00,9.0044418911e-01,1.0271554884e+00,1.0271554884e+00,1.0262034326e+00,9.0044418911e-01
2451545.037346,1.0008173527e+00,1.0008173527e+00,1.0327891638e+00,9.0472333267e-01,9.7346953662e-01,9.7346953662e-01,1.0327891638e+00,9.0472333267e-01,9.2723253805e-01,9.2723253805e-01,1.0327891638e+00,9.0472333267e-01,1.0043038869e+00,1.0043038869e+00,1.0327891638e+00,9.0472333267e-01,6.0462505874e-01,6.0462505874e-01,1.0327891638e+00,9.0472333267e-01,1.1102817984e+00,1.1102817984e+00,1.0327891638e+00,9.0472333267e-01,1.0262219096e+00,1.0262219096e+00,1.0327891638e+00,9.0472333267e-01
2451545.038013,1.0007977082e+00,1.0007977082e+00,1.0384336627e+00,9.0854200597e-01,9.7989851524e-01,9.7989851524e-01,1.0384336627e+00,9.0854200597e-01,9.2288809072e-01,9.2288809072e-01,1.0384336627e+00,9.0854200597e-01,9.9291598566e-01,9.9291598566e-01,1.0384336627e+00,9.0854200597e-01,5.9991126167e-01,5.9991126167e-01,1.0384336627e+00,9.0854200597e-01,1.1031910005e+00,1.1031910005e+00,1.0384336627e+00,9.0854200597e-01,1.0251311077e+00,1.0251311077e+00,1.0384336627e+00,9.0854200597e-01
2451545.038680,1.0007775753e+00,1.0007775753e+00,1.0431645676e+00,9.1190627241e-01,9.8586188133e-01,9.8586188133e-01,1.0431645676e+00,9.1190627241e-01,9.1822156955e-01,9.1822156955e-01,1.0431645676e+00,9.1190627241e-01,9.7997776455e-01,9.7997776455e-01,1.0431645676e+00,9.1190627241e-01,5.9463663301e-01,5.9463663301e-01,1.0431645676e+00,9.1190627241e-01,1.0949118994e+00,1.0949118994e+00,1.0431645676e+00,9.1190627241e-01,1.0238797208e+00,1.0238797208e+00,1.0431645676e+00,9.1190627241e-01
2451545.039347,1.0007569711e+00,1.0007569711e+00,1.0470042956e+00,9.1482044637e-01,9.9137663857e-01,9.9137663857e-01,1.0470042956e+00,9.1482044637e-01,9.1322502349e-01,9.1322502349e-01,1.0470042956e+00,9.1482044637e-01,9.6545340585e-01,9.6545340585e-01,1.0470042956e+00,9.1482044637e-01,5.8878588181e-01,5.8878588181e-01,1.0470042956e+00,9.1482044637e-01,1.0853961547e+00,1.0853961547e+00,1.0470042956e+00,9.1482044637e-01,1.0224641532e+00,1.0224641532e+00,1.0470042956e+00,9.1482044637e-01
2451545.040014,1.0007358957e+00,1.0007358957e+00,1.0499705533e+00,9.1728656842e-01,9.9645881123e-01,9.9645881123e-01,1.0499705533e+00,9.1728656842e-01,9.0789004717e-01,9.0789004717e-01,1.0499705533e+00,9.1728656842e-01,9.5069115323e-01,9.5069115323e-01,1.0499705533e+00,9.1728656842e-01,5.8234174413e-01,5.8234174413e-01,1.0499705533e+00,9.1728656842e-01,1.0745868916e+00,1.0745868916e+00,1.0499705533e+00,9.1728656842e-01,1.0210870159e+00,1.0210870159e+00,1.0499705533e+00,9.1728656842e-01
2451545.040681,1.0007143594e+00,1.0007143594e+00,1.0520766775e+00,9.1930353081e-01,1.0011234324e+00,1.0011234324e+00,1.0520766775e+00,9.1930353081e-01,9.0220709933e-01,9.0220709933e-01,1.0520766775e+00,9.1930353081e-01,9.5483799156e-01,9.5483799156e-01,1.0520766775e+00,9.1930353081e-01,5.7528498301e-01,5.7528498301e-01,1.0520766775e+00,9.1930353081e-01,1.0624181402e+00,1.0624181402e+00,1.0520766775e+00,9.1930353081e-01,1.0224982991e+00,1.0224982991e+00,1.0520766775e+00,9.1930353081e-01
2451545.041348,1.0006923690e+00,1.0006923690e+00,1.0537875805e+00,9.2133104589e-01,1.0053846855e+00,1.0053846855e+00,1.0537875805e+00,9.2133104589e-01,8.9684088679e-01,8.9684088679e-01,1.0537875805e+00,9.2133104589e-01,9.5834358552e-01,9.5834358552e-01,1.0537875805e+00,9.2133104589e-01,5.6759340194e-01,5.6759340194e-01,1.0537875805e+00,9.2133104589e-01,1.0494962074e+00,1.0494962074e+00,1.0537875805e+00,9.2133104589e-01,1.0236990918e+00,1.0236990918e+00,1.0537875805e+00,9.2133104589e-01
2451545.042014,1.0006699692e+00,1.0006699692e+00,1.0552488315e+00,9.2347977110e-01,1.0092504176e+00,1.0092504176e+00,1.0552488315e+00,9.2347977110e-01,8.9233577169e-01,8.9233577169e-01,1.0552488315e+00,9.2347977110e-01,9.6120820240e-01,9.6120820240e-01,1.0552488315e+00,9.2347977110e-01,5.5925442291e-01,5.5925442291e-01,1.0552488315e+00,9.2347977110e-01,1.0364968509e+00,1.0364968509e+00,1.0552488315e+00,9.2347977110e-01,1.0246813971e+00,1.0246813971e+00,1.0552488315e+00,9.2347977110e-01
2451545.042681,1.0006471017e+00,1.0006471017e+00,1.0558800842e+00,9.2511683678e-01,1.0127447948e+00,1.0127447948e+00,1.0558800842e+00,9.2511683678e-01,8.8731963200e-01,8.8731963200e-01,1.0558800842e+00,9.2511683678e-01,9.6344360326e-01,9.6344360326e-01,1.0558800842e+00,9.2511683678e-01,5.5021428105e-01,5.5021428105e-01,1.0558800842e+00,9.2511683678e-01,1.0220107260e+00,1.0220107260e+00,1.0558800842e+00,9.2511683678e-01,1.0254413512e+00,1.0254413512e+00,1.0558800842e+00,9.2511683678e-01
2451545.043348,1.0006238076e+00,1.0006238076e+00,1.0556756067e+00,9.2616184426e-01,1.0158736227e+00,1.0158736227e+00,1.0556756067e+00,9.2616184426e-01,8.8359570642e-01,8.8359570642e-01,1.0556756067e+00,9.2616184426e-01,9.6504604594e-01,9.6504604594e-01,1.0556756067e+00,9.2616184426e-01,5.4045201301e-01,5.4045201301e-01,1.0556756067e+00,9.2616184426e-01,1.0077942081e+00,1.0077942081e+00,1.0556756067e+00,9.2616184426e-01,1.0259703504e+00,1.0259703504e+00,1.0556756067e+00,9.2616184426e-01
2451545.044015,1.0006000939e+00,1.0006000939e+00,1.0546288157e+00,9.2641370949e-01,1.0186481230e+00,1.0186481230e+00,1.0546288157e+00,9.2641370949e-01,8.8196466450e-01,8.8196466450e-01,1.0546288157e+00,9.2641370949e-01,9.6601526315e-01,9.6601526315e-01,1.0546288157e+00,9.2641370949e-01,5.2992865159e-01,5.2992865159e-01,1.0546288157e+00,9.2641370949e-01,9.9513559395e-01,9.9513559395e-01,1.0546288157e+00,9.2641370949e-01,1.0262612971e+00,1.0262612971e+00,1.0546288157e+00,9.2641370949e-01
2451545.044682,1.0005759743e+00,1.0005759743e+00,1.0535499031e+00,9.2681960896e-01,1.0210789274e+00,1.0210789274e+00,1.0535499031e+00,9.2681960896e-01,8.7946553957e-01,8.7946553957e-01,1.0535499031e+00,9.2681960896e-01,9.6634911651e-01,9.6634911651e-01,1.0535499031e+00,9.2681960896e-01,5.1859955716e-01,5.1859955716e-01,1.0535499031e+00,9.2681960896e-01,9.8114966240e-01,9.8114966240e-01,1.0535499031e+00,9.2681960896e-01,1.0263068133e+00,1.0263068133e+00,1.0535499031e+00,9.2681960896e-01
2451545.045349,1.0005514557e+00,1.0005514557e+00,1.0513962775e+00,9.2712382950e-01,1.0231760658e+00,1.0231760658e+00,1.0513962775e+00,9.2712382950e-01,8.7612899993e-01,8.7612899993e-01,1.0513962775e+00,9.2712382950e-01,9.6604466577e-01,9.6604466577e-01,1.0513962775e+00,9.2712382950e-01,5.0641195138e-01,5.0641195138e-01,1.0513962775e+00,9.2712382950e-01,9.6575135417e-01,9.6575135417e-01,1.0513962775e+00,9.2712382950e-01,1.0260993111e+00,1.0260993111e+00,1.0513962775e+00,9.2712382950e-01
2451545.046016,1.0005265450e+00,1.0005265450e+00,1.0481237859e+00,9.2702448266e-01,1.0249490844e+00,1.0249490844e+00,1.0481237859e+00,9.2702448266e-01,8.7284300618e-01,8.7284300618e-01,1.0481237859e+00,9.2702448266e-01,9.6509603039e-01,9.6509603039e-01,1.0481237859e+00,9.2702448266e-01,4.9330319078e-01,4.9330319078e-01,1.0481237859e+00,9.2702448266e-01,9.4969093120e-01,9.4969093120e-01,1.0481237859e+00,9.2702448266e-01,1.0256308290e+00,1.0256308290e+00,1.0481237859e+00,9.2702448266e-01
2451545.046683,1.0005012558e+00,1.0005012558e+00,1.0438237423e+00,9.2652331750e-01,1.0264070101e+00,1.0264070101e+00,1.0438237423e+00,9.2652331750e-01,8.7244704447e-01,8.7244704447e-01,1.0438237423e+00,9.2652331750e-01,9.6349599338e-01,9.6349599338e-01,1.0438237423e+00,9.2652331750e-01,4.7919780725e-01,4.7919780725e-01,1.0438237423e+00,9.2652331750e-01,9.3536515563e-01,9.3536515563e-01,1.0438237423e+00,9.2652331750e-01,1.0248930435e+00,1.0248930435e+00,1.0438237423e+00,9.2652331750e-01
2451545.047350,1.0004755952e+00,1.0004755952e+00,1.0385179394e+00,9.2562184988e-01,1.0282008437e+00,1.0282008437e+00,1.0385179394e+00,9.2562184988e-01,8.7149564595e-01,8.7149564595e-01,1.0385179394e+00,9.2562184988e-01,9.6123546665e-01,9.6123546665e-01,1.0385179394e+00,9.2562184988e-01,4.6783763772e-01,4.6783763772e-01,1.0385179394e+00,9.2562184988e-01,9.1908913693e-01,9.1908913693e-01,1.0385179394e+00,9.2562184988e-01,1.0238771992e+00,1.0238771992e+00,1.0385179394e+00,9.2562184988e-01
2451545.048017,1.0004495769e+00,1.0004495769e+00,1.0331768368e+00,9.2533966754e-01,1.0299561506e+00,1.0299561506e+00,1.0331768368e+00,9.2533966754e-01,8.7000846103e-01,8.7000846103e-01,1.0331768368e+00,9.2533966754e-01,9.5830268915e-01,9.5830268915e-01,1.0331768368e+00,9.2533966754e-01,4.5650139109e-01,4.5650139109e-01,1.0331768368e+00,9.2533966754e-01,9.0072605038e-01,9.0072605038e-01,1.0331768368e+00,9.2533966754e-01,1.0225739805e+00,1.0225739805e+00,1.0331768368e+00,9.2533966754e-01
2451545.048683,1.0004232489e+00,1.0004232489e+00,1.0269362147e+00,9.2482713346e-01,1.0314375463e+00,1.0314375463e+00,1.0269362147e+00,9.2482713346e-01,8.6800451541e-01,8.6800451541e-01,1.0269362147e+00,9.2482713346e-01,9.5468937469e-01,9.5468937469e-01,1.0269362147e+00,9.2482713346e-01,4.4358993272e-01,4.4358993272e-01,1.0269362147e+00,9.2482713346e-01,8.8014648241e-01,8.8014648241e-01,1.0269362147e+00,9.2482713346e-01,1.0209760795e+00,1.0209760795e+00,1.0269362147e+00,9.2482713346e-01
2451545.049350,1.0003965392e+00,1.0003965392e+00,1.0195942062e+00,9.2393277870e-01,1.0326567599e+00,1.0326567599e+00,1.0195942062e+00,9.2393277870e-01,8.6548988596e-01,8.6548988596e-01,1.0195942062e+00,9.2393277870e-01,9.5036799173e-01,9.5036799173e-01,1.0195942062e+00,9.2393277870e-01,4.2889387562e-01,4.2889387562e-01,1.0195942062e+00,9.2393277870e-01,8.5709643428e-01,8.5709643428e-01,1.0195942062e+00,9.2393277870e-01,1.0190680518e+00,1.0190680518e+00,1.0195942062e+00,9.2393277870e-01
2451545.050017,1.0003695027e+00,1.0003695027e+00,1.0244423040e+00,9.3567774397e-01,1.0336182281e+00,1.0336182281e+00,1.0244423040e+00,9.3567774397e-01,8.6247598810e-01,8.6247598810e-01,1.0244423040e+00,9.3567774397e-01,9.4532330437e-01,9.4532330437e-01,1.0244423040e+00,9.3567774397e-01,4.1220038001e-01,4.1220038001e-01,1.0244423040e+00,9.3567774397e-01,8.3137647993e-01,8.3137647993e-01,1.0244423040e+00,9.3567774397e-01,1.0168405350e+00,1.0168405350e+00,1.0244423040e+00,9.3567774397e-01
2451545.050684,1.0003421462e+00,1.0003421462e+00,1.0302615424e+00,9.4764705586e-01,1.0343284409e+00,1.0343284409e+00,1.0302615424e+00,9.4764705586e-01,8.8131739319e-01,8.8131739319e-01,1.0302615424e+00,9.4764705586e-01,9.3953179051e-01,9.3953179051e-01,1.0302615424e+00,9.4764705586e-01,3.9318858311e-01,3.9318858311e-01,1.0302615424e+00,9.4764705586e-01,8.2634540733e-01,8.2634540733e-01,1.0302615424e+00,9.4764705586e-01,1.0142809446e+00,1.0142809446e+00,1.0302615424e+00,9.4764705586e-01
2451545.051351,1.0003144837e+00,1.0003144837e+00,1.0357482140e+00,9.5853556275e-01,1.0347934870e+00,1.0347934870e+00,1.0357482140e+00,9.5853556275e-01,9.0277622330e-01,9.0277622330e-01,1.0357482140e+00,9.5853556275e-01,9.3296618591e-01,9.3296618591e-01,1.0357482140e+00,9.5853556275e-01,3.7140247014e-01,3.7140247014e-01,1.0357482140e+00,9.5853556275e-01,8.2562871992e-01,8.2562871992e-01,1.0357482140e+00,9.5853556275e-01,1.0113754939e+00,1.0113754939e+00,1.0357482140e+00,9.5853556275e-01
2451545.052018,1.0002865219e+00,1.0002865219e+00,1.0409108315e+00,9.6839194694e-01,1.0360835590e+00,1.0360835590e+00,1.0409108315e+00,9.6839194694e-01,9.2187751375e-01,9.2187751375e-01,1.0409108315e+00,9.6839194694e-01,9.2559441498e-01,9.2559441498e-01,1.0409108315e+00,9.6839194694e-01,3.5278749737e-01,3.5278749737e-01,1.0409108315e+00,9.6839194694e-01,8.2413465266e-01,8.2413465266e-01,1.0409108315e+00,9.6839194694e-01,1.0081088318e+00,1.0081088318e+00,1.0409108315e+00,9.6839194694e-01
2451545.052685,1.0002582745e+00,1.0002582745e+00,1.0463510799e+00,9.7787245725e-01,1.0372376371e+00,1.0372376371e+00,1.0463510799e+00,9.7787245725e-01,9.3881793917e-01,9.3881793917e-01,1.0463510799e+00,9.7787245725e-01,9.1737932351e-01,9.1737932351e-01,1.0463510799e+00,9.7787245725e-01,3.3052292648e-01,3.3052292648e-01,1.0463510799e+00,9.7787245725e-01,8.2180172708e-01,8.2180172708e-01,1.0463510799e+00,9.7787245725e-01,1.0044637979e+00,1.0044637979e+00,1.0463510799e+00,9.7787245725e-01
2451545.053352,1.0002297555e+00,1.0002297555e+00,1.0555347482e+00,9.9070190055e-01,1.0406656044e+00,1.0406656044e+00,1.0555347482e+00,9.9070190055e-01,9.5376407381e-01,9.5376407381e-01,1.0555347482e+00,9.9070190055e-01,9.0827734216e-01,9.0827734216e-01,1.0555347482e+00,9.9070190055e-01,3.2220417092e-01,3.2220417092e-01,1.0555347482e+00,9.9070190055e-01,8.1854039233e-01,8.1854039233e-01,1.0555347482e+00,9.9070190055e-01,1.0004208734e+00,1.0004208734e+00,1.0555347482e+00,9.9070190055e-01
2451545.054019,1.0002009681e+00,1.0002009681e+00,1.0643095749e+00,1.0027264829e+00,1.0435053818e+00,1.0435053818e+00,1.0643095749e+00,1.0027264829e+00,9.6685710538e-01,9.6685710538e-01,1.0643095749e+00,1.0027264829e+00,8.9823821919e-01,8.9823821919e-01,1.0643095749e+00,1.0027264829e+00,3.1437990410e-01,3.1437990410e-01,1.0643095749e+00,1.0027264829e+00,8.1421674326e-01,8.1421674326e-01,1.0643095749e+00,1.0027264829e+00,9.9595760959e-01,9.9595760959e-01,1.0643095749e+00,1.0027264829e+00
2451545.054685,1.0001719778e+00,1.0001719778e+00,1.0726707361e+00,1.0139635782e+00,1.0457253573e+00,1.0457253573e+00,1.0726707361e+00,1.0139635782e+00,9.7887396391e-01,9.7887396391e-01,1.0726707361e+00,1.0139635782e+00,8.8721998903e-01,8.8721998903e-01,1.0726707361e+00,1.0139635782e+00,3.0580835506e-01,3.0580835506e-01,1.0726707361e+00,1.0139635782e+00,8.0930239554e-01,8.0930239554e-01,1.0726707361e+00,1.0139635782e+00,9.9105543348e-01,9.9105543348e-01,1.0726707361e+00,1.0139635782e+00
2451545.055352,1.0001426986e+00,1.0001426986e+00,1.0806500130e+00,1.0244772607e+00,1.0474449341e+00,1.0474449341e+00,1.0806500130e+00,1.0244772607e+00,9.9286523564e-01,9.9286523564e-01,1.0806500130e+00,1.0244772607e+00,8.7512107902e-01,8.7512107902e-01,1.0806500130e+00,1.0244772607e+00,2.9643304603e-01,2.9643304603e-01,1.0806500130e+00,1.0244772607e+00,8.0656792289e-01,8.0656792289e-01,1.0806500130e+00,1.0244772607e+00,9.8566829182e-01,9.8566829182e-01,1.0806500130e+00,1.0244772607e+00
2451545.056019,1.0001131923e+00,1.0001131923e+00,1.0882408792e+00,1.0342776165e+00,1.0487363631e+00,1.0487363631e+00,1.0882408792e+00,1.0342776165e+00,1.0051240897e+00,1.0051240897e+00,1.0882408792e+00,1.0342776165e+00,8.6187546690e-01,8.6187546690e-01,1.0882408792e+00,1.0342776165e+00,2.8623030075e-01,2.8623030075e-01,1.0882408792e+00,1.0342776165e+00,8.0182992575e-01,8.0182992575e-01,1.0882408792e+00,1.0342776165e+00,9.7976492210e-01,9.7976492210e-01,1.0882408792e+00,1.0342776165e+00
2451545.056686,1.0000834693e+00,1.0000834693e+00,1.0954490097e+00,1.0433895407e+00,1.0496525787e+00,1.0496525787e+00,1.0954490097e+00,1.0433895407e+00,1.0212741251e+00,1.0212741251e+00,1.0954490097e+00,1.0433895407e+00,8.4738719323e-01,8.4738719323e-01,1.0954490097e+00,1.0433895407e+00,2.7515917899e-01,2.7515917899e-01,1.0954490097e+00,1.0433895407e+00,8.0176653835e-01,8.0176653835e-01,1.0954490097e+00,1.0433895407e+00,9.7329728656e-01,9.7329728656e-01,1.0954490097e+00,1.0433895407e+00
2451545.057353,1.0000535399e+00,1.0000535399e+00,1.1022797393e+00,1.0518353630e+00,1.0507315385e+00,1.0507315385e+00,1.1022797393e+00,1.0518353630e+00,1.0347869147e+00,1.0347869147e+00,1.1022797393e+00,1.0518353630e+00,8.3154185508e-01,8.3154185508e-01,1.1022797393e+00,1.0518353630e+00,2.6637405028e-01,2.6637405028e-01,1.1022797393e+00,1.0518353630e+00,8.0201643852e-01,8.0201643852e-01,1.1022797393e+00,1.0518353630e+00,9.6620321042e-01,9.6620321042e-01,1.1022797393e+00,1.0518353630e+00
2451545.058020,1.0000234180e+00,1.0000234180e+00,1.1087378351e+00,1.0596352560e+00,1.0516814310e+00,1.0516814310e+00,1.1087378351e+00,1.0596352560e+00,1.0456454206e+00,1.0456454206e+00,1.1087378351e+00,1.0596352560e+00,8.1420232935e-01,8.1420232935e-01,1.1087378351e+00,1.0596352560e+00,2.5826566823e-01,2.5826566823e-01,1.1087378351e+00,1.0596352560e+00,8.0186838488e-01,8.0186838488e-01,1.1087378351e+00,1.0596352560e+00,9.5839920251e-01,9.5839920251e-01,1.1087378351e+00,1.0596352560e+00
2451545.058687,9.9999311709e-01,9.9999311709e-01,1.1148278374e+00,1.0668071766e+00,1.0523078763e+00,1.0523078763e+00,1.1148278374e+00,1.0668071766e+00,1.0542639485e+00,1.0542639485e+00,1.1148278374e+00,1.0668071766e+00,8.0428429170e-01,8.0428429170e-01,1.1148278374e+00,1.0668071766e+00,2.4950347591e-01,2.4950347591e-01,1.1148278374e+00,1.0668071766e+00,8.0132097382e-01,8.0132097382e-01,1.1148278374e+00,1.0668071766e+00,9.5118188583e-01,9.5118188583e-01,1.1148278374e+00,1.0668071766e+00
2451545.059354,9.9996264081e-01,9.9996264081e-01,1.1205536619e+00,1.0733672164e+00,1.0526281375e+00,1.0526281375e+00,1.1205536619e+00,1.0733672164e+00,1.0612753445e+00,1.0612753445e+00,1.1205536619e+00,1.0733672164e+00,7.9433738603e-01,7.9433738603e-01,1.1205536619e+00,1.0733672164e+00,2.4006157737e-01,2.4006157737e-01,1.1205536619e+00,1.0733672164e+00,8.0075335066e-01,8.0075335066e-01,1.1205536619e+00,1.0733672164e+00,9.4342771346e-01,9.4342771346e-01,1.1205536619e+00,1.0733672164e+00
2451545.060021,9.9993201318e-01,9.9993201318e-01,1.1259189977e+00,1.0793297758e+00,1.0531130429e+00,1.0531130429e+00,1.1259189977e+00,1.0793297758e+00,1.0674948738e+00,1.0674948738e+00,1.1259189977e+00,1.0793297758e+00,7.9705285145e-01,7.9705285145e-01,1.1259189977e+00,1.0793297758e+00,2.3276953333e-01,2.3276953333e-01,1.1259189977e+00,1.0793297758e+00,8.0089174740e-01,8.0089174740e-01,1.1259189977e+00,1.0793297758e+00,9.3742113549e-01,9.3742113549e-01,1.1259189977e+00,1.0793297758e+00
2451545.060688,9.9990123763e-01,9.9990123763e-01,1.1309271362e+00,1.0847073899e+00,1.0535090950e+00,1.0535090950e+00,1.1309271362e+00,1.0847073899e+00,1.0719243973e+00,1.0719243973e+00,1.1309271362e+00,1.0847073899e+00,7.9825488394e-01,7.9825488394e-01,1.1309271362e+00,1.0847073899e+00,2.2614437085e-01,2.2614437085e-01,1.1309271362e+00,1.0847073899e+00,8.0068098011e-01,8.0068098011e-01,1.1309271362e+00,1.0847073899e+00,9.3183186161e-01,9.3183186161e-01,1.1309271362e+00,1.0847073899e+00
2451545.061354,9.9987037609e-01,9.9987037609e-01,1.1355742184e+00,1.0895043147e+00,1.0536224213e+00,1.0536224213e+00,1.1355742184e+00,1.0895043147e+00,1.0746170732e+00,1.0746170732e+00,1.1355742184e+00,1.0895043147e+00,7.9487759231e-01,7.9487759231e-01,1.1355742184e+00,1.0895043147e+00,2.1895862339e-01,2.1895862339e-01,1.1355742184e+00,1.0895043147e+00,8.0012015046e-01,8.0012015046e-01,1.1355742184e+00,1.0895043147e+00,9.2612444866e-01,9.2612444866e-01,1.1355742184e+00,1.0895043147e+00
2451545.062021,9.9983934945e-01,9.9983934945e-01,1.1398767024e+00,1.0937444542e+00,1.0534562196e+00,1.0534562196e+00,1.1398767024e+00,1.0937444542e+00,1.0756026612e+00,1.0756026612e+00,1.1398767024e+00,1.0937444542e+00,7.8539471341e-01,7.8539471341e-01,1.1398767024e+00,1.0937444542e+00,2.1116148563e-01,2.1116148563e-01,1.1398767024e+00,1.0937444542e+00,7.9920459844e-01,7.9920459844e-01,1.1398767024e+00,1.0937444542e+00,9.1999728012e-01,9.1999728012e-01,1.1398767024e+00,1.0937444542e+00
2451545.062688,9.9980821273e-01,9.9980821273e-01,1.1438297074e+00,1.0974282746e+00,1.0530102539e+00,1.0530102539e+00,1.1438297074e+00,1.0974282746e+00,1.0748676445e+00,1.0748676445e+00,1.1438297074e+00,1.0974282746e+00,7.6971697019e-01,7.6971697019e-01,1.1438297074e+00,1.0974282746e+00,2.0273100769e-01,2.0273100769e-01,1.1438297074e+00,1.0974282746e+00,7.9793095537e-01,7.9793095537e-01,1.1438297074e+00,1.0974282746e+00,9.1344307151e-01,9.1344307151e-01,1.1438297074e+00,1.0974282746e+00
2451545.063355,9.9977698313e-01,9.9977698313e-01,1.1474348793e+00,1.1005624808e+00,1.0534242301e+00,1.0534242301e+00,1.1474348793e+00,1.1005624808e+00,1.0723741421e+00,1.0723741421e+00,1.1474348793e+00,1.1005624808e+00,7.4737605914e-01,7.4737605914e-01,1.1474348793e+00,1.1005624808e+00,2.0057498750e-01,2.0057498750e-01,1.1474348793e+00,1.1005624808e+00,7.9629444894e-01,7.9629444894e-01,1.1474348793e+00,1.1005624808e+00,9.0644528105e-01,9.0644528105e-01,1.1474348793e+00,1.1005624808e+00
2451545.064022,9.9974567099e-01,9.9974567099e-01,1.1506938639e+00,1.1031524366e+00,1.0546890739e+00,1.0546890739e+00,1.1506938639e+00,1.1031524366e+00,1.0680521848e+00,1.0680521848e+00,1.1506938639e+00,1.1031524366e+00,7.1748241741e-01,7.1748241741e-01,1.1506938639e+00,1.1031524366e+00,2.0430794581e-01,2.0430794581e-01,1.1506938639e+00,1.1031524366e+00,7.9428907168e-01,7.9428907168e-01,1.1506938639e+00,1.1031524366e+00,8.9898632795e-01,8.9898632795e-01,1.1506938639e+00,1.1031524366e+00
2451545.064689,9.9971428660e-01,9.9971428660e-01,1.1536077395e+00,1.1052022814e+00,1.0556116260e+00,1.0556116260e+00,1.1536077395e+00,1.1052022814e+00,1.0617940362e+00,1.0617940362e+00,1.1536077395e+00,1.1052022814e+00,6.7860173183e-01,6.7860173183e-01,1.1536077395e+00,1.1052022814e+00,2.0661366908e-01,2.0661366908e-01,1.1536077395e+00,1.1052022814e+00,7.9190774934e-01,7.9190774934e-01,1.1536077395e+00,1.1052022814e+00,8.9104754577e-01,8.9104754577e-01,1.1536077395e+00,1.1052022814e+00
2451545.065356,9.9968770069e-01,9.9968770069e-01,1.1562015905e+00,1.1067148137e+00,1.0561750007e+00,1.0561750007e+00,1.1562015905e+00,1.1067148137e+00,1.0642477834e+00,1.0642477834e+00,1.1562015905e+00,1.1067148137e+00,6.2850956071e-01,6.2850956071e-01,1.1562015905e+00,1.1067148137e+00,2.0754863505e-01,2.0754863505e-01,1.1562015905e+00,1.1067148137e+00,7.9926826656e-01,7.9926826656e-01,1.1562015905e+00,1.1067148137e+00,8.8262313263e-01,8.8262313263e-01,1.1562015905e+00,1.1067148137e+00
2451545.066023,9.9966642233e-01,9.9966642233e-01,1.1584784814e+00,1.1076917243e+00,1.0563574509e+00,1.0563574509e+00,1.1584784814e+00,1.1076917243e+00,1.0651870282e+00,1.0651870282e+00,1.1584784814e+00,1.1076917243e+00,5.6653899921e-01,5.6653899921e-01,1.1584784814e+00,1.1076917243e+00,2.0708250852e-01,2.0708250852e-01,1.1584784814e+00,1.1076917243e+00,8.0585533405e-01,8.0585533405e-01,1.1584784814e+00,1.1076917243e+00,8.7411160943e-01,8.7411160943e-01,1.1584784814e+00,1.1076917243e+00
2451545.066690,9.9964495134e-01,9.9964495134e-01,1.1604108876e+00,1.1081333047e+00,1.0561312231e+00,1.0561312231e+00,1.1604108876e+00,1.1081333047e+00,1.0642158088e+00,1.0642158088e+00,1.1604108876e+00,1.1081333047e+00,5.9397912612e-01,5.9397912612e-01,1.1604108876e+00,1.1081333047e+00,2.0506928582e-01,2.0506928582e-01,1.1604108876e+00,1.1081333047e+00,8.1152887073e-01,8.1152887073e-01,1.1604108876e+00,1.1081333047e+00,8.8022375377e-01,8.8022375377e-01,1.1604108876e+00,1.1081333047e+00
2451545.067356,9.9962332900e-01,9.9962332900e-01,1.1619964255e+00,1.1080393216e+00,1.0554622746e+00,1.0554622746e+00,1.1619964255e+00,1.1080393216e+00,1.0609604834e+00,1.0609604834e+00,1.1619964255e+00,1.1080393216e+00,6.3921692500e-01,6.3921692500e-01,1.1619964255e+00,1.1080393216e+00,2.0145890152e-01,2.0145890152e-01,1.1619964255e+00,1.1080393216e+00,8.1630667448e-01,8.1630667448e-01,1.1619964255e+00,1.1080393216e+00,8.8747477276e-01,8.8747477276e-01,1.1619964255e+00,1.1080393216e+00
2451545.068023,9.9960150371e-01,9.9960150371e-01,1.1632391244e+00,1.1074073848e+00,1.0543033585e+00,1.0543033585e+00,1.1632391244e+00,1.1074073848e+00,1.0548260301e+00,1.0548260301e+00,1.1632391244e+00,1.1074073848e+00,6.8930294830e-01,6.8930294830e-01,1.1632391244e+00,1.1074073848e+00,1.9617268134e-01,1.9617268134e-01,1.1632391244e+00,1.1074073848e+00,8.2022158996e-01,8.2022158996e-01,1.1632391244e+00,1.1074073848e+00,8.9422311701e-01,8.9422311701e-01,1.1632391244e+00,1.1074073848e+00
2451545.068690,9.9957950988e-01,9.9957950988e-01,1.1641353523e+00,1.1062339960e+00,1.0541181708e+00,1.0541181708e+00,1.1641353523e+00,1.1062339960e+00,1.0448804171e+00,1.0448804171e+00,1.1641353523e+00,1.1062339960e+00,7.4191866594e-01,7.4191866594e-01,1.1641353523e+00,1.1062339960e+00,1.9875068169e-01,1.9875068169e-01,1.1641353523e+00,1.1062339960e+00,8.2327867020e-01,8.2327867020e-01,1.1641353523e+00,1.1062339960e+00,9.0068633985e-01,9.0068633985e-01,1.1641353523e+00,1.1062339960e+00
2451545.069357,9.9955735781e-01,9.9955735781e-01,1.1646836335e+00,1.1045144911e+00,1.0544845697e+00,1.0544845697e+00,1.1646836335e+00,1.1045144911e+00,1.0295517807e+00,1.0295517807e+00,1.1646836335e+00,1.1045144911e+00,7.8991656876e-01,7.8991656876e-01,1.1646836335e+00,1.1045144911e+00,2.0848384765e-01,2.0848384765e-01,1.1646836335e+00,1.1045144911e+00,8.2548532630e-01,8.2548532630e-01,1.1646836335e+00,1.1045144911e+00,9.0607739225e-01,9.0607739225e-01,1.1646836335e+00,1.1045144911e+00
2451545.070024,9.9953506128e-01,9.9953506128e-01,1.1648820386e+00,1.1022430982e+00,1.0540052221e+00,1.0540052221e+00,1.1648820386e+00,1.1022430982e+00,1.0170043040e+00,1.0170043040e+00,1.1648820386e+00,1.1022430982e+00,8.3355165767e-01,8.3355165767e-01,1.1648820386e+00,1.1022430982e+00,2.1759452506e-01,2.1759452506e-01,1.1648820386e+00,1.1022430982e+00,8.3617140782e-01,8.3617140782e-01,1.1648820386e+00,1.1022430982e+00,9.1060594770e-01,9.1060594770e-01,1.1648820386e+00,1.1022430982e+00
2451545.070691,9.9951262372e-01,9.9951262372e-01,1.1647282974e+00,1.0994125295e+00,1.0525518748e+00,1.0525518748e+00,1.1647282974e+00,1.0994125295e+00,1.0185253376e+00,1.0185253376e+00,1.1647282974e+00,1.0994125295e+00,8.7304632337e-01,8.7304632337e-01,1.1647282974e+00,1.0994125295e+00,2.2609553855e-01,2.2609553855e-01,1.1647282974e+00,1.0994125295e+00,8.5679067011e-01,8.5679067011e-01,1.1647282974e+00,1.0994125295e+00,9.1442357911e-01,9.1442357911e-01,1.1647282974e+00,1.0994125295e+00
2451545.071358,9.9949005888e-01,9.9949005888e-01,1.1642196858e+00,1.0960141563e+00,1.0499447207e+00,1.0499447207e+00,1.1642196858e+00,1.0960141563e+00,1.0227027563e+00,1.0227027563e+00,1.1642196858e+00,1.0960141563e+00,9.0859569232e-01,9.0859569232e-01,1.1642196858e+00,1.0960141563e+00,2.3399773975e-01,2.3399773975e-01,1.1642196858e+00,1.0960141563e+00,8.7450101809e-01,8.7450101809e-01,1.1642196858e+00,1.0960141563e+00,9.1764247190e-01,9.1764247190e-01,1.1642196858e+00,1.0960141563e+00
2451545.072025,9.9946737366e-01,9.9946737366e-01,1.1633529690e+00,1.0920380089e+00,1.0459263923e+00,1.0459263923e+00,1.1633529690e+00,1.0920380089e+00,1.0263902207e+00,1.0263902207e+00,1.1633529690e+00,1.0920380089e+00,9.4036869594e-01,9.4036869594e-01,1.1633529690e+00,1.0920380089e+00,2.4131173367e-01,2.4131173367e-01,1.1633529690e+00,1.0920380089e+00,8.8802555229e-01,8.8802555229e-01,1.1633529690e+00,1.0920380089e+00,9.2034741304e-01,9.2034741304e-01,1.1633529690e+00,1.0920380089e+00
2451545.072692,9.9944457836e-01,9.9944457836e-01,1.1621244581e+00,1.0874723104e+00,1.0401179826e+00,1.0401179826e+00,1.1621244581e+00,1.0874723104e+00,1.0294141142e+00,1.0294141142e+00,1.1621244581e+00,1.0874723104e+00,9.6851154542e-01,9.6851154542e-01,1.1621244581e+00,1.0874723104e+00,2.4804639889e-01,2.4804639889e-01,1.1621244581e+00,1.0874723104e+00,8.9832069810e-01,8.9832069810e-01,1.1621244581e+00,1.0874723104e+00,9.2260350742e-01,9.2260350742e-01,1.1621244581e+00,1.0874723104e+00
2451545.073359,9.9942167987e-01,9.9942167987e-01,1.1605299534e+00,1.0823038843e+00,1.0332615287e+00,1.0332615287e+00,1.1605299534e+00,1.0823038843e+00,1.0318003911e+00,1.0318003911e+00,1.1605299534e+00,1.0823038843e+00,9.9315093931e-01,9.9315093931e-01,1.1605299534e+00,1.0823038843e+00,2.6170513947e-01,2.6170513947e-01,1.1605299534e+00,1.0823038843e+00,9.0610813980e-01,9.0610813980e-01,1.1605299534e+00,1.0823038843e+00,9.2446158286e-01,9.2446158286e-01,1.1605299534e+00,1.0823038843e+00
2451545.074025,9.9939872634e-01,9.9939872634e-01,1.1585678659e+00,1.0765268423e+00,1.0331418777e+00,1.0331418777e+00,1.1585678659e+00,1.0765268423e+00,1.0335690428e+00,1.0335690428e+00,1.1585678659e+00,1.0765268423e+00,1.0143638590e+00,1.0143638590e+00,1.1585678659e+00,1.0765268423e+00,3.1814295101e-01,3.1814295101e-01,1.1585678659e+00,1.0765268423e+00,9.1185314871e-01,9.1185314871e-01,1.1585678659e+00,1.0765268423e+00,9.2595975439e-01,9.2595975439e-01,1.1585678659e+00,1.0765268423e+00
2451545.074692,9.9937565586e-01,9.9937565586e-01,1.1562269586e+00,1.0701069026e+00,1.0344893680e+00,1.0344893680e+00,1.1562269586e+00,1.0701069026e+00,1.0347443767e+00,1.0347443767e+00,1.1562269586e+00,1.0701069026e+00,1.0323045346e+00,1.0323045346e+00,1.1562269586e+00,1.0701069026e+00,3.7388625867e-01,3.7388625867e-01,1.1562269586e+00,1.0701069026e+00,9.1589298621e-01,9.1589298621e-01,1.1562269586e+00,1.0701069026e+00,9.2713453772e-01,9.2713453772e-01,1.1562269586e+00,1.0701069026e+00
2451545.075359,9.9935251315e-01,9.9935251315e-01,1.1535039401e+00,1.0630334543e+00,1.0365255245e+00,1.0365255245e+00,1.1535039401e+00,1.0630334543e+00,1.0353392279e+00,1.0353392279e+00,1.1535039401e+00,1.0630334543e+00,1.0470114569e+00,1.0470114569e+00,1.1535039401e+00,1.0630334543e+00,4.2493377311e-01,4.2493377311e-01,1.1535039401e+00,1.0630334543e+00,9.1844032849e-01,9.1844032849e-01,1.1535039401e+00,1.0630334543e+00,9.2800923381e-01,9.2800923381e-01,1.1535039401e+00,1.0630334543e+00
2451545.076026,9.9932930508e-01,9.9932930508e-01,1.1503922270e+00,1.0552852170e+00,1.0388698002e+00,1.0388698002e+00,1.1503922270e+00,1.0552852170e+00,1.0353672269e+00,1.0353672269e+00,1.1503922270e+00,1.0552852170e+00,1.0585434310e+00,1.0585434310e+00,1.1503922270e+00,1.0552852170e+00,4.7117919773e-01,4.7117919773e-01,1.1503922270e+00,1.0552852170e+00,9.1965254923e-01,9.1965254923e-01,1.1503922270e+00,1.0552852170e+00,9.2860483217e-01,9.2860483217e-01,1.1503922270e+00,1.0552852170e+00
2451545.076693,9.9930604541e-01,9.9930604541e-01,1.1468843848e+00,1.0468388117e+00,1.0409727678e+00,1.0409727678e+00,1.1468843848e+00,1.0468388117e+00,1.0348399027e+00,1.0348399027e+00,1.1468843848e+00,1.0468388117e+00,1.0669442935e+00,1.0669442935e+00,1.1468843848e+00,1.0468388117e+00,5.1098615711e-01,5.1098615711e-01,1.1468843848e+00,1.0468388117e+00,9.1964109571e-01,9.1964109571e-01,1.1468843848e+00,1.0468388117e+00,9.2893842329e-01,9.2893842329e-01,1.1468843848e+00,1.0468388117e+00
2451545.077360,9.9928274103e-01,9.9928274103e-01,1.1429723547e+00,1.0376680023e+00,1.0428382505e+00,1.0428382505e+00,1.1429723547e+00,1.0376680023e+00,1.0337667397e+00,1.0337667397e+00,1.1429723547e+00,1.0376680023e+00,1.0892322799e+00,1.0892322799e+00,1.1429723547e+00,1.0376680023e+00,5.4561738557e-01,5.4561738557e-01,1.1429723547e+00,1.0376680023e+00,9.1848412138e-01,9.1848412138e-01,1.1429723547e+00,1.0376680023e+00,9.3150034844e-01,9.3150034844e-01,1.1429723547e+00,1.0376680023e+00
2451545.078027,9.9925940225e-01,9.9925940225e-01,1.1386471699e+00,1.0277436379e+00,1.0444698000e+00,1.0444698000e+00,1.1386471699e+00,1.0277436379e+00,1.0321554050e+00,1.0321554050e+00,1.1386471699e+00,1.0277436379e+00,1.1215933358e+00,1.1215933358e+00,1.1386471699e+00,1.0277436379e+00,5.7599009188e-01,5.7599009188e-01,1.1386471699e+00,1.0277436379e+00,9.1623451456e-01,9.1623451456e-01,1.1386471699e+00,1.0277436379e+00,9.3556796306e-01,9.3556796306e-01,1.1386471699e+00,1.0277436379e+00
2451545.078694,9.9923603939e-01,9.9923603939e-01,1.1357233060e+00,1.0189932452e+00,1.0458708029e+00,1.0458708029e+00,1.1357233060e+00,1.0189932452e+00,1.0300121458e+00,1.0300121458e+00,1.1357233060e+00,1.0189932452e+00,1.1523615718e+00,1.1523615718e+00,1.1357233060e+00,1.0189932452e+00,6.0278595526e-01,6.0278595526e-01,1.1357233060e+00,1.0189932452e+00,9.1292540066e-01,9.1292540066e-01,1.1357233060e+00,1.0189932452e+00,9.3936335584e-01,9.3936335584e-01,1.1357233060e+00,1.0189932452e+00
2451545.079361,9.9921266277e-01,9.9921266277e-01,1.1329975066e+00,1.0104011428e+00,1.0470444453e+00,1.0470444453e+00,1.1329975066e+00,1.0104011428e+00,1.0273416760e+00,1.0273416760e+00,1.1329975066e+00,1.0104011428e+00,1.1816131673e+00,1.1816131673e+00,1.1329975066e+00,1.0104011428e+00,6.2652338735e-01,6.2652338735e-01,1.1329975066e+00,1.0104011428e+00,9.0857317392e-01,9.0857317392e-01,1.1329975066e+00,1.0104011428e+00,9.4289167494e-01,9.4289167494e-01,1.1329975066e+00,1.0104011428e+00
2451545.080028,9.9918927928e-01,9.9918927928e-01,1.1296822807e+00,1.0011500514e+00,1.0479937596e+00,1.0479937596e+00,1.1296822807e+00,1.0011500514e+00,1.0241473464e+00,1.0241473464e+00,1.1296822807e+00,1.0011500514e+00,1.2094186885e+00,1.2094186885e+00,1.1296822807e+00,1.0011500514e+00,6.4760266506e-01,6.4760266506e-01,1.1296822807e+00,1.0011500514e+00,9.0318024857e-01,9.0318024857e-01,1.1296822807e+00,1.0011500514e+00,9.4615688945e-01,9.4615688945e-01,1.1296822807e+00,1.0011500514e+00
2451545.080694,9.9916593706e-01,9.9916593706e-01,1.1257833036e+00,9.9123180866e-01,1.0487207282e+00,1.0487207282e+00,1.1257833036e+00,9.9123180866e-01,1.0204372783e+00,1.0204372783e+00,1.1257833036e+00,9.9123180866e-01,1.2358040633e+00,1.2358040633e+00,1.1257833036e+00,9.9123180866e-01,6.6631234291e-01,6.6631234291e-01,1.1257833036e+00,9.9123180866e-01,8.9674628774e-01,8.9674628774e-01,1.1257833036e+00,9.9123180866e-01,9.4915771526e-01,9.4915771526e-01,1.1257833036e+00,9.9123180866e-01
2451545.081361,9.9914257420e-01,9.9914257420e-01,1.1212854224e+00,9.8059114415e-01,1.0492303308e+00,1.0492303308e+00,1.1212854224e+00,9.8059114415e-01,1.0162011355e+00,1.0162011355e+00,1.1212854224e+00,9.8059114415e-01,1.2609088205e+00,1.2609088205e+00,1.1212854224e+00,9.8059114415e-01,6.8295823936e-01,6.8295823936e-01,1.1212854224e+00,9.8059114415e-01,8.8922867759e-01,8.8922867759e-01,1.1212854224e+00,9.8059114415e-01,9.5190540593e-01,9.5190540593e-01,1.1212854224e+00,9.8059114415e-01
2451545.082028,9.9911923886e-01,9.9911923886e-01,1.1197923903e+00,9.7297222103e-01,1.0495240423e+00,1.0495240423e+00,1.1197923903e+00,9.7297222103e-01,1.0114439157e+00,1.0114439157e+00,1.1197923903e+00,9.7297222103e-01,1.2847473940e+00,1.2847473940e+00,1.1197923903e+00,9.7297222103e-01,6.9771176073e-01,6.9771176073e-01,1.1197923903e+00,9.7297222103e-01,8.8060046865e-01,8.8060046865e-01,1.1197923903e+00,9.7297222103e-01,9.5439676283e-01,9.5439676283e-01,1.1197923903e+00,9.7297222103e-01
2451545.082695,9.9909593447e-01,9.9909593447e-01,1.1245034888e+00,9.7234704723e-01,1.0496045176e+00,1.0496045176e+00,1.1245034888e+00,9.7234704723e-01,1.0061641991e+00,1.0061641991e+00,1.1245034888e+00,9.7234704723e-01,1.3073716394e+00,1.3073716394e+00,1.1245034888e+00,9.7234704723e-01,7.1073666788e-01,7.1073666788e-01,1.1245034888e+00,9.7234704723e-01,8.7081236585e-01,8.7081236585e-01,1.1245034888e+00,9.7234704723e-01,9.5663268484e-01,9.5663268484e-01,1.1245034888e+00,9.7234704723e-01
2451545.083362,9.9907267137e-01,9.9907267137e-01,1.1281555379e+00,9.7145030208e-01,1.0494743765e+00,1.0494743765e+00,1.1281555379e+00,9.7145030208e-01,1.0009326431e+00,1.0009326431e+00,1.1281555379e+00,9.7145030208e-01,1.3288294027e+00,1.3288294027e+00,1.1281555379e+00,9.7145030208e-01,7.2216638645e-01,7.2216638645e-01,1.1281555379e+00,9.7145030208e-01,8.6037079460e-01,8.6037079460e-01,1.1281555379e+00,9.7145030208e-01,9.5861352219e-01,9.5861352219e-01,1.1281555379e+00,9.7145030208e-01
2451545.084029,9.9904946674e-01,9.9904946674e-01,1.1307608528e+00,9.7027959519e-01,1.0491362501e+00,1.0491362501e+00,1.1307608528e+00,9.7027959519e-01,1.0017567114e+00,1.0017567114e+00,1.1307608528e+00,9.7027959519e-01,1.3491645206e+00,1.3491645206e+00,1.1307608528e+00,9.7027959519e-01,7.3211091243e-01,7.3211091243e-01,1.1307608528e+00,9.7027959519e-01,8.5588876126e-01,8.5588876126e-01,1.1307608528e+00,9.7027959519e-01,9.6033906474e-01,9.6033906474e-01,1.1307608528e+00,9.7027959519e-01
2451545.084696,9.9902632402e-01,9.9902632402e-01,1.1323266977e+00,9.6883212806e-01,1.0485927582e+00,1.0485927582e+00,1.1323266977e+00,9.6883212806e-01,1.0029868506e+00,1.0029868506e+00,1.1323266977e+00,9.6883212806e-01,1.3688180324e+00,1.3688180324e+00,1.1323266977e+00,9.6883212806e-01,7.4066051160e-01,7.4066051160e-01,1.1323266977e+00,9.6883212806e-01,8.5223963490e-01,8.5223963490e-01,1.1323266977e+00,9.6883212806e-01,9.6186846374e-01,9.6186846374e-01,1.1323266977e+00,9.6883212806e-01
2451545.085363,9.9900325355e-01,9.9900325355e-01,1.1328558535e+00,9.6710457747e-01,1.0478465321e+00,1.0478465321e+00,1.1328558535e+00,9.6710457747e-01,1.0041514505e+00,1.0041514505e+00,1.1328558535e+00,9.6710457747e-01,1.3916523728e+00,1.3916523728e+00,1.1328558535e+00,9.6710457747e-01,7.4788991218e-01,7.4788991218e-01,1.1328558535e+00,9.6710457747e-01,8.4879347172e-01,8.4879347172e-01,1.1328558535e+00,9.6710457747e-01,9.6382103877e-01,9.6382103877e-01,1.1328558535e+00,9.6710457747e-01
2451545.086030,9.9898026562e-01,9.9898026562e-01,1.1323465042e+00,9.6509332869e-01,1.0469002858e+00,1.0469002858e+00,1.1323465042e+00,9.6509332869e-01,1.0043870852e+00,1.0043870852e+00,1.1323465042e+00,9.6509332869e-01,1.4131729508e+00,1.4131729508e+00,1.1323465042e+00,9.6509332869e-01,7.5386027786e-01,7.5386027786e-01,1.1323465042e+00,9.6509332869e-01,8.4462775776e-01,8.4462775776e-01,1.1323465042e+00,9.6509332869e-01,9.6555622389e-01,9.6555622389e-01,1.1323465042e+00,9.6509332869e-01
2451545.086696,9.9895740497e-01,9.9895740497e-01,1.1307949608e+00,9.6279779870e-01,1.0457586212e+00,1.0457586212e+00,1.1307949608e+00,9.6279779870e-01,1.0080637589e+00,1.0080637589e+00,1.1307949608e+00,9.6279779870e-01,1.4334113074e+00,1.4334113074e+00,1.1307949608e+00,9.6279779870e-01,7.5861476851e-01,7.5861476851e-01,1.1307949608e+00,9.6279779870e-01,8.4414845025e-01,8.4414845025e-01,1.1307949608e+00,9.6279779870e-01,9.6707296847e-01,9.6707296847e-01,1.1307949608e+00,9.6279779870e-01
2451545.087363,9.9893461311e-01,9.9893461311e-01,1.1281849355e+00,9.6020661857e-01,1.0444209602e+00,1.0444209602e+00,1.1281849355e+00,9.6020661857e-01,1.0138468331e+00,1.0138468331e+00,1.1281849355e+00,9.6020661857e-01,1.4524831819e+00,1.4524831819e+00,1.1281849355e+00,9.6020661857e-01,7.6220739561e-01,7.6220739561e-01,1.1281849355e+00,9.6020661857e-01,8.4646599218e-01,8.4646599218e-01,1.1281849355e+00,9.6020661857e-01,9.6837668916e-01,9.6837668916e-01,1.1281849355e+00,9.6020661857e-01
2451545.088030,9.9891193132e-01,9.9891193132e-01,1.1245012188e+00,9.5731780604e-01,1.0428918339e+00,1.0428918339e+00,1.1245012188e+00,9.5731780604e-01,1.0210086740e+00,1.0210086740e+00,1.1245012188e+00,9.5731780604e-01,1.4752180881e+00,1.4752180881e+00,1.1245012188e+00,9.5731780604e-01,7.6466010904e-01,7.6466010904e-01,1.1245012188e+00,9.5731780604e-01,8.5084208042e-01,8.5084208042e-01,1.1245012188e+00,9.5731780604e-01,9.7019141970e-01,9.7019141970e-01,1.1245012188e+00,9.5731780604e-01
2451545.088697,9.9888936993e-01,9.9888936993e-01,1.1197214503e+00,9.5412570580e-01,1.0411743102e+00,1.0411743102e+00,1.1197214503e+00,9.5412570580e-01,1.0283226638e+00,1.0283226638e+00,1.1197214503e+00,9.5412570580e-01,1.4983956372e+00,1.4983956372e+00,1.1197214503e+00,9.5412570580e-01,7.6599461204e-01,7.6599461204e-01,1.1197214503e+00,9.5412570580e-01,8.5590858035e-01,8.5590858035e-01,1.1197214503e+00,9.5412570580e-01,9.7205374442e-01,9.7205374442e-01,1.1197214503e+00,9.5412570580e-01
2451545.089364,9.9886694268e-01,9.9886694268e-01,1.1138174812e+00,9.5062419612e-01,1.0392716225e+00,1.0392716225e+00,1.1138174812e+00,9.5062419612e-01,1.0347060413e+00,1.0347060413e+00,1.1138174812e+00,9.5062419612e-01,1.5202089049e+00,1.5202089049e+00,1.1138174812e+00,9.5062419612e-01,7.6622274275e-01,7.6622274275e-01,1.1138174812e+00,9.5062419612e-01,8.6054944711e-01,8.6054944711e-01,1.1138174812e+00,9.5062419612e-01,9.7368660850e-01,9.7368660850e-01,1.1138174812e+00,9.5062419612e-01
2451545.090031,9.9884465303e-01,9.9884465303e-01,1.1067545791e+00,9.4680645566e-01,1.0401237881e+00,1.0401237881e+00,1.1067545791e+00,9.4680645566e-01,1.0401619870e+00,1.0401619870e+00,1.1067545791e+00,9.4680645566e-01,1.5407052027e+00,1.5407052027e+00,1.1067545791e+00,9.4680645566e-01,7.8287949083e-01,7.8287949083e-01,1.1067545791e+00,9.4680645566e-01,8.6474227898e-01,8.6474227898e-01,1.1067545791e+00,9.4680645566e-01,9.7508814414e-01,9.7508814414e-01,1.1067545791e+00,9.4680645566e-01
2451545.090698,9.9882251473e-01,9.9882251473e-01,1.0984910313e+00,9.4266502174e-01,1.0411230868e+00,1.0411230868e+00,1.0984910313e+00,9.4266502174e-01,1.0447172504e+00,1.0447172504e+00,1.0984910313e+00,9.4266502174e-01,1.5599283670e+00,1.5599283670e+00,1.0984910313e+00,9.4266502174e-01,7.9934016980e-01,7.9934016980e-01,1.0984910313e+00,9.4266502174e-01,8.6849179210e-01,8.6849179210e-01,1.0984910313e+00,9.4266502174e-01,9.7625602824e-01,9.7625602824e-01,1.0984910313e+00,9.4266502174e-01
2451545.091365,9.9880053465e-01,9.9880053465e-01,1.0889772933e+00,9.3819184867e-01,1.0419747215e+00,1.0419747215e+00,1.0889772933e+00,9.3819184867e-01,1.0483939241e+00,1.0483939241e+00,1.0889772933e+00,9.3819184867e-01,1.5779187598e+00,1.5779187598e+00,1.0889772933e+00,9.3819184867e-01,8.1380710968e-01,8.1380710968e-01,1.0889772933e+00,9.3819184867e-01,8.7180073757e-01,8.7180073757e-01,1.0889772933e+00,9.3819184867e-01,9.7718743575e-01,9.7718743575e-01,1.0889772933e+00,9.3819184867e-01
2451545.092032,9.9877872313e-01,9.9877872313e-01,1.0781547403e+00,9.3337801622e-01,1.0426795771e+00,1.0426795771e+00,1.0781547403e+00,9.3337801622e-01,1.0512094436e+00,1.0512094436e+00,1.0781547403e+00,9.3337801622e-01,1.5947130006e+00,1.5947130006e+00,1.0781547403e+00,9.3337801622e-01,8.2627167848e-01,8.2627167848e-01,1.0781547403e+00,9.3337801622e-01,8.7466956455e-01,8.7466956455e-01,1.0781547403e+00,9.3337801622e-01,9.7787882949e-01,9.7787882949e-01,1.0781547403e+00,9.3337801622e-01
2451545.092699,9.9875708703e-01,9.9875708703e-01,1.0659548159e+00,9.2821402114e-01,1.0432385033e+00,1.0432385033e+00,1.0659548159e+00,9.2821402114e-01,1.0531770984e+00,1.0531770984e+00,1.0659548159e+00,9.2821402114e-01,1.6103450361e+00,1.6103450361e+00,1.0659548159e+00,9.2821402114e-01,8.3668307088e-01,8.3668307088e-01,1.0659548159e+00,9.2821402114e-01,8.7709479206e-01,8.7709479206e-01,1.0659548159e+00,9.2821402114e-01,9.7832572672e-01,9.7832572672e-01,1.0659548159e+00,9.2821402114e-01
2451545.093365,9.9873567107e-01,9.9873567107e-01,1.0532703427e+00,9.2364319199e-01,1.0436517833e+00,1.0436517833e+00,1.0532703427e+00,9.2364319199e-01,1.0543051236e+00,1.0543051236e+00,1.0532703427e+00,9.2364319199e-01,1.6248250236e+00,1.6248250236e+00,1.0532703427e+00,9.2364319199e-01,8.4490440845e-01,8.4490440845e-01,1.0532703427e+00,9.2364319199e-01,8.7906479815e-01,8.7906479815e-01,1.0532703427e+00,9.2364319199e-01,9.7852208039e-01,9.7852208039e-01,1.0532703427e+00,9.2364319199e-01
2451545.094032,9.9871442023e-01,9.9871442023e-01,1.0402188542e+00,9.1967415749e-01,1.0439213875e+00,1.0439213875e+00,1.0402188542e+00,9.1967415749e-01,1.0546025492e+00,1.0546025492e+00,1.0402188542e+00,9.1967415749e-01,1.6382248658e+00,1.6382248658e+00,1.0402188542e+00,9.1967415749e-01,8.5068092468e-01,8.5068092468e-01,1.0402188542e+00,9.1967415749e-01,8.8056543434e-01,8.8056543434e-01,1.0402188542e+00,9.1967415749e-01,9.7845995231e-01,9.7845995231e-01,1.0402188542e+00,9.1967415749e-01
2451545.094699,9.9869337233e-01,9.9869337233e-01,1.0256768307e+00,9.1519369665e-01,1.0443326969e+00,1.0443326969e+00,1.0256768307e+00,9.1519369665e-01,1.0542375965e+00,1.0542375965e+00,1.0256768307e+00,9.1519369665e-01,1.6505483049e+00,1.6505483049e+00,1.0256768307e+00,9.1519369665e-01,8.5562087943e-01,8.5562087943e-01,1.0256768307e+00,9.1519369665e-01,8.8171640119e-01,8.8171640119e-01,1.0256768307e+00,9.1519369665e-01,9.7812425991e-01,9.7812425991e-01,1.0256768307e+00,9.1519369665e-01
2451545.095366,9.9867254113e-01,9.9867254113e-01,1.0117027814e+00,9.1233660048e-01,1.0446961222e+00,1.0446961222e+00,1.0117027814e+00,9.1233660048e-01,1.0539218835e+00,1.0539218835e+00,1.0117027814e+00,9.1233660048e-01,1.6618188630e+00,1.6618188630e+00,1.0117027814e+00,9.1233660048e-01,8.5985621857e-01,8.5985621857e-01,1.0117027814e+00,9.1233660048e-01,8.8308565873e-01,8.8308565873e-01,1.0117027814e+00,9.1233660048e-01,9.7747830068e-01,9.7747830068e-01,1.0117027814e+00,9.1233660048e-01
2451545.096033,9.9865609220e-01,9.9865609220e-01,9.9901853518e-01,9.1132733220e-01,1.0451825616e+00,1.0451825616e+00,9.9901853518e-01,9.1132733220e-01,1.0532183870e+00,1.0532183870e+00,9.9901853518e-01,9.1132733220e-01,1.6720581911e+00,1.6720581911e+00,9.9901853518e-01,9.1132733220e-01,8.6054036408e-01,8.6054036408e-01,9.9901853518e-01,9.1132733220e-01,8.8294883403e-01,8.8294883403e-01,9.9901853518e-01,9.1132733220e-01,9.7625651854e-01,9.7625651854e-01,9.9901853518e-01,9.1132733220e-01
2451545.096700,9.9864309678e-01,9.9864309678e-01,9.8499255779e-01,9.0944533926e-01,1.0452790376e+00,1.0452790376e+00,9.8499255779e-01,9.0944533926e-01,1.0525142658e+00,1.0525142658e+00,9.8499255779e-01,9.0944533926e-01,1.6847323232e+00,1.6847323232e+00,9.8499255779e-01,9.0944533926e-01,8.6251585272e-01,8.6251585272e-01,9.8499255779e-01,9.0944533926e-01,8.8372054327e-01,8.8372054327e-01,9.8499255779e-01,9.0944533926e-01,9.7494718274e-01,9.7494718274e-01,9.8499255779e-01,9.0944533926e-01
2451545.097367,9.9863037998e-01,9.9863037998e-01,9.6953677006e-01,9.0670817058e-01,1.0450432519e+00,1.0450432519e+00,9.6953677006e-01,9.0670817058e-01,1.0505405341e+00,1.0505405341e+00,9.6953677006e-01,9.0670817058e-01,1.6935640678e+00,1.6935640678e+00,9.6953677006e-01,9.0670817058e-01,8.6290700441e-01,8.6290700441e-01,9.6953677006e-01,9.0670817058e-01,8.8458859685e-01,8.8458859685e-01,9.6953677006e-01,9.0670817058e-01,9.7347272074e-01,9.7347272074e-01,9.6953677006e-01,9.0670817058e-01
2451545.098034,9.9861795212e-01,9.9861795212e-01,9.5254952914e-01,9.0314042968e-01,1.0446061125e+00,1.0446061125e+00,9.5254952914e-01,9.0314042968e-01,1.0473703415e+00,1.0473703415e+00,9.5254952914e-01,9.0314042968e-01,1.7010451630e+00,1.7010451630e+00,9.5254952914e-01,9.0314042968e-01,8.6171899831e-01,8.6171899831e-01,9.5254952914e-01,9.0314042968e-01,8.8506234604e-01,8.8506234604e-01,9.5254952914e-01,9.0314042968e-01,9.7160957886e-01,9.7160957886e-01,9.5254952914e-01,9.0314042968e-01
2451545.098701,9.9860581321e-01,9.9860581321e-01,9.3619808108e-01,9.0116661087e-01,1.0439947121e+00,1.0439947121e+00,9.3619808108e-01,9.0116661087e-01,1.0433182652e+00,1.0433182652e+00,9.3619808108e-01,9.0116661087e-01,1.7208785653e+00,1.7208785653e+00,9.3619808108e-01,9.0116661087e-01,8.5895282095e-01,8.5895282095e-01,9.3619808108e-01,9.0116661087e-01,8.8531578332e-01,8.8531578332e-01,9.3619808108e-01,9.0116661087e-01,9.7142647498e-01,9.7142647498e-01,9.3619808108e-01,9.0116661087e-01
2451545.099367,9.9859398731e-01,9.9859398731e-01,9.1999237219e-01,9.0073779866e-01,1.0442389230e+00,1.0442389230e+00,9.1999237219e-01,9.0073779866e-01,1.0392067833e+00,1.0392067833e+00,9.1999237219e-01,9.0073779866e-01,1.7461693608e+00,1.7461693608e+00,9.1999237219e-01,9.0073779866e-01,8.6088884915e-01,8.6088884915e-01,9.1999237219e-01,9.0073779866e-01,8.8613487870e-01,8.8613487870e-01,9.1999237219e-01,9.0073779866e-01,9.7237456437e-01,9.7237456437e-01,9.1999237219e-01,9.0073779866e-01
2451545.100034,9.9858244691e-01,9.9858244691e-01,9.0162815707e-01,8.9975290068e-01,1.0456694493e+00,1.0456694493e+00,9.0162815707e-01,8.9975290068e-01,1.0340621208e+00,1.0340621208e+00,9.0162815707e-01,8.9975290068e-01,1.7687492350e+00,1.7687492350e+00,9.0162815707e-01,8.9975290068e-01,8.6986856720e-01,8.6986856720e-01,9.0162815707e-01,8.9975290068e-01,8.8658066781e-01,8.8658066781e-01,9.0162815707e-01,8.9975290068e-01,9.7318588328e-01,9.7318588328e-01,9.0162815707e-01,8.9975290068e-01
2451545.100701,9.9857120921e-01,9.9857120921e-01,8.8095663192e-01,8.9822806662e-01,1.0469830621e+00,1.0469830621e+00,8.8095663192e-01,8.9822806662e-01,1.0278730894e+00,1.0278730894e+00,8.8095663192e-01,8.9822806662e-01,1.7889584562e+00,1.7889584562e+00,8.8095663192e-01,8.9822806662e-01,8.7798607447e-01,8.7798607447e-01,8.8095663192e-01,8.9822806662e-01,8.8665174704e-01,8.8665174704e-01,8.8095663192e-01,8.9822806662e-01,9.7386068852e-01,9.7386068852e-01,8.8095663192e-01,8.9822806662e-01
2451545.101368,9.9856028452e-01,9.9856028452e-01,8.5777326247e-01,8.9617536502e-01,1.0481791243e+00,1.0481791243e+00,8.5777326247e-01,8.9617536502e-01,1.0206093615e+00,1.0206093615e+00,8.5777326247e-01,8.9617536502e-01,1.8070878432e+00,1.8070878432e+00,8.5777326247e-01,8.9617536502e-01,8.8525271584e-01,8.8525271584e-01,8.5777326247e-01,8.9617536502e-01,8.8634794793e-01,8.8634794793e-01,8.5777326247e-01,8.9617536502e-01,9.7440827246e-01,9.7440827246e-01,8.5777326247e-01,8.9617536502e-01
2451545.102035,9.9854967630e-01,9.9854967630e-01,8.3213531151e-01,8.9391236762e-01,1.0492563378e+00,1.0492563378e+00,8.3213531151e-01,8.9391236762e-01,1.0164248437e+00,1.0164248437e+00,8.3213531151e-01,8.9391236762e-01,1.8244035796e+00,1.8244035796e+00,8.3213531151e-01,8.9391236762e-01,8.9167761655e-01,8.9167761655e-01,8.3213531151e-01,8.9391236762e-01,8.8974459146e-01,8.8974459146e-01,8.3213531151e-01,8.9391236762e-01,9.7499560575e-01,9.7499560575e-01,8.3213531151e-01,8.9391236762e-01
2451545.102702,9.9853938797e-01,9.9853938797e-01,8.2920997201e-01,9.1561883582e-01,1.0502129916e+00,1.0502129916e+00,8.2920997201e-01,9.1561883582e-01,1.0218493827e+00,1.0218493827e+00,8.2920997201e-01,9.1561883582e-01,1.8397971866e+00,1.8397971866e+00,8.2920997201e-01,9.1561883582e-01,8.9726768217e-01,8.9726768217e-01,8.2920997201e-01,9.1561883582e-01,9.0222960610e-01,9.0222960610e-01,8.2920997201e-01,9.1561883582e-01,9.7544154573e-01,9.7544154573e-01,8.2920997201e-01,9.1561883582e-01
2451545.103369,9.9852942643e-01,9.9852942643e-01,8.2867321143e-01,9.3788150640e-01,1.0510471034e+00,1.0510471034e+00,8.2867321143e-01,9.3788150640e-01,1.0269429883e+00,1.0269429883e+00,8.2867321143e-01,9.3788150640e-01,1.8533689004e+00,1.8533689004e+00,8.2867321143e-01,9.3788150640e-01,9.0202784526e-01,9.0202784526e-01,8.2867321143e-01,9.3788150640e-01,9.1362075307e-01,9.1362075307e-01,8.2867321143e-01,9.3788150640e-01,9.7574762165e-01,9.7574762165e-01,8.2867321143e-01,9.3788150640e-01
2451545.104036,9.9851979509e-01,9.9851979509e-01,8.2736865280e-01,9.5768510950e-01,1.0517565492e+00,1.0517565492e+00,8.2736865280e-01,9.5768510950e-01,1.0317154854e+00,1.0317154854e+00,8.2736865280e-01,9.5768510950e-01,1.8651991774e+00,1.8651991774e+00,8.2736865280e-01,9.5768510950e-01,9.0596081872e-01,9.0596081872e-01,8.2736865280e-01,9.5768510950e-01,9.2397035926e-01,9.2397035926e-01,8.2736865280e-01,9.5768510950e-01,9.7591536279e-01,9.7591536279e-01,8.2736865280e-01,9.5768510950e-01
2451545.104703,9.9851049398e-01,9.9851049398e-01,8.2524033863e-01,9.7521627024e-01,1.0523391342e+00,1.0523391342e+00,8.2524033863e-01,9.7521627024e-01,1.0405477827e+00,1.0405477827e+00,8.2524033863e-01,9.7521627024e-01,1.8753553763e+00,1.8753553763e+00,8.2524033863e-01,9.7521627024e-01,9.0906758906e-01,9.0906758906e-01,8.2524033863e-01,9.7521627024e-01,9.3773816855e-01,9.3773816855e-01,8.2524033863e-01,9.7521627024e-01,9.7594632176e-01,9.7594632176e-01,8.2524033863e-01,9.7521627024e-01
2451545.105370,9.9850152996e-01,9.9850152996e-01,8.2236301134e-01,9.9025886262e-01,1.0527926401e+00,1.0527926401e+00,8.2236301134e-01,9.9025886262e-01,1.0492762622e+00,1.0492762622e+00,8.2236301134e-01,9.9025886262e-01,1.8838936293e+00,1.8838936293e+00,8.2236301134e-01,9.9025886262e-01,9.1134667652e-01,9.1134667652e-01,8.2236301134e-01,9.9025886262e-01,9.5095851064e-01,9.5095851064e-01,8.2236301134e-01,9.9025886262e-01,9.7584210956e-01,9.7584210956e-01,8.2236301134e-01,9.9025886262e-01
2451545.106036,9.9849292368e-01,9.9849292368e-01,8.1861664040e-01,1.0037823928e+00,1.0531144825e+00,1.0531144825e+00,8.1861664040e-01,1.0037823928e+00,1.0575933322e+00,1.0575933322e+00,8.1861664040e-01,1.0037823928e+00,1.8908518925e+00,1.8908518925e+00,8.1861664040e-01,1.0037823928e+00,9.1279364180e-01,9.1279364180e-01,8.1861664040e-01,1.0037823928e+00,9.6335245853e-01,9.6335245853e-01,8.1861664040e-01,1.0037823928e+00,9.7560482747e-01,9.7560482747e-01,8.1861664040e-01,1.0037823928e+00
2451545.106703,9.9848464761e-01,9.9848464761e-01,8.1542456642e-01,1.0175857150e+00,1.0533034344e+00,1.0533034344e+00,8.1542456642e-01,1.0175857150e+00,1.0655319896e+00,1.0655319896e+00,8.1542456642e-01,1.0175857150e+00,1.8962911095e+00,1.8962911095e+00,8.1542456642e-01,1.0175857150e+00,9.1340700513e-01,9.1340700513e-01,8.1542456642e-01,1.0175857150e+00,9.7499266350e-01,9.7499266350e-01,8.1542456642e-01,1.0175857150e+00,9.7523544441e-01,9.7523544441e-01,8.1542456642e-01,1.0175857150e+00
2451545.107370,9.9847671896e-01,9.9847671896e-01,8.1316952500e-01,1.0319504868e+00,1.0533568172e+00,1.0533568172e+00,8.1316952500e-01,1.0319504868e+00,1.0730867255e+00,1.0730867255e+00,8.1316952500e-01,1.0319504868e+00,1.9002329314e+00,1.9002329314e+00,8.1316952500e-01,1.0319504868e+00,9.1317690140e-01,9.1317690140e-01,8.1316952500e-01,1.0319504868e+00,9.8589175811e-01,9.8589175811e-01,8.1316952500e-01,1.0319504868e+00,9.7473595662e-01,9.7473595662e-01,8.1316952500e-01,1.0319504868e+00
2451545.108037,9.9846914461e-01,9.9846914461e-01,8.0891476949e-01,1.0445236339e+00,1.0532725895e+00,1.0532725895e+00,8.0891476949e-01,1.0445236339e+00,1.0802641278e+00,1.0802641278e+00,8.0891476949e-01,1.0445236339e+00,1.9027056916e+00,1.9027056916e+00,8.0891476949e-01,1.0445236339e+00,9.1209297223e-01,9.1209297223e-01,8.0891476949e-01,1.0445236339e+00,9.9607837616e-01,9.9607837616e-01,8.0891476949e-01,1.0445236339e+00,9.7410815019e-01,9.7410815019e-01,8.0891476949e-01,1.0445236339e+00
2451545.108704,9.9846192455e-01,9.9846192455e-01,8.0794340196e-01,1.0601935572e+00,1.0536021727e+00,1.0536021727e+00,8.0794340196e-01,1.0601935572e+00,1.0870705573e+00,1.0870705573e+00,8.0794340196e-01,1.0601935572e+00,1.9037326448e+00,1.9037326448e+00,8.0794340196e-01,1.0601935572e+00,9.1361071969e-01,9.1361071969e-01,8.0794340196e-01,1.0601935572e+00,1.0055782881e+00,1.0055782881e+00,8.0794340196e-01,1.0601935572e+00,9.7335386957e-01,9.7335386957e-01,8.0794340196e-01,1.0601935572e+00
2451545.109371,9.9845506567e-01,9.9845506567e-01,8.0824112304e-01,1.0739780478e+00,1.0540975563e+00,1.0540975563e+00,8.0824112304e-01,1.0739780478e+00,1.0935115798e+00,1.0935115798e+00,8.0824112304e-01,1.0739780478e+00,1.9033319673e+00,1.9033319673e+00,8.0824112304e-01,1.0739780478e+00,9.1649675816e-01,9.1649675816e-01,8.0824112304e-01,1.0739780478e+00,1.0144146817e+00,1.0144146817e+00,8.0824112304e-01,1.0739780478e+00,9.7247501761e-01,9.7247501761e-01,8.0824112304e-01,1.0739780478e+00
2451545.110038,9.9844856452e-01,9.9844856452e-01,8.0812790276e-01,1.0849047426e+00,1.0544320955e+00,1.0544320955e+00,8.0812790276e-01,1.0849047426e+00,1.0995925339e+00,1.0995925339e+00,8.0812790276e-01,1.0849047426e+00,1.9015183604e+00,1.9015183604e+00,8.0812790276e-01,1.0849047426e+00,9.1878694387e-01,9.1878694387e-01,8.0812790276e-01,1.0849047426e+00,1.0226082182e+00,1.0226082182e+00,8.0812790276e-01,1.0849047426e+00,9.7147355550e-01,9.7147355550e-01,8.0812790276e-01,1.0849047426e+00
2451545.110705,9.9844242798e-01,9.9844242798e-01,8.0760271959e-01,1.0934774304e+00,1.0546042325e+00,1.0546042325e+00,8.0760271959e-01,1.0934774304e+00,1.1053182470e+00,1.1053182470e+00,8.0760271959e-01,1.0934774304e+00,1.8983025159e+00,1.8983025159e+00,8.0760271959e-01,1.0934774304e+00,9.2048177008e-01,9.2048177008e-01,8.0760271959e-01,1.0934774304e+00,1.0301774253e+00,1.0301774253e+00,8.0760271959e-01,1.0934774304e+00,9.7035152616e-01,9.7035152616e-01,8.0760271959e-01,1.0934774304e+00
2451545.111372,9.9843666294e-01,9.9843666294e-01,8.0761634008e-01,1.1009410366e+00,1.0546125397e+00,1.0546125397e+00,8.0761634008e-01,1.1009410366e+00,1.1106930353e+00,1.1106930353e+00,8.0761634008e-01,1.1009410366e+00,1.8936908489e+00,1.8936908489e+00,8.0761634008e-01,1.1009410366e+00,9.2158074354e-01,9.2158074354e-01,8.0761634008e-01,1.1009410366e+00,1.0371388097e+00,1.0371388097e+00,8.0761634008e-01,1.1009410366e+00,9.6911100754e-01,9.6911100754e-01,8.0761634008e-01,1.1009410366e+00
2451545.112039,9.9843126252e-01,9.9843126252e-01,8.0779113629e-01,1.1069995614e+00,1.0544557543e+00,1.0544557543e+00,8.0779113629e-01,1.1069995614e+00,1.1157209880e+00,1.1157209880e+00,8.0779113629e-01,1.1069995614e+00,1.8876868343e+00,1.8876868343e+00,8.0779113629e-01,1.1069995614e+00,9.2208263110e-01,9.2208263110e-01,8.0779113629e-01,1.1069995614e+00,1.0435069127e+00,1.0435069127e+00,8.0779113629e-01,1.1069995614e+00,9.6775418264e-01,9.6775418264e-01,8.0779113629e-01,1.1069995614e+00
2451545.112705,9.9842624391e-01,9.9842624391e-01,8.0760839480e-01,1.1112160301e+00,1.0541333691e+00,1.0541333691e+00,8.0760839480e-01,1.1112160301e+00,1.1203990382e+00,1.1203990382e+00,8.0760839480e-01,1.1112160301e+00,1.8803351106e+00,1.8803351106e+00,8.0760839480e-01,1.1112160301e+00,9.2198521312e-01,9.2198521312e-01,8.0760839480e-01,1.1112160301e+00,1.0492863945e+00,1.0492863945e+00,8.0760839480e-01,1.1112160301e+00,9.6629046056e-01,9.6629046056e-01,8.0760839480e-01,1.1112160301e+00
2451545.113372,9.9842158647e-01,9.9842158647e-01,8.0706567525e-01,1.1136634955e+00,1.0536434723e+00,1.0536434723e+00,8.0706567525e-01,1.1136634955e+00,1.1247443942e+00,1.1247443942e+00,8.0706567525e-01,1.1136634955e+00,1.8758145917e+00,1.8758145917e+00,8.0706567525e-01,1.1136634955e+00,9.2128479018e-01,9.2128479018e-01,8.0706567525e-01,1.1136634955e+00,1.0545056642e+00,1.0545056642e+00,8.0706567525e-01,1.1136634955e+00,9.6536125940e-01,9.6536125940e-01,8.0706567525e-01,1.1136634955e+00
2451545.114039,9.9841731085e-01,9.9841731085e-01,8.0616036707e-01,1.1143581654e+00,1.0529856157e+00,1.0529856157e+00,8.0616036707e-01,1.1143581654e+00,1.1287527398e+00,1.1287527398e+00,8.0616036707e-01,1.1143581654e+00,1.8696969761e+00,1.8696969761e+00,8.0616036707e-01,1.1143581654e+00,9.1997692298e-01,9.1997692298e-01,8.0616036707e-01,1.1143581654e+00,1.0591653395e+00,1.0591653395e+00,8.0616036707e-01,1.1143581654e+00,9.6432614167e-01,9.6432614167e-01,8.0616036707e-01,1.1143581654e+00
2451545.114706,9.9841341016e-01,9.9841341016e-01,8.0488878136e-01,1.1132928105e+00,1.0521591621e+00,1.0521591621e+00,8.0488878136e-01,1.1132928105e+00,1.1324266306e+00,1.1324266306e+00,8.0488878136e-01,1.1132928105e+00,1.8619809273e+00,1.8619809273e+00,8.0488878136e-01,1.1132928105e+00,9.1805618571e-01,9.1805618571e-01,8.0488878136e-01,1.1132928105e+00,1.0632735051e+00,1.0632735051e+00,8.0488878136e-01,1.1132928105e+00,9.6318694014e-01,9.6318694014e-01,8.0488878136e-01,1.1132928105e+00
2451545.115373,9.9840988784e-01,9.9840988784e-01,8.0324620771e-01,1.1104301173e+00,1.0511636039e+00,1.0511636039e+00,8.0324620771e-01,1.1104301173e+00,1.1357682248e+00,1.1357682248e+00,8.0324620771e-01,1.1104301173e+00,1.8526605646e+00,1.8526605646e+00,8.0324620771e-01,1.1104301173e+00,9.1551591941e-01,9.1551591941e-01,8.0324620771e-01,1.1104301173e+00,1.0668368985e+00,1.0668368985e+00,8.0324620771e-01,1.1104301173e+00,9.6194554598e-01,9.6194554598e-01,8.0324620771e-01,1.1104301173e+00
2451545.116040,9.9840674734e-01,9.9840674734e-01,8.0122674392e-01,1.1057010562e+00,1.0499986227e+00,1.0499986227e+00,8.0122674392e-01,1.1057010562e+00,1.1387793966e+00,1.1387793966e+00,8.0122674392e-01,1.1057010562e+00,1.8417273348e+00,1.8417273348e+00,8.0122674392e-01,1.1057010562e+00,9.1234897189e-01,9.1234897189e-01,8.0122674392e-01,1.1057010562e+00,1.0698610218e+00,1.0698610218e+00,8.0122674392e-01,1.1057010562e+00,9.6060386203e-01,9.6060386203e-01,8.0122674392e-01,1.1057010562e+00
2451545.116707,9.9840398865e-01,9.9840398865e-01,7.9882340948e-01,1.0989999836e+00,1.0486640415e+00,1.0486640415e+00,7.9882340948e-01,1.0989999836e+00,1.1414616794e+00,1.1414616794e+00,7.9882340948e-01,1.0989999836e+00,1.8291673383e+00,1.8291673383e+00,7.9882340948e-01,1.0989999836e+00,9.0854671116e-01,9.0854671116e-01,7.9882340948e-01,1.0989999836e+00,1.0723499174e+00,1.0723499174e+00,7.9882340948e-01,1.0989999836e+00,9.5916382613e-01,9.5916382613e-01,7.9882340948e-01,1.0989999836e+00
2451545.117374,9.9840161178e-01,9.9840161178e-01,7.9993926765e-01,1.0942774523e+00,1.0471598601e+00,1.0471598601e+00,7.9993926765e-01,1.0942774523e+00,1.1438162090e+00,1.1438162090e+00,7.9993926765e-01,1.0942774523e+00,1.8149634681e+00,1.8149634681e+00,7.9993926765e-01,1.0942774523e+00,9.0409951874e-01,9.0409951874e-01,7.9993926765e-01,1.0942774523e+00,1.0743064487e+00,1.0743064487e+00,7.9993926765e-01,1.0942774523e+00,9.5762742283e-01,9.5762742283e-01,7.9993926765e-01,1.0942774523e+00
2451545.118041,9.9839962015e-01,9.9839962015e-01,8.0689490843e-01,1.0946064512e+00,1.0454862322e+00,1.0454862322e+00,8.0689490843e-01,1.0946064512e+00,1.1458437238e+00,1.1458437238e+00,8.0689490843e-01,1.0946064512e+00,1.7990938060e+00,1.7990938060e+00,8.0689490843e-01,1.0946064512e+00,8.9899654302e-01,8.9899654302e-01,8.0689490843e-01,1.0946064512e+00,1.0757322440e+00,1.0757322440e+00,8.0689490843e-01,1.0946064512e+00,9.5599666004e-01,9.5599666004e-01,8.0689490843e-01,1.0946064512e+00
2451545.118707,9.9839801378e-01,9.9839801378e-01,8.1289887463e-01,1.0929893249e+00,1.0436463789e+00,1.0436463789e+00,8.1289887463e-01,1.0929893249e+00,1.1475424063e+00,1.1475424063e+00,8.1289887463e-01,1.0929893249e+00,1.7815604903e+00,1.7815604903e+00,8.1289887463e-01,1.0929893249e+00,8.9323507108e-01,8.9323507108e-01,8.1289887463e-01,1.0929893249e+00,1.0766267418e+00,1.0766267418e+00,8.1289887463e-01,1.0929893249e+00,9.5427619560e-01,9.5427619560e-01,8.1289887463e-01,1.0929893249e+00
2451545.119374,9.9839678923e-01,9.9839678923e-01,8.1799520581e-01,1.0890705468e+00,1.0416352854e+00,1.0416352854e+00,8.1799520581e-01,1.0890705468e+00,1.1489173680e+00,1.1489173680e+00,8.1799520581e-01,1.0890705468e+00,1.7622801244e+00,1.7622801244e+00,8.1799520581e-01,1.0890705468e+00,8.8678476771e-01,8.8678476771e-01,8.1799520581e-01,1.0890705468e+00,1.0769917386e+00,1.0769917386e+00,8.1799520581e-01,1.0890705468e+00,9.5246294763e-01,9.5246294763e-01,8.1799520581e-01,1.0890705468e+00
2451545.120041,9.9839595337e-01,9.9839595337e-01,8.2219411734e-01,1.0823287211e+00,1.0394562674e+00,1.0394562674e+00,8.2219411734e-01,1.0823287211e+00,1.1499655420e+00,1.1499655420e+00,8.2219411734e-01,1.0823287211e+00,1.7412430858e+00,1.7412430858e+00,8.2219411734e-01,1.0823287211e+00,8.7963897396e-01,8.7963897396e-01,8.2219411734e-01,1.0823287211e+00,1.0768235852e+00,1.0768235852e+00,8.2219411734e-01,1.0823287211e+00,9.5056149227e-01,9.5056149227e-01,8.2219411734e-01,1.0823287211e+00
2451545.120708,9.9839550276e-01,9.9839550276e-01,8.2550945670e-01,1.0719655747e+00,1.0379084028e+00,1.0379084028e+00,8.2550945670e-01,1.0719655747e+00,1.1506861901e+00,1.1506861901e+00,8.2550945670e-01,1.0719655747e+00,1.7184092800e+00,1.7184092800e+00,8.2550945670e-01,1.0719655747e+00,8.7674676979e-01,8.7674676979e-01,8.2550945670e-01,1.0719655747e+00,1.0761189127e+00,1.0761189127e+00,8.2550945670e-01,1.0719655747e+00,9.4857393080e-01,9.4857393080e-01,8.2550945670e-01,1.0719655747e+00
2451545.121375,9.9839543740e-01,9.9839543740e-01,8.2794905568e-01,1.0567111124e+00,1.0365542573e+00,1.0365542573e+00,8.2794905568e-01,1.0567111124e+00,1.1510782898e+00,1.1510782898e+00,8.2794905568e-01,1.0567111124e+00,1.6937338011e+00,1.6937338011e+00,8.2794905568e-01,1.0567111124e+00,8.7563521832e-01,8.7563521832e-01,8.2794905568e-01,1.0567111124e+00,1.0748732859e+00,1.0748732859e+00,8.2794905568e-01,1.0567111124e+00,9.4650238787e-01,9.4650238787e-01,8.2794905568e-01,1.0567111124e+00
2451545.122042,9.9839575730e-01,9.9839575730e-01,8.3266758868e-01,1.0378644805e+00,1.0350369073e+00,1.0350369073e+00,8.3266758868e-01,1.0378644805e+00,1.1511402511e+00,1.1511402511e+00,8.3266758868e-01,1.0378644805e+00,1.6744245672e+00,1.6744245672e+00,8.3266758868e-01,1.0378644805e+00,8.7412807586e-01,8.7412807586e-01,8.3266758868e-01,1.0378644805e+00,1.0730808655e+00,1.0730808655e+00,8.3266758868e-01,1.0378644805e+00,9.4544667751e-01,9.4544667751e-01,8.3266758868e-01,1.0378644805e+00
2451545.122709,9.9839646245e-01,9.9839646245e-01,8.5508713273e-01,1.0384177678e+00,1.0333565180e+00,1.0333565180e+00,8.5508713273e-01,1.0384177678e+00,1.1508701430e+00,1.1508701430e+00,8.5508713273e-01,1.0384177678e+00,1.6540092604e+00,1.6540092604e+00,8.5508713273e-01,1.0384177678e+00,8.7222090311e-01,8.7222090311e-01,8.5508713273e-01,1.0384177678e+00,1.0707345775e+00,1.0707345775e+00,8.5508713273e-01,1.0384177678e+00,9.4446675360e-01,9.4446675360e-01,8.5508713273e-01,1.0384177678e+00
2451545.123376,9.9839755630e-01,9.9839755630e-01,8.7539368565e-01,1.0425568113e+00,1.0315135613e+00,1.0315135613e+00,8.7539368565e-01,1.0425568113e+00,1.1502656369e+00,1.1502656369e+00,8.7539368565e-01,1.0425568113e+00,1.6314785688e+00,1.6314785688e+00,8.7539368565e-01,1.0425568113e+00,8.6990852090e-01,8.6990852090e-01,8.7539368565e-01,1.0425568113e+00,1.0678260001e+00,1.0678260001e+00,8.7539368565e-01,1.0425568113e+00,9.4341786076e-01,9.4341786076e-01,8.7539368565e-01,1.0425568113e+00
2451545.124043,9.9839903195e-01,9.9839903195e-01,8.9109027219e-01,1.0461254851e+00,1.0295088044e+00,1.0295088044e+00,8.9109027219e-01,1.0461254851e+00,1.1493238932e+00,1.1493238932e+00,8.9109027219e-01,1.0461254851e+00,1.6066143785e+00,1.6066143785e+00,8.9109027219e-01,1.0461254851e+00,8.6718501015e-01,8.6718501015e-01,8.9109027219e-01,1.0461254851e+00,1.0643451956e+00,1.0643451956e+00,8.9109027219e-01,1.0461254851e+00,9.4227602095e-01,9.4227602095e-01,8.9109027219e-01,1.0461254851e+00
2451545.124710,9.9840088943e-01,9.9840088943e-01,9.0327810848e-01,1.0490299226e+00,1.0273432855e+00,1.0273432855e+00,9.0327810848e-01,1.0490299226e+00,1.1480415043e+00,1.1480415043e+00,9.0327810848e-01,1.0490299226e+00,1.5793514692e+00,1.5793514692e+00,9.0327810848e-01,1.0490299226e+00,8.6404445180e-01,8.6404445180e-01,9.0327810848e-01,1.0490299226e+00,1.0602807667e+00,1.0602807667e+00,9.0327810848e-01,1.0490299226e+00,9.4104110576e-01,9.4104110576e-01,9.0327810848e-01,1.0490299226e+00
2451545.125376,9.9840312871e-01,9.9840312871e-01,9.1271954439e-01,1.0512946690e+00,1.0250219960e+00,1.0250219960e+00,9.1271954439e-01,1.0512946690e+00,1.1464173344e+00,1.1464173344e+00,9.1271954439e-01,1.0512946690e+00,1.5496620420e+00,1.5496620420e+00,9.1271954439e-01,1.0512946690e+00,8.6048511945e-01,8.6048511945e-01,9.1271954439e-01,1.0512946690e+00,1.0556271551e+00,1.0556271551e+00,9.1271954439e-01,1.0512946690e+00,9.3971502971e-01,9.3971502971e-01,9.1271954439e-01,1.0512946690e+00
2451545.126043,9.9840575325e-01,9.9840575325e-01,9.1995559689e-01,1.0529498084e+00,1.0225396496e+00,1.0225396496e+00,9.1995559689e-01,1.0529498084e+00,1.1444421261e+00,1.1444421261e+00,9.1995559689e-01,1.0529498084e+00,1.5173739580e+00,1.5173739580e+00,9.1995559689e-01,1.0529498084e+00,8.5648900927e-01,8.5648900927e-01,9.1995559689e-01,1.0529498084e+00,1.0503557831e+00,1.0503557831e+00,9.1995559689e-01,1.0529498084e+00,9.3829366025e-01,9.3829366025e-01,9.1995559689e-01,1.0529498084e+00
2451545.126710,9.9840875960e-01,9.9840875960e-01,9.2532178391e-01,1.0540113737e+00,1.0208970318e+00,1.0208970318e+00,9.2532178391e-01,1.0540113737e+00,1.1421130398e+00,1.1421130398e+00,9.2532178391e-01,1.0540113737e+00,1.4824366981e+00,1.4824366981e+00,9.2532178391e-01,1.0540113737e+00,8.5806372775e-01,8.5806372775e-01,9.2532178391e-01,1.0540113737e+00,1.0444565446e+00,1.0444565446e+00,9.2532178391e-01,1.0540113737e+00,9.3677871343e-01,9.3677871343e-01,9.2532178391e-01,1.0540113737e+00
2451545.127377,9.9842052014e-01,9.9842052014e-01,9.2910663272e-01,1.0544963891e+00,1.0214670381e+00,1.0214670381e+00,9.2910663272e-01,1.0544963891e+00,1.1394673886e+00,1.1394673886e+00,9.2910663272e-01,1.0544963891e+00,1.4537568499e+00,1.4537568499e+00,9.2910663272e-01,1.0544963891e+00,8.7280886378e-01,8.7280886378e-01,9.2910663272e-01,1.0544963891e+00,1.0379110804e+00,1.0379110804e+00,9.2910663272e-01,1.0544963891e+00,9.3646392884e-01,9.3646392884e-01,9.2910663272e-01,1.0544963891e+00
2451545.128044,9.9843483643e-01,9.9843483643e-01,9.3145463394e-01,1.0544191388e+00,1.0229239018e+00,1.0229239018e+00,9.3145463394e-01,1.0544191388e+00,1.1364672347e+00,1.1364672347e+00,9.3145463394e-01,1.0544191388e+00,1.4255744405e+00,1.4255744405e+00,9.3145463394e-01,1.0544191388e+00,8.9206235591e-01,8.9206235591e-01,9.3145463394e-01,1.0544191388e+00,1.0306986729e+00,1.0306986729e+00,9.3145463394e-01,1.0544191388e+00,9.3645769502e-01,9.3645769502e-01,9.3145463394e-01,1.0544191388e+00
2451545.128711,9.9844967212e-01,9.9844967212e-01,9.3248116444e-01,1.0537919244e+00,1.0242671442e+00,1.0242671442e+00,9.3248116444e-01,1.0537919244e+00,1.1330953129e+00,1.1330953129e+00,9.3248116444e-01,1.0537919244e+00,1.3950419601e+00,1.3950419601e+00,9.3248116444e-01,1.0537919244e+00,9.0971104098e-01,9.0971104098e-01,9.3248116444e-01,1.0537919244e+00,1.0227963591e+00,1.0227963591e+00,9.3248116444e-01,1.0537919244e+00,9.3634548625e-01,9.3634548625e-01,9.3248116444e-01,1.0537919244e+00
2451545.129378,9.9846502377e-01,9.9846502377e-01,9.3227543837e-01,1.0526247157e+00,1.0254958921e+00,1.0254958921e+00,9.3227543837e-01,1.0526247157e+00,1.1293438995e+00,1.1293438995e+00,9.3227543837e-01,1.0526247157e+00,1.3620551629e+00,1.3620551629e+00,9.3227543837e-01,1.0526247157e+00,9.2579955861e-01,9.2579955861e-01,9.3227543837e-01,1.0526247157e+00,1.0141786493e+00,1.0141786493e+00,9.3227543837e-01,1.0526247157e+00,9.3612625189e-01,9.3612625189e-01,9.3227543837e-01,1.0526247157e+00
2451545.130045,9.9848088451e-01,9.9848088451e-01,9.3089857767e-01,1.0509259663e+00,1.0266092369e+00,1.0266092369e+00,9.3089857767e-01,1.0509259663e+00,1.1252044185e+00,1.1252044185e+00,9.3089857767e-01,1.0509259663e+00,1.3264969732e+00,1.3264969732e+00,9.3089857767e-01,1.0509259663e+00,9.4036687600e-01,9.4036687600e-01,9.3089857767e-01,1.0509259663e+00,1.0048171341e+00,1.0048171341e+00,9.3089857767e-01,1.0509259663e+00,9.3579895296e-01,9.3579895296e-01,9.3089857767e-01,1.0509259663e+00
2451545.130712,9.9849725090e-01,9.9849725090e-01,9.2838991149e-01,1.0487023229e+00,1.0276061992e+00,1.0276061992e+00,9.2838991149e-01,1.0487023229e+00,1.1229214483e+00,1.1229214483e+00,9.2838991149e-01,1.0487023229e+00,1.2882369502e+00,1.2882369502e+00,9.2838991149e-01,1.0487023229e+00,9.5344801429e-01,9.5344801429e-01,9.2838991149e-01,1.0487023229e+00,9.9703283647e-01,9.9703283647e-01,9.2838991149e-01,1.0487023229e+00,9.3536256217e-01,9.3536256217e-01,9.2838991149e-01,1.0487023229e+00
2451545.131378,9.9851408165e-01,9.9851408165e-01,9.2477673754e-01,1.0459635217e+00,1.0284845607e+00,1.0284845607e+00,9.2477673754e-01,1.0459635217e+00,1.1204203924e+00,1.1204203924e+00,9.2477673754e-01,1.0459635217e+00,1.2471933011e+00,1.2471933011e+00,9.2477673754e-01,1.0459635217e+00,9.6505653801e-01,9.6505653801e-01,9.2477673754e-01,1.0459635217e+00,9.8895933741e-01,9.8895933741e-01,9.2477673754e-01,1.0459635217e+00,9.3481702115e-01,9.3481702115e-01,9.2477673754e-01,1.0459635217e+00
2451545.132045,9.9853142837e-01,9.9853142837e-01,9.2005343737e-01,1.0427051903e+00,1.0292458788e+00,1.0292458788e+00,9.2005343737e-01,1.0427051903e+00,1.1173570845e+00,1.1173570845e+00,9.2005343737e-01,1.0427051903e+00,1.2030805533e+00,1.2030805533e+00,9.2005343737e-01,1.0427051903e+00,9.7525361086e-01,9.7525361086e-01,9.2005343737e-01,1.0427051903e+00,9.8021962504e-01,9.8021962504e-01,9.2005343737e-01,1.0427051903e+00,9.3415974999e-01,9.3415974999e-01,9.2005343737e-01,1.0427051903e+00
2451545.132712,9.9854925665e-01,9.9854925665e-01,9.1421547082e-01,1.0389335085e+00,1.0298875932e+00,1.0298875932e+00,9.1421547082e-01,1.0389335085e+00,1.1137337963e+00,1.1137337963e+00,9.1421547082e-01,1.0389335085e+00,1.1557762849e+00,1.1557762849e+00,9.1421547082e-01,1.0389335085e+00,9.8404268562e-01,9.8404268562e-01,9.1421547082e-01,1.0389335085e+00,9.7080213357e-01,9.7080213357e-01,9.1421547082e-01,1.0389335085e+00,9.3339055023e-01,9.3339055023e-01,9.1421547082e-01,1.0389335085e+00
2451545.133379,9.9856755618e-01,9.9856755618e-01,9.0723973982e-01,1.0346499340e+00,1.0304084647e+00,1.0304084647e+00,9.0723973982e-01,1.0346499340e+00,1.1095468364e+00,1.1095468364e+00,9.0723973982e-01,1.0346499340e+00,1.1095508254e+00,1.1095508254e+00,9.0723973982e-01,1.0346499340e+00,9.9144225937e-01,9.9144225937e-01,9.0723973982e-01,1.0346499340e+00,9.6068154171e-01,9.6068154171e-01,9.0723973982e-01,1.0346499340e+00,9.3316036583e-01,9.3316036583e-01,9.0723973982e-01,1.0346499340e+00
2451545.134046,9.9858632352e-01,9.9858632352e-01,8.9908901505e-01,1.0298546416e+00,1.0308071599e+00,1.0308071599e+00,8.9908901505e-01,1.0298546416e+00,1.1118239001e+00,1.1118239001e+00,8.9908901505e-01,1.0298546416e+00,1.0678103343e+00,1.0678103343e+00,8.9908901505e-01,1.0298546416e+00,9.9746688317e-01,9.9746688317e-01,8.9908901505e-01,1.0298546416e+00,9.5698542222e-01,9.5698542222e-01,8.9908901505e-01,1.0298546416e+00,9.3385331218e-01,9.3385331218e-01,8.9908901505e-01,1.0298546416e+00
2451545.134713,9.9860554834e-01,9.9860554834e-01,8.8971114141e-01,1.0245466402e+00,1.0310822511e+00,1.0310822511e+00,8.8971114141e-01,1.0245466402e+00,1.1167870518e+00,1.1167870518e+00,8.8971114141e-01,1.0245466402e+00,1.0231279776e+00,1.0231279776e+00,8.8971114141e-01,1.0245466402e+00,1.0021274086e+00,1.0021274086e+00,8.8971114141e-01,1.0245466402e+00,9.5663137358e-01,9.5663137358e-01,8.8971114141e-01,1.0245466402e+00,9.3435139912e-01,9.3435139912e-01,8.8971114141e-01,1.0245466402e+00
2451545.135380,9.9862522034e-01,9.9862522034e-01,8.8007544335e-01,1.0197768842e+00,1.0312322044e+00,1.0312322044e+00,8.8007544335e-01,1.0197768842e+00,1.1207354239e+00,1.1207354239e+00,8.8007544335e-01,1.0197768842e+00,9.7531932067e-01,9.7531932067e-01,8.8007544335e-01,1.0197768842e+00,1.0054317278e+00,1.0054317278e+00,8.8007544335e-01,1.0197768842e+00,9.5599772423e-01,9.5599772423e-01,8.8007544335e-01,1.0197768842e+00,9.3465894594e-01,9.3465894594e-01,8.8007544335e-01,1.0197768842e+00
2451545.136047,9.9864533262e-01,9.9864533262e-01,8.7598663073e-01,1.0207250518e+00,1.0312553204e+00,1.0312553204e+00,8.7598663073e-01,1.0207250518e+00,1.1236794094e+00,1.1236794094e+00,8.7598663073e-01,1.0207250518e+00,9.2417854528e-01,9.2417854528e-01,8.7598663073e-01,1.0207250518e+00,1.0073837868e+00,1.0073837868e+00,8.7598663073e-01,1.0207250518e+00,9.5508189148e-01,9.5508189148e-01,8.7598663073e-01,1.0207250518e+00,9.3477987505e-01,9.3477987505e-01,8.7598663073e-01,1.0207250518e+00
2451545.136714,9.9866587832e-01,9.9866587832e-01,8.7121038093e-01,1.0205471720e+00,1.0311498174e+00,1.0311498174e+00,8.7121038093e-01,1.0205471720e+00,1.1256252556e+00,1.1256252556e+00,8.7121038093e-01,1.0205471720e+00,8.6947577636e-01,8.6947577636e-01,8.7121038093e-01,1.0205471720e+00,1.0079843255e+00,1.0079843255e+00,8.7121038093e-01,1.0205471720e+00,9.5388084354e-01,9.5388084354e-01,8.7121038093e-01,1.0205471720e+00,9.3471780535e-01,9.3471780535e-01,8.7121038093e-01,1.0205471720e+00
2451545.137381,9.9868685054e-01,9.9868685054e-01,8.6715124962e-01,1.0207818964e+00,1.0309137249e+00,1.0309137249e+00,8.6715124962e-01,1.0207818964e+00,1.1265746664e+00,1.1265746664e+00,8.6715124962e-01,1.0207818964e+00,8.1095280547e-01,8.1095280547e-01,8.6715124962e-01,1.0207818964e+00,1.0072308776e+00,1.0072308776e+00,8.6715124962e-01,1.0207818964e+00,9.5239126786e-01,9.5239126786e-01,8.6715124962e-01,1.0207818964e+00,9.3447605218e-01,9.3447605218e-01,8.6715124962e-01,1.0207818964e+00
2451545.138047,9.9870820114e-01,9.9870820114e-01,8.6353081141e-01,1.0213000858e+00,1.0305456032e+00,1.0305456032e+00,8.6353081141e-01,1.0213000858e+00,1.1265257675e+00,1.1265257675e+00,8.6353081141e-01,1.0213000858e+00,7.6042226804e-01,7.6042226804e-01,8.6353081141e-01,1.0213000858e+00,1.0051217167e+00,1.0051217167e+00,8.6353081141e-01,1.0213000858e+00,9.5061220998e-01,9.5061220998e-01,8.6353081141e-01,1.0213000858e+00,9.3578529459e-01,9.3578529459e-01,8.6353081141e-01,1.0213000858e+00
2451545.138714,9.9872999203e-01,9.9872999203e-01,8.6556451996e-01,1.0272493523e+00,1.0300420776e+00,1.0300420776e+00,8.6556451996e-01,1.0272493523e+00,1.1254712327e+00,1.1254712327e+00,8.6556451996e-01,1.0272493523e+00,7.1111808709e-01,7.1111808709e-01,8.6556451996e-01,1.0272493523e+00,1.0016405654e+00,1.0016405654e+00,8.6556451996e-01,1.0272493523e+00,9.4853418144e-01,9.4853418144e-01,8.6556451996e-01,1.0272493523e+00,9.3754040693e-01,9.3754040693e-01,8.6556451996e-01,1.0272493523e+00
2451545.139381,9.9875217849e-01,9.9875217849e-01,8.6833231586e-01,1.0331926721e+00,1.0294011302e+00,1.0294011302e+00,8.6833231586e-01,1.0331926721e+00,1.1233985674e+00,1.1233985674e+00,8.6833231586e-01,1.0331926721e+00,6.5828211712e-01,6.5828211712e-01,8.6833231586e-01,1.0331926721e+00,9.9677706522e-01,9.9677706522e-01,8.6833231586e-01,1.0331926721e+00,9.4615488032e-01,9.4615488032e-01,8.6833231586e-01,1.0331926721e+00,9.3905647442e-01,9.3905647442e-01,8.6833231586e-01,1.0331926721e+00
2451545.140048,9.9877475020e-01,9.9877475020e-01,8.7069529962e-01,1.0379917541e+00,1.0286201416e+00,1.0286201416e+00,8.7069529962e-01,1.0379917541e+00,1.1202909608e+00,1.1202909608e+00,8.7069529962e-01,1.0379917541e+00,6.4966875382e-01,6.4966875382e-01,8.7069529962e-01,1.0379917541e+00,9.9051419898e-01,9.9051419898e-01,8.7069529962e-01,1.0379917541e+00,9.4346919743e-01,9.4346919743e-01,8.7069529962e-01,1.0379917541e+00,9.4713632306e-01,9.4713632306e-01,8.7069529962e-01,1.0379917541e+00
2451545.140715,9.9879770373e-01,9.9879770373e-01,8.7502059789e-01,1.0441657754e+00,1.0276962679e+00,1.0276962679e+00,8.7502059789e-01,1.0441657754e+00,1.1161263773e+00,1.1161263773e+00,8.7502059789e-01,1.0441657754e+00,6.4632193400e-01,6.4632193400e-01,8.7502059789e-01,1.0441657754e+00,9.8283174314e-01,9.8283174314e-01,8.7502059789e-01,1.0441657754e+00,9.4047140602e-01,9.4047140602e-01,8.7502059789e-01,1.0441657754e+00,9.5550833242e-01,9.5550833242e-01,8.7502059789e-01,1.0441657754e+00
2451545.141382,9.9882102187e-01,9.9882102187e-01,8.7994451644e-01,1.0504656710e+00,1.0266264411e+00,1.0266264411e+00,8.7994451644e-01,1.0504656710e+00,1.1108770451e+00,1.1108770451e+00,8.7994451644e-01,1.0504656710e+00,6.4244934191e-01,6.4244934191e-01,8.7994451644e-01,1.0504656710e+00,9.7370552818e-01,9.7370552818e-01,8.7994451644e-01,1.0504656710e+00,9.3715538631e-01,9.3715538631e-01,8.7994451644e-01,1.0504656710e+00,9.6331884265e-01,9.6331884265e-01,8.7994451644e-01,1.0504656710e+00
2451545.142049,9.9884469775e-01,9.9884469775e-01,8.8460947554e-01,1.0560580701e+00,1.0254073928e+00,1.0254073928e+00,8.8460947554e-01,1.0560580701e+00,1.1045091721e+00,1.1045091721e+00,8.8460947554e-01,1.0560580701e+00,6.3804349325e-01,6.3804349325e-01,8.8460947554e-01,1.0560580701e+00,9.6310719191e-01,9.6310719191e-01,8.8460947554e-01,1.0560580701e+00,9.3351434480e-01,9.3351434480e-01,8.8460947554e-01,1.0560580701e+00,9.7059124808e-01,9.7059124808e-01,8.8460947554e-01,1.0560580701e+00
2451545.142716,9.9886872448e-01,9.9886872448e-01,8.8880339289e-01,1.0607484770e+00,1.0240355946e+00,1.0240355946e+00,8.8880339289e-01,1.0607484770e+00,1.0969820377e+00,1.0969820377e+00,8.8880339289e-01,1.0607484770e+00,6.3309476534e-01,6.3309476534e-01,8.8880339289e-01,1.0607484770e+00,9.5100417946e-01,9.5100417946e-01,8.8880339289e-01,1.0607484770e+00,9.2954087037e-01,9.2954087037e-01,8.8880339289e-01,1.0607484770e+00,9.7734740212e-01,9.7734740212e-01,8.8880339289e-01,1.0607484770e+00
2451545.143383,9.9889308487e-01,9.9889308487e-01,8.9253114916e-01,1.0645604455e+00,1.0225072589e+00,1.0225072589e+00,8.9253114916e-01,1.0645604455e+00,1.0882473678e+00,1.0882473678e+00,8.9253114916e-01,1.0645604455e+00,6.2759273362e-01,6.2759273362e-01,8.9253114916e-01,1.0645604455e+00,9.3735900340e-01,9.3735900340e-01,8.9253114916e-01,1.0645604455e+00,9.2522699048e-01,9.2522699048e-01,8.9253114916e-01,1.0645604455e+00,9.8360780399e-01,9.8360780399e-01,8.9253114916e-01,1.0645604455e+00
2451545.144050,9.9891777548e-01,9.9891777548e-01,8.9579558197e-01,1.0675129823e+00,1.0236621983e+00,1.0236621983e+00,8.9579558197e-01,1.0675129823e+00,1.0782484828e+00,1.0782484828e+00,8.9579558197e-01,1.0675129823e+00,6.2152563704e-01,6.2152563704e-01,8.9579558197e-01,1.0675129823e+00,9.3999816745e-01,9.3999816745e-01,8.9579558197e-01,1.0675129823e+00,9.2056389040e-01,9.2056389040e-01,8.9579558197e-01,1.0675129823e+00,9.8939163377e-01,9.8939163377e-01,8.9579558197e-01,1.0675129823e+00
2451545.144716,9.9894274470e-01,9.9894274470e-01,8.9859317267e-01,1.0696181558e+00,1.0249879179e+00,1.0249879179e+00,8.9859317267e-01,1.0696181558e+00,1.0669368245e+00,1.0669368245e+00,8.9859317267e-01,1.0696181558e+00,6.1488973346e-01,6.1488973346e-01,8.9859317267e-01,1.0696181558e+00,9.4422734089e-01,9.4422734089e-01,8.9859317267e-01,1.0696181558e+00,9.1554988580e-01,9.1554988580e-01,8.9859317267e-01,1.0696181558e+00,9.9470924616e-01,9.9470924616e-01,8.9859317267e-01,1.0696181558e+00
2451545.145383,9.9896805791e-01,9.9896805791e-01,9.0092840470e-01,1.0708931652e+00,1.0261129446e+00,1.0261129446e+00,9.0092840470e-01,1.0708931652e+00,1.0542010785e+00,1.0542010785e+00,9.0092840470e-01,1.0708931652e+00,6.0764893783e-01,6.0764893783e-01,9.0092840470e-01,1.0708931652e+00,9.4780763660e-01,9.4780763660e-01,9.0092840470e-01,1.0708931652e+00,9.1015965539e-01,9.1015965539e-01,9.0092840470e-01,1.0708931652e+00,9.9959345625e-01,9.9959345625e-01,9.0092840470e-01,1.0708931652e+00
2451545.146050,9.9899366693e-01,9.9899366693e-01,9.0278601174e-01,1.0713411005e+00,1.0270283106e+00,1.0270283106e+00,9.0278601174e-01,1.0713411005e+00,1.0419266064e+00,1.0419266064e+00,9.0278601174e-01,1.0713411005e+00,5.9979496396e-01,5.9979496396e-01,9.0278601174e-01,1.0713411005e+00,9.5073140912e-01,9.5073140912e-01,9.0278601174e-01,1.0713411005e+00,9.0619712919e-01,9.0619712919e-01,9.0278601174e-01,1.0713411005e+00,1.0040517820e+00,1.0040517820e+00,9.0278601174e-01,1.0713411005e+00
2451545.146717,9.9901956489e-01,9.9901956489e-01,9.0414164718e-01,1.0709653433e+00,1.0277270656e+00,1.0277270656e+00,9.0414164718e-01,1.0709653433e+00,1.0283265257e+00,1.0283265257e+00,9.0414164718e-01,1.0709653433e+00,5.9130642814e-01,5.9130642814e-01,9.0414164718e-01,1.0709653433e+00,9.5299619217e-01,9.5299619217e-01,9.0414164718e-01,1.0709653433e+00,9.0182412890e-01,9.0182412890e-01,9.0414164718e-01,1.0709653433e+00,1.0080990492e+00,1.0080990492e+00,9.0414164718e-01,1.0709653433e+00
2451545.147384,9.9904573116e-01,9.9904573116e-01,9.0494099935e-01,1.0697656019e+00,1.0282020827e+00,1.0282020827e+00,9.0494099935e-01,1.0697656019e+00,1.0131831485e+00,1.0131831485e+00,9.0494099935e-01,1.0697656019e+00,5.8215927368e-01,5.8215927368e-01,9.0494099935e-01,1.0697656019e+00,9.5459803970e-01,9.5459803970e-01,9.0494099935e-01,1.0697656019e+00,8.9692684918e-01,8.9692684918e-01,9.0494099935e-01,1.0697656019e+00,1.0117492313e+00,1.0117492313e+00,9.0494099935e-01,1.0697656019e+00
2451545.148051,9.9907216572e-01,9.9907216572e-01,9.0504843092e-01,1.0677379119e+00,1.0284459750e+00,1.0284459750e+00,9.0504843092e-01,1.0677379119e+00,1.0012934498e+00,1.0012934498e+00,9.0504843092e-01,1.0677379119e+00,5.7232596903e-01,5.7232596903e-01,9.0504843092e-01,1.0677379119e+00,9.5553103265e-01,9.5553103265e-01,9.0504843092e-01,1.0677379119e+00,8.9593527720e-01,8.9593527720e-01,9.0504843092e-01,1.0677379119e+00,1.0150154030e+00,1.0150154030e+00,9.0504843092e-01,1.0677379119e+00
2451545.148718,9.9909885139e-01,9.9909885139e-01,9.0570193040e-01,1.0663603491e+00,1.0284511079e+00,1.0284511079e+00,9.0570193040e-01,1.0663603491e+00,9.8815583565e-01,9.8815583565e-01,9.0570193040e-01,1.0663603491e+00,5.6177336943e-01,5.6177336943e-01,9.0570193040e-01,1.0663603491e+00,9.5578703231e-01,9.5578703231e-01,9.0570193040e-01,1.0663603491e+00,8.9407649381e-01,8.9407649381e-01,9.0570193040e-01,1.0663603491e+00,1.0179098453e+00,1.0179098453e+00,9.0570193040e-01,1.0663603491e+00
2451545.149385,9.9912577440e-01,9.9912577440e-01,9.0669230986e-01,1.0644959051e+00,1.0282094930e+00,1.0282094930e+00,9.0669230986e-01,1.0644959051e+00,9.7363723971e-01,9.7363723971e-01,9.0669230986e-01,1.0644959051e+00,5.5046432065e-01,5.5046432065e-01,9.0669230986e-01,1.0644959051e+00,9.5535617355e-01,9.5535617355e-01,9.0669230986e-01,1.0644959051e+00,8.9134174044e-01,8.9134174044e-01,9.0669230986e-01,1.0644959051e+00,1.0204441035e+00,1.0204441035e+00,9.0669230986e-01,1.0644959051e+00
2451545.150052,9.9915293132e-01,9.9915293132e-01,9.0775521840e-01,1.0619658839e+00,1.0277128114e+00,1.0277128114e+00,9.0775521840e-01,1.0619658839e+00,9.5764003460e-01,9.5764003460e-01,9.0775521840e-01,1.0619658839e+00,5.3835338229e-01,5.3835338229e-01,9.0775521840e-01,1.0619658839e+00,9.5422587836e-01,9.5422587836e-01,9.0775521840e-01,1.0619658839e+00,8.8775965088e-01,8.8775965088e-01,9.0775521840e-01,1.0619658839e+00,1.0226289759e+00,1.0226289759e+00,9.0775521840e-01,1.0619658839e+00
2451545.150718,9.9918026366e-01,9.9918026366e-01,9.0904507825e-01,1.0590549165e+00,1.0269535936e+00,1.0269535936e+00,9.0904507825e-01,1.0590549165e+00,9.4353551737e-01,9.4353551737e-01,9.0904507825e-01,1.0590549165e+00,5.2540767688e-01,5.2540767688e-01,9.0904507825e-01,1.0590549165e+00,9.5238381535e-01,9.5238381535e-01,9.0904507825e-01,1.0590549165e+00,8.8690793541e-01,8.8690793541e-01,9.0904507825e-01,1.0590549165e+00,1.0244720505e+00,1.0244720505e+00,9.0904507825e-01,1.0590549165e+00
2451545.151385,9.9920784711e-01,9.9920784711e-01,9.0993313383e-01,1.0551426100e+00,1.0259202757e+00,1.0259202757e+00,9.0993313383e-01,1.0551426100e+00,9.2837402319e-01,9.2837402319e-01,9.0993313383e-01,1.0551426100e+00,5.1152349336e-01,5.1152349336e-01,9.0993313383e-01,1.0551426100e+00,9.4980581500e-01,9.4980581500e-01,9.0993313383e-01,1.0551426100e+00,8.8632779198e-01,8.8632779198e-01,9.0993313383e-01,1.0551426100e+00,1.0259882931e+00,1.0259882931e+00,9.0993313383e-01,1.0551426100e+00
2451545.152052,9.9923562318e-01,9.9923562318e-01,9.1041790956e-01,1.0502381177e+00,1.0246038781e+00,1.0246038781e+00,9.1041790956e-01,1.0502381177e+00,9.1115184705e-01,9.1115184705e-01,9.1041790956e-01,1.0502381177e+00,4.9729396272e-01,4.9729396272e-01,9.1041790956e-01,1.0502381177e+00,9.4647017406e-01,9.4647017406e-01,9.1041790956e-01,1.0502381177e+00,8.8517474777e-01,8.8517474777e-01,9.1041790956e-01,1.0502381177e+00,1.0272812155e+00,1.0272812155e+00,9.1041790956e-01,1.0502381177e+00
2451545.152719,9.9926358500e-01,9.9926358500e-01,9.1049968922e-01,1.0443268642e+00,1.0229938044e+00,1.0229938044e+00,9.1049968922e-01,1.0443268642e+00,8.9170428887e-01,8.9170428887e-01,9.1049968922e-01,1.0443268642e+00,4.8698380107e-01,4.8698380107e-01,9.1049968922e-01,1.0443268642e+00,9.4234803708e-01,9.4234803708e-01,9.1049968922e-01,1.0443268642e+00,8.8346508477e-01,8.8346508477e-01,9.1049968922e-01,1.0443268642e+00,1.0290451649e+00,1.0290451649e+00,9.1049968922e-01,1.0443268642e+00
2451545.153386,9.9929171537e-01,9.9929171537e-01,9.1017858630e-01,1.0373816222e+00,1.0210786088e+00,1.0210786088e+00,9.1017858630e-01,1.0373816222e+00,8.6983529877e-01,8.6983529877e-01,9.1017858630e-01,1.0373816222e+00,4.7517276941e-01,4.7517276941e-01,9.1017858630e-01,1.0373816222e+00,9.3740093013e-01,9.3740093013e-01,9.1017858630e-01,1.0373816222e+00,8.8121014421e-01,8.8121014421e-01,9.1017858630e-01,1.0373816222e+00,1.0305205958e+00,1.0305205958e+00,9.1017858630e-01,1.0373816222e+00
2451545.154053,9.9932001084e-01,9.9932001084e-01,9.0945426030e-01,1.0293655450e+00,1.0188458658e+00,1.0188458658e+00,9.0945426030e-01,1.0293655450e+00,8.4531122981e-01,8.4531122981e-01,9.0945426030e-01,1.0293655450e+00,4.6170984522e-01,4.6170984522e-01,9.0945426030e-01,1.0293655450e+00,9.3157681473e-01,9.3157681473e-01,9.0945426030e-01,1.0293655450e+00,8.7841610201e-01,8.7841610201e-01,9.0945426030e-01,1.0293655450e+00,1.0317134386e+00,1.0317134386e+00,9.0945426030e-01,1.0293655450e+00
2451545.154720,9.9934845423e-01,9.9934845423e-01,9.1778437820e-01,1.0303217583e+00,1.0162819702e+00,1.0162819702e+00,9.1778437820e-01,1.0303217583e+00,8.2998668255e-01,8.2998668255e-01,9.1778437820e-01,1.0303217583e+00,4.4638546801e-01,4.4638546801e-01,9.1778437820e-01,1.0303217583e+00,9.2479652337e-01,9.2479652337e-01,9.1778437820e-01,1.0303217583e+00,8.8663400530e-01,8.8663400530e-01,9.1778437820e-01,1.0303217583e+00,1.0326280241e+00,1.0326280241e+00,9.1778437820e-01,1.0303217583e+00
2451545.155387,9.9937703521e-01,9.9937703521e-01,9.2968005510e-01,1.0357187870e+00,1.0133718654e+00,1.0133718654e+00,9.2968005510e-01,1.0357187870e+00,8.2985248038e-01,8.2985248038e-01,9.2968005510e-01,1.0357187870e+00,4.2889919648e-01,4.2889919648e-01,9.2968005510e-01,1.0357187870e+00,9.1692095796e-01,9.1692095796e-01,9.2968005510e-01,1.0357187870e+00,9.0854774036e-01,9.0854774036e-01,9.2968005510e-01,1.0357187870e+00,1.0332658233e+00,1.0332658233e+00,9.2968005510e-01,1.0357187870e+00
2451545.156054,9.9940574002e-01,9.9940574002e-01,9.4401947389e-01,1.0443867988e+00,1.0100987365e+00,1.0100987365e+00,9.4401947389e-01,1.0443867988e+00,8.2899598317e-01,8.2899598317e-01,9.4401947389e-01,1.0443867988e+00,4.0880678382e-01,4.0880678382e-01,9.4401947389e-01,1.0443867988e+00,9.0763640796e-01,9.0763640796e-01,9.4401947389e-01,1.0443867988e+00,9.2786102022e-01,9.2786102022e-01,9.4401947389e-01,1.0443867988e+00,1.0336225870e+00,1.0336225870e+00,9.4401947389e-01,1.0443867988e+00
2451545.156721,9.9943455834e-01,9.9943455834e-01,9.5861688735e-01,1.0538878314e+00,1.0064435266e+00,1.0064435266e+00,9.5861688735e-01,1.0538878314e+00,8.2736863280e-01,8.2736863280e-01,9.5861688735e-01,1.0538878314e+00,3.8784298447e-01,3.8784298447e-01,9.5861688735e-01,1.0538878314e+00,8.9586732955e-01,8.9586732955e-01,9.5861688735e-01,1.0538878314e+00,9.4469960906e-01,9.4469960906e-01,9.5861688735e-01,1.0538878314e+00,1.0340386186e+00,1.0340386186e+00,9.5861688735e-01,1.0538878314e+00
2451545.157387,9.9946343513e-01,9.9946343513e-01,9.7230047982e-01,1.0629794082e+00,1.0029024807e+00,1.0029024807e+00,9.7230047982e-01,1.0629794082e+00,8.2490182317e-01,8.2490182317e-01,9.7230047982e-01,1.0629794082e+00,3.6790453461e-01,3.6790453461e-01,9.7230047982e-01,1.0629794082e+00,8.8378355406e-01,8.8378355406e-01,9.7230047982e-01,1.0629794082e+00,9.5868262109e-01,9.5868262109e-01,9.7230047982e-01,1.0629794082e+00,1.0348636543e+00,1.0348636543e+00,9.7230047982e-01,1.0629794082e+00
2451545.158054,9.9949244608e-01,9.9949244608e-01,9.8515288224e-01,1.0716970934e+00,9.9872405113e-01,9.9872405113e-01,9.8515288224e-01,1.0716970934e+00,8.2270642791e-01,8.2270642791e-01,9.8515288224e-01,1.0716970934e+00,3.4941616840e-01,3.4941616840e-01,9.8515288224e-01,1.0716970934e+00,8.7256174273e-01,8.7256174273e-01,9.8515288224e-01,1.0716970934e+00,9.7147665628e-01,9.7147665628e-01,9.8515288224e-01,1.0716970934e+00,1.0360066848e+00,1.0360066848e+00,9.8515288224e-01,1.0716970934e+00
2451545.158721,9.9952153614e-01,9.9952153614e-01,9.9719049594e-01,1.0800343571e+00,9.9392114687e-01,9.9392114687e-01,9.9719049594e-01,1.0800343571e+00,8.1855462288e-01,8.1855462288e-01,9.9719049594e-01,1.0800343571e+00,3.4525783632e-01,3.4525783632e-01,9.9719049594e-01,1.0800343571e+00,8.6019311214e-01,8.6019311214e-01,9.9719049594e-01,1.0800343571e+00,9.8275714200e-01,9.8275714200e-01,9.9719049594e-01,1.0800343571e+00,1.0389029949e+00,1.0389029949e+00,9.9719049594e-01,1.0800343571e+00
2451545.159388,9.9955068812e-01,9.9955068812e-01,1.0084469749e+00,1.0879980207e+00,9.8855827803e-01,9.8855827803e-01,1.0084469749e+00,1.0879980207e+00,8.1610365853e-01,8.1610365853e-01,1.0084469749e+00,1.0879980207e+00,3.3794326685e-01,3.3794326685e-01,1.0084469749e+00,1.0879980207e+00,8.4659380885e-01,8.4659380885e-01,1.0084469749e+00,1.0879980207e+00,9.9556032879e-01,9.9556032879e-01,1.0084469749e+00,1.0879980207e+00,1.0410057653e+00,1.0410057653e+00,1.0084469749e+00,1.0879980207e+00
2451545.160055,9.9957989857e-01,9.9957989857e-01,1.0189527381e+00,1.0955943809e+00,9.8261798076e-01,9.8261798076e-01,1.0189527381e+00,1.0955943809e+00,8.1277347972e-01,8.1277347972e-01,1.0189527381e+00,1.0955943809e+00,3.2912141226e-01,3.2912141226e-01,1.0189527381e+00,1.0955943809e+00,8.3166616825e-01,8.3166616825e-01,1.0189527381e+00,1.0955943809e+00,1.0076122430e+00,1.0076122430e+00,1.0189527381e+00,1.0955943809e+00,1.0425147585e+00,1.0425147585e+00,1.0189527381e+00,1.0955943809e+00
2451545.160722,9.9960914686e-01,9.9960914686e-01,1.0287350834e+00,1.1028292096e+00,9.7604783985e-01,9.7604783985e-01,1.0287350834e+00,1.1028292096e+00,8.1044149698e-01,8.1044149698e-01,1.0287350834e+00,1.1028292096e+00,3.1914376749e-01,3.1914376749e-01,1.0287350834e+00,1.1028292096e+00,8.1529575505e-01,8.1529575505e-01,1.0287350834e+00,1.1028292096e+00,1.0211382931e+00,1.0211382931e+00,1.0287350834e+00,1.1028292096e+00,1.0435484870e+00,1.0435484870e+00,1.0287350834e+00,1.1028292096e+00
2451545.161389,9.9963842611e-01,9.9963842611e-01,1.0378185276e+00,1.1097078122e+00,9.6876238860e-01,9.6876238860e-01,1.0378185276e+00,1.1097078122e+00,8.1087102343e-01,8.1087102343e-01,1.0378185276e+00,1.1097078122e+00,3.0810442091e-01,3.0810442091e-01,1.0378185276e+00,1.1097078122e+00,7.9734717058e-01,7.9734717058e-01,1.0378185276e+00,1.1097078122e+00,1.0343890095e+00,1.0343890095e+00,1.0378185276e+00,1.1097078122e+00,1.0441816051e+00,1.0441816051e+00,1.0378185276e+00,1.1097078122e+00
2451545.162056,9.9966772600e-01,9.9966772600e-01,1.0462250337e+00,1.1162349695e+00,9.6172566758e-01,9.6172566758e-01,1.0462250337e+00,1.1162349695e+00,8.1088766381e-01,8.1088766381e-01,1.0462250337e+00,1.1162349695e+00,2.9645403447e-01,2.9645403447e-01,1.0462250337e+00,1.1162349695e+00,7.8414691107e-01,7.8414691107e-01,1.0462250337e+00,1.1162349695e+00,1.0446321653e+00,1.0446321653e+00,1.0462250337e+00,1.1162349695e+00,1.0445284460e+00,1.0445284460e+00,1.0462250337e+00,1.1162349695e+00
2451545.162723,9.9969702932e-01,9.9969702932e-01,1.0539743514e+00,1.1224151708e+00,9.5440920618e-01,9.5440920618e-01,1.0539743514e+00,1.1224151708e+00,8.1049465535e-01,8.1049465535e-01,1.0539743514e+00,1.1224151708e+00,2.8831218224e-01,2.8831218224e-01,1.0539743514e+00,1.1224151708e+00,7.7266145462e-01,7.7266145462e-01,1.0539743514e+00,1.1224151708e+00,1.0524970306e+00,1.0524970306e+00,1.0539743514e+00,1.1224151708e+00,1.0451846548e+00,1.0451846548e+00,1.0539743514e+00,1.1224151708e+00
2451545.163389,9.9972628105e-01,9.9972628105e-01,1.0610737451e+00,1.1282437519e+00,9.4810358378e-01,9.4810358378e-01,1.0610737451e+00,1.1282437519e+00,8.0969398579e-01,8.0969398579e-01,1.0610737451e+00,1.1282437519e+00,2.7946145963e-01,2.7946145963e-01,1.0610737451e+00,1.1282437519e+00,7.6958575938e-01,7.6958575938e-01,1.0610737451e+00,1.1282437519e+00,1.0583111536e+00,1.0583111536e+00,1.0610737451e+00,1.1282437519e+00,1.0455084282e+00,1.0455084282e+00,1.0610737451e+00,1.1282437519e+00
2451545.164056,9.9975556374e-01,9.9975556374e-01,1.0675601602e+00,1.1337419348e+00,9.4256744511e-01,9.4256744511e-01,1.0675601602e+00,1.1337419348e+00,8.0976974783e-01,8.0976974783e-01,1.0675601602e+00,1.1337419348e+00,2.6985936648e-01,2.6985936648e-01,1.0675601602e+00,1.1337419348e+00,7.6656086946e-01,7.6656086946e-01,1.0675601602e+00,1.1337419348e+00,1.0635131308e+00,1.0635131308e+00,1.0675601602e+00,1.1337419348e+00,1.0455196468e+00,1.0455196468e+00,1.0675601602e+00,1.1337419348e+00
2451545.164723,9.9978481203e-01,9.9978481203e-01,1.0734360938e+00,1.1389038311e+00,9.3702056853e-01,9.3702056853e-01,1.0734360938e+00,1.1389038311e+00,8.0968995348e-01,8.0968995348e-01,1.0734360938e+00,1.1389038311e+00,2.5986327824e-01,2.5986327824e-01,1.0734360938e+00,1.1389038311e+00,7.5941088303e-01,7.5941088303e-01,1.0734360938e+00,1.1389038311e+00,1.0671139165e+00,1.0671139165e+00,1.0734360938e+00,1.1389038311e+00,1.0452858902e+00,1.0452858902e+00,1.0734360938e+00,1.1389038311e+00
2451545.165390,9.9981402248e-01,9.9981402248e-01,1.0787135774e+00,1.1437322390e+00,9.3104946169e-01,9.3104946169e-01,1.0787135774e+00,1.1437322390e+00,8.0925696265e-01,8.0925696265e-01,1.0787135774e+00,1.1437322390e+00,2.5319556637e-01,2.5319556637e-01,1.0787135774e+00,1.1437322390e+00,7.4627326698e-01,7.4627326698e-01,1.0787135774e+00,1.1437322390e+00,1.0689805040e+00,1.0689805040e+00,1.0787135774e+00,1.1437322390e+00,1.0453547424e+00,1.0453547424e+00,1.0787135774e+00,1.1437322390e+00
2451545.166057,9.9984317446e-01,9.9984317446e-01,1.0834029967e+00,1.1482296658e+00,9.2463714454e-01,9.2463714454e-01,1.0834029967e+00,1.1482296658e+00,8.0846890117e-01,8.0846890117e-01,1.0834029967e+00,1.1482296658e+00,2.4591948760e-01,2.4591948760e-01,1.0834029967e+00,1.1482296658e+00,7.2726023695e-01,7.2726023695e-01,1.0834029967e+00,1.1482296658e+00,1.0691375408e+00,1.0691375408e+00,1.0834029967e+00,1.1482296658e+00,1.0451341305e+00,1.0451341305e+00,1.0834029967e+00,1.1482296658e+00
2451545.166724,9.9987226452e-01,9.9987226452e-01,1.0875132048e+00,1.1523982102e+00,9.1776549242e-01,9.1776549242e-01,1.0875132048e+00,1.1523982102e+00,8.0732253182e-01,8.0732253182e-01,1.0875132048e+00,1.1523982102e+00,2.3800644120e-01,2.3800644120e-01,1.0875132048e+00,1.1523982102e+00,7.0210074898e-01,7.0210074898e-01,1.0875132048e+00,1.1523982102e+00,1.0675785703e+00,1.0675785703e+00,1.0875132048e+00,1.1523982102e+00,1.0446264944e+00,1.0446264944e+00,1.0875132048e+00,1.1523982102e+00
2451545.167391,9.9990127891e-01,9.9990127891e-01,1.0910515228e+00,1.1562395047e+00,9.1041515348e-01,9.1041515348e-01,1.0910515228e+00,1.1562395047e+00,8.0581376551e-01,8.0581376551e-01,1.0910515228e+00,1.1562395047e+00,2.2942354970e-01,2.2942354970e-01,1.0910515228e+00,1.1562395047e+00,6.7017157466e-01,6.7017157466e-01,1.0910515228e+00,1.1562395047e+00,1.0642678282e+00,1.0642678282e+00,1.0910515228e+00,1.1562395047e+00,1.0438315422e+00,1.0438315422e+00,1.0910515228e+00,1.1562395047e+00
2451545.168058,9.9993020042e-01,9.9993020042e-01,1.0940240232e+00,1.1597549486e+00,9.0256544249e-01,9.0256544249e-01,1.0940240232e+00,1.1597549486e+00,8.0393720689e-01,8.0393720689e-01,1.0940240232e+00,1.1597549486e+00,2.2013312430e-01,2.2013312430e-01,1.0940240232e+00,1.1597549486e+00,6.3045438779e-01,6.3045438779e-01,1.0940240232e+00,1.1597549486e+00,1.0591393445e+00,1.0591393445e+00,1.0940240232e+00,1.1597549486e+00,1.0427462270e+00,1.0427462270e+00,1.0940240232e+00,1.1597549486e+00
2451545.168725,9.9995902562e-01,9.9995902562e-01,1.0964352462e+00,1.1629455330e+00,8.9419432901e-01,8.9419432901e-01,1.0964352462e+00,1.1629455330e+00,8.0168638153e-01,8.0168638153e-01,1.0964352462e+00,1.1629455330e+00,2.2342354456e-01,2.2342354456e-01,1.0964352462e+00,1.1629455330e+00,5.8142182245e-01,5.8142182245e-01,1.0964352462e+00,1.1629455330e+00,1.0520926763e+00,1.0520926763e+00,1.0964352462e+00,1.1629455330e+00,1.0433783761e+00,1.0433783761e+00,1.0964352462e+00,1.1629455330e+00
2451545.169392,9.9998773731e-01,9.9998773731e-01,1.0982885401e+00,1.1658118992e+00,8.8527827224e-01,8.8527827224e-01,1.0982885401e+00,1.1658118992e+00,8.0525986211e-01,8.0525986211e-01,1.0982885401e+00,1.1658118992e+00,2.2699382427e-01,2.2699382427e-01,1.0982885401e+00,1.1658118992e+00,5.2082315337e-01,5.2082315337e-01,1.0982885401e+00,1.1658118992e+00,1.0493218218e+00,1.0493218218e+00,1.0982885401e+00,1.1658118992e+00,1.0439326258e+00,1.0439326258e+00,1.0982885401e+00,1.1658118992e+00
2451545.170058,1.0000162804e+00,1.0000162804e+00,1.0995844157e+00,1.1683506657e+00,8.8872043485e-01,8.8872043485e-01,1.0995844157e+00,1.1683506657e+00,8.1228801204e-01,8.1228801204e-01,1.0995844157e+00,1.1683506657e+00,2.2899106392e-01,2.2899106392e-01,1.0995844157e+00,1.1683506657e+00,5.2726112535e-01,5.2726112535e-01,1.0995844157e+00,1.1683506657e+00,1.0491615287e+00,1.0491615287e+00,1.0995844157e+00,1.1683506657e+00,1.0441222553e+00,1.0441222553e+00,1.0995844157e+00,1.1683506657e+00
2451545.170725,1.0000447342e+00,1.0000447342e+00,1.1003275266e+00,1.1705694118e+00,8.9687448904e-01,8.9687448904e-01,1.1003275266e+00,1.1705694118e+00,8.1841161777e-01,8.1841161777e-01,1.1003275266e+00,1.1705694118e+00,2.2937971307e-01,2.2937971307e-01,1.1003275266e+00,1.1705694118e+00,5.6865710762e-01,5.6865710762e-01,1.1003275266e+00,1.1705694118e+00,1.0471301564e+00,1.0471301564e+00,1.1003275266e+00,1.1705694118e+00,1.0439273726e+00,1.0439273726e+00,1.1003275266e+00,1.1705694118e+00
2451545.171392,1.0000730399e+00,1.0000730399e+00,1.1005150353e+00,1.1724635899e+00,9.0414776279e-01,9.0414776279e-01,1.1005150353e+00,1.1724635899e+00,8.2364317381e-01,8.2364317381e-01,1.1005150353e+00,1.1724635899e+00,2.2810497594e-01,2.2810497594e-01,1.1005150353e+00,1.1724635899e+00,6.1174249030e-01,6.1174249030e-01,1.1005150353e+00,1.1724635899e+00,1.0429130138e+00,1.0429130138e+00,1.1005150353e+00,1.1724635899e+00,1.0433218164e+00,1.0433218164e+00,1.1005150353e+00,1.1724635899e+00
2451545.172059,1.0001011910e+00,1.0001011910e+00,1.1001450689e+00,1.1740322672e+00,9.1158794622e-01,9.1158794622e-01,1.1001450689e+00,1.1740322672e+00,8.2800096752e-01,8.2800096752e-01,1.1001450689e+00,1.1740322672e+00,2.2510457242e-01,2.2510457242e-01,1.1001450689e+00,1.1740322672e+00,6.5989903370e-01,6.5989903370e-01,1.1001450689e+00,1.1740322672e+00,1.0360526900e+00,1.0360526900e+00,1.1001450689e+00,1.1740322672e+00,1.0422737408e+00,1.0422737408e+00,1.1001450689e+00,1.1740322672e+00
2451545.172726,1.0001291700e+00,1.0001291700e+00,1.0992145628e+00,1.1752741610e+00,9.1792671455e-01,9.1792671455e-01,1.0992145628e+00,1.1752741610e+00,8.3149755020e-01,8.3149755020e-01,1.0992145628e+00,1.1752741610e+00,2.2030499597e-01,2.2030499597e-01,1.0992145628e+00,1.1752741610e+00,7.0375044231e-01,7.0375044231e-01,1.0992145628e+00,1.1752741610e+00,1.0258669702e+00,1.0258669702e+00,1.0992145628e+00,1.1752741610e+00,1.0407434429e+00,1.0407434429e+00,1.0992145628e+00,1.1752741610e+00
2451545.173393,1.0001569701e+00,1.0001569701e+00,1.0977192606e+00,1.1761876388e+00,9.2335626466e-01,9.2335626466e-01,1.0977192606e+00,1.1761876388e+00,8.3413979382e-01,8.3413979382e-01,1.0977192606e+00,1.1761876388e+00,2.1361803874e-01,2.1361803874e-01,1.0977192606e+00,1.1761876388e+00,7.4355222251e-01,7.4355222251e-01,1.0977192606e+00,1.1761876388e+00,1.0113036464e+00,1.0113036464e+00,1.0977192606e+00,1.1761876388e+00,1.0386812273e+00,1.0386812273e+00,1.0977192606e+00,1.1761876388e+00
2451545.174060,1.0001845811e+00,1.0001845811e+00,1.0956533169e+00,1.1767706019e+00,9.2802057902e-01,9.2802057902e-01,1.0956533169e+00,1.1767706019e+00,8.3686211575e-01,8.3686211575e-01,1.0956533169e+00,1.1767706019e+00,2.2302954947e-01,2.2302954947e-01,1.0956533169e+00,1.1767706019e+00,7.7952658594e-01,7.7952658594e-01,1.0956533169e+00,1.1767706019e+00,9.9161234406e-01,9.9161234406e-01,1.0956533169e+00,1.1767706019e+00,1.0385722288e+00,1.0385722288e+00,1.0956533169e+00,1.1767706019e+00
2451545.174727,1.0002119857e+00,1.0002119857e+00,1.0930097512e+00,1.1770204265e+00,9.3202959735e-01,9.3202959735e-01,1.0930097512e+00,1.1770204265e+00,8.5939706210e-01,8.5939706210e-01,1.0930097512e+00,1.1770204265e+00,2.3301601503e-01,2.3301601503e-01,1.0930097512e+00,1.1770204265e+00,8.1186787532e-01,8.1186787532e-01,1.0930097512e+00,1.1770204265e+00,9.9122241895e-01,9.9122241895e-01,1.0930097512e+00,1.1770204265e+00,1.0378444011e+00,1.0378444011e+00,1.0930097512e+00,1.1770204265e+00
2451545.175394,1.0002391804e+00,1.0002391804e+00,1.0897798804e+00,1.1769341394e+00,9.3546864479e-01,9.3546864479e-01,1.0897798804e+00,1.1769341394e+00,8.8035889552e-01,8.8035889552e-01,1.0897798804e+00,1.1769341394e+00,2.4233343738e-01,2.4233343738e-01,1.0897798804e+00,1.1769341394e+00,8.4074478405e-01,8.4074478405e-01,1.0897798804e+00,1.1769341394e+00,9.9473152037e-01,9.9473152037e-01,1.0897798804e+00,1.1769341394e+00,1.0362148524e+00,1.0362148524e+00,1.0897798804e+00,1.1769341394e+00
2451545.176061,1.0002661516e+00,1.0002661516e+00,1.0859537161e+00,1.1765083006e+00,9.3840486279e-01,9.3840486279e-01,1.0859537161e+00,1.1765083006e+00,8.9742801417e-01,8.9742801417e-01,1.0859537161e+00,1.1765083006e+00,2.5099464676e-01,2.5099464676e-01,1.0859537161e+00,1.1765083006e+00,8.6630306915e-01,8.6630306915e-01,1.0859537161e+00,1.1765083006e+00,9.9852241215e-01,9.9852241215e-01,1.0859537161e+00,1.1765083006e+00,1.0335561629e+00,1.0335561629e+00,1.0859537161e+00,1.1765083006e+00
2451545.176727,1.0002928476e+00,1.0002928476e+00,1.0815266615e+00,1.1757402865e+00,9.4088830658e-01,9.4088830658e-01,1.0815266615e+00,1.1757402865e+00,9.1084414186e-01,9.1084414186e-01,1.0815266615e+00,1.1757402865e+00,2.5900071235e-01,2.5900071235e-01,1.0815266615e+00,1.1757402865e+00,8.8863768234e-01,8.8863768234e-01,1.0815266615e+00,1.1757402865e+00,1.0016600601e+00,1.0016600601e+00,1.0815266615e+00,1.1757402865e+00,1.0297018757e+00,1.0297018757e+00,1.0815266615e+00,1.1757402865e+00
2451545.177394,1.0003193372e+00,1.0003193372e+00,1.0764720430e+00,1.1746233342e+00,9.4296944434e-01,9.4296944434e-01,1.0764720430e+00,1.1746233342e+00,9.2141851167e-01,9.2141851167e-01,1.0764720430e+00,1.1746233342e+00,2.6638638270e-01,2.6638638270e-01,1.0764720430e+00,1.1746233342e+00,9.0792274283e-01,9.0792274283e-01,1.0764720430e+00,1.1746233342e+00,1.0041825864e+00,1.0041825864e+00,1.0764720430e+00,1.1746233342e+00,1.0244014239e+00,1.0244014239e+00,1.0764720430e+00,1.1746233342e+00
2451545.178061,1.0003455722e+00,1.0003455722e+00,1.0707807804e+00,1.1731532459e+00,9.4467922723e-01,9.4467922723e-01,1.0707807804e+00,1.1731532459e+00,9.2965147108e-01,9.2965147108e-01,1.0707807804e+00,1.1731532459e+00,2.7314978673e-01,2.7314978673e-01,1.0707807804e+00,1.1731532459e+00,9.2421324863e-01,9.2421324863e-01,1.0707807804e+00,1.1731532459e+00,1.0061088557e+00,1.0061088557e+00,1.0707807804e+00,1.1731532459e+00,1.0173219517e+00,1.0173219517e+00,1.0707807804e+00,1.1731532459e+00
2451545.178728,1.0003715424e+00,1.0003715424e+00,1.0644357913e+00,1.1713243662e+00,9.4604630543e-01,9.4604630543e-01,1.0644357913e+00,1.1713243662e+00,9.3590802953e-01,9.3590802953e-01,1.0644357913e+00,1.1713243662e+00,3.0707880413e-01,3.0707880413e-01,1.0644357913e+00,1.1713243662e+00,9.3758417458e-01,9.3758417458e-01,1.0644357913e+00,1.1713243662e+00,1.0074593048e+00,1.0074593048e+00,1.0644357913e+00,1.1713243662e+00,1.0126144482e+00,1.0126144482e+00,1.0644357913e+00,1.1713243662e+00
2451545.179395,1.0003972375e+00,1.0003972375e+00,1.0574176098e+00,1.1691304568e+00,9.4709427876e-01,9.4709427876e-01,1.0574176098e+00,1.1691304568e+00,9.4044869713e-01,9.4044869713e-01,1.0574176098e+00,1.1691304568e+00,3.7222939242e-01,3.7222939242e-01,1.0574176098e+00,1.1691304568e+00,9.4809594449e-01,9.4809594449e-01,1.0574176098e+00,1.1691304568e+00,1.0082511700e+00,1.0082511700e+00,1.0574176098e+00,1.1691304568e+00,1.0133345362e+00,1.0133345362e+00,1.0574176098e+00,1.1691304568e+00
2451545.180062,1.0004226470e+00,1.0004226470e+00,1.0497046701e+00,1.1665645798e+00,9.4784269964e-01,9.4784269964e-01,1.0497046701e+00,1.1665645798e+00,9.4346197027e-01,9.4346197027e-01,1.0497046701e+00,1.1665645798e+00,4.3363087961e-01,4.3363087961e-01,1.0497046701e+00,1.1665645798e+00,9.5579541765e-01,9.5579541765e-01,1.0497046701e+00,1.1665645798e+00,1.0084987682e+00,1.0084987682e+00,1.0497046701e+00,1.1665645798e+00,1.0148797416e+00,1.0148797416e+00,1.0497046701e+00,1.1665645798e+00
2451545.180729,1.0004477572e+00,1.0004477572e+00,1.0412726824e+00,1.1636190393e+00,9.5004514045e-01,9.5004514045e-01,1.0412726824e+00,1.1636190393e+00,9.4508511795e-01,9.4508511795e-01,1.0412726824e+00,1.1636190393e+00,4.9236929150e-01,4.9236929150e-01,1.0412726824e+00,1.1636190393e+00,9.7156011299e-01,9.7156011299e-01,1.0412726824e+00,1.1636190393e+00,1.0082142268e+00,1.0082142268e+00,1.0412726824e+00,1.1636190393e+00,1.0172275805e+00,1.0172275805e+00,1.0412726824e+00,1.1636190393e+00
2451545.181396,1.0004725648e+00,1.0004725648e+00,1.0320945758e+00,1.1602855564e+00,9.5452145869e-01,9.5452145869e-01,1.0320945758e+00,1.1602855564e+00,9.4541752814e-01,9.4541752814e-01,1.0320945758e+00,1.1602855564e+00,5.4394094890e-01,5.4394094890e-01,1.0320945758e+00,1.1602855564e+00,1.0013209357e+00,1.0013209357e+00,1.0320945758e+00,1.1602855564e+00,1.0074074832e+00,1.0074074832e+00,1.0320945758e+00,1.1602855564e+00,1.0194468090e+00,1.0194468090e+00,1.0320945758e+00,1.1602855564e+00
2451545.182063,1.0004970559e+00,1.0004970559e+00,1.0222500303e+00,1.1566673841e+00,9.5869759910e-01,9.5869759910e-01,1.0222500303e+00,1.1566673841e+00,9.4452956754e-01,9.4452956754e-01,1.0222500303e+00,1.1566673841e+00,5.8908252103e-01,5.8908252103e-01,1.0222500303e+00,1.1566673841e+00,1.0296717874e+00,1.0296717874e+00,1.0222500303e+00,1.1566673841e+00,1.0060866224e+00,1.0060866224e+00,1.0222500303e+00,1.1566673841e+00,1.0214375340e+00,1.0214375340e+00,1.0222500303e+00,1.1566673841e+00
2451545.182729,1.0005211858e+00,1.0005211858e+00,1.0142394831e+00,1.1551610901e+00,9.6257467088e-01,9.6257467088e-01,1.0142394831e+00,1.1551610901e+00,9.4247257714e-01,9.4247257714e-01,1.0142394831e+00,1.1551610901e+00,6.2880946741e-01,6.2880946741e-01,1.0142394831e+00,1.1551610901e+00,1.0566439896e+00,1.0566439896e+00,1.0142394831e+00,1.1551610901e+00,1.0042611329e+00,1.0042611329e+00,1.0142394831e+00,1.1551610901e+00,1.0232012266e+00,1.0232012266e+00,1.0142394831e+00,1.1551610901e+00
2451545.183396,1.0005450199e+00,1.0005450199e+00,1.0055560838e+00,1.1530777799e+00,9.6616967768e-01,9.6616967768e-01,1.0055560838e+00,1.1530777799e+00,9.3926881984e-01,9.3926881984e-01,1.0055560838e+00,1.1530777799e+00,6.6405572211e-01,6.6405572211e-01,1.0055560838e+00,1.1530777799e+00,1.0823835462e+00,1.0823835462e+00,1.0055560838e+00,1.1530777799e+00,1.0019305092e+00,1.0019305092e+00,1.0055560838e+00,1.1530777799e+00,1.0247468522e+00,1.0247468522e+00,1.0055560838e+00,1.1530777799e+00
2451545.184063,1.0005685100e+00,1.0005685100e+00,9.9618887958e-01,1.1504204269e+00,9.6948081413e-01,9.6948081413e-01,9.9618887958e-01,1.1504204269e+00,9.3493249393e-01,9.3493249393e-01,9.9618887958e-01,1.1504204269e+00,6.9539035942e-01,6.9539035942e-01,9.9618887958e-01,1.1504204269e+00,1.1069089541e+00,1.1069089541e+00,9.9618887958e-01,1.1504204269e+00,9.9910059052e-01,9.9910059052e-01,9.9618887958e-01,1.1504204269e+00,1.0260750880e+00,1.0260750880e+00,9.9618887958e-01,1.1504204269e+00
2451545.184730,1.0005916459e+00,1.0005916459e+00,9.8611329663e-01,1.1471876900e+00,9.7251136059e-01,9.7251136059e-01,9.8611329663e-01,1.1471876900e+00,9.2946064616e-01,9.2946064616e-01,9.8611329663e-01,1.1471876900e+00,7.2331135278e-01,7.2331135278e-01,9.8611329663e-01,1.1471876900e+00,1.1302754580e+00,1.1302754580e+00,9.8611329663e-01,1.1471876900e+00,9.9577351031e-01,9.9577351031e-01,9.8611329663e-01,1.1471876900e+00,1.0271891908e+00,1.0271891908e+00,9.8611329663e-01,1.1471876900e+00
2451545.185397,1.0006144205e+00,1.0006144205e+00,9.7530226428e-01,1.1433756632e+00,9.7526372425e-01,9.7526372425e-01,9.7530226428e-01,1.1433756632e+00,9.2283618180e-01,9.2283618180e-01,9.7530226428e-01,1.1433756632e+00,7.4821537023e-01,7.4821537023e-01,9.7530226428e-01,1.1433756632e+00,1.1525336165e+00,1.1525336165e+00,9.7530226428e-01,1.1433756632e+00,9.9195027916e-01,9.9195027916e-01,9.7530226428e-01,1.1433756632e+00,1.0280922776e+00,1.0280922776e+00,9.7530226428e-01,1.1433756632e+00
2451545.186064,1.0006368237e+00,1.0006368237e+00,9.7457470342e-01,1.1496507804e+00,9.7773958069e-01,9.7773958069e-01,9.7457470342e-01,1.1496507804e+00,9.1502775105e-01,9.1502775105e-01,9.7457470342e-01,1.1496507804e+00,7.7042316762e-01,7.7042316762e-01,9.7457470342e-01,1.1496507804e+00,1.1737307823e+00,1.1737307823e+00,9.7457470342e-01,1.1496507804e+00,9.8763072865e-01,9.8763072865e-01,9.7457470342e-01,1.1496507804e+00,1.0287873135e+00,1.0287873135e+00,9.7457470342e-01,1.1496507804e+00
2451545.186731,1.0006588519e+00,1.0006588519e+00,9.7374907507e-01,1.1550685063e+00,9.7993989751e-01,9.7993989751e-01,9.7374907507e-01,1.1550685063e+00,9.0598912429e-01,9.0598912429e-01,9.7374907507e-01,1.1550685063e+00,7.9019669553e-01,7.9019669553e-01,9.7374907507e-01,1.1550685063e+00,1.1939093753e+00,1.1939093753e+00,9.7374907507e-01,1.1550685063e+00,9.8281351131e-01,9.8281351131e-01,9.7374907507e-01,1.1550685063e+00,1.0292771704e+00,1.0292771704e+00,9.7374907507e-01,1.1550685063e+00
2451545.187398,1.0006804880e+00,1.0006804880e+00,9.7263264938e-01,1.1594474632e+00,9.8186500510e-01,9.8186500510e-01,9.7263264938e-01,1.1594474632e+00,8.9565782908e-01,8.9565782908e-01,9.7263264938e-01,1.1594474632e+00,8.0775086037e-01,8.0775086037e-01,9.7263264938e-01,1.1594474632e+00,1.2131098425e+00,1.2131098425e+00,9.7263264938e-01,1.1594474632e+00,9.7749638133e-01,9.7749638133e-01,9.7263264938e-01,1.1594474632e+00,1.0295645799e+00,1.0295645799e+00,9.7263264938e-01,1.1594474632e+00
2451545.188065,1.0007017320e+00,1.0007017320e+00,9.7122344003e-01,1.1627982618e+00,9.8351458487e-01,9.8351458487e-01,9.7122344003e-01,1.1627982618e+00,8.8923395806e-01,8.8923395806e-01,9.7122344003e-01,1.1627982618e+00,8.2326394893e-01,8.2326394893e-01,9.7122344003e-01,1.1627982618e+00,1.2313686847e+00,1.2313686847e+00,9.7122344003e-01,1.1627982618e+00,9.7657381122e-01,9.7657381122e-01,9.7122344003e-01,1.1627982618e+00,1.0296522620e+00,1.0296522620e+00,9.7122344003e-01,1.1627982618e+00
2451545.188732,1.0007225701e+00,1.0007225701e+00,9.6951889318e-01,1.1651271406e+00,9.8555921372e-01,9.8555921372e-01,9.6951889318e-01,1.1651271406e+00,8.8501473959e-01,8.8501473959e-01,9.6951889318e-01,1.1651271406e+00,8.3688564726e-01,8.3688564726e-01,9.6951889318e-01,1.1651271406e+00,1.2525979121e+00,1.2525979121e+00,9.6951889318e-01,1.1651271406e+00,9.7745359905e-01,9.7745359905e-01,9.6951889318e-01,1.1651271406e+00,1.0295428199e+00,1.0295428199e+00,9.6951889318e-01,1.1651271406e+00
2451545.189398,1.0007429644e+00,1.0007429644e+00,9.6751929259e-01,1.1664347409e+00,9.8743690929e-01,9.8743690929e-01,9.6751929259e-01,1.1664347409e+00,8.8193672228e-01,8.8193672228e-01,9.6751929259e-01,1.1664347409e+00,8.4872340857e-01,8.4872340857e-01,9.6751929259e-01,1.1664347409e+00,1.2730477957e+00,1.2730477957e+00,9.6751929259e-01,1.1664347409e+00,9.7917067316e-01,9.7917067316e-01,9.6751929259e-01,1.1664347409e+00,1.0292394873e+00,1.0292394873e+00,9.6751929259e-01,1.1664347409e+00
2451545.190065,1.0007629701e+00,1.0007629701e+00,9.6521533093e-01,1.1667226952e+00,9.8908569847e-01,9.8908569847e-01,9.6521533093e-01,1.1667226952e+00,8.7808393308e-01,8.7808393308e-01,9.6521533093e-01,1.1667226952e+00,8.5891836542e-01,8.5891836542e-01,9.6521533093e-01,1.1667226952e+00,1.2924112838e+00,1.2924112838e+00,9.6521533093e-01,1.1667226952e+00,9.7995069181e-01,9.7995069181e-01,9.6521533093e-01,1.1667226952e+00,1.0287439336e+00,1.0287439336e+00,9.6521533093e-01,1.1667226952e+00
2451545.190732,1.0007825492e+00,1.0007825492e+00,9.6260598666e-01,1.1659813835e+00,9.9050394106e-01,9.9050394106e-01,9.6260598666e-01,1.1659813835e+00,8.7483025462e-01,8.7483025462e-01,9.6260598666e-01,1.1659813835e+00,8.6753974761e-01,8.6753974761e-01,9.6260598666e-01,1.1659813835e+00,1.3107090932e+00,1.3107090932e+00,9.6260598666e-01,1.1659813835e+00,9.8117779091e-01,9.8117779091e-01,9.6260598666e-01,1.1659813835e+00,1.0280590889e+00,1.0280590889e+00,9.6260598666e-01,1.1659813835e+00
2451545.191399,1.0008016949e+00,1.0008016949e+00,9.5968706014e-01,1.1641994953e+00,9.9224553651e-01,9.9224553651e-01,9.5968706014e-01,1.1641994953e+00,8.7730274357e-01,8.7730274357e-01,9.5968706014e-01,1.1641994953e+00,8.7466159629e-01,8.7466159629e-01,9.5968706014e-01,1.1641994953e+00,1.3313422213e+00,1.3313422213e+00,9.5968706014e-01,1.1641994953e+00,9.8752803995e-01,9.8752803995e-01,9.5968706014e-01,1.1641994953e+00,1.0271876148e+00,1.0271876148e+00,9.5968706014e-01,1.1641994953e+00
2451545.192066,1.0008203969e+00,1.0008203969e+00,9.5645372744e-01,1.1613608227e+00,9.9420625622e-01,9.9420625622e-01,9.5645372744e-01,1.1613608227e+00,8.8061872409e-01,8.8061872409e-01,9.5645372744e-01,1.1613608227e+00,8.8034645883e-01,8.8034645883e-01,9.5645372744e-01,1.1613608227e+00,1.3535527807e+00,1.3535527807e+00,9.5645372744e-01,1.1613608227e+00,9.9399074688e-01,9.9399074688e-01,9.5645372744e-01,1.1613608227e+00,1.0261321729e+00,1.0261321729e+00,9.5645372744e-01,1.1613608227e+00
2451545.192733,1.0008386517e+00,1.0008386517e+00,9.5290082413e-01,1.1574442601e+00,9.9592429905e-01,9.9592429905e-01,9.5290082413e-01,1.1574442601e+00,8.8562271005e-01,8.8562271005e-01,9.5290082413e-01,1.1574442601e+00,8.8464538888e-01,8.8464538888e-01,9.5290082413e-01,1.1574442601e+00,1.3745425325e+00,1.3745425325e+00,9.5290082413e-01,1.1574442601e+00,1.0015649509e+00,1.0015649509e+00,9.5290082413e-01,1.1574442601e+00,1.0248955650e+00,1.0248955650e+00,9.5290082413e-01,1.1574442601e+00
2451545.193400,1.0008564490e+00,1.0008564490e+00,9.4902250475e-01,1.1524231635e+00,9.9739826081e-01,9.9739826081e-01,9.4902250475e-01,1.1524231635e+00,8.9039560476e-01,8.9039560476e-01,9.4902250475e-01,1.1524231635e+00,8.8760088658e-01,8.8760088658e-01,9.4902250475e-01,1.1524231635e+00,1.3943551298e+00,1.3943551298e+00,9.4902250475e-01,1.1524231635e+00,1.0084315068e+00,1.0084315068e+00,9.4902250475e-01,1.1524231635e+00,1.0234806162e+00,1.0234806162e+00,9.4902250475e-01,1.1524231635e+00
2451545.194067,1.0008737820e+00,1.0008737820e+00,9.4481241308e-01,1.1462651170e+00,9.9862633611e-01,9.9862633611e-01,9.4481241308e-01,1.1462651170e+00,8.9469035810e-01,8.9469035810e-01,9.4481241308e-01,1.1462651170e+00,8.8924476023e-01,8.8924476023e-01,9.4481241308e-01,1.1462651170e+00,1.4130307731e+00,1.4130307731e+00,9.4481241308e-01,1.1462651170e+00,1.0143754927e+00,1.0143754927e+00,9.4481241308e-01,1.1462651170e+00,1.0218903149e+00,1.0218903149e+00,9.4481241308e-01,1.1462651170e+00
2451545.194734,1.0008906471e+00,1.0008906471e+00,9.4026339836e-01,1.1389312914e+00,9.9960634197e-01,9.9960634197e-01,9.4026339836e-01,1.1389312914e+00,8.9851492111e-01,8.9851492111e-01,9.4026339836e-01,1.1389312914e+00,8.9590846265e-01,8.9590846265e-01,9.4026339836e-01,1.1389312914e+00,1.4306057164e+00,1.4306057164e+00,9.4026339836e-01,1.1389312914e+00,1.0194272827e+00,1.0194272827e+00,9.4026339836e-01,1.1389312914e+00,1.0210752720e+00,1.0210752720e+00,9.4026339836e-01,1.1389312914e+00
2451545.195400,1.0009070135e+00,1.0009070135e+00,9.3537546058e-01,1.1303894454e+00,1.0003346558e+00,1.0003346558e+00,9.3537546058e-01,1.1303894454e+00,9.0187122476e-01,9.0187122476e-01,9.3537546058e-01,1.1303894454e+00,9.1558790218e-01,9.1558790218e-01,9.3537546058e-01,1.1303894454e+00,1.4470890851e+00,1.4470890851e+00,9.3537546058e-01,1.1303894454e+00,1.0236063029e+00,1.0236063029e+00,9.3537546058e-01,1.1303894454e+00,1.0223537539e+00,1.0223537539e+00,9.3537546058e-01,1.1303894454e+00
2451545.196067,1.0009229190e+00,1.0009229190e+00,9.3012544494e-01,1.1205602883e+00,1.0008102393e+00,1.0008102393e+00,9.3012544494e-01,1.1205602883e+00,9.0477426243e-01,9.0477426243e-01,9.3012544494e-01,1.1205602883e+00,9.3307898505e-01,9.3307898505e-01,9.3012544494e-01,1.1205602883e+00,1.4625607867e+00,1.4625607867e+00,9.3012544494e-01,1.1205602883e+00,1.0269453981e+00,1.0269453981e+00,9.3012544494e-01,1.1205602883e+00,1.0234943096e+00,1.0234943096e+00,9.3012544494e-01,1.1205602883e+00
2451545.196734,1.0009383394e+00,1.0009383394e+00,9.2451113809e-01,1.1093929223e+00,1.0010278059e+00,1.0010278059e+00,9.2451113809e-01,1.1093929223e+00,9.0722170561e-01,9.0722170561e-01,9.2451113809e-01,1.1093929223e+00,9.4837796909e-01,9.4837796909e-01,9.2451113809e-01,1.1093929223e+00,1.4770220541e+00,1.4770220541e+00,9.2451113809e-01,1.1093929223e+00,1.0294536075e+00,1.0294536075e+00,9.2451113809e-01,1.1093929223e+00,1.0244956783e+00,1.0244956783e+00,9.2451113809e-01,1.1093929223e+00
2451545.197401,1.0009532645e+00,1.0009532645e+00,9.1852249494e-01,1.0968145280e+00,1.0009824589e+00,1.0009824589e+00,9.1852249494e-01,1.0968145280e+00,9.0921338391e-01,9.0921338391e-01,9.1852249494e-01,1.0968145280e+00,9.6147897378e-01,9.6147897378e-01,9.1852249494e-01,1.0968145280e+00,1.4904982901e+00,1.4904982901e+00,9.1852249494e-01,1.0968145280e+00,1.0311427216e+00,1.0311427216e+00,9.1852249494e-01,1.0968145280e+00,1.0253585955e+00,1.0253585955e+00,9.1852249494e-01,1.0968145280e+00
2451545.198068,1.0009676909e+00,1.0009676909e+00,9.1297822008e-01,1.0836190639e+00,1.0006679442e+00,1.0006679442e+00,9.1297822008e-01,1.0836190639e+00,9.1074395878e-01,9.1074395878e-01,9.1297822008e-01,1.0836190639e+00,9.7231544230e-01,9.7231544230e-01,9.1297822008e-01,1.0836190639e+00,1.5030114446e+00,1.5030114446e+00,9.1297822008e-01,1.0836190639e+00,1.0320205443e+00,1.0320205443e+00,9.1297822008e-01,1.0836190639e+00,1.0260837032e+00,1.0260837032e+00,9.1297822008e-01,1.0836190639e+00
2451545.198735,1.0009816151e+00,1.0009816151e+00,9.0808846625e-01,1.0701571591e+00,1.0000760373e+00,1.0000760373e+00,9.0808846625e-01,1.0701571591e+00,9.1179786891e-01,9.1179786891e-01,9.0808846625e-01,1.0701571591e+00,9.8068342738e-01,9.8068342738e-01,9.0808846625e-01,1.0701571591e+00,1.5145822343e+00,1.5145822343e+00,9.0808846625e-01,1.0701571591e+00,1.0320912867e+00,1.0320912867e+00,9.0808846625e-01,1.0701571591e+00,1.0266716085e+00,1.0266716085e+00,9.0808846625e-01,1.0701571591e+00
2451545.199402,1.0009950267e+00,1.0009950267e+00,9.0266410840e-01,1.0551605088e+00,9.9919518601e-01,9.9919518601e-01,9.0266410840e-01,1.0551605088e+00,9.1313273465e-01,9.1313273465e-01,9.0266410840e-01,1.0551605088e+00,9.8598097726e-01,9.8598097726e-01,9.0266410840e-01,1.0551605088e+00,1.5252289096e+00,1.5252289096e+00,9.0266410840e-01,1.0551605088e+00,1.0321499579e+00,1.0321499579e+00,9.0266410840e-01,1.0551605088e+00,1.0271228368e+00,1.0271228368e+00,9.0266410840e-01,1.0551605088e+00
2451545.200069,1.0010079224e+00,1.0010079224e+00,8.9916608429e-01,1.0411728935e+00,9.9800759619e-01,9.9800759619e-01,8.9916608429e-01,1.0411728935e+00,9.1407470552e-01,9.1407470552e-01,8.9916608429e-01,1.0411728935e+00,9.9182274287e-01,9.9182274287e-01,8.9916608429e-01,1.0411728935e+00,1.5349675013e+00,1.5349675013e+00,8.9916608429e-01,1.0411728935e+00,1.0316506629e+00,1.0316506629e+00,8.9916608429e-01,1.0411728935e+00,1.0278320331e+00,1.0278320331e+00,8.9916608429e-01,1.0411728935e+00
2451545.200736,1.0010202986e+00,1.0010202986e+00,8.9699191450e-01,1.0281138564e+00,9.9648210424e-01,9.9648210424e-01,8.9699191450e-01,1.0281138564e+00,9.1430034463e-01,9.1430034463e-01,8.9699191450e-01,1.0281138564e+00,9.9605885823e-01,9.9605885823e-01,8.9699191450e-01,1.0281138564e+00,1.5438125606e+00,1.5438125606e+00,8.9699191450e-01,1.0281138564e+00,1.0306024409e+00,1.0306024409e+00,8.9699191450e-01,1.0281138564e+00,1.0282471658e+00,1.0282471658e+00,8.9699191450e-01,1.0281138564e+00
2451545.201403,1.0010321520e+00,1.0010321520e+00,8.9391743070e-01,1.0136716594e+00,9.9455252449e-01,9.9455252449e-01,8.9391743070e-01,1.0136716594e+00,9.1487452318e-01,9.1487452318e-01,8.9391743070e-01,1.0136716594e+00,9.9846987291e-01,9.9846987291e-01,8.9391743070e-01,1.0136716594e+00,1.5517771587e+00,1.5517771587e+00,8.9391743070e-01,1.0136716594e+00,1.0292188664e+00,1.0292188664e+00,8.9391743070e-01,1.0136716594e+00,1.0284401108e+00,1.0284401108e+00,8.9391743070e-01,1.0136716594e+00
2451545.202069,1.0010434620e+00,1.0010434620e+00,8.9030561879e-01,9.9811204372e-01,9.9360171160e-01,9.9360171160e-01,8.9030561879e-01,9.9811204372e-01,9.1502956843e-01,9.1502956843e-01,8.9030561879e-01,9.9811204372e-01,9.9907102280e-01,9.9907102280e-01,8.9030561879e-01,9.9811204372e-01,1.5675906863e+00,1.5675906863e+00,8.9030561879e-01,9.9811204372e-01,1.0266367706e+00,1.0266367706e+00,8.9030561879e-01,9.9811204372e-01,1.0284521231e+00,1.0284521231e+00,8.9030561879e-01,9.9811204372e-01
2451545.202736,1.0010542525e+00,1.0010542525e+00,8.9004291370e-01,9.8501289474e-01,9.9434347734e-01,9.9434347734e-01,8.9004291370e-01,9.8501289474e-01,9.1476803606e-01,9.1476803606e-01,8.9004291370e-01,9.8501289474e-01,9.9787513814e-01,9.9787513814e-01,8.9004291370e-01,9.8501289474e-01,1.5919720636e+00,1.5919720636e+00,8.9004291370e-01,9.8501289474e-01,1.0230563653e+00,1.0230563653e+00,8.9004291370e-01,9.8501289474e-01,1.0283022896e+00,1.0283022896e+00,8.9004291370e-01,9.8501289474e-01
2451545.203403,1.0010645064e+00,1.0010645064e+00,8.8917869398e-01,9.7000545855e-01,9.9493466447e-01,9.9493466447e-01,8.8917869398e-01,9.7000545855e-01,9.1495386318e-01,9.1495386318e-01,8.8917869398e-01,9.7000545855e-01,9.9488569377e-01,9.9488569377e-01,8.8917869398e-01,9.7000545855e-01,1.6136955331e+00,1.6136955331e+00,8.8917869398e-01,9.7000545855e-01,1.0193754049e+00,1.0193754049e+00,8.8917869398e-01,9.7000545855e-01,1.0280004980e+00,1.0280004980e+00,8.8917869398e-01,9.7000545855e-01
2451545.204070,1.0010742238e+00,1.0010742238e+00,8.8773724948e-01,9.5296182026e-01,9.9537727897e-01,9.9537727897e-01,8.8773724948e-01,9.5296182026e-01,9.1501730111e-01,9.1501730111e-01,8.8773724948e-01,9.5296182026e-01,9.9010402620e-01,9.9010402620e-01,8.8773724948e-01,9.5296182026e-01,1.6332476915e+00,1.6332476915e+00,8.8773724948e-01,9.5296182026e-01,1.0150103772e+00,1.0150103772e+00,8.8773724948e-01,9.5296182026e-01,1.0275526435e+00,1.0275526435e+00,8.8773724948e-01,9.5296182026e-01
2451545.204737,1.0010833942e+00,1.0010833942e+00,8.8573798941e-01,9.3373056924e-01,9.9567333863e-01,9.9567333863e-01,8.8573798941e-01,9.3373056924e-01,9.1468500450e-01,9.1468500450e-01,8.8573798941e-01,9.3373056924e-01,9.9650551073e-01,9.9650551073e-01,8.8573798941e-01,9.3373056924e-01,1.6508786193e+00,1.6508786193e+00,8.8573798941e-01,9.3373056924e-01,1.0096729790e+00,1.0096729790e+00,8.8573798941e-01,9.3373056924e-01,1.0288696957e+00,1.0288696957e+00,8.8573798941e-01,9.3373056924e-01
2451545.205404,1.0010920142e+00,1.0010920142e+00,8.8319600979e-01,9.1213271791e-01,9.9598256699e-01,9.9598256699e-01,8.8319600979e-01,9.1213271791e-01,9.1395748450e-01,9.1395748450e-01,8.8319600979e-01,9.1213271791e-01,1.0045853502e+00,1.0045853502e+00,8.8319600979e-01,9.1213271791e-01,1.6677055406e+00,1.6677055406e+00,8.8319600979e-01,9.1213271791e-01,1.0033349695e+00,1.0033349695e+00,8.8319600979e-01,9.1213271791e-01,1.0304855977e+00,1.0304855977e+00,8.8319600979e-01,9.1213271791e-01
2451545.206071,1.0011000873e+00,1.0011000873e+00,8.8012277453e-01,8.8795598821e-01,9.9616506435e-01,9.9616506435e-01,8.8012277453e-01,8.8795598821e-01,9.1283513865e-01,9.1283513865e-01,8.8012277453e-01,8.8795598821e-01,1.0116644314e+00,1.0116644314e+00,8.8012277453e-01,8.8795598821e-01,1.6829611961e+00,1.6829611961e+00,8.8012277453e-01,8.8795598821e-01,9.9595906862e-01,9.9595906862e-01,8.8012277453e-01,8.8795598821e-01,1.0319956182e+00,1.0319956182e+00,8.8012277453e-01,8.8795598821e-01
2451545.206738,1.0011076066e+00,1.0011076066e+00,8.7684455098e-01,8.6127658102e-01,9.9619645210e-01,9.9619645210e-01,8.7684455098e-01,8.6127658102e-01,9.2384817860e-01,9.2384817860e-01,8.7684455098e-01,8.6127658102e-01,1.0177558520e+00,1.0177558520e+00,8.7684455098e-01,8.6127658102e-01,1.6965720909e+00,1.6965720909e+00,8.7684455098e-01,8.6127658102e-01,1.0005063983e+00,1.0005063983e+00,8.7684455098e-01,8.6127658102e-01,1.0333974106e+00,1.0333974106e+00,8.7684455098e-01,8.6127658102e-01
2451545.207405,1.0011145687e+00,1.0011145687e+00,8.9804636699e-01,8.5932882327e-01,9.9607845303e-01,9.9607845303e-01,8.9804636699e-01,8.5932882327e-01,9.3524888846e-01,9.3524888846e-01,8.9804636699e-01,8.5932882327e-01,1.0228713729e+00,1.0228713729e+00,8.9804636699e-01,8.5932882327e-01,1.7086080206e+00,1.7086080206e+00,8.9804636699e-01,8.5932882327e-01,1.0062188994e+00,1.0062188994e+00,8.9804636699e-01,8.5932882327e-01,1.0346883718e+00,1.0346883718e+00,8.9804636699e-01,8.5932882327e-01
2451545.208072,1.0011209701e+00,1.0011209701e+00,9.1849332440e-01,8.5853929574e-01,9.9581288433e-01,9.9581288433e-01,9.1849332440e-01,8.5853929574e-01,9.4558211463e-01,9.4558211463e-01,9.1849332440e-01,8.5853929574e-01,1.0270195477e+00,1.0270195477e+00,9.1849332440e-01,8.5853929574e-01,1.7191262029e+00,1.7191262029e+00,9.1849332440e-01,8.5853929574e-01,1.0116266470e+00,1.0116266470e+00,9.1849332440e-01,8.5853929574e-01,1.0358657818e+00,1.0358657818e+00,9.1849332440e-01,8.5853929574e-01
2451545.208738,1.0011268039e+00,1.0011268039e+00,9.3651447358e-01,8.5695790861e-01,9.9540227117e-01,9.9540227117e-01,9.3651447358e-01,8.5695790861e-01,9.5743824861e-01,9.5743824861e-01,9.3651447358e-01,8.5695790861e-01,1.0302035839e+00,1.0302035839e+00,9.3651447358e-01,8.5695790861e-01,1.7281621521e+00,1.7281621521e+00,9.3651447358e-01,8.5695790861e-01,1.0192264530e+00,1.0192264530e+00,9.3651447358e-01,8.5695790861e-01,1.0369253679e+00,1.0369253679e+00,9.3651447358e-01,8.5695790861e-01
2451545.209405,1.0011320840e+00,1.0011320840e+00,9.5228358919e-01,8.5450805286e-01,9.9484727436e-01,9.9484727436e-01,9.5228358919e-01,8.5450805286e-01,9.7060096535e-01,9.7060096535e-01,9.5228358919e-01,8.5450805286e-01,1.0324373810e+00,1.0324373810e+00,9.5228358919e-01,8.5450805286e-01,1.7357827043e+00,1.7357827043e+00,9.5228358919e-01,8.5450805286e-01,1.0285998708e+00,1.0285998708e+00,9.5228358919e-01,8.5450805286e-01,1.0378675386e+00,1.0378675386e+00,9.5228358919e-01,8.5450805286e-01
2451545.210072,1.0011367965e+00,1.0011367965e+00,9.6585713950e-01,8.5149126714e-01,9.9415032466e-01,9.9415032466e-01,9.6585713950e-01,8.5149126714e-01,9.8293160593e-01,9.8293160593e-01,9.6585713950e-01,8.5149126714e-01,1.0337171968e+00,1.0337171968e+00,9.6585713950e-01,8.5149126714e-01,1.7420073433e+00,1.7420073433e+00,9.6585713950e-01,8.5149126714e-01,1.0375853848e+00,1.0375853848e+00,9.6585713950e-01,8.5149126714e-01,1.0386878580e+00,1.0386878580e+00,9.6585713950e-01,8.5149126714e-01
2451545.210739,1.0011409448e+00,1.0011409448e+00,9.7789764755e-01,8.4695017208e-01,9.9331340447e-01,9.9331340447e-01,9.7789764755e-01,8.4695017208e-01,9.9446595003e-01,9.9446595003e-01,9.7789764755e-01,8.4695017208e-01,1.0340432986e+00,1.0340432986e+00,9.7789764755e-01,8.4695017208e-01,1.7468639378e+00,1.7468639378e+00,9.7789764755e-01,8.4695017208e-01,1.0461898445e+00,1.0461898445e+00,9.7789764755e-01,8.4695017208e-01,1.0393836411e+00,1.0393836411e+00,9.7789764755e-01,8.4695017208e-01
2451545.211406,1.0011445256e+00,1.0011445256e+00,9.8843127604e-01,8.4120612905e-01,9.9233856697e-01,9.9233856697e-01,9.8843127604e-01,8.4120612905e-01,1.0052363697e+00,1.0052363697e+00,9.8843127604e-01,8.4120612905e-01,1.0334127460e+00,1.0334127460e+00,9.8843127604e-01,8.4120612905e-01,1.7503754244e+00,1.7503754244e+00,9.8843127604e-01,8.4120612905e-01,1.0544197067e+00,1.0544197067e+00,9.8843127604e-01,8.4120612905e-01,1.0399522613e+00,1.0399522613e+00,9.8843127604e-01,8.4120612905e-01
2451545.212073,1.0011475354e+00,1.0011475354e+00,1.0013437221e+00,8.3793188110e-01,9.9122790075e-01,9.9122790075e-01,1.0013437221e+00,8.3793188110e-01,1.0152720567e+00,1.0152720567e+00,1.0013437221e+00,8.3793188110e-01,1.0318207279e+00,1.0318207279e+00,1.0013437221e+00,8.3793188110e-01,1.7525605466e+00,1.7525605466e+00,1.0013437221e+00,8.3793188110e-01,1.0622805857e+00,1.0622805857e+00,1.0013437221e+00,8.3793188110e-01,1.0403911853e+00,1.0403911853e+00,1.0013437221e+00,8.3793188110e-01
2451545.212740,1.0011499742e+00,1.0011499742e+00,1.0142304595e+00,8.3405723775e-01,9.8998361237e-01,9.8998361237e-01,1.0142304595e+00,8.3405723775e-01,1.0245993629e+00,1.0245993629e+00,1.0142304595e+00,8.3405723775e-01,1.0292597599e+00,1.0292597599e+00,1.0142304595e+00,8.3405723775e-01,1.7534341023e+00,1.7534341023e+00,1.0142304595e+00,8.3405723775e-01,1.0697778714e+00,1.0697778714e+00,1.0142304595e+00,8.3405723775e-01,1.0406979733e+00,1.0406979733e+00,1.0142304595e+00,8.3405723775e-01
2451545.213407,1.0011518420e+00,1.0011518420e+00,1.0290754252e+00,8.3454295285e-01,9.8860792024e-01,9.8860792024e-01,1.0290754252e+00,8.3454295285e-01,1.0332421984e+00,1.0332421984e+00,1.0290754252e+00,8.3454295285e-01,1.0258421065e+00,1.0258421065e+00,1.0290754252e+00,8.3454295285e-01,1.7530066963e+00,1.7530066963e+00,1.0290754252e+00,8.3454295285e-01,1.0769164485e+00,1.0769164485e+00,1.0290754252e+00,8.3454295285e-01,1.0408885251e+00,1.0408885251e+00,1.0290754252e+00,8.3454295285e-01
2451545.214074,1.0011531353e+00,1.0011531353e+00,1.0407329707e+00,8.3462445923e-01,9.8710318433e-01,9.8710318433e-01,1.0407329707e+00,8.3462445923e-01,1.0412218604e+00,1.0412218604e+00,1.0407329707e+00,8.3462445923e-01,1.0273092971e+00,1.0273092971e+00,1.0407329707e+00,8.3462445923e-01,1.7512852343e+00,1.7512852343e+00,1.0407329707e+00,8.3462445923e-01,1.0837006963e+00,1.0837006963e+00,1.0407329707e+00,8.3462445923e-01,1.0417843392e+00,1.0417843392e+00,1.0407329707e+00,8.3462445923e-01
2451545.214740,1.0011538577e+00,1.0011538577e+00,1.0498605679e+00,8.3430204842e-01,9.8547431339e-01,9.8547431339e-01,1.0498605679e+00,8.3430204842e-01,1.0485472088e+00,1.0485472088e+00,1.0498605679e+00,8.3430204842e-01,1.0280903376e+00,1.0280903376e+00,1.0498605679e+00,8.3430204842e-01,1.7482795814e+00,1.7482795814e+00,1.0498605679e+00,8.3430204842e-01,1.0901252248e+00,1.0901252248e+00,1.0498605679e+00,8.3430204842e-01,1.0425218211e+00,1.0425218211e+00,1.0498605679e+00,8.3430204842e-01
2451545.215407,1.0011540125e+00,1.0011540125e+00,1.0568534380e+00,8.3357309682e-01,9.8371891206e-01,9.8371891206e-01,1.0568534380e+00,8.3357309682e-01,1.0552573740e+00,1.0552573740e+00,1.0568534380e+00,8.3357309682e-01,1.0281911084e+00,1.0281911084e+00,1.0568534380e+00,8.3357309682e-01,1.7439811055e+00,1.7439811055e+00,1.0568534380e+00,8.3357309682e-01,1.0962129973e+00,1.0962129973e+00,1.0568534380e+00,8.3357309682e-01,1.0431013096e+00,1.0431013096e+00,1.0568534380e+00,8.3357309682e-01
2451545.216074,1.0011535894e+00,1.0011535894e+00,1.0620431263e+00,8.3256901743e-01,9.8184192449e-01,9.8184192449e-01,1.0620431263e+00,8.3256901743e-01,1.0613563315e+00,1.0613563315e+00,1.0620431263e+00,8.3256901743e-01,1.0276126787e+00,1.0276126787e+00,1.0620431263e+00,8.3256901743e-01,1.7383907933e+00,1.7383907933e+00,1.0620431263e+00,8.3256901743e-01,1.1019572763e+00,1.1019572763e+00,1.0620431263e+00,8.3256901743e-01,1.0435198511e+00,1.0435198511e+00,1.0620431263e+00,8.3256901743e-01
2451545.216741,1.0011525987e+00,1.0011525987e+00,1.0667295376e+00,8.3255654078e-01,9.8039204634e-01,9.8039204634e-01,1.0667295376e+00,8.3255654078e-01,1.0668577117e+00,1.0668577117e+00,1.0667295376e+00,8.3255654078e-01,1.0263563850e+00,1.0263563850e+00,1.0667295376e+00,8.3255654078e-01,1.7347754764e+00,1.7347754764e+00,1.0667295376e+00,8.3255654078e-01,1.1073609814e+00,1.1073609814e+00,1.0667295376e+00,8.3255654078e-01,1.0437758697e+00,1.0437758697e+00,1.0667295376e+00,8.3255654078e-01
2451545.217408,1.0011510336e+00,1.0011510336e+00,1.0696333114e+00,8.3218917902e-01,9.7894281719e-01,9.7894281719e-01,1.0696333114e+00,8.3218917902e-01,1.0717734411e+00,1.0717734411e+00,1.0696333114e+00,8.3218917902e-01,1.0244232965e+00,1.0244232965e+00,1.0696333114e+00,8.3218917902e-01,1.7303662647e+00,1.7303662647e+00,1.0696333114e+00,8.3218917902e-01,1.1124265269e+00,1.1124265269e+00,1.0696333114e+00,8.3218917902e-01,1.0438679995e+00,1.0438679995e+00,1.0696333114e+00,8.3218917902e-01
2451545.218075,1.0011488975e+00,1.0011488975e+00,1.0707918471e+00,8.3146448347e-01,9.7738360110e-01,9.7738360110e-01,1.0707918471e+00,8.3146448347e-01,1.0761140833e+00,1.0761140833e+00,1.0707918471e+00,8.3146448347e-01,1.0218120768e+00,1.0218120768e+00,1.0707918471e+00,8.3146448347e-01,1.7244656947e+00,1.7244656947e+00,1.0707918471e+00,8.3146448347e-01,1.1171562146e+00,1.1171562146e+00,1.0707918471e+00,8.3146448347e-01,1.0437949914e+00,1.0437949914e+00,1.0707918471e+00,8.3146448347e-01
2451545.218742,1.0011461904e+00,1.0011461904e+00,1.0702094579e+00,8.3037901430e-01,9.7571661647e-01,9.7571661647e-01,1.0702094579e+00,8.3037901430e-01,1.0798886116e+00,1.0798886116e+00,1.0702094579e+00,8.3037901430e-01,1.0185213892e+00,1.0185213892e+00,1.0702094579e+00,8.3037901430e-01,1.7170673540e+00,1.7170673540e+00,1.0702094579e+00,8.3037901430e-01,1.1215516728e+00,1.1215516728e+00,1.0702094579e+00,8.3037901430e-01,1.0435557948e+00,1.0435557948e+00,1.0702094579e+00,8.3037901430e-01
2451545.219409,1.0011443433e+00,1.0011443433e+00,1.0678602081e+00,8.2893551172e-01,9.7394834144e-01,9.7394834144e-01,1.0678602081e+00,8.2893551172e-01,1.0831120193e+00,1.0831120193e+00,1.0678602081e+00,8.2893551172e-01,1.0145763598e+00,1.0145763598e+00,1.0678602081e+00,8.2893551172e-01,1.7081608844e+00,1.7081608844e+00,1.0678602081e+00,8.2893551172e-01,1.1256144735e+00,1.1256144735e+00,1.0678602081e+00,8.2893551172e-01,1.0431495108e+00,1.0431495108e+00,1.0678602081e+00,8.2893551172e-01
2451545.220076,1.0011478106e+00,1.0011478106e+00,1.0636872322e+00,8.2715099995e-01,9.7209429288e-01,9.7209429288e-01,1.0636872322e+00,8.2715099995e-01,1.0858134981e+00,1.0858134981e+00,1.0636872322e+00,8.2715099995e-01,1.0100611868e+00,1.0100611868e+00,1.0636872322e+00,8.2715099995e-01,1.6977327214e+00,1.6977327214e+00,1.0636872322e+00,8.2715099995e-01,1.1293456273e+00,1.1293456273e+00,1.0636872322e+00,8.2715099995e-01,1.0425753806e+00,1.0425753806e+00,1.0636872322e+00,8.2715099995e-01
2451545.220743,1.0011506587e+00,1.0011506587e+00,1.0575989893e+00,8.2498938996e-01,9.7013921352e-01,9.7013921352e-01,1.0575989893e+00,8.2498938996e-01,1.0879674344e+00,1.0879674344e+00,1.0575989893e+00,8.2498938996e-01,1.0048534486e+00,1.0048534486e+00,1.0575989893e+00,8.2498938996e-01,1.6857651076e+00,1.6857651076e+00,1.0575989893e+00,8.2498938996e-01,1.1327459202e+00,1.1327459202e+00,1.0575989893e+00,8.2498938996e-01,1.0418328556e+00,1.0418328556e+00,1.0575989893e+00,8.2498938996e-01
2451545.221409,1.0011528911e+00,1.0011528911e+00,1.0582965851e+00,8.3111105592e-01,9.6808861392e-01,9.6808861392e-01,1.0582965851e+00,8.3111105592e-01,1.0895753615e+00,1.0895753615e+00,1.0582965851e+00,8.3111105592e-01,9.9895661989e-01,9.9895661989e-01,1.0582965851e+00,8.3111105592e-01,1.6722585363e+00,1.6722585363e+00,1.0582965851e+00,8.3111105592e-01,1.1358114783e+00,1.1358114783e+00,1.0582965851e+00,8.3111105592e-01,1.0409229746e+00,1.0409229746e+00,1.0582965851e+00,8.3111105592e-01
2451545.222076,1.0011545078e+00,1.0011545078e+00,1.0593954744e+00,8.3835999368e-01,9.6593872990e-01,9.6593872990e-01,1.0593954744e+00,8.3835999368e-01,1.0906445490e+00,1.0906445490e+00,1.0593954744e+00,8.3835999368e-01,9.9234530758e-01,9.9234530758e-01,1.0593954744e+00,8.3835999368e-01,1.6571471580e+00,1.6571471580e+00,1.0593954744e+00,8.3835999368e-01,1.1385514531e+00,1.1385514531e+00,1.0593954744e+00,8.3835999368e-01,1.0398427842e+00,1.0398427842e+00,1.0593954744e+00,8.3835999368e-01
2451545.222743,1.0011555088e+00,1.0011555088e+00,1.0586867552e+00,8.4467842936e-01,9.6369496583e-01,9.6369496583e-01,1.0586867552e+00,8.4467842936e-01,1.0911733499e+00,1.0911733499e+00,1.0586867552e+00,8.4467842936e-01,9.8501924436e-01,9.8501924436e-01,1.0586867552e+00,8.4467842936e-01,1.6404211075e+00,1.6404211075e+00,1.0586867552e+00,8.4467842936e-01,1.1409607917e+00,1.1409607917e+00,1.0586867552e+00,8.4467842936e-01,1.0385934168e+00,1.0385934168e+00,1.0586867552e+00,8.4467842936e-01
2451545.223410,1.0011558940e+00,1.0011558940e+00,1.0558685635e+00,8.5009149116e-01,9.6135978787e-01,9.6135978787e-01,1.0558685635e+00,8.5009149116e-01,1.0911617073e+00,1.0911617073e+00,1.0558685635e+00,8.5009149116e-01,9.7696773836e-01,9.7696773836e-01,1.0558685635e+00,8.5009149116e-01,1.6220470901e+00,1.6220470901e+00,1.0558685635e+00,8.5009149116e-01,1.1430388202e+00,1.1430388202e+00,1.0558685635e+00,8.5009149116e-01,1.0371749542e+00,1.0371749542e+00,1.0558685635e+00,8.5009149116e-01
2451545.224077,1.0011556567e+00,1.0011556567e+00,1.0504907423e+00,8.5461900182e-01,9.5893566222e-01,9.5893566222e-01,1.0504907423e+00,8.5461900182e-01,1.0906083718e+00,1.0906083718e+00,1.0504907423e+00,8.5461900182e-01,9.6817983043e-01,9.6817983043e-01,1.0504907423e+00,8.5461900182e-01,1.6019876183e+00,1.6019876183e+00,1.0504907423e+00,8.5461900182e-01,1.1447844720e+00,1.1447844720e+00,1.0504907423e+00,8.5461900182e-01,1.0355876413e+00,1.0355876413e+00,1.0504907423e+00,8.5461900182e-01
2451545.224744,1.0011548036e+00,1.0011548036e+00,1.0418655139e+00,8.5827518707e-01,9.5642506685e-01,9.5642506685e-01,1.0418655139e+00,8.5827518707e-01,1.0895108445e+00,1.0895108445e+00,1.0418655139e+00,8.5827518707e-01,9.5864242303e-01,9.5864242303e-01,1.0418655139e+00,8.5827518707e-01,1.5802005189e+00,1.5802005189e+00,1.0418655139e+00,8.5827518707e-01,1.1461964557e+00,1.1461964557e+00,1.0418655139e+00,8.5827518707e-01,1.0338318753e+00,1.0338318753e+00,1.0418655139e+00,8.5827518707e-01
2451545.225411,1.0011533348e+00,1.0011533348e+00,1.0289023316e+00,8.6106879221e-01,9.5473983956e-01,9.5473983956e-01,1.0289023316e+00,8.6106879221e-01,1.0878652068e+00,1.0878652068e+00,1.0289023316e+00,8.6106879221e-01,9.4894944906e-01,9.4894944906e-01,1.0289023316e+00,8.6106879221e-01,1.5621414451e+00,1.5621414451e+00,1.0289023316e+00,8.6106879221e-01,1.1472728623e+00,1.1472728623e+00,1.0289023316e+00,8.6106879221e-01,1.0319987351e+00,1.0319987351e+00,1.0289023316e+00,8.6106879221e-01
2451545.226078,1.0011512434e+00,1.0011512434e+00,1.0097784907e+00,8.6300308217e-01,9.5329943674e-01,9.5329943674e-01,1.0097784907e+00,8.6300308217e-01,1.0856664607e+00,1.0856664607e+00,1.0097784907e+00,8.6300308217e-01,9.4573601021e-01,9.4573601021e-01,1.0097784907e+00,8.6300308217e-01,1.5440638743e+00,1.5440638743e+00,1.0097784907e+00,8.6300308217e-01,1.1480116146e+00,1.1480116146e+00,1.0097784907e+00,8.6300308217e-01,1.0310503655e+00,1.0310503655e+00,1.0097784907e+00,8.6300308217e-01
2451545.226745,1.0011485398e+00,1.0011485398e+00,1.0075454123e+00,8.8417101355e-01,9.5182274921e-01,9.5182274921e-01,1.0075454123e+00,8.8417101355e-01,1.0829080752e+00,1.0829080752e+00,1.0075454123e+00,8.8417101355e-01,9.4209970825e-01,9.4209970825e-01,1.0075454123e+00,8.8417101355e-01,1.5242071306e+00,1.5242071306e+00,1.0075454123e+00,8.8417101355e-01,1.1484100176e+00,1.1484100176e+00,1.0075454123e+00,8.8417101355e-01,1.0299375468e+00,1.0299375468e+00,1.0075454123e+00,8.8417101355e-01
2451545.227411,1.0011452239e+00,1.0011452239e+00,1.0105538368e+00,9.0471458735e-01,9.5025506079e-01,9.5025506079e-01,1.0105538368e+00,9.0471458735e-01,1.0795876648e+00,1.0795876648e+00,1.0105538368e+00,9.0471458735e-01,9.3804455263e-01,9.3804455263e-01,1.0105538368e+00,9.0471458735e-01,1.5022029987e+00,1.5022029987e+00,1.0105538368e+00,9.0471458735e-01,1.1484653201e+00,1.1484653201e+00,1.0105538368e+00,9.0471458735e-01,1.0286621235e+00,1.0286621235e+00,1.0105538368e+00,9.0471458735e-01
2451545.228078,1.0011412888e+00,1.0011412888e+00,1.0148651173e+00,9.2186625949e-01,9.4859187573e-01,9.4859187573e-01,1.0148651173e+00,9.2186625949e-01,1.0756858631e+00,1.0756858631e+00,1.0148651173e+00,9.2186625949e-01,9.3355557475e-01,9.3355557475e-01,1.0148651173e+00,9.2186625949e-01,1.4779266849e+00,1.4779266849e+00,1.0148651173e+00,9.2186625949e-01,1.1481742097e+00,1.1481742097e+00,1.0148651173e+00,9.2186625949e-01,1.0272203132e+00,1.0272203132e+00,1.0148651173e+00,9.2186625949e-01
2451545.228745,1.0011367414e+00,1.0011367414e+00,1.0184914577e+00,9.3510422586e-01,9.4683564840e-01,9.4683564840e-01,1.0184914577e+00,9.3510422586e-01,1.0711964797e+00,1.0711964797e+00,1.0184914577e+00,9.3510422586e-01,9.2863518028e-01,9.2863518028e-01,1.0184914577e+00,9.3510422586e-01,1.4513434146e+00,1.4513434146e+00,1.0184914577e+00,9.3510422586e-01,1.1475323071e+00,1.1475323071e+00,1.0184914577e+00,9.3510422586e-01,1.0256142522e+00,1.0256142522e+00,1.0184914577e+00,9.3510422586e-01
2451545.229412,1.0011315818e+00,1.0011315818e+00,1.0214630501e+00,9.4532389065e-01,9.4498653220e-01,9.4498653220e-01,1.0214630501e+00,9.4532389065e-01,1.0661067929e+00,1.0661067929e+00,1.0214630501e+00,9.4532389065e-01,9.2327909246e-01,9.2327909246e-01,1.0214630501e+00,9.4532389065e-01,1.4223791997e+00,1.4223791997e+00,1.0214630501e+00,9.4532389065e-01,1.1465352329e+00,1.1465352329e+00,1.0214630501e+00,9.4532389065e-01,1.0238445709e+00,1.0238445709e+00,1.0214630501e+00,9.4532389065e-01
2451545.230079,1.0011258133e+00,1.0011258133e+00,1.0238052626e+00,9.5311667074e-01,9.4304465694e-01,9.4304465694e-01,1.0238052626e+00,9.5311667074e-01,1.0604026612e+00,1.0604026612e+00,1.0238052626e+00,9.5311667074e-01,9.1748249997e-01,9.1748249997e-01,1.0238052626e+00,9.5311667074e-01,1.3909514196e+00,1.3909514196e+00,1.0238052626e+00,9.5311667074e-01,1.1451780465e+00,1.1451780465e+00,1.0238052626e+00,9.5311667074e-01,1.0219121799e+00,1.0219121799e+00,1.0238052626e+00,9.5311667074e-01
2451545.230746,1.0011194360e+00,1.0011194360e+00,1.0255396043e+00,9.5888706633e-01,9.4201093791e-01,9.4201093791e-01,1.0255396043e+00,9.5888706633e-01,1.0540677851e+00,1.0540677851e+00,1.0255396043e+00,9.5888706633e-01,9.1124032417e-01,9.1124032417e-01,1.0255396043e+00,9.5888706633e-01,1.3631855691e+00,1.3631855691e+00,1.0255396043e+00,9.5888706633e-01,1.1434551334e+00,1.1434551334e+00,1.0255396043e+00,9.5888706633e-01,1.0198182816e+00,1.0198182816e+00,1.0255396043e+00,9.5888706633e-01
2451545.231413,1.0011124533e+00,1.0011124533e+00,1.0266840655e+00,9.6291930035e-01,9.4160437212e-01,9.4160437212e-01,1.0266840655e+00,9.6291930035e-01,1.0470839338e+00,1.0470839338e+00,1.0266840655e+00,9.6291930035e-01,9.0454588264e-01,9.0454588264e-01,1.0266840655e+00,9.6291930035e-01,1.3376773495e+00,1.3376773495e+00,1.0266840655e+00,9.6291930035e-01,1.1413604860e+00,1.1413604860e+00,1.0266840655e+00,9.6291930035e-01,1.0175643819e+00,1.0175643819e+00,1.0266840655e+00,9.6291930035e-01
2451545.232080,1.0011048651e+00,1.0011048651e+00,1.0272538557e+00,9.6541655574e-01,9.4109521794e-01,9.4109521794e-01,1.0272538557e+00,9.6541655574e-01,1.0394305483e+00,1.0394305483e+00,1.0272538557e+00,9.6541655574e-01,9.0882530004e-01,9.0882530004e-01,1.0272538557e+00,9.6541655574e-01,1.3099768553e+00,1.3099768553e+00,1.0272538557e+00,9.6541655574e-01,1.1388873109e+00,1.1388873109e+00,1.0272538557e+00,9.6541655574e-01,1.0168987523e+00,1.0168987523e+00,1.0272538557e+00,9.6541655574e-01
2451545.232747,1.0010966820e+00,1.0010966820e+00,1.0272617443e+00,9.6652552066e-01,9.4048264938e-01,9.4048264938e-01,1.0272617443e+00,9.6652552066e-01,1.0310847409e+00,1.0310847409e+00,1.0272617443e+00,9.6652552066e-01,9.2814442385e-01,9.2814442385e-01,1.0272617443e+00,9.6652552066e-01,1.2799920945e+00,1.2799920945e+00,1.0272617443e+00,9.6652552066e-01,1.1360282531e+00,1.1360282531e+00,1.0272617443e+00,9.6652552066e-01,1.0185495007e+00,1.0185495007e+00,1.0272617443e+00,9.6652552066e-01
2451545.233414,1.0010878968e+00,1.0010878968e+00,1.0267180599e+00,9.6635195520e-01,9.3976589944e-01,9.3976589944e-01,1.0267180599e+00,9.6635195520e-01,1.0220208412e+00,1.0220208412e+00,1.0267180599e+00,9.6635195520e-01,9.4628877943e-01,9.4628877943e-01,1.0267180599e+00,9.6635195520e-01,1.2476207166e+00,1.2476207166e+00,1.0267180599e+00,9.6635195520e-01,1.1327751155e+00,1.1327751155e+00,1.0267180599e+00,9.6635195520e-01,1.0201618539e+00,1.0201618539e+00,1.0267180599e+00,9.6635195520e-01
2451545.234080,1.0010785338e+00,1.0010785338e+00,1.0256334721e+00,9.6497392592e-01,9.3894549912e-01,9.3894549912e-01,1.0256334721e+00,9.6497392592e-01,1.0122254460e+00,1.0122254460e+00,1.0256334721e+00,9.6497392592e-01,9.6272778316e-01,9.6272778316e-01,1.0256334721e+00,9.6497392592e-01,1.2128032841e+00,1.2128032841e+00,1.0256334721e+00,9.6497392592e-01,1.1291249224e+00,1.1291249224e+00,1.0256334721e+00,9.6497392592e-01,1.0216496707e+00,1.0216496707e+00,1.0256334721e+00,9.6497392592e-01
2451545.234747,1.0010685688e+00,1.0010685688e+00,1.0240114995e+00,9.6243836603e-01,9.3801826245e-01,9.3801826245e-01,1.0240114995e+00,9.6243836603e-01,1.0029173926e+00,1.0029173926e+00,1.0240114995e+00,9.6243836603e-01,9.7755632531e-01,9.7755632531e-01,1.0240114995e+00,9.6243836603e-01,1.1753094468e+00,1.1753094468e+00,1.0240114995e+00,9.6243836603e-01,1.1262839432e+00,1.1262839432e+00,1.0240114995e+00,9.6243836603e-01,1.0230163366e+00,1.0230163366e+00,1.0240114995e+00,9.6243836603e-01
2451545.235414,1.0010580156e+00,1.0010580156e+00,1.0218584414e+00,9.5877821624e-01,9.3698464961e-01,9.3698464961e-01,1.0218584414e+00,9.5877821624e-01,9.9433799510e-01,9.9433799510e-01,1.0218584414e+00,9.5877821624e-01,9.9078803801e-01,9.9078803801e-01,1.0218584414e+00,9.5877821624e-01,1.1350494322e+00,1.1350494322e+00,1.0218584414e+00,9.5877821624e-01,1.1242515603e+00,1.1242515603e+00,1.0218584414e+00,9.5877821624e-01,1.0242584079e+00,1.0242584079e+00,1.0218584414e+00,9.5877821624e-01
2451545.236081,1.0010468811e+00,1.0010468811e+00,1.0191781004e+00,9.5400886832e-01,9.3584396442e-01,9.3584396442e-01,1.0191781004e+00,9.5400886832e-01,9.8510297770e-01,9.8510297770e-01,1.0191781004e+00,9.5400886832e-01,1.0024590063e+00,1.0024590063e+00,1.0191781004e+00,9.5400886832e-01,1.0918676181e+00,1.0918676181e+00,1.0191781004e+00,9.5400886832e-01,1.1216365075e+00,1.1216365075e+00,1.0191781004e+00,9.5400886832e-01,1.0253747287e+00,1.0253747287e+00,1.0191781004e+00,9.5400886832e-01
2451545.236748,1.0010351653e+00,1.0010351653e+00,1.0159727464e+00,9.4813108019e-01,9.3494041016e-01,9.3494041016e-01,1.0159727464e+00,9.4813108019e-01,9.7518911200e-01,9.7518911200e-01,1.0159727464e+00,9.4813108019e-01,1.0125999692e+00,1.0125999692e+00,1.0159727464e+00,9.4813108019e-01,1.0477269150e+00,1.0477269150e+00,1.0159727464e+00,9.4813108019e-01,1.1184389531e+00,1.1184389531e+00,1.0159727464e+00,9.4813108019e-01,1.0263640851e+00,1.0263640851e+00,1.0159727464e+00,9.4813108019e-01
2451545.237415,1.0010228784e+00,1.0010228784e+00,1.0122434578e+00,9.4113208369e-01,9.3531273262e-01,9.3531273262e-01,1.0122434578e+00,9.4113208369e-01,9.6457089790e-01,9.6457089790e-01,1.0122434578e+00,9.4113208369e-01,1.0212379238e+00,1.0212379238e+00,1.0122434578e+00,9.4113208369e-01,1.0096219341e+00,1.0096219341e+00,1.0122434578e+00,9.4113208369e-01,1.1146564831e+00,1.1146564831e+00,1.0122434578e+00,9.4113208369e-01,1.0272252395e+00,1.0272252395e+00,1.0122434578e+00,9.4113208369e-01
2451545.238082,1.0010100206e+00,1.0010100206e+00,1.0079901779e+00,9.3298581775e-01,9.3549861655e-01,9.3549861655e-01,1.0079901779e+00,9.3298581775e-01,9.5608855986e-01,9.5608855986e-01,1.0079901779e+00,9.3298581775e-01,1.0283961248e+00,1.0283961248e+00,1.0079901779e+00,9.3298581775e-01,9.6882007817e-01,9.6882007817e-01,1.0079901779e+00,9.3298581775e-01,1.1130862836e+00,1.1130862836e+00,1.0079901779e+00,9.3298581775e-01,1.0279568262e+00,1.0279568262e+00,1.0079901779e+00,9.3298581775e-01
2451545.238749,1.0009965952e+00,1.0009965952e+00,1.0032114310e+00,9.2365275354e-01,9.3550215652e-01,9.3550215652e-01,1.0032114310e+00,9.2365275354e-01,9.5515851555e-01,9.5515851555e-01,1.0032114310e+00,9.2365275354e-01,1.0340930157e+00,1.0340930157e+00,1.0032114310e+00,9.2365275354e-01,9.2516301227e-01,9.2516301227e-01,1.0032114310e+00,9.2365275354e-01,1.1184419849e+00,1.1184419849e+00,1.0032114310e+00,9.2365275354e-01,1.0285574327e+00,1.0285574327e+00,1.0032114310e+00,9.2365275354e-01
2451545.239416,1.0009826126e+00,1.0009826126e+00,9.9790494709e-01,9.1307867006e-01,9.3532711670e-01,9.3532711670e-01,9.9790494709e-01,9.1307867006e-01,9.5395586421e-01,9.5395586421e-01,9.9790494709e-01,9.1307867006e-01,1.0383440997e+00,1.0383440997e+00,9.9790494709e-01,9.1307867006e-01,8.7847538402e-01,8.7847538402e-01,9.9790494709e-01,9.1307867006e-01,1.1227485660e+00,1.1227485660e+00,9.9790494709e-01,9.1307867006e-01,1.0290255762e+00,1.0290255762e+00,9.9790494709e-01,9.1307867006e-01
