2451545.000000,1.0023182040e+00,1.0023182040e+00,1.1163910575e+00,8.8514687888e-01,1.0383168320e+00,1.0383168320e+00,1.1163910575e+00,8.8514687888e-01,9.7463766020e-01,9.7463766020e-01,1.1163910575e+00,8.8514687888e-01,1.5440408658e+00,1.5440408658e+00,1.1163910575e+00,8.8514687888e-01,5.6522664544e-01,5.6522664544e-01,1.1163910575e+00,8.8514687888e-01,8.7203081158e-01,8.7203081158e-01,1.1163910575e+00,8.8514687888e-01,1.0089479998e+00,1.0089479998e+00,1.1163910575e+00,8.8514687888e-01
2451545.000667,1.0022426529e+00,1.0022426529e+00,1.1154753976e+00,8.8778203961e-01,1.0387314678e+00,1.0387314678e+00,1.1154753976e+00,8.8778203961e-01,9.7305069708e-01,9.7305069708e-01,1.1154753976e+00,8.8778203961e-01,1.5508802672e+00,1.5508802672e+00,1.1154753976e+00,8.8778203961e-01,5.5510896963e-01,5.5510896963e-01,1.1154753976e+00,8.8778203961e-01,8.6861638219e-01,8.6861638219e-01,1.1154753976e+00,8.8778203961e-01,1.0071005709e+00,1.0071005709e+00,1.1154753976e+00,8.8778203961e-01
2451545.001334,1.0021661360e+00,1.0021661360e+00,1.1128721089e+00,8.8982883062e-01,1.0389946466e+00,1.0389946466e+00,1.1128721089e+00,8.8982883062e-01,9.7018903060e-01,9.7018903060e-01,1.1128721089e+00,8.8982883062e-01,1.5569903369e+00,1.5569903369e+00,1.1128721089e+00,8.8982883062e-01,5.4420983910e-01,5.4420983910e-01,1.1128721089e+00,8.8982883062e-01,8.6432082062e-01,8.6432082062e-01,1.1128721089e+00,8.8982883062e-01,1.0047454502e+00,1.0047454502e+00,1.1128721089e+00,8.8982883062e-01
2451545.002001,1.0020886809e+00,1.0020886809e+00,1.1084373039e+00,8.9054037827e-01,1.0391147145e+00,1.0391147145e+00,1.1084373039e+00,8.9054037827e-01,9.7465380926e-01,9.7465380926e-01,1.1084373039e+00,8.9054037827e-01,1.5624130927e+00,1.5624130927e+00,1.1084373039e+00,8.9054037827e-01,5.3250944459e-01,5.3250944459e-01,1.1084373039e+00,8.9054037827e-01,8.6802833031e-01,8.6802833031e-01,1.1084373039e+00,8.9054037827e-01,1.0017784591e+00,1.0017784591e+00,1.1084373039e+00,8.9054037827e-01
2451545.002668,1.0020103261e+00,1.0020103261e+00,1.1045801475e+00,8.9001187751e-01,1.0390989179e+00,1.0390989179e+00,1.1045801475e+00,8.9001187751e-01,9.7781654508e-01,9.7781654508e-01,1.1045801475e+00,8.9001187751e-01,1.5872618954e+00,1.5872618954e+00,1.1045801475e+00,8.9001187751e-01,5.1998514697e-01,5.1998514697e-01,1.1045801475e+00,8.9001187751e-01,8.7129726651e-01,8.7129726651e-01,1.1045801475e+00,8.9001187751e-01,1.0008927072e+00,1.0008927072e+00,1.1045801475e+00,8.9001187751e-01
2451545.003334,1.0019312208e+00,1.0019312208e+00,1.0973392077e+00,8.9149318793e-01,1.0389539133e+00,1.0389539133e+00,1.0973392077e+00,8.9149318793e-01,9.7970290233e-01,9.7970290233e-01,1.0973392077e+00,8.9149318793e-01,1.6198818529e+00,1.6198818529e+00,1.0973392077e+00,8.9149318793e-01,5.0663411634e-01,5.0663411634e-01,1.0973392077e+00,8.9149318793e-01,8.7405920554e-01,8.7405920554e-01,1.0973392077e+00,8.9149318793e-01,1.0015247504e+00,1.0015247504e+00,1.0973392077e+00,8.9149318793e-01
2451545.004001,1.0018511636e+00,1.0018511636e+00,1.0867838050e+00,8.9266575970e-01,1.0386848377e+00,1.0386848377e+00,1.0867838050e+00,8.9266575970e-01,9.8040166733e-01,9.8040166733e-01,1.0867838050e+00,8.9266575970e-01,1.6479562154e+00,1.6479562154e+00,1.0867838050e+00,8.9266575970e-01,4.9239045662e-01,4.9239045662e-01,1.0867838050e+00,8.9266575970e-01,8.7633103379e-01,8.7633103379e-01,1.0867838050e+00,8.9266575970e-01,1.0020640100e+00,1.0020640100e+00,1.0867838050e+00,8.9266575970e-01
2451545.004668,1.0017703038e+00,1.0017703038e+00,1.0731585612e+00,8.9352939437e-01,1.0382967602e+00,1.0382967602e+00,1.0731585612e+00,8.9352939437e-01,9.7997783835e-01,9.7997783835e-01,1.0731585612e+00,8.9352939437e-01,1.6722492783e+00,1.6722492783e+00,1.0731585612e+00,8.9352939437e-01,4.7724648668e-01,4.7724648668e-01,1.0731585612e+00,8.9352939437e-01,8.7811592591e-01,8.7811592591e-01,1.0731585612e+00,8.9352939437e-01,1.0025075374e+00,1.0025075374e+00,1.0731585612e+00,8.9352939437e-01
2451545.005335,1.0016886797e+00,1.0016886797e+00,1.0561522228e+00,8.9408620885e-01,1.0377941260e+00,1.0377941260e+00,1.0561522228e+00,8.9408620885e-01,9.7848917675e-01,9.7848917675e-01,1.0561522228e+00,8.9408620885e-01,1.6933793482e+00,1.6933793482e+00,1.0561522228e+00,8.9408620885e-01,4.6117269477e-01,4.6117269477e-01,1.0561522228e+00,8.9408620885e-01,8.7942070400e-01,8.7942070400e-01,1.0561522228e+00,8.9408620885e-01,1.0028533782e+00,1.0028533782e+00,1.0561522228e+00,8.9408620885e-01
2451545.006002,1.0016063225e+00,1.0016063225e+00,1.0352440010e+00,8.9433798928e-01,1.0371809040e+00,1.0371809040e+00,1.0352440010e+00,8.9433798928e-01,9.7598419670e-01,9.7598419670e-01,1.0352440010e+00,8.9433798928e-01,1.7118224228e+00,1.7118224228e+00,1.0352440010e+00,8.9433798928e-01,4.4413714352e-01,4.4413714352e-01,1.0352440010e+00,8.9433798928e-01,8.8025117698e-01,8.8025117698e-01,1.0352440010e+00,8.9433798928e-01,1.0030994978e+00,1.0030994978e+00,1.0352440010e+00,8.9433798928e-01
2451545.006669,1.0015232670e+00,1.0015232670e+00,1.0168338739e+00,9.0122596365e-01,1.0364607005e+00,1.0364607005e+00,1.0168338739e+00,9.0122596365e-01,9.7250417547e-01,9.7250417547e-01,1.0168338739e+00,9.0122596365e-01,1.7279514487e+00,1.7279514487e+00,1.0168338739e+00,9.0122596365e-01,4.2610668278e-01,4.2610668278e-01,1.0168338739e+00,9.0122596365e-01,8.8061247833e-01,8.8061247833e-01,1.0168338739e+00,9.0122596365e-01,1.0032438620e+00,1.0032438620e+00,1.0168338739e+00,9.0122596365e-01
2451545.007336,1.0014395479e+00,1.0014395479e+00,1.0203330821e+00,9.2917709782e-01,1.0356368381e+00,1.0356368381e+00,1.0203330821e+00,9.2917709782e-01,9.6808402450e-01,9.6808402450e-01,1.0203330821e+00,9.2917709782e-01,1.7420630046e+00,1.7420630046e+00,1.0203330821e+00,9.2917709782e-01,4.0704411965e-01,4.0704411965e-01,1.0203330821e+00,9.2917709782e-01,8.8050893094e-01,8.8050893094e-01,1.0203330821e+00,9.2917709782e-01,1.0032843562e+00,1.0032843562e+00,1.0203330821e+00,9.2917709782e-01
2451545.008003,1.0013552034e+00,1.0013552034e+00,1.0235037232e+00,9.5389107390e-01,1.0347123331e+00,1.0347123331e+00,1.0235037232e+00,9.5389107390e-01,9.6275389763e-01,9.6275389763e-01,1.0235037232e+00,9.5389107390e-01,1.7543953961e+00,1.7543953961e+00,1.0235037232e+00,9.5389107390e-01,3.8691104845e-01,3.8691104845e-01,1.0235037232e+00,9.5389107390e-01,8.7994418229e-01,8.7994418229e-01,1.0235037232e+00,9.5389107390e-01,1.0032188431e+00,1.0032188431e+00,1.0235037232e+00,9.5389107390e-01
2451545.008670,1.0012702684e+00,1.0012702684e+00,1.0291615067e+00,9.7828989444e-01,1.0336899979e+00,1.0336899979e+00,1.0291615067e+00,9.7828989444e-01,9.5762298714e-01,9.5762298714e-01,1.0291615067e+00,9.7828989444e-01,1.7651430706e+00,1.7651430706e+00,1.0291615067e+00,9.7828989444e-01,3.6566582932e-01,3.6566582932e-01,1.0291615067e+00,9.7828989444e-01,8.8000328468e-01,8.8000328468e-01,1.0291615067e+00,9.7828989444e-01,1.0030451284e+00,1.0030451284e+00,1.0291615067e+00,9.7828989444e-01
2451545.009337,1.0011847774e+00,1.0011847774e+00,1.0343251932e+00,9.9957413943e-01,1.0325724635e+00,1.0325724635e+00,1.0343251932e+00,9.9957413943e-01,9.5234579701e-01,9.5234579701e-01,1.0343251932e+00,9.9957413943e-01,1.7744655121e+00,1.7744655121e+00,1.0343251932e+00,9.9957413943e-01,3.4326237544e-01,3.4326237544e-01,1.0343251932e+00,9.9957413943e-01,8.8027758731e-01,8.8027758731e-01,1.0343251932e+00,9.9957413943e-01,1.0027609947e+00,1.0027609947e+00,1.0343251932e+00,9.9957413943e-01
2451545.010003,1.0010989008e+00,1.0010989008e+00,1.0389929466e+00,1.0181584593e+00,1.0313640842e+00,1.0313640842e+00,1.0389929466e+00,1.0181584593e+00,9.4626169011e-01,9.4626169011e-01,1.0389929466e+00,1.0181584593e+00,1.7824826400e+00,1.7824826400e+00,1.0389929466e+00,1.0181584593e+00,3.1968977150e-01,3.1968977150e-01,1.0389929466e+00,1.0181584593e+00,8.8007042499e-01,8.8007042499e-01,1.0389929466e+00,1.0181584593e+00,1.0023648191e+00,1.0023648191e+00,1.0389929466e+00,1.0181584593e+00
2451545.010670,1.0010124092e+00,1.0010124092e+00,1.0431821460e+00,1.0344512201e+00,1.0300635788e+00,1.0300635788e+00,1.0431821460e+00,1.0344512201e+00,9.3936798610e-01,9.3936798610e-01,1.0431821460e+00,1.0344512201e+00,1.7893284820e+00,1.7893284820e+00,1.0431821460e+00,1.0344512201e+00,2.9482431076e-01,2.9482431076e-01,1.0431821460e+00,1.0344512201e+00,8.7938206792e-01,8.7938206792e-01,1.0431821460e+00,1.0344512201e+00,1.0018530928e+00,1.0018530928e+00,1.0431821460e+00,1.0344512201e+00
2451545.011337,1.0009254765e+00,1.0009254765e+00,1.0468878729e+00,1.0487088990e+00,1.0286748936e+00,1.0286748936e+00,1.0468878729e+00,1.0487088990e+00,9.3609126876e-01,9.3609126876e-01,1.0468878729e+00,1.0487088990e+00,1.7950812467e+00,1.7950812467e+00,1.0468878729e+00,1.0487088990e+00,2.6864456689e-01,2.6864456689e-01,1.0468878729e+00,1.0487088990e+00,8.8257488025e-01,8.8257488025e-01,1.0468878729e+00,1.0487088990e+00,1.0012239527e+00,1.0012239527e+00,1.0468878729e+00,1.0487088990e+00
2451545.012004,1.0008381303e+00,1.0008381303e+00,1.0501118323e+00,1.0611656136e+00,1.0277440042e+00,1.0277440042e+00,1.0501118323e+00,1.0611656136e+00,9.3421415868e-01,9.3421415868e-01,1.0501118323e+00,1.0611656136e+00,1.7998173021e+00,1.7998173021e+00,1.0501118323e+00,1.0611656136e+00,2.4684064604e-01,2.4684064604e-01,1.0501118323e+00,1.0611656136e+00,8.8716426511e-01,8.8716426511e-01,1.0501118323e+00,1.0611656136e+00,1.0004749759e+00,1.0004749759e+00,1.0501118323e+00,1.0611656136e+00
2451545.012671,1.0007504158e+00,1.0007504158e+00,1.0528544833e+00,1.0720147305e+00,1.0273913415e+00,1.0273913415e+00,1.0528544833e+00,1.0720147305e+00,9.3174140974e-01,9.3174140974e-01,1.0528544833e+00,1.0720147305e+00,1.8036001351e+00,1.8036001351e+00,1.0528544833e+00,1.0720147305e+00,2.3108865338e-01,2.3108865338e-01,1.0528544833e+00,1.0720147305e+00,8.9111203445e-01,8.9111203445e-01,1.0528544833e+00,1.0720147305e+00,9.9960371642e-01,9.9960371642e-01,1.0528544833e+00,1.0720147305e+00
2451545.013338,1.0006623643e+00,1.0006623643e+00,1.0557035089e+00,1.0820020651e+00,1.0275154465e+00,1.0275154465e+00,1.0557035089e+00,1.0820020651e+00,9.3487794523e-01,9.3487794523e-01,1.0557035089e+00,1.0820020651e+00,1.8064828048e+00,1.8064828048e+00,1.0557035089e+00,1.0820020651e+00,2.2042965948e-01,2.2042965948e-01,1.0557035089e+00,1.0820020651e+00,9.0055950052e-01,9.0055950052e-01,1.0557035089e+00,1.0820020651e+00,9.9860765987e-01,9.9860765987e-01,1.0557035089e+00,1.0820020651e+00
2451545.014005,1.0005740175e+00,1.0005740175e+00,1.0588567050e+00,1.0913987808e+00,1.0285413877e+00,1.0285413877e+00,1.0588567050e+00,1.0913987808e+00,9.3979864995e-01,9.3979864995e-01,1.0588567050e+00,1.0913987808e+00,1.8085079424e+00,1.8085079424e+00,1.0588567050e+00,1.0913987808e+00,2.1983740331e-01,2.1983740331e-01,1.0588567050e+00,1.0913987808e+00,9.1137847973e-01,9.1137847973e-01,1.0588567050e+00,1.0913987808e+00,9.9748425748e-01,9.9748425748e-01,1.0588567050e+00,1.0913987808e+00
2451545.014672,1.0004854101e+00,1.0004854101e+00,1.0632375359e+00,1.1011895070e+00,1.0294784461e+00,1.0294784461e+00,1.0632375359e+00,1.1011895070e+00,9.4434879748e-01,9.4434879748e-01,1.0632375359e+00,1.1011895070e+00,1.8097095914e+00,1.8097095914e+00,1.0632375359e+00,1.1011895070e+00,2.1911133364e-01,2.1911133364e-01,1.0632375359e+00,1.1011895070e+00,9.2137623969e-01,9.2137623969e-01,1.0632375359e+00,1.1011895070e+00,9.9623092623e-01,9.9623092623e-01,1.0632375359e+00,1.1011895070e+00
2451545.015339,1.0003965804e+00,1.0003965804e+00,1.0673035718e+00,1.1098599889e+00,1.0303256463e+00,1.0303256463e+00,1.0673035718e+00,1.1098599889e+00,9.4853864011e-01,9.4853864011e-01,1.0673035718e+00,1.1098599889e+00,1.8163376768e+00,1.8163376768e+00,1.0673035718e+00,1.1098599889e+00,2.1824013088e-01,2.1824013088e-01,1.0673035718e+00,1.1098599889e+00,9.3055629279e-01,9.3055629279e-01,1.0673035718e+00,1.1098599889e+00,9.9565589271e-01,9.9565589271e-01,1.0673035718e+00,1.1098599889e+00
2451545.016006,1.0003075665e+00,1.0003075665e+00,1.0709859513e+00,1.1174257726e+00,1.0310820244e+00,1.0310820244e+00,1.0709859513e+00,1.1174257726e+00,9.5237688897e-01,9.5237688897e-01,1.0709859513e+00,1.1174257726e+00,1.8269274010e+00,1.8269274010e+00,1.0709859513e+00,1.1174257726e+00,2.1721085839e-01,2.1721085839e-01,1.0709859513e+00,1.1174257726e+00,9.3892120575e-01,9.3892120575e-01,1.0709859513e+00,1.1174257726e+00,9.9566600768e-01,9.9566600768e-01,1.0709859513e+00,1.1174257726e+00
2451545.016672,1.0002185388e+00,1.0002185388e+00,1.0742798870e+00,1.1239516886e+00,1.0317456413e+00,1.0317456413e+00,1.0742798870e+00,1.1239516886e+00,9.5586568832e-01,9.5586568832e-01,1.0742798870e+00,1.1239516886e+00,1.8361323765e+00,1.8361323765e+00,1.0742798870e+00,1.1239516886e+00,2.1601098378e-01,2.1601098378e-01,1.0742798870e+00,1.1239516886e+00,9.4646199501e-01,9.4646199501e-01,1.0742798870e+00,1.1239516886e+00,9.9558976248e-01,9.9558976248e-01,1.0742798870e+00,1.1239516886e+00
2451545.017339,1.0001292678e+00,1.0001292678e+00,1.0781400602e+00,1.1304879906e+00,1.0323173021e+00,1.0323173021e+00,1.0781400602e+00,1.1304879906e+00,9.5902078517e-01,9.5902078517e-01,1.0781400602e+00,1.1304879906e+00,1.8440197705e+00,1.8440197705e+00,1.0781400602e+00,1.1304879906e+00,2.1461988927e-01,2.1461988927e-01,1.0781400602e+00,1.1304879906e+00,9.5320230153e-01,9.5320230153e-01,1.0781400602e+00,1.1304879906e+00,9.9542595701e-01,9.9542595701e-01,1.0781400602e+00,1.1304879906e+00
2451545.018006,1.0000399274e+00,1.0000399274e+00,1.0820523056e+00,1.1366095099e+00,1.0327944894e+00,1.0327944894e+00,1.0820523056e+00,1.1366095099e+00,9.6183963319e-01,9.6183963319e-01,1.0820523056e+00,1.1366095099e+00,1.8505969437e+00,1.8505969437e+00,1.0820523056e+00,1.1366095099e+00,2.1301978694e-01,2.1301978694e-01,1.0820523056e+00,1.1366095099e+00,9.5913003464e-01,9.5913003464e-01,1.0820523056e+00,1.1366095099e+00,9.9517371123e-01,9.9517371123e-01,1.0820523056e+00,1.1366095099e+00
2451545.018673,9.9995055223e-01,9.9995055223e-01,1.0855463329e+00,1.1418955098e+00,1.0331751846e+00,1.0331751846e+00,1.0855463329e+00,1.1418955098e+00,9.6432276845e-01,9.6432276845e-01,1.0855463329e+00,1.1418955098e+00,1.8558645095e+00,1.8558645095e+00,1.0855463329e+00,1.1418955098e+00,2.1118884621e-01,2.1118884621e-01,1.0855463329e+00,1.1418955098e+00,9.6424424871e-01,9.6424424871e-01,1.0855463329e+00,1.1418955098e+00,9.9483204219e-01,9.9483204219e-01,1.0855463329e+00,1.1418955098e+00
2451545.019340,9.9986118053e-01,9.9986118053e-01,1.0886187972e+00,1.1463883285e+00,1.0334565300e+00,1.0334565300e+00,1.0886187972e+00,1.1463883285e+00,9.6646663950e-01,9.6646663950e-01,1.0886187972e+00,1.1463883285e+00,1.8597954785e+00,1.8597954785e+00,1.0886187972e+00,1.1463883285e+00,2.0910078949e-01,2.0910078949e-01,1.0886187972e+00,1.1463883285e+00,9.6854305247e-01,9.6854305247e-01,1.0886187972e+00,1.1463883285e+00,9.9440000128e-01,9.9440000128e-01,1.0886187972e+00,1.1463883285e+00
2451545.020007,9.9977185399e-01,9.9977185399e-01,1.0912654358e+00,1.1501246152e+00,1.0336342618e+00,1.0336342618e+00,1.0912654358e+00,1.1501246152e+00,9.6826233421e-01,9.6826233421e-01,1.0912654358e+00,1.1501246152e+00,1.8623202297e+00,1.8623202297e+00,1.0912654358e+00,1.1501246152e+00,2.0672489223e-01,2.0672489223e-01,1.0912654358e+00,1.1501246152e+00,9.7202313617e-01,9.7202313617e-01,1.0912654358e+00,1.1501246152e+00,9.9387658270e-01,9.9387658270e-01,1.0912654358e+00,1.1501246152e+00
2451545.020674,9.9968260388e-01,9.9968260388e-01,1.0934806086e+00,1.1531365866e+00,1.0337017915e+00,1.0337017915e+00,1.0934806086e+00,1.1531365866e+00,9.6969229634e-01,9.6969229634e-01,1.0934806086e+00,1.1531365866e+00,1.8633010551e+00,1.8633010551e+00,1.0934806086e+00,1.1531365866e+00,2.0402517436e-01,2.0402517436e-01,1.0934806086e+00,1.1531365866e+00,9.7468037953e-01,9.7468037953e-01,1.0934806086e+00,1.1531365866e+00,9.9326076925e-01,9.9326076925e-01,1.0934806086e+00,1.1531365866e+00
2451545.021341,9.9959347538e-01,9.9959347538e-01,1.0952572982e+00,1.1554524241e+00,1.0336486410e+00,1.0336486410e+00,1.0952572982e+00,1.1554524241e+00,9.7072375871e-01,9.7072375871e-01,1.0952572982e+00,1.1554524241e+00,1.8624766465e+00,1.8624766465e+00,1.0952572982e+00,1.1554524241e+00,2.0095837896e-01,2.0095837896e-01,1.0952572982e+00,1.1554524241e+00,9.7650910874e-01,9.7650910874e-01,1.0952572982e+00,1.1554524241e+00,9.9255150941e-01,9.9255150941e-01,1.0952572982e+00,1.1554524241e+00
2451545.022008,9.9950449974e-01,9.9950449974e-01,1.0965868478e+00,1.1570967369e+00,1.0334575279e+00,1.0334575279e+00,1.0965868478e+00,1.1570967369e+00,9.7129614561e-01,9.7129614561e-01,1.0965868478e+00,1.1570967369e+00,1.8593384961e+00,1.8593384961e+00,1.0965868478e+00,1.1570967369e+00,1.9747316366e-01,1.9747316366e-01,1.0965868478e+00,1.1570967369e+00,9.7750236659e-01,9.7750236659e-01,1.0965868478e+00,1.1570967369e+00,9.9174767170e-01,9.9174767170e-01,1.0965868478e+00,1.1570967369e+00
2451545.022674,9.9941585068e-01,9.9941585068e-01,1.0974577805e+00,1.1580899002e+00,1.0330992859e+00,1.0330992859e+00,1.0974577805e+00,1.1580899002e+00,9.7129018185e-01,9.7129018185e-01,1.0974577805e+00,1.1580899002e+00,1.8528199025e+00,1.8528199025e+00,1.0974577805e+00,1.1580899002e+00,1.9351293062e-01,1.9351293062e-01,1.0974577805e+00,1.1580899002e+00,9.7765184497e-01,9.7765184497e-01,1.0974577805e+00,1.1580899002e+00,9.9084950754e-01,9.9084950754e-01,1.0974577805e+00,1.1580899002e+00
2451545.023341,9.9932729890e-01,9.9932729890e-01,1.0978599310e+00,1.1584536124e+00,1.0325177933e+00,1.0325177933e+00,1.0978599310e+00,1.1584536124e+00,9.7044312697e-01,9.7044312697e-01,1.0978599310e+00,1.1584536124e+00,1.8402124015e+00,1.8402124015e+00,1.0978599310e+00,1.1584536124e+00,1.8898874035e-01,1.8898874035e-01,1.0978599310e+00,1.1584536124e+00,9.7694761469e-01,9.7694761469e-01,1.0978599310e+00,1.1584536124e+00,9.8985305097e-01,9.8985305097e-01,1.0978599310e+00,1.1584536124e+00
2451545.024008,9.9923901464e-01,9.9923901464e-01,1.0977760513e+00,1.1582018982e+00,1.0316017367e+00,1.0316017367e+00,1.0977760513e+00,1.1582018982e+00,9.6805507681e-01,9.6805507681e-01,1.0977760513e+00,1.1582018982e+00,1.8195172317e+00,1.8195172317e+00,1.0977760513e+00,1.1582018982e+00,1.8381084481e-01,1.8381084481e-01,1.0977760513e+00,1.1582018982e+00,9.7537623416e-01,9.7537623416e-01,1.0977760513e+00,1.1582018982e+00,9.8943823409e-01,9.8943823409e-01,1.0977760513e+00,1.1582018982e+00
2451545.024675,9.9915103959e-01,9.9915103959e-01,1.0971872536e+00,1.1573487819e+00,1.0302667917e+00,1.0302667917e+00,1.0971872536e+00,1.1573487819e+00,9.6144971052e-01,9.6144971052e-01,1.0971872536e+00,1.1573487819e+00,1.8004221137e+00,1.8004221137e+00,1.0971872536e+00,1.1573487819e+00,1.7970345734e-01,1.7970345734e-01,1.0971872536e+00,1.1573487819e+00,9.7292277583e-01,9.7292277583e-01,1.0971872536e+00,1.1573487819e+00,9.8984293599e-01,9.8984293599e-01,1.0971872536e+00,1.1573487819e+00
2451545.025342,9.9906340501e-01,9.9906340501e-01,1.0960705841e+00,1.1559059729e+00,1.0277291941e+00,1.0277291941e+00,1.0960705841e+00,1.1559059729e+00,9.5678169498e-01,9.5678169498e-01,1.0960705841e+00,1.1559059729e+00,1.7917465018e+00,1.7917465018e+00,1.0960705841e+00,1.1559059729e+00,1.7640905768e-01,1.7640905768e-01,1.0960705841e+00,1.1559059729e+00,9.7704690670e-01,9.7704690670e-01,1.0960705841e+00,1.1559059729e+00,9.9181765362e-01,9.9181765362e-01,1.0960705841e+00,1.1559059729e+00
2451545.026009,9.9897615260e-01,9.9897615260e-01,1.0943979735e+00,1.1538834602e+00,1.0248059005e+00,1.0248059005e+00,1.0943979735e+00,1.1538834602e+00,9.6193719761e-01,9.6193719761e-01,1.0943979735e+00,1.1538834602e+00,1.7882274304e+00,1.7882274304e+00,1.0943979735e+00,1.1538834602e+00,1.9873570018e-01,1.9873570018e-01,1.0943979735e+00,1.1538834602e+00,9.8724203487e-01,9.8724203487e-01,1.0943979735e+00,1.1538834602e+00,9.9206717922e-01,9.9206717922e-01,1.0943979735e+00,1.1538834602e+00
2451545.026676,9.9888931711e-01,9.9888931711e-01,1.0921347290e+00,1.1512894470e+00,1.0257996362e+00,1.0257996362e+00,1.0921347290e+00,1.1512894470e+00,9.6667972664e-01,9.6667972664e-01,1.0921347290e+00,1.1512894470e+00,1.7838109560e+00,1.7838109560e+00,1.0921347290e+00,1.1512894470e+00,2.3693157376e-01,2.3693157376e-01,1.0921347290e+00,1.1512894470e+00,9.9096150012e-01,9.9096150012e-01,1.0921347290e+00,1.1512894470e+00,9.9146982416e-01,9.9146982416e-01,1.0921347290e+00,1.1512894470e+00
2451545.027343,9.9880293326e-01,9.9880293326e-01,1.0892377628e+00,1.1481304162e+00,1.0267024591e+00,1.0267024591e+00,1.0892377628e+00,1.1481304162e+00,9.7101390566e-01,9.7101390566e-01,1.0892377628e+00,1.1481304162e+00,1.7784933981e+00,1.7784933981e+00,1.0892377628e+00,1.1481304162e+00,2.5399946664e-01,2.5399946664e-01,1.0892377628e+00,1.1481304162e+00,9.9244068092e-01,9.9244068092e-01,1.0892377628e+00,1.1481304162e+00,9.9044174257e-01,9.9044174257e-01,1.0892377628e+00,1.1481304162e+00
2451545.028010,9.9871704276e-01,9.9871704276e-01,1.0856526418e+00,1.1444115941e+00,1.0275153217e+00,1.0275153217e+00,1.0856526418e+00,1.1444115941e+00,9.7494395621e-01,9.7494395621e-01,1.0856526418e+00,1.1444115941e+00,1.7722670892e+00,1.7722670892e+00,1.0856526418e+00,1.1444115941e+00,2.6161390001e-01,2.6161390001e-01,1.0856526418e+00,1.1444115941e+00,9.9247877663e-01,9.9247877663e-01,1.0856526418e+00,1.1444115941e+00,9.8913076167e-01,9.8913076167e-01,1.0856526418e+00,1.1444115941e+00
2451545.028677,9.9863168035e-01,9.9863168035e-01,1.0813098486e+00,1.1401364867e+00,1.0282392334e+00,1.0282392334e+00,1.0813098486e+00,1.1401364867e+00,9.7847336273e-01,9.7847336273e-01,1.0813098486e+00,1.1401364867e+00,1.7651209883e+00,1.7651209883e+00,1.0813098486e+00,1.1401364867e+00,2.6255342446e-01,2.6255342446e-01,1.0813098486e+00,1.1401364867e+00,9.9131969437e-01,9.9131969437e-01,1.0813098486e+00,1.1401364867e+00,9.8760216593e-01,9.8760216593e-01,1.0813098486e+00,1.1401364867e+00
2451545.029343,9.9854700583e-01,9.9854700583e-01,1.0761272088e+00,1.1353151494e+00,1.0288743982e+00,1.0288743982e+00,1.0761272088e+00,1.1353151494e+00,9.8160065104e-01,9.8160065104e-01,1.0761272088e+00,1.1353151494e+00,1.7570535616e+00,1.7570535616e+00,1.0761272088e+00,1.1353151494e+00,2.5723201292e-01,2.5723201292e-01,1.0761272088e+00,1.1353151494e+00,9.8903827464e-01,9.8903827464e-01,1.0761272088e+00,1.1353151494e+00,9.8589039196e-01,9.8589039196e-01,1.0761272088e+00,1.1353151494e+00
2451545.030010,9.9846280382e-01,9.9846280382e-01,1.0699688357e+00,1.1299341531e+00,1.0294238553e+00,1.0294238553e+00,1.0699688357e+00,1.1299341531e+00,9.8440837564e-01,9.8440837564e-01,1.0699688357e+00,1.1299341531e+00,1.7480221781e+00,1.7480221781e+00,1.0699688357e+00,1.1299341531e+00,2.4479786760e-01,2.4479786760e-01,1.0699688357e+00,1.1299341531e+00,9.8568848638e-01,9.8568848638e-01,1.0699688357e+00,1.1299341531e+00,9.8400555476e-01,9.8400555476e-01,1.0699688357e+00,1.1299341531e+00
2451545.030677,9.9837923760e-01,9.9837923760e-01,1.0626773320e+00,1.1239999807e+00,1.0317845715e+00,1.0317845715e+00,1.0626773320e+00,1.1239999807e+00,9.8686584664e-01,9.8686584664e-01,1.0626773320e+00,1.1239999807e+00,1.7380157965e+00,1.7380157965e+00,1.0626773320e+00,1.1239999807e+00,2.4703590865e-01,2.4703590865e-01,1.0626773320e+00,1.1239999807e+00,9.8117961585e-01,9.8117961585e-01,1.0626773320e+00,1.1239999807e+00,9.8195580344e-01,9.8195580344e-01,1.0626773320e+00,1.1239999807e+00
2451545.031344,9.9829634190e-01,9.9829634190e-01,1.0540206019e+00,1.1175113092e+00,1.0344516718e+00,1.0344516718e+00,1.0540206019e+00,1.1175113092e+00,9.8892843634e-01,9.8892843634e-01,1.0540206019e+00,1.1175113092e+00,1.7270077340e+00,1.7270077340e+00,1.0540206019e+00,1.1175113092e+00,2.5806602280e-01,2.5806602280e-01,1.0540206019e+00,1.1175113092e+00,9.7533678754e-01,9.7533678754e-01,1.0540206019e+00,1.1175113092e+00,9.7974025795e-01,9.7974025795e-01,1.0540206019e+00,1.1175113092e+00
2451545.032011,9.9821415148e-01,9.9821415148e-01,1.0480591724e+00,1.1141507086e+00,1.0365845560e+00,1.0365845560e+00,1.0480591724e+00,1.1141507086e+00,9.9059647979e-01,9.9059647979e-01,1.0480591724e+00,1.1141507086e+00,1.7149670139e+00,1.7149670139e+00,1.0480591724e+00,1.1141507086e+00,2.6812912210e-01,2.6812912210e-01,1.0480591724e+00,1.1141507086e+00,9.6794709776e-01,9.6794709776e-01,1.0480591724e+00,1.1141507086e+00,9.7735251785e-01,9.7735251785e-01,1.0480591724e+00,1.1141507086e+00
2451545.032678,9.9813270455e-01,9.9813270455e-01,1.0421988709e+00,1.1102534041e+00,1.0383073971e+00,1.0383073971e+00,1.0421988709e+00,1.1102534041e+00,9.9186957493e-01,9.9186957493e-01,1.0421988709e+00,1.1102534041e+00,1.7018571389e+00,1.7018571389e+00,1.0421988709e+00,1.1102534041e+00,2.7732546562e-01,2.7732546562e-01,1.0421988709e+00,1.1102534041e+00,9.5866133582e-01,9.5866133582e-01,1.0421988709e+00,1.1102534041e+00,9.7478065090e-01,9.7478065090e-01,1.0421988709e+00,1.1102534041e+00
2451545.033345,9.9805203238e-01,9.9805203238e-01,1.0355183973e+00,1.1051550819e+00,1.0397032719e+00,1.0397032719e+00,1.0355183973e+00,1.1051550819e+00,9.9274664964e-01,9.9274664964e-01,1.0355183973e+00,1.1051550819e+00,1.6876367046e+00,1.6876367046e+00,1.0355183973e+00,1.1051550819e+00,2.8572782204e-01,2.8572782204e-01,1.0355183973e+00,1.1051550819e+00,9.4688043992e-01,9.4688043992e-01,1.0355183973e+00,1.1051550819e+00,9.7200632442e-01,9.7200632442e-01,1.0355183973e+00,1.1051550819e+00
2451545.034012,9.9797216971e-01,9.9797216971e-01,1.0279033106e+00,1.0989986336e+00,1.0408300031e+00,1.0408300031e+00,1.0279033106e+00,1.0989986336e+00,9.9762775232e-01,9.9762775232e-01,1.0279033106e+00,1.0989986336e+00,1.6722581726e+00,1.6722581726e+00,1.0279033106e+00,1.0989986336e+00,2.9338793796e-01,2.9338793796e-01,1.0279033106e+00,1.0989986336e+00,9.3694894217e-01,9.3694894217e-01,1.0279033106e+00,1.0989986336e+00,9.6900289659e-01,9.6900289659e-01,1.0279033106e+00,1.0989986336e+00
2451545.034679,9.9789314781e-01,9.9789314781e-01,1.0191975249e+00,1.0918824294e+00,1.0417292086e+00,1.0417292086e+00,1.0191975249e+00,1.0918824294e+00,1.0040467009e+00,1.0040467009e+00,1.0191975249e+00,1.0918824294e+00,1.6556669504e+00,1.6556669504e+00,1.0191975249e+00,1.0918824294e+00,3.0034624043e-01,3.0034624043e-01,1.0191975249e+00,1.0918824294e+00,9.3007759722e-01,9.3007759722e-01,1.0191975249e+00,1.0918824294e+00,9.6573220481e-01,9.6573220481e-01,1.0191975249e+00,1.0918824294e+00
2451545.035345,9.9781512302e-01,9.9781512302e-01,1.0110718802e+00,1.0856449430e+00,1.0425189149e+00,1.0425189149e+00,1.0110718802e+00,1.0856449430e+00,1.0084285900e+00,1.0084285900e+00,1.0110718802e+00,1.0856449430e+00,1.6378296075e+00,1.6378296075e+00,1.0110718802e+00,1.0856449430e+00,3.0754265819e-01,3.0754265819e-01,1.0110718802e+00,1.0856449430e+00,9.2237604946e-01,9.2237604946e-01,1.0110718802e+00,1.0856449430e+00,9.6214494285e-01,9.6214494285e-01,1.0110718802e+00,1.0856449430e+00
2451545.036012,9.9773789036e-01,9.9773789036e-01,1.0054333779e+00,1.0810657277e+00,1.0434343366e+00,1.0434343366e+00,1.0054333779e+00,1.0810657277e+00,1.0113430592e+00,1.0113430592e+00,1.0054333779e+00,1.0810657277e+00,1.6186225443e+00,1.6186225443e+00,1.0054333779e+00,1.0810657277e+00,3.1715459170e-01,3.1715459170e-01,1.0054333779e+00,1.0810657277e+00,9.1379971882e-01,9.1379971882e-01,1.0054333779e+00,1.0810657277e+00,9.5814953875e-01,9.5814953875e-01,1.0054333779e+00,1.0810657277e+00
2451545.036679,9.9766160269e-01,9.9766160269e-01,1.0004137100e+00,1.0761359647e+00,1.0441776964e+00,1.0441776964e+00,1.0004137100e+00,1.0761359647e+00,1.0131063217e+00,1.0131063217e+00,1.0004137100e+00,1.0761359647e+00,1.5979933149e+00,1.5979933149e+00,1.0004137100e+00,1.0761359647e+00,3.2588642851e-01,3.2588642851e-01,1.0004137100e+00,1.0761359647e+00,9.0433509617e-01,9.0433509617e-01,1.0004137100e+00,1.0761359647e+00,9.5362836162e-01,9.5362836162e-01,1.0004137100e+00,1.0761359647e+00
2451545.037346,9.9758628782e-01,9.9758628782e-01,9.9679140378e-01,1.0720319966e+00,1.0447623868e+00,1.0447623868e+00,9.9679140378e-01,1.0720319966e+00,1.0139178621e+00,1.0139178621e+00,9.9679140378e-01,1.0720319966e+00,1.5845184674e+00,1.5845184674e+00,9.9679140378e-01,1.0720319966e+00,3.3375757359e-01,3.3375757359e-01,9.9679140378e-01,1.0720319966e+00,8.9395475800e-01,8.9395475800e-01,9.9679140378e-01,1.0720319966e+00,9.4960687574e-01,9.4960687574e-01,9.9679140378e-01,1.0720319966e+00
2451545.038013,9.9751198396e-01,9.9751198396e-01,9.9296867813e-01,1.0673504418e+00,1.0451989656e+00,1.0451989656e+00,9.9296867813e-01,1.0673504418e+00,1.0139051975e+00,1.0139051975e+00,9.9296867813e-01,1.0673504418e+00,1.5801387969e+00,1.5801387969e+00,9.9296867813e-01,1.0673504418e+00,3.4078379349e-01,3.4078379349e-01,9.9296867813e-01,1.0673504418e+00,8.8262817371e-01,8.8262817371e-01,9.9296867813e-01,1.0673504418e+00,9.4729261495e-01,9.4729261495e-01,9.9296867813e-01,1.0673504418e+00
2451545.038680,9.9743871889e-01,9.9743871889e-01,9.8867789173e-01,1.0619521793e+00,1.0454958014e+00,1.0454958014e+00,9.8867789173e-01,1.0619521793e+00,1.0163917502e+00,1.0163917502e+00,9.8867789173e-01,1.0619521793e+00,1.5700581940e+00,1.5700581940e+00,9.8867789173e-01,1.0619521793e+00,3.4697721633e-01,3.4697721633e-01,9.8867789173e-01,1.0619521793e+00,8.7362509005e-01,8.7362509005e-01,9.8867789173e-01,1.0619521793e+00,9.4492020161e-01,9.4492020161e-01,9.8867789173e-01,1.0619521793e+00
2451545.039347,9.9736652390e-01,9.9736652390e-01,9.8364943583e-01,1.0556659377e+00,1.0456595624e+00,1.0456595624e+00,9.8364943583e-01,1.0556659377e+00,1.0238784127e+00,1.0238784127e+00,9.8364943583e-01,1.0556659377e+00,1.5585284354e+00,1.5585284354e+00,9.8364943583e-01,1.0556659377e+00,3.5234673606e-01,3.5234673606e-01,9.8364943583e-01,1.0556659377e+00,8.6985908589e-01,8.6985908589e-01,9.8364943583e-01,1.0556659377e+00,9.4290883006e-01,9.4290883006e-01,9.8364943583e-01,1.0556659377e+00
2451545.040014,9.9729543372e-01,9.9729543372e-01,9.7784881413e-01,1.0485447721e+00,1.0456955896e+00,1.0456955896e+00,9.7784881413e-01,1.0485447721e+00,1.0303817920e+00,1.0303817920e+00,9.7784881413e-01,1.0485447721e+00,1.5485631516e+00,1.5485631516e+00,9.7784881413e-01,1.0485447721e+00,3.5689882099e-01,3.5689882099e-01,9.7784881413e-01,1.0485447721e+00,8.6542181368e-01,8.6542181368e-01,9.7784881413e-01,1.0485447721e+00,9.4158879711e-01,9.4158879711e-01,9.7784881413e-01,1.0485447721e+00
2451545.040681,9.9722547267e-01,9.9722547267e-01,9.7123398839e-01,1.0406276468e+00,1.0456081242e+00,1.0456081242e+00,9.7123398839e-01,1.0406276468e+00,1.0359424282e+00,1.0359424282e+00,9.7123398839e-01,1.0406276468e+00,1.5342592950e+00,1.5342592950e+00,9.7123398839e-01,1.0406276468e+00,3.6063630102e-01,3.6063630102e-01,9.7123398839e-01,1.0406276468e+00,8.6029246940e-01,8.6029246940e-01,9.7123398839e-01,1.0406276468e+00,9.4017178612e-01,9.4017178612e-01,9.7123398839e-01,1.0406276468e+00
2451545.041348,9.9715667550e-01,9.9715667550e-01,9.6375341095e-01,1.0319426773e+00,1.0454005114e+00,1.0454005114e+00,9.6375341095e-01,1.0319426773e+00,1.0411639343e+00,1.0411639343e+00,9.6375341095e-01,1.0319426773e+00,1.5157901510e+00,1.5157901510e+00,9.6375341095e-01,1.0319426773e+00,3.6355998470e-01,3.6355998470e-01,9.6375341095e-01,1.0319426773e+00,8.5503019540e-01,8.5503019540e-01,9.6375341095e-01,1.0319426773e+00,9.3865746563e-01,9.3865746563e-01,9.6375341095e-01,1.0319426773e+00
2451545.042014,9.9708916728e-01,9.9708916728e-01,9.5535645228e-01,1.0225241309e+00,1.0450758812e+00,1.0450758812e+00,9.5535645228e-01,1.0225241309e+00,1.0516882277e+00,1.0516882277e+00,9.5535645228e-01,1.0225241309e+00,1.4932403686e+00,1.4932403686e+00,9.5535645228e-01,1.0225241309e+00,3.6566421224e-01,3.6566421224e-01,9.5535645228e-01,1.0225241309e+00,8.5569950462e-01,8.5569950462e-01,9.5535645228e-01,1.0225241309e+00,9.3704796150e-01,9.3704796150e-01,9.5535645228e-01,1.0225241309e+00
2451545.042681,9.9702278124e-01,9.9702278124e-01,9.4593811514e-01,1.0123562633e+00,1.0446351293e+00,1.0446351293e+00,9.4593811514e-01,1.0123562633e+00,1.0610188311e+00,1.0610188311e+00,9.4593811514e-01,1.0123562633e+00,1.4664897217e+00,1.4664897217e+00,9.4593811514e-01,1.0123562633e+00,3.6694898364e-01,3.6694898364e-01,9.4593811514e-01,1.0123562633e+00,8.5598326363e-01,8.5598326363e-01,9.4593811514e-01,1.0123562633e+00,9.3533797051e-01,9.3533797051e-01,9.4593811514e-01,1.0123562633e+00
2451545.043348,9.9695764245e-01,9.9695764245e-01,9.3540914206e-01,1.0014595158e+00,1.0440799455e+00,1.0440799455e+00,9.3540914206e-01,1.0014595158e+00,1.0691641875e+00,1.0691641875e+00,9.3540914206e-01,1.0014595158e+00,1.4354308652e+00,1.4354308652e+00,9.3540914206e-01,1.0014595158e+00,3.6740095797e-01,3.6740095797e-01,9.3540914206e-01,1.0014595158e+00,8.5587755478e-01,8.5587755478e-01,9.3540914206e-01,1.0014595158e+00,9.3352933280e-01,9.3352933280e-01,9.3540914206e-01,1.0014595158e+00
2451545.044015,9.9689377872e-01,9.9689377872e-01,9.2363922102e-01,9.8983560835e-01,1.0434110215e+00,1.0434110215e+00,9.2363922102e-01,9.8983560835e-01,1.0793098157e+00,1.0793098157e+00,9.2363922102e-01,9.8983560835e-01,1.3998432823e+00,1.3998432823e+00,9.2363922102e-01,9.8983560835e-01,3.6700477295e-01,3.6700477295e-01,9.2363922102e-01,9.8983560835e-01,8.5863625162e-01,8.5863625162e-01,9.2363922102e-01,9.8983560835e-01,9.3162143116e-01,9.3162143116e-01,9.2363922102e-01,9.8983560835e-01
2451545.044682,9.9683122131e-01,9.9683122131e-01,9.1045691996e-01,9.7748215952e-01,1.0426285387e+00,1.0426285387e+00,9.1045691996e-01,9.7748215952e-01,1.0893408593e+00,1.0893408593e+00,9.1045691996e-01,9.7748215952e-01,1.3594254871e+00,1.3594254871e+00,9.1045691996e-01,9.7748215952e-01,3.6573940654e-01,3.6573940654e-01,9.1045691996e-01,9.7748215952e-01,8.6227695873e-01,8.6227695873e-01,9.1045691996e-01,9.7748215952e-01,9.2961349984e-01,9.2961349984e-01,9.1045691996e-01,9.7748215952e-01
2451545.045349,9.9676999453e-01,9.9676999453e-01,8.9563086458e-01,9.6439275239e-01,1.0417321683e+00,1.0417321683e+00,8.9563086458e-01,9.6439275239e-01,1.0981025602e+00,1.0981025602e+00,8.9563086458e-01,9.6439275239e-01,1.3137879713e+00,1.3137879713e+00,8.9563086458e-01,9.6439275239e-01,3.6357575125e-01,3.6357575125e-01,8.9563086458e-01,9.6439275239e-01,8.6563802710e-01,8.6563802710e-01,8.9563086458e-01,9.6439275239e-01,9.2750460163e-01,9.2750460163e-01,8.9563086458e-01,9.6439275239e-01
2451545.046016,9.9671012272e-01,9.9671012272e-01,8.8201847491e-01,9.5385561559e-01,1.0407210711e+00,1.0407210711e+00,8.8201847491e-01,9.5385561559e-01,1.1055907640e+00,1.1055907640e+00,8.8201847491e-01,9.5385561559e-01,1.2624421622e+00,1.2624421622e+00,8.8201847491e-01,9.5385561559e-01,3.6047338004e-01,3.6047338004e-01,8.8201847491e-01,9.5385561559e-01,8.6871661984e-01,8.6871661984e-01,8.8201847491e-01,9.5385561559e-01,9.2529350216e-01,9.2529350216e-01,8.8201847491e-01,9.5385561559e-01
2451545.046683,9.9665163713e-01,9.9665163713e-01,8.6785014424e-01,9.4490834719e-01,1.0397838653e+00,1.0397838653e+00,8.6785014424e-01,9.4490834719e-01,1.1117931409e+00,1.1117931409e+00,8.6785014424e-01,9.4490834719e-01,1.2047850885e+00,1.2047850885e+00,8.6785014424e-01,9.4490834719e-01,3.5837157813e-01,3.5837157813e-01,8.6785014424e-01,9.4490834719e-01,8.7150827892e-01,8.7150827892e-01,8.6785014424e-01,9.4490834719e-01,9.2297856703e-01,9.2297856703e-01,8.6785014424e-01,9.4490834719e-01
2451545.047350,9.9659455514e-01,9.9659455514e-01,8.5032662400e-01,9.3545930407e-01,1.0389238283e+00,1.0389238283e+00,8.5032662400e-01,9.3545930407e-01,1.1166886504e+00,1.1166886504e+00,8.5032662400e-01,9.3545930407e-01,1.1400745371e+00,1.1400745371e+00,8.5032662400e-01,9.3545930407e-01,3.5730672984e-01,3.5730672984e-01,8.5032662400e-01,9.3545930407e-01,8.7400618225e-01,8.7400618225e-01,8.5032662400e-01,9.3545930407e-01,9.2055757895e-01,9.2055757895e-01,8.5032662400e-01,9.3545930407e-01
2451545.048017,9.9653890802e-01,9.9653890802e-01,8.4633141695e-01,9.4040719311e-01,1.0379601549e+00,1.0379601549e+00,8.4633141695e-01,9.4040719311e-01,1.1228746103e+00,1.1228746103e+00,8.4633141695e-01,9.4040719311e-01,1.0673989967e+00,1.0673989967e+00,8.4633141695e-01,9.4040719311e-01,3.5531731510e-01,3.5531731510e-01,8.4633141695e-01,9.4040719311e-01,8.7876449863e-01,8.7876449863e-01,8.4633141695e-01,9.4040719311e-01,9.1802745199e-01,9.1802745199e-01,8.4633141695e-01,9.4040719311e-01
2451545.048683,9.9648479652e-01,9.9648479652e-01,8.4293084445e-01,9.4343437982e-01,1.0368907588e+00,1.0368907588e+00,8.4293084445e-01,9.4343437982e-01,1.1281139406e+00,1.1281139406e+00,8.4293084445e-01,9.4343437982e-01,9.8773070518e-01,9.8773070518e-01,8.4293084445e-01,9.4343437982e-01,3.5223313607e-01,3.5223313607e-01,8.4293084445e-01,9.4343437982e-01,8.8342440109e-01,8.8342440109e-01,8.4293084445e-01,9.4343437982e-01,9.1563591735e-01,9.1563591735e-01,8.4293084445e-01,9.4343437982e-01
2451545.049350,9.9643208167e-01,9.9643208167e-01,8.4125679112e-01,9.4650390480e-01,1.0357080306e+00,1.0357080306e+00,8.4125679112e-01,9.4650390480e-01,1.1320467385e+00,1.1320467385e+00,8.4125679112e-01,9.4650390480e-01,9.6855707215e-01,9.6855707215e-01,8.4125679112e-01,9.4650390480e-01,3.4775179846e-01,3.4775179846e-01,8.4125679112e-01,9.4650390480e-01,8.8764714851e-01,8.8764714851e-01,8.4125679112e-01,9.4650390480e-01,9.2136996582e-01,9.2136996582e-01,8.4125679112e-01,9.4650390480e-01
2451545.050017,9.9638086769e-01,9.9638086769e-01,8.3919396601e-01,9.4812195462e-01,1.0344084097e+00,1.0344084097e+00,8.3919396601e-01,9.4812195462e-01,1.1346027121e+00,1.1346027121e+00,8.3919396601e-01,9.4812195462e-01,9.6977006912e-01,9.6977006912e-01,8.3919396601e-01,9.4812195462e-01,3.4135462333e-01,3.4135462333e-01,8.3919396601e-01,9.4812195462e-01,8.9138626953e-01,8.9138626953e-01,8.3919396601e-01,9.4812195462e-01,9.2875497268e-01,9.2875497268e-01,8.3919396601e-01,9.4812195462e-01
2451545.050684,9.9633118239e-01,9.9633118239e-01,8.3624217307e-01,9.4812665152e-01,1.0329860787e+00,1.0329860787e+00,8.3624217307e-01,9.4812665152e-01,1.1357043994e+00,1.1357043994e+00,8.3624217307e-01,9.4812665152e-01,9.7019791508e-01,9.7019791508e-01,8.3624217307e-01,9.4812665152e-01,3.3200789121e-01,3.3200789121e-01,8.3624217307e-01,9.4812665152e-01,8.9456678856e-01,8.9456678856e-01,8.3624217307e-01,9.4812665152e-01,9.3511227511e-01,9.3511227511e-01,8.3624217307e-01,9.4812665152e-01
2451545.051351,9.9628303966e-01,9.9628303966e-01,8.3239754294e-01,9.4675938983e-01,1.0314344036e+00,1.0314344036e+00,8.3239754294e-01,9.4675938983e-01,1.1352551742e+00,1.1352551742e+00,8.3239754294e-01,9.4675938983e-01,9.6985441152e-01,9.6985441152e-01,8.3239754294e-01,9.4675938983e-01,3.1733206641e-01,3.1733206641e-01,8.3239754294e-01,9.4675938983e-01,8.9703355337e-01,8.9703355337e-01,8.3239754294e-01,9.4675938983e-01,9.4052304438e-01,9.4052304438e-01,8.3239754294e-01,9.4675938983e-01
2451545.052018,9.9623646381e-01,9.9623646381e-01,8.3503998425e-01,9.5138464798e-01,1.0300106550e+00,1.0300106550e+00,8.3503998425e-01,9.5138464798e-01,1.1331352252e+00,1.1331352252e+00,8.3503998425e-01,9.5138464798e-01,9.6875121301e-01,9.6875121301e-01,8.3503998425e-01,9.5138464798e-01,2.9334953227e-01,2.9334953227e-01,8.3503998425e-01,9.5138464798e-01,8.9841560361e-01,8.9841560361e-01,8.3503998425e-01,9.5138464798e-01,9.4503062057e-01,9.4503062057e-01,8.3503998425e-01,9.5138464798e-01
2451545.052685,9.9619147222e-01,9.9619147222e-01,8.3841517641e-01,9.5588275900e-01,1.0301752892e+00,1.0301752892e+00,8.3841517641e-01,9.5588275900e-01,1.1291961285e+00,1.1291961285e+00,8.3841517641e-01,9.5588275900e-01,9.6689690715e-01,9.6689690715e-01,8.3841517641e-01,9.5588275900e-01,2.8977699457e-01,2.8977699457e-01,8.3841517641e-01,9.5588275900e-01,8.9757702516e-01,8.9757702516e-01,8.3841517641e-01,9.5588275900e-01,9.4861774538e-01,9.4861774538e-01,8.3841517641e-01,9.5588275900e-01
2451545.053352,9.9614808922e-01,9.9614808922e-01,8.4127469508e-01,9.5909596950e-01,1.0292482327e+00,1.0292482327e+00,8.4127469508e-01,9.5909596950e-01,1.1270692776e+00,1.1270692776e+00,8.4127469508e-01,9.5909596950e-01,9.6429793462e-01,9.6429793462e-01,8.4127469508e-01,9.5909596950e-01,2.8567041564e-01,2.8567041564e-01,8.4127469508e-01,9.5909596950e-01,8.9701511343e-01,8.9701511343e-01,8.4127469508e-01,9.5909596950e-01,9.5113365423e-01,9.5113365423e-01,8.4127469508e-01,9.5909596950e-01
2451545.054019,9.9610633216e-01,9.9610633216e-01,8.4362877110e-01,9.6112145907e-01,1.0277555030e+00,1.0277555030e+00,8.4362877110e-01,9.6112145907e-01,1.1222265708e+00,1.1222265708e+00,8.4362877110e-01,9.6112145907e-01,9.6196487066e-01,9.6196487066e-01,8.4362877110e-01,9.6112145907e-01,2.8102211434e-01,2.8102211434e-01,8.4362877110e-01,9.6112145907e-01,8.9925654616e-01,8.9925654616e-01,8.4362877110e-01,9.6112145907e-01,9.5214051151e-01,9.5214051151e-01,8.4362877110e-01,9.6112145907e-01
2451545.054685,9.9606627402e-01,9.9606627402e-01,8.4548402828e-01,9.6203775197e-01,1.0258800595e+00,1.0258800595e+00,8.4548402828e-01,9.6203775197e-01,1.1132677307e+00,1.1132677307e+00,8.4548402828e-01,9.6203775197e-01,9.7426628545e-01,9.7426628545e-01,8.4548402828e-01,9.6203775197e-01,2.7583006934e-01,2.7583006934e-01,8.4548402828e-01,9.6203775197e-01,9.0116896435e-01,9.0116896435e-01,8.4548402828e-01,9.6203775197e-01,9.5471687020e-01,9.5471687020e-01,8.4548402828e-01,9.6203775197e-01
2451545.055352,9.9602781403e-01,9.9602781403e-01,8.4685423891e-01,9.6191285405e-01,1.0236884000e+00,1.0236884000e+00,8.4685423891e-01,9.6191285405e-01,1.1007501344e+00,1.1007501344e+00,8.4685423891e-01,9.6191285405e-01,9.7808990953e-01,9.7808990953e-01,8.4685423891e-01,9.6191285405e-01,2.7006881158e-01,2.7006881158e-01,8.4685423891e-01,9.6191285405e-01,9.0275993309e-01,9.0275993309e-01,8.4685423891e-01,9.6191285405e-01,9.5682639702e-01,9.5682639702e-01,8.4685423891e-01,9.6191285405e-01
2451545.056019,9.9599103558e-01,9.9599103558e-01,8.4774353465e-01,9.6079915894e-01,1.0212118798e+00,1.0212118798e+00,8.4774353465e-01,9.6079915894e-01,1.0845446564e+00,1.0845446564e+00,8.4774353465e-01,9.6079915894e-01,9.7788135380e-01,9.7788135380e-01,8.4774353465e-01,9.6079915894e-01,2.6373429836e-01,2.6373429836e-01,8.4774353465e-01,9.6079915894e-01,9.0402816902e-01,9.0402816902e-01,8.4774353465e-01,9.6079915894e-01,9.5850394008e-01,9.5850394008e-01,8.4774353465e-01,9.6079915894e-01
2451545.056686,9.9595594561e-01,9.9595594561e-01,8.4815827701e-01,9.5874237875e-01,1.0184582666e+00,1.0184582666e+00,8.4815827701e-01,9.5874237875e-01,1.0641902780e+00,1.0641902780e+00,8.4815827701e-01,9.5874237875e-01,9.7522502845e-01,9.7522502845e-01,8.4815827701e-01,9.5874237875e-01,2.5681440158e-01,2.5681440158e-01,8.4815827701e-01,9.5874237875e-01,9.0497509060e-01,9.0497509060e-01,8.4815827701e-01,9.5874237875e-01,9.5978406173e-01,9.5978406173e-01,8.4815827701e-01,9.5874237875e-01
2451545.057353,9.9592256498e-01,9.9592256498e-01,8.4810404046e-01,9.5578121329e-01,1.0154233306e+00,1.0154233306e+00,8.4810404046e-01,9.5578121329e-01,1.0402340569e+00,1.0402340569e+00,8.4810404046e-01,9.5578121329e-01,9.7082051530e-01,9.7082051530e-01,8.4810404046e-01,9.5578121329e-01,2.4929537603e-01,2.4929537603e-01,8.4810404046e-01,9.5578121329e-01,9.0686960920e-01,9.0686960920e-01,8.4810404046e-01,9.5578121329e-01,9.6069752978e-01,9.6069752978e-01,8.4810404046e-01,9.5578121329e-01
2451545.058020,9.9589090758e-01,9.9589090758e-01,8.4758554693e-01,9.5194867320e-01,1.0120949041e+00,1.0120949041e+00,8.4758554693e-01,9.5194867320e-01,1.0430908987e+00,1.0430908987e+00,8.4758554693e-01,9.5194867320e-01,9.6502082561e-01,9.6502082561e-01,8.4758554693e-01,9.5194867320e-01,2.4116347652e-01,2.4116347652e-01,8.4758554693e-01,9.5194867320e-01,9.3619303952e-01,9.3619303952e-01,8.4758554693e-01,9.5194867320e-01,9.6127188898e-01,9.6127188898e-01,8.4758554693e-01,9.5194867320e-01
2451545.058687,9.9586098384e-01,9.9586098384e-01,8.4660686254e-01,9.4727260912e-01,1.0084546728e+00,1.0084546728e+00,8.4660686254e-01,9.4727260912e-01,1.0454613256e+00,1.0454613256e+00,8.4660686254e-01,9.4727260912e-01,9.5802071364e-01,9.5802071364e-01,8.4660686254e-01,9.4727260912e-01,2.3240253225e-01,2.3240253225e-01,8.4660686254e-01,9.4727260912e-01,9.6174850684e-01,9.6174850684e-01,8.4660686254e-01,9.4727260912e-01,9.6153192958e-01,9.6153192958e-01,8.4660686254e-01,9.4727260912e-01
2451545.059354,9.9583281459e-01,9.9583281459e-01,8.4517126638e-01,9.4177690248e-01,1.0044789590e+00,1.0044789590e+00,8.4517126638e-01,9.4177690248e-01,1.0505608761e+00,1.0505608761e+00,8.4517126638e-01,9.4177690248e-01,9.4993304483e-01,9.4993304483e-01,8.4517126638e-01,9.4177690248e-01,2.2299596811e-01,2.2299596811e-01,8.4517126638e-01,9.4177690248e-01,9.8714341831e-01,9.8714341831e-01,8.4517126638e-01,9.4177690248e-01,9.6150001884e-01,9.6150001884e-01,8.4517126638e-01,9.4177690248e-01
2451545.060021,9.9580640331e-01,9.9580640331e-01,8.4328138175e-01,9.3548192859e-01,1.0001388229e+00,1.0001388229e+00,8.4328138175e-01,9.3548192859e-01,1.0554155774e+00,1.0554155774e+00,8.4328138175e-01,9.3548192859e-01,9.4082406632e-01,9.4082406632e-01,8.4328138175e-01,9.3548192859e-01,2.1292640048e-01,2.1292640048e-01,8.4328138175e-01,9.3548192859e-01,1.0094381900e+00,1.0094381900e+00,8.4328138175e-01,9.3548192859e-01,9.6119654670e-01,9.6119654670e-01,8.4328138175e-01,9.3548192859e-01
2451545.060688,9.9578176738e-01,9.9578176738e-01,8.4148711609e-01,9.2896024646e-01,9.9568324550e-01,9.9568324550e-01,8.4148711609e-01,9.2896024646e-01,1.0597668436e+00,1.0597668436e+00,8.4148711609e-01,9.2896024646e-01,9.3073150214e-01,9.3073150214e-01,8.4148711609e-01,9.2896024646e-01,2.0515955716e-01,2.0515955716e-01,8.4148711609e-01,9.2896024646e-01,1.0288761887e+00,1.0288761887e+00,8.4148711609e-01,9.2896024646e-01,9.6064013158e-01,9.6064013158e-01,8.4148711609e-01,9.2896024646e-01
2451545.061354,9.9575894848e-01,9.9575894848e-01,8.4040402470e-01,9.2289171619e-01,9.9092891582e-01,9.9092891582e-01,8.4040402470e-01,9.2289171619e-01,1.0636175561e+00,1.0636175561e+00,8.4040402470e-01,9.2289171619e-01,9.1969215626e-01,9.1969215626e-01,8.4040402470e-01,9.2289171619e-01,1.9818912658e-01,1.9818912658e-01,8.4040402470e-01,9.2289171619e-01,1.0458407355e+00,1.0458407355e+00,8.4040402470e-01,9.2289171619e-01,9.5984922046e-01,9.5984922046e-01,8.4040402470e-01,9.2289171619e-01
2451545.062021,9.9573788755e-01,9.9573788755e-01,8.3884119891e-01,9.1608365532e-01,9.8569560714e-01,9.8569560714e-01,8.3884119891e-01,9.1608365532e-01,1.0669853380e+00,1.0669853380e+00,8.3884119891e-01,9.1608365532e-01,9.0767934581e-01,9.0767934581e-01,8.3884119891e-01,9.1608365532e-01,1.9075135938e-01,1.9075135938e-01,8.3884119891e-01,9.1608365532e-01,1.0607069111e+00,1.0607069111e+00,8.3884119891e-01,9.1608365532e-01,9.5883721997e-01,9.5883721997e-01,8.3884119891e-01,9.1608365532e-01
2451545.062688,9.9571862976e-01,9.9571862976e-01,8.3870865712e-01,9.1049487063e-01,9.7993399047e-01,9.7993399047e-01,8.3870865712e-01,9.1049487063e-01,1.0698686482e+00,1.0698686482e+00,8.3870865712e-01,9.1049487063e-01,8.9470595216e-01,8.9470595216e-01,8.3870865712e-01,9.1049487063e-01,1.8283938299e-01,1.8283938299e-01,8.3870865712e-01,9.1049487063e-01,1.0737089637e+00,1.0737089637e+00,8.3870865712e-01,9.1049487063e-01,9.5761983403e-01,9.5761983403e-01,8.3870865712e-01,9.1049487063e-01
2451545.063355,9.9570118554e-01,9.9570118554e-01,8.4230748486e-01,9.0868338782e-01,9.7366700663e-01,9.7366700663e-01,8.4230748486e-01,9.0868338782e-01,1.0722705692e+00,1.0722705692e+00,8.4230748486e-01,9.0868338782e-01,8.8076093414e-01,8.8076093414e-01,8.4230748486e-01,9.0868338782e-01,1.7536361438e-01,1.7536361438e-01,8.4230748486e-01,9.0868338782e-01,1.0850599319e+00,1.0850599319e+00,8.4230748486e-01,9.0868338782e-01,9.5621076643e-01,9.5621076643e-01,8.4230748486e-01,9.0868338782e-01
2451545.064022,9.9568556182e-01,9.9568556182e-01,8.4526885281e-01,9.0632580740e-01,9.6765990161e-01,9.6765990161e-01,8.4526885281e-01,9.0632580740e-01,1.0741931110e+00,1.0741931110e+00,8.4526885281e-01,9.0632580740e-01,8.6582650317e-01,8.6582650317e-01,8.4526885281e-01,9.0632580740e-01,1.7733443267e-01,1.7733443267e-01,8.4526885281e-01,9.0632580740e-01,1.0949349616e+00,1.0949349616e+00,8.4526885281e-01,9.0632580740e-01,9.5462288664e-01,9.5462288664e-01,8.4526885281e-01,9.0632580740e-01
2451545.064689,9.9567176208e-01,9.9567176208e-01,8.4904475271e-01,9.0489775060e-01,9.6090305238e-01,9.6090305238e-01,8.4904475271e-01,9.0489775060e-01,1.0763771202e+00,1.0763771202e+00,8.4904475271e-01,9.0489775060e-01,8.4987935008e-01,8.4987935008e-01,8.4904475271e-01,9.0489775060e-01,1.7931737909e-01,1.7931737909e-01,8.4904475271e-01,9.0489775060e-01,1.1042123479e+00,1.1042123479e+00,8.4904475271e-01,9.0489775060e-01,9.5286832118e-01,9.5286832118e-01,8.4904475271e-01,9.0489775060e-01
2451545.065356,9.9565980023e-01,9.9565980023e-01,8.5874935651e-01,9.0980039061e-01,9.5328697123e-01,9.5328697123e-01,8.5874935651e-01,9.0980039061e-01,1.0787925768e+00,1.0787925768e+00,8.5874935651e-01,9.0980039061e-01,8.3289003170e-01,8.3289003170e-01,8.5874935651e-01,9.0980039061e-01,1.8131164507e-01,1.8131164507e-01,8.5874935651e-01,9.0980039061e-01,1.1129157993e+00,1.1129157993e+00,8.5874935651e-01,9.0980039061e-01,9.5095860228e-01,9.5095860228e-01,8.5874935651e-01,9.0980039061e-01
2451545.066023,9.9564967278e-01,9.9564967278e-01,8.6763739531e-01,9.1435592291e-01,9.4799244922e-01,9.4799244922e-01,8.6763739531e-01,9.1435592291e-01,1.0825086021e+00,1.0825086021e+00,8.6763739531e-01,9.1435592291e-01,8.2228405237e-01,8.2228405237e-01,8.6763739531e-01,9.1435592291e-01,2.1625112041e-01,2.1625112041e-01,8.6763739531e-01,9.1435592291e-01,1.1221589400e+00,1.1221589400e+00,8.6763739531e-01,9.1435592291e-01,9.4986666490e-01,9.4986666490e-01,8.6763739531e-01,9.1435592291e-01
2451545.066690,9.9564139016e-01,9.9564139016e-01,8.7571214823e-01,9.1856838287e-01,9.4903153357e-01,9.4903153357e-01,8.7571214823e-01,9.1856838287e-01,1.0860073187e+00,1.0860073187e+00,8.7571214823e-01,9.1856838287e-01,8.2184853892e-01,8.2184853892e-01,8.7571214823e-01,9.1856838287e-01,3.1331846968e-01,3.1331846968e-01,8.7571214823e-01,9.1856838287e-01,1.1304471211e+00,1.1304471211e+00,8.7571214823e-01,9.1856838287e-01,9.5011230452e-01,9.5011230452e-01,8.7571214823e-01,9.1856838287e-01
2451545.067356,9.9563496626e-01,9.9563496626e-01,8.8296607331e-01,9.2243360282e-01,9.5038347722e-01,9.5038347722e-01,8.8296607331e-01,9.2243360282e-01,1.0904000632e+00,1.0904000632e+00,8.8296607331e-01,9.2243360282e-01,8.2040521054e-01,8.2040521054e-01,8.8296607331e-01,9.2243360282e-01,4.0465771136e-01,4.0465771136e-01,8.8296607331e-01,9.2243360282e-01,1.1390051469e+00,1.1390051469e+00,8.8296607331e-01,9.2243360282e-01,9.5027444130e-01,9.5027444130e-01,8.8296607331e-01,9.2243360282e-01
2451545.068023,9.9563037677e-01,9.9563037677e-01,8.8942258341e-01,9.2596150579e-01,9.5164270502e-01,9.5164270502e-01,8.8942258341e-01,9.2596150579e-01,1.0943959161e+00,1.0943959161e+00,8.8942258341e-01,9.2596150579e-01,8.1792953126e-01,8.1792953126e-01,8.8942258341e-01,9.2596150579e-01,4.8772558024e-01,4.8772558024e-01,8.8942258341e-01,9.2596150579e-01,1.1466327998e+00,1.1466327998e+00,8.8942258341e-01,9.2596150579e-01,9.5035950997e-01,9.5035950997e-01,8.8942258341e-01,9.2596150579e-01
2451545.068690,9.9562764253e-01,9.9562764253e-01,8.9507085747e-01,9.2914051490e-01,9.5334771962e-01,9.5334771962e-01,8.9507085747e-01,9.2914051490e-01,1.0979877076e+00,1.0979877076e+00,8.9507085747e-01,9.2914051490e-01,8.1439512492e-01,8.1439512492e-01,8.9507085747e-01,9.2914051490e-01,5.6908176816e-01,5.6908176816e-01,8.9507085747e-01,9.2914051490e-01,1.1533729713e+00,1.1533729713e+00,8.9507085747e-01,9.2914051490e-01,9.5037281373e-01,9.5037281373e-01,8.9507085747e-01,9.2914051490e-01
2451545.069357,9.9562676355e-01,9.9562676355e-01,8.9991076432e-01,9.3195978098e-01,9.5570490905e-01,9.5570490905e-01,8.9991076432e-01,9.3195978098e-01,1.1011740974e+00,1.1011740974e+00,8.9991076432e-01,9.3195978098e-01,8.0976518756e-01,8.0976518756e-01,8.9991076432e-01,9.3195978098e-01,6.5024714045e-01,6.5024714045e-01,8.9991076432e-01,9.3195978098e-01,1.1592746318e+00,1.1592746318e+00,8.9991076432e-01,9.3195978098e-01,9.5031963296e-01,9.5031963296e-01,8.9991076432e-01,9.3195978098e-01
2451545.070024,9.9562773981e-01,9.9562773981e-01,9.0394099231e-01,9.3440117795e-01,9.5804403386e-01,9.5804403386e-01,9.0394099231e-01,9.3440117795e-01,1.1039529414e+00,1.1039529414e+00,9.0394099231e-01,9.3440117795e-01,8.1040434955e-01,8.1040434955e-01,9.0394099231e-01,9.3440117795e-01,7.2482573477e-01,7.2482573477e-01,9.0394099231e-01,9.3440117795e-01,1.1643799974e+00,1.1643799974e+00,9.0394099231e-01,9.3440117795e-01,9.5103013859e-01,9.5103013859e-01,9.0394099231e-01,9.3440117795e-01
2451545.070691,9.9563056786e-01,9.9563056786e-01,9.0715911490e-01,9.3643573056e-01,9.6036164668e-01,9.6036164668e-01,9.0715911490e-01,9.3643573056e-01,1.1063208220e+00,1.1063208220e+00,9.0715911490e-01,9.3643573056e-01,8.1501987203e-01,8.1501987203e-01,9.0715911490e-01,9.3643573056e-01,7.9360709127e-01,7.9360709127e-01,9.0715911490e-01,9.3643573056e-01,1.1687256778e+00,1.1687256778e+00,9.0715911490e-01,9.3643573056e-01,9.5240338660e-01,9.5240338660e-01,9.0715911490e-01,9.3643573056e-01
2451545.071358,9.9563525115e-01,9.9563525115e-01,9.0956178739e-01,9.3801726361e-01,9.6265422078e-01,9.6265422078e-01,9.0956178739e-01,9.3801726361e-01,1.1082732496e+00,1.1082732496e+00,9.0956178739e-01,9.3801726361e-01,8.1781973280e-01,8.1781973280e-01,9.0956178739e-01,9.3801726361e-01,8.5725785186e-01,8.5725785186e-01,9.0956178739e-01,9.3801726361e-01,1.1723435545e+00,1.1723435545e+00,9.0956178739e-01,9.3801726361e-01,9.5371979644e-01,9.5371979644e-01,9.0956178739e-01,9.3801726361e-01
2451545.072025,9.9564178622e-01,9.9564178622e-01,9.1114409112e-01,9.3907168513e-01,9.6491811602e-01,9.6491811602e-01,9.1114409112e-01,9.3907168513e-01,1.1098040596e+00,1.1098040596e+00,9.1114409112e-01,9.3907168513e-01,8.1873523115e-01,8.1873523115e-01,9.1114409112e-01,9.3907168513e-01,9.1634682504e-01,9.1634682504e-01,9.1114409112e-01,9.3907168513e-01,1.1752610510e+00,1.1752610510e+00,9.1114409112e-01,9.3907168513e-01,9.5498163112e-01,9.5498163112e-01,9.1114409112e-01,9.3907168513e-01
2451545.072692,9.9565017307e-01,9.9565017307e-01,9.1189992692e-01,9.3947502336e-01,9.6714954484e-01,9.6714954484e-01,9.1189992692e-01,9.3947502336e-01,1.1109057469e+00,1.1109057469e+00,9.1189992692e-01,9.3947502336e-01,8.1767558398e-01,8.1767558398e-01,9.1189992692e-01,9.3947502336e-01,9.7135994383e-01,9.7135994383e-01,9.1189992692e-01,9.3947502336e-01,1.1775020784e+00,1.1775020784e+00,9.1189992692e-01,9.3947502336e-01,9.5619085650e-01,9.5619085650e-01,9.1189992692e-01,9.3947502336e-01
2451545.073359,9.9566040475e-01,9.9566040475e-01,9.1182155609e-01,9.3900711926e-01,9.6934461760e-01,9.6934461760e-01,9.1182155609e-01,9.3900711926e-01,1.1115687294e+00,1.1115687294e+00,9.1182155609e-01,9.3900711926e-01,8.1452209856e-01,8.1452209856e-01,9.1182155609e-01,9.3900711926e-01,1.0227152239e+00,1.0227152239e+00,9.1182155609e-01,9.3900711926e-01,1.1790871707e+00,1.1790871707e+00,9.1182155609e-01,9.3900711926e-01,9.5734925556e-01,9.5734925556e-01,9.1182155609e-01,9.3900711926e-01
2451545.074025,9.9567246041e-01,9.9567246041e-01,9.1090156784e-01,9.3724498700e-01,9.7149604271e-01,9.7149604271e-01,9.1090156784e-01,9.3724498700e-01,1.1117812134e+00,1.1117812134e+00,9.1090156784e-01,9.3724498700e-01,8.0913123945e-01,8.0913123945e-01,9.1090156784e-01,9.3724498700e-01,1.0707053569e+00,1.0707053569e+00,9.1090156784e-01,9.3724498700e-01,1.1800330116e+00,1.1800330116e+00,9.1090156784e-01,9.3724498700e-01,9.5845674829e-01,9.5845674829e-01,9.1090156784e-01,9.3724498700e-01
2451545.074692,9.9568637132e-01,9.9568637132e-01,9.0912586196e-01,9.3324071228e-01,9.7360604278e-01,9.7360604278e-01,9.0912586196e-01,9.3324071228e-01,1.1115293283e+00,1.1115293283e+00,9.0912586196e-01,9.3324071228e-01,8.0128923704e-01,8.0128923704e-01,9.0912586196e-01,9.3324071228e-01,1.1157895942e+00,1.1157895942e+00,9.0912586196e-01,9.3324071228e-01,1.1803575681e+00,1.1803575681e+00,9.0912586196e-01,9.3324071228e-01,9.5951803214e-01,9.5951803214e-01,9.0912586196e-01,9.3324071228e-01
2451545.075359,9.9570211316e-01,9.9570211316e-01,9.1033919977e-01,9.2822647122e-01,9.7566684993e-01,9.7566684993e-01,9.1033919977e-01,9.2822647122e-01,1.1107945798e+00,1.1107945798e+00,9.1033919977e-01,9.2822647122e-01,7.9074582444e-01,7.9074582444e-01,9.1033919977e-01,9.2822647122e-01,1.1581680495e+00,1.1581680495e+00,9.1033919977e-01,9.2822647122e-01,1.1800717827e+00,1.1800717827e+00,9.1033919977e-01,9.2822647122e-01,9.6053260424e-01,9.6053260424e-01,9.1033919977e-01,9.2822647122e-01
2451545.076026,9.9571967899e-01,9.9571967899e-01,9.1813142421e-01,9.2457929339e-01,9.7767372403e-01,9.7767372403e-01,9.1813142421e-01,9.2457929339e-01,1.1095548549e+00,1.1095548549e+00,9.1813142421e-01,9.2457929339e-01,7.7716455216e-01,7.7716455216e-01,9.1813142421e-01,9.2457929339e-01,1.1980820724e+00,1.1980820724e+00,9.1813142421e-01,9.2457929339e-01,1.1791862601e+00,1.1791862601e+00,9.1813142421e-01,9.2457929339e-01,9.6150152751e-01,9.6150152751e-01,9.1813142421e-01,9.2457929339e-01
2451545.076693,9.9573906533e-01,9.9573906533e-01,9.3159513885e-01,9.2980006585e-01,9.7962159611e-01,9.7962159611e-01,9.3159513885e-01,9.2980006585e-01,1.1077829482e+00,1.1077829482e+00,9.3159513885e-01,9.2980006585e-01,7.6010009237e-01,7.6010009237e-01,9.3159513885e-01,9.2980006585e-01,1.2357439048e+00,1.2357439048e+00,9.3159513885e-01,9.2980006585e-01,1.1777097811e+00,1.1777097811e+00,9.3159513885e-01,9.2980006585e-01,9.6242572773e-01,9.6242572773e-01,9.3159513885e-01,9.2980006585e-01
2451545.077360,9.9576026175e-01,9.9576026175e-01,9.3827239892e-01,9.3480610387e-01,9.8150504563e-01,9.8150504563e-01,9.3827239892e-01,9.3480610387e-01,1.1054447524e+00,1.1054447524e+00,9.3827239892e-01,9.3480610387e-01,7.4681018473e-01,7.4681018473e-01,9.3827239892e-01,9.3480610387e-01,1.2713411281e+00,1.2713411281e+00,9.3827239892e-01,9.3480610387e-01,1.1756493705e+00,1.1756493705e+00,9.3827239892e-01,9.3480610387e-01,9.6420994092e-01,9.6420994092e-01,9.3827239892e-01,9.3480610387e-01
2451545.078027,9.9578325783e-01,9.9578325783e-01,9.4187588300e-01,9.3943414046e-01,9.8331818715e-01,9.8331818715e-01,9.4187588300e-01,9.3943414046e-01,1.1024974490e+00,1.1024974490e+00,9.4187588300e-01,9.3943414046e-01,7.3671792725e-01,7.3671792725e-01,9.4187588300e-01,9.3943414046e-01,1.3050403018e+00,1.3050403018e+00,9.4187588300e-01,9.3943414046e-01,1.1730103645e+00,1.1730103645e+00,9.4187588300e-01,9.3943414046e-01,9.6643962452e-01,9.6643962452e-01,9.4187588300e-01,9.3943414046e-01
2451545.078694,9.9580804663e-01,9.9580804663e-01,9.4354947726e-01,9.4368702025e-01,9.8505462489e-01,9.8505462489e-01,9.4354947726e-01,9.4368702025e-01,1.0988863591e+00,1.0988863591e+00,9.4354947726e-01,9.4368702025e-01,7.2422973240e-01,7.2422973240e-01,9.4354947726e-01,9.4368702025e-01,1.3369881760e+00,1.3369881760e+00,9.4354947726e-01,9.4368702025e-01,1.1697966130e+00,1.1697966130e+00,9.4354947726e-01,9.4368702025e-01,9.6843172618e-01,9.6843172618e-01,9.4354947726e-01,9.4368702025e-01
2451545.079361,9.9583462120e-01,9.9583462120e-01,9.4373723933e-01,9.4756705859e-01,9.8670731672e-01,9.8670731672e-01,9.4373723933e-01,9.4756705859e-01,1.0945405206e+00,1.0945405206e+00,9.4373723933e-01,9.4756705859e-01,7.0905668913e-01,7.0905668913e-01,9.4373723933e-01,9.4756705859e-01,1.3673173515e+00,1.3673173515e+00,9.4373723933e-01,9.4756705859e-01,1.1660104803e+00,1.1660104803e+00,9.4373723933e-01,9.4756705859e-01,9.7022503714e-01,9.7022503714e-01,9.4373723933e-01,9.4756705859e-01
2451545.080028,9.9586296069e-01,9.9586296069e-01,9.4271710693e-01,9.5116779663e-01,9.8826843804e-01,9.8826843804e-01,9.4271710693e-01,9.5116779663e-01,1.0893661215e+00,1.0893661215e+00,9.4271710693e-01,9.5116779663e-01,6.9248509562e-01,6.9248509562e-01,9.4271710693e-01,9.5116779663e-01,1.3961446623e+00,1.3961446623e+00,9.4271710693e-01,9.5116779663e-01,1.1616531145e+00,1.1616531145e+00,9.4271710693e-01,9.5116779663e-01,9.7205656785e-01,9.7205656785e-01,9.4271710693e-01,9.5116779663e-01
2451545.080694,9.9589301646e-01,9.9589301646e-01,9.4046297831e-01,9.5439364246e-01,9.8972710245e-01,9.8972710245e-01,9.4046297831e-01,9.5439364246e-01,1.0832460310e+00,1.0832460310e+00,9.4046297831e-01,9.5439364246e-01,6.8550798612e-01,6.8550798612e-01,9.4046297831e-01,9.5439364246e-01,1.4235360047e+00,1.4235360047e+00,9.4046297831e-01,9.5439364246e-01,1.1567318782e+00,1.1567318782e+00,9.4046297831e-01,9.5439364246e-01,9.7508291153e-01,9.7508291153e-01,9.4046297831e-01,9.5439364246e-01
2451545.081361,9.9592486147e-01,9.9592486147e-01,9.3694153766e-01,9.5725293144e-01,9.9107777602e-01,9.9107777602e-01,9.3694153766e-01,9.5725293144e-01,1.0759848522e+00,1.0759848522e+00,9.3694153766e-01,9.5725293144e-01,6.7708356114e-01,6.7708356114e-01,9.3694153766e-01,9.5725293144e-01,1.4496672361e+00,1.4496672361e+00,9.3694153766e-01,9.5725293144e-01,1.1512305603e+00,1.1512305603e+00,9.3694153766e-01,9.5725293144e-01,9.7778439876e-01,9.7778439876e-01,9.3694153766e-01,9.5725293144e-01
2451545.082028,9.9595843665e-01,9.9595843665e-01,9.3205388691e-01,9.5974109897e-01,9.9230680539e-01,9.9230680539e-01,9.3205388691e-01,9.5974109897e-01,1.0673349885e+00,1.0673349885e+00,9.3205388691e-01,9.5974109897e-01,6.7641464928e-01,6.7641464928e-01,9.3205388691e-01,9.5974109897e-01,1.4745824221e+00,1.4745824221e+00,9.3205388691e-01,9.5974109897e-01,1.1451533488e+00,1.1451533488e+00,9.3205388691e-01,9.5974109897e-01,9.8134025286e-01,9.8134025286e-01,9.3205388691e-01,9.5974109897e-01
2451545.082695,9.9599373160e-01,9.9599373160e-01,9.2561396913e-01,9.6187580806e-01,9.9340102482e-01,9.9340102482e-01,9.2561396913e-01,9.6187580806e-01,1.0606930356e+00,1.0606930356e+00,9.2561396913e-01,9.6187580806e-01,6.7746018826e-01,6.7746018826e-01,9.2561396913e-01,9.6187580806e-01,1.4983571612e+00,1.4983571612e+00,9.2561396913e-01,9.6187580806e-01,1.1416933937e+00,1.1416933937e+00,9.2561396913e-01,9.6187580806e-01,9.8493220085e-01,9.8493220085e-01,9.2561396913e-01,9.6187580806e-01
2451545.083362,9.9603073240e-01,9.9603073240e-01,9.1722979900e-01,9.6363641879e-01,9.9434494388e-01,9.9434494388e-01,9.1722979900e-01,9.6363641879e-01,1.0547701512e+00,1.0547701512e+00,9.1722979900e-01,9.6363641879e-01,6.7764727503e-01,6.7764727503e-01,9.1722979900e-01,9.6363641879e-01,1.5210609880e+00,1.5210609880e+00,9.1722979900e-01,9.6363641879e-01,1.1382238471e+00,1.1382238471e+00,9.1722979900e-01,9.6363641879e-01,9.8826594837e-01,9.8826594837e-01,9.1722979900e-01,9.6363641879e-01
2451545.084029,9.9606941822e-01,9.9606941822e-01,9.0619551443e-01,9.6502074810e-01,9.9512019175e-01,9.9512019175e-01,9.0619551443e-01,9.6502074810e-01,1.0480408192e+00,1.0480408192e+00,9.0619551443e-01,9.6502074810e-01,6.7694523961e-01,6.7694523961e-01,9.0619551443e-01,9.6502074810e-01,1.5427565644e+00,1.5427565644e+00,9.0619551443e-01,9.6502074810e-01,1.1334575604e+00,1.1334575604e+00,9.0619551443e-01,9.6502074810e-01,9.9136832009e-01,9.9136832009e-01,9.0619551443e-01,9.6502074810e-01
2451545.084696,9.9610977515e-01,9.9610977515e-01,8.9756068882e-01,9.7096014663e-01,9.9570459873e-01,9.9570459873e-01,8.9756068882e-01,9.7096014663e-01,1.0403830168e+00,1.0403830168e+00,8.9756068882e-01,9.7096014663e-01,6.7531482447e-01,6.7531482447e-01,8.9756068882e-01,9.7096014663e-01,1.5635000840e+00,1.5635000840e+00,8.9756068882e-01,9.7096014663e-01,1.1275702195e+00,1.1275702195e+00,8.9756068882e-01,9.7096014663e-01,9.9426137468e-01,9.9426137468e-01,8.9756068882e-01,9.7096014663e-01
2451545.085363,9.9615178930e-01,9.9615178930e-01,8.9106574750e-01,9.7727476813e-01,9.9607100552e-01,9.9607100552e-01,8.9106574750e-01,9.7727476813e-01,1.0316272126e+00,1.0316272126e+00,8.9106574750e-01,9.7727476813e-01,6.7270787776e-01,6.7270787776e-01,8.9106574750e-01,9.7727476813e-01,1.5833436975e+00,1.5833436975e+00,8.9106574750e-01,9.7727476813e-01,1.1206779354e+00,1.1206779354e+00,8.9106574750e-01,9.7727476813e-01,9.9696343337e-01,9.9696343337e-01,8.9106574750e-01,9.7727476813e-01
2451545.086030,9.9619543982e-01,9.9619543982e-01,8.8369010170e-01,9.8157236771e-01,9.9618557356e-01,9.9618557356e-01,8.8369010170e-01,9.8157236771e-01,1.0226871350e+00,1.0226871350e+00,8.8369010170e-01,9.8157236771e-01,6.6906367295e-01,6.6906367295e-01,8.8369010170e-01,9.8157236771e-01,1.6023326834e+00,1.6023326834e+00,8.8369010170e-01,9.8157236771e-01,1.1139693078e+00,1.1139693078e+00,8.8369010170e-01,9.8157236771e-01,9.9948983436e-01,9.9948983436e-01,8.8369010170e-01,9.8157236771e-01
2451545.086696,9.9624063986e-01,9.9624063986e-01,8.7542627507e-01,9.8444673971e-01,9.9600590257e-01,9.9600590257e-01,8.7542627507e-01,9.8444673971e-01,1.0176153260e+00,1.0176153260e+00,8.7542627507e-01,9.8444673971e-01,6.6431596294e-01,6.6431596294e-01,8.7542627507e-01,9.8444673971e-01,1.6204836168e+00,1.6204836168e+00,8.7542627507e-01,9.8444673971e-01,1.1103820968e+00,1.1103820968e+00,8.7542627507e-01,9.8444673971e-01,1.0018501326e+00,1.0018501326e+00,8.7542627507e-01,9.8444673971e-01
2451545.087363,9.9628750407e-01,9.9628750407e-01,8.6622501528e-01,9.8623745030e-01,9.9547579152e-01,9.9547579152e-01,8.6622501528e-01,9.8623745030e-01,1.0152640636e+00,1.0152640636e+00,8.6622501528e-01,9.8623745030e-01,6.5835770955e-01,6.5835770955e-01,8.6622501528e-01,9.8623745030e-01,1.6378886712e+00,1.6378886712e+00,8.6622501528e-01,9.8623745030e-01,1.1085732260e+00,1.1085732260e+00,8.6622501528e-01,9.8623745030e-01,1.0040624550e+00,1.0040624550e+00,8.6622501528e-01,9.8623745030e-01
2451545.088030,9.9633594907e-01,9.9633594907e-01,8.5687068646e-01,9.8794017667e-01,9.9603975247e-01,9.9603975247e-01,8.5687068646e-01,9.8794017667e-01,1.0122750809e+00,1.0122750809e+00,8.5687068646e-01,9.8794017667e-01,6.5107972772e-01,6.5107972772e-01,8.5687068646e-01,9.8794017667e-01,1.6682158253e+00,1.6682158253e+00,8.5687068646e-01,9.8794017667e-01,1.1055030089e+00,1.1055030089e+00,8.5687068646e-01,9.8794017667e-01,1.0061326191e+00,1.0061326191e+00,8.5687068646e-01,9.8794017667e-01
2451545.088697,9.9638595053e-01,9.9638595053e-01,8.4970096903e-01,9.9195331597e-01,9.9667777498e-01,9.9667777498e-01,8.4970096903e-01,9.9195331597e-01,1.0086303527e+00,1.0086303527e+00,8.4970096903e-01,9.9195331597e-01,6.4233694855e-01,6.4233694855e-01,8.4970096903e-01,9.9195331597e-01,1.6979135304e+00,1.6979135304e+00,8.4970096903e-01,9.9195331597e-01,1.1013266653e+00,1.1013266653e+00,8.4970096903e-01,9.9195331597e-01,1.0080687856e+00,1.0080687856e+00,8.4970096903e-01,9.9195331597e-01
2451545.089364,9.9643749108e-01,9.9643749108e-01,8.4614536002e-01,9.9956871483e-01,9.9713046785e-01,9.9713046785e-01,8.4614536002e-01,9.9956871483e-01,1.0043074981e+00,1.0043074981e+00,8.4614536002e-01,9.9956871483e-01,6.3194565895e-01,6.3194565895e-01,8.4614536002e-01,9.9956871483e-01,1.7249770094e+00,1.7249770094e+00,8.4614536002e-01,9.9956871483e-01,1.0961540919e+00,1.0961540919e+00,8.4614536002e-01,9.9956871483e-01,1.0098780405e+00,1.0098780405e+00,8.4614536002e-01,9.9956871483e-01
2451545.090031,9.9649054641e-01,9.9649054641e-01,8.4254587646e-01,1.0068504352e+00,9.9737380160e-01,9.9737380160e-01,8.4254587646e-01,1.0068504352e+00,9.9927917765e-01,9.9927917765e-01,8.4254587646e-01,1.0068504352e+00,6.1967154042e-01,6.1967154042e-01,8.4254587646e-01,1.0068504352e+00,1.7498262993e+00,1.7498262993e+00,8.4254587646e-01,1.0068504352e+00,1.0900641818e+00,1.0900641818e+00,8.4254587646e-01,1.0068504352e+00,1.0115665328e+00,1.0115665328e+00,8.4254587646e-01,1.0068504352e+00
2451545.090698,9.9654509219e-01,9.9654509219e-01,8.3824617087e-01,1.0132014411e+00,9.9737806544e-01,9.9737806544e-01,8.3824617087e-01,1.0132014411e+00,9.9351188711e-01,9.9351188711e-01,8.3824617087e-01,1.0132014411e+00,6.0521034696e-01,6.0521034696e-01,8.3824617087e-01,1.0132014411e+00,1.7727807738e+00,1.7727807738e+00,8.3824617087e-01,1.0132014411e+00,1.0831135383e+00,1.0831135383e+00,8.3824617087e-01,1.0132014411e+00,1.0131396459e+00,1.0131396459e+00,8.3824617087e-01,1.0132014411e+00
2451545.091365,9.9660111106e-01,9.9660111106e-01,8.3322401086e-01,1.0186562649e+00,9.9710589406e-01,9.9710589406e-01,8.3322401086e-01,1.0186562649e+00,9.8696448320e-01,9.8696448320e-01,8.3322401086e-01,1.0186562649e+00,5.8816152885e-01,5.8816152885e-01,8.3322401086e-01,1.0186562649e+00,1.7940870377e+00,1.7940870377e+00,8.3322401086e-01,1.0186562649e+00,1.0753428914e+00,1.0753428914e+00,8.3322401086e-01,1.0186562649e+00,1.0146020771e+00,1.0146020771e+00,8.3322401086e-01,1.0186562649e+00
2451545.092032,9.9665857174e-01,9.9665857174e-01,8.3302824774e-01,1.0286348010e+00,9.9712220099e-01,9.9712220099e-01,8.3302824774e-01,1.0286348010e+00,9.7958624047e-01,9.7958624047e-01,8.3302824774e-01,1.0286348010e+00,5.6798805509e-01,5.6798805509e-01,8.3302824774e-01,1.0286348010e+00,1.8200044101e+00,1.8200044101e+00,8.3302824774e-01,1.0286348010e+00,1.0667805427e+00,1.0667805427e+00,8.3302824774e-01,1.0286348010e+00,1.0159579525e+00,1.0159579525e+00,8.3302824774e-01,1.0286348010e+00
2451545.092699,9.9671745687e-01,9.9671745687e-01,8.3379503579e-01,1.0388121286e+00,9.9807427350e-01,9.9807427350e-01,8.3379503579e-01,1.0388121286e+00,9.7131423791e-01,9.7131423791e-01,8.3379503579e-01,1.0388121286e+00,5.4395353989e-01,5.4395353989e-01,8.3379503579e-01,1.0388121286e+00,1.8540977475e+00,1.8540977475e+00,8.3379503579e-01,1.0388121286e+00,1.0574452699e+00,1.0574452699e+00,8.3379503579e-01,1.0388121286e+00,1.0172109180e+00,1.0172109180e+00,8.3379503579e-01,1.0388121286e+00
2451545.093365,9.9677764484e-01,9.9677764484e-01,8.3444397247e-01,1.0481017417e+00,9.9890822856e-01,9.9890822856e-01,8.3444397247e-01,1.0481017417e+00,9.6208361126e-01,9.6208361126e-01,8.3444397247e-01,1.0481017417e+00,5.1506887701e-01,5.1506887701e-01,8.3444397247e-01,1.0481017417e+00,1.8848991108e+00,1.8848991108e+00,8.3444397247e-01,1.0481017417e+00,1.0473642937e+00,1.0473642937e+00,8.3444397247e-01,1.0481017417e+00,1.0183624823e+00,1.0183624823e+00,8.3444397247e-01,1.0481017417e+00
2451545.094032,9.9683929200e-01,9.9683929200e-01,8.3872852855e-01,1.0602081070e+00,9.9961771576e-01,9.9961771576e-01,8.3872852855e-01,1.0602081070e+00,9.5176543609e-01,9.5176543609e-01,8.3872852855e-01,1.0602081070e+00,4.8899419598e-01,4.8899419598e-01,8.3872852855e-01,1.0602081070e+00,1.9129967135e+00,1.9129967135e+00,8.3872852855e-01,1.0602081070e+00,1.0365122847e+00,1.0365122847e+00,8.3872852855e-01,1.0602081070e+00,1.0205302646e+00,1.0205302646e+00,8.3872852855e-01,1.0602081070e+00
2451545.094699,9.9690228022e-01,9.9690228022e-01,8.4272747380e-01,1.0710761439e+00,1.0001910662e+00,1.0001910662e+00,8.4272747380e-01,1.0710761439e+00,9.4024057123e-01,9.4024057123e-01,8.4272747380e-01,1.0710761439e+00,4.8570269573e-01,4.8570269573e-01,8.4272747380e-01,1.0710761439e+00,1.9387281215e+00,1.9387281215e+00,8.4272747380e-01,1.0710761439e+00,1.0249038327e+00,1.0249038327e+00,8.4272747380e-01,1.0710761439e+00,1.0252140128e+00,1.0252140128e+00,8.4272747380e-01,1.0710761439e+00
2451545.095366,9.9696658866e-01,9.9696658866e-01,8.4644198868e-01,1.0807141877e+00,1.0006161689e+00,1.0006161689e+00,8.4644198868e-01,1.0807141877e+00,9.2733271723e-01,9.2733271723e-01,8.4644198868e-01,1.0807141877e+00,4.8193397088e-01,4.8193397088e-01,8.4644198868e-01,1.0807141877e+00,1.9623969418e+00,1.9623969418e+00,8.4644198868e-01,1.0807141877e+00,1.0125342770e+00,1.0125342770e+00,8.4644198868e-01,1.0807141877e+00,1.0291718258e+00,1.0291718258e+00,8.4644198868e-01,1.0807141877e+00
2451545.096033,9.9703218604e-01,9.9703218604e-01,8.4987266345e-01,1.0891229000e+00,1.0008786446e+00,1.0008786446e+00,8.4987266345e-01,1.0891229000e+00,9.1417699866e-01,9.1417699866e-01,8.4987266345e-01,1.0891229000e+00,4.7768526114e-01,4.7768526114e-01,8.4987266345e-01,1.0891229000e+00,1.9842473538e+00,1.9842473538e+00,8.4987266345e-01,1.0891229000e+00,1.0007993797e+00,1.0007993797e+00,8.4987266345e-01,1.0891229000e+00,1.0325551767e+00,1.0325551767e+00,8.4987266345e-01,1.0891229000e+00
2451545.096700,9.9709904110e-01,9.9709904110e-01,8.5301989159e-01,1.0962957977e+00,1.0009611771e+00,1.0009611771e+00,8.5301989159e-01,1.0962957977e+00,9.0293417272e-01,9.0293417272e-01,8.5301989159e-01,1.0962957977e+00,4.7295288611e-01,4.7295288611e-01,8.5301989159e-01,1.0962957977e+00,2.0044758328e+00,2.0044758328e+00,8.5301989159e-01,1.0962957977e+00,9.9255517069e-01,9.9255517069e-01,8.5301989159e-01,1.0962957977e+00,1.0354718557e+00,1.0354718557e+00,8.5301989159e-01,1.0962957977e+00
2451545.097367,9.9716713300e-01,9.9716713300e-01,8.5588321403e-01,1.1022183933e+00,1.0008427081e+00,1.0008427081e+00,8.5588321403e-01,1.1022183933e+00,8.8898111960e-01,8.8898111960e-01,8.5588321403e-01,1.1022183933e+00,4.6773285869e-01,4.6773285869e-01,8.5588321403e-01,1.1022183933e+00,2.0232440871e+00,2.0232440871e+00,8.5588321403e-01,1.1022183933e+00,9.8378174202e-01,9.8378174202e-01,8.5588321403e-01,1.1022183933e+00,1.0380006226e+00,1.0380006226e+00,8.5588321403e-01,1.1022183933e+00
2451545.098034,9.9723642352e-01,9.9723642352e-01,8.5846125355e-01,1.1068683267e+00,1.0004972463e+00,1.0004972463e+00,8.5846125355e-01,1.1068683267e+00,8.7152814371e-01,8.7152814371e-01,8.5846125355e-01,1.1068683267e+00,4.6202027169e-01,4.6202027169e-01,8.5846125355e-01,1.1068683267e+00,2.0406851215e+00,2.0406851215e+00,8.5846125355e-01,1.1068683267e+00,9.7447760768e-01,9.7447760768e-01,8.5846125355e-01,1.1068683267e+00,1.0402004870e+00,1.0402004870e+00,8.5846125355e-01,1.1068683267e+00
2451545.098701,9.9730689181e-01,9.9730689181e-01,8.6075151801e-01,1.1102141089e+00,9.9989223452e-01,9.9989223452e-01,8.6075151801e-01,1.1102141089e+00,8.6407109895e-01,8.6407109895e-01,8.6075151801e-01,1.1102141089e+00,4.5580960452e-01,4.5580960452e-01,8.6075151801e-01,1.1102141089e+00,2.0569093020e+00,2.0569093020e+00,8.6075151801e-01,1.1102141089e+00,9.7679151684e-01,9.7679151684e-01,8.6075151801e-01,1.1102141089e+00,1.0421164692e+00,1.0421164692e+00,8.6075151801e-01,1.1102141089e+00
2451545.099367,9.9737839195e-01,9.9737839195e-01,8.6528607375e-01,1.1148590147e+00,9.9898782403e-01,9.9898782403e-01,8.6528607375e-01,1.1148590147e+00,8.6210419744e-01,8.6210419744e-01,8.6528607375e-01,1.1148590147e+00,4.4910515097e-01,4.4910515097e-01,8.6528607375e-01,1.1148590147e+00,2.0719877802e+00,2.0719877802e+00,8.6528607375e-01,1.1148590147e+00,9.8186486583e-01,9.8186486583e-01,8.6528607375e-01,1.1148590147e+00,1.0437812114e+00,1.0437812114e+00,8.6528607375e-01,1.1148590147e+00
2451545.100034,9.9745111156e-01,9.9745111156e-01,8.6969628548e-01,1.1184915064e+00,9.9772757563e-01,9.9772757563e-01,8.6969628548e-01,1.1184915064e+00,8.6066874061e-01,8.6066874061e-01,8.6969628548e-01,1.1184915064e+00,4.4187900138e-01,4.4187900138e-01,8.6969628548e-01,1.1184915064e+00,2.0860438584e+00,2.0860438584e+00,8.6969628548e-01,1.1184915064e+00,9.8565437586e-01,9.8565437586e-01,8.6969628548e-01,1.1184915064e+00,1.0452272872e+00,1.0452272872e+00,8.6969628548e-01,1.1184915064e+00
2451545.100701,9.9752491165e-01,9.9752491165e-01,8.7369503398e-01,1.1207729441e+00,9.9604139677e-01,9.9604139677e-01,8.7369503398e-01,1.1207729441e+00,8.5836786856e-01,8.5836786856e-01,8.7369503398e-01,1.1207729441e+00,4.3413330265e-01,4.3413330265e-01,8.7369503398e-01,1.1207729441e+00,2.0991191766e+00,2.0991191766e+00,8.7369503398e-01,1.1207729441e+00,9.8736476520e-01,9.8736476520e-01,8.7369503398e-01,1.1207729441e+00,1.0464740694e+00,1.0464740694e+00,8.7369503398e-01,1.1207729441e+00
2451545.101368,9.9759976445e-01,9.9759976445e-01,8.7725523375e-01,1.1216285742e+00,9.9383276136e-01,9.9383276136e-01,8.7725523375e-01,1.1216285742e+00,8.5519943702e-01,8.5519943702e-01,8.7725523375e-01,1.1216285742e+00,4.2585885378e-01,4.2585885378e-01,8.7725523375e-01,1.1216285742e+00,2.1112695241e+00,2.1112695241e+00,8.7725523375e-01,1.1216285742e+00,9.8739016234e-01,9.8739016234e-01,8.7725523375e-01,1.1216285742e+00,1.0475393650e+00,1.0475393650e+00,8.7725523375e-01,1.1216285742e+00
2451545.102035,9.9767563173e-01,9.9767563173e-01,8.8030940064e-01,1.1209661786e+00,9.9096706358e-01,9.9096706358e-01,8.8030940064e-01,1.1209661786e+00,8.5115862136e-01,8.5115862136e-01,8.8030940064e-01,1.1209661786e+00,4.1704553369e-01,4.1704553369e-01,8.8030940064e-01,1.1209661786e+00,2.1225422005e+00,2.1225422005e+00,8.8030940064e-01,1.1209661786e+00,9.8600108735e-01,9.8600108735e-01,8.8030940064e-01,1.1209661786e+00,1.0484377463e+00,1.0484377463e+00,8.8030940064e-01,1.1209661786e+00
2451545.102702,9.9775248570e-01,9.9775248570e-01,8.8265672168e-01,1.1186729656e+00,9.8896386364e-01,9.8896386364e-01,8.8265672168e-01,1.1186729656e+00,8.4771197038e-01,8.4771197038e-01,8.8265672168e-01,1.1186729656e+00,4.0768260790e-01,4.0768260790e-01,8.8265672168e-01,1.1186729656e+00,2.1494694404e+00,2.1494694404e+00,8.8265672168e-01,1.1186729656e+00,9.8486510568e-01,9.8486510568e-01,8.8265672168e-01,1.1186729656e+00,1.0491812142e+00,1.0491812142e+00,8.8265672168e-01,1.1186729656e+00
2451545.103369,9.9783028813e-01,9.9783028813e-01,8.8338822646e-01,1.1146108065e+00,9.8938077880e-01,9.8938077880e-01,8.8338822646e-01,1.1146108065e+00,8.5085199031e-01,8.5085199031e-01,8.8338822646e-01,1.1146108065e+00,3.9775811511e-01,3.9775811511e-01,8.8338822646e-01,1.1146108065e+00,2.1967326952e+00,2.1967326952e+00,8.8338822646e-01,1.1146108065e+00,9.8968718509e-01,9.8968718509e-01,8.8338822646e-01,1.1146108065e+00,1.0497797122e+00,1.0497797122e+00,8.8338822646e-01,1.1146108065e+00
2451545.104036,9.9790901125e-01,9.9790901125e-01,8.8353795081e-01,1.1116305227e+00,9.8970799455e-01,9.8970799455e-01,8.8353795081e-01,1.1116305227e+00,8.5349353374e-01,8.5349353374e-01,8.8353795081e-01,1.1116305227e+00,3.8725886725e-01,3.8725886725e-01,8.8353795081e-01,1.1116305227e+00,2.2367057416e+00,2.2367057416e+00,8.8353795081e-01,1.1116305227e+00,9.9317935945e-01,9.9317935945e-01,8.8353795081e-01,1.1116305227e+00,1.0502415837e+00,1.0502415837e+00,8.8353795081e-01,1.1116305227e+00
2451545.104703,9.9798861683e-01,9.9798861683e-01,8.8574007268e-01,1.1050522131e+00,9.8994358308e-01,9.8994358308e-01,8.8574007268e-01,1.1050522131e+00,8.5564624992e-01,8.5564624992e-01,8.8574007268e-01,1.1050522131e+00,3.7617044943e-01,3.7617044943e-01,8.8574007268e-01,1.1050522131e+00,2.2709830220e+00,2.2709830220e+00,8.8574007268e-01,1.1050522131e+00,9.9544227169e-01,9.9544227169e-01,8.8574007268e-01,1.1050522131e+00,1.0505738578e+00,1.0505738578e+00,8.8574007268e-01,1.1050522131e+00
2451545.105370,9.9806907359e-01,9.9806907359e-01,8.8759906806e-01,1.0950511847e+00,9.9008557124e-01,9.9008557124e-01,8.8759906806e-01,1.0950511847e+00,8.5731878294e-01,8.5731878294e-01,8.8759906806e-01,1.0950511847e+00,3.6447783337e-01,3.6447783337e-01,8.8759906806e-01,1.0950511847e+00,2.3006871954e+00,2.3006871954e+00,8.8759906806e-01,1.0950511847e+00,9.9655677386e-01,9.9655677386e-01,8.8759906806e-01,1.0950511847e+00,1.0507824663e+00,1.0507824663e+00,8.8759906806e-01,1.0950511847e+00
2451545.106036,9.9815022521e-01,9.9815022521e-01,8.8911513367e-01,1.0820277327e+00,9.9013189514e-01,9.9013189514e-01,8.8911513367e-01,1.0820277327e+00,8.5851743161e-01,8.5851743161e-01,8.8911513367e-01,1.0820277327e+00,3.5218224587e-01,3.5218224587e-01,8.8911513367e-01,1.0820277327e+00,2.3265956738e+00,2.3265956738e+00,8.8911513367e-01,1.0820277327e+00,9.9658960102e-01,9.9658960102e-01,8.8911513367e-01,1.0820277327e+00,1.0508724267e+00,1.0508724267e+00,8.8911513367e-01,1.0820277327e+00
2451545.106703,9.9823227666e-01,9.9823227666e-01,8.9029463102e-01,1.0657189628e+00,9.9008060432e-01,9.9008060432e-01,8.9029463102e-01,1.0657189628e+00,8.5925271626e-01,8.5925271626e-01,8.9029463102e-01,1.0657189628e+00,3.3922909440e-01,3.3922909440e-01,8.9029463102e-01,1.0657189628e+00,2.3493880358e+00,2.3493880358e+00,8.9029463102e-01,1.0657189628e+00,9.9559532999e-01,9.9559532999e-01,8.9029463102e-01,1.0657189628e+00,1.0508482994e+00,1.0508482994e+00,8.9029463102e-01,1.0657189628e+00
2451545.107370,9.9831507160e-01,9.9831507160e-01,8.9113683869e-01,1.0456968615e+00,9.8992939674e-01,9.8992939674e-01,8.9113683869e-01,1.0456968615e+00,8.5952845638e-01,8.5952845638e-01,8.9113683869e-01,1.0456968615e+00,3.2561653877e-01,3.2561653877e-01,8.9113683869e-01,1.0456968615e+00,2.3694786586e+00,2.3694786586e+00,8.9113683869e-01,1.0456968615e+00,9.9361833822e-01,9.9361833822e-01,8.9113683869e-01,1.0456968615e+00,1.0507135930e+00,1.0507135930e+00,8.9113683869e-01,1.0456968615e+00
2451545.108037,9.9839857877e-01,9.9839857877e-01,8.9164306833e-01,1.0213330362e+00,9.8967607244e-01,9.8967607244e-01,8.9164306833e-01,1.0213330362e+00,8.5935007966e-01,8.5935007966e-01,8.9164306833e-01,1.0213330362e+00,3.1132280329e-01,3.1132280329e-01,8.9164306833e-01,1.0213330362e+00,2.3872172361e+00,2.3872172361e+00,8.9164306833e-01,1.0213330362e+00,9.9069645124e-01,9.9069645124e-01,8.9164306833e-01,1.0213330362e+00,1.0504714737e+00,1.0504714737e+00,8.9164306833e-01,1.0213330362e+00
2451545.108704,9.9848275993e-01,9.9848275993e-01,9.1469622427e-01,1.0176629031e+00,9.8931835209e-01,9.8931835209e-01,9.1469622427e-01,1.0176629031e+00,8.5872214268e-01,8.5872214268e-01,9.1469622427e-01,1.0176629031e+00,2.9632488550e-01,2.9632488550e-01,9.1469622427e-01,1.0176629031e+00,2.4028742252e+00,2.4028742252e+00,9.1469622427e-01,1.0176629031e+00,9.8686148303e-01,9.8686148303e-01,9.1469622427e-01,1.0176629031e+00,1.0501246729e+00,1.0501246729e+00,9.1469622427e-01,1.0176629031e+00
2451545.109371,9.9856757689e-01,9.9856757689e-01,9.4053551231e-01,1.0199146378e+00,9.8885389965e-01,9.8885389965e-01,9.4053551231e-01,1.0199146378e+00,8.5764846493e-01,8.5764846493e-01,9.4053551231e-01,1.0199146378e+00,2.8059732933e-01,2.8059732933e-01,9.4053551231e-01,1.0199146378e+00,2.4166614637e+00,2.4166614637e+00,9.4053551231e-01,1.0199146378e+00,9.8213997900e-01,9.8213997900e-01,9.4053551231e-01,1.0199146378e+00,1.0496755565e+00,1.0496755565e+00,9.4053551231e-01,1.0199146378e+00
2451545.110038,9.9865299489e-01,9.9865299489e-01,9.6525727826e-01,1.0238020853e+00,9.8828032236e-01,9.8828032236e-01,9.6525727826e-01,1.0238020853e+00,8.5651086104e-01,8.5651086104e-01,9.6525727826e-01,1.0238020853e+00,2.6411314521e-01,2.6411314521e-01,9.6525727826e-01,1.0238020853e+00,2.4287447022e+00,2.4287447022e+00,9.6525727826e-01,1.0238020853e+00,9.7693714512e-01,9.7693714512e-01,9.6525727826e-01,1.0238020853e+00,1.0491261247e+00,1.0491261247e+00,9.6525727826e-01,1.0238020853e+00
2451545.110705,9.9873897572e-01,9.9873897572e-01,9.8797786645e-01,1.0285095724e+00,9.8759517081e-01,9.8759517081e-01,9.8797786645e-01,1.0285095724e+00,8.5630728912e-01,8.5630728912e-01,9.8797786645e-01,1.0285095724e+00,2.4684288998e-01,2.4684288998e-01,9.8797786645e-01,1.0285095724e+00,2.4392545204e+00,2.4392545204e+00,9.8797786645e-01,1.0285095724e+00,9.7231088036e-01,9.7231088036e-01,9.8797786645e-01,1.0285095724e+00,1.0484781262e+00,1.0484781262e+00,9.8797786645e-01,1.0285095724e+00
2451545.111372,9.9882548464e-01,9.9882548464e-01,1.0078692350e+00,1.0327632460e+00,9.8679593884e-01,9.8679593884e-01,1.0078692350e+00,1.0327632460e+00,8.5563840992e-01,8.5563840992e-01,1.0078692350e+00,1.0327632460e+00,2.2875497359e-01,2.2875497359e-01,1.0078692350e+00,1.0327632460e+00,2.4482903685e+00,2.4482903685e+00,1.0078692350e+00,1.0327632460e+00,9.6688075559e-01,9.6688075559e-01,1.0078692350e+00,1.0327632460e+00,1.0477329896e+00,1.0477329896e+00,1.0078692350e+00,1.0327632460e+00
2451545.112039,9.9891247996e-01,9.9891247996e-01,1.0253249431e+00,1.0365676047e+00,9.8588006361e-01,9.8588006361e-01,1.0253249431e+00,1.0365676047e+00,8.5450556364e-01,8.5450556364e-01,1.0253249431e+00,1.0365676047e+00,2.0981443227e-01,2.0981443227e-01,1.0253249431e+00,1.0365676047e+00,2.4559294624e+00,2.4559294624e+00,1.0253249431e+00,1.0365676047e+00,9.6065886144e-01,9.6065886144e-01,1.0253249431e+00,1.0365676047e+00,1.0468919151e+00,1.0468919151e+00,1.0253249431e+00,1.0365676047e+00
2451545.112705,9.9899979838e-01,9.9899979838e-01,1.0406378158e+00,1.0399211930e+00,9.8484654720e-01,9.8484654720e-01,1.0406378158e+00,1.0399211930e+00,8.5580325092e-01,8.5580325092e-01,1.0406378158e+00,1.0399211930e+00,1.9001513203e-01,1.9001513203e-01,1.0406378158e+00,1.0399211930e+00,2.4622170802e+00,2.4622170802e+00,1.0406378158e+00,1.0399211930e+00,9.5661362382e-01,9.5661362382e-01,1.0406378158e+00,1.0399211930e+00,1.0459573256e+00,1.0459573256e+00,1.0406378158e+00,1.0399211930e+00
2451545.113372,9.9908766225e-01,9.9908766225e-01,1.0541077608e+00,1.0428363817e+00,9.8368961756e-01,9.8368961756e-01,1.0541077608e+00,1.0428363817e+00,8.5998612467e-01,8.5998612467e-01,1.0541077608e+00,1.0428363817e+00,1.6925708880e-01,1.6925708880e-01,1.0541077608e+00,1.0428363817e+00,2.4672090114e+00,2.4672090114e+00,1.0541077608e+00,1.0428363817e+00,9.5543664198e-01,9.5543664198e-01,1.0541077608e+00,1.0428363817e+00,1.0449271410e+00,1.0449271410e+00,1.0541077608e+00,1.0428363817e+00
2451545.114039,9.9917590482e-01,9.9917590482e-01,1.0659178837e+00,1.0453090032e+00,9.8240800460e-01,9.8240800460e-01,1.0659178837e+00,1.0453090032e+00,8.6354903546e-01,8.6354903546e-01,1.0659178837e+00,1.0453090032e+00,1.4890204887e-01,1.4890204887e-01,1.0659178837e+00,1.0453090032e+00,2.4709125327e+00,2.4709125327e+00,1.0659178837e+00,1.0453090032e+00,9.5365607278e-01,9.5365607278e-01,1.0659178837e+00,1.0453090032e+00,1.0439774762e+00,1.0439774762e+00,1.0659178837e+00,1.0453090032e+00
2451545.114706,9.9926448440e-01,9.9926448440e-01,1.0762390921e+00,1.0473395866e+00,9.8099891868e-01,9.8099891868e-01,1.0762390921e+00,1.0473395866e+00,8.7043932204e-01,8.7043932204e-01,1.0762390921e+00,1.0473395866e+00,1.3592834852e-01,1.3592834852e-01,1.0762390921e+00,1.0473395866e+00,2.4733280485e+00,2.4733280485e+00,1.0762390921e+00,1.0473395866e+00,9.5529648489e-01,9.5529648489e-01,1.0762390921e+00,1.0473395866e+00,1.0439611322e+00,1.0439611322e+00,1.0762390921e+00,1.0473395866e+00
2451545.115373,9.9935336276e-01,9.9935336276e-01,1.0852135028e+00,1.0489278011e+00,9.8013676104e-01,9.8013676104e-01,1.0852135028e+00,1.0489278011e+00,8.8091764760e-01,8.8091764760e-01,1.0852135028e+00,1.0489278011e+00,1.2346837003e-01,1.2346837003e-01,1.0852135028e+00,1.0489278011e+00,2.4813617103e+00,2.4813617103e+00,1.0852135028e+00,1.0489278011e+00,9.6090229574e-01,9.6090229574e-01,1.0852135028e+00,1.0489278011e+00,1.0439843338e+00,1.0439843338e+00,1.0852135028e+00,1.0489278011e+00
2451545.116040,9.9944250168e-01,9.9944250168e-01,1.0935436987e+00,1.0506698889e+00,9.7998918226e-01,9.7998918226e-01,1.0935436987e+00,1.0506698889e+00,8.9060051485e-01,8.9060051485e-01,1.0935436987e+00,1.0506698889e+00,1.2179624374e-01,1.2179624374e-01,1.0935436987e+00,1.0506698889e+00,2.4956623721e+00,2.4956623721e+00,1.0935436987e+00,1.0506698889e+00,9.6610594016e-01,9.6610594016e-01,1.0935436987e+00,1.0506698889e+00,1.0453108015e+00,1.0453108015e+00,1.0935436987e+00,1.0506698889e+00
2451545.116707,9.9953186644e-01,9.9953186644e-01,1.1026945257e+00,1.0539832559e+00,9.7976229151e-01,9.7976229151e-01,1.1026945257e+00,1.0539832559e+00,8.9949140824e-01,8.9949140824e-01,1.1026945257e+00,1.0539832559e+00,1.2009160729e-01,1.2009160729e-01,1.1026945257e+00,1.0539832559e+00,2.5077266100e+00,2.5077266100e+00,1.1026945257e+00,1.0539832559e+00,9.7090910681e-01,9.7090910681e-01,1.1026945257e+00,1.0539832559e+00,1.0465317762e+00,1.0465317762e+00,1.1026945257e+00,1.0539832559e+00
2451545.117374,9.9962141533e-01,9.9962141533e-01,1.1124680565e+00,1.0585992525e+00,9.7945535168e-01,9.7945535168e-01,1.1124680565e+00,1.0585992525e+00,9.0759314211e-01,9.0759314211e-01,1.1124680565e+00,1.0585992525e+00,1.1835108698e-01,1.1835108698e-01,1.1124680565e+00,1.0585992525e+00,2.5175273378e+00,2.5175273378e+00,1.1124680565e+00,1.0585992525e+00,9.7531017458e-01,9.7531017458e-01,1.1124680565e+00,1.0585992525e+00,1.0476430521e+00,1.0476430521e+00,1.1124680565e+00,1.0585992525e+00
2451545.118041,9.9971111361e-01,9.9971111361e-01,1.1214117091e+00,1.0630400084e+00,9.7906768239e-01,9.7906768239e-01,1.1214117091e+00,1.0630400084e+00,9.1490765972e-01,9.1490765972e-01,1.1214117091e+00,1.0630400084e+00,1.1656916223e-01,1.1656916223e-01,1.1214117091e+00,1.0630400084e+00,2.5249942124e+00,2.5249942124e+00,1.1214117091e+00,1.0630400084e+00,9.7930387492e-01,9.7930387492e-01,1.1214117091e+00,1.0630400084e+00,1.0486399658e+00,1.0486399658e+00,1.1214117091e+00,1.0630400084e+00
2451545.118707,9.9980078063e-01,9.9980078063e-01,1.1293766117e+00,1.0670952214e+00,9.7859934032e-01,9.7859934032e-01,1.1293766117e+00,1.0670952214e+00,9.2142692004e-01,9.2142692004e-01,1.1293766117e+00,1.0670952214e+00,1.1474368613e-01,1.1474368613e-01,1.1293766117e+00,1.0670952214e+00,2.5299974632e+00,2.5299974632e+00,1.1293766117e+00,1.0670952214e+00,9.8287528025e-01,9.8287528025e-01,1.1293766117e+00,1.0670952214e+00,1.0495159799e+00,1.0495159799e+00,1.1293766117e+00,1.0670952214e+00
2451545.119374,9.9989065262e-01,9.9989065262e-01,1.1364427091e+00,1.0707755421e+00,9.7804826161e-01,9.7804826161e-01,1.1364427091e+00,1.0707755421e+00,9.2717075760e-01,9.2717075760e-01,1.1364427091e+00,1.0707755421e+00,1.1286177730e-01,1.1286177730e-01,1.1364427091e+00,1.0707755421e+00,2.5323535512e+00,2.5323535512e+00,1.1364427091e+00,1.0707755421e+00,9.8601932466e-01,9.8601932466e-01,1.1364427091e+00,1.0707755421e+00,1.0502675283e+00,1.0502675283e+00,1.1364427091e+00,1.0707755421e+00
2451545.120041,9.9998055589e-01,9.9998055589e-01,1.1426458748e+00,1.0740721061e+00,9.7741441222e-01,9.7741441222e-01,1.1426458748e+00,1.0740721061e+00,9.3212831702e-01,9.3212831702e-01,1.1426458748e+00,1.0740721061e+00,1.1091914195e-01,1.1091914195e-01,1.1426458748e+00,1.0740721061e+00,2.5317524011e+00,2.5317524011e+00,1.1426458748e+00,1.0740721061e+00,9.8870628809e-01,9.8870628809e-01,1.1426458748e+00,1.0740721061e+00,1.0508857762e+00,1.0508857762e+00,1.1426458748e+00,1.0740721061e+00
2451545.120708,1.0000704487e+00,1.0000704487e+00,1.1480280816e+00,1.0769813410e+00,9.7669713444e-01,9.7669713444e-01,1.1480280816e+00,1.0769813410e+00,9.3629805710e-01,9.3629805710e-01,1.1480280816e+00,1.0769813410e+00,1.0890596569e-01,1.0890596569e-01,1.1480280816e+00,1.0769813410e+00,2.5277432513e+00,2.5277432513e+00,1.1480280816e+00,1.0769813410e+00,9.9090097928e-01,9.9090097928e-01,1.1480280816e+00,1.0769813410e+00,1.0513615344e+00,1.0513615344e+00,1.1480280816e+00,1.0769813410e+00
2451545.121375,1.0001602964e+00,1.0001602964e+00,1.1526258586e+00,1.0794987484e+00,9.7589575920e-01,9.7589575920e-01,1.1526258586e+00,1.0794987484e+00,9.3967756553e-01,9.3967756553e-01,1.1526258586e+00,1.0794987484e+00,1.0681120733e-01,1.0681120733e-01,1.1526258586e+00,1.0794987484e+00,2.5196388422e+00,2.5196388422e+00,1.1526258586e+00,1.0794987484e+00,9.9255172586e-01,9.9255172586e-01,1.1526258586e+00,1.0794987484e+00,1.0516831906e+00,1.0516831906e+00,1.1526258586e+00,1.0794987484e+00
2451545.122042,1.0002500572e+00,1.0002500572e+00,1.1564707511e+00,1.0816184407e+00,9.7500962880e-01,9.7500962880e-01,1.1564707511e+00,1.0816184407e+00,9.4226322385e-01,9.4226322385e-01,1.1564707511e+00,1.0816184407e+00,1.0462167879e-01,1.0462167879e-01,1.1564707511e+00,1.0816184407e+00,2.5063682614e+00,2.5063682614e+00,1.1564707511e+00,1.0816184407e+00,9.9358179606e-01,9.9358179606e-01,1.1564707511e+00,1.0816184407e+00,1.0518356353e+00,1.0518356353e+00,1.1564707511e+00,1.0816184407e+00
2451545.122709,1.0003396930e+00,1.0003396930e+00,1.1595903035e+00,1.0833331408e+00,9.7403801746e-01,9.7403801746e-01,1.1595903035e+00,1.0833331408e+00,9.4405047548e-01,9.4405047548e-01,1.1595903035e+00,1.0833331408e+00,1.0232112499e-01,1.0232112499e-01,1.1595903035e+00,1.0833331408e+00,2.4861870820e+00,2.4861870820e+00,1.1595903035e+00,1.0833331408e+00,9.9387474126e-01,9.9387474126e-01,1.1595903035e+00,1.0833331408e+00,1.0517988100e+00,1.0517988100e+00,1.1595903035e+00,1.0833331408e+00
2451545.123376,1.0004291654e+00,1.0004291654e+00,1.1620083223e+00,1.0846340505e+00,9.7298022211e-01,9.7298022211e-01,1.1620083223e+00,1.0846340505e+00,9.4503335666e-01,9.4503335666e-01,1.1620083223e+00,1.0846340505e+00,9.9889610460e-02,9.9889610460e-02,1.1620083223e+00,1.0846340505e+00,2.4560770211e+00,2.4560770211e+00,1.1620083223e+00,1.0846340505e+00,9.9324724277e-01,9.9324724277e-01,1.1620083223e+00,1.0846340505e+00,1.0515452498e+00,1.0515452498e+00,1.1620083223e+00,1.0846340505e+00
2451545.124043,1.0005184364e+00,1.0005184364e+00,1.1637454002e+00,1.0855103866e+00,9.7183544895e-01,9.7183544895e-01,1.1637454002e+00,1.0855103866e+00,9.4520469749e-01,9.4520469749e-01,1.1637454002e+00,1.0855103866e+00,9.7303212621e-02,9.7303212621e-02,1.1637454002e+00,1.0855103866e+00,2.4103451426e+00,2.4103451426e+00,1.1637454002e+00,1.0855103866e+00,9.9139568315e-01,9.9139568315e-01,1.1637454002e+00,1.0855103866e+00,1.0510364265e+00,1.0510364265e+00,1.1637454002e+00,1.0855103866e+00
2451545.124710,1.0006074676e+00,1.0006074676e+00,1.1648191133e+00,1.0859489847e+00,9.7298239940e-01,9.7298239940e-01,1.1648191133e+00,1.0859489847e+00,9.4455565282e-01,9.4455565282e-01,1.1648191133e+00,1.0859489847e+00,9.4531568215e-02,9.4531568215e-02,1.1648191133e+00,1.0859489847e+00,2.3761810579e+00,2.3761810579e+00,1.1648191133e+00,1.0859489847e+00,9.8778104865e-01,9.8778104865e-01,1.1648191133e+00,1.0859489847e+00,1.0502164963e+00,1.0502164963e+00,1.1648191133e+00,1.0859489847e+00
2451545.125376,1.0006960854e+00,1.0006960854e+00,1.1652445456e+00,1.0859344971e+00,9.7570602964e-01,9.7570602964e-01,1.1652445456e+00,1.0859344971e+00,9.4307858370e-01,9.4307858370e-01,1.1652445456e+00,1.0859344971e+00,9.1541553685e-02,9.1541553685e-02,1.1652445456e+00,1.0859344971e+00,2.3533664610e+00,2.3533664610e+00,1.1652445456e+00,1.0859344971e+00,9.8136205648e-01,9.8136205648e-01,1.1652445456e+00,1.0859344971e+00,1.0490036592e+00,1.0490036592e+00,1.1652445456e+00,1.0859344971e+00
2451545.126043,1.0007845190e+00,1.0007845190e+00,1.1650357972e+00,1.0854478715e+00,9.7863888291e-01,9.7863888291e-01,1.1650357972e+00,1.0854478715e+00,9.4075660396e-01,9.4075660396e-01,1.1650357972e+00,1.0854478715e+00,8.8276429602e-02,8.8276429602e-02,1.1650357972e+00,1.0854478715e+00,2.3514922634e+00,2.3514922634e+00,1.1650357972e+00,1.0854478715e+00,9.6974840345e-01,9.6974840345e-01,1.1650357972e+00,1.0854478715e+00,1.0472625804e+00,1.0472625804e+00,1.1650357972e+00,1.0854478715e+00
2451545.126710,1.0008726018e+00,1.0008726018e+00,1.1642023775e+00,1.0844658220e+00,9.8016783264e-01,9.8016783264e-01,1.1642023775e+00,1.0844658220e+00,9.4840911262e-01,9.4840911262e-01,1.1642023775e+00,1.0844658220e+00,8.4677923039e-02,8.4677923039e-02,1.1642023775e+00,1.0844658220e+00,2.3484092971e+00,2.3484092971e+00,1.1642023775e+00,1.0844658220e+00,9.6371043594e-01,9.6371043594e-01,1.1642023775e+00,1.0844658220e+00,1.0447756564e+00,1.0447756564e+00,1.1642023775e+00,1.0844658220e+00
2451545.127377,1.0009602885e+00,1.0009602885e+00,1.1627532058e+00,1.0829602994e+00,9.8081930440e-01,9.8081930440e-01,1.1627532058e+00,1.0829602994e+00,9.6472863914e-01,9.6472863914e-01,1.1627532058e+00,1.0829602994e+00,8.0664451899e-02,8.0664451899e-02,1.1627532058e+00,1.0829602994e+00,2.3441046257e+00,2.3441046257e+00,1.1627532058e+00,1.0829602994e+00,9.6983769872e-01,9.6983769872e-01,1.1627532058e+00,1.0829602994e+00,1.0411511576e+00,1.0411511576e+00,1.1627532058e+00,1.0829602994e+00
2451545.128044,1.0010475444e+00,1.0010475444e+00,1.1606952338e+00,1.0808968377e+00,9.8086688704e-01,9.8086688704e-01,1.1606952338e+00,1.0808968377e+00,9.7433545171e-01,9.7433545171e-01,1.1606952338e+00,1.0808968377e+00,7.8598523304e-02,7.8598523304e-02,1.1606952338e+00,1.0808968377e+00,2.3385612697e+00,2.3385612697e+00,1.1606952338e+00,1.0808968377e+00,9.7554428758e-01,9.7554428758e-01,1.1606952338e+00,1.0808968377e+00,1.0359315099e+00,1.0359315099e+00,1.1606952338e+00,1.0808968377e+00
2451545.128711,1.0011343312e+00,1.0011343312e+00,1.1580339048e+00,1.0782329663e+00,9.8046675509e-01,9.8046675509e-01,1.1580339048e+00,1.0782329663e+00,9.8029961333e-01,9.8029961333e-01,1.1580339048e+00,1.0782329663e+00,1.1377390195e-01,1.1377390195e-01,1.1580339048e+00,1.0782329663e+00,2.3317569942e+00,2.3317569942e+00,1.1580339048e+00,1.0782329663e+00,9.8083357981e-01,9.8083357981e-01,1.1580339048e+00,1.0782329663e+00,1.0341985002e+00,1.0341985002e+00,1.1580339048e+00,1.0782329663e+00
2451545.129378,1.0012206143e+00,1.0012206143e+00,1.1547729570e+00,1.0749153655e+00,9.7971383568e-01,9.7971383568e-01,1.1547729570e+00,1.0749153655e+00,9.8385455010e-01,9.8385455010e-01,1.1547729570e+00,1.0749153655e+00,1.5556847166e-01,1.5556847166e-01,1.1547729570e+00,1.0749153655e+00,2.3236659261e+00,2.3236659261e+00,1.1547729570e+00,1.0749153655e+00,9.8570834478e-01,9.8570834478e-01,1.1547729570e+00,1.0749153655e+00,1.0355185332e+00,1.0355185332e+00,1.1547729570e+00,1.0749153655e+00
2451545.130045,1.0013063554e+00,1.0013063554e+00,1.1509149481e+00,1.0708764924e+00,9.7866804939e-01,9.7866804939e-01,1.1509149481e+00,1.0708764924e+00,9.8557981884e-01,9.8557981884e-01,1.1509149481e+00,1.0708764924e+00,1.8389218095e-01,1.8389218095e-01,1.1509149481e+00,1.0708764924e+00,2.3142565320e+00,2.3142565320e+00,1.1509149481e+00,1.0708764924e+00,9.9017054131e-01,9.9017054131e-01,1.1509149481e+00,1.0708764924e+00,1.0367452798e+00,1.0367452798e+00,1.1509149481e+00,1.0708764924e+00
2451545.130712,1.0013915129e+00,1.0013915129e+00,1.1464606650e+00,1.0660290245e+00,9.7736771409e-01,9.7736771409e-01,1.1464606650e+00,1.0660290245e+00,9.8576482941e-01,9.8576482941e-01,1.1464606650e+00,1.0660290245e+00,2.0304373160e-01,2.0304373160e-01,1.1464606650e+00,1.0660290245e+00,2.3034920235e+00,2.3034920235e+00,1.1464606650e+00,1.0660290245e+00,9.9422158785e-01,9.9422158785e-01,1.1464606650e+00,1.0660290245e+00,1.0378793000e+00,1.0378793000e+00,1.1464606650e+00,1.0660290245e+00
2451545.131378,1.0014759303e+00,1.0014759303e+00,1.1414179778e+00,1.0602675129e+00,9.7583900250e-01,9.7583900250e-01,1.1414179778e+00,1.0602675129e+00,9.8463519953e-01,9.8463519953e-01,1.1414179778e+00,1.0602675129e+00,2.1476517743e-01,2.1476517743e-01,1.1414179778e+00,1.0602675129e+00,2.2913497615e+00,2.2913497615e+00,1.1414179778e+00,1.0602675129e+00,9.9794490321e-01,9.9794490321e-01,1.1414179778e+00,1.0602675129e+00,1.0389197367e+00,1.0389197367e+00,1.1414179778e+00,1.0602675129e+00
2451545.132045,1.0015598231e+00,1.0015598231e+00,1.1357699660e+00,1.0534196276e+00,9.7409014745e-01,9.7409014745e-01,1.1357699660e+00,1.0534196276e+00,9.8215977025e-01,9.8215977025e-01,1.1357699660e+00,1.0534196276e+00,2.1929145032e-01,2.1929145032e-01,1.1357699660e+00,1.0534196276e+00,2.2777456576e+00,2.2777456576e+00,1.1357699660e+00,1.0534196276e+00,1.0012902335e+00,1.0012902335e+00,1.1357699660e+00,1.0534196276e+00,1.0398703845e+00,1.0398703845e+00,1.1357699660e+00,1.0534196276e+00
2451545.132712,1.0016430245e+00,1.0016430245e+00,1.1295208927e+00,1.0452777787e+00,9.7212686432e-01,9.7212686432e-01,1.1295208927e+00,1.0452777787e+00,9.7824801303e-01,9.7824801303e-01,1.1295208927e+00,1.0452777787e+00,2.1625727104e-01,2.1625727104e-01,1.1295208927e+00,1.0452777787e+00,2.2626429232e+00,2.2626429232e+00,1.1295208927e+00,1.0452777787e+00,1.0042225225e+00,1.0042225225e+00,1.1295208927e+00,1.0452777787e+00,1.0408578804e+00,1.0408578804e+00,1.1295208927e+00,1.0452777787e+00
2451545.133379,1.0017255033e+00,1.0017255033e+00,1.1251523257e+00,1.0383731336e+00,9.6994351711e-01,9.6994351711e-01,1.1251523257e+00,1.0383731336e+00,9.7271766466e-01,9.7271766466e-01,1.1251523257e+00,1.0383731336e+00,2.3043660757e-01,2.3043660757e-01,1.1251523257e+00,1.0383731336e+00,2.2459801093e+00,2.2459801093e+00,1.1251523257e+00,1.0383731336e+00,1.0067405544e+00,1.0067405544e+00,1.1251523257e+00,1.0383731336e+00,1.0441401501e+00,1.0441401501e+00,1.1251523257e+00,1.0383731336e+00
2451545.134046,1.0018072212e+00,1.0018072212e+00,1.1215634665e+00,1.0328840424e+00,9.6752369685e-01,9.6752369685e-01,1.1215634665e+00,1.0328840424e+00,9.6518221991e-01,9.6518221991e-01,1.1215634665e+00,1.0328840424e+00,2.4288615827e-01,2.4288615827e-01,1.1215634665e+00,1.0328840424e+00,2.2276897027e+00,2.2276897027e+00,1.1215634665e+00,1.0328840424e+00,1.0088422353e+00,1.0088422353e+00,1.1215634665e+00,1.0328840424e+00,1.0466188450e+00,1.0466188450e+00,1.1215634665e+00,1.0328840424e+00
2451545.134713,1.0018881470e+00,1.0018881470e+00,1.1167170670e+00,1.0266568097e+00,9.6483644533e-01,9.6483644533e-01,1.1167170670e+00,1.0266568097e+00,9.5481720578e-01,9.5481720578e-01,1.1167170670e+00,1.0266568097e+00,2.5388563320e-01,2.5388563320e-01,1.1167170670e+00,1.0266568097e+00,2.2076948919e+00,2.2076948919e+00,1.1167170670e+00,1.0266568097e+00,1.0105249309e+00,1.0105249309e+00,1.1167170670e+00,1.0266568097e+00,1.0485624062e+00,1.0485624062e+00,1.1167170670e+00,1.0266568097e+00
2451545.135380,1.0019682390e+00,1.0019682390e+00,1.1114243801e+00,1.0202313149e+00,9.6182871403e-01,9.6182871403e-01,1.1114243801e+00,1.0202313149e+00,9.4583900027e-01,9.4583900027e-01,1.1114243801e+00,1.0202313149e+00,2.6363990771e-01,2.6363990771e-01,1.1114243801e+00,1.0202313149e+00,2.1859099718e+00,2.1859099718e+00,1.1114243801e+00,1.0202313149e+00,1.0162721822e+00,1.0162721822e+00,1.1114243801e+00,1.0202313149e+00,1.0501206726e+00,1.0501206726e+00,1.1114243801e+00,1.0202313149e+00
2451545.136047,1.0020474693e+00,1.0020474693e+00,1.1051135282e+00,1.0127708476e+00,9.5841065611e-01,9.5841065611e-01,1.1051135282e+00,1.0127708476e+00,9.3936677994e-01,9.3936677994e-01,1.1051135282e+00,1.0127708476e+00,2.7230171818e-01,2.7230171818e-01,1.1051135282e+00,1.0127708476e+00,2.1622403430e+00,2.1622403430e+00,1.1051135282e+00,1.0127708476e+00,1.0224840796e+00,1.0224840796e+00,1.1051135282e+00,1.0127708476e+00,1.0513840617e+00,1.0513840617e+00,1.1051135282e+00,1.0127708476e+00
2451545.136714,1.0021257999e+00,1.0021257999e+00,1.0981029134e+00,1.0043255524e+00,9.5442508781e-01,9.5442508781e-01,1.0981029134e+00,1.0043255524e+00,9.3197319226e-01,9.3197319226e-01,1.0981029134e+00,1.0043255524e+00,2.7998822389e-01,2.7998822389e-01,1.0981029134e+00,1.0043255524e+00,2.1365788738e+00,2.1365788738e+00,1.0981029134e+00,1.0043255524e+00,1.0264969629e+00,1.0264969629e+00,1.0981029134e+00,1.0043255524e+00,1.0524104631e+00,1.0524104631e+00,1.0981029134e+00,1.0043255524e+00
2451545.137381,1.0022177356e+00,1.0022177356e+00,1.0976069146e+00,1.0029350708e+00,9.4999359663e-01,9.4999359663e-01,1.0976069146e+00,1.0029350708e+00,9.2372732303e-01,9.2372732303e-01,1.0976069146e+00,1.0029350708e+00,2.8710641522e-01,2.8710641522e-01,1.0976069146e+00,1.0029350708e+00,2.1125413588e+00,2.1125413588e+00,1.0976069146e+00,1.0029350708e+00,1.0290584267e+00,1.0290584267e+00,1.0976069146e+00,1.0029350708e+00,1.0532387368e+00,1.0532387368e+00,1.0976069146e+00,1.0029350708e+00
2451545.138047,1.0023108629e+00,1.0023108629e+00,1.0956955846e+00,1.0010135746e+00,9.4776922129e-01,9.4776922129e-01,1.0956955846e+00,1.0010135746e+00,9.1455251449e-01,9.1455251449e-01,1.0956955846e+00,1.0010135746e+00,2.9345325702e-01,2.9345325702e-01,1.0956955846e+00,1.0010135746e+00,2.1078740568e+00,2.1078740568e+00,1.0956955846e+00,1.0010135746e+00,1.0305386206e+00,1.0305386206e+00,1.0956955846e+00,1.0010135746e+00,1.0538951359e+00,1.0538951359e+00,1.0956955846e+00,1.0010135746e+00
2451545.138714,1.0024026388e+00,1.0024026388e+00,1.0925126797e+00,9.9846395046e-01,9.4546305053e-01,9.4546305053e-01,1.0925126797e+00,9.9846395046e-01,9.0438068596e-01,9.0438068596e-01,1.0925126797e+00,9.9846395046e-01,3.0113608233e-01,3.0113608233e-01,1.0925126797e+00,9.9846395046e-01,2.0936206946e+00,2.0936206946e+00,1.0925126797e+00,9.9846395046e-01,1.0311445045e+00,1.0311445045e+00,1.0925126797e+00,9.9846395046e-01,1.0546689716e+00,1.0546689716e+00,1.0925126797e+00,9.9846395046e-01
2451545.139381,1.0024928756e+00,1.0024928756e+00,1.0882062191e+00,9.9526893218e-01,9.4406897877e-01,9.4406897877e-01,1.0882062191e+00,9.9526893218e-01,8.9319582240e-01,8.9319582240e-01,1.0882062191e+00,9.9526893218e-01,3.0879069128e-01,3.0879069128e-01,1.0882062191e+00,9.9526893218e-01,2.0825238759e+00,2.0825238759e+00,1.0882062191e+00,9.9526893218e-01,1.0309906357e+00,1.0309906357e+00,1.0882062191e+00,9.9526893218e-01,1.0554003129e+00,1.0554003129e+00,1.0882062191e+00,9.9526893218e-01
2451545.140048,1.0025815420e+00,1.0025815420e+00,1.0828808722e+00,9.9140490299e-01,9.4279694811e-01,9.4279694811e-01,1.0828808722e+00,9.9140490299e-01,8.8629387634e-01,8.8629387634e-01,1.0828808722e+00,9.9140490299e-01,3.1558010062e-01,3.1558010062e-01,1.0828808722e+00,9.9140490299e-01,2.0674215458e+00,2.0674215458e+00,1.0828808722e+00,9.9140490299e-01,1.0354172357e+00,1.0354172357e+00,1.0828808722e+00,9.9140490299e-01,1.0559879416e+00,1.0559879416e+00,1.0828808722e+00,9.9140490299e-01
2451545.140715,1.0026685929e+00,1.0026685929e+00,1.0766119930e+00,9.8684308611e-01,9.4141330916e-01,9.4141330916e-01,1.0766119930e+00,9.8684308611e-01,8.8252504833e-01,8.8252504833e-01,1.0766119930e+00,9.8684308611e-01,3.2153958081e-01,3.2153958081e-01,1.0766119930e+00,9.8684308611e-01,2.0465640220e+00,2.0465640220e+00,1.0766119930e+00,9.8684308611e-01,1.0428250277e+00,1.0428250277e+00,1.0766119930e+00,9.8684308611e-01,1.0564395038e+00,1.0564395038e+00,1.0766119930e+00,9.8684308611e-01
2451545.141382,1.0027540005e+00,1.0027540005e+00,1.0694540804e+00,9.8154881705e-01,9.3991899179e-01,9.3991899179e-01,1.0694540804e+00,9.8154881705e-01,8.7803628062e-01,8.7803628062e-01,1.0694540804e+00,9.8154881705e-01,3.2669857500e-01,3.2669857500e-01,1.0694540804e+00,9.8154881705e-01,2.0203050411e+00,2.0203050411e+00,1.0694540804e+00,9.8154881705e-01,1.0492636756e+00,1.0492636756e+00,1.0694540804e+00,9.8154881705e-01,1.0567608057e+00,1.0567608057e+00,1.0694540804e+00,9.8154881705e-01
2451545.142049,1.0028377196e+00,1.0028377196e+00,1.0614461558e+00,9.7548002216e-01,9.3831481248e-01,9.3831481248e-01,1.0614461558e+00,9.7548002216e-01,8.7280740364e-01,8.7280740364e-01,1.0614461558e+00,9.7548002216e-01,3.3108161918e-01,3.3108161918e-01,1.0614461558e+00,9.7548002216e-01,1.9887739697e+00,1.9887739697e+00,1.0614461558e+00,9.7548002216e-01,1.0547645206e+00,1.0547645206e+00,1.0614461558e+00,9.7548002216e-01,1.0569562248e+00,1.0569562248e+00,1.0614461558e+00,9.7548002216e-01
2451545.142716,1.0029197190e+00,1.0029197190e+00,1.0526154359e+00,9.6858543244e-01,9.3660148566e-01,9.3660148566e-01,1.0526154359e+00,9.6858543244e-01,8.6845560138e-01,8.6845560138e-01,1.0526154359e+00,9.6858543244e-01,3.3471018230e-01,3.3471018230e-01,1.0526154359e+00,9.6858543244e-01,1.9519457429e+00,1.9519457429e+00,1.0526154359e+00,9.6858543244e-01,1.0609811462e+00,1.0609811462e+00,1.0526154359e+00,9.6858543244e-01,1.0570290641e+00,1.0570290641e+00,1.0526154359e+00,9.6858543244e-01
2451545.143383,1.0029999603e+00,1.0029999603e+00,1.0429795624e+00,9.6080206970e-01,9.3477968039e-01,9.3477968039e-01,1.0429795624e+00,9.6080206970e-01,8.6892291890e-01,8.6892291890e-01,1.0429795624e+00,9.6080206970e-01,3.3760143956e-01,3.3760143956e-01,1.0429795624e+00,9.6080206970e-01,1.9096748235e+00,1.9096748235e+00,1.0429795624e+00,9.6080206970e-01,1.0714214649e+00,1.0714214649e+00,1.0429795624e+00,9.6080206970e-01,1.0569817351e+00,1.0569817351e+00,1.0429795624e+00,9.6080206970e-01
2451545.144050,1.0030784159e+00,1.0030784159e+00,1.0325490283e+00,9.5205154198e-01,9.3285003170e-01,9.3285003170e-01,1.0325490283e+00,9.5205154198e-01,8.6897639171e-01,8.6897639171e-01,1.0325490283e+00,9.5205154198e-01,3.3977072592e-01,3.3977072592e-01,1.0325490283e+00,9.5205154198e-01,1.8617146065e+00,1.8617146065e+00,1.0325490283e+00,9.5205154198e-01,1.0806228624e+00,1.0806228624e+00,1.0325490283e+00,9.5205154198e-01,1.0568158724e+00,1.0568158724e+00,1.0325490283e+00,9.5205154198e-01
2451545.144716,1.0031549329e+00,1.0031549329e+00,1.0213452135e+00,9.4225095886e-01,9.3081625911e-01,9.3081625911e-01,1.0213452135e+00,9.4225095886e-01,8.6861682391e-01,8.6861682391e-01,1.0213452135e+00,9.4225095886e-01,3.4122785578e-01,3.4122785578e-01,1.0213452135e+00,9.4225095886e-01,1.8078104014e+00,1.8078104014e+00,1.0213452135e+00,9.4225095886e-01,1.0885961460e+00,1.0885961460e+00,1.0213452135e+00,9.4225095886e-01,1.0565330645e+00,1.0565330645e+00,1.0213452135e+00,9.4225095886e-01
2451545.145383,1.0032297092e+00,1.0032297092e+00,1.0093332283e+00,9.3124459489e-01,9.2867286273e-01,9.2867286273e-01,1.0093332283e+00,9.3124459489e-01,8.7224044443e-01,8.7224044443e-01,1.0093332283e+00,9.3124459489e-01,3.4198785742e-01,3.4198785742e-01,1.0093332283e+00,9.3124459489e-01,1.7473630796e+00,1.7473630796e+00,1.0093332283e+00,9.3124459489e-01,1.0996925349e+00,1.0996925349e+00,1.0093332283e+00,9.3124459489e-01,1.0561329458e+00,1.0561329458e+00,1.0093332283e+00,9.3124459489e-01
2451545.146050,1.0033025991e+00,1.0033025991e+00,9.9677599195e-01,9.1913591422e-01,9.2642341465e-01,9.2642341465e-01,9.9677599195e-01,9.1913591422e-01,8.7558021680e-01,8.7558021680e-01,9.9677599195e-01,9.1913591422e-01,3.4205594474e-01,3.4205594474e-01,9.9677599195e-01,9.1913591422e-01,1.6799093472e+00,1.6799093472e+00,9.9677599195e-01,9.1913591422e-01,1.1094840782e+00,1.1094840782e+00,9.9677599195e-01,9.1913591422e-01,1.0556158247e+00,1.0556158247e+00,9.9677599195e-01,9.1913591422e-01
2451545.146717,1.0033735677e+00,1.0033735677e+00,9.8861434250e-01,9.1042765862e-01,9.2406853858e-01,9.2406853858e-01,9.8861434250e-01,9.1042765862e-01,8.7862997623e-01,8.7862997623e-01,9.8861434250e-01,9.1042765862e-01,3.4143855842e-01,3.4143855842e-01,9.8861434250e-01,9.1042765862e-01,1.6047942860e+00,1.6047942860e+00,9.8861434250e-01,9.1042765862e-01,1.1179636161e+00,1.1179636161e+00,9.8861434250e-01,9.1042765862e-01,1.0549812329e+00,1.0549812329e+00,9.8861434250e-01,9.1042765862e-01
2451545.147384,1.0034425907e+00,1.0034425907e+00,9.7989485017e-01,8.9960606153e-01,9.2160885822e-01,9.2160885822e-01,9.7989485017e-01,8.9960606153e-01,8.8139206803e-01,8.8139206803e-01,9.7989485017e-01,8.9960606153e-01,3.4013999225e-01,3.4013999225e-01,9.7989485017e-01,8.9960606153e-01,1.5212283560e+00,1.5212283560e+00,9.7989485017e-01,8.9960606153e-01,1.1251248667e+00,1.1251248667e+00,9.7989485017e-01,8.9960606153e-01,1.0542282443e+00,1.0542282443e+00,9.7989485017e-01,8.9960606153e-01
2451545.148051,1.0035096333e+00,1.0035096333e+00,9.7061817076e-01,8.8624939403e-01,9.1904506530e-01,9.1904506530e-01,9.7061817076e-01,8.8624939403e-01,8.8386850244e-01,8.8386850244e-01,9.7061817076e-01,8.8624939403e-01,3.3816392665e-01,3.3816392665e-01,9.7061817076e-01,8.8624939403e-01,1.4282631387e+00,1.4282631387e+00,9.7061817076e-01,8.8624939403e-01,1.1309536455e+00,1.1309536455e+00,9.7061817076e-01,8.8624939403e-01,1.0533554533e+00,1.0533554533e+00,9.7061817076e-01,8.8624939403e-01
2451545.148718,1.0035746714e+00,1.0035746714e+00,9.6078292706e-01,8.6972139124e-01,9.1637785156e-01,9.1637785156e-01,9.6078292706e-01,8.6972139124e-01,8.8606128972e-01,8.8606128972e-01,9.6078292706e-01,8.6972139124e-01,3.3784741265e-01,3.3784741265e-01,9.6078292706e-01,8.6972139124e-01,1.3247565702e+00,1.3247565702e+00,9.6078292706e-01,8.6972139124e-01,1.1354270546e+00,1.1354270546e+00,9.6078292706e-01,8.6972139124e-01,1.0526556456e+00,1.0526556456e+00,9.6078292706e-01,8.6972139124e-01
2451545.149385,1.0036376735e+00,1.0036376735e+00,9.6009306703e-01,8.6043759970e-01,9.1813326113e-01,9.1813326113e-01,9.6009306703e-01,8.6043759970e-01,8.9007670914e-01,8.9007670914e-01,9.6009306703e-01,8.6043759970e-01,3.3751740386e-01,3.3751740386e-01,9.6009306703e-01,8.6043759970e-01,1.2588427038e+00,1.2588427038e+00,9.6009306703e-01,8.6043759970e-01,1.1406902067e+00,1.1406902067e+00,9.6009306703e-01,8.6043759970e-01,1.0519088403e+00,1.0519088403e+00,9.6009306703e-01,8.6043759970e-01
2451545.150052,1.0036986119e+00,1.0036986119e+00,9.6638581818e-01,8.6026976813e-01,9.2600890358e-01,9.2600890358e-01,9.6638581818e-01,8.6026976813e-01,8.9450369498e-01,8.9450369498e-01,9.6638581818e-01,8.6026976813e-01,3.3671415757e-01,3.3671415757e-01,9.6638581818e-01,8.6026976813e-01,1.2624702222e+00,1.2624702222e+00,9.6638581818e-01,8.6026976813e-01,1.1454222478e+00,1.1454222478e+00,9.6638581818e-01,8.6026976813e-01,1.0510524619e+00,1.0510524619e+00,9.6638581818e-01,8.6026976813e-01
2451545.150718,1.0037573824e+00,1.0037573824e+00,9.7005337615e-01,8.5928480784e-01,9.3293736105e-01,9.3293736105e-01,9.7005337615e-01,8.5928480784e-01,8.9854993833e-01,8.9854993833e-01,9.7005337615e-01,8.5928480784e-01,3.3544196758e-01,3.3544196758e-01,9.7005337615e-01,8.5928480784e-01,1.2651331515e+00,1.2651331515e+00,9.7005337615e-01,8.5928480784e-01,1.1487796012e+00,1.1487796012e+00,9.7005337615e-01,8.5928480784e-01,1.0500840301e+00,1.0500840301e+00,9.7005337615e-01,8.5928480784e-01
2451545.151385,1.0038141274e+00,1.0038141274e+00,9.7165771552e-01,8.5748073422e-01,9.3903451703e-01,9.3903451703e-01,9.7165771552e-01,8.5748073422e-01,9.0223279439e-01,9.0223279439e-01,9.7165771552e-01,8.5748073422e-01,3.3369868698e-01,3.3369868698e-01,9.7165771552e-01,8.5748073422e-01,1.2668492794e+00,1.2668492794e+00,9.7165771552e-01,8.5748073422e-01,1.1507109997e+00,1.1507109997e+00,9.7165771552e-01,8.5748073422e-01,1.0489960358e+00,1.0489960358e+00,9.7165771552e-01,8.5748073422e-01
2451545.152052,1.0038687357e+00,1.0038687357e+00,9.7156209655e-01,8.5485721651e-01,9.4437081560e-01,9.4437081560e-01,9.7156209655e-01,8.5485721651e-01,9.0555085600e-01,9.0555085600e-01,9.7156209655e-01,8.5485721651e-01,3.3148676936e-01,3.3148676936e-01,9.7156209655e-01,8.5485721651e-01,1.2676190103e+00,1.2676190103e+00,9.7156209655e-01,8.5485721651e-01,1.1511341728e+00,1.1511341728e+00,9.7156209655e-01,8.5485721651e-01,1.0477846617e+00,1.0477846617e+00,9.7156209655e-01,8.5485721651e-01
2451545.152719,1.0039211865e+00,1.0039211865e+00,9.7002583159e-01,8.5141074857e-01,9.4901657611e-01,9.4901657611e-01,9.7002583159e-01,8.5141074857e-01,9.0850854570e-01,9.0850854570e-01,9.7002583159e-01,8.5141074857e-01,3.2880621474e-01,3.2880621474e-01,9.7002583159e-01,8.5141074857e-01,1.2674451740e+00,1.2674451740e+00,9.7002583159e-01,8.5141074857e-01,1.1499552997e+00,1.1499552997e+00,9.7002583159e-01,8.5141074857e-01,1.0464440902e+00,1.0464440902e+00,9.7002583159e-01,8.5141074857e-01
2451545.153386,1.0039714555e+00,1.0039714555e+00,9.6723602688e-01,8.4713550889e-01,9.5303279643e-01,9.5303279643e-01,9.6723602688e-01,8.4713550889e-01,9.1111008504e-01,9.1111008504e-01,9.6723602688e-01,8.4713550889e-01,3.2565640972e-01,3.2565640972e-01,9.6723602688e-01,8.4713550889e-01,1.2663277706e+00,1.2663277706e+00,9.6723602688e-01,8.4713550889e-01,1.1470598230e+00,1.1470598230e+00,9.6723602688e-01,8.4713550889e-01,1.0449678066e+00,1.0449678066e+00,9.6723602688e-01,8.4713550889e-01
2451545.154053,1.0040195252e+00,1.0040195252e+00,9.6616624870e-01,8.4492366475e-01,9.5647271788e-01,9.5647271788e-01,9.6616624870e-01,8.4492366475e-01,9.1335929351e-01,9.1335929351e-01,9.6616624870e-01,8.4492366475e-01,3.2203612748e-01,3.2203612748e-01,9.6616624870e-01,8.4492366475e-01,1.2642643744e+00,1.2642643744e+00,9.6616624870e-01,8.4492366475e-01,1.1423078559e+00,1.1423078559e+00,9.6616624870e-01,8.4492366475e-01,1.0433485304e+00,1.0433485304e+00,9.6616624870e-01,8.4492366475e-01
2451545.154720,1.0040653680e+00,1.0040653680e+00,9.6947034966e-01,8.4786379338e-01,9.5938303856e-01,9.5938303856e-01,9.6947034966e-01,8.4786379338e-01,9.1525972256e-01,9.1525972256e-01,9.6947034966e-01,8.4786379338e-01,3.1794260774e-01,3.1794260774e-01,9.6947034966e-01,8.4786379338e-01,1.2612505384e+00,1.2612505384e+00,9.6947034966e-01,8.4786379338e-01,1.1355283730e+00,1.1355283730e+00,9.6947034966e-01,8.4786379338e-01,1.0415781924e+00,1.0415781924e+00,9.6947034966e-01,8.4786379338e-01
2451545.155387,1.0041089699e+00,1.0041089699e+00,9.7150884374e-01,8.5033509176e-01,9.6180497940e-01,9.6180497940e-01,9.7150884374e-01,8.5033509176e-01,9.1681445458e-01,9.1681445458e-01,9.7150884374e-01,8.5033509176e-01,3.1337309020e-01,3.1337309020e-01,9.7150884374e-01,8.5033509176e-01,1.2572789858e+00,1.2572789858e+00,9.7150884374e-01,8.5033509176e-01,1.1265120504e+00,1.1265120504e+00,9.7150884374e-01,8.5033509176e-01,1.0396477750e+00,1.0396477750e+00,9.7150884374e-01,8.5033509176e-01
2451545.156054,1.0041503135e+00,1.0041503135e+00,9.7236370879e-01,8.5234523370e-01,9.6377508922e-01,9.6377508922e-01,9.7236370879e-01,8.5234523370e-01,9.1802643794e-01,9.1802643794e-01,9.7236370879e-01,8.5234523370e-01,3.0832389447e-01,3.0832389447e-01,9.7236370879e-01,8.5234523370e-01,1.2523400140e+00,1.2523400140e+00,9.7236370879e-01,8.5234523370e-01,1.1150009991e+00,1.1150009991e+00,9.7236370879e-01,8.5234523370e-01,1.0375473116e+00,1.0375473116e+00,9.7236370879e-01,8.5234523370e-01
2451545.156721,1.0041893780e+00,1.0041893780e+00,9.7210229781e-01,8.5390116533e-01,9.6532599320e-01,9.6532599320e-01,9.7210229781e-01,8.5390116533e-01,9.1889835299e-01,9.1889835299e-01,9.7210229781e-01,8.5390116533e-01,3.0279042004e-01,3.0279042004e-01,9.7210229781e-01,8.5390116533e-01,1.2464223036e+00,1.2464223036e+00,9.7210229781e-01,8.5390116533e-01,1.1006755259e+00,1.1006755259e+00,9.7210229781e-01,8.5390116533e-01,1.0352656816e+00,1.0352656816e+00,9.7210229781e-01,8.5390116533e-01
2451545.157387,1.0042260940e+00,1.0042260940e+00,9.7078324137e-01,8.5500771585e-01,9.6648542898e-01,9.6648542898e-01,9.7078324137e-01,8.5500771585e-01,9.1943200896e-01,9.1943200896e-01,9.7078324137e-01,8.5500771585e-01,2.9677696073e-01,2.9677696073e-01,9.7078324137e-01,8.5500771585e-01,1.2395234289e+00,1.2395234289e+00,9.7078324137e-01,8.5500771585e-01,1.0831648730e+00,1.0831648730e+00,9.7078324137e-01,8.5500771585e-01,1.0327944044e+00,1.0327944044e+00,9.7078324137e-01,8.5500771585e-01
2451545.158054,1.0042605585e+00,1.0042605585e+00,9.6844897119e-01,8.5567355139e-01,9.6728316407e-01,9.6728316407e-01,9.6844897119e-01,8.5567355139e-01,9.1963102431e-01,9.1963102431e-01,9.6844897119e-01,8.5567355139e-01,2.9025928724e-01,2.9025928724e-01,9.6844897119e-01,8.5567355139e-01,1.2316057927e+00,1.2316057927e+00,9.6844897119e-01,8.5567355139e-01,1.0619123297e+00,1.0619123297e+00,9.6844897119e-01,8.5567355139e-01,1.0301123814e+00,1.0301123814e+00,9.6844897119e-01,8.5567355139e-01
2451545.158721,1.0042926954e+00,1.0042926954e+00,9.6513982040e-01,8.5590125193e-01,9.6774102798e-01,9.6774102798e-01,9.6513982040e-01,8.5590125193e-01,9.2027189393e-01,9.2027189393e-01,9.6513982040e-01,8.5590125193e-01,2.8323923979e-01,2.8323923979e-01,9.6513982040e-01,8.5590125193e-01,1.2226609054e+00,1.2226609054e+00,9.6513982040e-01,8.5590125193e-01,1.0370817616e+00,1.0370817616e+00,9.6513982040e-01,8.5590125193e-01,1.0272078860e+00,1.0272078860e+00,9.6513982040e-01,8.5590125193e-01
2451545.159388,1.0043224975e+00,1.0043224975e+00,9.6181479869e-01,8.5662146569e-01,9.6788069144e-01,9.6788069144e-01,9.6181479869e-01,8.5662146569e-01,9.4879146331e-01,9.4879146331e-01,9.6181479869e-01,8.5662146569e-01,2.7570884419e-01,2.7570884419e-01,9.6181479869e-01,8.5662146569e-01,1.2126673406e+00,1.2126673406e+00,9.6181479869e-01,8.5662146569e-01,1.0398875377e+00,1.0398875377e+00,9.6181479869e-01,8.5662146569e-01,1.0240639000e+00,1.0240639000e+00,9.6181479869e-01,8.5662146569e-01
2451545.160055,1.0043499476e+00,1.0043499476e+00,9.5840956984e-01,8.5770479632e-01,9.6772201080e-01,9.6772201080e-01,9.5840956984e-01,8.5770479632e-01,9.7417208490e-01,9.7417208490e-01,9.5840956984e-01,8.5770479632e-01,2.6765981954e-01,2.6765981954e-01,9.5840956984e-01,8.5770479632e-01,1.2016024592e+00,1.2016024592e+00,9.5840956984e-01,8.5770479632e-01,1.0425646395e+00,1.0425646395e+00,9.5840956984e-01,8.5770479632e-01,1.0206614278e+00,1.0206614278e+00,9.5840956984e-01,8.5770479632e-01
2451545.160722,1.0043750387e+00,1.0043750387e+00,9.5414121259e-01,8.5833457817e-01,9.6728325479e-01,9.6728325479e-01,9.5414121259e-01,8.5833457817e-01,9.9953407812e-01,9.9953407812e-01,9.5414121259e-01,8.5833457817e-01,2.5908265815e-01,2.5908265815e-01,9.5414121259e-01,8.5833457817e-01,1.1894391751e+00,1.1894391751e+00,9.5414121259e-01,8.5833457817e-01,1.0479593704e+00,1.0479593704e+00,9.5414121259e-01,8.5833457817e-01,1.0169791994e+00,1.0169791994e+00,9.5414121259e-01,8.5833457817e-01
2451545.161389,1.0043977568e+00,1.0043977568e+00,9.4902933601e-01,8.5851279584e-01,9.6658127468e-01,9.6658127468e-01,9.4902933601e-01,8.5851279584e-01,1.0220896199e+00,1.0220896199e+00,9.4902933601e-01,8.5851279584e-01,2.4996662554e-01,2.4996662554e-01,9.4902933601e-01,8.5851279584e-01,1.1761491893e+00,1.1761491893e+00,9.4902933601e-01,8.5851279584e-01,1.0532595374e+00,1.0532595374e+00,9.4902933601e-01,8.5851279584e-01,1.0129934074e+00,1.0129934074e+00,9.4902933601e-01,8.5851279584e-01
2451545.162056,1.0044180916e+00,1.0044180916e+00,9.4309000779e-01,8.5824064012e-01,9.6563176500e-01,9.6563176500e-01,9.4309000779e-01,8.5824064012e-01,1.0418942603e+00,1.0418942603e+00,9.4309000779e-01,8.5824064012e-01,2.4030037383e-01,2.4030037383e-01,9.4309000779e-01,8.5824064012e-01,1.1616993517e+00,1.1616993517e+00,9.4309000779e-01,8.5824064012e-01,1.0580839809e+00,1.0580839809e+00,9.4309000779e-01,8.5824064012e-01,1.0086772614e+00,1.0086772614e+00,9.4309000779e-01,8.5824064012e-01
2451545.162723,1.0044360396e+00,1.0044360396e+00,9.4177226299e-01,8.6288336280e-01,9.6444938840e-01,9.6444938840e-01,9.4177226299e-01,8.6288336280e-01,1.0593024745e+00,1.0593024745e+00,9.4177226299e-01,8.6288336280e-01,2.3280954248e-01,2.3280954248e-01,9.4177226299e-01,8.6288336280e-01,1.1460540864e+00,1.1460540864e+00,9.4177226299e-01,8.6288336280e-01,1.0624348623e+00,1.0624348623e+00,9.4177226299e-01,8.6288336280e-01,1.0043452743e+00,1.0043452743e+00,9.4177226299e-01,8.6288336280e-01
2451545.163389,1.0044515661e+00,1.0044515661e+00,9.4069199164e-01,8.6779923352e-01,9.6305015694e-01,9.6305015694e-01,9.4069199164e-01,8.6779923352e-01,1.0745807554e+00,1.0745807554e+00,9.4069199164e-01,8.6779923352e-01,2.2529509525e-01,2.2529509525e-01,9.4069199164e-01,8.6779923352e-01,1.1292012654e+00,1.1292012654e+00,9.4069199164e-01,8.6779923352e-01,1.0663081964e+00,1.0663081964e+00,9.4069199164e-01,8.6779923352e-01,9.9968537913e-01,9.9968537913e-01,9.4069199164e-01,8.6779923352e-01
2451545.164056,1.0044647161e+00,1.0044647161e+00,9.3949675454e-01,8.7263737381e-01,9.6144285913e-01,9.6144285913e-01,9.3949675454e-01,8.7263737381e-01,1.0880107399e+00,1.0880107399e+00,9.3949675454e-01,8.7263737381e-01,2.1737948493e-01,2.1737948493e-01,9.3949675454e-01,8.7263737381e-01,1.1110462893e+00,1.1110462893e+00,9.3949675454e-01,8.7263737381e-01,1.0697162090e+00,1.0697162090e+00,9.3949675454e-01,8.7263737381e-01,9.9460031209e-01,9.9460031209e-01,9.3949675454e-01,8.7263737381e-01
2451545.164723,1.0044754550e+00,1.0044754550e+00,9.4542178583e-01,8.8447277414e-01,9.5964178338e-01,9.5964178338e-01,9.4542178583e-01,8.8447277414e-01,1.0997635008e+00,1.0997635008e+00,9.4542178583e-01,8.8447277414e-01,2.0906363161e-01,2.0906363161e-01,9.4542178583e-01,8.8447277414e-01,1.0915665191e+00,1.0915665191e+00,9.4542178583e-01,8.8447277414e-01,1.0726528209e+00,1.0726528209e+00,9.4542178583e-01,8.8447277414e-01,9.8905196773e-01,9.8905196773e-01,9.4542178583e-01,8.8447277414e-01
2451545.165390,1.0044837828e+00,1.0044837828e+00,9.5093168128e-01,8.9553523633e-01,9.5765870060e-01,9.5765870060e-01,9.5093168128e-01,8.9553523633e-01,1.1100020698e+00,1.1100020698e+00,9.5093168128e-01,8.9553523633e-01,2.0033557402e-01,2.0033557402e-01,9.5093168128e-01,8.9553523633e-01,1.0707085911e+00,1.0707085911e+00,9.5093168128e-01,8.9553523633e-01,1.0751170865e+00,1.0751170865e+00,9.5093168128e-01,8.9553523633e-01,9.8298921111e-01,9.8298921111e-01,9.5093168128e-01,8.9553523633e-01
2451545.166057,1.0044896925e+00,1.0044896925e+00,9.5603654054e-01,9.0582859728e-01,9.5641202619e-01,9.5641202619e-01,9.5603654054e-01,9.0582859728e-01,1.1193524407e+00,1.1193524407e+00,9.5603654054e-01,9.0582859728e-01,1.9877293949e-01,1.9877293949e-01,9.5603654054e-01,9.0582859728e-01,1.0577108928e+00,1.0577108928e+00,9.5603654054e-01,9.0582859728e-01,1.0776060063e+00,1.0776060063e+00,9.5603654054e-01,9.0582859728e-01,9.7730200012e-01,9.7730200012e-01,9.5603654054e-01,9.0582859728e-01
2451545.166724,1.0044931842e+00,1.0044931842e+00,9.6074462700e-01,9.1535616467e-01,9.5541497923e-01,9.5541497923e-01,9.6074462700e-01,9.1535616467e-01,1.1282795187e+00,1.1282795187e+00,9.6074462700e-01,9.1535616467e-01,1.9761821544e-01,1.9761821544e-01,9.6074462700e-01,9.1535616467e-01,1.0468768498e+00,1.0468768498e+00,9.6074462700e-01,9.1535616467e-01,1.0805327566e+00,1.0805327566e+00,9.6074462700e-01,9.1535616467e-01,9.7104311583e-01,9.7104311583e-01,9.6074462700e-01,9.1535616467e-01
2451545.167391,1.0044942577e+00,1.0044942577e+00,9.6506197423e-01,9.2412045233e-01,9.5542830373e-01,9.5542830373e-01,9.6506197423e-01,9.2412045233e-01,1.1374499047e+00,1.1374499047e+00,9.6506197423e-01,9.2412045233e-01,1.9643312814e-01,1.9643312814e-01,9.6506197423e-01,9.2412045233e-01,1.0461932285e+00,1.0461932285e+00,9.6506197423e-01,9.2412045233e-01,1.0845222691e+00,1.0845222691e+00,9.6506197423e-01,9.2412045233e-01,9.6407706328e-01,9.6407706328e-01,9.6506197423e-01,9.2412045233e-01
2451545.168058,1.0044929097e+00,1.0044929097e+00,9.6899225482e-01,9.3212337872e-01,9.5534199498e-01,9.5534199498e-01,9.6899225482e-01,9.3212337872e-01,1.1463900494e+00,1.1463900494e+00,9.6899225482e-01,9.3212337872e-01,1.9521890437e-01,1.9521890437e-01,9.6899225482e-01,9.3212337872e-01,1.0440898095e+00,1.0440898095e+00,9.6899225482e-01,9.3212337872e-01,1.0890707889e+00,1.0890707889e+00,9.6899225482e-01,9.3212337872e-01,9.5631135616e-01,9.5631135616e-01,9.6899225482e-01,9.3212337872e-01
2451545.168725,1.0044891401e+00,1.0044891401e+00,9.7253678043e-01,9.3936613461e-01,9.5516210853e-01,9.5516210853e-01,9.7253678043e-01,9.3936613461e-01,1.1550584074e+00,1.1550584074e+00,9.7253678043e-01,9.3936613461e-01,2.3454914268e-01,2.3454914268e-01,9.7253678043e-01,9.3936613461e-01,1.0405245487e+00,1.0405245487e+00,9.7253678043e-01,9.3936613461e-01,1.0940160039e+00,1.0940160039e+00,9.7253678043e-01,9.3936613461e-01,9.5312281855e-01,9.5312281855e-01,9.7253678043e-01,9.3936613461e-01
2451545.169392,1.0044829560e+00,1.0044829560e+00,9.7569338684e-01,9.4584911691e-01,9.5489443913e-01,9.5489443913e-01,9.7569338684e-01,9.4584911691e-01,1.1627272661e+00,1.1627272661e+00,9.7569338684e-01,9.4584911691e-01,3.0753720996e-01,3.0753720996e-01,9.7569338684e-01,9.4584911691e-01,1.0354452951e+00,1.0354452951e+00,9.7569338684e-01,9.4584911691e-01,1.0985476373e+00,1.0985476373e+00,9.7569338684e-01,9.4584911691e-01,9.5480091022e-01,9.5480091022e-01,9.7569338684e-01,9.4584911691e-01
2451545.170058,1.0044743676e+00,1.0044743676e+00,9.7845203996e-01,9.5156385796e-01,9.5553341420e-01,9.5553341420e-01,9.7845203996e-01,9.5156385796e-01,1.1694441346e+00,1.1694441346e+00,9.7845203996e-01,9.5156385796e-01,3.7388093681e-01,3.7388093681e-01,9.7845203996e-01,9.5156385796e-01,1.0389705332e+00,1.0389705332e+00,9.7845203996e-01,9.5156385796e-01,1.1026574485e+00,1.1026574485e+00,9.7845203996e-01,9.5156385796e-01,9.5639573906e-01,9.5639573906e-01,9.7845203996e-01,9.5156385796e-01
2451545.170725,1.0044633612e+00,1.0044633612e+00,9.8080939509e-01,9.5652636694e-01,9.5665861452e-01,9.5665861452e-01,9.8080939509e-01,9.5652636694e-01,1.1752787017e+00,1.1752787017e+00,9.8080939509e-01,9.5652636694e-01,4.3458752478e-01,4.3458752478e-01,9.8080939509e-01,9.5652636694e-01,1.0460197965e+00,1.0460197965e+00,9.8080939509e-01,9.5652636694e-01,1.1063542859e+00,1.1063542859e+00,9.8080939509e-01,9.5652636694e-01,9.5790026459e-01,9.5790026459e-01,9.8080939509e-01,9.5652636694e-01
2451545.171392,1.0044499471e+00,1.0044499471e+00,9.8274151471e-01,9.6072533158e-01,9.5770960587e-01,9.5770960587e-01,9.8274151471e-01,9.6072533158e-01,1.1802634666e+00,1.1802634666e+00,9.8274151471e-01,9.6072533158e-01,4.9653931317e-01,4.9653931317e-01,9.8274151471e-01,9.6072533158e-01,1.0505949249e+00,1.0505949249e+00,9.8274151471e-01,9.6072533158e-01,1.1096272073e+00,1.1096272073e+00,9.8274151471e-01,9.6072533158e-01,9.6014550354e-01,9.6014550354e-01,9.8274151471e-01,9.6072533158e-01
2451545.172059,1.0044341357e+00,1.0044341357e+00,9.8421744397e-01,9.6415764266e-01,9.5868913253e-01,9.5868913253e-01,9.8421744397e-01,9.6415764266e-01,1.1844363561e+00,1.1844363561e+00,9.8421744397e-01,9.6415764266e-01,5.5648743299e-01,5.5648743299e-01,9.8421744397e-01,9.6415764266e-01,1.0526150641e+00,1.0526150641e+00,9.8421744397e-01,9.6415764266e-01,1.1124706739e+00,1.1124706739e+00,9.8421744397e-01,9.6415764266e-01,9.6277510014e-01,9.6277510014e-01,9.8421744397e-01,9.6415764266e-01
2451545.172726,1.0044159306e+00,1.0044159306e+00,9.8518825850e-01,9.6681933097e-01,9.5959975734e-01,9.5959975734e-01,9.8518825850e-01,9.6681933097e-01,1.1878304724e+00,1.1878304724e+00,9.8518825850e-01,9.6681933097e-01,6.1173967502e-01,6.1173967502e-01,9.8518825850e-01,9.6681933097e-01,1.0519746998e+00,1.0519746998e+00,9.8518825850e-01,9.6681933097e-01,1.1148777959e+00,1.1148777959e+00,9.8518825850e-01,9.6681933097e-01,9.6537995220e-01,9.6537995220e-01,9.8518825850e-01,9.6681933097e-01
2451545.173393,1.0043953387e+00,1.0043953387e+00,9.8557512838e-01,9.6870497192e-01,9.6044375963e-01,9.6044375963e-01,9.8557512838e-01,9.6870497192e-01,1.1904747632e+00,1.1904747632e+00,9.8557512838e-01,9.6870497192e-01,6.6279289266e-01,6.6279289266e-01,9.8557512838e-01,9.6870497192e-01,1.0485375927e+00,1.0485375927e+00,9.8557512838e-01,9.6870497192e-01,1.1168401303e+00,1.1168401303e+00,9.8557512838e-01,9.6870497192e-01,9.6795586514e-01,9.6795586514e-01,9.8557512838e-01,9.6870497192e-01
2451545.174060,1.0043723739e+00,1.0043723739e+00,9.8524656115e-01,9.6980828092e-01,9.6122327134e-01,9.6122327134e-01,9.8524656115e-01,9.6980828092e-01,1.1923946247e+00,1.1923946247e+00,9.8524656115e-01,9.6980828092e-01,7.1007523854e-01,7.1007523854e-01,9.8524656115e-01,9.6980828092e-01,1.0421331407e+00,1.0421331407e+00,9.8524656115e-01,9.6980828092e-01,1.1183475452e+00,1.1183475452e+00,9.8524656115e-01,9.6980828092e-01,9.7049856438e-01,9.7049856438e-01,9.8524656115e-01,9.6980828092e-01
2451545.174727,1.0043470397e+00,1.0043470397e+00,9.8396928062e-01,9.7012125339e-01,9.6194018624e-01,9.6194018624e-01,9.8396928062e-01,9.7012125339e-01,1.1936121028e+00,1.1936121028e+00,9.8396928062e-01,9.7012125339e-01,7.5395659242e-01,7.5395659242e-01,9.8396928062e-01,9.7012125339e-01,1.0325466762e+00,1.0325466762e+00,9.8396928062e-01,9.7012125339e-01,1.1193880849e+00,1.1193880849e+00,9.8396928062e-01,9.7012125339e-01,9.7300364963e-01,9.7300364963e-01,9.8396928062e-01,9.7012125339e-01
2451545.175394,1.0043193533e+00,1.0043193533e+00,9.8129162161e-01,9.6963442937e-01,9.6259628472e-01,9.6259628472e-01,9.8129162161e-01,9.6963442937e-01,1.1941465628e+00,1.1941465628e+00,9.8129162161e-01,9.6963442937e-01,7.9475898888e-01,7.9475898888e-01,9.8129162161e-01,9.6963442937e-01,1.0195085509e+00,1.0195085509e+00,9.8129162161e-01,9.6963442937e-01,1.1199471597e+00,1.1199471597e+00,9.8129162161e-01,9.6963442937e-01,9.7546661772e-01,9.7546661772e-01,9.8129162161e-01,9.6963442937e-01
2451545.176061,1.0042893254e+00,1.0042893254e+00,9.7621548739e-01,9.6833662892e-01,9.6319315436e-01,9.6319315436e-01,9.7621548739e-01,9.6833662892e-01,1.1940144890e+00,1.1940144890e+00,9.7621548739e-01,9.6833662892e-01,8.3276367146e-01,8.3276367146e-01,9.7621548739e-01,9.6833662892e-01,1.0026795818e+00,1.0026795818e+00,9.7621548739e-01,9.6833662892e-01,1.1200076130e+00,1.1200076130e+00,9.7621548739e-01,9.6833662892e-01,9.7788281690e-01,9.7788281690e-01,9.7621548739e-01,9.6833662892e-01
2451545.176727,1.0042570148e+00,1.0042570148e+00,9.6638116183e-01,9.6655663520e-01,9.6373152094e-01,9.6373152094e-01,9.6638116183e-01,9.6655663520e-01,1.1932319633e+00,1.1932319633e+00,9.6638116183e-01,9.6655663520e-01,8.6816600782e-01,8.6816600782e-01,9.6638116183e-01,9.6655663520e-01,9.8166358403e-01,9.8166358403e-01,9.6638116183e-01,9.6655663520e-01,1.1195499242e+00,1.1195499242e+00,9.6638116183e-01,9.6655663520e-01,9.8024392661e-01,9.8024392661e-01,9.6638116183e-01,9.6655663520e-01
2451545.177394,1.0042223452e+00,1.0042223452e+00,9.5795029712e-01,9.7054688537e-01,9.6457695207e-01,9.6457695207e-01,9.5795029712e-01,9.7054688537e-01,1.1918087691e+00,1.1918087691e+00,9.5795029712e-01,9.7054688537e-01,9.0128925936e-01,9.0128925936e-01,9.5795029712e-01,9.7054688537e-01,9.5975899985e-01,9.5975899985e-01,9.5795029712e-01,9.7054688537e-01,1.1185480880e+00,1.1185480880e+00,9.5795029712e-01,9.7054688537e-01,9.8255202699e-01,9.8255202699e-01,9.5795029712e-01,9.7054688537e-01
2451545.178061,1.0041853722e+00,1.0041853722e+00,9.6039087617e-01,9.8090183527e-01,9.6650547811e-01,9.6650547811e-01,9.6039087617e-01,9.8090183527e-01,1.1897558286e+00,1.1897558286e+00,9.6039087617e-01,9.8090183527e-01,9.3227144090e-01,9.3227144090e-01,9.6039087617e-01,9.8090183527e-01,9.4779016979e-01,9.4779016979e-01,9.6039087617e-01,9.8090183527e-01,1.1169725197e+00,1.1169725197e+00,9.6039087617e-01,9.8090183527e-01,9.8479831743e-01,9.8479831743e-01,9.6039087617e-01,9.8090183527e-01
2451545.178728,1.0041585232e+00,1.0041585232e+00,9.6560361830e-01,9.8787594157e-01,9.6819789396e-01,9.6819789396e-01,9.6560361830e-01,9.8787594157e-01,1.1870815180e+00,1.1870815180e+00,9.6560361830e-01,9.8787594157e-01,9.6128246402e-01,9.6128246402e-01,9.6560361830e-01,9.8787594157e-01,9.3316649587e-01,9.3316649587e-01,9.6560361830e-01,9.8787594157e-01,1.1148608420e+00,1.1148608420e+00,9.6560361830e-01,9.8787594157e-01,9.8701194279e-01,9.8701194279e-01,9.6560361830e-01,9.8787594157e-01
2451545.179395,1.0041350685e+00,1.0041350685e+00,9.7038686205e-01,9.9170239553e-01,9.6968683617e-01,9.6968683617e-01,9.7038686205e-01,9.9170239553e-01,1.1837926721e+00,1.1837926721e+00,9.7038686205e-01,9.9170239553e-01,9.8847537184e-01,9.8847537184e-01,9.7038686205e-01,9.9170239553e-01,9.1540406642e-01,9.1540406642e-01,9.7038686205e-01,9.9170239553e-01,1.1121286906e+00,1.1121286906e+00,9.7038686205e-01,9.9170239553e-01,9.8916828424e-01,9.8916828424e-01,9.7038686205e-01,9.9170239553e-01
2451545.180062,1.0041098315e+00,1.0041098315e+00,9.7475142852e-01,9.9350560915e-01,9.7099792180e-01,9.7099792180e-01,9.7475142852e-01,9.9350560915e-01,1.1798943836e+00,1.1798943836e+00,9.7475142852e-01,9.9350560915e-01,1.0139854189e+00,1.0139854189e+00,9.7475142852e-01,9.9350560915e-01,8.9399067079e-01,8.9399067079e-01,9.7475142852e-01,9.9350560915e-01,1.1086903501e+00,1.1086903501e+00,9.7475142852e-01,9.9350560915e-01,9.9124666608e-01,9.9124666608e-01,9.7475142852e-01,9.9350560915e-01
2451545.180729,1.0040828331e+00,1.0040828331e+00,9.7870649921e-01,9.9376856954e-01,9.7339273735e-01,9.7339273735e-01,9.7870649921e-01,9.9376856954e-01,1.1753902709e+00,1.1753902709e+00,9.7870649921e-01,9.9376856954e-01,1.0379349783e+00,1.0379349783e+00,9.7870649921e-01,9.9376856954e-01,8.8279925275e-01,8.8279925275e-01,9.7870649921e-01,9.9376856954e-01,1.1044767213e+00,1.1044767213e+00,9.7870649921e-01,9.9376856954e-01,9.9324043643e-01,9.9324043643e-01,9.7870649921e-01,9.9376856954e-01
2451545.181396,1.0040540732e+00,1.0040540732e+00,9.8224177772e-01,9.9268986966e-01,9.7586393916e-01,9.7586393916e-01,9.8224177772e-01,9.9268986966e-01,1.1702827464e+00,1.1702827464e+00,9.8224177772e-01,9.9268986966e-01,1.0604338485e+00,1.0604338485e+00,9.8224177772e-01,9.9268986966e-01,8.7379332059e-01,8.7379332059e-01,9.8224177772e-01,9.9268986966e-01,1.0993997248e+00,1.0993997248e+00,9.8224177772e-01,9.9268986966e-01,9.9514241766e-01,9.9514241766e-01,9.8224177772e-01,9.9268986966e-01
2451545.182063,1.0040235762e+00,1.0040235762e+00,9.8535923151e-01,9.9034730610e-01,9.7847929507e-01,9.7847929507e-01,9.8535923151e-01,9.9034730610e-01,1.1645725472e+00,1.1645725472e+00,9.8535923151e-01,9.9034730610e-01,1.0815801735e+00,1.0815801735e+00,9.8535923151e-01,9.9034730610e-01,8.6732701522e-01,8.6732701522e-01,9.8535923151e-01,9.9034730610e-01,1.0933450736e+00,1.0933450736e+00,9.8535923151e-01,9.9034730610e-01,9.9694480353e-01,9.9694480353e-01,9.8535923151e-01,9.9034730610e-01
2451545.182729,1.0039913977e+00,1.0039913977e+00,9.8809519316e-01,9.8677693255e-01,9.8185216308e-01,9.8185216308e-01,9.8809519316e-01,9.8677693255e-01,1.1582691883e+00,1.1582691883e+00,9.8809519316e-01,9.8677693255e-01,1.1014346796e+00,1.1014346796e+00,9.8809519316e-01,9.8677693255e-01,8.7040998145e-01,8.7040998145e-01,9.8809519316e-01,9.8677693255e-01,1.0861726779e+00,1.0861726779e+00,9.8809519316e-01,9.8677693255e-01,9.9863658756e-01,9.9863658756e-01,9.8809519316e-01,9.8677693255e-01
2451545.183396,1.0039574577e+00,1.0039574577e+00,9.9047235414e-01,9.8189539553e-01,9.8496330386e-01,9.8496330386e-01,9.9047235414e-01,9.8189539553e-01,1.1513520313e+00,1.1513520313e+00,9.9047235414e-01,9.8189539553e-01,1.1201381421e+00,1.1201381421e+00,9.9047235414e-01,9.8189539553e-01,8.7229186025e-01,8.7229186025e-01,9.9047235414e-01,9.8189539553e-01,1.0776543689e+00,1.0776543689e+00,9.9047235414e-01,9.8189539553e-01,1.0002134152e+00,1.0002134152e+00,9.9047235414e-01,9.8189539553e-01
2451545.184063,1.0039218153e+00,1.0039218153e+00,9.9243096900e-01,9.7546004379e-01,9.8783251704e-01,9.8783251704e-01,9.9243096900e-01,9.7546004379e-01,1.1470274345e+00,1.1470274345e+00,9.9243096900e-01,9.7546004379e-01,1.1377328856e+00,1.1377328856e+00,9.9243096900e-01,9.7546004379e-01,8.7292130930e-01,8.7292130930e-01,9.9243096900e-01,9.7546004379e-01,1.0712317969e+00,1.0712317969e+00,9.9243096900e-01,9.7546004379e-01,1.0016621083e+00,1.0016621083e+00,9.9243096900e-01,9.7546004379e-01
2451545.184730,1.0038844880e+00,1.0038844880e+00,9.9397011958e-01,9.6711430967e-01,9.9048080431e-01,9.9048080431e-01,9.9397011958e-01,9.6711430967e-01,1.1428310921e+00,1.1428310921e+00,9.9397011958e-01,9.6711430967e-01,1.1542860771e+00,1.1542860771e+00,9.9397011958e-01,9.6711430967e-01,8.7224011364e-01,8.7224011364e-01,9.9397011958e-01,9.6711430967e-01,1.0655588457e+00,1.0655588457e+00,9.9397011958e-01,9.6711430967e-01,1.0029707919e+00,1.0029707919e+00,9.9397011958e-01,9.6711430967e-01
2451545.185397,1.0038454929e+00,1.0038454929e+00,9.9508823191e-01,9.5618329460e-01,9.9292594680e-01,9.9292594680e-01,9.9508823191e-01,9.5618329460e-01,1.1373841693e+00,1.1373841693e+00,9.9508823191e-01,9.5618329460e-01,1.1698587500e+00,1.1698587500e+00,9.9508823191e-01,9.5618329460e-01,8.7017995158e-01,8.7017995158e-01,9.9508823191e-01,9.5618329460e-01,1.0590605550e+00,1.0590605550e+00,9.9508823191e-01,9.5618329460e-01,1.0041259793e+00,1.0041259793e+00,9.9508823191e-01,9.5618329460e-01
2451545.186064,1.0038048476e+00,1.0038048476e+00,9.9977939814e-01,9.4638443148e-01,9.9518309473e-01,9.9518309473e-01,9.9977939814e-01,9.4638443148e-01,1.1308229617e+00,1.1308229617e+00,9.9977939814e-01,9.4638443148e-01,1.1845067235e+00,1.1845067235e+00,9.9977939814e-01,9.4638443148e-01,8.6665794768e-01,8.6665794768e-01,9.9977939814e-01,9.4638443148e-01,1.0516308107e+00,1.0516308107e+00,9.9977939814e-01,9.4638443148e-01,1.0051121838e+00,1.0051121838e+00,9.9977939814e-01,9.4638443148e-01
2451545.186731,1.0037625660e+00,1.0037625660e+00,1.0059058982e+00,9.3970642850e-01,9.9726530047e-01,9.9726530047e-01,1.0059058982e+00,9.3970642850e-01,1.1232418841e+00,1.1232418841e+00,1.0059058982e+00,9.3970642850e-01,1.1982809098e+00,1.1982809098e+00,1.0059058982e+00,9.3970642850e-01,8.6157303433e-01,8.6157303433e-01,1.0059058982e+00,9.3970642850e-01,1.0431289828e+00,1.0431289828e+00,1.0059058982e+00,9.3970642850e-01,1.0059113926e+00,1.0059113926e+00,1.0059058982e+00,9.3970642850e-01
2451545.187398,1.0037186653e+00,1.0037186653e+00,1.0099068109e+00,9.3218761383e-01,9.9918382462e-01,9.9918382462e-01,1.0099068109e+00,9.3218761383e-01,1.1159142998e+00,1.1159142998e+00,1.0099068109e+00,9.3218761383e-01,1.2112285407e+00,1.2112285407e+00,1.0099068109e+00,9.3218761383e-01,8.5480514322e-01,8.5480514322e-01,1.0099068109e+00,9.3218761383e-01,1.0346236426e+00,1.0346236426e+00,1.0099068109e+00,9.3218761383e-01,1.0065024729e+00,1.0065024729e+00,1.0099068109e+00,9.3218761383e-01
2451545.188065,1.0036731699e+00,1.0036731699e+00,1.0124415005e+00,9.2381224292e-01,1.0009484876e+00,1.0009484876e+00,1.0124415005e+00,9.2381224292e-01,1.1126034751e+00,1.1126034751e+00,1.0124415005e+00,9.2381224292e-01,1.2233928608e+00,1.2233928608e+00,1.0124415005e+00,9.2381224292e-01,8.4620752420e-01,8.4620752420e-01,1.0124415005e+00,9.2381224292e-01,1.0308720256e+00,1.0308720256e+00,1.0124415005e+00,9.2381224292e-01,1.0068602916e+00,1.0068602916e+00,1.0124415005e+00,9.2381224292e-01
2451545.188732,1.0036260973e+00,1.0036260973e+00,1.0138610946e+00,9.1456073432e-01,1.0025678739e+00,1.0025678739e+00,1.0138610946e+00,9.1456073432e-01,1.1101850031e+00,1.1101850031e+00,1.0138610946e+00,9.1456073432e-01,1.2348128209e+00,1.2348128209e+00,1.0138610946e+00,9.1456073432e-01,8.3560148972e-01,8.3560148972e-01,1.0138610946e+00,9.1456073432e-01,1.0288629497e+00,1.0288629497e+00,1.0138610946e+00,9.1456073432e-01,1.0069545152e+00,1.0069545152e+00,1.0138610946e+00,9.1456073432e-01
2451545.189398,1.0035775411e+00,1.0035775411e+00,1.0143676522e+00,9.0442620805e-01,1.0040474039e+00,1.0040474039e+00,1.0143676522e+00,9.0442620805e-01,1.1065274093e+00,1.1065274093e+00,1.0143676522e+00,9.0442620805e-01,1.2455098900e+00,1.2455098900e+00,1.0143676522e+00,9.0442620805e-01,8.2278975583e-01,8.2278975583e-01,1.0143676522e+00,9.0442620805e-01,1.0261774723e+00,1.0261774723e+00,1.0143676522e+00,9.0442620805e-01,1.0067486383e+00,1.0067486383e+00,1.0143676522e+00,9.0442620805e-01
2451545.190065,1.0035273764e+00,1.0035273764e+00,1.0140848614e+00,8.9335183823e-01,1.0053981795e+00,1.0053981795e+00,1.0140848614e+00,8.9335183823e-01,1.1017493657e+00,1.1017493657e+00,1.0140848614e+00,8.9335183823e-01,1.2571936117e+00,1.2571936117e+00,1.0140848614e+00,8.9335183823e-01,8.0746426847e-01,8.0746426847e-01,1.0140848614e+00,8.9335183823e-01,1.0227868865e+00,1.0227868865e+00,1.0140848614e+00,8.9335183823e-01,1.0064087523e+00,1.0064087523e+00,1.0140848614e+00,8.9335183823e-01
2451545.190732,1.0034756934e+00,1.0034756934e+00,1.0130875516e+00,8.8132207875e-01,1.0066237615e+00,1.0066237615e+00,1.0130875516e+00,8.8132207875e-01,1.0959507822e+00,1.0959507822e+00,1.0130875516e+00,8.8132207875e-01,1.2785552398e+00,1.2785552398e+00,1.0130875516e+00,8.8132207875e-01,7.8930605827e-01,7.8930605827e-01,1.0130875516e+00,8.8132207875e-01,1.0186697128e+00,1.0186697128e+00,1.0130875516e+00,8.8132207875e-01,1.0072715540e+00,1.0072715540e+00,1.0130875516e+00,8.8132207875e-01
2451545.191399,1.0034225199e+00,1.0034225199e+00,1.0158811601e+00,8.7292884638e-01,1.0077294003e+00,1.0077294003e+00,1.0158811601e+00,8.7292884638e-01,1.0892026207e+00,1.0892026207e+00,1.0158811601e+00,8.7292884638e-01,1.2977807051e+00,1.2977807051e+00,1.0158811601e+00,8.7292884638e-01,7.6789144983e-01,7.6789144983e-01,1.0158811601e+00,8.7292884638e-01,1.0137954207e+00,1.0137954207e+00,1.0158811601e+00,8.7292884638e-01,1.0079532005e+00,1.0079532005e+00,1.0158811601e+00,8.7292884638e-01
2451545.192066,1.0033678768e+00,1.0033678768e+00,1.0221939794e+00,8.6835055726e-01,1.0087197794e+00,1.0087197794e+00,1.0221939794e+00,8.6835055726e-01,1.0815571479e+00,1.0815571479e+00,1.0221939794e+00,8.6835055726e-01,1.3151702664e+00,1.3151702664e+00,1.0221939794e+00,8.6835055726e-01,7.4267872080e-01,7.4267872080e-01,1.0221939794e+00,8.6835055726e-01,1.0081275354e+00,1.0081275354e+00,1.0221939794e+00,8.6835055726e-01,1.0084351763e+00,1.0084351763e+00,1.0221939794e+00,8.6835055726e-01
2451545.192733,1.0033117850e+00,1.0033117850e+00,1.0275583478e+00,8.6309975108e-01,1.0095990718e+00,1.0095990718e+00,1.0275583478e+00,8.6309975108e-01,1.0730529608e+00,1.0730529608e+00,1.0275583478e+00,8.6309975108e-01,1.3309600826e+00,1.3309600826e+00,1.0275583478e+00,8.6309975108e-01,7.1296605772e-01,7.1296605772e-01,1.0275583478e+00,8.6309975108e-01,1.0016216121e+00,1.0016216121e+00,1.0275583478e+00,8.6309975108e-01,1.0086955369e+00,1.0086955369e+00,1.0275583478e+00,8.6309975108e-01
2451545.193400,1.0032542722e+00,1.0032542722e+00,1.0319995143e+00,8.5715631719e-01,1.0103710197e+00,1.0103710197e+00,1.0319995143e+00,8.5715631719e-01,1.0637175998e+00,1.0637175998e+00,1.0319995143e+00,8.5715631719e-01,1.3453384672e+00,1.3453384672e+00,1.0319995143e+00,8.5715631719e-01,6.7782687279e-01,6.7782687279e-01,1.0319995143e+00,8.5715631719e-01,9.9422368176e-01,9.9422368176e-01,1.0319995143e+00,8.5715631719e-01,1.0087079377e+00,1.0087079377e+00,1.0319995143e+00,8.5715631719e-01
2451545.194067,1.0031953593e+00,1.0031953593e+00,1.0391925791e+00,8.5429352207e-01,1.0110389685e+00,1.0110389685e+00,1.0391925791e+00,8.5429352207e-01,1.0535698944e+00,1.0535698944e+00,1.0391925791e+00,8.5429352207e-01,1.3584590767e+00,1.3584590767e+00,1.0391925791e+00,8.5429352207e-01,6.3601480030e-01,6.3601480030e-01,1.0391925791e+00,8.5429352207e-01,9.8586781991e-01,9.8586781991e-01,1.0391925791e+00,8.5429352207e-01,1.0084404223e+00,1.0084404223e+00,1.0391925791e+00,8.5429352207e-01
2451545.194734,1.0031350741e+00,1.0031350741e+00,1.0483012367e+00,8.5416571340e-01,1.0153259427e+00,1.0153259427e+00,1.0483012367e+00,8.5416571340e-01,1.0426215039e+00,1.0426215039e+00,1.0483012367e+00,8.5416571340e-01,1.3784233813e+00,1.3784233813e+00,1.0483012367e+00,8.5416571340e-01,6.3136164776e-01,6.3136164776e-01,1.0483012367e+00,8.5416571340e-01,9.7647256658e-01,9.7647256658e-01,1.0483012367e+00,8.5416571340e-01,1.0089515087e+00,1.0089515087e+00,1.0483012367e+00,8.5416571340e-01
2451545.195400,1.0030735346e+00,1.0030735346e+00,1.0561856698e+00,8.5366592328e-01,1.0192526337e+00,1.0192526337e+00,1.0561856698e+00,8.5366592328e-01,1.0308962835e+00,1.0308962835e+00,1.0561856698e+00,8.5366592328e-01,1.4009835915e+00,1.4009835915e+00,1.0561856698e+00,8.5366592328e-01,6.2944459743e-01,6.2944459743e-01,1.0561856698e+00,8.5366592328e-01,9.6595288187e-01,9.6595288187e-01,1.0561856698e+00,8.5366592328e-01,1.0099674408e+00,1.0099674408e+00,1.0561856698e+00,8.5366592328e-01
2451545.196067,1.0030105811e+00,1.0030105811e+00,1.0628866051e+00,8.5279196866e-01,1.0226263975e+00,1.0226263975e+00,1.0628866051e+00,8.5279196866e-01,1.0183593218e+00,1.0183593218e+00,1.0628866051e+00,8.5279196866e-01,1.4213220696e+00,1.4213220696e+00,1.0628866051e+00,8.5279196866e-01,6.2689567243e-01,6.2689567243e-01,1.0628866051e+00,8.5279196866e-01,9.5414814237e-01,9.5414814237e-01,1.0628866051e+00,8.5279196866e-01,1.0108481181e+00,1.0108481181e+00,1.0628866051e+00,8.5279196866e-01
2451545.196734,1.0029463352e+00,1.0029463352e+00,1.0713193717e+00,8.5454331789e-01,1.0255314338e+00,1.0255314338e+00,1.0713193717e+00,8.5454331789e-01,1.0050234173e+00,1.0050234173e+00,1.0713193717e+00,8.5454331789e-01,1.4396900028e+00,1.4396900028e+00,1.0713193717e+00,8.5454331789e-01,6.2371002152e-01,6.2371002152e-01,1.0713193717e+00,8.5454331789e-01,9.4090657317e-01,9.4090657317e-01,1.0713193717e+00,8.5454331789e-01,1.0115820425e+00,1.0115820425e+00,1.0713193717e+00,8.5454331789e-01
2451545.197401,1.0028808212e+00,1.0028808212e+00,1.0797655826e+00,8.5734862557e-01,1.0280368370e+00,1.0280368370e+00,1.0797655826e+00,8.5734862557e-01,9.9318133401e-01,9.9318133401e-01,1.0797655826e+00,8.5734862557e-01,1.4563207893e+00,1.4563207893e+00,1.0797655826e+00,8.5734862557e-01,6.1987996356e-01,6.1987996356e-01,1.0797655826e+00,8.5734862557e-01,9.2828237063e-01,9.2828237063e-01,1.0797655826e+00,8.5734862557e-01,1.0121579218e+00,1.0121579218e+00,1.0797655826e+00,8.5734862557e-01
2451545.198068,1.0028140704e+00,1.0028140704e+00,1.0869073620e+00,8.5989434670e-01,1.0301963476e+00,1.0301963476e+00,1.0869073620e+00,8.5989434670e-01,9.8389019864e-01,9.8389019864e-01,1.0869073620e+00,8.5989434670e-01,1.4714055031e+00,1.4714055031e+00,1.0869073620e+00,8.5989434670e-01,6.1539579605e-01,6.1539579605e-01,1.0869073620e+00,8.5989434670e-01,9.1667000096e-01,9.1667000096e-01,1.0869073620e+00,8.5989434670e-01,1.0125627037e+00,1.0125627037e+00,1.0869073620e+00,8.5989434670e-01
2451545.198735,1.0027461070e+00,1.0027461070e+00,1.0927327738e+00,8.6218094435e-01,1.0320523883e+00,1.0320523883e+00,1.0927327738e+00,8.6218094435e-01,9.7404557279e-01,9.7404557279e-01,1.0927327738e+00,8.6218094435e-01,1.4851033212e+00,1.4851033212e+00,1.0927327738e+00,8.6218094435e-01,6.1024862506e-01,6.1024862506e-01,1.0927327738e+00,8.6218094435e-01,9.0245077694e-01,9.0245077694e-01,1.0927327738e+00,8.6218094435e-01,1.0127811414e+00,1.0127811414e+00,1.0927327738e+00,8.6218094435e-01
2451545.199402,1.0026769624e+00,1.0026769624e+00,1.0993551415e+00,8.6630489085e-01,1.0336389339e+00,1.0336389339e+00,1.0993551415e+00,8.6630489085e-01,9.6364779148e-01,9.6364779148e-01,1.0993551415e+00,8.6630489085e-01,1.4975473513e+00,1.4975473513e+00,1.0993551415e+00,8.6630489085e-01,6.0442753528e-01,6.0442753528e-01,1.0993551415e+00,8.6630489085e-01,8.8503617387e-01,8.8503617387e-01,1.0993551415e+00,8.6630489085e-01,1.0127952681e+00,1.0127952681e+00,1.0993551415e+00,8.6630489085e-01
2451545.200069,1.0026066679e+00,1.0026066679e+00,1.1054620980e+00,8.7082787561e-01,1.0349835292e+00,1.0349835292e+00,1.1054620980e+00,8.7082787561e-01,9.6469144941e-01,9.6469144941e-01,1.1054620980e+00,8.7082787561e-01,1.5088507656e+00,1.5088507656e+00,1.1054620980e+00,8.7082787561e-01,5.9791999432e-01,5.9791999432e-01,1.1054620980e+00,8.7082787561e-01,8.7780298721e-01,8.7780298721e-01,1.1054620980e+00,8.7082787561e-01,1.0125836651e+00,1.0125836651e+00,1.1054620980e+00,8.7082787561e-01
2451545.200736,1.0025352476e+00,1.0025352476e+00,1.1102727552e+00,8.7499257270e-01,1.0361087522e+00,1.0361087522e+00,1.1102727552e+00,8.7499257270e-01,9.6983938007e-01,9.6983938007e-01,1.1102727552e+00,8.7499257270e-01,1.5191095609e+00,1.5191095609e+00,1.1102727552e+00,8.7499257270e-01,5.9071387408e-01,5.9071387408e-01,1.1102727552e+00,8.7499257270e-01,8.7700925902e-01,8.7700925902e-01,1.1102727552e+00,8.7499257270e-01,1.0121205706e+00,1.0121205706e+00,1.1102727552e+00,8.7499257270e-01
2451545.201403,1.0024627365e+00,1.0024627365e+00,1.1137396970e+00,8.7879732830e-01,1.0370333253e+00,1.0370333253e+00,1.1137396970e+00,8.7879732830e-01,9.7332583412e-01,9.7332583412e-01,1.1137396970e+00,8.7879732830e-01,1.5284065463e+00,1.5284065463e+00,1.1137396970e+00,8.7879732830e-01,5.8279421655e-01,5.8279421655e-01,1.1137396970e+00,8.7879732830e-01,8.7617439557e-01,8.7617439557e-01,1.1137396970e+00,8.7879732830e-01,1.0113745654e+00,1.0113745654e+00,1.1137396970e+00,8.7879732830e-01
2451545.202069,1.0023892768e+00,1.0023892768e+00,1.1158002267e+00,8.8222990399e-01,1.0377718882e+00,1.0377718882e+00,1.1158002267e+00,8.8222990399e-01,9.7479975385e-01,9.7479975385e-01,1.1158002267e+00,8.8222990399e-01,1.5368006080e+00,1.5368006080e+00,1.1158002267e+00,8.8222990399e-01,5.7416021318e-01,5.7416021318e-01,1.1158002267e+00,8.8222990399e-01,8.7446974761e-01,8.7446974761e-01,1.1158002267e+00,8.8222990399e-01,1.0103087327e+00,1.0103087327e+00,1.1158002267e+00,8.8222990399e-01
2451545.202736,1.0023146777e+00,1.0023146777e+00,1.1163840402e+00,8.8528103829e-01,1.0383398409e+00,1.0383398409e+00,1.1163840402e+00,8.8528103829e-01,9.7459403764e-01,9.7459403764e-01,1.1163840402e+00,8.8528103829e-01,1.5443791555e+00,1.5443791555e+00,1.1163840402e+00,8.8528103829e-01,5.6476860705e-01,5.6476860705e-01,1.1163840402e+00,8.8528103829e-01,8.7188997903e-01,8.7188997903e-01,1.1163840402e+00,8.8528103829e-01,1.0088713546e+00,1.0088713546e+00,1.1163840402e+00,8.8528103829e-01
2451545.203403,1.0022390814e+00,1.0022390814e+00,1.1153918458e+00,8.8789337605e-01,1.0387471510e+00,1.0387471510e+00,1.1153918458e+00,8.8789337605e-01,9.7294355043e-01,9.7294355043e-01,1.1153918458e+00,8.8789337605e-01,1.5511832864e+00,1.5511832864e+00,1.1153918458e+00,8.8789337605e-01,5.5461454690e-01,5.5461454690e-01,1.1153918458e+00,8.8789337605e-01,8.6843434683e-01,8.6843434683e-01,1.1153918458e+00,8.8789337605e-01,1.0070020042e+00,1.0070020042e+00,1.1153918458e+00,8.8789337605e-01
2451545.204070,1.0021625193e+00,1.0021625193e+00,1.1127059890e+00,8.8990398106e-01,1.0390034351e+00,1.0390034351e+00,1.1127059890e+00,8.8990398106e-01,9.7036097450e-01,9.7036097450e-01,1.1127059890e+00,8.8990398106e-01,1.5572599258e+00,1.5572599258e+00,1.1127059890e+00,8.8990398106e-01,5.4367822349e-01,5.4367822349e-01,1.1127059890e+00,8.8990398106e-01,8.6443578321e-01,8.6443578321e-01,1.1127059890e+00,8.8990398106e-01,1.0046206988e+00,1.0046206988e+00,1.1127059890e+00,8.8990398106e-01
2451545.204737,1.0020850225e+00,1.0020850225e+00,1.1081810739e+00,8.9049049849e-01,1.0391169598e+00,1.0391169598e+00,1.1081810739e+00,8.9049049849e-01,9.7483231999e-01,9.7483231999e-01,1.1081810739e+00,8.9049049849e-01,1.5626513983e+00,1.5626513983e+00,1.1081810739e+00,8.9049049849e-01,5.3193982757e-01,5.3193982757e-01,1.1081810739e+00,8.9049049849e-01,8.6819327663e-01,8.6819327663e-01,1.1081810739e+00,8.9049049849e-01,1.0016218427e+00,1.0016218427e+00,1.1081810739e+00,8.9049049849e-01
2451545.205404,1.0020066260e+00,1.0020066260e+00,1.1043388047e+00,8.9008854948e-01,1.0390949489e+00,1.0390949489e+00,1.1043388047e+00,8.9008854948e-01,9.7793307292e-01,9.7793307292e-01,1.1043388047e+00,8.9008854948e-01,1.5889140862e+00,1.5889140862e+00,1.1043388047e+00,8.9008854948e-01,5.1937631572e-01,5.1937631572e-01,1.1043388047e+00,8.9008854948e-01,8.7143836924e-01,8.7143836924e-01,1.1043388047e+00,8.9008854948e-01,1.0009245151e+00,1.0009245151e+00,1.1043388047e+00,8.9008854948e-01
2451545.206071,1.0019273609e+00,1.0019273609e+00,1.0968973143e+00,8.9155715842e-01,1.0389436846e+00,1.0389436846e+00,1.0968973143e+00,8.9155715842e-01,9.7976367907e-01,9.7976367907e-01,1.0968973143e+00,8.9155715842e-01,1.6213414363e+00,1.6213414363e+00,1.0968973143e+00,8.9155715842e-01,5.0596383598e-01,5.0596383598e-01,1.0968973143e+00,8.9155715842e-01,8.7418065250e-01,8.7418065250e-01,1.0968973143e+00,8.9155715842e-01,1.0015530723e+00,1.0015530723e+00,1.0968973143e+00,8.9155715842e-01
2451545.206738,1.0018472620e+00,1.0018472620e+00,1.0861955975e+00,8.9271471333e-01,1.0386687236e+00,1.0386687236e+00,1.0861955975e+00,8.9271471333e-01,9.8040649194e-01,9.8040649194e-01,1.0861955975e+00,8.9271471333e-01,1.6492155240e+00,1.6492155240e+00,1.0861955975e+00,8.9271471333e-01,4.9167732360e-01,4.9167732360e-01,1.0861955975e+00,8.9271471333e-01,8.7642877225e-01,8.7642877225e-01,1.0861955975e+00,8.9271471333e-01,1.0020877374e+00,1.0020877374e+00,1.0861955975e+00,8.9271471333e-01
2451545.207405,1.0017663640e+00,1.0017663640e+00,1.0724155795e+00,8.9356346345e-01,1.0382749987e+00,1.0382749987e+00,1.0724155795e+00,8.9356346345e-01,9.7992986024e-01,9.7992986024e-01,1.0724155795e+00,8.9356346345e-01,1.6733423558e+00,1.6733423558e+00,1.0724155795e+00,8.9356346345e-01,4.7648888391e-01,4.7648888391e-01,1.0724155795e+00,8.9356346345e-01,8.7819022605e-01,8.7819022605e-01,1.0724155795e+00,8.9356346345e-01,1.0025265787e+00,1.0025265787e+00,1.0724155795e+00,8.9356346345e-01
2451545.208072,1.0016847017e+00,1.0016847017e+00,1.0552336118e+00,8.9410545953e-01,1.0377669100e+00,1.0377669100e+00,1.0552336118e+00,8.9410545953e-01,9.7839080822e-01,9.7839080822e-01,1.0552336118e+00,8.9410545953e-01,1.6943322639e+00,1.6943322639e+00,1.0552336118e+00,8.9410545953e-01,4.6036900517e-01,4.6036900517e-01,1.0552336118e+00,8.9410545953e-01,8.7947183601e-01,8.7947183601e-01,1.0552336118e+00,8.9410545953e-01,1.0028676192e+00,1.0028676192e+00,1.0552336118e+00,8.9410545953e-01
2451545.208738,1.0016024348e+00,1.0016024348e+00,1.0341546137e+00,8.9434235542e-01,1.0371494355e+00,1.0371494355e+00,1.0341546137e+00,8.9434235542e-01,9.7584227263e-01,9.7584227263e-01,1.0341546137e+00,8.9434235542e-01,1.7126293494e+00,1.7126293494e+00,1.0341546137e+00,8.9434235542e-01,4.4331283614e-01,4.4331283614e-01,1.0341546137e+00,8.9434235542e-01,8.8027860049e-01,8.8027860049e-01,1.0341546137e+00,8.9434235542e-01,1.0031085728e+00,1.0031085728e+00,1.0341546137e+00,8.9434235542e-01
2451545.209405,1.0015193480e+00,1.0015193480e+00,1.0170178978e+00,9.0263536515e-01,1.0364242991e+00,1.0364242991e+00,1.0170178978e+00,9.0263536515e-01,9.7231728867e-01,9.7231728867e-01,1.0170178978e+00,9.0263536515e-01,1.7286574712e+00,1.7286574712e+00,1.0170178978e+00,9.0263536515e-01,4.2523426721e-01,4.2523426721e-01,1.0170178978e+00,9.0263536515e-01,8.8061794952e-01,8.8061794952e-01,1.0170178978e+00,9.0263536515e-01,1.0032481023e+00,1.0032481023e+00,1.0170178978e+00,9.0263536515e-01
2451545.210072,1.0014355977e+00,1.0014355977e+00,1.0204755269e+00,9.3039088326e-01,1.0355956285e+00,1.0355956285e+00,1.0204755269e+00,9.3039088326e-01,9.6785378318e-01,9.6785378318e-01,1.0204755269e+00,9.3039088326e-01,1.7426803909e+00,1.7426803909e+00,1.0204755269e+00,9.3039088326e-01,4.0612278736e-01,4.0612278736e-01,1.0204755269e+00,9.3039088326e-01,8.8049272000e-01,8.8049272000e-01,1.0204755269e+00,9.3039088326e-01,1.0032836704e+00,1.0032836704e+00,1.0204755269e+00,9.3039088326e-01
2451545.210739,1.0013512254e+00,1.0013512254e+00,1.0237806771e+00,9.5511458391e-01,1.0346664741e+00,1.0346664741e+00,1.0237806771e+00,9.5511458391e-01,9.6248150794e-01,9.6248150794e-01,1.0237806771e+00,9.5511458391e-01,1.7549345740e+00,1.7549345740e+00,1.0237806771e+00,9.5511458391e-01,3.8593837382e-01,3.8593837382e-01,1.0237806771e+00,9.5511458391e-01,8.7990635677e-01,8.7990635677e-01,1.0237806771e+00,9.5511458391e-01,1.0032131170e+00,1.0032131170e+00,1.0237806771e+00,9.5511458391e-01
2451545.211406,1.0012662660e+00,1.0012662660e+00,1.0294151133e+00,9.7935569437e-01,1.0336396030e+00,1.0336396030e+00,1.0294151133e+00,9.7935569437e-01,9.5739361692e-01,9.5739361692e-01,1.0294151133e+00,9.7935569437e-01,1.7656120143e+00,1.7656120143e+00,1.0294151133e+00,9.7935569437e-01,3.6463938673e-01,3.6463938673e-01,1.0294151133e+00,9.7935569437e-01,8.8002699318e-01,8.8002699318e-01,1.0294151133e+00,9.7935569437e-01,1.0030342705e+00,1.0030342705e+00,1.0294151133e+00,9.7935569437e-01
2451545.212073,1.0011807507e+00,1.0011807507e+00,1.0345557150e+00,1.0005052507e+00,1.0325176572e+00,1.0325176572e+00,1.0345557150e+00,1.0005052507e+00,9.5207769586e-01,9.5207769586e-01,1.0345557150e+00,1.0005052507e+00,1.7748706623e+00,1.7748706623e+00,1.0345557150e+00,1.0005052507e+00,3.4218095207e-01,3.4218095207e-01,1.0345557150e+00,1.0005052507e+00,8.8027860049e-01,8.8027860049e-01,1.0345557150e+00,1.0005052507e+00,1.0027448908e+00,1.0027448908e+00,1.0345557150e+00,1.0005052507e+00
2451545.212740,1.0010947178e+00,1.0010947178e+00,1.0392072039e+00,1.0189992710e+00,1.0313031090e+00,1.0313031090e+00,1.0392072039e+00,1.0189992710e+00,9.4594587889e-01,9.4594587889e-01,1.0392072039e+00,1.0189992710e+00,1.7828411718e+00,1.7828411718e+00,1.0392072039e+00,1.0189992710e+00,3.1851374885e-01,3.1851374885e-01,1.0392072039e+00,1.0189992710e+00,8.8004820250e-01,8.8004820250e-01,1.0392072039e+00,1.0189992710e+00,1.0023426805e+00,1.0023426805e+00,1.0392072039e+00,1.0189992710e+00
2451545.213407,1.0010082054e+00,1.0010082054e+00,1.0433729249e+00,1.0351873107e+00,1.0299982718e+00,1.0299982718e+00,1.0433729249e+00,1.0351873107e+00,9.3901371198e-01,9.3901371198e-01,1.0433729249e+00,1.0351873107e+00,1.7896318079e+00,1.7896318079e+00,1.0433729249e+00,1.0351873107e+00,2.9358603047e-01,2.9358603047e-01,1.0433729249e+00,1.0351873107e+00,8.7933647465e-01,8.7933647465e-01,1.0433729249e+00,1.0351873107e+00,1.0018253195e+00,1.0018253195e+00,1.0433729249e+00,1.0351873107e+00
2451545.214074,1.0009212483e+00,1.0009212483e+00,1.0470553045e+00,1.0493525731e+00,1.0286053680e+00,1.0286053680e+00,1.0470553045e+00,1.0493525731e+00,9.3601414194e-01,9.3601414194e-01,1.0470553045e+00,1.0493525731e+00,1.7953336605e+00,1.7953336605e+00,1.0470553045e+00,1.0493525731e+00,2.6734119905e-01,2.6734119905e-01,1.0470553045e+00,1.0493525731e+00,8.8281223544e-01,8.8281223544e-01,1.0470553045e+00,1.0493525731e+00,1.0011904190e+00,1.0011904190e+00,1.0470553045e+00,1.0493525731e+00
2451545.214740,1.0008340167e+00,1.0008340167e+00,1.0502514570e+00,1.0617098589e+00,1.0277294209e+00,1.0277294209e+00,1.0502514570e+00,1.0617098589e+00,9.3411116657e-01,9.3411116657e-01,1.0502514570e+00,1.0617098589e+00,1.8000160435e+00,1.8000160435e+00,1.0502514570e+00,1.0617098589e+00,2.4611902334e-01,2.4611902334e-01,1.0502514570e+00,1.0617098589e+00,8.8736406496e-01,8.8736406496e-01,1.0502514570e+00,1.0617098589e+00,1.0004368018e+00,1.0004368018e+00,1.0502514570e+00,1.0617098589e+00
2451545.215407,1.0007462849e+00,1.0007462849e+00,1.0529714821e+00,1.0724876623e+00,1.0273725965e+00,1.0273725965e+00,1.0529714821e+00,1.0724876623e+00,9.3161081011e-01,9.3161081011e-01,1.0529714821e+00,1.0724876623e+00,1.8037553251e+00,1.8037553251e+00,1.0529714821e+00,1.0724876623e+00,2.3032781645e-01,2.3032781645e-01,1.0529714821e+00,1.0724876623e+00,8.9128170896e-01,8.9128170896e-01,1.0529714821e+00,1.0724876623e+00,9.9955973627e-01,9.9955973627e-01,1.0529714821e+00,1.0724876623e+00
2451545.216074,1.0006582195e+00,1.0006582195e+00,1.0558614966e+00,1.0824728138e+00,1.0275656146e+00,1.0275656146e+00,1.0558614966e+00,1.0824728138e+00,9.3511763475e-01,9.3511763475e-01,1.0558614966e+00,1.0824728138e+00,1.8065968971e+00,1.8065968971e+00,1.0558614966e+00,1.0824728138e+00,2.2040459471e-01,2.2040459471e-01,1.0558614966e+00,1.0824728138e+00,9.0108622101e-01,9.0108622101e-01,1.0558614966e+00,1.0824728138e+00,9.9855775932e-01,9.9855775932e-01,1.0558614966e+00,1.0824728138e+00
2451545.216741,1.0005698588e+00,1.0005698588e+00,1.0590051177e+00,1.0918201128e+00,1.0285874055e+00,1.0285874055e+00,1.0590051177e+00,1.0918201128e+00,9.4002058221e-01,9.4002058221e-01,1.0590051177e+00,1.0918201128e+00,1.8085824704e+00,1.8085824704e+00,1.0590051177e+00,1.0918201128e+00,2.1980627449e-01,2.1980627449e-01,1.0590051177e+00,1.0918201128e+00,9.1186649659e-01,9.1186649659e-01,1.0590051177e+00,1.0918201128e+00,9.9742831081e-01,9.9742831081e-01,1.0590051177e+00,1.0918201128e+00
2451545.217408,1.0004812410e+00,1.0004812410e+00,1.0634371683e+00,1.1016228128e+00,1.0295202680e+00,1.0295202680e+00,1.0634371683e+00,1.1016228128e+00,9.4455357556e-01,9.4455357556e-01,1.0634371683e+00,1.1016228128e+00,1.8097460887e+00,1.8097460887e+00,1.0634371683e+00,1.1016228128e+00,2.1907373649e-01,2.1907373649e-01,1.0634371683e+00,1.1016228128e+00,9.2182582312e-01,9.2182582312e-01,1.0634371683e+00,1.1016228128e+00,9.9616880771e-01,9.9616880771e-01,1.0634371683e+00,1.1016228128e+00
2451545.218075,1.0003924043e+00,1.0003924043e+00,1.0674851691e+00,1.1102395119e+00,1.0303632270e+00,1.0303632270e+00,1.0674851691e+00,1.1102395119e+00,9.4872680008e-01,9.4872680008e-01,1.0674851691e+00,1.1102395119e+00,1.8168664269e+00,1.8168664269e+00,1.0674851691e+00,1.1102395119e+00,2.1819525687e-01,2.1819525687e-01,1.0674851691e+00,1.1102395119e+00,9.3096751032e-01,9.3096751032e-01,1.0674851691e+00,1.1102395119e+00,9.9565829287e-01,9.9565829287e-01,1.0674851691e+00,1.1102395119e+00
2451545.218742,1.0003033801e+00,1.0003033801e+00,1.0711495135e+00,1.1177553496e+00,1.0311153073e+00,1.0311153073e+00,1.0711495135e+00,1.1177553496e+00,9.5254869885e-01,9.5254869885e-01,1.0711495135e+00,1.1177553496e+00,1.8273905174e+00,1.8273905174e+00,1.0711495135e+00,1.1177553496e+00,2.1715830324e-01,2.1715830324e-01,1.0711495135e+00,1.1177553496e+00,9.3929419248e-01,9.3929419248e-01,1.0711495135e+00,1.1177553496e+00,9.9566436185e-01,9.9566436185e-01,1.0711495135e+00,1.1177553496e+00
2451545.219409,1.0002142133e+00,1.0002142133e+00,1.0744300705e+00,1.1242434919e+00,1.0317755108e+00,1.0317755108e+00,1.0744300705e+00,1.1242434919e+00,9.5602644179e-01,9.5602644179e-01,1.0744300705e+00,1.1242434919e+00,1.8365451942e+00,1.8365451942e+00,1.0744300705e+00,1.1242434919e+00,2.1594791760e-01,2.1594791760e-01,1.0744300705e+00,1.1242434919e+00,9.4680749069e-01,9.4680749069e-01,1.0744300705e+00,1.1242434919e+00,9.9558384207e-01,9.9558384207e-01,1.0744300705e+00,1.1242434919e+00
2451545.220076,1.0001249389e+00,1.0001249389e+00,1.0783393647e+00,1.1308046677e+00,1.0323426243e+00,1.0323426243e+00,1.0783393647e+00,1.1308046677e+00,9.5916518856e-01,9.5916518856e-01,1.0783393647e+00,1.1308046677e+00,1.8443687946e+00,1.8443687946e+00,1.0783393647e+00,1.1308046677e+00,2.1454712059e-01,2.1454712059e-01,1.0783393647e+00,1.1308046677e+00,9.5350841813e-01,9.5350841813e-01,1.0783393647e+00,1.1308046677e+00,9.9541577346e-01,9.9541577346e-01,1.0783393647e+00,1.1308046677e+00
2451545.220743,1.0000355950e+00,1.0000355950e+00,1.0822314109e+00,1.1368846426e+00,1.0328151849e+00,1.0328151849e+00,1.0822314109e+00,1.1368846426e+00,9.6196782051e-01,9.6196782051e-01,1.0822314109e+00,1.1368846426e+00,1.8508824810e+00,1.8508824810e+00,1.0822314109e+00,1.1368846426e+00,2.1293650724e-01,2.1293650724e-01,1.0822314109e+00,1.1368846426e+00,9.5939670462e-01,9.5939670462e-01,1.0822314109e+00,1.1368846426e+00,9.9515920738e-01,9.9515920738e-01,1.0822314109e+00,1.1368846426e+00
2451545.221409,9.9994635186e-01,9.9994635186e-01,1.0857001233e+00,1.1421240703e+00,1.0331906523e+00,1.0331906523e+00,1.0857001233e+00,1.1421240703e+00,9.6443112125e-01,9.6443112125e-01,1.0857001233e+00,1.1421240703e+00,1.8560795060e+00,1.8560795060e+00,1.0857001233e+00,1.1421240703e+00,2.1109667256e-01,2.1109667256e-01,1.0857001233e+00,1.1421240703e+00,9.6446451487e-01,9.6446451487e-01,1.0857001233e+00,1.1421240703e+00,9.9481377809e-01,9.9481377809e-01,1.0857001233e+00,1.1421240703e+00
2451545.222076,9.9985698363e-01,9.9985698363e-01,1.0887527163e+00,1.1465805046e+00,1.0334672463e+00,1.0334672463e+00,1.0887527163e+00,1.1465805046e+00,9.6655891025e-01,9.6655891025e-01,1.0887527163e+00,1.1465805046e+00,1.8599463747e+00,1.8599463747e+00,1.0887527163e+00,1.1465805046e+00,2.0899567918e-01,2.0899567918e-01,1.0887527163e+00,1.1465805046e+00,9.6872488518e-01,9.6872488518e-01,1.0887527163e+00,1.1465805046e+00,9.9437746260e-01,9.9437746260e-01,1.0887527163e+00,1.1465805046e+00
2451545.222743,9.9976765709e-01,9.9976765709e-01,1.0913792211e+00,1.1502820606e+00,1.0336399659e+00,1.0336399659e+00,1.0913792211e+00,1.1502820606e+00,9.6833791984e-01,9.6833791984e-01,1.0913792211e+00,1.1502820606e+00,1.8624024252e+00,1.8624024252e+00,1.0913792211e+00,1.1502820606e+00,2.0660563246e-01,2.0660563246e-01,1.0913792211e+00,1.1502820606e+00,9.7216646790e-01,9.7216646790e-01,1.0913792211e+00,1.1502820606e+00,9.9384973516e-01,9.9384973516e-01,1.0913792211e+00,1.1502820606e+00
2451545.223410,9.9967841393e-01,9.9967841393e-01,1.0935739322e+00,1.1532607568e+00,1.0337020977e+00,1.0337020977e+00,1.0935739322e+00,1.1532607568e+00,9.6974999068e-01,9.6974999068e-01,1.0935739322e+00,1.1532607568e+00,1.8633053489e+00,1.8633053489e+00,1.0935739322e+00,1.1532607568e+00,2.0388933950e-01,2.0388933950e-01,1.0935739322e+00,1.1532607568e+00,9.7478487256e-01,9.7478487256e-01,1.0935739322e+00,1.1532607568e+00,9.9322955569e-01,9.9322955569e-01,1.0935739322e+00,1.1532607568e+00
2451545.224077,9.9958928890e-01,9.9958928890e-01,1.0953298322e+00,1.1555445098e+00,1.0336429256e+00,1.0336429256e+00,1.0953298322e+00,1.1555445098e+00,9.7076155152e-01,9.7076155152e-01,1.0953298322e+00,1.1555445098e+00,1.8623864768e+00,1.8623864768e+00,1.0953298322e+00,1.1555445098e+00,2.0080435193e-01,2.0080435193e-01,1.0953298322e+00,1.1555445098e+00,9.7657456041e-01,9.7657456041e-01,1.0953298322e+00,1.1555445098e+00,9.9251587270e-01,9.9251587270e-01,1.0953298322e+00,1.1555445098e+00
2451545.224744,9.9950032369e-01,9.9950032369e-01,1.0966381331e+00,1.1571578628e+00,1.0334447250e+00,1.0334447250e+00,1.0966381331e+00,1.1571578628e+00,9.7131008339e-01,9.7131008339e-01,1.0966381331e+00,1.1571578628e+00,1.8591198192e+00,1.8591198192e+00,1.0966381331e+00,1.1571578628e+00,1.9729811457e-01,1.9729811457e-01,1.0966381331e+00,1.1571578628e+00,9.7752830409e-01,9.7752830409e-01,1.0966381331e+00,1.1571578628e+00,9.9170756610e-01,9.9170756610e-01,1.0966381331e+00,1.1571578628e+00
2451545.225411,9.9941155303e-01,9.9941155303e-01,1.0974882763e+00,1.1581219847e+00,1.0330768327e+00,1.0330768327e+00,1.0974882763e+00,1.1581219847e+00,9.7127162049e-01,9.7127162049e-01,1.0974882763e+00,1.1581219847e+00,1.8523828555e+00,1.8523828555e+00,1.0974882763e+00,1.1581219847e+00,1.9330715698e-01,1.9330715698e-01,1.0974882763e+00,1.1581219847e+00,9.7763745776e-01,9.7763745776e-01,1.0974882763e+00,1.1581219847e+00,9.9080344726e-01,9.9080344726e-01,1.0974882763e+00,1.1581219847e+00
2451545.226078,9.9932301167e-01,9.9932301167e-01,1.0978672107e+00,1.1584554647e+00,1.0324823785e+00,1.0324823785e+00,1.0978672107e+00,1.1584554647e+00,9.7037196390e-01,9.7037196390e-01,1.0978672107e+00,1.1584554647e+00,1.8393462818e+00,1.8393462818e+00,1.0978672107e+00,1.1584554647e+00,1.8875345497e-01,1.8875345497e-01,1.0978672107e+00,1.1584554647e+00,9.7689155185e-01,9.7689155185e-01,1.0978672107e+00,1.1584554647e+00,9.8980224750e-01,9.8980224750e-01,1.0978672107e+00,1.1584554647e+00
2451545.226745,9.9923474478e-01,9.9923474478e-01,1.0977592622e+00,1.1581743121e+00,1.0315453768e+00,1.0315453768e+00,1.0977592622e+00,1.1581743121e+00,9.6787241155e-01,9.6787241155e-01,1.0977592622e+00,1.1581743121e+00,1.8189596518e+00,1.8189596518e+00,1.0977592622e+00,1.1581743121e+00,1.8354119644e-01,1.8354119644e-01,1.0977592622e+00,1.1581743121e+00,9.7527775270e-01,9.7527775270e-01,1.0977592622e+00,1.1581743121e+00,9.8949488938e-01,9.8949488938e-01,1.0977592622e+00,1.1581743121e+00
2451545.227411,9.9914691565e-01,9.9914691565e-01,1.0971467893e+00,1.1572941391e+00,1.0301890106e+00,1.0301890106e+00,1.0971467893e+00,1.1572941391e+00,9.6103130923e-01,9.6103130923e-01,1.0971467893e+00,1.1572941391e+00,1.7988444509e+00,1.7988444509e+00,1.0971467893e+00,1.1572941391e+00,1.7957651643e-01,1.7957651643e-01,1.0971467893e+00,1.1572941391e+00,9.7292486974e-01,9.7292486974e-01,1.0971467893e+00,1.1572941391e+00,9.8983428397e-01,9.8983428397e-01,1.0971467893e+00,1.1572941391e+00
2451545.228078,9.9905929844e-01,9.9905929844e-01,1.0960046739e+00,1.1558238763e+00,1.0275426398e+00,1.0275426398e+00,1.0960046739e+00,1.1558238763e+00,9.5703317801e-01,9.5703317801e-01,1.0960046739e+00,1.1558238763e+00,1.7916011262e+00,1.7916011262e+00,1.0960046739e+00,1.1558238763e+00,1.7622228475e-01,1.7622228475e-01,1.0960046739e+00,1.1558238763e+00,9.7792594496e-01,9.7792594496e-01,1.0960046739e+00,1.1558238763e+00,9.9186251382e-01,9.9186251382e-01,1.0960046739e+00,1.1558238763e+00
2451545.228745,9.9897206341e-01,9.9897206341e-01,1.0943051746e+00,1.1537743730e+00,1.0248546285e+00,1.0248546285e+00,1.0943051746e+00,1.1537743730e+00,9.6216924817e-01,9.6216924817e-01,1.0943051746e+00,1.1537743730e+00,1.7880400370e+00,1.7880400370e+00,1.0943051746e+00,1.1537743730e+00,2.0150899527e-01,2.0150899527e-01,1.0943051746e+00,1.1537743730e+00,9.8749580363e-01,9.8749580363e-01,1.0943051746e+00,1.1537743730e+00,9.9205285824e-01,9.9205285824e-01,1.0943051746e+00,1.1537743730e+00
2451545.229412,9.9888524876e-01,9.9888524876e-01,1.0920132050e+00,1.1511536337e+00,1.0258440776e+00,1.0258440776e+00,1.0920132050e+00,1.1511536337e+00,9.6689241173e-01,9.6689241173e-01,1.0920132050e+00,1.1511536337e+00,1.7835815447e+00,1.7835815447e+00,1.0920132050e+00,1.1511536337e+00,2.3804331742e-01,2.3804331742e-01,1.0920132050e+00,1.1511536337e+00,9.9107078888e-01,9.9107078888e-01,1.0920132050e+00,1.1511536337e+00,9.9142948998e-01,9.9142948998e-01,1.0920132050e+00,1.1511536337e+00
2451545.230079,9.9879888923e-01,9.9879888923e-01,1.0890852184e+00,1.1479682077e+00,1.0267426480e+00,1.0267426480e+00,1.0890852184e+00,1.1479682077e+00,9.7120756033e-01,9.7120756033e-01,1.0890852184e+00,1.1479682077e+00,1.7782213555e+00,1.7782213555e+00,1.0890852184e+00,1.1479682077e+00,2.5453229505e-01,2.5453229505e-01,1.0890852184e+00,1.1479682077e+00,9.9247168434e-01,9.9247168434e-01,1.0890852184e+00,1.1479682077e+00,9.9038578447e-01,9.9038578447e-01,1.0890852184e+00,1.1479682077e+00
2451545.230746,9.9871301958e-01,9.9871301958e-01,1.0854661913e+00,1.1442231888e+00,1.0275513035e+00,1.0275513035e+00,1.0854661913e+00,1.1442231888e+00,9.7511864746e-01,9.7511864746e-01,1.0854661913e+00,1.1442231888e+00,1.7719521087e+00,1.7719521087e+00,1.0854661913e+00,1.1442231888e+00,2.6179824732e-01,2.6179824732e-01,1.0854661913e+00,1.1442231888e+00,9.9245013730e-01,9.9245013730e-01,1.0854661913e+00,1.1442231888e+00,9.8906348851e-01,9.8906348851e-01,1.0854661913e+00,1.1442231888e+00
2451545.231413,9.9862768148e-01,9.9862768148e-01,1.0810857540e+00,1.1399220169e+00,1.0282710648e+00,1.0282710648e+00,1.0810857540e+00,1.1399220169e+00,9.7862935860e-01,9.7862935860e-01,1.0810857540e+00,1.1399220169e+00,1.7647624564e+00,1.7647624564e+00,1.0810857540e+00,1.1399220169e+00,2.6244548426e-01,2.6244548426e-01,1.0810857540e+00,1.1399220169e+00,9.9123742385e-01,9.9123742385e-01,1.0810857540e+00,1.1399220169e+00,9.8752562356e-01,9.8752562356e-01,1.0810857540e+00,1.1399220169e+00
2451545.232080,9.9854290969e-01,9.9854290969e-01,1.0758521567e+00,1.1350670736e+00,1.0289030204e+00,1.0289030204e+00,1.0758521567e+00,1.1350670736e+00,9.8174244110e-01,9.8174244110e-01,1.0758521567e+00,1.1350670736e+00,1.7566379836e+00,1.7566379836e+00,1.0758521567e+00,1.1350670736e+00,2.5680469909e-01,2.5680469909e-01,1.0758521567e+00,1.1350670736e+00,9.8889899565e-01,9.8889899565e-01,1.0758521567e+00,1.1350670736e+00,9.8580287742e-01,9.8580287742e-01,1.0758521567e+00,1.1350670736e+00
2451545.232747,9.9845873894e-01,9.9845873894e-01,1.0696430885e+00,1.1296592189e+00,1.0294483044e+00,1.0294483044e+00,1.0696430885e+00,1.1296592189e+00,9.8453662998e-01,9.8453662998e-01,1.0696430885e+00,1.1296592189e+00,1.7475596751e+00,1.7475596751e+00,1.0696430885e+00,1.1296592189e+00,2.4398447552e-01,2.4398447552e-01,1.0696430885e+00,1.1296592189e+00,9.8549841310e-01,9.8549841310e-01,1.0696430885e+00,1.1296592189e+00,9.8390997109e-01,9.8390997109e-01,1.0696430885e+00,1.1296592189e+00
2451545.233414,9.9837520399e-01,9.9837520399e-01,1.0622913803e+00,1.1236982543e+00,1.0319287256e+00,1.0319287256e+00,1.0622913803e+00,1.1236982543e+00,9.8697493653e-01,9.8697493653e-01,1.0622913803e+00,1.1236982543e+00,1.7375054484e+00,1.7375054484e+00,1.0622913803e+00,1.1236982543e+00,2.4759461037e-01,2.4759461037e-01,1.0622913803e+00,1.1236982543e+00,9.8092841382e-01,9.8092841382e-01,1.0622913803e+00,1.1236982543e+00,9.8185225351e-01,9.8185225351e-01,1.0622913803e+00,1.1236982543e+00
2451545.234080,9.9829246463e-01,9.9829246463e-01,1.0535751670e+00,1.1171927798e+00,1.0345626564e+00,1.0345626564e+00,1.0535751670e+00,1.1171927798e+00,9.8901561444e-01,9.8901561444e-01,1.0535751670e+00,1.1171927798e+00,1.7264654891e+00,1.7264654891e+00,1.0535751670e+00,1.1171927798e+00,2.5855923271e-01,2.5855923271e-01,1.0535751670e+00,1.1171927798e+00,9.7502634803e-01,9.7502634803e-01,1.0535751670e+00,1.1171927798e+00,9.7963201056e-01,9.7963201056e-01,1.0535751670e+00,1.1171927798e+00
2451545.234747,9.9821030896e-01,9.9821030896e-01,1.0478009094e+00,1.1139972985e+00,1.0366739039e+00,1.0366739039e+00,1.0478009094e+00,1.1139972985e+00,9.9066509653e-01,9.9066509653e-01,1.0478009094e+00,1.1139972985e+00,1.7143753903e+00,1.7143753903e+00,1.0478009094e+00,1.1139972985e+00,2.6857988362e-01,2.6857988362e-01,1.0478009094e+00,1.1139972985e+00,9.6755675181e-01,9.6755675181e-01,1.0478009094e+00,1.1139972985e+00,9.7723592704e-01,9.7723592704e-01,1.0478009094e+00,1.1139972985e+00
2451545.235414,9.9812889677e-01,9.9812889677e-01,1.0419041441e+00,1.1100394635e+00,1.0383797690e+00,1.0383797690e+00,1.0419041441e+00,1.1100394635e+00,9.9191963031e-01,9.9191963031e-01,1.0419041441e+00,1.1100394635e+00,1.7012142965e+00,1.7012142965e+00,1.0419041441e+00,1.1100394635e+00,2.7773782145e-01,2.7773782145e-01,1.0419041441e+00,1.1100394635e+00,9.5816987413e-01,9.5816987413e-01,1.0419041441e+00,1.1100394635e+00,9.7465503090e-01,9.7465503090e-01,1.0419041441e+00,1.1100394635e+00
2451545.236081,9.9804825934e-01,9.9804825934e-01,1.0351826160e+00,1.1048886154e+00,1.0397618544e+00,1.0397618544e+00,1.0351826160e+00,1.1048886154e+00,9.9277807664e-01,9.9277807664e-01,1.0351826160e+00,1.1048886154e+00,1.6869408032e+00,1.6869408032e+00,1.0351826160e+00,1.1048886154e+00,2.8610379353e-01,2.8610379353e-01,1.0351826160e+00,1.1048886154e+00,9.4625010451e-01,9.4625010451e-01,1.0351826160e+00,1.1048886154e+00,9.7187061230e-01,9.7187061230e-01,1.0351826160e+00,1.1048886154e+00
2451545.236748,9.9796843489e-01,9.9796843489e-01,1.0275201133e+00,1.0986851319e+00,1.0408770642e+00,1.0408770642e+00,1.0275201133e+00,1.0986851319e+00,9.9798718610e-01,9.9798718610e-01,1.0275201133e+00,1.0986851319e+00,1.6715061452e+00,1.6715061452e+00,1.0275201133e+00,1.0986851319e+00,2.9373035501e-01,2.9373035501e-01,1.0275201133e+00,1.0986851319e+00,9.3664471685e-01,9.3664471685e-01,1.0275201133e+00,1.0986851319e+00,9.6885557225e-01,9.6885557225e-01,1.0275201133e+00,1.0986851319e+00
2451545.237415,9.9788945815e-01,9.9788945815e-01,1.0187583860e+00,1.0915257295e+00,1.0417664038e+00,1.0417664038e+00,1.0187583860e+00,1.0915257295e+00,1.0042926222e+00,1.0042926222e+00,1.0187583860e+00,1.0915257295e+00,1.6548566500e+00,1.6548566500e+00,1.0187583860e+00,1.0915257295e+00,3.0065631585e-01,3.0065631585e-01,1.0187583860e+00,1.0915257295e+00,9.2973426300e-01,9.2973426300e-01,1.0187583860e+00,1.0915257295e+00,9.6557114239e-01,9.6557114239e-01,1.0187583860e+00,1.0915257295e+00
2451545.238082,9.9781135693e-01,9.9781135693e-01,1.0108100101e+00,1.0854611684e+00,1.0425674955e+00,1.0425674955e+00,1.0108100101e+00,1.0854611684e+00,1.0086006009e+00,1.0086006009e+00,1.0108100101e+00,1.0854611684e+00,1.6369300576e+00,1.6369300576e+00,1.0108100101e+00,1.0854611684e+00,3.0802939977e-01,3.0802939977e-01,1.0108100101e+00,1.0854611684e+00,9.2198043496e-01,9.2198043496e-01,1.0108100101e+00,1.0854611684e+00,9.6196134175e-01,9.6196134175e-01,1.0108100101e+00,1.0854611684e+00
2451545.238749,9.9773416943e-01,9.9773416943e-01,1.0051472424e+00,1.0808037596e+00,1.0434742194e+00,1.0434742194e+00,1.0051472424e+00,1.0808037596e+00,1.0114531542e+00,1.0114531542e+00,1.0051472424e+00,1.0808037596e+00,1.6176561338e+00,1.6176561338e+00,1.0051472424e+00,1.0808037596e+00,3.1759807635e-01,3.1759807635e-01,1.0051472424e+00,1.0808037596e+00,9.1336161814e-01,9.1336161814e-01,1.0051472424e+00,1.0808037596e+00,9.5794370756e-01,9.5794370756e-01,1.0051472424e+00,1.0808037596e+00
2451545.239416,9.9765792693e-01,9.9765792693e-01,1.0002534925e+00,1.0759633701e+00,1.0442096071e+00,1.0442096071e+00,1.0002534925e+00,1.0759633701e+00,1.0131663614e+00,1.0131663614e+00,1.0002534925e+00,1.0759633701e+00,1.5969557501e+00,1.5969557501e+00,1.0002534925e+00,1.0759633701e+00,3.2628746476e-01,3.2628746476e-01,1.0002534925e+00,1.0759633701e+00,9.0385322595e-01,9.0385322595e-01,1.0002534925e+00,1.0759633701e+00,9.5339285984e-01,9.5339285984e-01,1.0002534925e+00,1.0759633701e+00
