ply
format ascii 1.0
element vertex 1572
property float x
property float y
property float z
element face 3140
property list uchar int vertex_indices
end_header
-1.43920393 0.10314431 -0.35714286
-1.36777535 0.10314431 -0.42857143
-1.36777535 0.03171574 -0.35714286
-1.36777535 0.03171574 -0.21428571
-1.43920393 0.10314431 -0.21428571
-1.36777535 0.03171574 -0.07142857
-1.43920393 0.10314431 -0.07142857
-1.36777535 0.03171574 0.07142857
-1.43920393 0.10314431 0.07142857
-1.36777535 0.03171574 0.21428571
-1.43920393 0.10314431 0.21428571
-1.36777535 0.10314431 0.28571429
-1.43920393 0.24600145 -0.35714286
-1.36777535 0.24600145 -0.42857143
-1.43920393 0.24600145 -0.21428571
-1.43920393 0.24600145 -0.07142857
-1.43920393 0.24600145 0.07142857
-1.43920393 0.24600145 0.21428571
-1.36777535 0.17457288 0.35714286
-1.43920393 0.24600145 0.35714286
-1.36777535 0.24600145 0.42857143
-1.36777535 0.31743003 -0.35714286
-1.36777535 0.31743003 -0.21428571
-1.36777535 0.31743003 -0.07142857
-1.36777535 0.31743003 0.07142857
-1.36777535 0.31743003 0.21428571
-1.36777535 0.31743003 0.35714286
-1.29634678 -0.18256997 -0.50000000
-1.22491821 -0.18256997 -0.57142857
-1.22491821 -0.25399855 -0.50000000
-1.22491821 -0.25399855 -0.35714286
-1.29634678 -0.18256997 -0.35714286
-1.22491821 -0.25399855 -0.21428571
-1.29634678 -0.18256997 -0.21428571
-1.22491821 -0.25399855 -0.07142857
-1.29634678 -0.18256997 -0.07142857
-1.22491821 -0.25399855 0.07142857
-1.29634678 -0.18256997 0.07142857
-1.22491821 -0.18256997 0.14285714
-1.29634678 -0.03971283 -0.92857143
-1.22491821 -0.03971283 -1.00000000
-1.22491821 -0.11114140 -0.92857143
-1.22491821 -0.11114140 -0.78571429
-1.29634678 -0.03971283 -0.78571429
-1.22491821 -0.11114140 -0.64285714
-1.29634678 -0.03971283 -0.64285714
-1.29634678 -0.03971283 -0.50000000
-1.29634678 -0.03971283 -0.35714286
-1.29634678 -0.03971283 -0.21428571
-1.29634678 -0.03971283 -0.07142857
-1.29634678 -0.03971283 0.07142857
-1.22491821 -0.11114140 0.21428571
-1.29634678 -0.03971283 0.21428571
-1.22491821 -0.11114140 0.35714286
-1.29634678 -0.03971283 0.35714286
-1.22491821 -0.11114140 0.50000000
-1.29634678 -0.03971283 0.50000000
-1.22491821 -0.11114140 0.64285714
-1.29634678 -0.03971283 0.64285714
-1.22491821 -0.11114140 0.78571429
-1.29634678 -0.03971283 0.78571429
-1.22491821 -0.11114140 0.92857143
-1.29634678 -0.03971283 0.92857143
-1.22491821 -0.03971283 1.00000000
-1.29634678 0.10314431 -0.92857143
-1.22491821 0.10314431 -1.00000000
-1.29634678 0.10314431 -0.78571429
-1.29634678 0.10314431 -0.64285714
-1.29634678 0.10314431 -0.50000000
-1.29634678 0.10314431 0.35714286
-1.29634678 0.10314431 0.50000000
-1.29634678 0.10314431 0.64285714
-1.29634678 0.10314431 0.78571429
-1.29634678 0.10314431 0.92857143
-1.22491821 0.10314431 1.00000000
-1.29634678 0.24600145 -0.92857143
-1.22491821 0.24600145 -1.00000000
-1.29634678 0.24600145 -0.78571429
-1.29634678 0.24600145 -0.64285714
-1.29634678 0.24600145 -0.50000000
-1.29634678 0.24600145 0.50000000
-1.29634678 0.24600145 0.64285714
-1.29634678 0.24600145 0.78571429
-1.29634678 0.24600145 0.92857143
-1.22491821 0.24600145 1.00000000
-1.29634678 0.38885860 -0.92857143
-1.22491821 0.38885860 -1.00000000
-1.29634678 0.38885860 -0.78571429
-1.29634678 0.38885860 -0.64285714
-1.29634678 0.38885860 -0.50000000
-1.29634678 0.38885860 -0.35714286
-1.29634678 0.38885860 -0.21428571
-1.29634678 0.38885860 -0.07142857
-1.29634678 0.38885860 0.07142857
-1.29634678 0.38885860 0.21428571
-1.29634678 0.38885860 0.35714286
-1.29634678 0.38885860 0.50000000
-1.29634678 0.38885860 0.64285714
-1.29634678 0.38885860 0.78571429
-1.29634678 0.38885860 0.92857143
-1.22491821 0.38885860 1.00000000
-1.22491821 0.46028717 -0.92857143
-1.22491821 0.46028717 -0.78571429
-1.22491821 0.46028717 -0.64285714
-1.22491821 0.46028717 -0.50000000
-1.22491821 0.46028717 -0.35714286
-1.29634678 0.53171574 -0.21428571
-1.22491821 0.53171574 -0.28571429
-1.29634678 0.53171574 -0.07142857
-1.29634678 0.53171574 0.07142857
-1.22491821 0.53171574 0.14285714
-1.22491821 0.46028717 0.21428571
-1.22491821 0.46028717 0.35714286
-1.22491821 0.46028717 0.50000000
-1.22491821 0.46028717 0.64285714
-1.22491821 0.46028717 0.78571429
-1.22491821 0.46028717 0.92857143
-1.22491821 0.60314431 -0.21428571
-1.22491821 0.60314431 -0.07142857
-1.22491821 0.60314431 0.07142857
-1.15348964 -0.46828426 -0.07142857
-1.08206107 -0.46828426 -0.14285714
-1.08206107 -0.53971283 -0.07142857
-1.08206107 -0.53971283 0.07142857
-1.15348964 -0.46828426 0.07142857
-1.08206107 -0.46828426 0.14285714
-1.15348964 -0.32542712 -0.92857143
-1.08206107 -0.32542712 -1.00000000
-1.08206107 -0.39685569 -0.92857143
-1.08206107 -0.39685569 -0.78571429
-1.15348964 -0.32542712 -0.78571429
-1.08206107 -0.39685569 -0.64285714
-1.15348964 -0.32542712 -0.64285714
-1.08206107 -0.39685569 -0.50000000
-1.15348964 -0.32542712 -0.50000000
-1.08206107 -0.39685569 -0.35714286
-1.15348964 -0.32542712 -0.35714286
-1.08206107 -0.39685569 -0.21428571
-1.15348964 -0.32542712 -0.21428571
-1.15348964 -0.32542712 -0.07142857
-1.15348964 -0.32542712 0.07142857
-1.08206107 -0.39685569 0.21428571
-1.15348964 -0.32542712 0.21428571
-1.08206107 -0.39685569 0.35714286
-1.15348964 -0.32542712 0.35714286
-1.08206107 -0.39685569 0.50000000
-1.15348964 -0.32542712 0.50000000
-1.08206107 -0.39685569 0.64285714
-1.15348964 -0.32542712 0.64285714
-1.08206107 -0.39685569 0.78571429
-1.15348964 -0.32542712 0.78571429
-1.08206107 -0.39685569 0.92857143
-1.15348964 -0.32542712 0.92857143
-1.08206107 -0.32542712 1.00000000
-1.15348964 -0.18256997 -0.92857143
-1.08206107 -0.18256997 -1.00000000
-1.15348964 -0.18256997 -0.78571429
-1.15348964 -0.18256997 -0.64285714
-1.15348964 -0.18256997 0.21428571
-1.15348964 -0.18256997 0.35714286
-1.15348964 -0.18256997 0.50000000
-1.15348964 -0.18256997 0.64285714
-1.15348964 -0.18256997 0.78571429
-1.15348964 -0.18256997 0.92857143
-1.08206107 -0.18256997 1.00000000
-1.08206107 -0.03971283 -1.00000000
-1.08206107 -0.03971283 1.00000000
-1.08206107 0.10314431 -1.00000000
-1.08206107 0.10314431 1.00000000
-1.08206107 0.24600145 -1.00000000
-1.08206107 0.24600145 1.00000000
-1.08206107 0.38885860 -1.00000000
-1.08206107 0.38885860 1.00000000
-1.08206107 0.46028717 -0.92857143
-1.15348964 0.53171574 -0.78571429
-1.08206107 0.53171574 -0.85714286
-1.15348964 0.53171574 -0.64285714
-1.15348964 0.53171574 -0.50000000
-1.15348964 0.53171574 -0.35714286
-1.15348964 0.53171574 0.21428571
-1.15348964 0.53171574 0.35714286
-1.15348964 0.53171574 0.50000000
-1.15348964 0.53171574 0.64285714
-1.08206107 0.53171574 0.71428571
-1.08206107 0.46028717 0.78571429
-1.08206107 0.46028717 0.92857143
-1.08206107 0.60314431 -0.78571429
-1.08206107 0.60314431 -0.64285714
-1.08206107 0.60314431 -0.50000000
-1.08206107 0.60314431 -0.35714286
-1.15348964 0.67457288 -0.21428571
-1.08206107 0.67457288 -0.28571429
-1.15348964 0.67457288 -0.07142857
-1.15348964 0.67457288 0.07142857
-1.15348964 0.67457288 0.21428571
-1.08206107 0.67457288 0.28571429
-1.08206107 0.60314431 0.35714286
-1.08206107 0.60314431 0.50000000
-1.08206107 0.60314431 0.64285714
-1.08206107 0.74600145 -0.21428571
-1.08206107 0.74600145 -0.07142857
-1.08206107 0.74600145 0.07142857
-1.08206107 0.74600145 0.21428571
-1.01063250 -0.61114140 -0.64285714
-0.93920393 -0.61114140 -0.71428571
-0.93920393 -0.68256997 -0.64285714
-0.93920393 -0.68256997 -0.50000000
-1.01063250 -0.61114140 -0.50000000
-0.93920393 -0.68256997 -0.35714286
-1.01063250 -0.61114140 -0.35714286
-0.93920393 -0.68256997 -0.21428571
-1.01063250 -0.61114140 -0.21428571
-0.93920393 -0.68256997 -0.07142857
-1.01063250 -0.61114140 -0.07142857
-0.93920393 -0.68256997 0.07142857
-1.01063250 -0.61114140 0.07142857
-0.93920393 -0.68256997 0.21428571
-1.01063250 -0.61114140 0.21428571
-0.93920393 -0.68256997 0.35714286
-1.01063250 -0.61114140 0.35714286
-0.93920393 -0.68256997 0.50000000
-1.01063250 -0.61114140 0.50000000
-0.93920393 -0.61114140 0.57142857
-1.01063250 -0.46828426 -0.78571429
-0.93920393 -0.46828426 -0.85714286
-0.93920393 -0.53971283 -0.78571429
-1.01063250 -0.46828426 -0.64285714
-1.01063250 -0.46828426 -0.50000000
-1.01063250 -0.46828426 -0.35714286
-1.01063250 -0.46828426 -0.21428571
-1.01063250 -0.46828426 0.21428571
-1.01063250 -0.46828426 0.35714286
-1.01063250 -0.46828426 0.50000000
-0.93920393 -0.53971283 0.64285714
-1.01063250 -0.46828426 0.64285714
-0.93920393 -0.53971283 0.78571429
-1.01063250 -0.46828426 0.78571429
-0.93920393 -0.53971283 0.92857143
-1.01063250 -0.46828426 0.92857143
-0.93920393 -0.46828426 1.00000000
-0.93920393 -0.32542712 -1.00000000
-0.93920393 -0.39685569 -0.92857143
-0.93920393 -0.32542712 1.00000000
-0.93920393 -0.18256997 -1.00000000
-0.93920393 -0.18256997 1.00000000
-0.93920393 -0.03971283 -1.00000000
-0.93920393 -0.03971283 1.00000000
-0.93920393 0.10314431 -1.00000000
-0.93920393 0.10314431 1.00000000
-0.93920393 0.24600145 -1.00000000
-0.93920393 0.24600145 1.00000000
-0.93920393 0.38885860 -1.00000000
-0.93920393 0.38885860 1.00000000
-1.01063250 0.53171574 -0.92857143
-0.93920393 0.53171574 -1.00000000
-1.01063250 0.53171574 0.78571429
-1.01063250 0.53171574 0.92857143
-0.93920393 0.53171574 1.00000000
-0.93920393 0.60314431 -0.92857143
-1.01063250 0.67457288 -0.78571429
-0.93920393 0.67457288 -0.85714286
-1.01063250 0.67457288 -0.64285714
-1.01063250 0.67457288 -0.50000000
-1.01063250 0.67457288 -0.35714286
-1.01063250 0.67457288 0.35714286
-1.01063250 0.67457288 0.50000000
-1.01063250 0.67457288 0.64285714
-1.01063250 0.67457288 0.78571429
-0.93920393 0.67457288 0.85714286
-0.93920393 0.60314431 0.92857143
-0.93920393 0.74600145 -0.78571429
-0.93920393 0.74600145 -0.64285714
-0.93920393 0.74600145 -0.50000000
-0.93920393 0.74600145 -0.35714286
-0.93920393 0.74600145 -0.21428571
-0.93920393 0.74600145 -0.07142857
-1.01063250 0.81743003 0.07142857
-0.93920393 0.81743003 0.00000000
-0.93920393 0.81743003 0.14285714
-0.93920393 0.74600145 0.21428571
-0.93920393 0.74600145 0.35714286
-0.93920393 0.74600145 0.50000000
-0.93920393 0.74600145 0.64285714
-0.93920393 0.74600145 0.78571429
-0.93920393 0.88885860 0.07142857
-0.86777535 -0.75399855 -0.64285714
-0.79634678 -0.75399855 -0.71428571
-0.79634678 -0.82542712 -0.64285714
-0.79634678 -0.82542712 -0.50000000
-0.86777535 -0.75399855 -0.50000000
-0.79634678 -0.82542712 -0.35714286
-0.86777535 -0.75399855 -0.35714286
-0.79634678 -0.82542712 -0.21428571
-0.86777535 -0.75399855 -0.21428571
-0.79634678 -0.82542712 -0.07142857
-0.86777535 -0.75399855 -0.07142857
-0.79634678 -0.82542712 0.07142857
-0.86777535 -0.75399855 0.07142857
-0.79634678 -0.82542712 0.21428571
-0.86777535 -0.75399855 0.21428571
-0.79634678 -0.82542712 0.35714286
-0.86777535 -0.75399855 0.35714286
-0.79634678 -0.82542712 0.50000000
-0.86777535 -0.75399855 0.50000000
-0.79634678 -0.75399855 0.57142857
-0.86777535 -0.61114140 -0.92857143
-0.79634678 -0.61114140 -1.00000000
-0.79634678 -0.68256997 -0.92857143
-0.79634678 -0.68256997 -0.78571429
-0.86777535 -0.61114140 -0.78571429
-0.79634678 -0.68256997 0.64285714
-0.86777535 -0.61114140 0.64285714
-0.79634678 -0.68256997 0.78571429
-0.86777535 -0.61114140 0.78571429
-0.79634678 -0.68256997 0.92857143
-0.86777535 -0.61114140 0.92857143
-0.79634678 -0.61114140 1.00000000
-0.86777535 -0.46828426 -0.92857143
-0.79634678 -0.46828426 -1.00000000
-0.79634678 -0.46828426 1.00000000
-0.79634678 -0.32542712 -1.00000000
-0.79634678 -0.32542712 1.00000000
-0.79634678 -0.18256997 -1.00000000
-0.79634678 -0.18256997 1.00000000
-0.79634678 -0.03971283 -1.00000000
-0.79634678 -0.03971283 1.00000000
-0.79634678 0.10314431 -1.00000000
-0.79634678 0.10314431 1.00000000
-0.79634678 0.24600145 -1.00000000
-0.79634678 0.24600145 1.00000000
-0.79634678 0.38885860 -1.00000000
-0.79634678 0.38885860 1.00000000
-0.79634678 0.53171574 -1.00000000
-0.79634678 0.53171574 1.00000000
-0.86777535 0.67457288 -0.92857143
-0.79634678 0.67457288 -1.00000000
-0.86777535 0.67457288 0.92857143
-0.79634678 0.67457288 1.00000000
-0.79634678 0.74600145 -0.92857143
-0.86777535 0.81743003 -0.78571429
-0.79634678 0.81743003 -0.85714286
-0.86777535 0.81743003 -0.64285714
-0.86777535 0.81743003 -0.50000000
-0.86777535 0.81743003 -0.35714286
-0.86777535 0.81743003 -0.21428571
-0.86777535 0.81743003 -0.07142857
-0.86777535 0.81743003 0.21428571
-0.86777535 0.81743003 0.35714286
-0.86777535 0.81743003 0.50000000
-0.86777535 0.81743003 0.64285714
-0.79634678 0.81743003 0.71428571
-0.79634678 0.74600145 0.78571429
-0.79634678 0.74600145 0.92857143
-0.79634678 0.88885860 -0.78571429
-0.79634678 0.88885860 -0.64285714
-0.79634678 0.88885860 -0.50000000
-0.79634678 0.88885860 -0.35714286
-0.79634678 0.88885860 -0.21428571
-0.79634678 0.88885860 -0.07142857
-0.79634678 0.88885860 0.07142857
-0.79634678 0.88885860 0.21428571
-0.79634678 0.88885860 0.35714286
-0.79634678 0.88885860 0.50000000
-0.79634678 0.88885860 0.64285714
-0.72491821 -1.03971283 -0.35714286
-0.65348964 -1.03971283 -0.42857143
-0.65348964 -1.11114140 -0.35714286
-0.65348964 -1.11114140 -0.21428571
-0.72491821 -1.03971283 -0.21428571
-0.65348964 -1.11114140 -0.07142857
-0.72491821 -1.03971283 -0.07142857
-0.65348964 -1.11114140 0.07142857
-0.72491821 -1.03971283 0.07142857
-0.65348964 -1.11114140 0.21428571
-0.72491821 -1.03971283 0.21428571
-0.65348964 -1.03971283 0.28571429
-0.72491821 -0.89685569 -0.64285714
-0.65348964 -0.89685569 -0.71428571
-0.65348964 -0.96828426 -0.64285714
-0.65348964 -0.96828426 -0.50000000
-0.72491821 -0.89685569 -0.50000000
-0.72491821 -0.89685569 -0.35714286
-0.72491821 -0.89685569 -0.21428571
-0.72491821 -0.89685569 -0.07142857
-0.72491821 -0.89685569 0.07142857
-0.72491821 -0.89685569 0.21428571
-0.65348964 -0.96828426 0.35714286
-0.72491821 -0.89685569 0.35714286
-0.65348964 -0.96828426 0.50000000
-0.72491821 -0.89685569 0.50000000
-0.65348964 -0.96828426 0.64285714
-0.72491821 -0.89685569 0.64285714
-0.65348964 -0.96828426 0.78571429
-0.72491821 -0.89685569 0.78571429
-0.65348964 -0.89685569 0.85714286
-0.65348964 -0.75399855 -0.71428571
-0.72491821 -0.75399855 0.64285714
-0.72491821 -0.75399855 0.78571429
-0.65348964 -0.82542712 0.92857143
-0.72491821 -0.75399855 0.92857143
-0.65348964 -0.75399855 1.00000000
-0.65348964 -0.61114140 -1.00000000
-0.65348964 -0.68256997 -0.92857143
-0.65348964 -0.68256997 -0.78571429
-0.65348964 -0.61114140 1.00000000
-0.65348964 -0.46828426 -1.00000000
-0.65348964 -0.46828426 1.00000000
-0.65348964 -0.32542712 -1.00000000
-0.65348964 -0.32542712 1.00000000
-0.65348964 -0.18256997 -1.00000000
-0.65348964 -0.18256997 1.00000000
-0.65348964 -0.03971283 -1.00000000
-0.65348964 -0.03971283 1.00000000
-0.65348964 0.10314431 -1.00000000
-0.65348964 0.10314431 1.00000000
-0.65348964 0.24600145 -1.00000000
-0.65348964 0.24600145 1.00000000
-0.65348964 0.38885860 -1.00000000
-0.65348964 0.38885860 1.00000000
-0.65348964 0.53171574 -1.00000000
-0.65348964 0.53171574 1.00000000
-0.65348964 0.67457288 -1.00000000
-0.65348964 0.67457288 1.00000000
-0.72491821 0.81743003 -0.92857143
-0.65348964 0.81743003 -1.00000000
-0.72491821 0.81743003 0.78571429
-0.65348964 0.81743003 0.85714286
-0.65348964 0.74600145 0.92857143
-0.72491821 0.96028717 -0.92857143
-0.65348964 0.96028717 -1.00000000
-0.72491821 0.96028717 -0.78571429
-0.72491821 0.96028717 -0.64285714
-0.72491821 0.96028717 -0.50000000
-0.72491821 0.96028717 -0.35714286
-0.72491821 0.96028717 -0.21428571
-0.72491821 0.96028717 -0.07142857
-0.72491821 0.96028717 0.07142857
-0.72491821 0.96028717 0.21428571
-0.72491821 0.96028717 0.35714286
-0.72491821 0.96028717 0.50000000
-0.72491821 0.96028717 0.64285714
-0.65348964 0.96028717 0.71428571
-0.65348964 0.88885860 0.78571429
-0.65348964 1.03171574 -0.92857143
-0.65348964 1.03171574 -0.78571429
-0.65348964 1.03171574 -0.64285714
-0.65348964 1.03171574 -0.50000000
-0.65348964 1.03171574 -0.35714286
-0.65348964 1.03171574 -0.21428571
-0.65348964 1.03171574 -0.07142857
-0.65348964 1.03171574 0.07142857
-0.65348964 1.03171574 0.21428571
-0.65348964 1.03171574 0.35714286
-0.65348964 1.03171574 0.50000000
-0.65348964 1.03171574 0.64285714
-0.58206107 -1.18256997 -0.21428571
-0.51063250 -1.18256997 -0.28571429
-0.51063250 -1.25399855 -0.21428571
-0.51063250 -1.25399855 -0.07142857
-0.58206107 -1.18256997 -0.07142857
-0.51063250 -1.25399855 0.07142857
-0.58206107 -1.18256997 0.07142857
-0.51063250 -1.18256997 0.14285714
-0.58206107 -1.03971283 -0.64285714
-0.51063250 -1.03971283 -0.71428571
-0.51063250 -1.11114140 -0.64285714
-0.51063250 -1.11114140 -0.50000000
-0.58206107 -1.03971283 -0.50000000
-0.51063250 -1.11114140 -0.35714286
-0.51063250 -1.11114140 0.21428571
-0.51063250 -1.11114140 0.35714286
-0.58206107 -1.03971283 0.35714286
-0.51063250 -1.11114140 0.50000000
-0.58206107 -1.03971283 0.50000000
-0.51063250 -1.11114140 0.64285714
-0.58206107 -1.03971283 0.64285714
-0.51063250 -1.11114140 0.78571429
-0.58206107 -1.03971283 0.78571429
-0.51063250 -1.03971283 0.85714286
-0.58206107 -0.89685569 -0.78571429
-0.51063250 -0.89685569 -0.85714286
-0.51063250 -0.96828426 -0.78571429
-0.51063250 -0.96828426 0.92857143
-0.58206107 -0.89685569 0.92857143
-0.51063250 -0.89685569 1.00000000
-0.58206107 -0.75399855 -0.92857143
-0.51063250 -0.75399855 -1.00000000
-0.51063250 -0.82542712 -0.92857143
-0.58206107 -0.75399855 -0.78571429
-0.51063250 -0.75399855 1.00000000
-0.51063250 -0.61114140 -1.00000000
-0.51063250 -0.61114140 1.00000000
-0.51063250 -0.46828426 -1.00000000
-0.51063250 -0.46828426 1.00000000
-0.51063250 -0.32542712 -1.00000000
-0.51063250 -0.32542712 1.00000000
-0.51063250 -0.18256997 -1.00000000
-0.51063250 -0.18256997 1.00000000
-0.51063250 -0.03971283 -1.00000000
-0.51063250 -0.03971283 1.00000000
-0.51063250 0.10314431 -1.00000000
-0.51063250 0.10314431 1.00000000
-0.51063250 0.24600145 -1.00000000
-0.51063250 0.24600145 1.00000000
-0.51063250 0.38885860 -1.00000000
-0.51063250 0.38885860 1.00000000
-0.51063250 0.53171574 -1.00000000
-0.51063250 0.53171574 1.00000000
-0.51063250 0.67457288 -1.00000000
-0.51063250 0.67457288 1.00000000
-0.51063250 0.81743003 -1.00000000
-0.58206107 0.81743003 0.92857143
-0.51063250 0.81743003 1.00000000
-0.51063250 0.96028717 -1.00000000
-0.51063250 0.88885860 0.78571429
-0.51063250 0.96028717 0.71428571
-0.51063250 0.88885860 0.92857143
-0.51063250 1.03171574 -0.92857143
-0.51063250 1.03171574 -0.78571429
-0.51063250 1.03171574 -0.64285714
-0.51063250 1.03171574 -0.50000000
-0.51063250 1.03171574 -0.35714286
-0.58206107 1.10314431 -0.21428571
-0.51063250 1.10314431 -0.28571429
-0.58206107 1.10314431 -0.07142857
-0.58206107 1.10314431 0.07142857
-0.58206107 1.10314431 0.21428571
-0.58206107 1.10314431 0.35714286
-0.58206107 1.10314431 0.50000000
-0.51063250 1.10314431 0.57142857
-0.51063250 1.03171574 0.64285714
-0.51063250 1.17457288 -0.21428571
-0.51063250 1.17457288 -0.07142857
-0.51063250 1.17457288 0.07142857
-0.51063250 1.17457288 0.21428571
-0.51063250 1.17457288 0.35714286
-0.51063250 1.17457288 0.50000000
-0.43920393 -1.32542712 -0.07142857
-0.36777535 -1.32542712 -0.14285714
-0.36777535 -1.39685569 -0.07142857
-0.36777535 -1.32542712 0.00000000
-0.43920393 -1.18256997 -0.92857143
-0.36777535 -1.18256997 -1.00000000
-0.36777535 -1.25399855 -0.92857143
-0.36777535 -1.25399855 -0.78571429
-0.43920393 -1.18256997 -0.78571429
-0.36777535 -1.25399855 -0.64285714
-0.43920393 -1.18256997 -0.64285714
-0.36777535 -1.25399855 -0.50000000
-0.43920393 -1.18256997 -0.50000000
-0.36777535 -1.25399855 -0.35714286
-0.43920393 -1.18256997 -0.35714286
-0.36777535 -1.25399855 -0.21428571
-0.36777535 -1.25399855 0.07142857
-0.36777535 -1.25399855 0.21428571
-0.43920393 -1.18256997 0.21428571
-0.36777535 -1.25399855 0.35714286
-0.43920393 -1.18256997 0.35714286
-0.36777535 -1.25399855 0.50000000
-0.43920393 -1.18256997 0.50000000
-0.36777535 -1.25399855 0.64285714
-0.43920393 -1.18256997 0.64285714
-0.36777535 -1.25399855 0.78571429
-0.43920393 -1.18256997 0.78571429
-0.36777535 -1.25399855 0.92857143
-0.43920393 -1.18256997 0.92857143
-0.36777535 -1.18256997 1.00000000
-0.43920393 -1.03971283 -0.92857143
-0.36777535 -1.03971283 -1.00000000
-0.43920393 -1.03971283 -0.78571429
-0.43920393 -1.03971283 0.92857143
-0.36777535 -1.03971283 1.00000000
-0.43920393 -0.89685569 -0.92857143
-0.36777535 -0.89685569 -1.00000000
-0.36777535 -0.89685569 1.00000000
-0.36777535 -0.75399855 -1.00000000
-0.36777535 -0.75399855 1.00000000
-0.36777535 -0.61114140 -1.00000000
-0.36777535 -0.61114140 1.00000000
-0.36777535 -0.46828426 -1.00000000
-0.36777535 -0.46828426 1.00000000
-0.36777535 -0.32542712 -1.00000000
-0.36777535 -0.32542712 1.00000000
-0.36777535 -0.18256997 -1.00000000
-0.36777535 -0.18256997 1.00000000
-0.36777535 -0.03971283 -1.00000000
-0.36777535 -0.03971283 1.00000000
-0.36777535 0.10314431 -1.00000000
-0.36777535 0.10314431 1.00000000
-0.36777535 0.24600145 -1.00000000
-0.36777535 0.24600145 1.00000000
-0.36777535 0.38885860 -1.00000000
-0.36777535 0.38885860 1.00000000
-0.36777535 0.53171574 -1.00000000
-0.36777535 0.53171574 1.00000000
-0.36777535 0.67457288 -1.00000000
-0.36777535 0.67457288 1.00000000
-0.36777535 0.81743003 -1.00000000
-0.36777535 0.81743003 1.00000000
-0.36777535 0.96028717 -1.00000000
-0.43920393 0.96028717 0.78571429
-0.36777535 0.96028717 0.85714286
-0.36777535 0.88885860 0.92857143
-0.43920393 1.10314431 -0.92857143
-0.36777535 1.10314431 -1.00000000
-0.43920393 1.10314431 -0.78571429
-0.43920393 1.10314431 -0.64285714
-0.43920393 1.10314431 -0.50000000
-0.43920393 1.10314431 -0.35714286
-0.43920393 1.10314431 0.64285714
-0.36777535 1.10314431 0.71428571
-0.36777535 1.03171574 0.78571429
-0.36777535 1.17457288 -0.92857143
-0.36777535 1.17457288 -0.78571429
-0.36777535 1.17457288 -0.64285714
-0.36777535 1.17457288 -0.50000000
-0.36777535 1.17457288 -0.35714286
-0.36777535 1.17457288 -0.21428571
-0.36777535 1.17457288 -0.07142857
-0.36777535 1.17457288 0.07142857
-0.36777535 1.17457288 0.21428571
-0.36777535 1.17457288 0.35714286
-0.36777535 1.17457288 0.50000000
-0.36777535 1.17457288 0.64285714
-0.29634678 -1.32542712 -0.92857143
-0.22491821 -1.32542712 -1.00000000
-0.22491821 -1.39685569 -0.92857143
-0.22491821 -1.39685569 -0.78571429
-0.29634678 -1.32542712 -0.78571429
-0.22491821 -1.39685569 -0.64285714
-0.29634678 -1.32542712 -0.64285714
-0.22491821 -1.39685569 -0.50000000
-0.29634678 -1.32542712 -0.50000000
-0.22491821 -1.39685569 -0.35714286
-0.29634678 -1.32542712 -0.35714286
-0.22491821 -1.39685569 -0.21428571
-0.29634678 -1.32542712 -0.21428571
-0.22491821 -1.39685569 -0.07142857
-0.22491821 -1.39685569 0.07142857
-0.29634678 -1.32542712 0.07142857
-0.22491821 -1.39685569 0.21428571
-0.29634678 -1.32542712 0.21428571
-0.22491821 -1.39685569 0.35714286
-0.29634678 -1.32542712 0.35714286
-0.22491821 -1.39685569 0.50000000
-0.29634678 -1.32542712 0.50000000
-0.22491821 -1.32542712 0.57142857
-0.22491821 -1.18256997 -1.00000000
-0.22491821 -1.25399855 0.64285714
-0.22491821 -1.25399855 0.78571429
-0.22491821 -1.25399855 0.92857143
-0.22491821 -1.18256997 1.00000000
-0.22491821 -1.03971283 -1.00000000
-0.22491821 -1.03971283 1.00000000
-0.22491821 -0.89685569 -1.00000000
-0.22491821 -0.89685569 1.00000000
-0.22491821 -0.75399855 -1.00000000
-0.22491821 -0.75399855 1.00000000
-0.22491821 -0.61114140 -1.00000000
-0.22491821 -0.61114140 1.00000000
-0.22491821 -0.46828426 -1.00000000
-0.22491821 -0.46828426 1.00000000
-0.22491821 -0.32542712 -1.00000000
-0.22491821 -0.32542712 1.00000000
-0.22491821 -0.18256997 -1.00000000
-0.22491821 -0.18256997 1.00000000
-0.22491821 -0.03971283 -1.00000000
-0.22491821 -0.03971283 1.00000000
-0.22491821 0.10314431 -1.00000000
-0.22491821 0.10314431 1.00000000
-0.22491821 0.24600145 -1.00000000
-0.22491821 0.24600145 1.00000000
-0.22491821 0.38885860 -1.00000000
-0.22491821 0.38885860 1.00000000
-0.22491821 0.53171574 -1.00000000
-0.22491821 0.53171574 1.00000000
-0.22491821 0.67457288 -1.00000000
-0.22491821 0.67457288 1.00000000
-0.22491821 0.81743003 -1.00000000
-0.22491821 0.81743003 1.00000000
-0.22491821 0.96028717 -1.00000000
-0.22491821 0.88885860 0.92857143
-0.22491821 0.96028717 0.85714286
-0.22491821 1.10314431 -1.00000000
-0.22491821 1.03171574 0.78571429
-0.22491821 1.10314431 0.71428571
-0.22491821 1.17457288 -0.92857143
-0.22491821 1.17457288 -0.78571429
-0.22491821 1.17457288 -0.64285714
-0.29634678 1.24600145 -0.50000000
-0.22491821 1.24600145 -0.57142857
-0.29634678 1.24600145 -0.35714286
-0.29634678 1.24600145 -0.21428571
-0.29634678 1.24600145 -0.07142857
-0.29634678 1.24600145 0.07142857
-0.29634678 1.24600145 0.21428571
-0.22491821 1.24600145 0.28571429
-0.22491821 1.17457288 0.35714286
-0.22491821 1.17457288 0.50000000
-0.22491821 1.17457288 0.64285714
-0.22491821 1.31743003 -0.50000000
-0.22491821 1.31743003 -0.35714286
-0.22491821 1.31743003 -0.21428571
-0.22491821 1.31743003 -0.07142857
-0.22491821 1.31743003 0.07142857
-0.22491821 1.31743003 0.21428571
-0.08206107 -1.32542712 -1.00000000
-0.08206107 -1.39685569 -0.92857143
-0.08206107 -1.39685569 -0.78571429
-0.08206107 -1.39685569 -0.64285714
-0.08206107 -1.39685569 -0.50000000
-0.08206107 -1.39685569 -0.35714286
-0.08206107 -1.39685569 -0.21428571
-0.08206107 -1.39685569 -0.07142857
-0.08206107 -1.39685569 0.07142857
-0.08206107 -1.39685569 0.21428571
-0.08206107 -1.39685569 0.35714286
-0.08206107 -1.39685569 0.50000000
-0.08206107 -1.32542712 0.57142857
-0.08206107 -1.18256997 -1.00000000
-0.08206107 -1.25399855 0.64285714
-0.08206107 -1.25399855 0.78571429
-0.08206107 -1.25399855 0.92857143
-0.08206107 -1.18256997 1.00000000
-0.08206107 -1.03971283 -1.00000000
-0.08206107 -1.03971283 1.00000000
-0.08206107 -0.89685569 -1.00000000
-0.08206107 -0.89685569 1.00000000
-0.08206107 -0.75399855 -1.00000000
-0.08206107 -0.75399855 1.00000000
-0.08206107 -0.61114140 -1.00000000
-0.08206107 -0.61114140 1.00000000
-0.08206107 -0.46828426 -1.00000000
-0.08206107 -0.46828426 1.00000000
-0.08206107 -0.32542712 -1.00000000
-0.08206107 -0.32542712 1.00000000
-0.08206107 -0.18256997 -1.00000000
-0.08206107 -0.18256997 1.00000000
-0.08206107 -0.03971283 -1.00000000
-0.08206107 -0.03971283 1.00000000
-0.08206107 0.10314431 -1.00000000
-0.08206107 0.10314431 1.00000000
-0.08206107 0.24600145 -1.00000000
-0.08206107 0.24600145 1.00000000
-0.08206107 0.38885860 -1.00000000
-0.08206107 0.38885860 1.00000000
-0.08206107 0.53171574 -1.00000000
-0.08206107 0.53171574 1.00000000
-0.08206107 0.67457288 -1.00000000
-0.08206107 0.67457288 1.00000000
-0.08206107 0.81743003 -1.00000000
-0.08206107 0.81743003 1.00000000
-0.08206107 0.96028717 -1.00000000
-0.08206107 0.88885860 0.92857143
-0.08206107 0.96028717 0.85714286
-0.08206107 1.10314431 -1.00000000
-0.08206107 1.03171574 0.78571429
-0.08206107 1.10314431 0.71428571
-0.15348964 1.24600145 -0.92857143
-0.08206107 1.24600145 -1.00000000
-0.15348964 1.24600145 -0.78571429
-0.15348964 1.24600145 -0.64285714
-0.15348964 1.24600145 0.35714286
-0.15348964 1.24600145 0.50000000
-0.08206107 1.24600145 0.57142857
-0.08206107 1.17457288 0.64285714
-0.08206107 1.31743003 -0.92857143
-0.08206107 1.31743003 -0.78571429
-0.08206107 1.31743003 -0.64285714
-0.08206107 1.31743003 -0.50000000
-0.08206107 1.31743003 -0.35714286
-0.08206107 1.31743003 -0.21428571
-0.08206107 1.31743003 -0.07142857
-0.08206107 1.31743003 0.07142857
-0.08206107 1.31743003 0.21428571
-0.08206107 1.31743003 0.35714286
-0.08206107 1.31743003 0.50000000
-0.01063250 -1.32542712 -0.92857143
-0.01063250 -1.32542712 -0.78571429
-0.01063250 -1.32542712 -0.64285714
-0.01063250 -1.32542712 -0.50000000
-0.01063250 -1.32542712 -0.35714286
-0.01063250 -1.32542712 -0.21428571
-0.01063250 -1.32542712 -0.07142857
-0.01063250 -1.32542712 0.07142857
-0.01063250 -1.32542712 0.21428571
-0.01063250 -1.32542712 0.35714286
-0.01063250 -1.32542712 0.50000000
0.06079607 -1.18256997 -1.00000000
0.06079607 -1.25399855 -0.92857143
0.06079607 -1.25399855 -0.78571429
0.06079607 -1.25399855 -0.64285714
0.06079607 -1.25399855 -0.50000000
0.06079607 -1.25399855 -0.35714286
0.06079607 -1.25399855 -0.21428571
0.06079607 -1.25399855 -0.07142857
0.06079607 -1.25399855 0.07142857
0.06079607 -1.25399855 0.21428571
0.06079607 -1.25399855 0.35714286
0.06079607 -1.25399855 0.50000000
0.06079607 -1.25399855 0.64285714
0.06079607 -1.25399855 0.78571429
-0.01063250 -1.18256997 0.92857143
0.06079607 -1.18256997 0.85714286
0.06079607 -1.03971283 -1.00000000
0.06079607 -1.11114140 0.92857143
0.06079607 -1.03971283 1.00000000
0.06079607 -0.89685569 -1.00000000
0.06079607 -0.89685569 1.00000000
0.06079607 -0.75399855 -1.00000000
0.06079607 -0.75399855 1.00000000
0.06079607 -0.61114140 -1.00000000
0.06079607 -0.61114140 1.00000000
0.06079607 -0.46828426 -1.00000000
0.06079607 -0.46828426 1.00000000
0.06079607 -0.32542712 -1.00000000
0.06079607 -0.32542712 1.00000000
0.06079607 -0.18256997 -1.00000000
0.06079607 -0.18256997 1.00000000
0.06079607 -0.03971283 -1.00000000
0.06079607 -0.03971283 1.00000000
0.06079607 0.10314431 -1.00000000
0.06079607 0.10314431 1.00000000
0.06079607 0.24600145 -1.00000000
0.06079607 0.24600145 1.00000000
0.06079607 0.38885860 -1.00000000
0.06079607 0.38885860 1.00000000
0.06079607 0.53171574 -1.00000000
0.06079607 0.53171574 1.00000000
0.06079607 0.67457288 -1.00000000
0.06079607 0.67457288 1.00000000
0.06079607 0.81743003 -1.00000000
0.06079607 0.81743003 1.00000000
0.06079607 0.96028717 -1.00000000
0.06079607 0.88885860 0.92857143
0.06079607 0.96028717 0.85714286
0.06079607 1.10314431 -1.00000000
0.06079607 1.03171574 0.78571429
0.06079607 1.10314431 0.71428571
0.06079607 1.24600145 -1.00000000
0.06079607 1.17457288 0.64285714
0.06079607 1.24600145 0.57142857
0.06079607 1.31743003 -0.92857143
0.06079607 1.31743003 -0.78571429
0.06079607 1.31743003 -0.64285714
0.06079607 1.31743003 -0.50000000
0.06079607 1.31743003 -0.35714286
-0.01063250 1.38885860 -0.21428571
0.06079607 1.38885860 -0.28571429
-0.01063250 1.38885860 -0.07142857
-0.01063250 1.38885860 0.07142857
0.06079607 1.38885860 0.14285714
0.06079607 1.31743003 0.21428571
0.06079607 1.31743003 0.35714286
0.06079607 1.31743003 0.50000000
0.06079607 1.46028717 -0.21428571
0.06079607 1.46028717 -0.07142857
0.06079607 1.46028717 0.07142857
0.13222465 -1.18256997 -0.92857143
0.13222465 -1.18256997 -0.78571429
0.13222465 -1.18256997 -0.64285714
0.13222465 -1.18256997 -0.50000000
0.13222465 -1.18256997 -0.35714286
0.20365322 -1.18256997 -0.28571429
0.20365322 -1.25399855 -0.21428571
0.20365322 -1.25399855 -0.07142857
0.20365322 -1.25399855 0.07142857
0.20365322 -1.25399855 0.21428571
0.13222465 -1.18256997 0.35714286
0.20365322 -1.18256997 0.28571429
0.13222465 -1.18256997 0.50000000
0.13222465 -1.18256997 0.64285714
0.13222465 -1.18256997 0.78571429
0.20365322 -1.03971283 -1.00000000
0.20365322 -1.11114140 -0.92857143
0.20365322 -1.11114140 -0.78571429
0.20365322 -1.11114140 -0.64285714
0.20365322 -1.11114140 -0.50000000
0.20365322 -1.11114140 -0.35714286
0.20365322 -1.11114140 0.35714286
0.20365322 -1.11114140 0.50000000
0.20365322 -1.11114140 0.64285714
0.20365322 -1.03971283 0.71428571
0.13222465 -1.03971283 0.78571429
0.13222465 -1.03971283 0.92857143
0.20365322 -0.89685569 -1.00000000
0.20365322 -0.96828426 0.78571429
0.20365322 -0.96828426 0.92857143
0.20365322 -0.89685569 1.00000000
0.20365322 -0.75399855 -1.00000000
0.20365322 -0.75399855 1.00000000
0.20365322 -0.61114140 -1.00000000
0.20365322 -0.61114140 1.00000000
0.20365322 -0.46828426 -1.00000000
0.20365322 -0.46828426 1.00000000
0.20365322 -0.32542712 -1.00000000
0.20365322 -0.32542712 1.00000000
0.20365322 -0.18256997 -1.00000000
0.20365322 -0.18256997 1.00000000
0.20365322 -0.03971283 -1.00000000
0.20365322 -0.03971283 1.00000000
0.20365322 0.10314431 -1.00000000
0.20365322 0.10314431 1.00000000
0.20365322 0.24600145 -1.00000000
0.20365322 0.24600145 1.00000000
0.20365322 0.38885860 -1.00000000
0.20365322 0.38885860 1.00000000
0.20365322 0.53171574 -1.00000000
0.20365322 0.53171574 1.00000000
0.20365322 0.67457288 -1.00000000
0.20365322 0.67457288 1.00000000
0.20365322 0.81743003 -1.00000000
0.20365322 0.81743003 1.00000000
0.20365322 0.96028717 -1.00000000
0.20365322 0.88885860 0.92857143
0.20365322 0.96028717 0.85714286
0.20365322 1.10314431 -1.00000000
0.20365322 1.03171574 0.78571429
0.20365322 1.10314431 0.71428571
0.20365322 1.24600145 -1.00000000
0.20365322 1.17457288 0.64285714
0.20365322 1.24600145 0.57142857
0.20365322 1.31743003 -0.92857143
0.20365322 1.31743003 -0.78571429
0.20365322 1.31743003 -0.64285714
0.20365322 1.31743003 -0.50000000
0.20365322 1.31743003 -0.35714286
0.20365322 1.38885860 -0.28571429
0.20365322 1.31743003 0.21428571
0.20365322 1.38885860 0.14285714
0.20365322 1.31743003 0.35714286
0.20365322 1.31743003 0.50000000
0.20365322 1.46028717 -0.21428571
0.20365322 1.46028717 -0.07142857
0.20365322 1.46028717 0.07142857
0.27508179 -1.18256997 -0.21428571
0.27508179 -1.18256997 -0.07142857
0.27508179 -1.18256997 0.07142857
0.27508179 -1.18256997 0.21428571
0.34651036 -1.03971283 -1.00000000
0.34651036 -1.11114140 -0.92857143
0.34651036 -1.11114140 -0.78571429
0.34651036 -1.11114140 -0.64285714
0.34651036 -1.11114140 -0.50000000
0.34651036 -1.11114140 -0.35714286
0.34651036 -1.11114140 -0.21428571
0.34651036 -1.11114140 -0.07142857
0.34651036 -1.11114140 0.07142857
0.34651036 -1.11114140 0.21428571
0.34651036 -1.11114140 0.35714286
0.34651036 -1.11114140 0.50000000
0.34651036 -1.11114140 0.64285714
0.34651036 -1.03971283 0.71428571
0.34651036 -0.89685569 -1.00000000
0.34651036 -0.96828426 0.78571429
0.27508179 -0.89685569 0.92857143
0.34651036 -0.89685569 0.85714286
0.34651036 -0.75399855 -1.00000000
0.34651036 -0.82542712 0.92857143
0.34651036 -0.75399855 1.00000000
0.34651036 -0.61114140 -1.00000000
0.34651036 -0.61114140 1.00000000
0.34651036 -0.46828426 -1.00000000
0.34651036 -0.46828426 1.00000000
0.34651036 -0.32542712 -1.00000000
0.34651036 -0.32542712 1.00000000
0.34651036 -0.18256997 -1.00000000
0.34651036 -0.18256997 1.00000000
0.34651036 -0.03971283 -1.00000000
0.34651036 -0.03971283 1.00000000
0.34651036 0.10314431 -1.00000000
0.34651036 0.10314431 1.00000000
0.34651036 0.24600145 -1.00000000
0.34651036 0.24600145 1.00000000
0.34651036 0.38885860 -1.00000000
0.34651036 0.38885860 1.00000000
0.34651036 0.53171574 -1.00000000
0.34651036 0.53171574 1.00000000
0.34651036 0.67457288 -1.00000000
0.34651036 0.67457288 1.00000000
0.34651036 0.81743003 -1.00000000
0.27508179 0.81743003 0.92857143
0.34651036 0.74600145 0.92857143
0.34651036 0.81743003 0.85714286
0.34651036 0.96028717 -1.00000000
0.34651036 0.96028717 0.85714286
0.34651036 1.10314431 -1.00000000
0.34651036 1.03171574 0.78571429
0.34651036 1.10314431 0.71428571
0.34651036 1.17457288 -0.92857143
0.27508179 1.24600145 -0.92857143
0.34651036 1.24600145 -0.85714286
0.27508179 1.24600145 0.50000000
0.34651036 1.17457288 0.50000000
0.34651036 1.24600145 0.42857143
0.34651036 1.17457288 0.64285714
0.34651036 1.31743003 -0.78571429
0.34651036 1.31743003 -0.64285714
0.34651036 1.31743003 -0.50000000
0.34651036 1.31743003 -0.35714286
0.27508179 1.38885860 -0.21428571
0.34651036 1.31743003 -0.21428571
0.27508179 1.38885860 -0.07142857
0.34651036 1.31743003 -0.07142857
0.27508179 1.38885860 0.07142857
0.34651036 1.31743003 0.07142857
0.34651036 1.31743003 0.21428571
0.34651036 1.31743003 0.35714286
0.41793893 -1.03971283 -0.92857143
0.41793893 -1.03971283 -0.78571429
0.41793893 -1.03971283 -0.64285714
0.48936750 -1.03971283 -0.57142857
0.48936750 -1.11114140 -0.50000000
0.48936750 -1.11114140 -0.35714286
0.48936750 -1.11114140 -0.21428571
0.48936750 -1.11114140 -0.07142857
0.48936750 -1.11114140 0.07142857
0.48936750 -1.11114140 0.21428571
0.41793893 -1.03971283 0.35714286
0.48936750 -1.03971283 0.28571429
0.41793893 -1.03971283 0.50000000
0.41793893 -1.03971283 0.64285714
0.48936750 -0.89685569 -1.00000000
0.48936750 -0.96828426 -0.92857143
0.48936750 -0.96828426 -0.78571429
0.48936750 -0.96828426 -0.64285714
0.48936750 -0.96828426 0.35714286
0.48936750 -0.96828426 0.50000000
0.48936750 -0.96828426 0.64285714
0.41793893 -0.89685569 0.78571429
0.48936750 -0.89685569 0.71428571
0.48936750 -0.75399855 -1.00000000
0.48936750 -0.82542712 0.78571429
0.48936750 -0.82542712 0.92857143
0.48936750 -0.75399855 1.00000000
0.48936750 -0.61114140 -1.00000000
0.48936750 -0.61114140 1.00000000
0.48936750 -0.46828426 -1.00000000
0.48936750 -0.46828426 1.00000000
0.48936750 -0.32542712 -1.00000000
0.48936750 -0.32542712 1.00000000
0.48936750 -0.18256997 -1.00000000
0.48936750 -0.18256997 1.00000000
0.48936750 -0.03971283 -1.00000000
0.48936750 -0.03971283 1.00000000
0.48936750 0.10314431 -1.00000000
0.48936750 0.10314431 1.00000000
0.48936750 0.24600145 -1.00000000
0.48936750 0.24600145 1.00000000
0.48936750 0.38885860 -1.00000000
0.48936750 0.38885860 1.00000000
0.48936750 0.53171574 -1.00000000
0.48936750 0.53171574 1.00000000
0.48936750 0.67457288 -1.00000000
0.48936750 0.67457288 1.00000000
0.48936750 0.81743003 -1.00000000
0.48936750 0.74600145 0.92857143
0.48936750 0.81743003 0.85714286
0.48936750 0.88885860 -0.92857143
0.41793893 0.96028717 -0.92857143
0.48936750 0.96028717 -0.85714286
0.48936750 0.96028717 0.85714286
0.41793893 1.10314431 -0.92857143
0.48936750 1.03171574 -0.78571429
0.41793893 1.10314431 -0.78571429
0.48936750 1.10314431 -0.71428571
0.48936750 1.03171574 0.78571429
0.48936750 1.10314431 0.71428571
0.41793893 1.24600145 -0.78571429
0.48936750 1.17457288 -0.64285714
0.41793893 1.24600145 -0.64285714
0.41793893 1.24600145 -0.50000000
0.48936750 1.17457288 -0.50000000
0.41793893 1.24600145 -0.35714286
0.48936750 1.17457288 -0.35714286
0.41793893 1.24600145 -0.21428571
0.48936750 1.17457288 -0.21428571
0.41793893 1.24600145 -0.07142857
0.48936750 1.17457288 -0.07142857
0.41793893 1.24600145 0.07142857
0.48936750 1.17457288 0.07142857
0.41793893 1.24600145 0.21428571
0.48936750 1.17457288 0.21428571
0.41793893 1.24600145 0.35714286
0.48936750 1.17457288 0.35714286
0.48936750 1.17457288 0.50000000
0.48936750 1.17457288 0.64285714
0.56079607 -1.03971283 -0.50000000
0.56079607 -1.03971283 -0.35714286
0.56079607 -1.03971283 -0.21428571
0.56079607 -1.03971283 -0.07142857
0.56079607 -1.03971283 0.07142857
0.56079607 -1.03971283 0.21428571
0.56079607 -0.89685569 -0.92857143
0.63222465 -0.89685569 -0.85714286
0.63222465 -0.96828426 -0.78571429
0.63222465 -0.96828426 -0.64285714
0.63222465 -0.96828426 -0.50000000
0.63222465 -0.96828426 -0.35714286
0.63222465 -0.96828426 -0.21428571
0.63222465 -0.96828426 -0.07142857
0.63222465 -0.96828426 0.07142857
0.63222465 -0.96828426 0.21428571
0.63222465 -0.96828426 0.35714286
0.63222465 -0.96828426 0.50000000
0.63222465 -0.96828426 0.64285714
0.63222465 -0.89685569 0.71428571
0.63222465 -0.75399855 -1.00000000
0.63222465 -0.82542712 -0.92857143
0.63222465 -0.82542712 0.78571429
0.56079607 -0.75399855 0.92857143
0.63222465 -0.75399855 0.85714286
0.63222465 -0.61114140 -1.00000000
0.63222465 -0.68256997 0.92857143
0.63222465 -0.61114140 1.00000000
0.63222465 -0.46828426 -1.00000000
0.63222465 -0.46828426 1.00000000
0.63222465 -0.32542712 -1.00000000
0.63222465 -0.32542712 1.00000000
0.63222465 -0.18256997 -1.00000000
0.63222465 -0.18256997 1.00000000
0.63222465 -0.03971283 -1.00000000
0.63222465 -0.03971283 1.00000000
0.63222465 0.10314431 -1.00000000
0.63222465 0.10314431 1.00000000
0.63222465 0.24600145 -1.00000000
0.63222465 0.24600145 1.00000000
0.63222465 0.38885860 -1.00000000
0.63222465 0.38885860 1.00000000
0.63222465 0.53171574 -1.00000000
0.63222465 0.53171574 1.00000000
0.63222465 0.67457288 -1.00000000
0.63222465 0.67457288 1.00000000
0.63222465 0.74600145 -0.92857143
0.56079607 0.81743003 -0.92857143
0.56079607 0.81743003 -0.78571429
0.63222465 0.74600145 -0.78571429
0.63222465 0.81743003 -0.71428571
0.63222465 0.74600145 0.92857143
0.63222465 0.81743003 0.85714286
0.56079607 0.96028717 -0.78571429
0.63222465 0.88885860 -0.64285714
0.56079607 0.96028717 -0.64285714
0.63222465 0.96028717 -0.57142857
0.56079607 0.96028717 0.78571429
0.63222465 0.88885860 0.78571429
0.63222465 0.96028717 0.71428571
0.56079607 1.10314431 -0.64285714
0.63222465 1.03171574 -0.50000000
0.56079607 1.10314431 -0.50000000
0.56079607 1.10314431 -0.35714286
0.63222465 1.03171574 -0.35714286
0.63222465 1.10314431 -0.28571429
0.56079607 1.10314431 0.35714286
0.63222465 1.03171574 0.35714286
0.63222465 1.10314431 0.28571429
0.56079607 1.10314431 0.50000000
0.63222465 1.03171574 0.50000000
0.56079607 1.10314431 0.64285714
0.63222465 1.03171574 0.64285714
0.63222465 1.17457288 -0.21428571
0.63222465 1.17457288 -0.07142857
0.63222465 1.17457288 0.07142857
0.63222465 1.17457288 0.21428571
0.70365322 -0.89685569 -0.78571429
0.70365322 -0.89685569 -0.64285714
0.70365322 -0.89685569 -0.50000000
0.70365322 -0.89685569 -0.35714286
0.70365322 -0.89685569 -0.21428571
0.70365322 -0.89685569 -0.07142857
0.70365322 -0.89685569 0.07142857
0.70365322 -0.89685569 0.21428571
0.70365322 -0.89685569 0.35714286
0.70365322 -0.89685569 0.50000000
0.70365322 -0.89685569 0.64285714
0.70365322 -0.75399855 -0.92857143
0.70365322 -0.75399855 -0.78571429
0.77508179 -0.75399855 -0.71428571
0.77508179 -0.82542712 -0.64285714
0.77508179 -0.82542712 -0.50000000
0.77508179 -0.82542712 -0.35714286
0.77508179 -0.82542712 -0.21428571
0.77508179 -0.82542712 -0.07142857
0.77508179 -0.82542712 0.07142857
0.77508179 -0.82542712 0.21428571
0.77508179 -0.82542712 0.35714286
0.77508179 -0.82542712 0.50000000
0.77508179 -0.82542712 0.64285714
0.70365322 -0.75399855 0.78571429
0.77508179 -0.75399855 0.71428571
0.77508179 -0.61114140 -1.00000000
0.77508179 -0.68256997 -0.92857143
0.77508179 -0.68256997 -0.78571429
0.77508179 -0.68256997 0.78571429
0.77508179 -0.68256997 0.92857143
0.77508179 -0.61114140 1.00000000
0.77508179 -0.46828426 -1.00000000
0.77508179 -0.46828426 1.00000000
0.77508179 -0.32542712 -1.00000000
0.77508179 -0.32542712 1.00000000
0.77508179 -0.18256997 -1.00000000
0.77508179 -0.18256997 1.00000000
0.77508179 -0.03971283 -1.00000000
0.77508179 -0.03971283 1.00000000
0.77508179 0.10314431 -1.00000000
0.77508179 0.10314431 1.00000000
0.77508179 0.24600145 -1.00000000
0.77508179 0.24600145 1.00000000
0.77508179 0.38885860 -1.00000000
0.77508179 0.38885860 1.00000000
0.77508179 0.53171574 -1.00000000
0.77508179 0.53171574 1.00000000
0.77508179 0.67457288 -1.00000000
0.77508179 0.67457288 1.00000000
0.77508179 0.74600145 -0.92857143
0.77508179 0.74600145 -0.78571429
0.77508179 0.81743003 -0.71428571
0.70365322 0.81743003 0.78571429
0.77508179 0.74600145 0.78571429
0.77508179 0.81743003 0.71428571
0.77508179 0.74600145 0.92857143
0.77508179 0.88885860 -0.64285714
0.70365322 0.96028717 -0.50000000
0.77508179 0.88885860 -0.50000000
0.70365322 0.96028717 -0.35714286
0.77508179 0.88885860 -0.35714286
0.70365322 0.96028717 -0.21428571
0.77508179 0.88885860 -0.21428571
0.70365322 0.96028717 -0.07142857
0.77508179 0.88885860 -0.07142857
0.70365322 0.96028717 0.07142857
0.77508179 0.88885860 0.07142857
0.70365322 0.96028717 0.21428571
0.77508179 0.88885860 0.21428571
0.70365322 0.96028717 0.35714286
0.77508179 0.88885860 0.35714286
0.70365322 0.96028717 0.50000000
0.77508179 0.88885860 0.50000000
0.70365322 0.96028717 0.64285714
0.77508179 0.88885860 0.64285714
0.70365322 1.10314431 -0.21428571
0.70365322 1.10314431 -0.07142857
0.70365322 1.10314431 0.07142857
0.70365322 1.10314431 0.21428571
0.84651036 -0.75399855 -0.64285714
0.84651036 -0.75399855 -0.50000000
0.84651036 -0.75399855 -0.35714286
0.91793893 -0.75399855 -0.28571429
0.91793893 -0.82542712 -0.21428571
0.91793893 -0.82542712 -0.07142857
0.91793893 -0.82542712 0.07142857
0.84651036 -0.75399855 0.21428571
0.91793893 -0.75399855 0.14285714
0.84651036 -0.75399855 0.35714286
0.84651036 -0.75399855 0.50000000
0.84651036 -0.75399855 0.64285714
0.91793893 -0.61114140 -1.00000000
0.91793893 -0.68256997 -0.92857143
0.91793893 -0.68256997 -0.78571429
0.91793893 -0.68256997 -0.64285714
0.91793893 -0.68256997 -0.50000000
0.91793893 -0.68256997 -0.35714286
0.91793893 -0.68256997 0.21428571
0.91793893 -0.68256997 0.35714286
0.91793893 -0.68256997 0.50000000
0.91793893 -0.68256997 0.64285714
0.84651036 -0.61114140 0.78571429
0.91793893 -0.61114140 0.71428571
0.84651036 -0.61114140 0.92857143
0.91793893 -0.46828426 -1.00000000
0.91793893 -0.53971283 0.78571429
0.91793893 -0.46828426 0.85714286
0.84651036 -0.46828426 0.92857143
0.91793893 -0.32542712 -1.00000000
0.91793893 -0.39685569 0.92857143
0.91793893 -0.32542712 1.00000000
0.91793893 -0.18256997 -1.00000000
0.91793893 -0.18256997 1.00000000
0.91793893 -0.03971283 -1.00000000
0.91793893 -0.03971283 1.00000000
0.91793893 0.10314431 -1.00000000
0.91793893 0.10314431 1.00000000
0.91793893 0.24600145 -1.00000000
0.91793893 0.24600145 1.00000000
0.91793893 0.38885860 -1.00000000
0.91793893 0.38885860 1.00000000
0.91793893 0.46028717 -0.92857143
0.84651036 0.53171574 -0.92857143
0.84651036 0.53171574 -0.78571429
0.91793893 0.46028717 -0.78571429
0.91793893 0.53171574 -0.71428571
0.91793893 0.53171574 1.00000000
0.84651036 0.67457288 -0.92857143
0.84651036 0.67457288 -0.78571429
0.91793893 0.67457288 -0.71428571
0.84651036 0.67457288 0.92857143
0.91793893 0.60314431 0.92857143
0.91793893 0.67457288 0.85714286
0.84651036 0.81743003 -0.64285714
0.91793893 0.74600145 -0.64285714
0.84651036 0.81743003 -0.50000000
0.91793893 0.74600145 -0.50000000
0.84651036 0.81743003 -0.35714286
0.91793893 0.74600145 -0.35714286
0.84651036 0.81743003 -0.21428571
0.91793893 0.74600145 -0.21428571
0.84651036 0.81743003 -0.07142857
0.91793893 0.74600145 -0.07142857
0.84651036 0.81743003 0.07142857
0.91793893 0.74600145 0.07142857
0.84651036 0.81743003 0.21428571
0.91793893 0.74600145 0.21428571
0.84651036 0.81743003 0.35714286
0.91793893 0.74600145 0.35714286
0.84651036 0.81743003 0.50000000
0.91793893 0.74600145 0.50000000
0.84651036 0.81743003 0.64285714
0.91793893 0.74600145 0.64285714
0.91793893 0.74600145 0.78571429
0.98936750 -0.75399855 -0.21428571
0.98936750 -0.75399855 -0.07142857
0.98936750 -0.75399855 0.07142857
0.98936750 -0.61114140 -0.92857143
0.98936750 -0.61114140 -0.78571429
0.98936750 -0.61114140 -0.64285714
1.06079607 -0.61114140 -0.57142857
1.06079607 -0.68256997 -0.50000000
1.06079607 -0.68256997 -0.35714286
1.06079607 -0.68256997 -0.21428571
1.06079607 -0.68256997 -0.07142857
1.06079607 -0.68256997 0.07142857
1.06079607 -0.68256997 0.21428571
0.98936750 -0.61114140 0.35714286
1.06079607 -0.61114140 0.28571429
0.98936750 -0.61114140 0.50000000
0.98936750 -0.61114140 0.64285714
1.06079607 -0.46828426 -1.00000000
1.06079607 -0.53971283 -0.92857143
1.06079607 -0.53971283 -0.78571429
1.06079607 -0.53971283 -0.64285714
1.06079607 -0.53971283 0.35714286
1.06079607 -0.53971283 0.50000000
1.06079607 -0.53971283 0.64285714
0.98936750 -0.46828426 0.78571429
1.06079607 -0.46828426 0.71428571
1.06079607 -0.32542712 -1.00000000
1.06079607 -0.39685569 0.78571429
1.06079607 -0.39685569 0.92857143
1.06079607 -0.32542712 1.00000000
1.06079607 -0.18256997 -1.00000000
1.06079607 -0.18256997 1.00000000
1.06079607 -0.03971283 -1.00000000
1.06079607 -0.03971283 1.00000000
1.06079607 0.10314431 -1.00000000
1.06079607 0.10314431 1.00000000
1.06079607 0.24600145 -1.00000000
1.06079607 0.24600145 1.00000000
1.06079607 0.31743003 -0.92857143
0.98936750 0.38885860 -0.92857143
1.06079607 0.38885860 -0.85714286
1.06079607 0.38885860 1.00000000
1.06079607 0.46028717 -0.78571429
0.98936750 0.53171574 -0.64285714
1.06079607 0.46028717 -0.64285714
0.98936750 0.53171574 -0.50000000
1.06079607 0.46028717 -0.50000000
0.98936750 0.53171574 -0.35714286
1.06079607 0.46028717 -0.35714286
1.06079607 0.53171574 -0.28571429
0.98936750 0.53171574 0.50000000
1.06079607 0.46028717 0.50000000
1.06079607 0.53171574 0.42857143
0.98936750 0.53171574 0.64285714
1.06079607 0.46028717 0.64285714
0.98936750 0.53171574 0.78571429
1.06079607 0.46028717 0.78571429
0.98936750 0.53171574 0.92857143
1.06079607 0.46028717 0.92857143
0.98936750 0.67457288 -0.64285714
0.98936750 0.67457288 -0.50000000
0.98936750 0.67457288 -0.35714286
1.06079607 0.60314431 -0.21428571
0.98936750 0.67457288 -0.21428571
0.98936750 0.67457288 -0.07142857
1.06079607 0.60314431 -0.07142857
0.98936750 0.67457288 0.07142857
1.06079607 0.60314431 0.07142857
0.98936750 0.67457288 0.21428571
1.06079607 0.60314431 0.21428571
0.98936750 0.67457288 0.35714286
1.06079607 0.60314431 0.35714286
0.98936750 0.67457288 0.50000000
0.98936750 0.67457288 0.64285714
0.98936750 0.67457288 0.78571429
1.13222465 -0.61114140 -0.50000000
1.13222465 -0.61114140 -0.35714286
1.13222465 -0.61114140 -0.21428571
1.13222465 -0.61114140 -0.07142857
1.13222465 -0.61114140 0.07142857
1.13222465 -0.61114140 0.21428571
1.13222465 -0.46828426 -0.92857143
1.13222465 -0.46828426 -0.78571429
1.13222465 -0.46828426 -0.64285714
1.13222465 -0.46828426 -0.50000000
1.20365322 -0.46828426 -0.42857143
1.20365322 -0.53971283 -0.35714286
1.20365322 -0.53971283 -0.21428571
1.20365322 -0.53971283 -0.07142857
1.20365322 -0.46828426 0.00000000
1.13222465 -0.46828426 0.07142857
1.13222465 -0.46828426 0.21428571
1.13222465 -0.46828426 0.35714286
1.13222465 -0.46828426 0.50000000
1.13222465 -0.46828426 0.64285714
1.20365322 -0.32542712 -1.00000000
1.20365322 -0.39685569 -0.92857143
1.20365322 -0.39685569 -0.78571429
1.20365322 -0.39685569 -0.64285714
1.20365322 -0.39685569 -0.50000000
1.20365322 -0.39685569 0.07142857
1.20365322 -0.39685569 0.21428571
1.20365322 -0.39685569 0.35714286
1.20365322 -0.39685569 0.50000000
1.20365322 -0.39685569 0.64285714
1.20365322 -0.39685569 0.78571429
1.20365322 -0.39685569 0.92857143
1.20365322 -0.32542712 1.00000000
1.20365322 -0.18256997 -1.00000000
1.20365322 -0.18256997 1.00000000
1.20365322 -0.03971283 -1.00000000
1.20365322 -0.03971283 1.00000000
1.20365322 0.10314431 -1.00000000
1.20365322 0.10314431 1.00000000
1.20365322 0.17457288 -0.92857143
1.13222465 0.24600145 -0.92857143
1.13222465 0.24600145 -0.78571429
1.20365322 0.17457288 -0.78571429
1.13222465 0.24600145 -0.64285714
1.20365322 0.17457288 -0.64285714
1.13222465 0.24600145 -0.50000000
1.20365322 0.17457288 -0.50000000
1.13222465 0.24600145 -0.35714286
1.20365322 0.17457288 -0.35714286
1.20365322 0.24600145 -0.28571429
1.13222465 0.24600145 0.21428571
1.20365322 0.17457288 0.21428571
1.20365322 0.24600145 0.14285714
1.13222465 0.24600145 0.35714286
1.20365322 0.17457288 0.35714286
1.13222465 0.24600145 0.50000000
1.20365322 0.17457288 0.50000000
1.13222465 0.24600145 0.64285714
1.20365322 0.17457288 0.64285714
1.13222465 0.24600145 0.78571429
1.20365322 0.17457288 0.78571429
1.13222465 0.24600145 0.92857143
1.20365322 0.17457288 0.92857143
1.13222465 0.38885860 -0.78571429
1.13222465 0.38885860 -0.64285714
1.13222465 0.38885860 -0.50000000
1.13222465 0.38885860 -0.35714286
1.20365322 0.31743003 -0.21428571
1.13222465 0.38885860 -0.21428571
1.13222465 0.38885860 -0.07142857
1.20365322 0.31743003 -0.07142857
1.13222465 0.38885860 0.07142857
1.20365322 0.31743003 0.07142857
1.13222465 0.38885860 0.21428571
1.13222465 0.38885860 0.35714286
1.13222465 0.38885860 0.50000000
1.13222465 0.38885860 0.64285714
1.13222465 0.38885860 0.78571429
1.13222465 0.38885860 0.92857143
1.13222465 0.53171574 -0.21428571
1.13222465 0.53171574 -0.07142857
1.13222465 0.53171574 0.07142857
1.13222465 0.53171574 0.21428571
1.13222465 0.53171574 0.35714286
1.27508179 -0.46828426 -0.35714286
1.27508179 -0.46828426 -0.21428571
1.27508179 -0.46828426 -0.07142857
1.27508179 -0.32542712 -0.92857143
1.27508179 -0.32542712 -0.78571429
1.27508179 -0.32542712 -0.64285714
1.27508179 -0.32542712 -0.50000000
1.27508179 -0.32542712 -0.35714286
1.27508179 -0.32542712 -0.21428571
1.27508179 -0.32542712 -0.07142857
1.27508179 -0.32542712 0.07142857
1.27508179 -0.32542712 0.21428571
1.27508179 -0.32542712 0.35714286
1.27508179 -0.32542712 0.50000000
1.27508179 -0.32542712 0.64285714
1.27508179 -0.32542712 0.78571429
1.27508179 -0.32542712 0.92857143
1.34651036 -0.18256997 -1.00000000
1.34651036 -0.25399855 -0.92857143
1.34651036 -0.25399855 -0.78571429
1.34651036 -0.25399855 -0.64285714
1.34651036 -0.25399855 -0.50000000
1.34651036 -0.25399855 -0.35714286
1.34651036 -0.25399855 -0.21428571
1.34651036 -0.25399855 -0.07142857
1.34651036 -0.25399855 0.07142857
1.34651036 -0.25399855 0.21428571
1.34651036 -0.25399855 0.35714286
1.34651036 -0.25399855 0.50000000
1.34651036 -0.25399855 0.64285714
1.34651036 -0.25399855 0.78571429
1.34651036 -0.25399855 0.92857143
1.34651036 -0.18256997 1.00000000
1.34651036 -0.03971283 -1.00000000
1.34651036 -0.03971283 1.00000000
1.34651036 0.03171574 -0.92857143
1.27508179 0.10314431 -0.92857143
1.27508179 0.10314431 -0.78571429
1.34651036 0.03171574 -0.78571429
1.27508179 0.10314431 -0.64285714
1.34651036 0.03171574 -0.64285714
1.27508179 0.10314431 -0.50000000
1.34651036 0.03171574 -0.50000000
1.27508179 0.10314431 -0.35714286
1.34651036 0.03171574 -0.35714286
1.27508179 0.10314431 -0.21428571
1.34651036 0.03171574 -0.21428571
1.27508179 0.10314431 -0.07142857
1.34651036 0.03171574 -0.07142857
1.27508179 0.10314431 0.07142857
1.34651036 0.03171574 0.07142857
1.27508179 0.10314431 0.21428571
1.34651036 0.03171574 0.21428571
1.27508179 0.10314431 0.35714286
1.34651036 0.03171574 0.35714286
1.27508179 0.10314431 0.50000000
1.34651036 0.03171574 0.50000000
1.27508179 0.10314431 0.64285714
1.34651036 0.03171574 0.64285714
1.27508179 0.10314431 0.78571429
1.34651036 0.03171574 0.78571429
1.27508179 0.10314431 0.92857143
1.34651036 0.03171574 0.92857143
1.27508179 0.24600145 -0.21428571
1.27508179 0.24600145 -0.07142857
1.27508179 0.24600145 0.07142857
1.41793893 -0.18256997 -0.92857143
1.41793893 -0.18256997 -0.78571429
1.41793893 -0.18256997 -0.64285714
1.41793893 -0.18256997 -0.50000000
1.41793893 -0.18256997 -0.35714286
1.41793893 -0.18256997 -0.21428571
1.41793893 -0.18256997 -0.07142857
1.41793893 -0.18256997 0.07142857
1.41793893 -0.18256997 0.21428571
1.41793893 -0.18256997 0.35714286
1.41793893 -0.18256997 0.50000000
1.41793893 -0.18256997 0.64285714
1.41793893 -0.18256997 0.78571429
1.41793893 -0.18256997 0.92857143
1.41793893 -0.03971283 -0.92857143
1.41793893 -0.03971283 -0.78571429
1.41793893 -0.03971283 -0.64285714
1.41793893 -0.03971283 -0.50000000
1.41793893 -0.03971283 -0.35714286
1.41793893 -0.03971283 -0.21428571
1.41793893 -0.03971283 -0.07142857
1.41793893 -0.03971283 0.07142857
1.41793893 -0.03971283 0.21428571
1.41793893 -0.03971283 0.35714286
1.41793893 -0.03971283 0.50000000
1.41793893 -0.03971283 0.64285714
1.41793893 -0.03971283 0.78571429
1.41793893 -0.03971283 0.92857143
3 2 1 0
3 4 3 0
3 0 3 2
3 6 5 4
3 4 5 3
3 8 7 6
3 6 7 5
3 10 9 8
3 8 9 7
3 10 11 9
3 0 1 12
3 12 1 13
3 0 14 4
3 0 12 14
3 4 15 6
3 4 14 15
3 6 16 8
3 6 15 16
3 8 17 10
3 8 16 17
3 11 10 18
3 10 19 18
3 10 17 19
3 19 20 18
3 13 21 12
3 12 21 14
3 14 21 22
3 14 22 15
3 15 22 23
3 15 23 16
3 16 23 24
3 16 24 17
3 17 24 25
3 17 25 19
3 19 25 26
3 19 26 20
3 29 28 27
3 31 30 27
3 27 30 29
3 33 32 31
3 31 32 30
3 35 34 33
3 33 34 32
3 37 36 35
3 35 36 34
3 37 38 36
3 41 40 39
3 43 42 39
3 39 42 41
3 45 44 43
3 43 44 42
3 44 45 28
3 45 27 28
3 45 46 27
3 27 47 31
3 27 46 47
3 31 48 33
3 31 47 48
3 33 49 35
3 33 48 49
3 35 50 37
3 35 49 50
3 38 37 51
3 37 52 51
3 37 50 52
3 54 53 52
3 52 53 51
3 56 55 54
3 54 55 53
3 58 57 56
3 56 57 55
3 60 59 58
3 58 59 57
3 62 61 60
3 60 61 59
3 62 63 61
3 39 40 64
3 64 40 65
3 39 66 43
3 39 64 66
3 43 67 45
3 43 66 67
3 45 68 46
3 45 67 68
3 68 1 2
3 47 68 2
3 46 68 47
3 47 2 3
3 47 3 48
3 48 3 5
3 48 5 49
3 49 5 7
3 49 7 50
3 50 7 9
3 50 9 52
3 52 9 11
3 69 52 11
3 54 52 69
3 54 70 56
3 54 69 70
3 56 71 58
3 56 70 71
3 58 72 60
3 58 71 72
3 60 73 62
3 60 72 73
3 63 62 74
3 74 62 73
3 64 65 75
3 75 65 76
3 64 77 66
3 64 75 77
3 66 78 67
3 66 77 78
3 67 79 68
3 67 78 79
3 79 13 1
3 79 1 68
3 18 69 11
3 69 18 20
3 80 69 20
3 70 69 80
3 70 81 71
3 70 80 81
3 71 82 72
3 71 81 82
3 72 83 73
3 72 82 83
3 74 73 84
3 84 73 83
3 75 76 85
3 85 76 86
3 75 87 77
3 75 85 87
3 77 88 78
3 77 87 88
3 78 89 79
3 78 88 89
3 90 21 13
3 79 90 13
3 89 90 79
3 91 22 21
3 91 21 90
3 92 23 22
3 92 22 91
3 93 24 23
3 93 23 92
3 94 25 24
3 94 24 93
3 95 26 25
3 95 25 94
3 80 20 26
3 95 80 26
3 96 80 95
3 80 97 81
3 80 96 97
3 81 98 82
3 81 97 98
3 82 99 83
3 82 98 99
3 84 83 100
3 100 83 99
3 86 101 85
3 85 101 87
3 87 101 102
3 87 102 88
3 88 102 103
3 88 103 89
3 89 103 104
3 89 104 90
3 90 104 105
3 107 106 105
3 106 90 105
3 106 91 90
3 91 108 92
3 91 106 108
3 92 109 93
3 92 108 109
3 111 94 110
3 94 109 110
3 94 93 109
3 94 111 95
3 95 111 112
3 95 112 96
3 96 112 113
3 96 113 97
3 97 113 114
3 97 114 98
3 98 114 115
3 98 115 99
3 99 115 116
3 99 116 100
3 107 117 106
3 106 117 108
3 108 117 118
3 108 118 109
3 109 118 119
3 109 119 110
3 122 121 120
3 124 123 120
3 120 123 122
3 124 125 123
3 128 127 126
3 130 129 126
3 126 129 128
3 132 131 130
3 130 131 129
3 134 133 132
3 132 133 131
3 136 135 134
3 134 135 133
3 138 137 136
3 136 137 135
3 137 138 121
3 138 120 121
3 138 139 120
3 120 140 124
3 120 139 140
3 125 124 141
3 124 142 141
3 124 140 142
3 144 143 142
3 142 143 141
3 146 145 144
3 144 145 143
3 148 147 146
3 146 147 145
3 150 149 148
3 148 149 147
3 152 151 150
3 150 151 149
3 152 153 151
3 126 127 154
3 154 127 155
3 126 156 130
3 126 154 156
3 130 157 132
3 130 156 157
3 157 28 29
3 134 157 29
3 132 157 134
3 134 29 30
3 134 30 136
3 136 30 32
3 136 32 138
3 138 32 34
3 138 34 139
3 139 34 36
3 139 36 140
3 140 36 38
3 158 140 38
3 142 140 158
3 142 159 144
3 142 158 159
3 144 160 146
3 144 159 160
3 146 161 148
3 146 160 161
3 148 162 150
3 148 161 162
3 150 163 152
3 150 162 163
3 153 152 164
3 164 152 163
3 154 155 41
3 155 40 41
3 155 165 40
3 154 41 42
3 154 42 156
3 156 42 44
3 156 44 157
3 157 44 28
3 51 158 38
3 158 51 53
3 158 53 159
3 159 53 55
3 159 55 160
3 160 55 57
3 160 57 161
3 161 57 59
3 161 59 162
3 162 59 61
3 162 61 163
3 61 63 163
3 63 164 163
3 63 166 164
3 165 65 40
3 167 65 165
3 74 166 63
3 74 168 166
3 167 76 65
3 169 76 167
3 84 168 74
3 84 170 168
3 169 86 76
3 171 86 169
3 100 170 84
3 100 172 170
3 171 173 86
3 86 173 101
3 173 175 174
3 102 173 174
3 101 173 102
3 176 103 102
3 176 102 174
3 177 104 103
3 177 103 176
3 178 105 104
3 178 104 177
3 178 107 105
3 110 179 111
3 180 112 111
3 180 111 179
3 181 113 112
3 181 112 180
3 182 114 113
3 182 113 181
3 114 182 183
3 184 114 183
3 115 114 184
3 115 185 116
3 184 185 115
3 100 116 172
3 172 116 185
3 175 186 174
3 174 186 176
3 176 186 187
3 176 187 177
3 177 187 188
3 177 188 178
3 178 188 189
3 189 191 190
3 189 190 117
3 178 189 117
3 107 178 117
3 192 118 117
3 192 117 190
3 193 119 118
3 193 118 192
3 179 110 119
3 193 179 119
3 194 179 193
3 196 180 195
3 180 194 195
3 180 179 194
3 180 196 181
3 181 196 197
3 181 197 182
3 182 197 198
3 182 198 183
3 191 199 190
3 190 199 192
3 192 199 200
3 192 200 193
3 193 200 201
3 193 201 194
3 194 201 202
3 194 202 195
3 205 204 203
3 207 206 203
3 203 206 205
3 209 208 207
3 207 208 206
3 211 210 209
3 209 210 208
3 213 212 211
3 211 212 210
3 215 214 213
3 213 214 212
3 217 216 215
3 215 216 214
3 219 218 217
3 217 218 216
3 221 220 219
3 219 220 218
3 221 222 220
3 225 224 223
3 225 223 204
3 223 203 204
3 223 226 203
3 203 227 207
3 203 226 227
3 207 228 209
3 207 227 228
3 209 229 211
3 209 228 229
3 229 121 122
3 213 229 122
3 211 229 213
3 213 122 123
3 213 123 215
3 215 123 125
3 230 215 125
3 217 215 230
3 217 231 219
3 217 230 231
3 219 232 221
3 219 231 232
3 222 221 233
3 221 234 233
3 221 232 234
3 236 235 234
3 234 235 233
3 238 237 236
3 236 237 235
3 238 239 237
3 241 240 128
3 128 240 127
3 129 223 224
3 241 129 224
3 128 129 241
3 223 129 131
3 223 131 226
3 226 131 133
3 226 133 227
3 227 133 135
3 227 135 228
3 228 135 137
3 228 137 229
3 229 137 121
3 141 230 125
3 230 141 143
3 230 143 231
3 231 143 145
3 231 145 232
3 232 145 147
3 232 147 234
3 234 147 149
3 234 149 236
3 236 149 151
3 236 151 238
3 151 153 238
3 153 239 238
3 153 242 239
3 240 155 127
3 243 155 240
3 164 242 153
3 164 244 242
3 243 165 155
3 245 165 243
3 166 244 164
3 166 246 244
3 245 167 165
3 247 167 245
3 168 246 166
3 168 248 246
3 247 169 167
3 249 169 247
3 170 248 168
3 170 250 248
3 249 171 169
3 251 171 249
3 172 250 170
3 172 252 250
3 173 171 253
3 171 254 253
3 171 251 254
3 253 175 173
3 183 255 184
3 256 185 184
3 256 184 255
3 256 257 185
3 257 172 185
3 257 252 172
3 254 258 253
3 258 260 259
3 258 259 186
3 253 258 186
3 175 253 186
3 261 187 186
3 261 186 259
3 262 188 187
3 262 187 261
3 263 189 188
3 263 188 262
3 263 191 189
3 195 264 196
3 265 197 196
3 265 196 264
3 266 198 197
3 266 197 265
3 255 183 198
3 266 255 198
3 267 255 266
3 269 256 268
3 256 267 268
3 256 255 267
3 256 269 257
3 260 270 259
3 259 270 261
3 261 270 271
3 261 271 262
3 262 271 272
3 262 272 263
3 263 272 273
3 263 273 191
3 273 199 191
3 273 274 199
3 199 275 200
3 274 275 199
3 275 277 276
3 201 275 276
3 200 275 201
3 201 276 278
3 279 201 278
3 202 201 279
3 195 202 264
3 202 280 264
3 202 279 280
3 264 280 265
3 265 280 281
3 265 281 266
3 266 281 282
3 266 282 267
3 267 282 283
3 267 283 268
3 277 284 276
3 276 284 278
3 287 286 285
3 289 288 285
3 285 288 287
3 291 290 289
3 289 290 288
3 293 292 291
3 291 292 290
3 295 294 293
3 293 294 292
3 297 296 295
3 295 296 294
3 299 298 297
3 297 298 296
3 301 300 299
3 299 300 298
3 303 302 301
3 301 302 300
3 303 304 302
3 307 306 305
3 309 308 305
3 305 308 307
3 308 309 286
3 286 309 285
3 309 204 285
3 204 205 285
3 285 205 206
3 285 206 289
3 289 206 208
3 289 208 291
3 291 208 210
3 291 210 293
3 293 210 212
3 293 212 295
3 295 212 214
3 295 214 297
3 297 214 216
3 297 216 299
3 299 216 218
3 299 218 301
3 301 218 220
3 301 220 303
3 311 310 222
3 222 310 220
3 310 304 220
3 304 303 220
3 313 312 311
3 311 312 310
3 315 314 313
3 313 314 312
3 315 316 314
3 305 306 317
3 317 306 318
3 317 224 225
3 309 317 225
3 305 317 309
3 309 225 204
3 233 311 222
3 311 233 235
3 311 235 313
3 313 235 237
3 313 237 315
3 237 239 315
3 239 316 315
3 239 319 316
3 317 318 241
3 318 240 241
3 318 320 240
3 317 241 224
3 242 319 239
3 242 321 319
3 320 243 240
3 322 243 320
3 244 321 242
3 244 323 321
3 322 245 243
3 324 245 322
3 246 323 244
3 246 325 323
3 324 247 245
3 326 247 324
3 248 325 246
3 248 327 325
3 326 249 247
3 328 249 326
3 250 327 248
3 250 329 327
3 328 251 249
3 330 251 328
3 252 329 250
3 252 331 329
3 330 254 251
3 332 254 330
3 257 331 252
3 257 333 331
3 258 254 334
3 254 335 334
3 254 332 335
3 334 260 258
3 268 336 269
3 336 337 269
3 337 257 269
3 337 333 257
3 335 338 334
3 338 340 339
3 338 339 270
3 334 338 270
3 260 334 270
3 341 271 270
3 341 270 339
3 342 272 271
3 342 271 341
3 343 273 272
3 343 272 342
3 344 274 273
3 344 273 343
3 345 275 274
3 345 274 344
3 345 277 275
3 278 346 279
3 347 280 279
3 347 279 346
3 348 281 280
3 348 280 347
3 349 282 281
3 349 281 348
3 282 349 350
3 351 282 350
3 283 282 351
3 268 283 336
3 283 352 336
3 283 351 352
3 336 352 337
3 340 353 339
3 339 353 341
3 341 353 354
3 341 354 342
3 342 354 355
3 342 355 343
3 343 355 356
3 343 356 344
3 344 356 357
3 344 357 345
3 345 357 358
3 345 358 277
3 358 284 277
3 358 359 284
3 278 284 346
3 284 360 346
3 284 359 360
3 346 360 347
3 347 360 361
3 347 361 348
3 348 361 362
3 348 362 349
3 349 362 363
3 349 363 350
3 366 365 364
3 368 367 364
3 364 367 366
3 370 369 368
3 368 369 367
3 372 371 370
3 370 371 369
3 374 373 372
3 372 373 371
3 374 375 373
3 378 377 376
3 380 379 376
3 376 379 378
3 379 380 365
3 380 364 365
3 380 381 364
3 364 382 368
3 364 381 382
3 368 383 370
3 368 382 383
3 370 384 372
3 370 383 384
3 372 385 374
3 372 384 385
3 375 374 386
3 374 387 386
3 374 385 387
3 389 388 387
3 387 388 386
3 391 390 389
3 389 390 388
3 393 392 391
3 391 392 390
3 393 394 392
3 376 377 287
3 377 286 287
3 377 395 286
3 376 287 288
3 376 288 380
3 380 288 290
3 380 290 381
3 381 290 292
3 381 292 382
3 382 292 294
3 382 294 383
3 383 294 296
3 383 296 384
3 384 296 298
3 384 298 385
3 385 298 300
3 385 300 387
3 387 300 302
3 387 302 389
3 389 302 304
3 396 389 304
3 391 389 396
3 391 397 393
3 391 396 397
3 394 393 398
3 393 399 398
3 393 397 399
3 399 400 398
3 402 401 307
3 307 401 306
3 403 307 308
3 403 402 307
3 308 286 395
3 308 395 403
3 310 396 304
3 396 310 312
3 396 312 397
3 397 312 314
3 397 314 399
3 314 316 399
3 316 400 399
3 316 404 400
3 401 318 306
3 405 318 401
3 319 404 316
3 319 406 404
3 405 320 318
3 407 320 405
3 321 406 319
3 321 408 406
3 407 322 320
3 409 322 407
3 323 408 321
3 323 410 408
3 409 324 322
3 411 324 409
3 325 410 323
3 325 412 410
3 411 326 324
3 413 326 411
3 327 412 325
3 327 414 412
3 413 328 326
3 415 328 413
3 329 414 327
3 329 416 414
3 415 330 328
3 417 330 415
3 331 416 329
3 331 418 416
3 417 332 330
3 419 332 417
3 333 418 331
3 333 420 418
3 419 335 332
3 421 335 419
3 337 420 333
3 337 422 420
3 338 335 423
3 335 424 423
3 335 421 424
3 423 340 338
3 350 425 351
3 351 425 426
3 427 351 426
3 352 351 427
3 337 352 422
3 422 352 427
3 423 424 428
3 428 424 429
3 430 353 340
3 423 430 340
3 428 430 423
3 431 354 353
3 431 353 430
3 432 355 354
3 432 354 431
3 433 356 355
3 433 355 432
3 434 357 356
3 434 356 433
3 435 358 357
3 435 357 434
3 436 359 358
3 436 358 435
3 437 360 359
3 437 359 436
3 438 361 360
3 438 360 437
3 439 362 361
3 439 361 438
3 440 363 362
3 440 362 439
3 440 441 363
3 363 441 350
3 441 442 350
3 442 425 350
3 425 442 426
3 429 443 428
3 428 443 430
3 430 443 444
3 430 444 431
3 431 444 445
3 431 445 432
3 432 445 446
3 432 446 433
3 433 446 447
3 433 447 434
3 434 447 448
3 434 448 435
3 435 448 449
3 435 449 436
3 436 449 450
3 436 450 437
3 437 450 451
3 437 451 438
3 438 451 452
3 438 452 439
3 439 452 453
3 439 453 440
3 440 453 454
3 440 454 441
3 457 456 455
3 459 458 455
3 455 458 457
3 461 460 459
3 459 460 458
3 461 462 460
3 465 464 463
3 467 466 463
3 463 466 465
3 365 366 467
3 366 466 467
3 366 468 466
3 367 455 456
3 468 367 456
3 366 367 468
3 455 367 369
3 455 369 459
3 459 369 371
3 459 371 461
3 469 462 461
3 371 469 461
3 373 469 371
3 471 470 375
3 470 373 375
3 470 469 373
3 473 472 471
3 471 472 470
3 475 474 473
3 473 474 472
3 477 476 475
3 475 476 474
3 477 478 476
3 481 480 479
3 481 479 464
3 464 479 463
3 479 377 463
3 377 378 463
3 463 378 379
3 463 379 467
3 467 379 365
3 386 471 375
3 471 386 388
3 471 388 473
3 473 388 390
3 473 390 475
3 475 390 392
3 475 392 477
3 483 482 394
3 394 482 392
3 482 478 392
3 478 477 392
3 483 484 482
3 487 486 485
3 487 485 480
3 485 479 480
3 485 488 479
3 488 395 377
3 488 377 479
3 398 483 394
3 398 400 483
3 400 484 483
3 400 489 484
3 485 486 402
3 486 401 402
3 486 490 401
3 485 402 403
3 485 403 488
3 488 403 395
3 404 489 400
3 404 491 489
3 490 405 401
3 492 405 490
3 406 491 404
3 406 493 491
3 492 407 405
3 494 407 492
3 408 493 406
3 408 495 493
3 494 409 407
3 496 409 494
3 410 495 408
3 410 497 495
3 496 411 409
3 498 411 496
3 412 497 410
3 412 499 497
3 498 413 411
3 500 413 498
3 414 499 412
3 414 501 499
3 500 415 413
3 502 415 500
3 416 501 414
3 416 503 501
3 502 417 415
3 504 417 502
3 418 503 416
3 418 505 503
3 504 419 417
3 506 419 504
3 420 505 418
3 420 507 505
3 506 421 419
3 508 421 506
3 422 507 420
3 422 509 507
3 508 424 421
3 510 424 508
3 426 511 427
3 511 512 427
3 512 422 427
3 512 509 422
3 510 429 424
3 513 429 510
3 515 514 442
3 515 442 441
3 426 442 511
3 442 516 511
3 442 514 516
3 511 516 512
3 513 517 429
3 429 517 443
3 443 518 444
3 517 518 443
3 444 519 445
3 518 519 444
3 445 520 446
3 519 520 445
3 446 521 447
3 520 521 446
3 521 523 522
3 448 521 522
3 447 521 448
3 524 449 448
3 524 448 522
3 525 450 449
3 525 449 524
3 526 451 450
3 526 450 525
3 527 452 451
3 527 451 526
3 528 453 452
3 528 452 527
3 453 528 529
3 530 453 529
3 454 453 530
3 441 454 515
3 515 454 530
3 523 531 522
3 522 531 524
3 524 531 532
3 524 532 525
3 525 532 533
3 525 533 526
3 526 533 534
3 526 534 527
3 527 534 535
3 527 535 528
3 528 535 536
3 528 536 529
3 539 538 537
3 537 540 539
3 543 542 541
3 545 544 541
3 541 544 543
3 547 546 545
3 545 546 544
3 549 548 547
3 547 548 546
3 551 550 549
3 549 550 548
3 456 457 551
3 457 550 551
3 457 552 550
3 458 537 538
3 552 458 538
3 457 458 552
3 553 540 537
3 458 553 537
3 460 553 458
3 555 554 462
3 554 460 462
3 554 553 460
3 557 556 555
3 555 556 554
3 559 558 557
3 557 558 556
3 561 560 559
3 559 560 558
3 563 562 561
3 561 562 560
3 565 564 563
3 563 564 562
3 565 566 564
3 541 542 567
3 567 542 568
3 541 569 545
3 541 567 569
3 569 464 465
3 547 569 465
3 545 569 547
3 547 465 466
3 547 466 549
3 549 466 468
3 549 468 551
3 551 468 456
3 469 555 462
3 555 469 470
3 555 470 557
3 557 470 472
3 557 472 559
3 559 472 474
3 559 474 561
3 561 474 476
3 561 476 563
3 563 476 478
3 570 563 478
3 565 563 570
3 566 565 571
3 571 565 570
3 567 568 572
3 572 568 573
3 572 480 481
3 569 572 481
3 567 572 569
3 569 481 464
3 482 570 478
3 482 484 570
3 484 571 570
3 484 574 571
3 572 573 487
3 573 486 487
3 573 575 486
3 572 487 480
3 489 574 484
3 489 576 574
3 575 490 486
3 577 490 575
3 491 576 489
3 491 578 576
3 577 492 490
3 579 492 577
3 493 578 491
3 493 580 578
3 579 494 492
3 581 494 579
3 495 580 493
3 495 582 580
3 581 496 494
3 583 496 581
3 497 582 495
3 497 584 582
3 583 498 496
3 585 498 583
3 499 584 497
3 499 586 584
3 585 500 498
3 587 500 585
3 501 586 499
3 501 588 586
3 587 502 500
3 589 502 587
3 503 588 501
3 503 590 588
3 589 504 502
3 591 504 589
3 505 590 503
3 505 592 590
3 591 506 504
3 593 506 591
3 507 592 505
3 507 594 592
3 593 508 506
3 595 508 593
3 509 594 507
3 509 596 594
3 595 510 508
3 597 510 595
3 512 596 509
3 512 598 596
3 597 513 510
3 599 513 597
3 515 600 514
3 514 600 601
3 602 514 601
3 516 514 602
3 512 516 598
3 598 516 602
3 517 513 603
3 513 604 603
3 513 599 604
3 605 518 517
3 605 517 603
3 606 519 518
3 606 518 605
3 607 520 519
3 607 519 606
3 608 521 520
3 608 520 607
3 608 523 521
3 529 609 530
3 609 610 530
3 530 610 515
3 610 611 515
3 611 600 515
3 600 611 601
3 604 612 603
3 603 612 605
3 605 612 613
3 605 613 606
3 606 613 614
3 606 614 607
3 607 614 615
3 607 615 608
3 608 615 616
3 608 616 523
3 616 531 523
3 616 617 531
3 531 618 532
3 617 618 531
3 532 619 533
3 618 619 532
3 533 620 534
3 619 620 533
3 534 621 535
3 620 621 534
3 535 622 536
3 621 622 535
3 529 536 609
3 536 623 609
3 536 622 623
3 609 623 610
3 626 625 624
3 628 627 624
3 624 627 626
3 630 629 628
3 628 629 627
3 632 631 630
3 630 631 629
3 634 633 632
3 632 633 631
3 636 635 634
3 634 635 633
3 538 539 636
3 539 635 636
3 539 637 635
3 639 638 540
3 638 539 540
3 638 637 539
3 641 640 639
3 639 640 638
3 643 642 641
3 641 642 640
3 645 644 643
3 643 644 642
3 645 646 644
3 624 625 543
3 625 542 543
3 625 647 542
3 624 543 544
3 624 544 628
3 628 544 546
3 628 546 630
3 630 546 548
3 630 548 632
3 632 548 550
3 632 550 634
3 634 550 552
3 634 552 636
3 636 552 538
3 553 639 540
3 639 553 554
3 639 554 641
3 641 554 556
3 641 556 643
3 643 556 558
3 643 558 645
3 648 646 645
3 558 648 645
3 560 648 558
3 649 560 562
3 649 648 560
3 650 562 564
3 650 649 562
3 564 566 650
3 650 566 651
3 647 568 542
3 652 568 647
3 571 651 566
3 571 653 651
3 652 573 568
3 654 573 652
3 574 653 571
3 574 655 653
3 654 575 573
3 656 575 654
3 576 655 574
3 576 657 655
3 656 577 575
3 658 577 656
3 578 657 576
3 578 659 657
3 658 579 577
3 660 579 658
3 580 659 578
3 580 661 659
3 660 581 579
3 662 581 660
3 582 661 580
3 582 663 661
3 662 583 581
3 664 583 662
3 584 663 582
3 584 665 663
3 664 585 583
3 666 585 664
3 586 665 584
3 586 667 665
3 666 587 585
3 668 587 666
3 588 667 586
3 588 669 667
3 668 589 587
3 670 589 668
3 590 669 588
3 590 671 669
3 670 591 589
3 672 591 670
3 592 671 590
3 592 673 671
3 672 593 591
3 674 593 672
3 594 673 592
3 594 675 673
3 674 595 593
3 676 595 674
3 596 675 594
3 596 677 675
3 676 597 595
3 678 597 676
3 598 677 596
3 598 679 677
3 678 599 597
3 680 599 678
3 682 681 602
3 682 602 601
3 598 602 679
3 679 602 681
3 680 604 599
3 683 604 680
3 685 684 611
3 685 611 610
3 601 611 682
3 682 611 684
3 683 686 604
3 604 686 612
3 612 687 613
3 686 687 612
3 613 688 614
3 687 688 613
3 688 690 689
3 615 688 689
3 614 688 615
3 691 616 615
3 691 615 689
3 692 617 616
3 692 616 691
3 693 618 617
3 693 617 692
3 694 619 618
3 694 618 693
3 695 620 619
3 695 619 694
3 620 695 696
3 697 620 696
3 621 620 697
3 621 698 622
3 697 698 621
3 622 699 623
3 698 699 622
3 610 623 685
3 685 623 699
3 690 700 689
3 689 700 691
3 691 700 701
3 691 701 692
3 692 701 702
3 692 702 693
3 693 702 703
3 693 703 694
3 694 703 704
3 694 704 695
3 695 704 705
3 695 705 696
3 707 706 626
3 626 706 625
3 708 626 627
3 708 707 626
3 709 627 629
3 709 708 627
3 710 629 631
3 710 709 629
3 711 631 633
3 711 710 631
3 712 633 635
3 712 711 633
3 713 635 637
3 713 712 635
3 714 637 638
3 714 713 637
3 715 638 640
3 715 714 638
3 716 640 642
3 716 715 640
3 717 642 644
3 717 716 642
3 644 646 717
3 717 646 718
3 706 647 625
3 719 647 706
3 720 718 646
3 720 646 648
3 721 648 649
3 721 720 648
3 722 649 650
3 722 721 649
3 650 651 722
3 722 651 723
3 719 652 647
3 724 652 719
3 653 723 651
3 653 725 723
3 724 654 652
3 726 654 724
3 655 725 653
3 655 727 725
3 726 656 654
3 728 656 726
3 657 727 655
3 657 729 727
3 728 658 656
3 730 658 728
3 659 729 657
3 659 731 729
3 730 660 658
3 732 660 730
3 661 731 659
3 661 733 731
3 732 662 660
3 734 662 732
3 663 733 661
3 663 735 733
3 734 664 662
3 736 664 734
3 665 735 663
3 665 737 735
3 736 666 664
3 738 666 736
3 667 737 665
3 667 739 737
3 738 668 666
3 740 668 738
3 669 739 667
3 669 741 739
3 740 670 668
3 742 670 740
3 671 741 669
3 671 743 741
3 742 672 670
3 744 672 742
3 673 743 671
3 673 745 743
3 744 674 672
3 746 674 744
3 675 745 673
3 675 747 745
3 746 676 674
3 748 676 746
3 677 747 675
3 677 749 747
3 748 678 676
3 750 678 748
3 679 749 677
3 679 751 749
3 750 680 678
3 752 680 750
3 754 753 681
3 754 681 682
3 679 681 751
3 751 681 753
3 752 683 680
3 755 683 752
3 757 756 684
3 757 684 685
3 682 684 754
3 754 684 756
3 686 683 758
3 683 759 758
3 683 755 759
3 760 687 686
3 760 686 758
3 761 688 687
3 761 687 760
3 761 690 688
3 696 762 697
3 763 698 697
3 763 697 762
3 698 763 764
3 765 698 764
3 699 698 765
3 685 699 757
3 757 699 765
3 759 766 758
3 758 766 760
3 760 766 767
3 760 767 761
3 761 767 768
3 761 768 690
3 768 700 690
3 768 769 700
3 700 770 701
3 769 770 700
3 701 771 702
3 770 771 701
3 702 772 703
3 771 772 702
3 703 773 704
3 772 773 703
3 704 774 705
3 773 774 704
3 696 705 762
3 705 775 762
3 705 774 775
3 762 775 763
3 763 775 776
3 763 776 764
3 777 706 707
3 708 778 707
3 707 778 777
3 709 779 708
3 708 779 778
3 710 780 709
3 709 780 779
3 711 781 710
3 710 781 780
3 712 782 711
3 711 782 781
3 713 783 712
3 712 783 782
3 714 784 713
3 713 784 783
3 715 785 714
3 714 785 784
3 716 786 715
3 715 786 785
3 717 787 716
3 716 787 786
3 718 787 717
3 789 788 777
3 788 706 777
3 788 719 706
3 789 777 778
3 789 778 790
3 790 778 779
3 790 779 791
3 791 779 780
3 791 780 792
3 792 780 781
3 792 781 793
3 793 781 782
3 793 782 794
3 794 782 783
3 794 783 795
3 795 783 784
3 795 784 796
3 796 784 785
3 796 785 797
3 797 785 786
3 797 786 798
3 798 786 787
3 798 787 799
3 799 787 718
3 720 799 718
3 800 799 720
3 801 720 721
3 801 800 720
3 803 801 802
3 801 722 802
3 801 721 722
3 723 802 722
3 788 724 719
3 804 724 788
3 805 803 802
3 802 723 805
3 723 806 805
3 723 725 806
3 804 726 724
3 807 726 804
3 727 806 725
3 727 808 806
3 807 728 726
3 809 728 807
3 729 808 727
3 729 810 808
3 809 730 728
3 811 730 809
3 731 810 729
3 731 812 810
3 811 732 730
3 813 732 811
3 733 812 731
3 733 814 812
3 813 734 732
3 815 734 813
3 735 814 733
3 735 816 814
3 815 736 734
3 817 736 815
3 737 816 735
3 737 818 816
3 817 738 736
3 819 738 817
3 739 818 737
3 739 820 818
3 819 740 738
3 821 740 819
3 741 820 739
3 741 822 820
3 821 742 740
3 823 742 821
3 743 822 741
3 743 824 822
3 823 744 742
3 825 744 823
3 745 824 743
3 745 826 824
3 825 746 744
3 827 746 825
3 747 826 745
3 747 828 826
3 827 748 746
3 829 748 827
3 749 828 747
3 749 830 828
3 829 750 748
3 831 750 829
3 751 830 749
3 751 832 830
3 831 752 750
3 833 752 831
3 835 834 753
3 835 753 754
3 751 753 832
3 832 753 834
3 833 755 752
3 836 755 833
3 838 837 756
3 838 756 757
3 754 756 835
3 835 756 837
3 836 759 755
3 839 759 836
3 841 840 765
3 841 765 764
3 757 765 838
3 838 765 840
3 839 842 759
3 759 842 766
3 766 843 767
3 842 843 766
3 767 844 768
3 843 844 767
3 768 845 769
3 844 845 768
3 769 846 770
3 845 846 769
3 846 848 847
3 771 846 847
3 770 846 771
3 849 772 771
3 849 771 847
3 850 773 772
3 850 772 849
3 773 850 851
3 852 773 851
3 774 773 852
3 774 853 775
3 852 853 774
3 775 854 776
3 853 854 775
3 764 776 841
3 841 776 854
3 848 855 847
3 847 855 849
3 849 855 856
3 849 856 850
3 850 856 857
3 850 857 851
3 858 788 789
3 790 859 789
3 789 859 858
3 791 860 790
3 790 860 859
3 792 861 791
3 791 861 860
3 793 862 792
3 792 862 861
3 862 793 863
3 793 864 863
3 793 794 864
3 865 794 795
3 865 864 794
3 866 795 796
3 866 865 795
3 867 796 797
3 867 866 796
3 869 867 868
3 867 798 868
3 867 797 798
3 799 870 798
3 798 870 868
3 800 871 799
3 799 871 870
3 801 872 800
3 800 872 871
3 803 872 801
3 874 873 858
3 873 788 858
3 873 804 788
3 874 858 859
3 874 859 875
3 875 859 860
3 875 860 876
3 876 860 861
3 876 861 877
3 877 861 862
3 877 862 878
3 878 862 863
3 879 869 868
3 879 868 870
3 879 870 880
3 880 870 871
3 880 871 881
3 883 882 881
3 871 883 881
3 872 883 871
3 805 884 803
3 884 872 803
3 884 883 872
3 806 884 805
3 873 807 804
3 885 807 873
3 886 882 883
3 886 883 884
3 886 884 887
3 884 806 887
3 806 888 887
3 806 808 888
3 885 809 807
3 889 809 885
3 810 888 808
3 810 890 888
3 889 811 809
3 891 811 889
3 812 890 810
3 812 892 890
3 891 813 811
3 893 813 891
3 814 892 812
3 814 894 892
3 893 815 813
3 895 815 893
3 816 894 814
3 816 896 894
3 895 817 815
3 897 817 895
3 818 896 816
3 818 898 896
3 897 819 817
3 899 819 897
3 820 898 818
3 820 900 898
3 899 821 819
3 901 821 899
3 822 900 820
3 822 902 900
3 901 823 821
3 903 823 901
3 824 902 822
3 824 904 902
3 903 825 823
3 905 825 903
3 826 904 824
3 826 906 904
3 905 827 825
3 907 827 905
3 828 906 826
3 828 908 906
3 907 829 827
3 909 829 907
3 830 908 828
3 830 910 908
3 909 831 829
3 911 831 909
3 832 910 830
3 832 912 910
3 911 833 831
3 913 833 911
3 915 914 834
3 915 834 835
3 832 834 912
3 912 834 914
3 913 836 833
3 916 836 913
3 918 917 837
3 918 837 838
3 835 837 915
3 915 837 917
3 916 839 836
3 919 839 916
3 921 920 840
3 921 840 841
3 838 840 918
3 918 840 920
3 919 922 839
3 839 922 842
3 842 923 843
3 922 923 842
3 843 924 844
3 923 924 843
3 844 925 845
3 924 925 844
3 845 926 846
3 925 926 845
3 848 846 926
3 848 926 927
3 929 928 852
3 929 852 851
3 852 930 853
3 928 930 852
3 853 931 854
3 930 931 853
3 841 854 921
3 921 854 931
3 927 932 848
3 848 932 855
3 855 933 856
3 932 933 855
3 856 934 857
3 933 934 856
3 851 857 929
3 929 857 934
3 935 863 864
3 865 936 864
3 864 936 935
3 866 937 865
3 865 937 936
3 867 938 866
3 866 938 937
3 869 938 867
3 940 939 874
3 874 939 873
3 941 874 875
3 941 940 874
3 942 875 876
3 942 941 875
3 943 876 877
3 943 942 876
3 944 877 878
3 944 943 877
3 878 863 935
3 945 878 935
3 944 878 945
3 945 935 936
3 945 936 946
3 946 936 937
3 946 937 947
3 947 937 938
3 947 938 948
3 948 938 869
3 879 948 869
3 949 948 879
3 950 879 880
3 950 949 879
3 951 880 881
3 951 950 880
3 881 882 951
3 951 882 952
3 939 885 873
3 953 885 939
3 954 952 882
3 954 882 886
3 956 954 955
3 954 887 955
3 954 886 887
3 888 955 887
3 953 889 885
3 957 889 953
3 958 956 955
3 955 888 958
3 888 959 958
3 888 890 959
3 957 891 889
3 960 891 957
3 892 959 890
3 892 961 959
3 960 893 891
3 962 893 960
3 894 961 892
3 894 963 961
3 962 895 893
3 964 895 962
3 896 963 894
3 896 965 963
3 964 897 895
3 966 897 964
3 898 965 896
3 898 967 965
3 966 899 897
3 968 899 966
3 900 967 898
3 900 969 967
3 968 901 899
3 970 901 968
3 902 969 900
3 902 971 969
3 970 903 901
3 972 903 970
3 904 971 902
3 904 973 971
3 972 905 903
3 974 905 972
3 906 973 904
3 906 975 973
3 974 907 905
3 976 907 974
3 908 975 906
3 908 977 975
3 976 909 907
3 978 909 976
3 910 977 908
3 910 979 977
3 978 911 909
3 980 911 978
3 983 982 981
3 982 979 981
3 979 912 981
3 979 910 912
3 980 913 911
3 984 913 980
3 983 981 914
3 915 983 914
3 985 983 915
3 914 981 912
3 984 916 913
3 986 916 984
3 988 987 917
3 988 917 918
3 915 917 985
3 985 917 987
3 990 919 989
3 919 986 989
3 919 916 986
3 991 990 989
3 994 993 992
3 920 921 992
3 993 920 992
3 995 920 993
3 918 920 988
3 988 920 995
3 990 922 919
3 991 996 990
3 996 922 990
3 996 923 922
3 923 997 924
3 996 997 923
3 924 998 925
3 997 998 924
3 925 999 926
3 998 999 925
3 1001 1000 927
3 926 1001 927
3 999 1001 926
3 1003 1002 1000
3 1003 1000 1001
3 1005 1004 1002
3 1005 1002 1003
3 928 929 1004
3 1005 928 1004
3 1006 928 1005
3 928 1007 930
3 1006 1007 928
3 992 931 994
3 931 1007 994
3 931 930 1007
3 931 992 921
3 1000 932 927
3 932 1000 933
3 933 1000 1002
3 933 1002 934
3 934 1002 1004
3 934 1004 929
3 1008 939 940
3 941 1009 940
3 940 1009 1008
3 942 1010 941
3 941 1010 1009
3 1010 942 1011
3 942 1012 1011
3 942 943 1012
3 1013 943 944
3 1013 1012 943
3 1014 944 945
3 1014 1013 944
3 1015 945 946
3 1015 1014 945
3 1016 946 947
3 1016 1015 946
3 1017 947 948
3 1017 1016 947
3 1019 1017 1018
3 1017 949 1018
3 1017 948 949
3 950 1020 949
3 949 1020 1018
3 951 1021 950
3 950 1021 1020
3 952 1021 951
3 1023 1022 1008
3 1022 939 1008
3 1022 953 939
3 1023 1008 1009
3 1023 1009 1024
3 1024 1009 1010
3 1024 1010 1025
3 1025 1010 1011
3 1026 1019 1018
3 1026 1018 1020
3 1026 1020 1027
3 1027 1020 1021
3 1027 1021 1028
3 1030 1028 1029
3 1029 1028 954
3 1028 1021 954
3 1021 952 954
3 956 1029 954
3 1022 957 953
3 1031 957 1022
3 1032 1030 1029
3 1032 1029 956
3 958 1032 956
3 1033 1032 958
3 958 959 1033
3 1033 959 1034
3 1031 960 957
3 1035 960 1031
3 961 1034 959
3 961 1036 1034
3 1035 962 960
3 1037 962 1035
3 963 1036 961
3 963 1038 1036
3 1037 964 962
3 1039 964 1037
3 965 1038 963
3 965 1040 1038
3 1039 966 964
3 1041 966 1039
3 967 1040 965
3 967 1042 1040
3 1041 968 966
3 1043 968 1041
3 969 1042 967
3 969 1044 1042
3 1043 970 968
3 1045 970 1043
3 971 1044 969
3 971 1046 1044
3 1045 972 970
3 1047 972 1045
3 973 1046 971
3 973 1048 1046
3 1047 974 972
3 1049 974 1047
3 975 1048 973
3 975 1050 1048
3 1049 976 974
3 1051 976 1049
3 977 1050 975
3 977 1052 1050
3 1051 978 976
3 1053 978 1051
3 979 1052 977
3 979 1054 1052
3 1053 980 978
3 1055 980 1053
3 1057 1056 982
3 1057 982 983
3 979 982 1054
3 1054 982 1056
3 1059 984 1058
3 984 1055 1058
3 984 980 1055
3 1060 1059 1058
3 985 1057 983
3 985 1061 1057
3 1062 986 1059
3 1059 986 984
3 1059 1060 1063
3 1064 1059 1063
3 1062 1059 1064
3 1065 1064 1063
3 1067 1066 987
3 1067 987 988
3 985 987 1061
3 1061 987 1066
3 1062 989 986
3 989 1062 991
3 1062 1068 991
3 1062 1064 1068
3 1064 1065 1069
3 1070 1064 1069
3 1068 1064 1070
3 1072 1071 1070
3 1072 1070 1069
3 1074 1073 1071
3 1074 1071 1072
3 1076 1075 1073
3 1076 1073 1074
3 1078 1077 1075
3 1078 1075 1076
3 1080 1079 1077
3 1080 1077 1078
3 1082 1081 1079
3 1082 1079 1080
3 1084 1083 1081
3 1084 1081 1082
3 993 994 1083
3 1084 993 1083
3 1085 993 1084
3 993 1086 995
3 1085 1086 993
3 988 995 1067
3 1067 995 1086
3 1068 996 991
3 996 1068 997
3 997 1068 1070
3 997 1070 998
3 998 1070 1071
3 998 1071 999
3 999 1071 1073
3 999 1073 1001
3 1001 1073 1075
3 1001 1075 1003
3 1003 1075 1077
3 1003 1077 1005
3 1005 1077 1079
3 1005 1079 1006
3 1006 1079 1081
3 1006 1081 1007
3 1007 1081 1083
3 1007 1083 994
3 1087 1011 1012
3 1013 1088 1012
3 1012 1088 1087
3 1014 1089 1013
3 1013 1089 1088
3 1015 1090 1014
3 1014 1090 1089
3 1016 1091 1015
3 1015 1091 1090
3 1017 1092 1016
3 1016 1092 1091
3 1019 1092 1017
3 1093 1022 1023
3 1093 1023 1094
3 1023 1095 1094
3 1023 1024 1095
3 1096 1024 1025
3 1096 1095 1024
3 1025 1011 1087
3 1097 1025 1087
3 1096 1025 1097
3 1097 1087 1088
3 1097 1088 1098
3 1098 1088 1089
3 1098 1089 1099
3 1099 1089 1090
3 1099 1090 1100
3 1100 1090 1091
3 1100 1091 1101
3 1101 1091 1092
3 1101 1092 1102
3 1102 1092 1019
3 1026 1102 1019
3 1103 1102 1026
3 1104 1026 1027
3 1104 1103 1026
3 1105 1027 1028
3 1105 1104 1027
3 1028 1030 1105
3 1105 1030 1106
3 1108 1107 1093
3 1107 1022 1093
3 1107 1031 1022
3 1108 1093 1094
3 1109 1106 1030
3 1109 1030 1032
3 1111 1109 1110
3 1109 1033 1110
3 1109 1032 1033
3 1034 1110 1033
3 1107 1035 1031
3 1112 1035 1107
3 1113 1111 1110
3 1110 1034 1113
3 1034 1114 1113
3 1034 1036 1114
3 1112 1037 1035
3 1115 1037 1112
3 1038 1114 1036
3 1038 1116 1114
3 1115 1039 1037
3 1117 1039 1115
3 1040 1116 1038
3 1040 1118 1116
3 1117 1041 1039
3 1119 1041 1117
3 1042 1118 1040
3 1042 1120 1118
3 1119 1043 1041
3 1121 1043 1119
3 1044 1120 1042
3 1044 1122 1120
3 1121 1045 1043
3 1123 1045 1121
3 1046 1122 1044
3 1046 1124 1122
3 1123 1047 1045
3 1125 1047 1123
3 1048 1124 1046
3 1048 1126 1124
3 1125 1049 1047
3 1127 1049 1125
3 1050 1126 1048
3 1050 1128 1126
3 1127 1051 1049
3 1129 1051 1127
3 1052 1128 1050
3 1052 1130 1128
3 1129 1053 1051
3 1131 1053 1129
3 1054 1130 1052
3 1054 1132 1130
3 1134 1055 1133
3 1055 1131 1133
3 1055 1053 1131
3 1136 1135 1134
3 1136 1134 1133
3 1137 1135 1136
3 1139 1138 1056
3 1139 1056 1057
3 1054 1056 1132
3 1132 1056 1138
3 1134 1058 1055
3 1058 1134 1060
3 1134 1140 1060
3 1134 1135 1140
3 1135 1137 1141
3 1142 1135 1141
3 1140 1135 1142
3 1143 1142 1141
3 1146 1145 1144
3 1145 1139 1144
3 1139 1061 1144
3 1139 1057 1061
3 1140 1063 1060
3 1063 1140 1065
3 1140 1147 1065
3 1140 1142 1147
3 1142 1143 1148
3 1149 1142 1148
3 1147 1142 1149
3 1151 1150 1149
3 1151 1149 1148
3 1152 1150 1151
3 1155 1154 1153
3 1157 1156 1153
3 1157 1153 1154
3 1159 1158 1156
3 1159 1156 1157
3 1158 1159 1146
3 1158 1146 1144
3 1067 1158 1144
3 1066 1067 1144
3 1066 1144 1061
3 1147 1069 1065
3 1069 1147 1072
3 1072 1147 1149
3 1072 1149 1074
3 1074 1149 1150
3 1152 1160 1150
3 1160 1074 1150
3 1160 1076 1074
3 1076 1161 1078
3 1160 1161 1076
3 1078 1162 1080
3 1161 1162 1078
3 1080 1163 1082
3 1162 1163 1080
3 1153 1084 1155
3 1084 1163 1155
3 1084 1082 1163
3 1084 1153 1085
3 1085 1153 1156
3 1085 1156 1086
3 1086 1156 1158
3 1086 1158 1067
3 1164 1094 1095
3 1096 1165 1095
3 1095 1165 1164
3 1097 1166 1096
3 1096 1166 1165
3 1098 1167 1097
3 1097 1167 1166
3 1099 1168 1098
3 1098 1168 1167
3 1100 1169 1099
3 1099 1169 1168
3 1101 1170 1100
3 1100 1170 1169
3 1102 1171 1101
3 1101 1171 1170
3 1103 1172 1102
3 1102 1172 1171
3 1104 1173 1103
3 1103 1173 1172
3 1105 1174 1104
3 1104 1174 1173
3 1106 1174 1105
3 1175 1107 1108
3 1094 1164 1108
3 1164 1175 1108
3 1164 1176 1175
3 1165 1178 1177
3 1176 1165 1177
3 1164 1165 1176
3 1178 1165 1166
3 1178 1166 1179
3 1179 1166 1167
3 1179 1167 1180
3 1180 1167 1168
3 1180 1168 1181
3 1181 1168 1169
3 1181 1169 1182
3 1182 1169 1170
3 1182 1170 1183
3 1183 1170 1171
3 1183 1171 1184
3 1184 1171 1172
3 1184 1172 1185
3 1185 1172 1173
3 1185 1173 1186
3 1186 1173 1174
3 1186 1174 1187
3 1189 1187 1188
3 1188 1187 1109
3 1187 1174 1109
3 1174 1106 1109
3 1111 1188 1109
3 1191 1190 1175
3 1190 1107 1175
3 1190 1112 1107
3 1191 1175 1176
3 1191 1176 1192
3 1192 1176 1177
3 1193 1189 1188
3 1193 1188 1111
3 1113 1193 1111
3 1194 1193 1113
3 1113 1114 1194
3 1194 1114 1195
3 1190 1115 1112
3 1196 1115 1190
3 1116 1195 1114
3 1116 1197 1195
3 1196 1117 1115
3 1198 1117 1196
3 1118 1197 1116
3 1118 1199 1197
3 1198 1119 1117
3 1200 1119 1198
3 1120 1199 1118
3 1120 1201 1199
3 1200 1121 1119
3 1202 1121 1200
3 1122 1201 1120
3 1122 1203 1201
3 1202 1123 1121
3 1204 1123 1202
3 1124 1203 1122
3 1124 1205 1203
3 1204 1125 1123
3 1206 1125 1204
3 1126 1205 1124
3 1126 1207 1205
3 1206 1127 1125
3 1208 1127 1206
3 1128 1207 1126
3 1128 1209 1207
3 1208 1129 1127
3 1210 1129 1208
3 1130 1209 1128
3 1130 1211 1209
3 1210 1131 1129
3 1212 1131 1210
3 1132 1211 1130
3 1132 1213 1211
3 1212 1214 1131
3 1131 1214 1133
3 1133 1215 1136
3 1214 1215 1133
3 1137 1136 1215
3 1137 1215 1216
3 1219 1218 1217
3 1138 1139 1217
3 1218 1138 1217
3 1220 1138 1218
3 1132 1138 1213
3 1213 1138 1220
3 1216 1221 1137
3 1137 1221 1141
3 1223 1222 1143
3 1141 1223 1143
3 1221 1223 1141
3 1225 1224 1222
3 1225 1222 1223
3 1227 1226 1224
3 1227 1224 1225
3 1229 1228 1226
3 1229 1226 1227
3 1231 1230 1228
3 1231 1228 1229
3 1233 1232 1230
3 1233 1230 1231
3 1235 1234 1232
3 1235 1232 1233
3 1237 1236 1234
3 1237 1234 1235
3 1239 1238 1236
3 1239 1236 1237
3 1238 1239 1219
3 1238 1219 1217
3 1146 1238 1217
3 1145 1146 1217
3 1145 1217 1139
3 1222 1148 1143
3 1148 1222 1151
3 1151 1222 1224
3 1151 1224 1152
3 1224 1240 1152
3 1224 1226 1240
3 1241 1226 1228
3 1240 1226 1241
3 1242 1228 1230
3 1241 1228 1242
3 1243 1230 1232
3 1242 1230 1243
3 1155 1243 1154
3 1243 1234 1154
3 1243 1232 1234
3 1154 1234 1157
3 1157 1234 1236
3 1157 1236 1159
3 1159 1236 1238
3 1159 1238 1146
3 1240 1160 1152
3 1160 1240 1161
3 1161 1240 1241
3 1161 1241 1162
3 1162 1241 1242
3 1162 1242 1163
3 1163 1242 1243
3 1163 1243 1155
3 1244 1177 1178
3 1179 1245 1178
3 1178 1245 1244
3 1180 1246 1179
3 1179 1246 1245
3 1246 1180 1247
3 1180 1248 1247
3 1180 1181 1248
3 1249 1181 1182
3 1249 1248 1181
3 1250 1182 1183
3 1250 1249 1182
3 1252 1250 1251
3 1250 1184 1251
3 1250 1183 1184
3 1185 1253 1184
3 1184 1253 1251
3 1186 1254 1185
3 1185 1254 1253
3 1187 1255 1186
3 1186 1255 1254
3 1189 1255 1187
3 1257 1256 1191
3 1191 1256 1190
3 1258 1191 1192
3 1258 1257 1191
3 1192 1177 1244
3 1259 1192 1244
3 1258 1192 1259
3 1259 1244 1245
3 1259 1245 1260
3 1260 1245 1246
3 1260 1246 1261
3 1261 1246 1247
3 1262 1252 1251
3 1262 1251 1253
3 1262 1253 1263
3 1263 1253 1254
3 1263 1254 1264
3 1264 1254 1255
3 1264 1255 1265
3 1267 1265 1266
3 1266 1265 1193
3 1265 1255 1193
3 1255 1189 1193
3 1194 1268 1193
3 1193 1268 1266
3 1195 1268 1194
3 1256 1196 1190
3 1269 1196 1256
3 1270 1267 1266
3 1272 1271 1270
3 1266 1272 1270
3 1268 1272 1266
3 1197 1272 1195
3 1195 1272 1268
3 1269 1198 1196
3 1273 1198 1269
3 1274 1271 1272
3 1272 1197 1274
3 1197 1275 1274
3 1197 1199 1275
3 1273 1200 1198
3 1276 1200 1273
3 1201 1275 1199
3 1201 1277 1275
3 1276 1202 1200
3 1278 1202 1276
3 1203 1277 1201
3 1203 1279 1277
3 1278 1204 1202
3 1280 1204 1278
3 1205 1279 1203
3 1205 1281 1279
3 1280 1206 1204
3 1282 1206 1280
3 1207 1281 1205
3 1207 1283 1281
3 1282 1208 1206
3 1284 1208 1282
3 1209 1283 1207
3 1209 1285 1283
3 1287 1210 1286
3 1210 1284 1286
3 1210 1208 1284
3 1289 1288 1287
3 1289 1287 1286
3 1290 1288 1289
3 1211 1285 1209
3 1211 1291 1285
3 1292 1212 1287
3 1287 1212 1210
3 1293 1287 1288
3 1292 1287 1293
3 1288 1290 1294
3 1288 1294 1293
3 1297 1296 1295
3 1296 1291 1295
3 1291 1213 1295
3 1291 1211 1213
3 1292 1214 1212
3 1214 1292 1215
3 1215 1292 1293
3 1299 1298 1216
3 1299 1216 1215
3 1294 1299 1215
3 1293 1294 1215
3 1301 1300 1298
3 1301 1298 1299
3 1303 1302 1300
3 1303 1300 1301
3 1305 1304 1302
3 1305 1302 1303
3 1307 1306 1304
3 1307 1304 1305
3 1309 1308 1306
3 1309 1306 1307
3 1311 1310 1308
3 1311 1308 1309
3 1313 1312 1310
3 1313 1310 1311
3 1315 1314 1312
3 1315 1312 1313
3 1317 1316 1314
3 1317 1314 1315
3 1218 1219 1316
3 1317 1218 1316
3 1318 1218 1317
3 1295 1220 1297
3 1220 1318 1297
3 1220 1218 1318
3 1220 1295 1213
3 1298 1221 1216
3 1221 1298 1223
3 1223 1298 1300
3 1223 1300 1225
3 1225 1300 1302
3 1225 1302 1227
3 1227 1302 1304
3 1227 1304 1229
3 1229 1304 1306
3 1229 1306 1231
3 1231 1306 1308
3 1231 1308 1233
3 1233 1308 1310
3 1233 1310 1235
3 1235 1310 1312
3 1235 1312 1237
3 1237 1312 1314
3 1237 1314 1239
3 1239 1314 1316
3 1239 1316 1219
3 1319 1247 1248
3 1249 1320 1248
3 1248 1320 1319
3 1250 1321 1249
3 1249 1321 1320
3 1252 1321 1250
3 1322 1256 1257
3 1258 1323 1257
3 1257 1323 1322
3 1259 1324 1258
3 1258 1324 1323
3 1324 1259 1325
3 1259 1326 1325
3 1259 1260 1326
3 1327 1260 1261
3 1327 1326 1260
3 1261 1247 1319
3 1328 1261 1319
3 1327 1261 1328
3 1328 1319 1320
3 1328 1320 1329
3 1329 1320 1321
3 1329 1321 1330
3 1330 1321 1252
3 1262 1330 1252
3 1331 1330 1262
3 1333 1331 1332
3 1331 1263 1332
3 1331 1262 1263
3 1264 1334 1263
3 1263 1334 1332
3 1265 1335 1264
3 1264 1335 1334
3 1267 1335 1265
3 1337 1336 1322
3 1336 1256 1322
3 1336 1269 1256
3 1337 1322 1323
3 1337 1323 1338
3 1338 1323 1324
3 1338 1324 1339
3 1339 1324 1325
3 1340 1333 1332
3 1340 1332 1334
3 1340 1334 1341
3 1341 1334 1335
3 1341 1335 1342
3 1344 1342 1343
3 1343 1342 1270
3 1342 1335 1270
3 1335 1267 1270
3 1271 1343 1270
3 1336 1273 1269
3 1345 1273 1336
3 1346 1344 1343
3 1346 1343 1271
3 1274 1346 1271
3 1347 1346 1274
3 1274 1275 1347
3 1347 1275 1348
3 1345 1276 1273
3 1349 1276 1345
3 1277 1348 1275
3 1277 1350 1348
3 1349 1278 1276
3 1351 1278 1349
3 1279 1350 1277
3 1279 1352 1350
3 1351 1280 1278
3 1353 1280 1351
3 1281 1352 1279
3 1281 1354 1352
3 1353 1282 1280
3 1355 1282 1353
3 1283 1354 1281
3 1283 1356 1354
3 1358 1284 1357
3 1284 1355 1357
3 1284 1282 1355
3 1359 1358 1357
3 1285 1356 1283
3 1285 1360 1356
3 1358 1286 1284
3 1359 1361 1358
3 1361 1286 1358
3 1361 1289 1286
3 1363 1362 1290
3 1289 1363 1290
3 1361 1363 1289
3 1365 1364 1362
3 1365 1362 1363
3 1367 1366 1364
3 1367 1364 1365
3 1368 1366 1367
3 1371 1370 1369
3 1373 1372 1369
3 1373 1369 1370
3 1375 1374 1372
3 1375 1372 1373
3 1377 1376 1374
3 1377 1374 1375
3 1377 1360 1376
3 1360 1291 1376
3 1360 1285 1291
3 1378 1294 1362
3 1362 1294 1290
3 1379 1362 1364
3 1378 1362 1379
3 1380 1364 1366
3 1379 1364 1380
3 1366 1368 1381
3 1382 1366 1381
3 1380 1366 1382
3 1384 1383 1382
3 1384 1382 1381
3 1386 1385 1383
3 1386 1383 1384
3 1388 1387 1385
3 1388 1385 1386
3 1390 1389 1387
3 1390 1387 1388
3 1389 1390 1371
3 1369 1389 1371
3 1391 1389 1369
3 1392 1369 1372
3 1391 1369 1392
3 1393 1372 1374
3 1392 1372 1393
3 1297 1393 1296
3 1393 1376 1296
3 1393 1374 1376
3 1296 1376 1291
3 1378 1299 1294
3 1299 1378 1301
3 1301 1378 1379
3 1301 1379 1303
3 1303 1379 1380
3 1303 1380 1305
3 1305 1380 1382
3 1305 1382 1307
3 1307 1382 1383
3 1307 1383 1309
3 1309 1383 1385
3 1309 1385 1311
3 1311 1385 1387
3 1311 1387 1313
3 1313 1387 1389
3 1313 1389 1315
3 1315 1389 1391
3 1315 1391 1317
3 1317 1391 1392
3 1317 1392 1318
3 1318 1392 1393
3 1318 1393 1297
3 1394 1325 1326
3 1327 1395 1326
3 1326 1395 1394
3 1328 1396 1327
3 1327 1396 1395
3 1329 1397 1328
3 1328 1397 1396
3 1330 1398 1329
3 1329 1398 1397
3 1331 1399 1330
3 1330 1399 1398
3 1333 1399 1331
3 1400 1336 1337
3 1338 1401 1337
3 1337 1401 1400
3 1339 1402 1338
3 1338 1402 1401
3 1325 1394 1339
3 1394 1402 1339
3 1394 1403 1402
3 1395 1405 1404
3 1403 1395 1404
3 1394 1395 1403
3 1405 1395 1396
3 1405 1396 1406
3 1406 1396 1397
3 1406 1397 1407
3 1409 1408 1407
3 1397 1409 1407
3 1398 1409 1397
3 1410 1398 1399
3 1409 1398 1410
3 1340 1411 1333
3 1411 1399 1333
3 1411 1410 1399
3 1341 1412 1340
3 1340 1412 1411
3 1342 1413 1341
3 1341 1413 1412
3 1344 1413 1342
3 1415 1414 1400
3 1414 1336 1400
3 1414 1345 1336
3 1415 1400 1401
3 1415 1401 1416
3 1416 1401 1402
3 1416 1402 1417
3 1417 1402 1403
3 1417 1403 1418
3 1418 1403 1404
3 1419 1408 1409
3 1419 1409 1410
3 1419 1410 1420
3 1420 1410 1411
3 1420 1411 1421
3 1421 1411 1412
3 1421 1412 1422
3 1422 1412 1413
3 1422 1413 1423
3 1423 1413 1344
3 1346 1423 1344
3 1424 1423 1346
3 1425 1346 1347
3 1425 1424 1346
3 1347 1348 1425
3 1425 1348 1426
3 1414 1349 1345
3 1427 1349 1414
3 1350 1426 1348
3 1350 1428 1426
3 1427 1351 1349
3 1429 1351 1427
3 1352 1428 1350
3 1352 1430 1428
3 1429 1353 1351
3 1431 1353 1429
3 1354 1430 1352
3 1354 1432 1430
3 1434 1355 1433
3 1355 1431 1433
3 1355 1353 1431
3 1436 1435 1434
3 1436 1434 1433
3 1438 1437 1435
3 1438 1435 1436
3 1440 1439 1437
3 1440 1437 1438
3 1442 1441 1439
3 1442 1439 1440
3 1443 1441 1442
3 1446 1445 1444
3 1448 1447 1444
3 1448 1444 1445
3 1450 1449 1447
3 1450 1447 1448
3 1452 1451 1449
3 1452 1449 1450
3 1454 1453 1451
3 1454 1451 1452
3 1456 1455 1453
3 1456 1453 1454
3 1456 1432 1455
3 1432 1356 1455
3 1432 1354 1356
3 1434 1357 1355
3 1357 1434 1359
3 1434 1457 1359
3 1434 1435 1457
3 1458 1435 1437
3 1457 1435 1458
3 1459 1437 1439
3 1458 1437 1459
3 1460 1439 1441
3 1459 1439 1460
3 1441 1443 1461
3 1462 1441 1461
3 1460 1441 1462
3 1464 1463 1462
3 1464 1462 1461
3 1466 1465 1463
3 1466 1463 1464
3 1465 1466 1446
3 1444 1465 1446
3 1467 1465 1444
3 1468 1444 1447
3 1467 1444 1468
3 1469 1447 1449
3 1468 1447 1469
3 1470 1449 1451
3 1469 1449 1470
3 1471 1451 1453
3 1470 1451 1471
3 1472 1453 1455
3 1471 1453 1472
3 1360 1472 1356
3 1356 1472 1455
3 1457 1361 1359
3 1361 1457 1363
3 1363 1457 1458
3 1363 1458 1365
3 1365 1458 1459
3 1365 1459 1367
3 1367 1459 1460
3 1367 1460 1368
3 1460 1473 1368
3 1460 1462 1473
3 1474 1462 1463
3 1473 1462 1474
3 1475 1463 1465
3 1474 1463 1475
3 1476 1465 1467
3 1475 1465 1476
3 1477 1467 1468
3 1476 1467 1477
3 1371 1477 1370
3 1477 1469 1370
3 1477 1468 1469
3 1370 1469 1373
3 1373 1469 1470
3 1373 1470 1375
3 1375 1470 1471
3 1375 1471 1377
3 1377 1471 1472
3 1377 1472 1360
3 1473 1381 1368
3 1381 1473 1384
3 1384 1473 1474
3 1384 1474 1386
3 1386 1474 1475
3 1386 1475 1388
3 1388 1475 1476
3 1388 1476 1390
3 1390 1476 1477
3 1390 1477 1371
3 1478 1404 1405
3 1406 1479 1405
3 1405 1479 1478
3 1407 1480 1406
3 1406 1480 1479
3 1408 1480 1407
3 1481 1414 1415
3 1416 1482 1415
3 1415 1482 1481
3 1417 1483 1416
3 1416 1483 1482
3 1418 1484 1417
3 1417 1484 1483
3 1404 1478 1418
3 1478 1484 1418
3 1478 1485 1484
3 1486 1478 1479
3 1485 1478 1486
3 1487 1479 1480
3 1486 1479 1487
3 1419 1488 1408
3 1488 1480 1408
3 1488 1487 1480
3 1420 1489 1419
3 1419 1489 1488
3 1421 1490 1420
3 1420 1490 1489
3 1422 1491 1421
3 1421 1491 1490
3 1423 1492 1422
3 1422 1492 1491
3 1424 1493 1423
3 1423 1493 1492
3 1425 1494 1424
3 1424 1494 1493
3 1426 1494 1425
3 1496 1495 1481
3 1495 1414 1481
3 1495 1427 1414
3 1496 1481 1482
3 1496 1482 1497
3 1497 1482 1483
3 1497 1483 1498
3 1498 1483 1484
3 1498 1484 1499
3 1499 1484 1485
3 1499 1485 1500
3 1500 1485 1486
3 1500 1486 1501
3 1501 1486 1487
3 1501 1487 1502
3 1502 1487 1488
3 1502 1488 1503
3 1503 1488 1489
3 1503 1489 1504
3 1504 1489 1490
3 1504 1490 1505
3 1505 1490 1491
3 1505 1491 1506
3 1506 1491 1492
3 1506 1492 1507
3 1507 1492 1493
3 1507 1493 1508
3 1508 1493 1494
3 1508 1494 1509
3 1494 1426 1509
3 1426 1510 1509
3 1426 1428 1510
3 1495 1429 1427
3 1511 1429 1495
3 1430 1510 1428
3 1430 1512 1510
3 1514 1431 1513
3 1431 1511 1513
3 1431 1429 1511
3 1516 1515 1514
3 1516 1514 1513
3 1518 1517 1515
3 1518 1515 1516
3 1520 1519 1517
3 1520 1517 1518
3 1522 1521 1519
3 1522 1519 1520
3 1524 1523 1521
3 1524 1521 1522
3 1526 1525 1523
3 1526 1523 1524
3 1528 1527 1525
3 1528 1525 1526
3 1530 1529 1527
3 1530 1527 1528
3 1532 1531 1529
3 1532 1529 1530
3 1534 1533 1531
3 1534 1531 1532
3 1536 1535 1533
3 1536 1533 1534
3 1538 1537 1535
3 1538 1535 1536
3 1540 1539 1537
3 1540 1537 1538
3 1540 1512 1539
3 1512 1432 1539
3 1512 1430 1432
3 1514 1433 1431
3 1433 1514 1436
3 1436 1514 1515
3 1436 1515 1438
3 1438 1515 1517
3 1438 1517 1440
3 1440 1517 1519
3 1440 1519 1442
3 1442 1519 1521
3 1442 1521 1443
3 1521 1541 1443
3 1521 1523 1541
3 1542 1523 1525
3 1541 1523 1542
3 1543 1525 1527
3 1542 1525 1543
3 1446 1543 1445
3 1543 1529 1445
3 1543 1527 1529
3 1445 1529 1448
3 1448 1529 1531
3 1448 1531 1450
3 1450 1531 1533
3 1450 1533 1452
3 1452 1533 1535
3 1452 1535 1454
3 1454 1535 1537
3 1454 1537 1456
3 1456 1537 1539
3 1456 1539 1432
3 1541 1461 1443
3 1461 1541 1464
3 1464 1541 1542
3 1464 1542 1466
3 1466 1542 1543
3 1466 1543 1446
3 1544 1495 1496
3 1497 1545 1496
3 1496 1545 1544
3 1498 1546 1497
3 1497 1546 1545
3 1499 1547 1498
3 1498 1547 1546
3 1500 1548 1499
3 1499 1548 1547
3 1501 1549 1500
3 1500 1549 1548
3 1502 1550 1501
3 1501 1550 1549
3 1503 1551 1502
3 1502 1551 1550
3 1504 1552 1503
3 1503 1552 1551
3 1505 1553 1504
3 1504 1553 1552
3 1506 1554 1505
3 1505 1554 1553
3 1507 1555 1506
3 1506 1555 1554
3 1508 1556 1507
3 1507 1556 1555
3 1509 1557 1508
3 1508 1557 1556
3 1510 1557 1509
3 1558 1511 1544
3 1544 1511 1495
3 1559 1544 1545
3 1558 1544 1559
3 1560 1545 1546
3 1559 1545 1560
3 1561 1546 1547
3 1560 1546 1561
3 1562 1547 1548
3 1561 1547 1562
3 1563 1548 1549
3 1562 1548 1563
3 1564 1549 1550
3 1563 1549 1564
3 1565 1550 1551
3 1564 1550 1565
3 1566 1551 1552
3 1565 1551 1566
3 1567 1552 1553
3 1566 1552 1567
3 1568 1553 1554
3 1567 1553 1568
3 1569 1554 1555
3 1568 1554 1569
3 1570 1555 1556
3 1569 1555 1570
3 1571 1556 1557
3 1570 1556 1571
3 1512 1571 1510
3 1510 1571 1557
3 1558 1513 1511
3 1513 1558 1516
3 1516 1558 1559
3 1516 1559 1518
3 1518 1559 1560
3 1518 1560 1520
3 1520 1560 1561
3 1520 1561 1522
3 1522 1561 1562
3 1522 1562 1524
3 1524 1562 1563
3 1524 1563 1526
3 1526 1563 1564
3 1526 1564 1528
3 1528 1564 1565
3 1528 1565 1530
3 1530 1565 1566
3 1530 1566 1532
3 1532 1566 1567
3 1532 1567 1534
3 1534 1567 1568
3 1534 1568 1536
3 1536 1568 1569
3 1536 1569 1538
3 1538 1569 1570
3 1538 1570 1540
3 1540 1570 1571
3 1540 1571 1512
