# Asteroid shape model (convexinv -> dual reconstruction)
v -1.09119892 -0.89533831 -1.02813968
v -1.02265627 -0.89533831 -1.09668233
v -1.02265627 -0.96388095 -1.02813968
v -1.02265627 -0.96388095 -0.89105439
v -1.09119892 -0.89533831 -0.89105439
v -1.02265627 -0.96388095 -0.75396910
v -1.09119892 -0.89533831 -0.75396910
v -1.02265627 -0.96388095 -0.61688381
v -1.09119892 -0.89533831 -0.61688381
v -1.02265627 -0.96388095 -0.47979852
v -1.09119892 -0.89533831 -0.47979852
v -1.02265627 -0.96388095 -0.34271323
v -1.09119892 -0.89533831 -0.34271323
v -1.02265627 -0.96388095 -0.20562794
v -1.09119892 -0.89533831 -0.20562794
v -1.02265627 -0.96388095 -0.06854265
v -1.09119892 -0.89533831 -0.06854265
v -1.02265627 -0.96388095 0.06854265
v -1.09119892 -0.89533831 0.06854265
v -1.02265627 -0.96388095 0.20562794
v -1.09119892 -0.89533831 0.20562794
v -1.02265627 -0.96388095 0.34271323
v -1.09119892 -0.89533831 0.34271323
v -1.02265627 -0.96388095 0.47979852
v -1.09119892 -0.89533831 0.47979852
v -1.02265627 -0.96388095 0.61688381
v -1.09119892 -0.89533831 0.61688381
v -1.02265627 -0.96388095 0.75396910
v -1.09119892 -0.89533831 0.75396910
v -1.02265627 -0.96388095 0.89105439
v -1.09119892 -0.89533831 0.89105439
v -1.02265627 -0.96388095 1.02813968
v -1.09119892 -0.89533831 1.02813968
v -1.02265627 -0.89533831 1.09668233
v -1.09119892 -0.75825302 -1.02813968
v -1.02265627 -0.75825302 -1.09668233
v -1.09119892 -0.75825302 -0.89105439
v -1.09119892 -0.75825302 -0.75396910
v -1.09119892 -0.75825302 -0.61688381
v -1.09119892 -0.75825302 -0.47979852
v -1.09119892 -0.75825302 -0.34271323
v -1.09119892 -0.75825302 -0.20562794
v -1.09119892 -0.75825302 -0.06854265
v -1.09119892 -0.75825302 0.06854265
v -1.09119892 -0.75825302 0.20562794
v -1.09119892 -0.75825302 0.34271323
v -1.09119892 -0.75825302 0.47979852
v -1.09119892 -0.75825302 0.61688381
v -1.09119892 -0.75825302 0.75396910
v -1.09119892 -0.75825302 0.89105439
v -1.09119892 -0.75825302 1.02813968
v -1.02265627 -0.75825302 1.09668233
v -1.09119892 -0.62116772 -1.02813968
v -1.02265627 -0.62116772 -1.09668233
v -1.09119892 -0.62116772 -0.89105439
v -1.09119892 -0.62116772 -0.75396910
v -1.09119892 -0.62116772 -0.61688381
v -1.09119892 -0.62116772 -0.47979852
v -1.09119892 -0.62116772 -0.34271323
v -1.09119892 -0.62116772 -0.20562794
v -1.09119892 -0.62116772 -0.06854265
v -1.09119892 -0.62116772 0.06854265
v -1.09119892 -0.62116772 0.20562794
v -1.09119892 -0.62116772 0.34271323
v -1.09119892 -0.62116772 0.47979852
v -1.09119892 -0.62116772 0.61688381
v -1.09119892 -0.62116772 0.75396910
v -1.09119892 -0.62116772 0.89105439
v -1.09119892 -0.62116772 1.02813968
v -1.02265627 -0.62116772 1.09668233
v -1.09119892 -0.48408243 -1.02813968
v -1.02265627 -0.48408243 -1.09668233
v -1.09119892 -0.48408243 -0.89105439
v -1.09119892 -0.48408243 -0.75396910
v -1.09119892 -0.48408243 -0.61688381
v -1.09119892 -0.48408243 -0.47979852
v -1.09119892 -0.48408243 -0.34271323
v -1.09119892 -0.48408243 -0.20562794
v -1.09119892 -0.48408243 -0.06854265
v -1.09119892 -0.48408243 0.06854265
v -1.09119892 -0.48408243 0.20562794
v -1.09119892 -0.48408243 0.34271323
v -1.09119892 -0.48408243 0.47979852
v -1.09119892 -0.48408243 0.61688381
v -1.09119892 -0.48408243 0.75396910
v -1.09119892 -0.48408243 0.89105439
v -1.09119892 -0.48408243 1.02813968
v -1.02265627 -0.48408243 1.09668233
v -1.09119892 -0.34699714 -1.02813968
v -1.02265627 -0.34699714 -1.09668233
v -1.09119892 -0.34699714 -0.89105439
v -1.09119892 -0.34699714 -0.75396910
v -1.09119892 -0.34699714 -0.61688381
v -1.09119892 -0.34699714 -0.47979852
v -1.09119892 -0.34699714 -0.34271323
v -1.09119892 -0.34699714 -0.20562794
v -1.09119892 -0.34699714 -0.06854265
v -1.09119892 -0.34699714 0.06854265
v -1.09119892 -0.34699714 0.20562794
v -1.09119892 -0.34699714 0.34271323
v -1.09119892 -0.34699714 0.47979852
v -1.09119892 -0.34699714 0.61688381
v -1.09119892 -0.34699714 0.75396910
v -1.09119892 -0.34699714 0.89105439
v -1.09119892 -0.34699714 1.02813968
v -1.02265627 -0.34699714 1.09668233
v -1.09119892 -0.20991185 -1.02813968
v -1.02265627 -0.20991185 -1.09668233
v -1.09119892 -0.20991185 -0.89105439
v -1.09119892 -0.20991185 -0.75396910
v -1.09119892 -0.20991185 -0.61688381
v -1.09119892 -0.20991185 -0.47979852
v -1.09119892 -0.20991185 -0.34271323
v -1.09119892 -0.20991185 -0.20562794
v -1.09119892 -0.20991185 -0.06854265
v -1.09119892 -0.20991185 0.06854265
v -1.09119892 -0.20991185 0.20562794
v -1.09119892 -0.20991185 0.34271323
v -1.09119892 -0.20991185 0.47979852
v -1.09119892 -0.20991185 0.61688381
v -1.09119892 -0.20991185 0.75396910
v -1.09119892 -0.20991185 0.89105439
v -1.09119892 -0.20991185 1.02813968
v -1.02265627 -0.20991185 1.09668233
v -1.09119892 -0.07282656 -1.02813968
v -1.02265627 -0.07282656 -1.09668233
v -1.09119892 -0.07282656 -0.89105439
v -1.09119892 -0.07282656 -0.75396910
v -1.09119892 -0.07282656 -0.61688381
v -1.09119892 -0.07282656 -0.47979852
v -1.09119892 -0.07282656 -0.34271323
v -1.09119892 -0.07282656 -0.20562794
v -1.09119892 -0.07282656 -0.06854265
v -1.09119892 -0.07282656 0.06854265
v -1.09119892 -0.07282656 0.20562794
v -1.09119892 -0.07282656 0.34271323
v -1.09119892 -0.07282656 0.47979852
v -1.09119892 -0.07282656 0.61688381
v -1.09119892 -0.07282656 0.75396910
v -1.09119892 -0.07282656 0.89105439
v -1.09119892 -0.07282656 1.02813968
v -1.02265627 -0.07282656 1.09668233
v -1.09119892 0.06425873 -1.02813968
v -1.02265627 0.06425873 -1.09668233
v -1.09119892 0.06425873 -0.89105439
v -1.09119892 0.06425873 -0.75396910
v -1.09119892 0.06425873 -0.61688381
v -1.09119892 0.06425873 -0.47979852
v -1.09119892 0.06425873 -0.34271323
v -1.09119892 0.06425873 -0.20562794
v -1.09119892 0.06425873 -0.06854265
v -1.09119892 0.06425873 0.06854265
v -1.09119892 0.06425873 0.20562794
v -1.09119892 0.06425873 0.34271323
v -1.09119892 0.06425873 0.47979852
v -1.09119892 0.06425873 0.61688381
v -1.09119892 0.06425873 0.75396910
v -1.09119892 0.06425873 0.89105439
v -1.09119892 0.06425873 1.02813968
v -1.02265627 0.06425873 1.09668233
v -1.09119892 0.20134402 -1.02813968
v -1.02265627 0.20134402 -1.09668233
v -1.09119892 0.20134402 -0.89105439
v -1.09119892 0.20134402 -0.75396910
v -1.09119892 0.20134402 -0.61688381
v -1.09119892 0.20134402 -0.47979852
v -1.09119892 0.20134402 -0.34271323
v -1.09119892 0.20134402 -0.20562794
v -1.09119892 0.20134402 -0.06854265
v -1.09119892 0.20134402 0.06854265
v -1.09119892 0.20134402 0.20562794
v -1.09119892 0.20134402 0.34271323
v -1.09119892 0.20134402 0.47979852
v -1.09119892 0.20134402 0.61688381
v -1.09119892 0.20134402 0.75396910
v -1.09119892 0.20134402 0.89105439
v -1.09119892 0.20134402 1.02813968
v -1.02265627 0.20134402 1.09668233
v -1.09119892 0.33842931 -1.02813968
v -1.02265627 0.33842931 -1.09668233
v -1.09119892 0.33842931 -0.89105439
v -1.09119892 0.33842931 -0.75396910
v -1.09119892 0.33842931 -0.61688381
v -1.09119892 0.33842931 -0.47979852
v -1.09119892 0.33842931 -0.34271323
v -1.09119892 0.33842931 -0.20562794
v -1.09119892 0.33842931 -0.06854265
v -1.09119892 0.33842931 0.06854265
v -1.09119892 0.33842931 0.20562794
v -1.09119892 0.33842931 0.34271323
v -1.09119892 0.33842931 0.47979852
v -1.09119892 0.33842931 0.61688381
v -1.09119892 0.33842931 0.75396910
v -1.09119892 0.33842931 0.89105439
v -1.09119892 0.33842931 1.02813968
v -1.02265627 0.33842931 1.09668233
v -1.09119892 0.47551460 -1.02813968
v -1.02265627 0.47551460 -1.09668233
v -1.09119892 0.47551460 -0.89105439
v -1.09119892 0.47551460 -0.75396910
v -1.09119892 0.47551460 -0.61688381
v -1.09119892 0.47551460 -0.47979852
v -1.09119892 0.47551460 -0.34271323
v -1.09119892 0.47551460 -0.20562794
v -1.09119892 0.47551460 -0.06854265
v -1.09119892 0.47551460 0.06854265
v -1.09119892 0.47551460 0.20562794
v -1.09119892 0.47551460 0.34271323
v -1.09119892 0.47551460 0.47979852
v -1.09119892 0.47551460 0.61688381
v -1.09119892 0.47551460 0.75396910
v -1.09119892 0.47551460 0.89105439
v -1.09119892 0.47551460 1.02813968
v -1.02265627 0.47551460 1.09668233
v -1.09119892 0.61259989 -1.02813968
v -1.02265627 0.61259989 -1.09668233
v -1.09119892 0.61259989 -0.89105439
v -1.09119892 0.61259989 -0.75396910
v -1.09119892 0.61259989 -0.61688381
v -1.09119892 0.61259989 -0.47979852
v -1.09119892 0.61259989 -0.34271323
v -1.09119892 0.61259989 -0.20562794
v -1.09119892 0.61259989 -0.06854265
v -1.09119892 0.61259989 0.06854265
v -1.09119892 0.61259989 0.20562794
v -1.09119892 0.61259989 0.34271323
v -1.09119892 0.61259989 0.47979852
v -1.09119892 0.61259989 0.61688381
v -1.09119892 0.61259989 0.75396910
v -1.09119892 0.61259989 0.89105439
v -1.09119892 0.61259989 1.02813968
v -1.02265627 0.61259989 1.09668233
v -1.09119892 0.74968518 -1.02813968
v -1.02265627 0.74968518 -1.09668233
v -1.09119892 0.74968518 -0.89105439
v -1.09119892 0.74968518 -0.75396910
v -1.09119892 0.74968518 -0.61688381
v -1.09119892 0.74968518 -0.47979852
v -1.09119892 0.74968518 -0.34271323
v -1.09119892 0.74968518 -0.20562794
v -1.09119892 0.74968518 -0.06854265
v -1.09119892 0.74968518 0.06854265
v -1.09119892 0.74968518 0.20562794
v -1.09119892 0.74968518 0.34271323
v -1.09119892 0.74968518 0.47979852
v -1.09119892 0.74968518 0.61688381
v -1.09119892 0.74968518 0.75396910
v -1.09119892 0.74968518 0.89105439
v -1.09119892 0.74968518 1.02813968
v -1.02265627 0.74968518 1.09668233
v -1.09119892 0.88677048 -1.02813968
v -1.02265627 0.88677048 -1.09668233
v -1.09119892 0.88677048 -0.89105439
v -1.09119892 0.88677048 -0.75396910
v -1.09119892 0.88677048 -0.61688381
v -1.09119892 0.88677048 -0.47979852
v -1.09119892 0.88677048 -0.34271323
v -1.09119892 0.88677048 -0.20562794
v -1.09119892 0.88677048 -0.06854265
v -1.09119892 0.88677048 0.06854265
v -1.09119892 0.88677048 0.20562794
v -1.09119892 0.88677048 0.34271323
v -1.09119892 0.88677048 0.47979852
v -1.09119892 0.88677048 0.61688381
v -1.09119892 0.88677048 0.75396910
v -1.09119892 0.88677048 0.89105439
v -1.09119892 0.88677048 1.02813968
v -1.02265627 0.88677048 1.09668233
v -1.02265627 0.95531312 -1.02813968
v -1.02265627 0.95531312 -0.89105439
v -1.02265627 0.95531312 -0.75396910
v -1.02265627 0.95531312 -0.61688381
v -1.02265627 0.95531312 -0.47979852
v -1.02265627 0.95531312 -0.34271323
v -1.02265627 0.95531312 -0.20562794
v -1.02265627 0.95531312 -0.06854265
v -1.02265627 0.95531312 0.06854265
v -1.02265627 0.95531312 0.20562794
v -1.02265627 0.95531312 0.34271323
v -1.02265627 0.95531312 0.47979852
v -1.02265627 0.95531312 0.61688381
v -1.02265627 0.95531312 0.75396910
v -1.02265627 0.95531312 0.89105439
v -1.02265627 0.95531312 1.02813968
v -0.95411363 -1.03242360 -1.02813968
v -0.88557098 -1.03242360 -1.09668233
v -0.88557098 -1.10096624 -1.02813968
v -0.88557098 -1.10096624 -0.89105439
v -0.95411363 -1.03242360 -0.89105439
v -0.88557098 -1.10096624 -0.75396910
v -0.95411363 -1.03242360 -0.75396910
v -0.88557098 -1.10096624 -0.61688381
v -0.95411363 -1.03242360 -0.61688381
v -0.88557098 -1.10096624 -0.47979852
v -0.95411363 -1.03242360 -0.47979852
v -0.88557098 -1.10096624 -0.34271323
v -0.95411363 -1.03242360 -0.34271323
v -0.88557098 -1.10096624 -0.20562794
v -0.95411363 -1.03242360 -0.20562794
v -0.88557098 -1.10096624 -0.06854265
v -0.95411363 -1.03242360 -0.06854265
v -0.88557098 -1.10096624 0.06854265
v -0.95411363 -1.03242360 0.06854265
v -0.88557098 -1.10096624 0.20562794
v -0.95411363 -1.03242360 0.20562794
v -0.88557098 -1.10096624 0.34271323
v -0.95411363 -1.03242360 0.34271323
v -0.88557098 -1.10096624 0.47979852
v -0.95411363 -1.03242360 0.47979852
v -0.88557098 -1.10096624 0.61688381
v -0.95411363 -1.03242360 0.61688381
v -0.88557098 -1.10096624 0.75396910
v -0.95411363 -1.03242360 0.75396910
v -0.88557098 -1.10096624 0.89105439
v -0.95411363 -1.03242360 0.89105439
v -0.88557098 -1.10096624 1.02813968
v -0.95411363 -1.03242360 1.02813968
v -0.88557098 -1.03242360 1.09668233
v -0.88557098 -0.89533831 -1.09668233
v -0.88557098 -0.89533831 1.09668233
v -0.88557098 -0.75825302 -1.09668233
v -0.88557098 -0.75825302 1.09668233
v -0.88557098 -0.62116772 -1.09668233
v -0.88557098 -0.62116772 1.09668233
v -0.88557098 -0.48408243 -1.09668233
v -0.88557098 -0.48408243 1.09668233
v -0.88557098 -0.34699714 -1.09668233
v -0.88557098 -0.34699714 1.09668233
v -0.88557098 -0.20991185 -1.09668233
v -0.95411363 -0.20991185 -0.34271323
v -0.88557098 -0.27845450 -0.34271323
v -0.88557098 -0.20991185 -0.41125587
v -0.88557098 -0.20991185 -0.27417058
v -0.88557098 -0.20991185 1.09668233
v -0.88557098 -0.07282656 -1.09668233
v -0.88557098 -0.14136921 -0.34271323
v -0.88557098 -0.07282656 1.09668233
v -0.88557098 0.06425873 -1.09668233
v -0.88557098 0.06425873 1.09668233
v -0.88557098 0.20134402 -1.09668233
v -0.88557098 0.20134402 1.09668233
v -0.88557098 0.33842931 -1.09668233
v -0.88557098 0.33842931 1.09668233
v -0.88557098 0.47551460 -1.09668233
v -0.88557098 0.47551460 1.09668233
v -0.88557098 0.61259989 -1.09668233
v -0.88557098 0.61259989 1.09668233
v -0.88557098 0.74968518 -1.09668233
v -0.88557098 0.74968518 1.09668233
v -0.88557098 0.88677048 -1.09668233
v -0.88557098 0.88677048 1.09668233
v -0.95411363 1.02385577 -1.02813968
v -0.88557098 1.02385577 -1.09668233
v -0.95411363 1.02385577 -0.89105439
v -0.95411363 1.02385577 -0.75396910
v -0.95411363 1.02385577 -0.61688381
v -0.95411363 1.02385577 -0.47979852
v -0.95411363 1.02385577 -0.34271323
v -0.95411363 1.02385577 -0.20562794
v -0.95411363 1.02385577 -0.06854265
v -0.95411363 1.02385577 0.06854265
v -0.95411363 1.02385577 0.20562794
v -0.95411363 1.02385577 0.34271323
v -0.95411363 1.02385577 0.47979852
v -0.95411363 1.02385577 0.61688381
v -0.95411363 1.02385577 0.75396910
v -0.95411363 1.02385577 0.89105439
v -0.95411363 1.02385577 1.02813968
v -0.88557098 1.02385577 1.09668233
v -0.88557098 1.09239841 -1.02813968
v -0.88557098 1.09239841 -0.89105439
v -0.88557098 1.09239841 -0.75396910
v -0.88557098 1.09239841 -0.61688381
v -0.88557098 1.09239841 -0.47979852
v -0.88557098 1.09239841 -0.34271323
v -0.88557098 1.09239841 -0.20562794
v -0.88557098 1.09239841 -0.06854265
v -0.88557098 1.09239841 0.06854265
v -0.88557098 1.09239841 0.20562794
v -0.88557098 1.09239841 0.34271323
v -0.88557098 1.09239841 0.47979852
v -0.88557098 1.09239841 0.61688381
v -0.88557098 1.09239841 0.75396910
v -0.88557098 1.09239841 0.89105439
v -0.88557098 1.09239841 1.02813968
v -0.74848569 -1.03242360 -1.09668233
v -0.74848569 -1.10096624 -1.02813968
v -0.74848569 -1.10096624 -0.89105439
v -0.74848569 -1.10096624 -0.75396910
v -0.74848569 -1.10096624 -0.61688381
v -0.74848569 -1.10096624 -0.47979852
v -0.74848569 -1.10096624 -0.34271323
v -0.74848569 -1.10096624 -0.20562794
v -0.74848569 -1.10096624 -0.06854265
v -0.74848569 -1.10096624 0.06854265
v -0.74848569 -1.10096624 0.20562794
v -0.74848569 -1.10096624 0.34271323
v -0.74848569 -1.10096624 0.47979852
v -0.74848569 -1.10096624 0.61688381
v -0.74848569 -1.10096624 0.75396910
v -0.74848569 -1.10096624 0.89105439
v -0.74848569 -1.10096624 1.02813968
v -0.74848569 -1.03242360 1.09668233
v -0.74848569 -0.89533831 -1.09668233
v -0.74848569 -0.89533831 1.09668233
v -0.74848569 -0.75825302 -1.09668233
v -0.74848569 -0.75825302 1.09668233
v -0.74848569 -0.62116772 -1.09668233
v -0.74848569 -0.62116772 1.09668233
v -0.74848569 -0.48408243 -1.09668233
v -0.74848569 -0.48408243 1.09668233
v -0.74848569 -0.34699714 -1.09668233
v -0.74848569 -0.34699714 1.09668233
v -0.74848569 -0.20991185 -1.09668233
v -0.81702833 -0.20991185 -0.34271323
v -0.74848569 -0.20991185 1.09668233
v -0.74848569 -0.07282656 -1.09668233
v -0.74848569 -0.07282656 1.09668233
v -0.74848569 0.06425873 -1.09668233
v -0.74848569 0.06425873 1.09668233
v -0.74848569 0.20134402 -1.09668233
v -0.74848569 0.20134402 1.09668233
v -0.74848569 0.33842931 -1.09668233
v -0.81702833 0.33842931 0.61688381
v -0.74848569 0.26988667 0.61688381
v -0.74848569 0.33842931 0.54834116
v -0.74848569 0.33842931 0.68542645
v -0.74848569 0.33842931 1.09668233
v -0.74848569 0.47551460 -1.09668233
v -0.74848569 0.40697196 0.61688381
v -0.74848569 0.47551460 1.09668233
v -0.74848569 0.61259989 -1.09668233
v -0.74848569 0.61259989 1.09668233
v -0.74848569 0.74968518 -1.09668233
v -0.74848569 0.74968518 1.09668233
v -0.74848569 0.88677048 -1.09668233
v -0.74848569 0.88677048 1.09668233
v -0.74848569 1.02385577 -1.09668233
v -0.74848569 1.02385577 1.09668233
v -0.74848569 1.09239841 -1.02813968
v -0.74848569 1.09239841 -0.89105439
v -0.74848569 1.09239841 -0.75396910
v -0.74848569 1.09239841 -0.61688381
v -0.74848569 1.09239841 -0.47979852
v -0.74848569 1.09239841 -0.34271323
v -0.74848569 1.09239841 -0.20562794
v -0.74848569 1.09239841 -0.06854265
v -0.74848569 1.09239841 0.06854265
v -0.74848569 1.09239841 0.20562794
v -0.74848569 1.09239841 0.34271323
v -0.74848569 1.09239841 0.47979852
v -0.74848569 1.09239841 0.61688381
v -0.74848569 1.09239841 0.75396910
v -0.74848569 1.09239841 0.89105439
v -0.74848569 1.09239841 1.02813968
v -0.61140040 -1.03242360 -1.09668233
v -0.61140040 -1.10096624 -1.02813968
v -0.61140040 -1.10096624 -0.89105439
v -0.61140040 -1.10096624 -0.75396910
v -0.61140040 -1.10096624 -0.61688381
v -0.61140040 -1.10096624 -0.47979852
v -0.61140040 -1.10096624 -0.34271323
v -0.61140040 -1.10096624 -0.20562794
v -0.61140040 -1.10096624 -0.06854265
v -0.61140040 -1.10096624 0.06854265
v -0.61140040 -1.10096624 0.20562794
v -0.61140040 -1.10096624 0.34271323
v -0.61140040 -1.10096624 0.47979852
v -0.61140040 -1.10096624 0.61688381
v -0.61140040 -1.10096624 0.75396910
v -0.61140040 -1.10096624 0.89105439
v -0.61140040 -1.10096624 1.02813968
v -0.61140040 -1.03242360 1.09668233
v -0.61140040 -0.89533831 -1.09668233
v -0.61140040 -0.89533831 1.09668233
v -0.61140040 -0.75825302 -1.09668233
v -0.61140040 -0.75825302 1.09668233
v -0.61140040 -0.62116772 -1.09668233
v -0.61140040 -0.62116772 1.09668233
v -0.61140040 -0.48408243 -1.09668233
v -0.61140040 -0.48408243 1.09668233
v -0.61140040 -0.34699714 -1.09668233
v -0.61140040 -0.34699714 1.09668233
v -0.61140040 -0.20991185 -1.09668233
v -0.61140040 -0.20991185 1.09668233
v -0.61140040 -0.07282656 -1.09668233
v -0.61140040 -0.07282656 1.09668233
v -0.61140040 0.06425873 -1.09668233
v -0.61140040 0.06425873 1.09668233
v -0.61140040 0.20134402 -1.09668233
v -0.61140040 0.20134402 1.09668233
v -0.61140040 0.33842931 -1.09668233
v -0.67994304 0.33842931 0.61688381
v -0.61140040 0.33842931 1.09668233
v -0.61140040 0.47551460 -1.09668233
v -0.61140040 0.47551460 0.68542645
v -0.67994304 0.47551460 0.75396910
v -0.61140040 0.40697196 0.75396910
v -0.61140040 0.47551460 0.82251175
v -0.61140040 0.47551460 1.09668233
v -0.61140040 0.61259989 -1.09668233
v -0.61140040 0.54405725 0.75396910
v -0.61140040 0.61259989 1.09668233
v -0.61140040 0.74968518 -1.09668233
v -0.61140040 0.74968518 1.09668233
v -0.61140040 0.88677048 -1.09668233
v -0.61140040 0.88677048 1.09668233
v -0.61140040 1.02385577 -1.09668233
v -0.61140040 1.02385577 1.09668233
v -0.61140040 1.09239841 -1.02813968
v -0.61140040 1.09239841 -0.89105439
v -0.61140040 1.09239841 -0.75396910
v -0.61140040 1.09239841 -0.61688381
v -0.61140040 1.09239841 -0.47979852
v -0.61140040 1.09239841 -0.34271323
v -0.61140040 1.09239841 -0.20562794
v -0.61140040 1.09239841 -0.06854265
v -0.61140040 1.09239841 0.06854265
v -0.61140040 1.09239841 0.20562794
v -0.61140040 1.09239841 0.34271323
v -0.61140040 1.09239841 0.47979852
v -0.61140040 1.09239841 0.61688381
v -0.61140040 1.09239841 0.75396910
v -0.61140040 1.09239841 0.89105439
v -0.61140040 1.09239841 1.02813968
v -0.47431511 -1.03242360 -1.09668233
v -0.47431511 -1.10096624 -1.02813968
v -0.47431511 -1.10096624 -0.89105439
v -0.47431511 -1.10096624 -0.75396910
v -0.47431511 -1.10096624 -0.61688381
v -0.47431511 -1.10096624 -0.47979852
v -0.47431511 -1.10096624 -0.34271323
v -0.47431511 -1.10096624 -0.20562794
v -0.47431511 -1.10096624 -0.06854265
v -0.47431511 -1.10096624 0.06854265
v -0.47431511 -1.10096624 0.20562794
v -0.47431511 -1.10096624 0.34271323
v -0.47431511 -1.10096624 0.47979852
v -0.47431511 -1.10096624 0.61688381
v -0.47431511 -1.10096624 0.75396910
v -0.47431511 -1.10096624 0.89105439
v -0.47431511 -1.10096624 1.02813968
v -0.47431511 -1.03242360 1.09668233
v -0.47431511 -0.89533831 -1.09668233
v -0.47431511 -0.89533831 1.09668233
v -0.47431511 -0.75825302 -1.09668233
v -0.47431511 -0.75825302 1.09668233
v -0.47431511 -0.62116772 -1.09668233
v -0.47431511 -0.62116772 1.09668233
v -0.47431511 -0.48408243 -1.09668233
v -0.47431511 -0.48408243 1.09668233
v -0.47431511 -0.34699714 -1.09668233
v -0.47431511 -0.34699714 1.09668233
v -0.47431511 -0.20991185 -1.09668233
v -0.47431511 -0.20991185 1.09668233
v -0.47431511 -0.07282656 -1.09668233
v -0.47431511 -0.07282656 1.09668233
v -0.47431511 0.06425873 -1.09668233
v -0.47431511 0.06425873 1.09668233
v -0.47431511 0.20134402 -1.09668233
v -0.47431511 0.20134402 1.09668233
v -0.47431511 0.33842931 -1.09668233
v -0.47431511 0.33842931 1.09668233
v -0.47431511 0.47551460 -1.09668233
v -0.54285775 0.47551460 0.75396910
v -0.47431511 0.47551460 1.09668233
v -0.47431511 0.61259989 -1.09668233
v -0.47431511 0.61259989 1.09668233
v -0.47431511 0.74968518 -1.09668233
v -0.47431511 0.74968518 1.09668233
v -0.47431511 0.88677048 -1.09668233
v -0.47431511 0.88677048 1.09668233
v -0.47431511 1.02385577 -1.09668233
v -0.47431511 1.02385577 1.09668233
v -0.47431511 1.09239841 -1.02813968
v -0.47431511 1.09239841 -0.89105439
v -0.47431511 1.09239841 -0.75396910
v -0.47431511 1.09239841 -0.61688381
v -0.47431511 1.09239841 -0.47979852
v -0.47431511 1.09239841 -0.34271323
v -0.47431511 1.09239841 -0.20562794
v -0.47431511 1.09239841 -0.06854265
v -0.47431511 1.09239841 0.06854265
v -0.47431511 1.09239841 0.20562794
v -0.47431511 1.09239841 0.34271323
v -0.47431511 1.09239841 0.47979852
v -0.47431511 1.09239841 0.61688381
v -0.47431511 1.09239841 0.75396910
v -0.47431511 1.09239841 0.89105439
v -0.47431511 1.09239841 1.02813968
v -0.33722982 -1.03242360 -1.09668233
v -0.33722982 -1.10096624 -1.02813968
v -0.33722982 -1.10096624 -0.89105439
v -0.33722982 -1.10096624 -0.75396910
v -0.33722982 -1.10096624 -0.61688381
v -0.33722982 -1.10096624 -0.47979852
v -0.33722982 -1.10096624 -0.34271323
v -0.33722982 -1.10096624 -0.20562794
v -0.33722982 -1.10096624 -0.06854265
v -0.33722982 -1.10096624 0.06854265
v -0.33722982 -1.10096624 0.20562794
v -0.33722982 -1.10096624 0.34271323
v -0.33722982 -1.10096624 0.47979852
v -0.33722982 -1.10096624 0.61688381
v -0.33722982 -1.10096624 0.75396910
v -0.33722982 -1.10096624 0.89105439
v -0.33722982 -1.10096624 1.02813968
v -0.33722982 -1.03242360 1.09668233
v -0.33722982 -0.89533831 -1.09668233
v -0.33722982 -0.89533831 1.09668233
v -0.33722982 -0.75825302 -1.09668233
v -0.33722982 -0.75825302 1.09668233
v -0.33722982 -0.62116772 -1.09668233
v -0.33722982 -0.62116772 1.09668233
v -0.33722982 -0.48408243 -1.09668233
v -0.33722982 -0.48408243 1.09668233
v -0.33722982 -0.34699714 -1.09668233
v -0.33722982 -0.34699714 1.09668233
v -0.33722982 -0.20991185 -1.09668233
v -0.33722982 -0.20991185 1.09668233
v -0.33722982 -0.07282656 -1.09668233
v -0.33722982 -0.07282656 1.09668233
v -0.33722982 0.06425873 -1.09668233
v -0.33722982 0.06425873 1.09668233
v -0.33722982 0.20134402 -1.09668233
v -0.33722982 0.20134402 1.09668233
v -0.33722982 0.33842931 -1.09668233
v -0.33722982 0.33842931 1.09668233
v -0.33722982 0.47551460 -1.09668233
v -0.33722982 0.47551460 1.09668233
v -0.33722982 0.61259989 -1.09668233
v -0.33722982 0.61259989 1.09668233
v -0.33722982 0.74968518 -1.09668233
v -0.33722982 0.74968518 1.09668233
v -0.33722982 0.88677048 -1.09668233
v -0.33722982 0.88677048 1.09668233
v -0.33722982 1.02385577 -1.09668233
v -0.33722982 1.02385577 1.09668233
v -0.33722982 1.09239841 -1.02813968
v -0.33722982 1.09239841 -0.89105439
v -0.33722982 1.09239841 -0.75396910
v -0.33722982 1.09239841 -0.61688381
v -0.33722982 1.09239841 -0.47979852
v -0.33722982 1.09239841 -0.34271323
v -0.33722982 1.09239841 -0.20562794
v -0.33722982 1.09239841 -0.06854265
v -0.33722982 1.09239841 0.06854265
v -0.33722982 1.09239841 0.20562794
v -0.33722982 1.09239841 0.34271323
v -0.33722982 1.09239841 0.47979852
v -0.33722982 1.09239841 0.61688381
v -0.33722982 1.09239841 0.75396910
v -0.33722982 1.09239841 0.89105439
v -0.33722982 1.09239841 1.02813968
v -0.20014452 -1.03242360 -1.09668233
v -0.20014452 -1.10096624 -1.02813968
v -0.20014452 -1.10096624 -0.89105439
v -0.20014452 -1.10096624 -0.75396910
v -0.20014452 -1.10096624 -0.61688381
v -0.20014452 -1.10096624 -0.47979852
v -0.20014452 -1.10096624 -0.34271323
v -0.20014452 -1.10096624 -0.20562794
v -0.20014452 -1.10096624 -0.06854265
v -0.20014452 -1.10096624 0.06854265
v -0.20014452 -1.10096624 0.20562794
v -0.20014452 -1.10096624 0.34271323
v -0.20014452 -1.10096624 0.47979852
v -0.20014452 -1.10096624 0.61688381
v -0.20014452 -1.10096624 0.75396910
v -0.20014452 -1.10096624 0.89105439
v -0.20014452 -1.10096624 1.02813968
v -0.20014452 -1.03242360 1.09668233
v -0.20014452 -0.89533831 -1.09668233
v -0.20014452 -0.89533831 1.09668233
v -0.20014452 -0.75825302 -1.09668233
v -0.20014452 -0.75825302 1.09668233
v -0.20014452 -0.62116772 -1.09668233
v -0.20014452 -0.62116772 1.09668233
v -0.20014452 -0.48408243 -1.09668233
v -0.20014452 -0.48408243 1.09668233
v -0.20014452 -0.34699714 -1.09668233
v -0.20014452 -0.34699714 1.09668233
v -0.20014452 -0.20991185 -1.09668233
v -0.20014452 -0.20991185 1.09668233
v -0.20014452 -0.07282656 -1.09668233
v -0.20014452 -0.07282656 1.09668233
v -0.20014452 0.06425873 -1.09668233
v -0.20014452 0.06425873 1.09668233
v -0.20014452 0.20134402 -1.09668233
v -0.20014452 0.20134402 1.09668233
v -0.20014452 0.33842931 -1.09668233
v -0.20014452 0.33842931 1.09668233
v -0.20014452 0.47551460 -1.09668233
v -0.20014452 0.47551460 1.09668233
v -0.20014452 0.61259989 -1.09668233
v -0.20014452 0.61259989 1.09668233
v -0.20014452 0.74968518 -1.09668233
v -0.26868717 0.74968518 -0.61688381
v -0.20014452 0.68114254 -0.61688381
v -0.20014452 0.74968518 -0.68542645
v -0.20014452 0.74968518 -0.54834116
v -0.20014452 0.74968518 1.09668233
v -0.20014452 0.88677048 -1.09668233
v -0.20014452 0.81822783 -0.61688381
v -0.20014452 0.88677048 1.09668233
v -0.20014452 1.02385577 -1.09668233
v -0.20014452 1.02385577 1.09668233
v -0.20014452 1.09239841 -1.02813968
v -0.20014452 1.09239841 -0.89105439
v -0.20014452 1.09239841 -0.75396910
v -0.20014452 1.09239841 -0.61688381
v -0.20014452 1.09239841 -0.47979852
v -0.20014452 1.09239841 -0.34271323
v -0.20014452 1.09239841 -0.20562794
v -0.20014452 1.09239841 -0.06854265
v -0.20014452 1.09239841 0.06854265
v -0.20014452 1.09239841 0.20562794
v -0.20014452 1.09239841 0.34271323
v -0.20014452 1.09239841 0.47979852
v -0.20014452 1.09239841 0.61688381
v -0.20014452 1.09239841 0.75396910
v -0.20014452 1.09239841 0.89105439
v -0.20014452 1.09239841 1.02813968
v -0.06305923 -1.03242360 -1.09668233
v -0.06305923 -1.10096624 -1.02813968
v -0.06305923 -1.10096624 -0.89105439
v -0.06305923 -1.10096624 -0.75396910
v -0.06305923 -1.10096624 -0.61688381
v -0.06305923 -1.10096624 -0.47979852
v -0.06305923 -1.10096624 -0.34271323
v -0.06305923 -1.10096624 -0.20562794
v -0.06305923 -1.10096624 -0.06854265
v -0.06305923 -1.10096624 0.06854265
v -0.06305923 -1.10096624 0.20562794
v -0.06305923 -1.10096624 0.34271323
v -0.06305923 -1.10096624 0.47979852
v -0.06305923 -1.10096624 0.61688381
v -0.06305923 -1.10096624 0.75396910
v -0.06305923 -1.10096624 0.89105439
v -0.06305923 -1.10096624 1.02813968
v -0.06305923 -1.03242360 1.09668233
v -0.06305923 -0.89533831 -1.09668233
v -0.06305923 -0.89533831 1.09668233
v -0.06305923 -0.75825302 -1.09668233
v -0.06305923 -0.75825302 1.09668233
v -0.06305923 -0.62116772 -1.09668233
v -0.06305923 -0.62116772 1.09668233
v -0.06305923 -0.48408243 -1.09668233
v -0.06305923 -0.48408243 1.09668233
v -0.06305923 -0.34699714 -1.09668233
v -0.06305923 -0.34699714 1.09668233
v -0.06305923 -0.20991185 -1.09668233
v -0.06305923 -0.20991185 1.09668233
v -0.06305923 -0.07282656 -1.09668233
v -0.06305923 -0.07282656 1.09668233
v -0.06305923 0.06425873 -1.09668233
v -0.06305923 0.06425873 1.09668233
v -0.06305923 0.20134402 -1.09668233
v -0.06305923 0.20134402 1.09668233
v -0.06305923 0.33842931 -1.09668233
v -0.06305923 0.33842931 1.09668233
v -0.06305923 0.47551460 -1.09668233
v -0.06305923 0.47551460 1.09668233
v -0.06305923 0.61259989 -1.09668233
v -0.06305923 0.61259989 1.09668233
v -0.06305923 0.74968518 -1.09668233
v -0.13160188 0.74968518 -0.61688381
v -0.06305923 0.74968518 1.09668233
v -0.06305923 0.88677048 -1.09668233
v -0.06305923 0.88677048 1.09668233
v -0.06305923 1.02385577 -1.09668233
v -0.06305923 1.02385577 1.09668233
v -0.06305923 1.09239841 -1.02813968
v -0.06305923 1.09239841 -0.89105439
v -0.06305923 1.09239841 -0.75396910
v -0.06305923 1.09239841 -0.61688381
v -0.06305923 1.09239841 -0.47979852
v -0.06305923 1.09239841 -0.34271323
v -0.06305923 1.09239841 -0.20562794
v -0.06305923 1.09239841 -0.06854265
v -0.06305923 1.09239841 0.06854265
v -0.06305923 1.09239841 0.20562794
v -0.06305923 1.09239841 0.34271323
v -0.06305923 1.09239841 0.47979852
v -0.06305923 1.09239841 0.61688381
v -0.06305923 1.09239841 0.75396910
v -0.06305923 1.09239841 0.89105439
v -0.06305923 1.09239841 1.02813968
v 0.07402606 -1.03242360 -1.09668233
v 0.07402606 -1.10096624 -1.02813968
v 0.07402606 -1.10096624 -0.89105439
v 0.07402606 -1.10096624 -0.75396910
v 0.07402606 -1.10096624 -0.61688381
v 0.07402606 -1.10096624 -0.47979852
v 0.07402606 -1.10096624 -0.34271323
v 0.07402606 -1.10096624 -0.20562794
v 0.07402606 -1.10096624 -0.06854265
v 0.07402606 -1.10096624 0.06854265
v 0.07402606 -1.10096624 0.20562794
v 0.07402606 -1.10096624 0.34271323
v 0.07402606 -1.10096624 0.47979852
v 0.07402606 -1.10096624 0.61688381
v 0.07402606 -1.10096624 0.75396910
v 0.07402606 -1.10096624 0.89105439
v 0.07402606 -1.10096624 1.02813968
v 0.07402606 -1.03242360 1.09668233
v 0.07402606 -0.89533831 -1.09668233
v 0.07402606 -0.89533831 1.09668233
v 0.07402606 -0.75825302 -1.09668233
v 0.07402606 -0.75825302 1.09668233
v 0.07402606 -0.62116772 -1.09668233
v 0.07402606 -0.62116772 1.09668233
v 0.07402606 -0.48408243 -1.09668233
v 0.07402606 -0.48408243 1.09668233
v 0.07402606 -0.34699714 -1.09668233
v 0.07402606 -0.34699714 1.09668233
v 0.07402606 -0.20991185 -1.09668233
v 0.07402606 -0.20991185 1.09668233
v 0.07402606 -0.07282656 -1.09668233
v 0.07402606 -0.07282656 1.09668233
v 0.07402606 0.06425873 -1.09668233
v 0.07402606 0.06425873 1.09668233
v 0.07402606 0.20134402 -1.09668233
v 0.07402606 0.20134402 1.09668233
v 0.07402606 0.33842931 -1.09668233
v 0.07402606 0.33842931 1.09668233
v 0.07402606 0.47551460 -1.09668233
v 0.07402606 0.47551460 1.09668233
v 0.07402606 0.61259989 -1.09668233
v 0.07402606 0.61259989 1.09668233
v 0.07402606 0.74968518 -1.09668233
v 0.07402606 0.74968518 1.09668233
v 0.07402606 0.88677048 -1.09668233
v 0.00548341 0.88677048 -0.34271323
v 0.07402606 0.81822783 -0.34271323
v 0.07402606 0.88677048 -0.41125587
v 0.07402606 0.88677048 -0.27417058
v 0.00548341 0.88677048 0.34271323
v 0.07402606 0.81822783 0.34271323
v 0.07402606 0.88677048 0.27417058
v 0.07402606 0.88677048 0.41125587
v 0.07402606 0.88677048 1.09668233
v 0.07402606 1.02385577 -1.09668233
v 0.07402606 0.95531312 -0.34271323
v 0.07402606 0.95531312 0.34271323
v 0.00548341 1.02385577 1.02813968
v 0.07402606 0.95531312 1.02813968
v 0.07402606 1.02385577 0.95959704
v 0.07402606 1.09239841 -1.02813968
v 0.07402606 1.09239841 -0.89105439
v 0.07402606 1.09239841 -0.75396910
v 0.07402606 1.09239841 -0.61688381
v 0.07402606 1.09239841 -0.47979852
v 0.07402606 1.09239841 -0.34271323
v 0.07402606 1.09239841 -0.20562794
v 0.07402606 1.09239841 -0.06854265
v 0.07402606 1.09239841 0.06854265
v 0.07402606 1.09239841 0.20562794
v 0.07402606 1.09239841 0.34271323
v 0.07402606 1.09239841 0.47979852
v 0.07402606 1.09239841 0.61688381
v 0.07402606 1.09239841 0.75396910
v 0.07402606 1.09239841 0.89105439
v 0.21111135 -1.03242360 -1.09668233
v 0.21111135 -1.10096624 -1.02813968
v 0.21111135 -1.10096624 -0.89105439
v 0.21111135 -1.10096624 -0.75396910
v 0.21111135 -1.10096624 -0.61688381
v 0.21111135 -1.10096624 -0.47979852
v 0.21111135 -1.10096624 -0.34271323
v 0.21111135 -1.10096624 -0.20562794
v 0.21111135 -1.10096624 -0.06854265
v 0.21111135 -1.10096624 0.06854265
v 0.21111135 -1.10096624 0.20562794
v 0.21111135 -1.10096624 0.34271323
v 0.21111135 -1.10096624 0.47979852
v 0.21111135 -1.10096624 0.61688381
v 0.21111135 -1.10096624 0.75396910
v 0.21111135 -1.10096624 0.89105439
v 0.21111135 -1.10096624 1.02813968
v 0.21111135 -1.03242360 1.09668233
v 0.21111135 -0.89533831 -1.09668233
v 0.21111135 -0.89533831 1.09668233
v 0.21111135 -0.75825302 -1.09668233
v 0.21111135 -0.75825302 1.09668233
v 0.21111135 -0.62116772 -1.09668233
v 0.14256870 -0.62116772 0.75396910
v 0.21111135 -0.68971037 0.75396910
v 0.21111135 -0.62116772 0.68542645
v 0.21111135 -0.62116772 0.82251175
v 0.21111135 -0.62116772 1.09668233
v 0.21111135 -0.48408243 -1.09668233
v 0.21111135 -0.55262508 0.75396910
v 0.21111135 -0.48408243 1.09668233
v 0.21111135 -0.34699714 -1.09668233
v 0.21111135 -0.34699714 1.09668233
v 0.21111135 -0.20991185 -1.09668233
v 0.21111135 -0.20991185 1.09668233
v 0.21111135 -0.07282656 -1.09668233
v 0.21111135 -0.07282656 1.09668233
v 0.21111135 0.06425873 -1.09668233
v 0.21111135 0.06425873 1.09668233
v 0.21111135 0.20134402 -1.09668233
v 0.21111135 0.20134402 1.09668233
v 0.21111135 0.33842931 -1.09668233
v 0.21111135 0.33842931 1.09668233
v 0.21111135 0.47551460 -1.09668233
v 0.21111135 0.47551460 1.09668233
v 0.21111135 0.61259989 -1.09668233
v 0.21111135 0.61259989 1.09668233
v 0.21111135 0.74968518 -1.09668233
v 0.21111135 0.74968518 1.09668233
v 0.21111135 0.88677048 -1.09668233
v 0.14256870 0.88677048 -0.47979852
v 0.21111135 0.81822783 -0.47979852
v 0.21111135 0.88677048 -0.54834116
v 0.14256870 0.88677048 -0.34271323
v 0.21111135 0.88677048 -0.41125587
v 0.14256870 0.88677048 0.34271323
v 0.21111135 0.88677048 1.09668233
v 0.21111135 1.02385577 -1.09668233
v 0.21111135 0.95531312 -0.47979852
v 0.14256870 1.02385577 0.89105439
v 0.21111135 0.95531312 0.89105439
v 0.21111135 1.02385577 0.82251175
v 0.21111135 0.95531312 1.02813968
v 0.21111135 1.09239841 -1.02813968
v 0.21111135 1.09239841 -0.89105439
v 0.21111135 1.09239841 -0.75396910
v 0.21111135 1.09239841 -0.61688381
v 0.21111135 1.09239841 -0.47979852
v 0.21111135 1.09239841 -0.34271323
v 0.21111135 1.09239841 -0.20562794
v 0.21111135 1.09239841 -0.06854265
v 0.21111135 1.09239841 0.06854265
v 0.21111135 1.09239841 0.20562794
v 0.21111135 1.09239841 0.34271323
v 0.21111135 1.09239841 0.47979852
v 0.21111135 1.09239841 0.61688381
v 0.21111135 1.09239841 0.75396910
v 0.34819664 -1.03242360 -1.09668233
v 0.34819664 -1.10096624 -1.02813968
v 0.34819664 -1.10096624 -0.89105439
v 0.34819664 -1.10096624 -0.75396910
v 0.34819664 -1.10096624 -0.61688381
v 0.34819664 -1.10096624 -0.47979852
v 0.34819664 -1.10096624 -0.34271323
v 0.34819664 -1.10096624 -0.20562794
v 0.34819664 -1.10096624 -0.06854265
v 0.34819664 -1.10096624 0.06854265
v 0.34819664 -1.10096624 0.20562794
v 0.34819664 -1.10096624 0.34271323
v 0.34819664 -1.10096624 0.47979852
v 0.34819664 -1.10096624 0.61688381
v 0.34819664 -1.10096624 0.75396910
v 0.34819664 -1.10096624 0.89105439
v 0.34819664 -1.10096624 1.02813968
v 0.34819664 -1.03242360 1.09668233
v 0.34819664 -0.89533831 -1.09668233
v 0.34819664 -0.89533831 1.09668233
v 0.34819664 -0.75825302 -1.09668233
v 0.27965399 -0.75825302 -0.61688381
v 0.34819664 -0.82679566 -0.61688381
v 0.34819664 -0.75825302 -0.68542645
v 0.34819664 -0.75825302 -0.54834116
v 0.27965399 -0.75825302 0.61688381
v 0.34819664 -0.82679566 0.61688381
v 0.34819664 -0.75825302 0.54834116
v 0.34819664 -0.75825302 0.68542645
v 0.34819664 -0.75825302 1.09668233
v 0.34819664 -0.62116772 -1.09668233
v 0.34819664 -0.68971037 -0.61688381
v 0.34819664 -0.68971037 0.61688381
v 0.27965399 -0.62116772 0.75396910
v 0.34819664 -0.62116772 1.09668233
v 0.34819664 -0.48408243 -1.09668233
v 0.34819664 -0.48408243 1.09668233
v 0.34819664 -0.34699714 -1.09668233
v 0.34819664 -0.34699714 1.09668233
v 0.34819664 -0.20991185 -1.09668233
v 0.34819664 -0.20991185 1.09668233
v 0.34819664 -0.07282656 -1.09668233
v 0.34819664 -0.07282656 1.09668233
v 0.34819664 0.06425873 -1.09668233
v 0.34819664 0.06425873 1.09668233
v 0.34819664 0.20134402 -1.09668233
v 0.34819664 0.20134402 1.09668233
v 0.34819664 0.33842931 -1.09668233
v 0.34819664 0.33842931 1.09668233
v 0.34819664 0.47551460 -1.09668233
v 0.34819664 0.47551460 1.09668233
v 0.34819664 0.61259989 -1.09668233
v 0.34819664 0.61259989 1.09668233
v 0.34819664 0.74968518 -1.09668233
v 0.34819664 0.74968518 1.09668233
v 0.34819664 0.88677048 -1.09668233
v 0.27965399 0.88677048 -0.47979852
v 0.27965399 0.88677048 1.02813968
v 0.34819664 0.81822783 1.02813968
v 0.34819664 0.88677048 0.95959704
v 0.34819664 1.02385577 -1.09668233
v 0.27965399 1.02385577 0.75396910
v 0.34819664 0.95531312 0.75396910
v 0.34819664 1.02385577 0.68542645
v 0.34819664 0.95531312 0.89105439
v 0.34819664 1.09239841 -1.02813968
v 0.34819664 1.09239841 -0.89105439
v 0.34819664 1.09239841 -0.75396910
v 0.34819664 1.09239841 -0.61688381
v 0.34819664 1.09239841 -0.47979852
v 0.34819664 1.09239841 -0.34271323
v 0.34819664 1.09239841 -0.20562794
v 0.34819664 1.09239841 -0.06854265
v 0.34819664 1.09239841 0.06854265
v 0.34819664 1.09239841 0.20562794
v 0.34819664 1.09239841 0.34271323
v 0.34819664 1.09239841 0.47979852
v 0.34819664 1.09239841 0.61688381
v 0.48528193 -1.03242360 -1.09668233
v 0.48528193 -1.10096624 -1.02813968
v 0.48528193 -1.10096624 -0.89105439
v 0.48528193 -1.10096624 -0.75396910
v 0.48528193 -1.10096624 -0.61688381
v 0.48528193 -1.10096624 -0.47979852
v 0.48528193 -1.10096624 -0.34271323
v 0.48528193 -1.10096624 -0.20562794
v 0.48528193 -1.10096624 -0.06854265
v 0.48528193 -1.10096624 0.06854265
v 0.48528193 -1.10096624 0.20562794
v 0.48528193 -1.10096624 0.34271323
v 0.48528193 -1.10096624 0.47979852
v 0.48528193 -1.10096624 0.61688381
v 0.48528193 -1.10096624 0.75396910
v 0.48528193 -1.10096624 0.89105439
v 0.48528193 -1.10096624 1.02813968
v 0.48528193 -1.03242360 1.09668233
v 0.48528193 -0.89533831 -1.09668233
v 0.48528193 -0.89533831 1.09668233
v 0.48528193 -0.75825302 -1.09668233
v 0.41673928 -0.75825302 -0.61688381
v 0.41673928 -0.75825302 0.61688381
v 0.48528193 -0.75825302 1.09668233
v 0.48528193 -0.62116772 -1.09668233
v 0.48528193 -0.62116772 1.09668233
v 0.48528193 -0.48408243 -1.09668233
v 0.48528193 -0.48408243 1.09668233
v 0.48528193 -0.34699714 -1.09668233
v 0.48528193 -0.34699714 1.09668233
v 0.48528193 -0.20991185 -1.09668233
v 0.48528193 -0.20991185 1.09668233
v 0.48528193 -0.07282656 -1.09668233
v 0.48528193 -0.07282656 1.09668233
v 0.48528193 0.06425873 -1.09668233
v 0.48528193 0.06425873 1.09668233
v 0.48528193 0.20134402 -1.09668233
v 0.48528193 0.20134402 1.09668233
v 0.48528193 0.33842931 -1.09668233
v 0.48528193 0.33842931 1.09668233
v 0.48528193 0.47551460 -1.09668233
v 0.48528193 0.47551460 1.09668233
v 0.48528193 0.61259989 -1.09668233
v 0.48528193 0.61259989 1.09668233
v 0.48528193 0.74968518 -1.09668233
v 0.41673928 0.74968518 1.02813968
v 0.48528193 0.68114254 1.02813968
v 0.48528193 0.74968518 0.95959704
v 0.48528193 0.88677048 -1.09668233
v 0.41673928 0.88677048 0.89105439
v 0.48528193 0.81822783 0.89105439
v 0.48528193 0.88677048 0.82251175
v 0.48528193 1.02385577 -1.09668233
v 0.48528193 0.95531312 0.75396910
v 0.48528193 1.02385577 0.68542645
v 0.48528193 1.09239841 -1.02813968
v 0.48528193 1.09239841 -0.89105439
v 0.48528193 1.09239841 -0.75396910
v 0.48528193 1.09239841 -0.61688381
v 0.48528193 1.09239841 -0.47979852
v 0.48528193 1.09239841 -0.34271323
v 0.48528193 1.09239841 -0.20562794
v 0.48528193 1.09239841 -0.06854265
v 0.48528193 1.09239841 0.06854265
v 0.48528193 1.09239841 0.20562794
v 0.48528193 1.09239841 0.34271323
v 0.48528193 1.09239841 0.47979852
v 0.48528193 1.09239841 0.61688381
v 0.62236722 -1.03242360 -1.09668233
v 0.62236722 -1.10096624 -1.02813968
v 0.62236722 -1.10096624 -0.89105439
v 0.62236722 -1.10096624 -0.75396910
v 0.62236722 -1.10096624 -0.61688381
v 0.62236722 -1.10096624 -0.47979852
v 0.62236722 -1.10096624 -0.34271323
v 0.62236722 -1.10096624 -0.20562794
v 0.62236722 -1.10096624 -0.06854265
v 0.62236722 -1.10096624 0.06854265
v 0.62236722 -1.10096624 0.20562794
v 0.62236722 -1.10096624 0.34271323
v 0.62236722 -1.10096624 0.47979852
v 0.62236722 -1.10096624 0.61688381
v 0.62236722 -1.10096624 0.75396910
v 0.62236722 -1.10096624 0.89105439
v 0.62236722 -1.10096624 1.02813968
v 0.62236722 -1.03242360 1.09668233
v 0.62236722 -0.89533831 -1.09668233
v 0.62236722 -0.89533831 1.09668233
v 0.62236722 -0.75825302 -1.09668233
v 0.62236722 -0.75825302 1.09668233
v 0.62236722 -0.62116772 -1.09668233
v 0.62236722 -0.62116772 1.09668233
v 0.62236722 -0.48408243 -1.09668233
v 0.62236722 -0.48408243 1.09668233
v 0.62236722 -0.34699714 -1.09668233
v 0.62236722 -0.34699714 1.09668233
v 0.62236722 -0.20991185 -1.09668233
v 0.62236722 -0.20991185 1.09668233
v 0.62236722 -0.07282656 -1.09668233
v 0.62236722 -0.07282656 1.09668233
v 0.62236722 0.06425873 -1.09668233
v 0.55382458 0.06425873 -0.89105439
v 0.62236722 -0.00428392 -0.89105439
v 0.62236722 0.06425873 -0.95959704
v 0.62236722 0.06425873 -0.82251175
v 0.62236722 0.06425873 1.09668233
v 0.62236722 0.20134402 -1.09668233
v 0.62236722 0.13280138 -0.89105439
v 0.62236722 0.20134402 1.09668233
v 0.62236722 0.33842931 -1.09668233
v 0.62236722 0.33842931 1.09668233
v 0.62236722 0.47551460 -1.09668233
v 0.62236722 0.47551460 1.09668233
v 0.62236722 0.61259989 -1.09668233
v 0.62236722 0.61259989 1.09668233
v 0.62236722 0.74968518 -1.09668233
v 0.55382458 0.74968518 0.89105439
v 0.62236722 0.68114254 0.89105439
v 0.62236722 0.74968518 0.82251175
v 0.62236722 0.68114254 1.02813968
v 0.62236722 0.88677048 -1.09668233
v 0.55382458 0.88677048 0.75396910
v 0.62236722 0.81822783 0.75396910
v 0.62236722 0.88677048 0.68542645
v 0.62236722 1.02385577 -1.09668233
v 0.55382458 1.02385577 0.61688381
v 0.62236722 0.95531312 0.61688381
v 0.62236722 1.02385577 0.54834116
v 0.62236722 1.09239841 -1.02813968
v 0.62236722 1.09239841 -0.89105439
v 0.62236722 1.09239841 -0.75396910
v 0.62236722 1.09239841 -0.61688381
v 0.62236722 1.09239841 -0.47979852
v 0.62236722 1.09239841 -0.34271323
v 0.62236722 1.09239841 -0.20562794
v 0.62236722 1.09239841 -0.06854265
v 0.62236722 1.09239841 0.06854265
v 0.62236722 1.09239841 0.20562794
v 0.62236722 1.09239841 0.34271323
v 0.62236722 1.09239841 0.47979852
v 0.75945251 -1.03242360 -1.09668233
v 0.75945251 -1.10096624 -1.02813968
v 0.75945251 -1.10096624 -0.89105439
v 0.75945251 -1.10096624 -0.75396910
v 0.75945251 -1.10096624 -0.61688381
v 0.75945251 -1.10096624 -0.47979852
v 0.75945251 -1.10096624 -0.34271323
v 0.75945251 -1.10096624 -0.20562794
v 0.75945251 -1.10096624 -0.06854265
v 0.75945251 -1.10096624 0.06854265
v 0.75945251 -1.10096624 0.20562794
v 0.75945251 -1.10096624 0.34271323
v 0.75945251 -1.10096624 0.47979852
v 0.75945251 -1.10096624 0.61688381
v 0.75945251 -1.10096624 0.75396910
v 0.75945251 -1.10096624 0.89105439
v 0.75945251 -1.10096624 1.02813968
v 0.75945251 -1.03242360 1.09668233
v 0.75945251 -0.89533831 -1.09668233
v 0.75945251 -0.89533831 1.09668233
v 0.75945251 -0.75825302 -1.09668233
v 0.75945251 -0.75825302 1.09668233
v 0.75945251 -0.62116772 -1.09668233
v 0.75945251 -0.62116772 1.09668233
v 0.75945251 -0.48408243 -1.09668233
v 0.75945251 -0.48408243 1.09668233
v 0.75945251 -0.34699714 -1.09668233
v 0.75945251 -0.34699714 1.09668233
v 0.75945251 -0.20991185 -1.09668233
v 0.75945251 -0.20991185 1.09668233
v 0.75945251 -0.07282656 -1.09668233
v 0.75945251 -0.07282656 1.09668233
v 0.75945251 0.06425873 -1.09668233
v 0.69090987 0.06425873 -0.89105439
v 0.75945251 0.06425873 1.09668233
v 0.75945251 0.20134402 -1.09668233
v 0.75945251 0.20134402 1.09668233
v 0.75945251 0.33842931 -1.09668233
v 0.75945251 0.33842931 1.09668233
v 0.75945251 0.47551460 -1.09668233
v 0.75945251 0.47551460 1.09668233
v 0.75945251 0.61259989 -1.09668233
v 0.69090987 0.61259989 1.02813968
v 0.75945251 0.54405725 1.02813968
v 0.75945251 0.61259989 0.95959704
v 0.75945251 0.74968518 -1.09668233
v 0.69090987 0.74968518 -0.06854265
v 0.75945251 0.68114254 -0.06854265
v 0.75945251 0.74968518 -0.13708529
v 0.75945251 0.74968518 0.00000000
v 0.69090987 0.74968518 0.75396910
v 0.75945251 0.68114254 0.75396910
v 0.75945251 0.74968518 0.68542645
v 0.75945251 0.68114254 0.89105439
v 0.75945251 0.88677048 -1.09668233
v 0.75945251 0.81822783 -0.06854265
v 0.69090987 0.88677048 0.61688381
v 0.75945251 0.81822783 0.61688381
v 0.75945251 0.88677048 0.54834116
v 0.75945251 1.02385577 -1.09668233
v 0.69090987 1.02385577 0.47979852
v 0.75945251 0.95531312 0.47979852
v 0.75945251 1.02385577 0.41125587
v 0.75945251 1.09239841 -1.02813968
v 0.75945251 1.09239841 -0.89105439
v 0.75945251 1.09239841 -0.75396910
v 0.75945251 1.09239841 -0.61688381
v 0.75945251 1.09239841 -0.47979852
v 0.75945251 1.09239841 -0.34271323
v 0.75945251 1.09239841 -0.20562794
v 0.75945251 1.09239841 -0.06854265
v 0.75945251 1.09239841 0.06854265
v 0.75945251 1.09239841 0.20562794
v 0.75945251 1.09239841 0.34271323
v 0.89653780 -1.03242360 -1.09668233
v 0.89653780 -1.10096624 -1.02813968
v 0.89653780 -1.10096624 -0.89105439
v 0.89653780 -1.10096624 -0.75396910
v 0.89653780 -1.10096624 -0.61688381
v 0.89653780 -1.10096624 -0.47979852
v 0.89653780 -1.10096624 -0.34271323
v 0.89653780 -1.10096624 -0.20562794
v 0.89653780 -1.10096624 -0.06854265
v 0.89653780 -1.10096624 0.06854265
v 0.89653780 -1.10096624 0.20562794
v 0.89653780 -1.10096624 0.34271323
v 0.89653780 -1.10096624 0.47979852
v 0.89653780 -1.10096624 0.61688381
v 0.89653780 -1.10096624 0.75396910
v 0.89653780 -1.10096624 0.89105439
v 0.89653780 -1.10096624 1.02813968
v 0.89653780 -1.03242360 1.09668233
v 0.89653780 -0.89533831 -1.09668233
v 0.89653780 -0.89533831 1.09668233
v 0.89653780 -0.75825302 -1.09668233
v 0.89653780 -0.75825302 1.09668233
v 0.89653780 -0.62116772 -1.09668233
v 0.89653780 -0.62116772 1.09668233
v 0.89653780 -0.48408243 -1.09668233
v 0.89653780 -0.48408243 1.09668233
v 0.89653780 -0.34699714 -1.09668233
v 0.89653780 -0.34699714 1.09668233
v 0.89653780 -0.20991185 -1.09668233
v 0.89653780 -0.20991185 1.09668233
v 0.89653780 -0.07282656 -1.09668233
v 0.89653780 -0.07282656 1.09668233
v 0.89653780 0.06425873 -1.09668233
v 0.89653780 0.06425873 1.09668233
v 0.89653780 0.20134402 -1.09668233
v 0.89653780 0.20134402 1.09668233
v 0.89653780 0.33842931 -1.09668233
v 0.89653780 0.33842931 1.09668233
v 0.89653780 0.47551460 -1.09668233
v 0.82799516 0.47551460 1.02813968
v 0.89653780 0.40697196 1.02813968
v 0.89653780 0.47551460 0.95959704
v 0.89653780 0.61259989 -1.09668233
v 0.82799516 0.61259989 0.89105439
v 0.89653780 0.54405725 0.89105439
v 0.89653780 0.61259989 0.82251175
v 0.89653780 0.74968518 -1.09668233
v 0.82799516 0.74968518 -0.06854265
v 0.82799516 0.74968518 0.61688381
v 0.89653780 0.68114254 0.61688381
v 0.89653780 0.74968518 0.54834116
v 0.89653780 0.68114254 0.75396910
v 0.89653780 0.88677048 -1.09668233
v 0.82799516 0.88677048 0.47979852
v 0.89653780 0.81822783 0.47979852
v 0.89653780 0.88677048 0.41125587
v 0.89653780 1.02385577 -1.09668233
v 0.82799516 1.02385577 0.34271323
v 0.89653780 0.95531312 0.34271323
v 0.89653780 1.02385577 0.27417058
v 0.89653780 1.09239841 -1.02813968
v 0.89653780 1.09239841 -0.89105439
v 0.89653780 1.09239841 -0.75396910
v 0.89653780 1.09239841 -0.61688381
v 0.89653780 1.09239841 -0.47979852
v 0.89653780 1.09239841 -0.34271323
v 0.89653780 1.09239841 -0.20562794
v 0.89653780 1.09239841 -0.06854265
v 0.89653780 1.09239841 0.06854265
v 0.89653780 1.09239841 0.20562794
v 0.96508045 -1.03242360 -1.02813968
v 0.96508045 -1.03242360 -0.89105439
v 0.96508045 -1.03242360 -0.75396910
v 0.96508045 -1.03242360 -0.61688381
v 0.96508045 -1.03242360 -0.47979852
v 0.96508045 -1.03242360 -0.34271323
v 0.96508045 -1.03242360 -0.20562794
v 0.96508045 -1.03242360 -0.06854265
v 0.96508045 -1.03242360 0.06854265
v 0.96508045 -1.03242360 0.20562794
v 0.96508045 -1.03242360 0.34271323
v 0.96508045 -1.03242360 0.47979852
v 0.96508045 -1.03242360 0.61688381
v 0.96508045 -1.03242360 0.75396910
v 0.96508045 -1.03242360 0.89105439
v 0.96508045 -1.03242360 1.02813968
v 1.03362309 -0.89533831 -1.09668233
v 1.03362309 -0.96388095 -1.02813968
v 1.03362309 -0.96388095 -0.89105439
v 1.03362309 -0.96388095 -0.75396910
v 1.03362309 -0.96388095 -0.61688381
v 1.03362309 -0.96388095 -0.47979852
v 1.03362309 -0.96388095 -0.34271323
v 1.03362309 -0.96388095 -0.20562794
v 1.03362309 -0.96388095 -0.06854265
v 1.03362309 -0.96388095 0.06854265
v 1.03362309 -0.96388095 0.20562794
v 1.03362309 -0.96388095 0.34271323
v 1.03362309 -0.96388095 0.47979852
v 1.03362309 -0.96388095 0.61688381
v 1.03362309 -0.96388095 0.75396910
v 1.03362309 -0.96388095 0.89105439
v 1.03362309 -0.96388095 1.02813968
v 1.03362309 -0.89533831 1.09668233
v 1.03362309 -0.75825302 -1.09668233
v 1.03362309 -0.75825302 1.09668233
v 1.03362309 -0.62116772 -1.09668233
v 1.03362309 -0.62116772 1.09668233
v 1.03362309 -0.48408243 -1.09668233
v 1.03362309 -0.48408243 1.09668233
v 1.03362309 -0.34699714 -1.09668233
v 1.03362309 -0.34699714 1.09668233
v 1.03362309 -0.20991185 -1.09668233
v 1.03362309 -0.20991185 1.09668233
v 1.03362309 -0.07282656 -1.09668233
v 1.03362309 -0.07282656 1.09668233
v 1.03362309 0.06425873 -1.09668233
v 1.03362309 0.06425873 1.09668233
v 1.03362309 0.20134402 -1.09668233
v 1.03362309 0.20134402 1.09668233
v 1.03362309 0.33842931 -1.09668233
v 0.96508045 0.33842931 1.02813968
v 1.03362309 0.26988667 1.02813968
v 1.03362309 0.33842931 0.95959704
v 1.03362309 0.47551460 -1.09668233
v 0.96508045 0.47551460 0.89105439
v 1.03362309 0.40697196 0.89105439
v 1.03362309 0.47551460 0.82251175
v 1.03362309 0.61259989 -1.09668233
v 0.96508045 0.61259989 0.75396910
v 1.03362309 0.54405725 0.75396910
v 1.03362309 0.61259989 0.68542645
v 1.03362309 0.74968518 -1.09668233
v 0.96508045 0.74968518 0.47979852
v 1.03362309 0.68114254 0.47979852
v 1.03362309 0.74968518 0.41125587
v 1.03362309 0.68114254 0.61688381
v 1.03362309 0.88677048 -1.09668233
v 0.96508045 0.88677048 0.34271323
v 1.03362309 0.81822783 0.34271323
v 1.03362309 0.88677048 0.27417058
v 1.03362309 0.95531312 -1.02813968
v 0.96508045 1.02385577 -1.02813968
v 0.96508045 1.02385577 -0.89105439
v 1.03362309 0.95531312 -0.89105439
v 0.96508045 1.02385577 -0.75396910
v 1.03362309 0.95531312 -0.75396910
v 0.96508045 1.02385577 -0.61688381
v 1.03362309 0.95531312 -0.61688381
v 0.96508045 1.02385577 -0.47979852
v 1.03362309 0.95531312 -0.47979852
v 0.96508045 1.02385577 -0.34271323
v 1.03362309 0.95531312 -0.34271323
v 0.96508045 1.02385577 -0.20562794
v 1.03362309 0.95531312 -0.20562794
v 0.96508045 1.02385577 -0.06854265
v 1.03362309 0.95531312 -0.06854265
v 0.96508045 1.02385577 0.06854265
v 1.03362309 0.95531312 0.06854265
v 0.96508045 1.02385577 0.20562794
v 1.03362309 0.95531312 0.20562794
v 1.10216574 -0.89533831 -1.02813968
v 1.10216574 -0.89533831 -0.89105439
v 1.10216574 -0.89533831 -0.75396910
v 1.10216574 -0.89533831 -0.61688381
v 1.10216574 -0.89533831 -0.47979852
v 1.10216574 -0.89533831 -0.34271323
v 1.10216574 -0.89533831 -0.20562794
v 1.10216574 -0.89533831 -0.06854265
v 1.10216574 -0.89533831 0.06854265
v 1.10216574 -0.89533831 0.20562794
v 1.10216574 -0.89533831 0.34271323
v 1.10216574 -0.89533831 0.47979852
v 1.10216574 -0.89533831 0.61688381
v 1.10216574 -0.89533831 0.75396910
v 1.10216574 -0.89533831 0.89105439
v 1.10216574 -0.89533831 1.02813968
v 1.10216574 -0.75825302 -1.02813968
v 1.10216574 -0.75825302 -0.89105439
v 1.10216574 -0.75825302 -0.75396910
v 1.10216574 -0.75825302 -0.61688381
v 1.10216574 -0.75825302 -0.47979852
v 1.10216574 -0.75825302 -0.34271323
v 1.10216574 -0.75825302 -0.20562794
v 1.10216574 -0.75825302 -0.06854265
v 1.10216574 -0.75825302 0.06854265
v 1.10216574 -0.75825302 0.20562794
v 1.10216574 -0.75825302 0.34271323
v 1.10216574 -0.75825302 0.47979852
v 1.10216574 -0.75825302 0.61688381
v 1.10216574 -0.75825302 0.75396910
v 1.10216574 -0.75825302 0.89105439
v 1.10216574 -0.75825302 1.02813968
v 1.10216574 -0.62116772 -1.02813968
v 1.10216574 -0.62116772 -0.89105439
v 1.10216574 -0.62116772 -0.75396910
v 1.10216574 -0.62116772 -0.61688381
v 1.10216574 -0.62116772 -0.47979852
v 1.10216574 -0.62116772 -0.34271323
v 1.10216574 -0.62116772 -0.20562794
v 1.10216574 -0.62116772 -0.06854265
v 1.10216574 -0.62116772 0.06854265
v 1.10216574 -0.62116772 0.20562794
v 1.10216574 -0.62116772 0.34271323
v 1.10216574 -0.62116772 0.47979852
v 1.10216574 -0.62116772 0.61688381
v 1.10216574 -0.62116772 0.75396910
v 1.10216574 -0.62116772 0.89105439
v 1.10216574 -0.62116772 1.02813968
v 1.10216574 -0.48408243 -1.02813968
v 1.10216574 -0.48408243 -0.89105439
v 1.10216574 -0.48408243 -0.75396910
v 1.10216574 -0.48408243 -0.61688381
v 1.10216574 -0.48408243 -0.47979852
v 1.10216574 -0.48408243 -0.34271323
v 1.10216574 -0.48408243 -0.20562794
v 1.10216574 -0.48408243 -0.06854265
v 1.10216574 -0.48408243 0.06854265
v 1.10216574 -0.48408243 0.20562794
v 1.10216574 -0.48408243 0.34271323
v 1.10216574 -0.48408243 0.47979852
v 1.10216574 -0.48408243 0.61688381
v 1.10216574 -0.48408243 0.75396910
v 1.10216574 -0.48408243 0.89105439
v 1.10216574 -0.48408243 1.02813968
v 1.10216574 -0.34699714 -1.02813968
v 1.10216574 -0.34699714 -0.89105439
v 1.10216574 -0.34699714 -0.75396910
v 1.10216574 -0.34699714 -0.61688381
v 1.10216574 -0.34699714 -0.47979852
v 1.10216574 -0.34699714 -0.34271323
v 1.10216574 -0.34699714 -0.20562794
v 1.10216574 -0.34699714 -0.06854265
v 1.10216574 -0.34699714 0.06854265
v 1.10216574 -0.34699714 0.20562794
v 1.10216574 -0.34699714 0.34271323
v 1.10216574 -0.34699714 0.47979852
v 1.10216574 -0.34699714 0.61688381
v 1.10216574 -0.34699714 0.75396910
v 1.10216574 -0.34699714 0.89105439
v 1.10216574 -0.34699714 1.02813968
v 1.10216574 -0.20991185 -1.02813968
v 1.10216574 -0.20991185 -0.89105439
v 1.10216574 -0.20991185 -0.75396910
v 1.10216574 -0.20991185 -0.61688381
v 1.10216574 -0.20991185 -0.47979852
v 1.10216574 -0.20991185 -0.34271323
v 1.10216574 -0.20991185 -0.20562794
v 1.10216574 -0.20991185 -0.06854265
v 1.10216574 -0.20991185 0.06854265
v 1.10216574 -0.20991185 0.20562794
v 1.10216574 -0.20991185 0.34271323
v 1.10216574 -0.20991185 0.47979852
v 1.10216574 -0.20991185 0.61688381
v 1.10216574 -0.20991185 0.75396910
v 1.10216574 -0.20991185 0.89105439
v 1.10216574 -0.20991185 1.02813968
v 1.10216574 -0.07282656 -1.02813968
v 1.10216574 -0.07282656 -0.89105439
v 1.10216574 -0.07282656 -0.75396910
v 1.10216574 -0.07282656 -0.61688381
v 1.10216574 -0.07282656 -0.47979852
v 1.10216574 -0.07282656 -0.34271323
v 1.10216574 -0.07282656 -0.20562794
v 1.10216574 -0.07282656 -0.06854265
v 1.10216574 -0.07282656 0.06854265
v 1.10216574 -0.07282656 0.20562794
v 1.10216574 -0.07282656 0.34271323
v 1.10216574 -0.07282656 0.47979852
v 1.10216574 -0.07282656 0.61688381
v 1.10216574 -0.07282656 0.75396910
v 1.10216574 -0.07282656 0.89105439
v 1.10216574 -0.07282656 1.02813968
v 1.10216574 0.06425873 -1.02813968
v 1.10216574 0.06425873 -0.89105439
v 1.10216574 0.06425873 -0.75396910
v 1.10216574 0.06425873 -0.61688381
v 1.10216574 0.06425873 -0.47979852
v 1.10216574 0.06425873 -0.34271323
v 1.10216574 0.06425873 -0.20562794
v 1.10216574 0.06425873 -0.06854265
v 1.10216574 0.06425873 0.06854265
v 1.10216574 0.06425873 0.20562794
v 1.10216574 0.06425873 0.34271323
v 1.10216574 0.06425873 0.47979852
v 1.10216574 0.06425873 0.61688381
v 1.10216574 0.06425873 0.75396910
v 1.10216574 0.06425873 0.89105439
v 1.10216574 0.06425873 1.02813968
v 1.10216574 0.20134402 -1.02813968
v 1.10216574 0.20134402 -0.89105439
v 1.10216574 0.20134402 -0.75396910
v 1.10216574 0.20134402 -0.61688381
v 1.10216574 0.20134402 -0.47979852
v 1.10216574 0.20134402 -0.34271323
v 1.10216574 0.20134402 -0.20562794
v 1.10216574 0.20134402 -0.06854265
v 1.10216574 0.20134402 0.06854265
v 1.10216574 0.20134402 0.20562794
v 1.10216574 0.20134402 0.34271323
v 1.10216574 0.20134402 0.47979852
v 1.10216574 0.20134402 0.61688381
v 1.10216574 0.20134402 0.75396910
v 1.10216574 0.20134402 0.89105439
v 1.10216574 0.20134402 1.02813968
v 1.10216574 0.33842931 -1.02813968
v 1.10216574 0.33842931 -0.89105439
v 1.10216574 0.33842931 -0.75396910
v 1.10216574 0.33842931 -0.61688381
v 1.10216574 0.33842931 -0.47979852
v 1.10216574 0.33842931 -0.34271323
v 1.10216574 0.33842931 -0.20562794
v 1.10216574 0.33842931 -0.06854265
v 1.10216574 0.33842931 0.06854265
v 1.10216574 0.33842931 0.20562794
v 1.10216574 0.33842931 0.34271323
v 1.10216574 0.33842931 0.47979852
v 1.10216574 0.33842931 0.61688381
v 1.10216574 0.33842931 0.75396910
v 1.10216574 0.33842931 0.89105439
v 1.10216574 0.47551460 -1.02813968
v 1.10216574 0.47551460 -0.89105439
v 1.10216574 0.47551460 -0.75396910
v 1.10216574 0.47551460 -0.61688381
v 1.10216574 0.47551460 -0.47979852
v 1.10216574 0.47551460 -0.34271323
v 1.10216574 0.47551460 -0.20562794
v 1.10216574 0.47551460 -0.06854265
v 1.10216574 0.47551460 0.06854265
v 1.10216574 0.47551460 0.20562794
v 1.10216574 0.47551460 0.34271323
v 1.10216574 0.47551460 0.47979852
v 1.10216574 0.47551460 0.61688381
v 1.10216574 0.47551460 0.75396910
v 1.10216574 0.61259989 -1.02813968
v 1.10216574 0.61259989 -0.89105439
v 1.10216574 0.61259989 -0.75396910
v 1.10216574 0.61259989 -0.61688381
v 1.10216574 0.61259989 -0.47979852
v 1.10216574 0.61259989 -0.34271323
v 1.10216574 0.61259989 -0.20562794
v 1.10216574 0.61259989 -0.06854265
v 1.10216574 0.61259989 0.06854265
v 1.10216574 0.61259989 0.20562794
v 1.10216574 0.61259989 0.34271323
v 1.10216574 0.61259989 0.47979852
v 1.10216574 0.61259989 0.61688381
v 1.10216574 0.74968518 -1.02813968
v 1.10216574 0.74968518 -0.89105439
v 1.10216574 0.74968518 -0.75396910
v 1.10216574 0.74968518 -0.61688381
v 1.10216574 0.74968518 -0.47979852
v 1.10216574 0.74968518 -0.34271323
v 1.10216574 0.74968518 -0.20562794
v 1.10216574 0.74968518 -0.06854265
v 1.10216574 0.74968518 0.06854265
v 1.10216574 0.74968518 0.20562794
v 1.10216574 0.74968518 0.34271323
v 1.10216574 0.88677048 -1.02813968
v 1.10216574 0.88677048 -0.89105439
v 1.10216574 0.88677048 -0.75396910
v 1.10216574 0.88677048 -0.61688381
v 1.10216574 0.88677048 -0.47979852
v 1.10216574 0.88677048 -0.34271323
v 1.10216574 0.88677048 -0.20562794
v 1.10216574 0.88677048 -0.06854265
v 1.10216574 0.88677048 0.06854265
v 1.10216574 0.88677048 0.20562794
f 3 2 1
f 5 4 1
f 1 4 3
f 7 6 5
f 5 6 4
f 9 8 7
f 7 8 6
f 11 10 9
f 9 10 8
f 13 12 11
f 11 12 10
f 15 14 13
f 13 14 12
f 17 16 15
f 15 16 14
f 19 18 17
f 17 18 16
f 21 20 19
f 19 20 18
f 23 22 21
f 21 22 20
f 25 24 23
f 23 24 22
f 27 26 25
f 25 26 24
f 29 28 27
f 27 28 26
f 31 30 29
f 29 30 28
f 33 32 31
f 31 32 30
f 33 34 32
f 1 2 35
f 35 2 36
f 1 37 5
f 1 35 37
f 5 38 7
f 5 37 38
f 7 39 9
f 7 38 39
f 9 40 11
f 9 39 40
f 11 41 13
f 11 40 41
f 13 42 15
f 13 41 42
f 15 43 17
f 15 42 43
f 17 44 19
f 17 43 44
f 19 45 21
f 19 44 45
f 21 46 23
f 21 45 46
f 23 47 25
f 23 46 47
f 25 48 27
f 25 47 48
f 27 49 29
f 27 48 49
f 29 50 31
f 29 49 50
f 31 51 33
f 31 50 51
f 34 33 52
f 52 33 51
f 35 36 53
f 53 36 54
f 35 55 37
f 35 53 55
f 37 56 38
f 37 55 56
f 38 57 39
f 38 56 57
f 39 58 40
f 39 57 58
f 40 59 41
f 40 58 59
f 41 60 42
f 41 59 60
f 42 61 43
f 42 60 61
f 43 62 44
f 43 61 62
f 44 63 45
f 44 62 63
f 45 64 46
f 45 63 64
f 46 65 47
f 46 64 65
f 47 66 48
f 47 65 66
f 48 67 49
f 48 66 67
f 49 68 50
f 49 67 68
f 50 69 51
f 50 68 69
f 52 51 70
f 70 51 69
f 53 54 71
f 71 54 72
f 53 73 55
f 53 71 73
f 55 74 56
f 55 73 74
f 56 75 57
f 56 74 75
f 57 76 58
f 57 75 76
f 58 77 59
f 58 76 77
f 59 78 60
f 59 77 78
f 60 79 61
f 60 78 79
f 61 80 62
f 61 79 80
f 62 81 63
f 62 80 81
f 63 82 64
f 63 81 82
f 64 83 65
f 64 82 83
f 65 84 66
f 65 83 84
f 66 85 67
f 66 84 85
f 67 86 68
f 67 85 86
f 68 87 69
f 68 86 87
f 70 69 88
f 88 69 87
f 71 72 89
f 89 72 90
f 71 91 73
f 71 89 91
f 73 92 74
f 73 91 92
f 74 93 75
f 74 92 93
f 75 94 76
f 75 93 94
f 76 95 77
f 76 94 95
f 77 96 78
f 77 95 96
f 78 97 79
f 78 96 97
f 79 98 80
f 79 97 98
f 80 99 81
f 80 98 99
f 81 100 82
f 81 99 100
f 82 101 83
f 82 100 101
f 83 102 84
f 83 101 102
f 84 103 85
f 84 102 103
f 85 104 86
f 85 103 104
f 86 105 87
f 86 104 105
f 88 87 106
f 106 87 105
f 89 90 107
f 107 90 108
f 89 109 91
f 89 107 109
f 91 110 92
f 91 109 110
f 92 111 93
f 92 110 111
f 93 112 94
f 93 111 112
f 94 113 95
f 94 112 113
f 95 114 96
f 95 113 114
f 96 115 97
f 96 114 115
f 97 116 98
f 97 115 116
f 98 117 99
f 98 116 117
f 99 118 100
f 99 117 118
f 100 119 101
f 100 118 119
f 101 120 102
f 101 119 120
f 102 121 103
f 102 120 121
f 103 122 104
f 103 121 122
f 104 123 105
f 104 122 123
f 106 105 124
f 124 105 123
f 107 108 125
f 125 108 126
f 107 127 109
f 107 125 127
f 109 128 110
f 109 127 128
f 110 129 111
f 110 128 129
f 111 130 112
f 111 129 130
f 112 131 113
f 112 130 131
f 113 132 114
f 113 131 132
f 114 133 115
f 114 132 133
f 115 134 116
f 115 133 134
f 116 135 117
f 116 134 135
f 117 136 118
f 117 135 136
f 118 137 119
f 118 136 137
f 119 138 120
f 119 137 138
f 120 139 121
f 120 138 139
f 121 140 122
f 121 139 140
f 122 141 123
f 122 140 141
f 124 123 142
f 142 123 141
f 125 126 143
f 143 126 144
f 125 145 127
f 125 143 145
f 127 146 128
f 127 145 146
f 128 147 129
f 128 146 147
f 129 148 130
f 129 147 148
f 130 149 131
f 130 148 149
f 131 150 132
f 131 149 150
f 132 151 133
f 132 150 151
f 133 152 134
f 133 151 152
f 134 153 135
f 134 152 153
f 135 154 136
f 135 153 154
f 136 155 137
f 136 154 155
f 137 156 138
f 137 155 156
f 138 157 139
f 138 156 157
f 139 158 140
f 139 157 158
f 140 159 141
f 140 158 159
f 142 141 160
f 160 141 159
f 143 144 161
f 161 144 162
f 143 163 145
f 143 161 163
f 145 164 146
f 145 163 164
f 146 165 147
f 146 164 165
f 147 166 148
f 147 165 166
f 148 167 149
f 148 166 167
f 149 168 150
f 149 167 168
f 150 169 151
f 150 168 169
f 151 170 152
f 151 169 170
f 152 171 153
f 152 170 171
f 153 172 154
f 153 171 172
f 154 173 155
f 154 172 173
f 155 174 156
f 155 173 174
f 156 175 157
f 156 174 175
f 157 176 158
f 157 175 176
f 158 177 159
f 158 176 177
f 160 159 178
f 178 159 177
f 161 162 179
f 179 162 180
f 161 181 163
f 161 179 181
f 163 182 164
f 163 181 182
f 164 183 165
f 164 182 183
f 165 184 166
f 165 183 184
f 166 185 167
f 166 184 185
f 167 186 168
f 167 185 186
f 168 187 169
f 168 186 187
f 169 188 170
f 169 187 188
f 170 189 171
f 170 188 189
f 171 190 172
f 171 189 190
f 172 191 173
f 172 190 191
f 173 192 174
f 173 191 192
f 174 193 175
f 174 192 193
f 175 194 176
f 175 193 194
f 176 195 177
f 176 194 195
f 178 177 196
f 196 177 195
f 179 180 197
f 197 180 198
f 179 199 181
f 179 197 199
f 181 200 182
f 181 199 200
f 182 201 183
f 182 200 201
f 183 202 184
f 183 201 202
f 184 203 185
f 184 202 203
f 185 204 186
f 185 203 204
f 186 205 187
f 186 204 205
f 187 206 188
f 187 205 206
f 188 207 189
f 188 206 207
f 189 208 190
f 189 207 208
f 190 209 191
f 190 208 209
f 191 210 192
f 191 209 210
f 192 211 193
f 192 210 211
f 193 212 194
f 193 211 212
f 194 213 195
f 194 212 213
f 196 195 214
f 214 195 213
f 197 198 215
f 215 198 216
f 197 217 199
f 197 215 217
f 199 218 200
f 199 217 218
f 200 219 201
f 200 218 219
f 201 220 202
f 201 219 220
f 202 221 203
f 202 220 221
f 203 222 204
f 203 221 222
f 204 223 205
f 204 222 223
f 205 224 206
f 205 223 224
f 206 225 207
f 206 224 225
f 207 226 208
f 207 225 226
f 208 227 209
f 208 226 227
f 209 228 210
f 209 227 228
f 210 229 211
f 210 228 229
f 211 230 212
f 211 229 230
f 212 231 213
f 212 230 231
f 214 213 232
f 232 213 231
f 215 216 233
f 233 216 234
f 215 235 217
f 215 233 235
f 217 236 218
f 217 235 236
f 218 237 219
f 218 236 237
f 219 238 220
f 219 237 238
f 220 239 221
f 220 238 239
f 221 240 222
f 221 239 240
f 222 241 223
f 222 240 241
f 223 242 224
f 223 241 242
f 224 243 225
f 224 242 243
f 225 244 226
f 225 243 244
f 226 245 227
f 226 244 245
f 227 246 228
f 227 245 246
f 228 247 229
f 228 246 247
f 229 248 230
f 229 247 248
f 230 249 231
f 230 248 249
f 232 231 250
f 250 231 249
f 233 234 251
f 251 234 252
f 233 253 235
f 233 251 253
f 235 254 236
f 235 253 254
f 236 255 237
f 236 254 255
f 237 256 238
f 237 255 256
f 238 257 239
f 238 256 257
f 239 258 240
f 239 257 258
f 240 259 241
f 240 258 259
f 241 260 242
f 241 259 260
f 242 261 243
f 242 260 261
f 243 262 244
f 243 261 262
f 244 263 245
f 244 262 263
f 245 264 246
f 245 263 264
f 246 265 247
f 246 264 265
f 247 266 248
f 247 265 266
f 248 267 249
f 248 266 267
f 250 249 268
f 268 249 267
f 252 269 251
f 251 269 253
f 253 269 270
f 253 270 254
f 254 270 271
f 254 271 255
f 255 271 272
f 255 272 256
f 256 272 273
f 256 273 257
f 257 273 274
f 257 274 258
f 258 274 275
f 258 275 259
f 259 275 276
f 259 276 260
f 260 276 277
f 260 277 261
f 261 277 278
f 261 278 262
f 262 278 279
f 262 279 263
f 263 279 280
f 263 280 264
f 264 280 281
f 264 281 265
f 265 281 282
f 265 282 266
f 266 282 283
f 266 283 267
f 267 283 284
f 267 284 268
f 287 286 285
f 289 288 285
f 285 288 287
f 291 290 289
f 289 290 288
f 293 292 291
f 291 292 290
f 295 294 293
f 293 294 292
f 297 296 295
f 295 296 294
f 299 298 297
f 297 298 296
f 301 300 299
f 299 300 298
f 303 302 301
f 301 302 300
f 305 304 303
f 303 304 302
f 307 306 305
f 305 306 304
f 309 308 307
f 307 308 306
f 311 310 309
f 309 310 308
f 313 312 311
f 311 312 310
f 315 314 313
f 313 314 312
f 317 316 315
f 315 316 314
f 317 318 316
f 285 286 3
f 286 2 3
f 286 319 2
f 285 3 4
f 285 4 289
f 289 4 6
f 289 6 291
f 291 6 8
f 291 8 293
f 293 8 10
f 293 10 295
f 295 10 12
f 295 12 297
f 297 12 14
f 297 14 299
f 299 14 16
f 299 16 301
f 301 16 18
f 301 18 303
f 303 18 20
f 303 20 305
f 305 20 22
f 305 22 307
f 307 22 24
f 307 24 309
f 309 24 26
f 309 26 311
f 311 26 28
f 311 28 313
f 313 28 30
f 313 30 315
f 315 30 32
f 315 32 317
f 32 34 317
f 34 318 317
f 34 320 318
f 319 36 2
f 321 36 319
f 52 320 34
f 52 322 320
f 321 54 36
f 323 54 321
f 70 322 52
f 70 324 322
f 323 72 54
f 325 72 323
f 88 324 70
f 88 326 324
f 325 90 72
f 327 90 325
f 106 326 88
f 106 328 326
f 327 108 90
f 329 108 327
f 332 331 330
f 333 330 331
f 124 328 106
f 124 334 328
f 329 126 108
f 335 126 329
f 336 332 330
f 336 330 333
f 142 334 124
f 142 337 334
f 335 144 126
f 338 144 335
f 160 337 142
f 160 339 337
f 338 162 144
f 340 162 338
f 178 339 160
f 178 341 339
f 340 180 162
f 342 180 340
f 196 341 178
f 196 343 341
f 342 198 180
f 344 198 342
f 214 343 196
f 214 345 343
f 344 216 198
f 346 216 344
f 232 345 214
f 232 347 345
f 346 234 216
f 348 234 346
f 250 347 232
f 250 349 347
f 348 252 234
f 350 252 348
f 268 349 250
f 268 351 349
f 269 252 352
f 252 353 352
f 252 350 353
f 354 270 269
f 354 269 352
f 355 271 270
f 355 270 354
f 356 272 271
f 356 271 355
f 357 273 272
f 357 272 356
f 358 274 273
f 358 273 357
f 359 275 274
f 359 274 358
f 360 276 275
f 360 275 359
f 361 277 276
f 361 276 360
f 362 278 277
f 362 277 361
f 363 279 278
f 363 278 362
f 364 280 279
f 364 279 363
f 365 281 280
f 365 280 364
f 366 282 281
f 366 281 365
f 367 283 282
f 367 282 366
f 368 284 283
f 368 283 367
f 368 369 284
f 369 268 284
f 369 351 268
f 353 370 352
f 352 370 354
f 354 370 371
f 354 371 355
f 355 371 372
f 355 372 356
f 356 372 373
f 356 373 357
f 357 373 374
f 357 374 358
f 358 374 375
f 358 375 359
f 359 375 376
f 359 376 360
f 360 376 377
f 360 377 361
f 361 377 378
f 361 378 362
f 362 378 379
f 362 379 363
f 363 379 380
f 363 380 364
f 364 380 381
f 364 381 365
f 365 381 382
f 365 382 366
f 366 382 383
f 366 383 367
f 367 383 384
f 367 384 368
f 368 384 385
f 368 385 369
f 387 386 287
f 287 386 286
f 388 287 288
f 388 387 287
f 389 288 290
f 389 388 288
f 390 290 292
f 390 389 290
f 391 292 294
f 391 390 292
f 392 294 296
f 392 391 294
f 393 296 298
f 393 392 296
f 394 298 300
f 394 393 298
f 395 300 302
f 395 394 300
f 396 302 304
f 396 395 302
f 397 304 306
f 397 396 304
f 398 306 308
f 398 397 306
f 399 308 310
f 399 398 308
f 400 310 312
f 400 399 310
f 401 312 314
f 401 400 312
f 402 314 316
f 402 401 314
f 316 318 402
f 402 318 403
f 386 319 286
f 404 319 386
f 320 403 318
f 320 405 403
f 404 321 319
f 406 321 404
f 322 405 320
f 322 407 405
f 406 323 321
f 408 323 406
f 324 407 322
f 324 409 407
f 408 325 323
f 410 325 408
f 326 409 324
f 326 411 409
f 410 327 325
f 412 327 410
f 328 411 326
f 328 413 411
f 412 329 327
f 414 329 412
f 332 415 331
f 415 333 331
f 334 413 328
f 334 416 413
f 414 335 329
f 417 335 414
f 336 415 332
f 415 336 333
f 337 416 334
f 337 418 416
f 417 338 335
f 419 338 417
f 339 418 337
f 339 420 418
f 419 340 338
f 421 340 419
f 341 420 339
f 341 422 420
f 421 342 340
f 423 342 421
f 426 425 424
f 427 424 425
f 343 422 341
f 343 428 422
f 423 344 342
f 429 344 423
f 430 426 424
f 430 424 427
f 345 428 343
f 345 431 428
f 429 346 344
f 432 346 429
f 347 431 345
f 347 433 431
f 432 348 346
f 434 348 432
f 349 433 347
f 349 435 433
f 434 350 348
f 436 350 434
f 351 435 349
f 351 437 435
f 436 353 350
f 438 353 436
f 369 437 351
f 369 439 437
f 438 440 353
f 353 440 370
f 370 441 371
f 440 441 370
f 371 442 372
f 441 442 371
f 372 443 373
f 442 443 372
f 373 444 374
f 443 444 373
f 374 445 375
f 444 445 374
f 375 446 376
f 445 446 375
f 376 447 377
f 446 447 376
f 377 448 378
f 447 448 377
f 378 449 379
f 448 449 378
f 379 450 380
f 449 450 379
f 380 451 381
f 450 451 380
f 381 452 382
f 451 452 381
f 382 453 383
f 452 453 382
f 383 454 384
f 453 454 383
f 384 455 385
f 454 455 384
f 369 385 439
f 439 385 455
f 457 456 387
f 387 456 386
f 458 387 388
f 458 457 387
f 459 388 389
f 459 458 388
f 460 389 390
f 460 459 389
f 461 390 391
f 461 460 390
f 462 391 392
f 462 461 391
f 463 392 393
f 463 462 392
f 464 393 394
f 464 463 393
f 465 394 395
f 465 464 394
f 466 395 396
f 466 465 395
f 467 396 397
f 467 466 396
f 468 397 398
f 468 467 397
f 469 398 399
f 469 468 398
f 470 399 400
f 470 469 399
f 471 400 401
f 471 470 400
f 472 401 402
f 472 471 401
f 402 403 472
f 472 403 473
f 456 404 386
f 474 404 456
f 405 473 403
f 405 475 473
f 474 406 404
f 476 406 474
f 407 475 405
f 407 477 475
f 476 408 406
f 478 408 476
f 409 477 407
f 409 479 477
f 478 410 408
f 480 410 478
f 411 479 409
f 411 481 479
f 480 412 410
f 482 412 480
f 413 481 411
f 413 483 481
f 482 414 412
f 484 414 482
f 416 483 413
f 416 485 483
f 484 417 414
f 486 417 484
f 418 485 416
f 418 487 485
f 486 419 417
f 488 419 486
f 420 487 418
f 420 489 487
f 488 421 419
f 490 421 488
f 422 489 420
f 422 491 489
f 490 423 421
f 492 423 490
f 426 493 425
f 493 427 425
f 428 491 422
f 428 494 491
f 492 429 423
f 495 429 492
f 430 493 426
f 427 493 430
f 498 497 496
f 499 497 498
f 431 494 428
f 431 500 494
f 495 432 429
f 501 432 495
f 502 496 497
f 502 497 499
f 433 500 431
f 433 503 500
f 501 434 432
f 504 434 501
f 435 503 433
f 435 505 503
f 504 436 434
f 506 436 504
f 437 505 435
f 437 507 505
f 506 438 436
f 508 438 506
f 439 507 437
f 439 509 507
f 508 510 438
f 438 510 440
f 440 511 441
f 510 511 440
f 441 512 442
f 511 512 441
f 442 513 443
f 512 513 442
f 443 514 444
f 513 514 443
f 444 515 445
f 514 515 444
f 445 516 446
f 515 516 445
f 446 517 447
f 516 517 446
f 447 518 448
f 517 518 447
f 448 519 449
f 518 519 448
f 449 520 450
f 519 520 449
f 450 521 451
f 520 521 450
f 451 522 452
f 521 522 451
f 452 523 453
f 522 523 452
f 453 524 454
f 523 524 453
f 454 525 455
f 524 525 454
f 439 455 509
f 509 455 525
f 527 526 457
f 457 526 456
f 528 457 458
f 528 527 457
f 529 458 459
f 529 528 458
f 530 459 460
f 530 529 459
f 531 460 461
f 531 530 460
f 532 461 462
f 532 531 461
f 533 462 463
f 533 532 462
f 534 463 464
f 534 533 463
f 535 464 465
f 535 534 464
f 536 465 466
f 536 535 465
f 537 466 467
f 537 536 466
f 538 467 468
f 538 537 467
f 539 468 469
f 539 538 468
f 540 469 470
f 540 539 469
f 541 470 471
f 541 540 470
f 542 471 472
f 542 541 471
f 472 473 542
f 542 473 543
f 526 474 456
f 544 474 526
f 475 543 473
f 475 545 543
f 544 476 474
f 546 476 544
f 477 545 475
f 477 547 545
f 546 478 476
f 548 478 546
f 479 547 477
f 479 549 547
f 548 480 478
f 550 480 548
f 481 549 479
f 481 551 549
f 550 482 480
f 552 482 550
f 483 551 481
f 483 553 551
f 552 484 482
f 554 484 552
f 485 553 483
f 485 555 553
f 554 486 484
f 556 486 554
f 487 555 485
f 487 557 555
f 556 488 486
f 558 488 556
f 489 557 487
f 489 559 557
f 558 490 488
f 560 490 558
f 491 559 489
f 491 561 559
f 560 492 490
f 562 492 560
f 494 561 491
f 494 563 561
f 562 495 492
f 564 495 562
f 496 565 498
f 565 499 498
f 500 563 494
f 500 566 563
f 564 501 495
f 567 501 564
f 502 565 496
f 565 502 499
f 503 566 500
f 503 568 566
f 567 504 501
f 569 504 567
f 505 568 503
f 505 570 568
f 569 506 504
f 571 506 569
f 507 570 505
f 507 572 570
f 571 508 506
f 573 508 571
f 509 572 507
f 509 574 572
f 573 575 508
f 508 575 510
f 510 576 511
f 575 576 510
f 511 577 512
f 576 577 511
f 512 578 513
f 577 578 512
f 513 579 514
f 578 579 513
f 514 580 515
f 579 580 514
f 515 581 516
f 580 581 515
f 516 582 517
f 581 582 516
f 517 583 518
f 582 583 517
f 518 584 519
f 583 584 518
f 519 585 520
f 584 585 519
f 520 586 521
f 585 586 520
f 521 587 522
f 586 587 521
f 522 588 523
f 587 588 522
f 523 589 524
f 588 589 523
f 524 590 525
f 589 590 524
f 509 525 574
f 574 525 590
f 592 591 527
f 527 591 526
f 593 527 528
f 593 592 527
f 594 528 529
f 594 593 528
f 595 529 530
f 595 594 529
f 596 530 531
f 596 595 530
f 597 531 532
f 597 596 531
f 598 532 533
f 598 597 532
f 599 533 534
f 599 598 533
f 600 534 535
f 600 599 534
f 601 535 536
f 601 600 535
f 602 536 537
f 602 601 536
f 603 537 538
f 603 602 537
f 604 538 539
f 604 603 538
f 605 539 540
f 605 604 539
f 606 540 541
f 606 605 540
f 607 541 542
f 607 606 541
f 542 543 607
f 607 543 608
f 591 544 526
f 609 544 591
f 545 608 543
f 545 610 608
f 609 546 544
f 611 546 609
f 547 610 545
f 547 612 610
f 611 548 546
f 613 548 611
f 549 612 547
f 549 614 612
f 613 550 548
f 615 550 613
f 551 614 549
f 551 616 614
f 615 552 550
f 617 552 615
f 553 616 551
f 553 618 616
f 617 554 552
f 619 554 617
f 555 618 553
f 555 620 618
f 619 556 554
f 621 556 619
f 557 620 555
f 557 622 620
f 621 558 556
f 623 558 621
f 559 622 557
f 559 624 622
f 623 560 558
f 625 560 623
f 561 624 559
f 561 626 624
f 625 562 560
f 627 562 625
f 563 626 561
f 563 628 626
f 627 564 562
f 629 564 627
f 566 628 563
f 566 630 628
f 629 567 564
f 631 567 629
f 568 630 566
f 568 632 630
f 631 569 567
f 633 569 631
f 570 632 568
f 570 634 632
f 633 571 569
f 635 571 633
f 572 634 570
f 572 636 634
f 635 573 571
f 637 573 635
f 574 636 572
f 574 638 636
f 637 639 573
f 573 639 575
f 575 640 576
f 639 640 575
f 576 641 577
f 640 641 576
f 577 642 578
f 641 642 577
f 578 643 579
f 642 643 578
f 579 644 580
f 643 644 579
f 580 645 581
f 644 645 580
f 581 646 582
f 645 646 581
f 582 647 583
f 646 647 582
f 583 648 584
f 647 648 583
f 584 649 585
f 648 649 584
f 585 650 586
f 649 650 585
f 586 651 587
f 650 651 586
f 587 652 588
f 651 652 587
f 588 653 589
f 652 653 588
f 589 654 590
f 653 654 589
f 574 590 638
f 638 590 654
f 656 655 592
f 592 655 591
f 657 592 593
f 657 656 592
f 658 593 594
f 658 657 593
f 659 594 595
f 659 658 594
f 660 595 596
f 660 659 595
f 661 596 597
f 661 660 596
f 662 597 598
f 662 661 597
f 663 598 599
f 663 662 598
f 664 599 600
f 664 663 599
f 665 600 601
f 665 664 600
f 666 601 602
f 666 665 601
f 667 602 603
f 667 666 602
f 668 603 604
f 668 667 603
f 669 604 605
f 669 668 604
f 670 605 606
f 670 669 605
f 671 606 607
f 671 670 606
f 607 608 671
f 671 608 672
f 655 609 591
f 673 609 655
f 610 672 608
f 610 674 672
f 673 611 609
f 675 611 673
f 612 674 610
f 612 676 674
f 675 613 611
f 677 613 675
f 614 676 612
f 614 678 676
f 677 615 613
f 679 615 677
f 616 678 614
f 616 680 678
f 679 617 615
f 681 617 679
f 618 680 616
f 618 682 680
f 681 619 617
f 683 619 681
f 620 682 618
f 620 684 682
f 683 621 619
f 685 621 683
f 622 684 620
f 622 686 684
f 685 623 621
f 687 623 685
f 624 686 622
f 624 688 686
f 687 625 623
f 689 625 687
f 626 688 624
f 626 690 688
f 689 627 625
f 691 627 689
f 628 690 626
f 628 692 690
f 691 629 627
f 693 629 691
f 630 692 628
f 630 694 692
f 693 631 629
f 695 631 693
f 632 694 630
f 632 696 694
f 695 633 631
f 697 633 695
f 700 699 698
f 701 698 699
f 634 696 632
f 634 702 696
f 697 635 633
f 703 635 697
f 704 700 698
f 704 698 701
f 636 702 634
f 636 705 702
f 703 637 635
f 706 637 703
f 638 705 636
f 638 707 705
f 706 708 637
f 637 708 639
f 639 709 640
f 708 709 639
f 640 710 641
f 709 710 640
f 641 711 642
f 710 711 641
f 642 712 643
f 711 712 642
f 643 713 644
f 712 713 643
f 644 714 645
f 713 714 644
f 645 715 646
f 714 715 645
f 646 716 647
f 715 716 646
f 647 717 648
f 716 717 647
f 648 718 649
f 717 718 648
f 649 719 650
f 718 719 649
f 650 720 651
f 719 720 650
f 651 721 652
f 720 721 651
f 652 722 653
f 721 722 652
f 653 723 654
f 722 723 653
f 638 654 707
f 707 654 723
f 725 724 656
f 656 724 655
f 726 656 657
f 726 725 656
f 727 657 658
f 727 726 657
f 728 658 659
f 728 727 658
f 729 659 660
f 729 728 659
f 730 660 661
f 730 729 660
f 731 661 662
f 731 730 661
f 732 662 663
f 732 731 662
f 733 663 664
f 733 732 663
f 734 664 665
f 734 733 664
f 735 665 666
f 735 734 665
f 736 666 667
f 736 735 666
f 737 667 668
f 737 736 667
f 738 668 669
f 738 737 668
f 739 669 670
f 739 738 669
f 740 670 671
f 740 739 670
f 671 672 740
f 740 672 741
f 724 673 655
f 742 673 724
f 674 741 672
f 674 743 741
f 742 675 673
f 744 675 742
f 676 743 674
f 676 745 743
f 744 677 675
f 746 677 744
f 678 745 676
f 678 747 745
f 746 679 677
f 748 679 746
f 680 747 678
f 680 749 747
f 748 681 679
f 750 681 748
f 682 749 680
f 682 751 749
f 750 683 681
f 752 683 750
f 684 751 682
f 684 753 751
f 752 685 683
f 754 685 752
f 686 753 684
f 686 755 753
f 754 687 685
f 756 687 754
f 688 755 686
f 688 757 755
f 756 689 687
f 758 689 756
f 690 757 688
f 690 759 757
f 758 691 689
f 760 691 758
f 692 759 690
f 692 761 759
f 760 693 691
f 762 693 760
f 694 761 692
f 694 763 761
f 762 695 693
f 764 695 762
f 696 763 694
f 696 765 763
f 764 697 695
f 766 697 764
f 700 767 699
f 767 701 699
f 702 765 696
f 702 768 765
f 766 703 697
f 769 703 766
f 704 767 700
f 767 704 701
f 705 768 702
f 705 770 768
f 769 706 703
f 771 706 769
f 707 770 705
f 707 772 770
f 771 773 706
f 706 773 708
f 708 774 709
f 773 774 708
f 709 775 710
f 774 775 709
f 710 776 711
f 775 776 710
f 711 777 712
f 776 777 711
f 712 778 713
f 777 778 712
f 713 779 714
f 778 779 713
f 714 780 715
f 779 780 714
f 715 781 716
f 780 781 715
f 716 782 717
f 781 782 716
f 717 783 718
f 782 783 717
f 718 784 719
f 783 784 718
f 719 785 720
f 784 785 719
f 720 786 721
f 785 786 720
f 721 787 722
f 786 787 721
f 722 788 723
f 787 788 722
f 707 723 772
f 772 723 788
f 790 789 725
f 725 789 724
f 791 725 726
f 791 790 725
f 792 726 727
f 792 791 726
f 793 727 728
f 793 792 727
f 794 728 729
f 794 793 728
f 795 729 730
f 795 794 729
f 796 730 731
f 796 795 730
f 797 731 732
f 797 796 731
f 798 732 733
f 798 797 732
f 799 733 734
f 799 798 733
f 800 734 735
f 800 799 734
f 801 735 736
f 801 800 735
f 802 736 737
f 802 801 736
f 803 737 738
f 803 802 737
f 804 738 739
f 804 803 738
f 805 739 740
f 805 804 739
f 740 741 805
f 805 741 806
f 789 742 724
f 807 742 789
f 743 806 741
f 743 808 806
f 807 744 742
f 809 744 807
f 745 808 743
f 745 810 808
f 809 746 744
f 811 746 809
f 747 810 745
f 747 812 810
f 811 748 746
f 813 748 811
f 749 812 747
f 749 814 812
f 813 750 748
f 815 750 813
f 751 814 749
f 751 816 814
f 815 752 750
f 817 752 815
f 753 816 751
f 753 818 816
f 817 754 752
f 819 754 817
f 755 818 753
f 755 820 818
f 819 756 754
f 821 756 819
f 757 820 755
f 757 822 820
f 821 758 756
f 823 758 821
f 759 822 757
f 759 824 822
f 823 760 758
f 825 760 823
f 761 824 759
f 761 826 824
f 825 762 760
f 827 762 825
f 763 826 761
f 763 828 826
f 827 764 762
f 829 764 827
f 765 828 763
f 765 830 828
f 829 766 764
f 831 766 829
f 768 830 765
f 768 832 830
f 831 769 766
f 833 769 831
f 836 835 834
f 837 834 835
f 840 839 838
f 841 838 839
f 770 832 768
f 770 842 832
f 833 771 769
f 843 771 833
f 844 836 834
f 844 834 837
f 845 840 838
f 845 838 841
f 848 847 846
f 847 842 846
f 842 772 846
f 842 770 772
f 843 849 771
f 771 849 773
f 773 850 774
f 849 850 773
f 774 851 775
f 850 851 774
f 775 852 776
f 851 852 775
f 776 853 777
f 852 853 776
f 777 854 778
f 853 854 777
f 778 855 779
f 854 855 778
f 779 856 780
f 855 856 779
f 780 857 781
f 856 857 780
f 781 858 782
f 857 858 781
f 782 859 783
f 858 859 782
f 783 860 784
f 859 860 783
f 784 861 785
f 860 861 784
f 785 862 786
f 861 862 785
f 786 863 787
f 862 863 786
f 846 788 848
f 788 863 848
f 788 787 863
f 788 846 772
f 865 864 790
f 790 864 789
f 866 790 791
f 866 865 790
f 867 791 792
f 867 866 791
f 868 792 793
f 868 867 792
f 869 793 794
f 869 868 793
f 870 794 795
f 870 869 794
f 871 795 796
f 871 870 795
f 872 796 797
f 872 871 796
f 873 797 798
f 873 872 797
f 874 798 799
f 874 873 798
f 875 799 800
f 875 874 799
f 876 800 801
f 876 875 800
f 877 801 802
f 877 876 801
f 878 802 803
f 878 877 802
f 879 803 804
f 879 878 803
f 880 804 805
f 880 879 804
f 805 806 880
f 880 806 881
f 864 807 789
f 882 807 864
f 808 881 806
f 808 883 881
f 882 809 807
f 884 809 882
f 810 883 808
f 810 885 883
f 884 811 809
f 886 811 884
f 889 888 887
f 890 887 888
f 812 885 810
f 812 891 885
f 886 813 811
f 892 813 886
f 893 889 887
f 893 887 890
f 814 891 812
f 814 894 891
f 892 815 813
f 895 815 892
f 816 894 814
f 816 896 894
f 895 817 815
f 897 817 895
f 818 896 816
f 818 898 896
f 897 819 817
f 899 819 897
f 820 898 818
f 820 900 898
f 899 821 819
f 901 821 899
f 822 900 820
f 822 902 900
f 901 823 821
f 903 823 901
f 824 902 822
f 824 904 902
f 903 825 823
f 905 825 903
f 826 904 824
f 826 906 904
f 905 827 825
f 907 827 905
f 828 906 826
f 828 908 906
f 907 829 827
f 909 829 907
f 830 908 828
f 830 910 908
f 909 831 829
f 911 831 909
f 832 910 830
f 832 912 910
f 911 833 831
f 913 833 911
f 916 915 914
f 917 835 836
f 918 914 915
f 917 837 835
f 840 919 839
f 919 841 839
f 842 912 832
f 842 920 912
f 913 843 833
f 921 843 913
f 922 916 914
f 836 844 917
f 914 918 922
f 917 844 837
f 845 919 840
f 919 845 841
f 925 924 923
f 847 848 923
f 924 847 923
f 926 847 924
f 842 847 920
f 920 847 926
f 921 927 843
f 843 927 849
f 849 928 850
f 927 928 849
f 850 929 851
f 928 929 850
f 851 930 852
f 929 930 851
f 852 931 853
f 930 931 852
f 853 932 854
f 931 932 853
f 854 933 855
f 932 933 854
f 855 934 856
f 933 934 855
f 856 935 857
f 934 935 856
f 857 936 858
f 935 936 857
f 858 937 859
f 936 937 858
f 859 938 860
f 937 938 859
f 860 939 861
f 938 939 860
f 861 940 862
f 939 940 861
f 923 863 925
f 863 940 925
f 863 862 940
f 863 923 848
f 942 941 865
f 865 941 864
f 943 865 866
f 943 942 865
f 944 866 867
f 944 943 866
f 945 867 868
f 945 944 867
f 946 868 869
f 946 945 868
f 947 869 870
f 947 946 869
f 948 870 871
f 948 947 870
f 949 871 872
f 949 948 871
f 950 872 873
f 950 949 872
f 951 873 874
f 951 950 873
f 952 874 875
f 952 951 874
f 953 875 876
f 953 952 875
f 954 876 877
f 954 953 876
f 955 877 878
f 955 954 877
f 956 878 879
f 956 955 878
f 957 879 880
f 957 956 879
f 880 881 957
f 957 881 958
f 941 882 864
f 959 882 941
f 883 958 881
f 883 960 958
f 959 884 882
f 961 884 959
f 964 963 962
f 965 962 963
f 968 967 966
f 969 966 967
f 885 960 883
f 885 970 960
f 961 886 884
f 971 886 961
f 972 964 962
f 972 962 965
f 973 968 966
f 888 889 974
f 966 969 973
f 974 890 888
f 891 970 885
f 891 975 970
f 971 892 886
f 976 892 971
f 893 974 889
f 974 893 890
f 894 975 891
f 894 977 975
f 976 895 892
f 978 895 976
f 896 977 894
f 896 979 977
f 978 897 895
f 980 897 978
f 898 979 896
f 898 981 979
f 980 899 897
f 982 899 980
f 900 981 898
f 900 983 981
f 982 901 899
f 984 901 982
f 902 983 900
f 902 985 983
f 984 903 901
f 986 903 984
f 904 985 902
f 904 987 985
f 986 905 903
f 988 905 986
f 906 987 904
f 906 989 987
f 988 907 905
f 990 907 988
f 908 989 906
f 908 991 989
f 990 909 907
f 992 909 990
f 910 991 908
f 910 993 991
f 992 911 909
f 994 911 992
f 912 993 910
f 912 995 993
f 994 913 911
f 996 913 994
f 916 997 915
f 997 918 915
f 1000 999 998
f 999 995 998
f 995 920 998
f 995 912 920
f 996 921 913
f 1001 921 996
f 922 997 916
f 997 922 918
f 1004 1003 1002
f 924 925 1002
f 1003 924 1002
f 1005 924 1003
f 998 926 1000
f 926 1005 1000
f 926 924 1005
f 926 998 920
f 1001 1006 921
f 921 1006 927
f 927 1007 928
f 1006 1007 927
f 928 1008 929
f 1007 1008 928
f 929 1009 930
f 1008 1009 929
f 930 1010 931
f 1009 1010 930
f 931 1011 932
f 1010 1011 931
f 932 1012 933
f 1011 1012 932
f 933 1013 934
f 1012 1013 933
f 934 1014 935
f 1013 1014 934
f 935 1015 936
f 1014 1015 935
f 936 1016 937
f 1015 1016 936
f 937 1017 938
f 1016 1017 937
f 938 1018 939
f 1017 1018 938
f 1002 940 1004
f 940 1018 1004
f 940 939 1018
f 940 1002 925
f 1020 1019 942
f 942 1019 941
f 1021 942 943
f 1021 1020 942
f 1022 943 944
f 1022 1021 943
f 1023 944 945
f 1023 1022 944
f 1024 945 946
f 1024 1023 945
f 1025 946 947
f 1025 1024 946
f 1026 947 948
f 1026 1025 947
f 1027 948 949
f 1027 1026 948
f 1028 949 950
f 1028 1027 949
f 1029 950 951
f 1029 1028 950
f 1030 951 952
f 1030 1029 951
f 1031 952 953
f 1031 1030 952
f 1032 953 954
f 1032 1031 953
f 1033 954 955
f 1033 1032 954
f 1034 955 956
f 1034 1033 955
f 1035 956 957
f 1035 1034 956
f 957 958 1035
f 1035 958 1036
f 1019 959 941
f 1037 959 1019
f 960 1036 958
f 960 1038 1036
f 1037 961 959
f 1039 961 1037
f 964 1040 963
f 1040 965 963
f 968 1041 967
f 1041 969 967
f 970 1038 960
f 970 1042 1038
f 1039 971 961
f 1043 971 1039
f 972 1040 964
f 1040 972 965
f 973 1041 968
f 1041 973 969
f 975 1042 970
f 975 1044 1042
f 1043 976 971
f 1045 976 1043
f 977 1044 975
f 977 1046 1044
f 1045 978 976
f 1047 978 1045
f 979 1046 977
f 979 1048 1046
f 1047 980 978
f 1049 980 1047
f 981 1048 979
f 981 1050 1048
f 1049 982 980
f 1051 982 1049
f 983 1050 981
f 983 1052 1050
f 1051 984 982
f 1053 984 1051
f 985 1052 983
f 985 1054 1052
f 1053 986 984
f 1055 986 1053
f 987 1054 985
f 987 1056 1054
f 1055 988 986
f 1057 988 1055
f 989 1056 987
f 989 1058 1056
f 1057 990 988
f 1059 990 1057
f 991 1058 989
f 991 1060 1058
f 1059 992 990
f 1061 992 1059
f 993 1060 991
f 993 1062 1060
f 1061 994 992
f 1063 994 1061
f 1066 1065 1064
f 1065 1062 1064
f 1062 995 1064
f 1062 993 995
f 1063 996 994
f 1067 996 1063
f 1070 1069 1068
f 1068 1069 1066
f 1068 1066 1064
f 1000 1068 1064
f 999 1000 1064
f 999 1064 995
f 1067 1001 996
f 1071 1001 1067
f 1073 1072 1003
f 1073 1003 1004
f 1068 1005 1070
f 1005 1072 1070
f 1005 1003 1072
f 1005 1068 1000
f 1071 1074 1001
f 1001 1074 1006
f 1006 1075 1007
f 1074 1075 1006
f 1007 1076 1008
f 1075 1076 1007
f 1008 1077 1009
f 1076 1077 1008
f 1009 1078 1010
f 1077 1078 1009
f 1010 1079 1011
f 1078 1079 1010
f 1011 1080 1012
f 1079 1080 1011
f 1012 1081 1013
f 1080 1081 1012
f 1013 1082 1014
f 1081 1082 1013
f 1014 1083 1015
f 1082 1083 1014
f 1015 1084 1016
f 1083 1084 1015
f 1016 1085 1017
f 1084 1085 1016
f 1017 1086 1018
f 1085 1086 1017
f 1004 1018 1073
f 1073 1018 1086
f 1088 1087 1020
f 1020 1087 1019
f 1089 1020 1021
f 1089 1088 1020
f 1090 1021 1022
f 1090 1089 1021
f 1091 1022 1023
f 1091 1090 1022
f 1092 1023 1024
f 1092 1091 1023
f 1093 1024 1025
f 1093 1092 1024
f 1094 1025 1026
f 1094 1093 1025
f 1095 1026 1027
f 1095 1094 1026
f 1096 1027 1028
f 1096 1095 1027
f 1097 1028 1029
f 1097 1096 1028
f 1098 1029 1030
f 1098 1097 1029
f 1099 1030 1031
f 1099 1098 1030
f 1100 1031 1032
f 1100 1099 1031
f 1101 1032 1033
f 1101 1100 1032
f 1102 1033 1034
f 1102 1101 1033
f 1103 1034 1035
f 1103 1102 1034
f 1035 1036 1103
f 1103 1036 1104
f 1087 1037 1019
f 1105 1037 1087
f 1038 1104 1036
f 1038 1106 1104
f 1105 1039 1037
f 1107 1039 1105
f 1042 1106 1038
f 1042 1108 1106
f 1107 1043 1039
f 1109 1043 1107
f 1044 1108 1042
f 1044 1110 1108
f 1109 1045 1043
f 1111 1045 1109
f 1046 1110 1044
f 1046 1112 1110
f 1111 1047 1045
f 1113 1047 1111
f 1048 1112 1046
f 1048 1114 1112
f 1113 1049 1047
f 1115 1049 1113
f 1050 1114 1048
f 1050 1116 1114
f 1115 1051 1049
f 1117 1051 1115
f 1052 1116 1050
f 1052 1118 1116
f 1117 1053 1051
f 1119 1053 1117
f 1122 1121 1120
f 1123 1120 1121
f 1054 1118 1052
f 1054 1124 1118
f 1119 1055 1053
f 1125 1055 1119
f 1126 1122 1120
f 1126 1120 1123
f 1056 1124 1054
f 1056 1127 1124
f 1125 1057 1055
f 1128 1057 1125
f 1058 1127 1056
f 1058 1129 1127
f 1128 1059 1057
f 1130 1059 1128
f 1060 1129 1058
f 1060 1131 1129
f 1130 1061 1059
f 1132 1061 1130
f 1062 1131 1060
f 1062 1133 1131
f 1132 1063 1061
f 1134 1063 1132
f 1137 1136 1135
f 1065 1066 1135
f 1136 1065 1135
f 1138 1065 1136
f 1062 1065 1133
f 1133 1065 1138
f 1134 1067 1063
f 1139 1067 1134
f 1142 1141 1140
f 1140 1141 1137
f 1140 1137 1135
f 1070 1140 1135
f 1069 1070 1135
f 1069 1135 1066
f 1139 1071 1067
f 1143 1071 1139
f 1146 1145 1144
f 1144 1145 1142
f 1144 1142 1140
f 1073 1144 1140
f 1072 1073 1140
f 1072 1140 1070
f 1143 1147 1071
f 1071 1147 1074
f 1074 1148 1075
f 1147 1148 1074
f 1075 1149 1076
f 1148 1149 1075
f 1076 1150 1077
f 1149 1150 1076
f 1077 1151 1078
f 1150 1151 1077
f 1078 1152 1079
f 1151 1152 1078
f 1079 1153 1080
f 1152 1153 1079
f 1080 1154 1081
f 1153 1154 1080
f 1081 1155 1082
f 1154 1155 1081
f 1082 1156 1083
f 1155 1156 1082
f 1083 1157 1084
f 1156 1157 1083
f 1084 1158 1085
f 1157 1158 1084
f 1144 1086 1146
f 1086 1158 1146
f 1086 1085 1158
f 1086 1144 1073
f 1160 1159 1088
f 1088 1159 1087
f 1161 1088 1089
f 1161 1160 1088
f 1162 1089 1090
f 1162 1161 1089
f 1163 1090 1091
f 1163 1162 1090
f 1164 1091 1092
f 1164 1163 1091
f 1165 1092 1093
f 1165 1164 1092
f 1166 1093 1094
f 1166 1165 1093
f 1167 1094 1095
f 1167 1166 1094
f 1168 1095 1096
f 1168 1167 1095
f 1169 1096 1097
f 1169 1168 1096
f 1170 1097 1098
f 1170 1169 1097
f 1171 1098 1099
f 1171 1170 1098
f 1172 1099 1100
f 1172 1171 1099
f 1173 1100 1101
f 1173 1172 1100
f 1174 1101 1102
f 1174 1173 1101
f 1175 1102 1103
f 1175 1174 1102
f 1103 1104 1175
f 1175 1104 1176
f 1159 1105 1087
f 1177 1105 1159
f 1106 1176 1104
f 1106 1178 1176
f 1177 1107 1105
f 1179 1107 1177
f 1108 1178 1106
f 1108 1180 1178
f 1179 1109 1107
f 1181 1109 1179
f 1110 1180 1108
f 1110 1182 1180
f 1181 1111 1109
f 1183 1111 1181
f 1112 1182 1110
f 1112 1184 1182
f 1183 1113 1111
f 1185 1113 1183
f 1114 1184 1112
f 1114 1186 1184
f 1185 1115 1113
f 1187 1115 1185
f 1116 1186 1114
f 1116 1188 1186
f 1187 1117 1115
f 1189 1117 1187
f 1118 1188 1116
f 1118 1190 1188
f 1189 1119 1117
f 1191 1119 1189
f 1122 1192 1121
f 1192 1123 1121
f 1124 1190 1118
f 1124 1193 1190
f 1191 1125 1119
f 1194 1125 1191
f 1126 1192 1122
f 1192 1126 1123
f 1127 1193 1124
f 1127 1195 1193
f 1194 1128 1125
f 1196 1128 1194
f 1129 1195 1127
f 1129 1197 1195
f 1196 1130 1128
f 1198 1130 1196
f 1131 1197 1129
f 1131 1199 1197
f 1198 1132 1130
f 1200 1132 1198
f 1203 1202 1201
f 1202 1199 1201
f 1199 1133 1201
f 1199 1131 1133
f 1200 1134 1132
f 1204 1134 1200
f 1207 1206 1205
f 1208 1205 1206
f 1211 1210 1209
f 1136 1137 1209
f 1210 1136 1209
f 1212 1136 1210
f 1201 1138 1203
f 1138 1212 1203
f 1138 1136 1212
f 1138 1201 1133
f 1204 1139 1134
f 1213 1139 1204
f 1214 1207 1205
f 1214 1205 1208
f 1217 1216 1215
f 1215 1216 1211
f 1215 1211 1209
f 1142 1215 1209
f 1141 1142 1209
f 1141 1209 1137
f 1213 1143 1139
f 1218 1143 1213
f 1221 1220 1219
f 1219 1220 1217
f 1219 1217 1215
f 1146 1219 1215
f 1145 1146 1215
f 1145 1215 1142
f 1218 1222 1143
f 1143 1222 1147
f 1147 1223 1148
f 1222 1223 1147
f 1148 1224 1149
f 1223 1224 1148
f 1149 1225 1150
f 1224 1225 1149
f 1150 1226 1151
f 1225 1226 1150
f 1151 1227 1152
f 1226 1227 1151
f 1152 1228 1153
f 1227 1228 1152
f 1153 1229 1154
f 1228 1229 1153
f 1154 1230 1155
f 1229 1230 1154
f 1155 1231 1156
f 1230 1231 1155
f 1156 1232 1157
f 1231 1232 1156
f 1219 1158 1221
f 1158 1232 1221
f 1158 1157 1232
f 1158 1219 1146
f 1234 1233 1160
f 1160 1233 1159
f 1235 1160 1161
f 1235 1234 1160
f 1236 1161 1162
f 1236 1235 1161
f 1237 1162 1163
f 1237 1236 1162
f 1238 1163 1164
f 1238 1237 1163
f 1239 1164 1165
f 1239 1238 1164
f 1240 1165 1166
f 1240 1239 1165
f 1241 1166 1167
f 1241 1240 1166
f 1242 1167 1168
f 1242 1241 1167
f 1243 1168 1169
f 1243 1242 1168
f 1244 1169 1170
f 1244 1243 1169
f 1245 1170 1171
f 1245 1244 1170
f 1246 1171 1172
f 1246 1245 1171
f 1247 1172 1173
f 1247 1246 1172
f 1248 1173 1174
f 1248 1247 1173
f 1249 1174 1175
f 1249 1248 1174
f 1175 1176 1249
f 1249 1176 1250
f 1233 1177 1159
f 1251 1177 1233
f 1178 1250 1176
f 1178 1252 1250
f 1251 1179 1177
f 1253 1179 1251
f 1180 1252 1178
f 1180 1254 1252
f 1253 1181 1179
f 1255 1181 1253
f 1182 1254 1180
f 1182 1256 1254
f 1255 1183 1181
f 1257 1183 1255
f 1184 1256 1182
f 1184 1258 1256
f 1257 1185 1183
f 1259 1185 1257
f 1186 1258 1184
f 1186 1260 1258
f 1259 1187 1185
f 1261 1187 1259
f 1188 1260 1186
f 1188 1262 1260
f 1261 1189 1187
f 1263 1189 1261
f 1190 1262 1188
f 1190 1264 1262
f 1263 1191 1189
f 1265 1191 1263
f 1193 1264 1190
f 1193 1266 1264
f 1265 1194 1191
f 1267 1194 1265
f 1195 1266 1193
f 1195 1268 1266
f 1267 1196 1194
f 1269 1196 1267
f 1197 1268 1195
f 1197 1270 1268
f 1269 1198 1196
f 1271 1198 1269
f 1274 1273 1272
f 1273 1270 1272
f 1270 1199 1272
f 1270 1197 1199
f 1271 1200 1198
f 1275 1200 1271
f 1278 1277 1276
f 1276 1277 1274
f 1276 1274 1272
f 1203 1276 1272
f 1202 1203 1272
f 1202 1272 1199
f 1275 1204 1200
f 1279 1204 1275
f 1207 1280 1206
f 1280 1208 1206
f 1283 1282 1281
f 1210 1211 1281
f 1282 1210 1281
f 1284 1210 1282
f 1276 1212 1278
f 1212 1284 1278
f 1212 1210 1284
f 1212 1276 1203
f 1279 1213 1204
f 1285 1213 1279
f 1214 1280 1207
f 1280 1214 1208
f 1288 1287 1286
f 1286 1287 1283
f 1286 1283 1281
f 1217 1286 1281
f 1216 1217 1281
f 1216 1281 1211
f 1285 1218 1213
f 1289 1218 1285
f 1292 1291 1290
f 1290 1291 1288
f 1290 1288 1286
f 1221 1290 1286
f 1220 1221 1286
f 1220 1286 1217
f 1289 1293 1218
f 1218 1293 1222
f 1222 1294 1223
f 1293 1294 1222
f 1223 1295 1224
f 1294 1295 1223
f 1224 1296 1225
f 1295 1296 1224
f 1225 1297 1226
f 1296 1297 1225
f 1226 1298 1227
f 1297 1298 1226
f 1227 1299 1228
f 1298 1299 1227
f 1228 1300 1229
f 1299 1300 1228
f 1229 1301 1230
f 1300 1301 1229
f 1230 1302 1231
f 1301 1302 1230
f 1290 1232 1292
f 1232 1302 1292
f 1232 1231 1302
f 1232 1290 1221
f 1303 1233 1234
f 1235 1304 1234
f 1234 1304 1303
f 1236 1305 1235
f 1235 1305 1304
f 1237 1306 1236
f 1236 1306 1305
f 1238 1307 1237
f 1237 1307 1306
f 1239 1308 1238
f 1238 1308 1307
f 1240 1309 1239
f 1239 1309 1308
f 1241 1310 1240
f 1240 1310 1309
f 1242 1311 1241
f 1241 1311 1310
f 1243 1312 1242
f 1242 1312 1311
f 1244 1313 1243
f 1243 1313 1312
f 1245 1314 1244
f 1244 1314 1313
f 1246 1315 1245
f 1245 1315 1314
f 1247 1316 1246
f 1246 1316 1315
f 1248 1317 1247
f 1247 1317 1316
f 1249 1318 1248
f 1248 1318 1317
f 1250 1318 1249
f 1320 1319 1303
f 1319 1233 1303
f 1319 1251 1233
f 1320 1303 1304
f 1320 1304 1321
f 1321 1304 1305
f 1321 1305 1322
f 1322 1305 1306
f 1322 1306 1323
f 1323 1306 1307
f 1323 1307 1324
f 1324 1307 1308
f 1324 1308 1325
f 1325 1308 1309
f 1325 1309 1326
f 1326 1309 1310
f 1326 1310 1327
f 1327 1310 1311
f 1327 1311 1328
f 1328 1311 1312
f 1328 1312 1329
f 1329 1312 1313
f 1329 1313 1330
f 1330 1313 1314
f 1330 1314 1331
f 1331 1314 1315
f 1331 1315 1332
f 1332 1315 1316
f 1332 1316 1333
f 1333 1316 1317
f 1333 1317 1334
f 1334 1317 1318
f 1334 1318 1335
f 1318 1250 1335
f 1250 1336 1335
f 1250 1252 1336
f 1319 1253 1251
f 1337 1253 1319
f 1254 1336 1252
f 1254 1338 1336
f 1337 1255 1253
f 1339 1255 1337
f 1256 1338 1254
f 1256 1340 1338
f 1339 1257 1255
f 1341 1257 1339
f 1258 1340 1256
f 1258 1342 1340
f 1341 1259 1257
f 1343 1259 1341
f 1260 1342 1258
f 1260 1344 1342
f 1343 1261 1259
f 1345 1261 1343
f 1262 1344 1260
f 1262 1346 1344
f 1345 1263 1261
f 1347 1263 1345
f 1264 1346 1262
f 1264 1348 1346
f 1347 1265 1263
f 1349 1265 1347
f 1266 1348 1264
f 1266 1350 1348
f 1349 1267 1265
f 1351 1267 1349
f 1268 1350 1266
f 1268 1352 1350
f 1351 1269 1267
f 1353 1269 1351
f 1356 1355 1354
f 1355 1352 1354
f 1352 1270 1354
f 1352 1268 1270
f 1353 1271 1269
f 1357 1271 1353
f 1360 1359 1358
f 1358 1359 1356
f 1358 1356 1354
f 1274 1358 1354
f 1273 1274 1354
f 1273 1354 1270
f 1357 1275 1271
f 1361 1275 1357
f 1364 1363 1362
f 1362 1363 1360
f 1362 1360 1358
f 1278 1362 1358
f 1277 1278 1358
f 1277 1358 1274
f 1361 1279 1275
f 1365 1279 1361
f 1368 1367 1366
f 1282 1283 1366
f 1367 1282 1366
f 1369 1282 1367
f 1362 1284 1364
f 1284 1369 1364
f 1284 1282 1369
f 1284 1362 1278
f 1365 1285 1279
f 1370 1285 1365
f 1373 1372 1371
f 1371 1372 1368
f 1371 1368 1366
f 1288 1371 1366
f 1287 1288 1366
f 1287 1366 1283
f 1375 1289 1374
f 1289 1370 1374
f 1289 1285 1370
f 1377 1376 1375
f 1377 1375 1374
f 1379 1378 1376
f 1379 1376 1377
f 1381 1380 1378
f 1381 1378 1379
f 1383 1382 1380
f 1383 1380 1381
f 1385 1384 1382
f 1385 1382 1383
f 1387 1386 1384
f 1387 1384 1385
f 1389 1388 1386
f 1389 1386 1387
f 1391 1390 1388
f 1391 1388 1389
f 1393 1392 1390
f 1393 1390 1391
f 1392 1393 1373
f 1392 1373 1371
f 1292 1392 1371
f 1291 1292 1371
f 1291 1371 1288
f 1375 1293 1289
f 1293 1375 1294
f 1294 1375 1376
f 1294 1376 1295
f 1295 1376 1378
f 1295 1378 1296
f 1296 1378 1380
f 1296 1380 1297
f 1297 1380 1382
f 1297 1382 1298
f 1298 1382 1384
f 1298 1384 1299
f 1299 1384 1386
f 1299 1386 1300
f 1300 1386 1388
f 1300 1388 1301
f 1301 1388 1390
f 1301 1390 1302
f 1302 1390 1392
f 1302 1392 1292
f 1394 1319 1320
f 1321 1395 1320
f 1320 1395 1394
f 1322 1396 1321
f 1321 1396 1395
f 1323 1397 1322
f 1322 1397 1396
f 1324 1398 1323
f 1323 1398 1397
f 1325 1399 1324
f 1324 1399 1398
f 1326 1400 1325
f 1325 1400 1399
f 1327 1401 1326
f 1326 1401 1400
f 1328 1402 1327
f 1327 1402 1401
f 1329 1403 1328
f 1328 1403 1402
f 1330 1404 1329
f 1329 1404 1403
f 1331 1405 1330
f 1330 1405 1404
f 1332 1406 1331
f 1331 1406 1405
f 1333 1407 1332
f 1332 1407 1406
f 1334 1408 1333
f 1333 1408 1407
f 1335 1409 1334
f 1334 1409 1408
f 1336 1409 1335
f 1410 1337 1394
f 1394 1337 1319
f 1411 1394 1395
f 1410 1394 1411
f 1412 1395 1396
f 1411 1395 1412
f 1413 1396 1397
f 1412 1396 1413
f 1414 1397 1398
f 1413 1397 1414
f 1415 1398 1399
f 1414 1398 1415
f 1416 1399 1400
f 1415 1399 1416
f 1417 1400 1401
f 1416 1400 1417
f 1418 1401 1402
f 1417 1401 1418
f 1419 1402 1403
f 1418 1402 1419
f 1420 1403 1404
f 1419 1403 1420
f 1421 1404 1405
f 1420 1404 1421
f 1422 1405 1406
f 1421 1405 1422
f 1423 1406 1407
f 1422 1406 1423
f 1424 1407 1408
f 1423 1407 1424
f 1425 1408 1409
f 1424 1408 1425
f 1338 1425 1336
f 1336 1425 1409
f 1426 1339 1410
f 1410 1339 1337
f 1427 1410 1411
f 1426 1410 1427
f 1428 1411 1412
f 1427 1411 1428
f 1429 1412 1413
f 1428 1412 1429
f 1430 1413 1414
f 1429 1413 1430
f 1431 1414 1415
f 1430 1414 1431
f 1432 1415 1416
f 1431 1415 1432
f 1433 1416 1417
f 1432 1416 1433
f 1434 1417 1418
f 1433 1417 1434
f 1435 1418 1419
f 1434 1418 1435
f 1436 1419 1420
f 1435 1419 1436
f 1437 1420 1421
f 1436 1420 1437
f 1438 1421 1422
f 1437 1421 1438
f 1439 1422 1423
f 1438 1422 1439
f 1440 1423 1424
f 1439 1423 1440
f 1441 1424 1425
f 1440 1424 1441
f 1340 1441 1338
f 1338 1441 1425
f 1442 1341 1426
f 1426 1341 1339
f 1443 1426 1427
f 1442 1426 1443
f 1444 1427 1428
f 1443 1427 1444
f 1445 1428 1429
f 1444 1428 1445
f 1446 1429 1430
f 1445 1429 1446
f 1447 1430 1431
f 1446 1430 1447
f 1448 1431 1432
f 1447 1431 1448
f 1449 1432 1433
f 1448 1432 1449
f 1450 1433 1434
f 1449 1433 1450
f 1451 1434 1435
f 1450 1434 1451
f 1452 1435 1436
f 1451 1435 1452
f 1453 1436 1437
f 1452 1436 1453
f 1454 1437 1438
f 1453 1437 1454
f 1455 1438 1439
f 1454 1438 1455
f 1456 1439 1440
f 1455 1439 1456
f 1457 1440 1441
f 1456 1440 1457
f 1342 1457 1340
f 1340 1457 1441
f 1458 1343 1442
f 1442 1343 1341
f 1459 1442 1443
f 1458 1442 1459
f 1460 1443 1444
f 1459 1443 1460
f 1461 1444 1445
f 1460 1444 1461
f 1462 1445 1446
f 1461 1445 1462
f 1463 1446 1447
f 1462 1446 1463
f 1464 1447 1448
f 1463 1447 1464
f 1465 1448 1449
f 1464 1448 1465
f 1466 1449 1450
f 1465 1449 1466
f 1467 1450 1451
f 1466 1450 1467
f 1468 1451 1452
f 1467 1451 1468
f 1469 1452 1453
f 1468 1452 1469
f 1470 1453 1454
f 1469 1453 1470
f 1471 1454 1455
f 1470 1454 1471
f 1472 1455 1456
f 1471 1455 1472
f 1473 1456 1457
f 1472 1456 1473
f 1344 1473 1342
f 1342 1473 1457
f 1474 1345 1458
f 1458 1345 1343
f 1475 1458 1459
f 1474 1458 1475
f 1476 1459 1460
f 1475 1459 1476
f 1477 1460 1461
f 1476 1460 1477
f 1478 1461 1462
f 1477 1461 1478
f 1479 1462 1463
f 1478 1462 1479
f 1480 1463 1464
f 1479 1463 1480
f 1481 1464 1465
f 1480 1464 1481
f 1482 1465 1466
f 1481 1465 1482
f 1483 1466 1467
f 1482 1466 1483
f 1484 1467 1468
f 1483 1467 1484
f 1485 1468 1469
f 1484 1468 1485
f 1486 1469 1470
f 1485 1469 1486
f 1487 1470 1471
f 1486 1470 1487
f 1488 1471 1472
f 1487 1471 1488
f 1489 1472 1473
f 1488 1472 1489
f 1346 1489 1344
f 1344 1489 1473
f 1490 1347 1474
f 1474 1347 1345
f 1491 1474 1475
f 1490 1474 1491
f 1492 1475 1476
f 1491 1475 1492
f 1493 1476 1477
f 1492 1476 1493
f 1494 1477 1478
f 1493 1477 1494
f 1495 1478 1479
f 1494 1478 1495
f 1496 1479 1480
f 1495 1479 1496
f 1497 1480 1481
f 1496 1480 1497
f 1498 1481 1482
f 1497 1481 1498
f 1499 1482 1483
f 1498 1482 1499
f 1500 1483 1484
f 1499 1483 1500
f 1501 1484 1485
f 1500 1484 1501
f 1502 1485 1486
f 1501 1485 1502
f 1503 1486 1487
f 1502 1486 1503
f 1504 1487 1488
f 1503 1487 1504
f 1505 1488 1489
f 1504 1488 1505
f 1348 1505 1346
f 1346 1505 1489
f 1506 1349 1490
f 1490 1349 1347
f 1507 1490 1491
f 1506 1490 1507
f 1508 1491 1492
f 1507 1491 1508
f 1509 1492 1493
f 1508 1492 1509
f 1510 1493 1494
f 1509 1493 1510
f 1511 1494 1495
f 1510 1494 1511
f 1512 1495 1496
f 1511 1495 1512
f 1513 1496 1497
f 1512 1496 1513
f 1514 1497 1498
f 1513 1497 1514
f 1515 1498 1499
f 1514 1498 1515
f 1516 1499 1500
f 1515 1499 1516
f 1517 1500 1501
f 1516 1500 1517
f 1518 1501 1502
f 1517 1501 1518
f 1519 1502 1503
f 1518 1502 1519
f 1520 1503 1504
f 1519 1503 1520
f 1521 1504 1505
f 1520 1504 1521
f 1350 1521 1348
f 1348 1521 1505
f 1522 1351 1506
f 1506 1351 1349
f 1523 1506 1507
f 1522 1506 1523
f 1524 1507 1508
f 1523 1507 1524
f 1525 1508 1509
f 1524 1508 1525
f 1526 1509 1510
f 1525 1509 1526
f 1527 1510 1511
f 1526 1510 1527
f 1528 1511 1512
f 1527 1511 1528
f 1529 1512 1513
f 1528 1512 1529
f 1530 1513 1514
f 1529 1513 1530
f 1531 1514 1515
f 1530 1514 1531
f 1532 1515 1516
f 1531 1515 1532
f 1533 1516 1517
f 1532 1516 1533
f 1534 1517 1518
f 1533 1517 1534
f 1535 1518 1519
f 1534 1518 1535
f 1536 1519 1520
f 1535 1519 1536
f 1537 1520 1521
f 1536 1520 1537
f 1352 1537 1350
f 1350 1537 1521
f 1538 1353 1522
f 1522 1353 1351
f 1539 1522 1523
f 1538 1522 1539
f 1540 1523 1524
f 1539 1523 1540
f 1541 1524 1525
f 1540 1524 1541
f 1542 1525 1526
f 1541 1525 1542
f 1543 1526 1527
f 1542 1526 1543
f 1544 1527 1528
f 1543 1527 1544
f 1545 1528 1529
f 1544 1528 1545
f 1546 1529 1530
f 1545 1529 1546
f 1547 1530 1531
f 1546 1530 1547
f 1548 1531 1532
f 1547 1531 1548
f 1549 1532 1533
f 1548 1532 1549
f 1550 1533 1534
f 1549 1533 1550
f 1551 1534 1535
f 1550 1534 1551
f 1552 1535 1536
f 1551 1535 1552
f 1356 1552 1355
f 1552 1537 1355
f 1552 1536 1537
f 1355 1537 1352
f 1553 1357 1538
f 1538 1357 1353
f 1554 1538 1539
f 1553 1538 1554
f 1555 1539 1540
f 1554 1539 1555
f 1556 1540 1541
f 1555 1540 1556
f 1557 1541 1542
f 1556 1541 1557
f 1558 1542 1543
f 1557 1542 1558
f 1559 1543 1544
f 1558 1543 1559
f 1560 1544 1545
f 1559 1544 1560
f 1561 1545 1546
f 1560 1545 1561
f 1562 1546 1547
f 1561 1546 1562
f 1563 1547 1548
f 1562 1547 1563
f 1564 1548 1549
f 1563 1548 1564
f 1565 1549 1550
f 1564 1549 1565
f 1566 1550 1551
f 1565 1550 1566
f 1360 1566 1359
f 1566 1552 1359
f 1566 1551 1552
f 1359 1552 1356
f 1567 1361 1553
f 1553 1361 1357
f 1568 1553 1554
f 1567 1553 1568
f 1569 1554 1555
f 1568 1554 1569
f 1570 1555 1556
f 1569 1555 1570
f 1571 1556 1557
f 1570 1556 1571
f 1572 1557 1558
f 1571 1557 1572
f 1573 1558 1559
f 1572 1558 1573
f 1574 1559 1560
f 1573 1559 1574
f 1575 1560 1561
f 1574 1560 1575
f 1576 1561 1562
f 1575 1561 1576
f 1577 1562 1563
f 1576 1562 1577
f 1578 1563 1564
f 1577 1563 1578
f 1579 1564 1565
f 1578 1564 1579
f 1364 1579 1363
f 1579 1566 1363
f 1579 1565 1566
f 1363 1566 1360
f 1580 1365 1567
f 1567 1365 1361
f 1581 1567 1568
f 1580 1567 1581
f 1582 1568 1569
f 1581 1568 1582
f 1583 1569 1570
f 1582 1569 1583
f 1584 1570 1571
f 1583 1570 1584
f 1585 1571 1572
f 1584 1571 1585
f 1586 1572 1573
f 1585 1572 1586
f 1587 1573 1574
f 1586 1573 1587
f 1588 1574 1575
f 1587 1574 1588
f 1589 1575 1576
f 1588 1575 1589
f 1590 1576 1577
f 1589 1576 1590
f 1368 1590 1367
f 1590 1578 1367
f 1590 1577 1578
f 1367 1578 1369
f 1369 1578 1579
f 1369 1579 1364
f 1591 1370 1580
f 1580 1370 1365
f 1592 1580 1581
f 1591 1580 1592
f 1593 1581 1582
f 1592 1581 1593
f 1594 1582 1583
f 1593 1582 1594
f 1595 1583 1584
f 1594 1583 1595
f 1596 1584 1585
f 1595 1584 1596
f 1597 1585 1586
f 1596 1585 1597
f 1598 1586 1587
f 1597 1586 1598
f 1599 1587 1588
f 1598 1587 1599
f 1600 1588 1589
f 1599 1588 1600
f 1373 1600 1372
f 1600 1590 1372
f 1600 1589 1590
f 1372 1590 1368
f 1591 1374 1370
f 1374 1591 1377
f 1377 1591 1592
f 1377 1592 1379
f 1379 1592 1593
f 1379 1593 1381
f 1381 1593 1594
f 1381 1594 1383
f 1383 1594 1595
f 1383 1595 1385
f 1385 1595 1596
f 1385 1596 1387
f 1387 1596 1597
f 1387 1597 1389
f 1389 1597 1598
f 1389 1598 1391
f 1391 1598 1599
f 1391 1599 1393
f 1393 1599 1600
f 1393 1600 1373
