ply
format ascii 1.0
element vertex 1600
property float x
property float y
property float z
element face 3148
property list uchar int vertex_indices
end_header
-1.09119892 -0.89533831 -1.02813968
-1.02265627 -0.89533831 -1.09668233
-1.02265627 -0.96388095 -1.02813968
-1.02265627 -0.96388095 -0.89105439
-1.09119892 -0.89533831 -0.89105439
-1.02265627 -0.96388095 -0.75396910
-1.09119892 -0.89533831 -0.75396910
-1.02265627 -0.96388095 -0.61688381
-1.09119892 -0.89533831 -0.61688381
-1.02265627 -0.96388095 -0.47979852
-1.09119892 -0.89533831 -0.47979852
-1.02265627 -0.96388095 -0.34271323
-1.09119892 -0.89533831 -0.34271323
-1.02265627 -0.96388095 -0.20562794
-1.09119892 -0.89533831 -0.20562794
-1.02265627 -0.96388095 -0.06854265
-1.09119892 -0.89533831 -0.06854265
-1.02265627 -0.96388095 0.06854265
-1.09119892 -0.89533831 0.06854265
-1.02265627 -0.96388095 0.20562794
-1.09119892 -0.89533831 0.20562794
-1.02265627 -0.96388095 0.34271323
-1.09119892 -0.89533831 0.34271323
-1.02265627 -0.96388095 0.47979852
-1.09119892 -0.89533831 0.47979852
-1.02265627 -0.96388095 0.61688381
-1.09119892 -0.89533831 0.61688381
-1.02265627 -0.96388095 0.75396910
-1.09119892 -0.89533831 0.75396910
-1.02265627 -0.96388095 0.89105439
-1.09119892 -0.89533831 0.89105439
-1.02265627 -0.96388095 1.02813968
-1.09119892 -0.89533831 1.02813968
-1.02265627 -0.89533831 1.09668233
-1.09119892 -0.75825302 -1.02813968
-1.02265627 -0.75825302 -1.09668233
-1.09119892 -0.75825302 -0.89105439
-1.09119892 -0.75825302 -0.75396910
-1.09119892 -0.75825302 -0.61688381
-1.09119892 -0.75825302 -0.47979852
-1.09119892 -0.75825302 -0.34271323
-1.09119892 -0.75825302 -0.20562794
-1.09119892 -0.75825302 -0.06854265
-1.09119892 -0.75825302 0.06854265
-1.09119892 -0.75825302 0.20562794
-1.09119892 -0.75825302 0.34271323
-1.09119892 -0.75825302 0.47979852
-1.09119892 -0.75825302 0.61688381
-1.09119892 -0.75825302 0.75396910
-1.09119892 -0.75825302 0.89105439
-1.09119892 -0.75825302 1.02813968
-1.02265627 -0.75825302 1.09668233
-1.09119892 -0.62116772 -1.02813968
-1.02265627 -0.62116772 -1.09668233
-1.09119892 -0.62116772 -0.89105439
-1.09119892 -0.62116772 -0.75396910
-1.09119892 -0.62116772 -0.61688381
-1.09119892 -0.62116772 -0.47979852
-1.09119892 -0.62116772 -0.34271323
-1.09119892 -0.62116772 -0.20562794
-1.09119892 -0.62116772 -0.06854265
-1.09119892 -0.62116772 0.06854265
-1.09119892 -0.62116772 0.20562794
-1.09119892 -0.62116772 0.34271323
-1.09119892 -0.62116772 0.47979852
-1.09119892 -0.62116772 0.61688381
-1.09119892 -0.62116772 0.75396910
-1.09119892 -0.62116772 0.89105439
-1.09119892 -0.62116772 1.02813968
-1.02265627 -0.62116772 1.09668233
-1.09119892 -0.48408243 -1.02813968
-1.02265627 -0.48408243 -1.09668233
-1.09119892 -0.48408243 -0.89105439
-1.09119892 -0.48408243 -0.75396910
-1.09119892 -0.48408243 -0.61688381
-1.09119892 -0.48408243 -0.47979852
-1.09119892 -0.48408243 -0.34271323
-1.09119892 -0.48408243 -0.20562794
-1.09119892 -0.48408243 -0.06854265
-1.09119892 -0.48408243 0.06854265
-1.09119892 -0.48408243 0.20562794
-1.09119892 -0.48408243 0.34271323
-1.09119892 -0.48408243 0.47979852
-1.09119892 -0.48408243 0.61688381
-1.09119892 -0.48408243 0.75396910
-1.09119892 -0.48408243 0.89105439
-1.09119892 -0.48408243 1.02813968
-1.02265627 -0.48408243 1.09668233
-1.09119892 -0.34699714 -1.02813968
-1.02265627 -0.34699714 -1.09668233
-1.09119892 -0.34699714 -0.89105439
-1.09119892 -0.34699714 -0.75396910
-1.09119892 -0.34699714 -0.61688381
-1.09119892 -0.34699714 -0.47979852
-1.09119892 -0.34699714 -0.34271323
-1.09119892 -0.34699714 -0.20562794
-1.09119892 -0.34699714 -0.06854265
-1.09119892 -0.34699714 0.06854265
-1.09119892 -0.34699714 0.20562794
-1.09119892 -0.34699714 0.34271323
-1.09119892 -0.34699714 0.47979852
-1.09119892 -0.34699714 0.61688381
-1.09119892 -0.34699714 0.75396910
-1.09119892 -0.34699714 0.89105439
-1.09119892 -0.34699714 1.02813968
-1.02265627 -0.34699714 1.09668233
-1.09119892 -0.20991185 -1.02813968
-1.02265627 -0.20991185 -1.09668233
-1.09119892 -0.20991185 -0.89105439
-1.09119892 -0.20991185 -0.75396910
-1.09119892 -0.20991185 -0.61688381
-1.09119892 -0.20991185 -0.47979852
-1.09119892 -0.20991185 -0.34271323
-1.09119892 -0.20991185 -0.20562794
-1.09119892 -0.20991185 -0.06854265
-1.09119892 -0.20991185 0.06854265
-1.09119892 -0.20991185 0.20562794
-1.09119892 -0.20991185 0.34271323
-1.09119892 -0.20991185 0.47979852
-1.09119892 -0.20991185 0.61688381
-1.09119892 -0.20991185 0.75396910
-1.09119892 -0.20991185 0.89105439
-1.09119892 -0.20991185 1.02813968
-1.02265627 -0.20991185 1.09668233
-1.09119892 -0.07282656 -1.02813968
-1.02265627 -0.07282656 -1.09668233
-1.09119892 -0.07282656 -0.89105439
-1.09119892 -0.07282656 -0.75396910
-1.09119892 -0.07282656 -0.61688381
-1.09119892 -0.07282656 -0.47979852
-1.09119892 -0.07282656 -0.34271323
-1.09119892 -0.07282656 -0.20562794
-1.09119892 -0.07282656 -0.06854265
-1.09119892 -0.07282656 0.06854265
-1.09119892 -0.07282656 0.20562794
-1.09119892 -0.07282656 0.34271323
-1.09119892 -0.07282656 0.47979852
-1.09119892 -0.07282656 0.61688381
-1.09119892 -0.07282656 0.75396910
-1.09119892 -0.07282656 0.89105439
-1.09119892 -0.07282656 1.02813968
-1.02265627 -0.07282656 1.09668233
-1.09119892 0.06425873 -1.02813968
-1.02265627 0.06425873 -1.09668233
-1.09119892 0.06425873 -0.89105439
-1.09119892 0.06425873 -0.75396910
-1.09119892 0.06425873 -0.61688381
-1.09119892 0.06425873 -0.47979852
-1.09119892 0.06425873 -0.34271323
-1.09119892 0.06425873 -0.20562794
-1.09119892 0.06425873 -0.06854265
-1.09119892 0.06425873 0.06854265
-1.09119892 0.06425873 0.20562794
-1.09119892 0.06425873 0.34271323
-1.09119892 0.06425873 0.47979852
-1.09119892 0.06425873 0.61688381
-1.09119892 0.06425873 0.75396910
-1.09119892 0.06425873 0.89105439
-1.09119892 0.06425873 1.02813968
-1.02265627 0.06425873 1.09668233
-1.09119892 0.20134402 -1.02813968
-1.02265627 0.20134402 -1.09668233
-1.09119892 0.20134402 -0.89105439
-1.09119892 0.20134402 -0.75396910
-1.09119892 0.20134402 -0.61688381
-1.09119892 0.20134402 -0.47979852
-1.09119892 0.20134402 -0.34271323
-1.09119892 0.20134402 -0.20562794
-1.09119892 0.20134402 -0.06854265
-1.09119892 0.20134402 0.06854265
-1.09119892 0.20134402 0.20562794
-1.09119892 0.20134402 0.34271323
-1.09119892 0.20134402 0.47979852
-1.09119892 0.20134402 0.61688381
-1.09119892 0.20134402 0.75396910
-1.09119892 0.20134402 0.89105439
-1.09119892 0.20134402 1.02813968
-1.02265627 0.20134402 1.09668233
-1.09119892 0.33842931 -1.02813968
-1.02265627 0.33842931 -1.09668233
-1.09119892 0.33842931 -0.89105439
-1.09119892 0.33842931 -0.75396910
-1.09119892 0.33842931 -0.61688381
-1.09119892 0.33842931 -0.47979852
-1.09119892 0.33842931 -0.34271323
-1.09119892 0.33842931 -0.20562794
-1.09119892 0.33842931 -0.06854265
-1.09119892 0.33842931 0.06854265
-1.09119892 0.33842931 0.20562794
-1.09119892 0.33842931 0.34271323
-1.09119892 0.33842931 0.47979852
-1.09119892 0.33842931 0.61688381
-1.09119892 0.33842931 0.75396910
-1.09119892 0.33842931 0.89105439
-1.09119892 0.33842931 1.02813968
-1.02265627 0.33842931 1.09668233
-1.09119892 0.47551460 -1.02813968
-1.02265627 0.47551460 -1.09668233
-1.09119892 0.47551460 -0.89105439
-1.09119892 0.47551460 -0.75396910
-1.09119892 0.47551460 -0.61688381
-1.09119892 0.47551460 -0.47979852
-1.09119892 0.47551460 -0.34271323
-1.09119892 0.47551460 -0.20562794
-1.09119892 0.47551460 -0.06854265
-1.09119892 0.47551460 0.06854265
-1.09119892 0.47551460 0.20562794
-1.09119892 0.47551460 0.34271323
-1.09119892 0.47551460 0.47979852
-1.09119892 0.47551460 0.61688381
-1.09119892 0.47551460 0.75396910
-1.09119892 0.47551460 0.89105439
-1.09119892 0.47551460 1.02813968
-1.02265627 0.47551460 1.09668233
-1.09119892 0.61259989 -1.02813968
-1.02265627 0.61259989 -1.09668233
-1.09119892 0.61259989 -0.89105439
-1.09119892 0.61259989 -0.75396910
-1.09119892 0.61259989 -0.61688381
-1.09119892 0.61259989 -0.47979852
-1.09119892 0.61259989 -0.34271323
-1.09119892 0.61259989 -0.20562794
-1.09119892 0.61259989 -0.06854265
-1.09119892 0.61259989 0.06854265
-1.09119892 0.61259989 0.20562794
-1.09119892 0.61259989 0.34271323
-1.09119892 0.61259989 0.47979852
-1.09119892 0.61259989 0.61688381
-1.09119892 0.61259989 0.75396910
-1.09119892 0.61259989 0.89105439
-1.09119892 0.61259989 1.02813968
-1.02265627 0.61259989 1.09668233
-1.09119892 0.74968518 -1.02813968
-1.02265627 0.74968518 -1.09668233
-1.09119892 0.74968518 -0.89105439
-1.09119892 0.74968518 -0.75396910
-1.09119892 0.74968518 -0.61688381
-1.09119892 0.74968518 -0.47979852
-1.09119892 0.74968518 -0.34271323
-1.09119892 0.74968518 -0.20562794
-1.09119892 0.74968518 -0.06854265
-1.09119892 0.74968518 0.06854265
-1.09119892 0.74968518 0.20562794
-1.09119892 0.74968518 0.34271323
-1.09119892 0.74968518 0.47979852
-1.09119892 0.74968518 0.61688381
-1.09119892 0.74968518 0.75396910
-1.09119892 0.74968518 0.89105439
-1.09119892 0.74968518 1.02813968
-1.02265627 0.74968518 1.09668233
-1.09119892 0.88677048 -1.02813968
-1.02265627 0.88677048 -1.09668233
-1.09119892 0.88677048 -0.89105439
-1.09119892 0.88677048 -0.75396910
-1.09119892 0.88677048 -0.61688381
-1.09119892 0.88677048 -0.47979852
-1.09119892 0.88677048 -0.34271323
-1.09119892 0.88677048 -0.20562794
-1.09119892 0.88677048 -0.06854265
-1.09119892 0.88677048 0.06854265
-1.09119892 0.88677048 0.20562794
-1.09119892 0.88677048 0.34271323
-1.09119892 0.88677048 0.47979852
-1.09119892 0.88677048 0.61688381
-1.09119892 0.88677048 0.75396910
-1.09119892 0.88677048 0.89105439
-1.09119892 0.88677048 1.02813968
-1.02265627 0.88677048 1.09668233
-1.02265627 0.95531312 -1.02813968
-1.02265627 0.95531312 -0.89105439
-1.02265627 0.95531312 -0.75396910
-1.02265627 0.95531312 -0.61688381
-1.02265627 0.95531312 -0.47979852
-1.02265627 0.95531312 -0.34271323
-1.02265627 0.95531312 -0.20562794
-1.02265627 0.95531312 -0.06854265
-1.02265627 0.95531312 0.06854265
-1.02265627 0.95531312 0.20562794
-1.02265627 0.95531312 0.34271323
-1.02265627 0.95531312 0.47979852
-1.02265627 0.95531312 0.61688381
-1.02265627 0.95531312 0.75396910
-1.02265627 0.95531312 0.89105439
-1.02265627 0.95531312 1.02813968
-0.95411363 -1.03242360 -1.02813968
-0.88557098 -1.03242360 -1.09668233
-0.88557098 -1.10096624 -1.02813968
-0.88557098 -1.10096624 -0.89105439
-0.95411363 -1.03242360 -0.89105439
-0.88557098 -1.10096624 -0.75396910
-0.95411363 -1.03242360 -0.75396910
-0.88557098 -1.10096624 -0.61688381
-0.95411363 -1.03242360 -0.61688381
-0.88557098 -1.10096624 -0.47979852
-0.95411363 -1.03242360 -0.47979852
-0.88557098 -1.10096624 -0.34271323
-0.95411363 -1.03242360 -0.34271323
-0.88557098 -1.10096624 -0.20562794
-0.95411363 -1.03242360 -0.20562794
-0.88557098 -1.10096624 -0.06854265
-0.95411363 -1.03242360 -0.06854265
-0.88557098 -1.10096624 0.06854265
-0.95411363 -1.03242360 0.06854265
-0.88557098 -1.10096624 0.20562794
-0.95411363 -1.03242360 0.20562794
-0.88557098 -1.10096624 0.34271323
-0.95411363 -1.03242360 0.34271323
-0.88557098 -1.10096624 0.47979852
-0.95411363 -1.03242360 0.47979852
-0.88557098 -1.10096624 0.61688381
-0.95411363 -1.03242360 0.61688381
-0.88557098 -1.10096624 0.75396910
-0.95411363 -1.03242360 0.75396910
-0.88557098 -1.10096624 0.89105439
-0.95411363 -1.03242360 0.89105439
-0.88557098 -1.10096624 1.02813968
-0.95411363 -1.03242360 1.02813968
-0.88557098 -1.03242360 1.09668233
-0.88557098 -0.89533831 -1.09668233
-0.88557098 -0.89533831 1.09668233
-0.88557098 -0.75825302 -1.09668233
-0.88557098 -0.75825302 1.09668233
-0.88557098 -0.62116772 -1.09668233
-0.88557098 -0.62116772 1.09668233
-0.88557098 -0.48408243 -1.09668233
-0.88557098 -0.48408243 1.09668233
-0.88557098 -0.34699714 -1.09668233
-0.88557098 -0.34699714 1.09668233
-0.88557098 -0.20991185 -1.09668233
-0.95411363 -0.20991185 -0.34271323
-0.88557098 -0.27845450 -0.34271323
-0.88557098 -0.20991185 -0.41125587
-0.88557098 -0.20991185 -0.27417058
-0.88557098 -0.20991185 1.09668233
-0.88557098 -0.07282656 -1.09668233
-0.88557098 -0.14136921 -0.34271323
-0.88557098 -0.07282656 1.09668233
-0.88557098 0.06425873 -1.09668233
-0.88557098 0.06425873 1.09668233
-0.88557098 0.20134402 -1.09668233
-0.88557098 0.20134402 1.09668233
-0.88557098 0.33842931 -1.09668233
-0.88557098 0.33842931 1.09668233
-0.88557098 0.47551460 -1.09668233
-0.88557098 0.47551460 1.09668233
-0.88557098 0.61259989 -1.09668233
-0.88557098 0.61259989 1.09668233
-0.88557098 0.74968518 -1.09668233
-0.88557098 0.74968518 1.09668233
-0.88557098 0.88677048 -1.09668233
-0.88557098 0.88677048 1.09668233
-0.95411363 1.02385577 -1.02813968
-0.88557098 1.02385577 -1.09668233
-0.95411363 1.02385577 -0.89105439
-0.95411363 1.02385577 -0.75396910
-0.95411363 1.02385577 -0.61688381
-0.95411363 1.02385577 -0.47979852
-0.95411363 1.02385577 -0.34271323
-0.95411363 1.02385577 -0.20562794
-0.95411363 1.02385577 -0.06854265
-0.95411363 1.02385577 0.06854265
-0.95411363 1.02385577 0.20562794
-0.95411363 1.02385577 0.34271323
-0.95411363 1.02385577 0.47979852
-0.95411363 1.02385577 0.61688381
-0.95411363 1.02385577 0.75396910
-0.95411363 1.02385577 0.89105439
-0.95411363 1.02385577 1.02813968
-0.88557098 1.02385577 1.09668233
-0.88557098 1.09239841 -1.02813968
-0.88557098 1.09239841 -0.89105439
-0.88557098 1.09239841 -0.75396910
-0.88557098 1.09239841 -0.61688381
-0.88557098 1.09239841 -0.47979852
-0.88557098 1.09239841 -0.34271323
-0.88557098 1.09239841 -0.20562794
-0.88557098 1.09239841 -0.06854265
-0.88557098 1.09239841 0.06854265
-0.88557098 1.09239841 0.20562794
-0.88557098 1.09239841 0.34271323
-0.88557098 1.09239841 0.47979852
-0.88557098 1.09239841 0.61688381
-0.88557098 1.09239841 0.75396910
-0.88557098 1.09239841 0.89105439
-0.88557098 1.09239841 1.02813968
-0.74848569 -1.03242360 -1.09668233
-0.74848569 -1.10096624 -1.02813968
-0.74848569 -1.10096624 -0.89105439
-0.74848569 -1.10096624 -0.75396910
-0.74848569 -1.10096624 -0.61688381
-0.74848569 -1.10096624 -0.47979852
-0.74848569 -1.10096624 -0.34271323
-0.74848569 -1.10096624 -0.20562794
-0.74848569 -1.10096624 -0.06854265
-0.74848569 -1.10096624 0.06854265
-0.74848569 -1.10096624 0.20562794
-0.74848569 -1.10096624 0.34271323
-0.74848569 -1.10096624 0.47979852
-0.74848569 -1.10096624 0.61688381
-0.74848569 -1.10096624 0.75396910
-0.74848569 -1.10096624 0.89105439
-0.74848569 -1.10096624 1.02813968
-0.74848569 -1.03242360 1.09668233
-0.74848569 -0.89533831 -1.09668233
-0.74848569 -0.89533831 1.09668233
-0.74848569 -0.75825302 -1.09668233
-0.74848569 -0.75825302 1.09668233
-0.74848569 -0.62116772 -1.09668233
-0.74848569 -0.62116772 1.09668233
-0.74848569 -0.48408243 -1.09668233
-0.74848569 -0.48408243 1.09668233
-0.74848569 -0.34699714 -1.09668233
-0.74848569 -0.34699714 1.09668233
-0.74848569 -0.20991185 -1.09668233
-0.81702833 -0.20991185 -0.34271323
-0.74848569 -0.20991185 1.09668233
-0.74848569 -0.07282656 -1.09668233
-0.74848569 -0.07282656 1.09668233
-0.74848569 0.06425873 -1.09668233
-0.74848569 0.06425873 1.09668233
-0.74848569 0.20134402 -1.09668233
-0.74848569 0.20134402 1.09668233
-0.74848569 0.33842931 -1.09668233
-0.81702833 0.33842931 0.61688381
-0.74848569 0.26988667 0.61688381
-0.74848569 0.33842931 0.54834116
-0.74848569 0.33842931 0.68542645
-0.74848569 0.33842931 1.09668233
-0.74848569 0.47551460 -1.09668233
-0.74848569 0.40697196 0.61688381
-0.74848569 0.47551460 1.09668233
-0.74848569 0.61259989 -1.09668233
-0.74848569 0.61259989 1.09668233
-0.74848569 0.74968518 -1.09668233
-0.74848569 0.74968518 1.09668233
-0.74848569 0.88677048 -1.09668233
-0.74848569 0.88677048 1.09668233
-0.74848569 1.02385577 -1.09668233
-0.74848569 1.02385577 1.09668233
-0.74848569 1.09239841 -1.02813968
-0.74848569 1.09239841 -0.89105439
-0.74848569 1.09239841 -0.75396910
-0.74848569 1.09239841 -0.61688381
-0.74848569 1.09239841 -0.47979852
-0.74848569 1.09239841 -0.34271323
-0.74848569 1.09239841 -0.20562794
-0.74848569 1.09239841 -0.06854265
-0.74848569 1.09239841 0.06854265
-0.74848569 1.09239841 0.20562794
-0.74848569 1.09239841 0.34271323
-0.74848569 1.09239841 0.47979852
-0.74848569 1.09239841 0.61688381
-0.74848569 1.09239841 0.75396910
-0.74848569 1.09239841 0.89105439
-0.74848569 1.09239841 1.02813968
-0.61140040 -1.03242360 -1.09668233
-0.61140040 -1.10096624 -1.02813968
-0.61140040 -1.10096624 -0.89105439
-0.61140040 -1.10096624 -0.75396910
-0.61140040 -1.10096624 -0.61688381
-0.61140040 -1.10096624 -0.47979852
-0.61140040 -1.10096624 -0.34271323
-0.61140040 -1.10096624 -0.20562794
-0.61140040 -1.10096624 -0.06854265
-0.61140040 -1.10096624 0.06854265
-0.61140040 -1.10096624 0.20562794
-0.61140040 -1.10096624 0.34271323
-0.61140040 -1.10096624 0.47979852
-0.61140040 -1.10096624 0.61688381
-0.61140040 -1.10096624 0.75396910
-0.61140040 -1.10096624 0.89105439
-0.61140040 -1.10096624 1.02813968
-0.61140040 -1.03242360 1.09668233
-0.61140040 -0.89533831 -1.09668233
-0.61140040 -0.89533831 1.09668233
-0.61140040 -0.75825302 -1.09668233
-0.61140040 -0.75825302 1.09668233
-0.61140040 -0.62116772 -1.09668233
-0.61140040 -0.62116772 1.09668233
-0.61140040 -0.48408243 -1.09668233
-0.61140040 -0.48408243 1.09668233
-0.61140040 -0.34699714 -1.09668233
-0.61140040 -0.34699714 1.09668233
-0.61140040 -0.20991185 -1.09668233
-0.61140040 -0.20991185 1.09668233
-0.61140040 -0.07282656 -1.09668233
-0.61140040 -0.07282656 1.09668233
-0.61140040 0.06425873 -1.09668233
-0.61140040 0.06425873 1.09668233
-0.61140040 0.20134402 -1.09668233
-0.61140040 0.20134402 1.09668233
-0.61140040 0.33842931 -1.09668233
-0.67994304 0.33842931 0.61688381
-0.61140040 0.33842931 1.09668233
-0.61140040 0.47551460 -1.09668233
-0.61140040 0.47551460 0.68542645
-0.67994304 0.47551460 0.75396910
-0.61140040 0.40697196 0.75396910
-0.61140040 0.47551460 0.82251175
-0.61140040 0.47551460 1.09668233
-0.61140040 0.61259989 -1.09668233
-0.61140040 0.54405725 0.75396910
-0.61140040 0.61259989 1.09668233
-0.61140040 0.74968518 -1.09668233
-0.61140040 0.74968518 1.09668233
-0.61140040 0.88677048 -1.09668233
-0.61140040 0.88677048 1.09668233
-0.61140040 1.02385577 -1.09668233
-0.61140040 1.02385577 1.09668233
-0.61140040 1.09239841 -1.02813968
-0.61140040 1.09239841 -0.89105439
-0.61140040 1.09239841 -0.75396910
-0.61140040 1.09239841 -0.61688381
-0.61140040 1.09239841 -0.47979852
-0.61140040 1.09239841 -0.34271323
-0.61140040 1.09239841 -0.20562794
-0.61140040 1.09239841 -0.06854265
-0.61140040 1.09239841 0.06854265
-0.61140040 1.09239841 0.20562794
-0.61140040 1.09239841 0.34271323
-0.61140040 1.09239841 0.47979852
-0.61140040 1.09239841 0.61688381
-0.61140040 1.09239841 0.75396910
-0.61140040 1.09239841 0.89105439
-0.61140040 1.09239841 1.02813968
-0.47431511 -1.03242360 -1.09668233
-0.47431511 -1.10096624 -1.02813968
-0.47431511 -1.10096624 -0.89105439
-0.47431511 -1.10096624 -0.75396910
-0.47431511 -1.10096624 -0.61688381
-0.47431511 -1.10096624 -0.47979852
-0.47431511 -1.10096624 -0.34271323
-0.47431511 -1.10096624 -0.20562794
-0.47431511 -1.10096624 -0.06854265
-0.47431511 -1.10096624 0.06854265
-0.47431511 -1.10096624 0.20562794
-0.47431511 -1.10096624 0.34271323
-0.47431511 -1.10096624 0.47979852
-0.47431511 -1.10096624 0.61688381
-0.47431511 -1.10096624 0.75396910
-0.47431511 -1.10096624 0.89105439
-0.47431511 -1.10096624 1.02813968
-0.47431511 -1.03242360 1.09668233
-0.47431511 -0.89533831 -1.09668233
-0.47431511 -0.89533831 1.09668233
-0.47431511 -0.75825302 -1.09668233
-0.47431511 -0.75825302 1.09668233
-0.47431511 -0.62116772 -1.09668233
-0.47431511 -0.62116772 1.09668233
-0.47431511 -0.48408243 -1.09668233
-0.47431511 -0.48408243 1.09668233
-0.47431511 -0.34699714 -1.09668233
-0.47431511 -0.34699714 1.09668233
-0.47431511 -0.20991185 -1.09668233
-0.47431511 -0.20991185 1.09668233
-0.47431511 -0.07282656 -1.09668233
-0.47431511 -0.07282656 1.09668233
-0.47431511 0.06425873 -1.09668233
-0.47431511 0.06425873 1.09668233
-0.47431511 0.20134402 -1.09668233
-0.47431511 0.20134402 1.09668233
-0.47431511 0.33842931 -1.09668233
-0.47431511 0.33842931 1.09668233
-0.47431511 0.47551460 -1.09668233
-0.54285775 0.47551460 0.75396910
-0.47431511 0.47551460 1.09668233
-0.47431511 0.61259989 -1.09668233
-0.47431511 0.61259989 1.09668233
-0.47431511 0.74968518 -1.09668233
-0.47431511 0.74968518 1.09668233
-0.47431511 0.88677048 -1.09668233
-0.47431511 0.88677048 1.09668233
-0.47431511 1.02385577 -1.09668233
-0.47431511 1.02385577 1.09668233
-0.47431511 1.09239841 -1.02813968
-0.47431511 1.09239841 -0.89105439
-0.47431511 1.09239841 -0.75396910
-0.47431511 1.09239841 -0.61688381
-0.47431511 1.09239841 -0.47979852
-0.47431511 1.09239841 -0.34271323
-0.47431511 1.09239841 -0.20562794
-0.47431511 1.09239841 -0.06854265
-0.47431511 1.09239841 0.06854265
-0.47431511 1.09239841 0.20562794
-0.47431511 1.09239841 0.34271323
-0.47431511 1.09239841 0.47979852
-0.47431511 1.09239841 0.61688381
-0.47431511 1.09239841 0.75396910
-0.47431511 1.09239841 0.89105439
-0.47431511 1.09239841 1.02813968
-0.33722982 -1.03242360 -1.09668233
-0.33722982 -1.10096624 -1.02813968
-0.33722982 -1.10096624 -0.89105439
-0.33722982 -1.10096624 -0.75396910
-0.33722982 -1.10096624 -0.61688381
-0.33722982 -1.10096624 -0.47979852
-0.33722982 -1.10096624 -0.34271323
-0.33722982 -1.10096624 -0.20562794
-0.33722982 -1.10096624 -0.06854265
-0.33722982 -1.10096624 0.06854265
-0.33722982 -1.10096624 0.20562794
-0.33722982 -1.10096624 0.34271323
-0.33722982 -1.10096624 0.47979852
-0.33722982 -1.10096624 0.61688381
-0.33722982 -1.10096624 0.75396910
-0.33722982 -1.10096624 0.89105439
-0.33722982 -1.10096624 1.02813968
-0.33722982 -1.03242360 1.09668233
-0.33722982 -0.89533831 -1.09668233
-0.33722982 -0.89533831 1.09668233
-0.33722982 -0.75825302 -1.09668233
-0.33722982 -0.75825302 1.09668233
-0.33722982 -0.62116772 -1.09668233
-0.33722982 -0.62116772 1.09668233
-0.33722982 -0.48408243 -1.09668233
-0.33722982 -0.48408243 1.09668233
-0.33722982 -0.34699714 -1.09668233
-0.33722982 -0.34699714 1.09668233
-0.33722982 -0.20991185 -1.09668233
-0.33722982 -0.20991185 1.09668233
-0.33722982 -0.07282656 -1.09668233
-0.33722982 -0.07282656 1.09668233
-0.33722982 0.06425873 -1.09668233
-0.33722982 0.06425873 1.09668233
-0.33722982 0.20134402 -1.09668233
-0.33722982 0.20134402 1.09668233
-0.33722982 0.33842931 -1.09668233
-0.33722982 0.33842931 1.09668233
-0.33722982 0.47551460 -1.09668233
-0.33722982 0.47551460 1.09668233
-0.33722982 0.61259989 -1.09668233
-0.33722982 0.61259989 1.09668233
-0.33722982 0.74968518 -1.09668233
-0.33722982 0.74968518 1.09668233
-0.33722982 0.88677048 -1.09668233
-0.33722982 0.88677048 1.09668233
-0.33722982 1.02385577 -1.09668233
-0.33722982 1.02385577 1.09668233
-0.33722982 1.09239841 -1.02813968
-0.33722982 1.09239841 -0.89105439
-0.33722982 1.09239841 -0.75396910
-0.33722982 1.09239841 -0.61688381
-0.33722982 1.09239841 -0.47979852
-0.33722982 1.09239841 -0.34271323
-0.33722982 1.09239841 -0.20562794
-0.33722982 1.09239841 -0.06854265
-0.33722982 1.09239841 0.06854265
-0.33722982 1.09239841 0.20562794
-0.33722982 1.09239841 0.34271323
-0.33722982 1.09239841 0.47979852
-0.33722982 1.09239841 0.61688381
-0.33722982 1.09239841 0.75396910
-0.33722982 1.09239841 0.89105439
-0.33722982 1.09239841 1.02813968
-0.20014452 -1.03242360 -1.09668233
-0.20014452 -1.10096624 -1.02813968
-0.20014452 -1.10096624 -0.89105439
-0.20014452 -1.10096624 -0.75396910
-0.20014452 -1.10096624 -0.61688381
-0.20014452 -1.10096624 -0.47979852
-0.20014452 -1.10096624 -0.34271323
-0.20014452 -1.10096624 -0.20562794
-0.20014452 -1.10096624 -0.06854265
-0.20014452 -1.10096624 0.06854265
-0.20014452 -1.10096624 0.20562794
-0.20014452 -1.10096624 0.34271323
-0.20014452 -1.10096624 0.47979852
-0.20014452 -1.10096624 0.61688381
-0.20014452 -1.10096624 0.75396910
-0.20014452 -1.10096624 0.89105439
-0.20014452 -1.10096624 1.02813968
-0.20014452 -1.03242360 1.09668233
-0.20014452 -0.89533831 -1.09668233
-0.20014452 -0.89533831 1.09668233
-0.20014452 -0.75825302 -1.09668233
-0.20014452 -0.75825302 1.09668233
-0.20014452 -0.62116772 -1.09668233
-0.20014452 -0.62116772 1.09668233
-0.20014452 -0.48408243 -1.09668233
-0.20014452 -0.48408243 1.09668233
-0.20014452 -0.34699714 -1.09668233
-0.20014452 -0.34699714 1.09668233
-0.20014452 -0.20991185 -1.09668233
-0.20014452 -0.20991185 1.09668233
-0.20014452 -0.07282656 -1.09668233
-0.20014452 -0.07282656 1.09668233
-0.20014452 0.06425873 -1.09668233
-0.20014452 0.06425873 1.09668233
-0.20014452 0.20134402 -1.09668233
-0.20014452 0.20134402 1.09668233
-0.20014452 0.33842931 -1.09668233
-0.20014452 0.33842931 1.09668233
-0.20014452 0.47551460 -1.09668233
-0.20014452 0.47551460 1.09668233
-0.20014452 0.61259989 -1.09668233
-0.20014452 0.61259989 1.09668233
-0.20014452 0.74968518 -1.09668233
-0.26868717 0.74968518 -0.61688381
-0.20014452 0.68114254 -0.61688381
-0.20014452 0.74968518 -0.68542645
-0.20014452 0.74968518 -0.54834116
-0.20014452 0.74968518 1.09668233
-0.20014452 0.88677048 -1.09668233
-0.20014452 0.81822783 -0.61688381
-0.20014452 0.88677048 1.09668233
-0.20014452 1.02385577 -1.09668233
-0.20014452 1.02385577 1.09668233
-0.20014452 1.09239841 -1.02813968
-0.20014452 1.09239841 -0.89105439
-0.20014452 1.09239841 -0.75396910
-0.20014452 1.09239841 -0.61688381
-0.20014452 1.09239841 -0.47979852
-0.20014452 1.09239841 -0.34271323
-0.20014452 1.09239841 -0.20562794
-0.20014452 1.09239841 -0.06854265
-0.20014452 1.09239841 0.06854265
-0.20014452 1.09239841 0.20562794
-0.20014452 1.09239841 0.34271323
-0.20014452 1.09239841 0.47979852
-0.20014452 1.09239841 0.61688381
-0.20014452 1.09239841 0.75396910
-0.20014452 1.09239841 0.89105439
-0.20014452 1.09239841 1.02813968
-0.06305923 -1.03242360 -1.09668233
-0.06305923 -1.10096624 -1.02813968
-0.06305923 -1.10096624 -0.89105439
-0.06305923 -1.10096624 -0.75396910
-0.06305923 -1.10096624 -0.61688381
-0.06305923 -1.10096624 -0.47979852
-0.06305923 -1.10096624 -0.34271323
-0.06305923 -1.10096624 -0.20562794
-0.06305923 -1.10096624 -0.06854265
-0.06305923 -1.10096624 0.06854265
-0.06305923 -1.10096624 0.20562794
-0.06305923 -1.10096624 0.34271323
-0.06305923 -1.10096624 0.47979852
-0.06305923 -1.10096624 0.61688381
-0.06305923 -1.10096624 0.75396910
-0.06305923 -1.10096624 0.89105439
-0.06305923 -1.10096624 1.02813968
-0.06305923 -1.03242360 1.09668233
-0.06305923 -0.89533831 -1.09668233
-0.06305923 -0.89533831 1.09668233
-0.06305923 -0.75825302 -1.09668233
-0.06305923 -0.75825302 1.09668233
-0.06305923 -0.62116772 -1.09668233
-0.06305923 -0.62116772 1.09668233
-0.06305923 -0.48408243 -1.09668233
-0.06305923 -0.48408243 1.09668233
-0.06305923 -0.34699714 -1.09668233
-0.06305923 -0.34699714 1.09668233
-0.06305923 -0.20991185 -1.09668233
-0.06305923 -0.20991185 1.09668233
-0.06305923 -0.07282656 -1.09668233
-0.06305923 -0.07282656 1.09668233
-0.06305923 0.06425873 -1.09668233
-0.06305923 0.06425873 1.09668233
-0.06305923 0.20134402 -1.09668233
-0.06305923 0.20134402 1.09668233
-0.06305923 0.33842931 -1.09668233
-0.06305923 0.33842931 1.09668233
-0.06305923 0.47551460 -1.09668233
-0.06305923 0.47551460 1.09668233
-0.06305923 0.61259989 -1.09668233
-0.06305923 0.61259989 1.09668233
-0.06305923 0.74968518 -1.09668233
-0.13160188 0.74968518 -0.61688381
-0.06305923 0.74968518 1.09668233
-0.06305923 0.88677048 -1.09668233
-0.06305923 0.88677048 1.09668233
-0.06305923 1.02385577 -1.09668233
-0.06305923 1.02385577 1.09668233
-0.06305923 1.09239841 -1.02813968
-0.06305923 1.09239841 -0.89105439
-0.06305923 1.09239841 -0.75396910
-0.06305923 1.09239841 -0.61688381
-0.06305923 1.09239841 -0.47979852
-0.06305923 1.09239841 -0.34271323
-0.06305923 1.09239841 -0.20562794
-0.06305923 1.09239841 -0.06854265
-0.06305923 1.09239841 0.06854265
-0.06305923 1.09239841 0.20562794
-0.06305923 1.09239841 0.34271323
-0.06305923 1.09239841 0.47979852
-0.06305923 1.09239841 0.61688381
-0.06305923 1.09239841 0.75396910
-0.06305923 1.09239841 0.89105439
-0.06305923 1.09239841 1.02813968
0.07402606 -1.03242360 -1.09668233
0.07402606 -1.10096624 -1.02813968
0.07402606 -1.10096624 -0.89105439
0.07402606 -1.10096624 -0.75396910
0.07402606 -1.10096624 -0.61688381
0.07402606 -1.10096624 -0.47979852
0.07402606 -1.10096624 -0.34271323
0.07402606 -1.10096624 -0.20562794
0.07402606 -1.10096624 -0.06854265
0.07402606 -1.10096624 0.06854265
0.07402606 -1.10096624 0.20562794
0.07402606 -1.10096624 0.34271323
0.07402606 -1.10096624 0.47979852
0.07402606 -1.10096624 0.61688381
0.07402606 -1.10096624 0.75396910
0.07402606 -1.10096624 0.89105439
0.07402606 -1.10096624 1.02813968
0.07402606 -1.03242360 1.09668233
0.07402606 -0.89533831 -1.09668233
0.07402606 -0.89533831 1.09668233
0.07402606 -0.75825302 -1.09668233
0.07402606 -0.75825302 1.09668233
0.07402606 -0.62116772 -1.09668233
0.07402606 -0.62116772 1.09668233
0.07402606 -0.48408243 -1.09668233
0.07402606 -0.48408243 1.09668233
0.07402606 -0.34699714 -1.09668233
0.07402606 -0.34699714 1.09668233
0.07402606 -0.20991185 -1.09668233
0.07402606 -0.20991185 1.09668233
0.07402606 -0.07282656 -1.09668233
0.07402606 -0.07282656 1.09668233
0.07402606 0.06425873 -1.09668233
0.07402606 0.06425873 1.09668233
0.07402606 0.20134402 -1.09668233
0.07402606 0.20134402 1.09668233
0.07402606 0.33842931 -1.09668233
0.07402606 0.33842931 1.09668233
0.07402606 0.47551460 -1.09668233
0.07402606 0.47551460 1.09668233
0.07402606 0.61259989 -1.09668233
0.07402606 0.61259989 1.09668233
0.07402606 0.74968518 -1.09668233
0.07402606 0.74968518 1.09668233
0.07402606 0.88677048 -1.09668233
0.00548341 0.88677048 -0.34271323
0.07402606 0.81822783 -0.34271323
0.07402606 0.88677048 -0.41125587
0.07402606 0.88677048 -0.27417058
0.00548341 0.88677048 0.34271323
0.07402606 0.81822783 0.34271323
0.07402606 0.88677048 0.27417058
0.07402606 0.88677048 0.41125587
0.07402606 0.88677048 1.09668233
0.07402606 1.02385577 -1.09668233
0.07402606 0.95531312 -0.34271323
0.07402606 0.95531312 0.34271323
0.00548341 1.02385577 1.02813968
0.07402606 0.95531312 1.02813968
0.07402606 1.02385577 0.95959704
0.07402606 1.09239841 -1.02813968
0.07402606 1.09239841 -0.89105439
0.07402606 1.09239841 -0.75396910
0.07402606 1.09239841 -0.61688381
0.07402606 1.09239841 -0.47979852
0.07402606 1.09239841 -0.34271323
0.07402606 1.09239841 -0.20562794
0.07402606 1.09239841 -0.06854265
0.07402606 1.09239841 0.06854265
0.07402606 1.09239841 0.20562794
0.07402606 1.09239841 0.34271323
0.07402606 1.09239841 0.47979852
0.07402606 1.09239841 0.61688381
0.07402606 1.09239841 0.75396910
0.07402606 1.09239841 0.89105439
0.21111135 -1.03242360 -1.09668233
0.21111135 -1.10096624 -1.02813968
0.21111135 -1.10096624 -0.89105439
0.21111135 -1.10096624 -0.75396910
0.21111135 -1.10096624 -0.61688381
0.21111135 -1.10096624 -0.47979852
0.21111135 -1.10096624 -0.34271323
0.21111135 -1.10096624 -0.20562794
0.21111135 -1.10096624 -0.06854265
0.21111135 -1.10096624 0.06854265
0.21111135 -1.10096624 0.20562794
0.21111135 -1.10096624 0.34271323
0.21111135 -1.10096624 0.47979852
0.21111135 -1.10096624 0.61688381
0.21111135 -1.10096624 0.75396910
0.21111135 -1.10096624 0.89105439
0.21111135 -1.10096624 1.02813968
0.21111135 -1.03242360 1.09668233
0.21111135 -0.89533831 -1.09668233
0.21111135 -0.89533831 1.09668233
0.21111135 -0.75825302 -1.09668233
0.21111135 -0.75825302 1.09668233
0.21111135 -0.62116772 -1.09668233
0.14256870 -0.62116772 0.75396910
0.21111135 -0.68971037 0.75396910
0.21111135 -0.62116772 0.68542645
0.21111135 -0.62116772 0.82251175
0.21111135 -0.62116772 1.09668233
0.21111135 -0.48408243 -1.09668233
0.21111135 -0.55262508 0.75396910
0.21111135 -0.48408243 1.09668233
0.21111135 -0.34699714 -1.09668233
0.21111135 -0.34699714 1.09668233
0.21111135 -0.20991185 -1.09668233
0.21111135 -0.20991185 1.09668233
0.21111135 -0.07282656 -1.09668233
0.21111135 -0.07282656 1.09668233
0.21111135 0.06425873 -1.09668233
0.21111135 0.06425873 1.09668233
0.21111135 0.20134402 -1.09668233
0.21111135 0.20134402 1.09668233
0.21111135 0.33842931 -1.09668233
0.21111135 0.33842931 1.09668233
0.21111135 0.47551460 -1.09668233
0.21111135 0.47551460 1.09668233
0.21111135 0.61259989 -1.09668233
0.21111135 0.61259989 1.09668233
0.21111135 0.74968518 -1.09668233
0.21111135 0.74968518 1.09668233
0.21111135 0.88677048 -1.09668233
0.14256870 0.88677048 -0.47979852
0.21111135 0.81822783 -0.47979852
0.21111135 0.88677048 -0.54834116
0.14256870 0.88677048 -0.34271323
0.21111135 0.88677048 -0.41125587
0.14256870 0.88677048 0.34271323
0.21111135 0.88677048 1.09668233
0.21111135 1.02385577 -1.09668233
0.21111135 0.95531312 -0.47979852
0.14256870 1.02385577 0.89105439
0.21111135 0.95531312 0.89105439
0.21111135 1.02385577 0.82251175
0.21111135 0.95531312 1.02813968
0.21111135 1.09239841 -1.02813968
0.21111135 1.09239841 -0.89105439
0.21111135 1.09239841 -0.75396910
0.21111135 1.09239841 -0.61688381
0.21111135 1.09239841 -0.47979852
0.21111135 1.09239841 -0.34271323
0.21111135 1.09239841 -0.20562794
0.21111135 1.09239841 -0.06854265
0.21111135 1.09239841 0.06854265
0.21111135 1.09239841 0.20562794
0.21111135 1.09239841 0.34271323
0.21111135 1.09239841 0.47979852
0.21111135 1.09239841 0.61688381
0.21111135 1.09239841 0.75396910
0.34819664 -1.03242360 -1.09668233
0.34819664 -1.10096624 -1.02813968
0.34819664 -1.10096624 -0.89105439
0.34819664 -1.10096624 -0.75396910
0.34819664 -1.10096624 -0.61688381
0.34819664 -1.10096624 -0.47979852
0.34819664 -1.10096624 -0.34271323
0.34819664 -1.10096624 -0.20562794
0.34819664 -1.10096624 -0.06854265
0.34819664 -1.10096624 0.06854265
0.34819664 -1.10096624 0.20562794
0.34819664 -1.10096624 0.34271323
0.34819664 -1.10096624 0.47979852
0.34819664 -1.10096624 0.61688381
0.34819664 -1.10096624 0.75396910
0.34819664 -1.10096624 0.89105439
0.34819664 -1.10096624 1.02813968
0.34819664 -1.03242360 1.09668233
0.34819664 -0.89533831 -1.09668233
0.34819664 -0.89533831 1.09668233
0.34819664 -0.75825302 -1.09668233
0.27965399 -0.75825302 -0.61688381
0.34819664 -0.82679566 -0.61688381
0.34819664 -0.75825302 -0.68542645
0.34819664 -0.75825302 -0.54834116
0.27965399 -0.75825302 0.61688381
0.34819664 -0.82679566 0.61688381
0.34819664 -0.75825302 0.54834116
0.34819664 -0.75825302 0.68542645
0.34819664 -0.75825302 1.09668233
0.34819664 -0.62116772 -1.09668233
0.34819664 -0.68971037 -0.61688381
0.34819664 -0.68971037 0.61688381
0.27965399 -0.62116772 0.75396910
0.34819664 -0.62116772 1.09668233
0.34819664 -0.48408243 -1.09668233
0.34819664 -0.48408243 1.09668233
0.34819664 -0.34699714 -1.09668233
0.34819664 -0.34699714 1.09668233
0.34819664 -0.20991185 -1.09668233
0.34819664 -0.20991185 1.09668233
0.34819664 -0.07282656 -1.09668233
0.34819664 -0.07282656 1.09668233
0.34819664 0.06425873 -1.09668233
0.34819664 0.06425873 1.09668233
0.34819664 0.20134402 -1.09668233
0.34819664 0.20134402 1.09668233
0.34819664 0.33842931 -1.09668233
0.34819664 0.33842931 1.09668233
0.34819664 0.47551460 -1.09668233
0.34819664 0.47551460 1.09668233
0.34819664 0.61259989 -1.09668233
0.34819664 0.61259989 1.09668233
0.34819664 0.74968518 -1.09668233
0.34819664 0.74968518 1.09668233
0.34819664 0.88677048 -1.09668233
0.27965399 0.88677048 -0.47979852
0.27965399 0.88677048 1.02813968
0.34819664 0.81822783 1.02813968
0.34819664 0.88677048 0.95959704
0.34819664 1.02385577 -1.09668233
0.27965399 1.02385577 0.75396910
0.34819664 0.95531312 0.75396910
0.34819664 1.02385577 0.68542645
0.34819664 0.95531312 0.89105439
0.34819664 1.09239841 -1.02813968
0.34819664 1.09239841 -0.89105439
0.34819664 1.09239841 -0.75396910
0.34819664 1.09239841 -0.61688381
0.34819664 1.09239841 -0.47979852
0.34819664 1.09239841 -0.34271323
0.34819664 1.09239841 -0.20562794
0.34819664 1.09239841 -0.06854265
0.34819664 1.09239841 0.06854265
0.34819664 1.09239841 0.20562794
0.34819664 1.09239841 0.34271323
0.34819664 1.09239841 0.47979852
0.34819664 1.09239841 0.61688381
0.48528193 -1.03242360 -1.09668233
0.48528193 -1.10096624 -1.02813968
0.48528193 -1.10096624 -0.89105439
0.48528193 -1.10096624 -0.75396910
0.48528193 -1.10096624 -0.61688381
0.48528193 -1.10096624 -0.47979852
0.48528193 -1.10096624 -0.34271323
0.48528193 -1.10096624 -0.20562794
0.48528193 -1.10096624 -0.06854265
0.48528193 -1.10096624 0.06854265
0.48528193 -1.10096624 0.20562794
0.48528193 -1.10096624 0.34271323
0.48528193 -1.10096624 0.47979852
0.48528193 -1.10096624 0.61688381
0.48528193 -1.10096624 0.75396910
0.48528193 -1.10096624 0.89105439
0.48528193 -1.10096624 1.02813968
0.48528193 -1.03242360 1.09668233
0.48528193 -0.89533831 -1.09668233
0.48528193 -0.89533831 1.09668233
0.48528193 -0.75825302 -1.09668233
0.41673928 -0.75825302 -0.61688381
0.41673928 -0.75825302 0.61688381
0.48528193 -0.75825302 1.09668233
0.48528193 -0.62116772 -1.09668233
0.48528193 -0.62116772 1.09668233
0.48528193 -0.48408243 -1.09668233
0.48528193 -0.48408243 1.09668233
0.48528193 -0.34699714 -1.09668233
0.48528193 -0.34699714 1.09668233
0.48528193 -0.20991185 -1.09668233
0.48528193 -0.20991185 1.09668233
0.48528193 -0.07282656 -1.09668233
0.48528193 -0.07282656 1.09668233
0.48528193 0.06425873 -1.09668233
0.48528193 0.06425873 1.09668233
0.48528193 0.20134402 -1.09668233
0.48528193 0.20134402 1.09668233
0.48528193 0.33842931 -1.09668233
0.48528193 0.33842931 1.09668233
0.48528193 0.47551460 -1.09668233
0.48528193 0.47551460 1.09668233
0.48528193 0.61259989 -1.09668233
0.48528193 0.61259989 1.09668233
0.48528193 0.74968518 -1.09668233
0.41673928 0.74968518 1.02813968
0.48528193 0.68114254 1.02813968
0.48528193 0.74968518 0.95959704
0.48528193 0.88677048 -1.09668233
0.41673928 0.88677048 0.89105439
0.48528193 0.81822783 0.89105439
0.48528193 0.88677048 0.82251175
0.48528193 1.02385577 -1.09668233
0.48528193 0.95531312 0.75396910
0.48528193 1.02385577 0.68542645
0.48528193 1.09239841 -1.02813968
0.48528193 1.09239841 -0.89105439
0.48528193 1.09239841 -0.75396910
0.48528193 1.09239841 -0.61688381
0.48528193 1.09239841 -0.47979852
0.48528193 1.09239841 -0.34271323
0.48528193 1.09239841 -0.20562794
0.48528193 1.09239841 -0.06854265
0.48528193 1.09239841 0.06854265
0.48528193 1.09239841 0.20562794
0.48528193 1.09239841 0.34271323
0.48528193 1.09239841 0.47979852
0.48528193 1.09239841 0.61688381
0.62236722 -1.03242360 -1.09668233
0.62236722 -1.10096624 -1.02813968
0.62236722 -1.10096624 -0.89105439
0.62236722 -1.10096624 -0.75396910
0.62236722 -1.10096624 -0.61688381
0.62236722 -1.10096624 -0.47979852
0.62236722 -1.10096624 -0.34271323
0.62236722 -1.10096624 -0.20562794
0.62236722 -1.10096624 -0.06854265
0.62236722 -1.10096624 0.06854265
0.62236722 -1.10096624 0.20562794
0.62236722 -1.10096624 0.34271323
0.62236722 -1.10096624 0.47979852
0.62236722 -1.10096624 0.61688381
0.62236722 -1.10096624 0.75396910
0.62236722 -1.10096624 0.89105439
0.62236722 -1.10096624 1.02813968
0.62236722 -1.03242360 1.09668233
0.62236722 -0.89533831 -1.09668233
0.62236722 -0.89533831 1.09668233
0.62236722 -0.75825302 -1.09668233
0.62236722 -0.75825302 1.09668233
0.62236722 -0.62116772 -1.09668233
0.62236722 -0.62116772 1.09668233
0.62236722 -0.48408243 -1.09668233
0.62236722 -0.48408243 1.09668233
0.62236722 -0.34699714 -1.09668233
0.62236722 -0.34699714 1.09668233
0.62236722 -0.20991185 -1.09668233
0.62236722 -0.20991185 1.09668233
0.62236722 -0.07282656 -1.09668233
0.62236722 -0.07282656 1.09668233
0.62236722 0.06425873 -1.09668233
0.55382458 0.06425873 -0.89105439
0.62236722 -0.00428392 -0.89105439
0.62236722 0.06425873 -0.95959704
0.62236722 0.06425873 -0.82251175
0.62236722 0.06425873 1.09668233
0.62236722 0.20134402 -1.09668233
0.62236722 0.13280138 -0.89105439
0.62236722 0.20134402 1.09668233
0.62236722 0.33842931 -1.09668233
0.62236722 0.33842931 1.09668233
0.62236722 0.47551460 -1.09668233
0.62236722 0.47551460 1.09668233
0.62236722 0.61259989 -1.09668233
0.62236722 0.61259989 1.09668233
0.62236722 0.74968518 -1.09668233
0.55382458 0.74968518 0.89105439
0.62236722 0.68114254 0.89105439
0.62236722 0.74968518 0.82251175
0.62236722 0.68114254 1.02813968
0.62236722 0.88677048 -1.09668233
0.55382458 0.88677048 0.75396910
0.62236722 0.81822783 0.75396910
0.62236722 0.88677048 0.68542645
0.62236722 1.02385577 -1.09668233
0.55382458 1.02385577 0.61688381
0.62236722 0.95531312 0.61688381
0.62236722 1.02385577 0.54834116
0.62236722 1.09239841 -1.02813968
0.62236722 1.09239841 -0.89105439
0.62236722 1.09239841 -0.75396910
0.62236722 1.09239841 -0.61688381
0.62236722 1.09239841 -0.47979852
0.62236722 1.09239841 -0.34271323
0.62236722 1.09239841 -0.20562794
0.62236722 1.09239841 -0.06854265
0.62236722 1.09239841 0.06854265
0.62236722 1.09239841 0.20562794
0.62236722 1.09239841 0.34271323
0.62236722 1.09239841 0.47979852
0.75945251 -1.03242360 -1.09668233
0.75945251 -1.10096624 -1.02813968
0.75945251 -1.10096624 -0.89105439
0.75945251 -1.10096624 -0.75396910
0.75945251 -1.10096624 -0.61688381
0.75945251 -1.10096624 -0.47979852
0.75945251 -1.10096624 -0.34271323
0.75945251 -1.10096624 -0.20562794
0.75945251 -1.10096624 -0.06854265
0.75945251 -1.10096624 0.06854265
0.75945251 -1.10096624 0.20562794
0.75945251 -1.10096624 0.34271323
0.75945251 -1.10096624 0.47979852
0.75945251 -1.10096624 0.61688381
0.75945251 -1.10096624 0.75396910
0.75945251 -1.10096624 0.89105439
0.75945251 -1.10096624 1.02813968
0.75945251 -1.03242360 1.09668233
0.75945251 -0.89533831 -1.09668233
0.75945251 -0.89533831 1.09668233
0.75945251 -0.75825302 -1.09668233
0.75945251 -0.75825302 1.09668233
0.75945251 -0.62116772 -1.09668233
0.75945251 -0.62116772 1.09668233
0.75945251 -0.48408243 -1.09668233
0.75945251 -0.48408243 1.09668233
0.75945251 -0.34699714 -1.09668233
0.75945251 -0.34699714 1.09668233
0.75945251 -0.20991185 -1.09668233
0.75945251 -0.20991185 1.09668233
0.75945251 -0.07282656 -1.09668233
0.75945251 -0.07282656 1.09668233
0.75945251 0.06425873 -1.09668233
0.69090987 0.06425873 -0.89105439
0.75945251 0.06425873 1.09668233
0.75945251 0.20134402 -1.09668233
0.75945251 0.20134402 1.09668233
0.75945251 0.33842931 -1.09668233
0.75945251 0.33842931 1.09668233
0.75945251 0.47551460 -1.09668233
0.75945251 0.47551460 1.09668233
0.75945251 0.61259989 -1.09668233
0.69090987 0.61259989 1.02813968
0.75945251 0.54405725 1.02813968
0.75945251 0.61259989 0.95959704
0.75945251 0.74968518 -1.09668233
0.69090987 0.74968518 -0.06854265
0.75945251 0.68114254 -0.06854265
0.75945251 0.74968518 -0.13708529
0.75945251 0.74968518 0.00000000
0.69090987 0.74968518 0.75396910
0.75945251 0.68114254 0.75396910
0.75945251 0.74968518 0.68542645
0.75945251 0.68114254 0.89105439
0.75945251 0.88677048 -1.09668233
0.75945251 0.81822783 -0.06854265
0.69090987 0.88677048 0.61688381
0.75945251 0.81822783 0.61688381
0.75945251 0.88677048 0.54834116
0.75945251 1.02385577 -1.09668233
0.69090987 1.02385577 0.47979852
0.75945251 0.95531312 0.47979852
0.75945251 1.02385577 0.41125587
0.75945251 1.09239841 -1.02813968
0.75945251 1.09239841 -0.89105439
0.75945251 1.09239841 -0.75396910
0.75945251 1.09239841 -0.61688381
0.75945251 1.09239841 -0.47979852
0.75945251 1.09239841 -0.34271323
0.75945251 1.09239841 -0.20562794
0.75945251 1.09239841 -0.06854265
0.75945251 1.09239841 0.06854265
0.75945251 1.09239841 0.20562794
0.75945251 1.09239841 0.34271323
0.89653780 -1.03242360 -1.09668233
0.89653780 -1.10096624 -1.02813968
0.89653780 -1.10096624 -0.89105439
0.89653780 -1.10096624 -0.75396910
0.89653780 -1.10096624 -0.61688381
0.89653780 -1.10096624 -0.47979852
0.89653780 -1.10096624 -0.34271323
0.89653780 -1.10096624 -0.20562794
0.89653780 -1.10096624 -0.06854265
0.89653780 -1.10096624 0.06854265
0.89653780 -1.10096624 0.20562794
0.89653780 -1.10096624 0.34271323
0.89653780 -1.10096624 0.47979852
0.89653780 -1.10096624 0.61688381
0.89653780 -1.10096624 0.75396910
0.89653780 -1.10096624 0.89105439
0.89653780 -1.10096624 1.02813968
0.89653780 -1.03242360 1.09668233
0.89653780 -0.89533831 -1.09668233
0.89653780 -0.89533831 1.09668233
0.89653780 -0.75825302 -1.09668233
0.89653780 -0.75825302 1.09668233
0.89653780 -0.62116772 -1.09668233
0.89653780 -0.62116772 1.09668233
0.89653780 -0.48408243 -1.09668233
0.89653780 -0.48408243 1.09668233
0.89653780 -0.34699714 -1.09668233
0.89653780 -0.34699714 1.09668233
0.89653780 -0.20991185 -1.09668233
0.89653780 -0.20991185 1.09668233
0.89653780 -0.07282656 -1.09668233
0.89653780 -0.07282656 1.09668233
0.89653780 0.06425873 -1.09668233
0.89653780 0.06425873 1.09668233
0.89653780 0.20134402 -1.09668233
0.89653780 0.20134402 1.09668233
0.89653780 0.33842931 -1.09668233
0.89653780 0.33842931 1.09668233
0.89653780 0.47551460 -1.09668233
0.82799516 0.47551460 1.02813968
0.89653780 0.40697196 1.02813968
0.89653780 0.47551460 0.95959704
0.89653780 0.61259989 -1.09668233
0.82799516 0.61259989 0.89105439
0.89653780 0.54405725 0.89105439
0.89653780 0.61259989 0.82251175
0.89653780 0.74968518 -1.09668233
0.82799516 0.74968518 -0.06854265
0.82799516 0.74968518 0.61688381
0.89653780 0.68114254 0.61688381
0.89653780 0.74968518 0.54834116
0.89653780 0.68114254 0.75396910
0.89653780 0.88677048 -1.09668233
0.82799516 0.88677048 0.47979852
0.89653780 0.81822783 0.47979852
0.89653780 0.88677048 0.41125587
0.89653780 1.02385577 -1.09668233
0.82799516 1.02385577 0.34271323
0.89653780 0.95531312 0.34271323
0.89653780 1.02385577 0.27417058
0.89653780 1.09239841 -1.02813968
0.89653780 1.09239841 -0.89105439
0.89653780 1.09239841 -0.75396910
0.89653780 1.09239841 -0.61688381
0.89653780 1.09239841 -0.47979852
0.89653780 1.09239841 -0.34271323
0.89653780 1.09239841 -0.20562794
0.89653780 1.09239841 -0.06854265
0.89653780 1.09239841 0.06854265
0.89653780 1.09239841 0.20562794
0.96508045 -1.03242360 -1.02813968
0.96508045 -1.03242360 -0.89105439
0.96508045 -1.03242360 -0.75396910
0.96508045 -1.03242360 -0.61688381
0.96508045 -1.03242360 -0.47979852
0.96508045 -1.03242360 -0.34271323
0.96508045 -1.03242360 -0.20562794
0.96508045 -1.03242360 -0.06854265
0.96508045 -1.03242360 0.06854265
0.96508045 -1.03242360 0.20562794
0.96508045 -1.03242360 0.34271323
0.96508045 -1.03242360 0.47979852
0.96508045 -1.03242360 0.61688381
0.96508045 -1.03242360 0.75396910
0.96508045 -1.03242360 0.89105439
0.96508045 -1.03242360 1.02813968
1.03362309 -0.89533831 -1.09668233
1.03362309 -0.96388095 -1.02813968
1.03362309 -0.96388095 -0.89105439
1.03362309 -0.96388095 -0.75396910
1.03362309 -0.96388095 -0.61688381
1.03362309 -0.96388095 -0.47979852
1.03362309 -0.96388095 -0.34271323
1.03362309 -0.96388095 -0.20562794
1.03362309 -0.96388095 -0.06854265
1.03362309 -0.96388095 0.06854265
1.03362309 -0.96388095 0.20562794
1.03362309 -0.96388095 0.34271323
1.03362309 -0.96388095 0.47979852
1.03362309 -0.96388095 0.61688381
1.03362309 -0.96388095 0.75396910
1.03362309 -0.96388095 0.89105439
1.03362309 -0.96388095 1.02813968
1.03362309 -0.89533831 1.09668233
1.03362309 -0.75825302 -1.09668233
1.03362309 -0.75825302 1.09668233
1.03362309 -0.62116772 -1.09668233
1.03362309 -0.62116772 1.09668233
1.03362309 -0.48408243 -1.09668233
1.03362309 -0.48408243 1.09668233
1.03362309 -0.34699714 -1.09668233
1.03362309 -0.34699714 1.09668233
1.03362309 -0.20991185 -1.09668233
1.03362309 -0.20991185 1.09668233
1.03362309 -0.07282656 -1.09668233
1.03362309 -0.07282656 1.09668233
1.03362309 0.06425873 -1.09668233
1.03362309 0.06425873 1.09668233
1.03362309 0.20134402 -1.09668233
1.03362309 0.20134402 1.09668233
1.03362309 0.33842931 -1.09668233
0.96508045 0.33842931 1.02813968
1.03362309 0.26988667 1.02813968
1.03362309 0.33842931 0.95959704
1.03362309 0.47551460 -1.09668233
0.96508045 0.47551460 0.89105439
1.03362309 0.40697196 0.89105439
1.03362309 0.47551460 0.82251175
1.03362309 0.61259989 -1.09668233
0.96508045 0.61259989 0.75396910
1.03362309 0.54405725 0.75396910
1.03362309 0.61259989 0.68542645
1.03362309 0.74968518 -1.09668233
0.96508045 0.74968518 0.47979852
1.03362309 0.68114254 0.47979852
1.03362309 0.74968518 0.41125587
1.03362309 0.68114254 0.61688381
1.03362309 0.88677048 -1.09668233
0.96508045 0.88677048 0.34271323
1.03362309 0.81822783 0.34271323
1.03362309 0.88677048 0.27417058
1.03362309 0.95531312 -1.02813968
0.96508045 1.02385577 -1.02813968
0.96508045 1.02385577 -0.89105439
1.03362309 0.95531312 -0.89105439
0.96508045 1.02385577 -0.75396910
1.03362309 0.95531312 -0.75396910
0.96508045 1.02385577 -0.61688381
1.03362309 0.95531312 -0.61688381
0.96508045 1.02385577 -0.47979852
1.03362309 0.95531312 -0.47979852
0.96508045 1.02385577 -0.34271323
1.03362309 0.95531312 -0.34271323
0.96508045 1.02385577 -0.20562794
1.03362309 0.95531312 -0.20562794
0.96508045 1.02385577 -0.06854265
1.03362309 0.95531312 -0.06854265
0.96508045 1.02385577 0.06854265
1.03362309 0.95531312 0.06854265
0.96508045 1.02385577 0.20562794
1.03362309 0.95531312 0.20562794
1.10216574 -0.89533831 -1.02813968
1.10216574 -0.89533831 -0.89105439
1.10216574 -0.89533831 -0.75396910
1.10216574 -0.89533831 -0.61688381
1.10216574 -0.89533831 -0.47979852
1.10216574 -0.89533831 -0.34271323
1.10216574 -0.89533831 -0.20562794
1.10216574 -0.89533831 -0.06854265
1.10216574 -0.89533831 0.06854265
1.10216574 -0.89533831 0.20562794
1.10216574 -0.89533831 0.34271323
1.10216574 -0.89533831 0.47979852
1.10216574 -0.89533831 0.61688381
1.10216574 -0.89533831 0.75396910
1.10216574 -0.89533831 0.89105439
1.10216574 -0.89533831 1.02813968
1.10216574 -0.75825302 -1.02813968
1.10216574 -0.75825302 -0.89105439
1.10216574 -0.75825302 -0.75396910
1.10216574 -0.75825302 -0.61688381
1.10216574 -0.75825302 -0.47979852
1.10216574 -0.75825302 -0.34271323
1.10216574 -0.75825302 -0.20562794
1.10216574 -0.75825302 -0.06854265
1.10216574 -0.75825302 0.06854265
1.10216574 -0.75825302 0.20562794
1.10216574 -0.75825302 0.34271323
1.10216574 -0.75825302 0.47979852
1.10216574 -0.75825302 0.61688381
1.10216574 -0.75825302 0.75396910
1.10216574 -0.75825302 0.89105439
1.10216574 -0.75825302 1.02813968
1.10216574 -0.62116772 -1.02813968
1.10216574 -0.62116772 -0.89105439
1.10216574 -0.62116772 -0.75396910
1.10216574 -0.62116772 -0.61688381
1.10216574 -0.62116772 -0.47979852
1.10216574 -0.62116772 -0.34271323
1.10216574 -0.62116772 -0.20562794
1.10216574 -0.62116772 -0.06854265
1.10216574 -0.62116772 0.06854265
1.10216574 -0.62116772 0.20562794
1.10216574 -0.62116772 0.34271323
1.10216574 -0.62116772 0.47979852
1.10216574 -0.62116772 0.61688381
1.10216574 -0.62116772 0.75396910
1.10216574 -0.62116772 0.89105439
1.10216574 -0.62116772 1.02813968
1.10216574 -0.48408243 -1.02813968
1.10216574 -0.48408243 -0.89105439
1.10216574 -0.48408243 -0.75396910
1.10216574 -0.48408243 -0.61688381
1.10216574 -0.48408243 -0.47979852
1.10216574 -0.48408243 -0.34271323
1.10216574 -0.48408243 -0.20562794
1.10216574 -0.48408243 -0.06854265
1.10216574 -0.48408243 0.06854265
1.10216574 -0.48408243 0.20562794
1.10216574 -0.48408243 0.34271323
1.10216574 -0.48408243 0.47979852
1.10216574 -0.48408243 0.61688381
1.10216574 -0.48408243 0.75396910
1.10216574 -0.48408243 0.89105439
1.10216574 -0.48408243 1.02813968
1.10216574 -0.34699714 -1.02813968
1.10216574 -0.34699714 -0.89105439
1.10216574 -0.34699714 -0.75396910
1.10216574 -0.34699714 -0.61688381
1.10216574 -0.34699714 -0.47979852
1.10216574 -0.34699714 -0.34271323
1.10216574 -0.34699714 -0.20562794
1.10216574 -0.34699714 -0.06854265
1.10216574 -0.34699714 0.06854265
1.10216574 -0.34699714 0.20562794
1.10216574 -0.34699714 0.34271323
1.10216574 -0.34699714 0.47979852
1.10216574 -0.34699714 0.61688381
1.10216574 -0.34699714 0.75396910
1.10216574 -0.34699714 0.89105439
1.10216574 -0.34699714 1.02813968
1.10216574 -0.20991185 -1.02813968
1.10216574 -0.20991185 -0.89105439
1.10216574 -0.20991185 -0.75396910
1.10216574 -0.20991185 -0.61688381
1.10216574 -0.20991185 -0.47979852
1.10216574 -0.20991185 -0.34271323
1.10216574 -0.20991185 -0.20562794
1.10216574 -0.20991185 -0.06854265
1.10216574 -0.20991185 0.06854265
1.10216574 -0.20991185 0.20562794
1.10216574 -0.20991185 0.34271323
1.10216574 -0.20991185 0.47979852
1.10216574 -0.20991185 0.61688381
1.10216574 -0.20991185 0.75396910
1.10216574 -0.20991185 0.89105439
1.10216574 -0.20991185 1.02813968
1.10216574 -0.07282656 -1.02813968
1.10216574 -0.07282656 -0.89105439
1.10216574 -0.07282656 -0.75396910
1.10216574 -0.07282656 -0.61688381
1.10216574 -0.07282656 -0.47979852
1.10216574 -0.07282656 -0.34271323
1.10216574 -0.07282656 -0.20562794
1.10216574 -0.07282656 -0.06854265
1.10216574 -0.07282656 0.06854265
1.10216574 -0.07282656 0.20562794
1.10216574 -0.07282656 0.34271323
1.10216574 -0.07282656 0.47979852
1.10216574 -0.07282656 0.61688381
1.10216574 -0.07282656 0.75396910
1.10216574 -0.07282656 0.89105439
1.10216574 -0.07282656 1.02813968
1.10216574 0.06425873 -1.02813968
1.10216574 0.06425873 -0.89105439
1.10216574 0.06425873 -0.75396910
1.10216574 0.06425873 -0.61688381
1.10216574 0.06425873 -0.47979852
1.10216574 0.06425873 -0.34271323
1.10216574 0.06425873 -0.20562794
1.10216574 0.06425873 -0.06854265
1.10216574 0.06425873 0.06854265
1.10216574 0.06425873 0.20562794
1.10216574 0.06425873 0.34271323
1.10216574 0.06425873 0.47979852
1.10216574 0.06425873 0.61688381
1.10216574 0.06425873 0.75396910
1.10216574 0.06425873 0.89105439
1.10216574 0.06425873 1.02813968
1.10216574 0.20134402 -1.02813968
1.10216574 0.20134402 -0.89105439
1.10216574 0.20134402 -0.75396910
1.10216574 0.20134402 -0.61688381
1.10216574 0.20134402 -0.47979852
1.10216574 0.20134402 -0.34271323
1.10216574 0.20134402 -0.20562794
1.10216574 0.20134402 -0.06854265
1.10216574 0.20134402 0.06854265
1.10216574 0.20134402 0.20562794
1.10216574 0.20134402 0.34271323
1.10216574 0.20134402 0.47979852
1.10216574 0.20134402 0.61688381
1.10216574 0.20134402 0.75396910
1.10216574 0.20134402 0.89105439
1.10216574 0.20134402 1.02813968
1.10216574 0.33842931 -1.02813968
1.10216574 0.33842931 -0.89105439
1.10216574 0.33842931 -0.75396910
1.10216574 0.33842931 -0.61688381
1.10216574 0.33842931 -0.47979852
1.10216574 0.33842931 -0.34271323
1.10216574 0.33842931 -0.20562794
1.10216574 0.33842931 -0.06854265
1.10216574 0.33842931 0.06854265
1.10216574 0.33842931 0.20562794
1.10216574 0.33842931 0.34271323
1.10216574 0.33842931 0.47979852
1.10216574 0.33842931 0.61688381
1.10216574 0.33842931 0.75396910
1.10216574 0.33842931 0.89105439
1.10216574 0.47551460 -1.02813968
1.10216574 0.47551460 -0.89105439
1.10216574 0.47551460 -0.75396910
1.10216574 0.47551460 -0.61688381
1.10216574 0.47551460 -0.47979852
1.10216574 0.47551460 -0.34271323
1.10216574 0.47551460 -0.20562794
1.10216574 0.47551460 -0.06854265
1.10216574 0.47551460 0.06854265
1.10216574 0.47551460 0.20562794
1.10216574 0.47551460 0.34271323
1.10216574 0.47551460 0.47979852
1.10216574 0.47551460 0.61688381
1.10216574 0.47551460 0.75396910
1.10216574 0.61259989 -1.02813968
1.10216574 0.61259989 -0.89105439
1.10216574 0.61259989 -0.75396910
1.10216574 0.61259989 -0.61688381
1.10216574 0.61259989 -0.47979852
1.10216574 0.61259989 -0.34271323
1.10216574 0.61259989 -0.20562794
1.10216574 0.61259989 -0.06854265
1.10216574 0.61259989 0.06854265
1.10216574 0.61259989 0.20562794
1.10216574 0.61259989 0.34271323
1.10216574 0.61259989 0.47979852
1.10216574 0.61259989 0.61688381
1.10216574 0.74968518 -1.02813968
1.10216574 0.74968518 -0.89105439
1.10216574 0.74968518 -0.75396910
1.10216574 0.74968518 -0.61688381
1.10216574 0.74968518 -0.47979852
1.10216574 0.74968518 -0.34271323
1.10216574 0.74968518 -0.20562794
1.10216574 0.74968518 -0.06854265
1.10216574 0.74968518 0.06854265
1.10216574 0.74968518 0.20562794
1.10216574 0.74968518 0.34271323
1.10216574 0.88677048 -1.02813968
1.10216574 0.88677048 -0.89105439
1.10216574 0.88677048 -0.75396910
1.10216574 0.88677048 -0.61688381
1.10216574 0.88677048 -0.47979852
1.10216574 0.88677048 -0.34271323
1.10216574 0.88677048 -0.20562794
1.10216574 0.88677048 -0.06854265
1.10216574 0.88677048 0.06854265
1.10216574 0.88677048 0.20562794
3 2 1 0
3 4 3 0
3 0 3 2
3 6 5 4
3 4 5 3
3 8 7 6
3 6 7 5
3 10 9 8
3 8 9 7
3 12 11 10
3 10 11 9
3 14 13 12
3 12 13 11
3 16 15 14
3 14 15 13
3 18 17 16
3 16 17 15
3 20 19 18
3 18 19 17
3 22 21 20
3 20 21 19
3 24 23 22
3 22 23 21
3 26 25 24
3 24 25 23
3 28 27 26
3 26 27 25
3 30 29 28
3 28 29 27
3 32 31 30
3 30 31 29
3 32 33 31
3 0 1 34
3 34 1 35
3 0 36 4
3 0 34 36
3 4 37 6
3 4 36 37
3 6 38 8
3 6 37 38
3 8 39 10
3 8 38 39
3 10 40 12
3 10 39 40
3 12 41 14
3 12 40 41
3 14 42 16
3 14 41 42
3 16 43 18
3 16 42 43
3 18 44 20
3 18 43 44
3 20 45 22
3 20 44 45
3 22 46 24
3 22 45 46
3 24 47 26
3 24 46 47
3 26 48 28
3 26 47 48
3 28 49 30
3 28 48 49
3 30 50 32
3 30 49 50
3 33 32 51
3 51 32 50
3 34 35 52
3 52 35 53
3 34 54 36
3 34 52 54
3 36 55 37
3 36 54 55
3 37 56 38
3 37 55 56
3 38 57 39
3 38 56 57
3 39 58 40
3 39 57 58
3 40 59 41
3 40 58 59
3 41 60 42
3 41 59 60
3 42 61 43
3 42 60 61
3 43 62 44
3 43 61 62
3 44 63 45
3 44 62 63
3 45 64 46
3 45 63 64
3 46 65 47
3 46 64 65
3 47 66 48
3 47 65 66
3 48 67 49
3 48 66 67
3 49 68 50
3 49 67 68
3 51 50 69
3 69 50 68
3 52 53 70
3 70 53 71
3 52 72 54
3 52 70 72
3 54 73 55
3 54 72 73
3 55 74 56
3 55 73 74
3 56 75 57
3 56 74 75
3 57 76 58
3 57 75 76
3 58 77 59
3 58 76 77
3 59 78 60
3 59 77 78
3 60 79 61
3 60 78 79
3 61 80 62
3 61 79 80
3 62 81 63
3 62 80 81
3 63 82 64
3 63 81 82
3 64 83 65
3 64 82 83
3 65 84 66
3 65 83 84
3 66 85 67
3 66 84 85
3 67 86 68
3 67 85 86
3 69 68 87
3 87 68 86
3 70 71 88
3 88 71 89
3 70 90 72
3 70 88 90
3 72 91 73
3 72 90 91
3 73 92 74
3 73 91 92
3 74 93 75
3 74 92 93
3 75 94 76
3 75 93 94
3 76 95 77
3 76 94 95
3 77 96 78
3 77 95 96
3 78 97 79
3 78 96 97
3 79 98 80
3 79 97 98
3 80 99 81
3 80 98 99
3 81 100 82
3 81 99 100
3 82 101 83
3 82 100 101
3 83 102 84
3 83 101 102
3 84 103 85
3 84 102 103
3 85 104 86
3 85 103 104
3 87 86 105
3 105 86 104
3 88 89 106
3 106 89 107
3 88 108 90
3 88 106 108
3 90 109 91
3 90 108 109
3 91 110 92
3 91 109 110
3 92 111 93
3 92 110 111
3 93 112 94
3 93 111 112
3 94 113 95
3 94 112 113
3 95 114 96
3 95 113 114
3 96 115 97
3 96 114 115
3 97 116 98
3 97 115 116
3 98 117 99
3 98 116 117
3 99 118 100
3 99 117 118
3 100 119 101
3 100 118 119
3 101 120 102
3 101 119 120
3 102 121 103
3 102 120 121
3 103 122 104
3 103 121 122
3 105 104 123
3 123 104 122
3 106 107 124
3 124 107 125
3 106 126 108
3 106 124 126
3 108 127 109
3 108 126 127
3 109 128 110
3 109 127 128
3 110 129 111
3 110 128 129
3 111 130 112
3 111 129 130
3 112 131 113
3 112 130 131
3 113 132 114
3 113 131 132
3 114 133 115
3 114 132 133
3 115 134 116
3 115 133 134
3 116 135 117
3 116 134 135
3 117 136 118
3 117 135 136
3 118 137 119
3 118 136 137
3 119 138 120
3 119 137 138
3 120 139 121
3 120 138 139
3 121 140 122
3 121 139 140
3 123 122 141
3 141 122 140
3 124 125 142
3 142 125 143
3 124 144 126
3 124 142 144
3 126 145 127
3 126 144 145
3 127 146 128
3 127 145 146
3 128 147 129
3 128 146 147
3 129 148 130
3 129 147 148
3 130 149 131
3 130 148 149
3 131 150 132
3 131 149 150
3 132 151 133
3 132 150 151
3 133 152 134
3 133 151 152
3 134 153 135
3 134 152 153
3 135 154 136
3 135 153 154
3 136 155 137
3 136 154 155
3 137 156 138
3 137 155 156
3 138 157 139
3 138 156 157
3 139 158 140
3 139 157 158
3 141 140 159
3 159 140 158
3 142 143 160
3 160 143 161
3 142 162 144
3 142 160 162
3 144 163 145
3 144 162 163
3 145 164 146
3 145 163 164
3 146 165 147
3 146 164 165
3 147 166 148
3 147 165 166
3 148 167 149
3 148 166 167
3 149 168 150
3 149 167 168
3 150 169 151
3 150 168 169
3 151 170 152
3 151 169 170
3 152 171 153
3 152 170 171
3 153 172 154
3 153 171 172
3 154 173 155
3 154 172 173
3 155 174 156
3 155 173 174
3 156 175 157
3 156 174 175
3 157 176 158
3 157 175 176
3 159 158 177
3 177 158 176
3 160 161 178
3 178 161 179
3 160 180 162
3 160 178 180
3 162 181 163
3 162 180 181
3 163 182 164
3 163 181 182
3 164 183 165
3 164 182 183
3 165 184 166
3 165 183 184
3 166 185 167
3 166 184 185
3 167 186 168
3 167 185 186
3 168 187 169
3 168 186 187
3 169 188 170
3 169 187 188
3 170 189 171
3 170 188 189
3 171 190 172
3 171 189 190
3 172 191 173
3 172 190 191
3 173 192 174
3 173 191 192
3 174 193 175
3 174 192 193
3 175 194 176
3 175 193 194
3 177 176 195
3 195 176 194
3 178 179 196
3 196 179 197
3 178 198 180
3 178 196 198
3 180 199 181
3 180 198 199
3 181 200 182
3 181 199 200
3 182 201 183
3 182 200 201
3 183 202 184
3 183 201 202
3 184 203 185
3 184 202 203
3 185 204 186
3 185 203 204
3 186 205 187
3 186 204 205
3 187 206 188
3 187 205 206
3 188 207 189
3 188 206 207
3 189 208 190
3 189 207 208
3 190 209 191
3 190 208 209
3 191 210 192
3 191 209 210
3 192 211 193
3 192 210 211
3 193 212 194
3 193 211 212
3 195 194 213
3 213 194 212
3 196 197 214
3 214 197 215
3 196 216 198
3 196 214 216
3 198 217 199
3 198 216 217
3 199 218 200
3 199 217 218
3 200 219 201
3 200 218 219
3 201 220 202
3 201 219 220
3 202 221 203
3 202 220 221
3 203 222 204
3 203 221 222
3 204 223 205
3 204 222 223
3 205 224 206
3 205 223 224
3 206 225 207
3 206 224 225
3 207 226 208
3 207 225 226
3 208 227 209
3 208 226 227
3 209 228 210
3 209 227 228
3 210 229 211
3 210 228 229
3 211 230 212
3 211 229 230
3 213 212 231
3 231 212 230
3 214 215 232
3 232 215 233
3 214 234 216
3 214 232 234
3 216 235 217
3 216 234 235
3 217 236 218
3 217 235 236
3 218 237 219
3 218 236 237
3 219 238 220
3 219 237 238
3 220 239 221
3 220 238 239
3 221 240 222
3 221 239 240
3 222 241 223
3 222 240 241
3 223 242 224
3 223 241 242
3 224 243 225
3 224 242 243
3 225 244 226
3 225 243 244
3 226 245 227
3 226 244 245
3 227 246 228
3 227 245 246
3 228 247 229
3 228 246 247
3 229 248 230
3 229 247 248
3 231 230 249
3 249 230 248
3 232 233 250
3 250 233 251
3 232 252 234
3 232 250 252
3 234 253 235
3 234 252 253
3 235 254 236
3 235 253 254
3 236 255 237
3 236 254 255
3 237 256 238
3 237 255 256
3 238 257 239
3 238 256 257
3 239 258 240
3 239 257 258
3 240 259 241
3 240 258 259
3 241 260 242
3 241 259 260
3 242 261 243
3 242 260 261
3 243 262 244
3 243 261 262
3 244 263 245
3 244 262 263
3 245 264 246
3 245 263 264
3 246 265 247
3 246 264 265
3 247 266 248
3 247 265 266
3 249 248 267
3 267 248 266
3 251 268 250
3 250 268 252
3 252 268 269
3 252 269 253
3 253 269 270
3 253 270 254
3 254 270 271
3 254 271 255
3 255 271 272
3 255 272 256
3 256 272 273
3 256 273 257
3 257 273 274
3 257 274 258
3 258 274 275
3 258 275 259
3 259 275 276
3 259 276 260
3 260 276 277
3 260 277 261
3 261 277 278
3 261 278 262
3 262 278 279
3 262 279 263
3 263 279 280
3 263 280 264
3 264 280 281
3 264 281 265
3 265 281 282
3 265 282 266
3 266 282 283
3 266 283 267
3 286 285 284
3 288 287 284
3 284 287 286
3 290 289 288
3 288 289 287
3 292 291 290
3 290 291 289
3 294 293 292
3 292 293 291
3 296 295 294
3 294 295 293
3 298 297 296
3 296 297 295
3 300 299 298
3 298 299 297
3 302 301 300
3 300 301 299
3 304 303 302
3 302 303 301
3 306 305 304
3 304 305 303
3 308 307 306
3 306 307 305
3 310 309 308
3 308 309 307
3 312 311 310
3 310 311 309
3 314 313 312
3 312 313 311
3 316 315 314
3 314 315 313
3 316 317 315
3 284 285 2
3 285 1 2
3 285 318 1
3 284 2 3
3 284 3 288
3 288 3 5
3 288 5 290
3 290 5 7
3 290 7 292
3 292 7 9
3 292 9 294
3 294 9 11
3 294 11 296
3 296 11 13
3 296 13 298
3 298 13 15
3 298 15 300
3 300 15 17
3 300 17 302
3 302 17 19
3 302 19 304
3 304 19 21
3 304 21 306
3 306 21 23
3 306 23 308
3 308 23 25
3 308 25 310
3 310 25 27
3 310 27 312
3 312 27 29
3 312 29 314
3 314 29 31
3 314 31 316
3 31 33 316
3 33 317 316
3 33 319 317
3 318 35 1
3 320 35 318
3 51 319 33
3 51 321 319
3 320 53 35
3 322 53 320
3 69 321 51
3 69 323 321
3 322 71 53
3 324 71 322
3 87 323 69
3 87 325 323
3 324 89 71
3 326 89 324
3 105 325 87
3 105 327 325
3 326 107 89
3 328 107 326
3 331 330 329
3 332 329 330
3 123 327 105
3 123 333 327
3 328 125 107
3 334 125 328
3 335 331 329
3 335 329 332
3 141 333 123
3 141 336 333
3 334 143 125
3 337 143 334
3 159 336 141
3 159 338 336
3 337 161 143
3 339 161 337
3 177 338 159
3 177 340 338
3 339 179 161
3 341 179 339
3 195 340 177
3 195 342 340
3 341 197 179
3 343 197 341
3 213 342 195
3 213 344 342
3 343 215 197
3 345 215 343
3 231 344 213
3 231 346 344
3 345 233 215
3 347 233 345
3 249 346 231
3 249 348 346
3 347 251 233
3 349 251 347
3 267 348 249
3 267 350 348
3 268 251 351
3 251 352 351
3 251 349 352
3 353 269 268
3 353 268 351
3 354 270 269
3 354 269 353
3 355 271 270
3 355 270 354
3 356 272 271
3 356 271 355
3 357 273 272
3 357 272 356
3 358 274 273
3 358 273 357
3 359 275 274
3 359 274 358
3 360 276 275
3 360 275 359
3 361 277 276
3 361 276 360
3 362 278 277
3 362 277 361
3 363 279 278
3 363 278 362
3 364 280 279
3 364 279 363
3 365 281 280
3 365 280 364
3 366 282 281
3 366 281 365
3 367 283 282
3 367 282 366
3 367 368 283
3 368 267 283
3 368 350 267
3 352 369 351
3 351 369 353
3 353 369 370
3 353 370 354
3 354 370 371
3 354 371 355
3 355 371 372
3 355 372 356
3 356 372 373
3 356 373 357
3 357 373 374
3 357 374 358
3 358 374 375
3 358 375 359
3 359 375 376
3 359 376 360
3 360 376 377
3 360 377 361
3 361 377 378
3 361 378 362
3 362 378 379
3 362 379 363
3 363 379 380
3 363 380 364
3 364 380 381
3 364 381 365
3 365 381 382
3 365 382 366
3 366 382 383
3 366 383 367
3 367 383 384
3 367 384 368
3 386 385 286
3 286 385 285
3 387 286 287
3 387 386 286
3 388 287 289
3 388 387 287
3 389 289 291
3 389 388 289
3 390 291 293
3 390 389 291
3 391 293 295
3 391 390 293
3 392 295 297
3 392 391 295
3 393 297 299
3 393 392 297
3 394 299 301
3 394 393 299
3 395 301 303
3 395 394 301
3 396 303 305
3 396 395 303
3 397 305 307
3 397 396 305
3 398 307 309
3 398 397 307
3 399 309 311
3 399 398 309
3 400 311 313
3 400 399 311
3 401 313 315
3 401 400 313
3 315 317 401
3 401 317 402
3 385 318 285
3 403 318 385
3 319 402 317
3 319 404 402
3 403 320 318
3 405 320 403
3 321 404 319
3 321 406 404
3 405 322 320
3 407 322 405
3 323 406 321
3 323 408 406
3 407 324 322
3 409 324 407
3 325 408 323
3 325 410 408
3 409 326 324
3 411 326 409
3 327 410 325
3 327 412 410
3 411 328 326
3 413 328 411
3 331 414 330
3 414 332 330
3 333 412 327
3 333 415 412
3 413 334 328
3 416 334 413
3 335 414 331
3 414 335 332
3 336 415 333
3 336 417 415
3 416 337 334
3 418 337 416
3 338 417 336
3 338 419 417
3 418 339 337
3 420 339 418
3 340 419 338
3 340 421 419
3 420 341 339
3 422 341 420
3 425 424 423
3 426 423 424
3 342 421 340
3 342 427 421
3 422 343 341
3 428 343 422
3 429 425 423
3 429 423 426
3 344 427 342
3 344 430 427
3 428 345 343
3 431 345 428
3 346 430 344
3 346 432 430
3 431 347 345
3 433 347 431
3 348 432 346
3 348 434 432
3 433 349 347
3 435 349 433
3 350 434 348
3 350 436 434
3 435 352 349
3 437 352 435
3 368 436 350
3 368 438 436
3 437 439 352
3 352 439 369
3 369 440 370
3 439 440 369
3 370 441 371
3 440 441 370
3 371 442 372
3 441 442 371
3 372 443 373
3 442 443 372
3 373 444 374
3 443 444 373
3 374 445 375
3 444 445 374
3 375 446 376
3 445 446 375
3 376 447 377
3 446 447 376
3 377 448 378
3 447 448 377
3 378 449 379
3 448 449 378
3 379 450 380
3 449 450 379
3 380 451 381
3 450 451 380
3 381 452 382
3 451 452 381
3 382 453 383
3 452 453 382
3 383 454 384
3 453 454 383
3 368 384 438
3 438 384 454
3 456 455 386
3 386 455 385
3 457 386 387
3 457 456 386
3 458 387 388
3 458 457 387
3 459 388 389
3 459 458 388
3 460 389 390
3 460 459 389
3 461 390 391
3 461 460 390
3 462 391 392
3 462 461 391
3 463 392 393
3 463 462 392
3 464 393 394
3 464 463 393
3 465 394 395
3 465 464 394
3 466 395 396
3 466 465 395
3 467 396 397
3 467 466 396
3 468 397 398
3 468 467 397
3 469 398 399
3 469 468 398
3 470 399 400
3 470 469 399
3 471 400 401
3 471 470 400
3 401 402 471
3 471 402 472
3 455 403 385
3 473 403 455
3 404 472 402
3 404 474 472
3 473 405 403
3 475 405 473
3 406 474 404
3 406 476 474
3 475 407 405
3 477 407 475
3 408 476 406
3 408 478 476
3 477 409 407
3 479 409 477
3 410 478 408
3 410 480 478
3 479 411 409
3 481 411 479
3 412 480 410
3 412 482 480
3 481 413 411
3 483 413 481
3 415 482 412
3 415 484 482
3 483 416 413
3 485 416 483
3 417 484 415
3 417 486 484
3 485 418 416
3 487 418 485
3 419 486 417
3 419 488 486
3 487 420 418
3 489 420 487
3 421 488 419
3 421 490 488
3 489 422 420
3 491 422 489
3 425 492 424
3 492 426 424
3 427 490 421
3 427 493 490
3 491 428 422
3 494 428 491
3 429 492 425
3 426 492 429
3 497 496 495
3 498 496 497
3 430 493 427
3 430 499 493
3 494 431 428
3 500 431 494
3 501 495 496
3 501 496 498
3 432 499 430
3 432 502 499
3 500 433 431
3 503 433 500
3 434 502 432
3 434 504 502
3 503 435 433
3 505 435 503
3 436 504 434
3 436 506 504
3 505 437 435
3 507 437 505
3 438 506 436
3 438 508 506
3 507 509 437
3 437 509 439
3 439 510 440
3 509 510 439
3 440 511 441
3 510 511 440
3 441 512 442
3 511 512 441
3 442 513 443
3 512 513 442
3 443 514 444
3 513 514 443
3 444 515 445
3 514 515 444
3 445 516 446
3 515 516 445
3 446 517 447
3 516 517 446
3 447 518 448
3 517 518 447
3 448 519 449
3 518 519 448
3 449 520 450
3 519 520 449
3 450 521 451
3 520 521 450
3 451 522 452
3 521 522 451
3 452 523 453
3 522 523 452
3 453 524 454
3 523 524 453
3 438 454 508
3 508 454 524
3 526 525 456
3 456 525 455
3 527 456 457
3 527 526 456
3 528 457 458
3 528 527 457
3 529 458 459
3 529 528 458
3 530 459 460
3 530 529 459
3 531 460 461
3 531 530 460
3 532 461 462
3 532 531 461
3 533 462 463
3 533 532 462
3 534 463 464
3 534 533 463
3 535 464 465
3 535 534 464
3 536 465 466
3 536 535 465
3 537 466 467
3 537 536 466
3 538 467 468
3 538 537 467
3 539 468 469
3 539 538 468
3 540 469 470
3 540 539 469
3 541 470 471
3 541 540 470
3 471 472 541
3 541 472 542
3 525 473 455
3 543 473 525
3 474 542 472
3 474 544 542
3 543 475 473
3 545 475 543
3 476 544 474
3 476 546 544
3 545 477 475
3 547 477 545
3 478 546 476
3 478 548 546
3 547 479 477
3 549 479 547
3 480 548 478
3 480 550 548
3 549 481 479
3 551 481 549
3 482 550 480
3 482 552 550
3 551 483 481
3 553 483 551
3 484 552 482
3 484 554 552
3 553 485 483
3 555 485 553
3 486 554 484
3 486 556 554
3 555 487 485
3 557 487 555
3 488 556 486
3 488 558 556
3 557 489 487
3 559 489 557
3 490 558 488
3 490 560 558
3 559 491 489
3 561 491 559
3 493 560 490
3 493 562 560
3 561 494 491
3 563 494 561
3 495 564 497
3 564 498 497
3 499 562 493
3 499 565 562
3 563 500 494
3 566 500 563
3 501 564 495
3 564 501 498
3 502 565 499
3 502 567 565
3 566 503 500
3 568 503 566
3 504 567 502
3 504 569 567
3 568 505 503
3 570 505 568
3 506 569 504
3 506 571 569
3 570 507 505
3 572 507 570
3 508 571 506
3 508 573 571
3 572 574 507
3 507 574 509
3 509 575 510
3 574 575 509
3 510 576 511
3 575 576 510
3 511 577 512
3 576 577 511
3 512 578 513
3 577 578 512
3 513 579 514
3 578 579 513
3 514 580 515
3 579 580 514
3 515 581 516
3 580 581 515
3 516 582 517
3 581 582 516
3 517 583 518
3 582 583 517
3 518 584 519
3 583 584 518
3 519 585 520
3 584 585 519
3 520 586 521
3 585 586 520
3 521 587 522
3 586 587 521
3 522 588 523
3 587 588 522
3 523 589 524
3 588 589 523
3 508 524 573
3 573 524 589
3 591 590 526
3 526 590 525
3 592 526 527
3 592 591 526
3 593 527 528
3 593 592 527
3 594 528 529
3 594 593 528
3 595 529 530
3 595 594 529
3 596 530 531
3 596 595 530
3 597 531 532
3 597 596 531
3 598 532 533
3 598 597 532
3 599 533 534
3 599 598 533
3 600 534 535
3 600 599 534
3 601 535 536
3 601 600 535
3 602 536 537
3 602 601 536
3 603 537 538
3 603 602 537
3 604 538 539
3 604 603 538
3 605 539 540
3 605 604 539
3 606 540 541
3 606 605 540
3 541 542 606
3 606 542 607
3 590 543 525
3 608 543 590
3 544 607 542
3 544 609 607
3 608 545 543
3 610 545 608
3 546 609 544
3 546 611 609
3 610 547 545
3 612 547 610
3 548 611 546
3 548 613 611
3 612 549 547
3 614 549 612
3 550 613 548
3 550 615 613
3 614 551 549
3 616 551 614
3 552 615 550
3 552 617 615
3 616 553 551
3 618 553 616
3 554 617 552
3 554 619 617
3 618 555 553
3 620 555 618
3 556 619 554
3 556 621 619
3 620 557 555
3 622 557 620
3 558 621 556
3 558 623 621
3 622 559 557
3 624 559 622
3 560 623 558
3 560 625 623
3 624 561 559
3 626 561 624
3 562 625 560
3 562 627 625
3 626 563 561
3 628 563 626
3 565 627 562
3 565 629 627
3 628 566 563
3 630 566 628
3 567 629 565
3 567 631 629
3 630 568 566
3 632 568 630
3 569 631 567
3 569 633 631
3 632 570 568
3 634 570 632
3 571 633 569
3 571 635 633
3 634 572 570
3 636 572 634
3 573 635 571
3 573 637 635
3 636 638 572
3 572 638 574
3 574 639 575
3 638 639 574
3 575 640 576
3 639 640 575
3 576 641 577
3 640 641 576
3 577 642 578
3 641 642 577
3 578 643 579
3 642 643 578
3 579 644 580
3 643 644 579
3 580 645 581
3 644 645 580
3 581 646 582
3 645 646 581
3 582 647 583
3 646 647 582
3 583 648 584
3 647 648 583
3 584 649 585
3 648 649 584
3 585 650 586
3 649 650 585
3 586 651 587
3 650 651 586
3 587 652 588
3 651 652 587
3 588 653 589
3 652 653 588
3 573 589 637
3 637 589 653
3 655 654 591
3 591 654 590
3 656 591 592
3 656 655 591
3 657 592 593
3 657 656 592
3 658 593 594
3 658 657 593
3 659 594 595
3 659 658 594
3 660 595 596
3 660 659 595
3 661 596 597
3 661 660 596
3 662 597 598
3 662 661 597
3 663 598 599
3 663 662 598
3 664 599 600
3 664 663 599
3 665 600 601
3 665 664 600
3 666 601 602
3 666 665 601
3 667 602 603
3 667 666 602
3 668 603 604
3 668 667 603
3 669 604 605
3 669 668 604
3 670 605 606
3 670 669 605
3 606 607 670
3 670 607 671
3 654 608 590
3 672 608 654
3 609 671 607
3 609 673 671
3 672 610 608
3 674 610 672
3 611 673 609
3 611 675 673
3 674 612 610
3 676 612 674
3 613 675 611
3 613 677 675
3 676 614 612
3 678 614 676
3 615 677 613
3 615 679 677
3 678 616 614
3 680 616 678
3 617 679 615
3 617 681 679
3 680 618 616
3 682 618 680
3 619 681 617
3 619 683 681
3 682 620 618
3 684 620 682
3 621 683 619
3 621 685 683
3 684 622 620
3 686 622 684
3 623 685 621
3 623 687 685
3 686 624 622
3 688 624 686
3 625 687 623
3 625 689 687
3 688 626 624
3 690 626 688
3 627 689 625
3 627 691 689
3 690 628 626
3 692 628 690
3 629 691 627
3 629 693 691
3 692 630 628
3 694 630 692
3 631 693 629
3 631 695 693
3 694 632 630
3 696 632 694
3 699 698 697
3 700 697 698
3 633 695 631
3 633 701 695
3 696 634 632
3 702 634 696
3 703 699 697
3 703 697 700
3 635 701 633
3 635 704 701
3 702 636 634
3 705 636 702
3 637 704 635
3 637 706 704
3 705 707 636
3 636 707 638
3 638 708 639
3 707 708 638
3 639 709 640
3 708 709 639
3 640 710 641
3 709 710 640
3 641 711 642
3 710 711 641
3 642 712 643
3 711 712 642
3 643 713 644
3 712 713 643
3 644 714 645
3 713 714 644
3 645 715 646
3 714 715 645
3 646 716 647
3 715 716 646
3 647 717 648
3 716 717 647
3 648 718 649
3 717 718 648
3 649 719 650
3 718 719 649
3 650 720 651
3 719 720 650
3 651 721 652
3 720 721 651
3 652 722 653
3 721 722 652
3 637 653 706
3 706 653 722
3 724 723 655
3 655 723 654
3 725 655 656
3 725 724 655
3 726 656 657
3 726 725 656
3 727 657 658
3 727 726 657
3 728 658 659
3 728 727 658
3 729 659 660
3 729 728 659
3 730 660 661
3 730 729 660
3 731 661 662
3 731 730 661
3 732 662 663
3 732 731 662
3 733 663 664
3 733 732 663
3 734 664 665
3 734 733 664
3 735 665 666
3 735 734 665
3 736 666 667
3 736 735 666
3 737 667 668
3 737 736 667
3 738 668 669
3 738 737 668
3 739 669 670
3 739 738 669
3 670 671 739
3 739 671 740
3 723 672 654
3 741 672 723
3 673 740 671
3 673 742 740
3 741 674 672
3 743 674 741
3 675 742 673
3 675 744 742
3 743 676 674
3 745 676 743
3 677 744 675
3 677 746 744
3 745 678 676
3 747 678 745
3 679 746 677
3 679 748 746
3 747 680 678
3 749 680 747
3 681 748 679
3 681 750 748
3 749 682 680
3 751 682 749
3 683 750 681
3 683 752 750
3 751 684 682
3 753 684 751
3 685 752 683
3 685 754 752
3 753 686 684
3 755 686 753
3 687 754 685
3 687 756 754
3 755 688 686
3 757 688 755
3 689 756 687
3 689 758 756
3 757 690 688
3 759 690 757
3 691 758 689
3 691 760 758
3 759 692 690
3 761 692 759
3 693 760 691
3 693 762 760
3 761 694 692
3 763 694 761
3 695 762 693
3 695 764 762
3 763 696 694
3 765 696 763
3 699 766 698
3 766 700 698
3 701 764 695
3 701 767 764
3 765 702 696
3 768 702 765
3 703 766 699
3 766 703 700
3 704 767 701
3 704 769 767
3 768 705 702
3 770 705 768
3 706 769 704
3 706 771 769
3 770 772 705
3 705 772 707
3 707 773 708
3 772 773 707
3 708 774 709
3 773 774 708
3 709 775 710
3 774 775 709
3 710 776 711
3 775 776 710
3 711 777 712
3 776 777 711
3 712 778 713
3 777 778 712
3 713 779 714
3 778 779 713
3 714 780 715
3 779 780 714
3 715 781 716
3 780 781 715
3 716 782 717
3 781 782 716
3 717 783 718
3 782 783 717
3 718 784 719
3 783 784 718
3 719 785 720
3 784 785 719
3 720 786 721
3 785 786 720
3 721 787 722
3 786 787 721
3 706 722 771
3 771 722 787
3 789 788 724
3 724 788 723
3 790 724 725
3 790 789 724
3 791 725 726
3 791 790 725
3 792 726 727
3 792 791 726
3 793 727 728
3 793 792 727
3 794 728 729
3 794 793 728
3 795 729 730
3 795 794 729
3 796 730 731
3 796 795 730
3 797 731 732
3 797 796 731
3 798 732 733
3 798 797 732
3 799 733 734
3 799 798 733
3 800 734 735
3 800 799 734
3 801 735 736
3 801 800 735
3 802 736 737
3 802 801 736
3 803 737 738
3 803 802 737
3 804 738 739
3 804 803 738
3 739 740 804
3 804 740 805
3 788 741 723
3 806 741 788
3 742 805 740
3 742 807 805
3 806 743 741
3 808 743 806
3 744 807 742
3 744 809 807
3 808 745 743
3 810 745 808
3 746 809 744
3 746 811 809
3 810 747 745
3 812 747 810
3 748 811 746
3 748 813 811
3 812 749 747
3 814 749 812
3 750 813 748
3 750 815 813
3 814 751 749
3 816 751 814
3 752 815 750
3 752 817 815
3 816 753 751
3 818 753 816
3 754 817 752
3 754 819 817
3 818 755 753
3 820 755 818
3 756 819 754
3 756 821 819
3 820 757 755
3 822 757 820
3 758 821 756
3 758 823 821
3 822 759 757
3 824 759 822
3 760 823 758
3 760 825 823
3 824 761 759
3 826 761 824
3 762 825 760
3 762 827 825
3 826 763 761
3 828 763 826
3 764 827 762
3 764 829 827
3 828 765 763
3 830 765 828
3 767 829 764
3 767 831 829
3 830 768 765
3 832 768 830
3 835 834 833
3 836 833 834
3 839 838 837
3 840 837 838
3 769 831 767
3 769 841 831
3 832 770 768
3 842 770 832
3 843 835 833
3 843 833 836
3 844 839 837
3 844 837 840
3 847 846 845
3 846 841 845
3 841 771 845
3 841 769 771
3 842 848 770
3 770 848 772
3 772 849 773
3 848 849 772
3 773 850 774
3 849 850 773
3 774 851 775
3 850 851 774
3 775 852 776
3 851 852 775
3 776 853 777
3 852 853 776
3 777 854 778
3 853 854 777
3 778 855 779
3 854 855 778
3 779 856 780
3 855 856 779
3 780 857 781
3 856 857 780
3 781 858 782
3 857 858 781
3 782 859 783
3 858 859 782
3 783 860 784
3 859 860 783
3 784 861 785
3 860 861 784
3 785 862 786
3 861 862 785
3 845 787 847
3 787 862 847
3 787 786 862
3 787 845 771
3 864 863 789
3 789 863 788
3 865 789 790
3 865 864 789
3 866 790 791
3 866 865 790
3 867 791 792
3 867 866 791
3 868 792 793
3 868 867 792
3 869 793 794
3 869 868 793
3 870 794 795
3 870 869 794
3 871 795 796
3 871 870 795
3 872 796 797
3 872 871 796
3 873 797 798
3 873 872 797
3 874 798 799
3 874 873 798
3 875 799 800
3 875 874 799
3 876 800 801
3 876 875 800
3 877 801 802
3 877 876 801
3 878 802 803
3 878 877 802
3 879 803 804
3 879 878 803
3 804 805 879
3 879 805 880
3 863 806 788
3 881 806 863
3 807 880 805
3 807 882 880
3 881 808 806
3 883 808 881
3 809 882 807
3 809 884 882
3 883 810 808
3 885 810 883
3 888 887 886
3 889 886 887
3 811 884 809
3 811 890 884
3 885 812 810
3 891 812 885
3 892 888 886
3 892 886 889
3 813 890 811
3 813 893 890
3 891 814 812
3 894 814 891
3 815 893 813
3 815 895 893
3 894 816 814
3 896 816 894
3 817 895 815
3 817 897 895
3 896 818 816
3 898 818 896
3 819 897 817
3 819 899 897
3 898 820 818
3 900 820 898
3 821 899 819
3 821 901 899
3 900 822 820
3 902 822 900
3 823 901 821
3 823 903 901
3 902 824 822
3 904 824 902
3 825 903 823
3 825 905 903
3 904 826 824
3 906 826 904
3 827 905 825
3 827 907 905
3 906 828 826
3 908 828 906
3 829 907 827
3 829 909 907
3 908 830 828
3 910 830 908
3 831 909 829
3 831 911 909
3 910 832 830
3 912 832 910
3 915 914 913
3 916 834 835
3 917 913 914
3 916 836 834
3 839 918 838
3 918 840 838
3 841 911 831
3 841 919 911
3 912 842 832
3 920 842 912
3 921 915 913
3 835 843 916
3 913 917 921
3 916 843 836
3 844 918 839
3 918 844 840
3 924 923 922
3 846 847 922
3 923 846 922
3 925 846 923
3 841 846 919
3 919 846 925
3 920 926 842
3 842 926 848
3 848 927 849
3 926 927 848
3 849 928 850
3 927 928 849
3 850 929 851
3 928 929 850
3 851 930 852
3 929 930 851
3 852 931 853
3 930 931 852
3 853 932 854
3 931 932 853
3 854 933 855
3 932 933 854
3 855 934 856
3 933 934 855
3 856 935 857
3 934 935 856
3 857 936 858
3 935 936 857
3 858 937 859
3 936 937 858
3 859 938 860
3 937 938 859
3 860 939 861
3 938 939 860
3 922 862 924
3 862 939 924
3 862 861 939
3 862 922 847
3 941 940 864
3 864 940 863
3 942 864 865
3 942 941 864
3 943 865 866
3 943 942 865
3 944 866 867
3 944 943 866
3 945 867 868
3 945 944 867
3 946 868 869
3 946 945 868
3 947 869 870
3 947 946 869
3 948 870 871
3 948 947 870
3 949 871 872
3 949 948 871
3 950 872 873
3 950 949 872
3 951 873 874
3 951 950 873
3 952 874 875
3 952 951 874
3 953 875 876
3 953 952 875
3 954 876 877
3 954 953 876
3 955 877 878
3 955 954 877
3 956 878 879
3 956 955 878
3 879 880 956
3 956 880 957
3 940 881 863
3 958 881 940
3 882 957 880
3 882 959 957
3 958 883 881
3 960 883 958
3 963 962 961
3 964 961 962
3 967 966 965
3 968 965 966
3 884 959 882
3 884 969 959
3 960 885 883
3 970 885 960
3 971 963 961
3 971 961 964
3 972 967 965
3 887 888 973
3 965 968 972
3 973 889 887
3 890 969 884
3 890 974 969
3 970 891 885
3 975 891 970
3 892 973 888
3 973 892 889
3 893 974 890
3 893 976 974
3 975 894 891
3 977 894 975
3 895 976 893
3 895 978 976
3 977 896 894
3 979 896 977
3 897 978 895
3 897 980 978
3 979 898 896
3 981 898 979
3 899 980 897
3 899 982 980
3 981 900 898
3 983 900 981
3 901 982 899
3 901 984 982
3 983 902 900
3 985 902 983
3 903 984 901
3 903 986 984
3 985 904 902
3 987 904 985
3 905 986 903
3 905 988 986
3 987 906 904
3 989 906 987
3 907 988 905
3 907 990 988
3 989 908 906
3 991 908 989
3 909 990 907
3 909 992 990
3 991 910 908
3 993 910 991
3 911 992 909
3 911 994 992
3 993 912 910
3 995 912 993
3 915 996 914
3 996 917 914
3 999 998 997
3 998 994 997
3 994 919 997
3 994 911 919
3 995 920 912
3 1000 920 995
3 921 996 915
3 996 921 917
3 1003 1002 1001
3 923 924 1001
3 1002 923 1001
3 1004 923 1002
3 997 925 999
3 925 1004 999
3 925 923 1004
3 925 997 919
3 1000 1005 920
3 920 1005 926
3 926 1006 927
3 1005 1006 926
3 927 1007 928
3 1006 1007 927
3 928 1008 929
3 1007 1008 928
3 929 1009 930
3 1008 1009 929
3 930 1010 931
3 1009 1010 930
3 931 1011 932
3 1010 1011 931
3 932 1012 933
3 1011 1012 932
3 933 1013 934
3 1012 1013 933
3 934 1014 935
3 1013 1014 934
3 935 1015 936
3 1014 1015 935
3 936 1016 937
3 1015 1016 936
3 937 1017 938
3 1016 1017 937
3 1001 939 1003
3 939 1017 1003
3 939 938 1017
3 939 1001 924
3 1019 1018 941
3 941 1018 940
3 1020 941 942
3 1020 1019 941
3 1021 942 943
3 1021 1020 942
3 1022 943 944
3 1022 1021 943
3 1023 944 945
3 1023 1022 944
3 1024 945 946
3 1024 1023 945
3 1025 946 947
3 1025 1024 946
3 1026 947 948
3 1026 1025 947
3 1027 948 949
3 1027 1026 948
3 1028 949 950
3 1028 1027 949
3 1029 950 951
3 1029 1028 950
3 1030 951 952
3 1030 1029 951
3 1031 952 953
3 1031 1030 952
3 1032 953 954
3 1032 1031 953
3 1033 954 955
3 1033 1032 954
3 1034 955 956
3 1034 1033 955
3 956 957 1034
3 1034 957 1035
3 1018 958 940
3 1036 958 1018
3 959 1035 957
3 959 1037 1035
3 1036 960 958
3 1038 960 1036
3 963 1039 962
3 1039 964 962
3 967 1040 966
3 1040 968 966
3 969 1037 959
3 969 1041 1037
3 1038 970 960
3 1042 970 1038
3 971 1039 963
3 1039 971 964
3 972 1040 967
3 1040 972 968
3 974 1041 969
3 974 1043 1041
3 1042 975 970
3 1044 975 1042
3 976 1043 974
3 976 1045 1043
3 1044 977 975
3 1046 977 1044
3 978 1045 976
3 978 1047 1045
3 1046 979 977
3 1048 979 1046
3 980 1047 978
3 980 1049 1047
3 1048 981 979
3 1050 981 1048
3 982 1049 980
3 982 1051 1049
3 1050 983 981
3 1052 983 1050
3 984 1051 982
3 984 1053 1051
3 1052 985 983
3 1054 985 1052
3 986 1053 984
3 986 1055 1053
3 1054 987 985
3 1056 987 1054
3 988 1055 986
3 988 1057 1055
3 1056 989 987
3 1058 989 1056
3 990 1057 988
3 990 1059 1057
3 1058 991 989
3 1060 991 1058
3 992 1059 990
3 992 1061 1059
3 1060 993 991
3 1062 993 1060
3 1065 1064 1063
3 1064 1061 1063
3 1061 994 1063
3 1061 992 994
3 1062 995 993
3 1066 995 1062
3 1069 1068 1067
3 1067 1068 1065
3 1067 1065 1063
3 999 1067 1063
3 998 999 1063
3 998 1063 994
3 1066 1000 995
3 1070 1000 1066
3 1072 1071 1002
3 1072 1002 1003
3 1067 1004 1069
3 1004 1071 1069
3 1004 1002 1071
3 1004 1067 999
3 1070 1073 1000
3 1000 1073 1005
3 1005 1074 1006
3 1073 1074 1005
3 1006 1075 1007
3 1074 1075 1006
3 1007 1076 1008
3 1075 1076 1007
3 1008 1077 1009
3 1076 1077 1008
3 1009 1078 1010
3 1077 1078 1009
3 1010 1079 1011
3 1078 1079 1010
3 1011 1080 1012
3 1079 1080 1011
3 1012 1081 1013
3 1080 1081 1012
3 1013 1082 1014
3 1081 1082 1013
3 1014 1083 1015
3 1082 1083 1014
3 1015 1084 1016
3 1083 1084 1015
3 1016 1085 1017
3 1084 1085 1016
3 1003 1017 1072
3 1072 1017 1085
3 1087 1086 1019
3 1019 1086 1018
3 1088 1019 1020
3 1088 1087 1019
3 1089 1020 1021
3 1089 1088 1020
3 1090 1021 1022
3 1090 1089 1021
3 1091 1022 1023
3 1091 1090 1022
3 1092 1023 1024
3 1092 1091 1023
3 1093 1024 1025
3 1093 1092 1024
3 1094 1025 1026
3 1094 1093 1025
3 1095 1026 1027
3 1095 1094 1026
3 1096 1027 1028
3 1096 1095 1027
3 1097 1028 1029
3 1097 1096 1028
3 1098 1029 1030
3 1098 1097 1029
3 1099 1030 1031
3 1099 1098 1030
3 1100 1031 1032
3 1100 1099 1031
3 1101 1032 1033
3 1101 1100 1032
3 1102 1033 1034
3 1102 1101 1033
3 1034 1035 1102
3 1102 1035 1103
3 1086 1036 1018
3 1104 1036 1086
3 1037 1103 1035
3 1037 1105 1103
3 1104 1038 1036
3 1106 1038 1104
3 1041 1105 1037
3 1041 1107 1105
3 1106 1042 1038
3 1108 1042 1106
3 1043 1107 1041
3 1043 1109 1107
3 1108 1044 1042
3 1110 1044 1108
3 1045 1109 1043
3 1045 1111 1109
3 1110 1046 1044
3 1112 1046 1110
3 1047 1111 1045
3 1047 1113 1111
3 1112 1048 1046
3 1114 1048 1112
3 1049 1113 1047
3 1049 1115 1113
3 1114 1050 1048
3 1116 1050 1114
3 1051 1115 1049
3 1051 1117 1115
3 1116 1052 1050
3 1118 1052 1116
3 1121 1120 1119
3 1122 1119 1120
3 1053 1117 1051
3 1053 1123 1117
3 1118 1054 1052
3 1124 1054 1118
3 1125 1121 1119
3 1125 1119 1122
3 1055 1123 1053
3 1055 1126 1123
3 1124 1056 1054
3 1127 1056 1124
3 1057 1126 1055
3 1057 1128 1126
3 1127 1058 1056
3 1129 1058 1127
3 1059 1128 1057
3 1059 1130 1128
3 1129 1060 1058
3 1131 1060 1129
3 1061 1130 1059
3 1061 1132 1130
3 1131 1062 1060
3 1133 1062 1131
3 1136 1135 1134
3 1064 1065 1134
3 1135 1064 1134
3 1137 1064 1135
3 1061 1064 1132
3 1132 1064 1137
3 1133 1066 1062
3 1138 1066 1133
3 1141 1140 1139
3 1139 1140 1136
3 1139 1136 1134
3 1069 1139 1134
3 1068 1069 1134
3 1068 1134 1065
3 1138 1070 1066
3 1142 1070 1138
3 1145 1144 1143
3 1143 1144 1141
3 1143 1141 1139
3 1072 1143 1139
3 1071 1072 1139
3 1071 1139 1069
3 1142 1146 1070
3 1070 1146 1073
3 1073 1147 1074
3 1146 1147 1073
3 1074 1148 1075
3 1147 1148 1074
3 1075 1149 1076
3 1148 1149 1075
3 1076 1150 1077
3 1149 1150 1076
3 1077 1151 1078
3 1150 1151 1077
3 1078 1152 1079
3 1151 1152 1078
3 1079 1153 1080
3 1152 1153 1079
3 1080 1154 1081
3 1153 1154 1080
3 1081 1155 1082
3 1154 1155 1081
3 1082 1156 1083
3 1155 1156 1082
3 1083 1157 1084
3 1156 1157 1083
3 1143 1085 1145
3 1085 1157 1145
3 1085 1084 1157
3 1085 1143 1072
3 1159 1158 1087
3 1087 1158 1086
3 1160 1087 1088
3 1160 1159 1087
3 1161 1088 1089
3 1161 1160 1088
3 1162 1089 1090
3 1162 1161 1089
3 1163 1090 1091
3 1163 1162 1090
3 1164 1091 1092
3 1164 1163 1091
3 1165 1092 1093
3 1165 1164 1092
3 1166 1093 1094
3 1166 1165 1093
3 1167 1094 1095
3 1167 1166 1094
3 1168 1095 1096
3 1168 1167 1095
3 1169 1096 1097
3 1169 1168 1096
3 1170 1097 1098
3 1170 1169 1097
3 1171 1098 1099
3 1171 1170 1098
3 1172 1099 1100
3 1172 1171 1099
3 1173 1100 1101
3 1173 1172 1100
3 1174 1101 1102
3 1174 1173 1101
3 1102 1103 1174
3 1174 1103 1175
3 1158 1104 1086
3 1176 1104 1158
3 1105 1175 1103
3 1105 1177 1175
3 1176 1106 1104
3 1178 1106 1176
3 1107 1177 1105
3 1107 1179 1177
3 1178 1108 1106
3 1180 1108 1178
3 1109 1179 1107
3 1109 1181 1179
3 1180 1110 1108
3 1182 1110 1180
3 1111 1181 1109
3 1111 1183 1181
3 1182 1112 1110
3 1184 1112 1182
3 1113 1183 1111
3 1113 1185 1183
3 1184 1114 1112
3 1186 1114 1184
3 1115 1185 1113
3 1115 1187 1185
3 1186 1116 1114
3 1188 1116 1186
3 1117 1187 1115
3 1117 1189 1187
3 1188 1118 1116
3 1190 1118 1188
3 1121 1191 1120
3 1191 1122 1120
3 1123 1189 1117
3 1123 1192 1189
3 1190 1124 1118
3 1193 1124 1190
3 1125 1191 1121
3 1191 1125 1122
3 1126 1192 1123
3 1126 1194 1192
3 1193 1127 1124
3 1195 1127 1193
3 1128 1194 1126
3 1128 1196 1194
3 1195 1129 1127
3 1197 1129 1195
3 1130 1196 1128
3 1130 1198 1196
3 1197 1131 1129
3 1199 1131 1197
3 1202 1201 1200
3 1201 1198 1200
3 1198 1132 1200
3 1198 1130 1132
3 1199 1133 1131
3 1203 1133 1199
3 1206 1205 1204
3 1207 1204 1205
3 1210 1209 1208
3 1135 1136 1208
3 1209 1135 1208
3 1211 1135 1209
3 1200 1137 1202
3 1137 1211 1202
3 1137 1135 1211
3 1137 1200 1132
3 1203 1138 1133
3 1212 1138 1203
3 1213 1206 1204
3 1213 1204 1207
3 1216 1215 1214
3 1214 1215 1210
3 1214 1210 1208
3 1141 1214 1208
3 1140 1141 1208
3 1140 1208 1136
3 1212 1142 1138
3 1217 1142 1212
3 1220 1219 1218
3 1218 1219 1216
3 1218 1216 1214
3 1145 1218 1214
3 1144 1145 1214
3 1144 1214 1141
3 1217 1221 1142
3 1142 1221 1146
3 1146 1222 1147
3 1221 1222 1146
3 1147 1223 1148
3 1222 1223 1147
3 1148 1224 1149
3 1223 1224 1148
3 1149 1225 1150
3 1224 1225 1149
3 1150 1226 1151
3 1225 1226 1150
3 1151 1227 1152
3 1226 1227 1151
3 1152 1228 1153
3 1227 1228 1152
3 1153 1229 1154
3 1228 1229 1153
3 1154 1230 1155
3 1229 1230 1154
3 1155 1231 1156
3 1230 1231 1155
3 1218 1157 1220
3 1157 1231 1220
3 1157 1156 1231
3 1157 1218 1145
3 1233 1232 1159
3 1159 1232 1158
3 1234 1159 1160
3 1234 1233 1159
3 1235 1160 1161
3 1235 1234 1160
3 1236 1161 1162
3 1236 1235 1161
3 1237 1162 1163
3 1237 1236 1162
3 1238 1163 1164
3 1238 1237 1163
3 1239 1164 1165
3 1239 1238 1164
3 1240 1165 1166
3 1240 1239 1165
3 1241 1166 1167
3 1241 1240 1166
3 1242 1167 1168
3 1242 1241 1167
3 1243 1168 1169
3 1243 1242 1168
3 1244 1169 1170
3 1244 1243 1169
3 1245 1170 1171
3 1245 1244 1170
3 1246 1171 1172
3 1246 1245 1171
3 1247 1172 1173
3 1247 1246 1172
3 1248 1173 1174
3 1248 1247 1173
3 1174 1175 1248
3 1248 1175 1249
3 1232 1176 1158
3 1250 1176 1232
3 1177 1249 1175
3 1177 1251 1249
3 1250 1178 1176
3 1252 1178 1250
3 1179 1251 1177
3 1179 1253 1251
3 1252 1180 1178
3 1254 1180 1252
3 1181 1253 1179
3 1181 1255 1253
3 1254 1182 1180
3 1256 1182 1254
3 1183 1255 1181
3 1183 1257 1255
3 1256 1184 1182
3 1258 1184 1256
3 1185 1257 1183
3 1185 1259 1257
3 1258 1186 1184
3 1260 1186 1258
3 1187 1259 1185
3 1187 1261 1259
3 1260 1188 1186
3 1262 1188 1260
3 1189 1261 1187
3 1189 1263 1261
3 1262 1190 1188
3 1264 1190 1262
3 1192 1263 1189
3 1192 1265 1263
3 1264 1193 1190
3 1266 1193 1264
3 1194 1265 1192
3 1194 1267 1265
3 1266 1195 1193
3 1268 1195 1266
3 1196 1267 1194
3 1196 1269 1267
3 1268 1197 1195
3 1270 1197 1268
3 1273 1272 1271
3 1272 1269 1271
3 1269 1198 1271
3 1269 1196 1198
3 1270 1199 1197
3 1274 1199 1270
3 1277 1276 1275
3 1275 1276 1273
3 1275 1273 1271
3 1202 1275 1271
3 1201 1202 1271
3 1201 1271 1198
3 1274 1203 1199
3 1278 1203 1274
3 1206 1279 1205
3 1279 1207 1205
3 1282 1281 1280
3 1209 1210 1280
3 1281 1209 1280
3 1283 1209 1281
3 1275 1211 1277
3 1211 1283 1277
3 1211 1209 1283
3 1211 1275 1202
3 1278 1212 1203
3 1284 1212 1278
3 1213 1279 1206
3 1279 1213 1207
3 1287 1286 1285
3 1285 1286 1282
3 1285 1282 1280
3 1216 1285 1280
3 1215 1216 1280
3 1215 1280 1210
3 1284 1217 1212
3 1288 1217 1284
3 1291 1290 1289
3 1289 1290 1287
3 1289 1287 1285
3 1220 1289 1285
3 1219 1220 1285
3 1219 1285 1216
3 1288 1292 1217
3 1217 1292 1221
3 1221 1293 1222
3 1292 1293 1221
3 1222 1294 1223
3 1293 1294 1222
3 1223 1295 1224
3 1294 1295 1223
3 1224 1296 1225
3 1295 1296 1224
3 1225 1297 1226
3 1296 1297 1225
3 1226 1298 1227
3 1297 1298 1226
3 1227 1299 1228
3 1298 1299 1227
3 1228 1300 1229
3 1299 1300 1228
3 1229 1301 1230
3 1300 1301 1229
3 1289 1231 1291
3 1231 1301 1291
3 1231 1230 1301
3 1231 1289 1220
3 1302 1232 1233
3 1234 1303 1233
3 1233 1303 1302
3 1235 1304 1234
3 1234 1304 1303
3 1236 1305 1235
3 1235 1305 1304
3 1237 1306 1236
3 1236 1306 1305
3 1238 1307 1237
3 1237 1307 1306
3 1239 1308 1238
3 1238 1308 1307
3 1240 1309 1239
3 1239 1309 1308
3 1241 1310 1240
3 1240 1310 1309
3 1242 1311 1241
3 1241 1311 1310
3 1243 1312 1242
3 1242 1312 1311
3 1244 1313 1243
3 1243 1313 1312
3 1245 1314 1244
3 1244 1314 1313
3 1246 1315 1245
3 1245 1315 1314
3 1247 1316 1246
3 1246 1316 1315
3 1248 1317 1247
3 1247 1317 1316
3 1249 1317 1248
3 1319 1318 1302
3 1318 1232 1302
3 1318 1250 1232
3 1319 1302 1303
3 1319 1303 1320
3 1320 1303 1304
3 1320 1304 1321
3 1321 1304 1305
3 1321 1305 1322
3 1322 1305 1306
3 1322 1306 1323
3 1323 1306 1307
3 1323 1307 1324
3 1324 1307 1308
3 1324 1308 1325
3 1325 1308 1309
3 1325 1309 1326
3 1326 1309 1310
3 1326 1310 1327
3 1327 1310 1311
3 1327 1311 1328
3 1328 1311 1312
3 1328 1312 1329
3 1329 1312 1313
3 1329 1313 1330
3 1330 1313 1314
3 1330 1314 1331
3 1331 1314 1315
3 1331 1315 1332
3 1332 1315 1316
3 1332 1316 1333
3 1333 1316 1317
3 1333 1317 1334
3 1317 1249 1334
3 1249 1335 1334
3 1249 1251 1335
3 1318 1252 1250
3 1336 1252 1318
3 1253 1335 1251
3 1253 1337 1335
3 1336 1254 1252
3 1338 1254 1336
3 1255 1337 1253
3 1255 1339 1337
3 1338 1256 1254
3 1340 1256 1338
3 1257 1339 1255
3 1257 1341 1339
3 1340 1258 1256
3 1342 1258 1340
3 1259 1341 1257
3 1259 1343 1341
3 1342 1260 1258
3 1344 1260 1342
3 1261 1343 1259
3 1261 1345 1343
3 1344 1262 1260
3 1346 1262 1344
3 1263 1345 1261
3 1263 1347 1345
3 1346 1264 1262
3 1348 1264 1346
3 1265 1347 1263
3 1265 1349 1347
3 1348 1266 1264
3 1350 1266 1348
3 1267 1349 1265
3 1267 1351 1349
3 1350 1268 1266
3 1352 1268 1350
3 1355 1354 1353
3 1354 1351 1353
3 1351 1269 1353
3 1351 1267 1269
3 1352 1270 1268
3 1356 1270 1352
3 1359 1358 1357
3 1357 1358 1355
3 1357 1355 1353
3 1273 1357 1353
3 1272 1273 1353
3 1272 1353 1269
3 1356 1274 1270
3 1360 1274 1356
3 1363 1362 1361
3 1361 1362 1359
3 1361 1359 1357
3 1277 1361 1357
3 1276 1277 1357
3 1276 1357 1273
3 1360 1278 1274
3 1364 1278 1360
3 1367 1366 1365
3 1281 1282 1365
3 1366 1281 1365
3 1368 1281 1366
3 1361 1283 1363
3 1283 1368 1363
3 1283 1281 1368
3 1283 1361 1277
3 1364 1284 1278
3 1369 1284 1364
3 1372 1371 1370
3 1370 1371 1367
3 1370 1367 1365
3 1287 1370 1365
3 1286 1287 1365
3 1286 1365 1282
3 1374 1288 1373
3 1288 1369 1373
3 1288 1284 1369
3 1376 1375 1374
3 1376 1374 1373
3 1378 1377 1375
3 1378 1375 1376
3 1380 1379 1377
3 1380 1377 1378
3 1382 1381 1379
3 1382 1379 1380
3 1384 1383 1381
3 1384 1381 1382
3 1386 1385 1383
3 1386 1383 1384
3 1388 1387 1385
3 1388 1385 1386
3 1390 1389 1387
3 1390 1387 1388
3 1392 1391 1389
3 1392 1389 1390
3 1391 1392 1372
3 1391 1372 1370
3 1291 1391 1370
3 1290 1291 1370
3 1290 1370 1287
3 1374 1292 1288
3 1292 1374 1293
3 1293 1374 1375
3 1293 1375 1294
3 1294 1375 1377
3 1294 1377 1295
3 1295 1377 1379
3 1295 1379 1296
3 1296 1379 1381
3 1296 1381 1297
3 1297 1381 1383
3 1297 1383 1298
3 1298 1383 1385
3 1298 1385 1299
3 1299 1385 1387
3 1299 1387 1300
3 1300 1387 1389
3 1300 1389 1301
3 1301 1389 1391
3 1301 1391 1291
3 1393 1318 1319
3 1320 1394 1319
3 1319 1394 1393
3 1321 1395 1320
3 1320 1395 1394
3 1322 1396 1321
3 1321 1396 1395
3 1323 1397 1322
3 1322 1397 1396
3 1324 1398 1323
3 1323 1398 1397
3 1325 1399 1324
3 1324 1399 1398
3 1326 1400 1325
3 1325 1400 1399
3 1327 1401 1326
3 1326 1401 1400
3 1328 1402 1327
3 1327 1402 1401
3 1329 1403 1328
3 1328 1403 1402
3 1330 1404 1329
3 1329 1404 1403
3 1331 1405 1330
3 1330 1405 1404
3 1332 1406 1331
3 1331 1406 1405
3 1333 1407 1332
3 1332 1407 1406
3 1334 1408 1333
3 1333 1408 1407
3 1335 1408 1334
3 1409 1336 1393
3 1393 1336 1318
3 1410 1393 1394
3 1409 1393 1410
3 1411 1394 1395
3 1410 1394 1411
3 1412 1395 1396
3 1411 1395 1412
3 1413 1396 1397
3 1412 1396 1413
3 1414 1397 1398
3 1413 1397 1414
3 1415 1398 1399
3 1414 1398 1415
3 1416 1399 1400
3 1415 1399 1416
3 1417 1400 1401
3 1416 1400 1417
3 1418 1401 1402
3 1417 1401 1418
3 1419 1402 1403
3 1418 1402 1419
3 1420 1403 1404
3 1419 1403 1420
3 1421 1404 1405
3 1420 1404 1421
3 1422 1405 1406
3 1421 1405 1422
3 1423 1406 1407
3 1422 1406 1423
3 1424 1407 1408
3 1423 1407 1424
3 1337 1424 1335
3 1335 1424 1408
3 1425 1338 1409
3 1409 1338 1336
3 1426 1409 1410
3 1425 1409 1426
3 1427 1410 1411
3 1426 1410 1427
3 1428 1411 1412
3 1427 1411 1428
3 1429 1412 1413
3 1428 1412 1429
3 1430 1413 1414
3 1429 1413 1430
3 1431 1414 1415
3 1430 1414 1431
3 1432 1415 1416
3 1431 1415 1432
3 1433 1416 1417
3 1432 1416 1433
3 1434 1417 1418
3 1433 1417 1434
3 1435 1418 1419
3 1434 1418 1435
3 1436 1419 1420
3 1435 1419 1436
3 1437 1420 1421
3 1436 1420 1437
3 1438 1421 1422
3 1437 1421 1438
3 1439 1422 1423
3 1438 1422 1439
3 1440 1423 1424
3 1439 1423 1440
3 1339 1440 1337
3 1337 1440 1424
3 1441 1340 1425
3 1425 1340 1338
3 1442 1425 1426
3 1441 1425 1442
3 1443 1426 1427
3 1442 1426 1443
3 1444 1427 1428
3 1443 1427 1444
3 1445 1428 1429
3 1444 1428 1445
3 1446 1429 1430
3 1445 1429 1446
3 1447 1430 1431
3 1446 1430 1447
3 1448 1431 1432
3 1447 1431 1448
3 1449 1432 1433
3 1448 1432 1449
3 1450 1433 1434
3 1449 1433 1450
3 1451 1434 1435
3 1450 1434 1451
3 1452 1435 1436
3 1451 1435 1452
3 1453 1436 1437
3 1452 1436 1453
3 1454 1437 1438
3 1453 1437 1454
3 1455 1438 1439
3 1454 1438 1455
3 1456 1439 1440
3 1455 1439 1456
3 1341 1456 1339
3 1339 1456 1440
3 1457 1342 1441
3 1441 1342 1340
3 1458 1441 1442
3 1457 1441 1458
3 1459 1442 1443
3 1458 1442 1459
3 1460 1443 1444
3 1459 1443 1460
3 1461 1444 1445
3 1460 1444 1461
3 1462 1445 1446
3 1461 1445 1462
3 1463 1446 1447
3 1462 1446 1463
3 1464 1447 1448
3 1463 1447 1464
3 1465 1448 1449
3 1464 1448 1465
3 1466 1449 1450
3 1465 1449 1466
3 1467 1450 1451
3 1466 1450 1467
3 1468 1451 1452
3 1467 1451 1468
3 1469 1452 1453
3 1468 1452 1469
3 1470 1453 1454
3 1469 1453 1470
3 1471 1454 1455
3 1470 1454 1471
3 1472 1455 1456
3 1471 1455 1472
3 1343 1472 1341
3 1341 1472 1456
3 1473 1344 1457
3 1457 1344 1342
3 1474 1457 1458
3 1473 1457 1474
3 1475 1458 1459
3 1474 1458 1475
3 1476 1459 1460
3 1475 1459 1476
3 1477 1460 1461
3 1476 1460 1477
3 1478 1461 1462
3 1477 1461 1478
3 1479 1462 1463
3 1478 1462 1479
3 1480 1463 1464
3 1479 1463 1480
3 1481 1464 1465
3 1480 1464 1481
3 1482 1465 1466
3 1481 1465 1482
3 1483 1466 1467
3 1482 1466 1483
3 1484 1467 1468
3 1483 1467 1484
3 1485 1468 1469
3 1484 1468 1485
3 1486 1469 1470
3 1485 1469 1486
3 1487 1470 1471
3 1486 1470 1487
3 1488 1471 1472
3 1487 1471 1488
3 1345 1488 1343
3 1343 1488 1472
3 1489 1346 1473
3 1473 1346 1344
3 1490 1473 1474
3 1489 1473 1490
3 1491 1474 1475
3 1490 1474 1491
3 1492 1475 1476
3 1491 1475 1492
3 1493 1476 1477
3 1492 1476 1493
3 1494 1477 1478
3 1493 1477 1494
3 1495 1478 1479
3 1494 1478 1495
3 1496 1479 1480
3 1495 1479 1496
3 1497 1480 1481
3 1496 1480 1497
3 1498 1481 1482
3 1497 1481 1498
3 1499 1482 1483
3 1498 1482 1499
3 1500 1483 1484
3 1499 1483 1500
3 1501 1484 1485
3 1500 1484 1501
3 1502 1485 1486
3 1501 1485 1502
3 1503 1486 1487
3 1502 1486 1503
3 1504 1487 1488
3 1503 1487 1504
3 1347 1504 1345
3 1345 1504 1488
3 1505 1348 1489
3 1489 1348 1346
3 1506 1489 1490
3 1505 1489 1506
3 1507 1490 1491
3 1506 1490 1507
3 1508 1491 1492
3 1507 1491 1508
3 1509 1492 1493
3 1508 1492 1509
3 1510 1493 1494
3 1509 1493 1510
3 1511 1494 1495
3 1510 1494 1511
3 1512 1495 1496
3 1511 1495 1512
3 1513 1496 1497
3 1512 1496 1513
3 1514 1497 1498
3 1513 1497 1514
3 1515 1498 1499
3 1514 1498 1515
3 1516 1499 1500
3 1515 1499 1516
3 1517 1500 1501
3 1516 1500 1517
3 1518 1501 1502
3 1517 1501 1518
3 1519 1502 1503
3 1518 1502 1519
3 1520 1503 1504
3 1519 1503 1520
3 1349 1520 1347
3 1347 1520 1504
3 1521 1350 1505
3 1505 1350 1348
3 1522 1505 1506
3 1521 1505 1522
3 1523 1506 1507
3 1522 1506 1523
3 1524 1507 1508
3 1523 1507 1524
3 1525 1508 1509
3 1524 1508 1525
3 1526 1509 1510
3 1525 1509 1526
3 1527 1510 1511
3 1526 1510 1527
3 1528 1511 1512
3 1527 1511 1528
3 1529 1512 1513
3 1528 1512 1529
3 1530 1513 1514
3 1529 1513 1530
3 1531 1514 1515
3 1530 1514 1531
3 1532 1515 1516
3 1531 1515 1532
3 1533 1516 1517
3 1532 1516 1533
3 1534 1517 1518
3 1533 1517 1534
3 1535 1518 1519
3 1534 1518 1535
3 1536 1519 1520
3 1535 1519 1536
3 1351 1536 1349
3 1349 1536 1520
3 1537 1352 1521
3 1521 1352 1350
3 1538 1521 1522
3 1537 1521 1538
3 1539 1522 1523
3 1538 1522 1539
3 1540 1523 1524
3 1539 1523 1540
3 1541 1524 1525
3 1540 1524 1541
3 1542 1525 1526
3 1541 1525 1542
3 1543 1526 1527
3 1542 1526 1543
3 1544 1527 1528
3 1543 1527 1544
3 1545 1528 1529
3 1544 1528 1545
3 1546 1529 1530
3 1545 1529 1546
3 1547 1530 1531
3 1546 1530 1547
3 1548 1531 1532
3 1547 1531 1548
3 1549 1532 1533
3 1548 1532 1549
3 1550 1533 1534
3 1549 1533 1550
3 1551 1534 1535
3 1550 1534 1551
3 1355 1551 1354
3 1551 1536 1354
3 1551 1535 1536
3 1354 1536 1351
3 1552 1356 1537
3 1537 1356 1352
3 1553 1537 1538
3 1552 1537 1553
3 1554 1538 1539
3 1553 1538 1554
3 1555 1539 1540
3 1554 1539 1555
3 1556 1540 1541
3 1555 1540 1556
3 1557 1541 1542
3 1556 1541 1557
3 1558 1542 1543
3 1557 1542 1558
3 1559 1543 1544
3 1558 1543 1559
3 1560 1544 1545
3 1559 1544 1560
3 1561 1545 1546
3 1560 1545 1561
3 1562 1546 1547
3 1561 1546 1562
3 1563 1547 1548
3 1562 1547 1563
3 1564 1548 1549
3 1563 1548 1564
3 1565 1549 1550
3 1564 1549 1565
3 1359 1565 1358
3 1565 1551 1358
3 1565 1550 1551
3 1358 1551 1355
3 1566 1360 1552
3 1552 1360 1356
3 1567 1552 1553
3 1566 1552 1567
3 1568 1553 1554
3 1567 1553 1568
3 1569 1554 1555
3 1568 1554 1569
3 1570 1555 1556
3 1569 1555 1570
3 1571 1556 1557
3 1570 1556 1571
3 1572 1557 1558
3 1571 1557 1572
3 1573 1558 1559
3 1572 1558 1573
3 1574 1559 1560
3 1573 1559 1574
3 1575 1560 1561
3 1574 1560 1575
3 1576 1561 1562
3 1575 1561 1576
3 1577 1562 1563
3 1576 1562 1577
3 1578 1563 1564
3 1577 1563 1578
3 1363 1578 1362
3 1578 1565 1362
3 1578 1564 1565
3 1362 1565 1359
3 1579 1364 1566
3 1566 1364 1360
3 1580 1566 1567
3 1579 1566 1580
3 1581 1567 1568
3 1580 1567 1581
3 1582 1568 1569
3 1581 1568 1582
3 1583 1569 1570
3 1582 1569 1583
3 1584 1570 1571
3 1583 1570 1584
3 1585 1571 1572
3 1584 1571 1585
3 1586 1572 1573
3 1585 1572 1586
3 1587 1573 1574
3 1586 1573 1587
3 1588 1574 1575
3 1587 1574 1588
3 1589 1575 1576
3 1588 1575 1589
3 1367 1589 1366
3 1589 1577 1366
3 1589 1576 1577
3 1366 1577 1368
3 1368 1577 1578
3 1368 1578 1363
3 1590 1369 1579
3 1579 1369 1364
3 1591 1579 1580
3 1590 1579 1591
3 1592 1580 1581
3 1591 1580 1592
3 1593 1581 1582
3 1592 1581 1593
3 1594 1582 1583
3 1593 1582 1594
3 1595 1583 1584
3 1594 1583 1595
3 1596 1584 1585
3 1595 1584 1596
3 1597 1585 1586
3 1596 1585 1597
3 1598 1586 1587
3 1597 1586 1598
3 1599 1587 1588
3 1598 1587 1599
3 1372 1599 1371
3 1599 1589 1371
3 1599 1588 1589
3 1371 1589 1367
3 1590 1373 1369
3 1373 1590 1376
3 1376 1590 1591
3 1376 1591 1378
3 1378 1591 1592
3 1378 1592 1380
3 1380 1592 1593
3 1380 1593 1382
3 1382 1593 1594
3 1382 1594 1384
3 1384 1594 1595
3 1384 1595 1386
3 1386 1595 1596
3 1386 1596 1388
3 1388 1596 1597
3 1388 1597 1390
3 1390 1597 1598
3 1390 1598 1392
3 1392 1598 1599
3 1392 1599 1372
