28
360  1
2451545.000000  9.2830752311e-01  1.000000 0.000000 0.000000  1.000000 0.000000 0.000000
2451545.000667  9.3227707000e-01  1.000000 0.000000 0.000000  1.000000 0.000000 0.000000
2451545.001334  9.3165261434e-01  1.000000 0.000000 0.000000  1.000000 0.000000 0.000000
2451545.002001  9.2326551883e-01  1.000000 0.000000 0.000000  1.000000 0.000000 0.000000
2451545.002668  9.2335632451e-01  1.000000 0.000000 0.000000  1.000000 0.000000 0.000000
2451545.003334  9.1875189118e-01  1.000000 0.000000 0.000000  1.000000 0.000000 0.000000
2451545.004001  9.2522957559e-01  1.000000 0.000000 0.000000  1.000000 0.000000 0.000000
2451545.004668  9.2539136849e-01  1.000000 0.000000 0.000000  1.000000 0.000000 0.000000
2451545.005335  9.2051585094e-01  1.000000 0.000000 0.000000  1.000000 0.000000 0.000000
2451545.006002  9.1208593130e-01  1.000000 0.000000 0.000000  1.000000 0.000000 0.000000
2451545.006669  9.1300569376e-01  1.000000 0.000000 0.000000  1.000000 0.000000 0.000000
2451545.007336  9.1189110763e-01  1.000000 0.000000 0.000000  1.000000 0.000000 0.000000
2451545.008003  9.0941333524e-01  1.000000 0.000000 0.000000  1.000000 0.000000 0.000000
2451545.008670  9.0705679163e-01  1.000000 0.000000 0.000000  1.000000 0.000000 0.000000
2451545.009337  9.0580869159e-01  1.000000 0.000000 0.000000  1.000000 0.000000 0.000000
2451545.010003  9.1031298949e-01  1.000000 0.000000 0.000000  1.000000 0.000000 0.000000
2451545.010670  9.0754744365e-01  1.000000 0.000000 0.000000  1.000000 0.000000 0.000000
2451545.011337  9.0496333532e-01  1.000000 0.000000 0.000000  1.000000 0.000000 0.000000
2451545.012004  9.0077740782e-01  1.000000 0.000000 0.000000  1.000000 0.000000 0.000000
2451545.012671  8.9819724001e-01  1.000000 0.000000 0.000000  1.000000 0.000000 0.000000
2451545.013338  8.9765281157e-01  1.000000 0.000000 0.000000  1.000000 0.000000 0.000000
2451545.014005  9.0431726478e-01  1.000000 0.000000 0.000000  1.000000 0.000000 0.000000
2451545.014672  9.0183224880e-01  1.000000 0.000000 0.000000  1.000000 0.000000 0.000000
2451545.015339  8.9565867940e-01  1.000000 0.000000 0.000000  1.000000 0.000000 0.000000
2451545.016006  8.9880506438e-01  1.000000 0.000000 0.000000  1.000000 0.000000 0.000000
2451545.016672  8.9959409448e-01  1.000000 0.000000 0.000000  1.000000 0.000000 0.000000
2451545.017339  9.0021501527e-01  1.000000 0.000000 0.000000  1.000000 0.000000 0.000000
2451545.018006  8.9457996354e-01  1.000000 0.000000 0.000000  1.000000 0.000000 0.000000
2451545.018673  8.9299489155e-01  1.000000 0.000000 0.000000  1.000000 0.000000 0.000000
2451545.019340  8.9146179959e-01  1.000000 0.000000 0.000000  1.000000 0.000000 0.000000
2451545.020007  9.0335299768e-01  1.000000 0.000000 0.000000  1.000000 0.000000 0.000000
2451545.020674  9.0154661945e-01  1.000000 0.000000 0.000000  1.000000 0.000000 0.000000
2451545.021341  9.0511759488e-01  1.000000 0.000000 0.000000  1.000000 0.000000 0.000000
2451545.022008  9.0523980878e-01  1.000000 0.000000 0.000000  1.000000 0.000000 0.000000
2451545.022674  9.0586745162e-01  1.000000 0.000000 0.000000  1.000000 0.000000 0.000000
2451545.023341  9.0679718126e-01  1.000000 0.000000 0.000000  1.000000 0.000000 0.000000
2451545.024008  9.0741230718e-01  1.000000 0.000000 0.000000  1.000000 0.000000 0.000000
2451545.024675  9.1275060339e-01  1.000000 0.000000 0.000000  1.000000 0.000000 0.000000
2451545.025342  9.2076821772e-01  1.000000 0.000000 0.000000  1.000000 0.000000 0.000000
2451545.026009  9.2101108090e-01  1.000000 0.000000 0.000000  1.000000 0.000000 0.000000
2451545.026676  9.2437969932e-01  1.000000 0.000000 0.000000  1.000000 0.000000 0.000000
2451545.027343  9.2523171970e-01  1.000000 0.000000 0.000000  1.000000 0.000000 0.000000
2451545.028010  9.3118265003e-01  1.000000 0.000000 0.000000  1.000000 0.000000 0.000000
2451545.028677  9.3257029065e-01  1.000000 0.000000 0.000000  1.000000 0.000000 0.000000
2451545.029343  9.3684348895e-01  1.000000 0.000000 0.000000  1.000000 0.000000 0.000000
2451545.030010  9.4025846636e-01  1.000000 0.000000 0.000000  1.000000 0.000000 0.000000
2451545.030677  9.4884670197e-01  1.000000 0.000000 0.000000  1.000000 0.000000 0.000000
2451545.031344  9.6240178234e-01  1.000000 0.000000 0.000000  1.000000 0.000000 0.000000
2451545.032011  9.6907382684e-01  1.000000 0.000000 0.000000  1.000000 0.000000 0.000000
2451545.032678  9.7372421352e-01  1.000000 0.000000 0.000000  1.000000 0.000000 0.000000
2451545.033345  9.7280955055e-01  1.000000 0.000000 0.000000  1.000000 0.000000 0.000000
2451545.034012  9.7726777919e-01  1.000000 0.000000 0.000000  1.000000 0.000000 0.000000
2451545.034679  9.8417115508e-01  1.000000 0.000000 0.000000  1.000000 0.000000 0.000000
2451545.035345  9.9990365949e-01  1.000000 0.000000 0.000000  1.000000 0.000000 0.000000
2451545.036012  1.0050930854e+00  1.000000 0.000000 0.000000  1.000000 0.000000 0.000000
2451545.036679  1.0039724726e+00  1.000000 0.000000 0.000000  1.000000 0.000000 0.000000
2451545.037346  1.0193029866e+00  1.000000 0.000000 0.000000  1.000000 0.000000 0.000000
2451545.038013  1.0249743722e+00  1.000000 0.000000 0.000000  1.000000 0.000000 0.000000
2451545.038680  1.0275024440e+00  1.000000 0.000000 0.000000  1.000000 0.000000 0.000000
2451545.039347  1.0326897258e+00  1.000000 0.000000 0.000000  1.000000 0.000000 0.000000
2451545.040014  1.0390713312e+00  1.000000 0.000000 0.000000  1.000000 0.000000 0.000000
2451545.040681  1.0450762698e+00  1.000000 0.000000 0.000000  1.000000 0.000000 0.000000
2451545.041348  1.0612106487e+00  1.000000 0.000000 0.000000  1.000000 0.000000 0.000000
2451545.042014  1.0616820618e+00  1.000000 0.000000 0.000000  1.000000 0.000000 0.000000
2451545.042681  1.0743129176e+00  1.000000 0.000000 0.000000  1.000000 0.000000 0.000000
2451545.043348  1.0780821937e+00  1.000000 0.000000 0.000000  1.000000 0.000000 0.000000
2451545.044015  1.0881748945e+00  1.000000 0.000000 0.000000  1.000000 0.000000 0.000000
2451545.044682  1.0915991438e+00  1.000000 0.000000 0.000000  1.000000 0.000000 0.000000
2451545.045349  1.0977137793e+00  1.000000 0.000000 0.000000  1.000000 0.000000 0.000000
2451545.046016  1.1027137128e+00  1.000000 0.000000 0.000000  1.000000 0.000000 0.000000
2451545.046683  1.1075765396e+00  1.000000 0.000000 0.000000  1.000000 0.000000 0.000000
2451545.047350  1.1243116731e+00  1.000000 0.000000 0.000000  1.000000 0.000000 0.000000
2451545.048017  1.1289787491e+00  1.000000 0.000000 0.000000  1.000000 0.000000 0.000000
2451545.048683  1.1298428807e+00  1.000000 0.000000 0.000000  1.000000 0.000000 0.000000
2451545.049350  1.1331937089e+00  1.000000 0.000000 0.000000  1.000000 0.000000 0.000000
2451545.050017  1.1375775893e+00  1.000000 0.000000 0.000000  1.000000 0.000000 0.000000
2451545.050684  1.1446374268e+00  1.000000 0.000000 0.000000  1.000000 0.000000 0.000000
2451545.051351  1.1439727547e+00  1.000000 0.000000 0.000000  1.000000 0.000000 0.000000
2451545.052018  1.1503504196e+00  1.000000 0.000000 0.000000  1.000000 0.000000 0.000000
2451545.052685  1.1604102056e+00  1.000000 0.000000 0.000000  1.000000 0.000000 0.000000
2451545.053352  1.1620371745e+00  1.000000 0.000000 0.000000  1.000000 0.000000 0.000000
2451545.054019  1.1643853735e+00  1.000000 0.000000 0.000000  1.000000 0.000000 0.000000
2451545.054685  1.1637276552e+00  1.000000 0.000000 0.000000  1.000000 0.000000 0.000000
2451545.055352  1.1667783669e+00  1.000000 0.000000 0.000000  1.000000 0.000000 0.000000
2451545.056019  1.1702707058e+00  1.000000 0.000000 0.000000  1.000000 0.000000 0.000000
2451545.056686  1.1766825025e+00  1.000000 0.000000 0.000000  1.000000 0.000000 0.000000
2451545.057353  1.1749462423e+00  1.000000 0.000000 0.000000  1.000000 0.000000 0.000000
2451545.058020  1.1756325292e+00  1.000000 0.000000 0.000000  1.000000 0.000000 0.000000
2451545.058687  1.1817005740e+00  1.000000 0.000000 0.000000  1.000000 0.000000 0.000000
2451545.059354  1.1834921753e+00  1.000000 0.000000 0.000000  1.000000 0.000000 0.000000
2451545.060021  1.1809697244e+00  1.000000 0.000000 0.000000  1.000000 0.000000 0.000000
2451545.060688  1.1768848016e+00  1.000000 0.000000 0.000000  1.000000 0.000000 0.000000
2451545.061354  1.1785030203e+00  1.000000 0.000000 0.000000  1.000000 0.000000 0.000000
2451545.062021  1.1748986664e+00  1.000000 0.000000 0.000000  1.000000 0.000000 0.000000
2451545.062688  1.1818742464e+00  1.000000 0.000000 0.000000  1.000000 0.000000 0.000000
2451545.063355  1.1799389901e+00  1.000000 0.000000 0.000000  1.000000 0.000000 0.000000
2451545.064022  1.1778895169e+00  1.000000 0.000000 0.000000  1.000000 0.000000 0.000000
2451545.064689  1.1770901140e+00  1.000000 0.000000 0.000000  1.000000 0.000000 0.000000
2451545.065356  1.1747256894e+00  1.000000 0.000000 0.000000  1.000000 0.000000 0.000000
2451545.066023  1.1730835958e+00  1.000000 0.000000 0.000000  1.000000 0.000000 0.000000
2451545.066690  1.1659066439e+00  1.000000 0.000000 0.000000  1.000000 0.000000 0.000000
2451545.067356  1.1637196583e+00  1.000000 0.000000 0.000000  1.000000 0.000000 0.000000
2451545.068023  1.1616233625e+00  1.000000 0.000000 0.000000  1.000000 0.000000 0.000000
2451545.068690  1.1635443634e+00  1.000000 0.000000 0.000000  1.000000 0.000000 0.000000
2451545.069357  1.1587556530e+00  1.000000 0.000000 0.000000  1.000000 0.000000 0.000000
2451545.070024  1.1563355397e+00  1.000000 0.000000 0.000000  1.000000 0.000000 0.000000
2451545.070691  1.1439947752e+00  1.000000 0.000000 0.000000  1.000000 0.000000 0.000000
2451545.071358  1.1434597924e+00  1.000000 0.000000 0.000000  1.000000 0.000000 0.000000
2451545.072025  1.1357464669e+00  1.000000 0.000000 0.000000  1.000000 0.000000 0.000000
2451545.072692  1.1317246503e+00  1.000000 0.000000 0.000000  1.000000 0.000000 0.000000
2451545.073359  1.1307237016e+00  1.000000 0.000000 0.000000  1.000000 0.000000 0.000000
2451545.074025  1.1284521688e+00  1.000000 0.000000 0.000000  1.000000 0.000000 0.000000
2451545.074692  1.1274891187e+00  1.000000 0.000000 0.000000  1.000000 0.000000 0.000000
2451545.075359  1.1199215343e+00  1.000000 0.000000 0.000000  1.000000 0.000000 0.000000
2451545.076026  1.1083061722e+00  1.000000 0.000000 0.000000  1.000000 0.000000 0.000000
2451545.076693  1.1058228947e+00  1.000000 0.000000 0.000000  1.000000 0.000000 0.000000
2451545.077360  1.1005381431e+00  1.000000 0.000000 0.000000  1.000000 0.000000 0.000000
2451545.078027  1.1004012682e+00  1.000000 0.000000 0.000000  1.000000 0.000000 0.000000
2451545.078694  1.0929056561e+00  1.000000 0.000000 0.000000  1.000000 0.000000 0.000000
2451545.079361  1.0866806282e+00  1.000000 0.000000 0.000000  1.000000 0.000000 0.000000
2451545.080028  1.0831980826e+00  1.000000 0.000000 0.000000  1.000000 0.000000 0.000000
2451545.080694  1.0765660227e+00  1.000000 0.000000 0.000000  1.000000 0.000000 0.000000
2451545.081361  1.0711881475e+00  1.000000 0.000000 0.000000  1.000000 0.000000 0.000000
2451545.082028  1.0643619594e+00  1.000000 0.000000 0.000000  1.000000 0.000000 0.000000
2451545.082695  1.0620057055e+00  1.000000 0.000000 0.000000  1.000000 0.000000 0.000000
2451545.083362  1.0567599534e+00  1.000000 0.000000 0.000000  1.000000 0.000000 0.000000
2451545.084029  1.0530024989e+00  1.000000 0.000000 0.000000  1.000000 0.000000 0.000000
2451545.084696  1.0490842367e+00  1.000000 0.000000 0.000000  1.000000 0.000000 0.000000
2451545.085363  1.0490241438e+00  1.000000 0.000000 0.000000  1.000000 0.000000 0.000000
2451545.086030  1.0420821162e+00  1.000000 0.000000 0.000000  1.000000 0.000000 0.000000
2451545.086696  1.0377813922e+00  1.000000 0.000000 0.000000  1.000000 0.000000 0.000000
2451545.087363  1.0368324815e+00  1.000000 0.000000 0.000000  1.000000 0.000000 0.000000
2451545.088030  1.0217803533e+00  1.000000 0.000000 0.000000  1.000000 0.000000 0.000000
2451545.088697  1.0232461088e+00  1.000000 0.000000 0.000000  1.000000 0.000000 0.000000
2451545.089364  1.0215398660e+00  1.000000 0.000000 0.000000  1.000000 0.000000 0.000000
2451545.090031  1.0218472841e+00  1.000000 0.000000 0.000000  1.000000 0.000000 0.000000
2451545.090698  1.0229474989e+00  1.000000 0.000000 0.000000  1.000000 0.000000 0.000000
2451545.091365  1.0136845661e+00  1.000000 0.000000 0.000000  1.000000 0.000000 0.000000
2451545.092032  1.0147418409e+00  1.000000 0.000000 0.000000  1.000000 0.000000 0.000000
2451545.092699  1.0141553417e+00  1.000000 0.000000 0.000000  1.000000 0.000000 0.000000
2451545.093365  1.0142976638e+00  1.000000 0.000000 0.000000  1.000000 0.000000 0.000000
2451545.094032  1.0034085734e+00  1.000000 0.000000 0.000000  1.000000 0.000000 0.000000
2451545.094699  1.0042443681e+00  1.000000 0.000000 0.000000  1.000000 0.000000 0.000000
2451545.095366  9.9761311950e-01  1.000000 0.000000 0.000000  1.000000 0.000000 0.000000
2451545.096033  1.0025683745e+00  1.000000 0.000000 0.000000  1.000000 0.000000 0.000000
2451545.096700  1.0030884645e+00  1.000000 0.000000 0.000000  1.000000 0.000000 0.000000
2451545.097367  9.9448382940e-01  1.000000 0.000000 0.000000  1.000000 0.000000 0.000000
2451545.098034  9.9480753108e-01  1.000000 0.000000 0.000000  1.000000 0.000000 0.000000
2451545.098701  9.9405129997e-01  1.000000 0.000000 0.000000  1.000000 0.000000 0.000000
2451545.099367  9.8652816228e-01  1.000000 0.000000 0.000000  1.000000 0.000000 0.000000
2451545.100034  9.8688356192e-01  1.000000 0.000000 0.000000  1.000000 0.000000 0.000000
2451545.100701  9.8197565103e-01  1.000000 0.000000 0.000000  1.000000 0.000000 0.000000
2451545.101368  9.8380451338e-01  1.000000 0.000000 0.000000  1.000000 0.000000 0.000000
2451545.102035  9.8065847608e-01  1.000000 0.000000 0.000000  1.000000 0.000000 0.000000
2451545.102702  9.8321042286e-01  1.000000 0.000000 0.000000  1.000000 0.000000 0.000000
2451545.103369  9.7234572880e-01  1.000000 0.000000 0.000000  1.000000 0.000000 0.000000
2451545.104036  9.7144456789e-01  1.000000 0.000000 0.000000  1.000000 0.000000 0.000000
2451545.104703  9.6933482798e-01  1.000000 0.000000 0.000000  1.000000 0.000000 0.000000
2451545.105370  9.6399676356e-01  1.000000 0.000000 0.000000  1.000000 0.000000 0.000000
2451545.106036  9.6036471016e-01  1.000000 0.000000 0.000000  1.000000 0.000000 0.000000
2451545.106703  9.6096291504e-01  1.000000 0.000000 0.000000  1.000000 0.000000 0.000000
2451545.107370  9.5914604808e-01  1.000000 0.000000 0.000000  1.000000 0.000000 0.000000
2451545.108037  9.5801975630e-01  1.000000 0.000000 0.000000  1.000000 0.000000 0.000000
2451545.108704  9.5363077640e-01  1.000000 0.000000 0.000000  1.000000 0.000000 0.000000
2451545.109371  9.4826744633e-01  1.000000 0.000000 0.000000  1.000000 0.000000 0.000000
2451545.110038  9.4226216007e-01  1.000000 0.000000 0.000000  1.000000 0.000000 0.000000
2451545.110705  9.4253799609e-01  1.000000 0.000000 0.000000  1.000000 0.000000 0.000000
2451545.111372  9.4205232767e-01  1.000000 0.000000 0.000000  1.000000 0.000000 0.000000
2451545.112039  9.4295939936e-01  1.000000 0.000000 0.000000  1.000000 0.000000 0.000000
2451545.112705  9.3127362956e-01  1.000000 0.000000 0.000000  1.000000 0.000000 0.000000
2451545.113372  9.2985121970e-01  1.000000 0.000000 0.000000  1.000000 0.000000 0.000000
2451545.114039  9.3187936778e-01  1.000000 0.000000 0.000000  1.000000 0.000000 0.000000
2451545.114706  9.2693917943e-01  1.000000 0.000000 0.000000  1.000000 0.000000 0.000000
2451545.115373  9.1460983088e-01  1.000000 0.000000 0.000000  1.000000 0.000000 0.000000
2451545.116040  9.1276259878e-01  1.000000 0.000000 0.000000  1.000000 0.000000 0.000000
2451545.116707  9.0934165265e-01  1.000000 0.000000 0.000000  1.000000 0.000000 0.000000
2451545.117374  9.1853498903e-01  1.000000 0.000000 0.000000  1.000000 0.000000 0.000000
2451545.118041  9.1825173558e-01  1.000000 0.000000 0.000000  1.000000 0.000000 0.000000
2451545.118707  9.1155552645e-01  1.000000 0.000000 0.000000  1.000000 0.000000 0.000000
2451545.119374  9.0976520002e-01  1.000000 0.000000 0.000000  1.000000 0.000000 0.000000
2451545.120041  9.1339510932e-01  1.000000 0.000000 0.000000  1.000000 0.000000 0.000000
2451545.120708  9.0449284947e-01  1.000000 0.000000 0.000000  1.000000 0.000000 0.000000
2451545.121375  9.0326648021e-01  1.000000 0.000000 0.000000  1.000000 0.000000 0.000000
2451545.122042  9.0139537323e-01  1.000000 0.000000 0.000000  1.000000 0.000000 0.000000
2451545.122709  9.0280068821e-01  1.000000 0.000000 0.000000  1.000000 0.000000 0.000000
2451545.123376  9.0446294792e-01  1.000000 0.000000 0.000000  1.000000 0.000000 0.000000
2451545.124043  9.0586536547e-01  1.000000 0.000000 0.000000  1.000000 0.000000 0.000000
2451545.124710  8.9754288280e-01  1.000000 0.000000 0.000000  1.000000 0.000000 0.000000
2451545.125376  8.9772107519e-01  1.000000 0.000000 0.000000  1.000000 0.000000 0.000000
2451545.126043  8.9626412787e-01  1.000000 0.000000 0.000000  1.000000 0.000000 0.000000
2451545.126710  8.9517069303e-01  1.000000 0.000000 0.000000  1.000000 0.000000 0.000000
2451545.127377  8.9341125327e-01  1.000000 0.000000 0.000000  1.000000 0.000000 0.000000
2451545.128044  8.9380136422e-01  1.000000 0.000000 0.000000  1.000000 0.000000 0.000000
2451545.128711  9.0023802092e-01  1.000000 0.000000 0.000000  1.000000 0.000000 0.000000
2451545.129378  8.9798624864e-01  1.000000 0.000000 0.000000  1.000000 0.000000 0.000000
2451545.130045  9.0080551296e-01  1.000000 0.000000 0.000000  1.000000 0.000000 0.000000
2451545.130712  8.9369601340e-01  1.000000 0.000000 0.000000  1.000000 0.000000 0.000000
2451545.131378  8.9501625963e-01  1.000000 0.000000 0.000000  1.000000 0.000000 0.000000
2451545.132045  8.9135366723e-01  1.000000 0.000000 0.000000  1.000000 0.000000 0.000000
2451545.132712  8.9678155220e-01  1.000000 0.000000 0.000000  1.000000 0.000000 0.000000
2451545.133379  8.9905099885e-01  1.000000 0.000000 0.000000  1.000000 0.000000 0.000000
2451545.134046  8.9226027533e-01  1.000000 0.000000 0.000000  1.000000 0.000000 0.000000
2451545.134713  8.9713741544e-01  1.000000 0.000000 0.000000  1.000000 0.000000 0.000000
2451545.135380  8.9957323293e-01  1.000000 0.000000 0.000000  1.000000 0.000000 0.000000
2451545.136047  8.9987334947e-01  1.000000 0.000000 0.000000  1.000000 0.000000 0.000000
2451545.136714  8.9237796923e-01  1.000000 0.000000 0.000000  1.000000 0.000000 0.000000
2451545.137381  8.9280551506e-01  1.000000 0.000000 0.000000  1.000000 0.000000 0.000000
2451545.138047  8.9165001711e-01  1.000000 0.000000 0.000000  1.000000 0.000000 0.000000
2451545.138714  9.0078517296e-01  1.000000 0.000000 0.000000  1.000000 0.000000 0.000000
2451545.139381  8.9839386010e-01  1.000000 0.000000 0.000000  1.000000 0.000000 0.000000
2451545.140048  8.9934879745e-01  1.000000 0.000000 0.000000  1.000000 0.000000 0.000000
2451545.140715  9.0112799772e-01  1.000000 0.000000 0.000000  1.000000 0.000000 0.000000
2451545.141382  9.0472899060e-01  1.000000 0.000000 0.000000  1.000000 0.000000 0.000000
2451545.142049  9.0691139824e-01  1.000000 0.000000 0.000000  1.000000 0.000000 0.000000
2451545.142716  9.0089747762e-01  1.000000 0.000000 0.000000  1.000000 0.000000 0.000000
2451545.143383  9.0469758238e-01  1.000000 0.000000 0.000000  1.000000 0.000000 0.000000
2451545.144050  9.1293934245e-01  1.000000 0.000000 0.000000  1.000000 0.000000 0.000000
2451545.144716  9.1826488994e-01  1.000000 0.000000 0.000000  1.000000 0.000000 0.000000
2451545.145383  9.2097092242e-01  1.000000 0.000000 0.000000  1.000000 0.000000 0.000000
2451545.146050  9.1416327786e-01  1.000000 0.000000 0.000000  1.000000 0.000000 0.000000
2451545.146717  9.1740365571e-01  1.000000 0.000000 0.000000  1.000000 0.000000 0.000000
2451545.147384  9.1652016917e-01  1.000000 0.000000 0.000000  1.000000 0.000000 0.000000
2451545.148051  9.2576693429e-01  1.000000 0.000000 0.000000  1.000000 0.000000 0.000000
2451545.148718  9.2975867555e-01  1.000000 0.000000 0.000000  1.000000 0.000000 0.000000
2451545.149385  9.3175987747e-01  1.000000 0.000000 0.000000  1.000000 0.000000 0.000000
2451545.150052  9.3793605456e-01  1.000000 0.000000 0.000000  1.000000 0.000000 0.000000
2451545.150718  9.4318481997e-01  1.000000 0.000000 0.000000  1.000000 0.000000 0.000000
2451545.151385  9.4787652410e-01  1.000000 0.000000 0.000000  1.000000 0.000000 0.000000
2451545.152052  9.4653518453e-01  1.000000 0.000000 0.000000  1.000000 0.000000 0.000000
2451545.152719  9.4484087917e-01  1.000000 0.000000 0.000000  1.000000 0.000000 0.000000
2451545.153386  9.5063923046e-01  1.000000 0.000000 0.000000  1.000000 0.000000 0.000000
2451545.154053  9.5965663446e-01  1.000000 0.000000 0.000000  1.000000 0.000000 0.000000
2451545.154720  9.6208694682e-01  1.000000 0.000000 0.000000  1.000000 0.000000 0.000000
2451545.155387  9.5683887680e-01  1.000000 0.000000 0.000000  1.000000 0.000000 0.000000
2451545.156054  9.6591144800e-01  1.000000 0.000000 0.000000  1.000000 0.000000 0.000000
2451545.156721  9.6654807290e-01  1.000000 0.000000 0.000000  1.000000 0.000000 0.000000
2451545.157387  9.7261733457e-01  1.000000 0.000000 0.000000  1.000000 0.000000 0.000000
2451545.158054  9.6906536632e-01  1.000000 0.000000 0.000000  1.000000 0.000000 0.000000
2451545.158721  9.6782253962e-01  1.000000 0.000000 0.000000  1.000000 0.000000 0.000000
2451545.159388  9.7010096832e-01  1.000000 0.000000 0.000000  1.000000 0.000000 0.000000
2451545.160055  9.7950912070e-01  1.000000 0.000000 0.000000  1.000000 0.000000 0.000000
2451545.160722  9.8618806110e-01  1.000000 0.000000 0.000000  1.000000 0.000000 0.000000
2451545.161389  9.8132198920e-01  1.000000 0.000000 0.000000  1.000000 0.000000 0.000000
2451545.162056  9.8479862407e-01  1.000000 0.000000 0.000000  1.000000 0.000000 0.000000
2451545.162723  9.9059407793e-01  1.000000 0.000000 0.000000  1.000000 0.000000 0.000000
2451545.163389  9.9019776647e-01  1.000000 0.000000 0.000000  1.000000 0.000000 0.000000
2451545.164056  9.9220308274e-01  1.000000 0.000000 0.000000  1.000000 0.000000 0.000000
2451545.164723  9.9085090676e-01  1.000000 0.000000 0.000000  1.000000 0.000000 0.000000
2451545.165390  9.9590490644e-01  1.000000 0.000000 0.000000  1.000000 0.000000 0.000000
2451545.166057  1.0044371056e+00  1.000000 0.000000 0.000000  1.000000 0.000000 0.000000
2451545.166724  1.0062757613e+00  1.000000 0.000000 0.000000  1.000000 0.000000 0.000000
2451545.167391  1.0060636689e+00  1.000000 0.000000 0.000000  1.000000 0.000000 0.000000
2451545.168058  1.0041731491e+00  1.000000 0.000000 0.000000  1.000000 0.000000 0.000000
2451545.168725  1.0086102264e+00  1.000000 0.000000 0.000000  1.000000 0.000000 0.000000
2451545.169392  1.0144506485e+00  1.000000 0.000000 0.000000  1.000000 0.000000 0.000000
2451545.170058  1.0150989211e+00  1.000000 0.000000 0.000000  1.000000 0.000000 0.000000
2451545.170725  1.0176976325e+00  1.000000 0.000000 0.000000  1.000000 0.000000 0.000000
2451545.171392  1.0269815428e+00  1.000000 0.000000 0.000000  1.000000 0.000000 0.000000
2451545.172059  1.0298652461e+00  1.000000 0.000000 0.000000  1.000000 0.000000 0.000000
2451545.172726  1.0314251104e+00  1.000000 0.000000 0.000000  1.000000 0.000000 0.000000
2451545.173393  1.0246661428e+00  1.000000 0.000000 0.000000  1.000000 0.000000 0.000000
2451545.174060  1.0311479995e+00  1.000000 0.000000 0.000000  1.000000 0.000000 0.000000
2451545.174727  1.0329703716e+00  1.000000 0.000000 0.000000  1.000000 0.000000 0.000000
2451545.175394  1.0446054942e+00  1.000000 0.000000 0.000000  1.000000 0.000000 0.000000
2451545.176061  1.0447044127e+00  1.000000 0.000000 0.000000  1.000000 0.000000 0.000000
2451545.176727  1.0398312711e+00  1.000000 0.000000 0.000000  1.000000 0.000000 0.000000
2451545.177394  1.0474654385e+00  1.000000 0.000000 0.000000  1.000000 0.000000 0.000000
2451545.178061  1.0512555761e+00  1.000000 0.000000 0.000000  1.000000 0.000000 0.000000
2451545.178728  1.0529119830e+00  1.000000 0.000000 0.000000  1.000000 0.000000 0.000000
2451545.179395  1.0507753549e+00  1.000000 0.000000 0.000000  1.000000 0.000000 0.000000
2451545.180062  1.0527334429e+00  1.000000 0.000000 0.000000  1.000000 0.000000 0.000000
2451545.180729  1.0520096052e+00  1.000000 0.000000 0.000000  1.000000 0.000000 0.000000
2451545.181396  1.0637558155e+00  1.000000 0.000000 0.000000  1.000000 0.000000 0.000000
2451545.182063  1.0625311847e+00  1.000000 0.000000 0.000000  1.000000 0.000000 0.000000
2451545.182729  1.0632773907e+00  1.000000 0.000000 0.000000  1.000000 0.000000 0.000000
2451545.183396  1.0625229560e+00  1.000000 0.000000 0.000000  1.000000 0.000000 0.000000
2451545.184063  1.0656747302e+00  1.000000 0.000000 0.000000  1.000000 0.000000 0.000000
2451545.184730  1.0693844929e+00  1.000000 0.000000 0.000000  1.000000 0.000000 0.000000
2451545.185397  1.0649372745e+00  1.000000 0.000000 0.000000  1.000000 0.000000 0.000000
2451545.186064  1.0634413277e+00  1.000000 0.000000 0.000000  1.000000 0.000000 0.000000
2451545.186731  1.0667099845e+00  1.000000 0.000000 0.000000  1.000000 0.000000 0.000000
2451545.187398  1.0723124111e+00  1.000000 0.000000 0.000000  1.000000 0.000000 0.000000
2451545.188065  1.0732915131e+00  1.000000 0.000000 0.000000  1.000000 0.000000 0.000000
2451545.188732  1.0711945219e+00  1.000000 0.000000 0.000000  1.000000 0.000000 0.000000
2451545.189398  1.0678093881e+00  1.000000 0.000000 0.000000  1.000000 0.000000 0.000000
2451545.190065  1.0682908842e+00  1.000000 0.000000 0.000000  1.000000 0.000000 0.000000
2451545.190732  1.0724491122e+00  1.000000 0.000000 0.000000  1.000000 0.000000 0.000000
2451545.191399  1.0671064698e+00  1.000000 0.000000 0.000000  1.000000 0.000000 0.000000
2451545.192066  1.0651453684e+00  1.000000 0.000000 0.000000  1.000000 0.000000 0.000000
2451545.192733  1.0726177430e+00  1.000000 0.000000 0.000000  1.000000 0.000000 0.000000
2451545.193400  1.0736250081e+00  1.000000 0.000000 0.000000  1.000000 0.000000 0.000000
2451545.194067  1.0686962357e+00  1.000000 0.000000 0.000000  1.000000 0.000000 0.000000
2451545.194734  1.0664416239e+00  1.000000 0.000000 0.000000  1.000000 0.000000 0.000000
2451545.195400  1.0628129895e+00  1.000000 0.000000 0.000000  1.000000 0.000000 0.000000
2451545.196067  1.0613117114e+00  1.000000 0.000000 0.000000  1.000000 0.000000 0.000000
2451545.196734  1.0676977788e+00  1.000000 0.000000 0.000000  1.000000 0.000000 0.000000
2451545.197401  1.0632182830e+00  1.000000 0.000000 0.000000  1.000000 0.000000 0.000000
2451545.198068  1.0595860557e+00  1.000000 0.000000 0.000000  1.000000 0.000000 0.000000
2451545.198735  1.0598057973e+00  1.000000 0.000000 0.000000  1.000000 0.000000 0.000000
2451545.199402  1.0589576016e+00  1.000000 0.000000 0.000000  1.000000 0.000000 0.000000
2451545.200069  1.0581617335e+00  1.000000 0.000000 0.000000  1.000000 0.000000 0.000000
2451545.200736  1.0469404229e+00  1.000000 0.000000 0.000000  1.000000 0.000000 0.000000
2451545.201403  1.0448440112e+00  1.000000 0.000000 0.000000  1.000000 0.000000 0.000000
2451545.202069  1.0451087211e+00  1.000000 0.000000 0.000000  1.000000 0.000000 0.000000
2451545.202736  1.0500504161e+00  1.000000 0.000000 0.000000  1.000000 0.000000 0.000000
2451545.203403  1.0439061688e+00  1.000000 0.000000 0.000000  1.000000 0.000000 0.000000
2451545.204070  1.0430651007e+00  1.000000 0.000000 0.000000  1.000000 0.000000 0.000000
2451545.204737  1.0334084641e+00  1.000000 0.000000 0.000000  1.000000 0.000000 0.000000
2451545.205404  1.0354560250e+00  1.000000 0.000000 0.000000  1.000000 0.000000 0.000000
2451545.206071  1.0351893449e+00  1.000000 0.000000 0.000000  1.000000 0.000000 0.000000
2451545.206738  1.0252894974e+00  1.000000 0.000000 0.000000  1.000000 0.000000 0.000000
2451545.207405  1.0220627955e+00  1.000000 0.000000 0.000000  1.000000 0.000000 0.000000
2451545.208072  1.0225049444e+00  1.000000 0.000000 0.000000  1.000000 0.000000 0.000000
2451545.208738  1.0244864437e+00  1.000000 0.000000 0.000000  1.000000 0.000000 0.000000
2451545.209405  1.0261295804e+00  1.000000 0.000000 0.000000  1.000000 0.000000 0.000000
2451545.210072  1.0194642000e+00  1.000000 0.000000 0.000000  1.000000 0.000000 0.000000
2451545.210739  1.0106449227e+00  1.000000 0.000000 0.000000  1.000000 0.000000 0.000000
2451545.211406  1.0082293873e+00  1.000000 0.000000 0.000000  1.000000 0.000000 0.000000
2451545.212073  1.0137235077e+00  1.000000 0.000000 0.000000  1.000000 0.000000 0.000000
2451545.212740  1.0042239701e+00  1.000000 0.000000 0.000000  1.000000 0.000000 0.000000
2451545.213407  1.0012551401e+00  1.000000 0.000000 0.000000  1.000000 0.000000 0.000000
2451545.214074  9.9946887007e-01  1.000000 0.000000 0.000000  1.000000 0.000000 0.000000
2451545.214740  1.0007939260e+00  1.000000 0.000000 0.000000  1.000000 0.000000 0.000000
2451545.215407  1.0010688928e+00  1.000000 0.000000 0.000000  1.000000 0.000000 0.000000
2451545.216074  9.8937472046e-01  1.000000 0.000000 0.000000  1.000000 0.000000 0.000000
2451545.216741  9.8582524402e-01  1.000000 0.000000 0.000000  1.000000 0.000000 0.000000
2451545.217408  9.8799959677e-01  1.000000 0.000000 0.000000  1.000000 0.000000 0.000000
2451545.218075  9.8921999732e-01  1.000000 0.000000 0.000000  1.000000 0.000000 0.000000
2451545.218742  9.9033782858e-01  1.000000 0.000000 0.000000  1.000000 0.000000 0.000000
2451545.219409  9.8233203580e-01  1.000000 0.000000 0.000000  1.000000 0.000000 0.000000
2451545.220076  9.8167877961e-01  1.000000 0.000000 0.000000  1.000000 0.000000 0.000000
2451545.220743  9.8415910174e-01  1.000000 0.000000 0.000000  1.000000 0.000000 0.000000
2451545.221409  9.7988457061e-01  1.000000 0.000000 0.000000  1.000000 0.000000 0.000000
2451545.222076  9.7164472285e-01  1.000000 0.000000 0.000000  1.000000 0.000000 0.000000
2451545.222743  9.7120506573e-01  1.000000 0.000000 0.000000  1.000000 0.000000 0.000000
2451545.223410  9.6902352733e-01  1.000000 0.000000 0.000000  1.000000 0.000000 0.000000
2451545.224077  9.7263367611e-01  1.000000 0.000000 0.000000  1.000000 0.000000 0.000000
2451545.224744  9.6788680478e-01  1.000000 0.000000 0.000000  1.000000 0.000000 0.000000
2451545.225411  9.6741365328e-01  1.000000 0.000000 0.000000  1.000000 0.000000 0.000000
2451545.226078  9.6134189982e-01  1.000000 0.000000 0.000000  1.000000 0.000000 0.000000
2451545.226745  9.6497227271e-01  1.000000 0.000000 0.000000  1.000000 0.000000 0.000000
2451545.227411  9.6406717129e-01  1.000000 0.000000 0.000000  1.000000 0.000000 0.000000
2451545.228078  9.5199940337e-01  1.000000 0.000000 0.000000  1.000000 0.000000 0.000000
2451545.228745  9.4907710617e-01  1.000000 0.000000 0.000000  1.000000 0.000000 0.000000
2451545.229412  9.4984133421e-01  1.000000 0.000000 0.000000  1.000000 0.000000 0.000000
2451545.230079  9.5472676099e-01  1.000000 0.000000 0.000000  1.000000 0.000000 0.000000
2451545.230746  9.5148064621e-01  1.000000 0.000000 0.000000  1.000000 0.000000 0.000000
2451545.231413  9.4838850125e-01  1.000000 0.000000 0.000000  1.000000 0.000000 0.000000
2451545.232080  9.3964536866e-01  1.000000 0.000000 0.000000  1.000000 0.000000 0.000000
2451545.232747  9.4145881664e-01  1.000000 0.000000 0.000000  1.000000 0.000000 0.000000
2451545.233414  9.4309210198e-01  1.000000 0.000000 0.000000  1.000000 0.000000 0.000000
2451545.234080  9.4263830537e-01  1.000000 0.000000 0.000000  1.000000 0.000000 0.000000
2451545.234747  9.3902114479e-01  1.000000 0.000000 0.000000  1.000000 0.000000 0.000000
2451545.235414  9.3517097231e-01  1.000000 0.000000 0.000000  1.000000 0.000000 0.000000
2451545.236081  9.4206380152e-01  1.000000 0.000000 0.000000  1.000000 0.000000 0.000000
2451545.236748  9.4212829848e-01  1.000000 0.000000 0.000000  1.000000 0.000000 0.000000
2451545.237415  9.3938691726e-01  1.000000 0.000000 0.000000  1.000000 0.000000 0.000000
2451545.238082  9.3300762981e-01  1.000000 0.000000 0.000000  1.000000 0.000000 0.000000
2451545.238749  9.3124222134e-01  1.000000 0.000000 0.000000  1.000000 0.000000 0.000000
2451545.239416  9.3457467974e-01  1.000000 0.000000 0.000000  1.000000 0.000000 0.000000
360  1
2451545.000000  9.3806338727e-01  1.000000 0.000000 0.000000  1.000000 0.000000 0.000000
2451545.000667  9.3463554249e-01  1.000000 0.000000 0.000000  1.000000 0.000000 0.000000
2451545.001334  9.2962132453e-01  1.000000 0.000000 0.000000  1.000000 0.000000 0.000000
2451545.002001  9.2286607889e-01  1.000000 0.000000 0.000000  1.000000 0.000000 0.000000
2451545.002668  9.2517407602e-01  1.000000 0.000000 0.000000  1.000000 0.000000 0.000000
2451545.003334  9.2921995651e-01  1.000000 0.000000 0.000000  1.000000 0.000000 0.000000
2451545.004001  9.1849918550e-01  1.000000 0.000000 0.000000  1.000000 0.000000 0.000000
2451545.004668  9.1944696837e-01  1.000000 0.000000 0.000000  1.000000 0.000000 0.000000
2451545.005335  9.1540219422e-01  1.000000 0.000000 0.000000  1.000000 0.000000 0.000000
2451545.006002  9.2396129594e-01  1.000000 0.000000 0.000000  1.000000 0.000000 0.000000
2451545.006669  9.2191567575e-01  1.000000 0.000000 0.000000  1.000000 0.000000 0.000000
2451545.007336  9.1915594307e-01  1.000000 0.000000 0.000000  1.000000 0.000000 0.000000
2451545.008003  9.1149501366e-01  1.000000 0.000000 0.000000  1.000000 0.000000 0.000000
2451545.008670  9.1128859416e-01  1.000000 0.000000 0.000000  1.000000 0.000000 0.000000
2451545.009337  9.1032672003e-01  1.000000 0.000000 0.000000  1.000000 0.000000 0.000000
2451545.010003  9.1472173771e-01  1.000000 0.000000 0.000000  1.000000 0.000000 0.000000
2451545.010670  9.0550063787e-01  1.000000 0.000000 0.000000  1.000000 0.000000 0.000000
2451545.011337  9.0981099153e-01  1.000000 0.000000 0.000000  1.000000 0.000000 0.000000
2451545.012004  9.1017905294e-01  1.000000 0.000000 0.000000  1.000000 0.000000 0.000000
2451545.012671  9.1317693957e-01  1.000000 0.000000 0.000000  1.000000 0.000000 0.000000
2451545.013338  9.1094132027e-01  1.000000 0.000000 0.000000  1.000000 0.000000 0.000000
2451545.014005  9.0382220567e-01  1.000000 0.000000 0.000000  1.000000 0.000000 0.000000
2451545.014672  9.0540089271e-01  1.000000 0.000000 0.000000  1.000000 0.000000 0.000000
2451545.015339  9.0422683447e-01  1.000000 0.000000 0.000000  1.000000 0.000000 0.000000
2451545.016006  9.1254638476e-01  1.000000 0.000000 0.000000  1.000000 0.000000 0.000000
2451545.016672  9.1284917218e-01  1.000000 0.000000 0.000000  1.000000 0.000000 0.000000
2451545.017339  9.1174673482e-01  1.000000 0.000000 0.000000  1.000000 0.000000 0.000000
2451545.018006  9.1881839332e-01  1.000000 0.000000 0.000000  1.000000 0.000000 0.000000
2451545.018673  9.1507640660e-01  1.000000 0.000000 0.000000  1.000000 0.000000 0.000000
2451545.019340  9.1504199364e-01  1.000000 0.000000 0.000000  1.000000 0.000000 0.000000
2451545.020007  9.1266895544e-01  1.000000 0.000000 0.000000  1.000000 0.000000 0.000000
2451545.020674  9.1850157287e-01  1.000000 0.000000 0.000000  1.000000 0.000000 0.000000
2451545.021341  9.2069649054e-01  1.000000 0.000000 0.000000  1.000000 0.000000 0.000000
2451545.022008  9.2536535616e-01  1.000000 0.000000 0.000000  1.000000 0.000000 0.000000
2451545.022674  9.3132648355e-01  1.000000 0.000000 0.000000  1.000000 0.000000 0.000000
2451545.023341  9.3239060666e-01  1.000000 0.000000 0.000000  1.000000 0.000000 0.000000
2451545.024008  9.2611382337e-01  1.000000 0.000000 0.000000  1.000000 0.000000 0.000000
2451545.024675  9.3861958447e-01  1.000000 0.000000 0.000000  1.000000 0.000000 0.000000
2451545.025342  9.3577448903e-01  1.000000 0.000000 0.000000  1.000000 0.000000 0.000000
2451545.026009  9.3650560420e-01  1.000000 0.000000 0.000000  1.000000 0.000000 0.000000
2451545.026676  9.4035717668e-01  1.000000 0.000000 0.000000  1.000000 0.000000 0.000000
2451545.027343  9.4819622662e-01  1.000000 0.000000 0.000000  1.000000 0.000000 0.000000
2451545.028010  9.5536407836e-01  1.000000 0.000000 0.000000  1.000000 0.000000 0.000000
2451545.028677  9.5391780258e-01  1.000000 0.000000 0.000000  1.000000 0.000000 0.000000
2451545.029343  9.5676027775e-01  1.000000 0.000000 0.000000  1.000000 0.000000 0.000000
2451545.030010  9.6095726081e-01  1.000000 0.000000 0.000000  1.000000 0.000000 0.000000
2451545.030677  9.6464160147e-01  1.000000 0.000000 0.000000  1.000000 0.000000 0.000000
2451545.031344  9.7526117160e-01  1.000000 0.000000 0.000000  1.000000 0.000000 0.000000
2451545.032011  9.7625641057e-01  1.000000 0.000000 0.000000  1.000000 0.000000 0.000000
2451545.032678  9.8013494278e-01  1.000000 0.000000 0.000000  1.000000 0.000000 0.000000
2451545.033345  9.9762080002e-01  1.000000 0.000000 0.000000  1.000000 0.000000 0.000000
2451545.034012  1.0037502074e+00  1.000000 0.000000 0.000000  1.000000 0.000000 0.000000
2451545.034679  1.0043256781e+00  1.000000 0.000000 0.000000  1.000000 0.000000 0.000000
2451545.035345  1.0078741721e+00  1.000000 0.000000 0.000000  1.000000 0.000000 0.000000
2451545.036012  1.0133067025e+00  1.000000 0.000000 0.000000  1.000000 0.000000 0.000000
2451545.036679  1.0224683512e+00  1.000000 0.000000 0.000000  1.000000 0.000000 0.000000
2451545.037346  1.0393107852e+00  1.000000 0.000000 0.000000  1.000000 0.000000 0.000000
2451545.038013  1.0413555901e+00  1.000000 0.000000 0.000000  1.000000 0.000000 0.000000
2451545.038680  1.0465543337e+00  1.000000 0.000000 0.000000  1.000000 0.000000 0.000000
2451545.039347  1.0547104953e+00  1.000000 0.000000 0.000000  1.000000 0.000000 0.000000
2451545.040014  1.0611306950e+00  1.000000 0.000000 0.000000  1.000000 0.000000 0.000000
2451545.040681  1.0672937001e+00  1.000000 0.000000 0.000000  1.000000 0.000000 0.000000
2451545.041348  1.0713029549e+00  1.000000 0.000000 0.000000  1.000000 0.000000 0.000000
2451545.042014  1.0804141196e+00  1.000000 0.000000 0.000000  1.000000 0.000000 0.000000
2451545.042681  1.0841802711e+00  1.000000 0.000000 0.000000  1.000000 0.000000 0.000000
2451545.043348  1.0983303426e+00  1.000000 0.000000 0.000000  1.000000 0.000000 0.000000
2451545.044015  1.1027299604e+00  1.000000 0.000000 0.000000  1.000000 0.000000 0.000000
2451545.044682  1.1106649706e+00  1.000000 0.000000 0.000000  1.000000 0.000000 0.000000
2451545.045349  1.1104636752e+00  1.000000 0.000000 0.000000  1.000000 0.000000 0.000000
2451545.046016  1.1208952260e+00  1.000000 0.000000 0.000000  1.000000 0.000000 0.000000
2451545.046683  1.1292887845e+00  1.000000 0.000000 0.000000  1.000000 0.000000 0.000000
2451545.047350  1.1302525219e+00  1.000000 0.000000 0.000000  1.000000 0.000000 0.000000
2451545.048017  1.1321638676e+00  1.000000 0.000000 0.000000  1.000000 0.000000 0.000000
2451545.048683  1.1458744315e+00  1.000000 0.000000 0.000000  1.000000 0.000000 0.000000
2451545.049350  1.1480947367e+00  1.000000 0.000000 0.000000  1.000000 0.000000 0.000000
2451545.050017  1.1545654786e+00  1.000000 0.000000 0.000000  1.000000 0.000000 0.000000
2451545.050684  1.1526179732e+00  1.000000 0.000000 0.000000  1.000000 0.000000 0.000000
2451545.051351  1.1589077414e+00  1.000000 0.000000 0.000000  1.000000 0.000000 0.000000
2451545.052018  1.1608033071e+00  1.000000 0.000000 0.000000  1.000000 0.000000 0.000000
2451545.052685  1.1662853899e+00  1.000000 0.000000 0.000000  1.000000 0.000000 0.000000
2451545.053352  1.1657698943e+00  1.000000 0.000000 0.000000  1.000000 0.000000 0.000000
2451545.054019  1.1687669075e+00  1.000000 0.000000 0.000000  1.000000 0.000000 0.000000
2451545.054685  1.1791552529e+00  1.000000 0.000000 0.000000  1.000000 0.000000 0.000000
2451545.055352  1.1796532799e+00  1.000000 0.000000 0.000000  1.000000 0.000000 0.000000
2451545.056019  1.1788531642e+00  1.000000 0.000000 0.000000  1.000000 0.000000 0.000000
2451545.056686  1.1783392408e+00  1.000000 0.000000 0.000000  1.000000 0.000000 0.000000
2451545.057353  1.1787459658e+00  1.000000 0.000000 0.000000  1.000000 0.000000 0.000000
2451545.058020  1.1780940994e+00  1.000000 0.000000 0.000000  1.000000 0.000000 0.000000
2451545.058687  1.1833244610e+00  1.000000 0.000000 0.000000  1.000000 0.000000 0.000000
2451545.059354  1.1827712917e+00  1.000000 0.000000 0.000000  1.000000 0.000000 0.000000
2451545.060021  1.1799155987e+00  1.000000 0.000000 0.000000  1.000000 0.000000 0.000000
2451545.060688  1.1853412582e+00  1.000000 0.000000 0.000000  1.000000 0.000000 0.000000
2451545.061354  1.1827722816e+00  1.000000 0.000000 0.000000  1.000000 0.000000 0.000000
2451545.062021  1.1812637597e+00  1.000000 0.000000 0.000000  1.000000 0.000000 0.000000
2451545.062688  1.1758363533e+00  1.000000 0.000000 0.000000  1.000000 0.000000 0.000000
2451545.063355  1.1731308312e+00  1.000000 0.000000 0.000000  1.000000 0.000000 0.000000
2451545.064022  1.1708236493e+00  1.000000 0.000000 0.000000  1.000000 0.000000 0.000000
2451545.064689  1.1738882656e+00  1.000000 0.000000 0.000000  1.000000 0.000000 0.000000
2451545.065356  1.1726297763e+00  1.000000 0.000000 0.000000  1.000000 0.000000 0.000000
2451545.066023  1.1722768543e+00  1.000000 0.000000 0.000000  1.000000 0.000000 0.000000
2451545.066690  1.1602759912e+00  1.000000 0.000000 0.000000  1.000000 0.000000 0.000000
2451545.067356  1.1660916059e+00  1.000000 0.000000 0.000000  1.000000 0.000000 0.000000
2451545.068023  1.1619223396e+00  1.000000 0.000000 0.000000  1.000000 0.000000 0.000000
2451545.068690  1.1535548091e+00  1.000000 0.000000 0.000000  1.000000 0.000000 0.000000
2451545.069357  1.1520306821e+00  1.000000 0.000000 0.000000  1.000000 0.000000 0.000000
2451545.070024  1.1480792479e+00  1.000000 0.000000 0.000000  1.000000 0.000000 0.000000
2451545.070691  1.1501983523e+00  1.000000 0.000000 0.000000  1.000000 0.000000 0.000000
2451545.071358  1.1437226028e+00  1.000000 0.000000 0.000000  1.000000 0.000000 0.000000
2451545.072025  1.1331840865e+00  1.000000 0.000000 0.000000  1.000000 0.000000 0.000000
2451545.072692  1.1299075772e+00  1.000000 0.000000 0.000000  1.000000 0.000000 0.000000
2451545.073359  1.1251877618e+00  1.000000 0.000000 0.000000  1.000000 0.000000 0.000000
2451545.074025  1.1264436891e+00  1.000000 0.000000 0.000000  1.000000 0.000000 0.000000
2451545.074692  1.1176666386e+00  1.000000 0.000000 0.000000  1.000000 0.000000 0.000000
2451545.075359  1.1128598301e+00  1.000000 0.000000 0.000000  1.000000 0.000000 0.000000
2451545.076026  1.1122409791e+00  1.000000 0.000000 0.000000  1.000000 0.000000 0.000000
2451545.076693  1.1066534448e+00  1.000000 0.000000 0.000000  1.000000 0.000000 0.000000
2451545.077360  1.0999253336e+00  1.000000 0.000000 0.000000  1.000000 0.000000 0.000000
2451545.078027  1.0885110629e+00  1.000000 0.000000 0.000000  1.000000 0.000000 0.000000
2451545.078694  1.0834157329e+00  1.000000 0.000000 0.000000  1.000000 0.000000 0.000000
2451545.079361  1.0808556070e+00  1.000000 0.000000 0.000000  1.000000 0.000000 0.000000
2451545.080028  1.0820449793e+00  1.000000 0.000000 0.000000  1.000000 0.000000 0.000000
2451545.080694  1.0779325438e+00  1.000000 0.000000 0.000000  1.000000 0.000000 0.000000
2451545.081361  1.0747949674e+00  1.000000 0.000000 0.000000  1.000000 0.000000 0.000000
2451545.082028  1.0707274259e+00  1.000000 0.000000 0.000000  1.000000 0.000000 0.000000
2451545.082695  1.0671559900e+00  1.000000 0.000000 0.000000  1.000000 0.000000 0.000000
2451545.083362  1.0609309135e+00  1.000000 0.000000 0.000000  1.000000 0.000000 0.000000
2451545.084029  1.0536459063e+00  1.000000 0.000000 0.000000  1.000000 0.000000 0.000000
2451545.084696  1.0517604723e+00  1.000000 0.000000 0.000000  1.000000 0.000000 0.000000
2451545.085363  1.0458040032e+00  1.000000 0.000000 0.000000  1.000000 0.000000 0.000000
2451545.086030  1.0463848310e+00  1.000000 0.000000 0.000000  1.000000 0.000000 0.000000
2451545.086696  1.0385612698e+00  1.000000 0.000000 0.000000  1.000000 0.000000 0.000000
2451545.087363  1.0349835453e+00  1.000000 0.000000 0.000000  1.000000 0.000000 0.000000
2451545.088030  1.0336671187e+00  1.000000 0.000000 0.000000  1.000000 0.000000 0.000000
2451545.088697  1.0288996725e+00  1.000000 0.000000 0.000000  1.000000 0.000000 0.000000
2451545.089364  1.0283907567e+00  1.000000 0.000000 0.000000  1.000000 0.000000 0.000000
2451545.090031  1.0308217904e+00  1.000000 0.000000 0.000000  1.000000 0.000000 0.000000
2451545.090698  1.0291636799e+00  1.000000 0.000000 0.000000  1.000000 0.000000 0.000000
2451545.091365  1.0295879898e+00  1.000000 0.000000 0.000000  1.000000 0.000000 0.000000
2451545.092032  1.0219638608e+00  1.000000 0.000000 0.000000  1.000000 0.000000 0.000000
2451545.092699  1.0177973893e+00  1.000000 0.000000 0.000000  1.000000 0.000000 0.000000
2451545.093365  1.0188093981e+00  1.000000 0.000000 0.000000  1.000000 0.000000 0.000000
2451545.094032  1.0234394836e+00  1.000000 0.000000 0.000000  1.000000 0.000000 0.000000
2451545.094699  1.0245167663e+00  1.000000 0.000000 0.000000  1.000000 0.000000 0.000000
2451545.095366  1.0193571522e+00  1.000000 0.000000 0.000000  1.000000 0.000000 0.000000
2451545.096033  1.0174835385e+00  1.000000 0.000000 0.000000  1.000000 0.000000 0.000000
2451545.096700  1.0144080917e+00  1.000000 0.000000 0.000000  1.000000 0.000000 0.000000
2451545.097367  1.0072740707e+00  1.000000 0.000000 0.000000  1.000000 0.000000 0.000000
2451545.098034  1.0085464184e+00  1.000000 0.000000 0.000000  1.000000 0.000000 0.000000
2451545.098701  1.0047361880e+00  1.000000 0.000000 0.000000  1.000000 0.000000 0.000000
2451545.099367  1.0084078931e+00  1.000000 0.000000 0.000000  1.000000 0.000000 0.000000
2451545.100034  1.0056437351e+00  1.000000 0.000000 0.000000  1.000000 0.000000 0.000000
2451545.100701  1.0033206568e+00  1.000000 0.000000 0.000000  1.000000 0.000000 0.000000
2451545.101368  9.9885972464e-01  1.000000 0.000000 0.000000  1.000000 0.000000 0.000000
2451545.102035  9.9596024392e-01  1.000000 0.000000 0.000000  1.000000 0.000000 0.000000
2451545.102702  9.9978666175e-01  1.000000 0.000000 0.000000  1.000000 0.000000 0.000000
2451545.103369  9.8841239397e-01  1.000000 0.000000 0.000000  1.000000 0.000000 0.000000
2451545.104036  9.8768913962e-01  1.000000 0.000000 0.000000  1.000000 0.000000 0.000000
2451545.104703  9.8676132908e-01  1.000000 0.000000 0.000000  1.000000 0.000000 0.000000
2451545.105370  9.8817942233e-01  1.000000 0.000000 0.000000  1.000000 0.000000 0.000000
2451545.106036  9.8498548084e-01  1.000000 0.000000 0.000000  1.000000 0.000000 0.000000
2451545.106703  9.8408940476e-01  1.000000 0.000000 0.000000  1.000000 0.000000 0.000000
2451545.107370  9.7354809352e-01  1.000000 0.000000 0.000000  1.000000 0.000000 0.000000
2451545.108037  9.7466444746e-01  1.000000 0.000000 0.000000  1.000000 0.000000 0.000000
2451545.108704  9.7209145310e-01  1.000000 0.000000 0.000000  1.000000 0.000000 0.000000
2451545.109371  9.6938668799e-01  1.000000 0.000000 0.000000  1.000000 0.000000 0.000000
2451545.110038  9.6792463233e-01  1.000000 0.000000 0.000000  1.000000 0.000000 0.000000
2451545.110705  9.6173274598e-01  1.000000 0.000000 0.000000  1.000000 0.000000 0.000000
2451545.111372  9.6663481614e-01  1.000000 0.000000 0.000000  1.000000 0.000000 0.000000
2451545.112039  9.6119838441e-01  1.000000 0.000000 0.000000  1.000000 0.000000 0.000000
2451545.112705  9.5776564845e-01  1.000000 0.000000 0.000000  1.000000 0.000000 0.000000
2451545.113372  9.4952185325e-01  1.000000 0.000000 0.000000  1.000000 0.000000 0.000000
2451545.114039  9.4752118535e-01  1.000000 0.000000 0.000000  1.000000 0.000000 0.000000
2451545.114706  9.4397915478e-01  1.000000 0.000000 0.000000  1.000000 0.000000 0.000000
2451545.115373  9.4350901908e-01  1.000000 0.000000 0.000000  1.000000 0.000000 0.000000
2451545.116040  9.4397455474e-01  1.000000 0.000000 0.000000  1.000000 0.000000 0.000000
2451545.116707  9.4024514534e-01  1.000000 0.000000 0.000000  1.000000 0.000000 0.000000
2451545.117374  9.4067690856e-01  1.000000 0.000000 0.000000  1.000000 0.000000 0.000000
2451545.118041  9.3900633718e-01  1.000000 0.000000 0.000000  1.000000 0.000000 0.000000
2451545.118707  9.3970699892e-01  1.000000 0.000000 0.000000  1.000000 0.000000 0.000000
2451545.119374  9.2719890869e-01  1.000000 0.000000 0.000000  1.000000 0.000000 0.000000
2451545.120041  9.2404916252e-01  1.000000 0.000000 0.000000  1.000000 0.000000 0.000000
2451545.120708  9.2706812781e-01  1.000000 0.000000 0.000000  1.000000 0.000000 0.000000
2451545.121375  9.2339007582e-01  1.000000 0.000000 0.000000  1.000000 0.000000 0.000000
2451545.122042  9.2703406423e-01  1.000000 0.000000 0.000000  1.000000 0.000000 0.000000
2451545.122709  9.1456580219e-01  1.000000 0.000000 0.000000  1.000000 0.000000 0.000000
2451545.123376  9.1368841740e-01  1.000000 0.000000 0.000000  1.000000 0.000000 0.000000
2451545.124043  9.1617220593e-01  1.000000 0.000000 0.000000  1.000000 0.000000 0.000000
2451545.124710  9.0834008517e-01  1.000000 0.000000 0.000000  1.000000 0.000000 0.000000
2451545.125376  9.1077699987e-01  1.000000 0.000000 0.000000  1.000000 0.000000 0.000000
2451545.126043  9.0506334296e-01  1.000000 0.000000 0.000000  1.000000 0.000000 0.000000
2451545.126710  9.0894397139e-01  1.000000 0.000000 0.000000  1.000000 0.000000 0.000000
2451545.127377  9.0524059006e-01  1.000000 0.000000 0.000000  1.000000 0.000000 0.000000
2451545.128044  9.0481860920e-01  1.000000 0.000000 0.000000  1.000000 0.000000 0.000000
2451545.128711  8.9733795477e-01  1.000000 0.000000 0.000000  1.000000 0.000000 0.000000
2451545.129378  8.9837884476e-01  1.000000 0.000000 0.000000  1.000000 0.000000 0.000000
2451545.130045  8.9570855083e-01  1.000000 0.000000 0.000000  1.000000 0.000000 0.000000
2451545.130712  8.9557881806e-01  1.000000 0.000000 0.000000  1.000000 0.000000 0.000000
2451545.131378  8.9068996574e-01  1.000000 0.000000 0.000000  1.000000 0.000000 0.000000
2451545.132045  8.8934029080e-01  1.000000 0.000000 0.000000  1.000000 0.000000 0.000000
2451545.132712  8.9456372323e-01  1.000000 0.000000 0.000000  1.000000 0.000000 0.000000
2451545.133379  8.9241567937e-01  1.000000 0.000000 0.000000  1.000000 0.000000 0.000000
2451545.134046  8.9263904333e-01  1.000000 0.000000 0.000000  1.000000 0.000000 0.000000
2451545.134713  8.8092326626e-01  1.000000 0.000000 0.000000  1.000000 0.000000 0.000000
2451545.135380  8.8396662924e-01  1.000000 0.000000 0.000000  1.000000 0.000000 0.000000
2451545.136047  8.8389174758e-01  1.000000 0.000000 0.000000  1.000000 0.000000 0.000000
2451545.136714  8.8388516777e-01  1.000000 0.000000 0.000000  1.000000 0.000000 0.000000
2451545.137381  8.8719882675e-01  1.000000 0.000000 0.000000  1.000000 0.000000 0.000000
2451545.138047  8.8188228720e-01  1.000000 0.000000 0.000000  1.000000 0.000000 0.000000
2451545.138714  8.8349282515e-01  1.000000 0.000000 0.000000  1.000000 0.000000 0.000000
2451545.139381  8.8162742171e-01  1.000000 0.000000 0.000000  1.000000 0.000000 0.000000
2451545.140048  8.8279152289e-01  1.000000 0.000000 0.000000  1.000000 0.000000 0.000000
2451545.140715  8.7793679238e-01  1.000000 0.000000 0.000000  1.000000 0.000000 0.000000
2451545.141382  8.7472101526e-01  1.000000 0.000000 0.000000  1.000000 0.000000 0.000000
2451545.142049  8.7836669230e-01  1.000000 0.000000 0.000000  1.000000 0.000000 0.000000
2451545.142716  8.8260437697e-01  1.000000 0.000000 0.000000  1.000000 0.000000 0.000000
2451545.143383  8.8667319943e-01  1.000000 0.000000 0.000000  1.000000 0.000000 0.000000
2451545.144050  8.8291094924e-01  1.000000 0.000000 0.000000  1.000000 0.000000 0.000000
2451545.144716  8.8522692366e-01  1.000000 0.000000 0.000000  1.000000 0.000000 0.000000
2451545.145383  8.9134957650e-01  1.000000 0.000000 0.000000  1.000000 0.000000 0.000000
2451545.146050  8.9056529885e-01  1.000000 0.000000 0.000000  1.000000 0.000000 0.000000
2451545.146717  8.9027933942e-01  1.000000 0.000000 0.000000  1.000000 0.000000 0.000000
2451545.147384  8.9284732614e-01  1.000000 0.000000 0.000000  1.000000 0.000000 0.000000
2451545.148051  9.0190969549e-01  1.000000 0.000000 0.000000  1.000000 0.000000 0.000000
2451545.148718  9.0796323128e-01  1.000000 0.000000 0.000000  1.000000 0.000000 0.000000
2451545.149385  9.1546205296e-01  1.000000 0.000000 0.000000  1.000000 0.000000 0.000000
2451545.150052  9.0886186942e-01  1.000000 0.000000 0.000000  1.000000 0.000000 0.000000
2451545.150718  9.1188048534e-01  1.000000 0.000000 0.000000  1.000000 0.000000 0.000000
2451545.151385  9.1384534281e-01  1.000000 0.000000 0.000000  1.000000 0.000000 0.000000
2451545.152052  9.2412177327e-01  1.000000 0.000000 0.000000  1.000000 0.000000 0.000000
2451545.152719  9.2453175909e-01  1.000000 0.000000 0.000000  1.000000 0.000000 0.000000
2451545.153386  9.2535021678e-01  1.000000 0.000000 0.000000  1.000000 0.000000 0.000000
2451545.154053  9.3668442347e-01  1.000000 0.000000 0.000000  1.000000 0.000000 0.000000
2451545.154720  9.3731393017e-01  1.000000 0.000000 0.000000  1.000000 0.000000 0.000000
2451545.155387  9.3998329244e-01  1.000000 0.000000 0.000000  1.000000 0.000000 0.000000
2451545.156054  9.3896470391e-01  1.000000 0.000000 0.000000  1.000000 0.000000 0.000000
2451545.156721  9.4210222212e-01  1.000000 0.000000 0.000000  1.000000 0.000000 0.000000
2451545.157387  9.4205627996e-01  1.000000 0.000000 0.000000  1.000000 0.000000 0.000000
2451545.158054  9.5174076101e-01  1.000000 0.000000 0.000000  1.000000 0.000000 0.000000
2451545.158721  9.5288215314e-01  1.000000 0.000000 0.000000  1.000000 0.000000 0.000000
2451545.159388  9.5533851611e-01  1.000000 0.000000 0.000000  1.000000 0.000000 0.000000
2451545.160055  9.6179854402e-01  1.000000 0.000000 0.000000  1.000000 0.000000 0.000000
2451545.160722  9.6116880440e-01  1.000000 0.000000 0.000000  1.000000 0.000000 0.000000
2451545.161389  9.6467607265e-01  1.000000 0.000000 0.000000  1.000000 0.000000 0.000000
2451545.162056  9.5977982533e-01  1.000000 0.000000 0.000000  1.000000 0.000000 0.000000
2451545.162723  9.6181624543e-01  1.000000 0.000000 0.000000  1.000000 0.000000 0.000000
2451545.163389  9.7174091843e-01  1.000000 0.000000 0.000000  1.000000 0.000000 0.000000
2451545.164056  9.6794804013e-01  1.000000 0.000000 0.000000  1.000000 0.000000 0.000000
2451545.164723  9.7815034590e-01  1.000000 0.000000 0.000000  1.000000 0.000000 0.000000
2451545.165390  9.8097913741e-01  1.000000 0.000000 0.000000  1.000000 0.000000 0.000000
2451545.166057  9.7740682809e-01  1.000000 0.000000 0.000000  1.000000 0.000000 0.000000
2451545.166724  9.7936394119e-01  1.000000 0.000000 0.000000  1.000000 0.000000 0.000000
2451545.167391  9.8222260383e-01  1.000000 0.000000 0.000000  1.000000 0.000000 0.000000
2451545.168058  9.9155020333e-01  1.000000 0.000000 0.000000  1.000000 0.000000 0.000000
2451545.168725  9.9382337991e-01  1.000000 0.000000 0.000000  1.000000 0.000000 0.000000
2451545.169392  9.9451722893e-01  1.000000 0.000000 0.000000  1.000000 0.000000 0.000000
2451545.170058  9.9404645272e-01  1.000000 0.000000 0.000000  1.000000 0.000000 0.000000
2451545.170725  9.9783176134e-01  1.000000 0.000000 0.000000  1.000000 0.000000 0.000000
2451545.171392  1.0061808916e+00  1.000000 0.000000 0.000000  1.000000 0.000000 0.000000
2451545.172059  9.9990422479e-01  1.000000 0.000000 0.000000  1.000000 0.000000 0.000000
2451545.172726  1.0056549732e+00  1.000000 0.000000 0.000000  1.000000 0.000000 0.000000
2451545.173393  1.0133442015e+00  1.000000 0.000000 0.000000  1.000000 0.000000 0.000000
2451545.174060  1.0172555163e+00  1.000000 0.000000 0.000000  1.000000 0.000000 0.000000
2451545.174727  1.0173600362e+00  1.000000 0.000000 0.000000  1.000000 0.000000 0.000000
2451545.175394  1.0133910754e+00  1.000000 0.000000 0.000000  1.000000 0.000000 0.000000
2451545.176061  1.0149450736e+00  1.000000 0.000000 0.000000  1.000000 0.000000 0.000000
2451545.176727  1.0150738747e+00  1.000000 0.000000 0.000000  1.000000 0.000000 0.000000
2451545.177394  1.0269922864e+00  1.000000 0.000000 0.000000  1.000000 0.000000 0.000000
2451545.178061  1.0292560882e+00  1.000000 0.000000 0.000000  1.000000 0.000000 0.000000
2451545.178728  1.0265307103e+00  1.000000 0.000000 0.000000  1.000000 0.000000 0.000000
2451545.179395  1.0280136699e+00  1.000000 0.000000 0.000000  1.000000 0.000000 0.000000
2451545.180062  1.0304325338e+00  1.000000 0.000000 0.000000  1.000000 0.000000 0.000000
2451545.180729  1.0363858586e+00  1.000000 0.000000 0.000000  1.000000 0.000000 0.000000
2451545.181396  1.0311313323e+00  1.000000 0.000000 0.000000  1.000000 0.000000 0.000000
2451545.182063  1.0342237818e+00  1.000000 0.000000 0.000000  1.000000 0.000000 0.000000
2451545.182729  1.0380555566e+00  1.000000 0.000000 0.000000  1.000000 0.000000 0.000000
2451545.183396  1.0418754529e+00  1.000000 0.000000 0.000000  1.000000 0.000000 0.000000
2451545.184063  1.0467740875e+00  1.000000 0.000000 0.000000  1.000000 0.000000 0.000000
2451545.184730  1.0445021338e+00  1.000000 0.000000 0.000000  1.000000 0.000000 0.000000
2451545.185397  1.0426211833e+00  1.000000 0.000000 0.000000  1.000000 0.000000 0.000000
2451545.186064  1.0522545981e+00  1.000000 0.000000 0.000000  1.000000 0.000000 0.000000
2451545.186731  1.0494739032e+00  1.000000 0.000000 0.000000  1.000000 0.000000 0.000000
2451545.187398  1.0445748027e+00  1.000000 0.000000 0.000000  1.000000 0.000000 0.000000
2451545.188065  1.0444631790e+00  1.000000 0.000000 0.000000  1.000000 0.000000 0.000000
2451545.188732  1.0465815264e+00  1.000000 0.000000 0.000000  1.000000 0.000000 0.000000
2451545.189398  1.0543780696e+00  1.000000 0.000000 0.000000  1.000000 0.000000 0.000000
2451545.190065  1.0533321720e+00  1.000000 0.000000 0.000000  1.000000 0.000000 0.000000
2451545.190732  1.0525559881e+00  1.000000 0.000000 0.000000  1.000000 0.000000 0.000000
2451545.191399  1.0461607101e+00  1.000000 0.000000 0.000000  1.000000 0.000000 0.000000
2451545.192066  1.0504625624e+00  1.000000 0.000000 0.000000  1.000000 0.000000 0.000000
2451545.192733  1.0518842076e+00  1.000000 0.000000 0.000000  1.000000 0.000000 0.000000
2451545.193400  1.0478850845e+00  1.000000 0.000000 0.000000  1.000000 0.000000 0.000000
2451545.194067  1.0486660431e+00  1.000000 0.000000 0.000000  1.000000 0.000000 0.000000
2451545.194734  1.0530334023e+00  1.000000 0.000000 0.000000  1.000000 0.000000 0.000000
2451545.195400  1.0544809591e+00  1.000000 0.000000 0.000000  1.000000 0.000000 0.000000
2451545.196067  1.0532132697e+00  1.000000 0.000000 0.000000  1.000000 0.000000 0.000000
2451545.196734  1.0433319186e+00  1.000000 0.000000 0.000000  1.000000 0.000000 0.000000
2451545.197401  1.0432565711e+00  1.000000 0.000000 0.000000  1.000000 0.000000 0.000000
2451545.198068  1.0455675961e+00  1.000000 0.000000 0.000000  1.000000 0.000000 0.000000
2451545.198735  1.0486956813e+00  1.000000 0.000000 0.000000  1.000000 0.000000 0.000000
2451545.199402  1.0431389498e+00  1.000000 0.000000 0.000000  1.000000 0.000000 0.000000
2451545.200069  1.0390171978e+00  1.000000 0.000000 0.000000  1.000000 0.000000 0.000000
2451545.200736  1.0424084752e+00  1.000000 0.000000 0.000000  1.000000 0.000000 0.000000
2451545.201403  1.0436807646e+00  1.000000 0.000000 0.000000  1.000000 0.000000 0.000000
2451545.202069  1.0412368043e+00  1.000000 0.000000 0.000000  1.000000 0.000000 0.000000
2451545.202736  1.0288091274e+00  1.000000 0.000000 0.000000  1.000000 0.000000 0.000000
2451545.203403  1.0263569569e+00  1.000000 0.000000 0.000000  1.000000 0.000000 0.000000
2451545.204070  1.0246127849e+00  1.000000 0.000000 0.000000  1.000000 0.000000 0.000000
2451545.204737  1.0318869034e+00  1.000000 0.000000 0.000000  1.000000 0.000000 0.000000
2451545.205404  1.0329576063e+00  1.000000 0.000000 0.000000  1.000000 0.000000 0.000000
2451545.206071  1.0262547079e+00  1.000000 0.000000 0.000000  1.000000 0.000000 0.000000
2451545.206738  1.0204567946e+00  1.000000 0.000000 0.000000  1.000000 0.000000 0.000000
2451545.207405  1.0223950999e+00  1.000000 0.000000 0.000000  1.000000 0.000000 0.000000
2451545.208072  1.0228246505e+00  1.000000 0.000000 0.000000  1.000000 0.000000 0.000000
2451545.208738  1.0161988464e+00  1.000000 0.000000 0.000000  1.000000 0.000000 0.000000
2451545.209405  1.0131646835e+00  1.000000 0.000000 0.000000  1.000000 0.000000 0.000000
2451545.210072  1.0101493284e+00  1.000000 0.000000 0.000000  1.000000 0.000000 0.000000
2451545.210739  1.0133004721e+00  1.000000 0.000000 0.000000  1.000000 0.000000 0.000000
2451545.211406  1.0133458902e+00  1.000000 0.000000 0.000000  1.000000 0.000000 0.000000
2451545.212073  1.0091441324e+00  1.000000 0.000000 0.000000  1.000000 0.000000 0.000000
2451545.212740  1.0035221269e+00  1.000000 0.000000 0.000000  1.000000 0.000000 0.000000
2451545.213407  1.0038199649e+00  1.000000 0.000000 0.000000  1.000000 0.000000 0.000000
2451545.214074  1.0008024553e+00  1.000000 0.000000 0.000000  1.000000 0.000000 0.000000
2451545.214740  9.9522714898e-01  1.000000 0.000000 0.000000  1.000000 0.000000 0.000000
2451545.215407  9.9293038992e-01  1.000000 0.000000 0.000000  1.000000 0.000000 0.000000
2451545.216074  9.9916949946e-01  1.000000 0.000000 0.000000  1.000000 0.000000 0.000000
2451545.216741  9.9848450115e-01  1.000000 0.000000 0.000000  1.000000 0.000000 0.000000
2451545.217408  9.9499114948e-01  1.000000 0.000000 0.000000  1.000000 0.000000 0.000000
2451545.218075  9.8684686653e-01  1.000000 0.000000 0.000000  1.000000 0.000000 0.000000
2451545.218742  9.8564520806e-01  1.000000 0.000000 0.000000  1.000000 0.000000 0.000000
2451545.219409  9.8235210369e-01  1.000000 0.000000 0.000000  1.000000 0.000000 0.000000
2451545.220076  9.8831852986e-01  1.000000 0.000000 0.000000  1.000000 0.000000 0.000000
2451545.220743  9.8361373736e-01  1.000000 0.000000 0.000000  1.000000 0.000000 0.000000
2451545.221409  9.8219820616e-01  1.000000 0.000000 0.000000  1.000000 0.000000 0.000000
2451545.222076  9.8142481720e-01  1.000000 0.000000 0.000000  1.000000 0.000000 0.000000
2451545.222743  9.7920462842e-01  1.000000 0.000000 0.000000  1.000000 0.000000 0.000000
2451545.223410  9.7935142209e-01  1.000000 0.000000 0.000000  1.000000 0.000000 0.000000
2451545.224077  9.6915779234e-01  1.000000 0.000000 0.000000  1.000000 0.000000 0.000000
2451545.224744  9.6769270881e-01  1.000000 0.000000 0.000000  1.000000 0.000000 0.000000
2451545.225411  9.6614756130e-01  1.000000 0.000000 0.000000  1.000000 0.000000 0.000000
2451545.226078  9.6894997536e-01  1.000000 0.000000 0.000000  1.000000 0.000000 0.000000
2451545.226745  9.6787775851e-01  1.000000 0.000000 0.000000  1.000000 0.000000 0.000000
2451545.227411  9.6397162606e-01  1.000000 0.000000 0.000000  1.000000 0.000000 0.000000
2451545.228078  9.5644345729e-01  1.000000 0.000000 0.000000  1.000000 0.000000 0.000000
2451545.228745  9.6301074182e-01  1.000000 0.000000 0.000000  1.000000 0.000000 0.000000
2451545.229412  9.6436961684e-01  1.000000 0.000000 0.000000  1.000000 0.000000 0.000000
2451545.230079  9.5273745569e-01  1.000000 0.000000 0.000000  1.000000 0.000000 0.000000
2451545.230746  9.5121507546e-01  1.000000 0.000000 0.000000  1.000000 0.000000 0.000000
2451545.231413  9.4811424110e-01  1.000000 0.000000 0.000000  1.000000 0.000000 0.000000
2451545.232080  9.5488223875e-01  1.000000 0.000000 0.000000  1.000000 0.000000 0.000000
2451545.232747  9.5028976874e-01  1.000000 0.000000 0.000000  1.000000 0.000000 0.000000
2451545.233414  9.5093406544e-01  1.000000 0.000000 0.000000  1.000000 0.000000 0.000000
2451545.234080  9.4343850454e-01  1.000000 0.000000 0.000000  1.000000 0.000000 0.000000
2451545.234747  9.4043444571e-01  1.000000 0.000000 0.000000  1.000000 0.000000 0.000000
2451545.235414  9.4058182166e-01  1.000000 0.000000 0.000000  1.000000 0.000000 0.000000
2451545.236081  9.3977675648e-01  1.000000 0.000000 0.000000  1.000000 0.000000 0.000000
2451545.236748  9.3974257644e-01  1.000000 0.000000 0.000000  1.000000 0.000000 0.000000
2451545.237415  9.3657873901e-01  1.000000 0.000000 0.000000  1.000000 0.000000 0.000000
2451545.238082  9.3714780468e-01  1.000000 0.000000 0.000000  1.000000 0.000000 0.000000
2451545.238749  9.3843162336e-01  1.000000 0.000000 0.000000  1.000000 0.000000 0.000000
2451545.239416  9.2965026402e-01  1.000000 0.000000 0.000000  1.000000 0.000000 0.000000
360  1
2451545.000000  9.3131430900e-01  1.000000 0.000000 0.000000  0.000000 0.000000 1.000000
2451545.000667  9.3052374499e-01  1.000000 0.000000 0.000000  0.000000 0.000000 1.000000
2451545.001334  9.2928784796e-01  1.000000 0.000000 0.000000  0.000000 0.000000 1.000000
2451545.002001  9.2524823957e-01  1.000000 0.000000 0.000000  0.000000 0.000000 1.000000
2451545.002668  9.1995892206e-01  1.000000 0.000000 0.000000  0.000000 0.000000 1.000000
2451545.003334  9.1659382768e-01  1.000000 0.000000 0.000000  0.000000 0.000000 1.000000
2451545.004001  9.1350255437e-01  1.000000 0.000000 0.000000  0.000000 0.000000 1.000000
2451545.004668  9.1093428927e-01  1.000000 0.000000 0.000000  0.000000 0.000000 1.000000
2451545.005335  9.0507725226e-01  1.000000 0.000000 0.000000  0.000000 0.000000 1.000000
2451545.006002  9.0410228976e-01  1.000000 0.000000 0.000000  0.000000 0.000000 1.000000
2451545.006669  9.0143534655e-01  1.000000 0.000000 0.000000  0.000000 0.000000 1.000000
2451545.007336  9.0096367089e-01  1.000000 0.000000 0.000000  0.000000 0.000000 1.000000
2451545.008003  8.9669537990e-01  1.000000 0.000000 0.000000  0.000000 0.000000 1.000000
2451545.008670  8.9330458364e-01  1.000000 0.000000 0.000000  0.000000 0.000000 1.000000
2451545.009337  8.9217989527e-01  1.000000 0.000000 0.000000  0.000000 0.000000 1.000000
2451545.010003  8.8191082188e-01  1.000000 0.000000 0.000000  0.000000 0.000000 1.000000
2451545.010670  8.8281942941e-01  1.000000 0.000000 0.000000  0.000000 0.000000 1.000000
2451545.011337  8.7797352262e-01  1.000000 0.000000 0.000000  0.000000 0.000000 1.000000
2451545.012004  8.7696915604e-01  1.000000 0.000000 0.000000  0.000000 0.000000 1.000000
2451545.012671  8.7577740073e-01  1.000000 0.000000 0.000000  0.000000 0.000000 1.000000
2451545.013338  8.7126754060e-01  1.000000 0.000000 0.000000  0.000000 0.000000 1.000000
2451545.014005  8.6697902986e-01  1.000000 0.000000 0.000000  0.000000 0.000000 1.000000
2451545.014672  8.6505231487e-01  1.000000 0.000000 0.000000  0.000000 0.000000 1.000000
2451545.015339  8.6456405046e-01  1.000000 0.000000 0.000000  0.000000 0.000000 1.000000
2451545.016006  8.6048022915e-01  1.000000 0.000000 0.000000  0.000000 0.000000 1.000000
2451545.016672  8.5697060623e-01  1.000000 0.000000 0.000000  0.000000 0.000000 1.000000
2451545.017339  8.5324732312e-01  1.000000 0.000000 0.000000  0.000000 0.000000 1.000000
2451545.018006  8.5416739325e-01  1.000000 0.000000 0.000000  0.000000 0.000000 1.000000
2451545.018673  8.5203897906e-01  1.000000 0.000000 0.000000  0.000000 0.000000 1.000000
2451545.019340  8.5282911590e-01  1.000000 0.000000 0.000000  0.000000 0.000000 1.000000
2451545.020007  8.4896472168e-01  1.000000 0.000000 0.000000  0.000000 0.000000 1.000000
2451545.020674  8.4611202725e-01  1.000000 0.000000 0.000000  0.000000 0.000000 1.000000
2451545.021341  8.4943419025e-01  1.000000 0.000000 0.000000  0.000000 0.000000 1.000000
2451545.022008  8.4829084844e-01  1.000000 0.000000 0.000000  0.000000 0.000000 1.000000
2451545.022674  8.4706598684e-01  1.000000 0.000000 0.000000  0.000000 0.000000 1.000000
2451545.023341  8.4629514421e-01  1.000000 0.000000 0.000000  0.000000 0.000000 1.000000
2451545.024008  8.4935345362e-01  1.000000 0.000000 0.000000  0.000000 0.000000 1.000000
2451545.024675  8.5175177308e-01  1.000000 0.000000 0.000000  0.000000 0.000000 1.000000
2451545.025342  8.5057361627e-01  1.000000 0.000000 0.000000  0.000000 0.000000 1.000000
2451545.026009  8.5313006277e-01  1.000000 0.000000 0.000000  0.000000 0.000000 1.000000
2451545.026676  8.5218065975e-01  1.000000 0.000000 0.000000  0.000000 0.000000 1.000000
2451545.027343  8.5940466625e-01  1.000000 0.000000 0.000000  0.000000 0.000000 1.000000
2451545.028010  8.6353569071e-01  1.000000 0.000000 0.000000  0.000000 0.000000 1.000000
2451545.028677  8.6484207211e-01  1.000000 0.000000 0.000000  0.000000 0.000000 1.000000
2451545.029343  8.7518155867e-01  1.000000 0.000000 0.000000  0.000000 0.000000 1.000000
2451545.030010  8.7853490566e-01  1.000000 0.000000 0.000000  0.000000 0.000000 1.000000
2451545.030677  8.8337397759e-01  1.000000 0.000000 0.000000  0.000000 0.000000 1.000000
2451545.031344  8.9312452813e-01  1.000000 0.000000 0.000000  0.000000 0.000000 1.000000
2451545.032011  8.9994599059e-01  1.000000 0.000000 0.000000  0.000000 0.000000 1.000000
2451545.032678  9.0419840480e-01  1.000000 0.000000 0.000000  0.000000 0.000000 1.000000
2451545.033345  9.1512533224e-01  1.000000 0.000000 0.000000  0.000000 0.000000 1.000000
2451545.034012  9.2245164786e-01  1.000000 0.000000 0.000000  0.000000 0.000000 1.000000
2451545.034679  9.2920269715e-01  1.000000 0.000000 0.000000  0.000000 0.000000 1.000000
2451545.035345  9.3901739558e-01  1.000000 0.000000 0.000000  0.000000 0.000000 1.000000
2451545.036012  9.4550031950e-01  1.000000 0.000000 0.000000  0.000000 0.000000 1.000000
2451545.036679  9.5488527690e-01  1.000000 0.000000 0.000000  0.000000 0.000000 1.000000
2451545.037346  9.6090407198e-01  1.000000 0.000000 0.000000  0.000000 0.000000 1.000000
2451545.038013  9.7143970441e-01  1.000000 0.000000 0.000000  0.000000 0.000000 1.000000
2451545.038680  9.7723458703e-01  1.000000 0.000000 0.000000  0.000000 0.000000 1.000000
2451545.039347  9.9167142219e-01  1.000000 0.000000 0.000000  0.000000 0.000000 1.000000
2451545.040014  9.9873032440e-01  1.000000 0.000000 0.000000  0.000000 0.000000 1.000000
2451545.040681  1.0056345882e+00  1.000000 0.000000 0.000000  0.000000 0.000000 1.000000
2451545.041348  1.0141154234e+00  1.000000 0.000000 0.000000  0.000000 0.000000 1.000000
2451545.042014  1.0180695962e+00  1.000000 0.000000 0.000000  0.000000 0.000000 1.000000
2451545.042681  1.0285321812e+00  1.000000 0.000000 0.000000  0.000000 0.000000 1.000000
2451545.043348  1.0404921674e+00  1.000000 0.000000 0.000000  0.000000 0.000000 1.000000
2451545.044015  1.0448322955e+00  1.000000 0.000000 0.000000  0.000000 0.000000 1.000000
2451545.044682  1.0500839501e+00  1.000000 0.000000 0.000000  0.000000 0.000000 1.000000
2451545.045349  1.0627730578e+00  1.000000 0.000000 0.000000  0.000000 0.000000 1.000000
2451545.046016  1.0679292382e+00  1.000000 0.000000 0.000000  0.000000 0.000000 1.000000
2451545.046683  1.0743852499e+00  1.000000 0.000000 0.000000  0.000000 0.000000 1.000000
2451545.047350  1.0795874231e+00  1.000000 0.000000 0.000000  0.000000 0.000000 1.000000
2451545.048017  1.0826982754e+00  1.000000 0.000000 0.000000  0.000000 0.000000 1.000000
2451545.048683  1.0939058588e+00  1.000000 0.000000 0.000000  0.000000 0.000000 1.000000
2451545.049350  1.1006966356e+00  1.000000 0.000000 0.000000  0.000000 0.000000 1.000000
2451545.050017  1.1053845578e+00  1.000000 0.000000 0.000000  0.000000 0.000000 1.000000
2451545.050684  1.1097761608e+00  1.000000 0.000000 0.000000  0.000000 0.000000 1.000000
2451545.051351  1.1124436024e+00  1.000000 0.000000 0.000000  0.000000 0.000000 1.000000
2451545.052018  1.1199857141e+00  1.000000 0.000000 0.000000  0.000000 0.000000 1.000000
2451545.052685  1.1197988237e+00  1.000000 0.000000 0.000000  0.000000 0.000000 1.000000
2451545.053352  1.1226878283e+00  1.000000 0.000000 0.000000  0.000000 0.000000 1.000000
2451545.054019  1.1225218696e+00  1.000000 0.000000 0.000000  0.000000 0.000000 1.000000
2451545.054685  1.1303101070e+00  1.000000 0.000000 0.000000  0.000000 0.000000 1.000000
2451545.055352  1.1325965058e+00  1.000000 0.000000 0.000000  0.000000 0.000000 1.000000
2451545.056019  1.1338392377e+00  1.000000 0.000000 0.000000  0.000000 0.000000 1.000000
2451545.056686  1.1330726669e+00  1.000000 0.000000 0.000000  0.000000 0.000000 1.000000
2451545.057353  1.1344885482e+00  1.000000 0.000000 0.000000  0.000000 0.000000 1.000000
2451545.058020  1.1351241890e+00  1.000000 0.000000 0.000000  0.000000 0.000000 1.000000
2451545.058687  1.1377745435e+00  1.000000 0.000000 0.000000  0.000000 0.000000 1.000000
2451545.059354  1.1369917399e+00  1.000000 0.000000 0.000000  0.000000 0.000000 1.000000
2451545.060021  1.1342891985e+00  1.000000 0.000000 0.000000  0.000000 0.000000 1.000000
2451545.060688  1.1354707727e+00  1.000000 0.000000 0.000000  0.000000 0.000000 1.000000
2451545.061354  1.1366223733e+00  1.000000 0.000000 0.000000  0.000000 0.000000 1.000000
2451545.062021  1.1381491786e+00  1.000000 0.000000 0.000000  0.000000 0.000000 1.000000
2451545.062688  1.1345294149e+00  1.000000 0.000000 0.000000  0.000000 0.000000 1.000000
2451545.063355  1.1306959911e+00  1.000000 0.000000 0.000000  0.000000 0.000000 1.000000
2451545.064022  1.1331800309e+00  1.000000 0.000000 0.000000  0.000000 0.000000 1.000000
2451545.064689  1.1282382939e+00  1.000000 0.000000 0.000000  0.000000 0.000000 1.000000
2451545.065356  1.1272340697e+00  1.000000 0.000000 0.000000  0.000000 0.000000 1.000000
2451545.066023  1.1210142874e+00  1.000000 0.000000 0.000000  0.000000 0.000000 1.000000
2451545.066690  1.1248800343e+00  1.000000 0.000000 0.000000  0.000000 0.000000 1.000000
2451545.067356  1.1237462328e+00  1.000000 0.000000 0.000000  0.000000 0.000000 1.000000
2451545.068023  1.1186012303e+00  1.000000 0.000000 0.000000  0.000000 0.000000 1.000000
2451545.068690  1.1131846849e+00  1.000000 0.000000 0.000000  0.000000 0.000000 1.000000
2451545.069357  1.1051444126e+00  1.000000 0.000000 0.000000  0.000000 0.000000 1.000000
2451545.070024  1.1049484091e+00  1.000000 0.000000 0.000000  0.000000 0.000000 1.000000
2451545.070691  1.1034295778e+00  1.000000 0.000000 0.000000  0.000000 0.000000 1.000000
2451545.071358  1.0972017504e+00  1.000000 0.000000 0.000000  0.000000 0.000000 1.000000
2451545.072025  1.0920622299e+00  1.000000 0.000000 0.000000  0.000000 0.000000 1.000000
2451545.072692  1.0870502221e+00  1.000000 0.000000 0.000000  0.000000 0.000000 1.000000
2451545.073359  1.0832395811e+00  1.000000 0.000000 0.000000  0.000000 0.000000 1.000000
2451545.074025  1.0784736278e+00  1.000000 0.000000 0.000000  0.000000 0.000000 1.000000
2451545.074692  1.0708387473e+00  1.000000 0.000000 0.000000  0.000000 0.000000 1.000000
2451545.075359  1.0640452650e+00  1.000000 0.000000 0.000000  0.000000 0.000000 1.000000
2451545.076026  1.0566810017e+00  1.000000 0.000000 0.000000  0.000000 0.000000 1.000000
2451545.076693  1.0539090440e+00  1.000000 0.000000 0.000000  0.000000 0.000000 1.000000
2451545.077360  1.0501591334e+00  1.000000 0.000000 0.000000  0.000000 0.000000 1.000000
2451545.078027  1.0399585509e+00  1.000000 0.000000 0.000000  0.000000 0.000000 1.000000
2451545.078694  1.0352429334e+00  1.000000 0.000000 0.000000  0.000000 0.000000 1.000000
2451545.079361  1.0315563876e+00  1.000000 0.000000 0.000000  0.000000 0.000000 1.000000
2451545.080028  1.0201631954e+00  1.000000 0.000000 0.000000  0.000000 0.000000 1.000000
2451545.080694  1.0163153899e+00  1.000000 0.000000 0.000000  0.000000 0.000000 1.000000
2451545.081361  1.0094272165e+00  1.000000 0.000000 0.000000  0.000000 0.000000 1.000000
2451545.082028  1.0052011450e+00  1.000000 0.000000 0.000000  0.000000 0.000000 1.000000
2451545.082695  1.0039505815e+00  1.000000 0.000000 0.000000  0.000000 0.000000 1.000000
2451545.083362  1.0012928938e+00  1.000000 0.000000 0.000000  0.000000 0.000000 1.000000
2451545.084029  9.9500305430e-01  1.000000 0.000000 0.000000  0.000000 0.000000 1.000000
2451545.084696  9.9014383381e-01  1.000000 0.000000 0.000000  0.000000 0.000000 1.000000
2451545.085363  9.8900284147e-01  1.000000 0.000000 0.000000  0.000000 0.000000 1.000000
2451545.086030  9.9125841230e-01  1.000000 0.000000 0.000000  0.000000 0.000000 1.000000
2451545.086696  9.8998150618e-01  1.000000 0.000000 0.000000  0.000000 0.000000 1.000000
2451545.087363  9.8805471999e-01  1.000000 0.000000 0.000000  0.000000 0.000000 1.000000
2451545.088030  9.8837275398e-01  1.000000 0.000000 0.000000  0.000000 0.000000 1.000000
2451545.088697  9.8684993575e-01  1.000000 0.000000 0.000000  0.000000 0.000000 1.000000
2451545.089364  9.8805180094e-01  1.000000 0.000000 0.000000  0.000000 0.000000 1.000000
2451545.090031  9.8931824120e-01  1.000000 0.000000 0.000000  0.000000 0.000000 1.000000
2451545.090698  9.9065352831e-01  1.000000 0.000000 0.000000  0.000000 0.000000 1.000000
2451545.091365  9.8999973244e-01  1.000000 0.000000 0.000000  0.000000 0.000000 1.000000
2451545.092032  9.8636423441e-01  1.000000 0.000000 0.000000  0.000000 0.000000 1.000000
2451545.092699  9.8706316875e-01  1.000000 0.000000 0.000000  0.000000 0.000000 1.000000
2451545.093365  9.8875329835e-01  1.000000 0.000000 0.000000  0.000000 0.000000 1.000000
2451545.094032  9.9069816841e-01  1.000000 0.000000 0.000000  0.000000 0.000000 1.000000
2451545.094699  9.9047454074e-01  1.000000 0.000000 0.000000  0.000000 0.000000 1.000000
2451545.095366  9.9199066652e-01  1.000000 0.000000 0.000000  0.000000 0.000000 1.000000
2451545.096033  9.8769354102e-01  1.000000 0.000000 0.000000  0.000000 0.000000 1.000000
2451545.096700  9.8790506531e-01  1.000000 0.000000 0.000000  0.000000 0.000000 1.000000
2451545.097367  9.8849656439e-01  1.000000 0.000000 0.000000  0.000000 0.000000 1.000000
2451545.098034  9.8497868269e-01  1.000000 0.000000 0.000000  0.000000 0.000000 1.000000
2451545.098701  9.8629225492e-01  1.000000 0.000000 0.000000  0.000000 0.000000 1.000000
2451545.099367  9.8451818485e-01  1.000000 0.000000 0.000000  0.000000 0.000000 1.000000
2451545.100034  9.8404807551e-01  1.000000 0.000000 0.000000  0.000000 0.000000 1.000000
2451545.100701  9.7943896770e-01  1.000000 0.000000 0.000000  0.000000 0.000000 1.000000
2451545.101368  9.7764674257e-01  1.000000 0.000000 0.000000  0.000000 0.000000 1.000000
2451545.102035  9.7834083556e-01  1.000000 0.000000 0.000000  0.000000 0.000000 1.000000
2451545.102702  9.7510880711e-01  1.000000 0.000000 0.000000  0.000000 0.000000 1.000000
2451545.103369  9.7405559985e-01  1.000000 0.000000 0.000000  0.000000 0.000000 1.000000
2451545.104036  9.7230381423e-01  1.000000 0.000000 0.000000  0.000000 0.000000 1.000000
2451545.104703  9.7123551335e-01  1.000000 0.000000 0.000000  0.000000 0.000000 1.000000
2451545.105370  9.6804862337e-01  1.000000 0.000000 0.000000  0.000000 0.000000 1.000000
2451545.106036  9.6460620977e-01  1.000000 0.000000 0.000000  0.000000 0.000000 1.000000
2451545.106703  9.6430611725e-01  1.000000 0.000000 0.000000  0.000000 0.000000 1.000000
2451545.107370  9.5679034822e-01  1.000000 0.000000 0.000000  0.000000 0.000000 1.000000
2451545.108037  9.5613555560e-01  1.000000 0.000000 0.000000  0.000000 0.000000 1.000000
2451545.108704  9.5412062836e-01  1.000000 0.000000 0.000000  0.000000 0.000000 1.000000
2451545.109371  9.5256356469e-01  1.000000 0.000000 0.000000  0.000000 0.000000 1.000000
2451545.110038  9.4939312106e-01  1.000000 0.000000 0.000000  0.000000 0.000000 1.000000
2451545.110705  9.4988088710e-01  1.000000 0.000000 0.000000  0.000000 0.000000 1.000000
2451545.111372  9.4377480533e-01  1.000000 0.000000 0.000000  0.000000 0.000000 1.000000
2451545.112039  9.4326447006e-01  1.000000 0.000000 0.000000  0.000000 0.000000 1.000000
2451545.112705  9.3955286315e-01  1.000000 0.000000 0.000000  0.000000 0.000000 1.000000
2451545.113372  9.3383878836e-01  1.000000 0.000000 0.000000  0.000000 0.000000 1.000000
2451545.114039  9.3458378672e-01  1.000000 0.000000 0.000000  0.000000 0.000000 1.000000
2451545.114706  9.3141035285e-01  1.000000 0.000000 0.000000  0.000000 0.000000 1.000000
2451545.115373  9.2916709899e-01  1.000000 0.000000 0.000000  0.000000 0.000000 1.000000
2451545.116040  9.2656060146e-01  1.000000 0.000000 0.000000  0.000000 0.000000 1.000000
2451545.116707  9.2432674551e-01  1.000000 0.000000 0.000000  0.000000 0.000000 1.000000
2451545.117374  9.2113957075e-01  1.000000 0.000000 0.000000  0.000000 0.000000 1.000000
2451545.118041  9.1913226151e-01  1.000000 0.000000 0.000000  0.000000 0.000000 1.000000
2451545.118707  9.1494976210e-01  1.000000 0.000000 0.000000  0.000000 0.000000 1.000000
2451545.119374  9.0910169582e-01  1.000000 0.000000 0.000000  0.000000 0.000000 1.000000
2451545.120041  9.0808465629e-01  1.000000 0.000000 0.000000  0.000000 0.000000 1.000000
2451545.120708  9.0733403342e-01  1.000000 0.000000 0.000000  0.000000 0.000000 1.000000
2451545.121375  9.0483546953e-01  1.000000 0.000000 0.000000  0.000000 0.000000 1.000000
2451545.122042  9.0232366312e-01  1.000000 0.000000 0.000000  0.000000 0.000000 1.000000
2451545.122709  8.9529950472e-01  1.000000 0.000000 0.000000  0.000000 0.000000 1.000000
2451545.123376  8.9830769192e-01  1.000000 0.000000 0.000000  0.000000 0.000000 1.000000
2451545.124043  9.0022856881e-01  1.000000 0.000000 0.000000  0.000000 0.000000 1.000000
2451545.124710  9.0473721860e-01  1.000000 0.000000 0.000000  0.000000 0.000000 1.000000
2451545.125376  9.0478086195e-01  1.000000 0.000000 0.000000  0.000000 0.000000 1.000000
2451545.126043  9.0281484658e-01  1.000000 0.000000 0.000000  0.000000 0.000000 1.000000
2451545.126710  9.0198825723e-01  1.000000 0.000000 0.000000  0.000000 0.000000 1.000000
2451545.127377  9.0236196675e-01  1.000000 0.000000 0.000000  0.000000 0.000000 1.000000
2451545.128044  9.0103792866e-01  1.000000 0.000000 0.000000  0.000000 0.000000 1.000000
2451545.128711  9.0063880205e-01  1.000000 0.000000 0.000000  0.000000 0.000000 1.000000
2451545.129378  9.0343930956e-01  1.000000 0.000000 0.000000  0.000000 0.000000 1.000000
2451545.130045  9.0219956792e-01  1.000000 0.000000 0.000000  0.000000 0.000000 1.000000
2451545.130712  9.0422503222e-01  1.000000 0.000000 0.000000  0.000000 0.000000 1.000000
2451545.131378  9.0258808628e-01  1.000000 0.000000 0.000000  0.000000 0.000000 1.000000
2451545.132045  9.0601690138e-01  1.000000 0.000000 0.000000  0.000000 0.000000 1.000000
2451545.132712  9.0462017184e-01  1.000000 0.000000 0.000000  0.000000 0.000000 1.000000
2451545.133379  9.0527859547e-01  1.000000 0.000000 0.000000  0.000000 0.000000 1.000000
2451545.134046  9.0474569096e-01  1.000000 0.000000 0.000000  0.000000 0.000000 1.000000
2451545.134713  9.0124219092e-01  1.000000 0.000000 0.000000  0.000000 0.000000 1.000000
2451545.135380  9.0460885162e-01  1.000000 0.000000 0.000000  0.000000 0.000000 1.000000
2451545.136047  9.0345945812e-01  1.000000 0.000000 0.000000  0.000000 0.000000 1.000000
2451545.136714  9.0713966745e-01  1.000000 0.000000 0.000000  0.000000 0.000000 1.000000
2451545.137381  9.0695818801e-01  1.000000 0.000000 0.000000  0.000000 0.000000 1.000000
2451545.138047  9.0858502408e-01  1.000000 0.000000 0.000000  0.000000 0.000000 1.000000
2451545.138714  9.0635985408e-01  1.000000 0.000000 0.000000  0.000000 0.000000 1.000000
2451545.139381  9.0833505378e-01  1.000000 0.000000 0.000000  0.000000 0.000000 1.000000
2451545.140048  9.0696616200e-01  1.000000 0.000000 0.000000  0.000000 0.000000 1.000000
2451545.140715  9.1116503657e-01  1.000000 0.000000 0.000000  0.000000 0.000000 1.000000
2451545.141382  9.1607195860e-01  1.000000 0.000000 0.000000  0.000000 0.000000 1.000000
2451545.142049  9.1814377171e-01  1.000000 0.000000 0.000000  0.000000 0.000000 1.000000
2451545.142716  9.2523442748e-01  1.000000 0.000000 0.000000  0.000000 0.000000 1.000000
2451545.143383  9.2626940849e-01  1.000000 0.000000 0.000000  0.000000 0.000000 1.000000
2451545.144050  9.2842181584e-01  1.000000 0.000000 0.000000  0.000000 0.000000 1.000000
2451545.144716  9.3626473200e-01  1.000000 0.000000 0.000000  0.000000 0.000000 1.000000
2451545.145383  9.3814495579e-01  1.000000 0.000000 0.000000  0.000000 0.000000 1.000000
2451545.146050  9.4424356194e-01  1.000000 0.000000 0.000000  0.000000 0.000000 1.000000
2451545.146717  9.4603600067e-01  1.000000 0.000000 0.000000  0.000000 0.000000 1.000000
2451545.147384  9.4989398722e-01  1.000000 0.000000 0.000000  0.000000 0.000000 1.000000
2451545.148051  9.5604285798e-01  1.000000 0.000000 0.000000  0.000000 0.000000 1.000000
2451545.148718  9.6014782459e-01  1.000000 0.000000 0.000000  0.000000 0.000000 1.000000
2451545.149385  9.6391553421e-01  1.000000 0.000000 0.000000  0.000000 0.000000 1.000000
2451545.150052  9.6604693864e-01  1.000000 0.000000 0.000000  0.000000 0.000000 1.000000
2451545.150718  9.7007223656e-01  1.000000 0.000000 0.000000  0.000000 0.000000 1.000000
2451545.151385  9.7588819330e-01  1.000000 0.000000 0.000000  0.000000 0.000000 1.000000
2451545.152052  9.8599031130e-01  1.000000 0.000000 0.000000  0.000000 0.000000 1.000000
2451545.152719  9.8912900136e-01  1.000000 0.000000 0.000000  0.000000 0.000000 1.000000
2451545.153386  9.9505346130e-01  1.000000 0.000000 0.000000  0.000000 0.000000 1.000000
2451545.154053  9.9613827973e-01  1.000000 0.000000 0.000000  0.000000 0.000000 1.000000
2451545.154720  1.0029366034e+00  1.000000 0.000000 0.000000  0.000000 0.000000 1.000000
2451545.155387  1.0041278603e+00  1.000000 0.000000 0.000000  0.000000 0.000000 1.000000
2451545.156054  1.0106327839e+00  1.000000 0.000000 0.000000  0.000000 0.000000 1.000000
2451545.156721  1.0146441274e+00  1.000000 0.000000 0.000000  0.000000 0.000000 1.000000
2451545.157387  1.0163597452e+00  1.000000 0.000000 0.000000  0.000000 0.000000 1.000000
2451545.158054  1.0241929075e+00  1.000000 0.000000 0.000000  0.000000 0.000000 1.000000
2451545.158721  1.0271120281e+00  1.000000 0.000000 0.000000  0.000000 0.000000 1.000000
2451545.159388  1.0312344378e+00  1.000000 0.000000 0.000000  0.000000 0.000000 1.000000
2451545.160055  1.0339398270e+00  1.000000 0.000000 0.000000  0.000000 0.000000 1.000000
2451545.160722  1.0361990289e+00  1.000000 0.000000 0.000000  0.000000 0.000000 1.000000
2451545.161389  1.0371637391e+00  1.000000 0.000000 0.000000  0.000000 0.000000 1.000000
2451545.162056  1.0412470620e+00  1.000000 0.000000 0.000000  0.000000 0.000000 1.000000
2451545.162723  1.0446965241e+00  1.000000 0.000000 0.000000  0.000000 0.000000 1.000000
2451545.163389  1.0465919127e+00  1.000000 0.000000 0.000000  0.000000 0.000000 1.000000
2451545.164056  1.0514475022e+00  1.000000 0.000000 0.000000  0.000000 0.000000 1.000000
2451545.164723  1.0520956735e+00  1.000000 0.000000 0.000000  0.000000 0.000000 1.000000
2451545.165390  1.0574311974e+00  1.000000 0.000000 0.000000  0.000000 0.000000 1.000000
2451545.166057  1.0566445492e+00  1.000000 0.000000 0.000000  0.000000 0.000000 1.000000
2451545.166724  1.0589363590e+00  1.000000 0.000000 0.000000  0.000000 0.000000 1.000000
2451545.167391  1.0586539944e+00  1.000000 0.000000 0.000000  0.000000 0.000000 1.000000
2451545.168058  1.0651537206e+00  1.000000 0.000000 0.000000  0.000000 0.000000 1.000000
2451545.168725  1.0698093908e+00  1.000000 0.000000 0.000000  0.000000 0.000000 1.000000
2451545.169392  1.0743070764e+00  1.000000 0.000000 0.000000  0.000000 0.000000 1.000000
2451545.170058  1.0751382935e+00  1.000000 0.000000 0.000000  0.000000 0.000000 1.000000
2451545.170725  1.0770312614e+00  1.000000 0.000000 0.000000  0.000000 0.000000 1.000000
2451545.171392  1.0774530997e+00  1.000000 0.000000 0.000000  0.000000 0.000000 1.000000
2451545.172059  1.0832612248e+00  1.000000 0.000000 0.000000  0.000000 0.000000 1.000000
2451545.172726  1.0866641244e+00  1.000000 0.000000 0.000000  0.000000 0.000000 1.000000
2451545.173393  1.0909918643e+00  1.000000 0.000000 0.000000  0.000000 0.000000 1.000000
2451545.174060  1.0919345037e+00  1.000000 0.000000 0.000000  0.000000 0.000000 1.000000
2451545.174727  1.0928345677e+00  1.000000 0.000000 0.000000  0.000000 0.000000 1.000000
2451545.175394  1.0939806149e+00  1.000000 0.000000 0.000000  0.000000 0.000000 1.000000
2451545.176061  1.0984713945e+00  1.000000 0.000000 0.000000  0.000000 0.000000 1.000000
2451545.176727  1.0977483958e+00  1.000000 0.000000 0.000000  0.000000 0.000000 1.000000
2451545.177394  1.0968594384e+00  1.000000 0.000000 0.000000  0.000000 0.000000 1.000000
2451545.178061  1.0997272977e+00  1.000000 0.000000 0.000000  0.000000 0.000000 1.000000
2451545.178728  1.1018473819e+00  1.000000 0.000000 0.000000  0.000000 0.000000 1.000000
2451545.179395  1.1072862117e+00  1.000000 0.000000 0.000000  0.000000 0.000000 1.000000
2451545.180062  1.1072259796e+00  1.000000 0.000000 0.000000  0.000000 0.000000 1.000000
2451545.180729  1.1100519754e+00  1.000000 0.000000 0.000000  0.000000 0.000000 1.000000
2451545.181396  1.1069125021e+00  1.000000 0.000000 0.000000  0.000000 0.000000 1.000000
2451545.182063  1.1108080092e+00  1.000000 0.000000 0.000000  0.000000 0.000000 1.000000
2451545.182729  1.1096466547e+00  1.000000 0.000000 0.000000  0.000000 0.000000 1.000000
2451545.183396  1.1143383502e+00  1.000000 0.000000 0.000000  0.000000 0.000000 1.000000
2451545.184063  1.1182780702e+00  1.000000 0.000000 0.000000  0.000000 0.000000 1.000000
2451545.184730  1.1152937337e+00  1.000000 0.000000 0.000000  0.000000 0.000000 1.000000
2451545.185397  1.1212855454e+00  1.000000 0.000000 0.000000  0.000000 0.000000 1.000000
2451545.186064  1.1204000055e+00  1.000000 0.000000 0.000000  0.000000 0.000000 1.000000
2451545.186731  1.1229474101e+00  1.000000 0.000000 0.000000  0.000000 0.000000 1.000000
2451545.187398  1.1215133736e+00  1.000000 0.000000 0.000000  0.000000 0.000000 1.000000
2451545.188065  1.1220197931e+00  1.000000 0.000000 0.000000  0.000000 0.000000 1.000000
2451545.188732  1.1204207948e+00  1.000000 0.000000 0.000000  0.000000 0.000000 1.000000
2451545.189398  1.1223126236e+00  1.000000 0.000000 0.000000  0.000000 0.000000 1.000000
2451545.190065  1.1230715765e+00  1.000000 0.000000 0.000000  0.000000 0.000000 1.000000
2451545.190732  1.1210025400e+00  1.000000 0.000000 0.000000  0.000000 0.000000 1.000000
2451545.191399  1.1220402977e+00  1.000000 0.000000 0.000000  0.000000 0.000000 1.000000
2451545.192066  1.1227412255e+00  1.000000 0.000000 0.000000  0.000000 0.000000 1.000000
2451545.192733  1.1177132697e+00  1.000000 0.000000 0.000000  0.000000 0.000000 1.000000
2451545.193400  1.1183964697e+00  1.000000 0.000000 0.000000  0.000000 0.000000 1.000000
2451545.194067  1.1199057606e+00  1.000000 0.000000 0.000000  0.000000 0.000000 1.000000
2451545.194734  1.1185375096e+00  1.000000 0.000000 0.000000  0.000000 0.000000 1.000000
2451545.195400  1.1170814023e+00  1.000000 0.000000 0.000000  0.000000 0.000000 1.000000
2451545.196067  1.1170132674e+00  1.000000 0.000000 0.000000  0.000000 0.000000 1.000000
2451545.196734  1.1105927115e+00  1.000000 0.000000 0.000000  0.000000 0.000000 1.000000
2451545.197401  1.1099945911e+00  1.000000 0.000000 0.000000  0.000000 0.000000 1.000000
2451545.198068  1.1082687922e+00  1.000000 0.000000 0.000000  0.000000 0.000000 1.000000
2451545.198735  1.1021195654e+00  1.000000 0.000000 0.000000  0.000000 0.000000 1.000000
2451545.199402  1.1016204792e+00  1.000000 0.000000 0.000000  0.000000 0.000000 1.000000
2451545.200069  1.0998857807e+00  1.000000 0.000000 0.000000  0.000000 0.000000 1.000000
2451545.200736  1.0970528788e+00  1.000000 0.000000 0.000000  0.000000 0.000000 1.000000
2451545.201403  1.0930053677e+00  1.000000 0.000000 0.000000  0.000000 0.000000 1.000000
2451545.202069  1.0903521653e+00  1.000000 0.000000 0.000000  0.000000 0.000000 1.000000
2451545.202736  1.0854950095e+00  1.000000 0.000000 0.000000  0.000000 0.000000 1.000000
2451545.203403  1.0830774671e+00  1.000000 0.000000 0.000000  0.000000 0.000000 1.000000
2451545.204070  1.0800408013e+00  1.000000 0.000000 0.000000  0.000000 0.000000 1.000000
2451545.204737  1.0724996152e+00  1.000000 0.000000 0.000000  0.000000 0.000000 1.000000
2451545.205404  1.0705423570e+00  1.000000 0.000000 0.000000  0.000000 0.000000 1.000000
2451545.206071  1.0706532097e+00  1.000000 0.000000 0.000000  0.000000 0.000000 1.000000
2451545.206738  1.0690962884e+00  1.000000 0.000000 0.000000  0.000000 0.000000 1.000000
2451545.207405  1.0677105231e+00  1.000000 0.000000 0.000000  0.000000 0.000000 1.000000
2451545.208072  1.0674345661e+00  1.000000 0.000000 0.000000  0.000000 0.000000 1.000000
2451545.208738  1.0593048712e+00  1.000000 0.000000 0.000000  0.000000 0.000000 1.000000
2451545.209405  1.0582848414e+00  1.000000 0.000000 0.000000  0.000000 0.000000 1.000000
2451545.210072  1.0568236080e+00  1.000000 0.000000 0.000000  0.000000 0.000000 1.000000
2451545.210739  1.0578728283e+00  1.000000 0.000000 0.000000  0.000000 0.000000 1.000000
2451545.211406  1.0537261406e+00  1.000000 0.000000 0.000000  0.000000 0.000000 1.000000
2451545.212073  1.0503354155e+00  1.000000 0.000000 0.000000  0.000000 0.000000 1.000000
2451545.212740  1.0494360635e+00  1.000000 0.000000 0.000000  0.000000 0.000000 1.000000
2451545.213407  1.0450065129e+00  1.000000 0.000000 0.000000  0.000000 0.000000 1.000000
2451545.214074  1.0434189772e+00  1.000000 0.000000 0.000000  0.000000 0.000000 1.000000
2451545.214740  1.0397376999e+00  1.000000 0.000000 0.000000  0.000000 0.000000 1.000000
2451545.215407  1.0356100217e+00  1.000000 0.000000 0.000000  0.000000 0.000000 1.000000
2451545.216074  1.0329526900e+00  1.000000 0.000000 0.000000  0.000000 0.000000 1.000000
2451545.216741  1.0284944472e+00  1.000000 0.000000 0.000000  0.000000 0.000000 1.000000
2451545.217408  1.0267640917e+00  1.000000 0.000000 0.000000  0.000000 0.000000 1.000000
2451545.218075  1.0209675715e+00  1.000000 0.000000 0.000000  0.000000 0.000000 1.000000
2451545.218742  1.0175665942e+00  1.000000 0.000000 0.000000  0.000000 0.000000 1.000000
2451545.219409  1.0147558344e+00  1.000000 0.000000 0.000000  0.000000 0.000000 1.000000
2451545.220076  1.0069125623e+00  1.000000 0.000000 0.000000  0.000000 0.000000 1.000000
2451545.220743  1.0046874635e+00  1.000000 0.000000 0.000000  0.000000 0.000000 1.000000
2451545.221409  1.0010571628e+00  1.000000 0.000000 0.000000  0.000000 0.000000 1.000000
2451545.222076  9.9816296087e-01  1.000000 0.000000 0.000000  0.000000 0.000000 1.000000
2451545.222743  9.9356773636e-01  1.000000 0.000000 0.000000  0.000000 0.000000 1.000000
2451545.223410  9.9246654277e-01  1.000000 0.000000 0.000000  0.000000 0.000000 1.000000
2451545.224077  9.8401753228e-01  1.000000 0.000000 0.000000  0.000000 0.000000 1.000000
2451545.224744  9.7969349457e-01  1.000000 0.000000 0.000000  0.000000 0.000000 1.000000
2451545.225411  9.7326403909e-01  1.000000 0.000000 0.000000  0.000000 0.000000 1.000000
2451545.226078  9.7185193114e-01  1.000000 0.000000 0.000000  0.000000 0.000000 1.000000
2451545.226745  9.7442297289e-01  1.000000 0.000000 0.000000  0.000000 0.000000 1.000000
2451545.227411  9.7391221045e-01  1.000000 0.000000 0.000000  0.000000 0.000000 1.000000
2451545.228078  9.7361218913e-01  1.000000 0.000000 0.000000  0.000000 0.000000 1.000000
2451545.228745  9.7368694527e-01  1.000000 0.000000 0.000000  0.000000 0.000000 1.000000
2451545.229412  9.7180451439e-01  1.000000 0.000000 0.000000  0.000000 0.000000 1.000000
2451545.230079  9.7135498078e-01  1.000000 0.000000 0.000000  0.000000 0.000000 1.000000
2451545.230746  9.6922770573e-01  1.000000 0.000000 0.000000  0.000000 0.000000 1.000000
2451545.231413  9.6598172280e-01  1.000000 0.000000 0.000000  0.000000 0.000000 1.000000
2451545.232080  9.6689004554e-01  1.000000 0.000000 0.000000  0.000000 0.000000 1.000000
2451545.232747  9.6521593511e-01  1.000000 0.000000 0.000000  0.000000 0.000000 1.000000
2451545.233414  9.6239819809e-01  1.000000 0.000000 0.000000  0.000000 0.000000 1.000000
2451545.234080  9.6169783982e-01  1.000000 0.000000 0.000000  0.000000 0.000000 1.000000
2451545.234747  9.5823905107e-01  1.000000 0.000000 0.000000  0.000000 0.000000 1.000000
2451545.235414  9.5737494126e-01  1.000000 0.000000 0.000000  0.000000 0.000000 1.000000
2451545.236081  9.4833129904e-01  1.000000 0.000000 0.000000  0.000000 0.000000 1.000000
2451545.236748  9.4778636236e-01  1.000000 0.000000 0.000000  0.000000 0.000000 1.000000
2451545.237415  9.4120746579e-01  1.000000 0.000000 0.000000  0.000000 0.000000 1.000000
2451545.238082  9.4173339305e-01  1.000000 0.000000 0.000000  0.000000 0.000000 1.000000
2451545.238749  9.4074767991e-01  1.000000 0.000000 0.000000  0.000000 0.000000 1.000000
2451545.239416  9.3240695903e-01  1.000000 0.000000 0.000000  0.000000 0.000000 1.000000
360  1
2451545.000000  9.2523192441e-01  1.000000 0.000000 0.000000  0.000000 0.000000 -1.000000
2451545.000667  9.2177229745e-01  1.000000 0.000000 0.000000  0.000000 0.000000 -1.000000
2451545.001334  9.2243281205e-01  1.000000 0.000000 0.000000  0.000000 0.000000 -1.000000
2451545.002001  9.1746165727e-01  1.000000 0.000000 0.000000  0.000000 0.000000 -1.000000
2451545.002668  9.1837204018e-01  1.000000 0.000000 0.000000  0.000000 0.000000 -1.000000
2451545.003334  9.1569302791e-01  1.000000 0.000000 0.000000  0.000000 0.000000 -1.000000
2451545.004001  9.1960977995e-01  1.000000 0.000000 0.000000  0.000000 0.000000 -1.000000
2451545.004668  9.1909135154e-01  1.000000 0.000000 0.000000  0.000000 0.000000 -1.000000
2451545.005335  9.1696972679e-01  1.000000 0.000000 0.000000  0.000000 0.000000 -1.000000
2451545.006002  9.1760016266e-01  1.000000 0.000000 0.000000  0.000000 0.000000 -1.000000
2451545.006669  9.1629789686e-01  1.000000 0.000000 0.000000  0.000000 0.000000 -1.000000
2451545.007336  9.1959559998e-01  1.000000 0.000000 0.000000  0.000000 0.000000 -1.000000
2451545.008003  9.2119843824e-01  1.000000 0.000000 0.000000  0.000000 0.000000 -1.000000
2451545.008670  9.2197876645e-01  1.000000 0.000000 0.000000  0.000000 0.000000 -1.000000
2451545.009337  9.2305952389e-01  1.000000 0.000000 0.000000  0.000000 0.000000 -1.000000
2451545.010003  9.2686813574e-01  1.000000 0.000000 0.000000  0.000000 0.000000 -1.000000
2451545.010670  9.2973657240e-01  1.000000 0.000000 0.000000  0.000000 0.000000 -1.000000
2451545.011337  9.3078008951e-01  1.000000 0.000000 0.000000  0.000000 0.000000 -1.000000
2451545.012004  9.3448901184e-01  1.000000 0.000000 0.000000  0.000000 0.000000 -1.000000
2451545.012671  9.3739733863e-01  1.000000 0.000000 0.000000  0.000000 0.000000 -1.000000
2451545.013338  9.3984646347e-01  1.000000 0.000000 0.000000  0.000000 0.000000 -1.000000
2451545.014005  9.3668468757e-01  1.000000 0.000000 0.000000  0.000000 0.000000 -1.000000
2451545.014672  9.3897217503e-01  1.000000 0.000000 0.000000  0.000000 0.000000 -1.000000
2451545.015339  9.3656909930e-01  1.000000 0.000000 0.000000  0.000000 0.000000 -1.000000
2451545.016006  9.4246417243e-01  1.000000 0.000000 0.000000  0.000000 0.000000 -1.000000
2451545.016672  9.4368400819e-01  1.000000 0.000000 0.000000  0.000000 0.000000 -1.000000
2451545.017339  9.4413304067e-01  1.000000 0.000000 0.000000  0.000000 0.000000 -1.000000
2451545.018006  9.4207128691e-01  1.000000 0.000000 0.000000  0.000000 0.000000 -1.000000
2451545.018673  9.4052337814e-01  1.000000 0.000000 0.000000  0.000000 0.000000 -1.000000
2451545.019340  9.4605098944e-01  1.000000 0.000000 0.000000  0.000000 0.000000 -1.000000
2451545.020007  9.4713733293e-01  1.000000 0.000000 0.000000  0.000000 0.000000 -1.000000
2451545.020674  9.4807342600e-01  1.000000 0.000000 0.000000  0.000000 0.000000 -1.000000
2451545.021341  9.4664203650e-01  1.000000 0.000000 0.000000  0.000000 0.000000 -1.000000
2451545.022008  9.5042916354e-01  1.000000 0.000000 0.000000  0.000000 0.000000 -1.000000
2451545.022674  9.5448033886e-01  1.000000 0.000000 0.000000  0.000000 0.000000 -1.000000
2451545.023341  9.5748706607e-01  1.000000 0.000000 0.000000  0.000000 0.000000 -1.000000
2451545.024008  9.5911475510e-01  1.000000 0.000000 0.000000  0.000000 0.000000 -1.000000
2451545.024675  9.5908288596e-01  1.000000 0.000000 0.000000  0.000000 0.000000 -1.000000
2451545.025342  9.6503482222e-01  1.000000 0.000000 0.000000  0.000000 0.000000 -1.000000
2451545.026009  9.6864448474e-01  1.000000 0.000000 0.000000  0.000000 0.000000 -1.000000
2451545.026676  9.6960528534e-01  1.000000 0.000000 0.000000  0.000000 0.000000 -1.000000
2451545.027343  9.7722924094e-01  1.000000 0.000000 0.000000  0.000000 0.000000 -1.000000
2451545.028010  9.8042417506e-01  1.000000 0.000000 0.000000  0.000000 0.000000 -1.000000
2451545.028677  9.8221214075e-01  1.000000 0.000000 0.000000  0.000000 0.000000 -1.000000
2451545.029343  9.8292400404e-01  1.000000 0.000000 0.000000  0.000000 0.000000 -1.000000
2451545.030010  9.8785333507e-01  1.000000 0.000000 0.000000  0.000000 0.000000 -1.000000
2451545.030677  9.8938283852e-01  1.000000 0.000000 0.000000  0.000000 0.000000 -1.000000
2451545.031344  9.9748604856e-01  1.000000 0.000000 0.000000  0.000000 0.000000 -1.000000
2451545.032011  1.0029950397e+00  1.000000 0.000000 0.000000  0.000000 0.000000 -1.000000
2451545.032678  1.0071436128e+00  1.000000 0.000000 0.000000  0.000000 0.000000 -1.000000
2451545.033345  1.0127385432e+00  1.000000 0.000000 0.000000  0.000000 0.000000 -1.000000
2451545.034012  1.0151817239e+00  1.000000 0.000000 0.000000  0.000000 0.000000 -1.000000
2451545.034679  1.0205100994e+00  1.000000 0.000000 0.000000  0.000000 0.000000 -1.000000
2451545.035345  1.0248928569e+00  1.000000 0.000000 0.000000  0.000000 0.000000 -1.000000
2451545.036012  1.0286544170e+00  1.000000 0.000000 0.000000  0.000000 0.000000 -1.000000
2451545.036679  1.0340188154e+00  1.000000 0.000000 0.000000  0.000000 0.000000 -1.000000
2451545.037346  1.0436965754e+00  1.000000 0.000000 0.000000  0.000000 0.000000 -1.000000
2451545.038013  1.0491365287e+00  1.000000 0.000000 0.000000  0.000000 0.000000 -1.000000
2451545.038680  1.0531636410e+00  1.000000 0.000000 0.000000  0.000000 0.000000 -1.000000
2451545.039347  1.0578512680e+00  1.000000 0.000000 0.000000  0.000000 0.000000 -1.000000
2451545.040014  1.0637078833e+00  1.000000 0.000000 0.000000  0.000000 0.000000 -1.000000
2451545.040681  1.0707042676e+00  1.000000 0.000000 0.000000  0.000000 0.000000 -1.000000
2451545.041348  1.0780689732e+00  1.000000 0.000000 0.000000  0.000000 0.000000 -1.000000
2451545.042014  1.0841718761e+00  1.000000 0.000000 0.000000  0.000000 0.000000 -1.000000
2451545.042681  1.0875823744e+00  1.000000 0.000000 0.000000  0.000000 0.000000 -1.000000
2451545.043348  1.1022249154e+00  1.000000 0.000000 0.000000  0.000000 0.000000 -1.000000
2451545.044015  1.1113475795e+00  1.000000 0.000000 0.000000  0.000000 0.000000 -1.000000
2451545.044682  1.1176625374e+00  1.000000 0.000000 0.000000  0.000000 0.000000 -1.000000
2451545.045349  1.1237389423e+00  1.000000 0.000000 0.000000  0.000000 0.000000 -1.000000
2451545.046016  1.1272310829e+00  1.000000 0.000000 0.000000  0.000000 0.000000 -1.000000
2451545.046683  1.1325517955e+00  1.000000 0.000000 0.000000  0.000000 0.000000 -1.000000
2451545.047350  1.1465740701e+00  1.000000 0.000000 0.000000  0.000000 0.000000 -1.000000
2451545.048017  1.1508616499e+00  1.000000 0.000000 0.000000  0.000000 0.000000 -1.000000
2451545.048683  1.1580112209e+00  1.000000 0.000000 0.000000  0.000000 0.000000 -1.000000
2451545.049350  1.1605738572e+00  1.000000 0.000000 0.000000  0.000000 0.000000 -1.000000
2451545.050017  1.1672561337e+00  1.000000 0.000000 0.000000  0.000000 0.000000 -1.000000
2451545.050684  1.1734809270e+00  1.000000 0.000000 0.000000  0.000000 0.000000 -1.000000
2451545.051351  1.1764390269e+00  1.000000 0.000000 0.000000  0.000000 0.000000 -1.000000
2451545.052018  1.1787570228e+00  1.000000 0.000000 0.000000  0.000000 0.000000 -1.000000
2451545.052685  1.1842122303e+00  1.000000 0.000000 0.000000  0.000000 0.000000 -1.000000
2451545.053352  1.1878464571e+00  1.000000 0.000000 0.000000  0.000000 0.000000 -1.000000
2451545.054019  1.1919624449e+00  1.000000 0.000000 0.000000  0.000000 0.000000 -1.000000
2451545.054685  1.1962203041e+00  1.000000 0.000000 0.000000  0.000000 0.000000 -1.000000
2451545.055352  1.1988130907e+00  1.000000 0.000000 0.000000  0.000000 0.000000 -1.000000
2451545.056019  1.2000015586e+00  1.000000 0.000000 0.000000  0.000000 0.000000 -1.000000
2451545.056686  1.1984795749e+00  1.000000 0.000000 0.000000  0.000000 0.000000 -1.000000
2451545.057353  1.2012737457e+00  1.000000 0.000000 0.000000  0.000000 0.000000 -1.000000
2451545.058020  1.1986004627e+00  1.000000 0.000000 0.000000  0.000000 0.000000 -1.000000
2451545.058687  1.2040221539e+00  1.000000 0.000000 0.000000  0.000000 0.000000 -1.000000
2451545.059354  1.2061475027e+00  1.000000 0.000000 0.000000  0.000000 0.000000 -1.000000
2451545.060021  1.2053344460e+00  1.000000 0.000000 0.000000  0.000000 0.000000 -1.000000
2451545.060688  1.2029741966e+00  1.000000 0.000000 0.000000  0.000000 0.000000 -1.000000
2451545.061354  1.1997918669e+00  1.000000 0.000000 0.000000  0.000000 0.000000 -1.000000
2451545.062021  1.2044189067e+00  1.000000 0.000000 0.000000  0.000000 0.000000 -1.000000
2451545.062688  1.2014071664e+00  1.000000 0.000000 0.000000  0.000000 0.000000 -1.000000
2451545.063355  1.1985178178e+00  1.000000 0.000000 0.000000  0.000000 0.000000 -1.000000
2451545.064022  1.1955884359e+00  1.000000 0.000000 0.000000  0.000000 0.000000 -1.000000
2451545.064689  1.1927590300e+00  1.000000 0.000000 0.000000  0.000000 0.000000 -1.000000
2451545.065356  1.1947041212e+00  1.000000 0.000000 0.000000  0.000000 0.000000 -1.000000
2451545.066023  1.1919638056e+00  1.000000 0.000000 0.000000  0.000000 0.000000 -1.000000
2451545.066690  1.1849293215e+00  1.000000 0.000000 0.000000  0.000000 0.000000 -1.000000
2451545.067356  1.1825846129e+00  1.000000 0.000000 0.000000  0.000000 0.000000 -1.000000
2451545.068023  1.1809815598e+00  1.000000 0.000000 0.000000  0.000000 0.000000 -1.000000
2451545.068690  1.1787164881e+00  1.000000 0.000000 0.000000  0.000000 0.000000 -1.000000
2451545.069357  1.1706217288e+00  1.000000 0.000000 0.000000  0.000000 0.000000 -1.000000
2451545.070024  1.1636640171e+00  1.000000 0.000000 0.000000  0.000000 0.000000 -1.000000
2451545.070691  1.1641860263e+00  1.000000 0.000000 0.000000  0.000000 0.000000 -1.000000
2451545.071358  1.1596779407e+00  1.000000 0.000000 0.000000  0.000000 0.000000 -1.000000
2451545.072025  1.1478431777e+00  1.000000 0.000000 0.000000  0.000000 0.000000 -1.000000
2451545.072692  1.1433252807e+00  1.000000 0.000000 0.000000  0.000000 0.000000 -1.000000
2451545.073359  1.1363256736e+00  1.000000 0.000000 0.000000  0.000000 0.000000 -1.000000
2451545.074025  1.1325617502e+00  1.000000 0.000000 0.000000  0.000000 0.000000 -1.000000
2451545.074692  1.1289753628e+00  1.000000 0.000000 0.000000  0.000000 0.000000 -1.000000
2451545.075359  1.1238992190e+00  1.000000 0.000000 0.000000  0.000000 0.000000 -1.000000
2451545.076026  1.1141463338e+00  1.000000 0.000000 0.000000  0.000000 0.000000 -1.000000
2451545.076693  1.1044952866e+00  1.000000 0.000000 0.000000  0.000000 0.000000 -1.000000
2451545.077360  1.1015197840e+00  1.000000 0.000000 0.000000  0.000000 0.000000 -1.000000
2451545.078027  1.0939857781e+00  1.000000 0.000000 0.000000  0.000000 0.000000 -1.000000
2451545.078694  1.0872838788e+00  1.000000 0.000000 0.000000  0.000000 0.000000 -1.000000
2451545.079361  1.0783750601e+00  1.000000 0.000000 0.000000  0.000000 0.000000 -1.000000
2451545.080028  1.0724187553e+00  1.000000 0.000000 0.000000  0.000000 0.000000 -1.000000
2451545.080694  1.0670712583e+00  1.000000 0.000000 0.000000  0.000000 0.000000 -1.000000
2451545.081361  1.0626538386e+00  1.000000 0.000000 0.000000  0.000000 0.000000 -1.000000
2451545.082028  1.0570668576e+00  1.000000 0.000000 0.000000  0.000000 0.000000 -1.000000
2451545.082695  1.0504390093e+00  1.000000 0.000000 0.000000  0.000000 0.000000 -1.000000
2451545.083362  1.0494984761e+00  1.000000 0.000000 0.000000  0.000000 0.000000 -1.000000
2451545.084029  1.0392235101e+00  1.000000 0.000000 0.000000  0.000000 0.000000 -1.000000
2451545.084696  1.0394542569e+00  1.000000 0.000000 0.000000  0.000000 0.000000 -1.000000
2451545.085363  1.0342173350e+00  1.000000 0.000000 0.000000  0.000000 0.000000 -1.000000
2451545.086030  1.0303599527e+00  1.000000 0.000000 0.000000  0.000000 0.000000 -1.000000
2451545.086696  1.0258146984e+00  1.000000 0.000000 0.000000  0.000000 0.000000 -1.000000
2451545.087363  1.0244795608e+00  1.000000 0.000000 0.000000  0.000000 0.000000 -1.000000
2451545.088030  1.0262496941e+00  1.000000 0.000000 0.000000  0.000000 0.000000 -1.000000
2451545.088697  1.0237559525e+00  1.000000 0.000000 0.000000  0.000000 0.000000 -1.000000
2451545.089364  1.0201466481e+00  1.000000 0.000000 0.000000  0.000000 0.000000 -1.000000
2451545.090031  1.0150691435e+00  1.000000 0.000000 0.000000  0.000000 0.000000 -1.000000
2451545.090698  1.0147379910e+00  1.000000 0.000000 0.000000  0.000000 0.000000 -1.000000
2451545.091365  1.0152526954e+00  1.000000 0.000000 0.000000  0.000000 0.000000 -1.000000
2451545.092032  1.0100994210e+00  1.000000 0.000000 0.000000  0.000000 0.000000 -1.000000
2451545.092699  1.0052566738e+00  1.000000 0.000000 0.000000  0.000000 0.000000 -1.000000
2451545.093365  1.0051681564e+00  1.000000 0.000000 0.000000  0.000000 0.000000 -1.000000
2451545.094032  1.0036193166e+00  1.000000 0.000000 0.000000  0.000000 0.000000 -1.000000
2451545.094699  1.0036296293e+00  1.000000 0.000000 0.000000  0.000000 0.000000 -1.000000
2451545.095366  9.9972498036e-01  1.000000 0.000000 0.000000  0.000000 0.000000 -1.000000
2451545.096033  9.9508512131e-01  1.000000 0.000000 0.000000  0.000000 0.000000 -1.000000
2451545.096700  9.9718619226e-01  1.000000 0.000000 0.000000  0.000000 0.000000 -1.000000
2451545.097367  9.9333031384e-01  1.000000 0.000000 0.000000  0.000000 0.000000 -1.000000
2451545.098034  9.9251969205e-01  1.000000 0.000000 0.000000  0.000000 0.000000 -1.000000
2451545.098701  9.8835887259e-01  1.000000 0.000000 0.000000  0.000000 0.000000 -1.000000
2451545.099367  9.9090138472e-01  1.000000 0.000000 0.000000  0.000000 0.000000 -1.000000
2451545.100034  9.8763476296e-01  1.000000 0.000000 0.000000  0.000000 0.000000 -1.000000
2451545.100701  9.8377909938e-01  1.000000 0.000000 0.000000  0.000000 0.000000 -1.000000
2451545.101368  9.7987480853e-01  1.000000 0.000000 0.000000  0.000000 0.000000 -1.000000
2451545.102035  9.7407928168e-01  1.000000 0.000000 0.000000  0.000000 0.000000 -1.000000
2451545.102702  9.7574421103e-01  1.000000 0.000000 0.000000  0.000000 0.000000 -1.000000
2451545.103369  9.7511742758e-01  1.000000 0.000000 0.000000  0.000000 0.000000 -1.000000
2451545.104036  9.7197785264e-01  1.000000 0.000000 0.000000  0.000000 0.000000 -1.000000
2451545.104703  9.6397476181e-01  1.000000 0.000000 0.000000  0.000000 0.000000 -1.000000
2451545.105370  9.6538810407e-01  1.000000 0.000000 0.000000  0.000000 0.000000 -1.000000
2451545.106036  9.6286206362e-01  1.000000 0.000000 0.000000  0.000000 0.000000 -1.000000
2451545.106703  9.5883645522e-01  1.000000 0.000000 0.000000  0.000000 0.000000 -1.000000
2451545.107370  9.5513584034e-01  1.000000 0.000000 0.000000  0.000000 0.000000 -1.000000
2451545.108037  9.5130194804e-01  1.000000 0.000000 0.000000  0.000000 0.000000 -1.000000
2451545.108704  9.5142104549e-01  1.000000 0.000000 0.000000  0.000000 0.000000 -1.000000
2451545.109371  9.4751217121e-01  1.000000 0.000000 0.000000  0.000000 0.000000 -1.000000
2451545.110038  9.4363108395e-01  1.000000 0.000000 0.000000  0.000000 0.000000 -1.000000
2451545.110705  9.3896121778e-01  1.000000 0.000000 0.000000  0.000000 0.000000 -1.000000
2451545.111372  9.3506795579e-01  1.000000 0.000000 0.000000  0.000000 0.000000 -1.000000
2451545.112039  9.3584506128e-01  1.000000 0.000000 0.000000  0.000000 0.000000 -1.000000
2451545.112705  9.3097180561e-01  1.000000 0.000000 0.000000  0.000000 0.000000 -1.000000
2451545.113372  9.2206757032e-01  1.000000 0.000000 0.000000  0.000000 0.000000 -1.000000
2451545.114039  9.1535027361e-01  1.000000 0.000000 0.000000  0.000000 0.000000 -1.000000
2451545.114706  9.1403640601e-01  1.000000 0.000000 0.000000  0.000000 0.000000 -1.000000
2451545.115373  9.1562484945e-01  1.000000 0.000000 0.000000  0.000000 0.000000 -1.000000
2451545.116040  9.1334036986e-01  1.000000 0.000000 0.000000  0.000000 0.000000 -1.000000
2451545.116707  9.0943371567e-01  1.000000 0.000000 0.000000  0.000000 0.000000 -1.000000
2451545.117374  9.0277263754e-01  1.000000 0.000000 0.000000  0.000000 0.000000 -1.000000
2451545.118041  9.0234451694e-01  1.000000 0.000000 0.000000  0.000000 0.000000 -1.000000
2451545.118707  9.0425372856e-01  1.000000 0.000000 0.000000  0.000000 0.000000 -1.000000
2451545.119374  8.9994802988e-01  1.000000 0.000000 0.000000  0.000000 0.000000 -1.000000
2451545.120041  8.9645925521e-01  1.000000 0.000000 0.000000  0.000000 0.000000 -1.000000
2451545.120708  8.9494944616e-01  1.000000 0.000000 0.000000  0.000000 0.000000 -1.000000
2451545.121375  8.9426451049e-01  1.000000 0.000000 0.000000  0.000000 0.000000 -1.000000
2451545.122042  8.9621260961e-01  1.000000 0.000000 0.000000  0.000000 0.000000 -1.000000
2451545.122709  8.9222109044e-01  1.000000 0.000000 0.000000  0.000000 0.000000 -1.000000
2451545.123376  8.8949180371e-01  1.000000 0.000000 0.000000  0.000000 0.000000 -1.000000
2451545.124043  8.8967836346e-01  1.000000 0.000000 0.000000  0.000000 0.000000 -1.000000
2451545.124710  8.8711630015e-01  1.000000 0.000000 0.000000  0.000000 0.000000 -1.000000
2451545.125376  8.8805926836e-01  1.000000 0.000000 0.000000  0.000000 0.000000 -1.000000
2451545.126043  8.8176751407e-01  1.000000 0.000000 0.000000  0.000000 0.000000 -1.000000
2451545.126710  8.8440305542e-01  1.000000 0.000000 0.000000  0.000000 0.000000 -1.000000
2451545.127377  8.8507674737e-01  1.000000 0.000000 0.000000  0.000000 0.000000 -1.000000
2451545.128044  8.8307185674e-01  1.000000 0.000000 0.000000  0.000000 0.000000 -1.000000
2451545.128711  8.7890416214e-01  1.000000 0.000000 0.000000  0.000000 0.000000 -1.000000
2451545.129378  8.7483314918e-01  1.000000 0.000000 0.000000  0.000000 0.000000 -1.000000
2451545.130045  8.7796792584e-01  1.000000 0.000000 0.000000  0.000000 0.000000 -1.000000
2451545.130712  8.7899575904e-01  1.000000 0.000000 0.000000  0.000000 0.000000 -1.000000
2451545.131378  8.7801726928e-01  1.000000 0.000000 0.000000  0.000000 0.000000 -1.000000
2451545.132045  8.7682471923e-01  1.000000 0.000000 0.000000  0.000000 0.000000 -1.000000
2451545.132712  8.7490132763e-01  1.000000 0.000000 0.000000  0.000000 0.000000 -1.000000
2451545.133379  8.7668950817e-01  1.000000 0.000000 0.000000  0.000000 0.000000 -1.000000
2451545.134046  8.7592672588e-01  1.000000 0.000000 0.000000  0.000000 0.000000 -1.000000
2451545.134713  8.7432496186e-01  1.000000 0.000000 0.000000  0.000000 0.000000 -1.000000
2451545.135380  8.7240013795e-01  1.000000 0.000000 0.000000  0.000000 0.000000 -1.000000
2451545.136047  8.7598237154e-01  1.000000 0.000000 0.000000  0.000000 0.000000 -1.000000
2451545.136714  8.7533675307e-01  1.000000 0.000000 0.000000  0.000000 0.000000 -1.000000
2451545.137381  8.7368177834e-01  1.000000 0.000000 0.000000  0.000000 0.000000 -1.000000
2451545.138047  8.7310555580e-01  1.000000 0.000000 0.000000  0.000000 0.000000 -1.000000
2451545.138714  8.7098357297e-01  1.000000 0.000000 0.000000  0.000000 0.000000 -1.000000
2451545.139381  8.7137244798e-01  1.000000 0.000000 0.000000  0.000000 0.000000 -1.000000
2451545.140048  8.7231097600e-01  1.000000 0.000000 0.000000  0.000000 0.000000 -1.000000
2451545.140715  8.7071171853e-01  1.000000 0.000000 0.000000  0.000000 0.000000 -1.000000
2451545.141382  8.6832783590e-01  1.000000 0.000000 0.000000  0.000000 0.000000 -1.000000
2451545.142049  8.6752702550e-01  1.000000 0.000000 0.000000  0.000000 0.000000 -1.000000
2451545.142716  8.7342639559e-01  1.000000 0.000000 0.000000  0.000000 0.000000 -1.000000
2451545.143383  8.7439321193e-01  1.000000 0.000000 0.000000  0.000000 0.000000 -1.000000
2451545.144050  8.7222482192e-01  1.000000 0.000000 0.000000  0.000000 0.000000 -1.000000
2451545.144716  8.7135554660e-01  1.000000 0.000000 0.000000  0.000000 0.000000 -1.000000
2451545.145383  8.7342496327e-01  1.000000 0.000000 0.000000  0.000000 0.000000 -1.000000
2451545.146050  8.7741161255e-01  1.000000 0.000000 0.000000  0.000000 0.000000 -1.000000
2451545.146717  8.7743395675e-01  1.000000 0.000000 0.000000  0.000000 0.000000 -1.000000
2451545.147384  8.7394160128e-01  1.000000 0.000000 0.000000  0.000000 0.000000 -1.000000
2451545.148051  8.8008503878e-01  1.000000 0.000000 0.000000  0.000000 0.000000 -1.000000
2451545.148718  8.8234373661e-01  1.000000 0.000000 0.000000  0.000000 0.000000 -1.000000
2451545.149385  8.8338109473e-01  1.000000 0.000000 0.000000  0.000000 0.000000 -1.000000
2451545.150052  8.8712031065e-01  1.000000 0.000000 0.000000  0.000000 0.000000 -1.000000
2451545.150718  8.8703408496e-01  1.000000 0.000000 0.000000  0.000000 0.000000 -1.000000
2451545.151385  8.9067654762e-01  1.000000 0.000000 0.000000  0.000000 0.000000 -1.000000
2451545.152052  8.9284694289e-01  1.000000 0.000000 0.000000  0.000000 0.000000 -1.000000
2451545.152719  8.9551693154e-01  1.000000 0.000000 0.000000  0.000000 0.000000 -1.000000
2451545.153386  8.9628050161e-01  1.000000 0.000000 0.000000  0.000000 0.000000 -1.000000
2451545.154053  8.9765237819e-01  1.000000 0.000000 0.000000  0.000000 0.000000 -1.000000
2451545.154720  9.0129877974e-01  1.000000 0.000000 0.000000  0.000000 0.000000 -1.000000
2451545.155387  8.9983208354e-01  1.000000 0.000000 0.000000  0.000000 0.000000 -1.000000
2451545.156054  9.0243826232e-01  1.000000 0.000000 0.000000  0.000000 0.000000 -1.000000
2451545.156721  9.0171415268e-01  1.000000 0.000000 0.000000  0.000000 0.000000 -1.000000
2451545.157387  9.0786797451e-01  1.000000 0.000000 0.000000  0.000000 0.000000 -1.000000
2451545.158054  9.1349033381e-01  1.000000 0.000000 0.000000  0.000000 0.000000 -1.000000
2451545.158721  9.1464277889e-01  1.000000 0.000000 0.000000  0.000000 0.000000 -1.000000
2451545.159388  9.1820739494e-01  1.000000 0.000000 0.000000  0.000000 0.000000 -1.000000
2451545.160055  9.1548756153e-01  1.000000 0.000000 0.000000  0.000000 0.000000 -1.000000
2451545.160722  9.2091247545e-01  1.000000 0.000000 0.000000  0.000000 0.000000 -1.000000
2451545.161389  9.2444772893e-01  1.000000 0.000000 0.000000  0.000000 0.000000 -1.000000
2451545.162056  9.2745309543e-01  1.000000 0.000000 0.000000  0.000000 0.000000 -1.000000
2451545.162723  9.2825705693e-01  1.000000 0.000000 0.000000  0.000000 0.000000 -1.000000
2451545.163389  9.3467514189e-01  1.000000 0.000000 0.000000  0.000000 0.000000 -1.000000
2451545.164056  9.3679161029e-01  1.000000 0.000000 0.000000  0.000000 0.000000 -1.000000
2451545.164723  9.4183889291e-01  1.000000 0.000000 0.000000  0.000000 0.000000 -1.000000
2451545.165390  9.4262444909e-01  1.000000 0.000000 0.000000  0.000000 0.000000 -1.000000
2451545.166057  9.4773396604e-01  1.000000 0.000000 0.000000  0.000000 0.000000 -1.000000
2451545.166724  9.5145341593e-01  1.000000 0.000000 0.000000  0.000000 0.000000 -1.000000
2451545.167391  9.5646911589e-01  1.000000 0.000000 0.000000  0.000000 0.000000 -1.000000
2451545.168058  9.6350080695e-01  1.000000 0.000000 0.000000  0.000000 0.000000 -1.000000
2451545.168725  9.6614737717e-01  1.000000 0.000000 0.000000  0.000000 0.000000 -1.000000
2451545.169392  9.6684756705e-01  1.000000 0.000000 0.000000  0.000000 0.000000 -1.000000
2451545.170058  9.7334557550e-01  1.000000 0.000000 0.000000  0.000000 0.000000 -1.000000
2451545.170725  9.8082723005e-01  1.000000 0.000000 0.000000  0.000000 0.000000 -1.000000
2451545.171392  9.8851048372e-01  1.000000 0.000000 0.000000  0.000000 0.000000 -1.000000
2451545.172059  9.9051816737e-01  1.000000 0.000000 0.000000  0.000000 0.000000 -1.000000
2451545.172726  9.9690423997e-01  1.000000 0.000000 0.000000  0.000000 0.000000 -1.000000
2451545.173393  1.0018409474e+00  1.000000 0.000000 0.000000  0.000000 0.000000 -1.000000
2451545.174060  1.0056869429e+00  1.000000 0.000000 0.000000  0.000000 0.000000 -1.000000
2451545.174727  1.0097987770e+00  1.000000 0.000000 0.000000  0.000000 0.000000 -1.000000
2451545.175394  1.0112537281e+00  1.000000 0.000000 0.000000  0.000000 0.000000 -1.000000
2451545.176061  1.0161734626e+00  1.000000 0.000000 0.000000  0.000000 0.000000 -1.000000
2451545.176727  1.0197872072e+00  1.000000 0.000000 0.000000  0.000000 0.000000 -1.000000
2451545.177394  1.0272336983e+00  1.000000 0.000000 0.000000  0.000000 0.000000 -1.000000
2451545.178061  1.0294076744e+00  1.000000 0.000000 0.000000  0.000000 0.000000 -1.000000
2451545.178728  1.0346727413e+00  1.000000 0.000000 0.000000  0.000000 0.000000 -1.000000
2451545.179395  1.0380776537e+00  1.000000 0.000000 0.000000  0.000000 0.000000 -1.000000
2451545.180062  1.0390327966e+00  1.000000 0.000000 0.000000  0.000000 0.000000 -1.000000
2451545.180729  1.0423093014e+00  1.000000 0.000000 0.000000  0.000000 0.000000 -1.000000
2451545.181396  1.0438836365e+00  1.000000 0.000000 0.000000  0.000000 0.000000 -1.000000
2451545.182063  1.0471726024e+00  1.000000 0.000000 0.000000  0.000000 0.000000 -1.000000
2451545.182729  1.0506507063e+00  1.000000 0.000000 0.000000  0.000000 0.000000 -1.000000
2451545.183396  1.0535642611e+00  1.000000 0.000000 0.000000  0.000000 0.000000 -1.000000
2451545.184063  1.0563109505e+00  1.000000 0.000000 0.000000  0.000000 0.000000 -1.000000
2451545.184730  1.0585972921e+00  1.000000 0.000000 0.000000  0.000000 0.000000 -1.000000
2451545.185397  1.0588772391e+00  1.000000 0.000000 0.000000  0.000000 0.000000 -1.000000
2451545.186064  1.0596765456e+00  1.000000 0.000000 0.000000  0.000000 0.000000 -1.000000
2451545.186731  1.0584299971e+00  1.000000 0.000000 0.000000  0.000000 0.000000 -1.000000
2451545.187398  1.0618006053e+00  1.000000 0.000000 0.000000  0.000000 0.000000 -1.000000
2451545.188065  1.0641343567e+00  1.000000 0.000000 0.000000  0.000000 0.000000 -1.000000
2451545.188732  1.0657312508e+00  1.000000 0.000000 0.000000  0.000000 0.000000 -1.000000
2451545.189398  1.0666719990e+00  1.000000 0.000000 0.000000  0.000000 0.000000 -1.000000
2451545.190065  1.0661638833e+00  1.000000 0.000000 0.000000  0.000000 0.000000 -1.000000
2451545.190732  1.0673608019e+00  1.000000 0.000000 0.000000  0.000000 0.000000 -1.000000
2451545.191399  1.0666821684e+00  1.000000 0.000000 0.000000  0.000000 0.000000 -1.000000
2451545.192066  1.0667419678e+00  1.000000 0.000000 0.000000  0.000000 0.000000 -1.000000
2451545.192733  1.0675323223e+00  1.000000 0.000000 0.000000  0.000000 0.000000 -1.000000
2451545.193400  1.0672020292e+00  1.000000 0.000000 0.000000  0.000000 0.000000 -1.000000
2451545.194067  1.0677729521e+00  1.000000 0.000000 0.000000  0.000000 0.000000 -1.000000
2451545.194734  1.0667869427e+00  1.000000 0.000000 0.000000  0.000000 0.000000 -1.000000
2451545.195400  1.0691486960e+00  1.000000 0.000000 0.000000  0.000000 0.000000 -1.000000
2451545.196067  1.0682902347e+00  1.000000 0.000000 0.000000  0.000000 0.000000 -1.000000
2451545.196734  1.0614701690e+00  1.000000 0.000000 0.000000  0.000000 0.000000 -1.000000
2451545.197401  1.0639185060e+00  1.000000 0.000000 0.000000  0.000000 0.000000 -1.000000
2451545.198068  1.0645785193e+00  1.000000 0.000000 0.000000  0.000000 0.000000 -1.000000
2451545.198735  1.0676459769e+00  1.000000 0.000000 0.000000  0.000000 0.000000 -1.000000
2451545.199402  1.0653773244e+00  1.000000 0.000000 0.000000  0.000000 0.000000 -1.000000
2451545.200069  1.0651784467e+00  1.000000 0.000000 0.000000  0.000000 0.000000 -1.000000
2451545.200736  1.0600366310e+00  1.000000 0.000000 0.000000  0.000000 0.000000 -1.000000
2451545.201403  1.0610136884e+00  1.000000 0.000000 0.000000  0.000000 0.000000 -1.000000
2451545.202069  1.0614403767e+00  1.000000 0.000000 0.000000  0.000000 0.000000 -1.000000
2451545.202736  1.0573039067e+00  1.000000 0.000000 0.000000  0.000000 0.000000 -1.000000
2451545.203403  1.0565236501e+00  1.000000 0.000000 0.000000  0.000000 0.000000 -1.000000
2451545.204070  1.0554254899e+00  1.000000 0.000000 0.000000  0.000000 0.000000 -1.000000
2451545.204737  1.0553065357e+00  1.000000 0.000000 0.000000  0.000000 0.000000 -1.000000
2451545.205404  1.0516838391e+00  1.000000 0.000000 0.000000  0.000000 0.000000 -1.000000
2451545.206071  1.0535231535e+00  1.000000 0.000000 0.000000  0.000000 0.000000 -1.000000
2451545.206738  1.0498732427e+00  1.000000 0.000000 0.000000  0.000000 0.000000 -1.000000
2451545.207405  1.0464728422e+00  1.000000 0.000000 0.000000  0.000000 0.000000 -1.000000
2451545.208072  1.0436175113e+00  1.000000 0.000000 0.000000  0.000000 0.000000 -1.000000
2451545.208738  1.0437095379e+00  1.000000 0.000000 0.000000  0.000000 0.000000 -1.000000
2451545.209405  1.0421244604e+00  1.000000 0.000000 0.000000  0.000000 0.000000 -1.000000
2451545.210072  1.0408945268e+00  1.000000 0.000000 0.000000  0.000000 0.000000 -1.000000
2451545.210739  1.0405163942e+00  1.000000 0.000000 0.000000  0.000000 0.000000 -1.000000
2451545.211406  1.0377655510e+00  1.000000 0.000000 0.000000  0.000000 0.000000 -1.000000
2451545.212073  1.0396916640e+00  1.000000 0.000000 0.000000  0.000000 0.000000 -1.000000
2451545.212740  1.0313038519e+00  1.000000 0.000000 0.000000  0.000000 0.000000 -1.000000
2451545.213407  1.0294986267e+00  1.000000 0.000000 0.000000  0.000000 0.000000 -1.000000
2451545.214074  1.0230377870e+00  1.000000 0.000000 0.000000  0.000000 0.000000 -1.000000
2451545.214740  1.0258626811e+00  1.000000 0.000000 0.000000  0.000000 0.000000 -1.000000
2451545.215407  1.0239687953e+00  1.000000 0.000000 0.000000  0.000000 0.000000 -1.000000
2451545.216074  1.0213616856e+00  1.000000 0.000000 0.000000  0.000000 0.000000 -1.000000
2451545.216741  1.0169065959e+00  1.000000 0.000000 0.000000  0.000000 0.000000 -1.000000
2451545.217408  1.0143211141e+00  1.000000 0.000000 0.000000  0.000000 0.000000 -1.000000
2451545.218075  1.0107264193e+00  1.000000 0.000000 0.000000  0.000000 0.000000 -1.000000
2451545.218742  1.0103963411e+00  1.000000 0.000000 0.000000  0.000000 0.000000 -1.000000
2451545.219409  1.0071558592e+00  1.000000 0.000000 0.000000  0.000000 0.000000 -1.000000
2451545.220076  1.0037161415e+00  1.000000 0.000000 0.000000  0.000000 0.000000 -1.000000
2451545.220743  9.9806957593e-01  1.000000 0.000000 0.000000  0.000000 0.000000 -1.000000
2451545.221409  9.9847850344e-01  1.000000 0.000000 0.000000  0.000000 0.000000 -1.000000
2451545.222076  9.9335903187e-01  1.000000 0.000000 0.000000  0.000000 0.000000 -1.000000
2451545.222743  9.9330739671e-01  1.000000 0.000000 0.000000  0.000000 0.000000 -1.000000
2451545.223410  9.8924239950e-01  1.000000 0.000000 0.000000  0.000000 0.000000 -1.000000
2451545.224077  9.8075661665e-01  1.000000 0.000000 0.000000  0.000000 0.000000 -1.000000
2451545.224744  9.7866485578e-01  1.000000 0.000000 0.000000  0.000000 0.000000 -1.000000
2451545.225411  9.7601599385e-01  1.000000 0.000000 0.000000  0.000000 0.000000 -1.000000
2451545.226078  9.7589883003e-01  1.000000 0.000000 0.000000  0.000000 0.000000 -1.000000
2451545.226745  9.7090031793e-01  1.000000 0.000000 0.000000  0.000000 0.000000 -1.000000
2451545.227411  9.6870184918e-01  1.000000 0.000000 0.000000  0.000000 0.000000 -1.000000
2451545.228078  9.6006796439e-01  1.000000 0.000000 0.000000  0.000000 0.000000 -1.000000
2451545.228745  9.5790995870e-01  1.000000 0.000000 0.000000  0.000000 0.000000 -1.000000
2451545.229412  9.5201903930e-01  1.000000 0.000000 0.000000  0.000000 0.000000 -1.000000
2451545.230079  9.5161662886e-01  1.000000 0.000000 0.000000  0.000000 0.000000 -1.000000
2451545.230746  9.4735461595e-01  1.000000 0.000000 0.000000  0.000000 0.000000 -1.000000
2451545.231413  9.4407059149e-01  1.000000 0.000000 0.000000  0.000000 0.000000 -1.000000
2451545.232080  9.4095930489e-01  1.000000 0.000000 0.000000  0.000000 0.000000 -1.000000
2451545.232747  9.3660877458e-01  1.000000 0.000000 0.000000  0.000000 0.000000 -1.000000
2451545.233414  9.3546456534e-01  1.000000 0.000000 0.000000  0.000000 0.000000 -1.000000
2451545.234080  9.3050651629e-01  1.000000 0.000000 0.000000  0.000000 0.000000 -1.000000
2451545.234747  9.2904640876e-01  1.000000 0.000000 0.000000  0.000000 0.000000 -1.000000
2451545.235414  9.2546302932e-01  1.000000 0.000000 0.000000  0.000000 0.000000 -1.000000
2451545.236081  9.2648692363e-01  1.000000 0.000000 0.000000  0.000000 0.000000 -1.000000
2451545.236748  9.2748883183e-01  1.000000 0.000000 0.000000  0.000000 0.000000 -1.000000
2451545.237415  9.2794817702e-01  1.000000 0.000000 0.000000  0.000000 0.000000 -1.000000
2451545.238082  9.2496844905e-01  1.000000 0.000000 0.000000  0.000000 0.000000 -1.000000
2451545.238749  9.2559723775e-01  1.000000 0.000000 0.000000  0.000000 0.000000 -1.000000
2451545.239416  9.1903799760e-01  1.000000 0.000000 0.000000  0.000000 0.000000 -1.000000
360  1
2451545.000000  8.4981871905e-01  1.000000 0.000000 0.000000  0.707107 0.707107 0.000000
2451545.000667  8.5103118855e-01  1.000000 0.000000 0.000000  0.707107 0.707107 0.000000
2451545.001334  8.5429853486e-01  1.000000 0.000000 0.000000  0.707107 0.707107 0.000000
2451545.002001  8.5656748878e-01  1.000000 0.000000 0.000000  0.707107 0.707107 0.000000
2451545.002668  8.5987331922e-01  1.000000 0.000000 0.000000  0.707107 0.707107 0.000000
2451545.003334  8.6289827406e-01  1.000000 0.000000 0.000000  0.707107 0.707107 0.000000
2451545.004001  8.7029520136e-01  1.000000 0.000000 0.000000  0.707107 0.707107 0.000000
2451545.004668  8.7528035913e-01  1.000000 0.000000 0.000000  0.707107 0.707107 0.000000
2451545.005335  8.7971905692e-01  1.000000 0.000000 0.000000  0.707107 0.707107 0.000000
2451545.006002  8.8576794231e-01  1.000000 0.000000 0.000000  0.707107 0.707107 0.000000
2451545.006669  8.9316494278e-01  1.000000 0.000000 0.000000  0.707107 0.707107 0.000000
2451545.007336  8.9861476346e-01  1.000000 0.000000 0.000000  0.707107 0.707107 0.000000
2451545.008003  9.0722364813e-01  1.000000 0.000000 0.000000  0.707107 0.707107 0.000000
2451545.008670  9.1177757881e-01  1.000000 0.000000 0.000000  0.707107 0.707107 0.000000
2451545.009337  9.1799415549e-01  1.000000 0.000000 0.000000  0.707107 0.707107 0.000000
2451545.010003  9.2642744718e-01  1.000000 0.000000 0.000000  0.707107 0.707107 0.000000
2451545.010670  9.3208402859e-01  1.000000 0.000000 0.000000  0.707107 0.707107 0.000000
2451545.011337  9.3783528389e-01  1.000000 0.000000 0.000000  0.707107 0.707107 0.000000
2451545.012004  9.4565787783e-01  1.000000 0.000000 0.000000  0.707107 0.707107 0.000000
2451545.012671  9.5164011105e-01  1.000000 0.000000 0.000000  0.707107 0.707107 0.000000
2451545.013338  9.5691492407e-01  1.000000 0.000000 0.000000  0.707107 0.707107 0.000000
2451545.014005  9.6449461440e-01  1.000000 0.000000 0.000000  0.707107 0.707107 0.000000
2451545.014672  9.6796220987e-01  1.000000 0.000000 0.000000  0.707107 0.707107 0.000000
2451545.015339  9.7484574721e-01  1.000000 0.000000 0.000000  0.707107 0.707107 0.000000
2451545.016006  9.8458230459e-01  1.000000 0.000000 0.000000  0.707107 0.707107 0.000000
2451545.016672  9.9063221428e-01  1.000000 0.000000 0.000000  0.707107 0.707107 0.000000
2451545.017339  9.9557149838e-01  1.000000 0.000000 0.000000  0.707107 0.707107 0.000000
2451545.018006  1.0019707649e+00  1.000000 0.000000 0.000000  0.707107 0.707107 0.000000
2451545.018673  1.0076775367e+00  1.000000 0.000000 0.000000  0.707107 0.707107 0.000000
2451545.019340  1.0131034328e+00  1.000000 0.000000 0.000000  0.707107 0.707107 0.000000
2451545.020007  1.0240282425e+00  1.000000 0.000000 0.000000  0.707107 0.707107 0.000000
2451545.020674  1.0277449605e+00  1.000000 0.000000 0.000000  0.707107 0.707107 0.000000
2451545.021341  1.0330026532e+00  1.000000 0.000000 0.000000  0.707107 0.707107 0.000000
2451545.022008  1.0400405660e+00  1.000000 0.000000 0.000000  0.707107 0.707107 0.000000
2451545.022674  1.0452593356e+00  1.000000 0.000000 0.000000  0.707107 0.707107 0.000000
2451545.023341  1.0490548510e+00  1.000000 0.000000 0.000000  0.707107 0.707107 0.000000
2451545.024008  1.0591032322e+00  1.000000 0.000000 0.000000  0.707107 0.707107 0.000000
2451545.024675  1.0658473926e+00  1.000000 0.000000 0.000000  0.707107 0.707107 0.000000
2451545.025342  1.0754408418e+00  1.000000 0.000000 0.000000  0.707107 0.707107 0.000000
2451545.026009  1.0837017597e+00  1.000000 0.000000 0.000000  0.707107 0.707107 0.000000
2451545.026676  1.0887307425e+00  1.000000 0.000000 0.000000  0.707107 0.707107 0.000000
2451545.027343  1.0970833346e+00  1.000000 0.000000 0.000000  0.707107 0.707107 0.000000
2451545.028010  1.1040013321e+00  1.000000 0.000000 0.000000  0.707107 0.707107 0.000000
2451545.028677  1.1080527010e+00  1.000000 0.000000 0.000000  0.707107 0.707107 0.000000
2451545.029343  1.1127004276e+00  1.000000 0.000000 0.000000  0.707107 0.707107 0.000000
2451545.030010  1.1155682999e+00  1.000000 0.000000 0.000000  0.707107 0.707107 0.000000
2451545.030677  1.1201343026e+00  1.000000 0.000000 0.000000  0.707107 0.707107 0.000000
2451545.031344  1.1263789010e+00  1.000000 0.000000 0.000000  0.707107 0.707107 0.000000
2451545.032011  1.1292742829e+00  1.000000 0.000000 0.000000  0.707107 0.707107 0.000000
2451545.032678  1.1314443194e+00  1.000000 0.000000 0.000000  0.707107 0.707107 0.000000
2451545.033345  1.1332791928e+00  1.000000 0.000000 0.000000  0.707107 0.707107 0.000000
2451545.034012  1.1364480608e+00  1.000000 0.000000 0.000000  0.707107 0.707107 0.000000
2451545.034679  1.1374384783e+00  1.000000 0.000000 0.000000  0.707107 0.707107 0.000000
2451545.035345  1.1403800265e+00  1.000000 0.000000 0.000000  0.707107 0.707107 0.000000
2451545.036012  1.1400034527e+00  1.000000 0.000000 0.000000  0.707107 0.707107 0.000000
2451545.036679  1.1419801906e+00  1.000000 0.000000 0.000000  0.707107 0.707107 0.000000
2451545.037346  1.1414888961e+00  1.000000 0.000000 0.000000  0.707107 0.707107 0.000000
2451545.038013  1.1415348430e+00  1.000000 0.000000 0.000000  0.707107 0.707107 0.000000
2451545.038680  1.1403382500e+00  1.000000 0.000000 0.000000  0.707107 0.707107 0.000000
2451545.039347  1.1384023374e+00  1.000000 0.000000 0.000000  0.707107 0.707107 0.000000
2451545.040014  1.1372285715e+00  1.000000 0.000000 0.000000  0.707107 0.707107 0.000000
2451545.040681  1.1357344948e+00  1.000000 0.000000 0.000000  0.707107 0.707107 0.000000
2451545.041348  1.1324062031e+00  1.000000 0.000000 0.000000  0.707107 0.707107 0.000000
2451545.042014  1.1291461000e+00  1.000000 0.000000 0.000000  0.707107 0.707107 0.000000
2451545.042681  1.1277908149e+00  1.000000 0.000000 0.000000  0.707107 0.707107 0.000000
2451545.043348  1.1247900772e+00  1.000000 0.000000 0.000000  0.707107 0.707107 0.000000
2451545.044015  1.1220796533e+00  1.000000 0.000000 0.000000  0.707107 0.707107 0.000000
2451545.044682  1.1191761503e+00  1.000000 0.000000 0.000000  0.707107 0.707107 0.000000
2451545.045349  1.1134703297e+00  1.000000 0.000000 0.000000  0.707107 0.707107 0.000000
2451545.046016  1.1122686152e+00  1.000000 0.000000 0.000000  0.707107 0.707107 0.000000
2451545.046683  1.1113057072e+00  1.000000 0.000000 0.000000  0.707107 0.707107 0.000000
2451545.047350  1.1091841783e+00  1.000000 0.000000 0.000000  0.707107 0.707107 0.000000
2451545.048017  1.1053351802e+00  1.000000 0.000000 0.000000  0.707107 0.707107 0.000000
2451545.048683  1.0993563857e+00  1.000000 0.000000 0.000000  0.707107 0.707107 0.000000
2451545.049350  1.0973022405e+00  1.000000 0.000000 0.000000  0.707107 0.707107 0.000000
2451545.050017  1.0928450323e+00  1.000000 0.000000 0.000000  0.707107 0.707107 0.000000
2451545.050684  1.0883606803e+00  1.000000 0.000000 0.000000  0.707107 0.707107 0.000000
2451545.051351  1.0853926469e+00  1.000000 0.000000 0.000000  0.707107 0.707107 0.000000
2451545.052018  1.0822637995e+00  1.000000 0.000000 0.000000  0.707107 0.707107 0.000000
2451545.052685  1.0765933902e+00  1.000000 0.000000 0.000000  0.707107 0.707107 0.000000
2451545.053352  1.0736382335e+00  1.000000 0.000000 0.000000  0.707107 0.707107 0.000000
2451545.054019  1.0694803382e+00  1.000000 0.000000 0.000000  0.707107 0.707107 0.000000
2451545.054685  1.0651834317e+00  1.000000 0.000000 0.000000  0.707107 0.707107 0.000000
2451545.055352  1.0629650339e+00  1.000000 0.000000 0.000000  0.707107 0.707107 0.000000
2451545.056019  1.0600471908e+00  1.000000 0.000000 0.000000  0.707107 0.707107 0.000000
2451545.056686  1.0559097813e+00  1.000000 0.000000 0.000000  0.707107 0.707107 0.000000
2451545.057353  1.0524253582e+00  1.000000 0.000000 0.000000  0.707107 0.707107 0.000000
2451545.058020  1.0502455909e+00  1.000000 0.000000 0.000000  0.707107 0.707107 0.000000
2451545.058687  1.0481348901e+00  1.000000 0.000000 0.000000  0.707107 0.707107 0.000000
2451545.059354  1.0468997399e+00  1.000000 0.000000 0.000000  0.707107 0.707107 0.000000
2451545.060021  1.0456555904e+00  1.000000 0.000000 0.000000  0.707107 0.707107 0.000000
2451545.060688  1.0406145356e+00  1.000000 0.000000 0.000000  0.707107 0.707107 0.000000
2451545.061354  1.0385553421e+00  1.000000 0.000000 0.000000  0.707107 0.707107 0.000000
2451545.062021  1.0375263673e+00  1.000000 0.000000 0.000000  0.707107 0.707107 0.000000
2451545.062688  1.0349453700e+00  1.000000 0.000000 0.000000  0.707107 0.707107 0.000000
2451545.063355  1.0317312869e+00  1.000000 0.000000 0.000000  0.707107 0.707107 0.000000
2451545.064022  1.0293294676e+00  1.000000 0.000000 0.000000  0.707107 0.707107 0.000000
2451545.064689  1.0248423354e+00  1.000000 0.000000 0.000000  0.707107 0.707107 0.000000
2451545.065356  1.0220858184e+00  1.000000 0.000000 0.000000  0.707107 0.707107 0.000000
2451545.066023  1.0205239188e+00  1.000000 0.000000 0.000000  0.707107 0.707107 0.000000
2451545.066690  1.0155566862e+00  1.000000 0.000000 0.000000  0.707107 0.707107 0.000000
2451545.067356  1.0117580248e+00  1.000000 0.000000 0.000000  0.707107 0.707107 0.000000
2451545.068023  1.0091959038e+00  1.000000 0.000000 0.000000  0.707107 0.707107 0.000000
2451545.068690  1.0035803672e+00  1.000000 0.000000 0.000000  0.707107 0.707107 0.000000
2451545.069357  1.0004127431e+00  1.000000 0.000000 0.000000  0.707107 0.707107 0.000000
2451545.070024  9.9632084141e-01  1.000000 0.000000 0.000000  0.707107 0.707107 0.000000
2451545.070691  9.9384183440e-01  1.000000 0.000000 0.000000  0.707107 0.707107 0.000000
2451545.071358  9.9179383498e-01  1.000000 0.000000 0.000000  0.707107 0.707107 0.000000
2451545.072025  9.8651946095e-01  1.000000 0.000000 0.000000  0.707107 0.707107 0.000000
2451545.072692  9.8542522405e-01  1.000000 0.000000 0.000000  0.707107 0.707107 0.000000
2451545.073359  9.8291336652e-01  1.000000 0.000000 0.000000  0.707107 0.707107 0.000000
2451545.074025  9.8027961819e-01  1.000000 0.000000 0.000000  0.707107 0.707107 0.000000
2451545.074692  9.7817886772e-01  1.000000 0.000000 0.000000  0.707107 0.707107 0.000000
2451545.075359  9.7624463792e-01  1.000000 0.000000 0.000000  0.707107 0.707107 0.000000
2451545.076026  9.6988926962e-01  1.000000 0.000000 0.000000  0.707107 0.707107 0.000000
2451545.076693  9.6622157132e-01  1.000000 0.000000 0.000000  0.707107 0.707107 0.000000
2451545.077360  9.6425910032e-01  1.000000 0.000000 0.000000  0.707107 0.707107 0.000000
2451545.078027  9.5969009790e-01  1.000000 0.000000 0.000000  0.707107 0.707107 0.000000
2451545.078694  9.5785895581e-01  1.000000 0.000000 0.000000  0.707107 0.707107 0.000000
2451545.079361  9.5518606489e-01  1.000000 0.000000 0.000000  0.707107 0.707107 0.000000
2451545.080028  9.5102392603e-01  1.000000 0.000000 0.000000  0.707107 0.707107 0.000000
2451545.080694  9.4805084428e-01  1.000000 0.000000 0.000000  0.707107 0.707107 0.000000
2451545.081361  9.4733493708e-01  1.000000 0.000000 0.000000  0.707107 0.707107 0.000000
2451545.082028  9.4749553149e-01  1.000000 0.000000 0.000000  0.707107 0.707107 0.000000
2451545.082695  9.4869344141e-01  1.000000 0.000000 0.000000  0.707107 0.707107 0.000000
2451545.083362  9.4859920652e-01  1.000000 0.000000 0.000000  0.707107 0.707107 0.000000
2451545.084029  9.4719365790e-01  1.000000 0.000000 0.000000  0.707107 0.707107 0.000000
2451545.084696  9.4661515221e-01  1.000000 0.000000 0.000000  0.707107 0.707107 0.000000
2451545.085363  9.4603723182e-01  1.000000 0.000000 0.000000  0.707107 0.707107 0.000000
2451545.086030  9.4774480036e-01  1.000000 0.000000 0.000000  0.707107 0.707107 0.000000
2451545.086696  9.4812671508e-01  1.000000 0.000000 0.000000  0.707107 0.707107 0.000000
2451545.087363  9.4765429681e-01  1.000000 0.000000 0.000000  0.707107 0.707107 0.000000
2451545.088030  9.4505939844e-01  1.000000 0.000000 0.000000  0.707107 0.707107 0.000000
2451545.088697  9.4319972249e-01  1.000000 0.000000 0.000000  0.707107 0.707107 0.000000
2451545.089364  9.4304695660e-01  1.000000 0.000000 0.000000  0.707107 0.707107 0.000000
2451545.090031  9.4239031203e-01  1.000000 0.000000 0.000000  0.707107 0.707107 0.000000
2451545.090698  9.4017008517e-01  1.000000 0.000000 0.000000  0.707107 0.707107 0.000000
2451545.091365  9.3776036422e-01  1.000000 0.000000 0.000000  0.707107 0.707107 0.000000
2451545.092032  9.3443038974e-01  1.000000 0.000000 0.000000  0.707107 0.707107 0.000000
2451545.092699  9.3326116001e-01  1.000000 0.000000 0.000000  0.707107 0.707107 0.000000
2451545.093365  9.3314490283e-01  1.000000 0.000000 0.000000  0.707107 0.707107 0.000000
2451545.094032  9.2960941141e-01  1.000000 0.000000 0.000000  0.707107 0.707107 0.000000
2451545.094699  9.2639123113e-01  1.000000 0.000000 0.000000  0.707107 0.707107 0.000000
2451545.095366  9.2415037209e-01  1.000000 0.000000 0.000000  0.707107 0.707107 0.000000
2451545.096033  9.1975571887e-01  1.000000 0.000000 0.000000  0.707107 0.707107 0.000000
2451545.096700  9.1703358875e-01  1.000000 0.000000 0.000000  0.707107 0.707107 0.000000
2451545.097367  9.1298617064e-01  1.000000 0.000000 0.000000  0.707107 0.707107 0.000000
2451545.098034  9.0819482361e-01  1.000000 0.000000 0.000000  0.707107 0.707107 0.000000
2451545.098701  9.0474244620e-01  1.000000 0.000000 0.000000  0.707107 0.707107 0.000000
2451545.099367  8.9713831919e-01  1.000000 0.000000 0.000000  0.707107 0.707107 0.000000
2451545.100034  8.9233168094e-01  1.000000 0.000000 0.000000  0.707107 0.707107 0.000000
2451545.100701  8.8710749723e-01  1.000000 0.000000 0.000000  0.707107 0.707107 0.000000
2451545.101368  8.8153549310e-01  1.000000 0.000000 0.000000  0.707107 0.707107 0.000000
2451545.102035  8.7771663852e-01  1.000000 0.000000 0.000000  0.707107 0.707107 0.000000
2451545.102702  8.7363432130e-01  1.000000 0.000000 0.000000  0.707107 0.707107 0.000000
2451545.103369  8.6420285671e-01  1.000000 0.000000 0.000000  0.707107 0.707107 0.000000
2451545.104036  8.5957144562e-01  1.000000 0.000000 0.000000  0.707107 0.707107 0.000000
2451545.104703  8.5392057098e-01  1.000000 0.000000 0.000000  0.707107 0.707107 0.000000
2451545.105370  8.4741353425e-01  1.000000 0.000000 0.000000  0.707107 0.707107 0.000000
2451545.106036  8.4232997125e-01  1.000000 0.000000 0.000000  0.707107 0.707107 0.000000
2451545.106703  8.3700774813e-01  1.000000 0.000000 0.000000  0.707107 0.707107 0.000000
2451545.107370  8.3060284798e-01  1.000000 0.000000 0.000000  0.707107 0.707107 0.000000
2451545.108037  8.2540302779e-01  1.000000 0.000000 0.000000  0.707107 0.707107 0.000000
2451545.108704  8.2007729281e-01  1.000000 0.000000 0.000000  0.707107 0.707107 0.000000
2451545.109371  8.1454157790e-01  1.000000 0.000000 0.000000  0.707107 0.707107 0.000000
2451545.110038  8.1522880491e-01  1.000000 0.000000 0.000000  0.707107 0.707107 0.000000
2451545.110705  8.1948788572e-01  1.000000 0.000000 0.000000  0.707107 0.707107 0.000000
2451545.111372  8.2678004255e-01  1.000000 0.000000 0.000000  0.707107 0.707107 0.000000
2451545.112039  8.3279468731e-01  1.000000 0.000000 0.000000  0.707107 0.707107 0.000000
2451545.112705  8.3826514017e-01  1.000000 0.000000 0.000000  0.707107 0.707107 0.000000
2451545.113372  8.5109535315e-01  1.000000 0.000000 0.000000  0.707107 0.707107 0.000000
2451545.114039  8.6018902075e-01  1.000000 0.000000 0.000000  0.707107 0.707107 0.000000
2451545.114706  8.6814755293e-01  1.000000 0.000000 0.000000  0.707107 0.707107 0.000000
2451545.115373  8.7883662905e-01  1.000000 0.000000 0.000000  0.707107 0.707107 0.000000
2451545.116040  8.8554984120e-01  1.000000 0.000000 0.000000  0.707107 0.707107 0.000000
2451545.116707  8.9563392636e-01  1.000000 0.000000 0.000000  0.707107 0.707107 0.000000
2451545.117374  9.0910863873e-01  1.000000 0.000000 0.000000  0.707107 0.707107 0.000000
2451545.118041  9.1557653286e-01  1.000000 0.000000 0.000000  0.707107 0.707107 0.000000
2451545.118707  9.2254296472e-01  1.000000 0.000000 0.000000  0.707107 0.707107 0.000000
2451545.119374  9.3045657435e-01  1.000000 0.000000 0.000000  0.707107 0.707107 0.000000
2451545.120041  9.3682979460e-01  1.000000 0.000000 0.000000  0.707107 0.707107 0.000000
2451545.120708  9.4752618710e-01  1.000000 0.000000 0.000000  0.707107 0.707107 0.000000
2451545.121375  9.5256841259e-01  1.000000 0.000000 0.000000  0.707107 0.707107 0.000000
2451545.122042  9.5914795459e-01  1.000000 0.000000 0.000000  0.707107 0.707107 0.000000
2451545.122709  9.6427146499e-01  1.000000 0.000000 0.000000  0.707107 0.707107 0.000000
2451545.123376  9.6879005759e-01  1.000000 0.000000 0.000000  0.707107 0.707107 0.000000
2451545.124043  9.7480426336e-01  1.000000 0.000000 0.000000  0.707107 0.707107 0.000000
2451545.124710  9.7934048842e-01  1.000000 0.000000 0.000000  0.707107 0.707107 0.000000
2451545.125376  9.8341907429e-01  1.000000 0.000000 0.000000  0.707107 0.707107 0.000000
2451545.126043  9.8652919172e-01  1.000000 0.000000 0.000000  0.707107 0.707107 0.000000
2451545.126710  9.8926083313e-01  1.000000 0.000000 0.000000  0.707107 0.707107 0.000000
2451545.127377  9.9266982444e-01  1.000000 0.000000 0.000000  0.707107 0.707107 0.000000
2451545.128044  9.9383956632e-01  1.000000 0.000000 0.000000  0.707107 0.707107 0.000000
2451545.128711  9.9911394036e-01  1.000000 0.000000 0.000000  0.707107 0.707107 0.000000
2451545.129378  1.0007085441e+00  1.000000 0.000000 0.000000  0.707107 0.707107 0.000000
2451545.130045  1.0012634910e+00  1.000000 0.000000 0.000000  0.707107 0.707107 0.000000
2451545.130712  1.0033847274e+00  1.000000 0.000000 0.000000  0.707107 0.707107 0.000000
2451545.131378  1.0029755957e+00  1.000000 0.000000 0.000000  0.707107 0.707107 0.000000
2451545.132045  1.0054828439e+00  1.000000 0.000000 0.000000  0.707107 0.707107 0.000000
2451545.132712  1.0102760201e+00  1.000000 0.000000 0.000000  0.707107 0.707107 0.000000
2451545.133379  1.0120369250e+00  1.000000 0.000000 0.000000  0.707107 0.707107 0.000000
2451545.134046  1.0146742583e+00  1.000000 0.000000 0.000000  0.707107 0.707107 0.000000
2451545.134713  1.0189664091e+00  1.000000 0.000000 0.000000  0.707107 0.707107 0.000000
2451545.135380  1.0239407387e+00  1.000000 0.000000 0.000000  0.707107 0.707107 0.000000
2451545.136047  1.0298285907e+00  1.000000 0.000000 0.000000  0.707107 0.707107 0.000000
2451545.136714  1.0372123485e+00  1.000000 0.000000 0.000000  0.707107 0.707107 0.000000
2451545.137381  1.0413106154e+00  1.000000 0.000000 0.000000  0.707107 0.707107 0.000000
2451545.138047  1.0473138466e+00  1.000000 0.000000 0.000000  0.707107 0.707107 0.000000
2451545.138714  1.0531598490e+00  1.000000 0.000000 0.000000  0.707107 0.707107 0.000000
2451545.139381  1.0578504495e+00  1.000000 0.000000 0.000000  0.707107 0.707107 0.000000
2451545.140048  1.0595298500e+00  1.000000 0.000000 0.000000  0.707107 0.707107 0.000000
2451545.140715  1.0662824974e+00  1.000000 0.000000 0.000000  0.707107 0.707107 0.000000
2451545.141382  1.0710822583e+00  1.000000 0.000000 0.000000  0.707107 0.707107 0.000000
2451545.142049  1.0730910419e+00  1.000000 0.000000 0.000000  0.707107 0.707107 0.000000
2451545.142716  1.0745478783e+00  1.000000 0.000000 0.000000  0.707107 0.707107 0.000000
2451545.143383  1.0759633772e+00  1.000000 0.000000 0.000000  0.707107 0.707107 0.000000
2451545.144050  1.0814421707e+00  1.000000 0.000000 0.000000  0.707107 0.707107 0.000000
2451545.144716  1.0833551830e+00  1.000000 0.000000 0.000000  0.707107 0.707107 0.000000
2451545.145383  1.0852386372e+00  1.000000 0.000000 0.000000  0.707107 0.707107 0.000000
2451545.146050  1.0854696151e+00  1.000000 0.000000 0.000000  0.707107 0.707107 0.000000
2451545.146717  1.0859024518e+00  1.000000 0.000000 0.000000  0.707107 0.707107 0.000000
2451545.147384  1.0880472469e+00  1.000000 0.000000 0.000000  0.707107 0.707107 0.000000
2451545.148051  1.0889525750e+00  1.000000 0.000000 0.000000  0.707107 0.707107 0.000000
2451545.148718  1.0894661844e+00  1.000000 0.000000 0.000000  0.707107 0.707107 0.000000
2451545.149385  1.0890060577e+00  1.000000 0.000000 0.000000  0.707107 0.707107 0.000000
2451545.150052  1.0880172497e+00  1.000000 0.000000 0.000000  0.707107 0.707107 0.000000
2451545.150718  1.0876446268e+00  1.000000 0.000000 0.000000  0.707107 0.707107 0.000000
2451545.151385  1.0874510355e+00  1.000000 0.000000 0.000000  0.707107 0.707107 0.000000
2451545.152052  1.0870334169e+00  1.000000 0.000000 0.000000  0.707107 0.707107 0.000000
2451545.152719  1.0859669091e+00  1.000000 0.000000 0.000000  0.707107 0.707107 0.000000
2451545.153386  1.0861775475e+00  1.000000 0.000000 0.000000  0.707107 0.707107 0.000000
2451545.154053  1.0852497581e+00  1.000000 0.000000 0.000000  0.707107 0.707107 0.000000
2451545.154720  1.0850140977e+00  1.000000 0.000000 0.000000  0.707107 0.707107 0.000000
2451545.155387  1.0867011072e+00  1.000000 0.000000 0.000000  0.707107 0.707107 0.000000
2451545.156054  1.0908719525e+00  1.000000 0.000000 0.000000  0.707107 0.707107 0.000000
2451545.156721  1.0934125634e+00  1.000000 0.000000 0.000000  0.707107 0.707107 0.000000
2451545.157387  1.0973484800e+00  1.000000 0.000000 0.000000  0.707107 0.707107 0.000000
2451545.158054  1.1026082944e+00  1.000000 0.000000 0.000000  0.707107 0.707107 0.000000
2451545.158721  1.1055752304e+00  1.000000 0.000000 0.000000  0.707107 0.707107 0.000000
2451545.159388  1.1111162863e+00  1.000000 0.000000 0.000000  0.707107 0.707107 0.000000
2451545.160055  1.1193200633e+00  1.000000 0.000000 0.000000  0.707107 0.707107 0.000000
2451545.160722  1.1247476422e+00  1.000000 0.000000 0.000000  0.707107 0.707107 0.000000
2451545.161389  1.1279722609e+00  1.000000 0.000000 0.000000  0.707107 0.707107 0.000000
2451545.162056  1.1331812998e+00  1.000000 0.000000 0.000000  0.707107 0.707107 0.000000
2451545.162723  1.1379730858e+00  1.000000 0.000000 0.000000  0.707107 0.707107 0.000000
2451545.163389  1.1425641836e+00  1.000000 0.000000 0.000000  0.707107 0.707107 0.000000
2451545.164056  1.1488931398e+00  1.000000 0.000000 0.000000  0.707107 0.707107 0.000000
2451545.164723  1.1517504765e+00  1.000000 0.000000 0.000000  0.707107 0.707107 0.000000
2451545.165390  1.1565146798e+00  1.000000 0.000000 0.000000  0.707107 0.707107 0.000000
2451545.166057  1.1601259689e+00  1.000000 0.000000 0.000000  0.707107 0.707107 0.000000
2451545.166724  1.1637868629e+00  1.000000 0.000000 0.000000  0.707107 0.707107 0.000000
2451545.167391  1.1652699651e+00  1.000000 0.000000 0.000000  0.707107 0.707107 0.000000
2451545.168058  1.1703539671e+00  1.000000 0.000000 0.000000  0.707107 0.707107 0.000000
2451545.168725  1.1733720445e+00  1.000000 0.000000 0.000000  0.707107 0.707107 0.000000
2451545.169392  1.1749872073e+00  1.000000 0.000000 0.000000  0.707107 0.707107 0.000000
2451545.170058  1.1782448960e+00  1.000000 0.000000 0.000000  0.707107 0.707107 0.000000
2451545.170725  1.1811031106e+00  1.000000 0.000000 0.000000  0.707107 0.707107 0.000000
2451545.171392  1.1871563127e+00  1.000000 0.000000 0.000000  0.707107 0.707107 0.000000
2451545.172059  1.1908921996e+00  1.000000 0.000000 0.000000  0.707107 0.707107 0.000000
2451545.172726  1.1929469301e+00  1.000000 0.000000 0.000000  0.707107 0.707107 0.000000
2451545.173393  1.1921956116e+00  1.000000 0.000000 0.000000  0.707107 0.707107 0.000000
2451545.174060  1.1925972806e+00  1.000000 0.000000 0.000000  0.707107 0.707107 0.000000
2451545.174727  1.1933959359e+00  1.000000 0.000000 0.000000  0.707107 0.707107 0.000000
2451545.175394  1.1942088583e+00  1.000000 0.000000 0.000000  0.707107 0.707107 0.000000
2451545.176061  1.1934397610e+00  1.000000 0.000000 0.000000  0.707107 0.707107 0.000000
2451545.176727  1.1915525755e+00  1.000000 0.000000 0.000000  0.707107 0.707107 0.000000
2451545.177394  1.1879927206e+00  1.000000 0.000000 0.000000  0.707107 0.707107 0.000000
2451545.178061  1.1869546734e+00  1.000000 0.000000 0.000000  0.707107 0.707107 0.000000
2451545.178728  1.1855718787e+00  1.000000 0.000000 0.000000  0.707107 0.707107 0.000000
2451545.179395  1.1805891354e+00  1.000000 0.000000 0.000000  0.707107 0.707107 0.000000
2451545.180062  1.1775038936e+00  1.000000 0.000000 0.000000  0.707107 0.707107 0.000000
2451545.180729  1.1751461189e+00  1.000000 0.000000 0.000000  0.707107 0.707107 0.000000
2451545.181396  1.1679640735e+00  1.000000 0.000000 0.000000  0.707107 0.707107 0.000000
2451545.182063  1.1638178112e+00  1.000000 0.000000 0.000000  0.707107 0.707107 0.000000
2451545.182729  1.1575664086e+00  1.000000 0.000000 0.000000  0.707107 0.707107 0.000000
2451545.183396  1.1509420904e+00  1.000000 0.000000 0.000000  0.707107 0.707107 0.000000
2451545.184063  1.1464027193e+00  1.000000 0.000000 0.000000  0.707107 0.707107 0.000000
2451545.184730  1.1411205899e+00  1.000000 0.000000 0.000000  0.707107 0.707107 0.000000
2451545.185397  1.1300365027e+00  1.000000 0.000000 0.000000  0.707107 0.707107 0.000000
2451545.186064  1.1243749462e+00  1.000000 0.000000 0.000000  0.707107 0.707107 0.000000
2451545.186731  1.1190811837e+00  1.000000 0.000000 0.000000  0.707107 0.707107 0.000000
2451545.187398  1.1121669908e+00  1.000000 0.000000 0.000000  0.707107 0.707107 0.000000
2451545.188065  1.1045880321e+00  1.000000 0.000000 0.000000  0.707107 0.707107 0.000000
2451545.188732  1.0974202536e+00  1.000000 0.000000 0.000000  0.707107 0.707107 0.000000
2451545.189398  1.0843036046e+00  1.000000 0.000000 0.000000  0.707107 0.707107 0.000000
2451545.190065  1.0772302805e+00  1.000000 0.000000 0.000000  0.707107 0.707107 0.000000
2451545.190732  1.0700905238e+00  1.000000 0.000000 0.000000  0.707107 0.707107 0.000000
2451545.191399  1.0582987237e+00  1.000000 0.000000 0.000000  0.707107 0.707107 0.000000
2451545.192066  1.0498843083e+00  1.000000 0.000000 0.000000  0.707107 0.707107 0.000000
2451545.192733  1.0358176281e+00  1.000000 0.000000 0.000000  0.707107 0.707107 0.000000
2451545.193400  1.0269724977e+00  1.000000 0.000000 0.000000  0.707107 0.707107 0.000000
2451545.194067  1.0179485552e+00  1.000000 0.000000 0.000000  0.707107 0.707107 0.000000
2451545.194734  1.0034775722e+00  1.000000 0.000000 0.000000  0.707107 0.707107 0.000000
2451545.195400  9.9509344650e-01  1.000000 0.000000 0.000000  0.707107 0.707107 0.000000
2451545.196067  9.8635242813e-01  1.000000 0.000000 0.000000  0.707107 0.707107 0.000000
2451545.196734  9.7310825470e-01  1.000000 0.000000 0.000000  0.707107 0.707107 0.000000
2451545.197401  9.6898174659e-01  1.000000 0.000000 0.000000  0.707107 0.707107 0.000000
2451545.198068  9.6627088368e-01  1.000000 0.000000 0.000000  0.707107 0.707107 0.000000
2451545.198735  9.6442320659e-01  1.000000 0.000000 0.000000  0.707107 0.707107 0.000000
2451545.199402  9.6269493271e-01  1.000000 0.000000 0.000000  0.707107 0.707107 0.000000
2451545.200069  9.6102943333e-01  1.000000 0.000000 0.000000  0.707107 0.707107 0.000000
2451545.200736  9.5577378921e-01  1.000000 0.000000 0.000000  0.707107 0.707107 0.000000
2451545.201403  9.5234240980e-01  1.000000 0.000000 0.000000  0.707107 0.707107 0.000000
2451545.202069  9.5013996172e-01  1.000000 0.000000 0.000000  0.707107 0.707107 0.000000
2451545.202736  9.4774787323e-01  1.000000 0.000000 0.000000  0.707107 0.707107 0.000000
2451545.203403  9.4430186107e-01  1.000000 0.000000 0.000000  0.707107 0.707107 0.000000
2451545.204070  9.4044540032e-01  1.000000 0.000000 0.000000  0.707107 0.707107 0.000000
2451545.204737  9.3507254789e-01  1.000000 0.000000 0.000000  0.707107 0.707107 0.000000
2451545.205404  9.3219889566e-01  1.000000 0.000000 0.000000  0.707107 0.707107 0.000000
2451545.206071  9.2937916511e-01  1.000000 0.000000 0.000000  0.707107 0.707107 0.000000
2451545.206738  9.2396197546e-01  1.000000 0.000000 0.000000  0.707107 0.707107 0.000000
2451545.207405  9.1983773542e-01  1.000000 0.000000 0.000000  0.707107 0.707107 0.000000
2451545.208072  9.1691733156e-01  1.000000 0.000000 0.000000  0.707107 0.707107 0.000000
2451545.208738  9.1342164122e-01  1.000000 0.000000 0.000000  0.707107 0.707107 0.000000
2451545.209405  9.1035688530e-01  1.000000 0.000000 0.000000  0.707107 0.707107 0.000000
2451545.210072  9.0648008503e-01  1.000000 0.000000 0.000000  0.707107 0.707107 0.000000
2451545.210739  9.0282226384e-01  1.000000 0.000000 0.000000  0.707107 0.707107 0.000000
2451545.211406  9.0096690455e-01  1.000000 0.000000 0.000000  0.707107 0.707107 0.000000
2451545.212073  8.9931464780e-01  1.000000 0.000000 0.000000  0.707107 0.707107 0.000000
2451545.212740  8.9254275833e-01  1.000000 0.000000 0.000000  0.707107 0.707107 0.000000
2451545.213407  8.8964166970e-01  1.000000 0.000000 0.000000  0.707107 0.707107 0.000000
2451545.214074  8.8735866835e-01  1.000000 0.000000 0.000000  0.707107 0.707107 0.000000
2451545.214740  8.8406066643e-01  1.000000 0.000000 0.000000  0.707107 0.707107 0.000000
2451545.215407  8.8072022955e-01  1.000000 0.000000 0.000000  0.707107 0.707107 0.000000
2451545.216074  8.7392573248e-01  1.000000 0.000000 0.000000  0.707107 0.707107 0.000000
2451545.216741  8.6881590370e-01  1.000000 0.000000 0.000000  0.707107 0.707107 0.000000
2451545.217408  8.6799339693e-01  1.000000 0.000000 0.000000  0.707107 0.707107 0.000000
2451545.218075  8.6314264095e-01  1.000000 0.000000 0.000000  0.707107 0.707107 0.000000
2451545.218742  8.5918755548e-01  1.000000 0.000000 0.000000  0.707107 0.707107 0.000000
2451545.219409  8.5532282723e-01  1.000000 0.000000 0.000000  0.707107 0.707107 0.000000
2451545.220076  8.5060639987e-01  1.000000 0.000000 0.000000  0.707107 0.707107 0.000000
2451545.220743  8.4703944805e-01  1.000000 0.000000 0.000000  0.707107 0.707107 0.000000
2451545.221409  8.4441162599e-01  1.000000 0.000000 0.000000  0.707107 0.707107 0.000000
2451545.222076  8.4261969966e-01  1.000000 0.000000 0.000000  0.707107 0.707107 0.000000
2451545.222743  8.4082638322e-01  1.000000 0.000000 0.000000  0.707107 0.707107 0.000000
2451545.223410  8.4118327595e-01  1.000000 0.000000 0.000000  0.707107 0.707107 0.000000
2451545.224077  8.4335638536e-01  1.000000 0.000000 0.000000  0.707107 0.707107 0.000000
2451545.224744  8.4411070352e-01  1.000000 0.000000 0.000000  0.707107 0.707107 0.000000
2451545.225411  8.4443211183e-01  1.000000 0.000000 0.000000  0.707107 0.707107 0.000000
2451545.226078  8.4561355991e-01  1.000000 0.000000 0.000000  0.707107 0.707107 0.000000
2451545.226745  8.4631359058e-01  1.000000 0.000000 0.000000  0.707107 0.707107 0.000000
2451545.227411  8.4636026904e-01  1.000000 0.000000 0.000000  0.707107 0.707107 0.000000
2451545.228078  8.4460938758e-01  1.000000 0.000000 0.000000  0.707107 0.707107 0.000000
2451545.228745  8.4206548433e-01  1.000000 0.000000 0.000000  0.707107 0.707107 0.000000
2451545.229412  8.4212569809e-01  1.000000 0.000000 0.000000  0.707107 0.707107 0.000000
2451545.230079  8.4332455913e-01  1.000000 0.000000 0.000000  0.707107 0.707107 0.000000
2451545.230746  8.4372022864e-01  1.000000 0.000000 0.000000  0.707107 0.707107 0.000000
2451545.231413  8.4349656709e-01  1.000000 0.000000 0.000000  0.707107 0.707107 0.000000
2451545.232080  8.4024480465e-01  1.000000 0.000000 0.000000  0.707107 0.707107 0.000000
2451545.232747  8.4120412761e-01  1.000000 0.000000 0.000000  0.707107 0.707107 0.000000
2451545.233414  8.4166110834e-01  1.000000 0.000000 0.000000  0.707107 0.707107 0.000000
2451545.234080  8.4135806412e-01  1.000000 0.000000 0.000000  0.707107 0.707107 0.000000
2451545.234747  8.4119622593e-01  1.000000 0.000000 0.000000  0.707107 0.707107 0.000000
2451545.235414  8.4195756781e-01  1.000000 0.000000 0.000000  0.707107 0.707107 0.000000
2451545.236081  8.4148588118e-01  1.000000 0.000000 0.000000  0.707107 0.707107 0.000000
2451545.236748  8.4248156652e-01  1.000000 0.000000 0.000000  0.707107 0.707107 0.000000
2451545.237415  8.4267508461e-01  1.000000 0.000000 0.000000  0.707107 0.707107 0.000000
2451545.238082  8.4341447737e-01  1.000000 0.000000 0.000000  0.707107 0.707107 0.000000
2451545.238749  8.4603527571e-01  1.000000 0.000000 0.000000  0.707107 0.707107 0.000000
2451545.239416  8.4695377331e-01  1.000000 0.000000 0.000000  0.707107 0.707107 0.000000
360  1
2451545.000000  8.7154265504e-01  1.000000 0.000000 0.000000  0.707107 0.707107 0.000000
2451545.000667  8.7167839502e-01  1.000000 0.000000 0.000000  0.707107 0.707107 0.000000
2451545.001334  8.7402042644e-01  1.000000 0.000000 0.000000  0.707107 0.707107 0.000000
2451545.002001  8.7707781445e-01  1.000000 0.000000 0.000000  0.707107 0.707107 0.000000
2451545.002668  8.7914719455e-01  1.000000 0.000000 0.000000  0.707107 0.707107 0.000000
2451545.003334  8.8176173949e-01  1.000000 0.000000 0.000000  0.707107 0.707107 0.000000
2451545.004001  8.8409915437e-01  1.000000 0.000000 0.000000  0.707107 0.707107 0.000000
2451545.004668  8.9085163268e-01  1.000000 0.000000 0.000000  0.707107 0.707107 0.000000
2451545.005335  8.9545783452e-01  1.000000 0.000000 0.000000  0.707107 0.707107 0.000000
2451545.006002  9.0032669667e-01  1.000000 0.000000 0.000000  0.707107 0.707107 0.000000
2451545.006669  9.0557170326e-01  1.000000 0.000000 0.000000  0.707107 0.707107 0.000000
2451545.007336  9.1194417853e-01  1.000000 0.000000 0.000000  0.707107 0.707107 0.000000
2451545.008003  9.2046775350e-01  1.000000 0.000000 0.000000  0.707107 0.707107 0.000000
2451545.008670  9.2612687038e-01  1.000000 0.000000 0.000000  0.707107 0.707107 0.000000
2451545.009337  9.3258368358e-01  1.000000 0.000000 0.000000  0.707107 0.707107 0.000000
2451545.010003  9.3995264188e-01  1.000000 0.000000 0.000000  0.707107 0.707107 0.000000
2451545.010670  9.4450985331e-01  1.000000 0.000000 0.000000  0.707107 0.707107 0.000000
2451545.011337  9.5001710679e-01  1.000000 0.000000 0.000000  0.707107 0.707107 0.000000
2451545.012004  9.5665499850e-01  1.000000 0.000000 0.000000  0.707107 0.707107 0.000000
2451545.012671  9.6238212318e-01  1.000000 0.000000 0.000000  0.707107 0.707107 0.000000
2451545.013338  9.6788937665e-01  1.000000 0.000000 0.000000  0.707107 0.707107 0.000000
2451545.014005  9.7562159443e-01  1.000000 0.000000 0.000000  0.707107 0.707107 0.000000
2451545.014672  9.8333927357e-01  1.000000 0.000000 0.000000  0.707107 0.707107 0.000000
2451545.015339  9.8846762646e-01  1.000000 0.000000 0.000000  0.707107 0.707107 0.000000
2451545.016006  9.9565371476e-01  1.000000 0.000000 0.000000  0.707107 0.707107 0.000000
2451545.016672  9.9983636652e-01  1.000000 0.000000 0.000000  0.707107 0.707107 0.000000
2451545.017339  1.0049206901e+00  1.000000 0.000000 0.000000  0.707107 0.707107 0.000000
2451545.018006  1.0139165988e+00  1.000000 0.000000 0.000000  0.707107 0.707107 0.000000
2451545.018673  1.0186871356e+00  1.000000 0.000000 0.000000  0.707107 0.707107 0.000000
2451545.019340  1.0239320733e+00  1.000000 0.000000 0.000000  0.707107 0.707107 0.000000
2451545.020007  1.0343284466e+00  1.000000 0.000000 0.000000  0.707107 0.707107 0.000000
2451545.020674  1.0379376141e+00  1.000000 0.000000 0.000000  0.707107 0.707107 0.000000
2451545.021341  1.0410508829e+00  1.000000 0.000000 0.000000  0.707107 0.707107 0.000000
2451545.022008  1.0483210335e+00  1.000000 0.000000 0.000000  0.707107 0.707107 0.000000
2451545.022674  1.0537126669e+00  1.000000 0.000000 0.000000  0.707107 0.707107 0.000000
2451545.023341  1.0583620023e+00  1.000000 0.000000 0.000000  0.707107 0.707107 0.000000
2451545.024008  1.0663145736e+00  1.000000 0.000000 0.000000  0.707107 0.707107 0.000000
2451545.024675  1.0717110991e+00  1.000000 0.000000 0.000000  0.707107 0.707107 0.000000
2451545.025342  1.0829630477e+00  1.000000 0.000000 0.000000  0.707107 0.707107 0.000000
2451545.026009  1.0904980635e+00  1.000000 0.000000 0.000000  0.707107 0.707107 0.000000
2451545.026676  1.0963205507e+00  1.000000 0.000000 0.000000  0.707107 0.707107 0.000000
2451545.027343  1.1016760097e+00  1.000000 0.000000 0.000000  0.707107 0.707107 0.000000
2451545.028010  1.1049941287e+00  1.000000 0.000000 0.000000  0.707107 0.707107 0.000000
2451545.028677  1.1130861608e+00  1.000000 0.000000 0.000000  0.707107 0.707107 0.000000
2451545.029343  1.1195118985e+00  1.000000 0.000000 0.000000  0.707107 0.707107 0.000000
2451545.030010  1.1225451013e+00  1.000000 0.000000 0.000000  0.707107 0.707107 0.000000
2451545.030677  1.1262689933e+00  1.000000 0.000000 0.000000  0.707107 0.707107 0.000000
2451545.031344  1.1295603778e+00  1.000000 0.000000 0.000000  0.707107 0.707107 0.000000
2451545.032011  1.1327690779e+00  1.000000 0.000000 0.000000  0.707107 0.707107 0.000000
2451545.032678  1.1347552226e+00  1.000000 0.000000 0.000000  0.707107 0.707107 0.000000
2451545.033345  1.1369084583e+00  1.000000 0.000000 0.000000  0.707107 0.707107 0.000000
2451545.034012  1.1382166610e+00  1.000000 0.000000 0.000000  0.707107 0.707107 0.000000
2451545.034679  1.1381429342e+00  1.000000 0.000000 0.000000  0.707107 0.707107 0.000000
2451545.035345  1.1432202984e+00  1.000000 0.000000 0.000000  0.707107 0.707107 0.000000
2451545.036012  1.1423085668e+00  1.000000 0.000000 0.000000  0.707107 0.707107 0.000000
2451545.036679  1.1433533512e+00  1.000000 0.000000 0.000000  0.707107 0.707107 0.000000
2451545.037346  1.1442613621e+00  1.000000 0.000000 0.000000  0.707107 0.707107 0.000000
2451545.038013  1.1424184679e+00  1.000000 0.000000 0.000000  0.707107 0.707107 0.000000
2451545.038680  1.1428567633e+00  1.000000 0.000000 0.000000  0.707107 0.707107 0.000000
2451545.039347  1.1393577036e+00  1.000000 0.000000 0.000000  0.707107 0.707107 0.000000
2451545.040014  1.1364250999e+00  1.000000 0.000000 0.000000  0.707107 0.707107 0.000000
2451545.040681  1.1346290602e+00  1.000000 0.000000 0.000000  0.707107 0.707107 0.000000
2451545.041348  1.1338456958e+00  1.000000 0.000000 0.000000  0.707107 0.707107 0.000000
2451545.042014  1.1322897849e+00  1.000000 0.000000 0.000000  0.707107 0.707107 0.000000
2451545.042681  1.1293002669e+00  1.000000 0.000000 0.000000  0.707107 0.707107 0.000000
2451545.043348  1.1250587026e+00  1.000000 0.000000 0.000000  0.707107 0.707107 0.000000
2451545.044015  1.1229168360e+00  1.000000 0.000000 0.000000  0.707107 0.707107 0.000000
2451545.044682  1.1198411196e+00  1.000000 0.000000 0.000000  0.707107 0.707107 0.000000
2451545.045349  1.1166140222e+00  1.000000 0.000000 0.000000  0.707107 0.707107 0.000000
2451545.046016  1.1147632041e+00  1.000000 0.000000 0.000000  0.707107 0.707107 0.000000
2451545.046683  1.1117840905e+00  1.000000 0.000000 0.000000  0.707107 0.707107 0.000000
2451545.047350  1.1091658248e+00  1.000000 0.000000 0.000000  0.707107 0.707107 0.000000
2451545.048017  1.1065101444e+00  1.000000 0.000000 0.000000  0.707107 0.707107 0.000000
2451545.048683  1.0998700478e+00  1.000000 0.000000 0.000000  0.707107 0.707107 0.000000
2451545.049350  1.0965581301e+00  1.000000 0.000000 0.000000  0.707107 0.707107 0.000000
2451545.050017  1.0955680551e+00  1.000000 0.000000 0.000000  0.707107 0.707107 0.000000
2451545.050684  1.0913923626e+00  1.000000 0.000000 0.000000  0.707107 0.707107 0.000000
2451545.051351  1.0880933299e+00  1.000000 0.000000 0.000000  0.707107 0.707107 0.000000
2451545.052018  1.0848842852e+00  1.000000 0.000000 0.000000  0.707107 0.707107 0.000000
2451545.052685  1.0802969629e+00  1.000000 0.000000 0.000000  0.707107 0.707107 0.000000
2451545.053352  1.0778403449e+00  1.000000 0.000000 0.000000  0.707107 0.707107 0.000000
2451545.054019  1.0746815309e+00  1.000000 0.000000 0.000000  0.707107 0.707107 0.000000
2451545.054685  1.0691597387e+00  1.000000 0.000000 0.000000  0.707107 0.707107 0.000000
2451545.055352  1.0661367336e+00  1.000000 0.000000 0.000000  0.707107 0.707107 0.000000
2451545.056019  1.0644989653e+00  1.000000 0.000000 0.000000  0.707107 0.707107 0.000000
2451545.056686  1.0635768981e+00  1.000000 0.000000 0.000000  0.707107 0.707107 0.000000
2451545.057353  1.0621663047e+00  1.000000 0.000000 0.000000  0.707107 0.707107 0.000000
2451545.058020  1.0602619486e+00  1.000000 0.000000 0.000000  0.707107 0.707107 0.000000
2451545.058687  1.0568215258e+00  1.000000 0.000000 0.000000  0.707107 0.707107 0.000000
2451545.059354  1.0561315257e+00  1.000000 0.000000 0.000000  0.707107 0.707107 0.000000
2451545.060021  1.0539213757e+00  1.000000 0.000000 0.000000  0.707107 0.707107 0.000000
2451545.060688  1.0519111148e+00  1.000000 0.000000 0.000000  0.707107 0.707107 0.000000
2451545.061354  1.0490303266e+00  1.000000 0.000000 0.000000  0.707107 0.707107 0.000000
2451545.062021  1.0482254643e+00  1.000000 0.000000 0.000000  0.707107 0.707107 0.000000
2451545.062688  1.0470676781e+00  1.000000 0.000000 0.000000  0.707107 0.707107 0.000000
2451545.063355  1.0445542147e+00  1.000000 0.000000 0.000000  0.707107 0.707107 0.000000
2451545.064022  1.0415582886e+00  1.000000 0.000000 0.000000  0.707107 0.707107 0.000000
2451545.064689  1.0372880604e+00  1.000000 0.000000 0.000000  0.707107 0.707107 0.000000
2451545.065356  1.0342567869e+00  1.000000 0.000000 0.000000  0.707107 0.707107 0.000000
2451545.066023  1.0324995398e+00  1.000000 0.000000 0.000000  0.707107 0.707107 0.000000
2451545.066690  1.0283111691e+00  1.000000 0.000000 0.000000  0.707107 0.707107 0.000000
2451545.067356  1.0264105337e+00  1.000000 0.000000 0.000000  0.707107 0.707107 0.000000
2451545.068023  1.0228526993e+00  1.000000 0.000000 0.000000  0.707107 0.707107 0.000000
2451545.068690  1.0203300717e+00  1.000000 0.000000 0.000000  0.707107 0.707107 0.000000
2451545.069357  1.0181232979e+00  1.000000 0.000000 0.000000  0.707107 0.707107 0.000000
2451545.070024  1.0155537470e+00  1.000000 0.000000 0.000000  0.707107 0.707107 0.000000
2451545.070691  1.0076352829e+00  1.000000 0.000000 0.000000  0.707107 0.707107 0.000000
2451545.071358  1.0073361727e+00  1.000000 0.000000 0.000000  0.707107 0.707107 0.000000
2451545.072025  1.0027552584e+00  1.000000 0.000000 0.000000  0.707107 0.707107 0.000000
2451545.072692  1.0011775051e+00  1.000000 0.000000 0.000000  0.707107 0.707107 0.000000
2451545.073359  9.9950252886e-01  1.000000 0.000000 0.000000  0.707107 0.707107 0.000000
2451545.074025  9.9437748334e-01  1.000000 0.000000 0.000000  0.707107 0.707107 0.000000
2451545.074692  9.9117305517e-01  1.000000 0.000000 0.000000  0.707107 0.707107 0.000000
2451545.075359  9.8667000193e-01  1.000000 0.000000 0.000000  0.707107 0.707107 0.000000
2451545.076026  9.8319740117e-01  1.000000 0.000000 0.000000  0.707107 0.707107 0.000000
2451545.076693  9.8043368006e-01  1.000000 0.000000 0.000000  0.707107 0.707107 0.000000
2451545.077360  9.7667023745e-01  1.000000 0.000000 0.000000  0.707107 0.707107 0.000000
2451545.078027  9.7279847847e-01  1.000000 0.000000 0.000000  0.707107 0.707107 0.000000
2451545.078694  9.6890921799e-01  1.000000 0.000000 0.000000  0.707107 0.707107 0.000000
2451545.079361  9.6517306118e-01  1.000000 0.000000 0.000000  0.707107 0.707107 0.000000
2451545.080028  9.6086183541e-01  1.000000 0.000000 0.000000  0.707107 0.707107 0.000000
2451545.080694  9.5970198207e-01  1.000000 0.000000 0.000000  0.707107 0.707107 0.000000
2451545.081361  9.5951697606e-01  1.000000 0.000000 0.000000  0.707107 0.707107 0.000000
2451545.082028  9.5746799140e-01  1.000000 0.000000 0.000000  0.707107 0.707107 0.000000
2451545.082695  9.5517419246e-01  1.000000 0.000000 0.000000  0.707107 0.707107 0.000000
2451545.083362  9.5789967210e-01  1.000000 0.000000 0.000000  0.707107 0.707107 0.000000
2451545.084029  9.6059028654e-01  1.000000 0.000000 0.000000  0.707107 0.707107 0.000000
2451545.084696  9.5956569086e-01  1.000000 0.000000 0.000000  0.707107 0.707107 0.000000
2451545.085363  9.5740535808e-01  1.000000 0.000000 0.000000  0.707107 0.707107 0.000000
2451545.086030  9.5570220031e-01  1.000000 0.000000 0.000000  0.707107 0.707107 0.000000
2451545.086696  9.5599359339e-01  1.000000 0.000000 0.000000  0.707107 0.707107 0.000000
2451545.087363  9.5406236489e-01  1.000000 0.000000 0.000000  0.707107 0.707107 0.000000
2451545.088030  9.5337760148e-01  1.000000 0.000000 0.000000  0.707107 0.707107 0.000000
2451545.088697  9.5253119036e-01  1.000000 0.000000 0.000000  0.707107 0.707107 0.000000
2451545.089364  9.5068898523e-01  1.000000 0.000000 0.000000  0.707107 0.707107 0.000000
2451545.090031  9.5111694514e-01  1.000000 0.000000 0.000000  0.707107 0.707107 0.000000
2451545.090698  9.4873763690e-01  1.000000 0.000000 0.000000  0.707107 0.707107 0.000000
2451545.091365  9.4821548585e-01  1.000000 0.000000 0.000000  0.707107 0.707107 0.000000
2451545.092032  9.4146748628e-01  1.000000 0.000000 0.000000  0.707107 0.707107 0.000000
2451545.092699  9.3941092223e-01  1.000000 0.000000 0.000000  0.707107 0.707107 0.000000
2451545.093365  9.3650574215e-01  1.000000 0.000000 0.000000  0.707107 0.707107 0.000000
2451545.094032  9.3289333610e-01  1.000000 0.000000 0.000000  0.707107 0.707107 0.000000
2451545.094699  9.3059760786e-01  1.000000 0.000000 0.000000  0.707107 0.707107 0.000000
2451545.095366  9.2773170280e-01  1.000000 0.000000 0.000000  0.707107 0.707107 0.000000
2451545.096033  9.2114431739e-01  1.000000 0.000000 0.000000  0.707107 0.707107 0.000000
2451545.096700  9.1899328658e-01  1.000000 0.000000 0.000000  0.707107 0.707107 0.000000
2451545.097367  9.1226650930e-01  1.000000 0.000000 0.000000  0.707107 0.707107 0.000000
2451545.098034  9.0840253642e-01  1.000000 0.000000 0.000000  0.707107 0.707107 0.000000
2451545.098701  9.0379433637e-01  1.000000 0.000000 0.000000  0.707107 0.707107 0.000000
2451545.099367  8.9894738555e-01  1.000000 0.000000 0.000000  0.707107 0.707107 0.000000
2451545.100034  8.9546169312e-01  1.000000 0.000000 0.000000  0.707107 0.707107 0.000000
2451545.100701  8.9033396036e-01  1.000000 0.000000 0.000000  0.707107 0.707107 0.000000
2451545.101368  8.8307745264e-01  1.000000 0.000000 0.000000  0.707107 0.707107 0.000000
2451545.102035  8.7776864137e-01  1.000000 0.000000 0.000000  0.707107 0.707107 0.000000
2451545.102702  8.7249503981e-01  1.000000 0.000000 0.000000  0.707107 0.707107 0.000000
2451545.103369  8.6458760032e-01  1.000000 0.000000 0.000000  0.707107 0.707107 0.000000
2451545.104036  8.5916199754e-01  1.000000 0.000000 0.000000  0.707107 0.707107 0.000000
2451545.104703  8.5316256606e-01  1.000000 0.000000 0.000000  0.707107 0.707107 0.000000
2451545.105370  8.4692851801e-01  1.000000 0.000000 0.000000  0.707107 0.707107 0.000000
2451545.106036  8.4085184566e-01  1.000000 0.000000 0.000000  0.707107 0.707107 0.000000
2451545.106703  8.3471426257e-01  1.000000 0.000000 0.000000  0.707107 0.707107 0.000000
2451545.107370  8.2746264700e-01  1.000000 0.000000 0.000000  0.707107 0.707107 0.000000
2451545.108037  8.2299501018e-01  1.000000 0.000000 0.000000  0.707107 0.707107 0.000000
2451545.108704  8.1871623797e-01  1.000000 0.000000 0.000000  0.707107 0.707107 0.000000
2451545.109371  8.1622427244e-01  1.000000 0.000000 0.000000  0.707107 0.707107 0.000000
2451545.110038  8.1815122892e-01  1.000000 0.000000 0.000000  0.707107 0.707107 0.000000
2451545.110705  8.2219159487e-01  1.000000 0.000000 0.000000  0.707107 0.707107 0.000000
2451545.111372  8.3114326755e-01  1.000000 0.000000 0.000000  0.707107 0.707107 0.000000
2451545.112039  8.3479722244e-01  1.000000 0.000000 0.000000  0.707107 0.707107 0.000000
2451545.112705  8.3960496714e-01  1.000000 0.000000 0.000000  0.707107 0.707107 0.000000
2451545.113372  8.4739182543e-01  1.000000 0.000000 0.000000  0.707107 0.707107 0.000000
2451545.114039  8.5359424675e-01  1.000000 0.000000 0.000000  0.707107 0.707107 0.000000
2451545.114706  8.6218686307e-01  1.000000 0.000000 0.000000  0.707107 0.707107 0.000000
2451545.115373  8.7285271810e-01  1.000000 0.000000 0.000000  0.707107 0.707107 0.000000
2451545.116040  8.7869835687e-01  1.000000 0.000000 0.000000  0.707107 0.707107 0.000000
2451545.116707  8.8620553568e-01  1.000000 0.000000 0.000000  0.707107 0.707107 0.000000
2451545.117374  8.9825593850e-01  1.000000 0.000000 0.000000  0.707107 0.707107 0.000000
2451545.118041  9.0642155956e-01  1.000000 0.000000 0.000000  0.707107 0.707107 0.000000
2451545.118707  9.0921091279e-01  1.000000 0.000000 0.000000  0.707107 0.707107 0.000000
2451545.119374  9.1901306190e-01  1.000000 0.000000 0.000000  0.707107 0.707107 0.000000
2451545.120041  9.2439628900e-01  1.000000 0.000000 0.000000  0.707107 0.707107 0.000000
2451545.120708  9.3270702092e-01  1.000000 0.000000 0.000000  0.707107 0.707107 0.000000
2451545.121375  9.3828841461e-01  1.000000 0.000000 0.000000  0.707107 0.707107 0.000000
2451545.122042  9.4219848396e-01  1.000000 0.000000 0.000000  0.707107 0.707107 0.000000
2451545.122709  9.4847945532e-01  1.000000 0.000000 0.000000  0.707107 0.707107 0.000000
2451545.123376  9.5302963859e-01  1.000000 0.000000 0.000000  0.707107 0.707107 0.000000
2451545.124043  9.5584593310e-01  1.000000 0.000000 0.000000  0.707107 0.707107 0.000000
2451545.124710  9.5805380932e-01  1.000000 0.000000 0.000000  0.707107 0.707107 0.000000
2451545.125376  9.6106117336e-01  1.000000 0.000000 0.000000  0.707107 0.707107 0.000000
2451545.126043  9.6676163237e-01  1.000000 0.000000 0.000000  0.707107 0.707107 0.000000
2451545.126710  9.6995999702e-01  1.000000 0.000000 0.000000  0.707107 0.707107 0.000000
2451545.127377  9.7121858914e-01  1.000000 0.000000 0.000000  0.707107 0.707107 0.000000
2451545.128044  9.7338746596e-01  1.000000 0.000000 0.000000  0.707107 0.707107 0.000000
2451545.128711  9.7418957210e-01  1.000000 0.000000 0.000000  0.707107 0.707107 0.000000
2451545.129378  9.7648909004e-01  1.000000 0.000000 0.000000  0.707107 0.707107 0.000000
2451545.130045  9.7718163955e-01  1.000000 0.000000 0.000000  0.707107 0.707107 0.000000
2451545.130712  9.7759905721e-01  1.000000 0.000000 0.000000  0.707107 0.707107 0.000000
2451545.131378  9.7968366500e-01  1.000000 0.000000 0.000000  0.707107 0.707107 0.000000
2451545.132045  9.8199393189e-01  1.000000 0.000000 0.000000  0.707107 0.707107 0.000000
2451545.132712  9.8698902533e-01  1.000000 0.000000 0.000000  0.707107 0.707107 0.000000
2451545.133379  9.8830935502e-01  1.000000 0.000000 0.000000  0.707107 0.707107 0.000000
2451545.134046  9.9002656912e-01  1.000000 0.000000 0.000000  0.707107 0.707107 0.000000
2451545.134713  9.9505480516e-01  1.000000 0.000000 0.000000  0.707107 0.707107 0.000000
2451545.135380  9.9912652222e-01  1.000000 0.000000 0.000000  0.707107 0.707107 0.000000
2451545.136047  1.0033088295e+00  1.000000 0.000000 0.000000  0.707107 0.707107 0.000000
2451545.136714  1.0099141298e+00  1.000000 0.000000 0.000000  0.707107 0.707107 0.000000
2451545.137381  1.0138800799e+00  1.000000 0.000000 0.000000  0.707107 0.707107 0.000000
2451545.138047  1.0176783188e+00  1.000000 0.000000 0.000000  0.707107 0.707107 0.000000
2451545.138714  1.0282639701e+00  1.000000 0.000000 0.000000  0.707107 0.707107 0.000000
2451545.139381  1.0313883324e+00  1.000000 0.000000 0.000000  0.707107 0.707107 0.000000
2451545.140048  1.0341714843e+00  1.000000 0.000000 0.000000  0.707107 0.707107 0.000000
2451545.140715  1.0383131384e+00  1.000000 0.000000 0.000000  0.707107 0.707107 0.000000
2451545.141382  1.0418924019e+00  1.000000 0.000000 0.000000  0.707107 0.707107 0.000000
2451545.142049  1.0455534538e+00  1.000000 0.000000 0.000000  0.707107 0.707107 0.000000
2451545.142716  1.0507664203e+00  1.000000 0.000000 0.000000  0.707107 0.707107 0.000000
2451545.143383  1.0520793084e+00  1.000000 0.000000 0.000000  0.707107 0.707107 0.000000
2451545.144050  1.0555989014e+00  1.000000 0.000000 0.000000  0.707107 0.707107 0.000000
2451545.144716  1.0589392073e+00  1.000000 0.000000 0.000000  0.707107 0.707107 0.000000
2451545.145383  1.0628160652e+00  1.000000 0.000000 0.000000  0.707107 0.707107 0.000000
2451545.146050  1.0624667242e+00  1.000000 0.000000 0.000000  0.707107 0.707107 0.000000
2451545.146717  1.0633309813e+00  1.000000 0.000000 0.000000  0.707107 0.707107 0.000000
2451545.147384  1.0668360357e+00  1.000000 0.000000 0.000000  0.707107 0.707107 0.000000
2451545.148051  1.0663754844e+00  1.000000 0.000000 0.000000  0.707107 0.707107 0.000000
2451545.148718  1.0689591605e+00  1.000000 0.000000 0.000000  0.707107 0.707107 0.000000
2451545.149385  1.0691241156e+00  1.000000 0.000000 0.000000  0.707107 0.707107 0.000000
2451545.150052  1.0687412875e+00  1.000000 0.000000 0.000000  0.707107 0.707107 0.000000
2451545.150718  1.0694366621e+00  1.000000 0.000000 0.000000  0.707107 0.707107 0.000000
2451545.151385  1.0683541185e+00  1.000000 0.000000 0.000000  0.707107 0.707107 0.000000
2451545.152052  1.0681110957e+00  1.000000 0.000000 0.000000  0.707107 0.707107 0.000000
2451545.152719  1.0683483306e+00  1.000000 0.000000 0.000000  0.707107 0.707107 0.000000
2451545.153386  1.0678603557e+00  1.000000 0.000000 0.000000  0.707107 0.707107 0.000000
2451545.154053  1.0690908352e+00  1.000000 0.000000 0.000000  0.707107 0.707107 0.000000
2451545.154720  1.0702102422e+00  1.000000 0.000000 0.000000  0.707107 0.707107 0.000000
2451545.155387  1.0716548738e+00  1.000000 0.000000 0.000000  0.707107 0.707107 0.000000
2451545.156054  1.0737616686e+00  1.000000 0.000000 0.000000  0.707107 0.707107 0.000000
2451545.156721  1.0776167529e+00  1.000000 0.000000 0.000000  0.707107 0.707107 0.000000
2451545.157387  1.0819905431e+00  1.000000 0.000000 0.000000  0.707107 0.707107 0.000000
2451545.158054  1.0863692254e+00  1.000000 0.000000 0.000000  0.707107 0.707107 0.000000
2451545.158721  1.0894125571e+00  1.000000 0.000000 0.000000  0.707107 0.707107 0.000000
2451545.159388  1.0944536781e+00  1.000000 0.000000 0.000000  0.707107 0.707107 0.000000
2451545.160055  1.1047353270e+00  1.000000 0.000000 0.000000  0.707107 0.707107 0.000000
2451545.160722  1.1085310854e+00  1.000000 0.000000 0.000000  0.707107 0.707107 0.000000
2451545.161389  1.1101257890e+00  1.000000 0.000000 0.000000  0.707107 0.707107 0.000000
2451545.162056  1.1169384201e+00  1.000000 0.000000 0.000000  0.707107 0.707107 0.000000
2451545.162723  1.1210930281e+00  1.000000 0.000000 0.000000  0.707107 0.707107 0.000000
2451545.163389  1.1261187147e+00  1.000000 0.000000 0.000000  0.707107 0.707107 0.000000
2451545.164056  1.1315179274e+00  1.000000 0.000000 0.000000  0.707107 0.707107 0.000000
2451545.164723  1.1337382752e+00  1.000000 0.000000 0.000000  0.707107 0.707107 0.000000
2451545.165390  1.1377829131e+00  1.000000 0.000000 0.000000  0.707107 0.707107 0.000000
2451545.166057  1.1451378840e+00  1.000000 0.000000 0.000000  0.707107 0.707107 0.000000
2451545.166724  1.1476481090e+00  1.000000 0.000000 0.000000  0.707107 0.707107 0.000000
2451545.167391  1.1495613537e+00  1.000000 0.000000 0.000000  0.707107 0.707107 0.000000
2451545.168058  1.1510700657e+00  1.000000 0.000000 0.000000  0.707107 0.707107 0.000000
2451545.168725  1.1555744970e+00  1.000000 0.000000 0.000000  0.707107 0.707107 0.000000
2451545.169392  1.1605695215e+00  1.000000 0.000000 0.000000  0.707107 0.707107 0.000000
2451545.170058  1.1624219933e+00  1.000000 0.000000 0.000000  0.707107 0.707107 0.000000
2451545.170725  1.1662848637e+00  1.000000 0.000000 0.000000  0.707107 0.707107 0.000000
2451545.171392  1.1685955440e+00  1.000000 0.000000 0.000000  0.707107 0.707107 0.000000
2451545.172059  1.1705285640e+00  1.000000 0.000000 0.000000  0.707107 0.707107 0.000000
2451545.172726  1.1737608981e+00  1.000000 0.000000 0.000000  0.707107 0.707107 0.000000
2451545.173393  1.1739507963e+00  1.000000 0.000000 0.000000  0.707107 0.707107 0.000000
2451545.174060  1.1747617910e+00  1.000000 0.000000 0.000000  0.707107 0.707107 0.000000
2451545.174727  1.1756250145e+00  1.000000 0.000000 0.000000  0.707107 0.707107 0.000000
2451545.175394  1.1770601375e+00  1.000000 0.000000 0.000000  0.707107 0.707107 0.000000
2451545.176061  1.1760181782e+00  1.000000 0.000000 0.000000  0.707107 0.707107 0.000000
2451545.176727  1.1754912728e+00  1.000000 0.000000 0.000000  0.707107 0.707107 0.000000
2451545.177394  1.1725030639e+00  1.000000 0.000000 0.000000  0.707107 0.707107 0.000000
2451545.178061  1.1708759756e+00  1.000000 0.000000 0.000000  0.707107 0.707107 0.000000
2451545.178728  1.1684483660e+00  1.000000 0.000000 0.000000  0.707107 0.707107 0.000000
2451545.179395  1.1654226736e+00  1.000000 0.000000 0.000000  0.707107 0.707107 0.000000
2451545.180062  1.1620284851e+00  1.000000 0.000000 0.000000  0.707107 0.707107 0.000000
2451545.180729  1.1597854681e+00  1.000000 0.000000 0.000000  0.707107 0.707107 0.000000
2451545.181396  1.1566127356e+00  1.000000 0.000000 0.000000  0.707107 0.707107 0.000000
2451545.182063  1.1503144005e+00  1.000000 0.000000 0.000000  0.707107 0.707107 0.000000
2451545.182729  1.1462316589e+00  1.000000 0.000000 0.000000  0.707107 0.707107 0.000000
2451545.183396  1.1397867660e+00  1.000000 0.000000 0.000000  0.707107 0.707107 0.000000
2451545.184063  1.1362931496e+00  1.000000 0.000000 0.000000  0.707107 0.707107 0.000000
2451545.184730  1.1316415404e+00  1.000000 0.000000 0.000000  0.707107 0.707107 0.000000
2451545.185397  1.1240468541e+00  1.000000 0.000000 0.000000  0.707107 0.707107 0.000000
2451545.186064  1.1180162782e+00  1.000000 0.000000 0.000000  0.707107 0.707107 0.000000
2451545.186731  1.1124865621e+00  1.000000 0.000000 0.000000  0.707107 0.707107 0.000000
2451545.187398  1.1052017351e+00  1.000000 0.000000 0.000000  0.707107 0.707107 0.000000
2451545.188065  1.0991008087e+00  1.000000 0.000000 0.000000  0.707107 0.707107 0.000000
2451545.188732  1.0918519492e+00  1.000000 0.000000 0.000000  0.707107 0.707107 0.000000
2451545.189398  1.0797570347e+00  1.000000 0.000000 0.000000  0.707107 0.707107 0.000000
2451545.190065  1.0744782654e+00  1.000000 0.000000 0.000000  0.707107 0.707107 0.000000
2451545.190732  1.0670420572e+00  1.000000 0.000000 0.000000  0.707107 0.707107 0.000000
2451545.191399  1.0552114567e+00  1.000000 0.000000 0.000000  0.707107 0.707107 0.000000
2451545.192066  1.0475937566e+00  1.000000 0.000000 0.000000  0.707107 0.707107 0.000000
2451545.192733  1.0337122422e+00  1.000000 0.000000 0.000000  0.707107 0.707107 0.000000
2451545.193400  1.0256140088e+00  1.000000 0.000000 0.000000  0.707107 0.707107 0.000000
2451545.194067  1.0166755656e+00  1.000000 0.000000 0.000000  0.707107 0.707107 0.000000
2451545.194734  1.0033922028e+00  1.000000 0.000000 0.000000  0.707107 0.707107 0.000000
2451545.195400  9.9422437966e-01  1.000000 0.000000 0.000000  0.707107 0.707107 0.000000
2451545.196067  9.8556368664e-01  1.000000 0.000000 0.000000  0.707107 0.707107 0.000000
2451545.196734  9.7868477034e-01  1.000000 0.000000 0.000000  0.707107 0.707107 0.000000
2451545.197401  9.7069609357e-01  1.000000 0.000000 0.000000  0.707107 0.707107 0.000000
2451545.198068  9.6489138350e-01  1.000000 0.000000 0.000000  0.707107 0.707107 0.000000
2451545.198735  9.5813842287e-01  1.000000 0.000000 0.000000  0.707107 0.707107 0.000000
2451545.199402  9.5598215540e-01  1.000000 0.000000 0.000000  0.707107 0.707107 0.000000
2451545.200069  9.5546620567e-01  1.000000 0.000000 0.000000  0.707107 0.707107 0.000000
2451545.200736  9.5348798495e-01  1.000000 0.000000 0.000000  0.707107 0.707107 0.000000
2451545.201403  9.4965667235e-01  1.000000 0.000000 0.000000  0.707107 0.707107 0.000000
2451545.202069  9.4804501848e-01  1.000000 0.000000 0.000000  0.707107 0.707107 0.000000
2451545.202736  9.4639581218e-01  1.000000 0.000000 0.000000  0.707107 0.707107 0.000000
2451545.203403  9.4421825352e-01  1.000000 0.000000 0.000000  0.707107 0.707107 0.000000
2451545.204070  9.4080373845e-01  1.000000 0.000000 0.000000  0.707107 0.707107 0.000000
2451545.204737  9.3755293820e-01  1.000000 0.000000 0.000000  0.707107 0.707107 0.000000
2451545.205404  9.3539494813e-01  1.000000 0.000000 0.000000  0.707107 0.707107 0.000000
2451545.206071  9.3231220362e-01  1.000000 0.000000 0.000000  0.707107 0.707107 0.000000
2451545.206738  9.2839062738e-01  1.000000 0.000000 0.000000  0.707107 0.707107 0.000000
2451545.207405  9.2588116035e-01  1.000000 0.000000 0.000000  0.707107 0.707107 0.000000
2451545.208072  9.2373770893e-01  1.000000 0.000000 0.000000  0.707107 0.707107 0.000000
2451545.208738  9.2252101017e-01  1.000000 0.000000 0.000000  0.707107 0.707107 0.000000
2451545.209405  9.1983563240e-01  1.000000 0.000000 0.000000  0.707107 0.707107 0.000000
2451545.210072  9.1801134219e-01  1.000000 0.000000 0.000000  0.707107 0.707107 0.000000
2451545.210739  9.1157830071e-01  1.000000 0.000000 0.000000  0.707107 0.707107 0.000000
2451545.211406  9.1202810304e-01  1.000000 0.000000 0.000000  0.707107 0.707107 0.000000
2451545.212073  9.0970309079e-01  1.000000 0.000000 0.000000  0.707107 0.707107 0.000000
2451545.212740  9.0535879132e-01  1.000000 0.000000 0.000000  0.707107 0.707107 0.000000
2451545.213407  9.0313093306e-01  1.000000 0.000000 0.000000  0.707107 0.707107 0.000000
2451545.214074  9.0002104056e-01  1.000000 0.000000 0.000000  0.707107 0.707107 0.000000
2451545.214740  8.9620461112e-01  1.000000 0.000000 0.000000  0.707107 0.707107 0.000000
2451545.215407  8.9282571918e-01  1.000000 0.000000 0.000000  0.707107 0.707107 0.000000
2451545.216074  8.8518514311e-01  1.000000 0.000000 0.000000  0.707107 0.707107 0.000000
2451545.216741  8.8245931896e-01  1.000000 0.000000 0.000000  0.707107 0.707107 0.000000
2451545.217408  8.7909765290e-01  1.000000 0.000000 0.000000  0.707107 0.707107 0.000000
2451545.218075  8.7642433325e-01  1.000000 0.000000 0.000000  0.707107 0.707107 0.000000
2451545.218742  8.7195979709e-01  1.000000 0.000000 0.000000  0.707107 0.707107 0.000000
2451545.219409  8.6715887383e-01  1.000000 0.000000 0.000000  0.707107 0.707107 0.000000
2451545.220076  8.6315771399e-01  1.000000 0.000000 0.000000  0.707107 0.707107 0.000000
2451545.220743  8.6083373530e-01  1.000000 0.000000 0.000000  0.707107 0.707107 0.000000
2451545.221409  8.5874561343e-01  1.000000 0.000000 0.000000  0.707107 0.707107 0.000000
2451545.222076  8.5548964541e-01  1.000000 0.000000 0.000000  0.707107 0.707107 0.000000
2451545.222743  8.5302923770e-01  1.000000 0.000000 0.000000  0.707107 0.707107 0.000000
2451545.223410  8.5313279973e-01  1.000000 0.000000 0.000000  0.707107 0.707107 0.000000
2451545.224077  8.5751093084e-01  1.000000 0.000000 0.000000  0.707107 0.707107 0.000000
2451545.224744  8.5888507420e-01  1.000000 0.000000 0.000000  0.707107 0.707107 0.000000
2451545.225411  8.5940191968e-01  1.000000 0.000000 0.000000  0.707107 0.707107 0.000000
2451545.226078  8.6070330089e-01  1.000000 0.000000 0.000000  0.707107 0.707107 0.000000
2451545.226745  8.6030738113e-01  1.000000 0.000000 0.000000  0.707107 0.707107 0.000000
2451545.227411  8.6023062259e-01  1.000000 0.000000 0.000000  0.707107 0.707107 0.000000
2451545.228078  8.6137469701e-01  1.000000 0.000000 0.000000  0.707107 0.707107 0.000000
2451545.228745  8.6208150956e-01  1.000000 0.000000 0.000000  0.707107 0.707107 0.000000
2451545.229412  8.6201019439e-01  1.000000 0.000000 0.000000  0.707107 0.707107 0.000000
2451545.230079  8.6283200695e-01  1.000000 0.000000 0.000000  0.707107 0.707107 0.000000
2451545.230746  8.6368255228e-01  1.000000 0.000000 0.000000  0.707107 0.707107 0.000000
2451545.231413  8.6379996392e-01  1.000000 0.000000 0.000000  0.707107 0.707107 0.000000
2451545.232080  8.6306896623e-01  1.000000 0.000000 0.000000  0.707107 0.707107 0.000000
2451545.232747  8.6457499097e-01  1.000000 0.000000 0.000000  0.707107 0.707107 0.000000
2451545.233414  8.6425948165e-01  1.000000 0.000000 0.000000  0.707107 0.707107 0.000000
2451545.234080  8.6536627926e-01  1.000000 0.000000 0.000000  0.707107 0.707107 0.000000
2451545.234747  8.6473794785e-01  1.000000 0.000000 0.000000  0.707107 0.707107 0.000000
2451545.235414  8.6565278019e-01  1.000000 0.000000 0.000000  0.707107 0.707107 0.000000
2451545.236081  8.6477935888e-01  1.000000 0.000000 0.000000  0.707107 0.707107 0.000000
2451545.236748  8.6600177663e-01  1.000000 0.000000 0.000000  0.707107 0.707107 0.000000
2451545.237415  8.6870224429e-01  1.000000 0.000000 0.000000  0.707107 0.707107 0.000000
2451545.238082  8.6672801997e-01  1.000000 0.000000 0.000000  0.707107 0.707107 0.000000
2451545.238749  8.6697524589e-01  1.000000 0.000000 0.000000  0.707107 0.707107 0.000000
2451545.239416  8.7106177721e-01  1.000000 0.000000 0.000000  0.707107 0.707107 0.000000
360  1
2451545.000000  8.1075101722e-01  1.000000 0.000000 0.000000  0.000000 0.000000 1.000000
2451545.000667  8.1523074926e-01  1.000000 0.000000 0.000000  0.000000 0.000000 1.000000
2451545.001334  8.1851149067e-01  1.000000 0.000000 0.000000  0.000000 0.000000 1.000000
2451545.002001  8.2675163538e-01  1.000000 0.000000 0.000000  0.000000 0.000000 1.000000
2451545.002668  8.3103312331e-01  1.000000 0.000000 0.000000  0.000000 0.000000 1.000000
2451545.003334  8.3585653850e-01  1.000000 0.000000 0.000000  0.000000 0.000000 1.000000
2451545.004001  8.4093505329e-01  1.000000 0.000000 0.000000  0.000000 0.000000 1.000000
2451545.004668  8.4513223309e-01  1.000000 0.000000 0.000000  0.000000 0.000000 1.000000
2451545.005335  8.5176617289e-01  1.000000 0.000000 0.000000  0.000000 0.000000 1.000000
2451545.006002  8.5750227610e-01  1.000000 0.000000 0.000000  0.000000 0.000000 1.000000
2451545.006669  8.6260786851e-01  1.000000 0.000000 0.000000  0.000000 0.000000 1.000000
2451545.007336  8.6578232467e-01  1.000000 0.000000 0.000000  0.000000 0.000000 1.000000
2451545.008003  8.7220144375e-01  1.000000 0.000000 0.000000  0.000000 0.000000 1.000000
2451545.008670  8.7722085285e-01  1.000000 0.000000 0.000000  0.000000 0.000000 1.000000
2451545.009337  8.8138180415e-01  1.000000 0.000000 0.000000  0.000000 0.000000 1.000000
2451545.010003  8.8812165417e-01  1.000000 0.000000 0.000000  0.000000 0.000000 1.000000
2451545.010670  8.9216716933e-01  1.000000 0.000000 0.000000  0.000000 0.000000 1.000000
2451545.011337  8.9635302303e-01  1.000000 0.000000 0.000000  0.000000 0.000000 1.000000
2451545.012004  9.0219893684e-01  1.000000 0.000000 0.000000  0.000000 0.000000 1.000000
2451545.012671  9.0423230794e-01  1.000000 0.000000 0.000000  0.000000 0.000000 1.000000
2451545.013338  9.0662121334e-01  1.000000 0.000000 0.000000  0.000000 0.000000 1.000000
2451545.014005  9.1365869206e-01  1.000000 0.000000 0.000000  0.000000 0.000000 1.000000
2451545.014672  9.1746268394e-01  1.000000 0.000000 0.000000  0.000000 0.000000 1.000000
2451545.015339  9.2159138213e-01  1.000000 0.000000 0.000000  0.000000 0.000000 1.000000
2451545.016006  9.2447150990e-01  1.000000 0.000000 0.000000  0.000000 0.000000 1.000000
2451545.016672  9.2914881100e-01  1.000000 0.000000 0.000000  0.000000 0.000000 1.000000
2451545.017339  9.3260949476e-01  1.000000 0.000000 0.000000  0.000000 0.000000 1.000000
2451545.018006  9.4148547580e-01  1.000000 0.000000 0.000000  0.000000 0.000000 1.000000
2451545.018673  9.4596430775e-01  1.000000 0.000000 0.000000  0.000000 0.000000 1.000000
2451545.019340  9.4875712710e-01  1.000000 0.000000 0.000000  0.000000 0.000000 1.000000
2451545.020007  9.5446187729e-01  1.000000 0.000000 0.000000  0.000000 0.000000 1.000000
2451545.020674  9.5982774480e-01  1.000000 0.000000 0.000000  0.000000 0.000000 1.000000
2451545.021341  9.6464350925e-01  1.000000 0.000000 0.000000  0.000000 0.000000 1.000000
2451545.022008  9.7253944577e-01  1.000000 0.000000 0.000000  0.000000 0.000000 1.000000
2451545.022674  9.7678117986e-01  1.000000 0.000000 0.000000  0.000000 0.000000 1.000000
2451545.023341  9.8411853751e-01  1.000000 0.000000 0.000000  0.000000 0.000000 1.000000
2451545.024008  9.9322779104e-01  1.000000 0.000000 0.000000  0.000000 0.000000 1.000000
2451545.024675  9.9933855539e-01  1.000000 0.000000 0.000000  0.000000 0.000000 1.000000
2451545.025342  1.0088085187e+00  1.000000 0.000000 0.000000  0.000000 0.000000 1.000000
2451545.026009  1.0143523784e+00  1.000000 0.000000 0.000000  0.000000 0.000000 1.000000
2451545.026676  1.0193720125e+00  1.000000 0.000000 0.000000  0.000000 0.000000 1.000000
2451545.027343  1.0247207033e+00  1.000000 0.000000 0.000000  0.000000 0.000000 1.000000
2451545.028010  1.0288929807e+00  1.000000 0.000000 0.000000  0.000000 0.000000 1.000000
2451545.028677  1.0313719698e+00  1.000000 0.000000 0.000000  0.000000 0.000000 1.000000
2451545.029343  1.0401291394e+00  1.000000 0.000000 0.000000  0.000000 0.000000 1.000000
2451545.030010  1.0430169929e+00  1.000000 0.000000 0.000000  0.000000 0.000000 1.000000
2451545.030677  1.0461159918e+00  1.000000 0.000000 0.000000  0.000000 0.000000 1.000000
2451545.031344  1.0470220042e+00  1.000000 0.000000 0.000000  0.000000 0.000000 1.000000
2451545.032011  1.0477530247e+00  1.000000 0.000000 0.000000  0.000000 0.000000 1.000000
2451545.032678  1.0494958928e+00  1.000000 0.000000 0.000000  0.000000 0.000000 1.000000
2451545.033345  1.0521773264e+00  1.000000 0.000000 0.000000  0.000000 0.000000 1.000000
2451545.034012  1.0524067735e+00  1.000000 0.000000 0.000000  0.000000 0.000000 1.000000
2451545.034679  1.0528738436e+00  1.000000 0.000000 0.000000  0.000000 0.000000 1.000000
2451545.035345  1.0519694813e+00  1.000000 0.000000 0.000000  0.000000 0.000000 1.000000
2451545.036012  1.0523160898e+00  1.000000 0.000000 0.000000  0.000000 0.000000 1.000000
2451545.036679  1.0526893258e+00  1.000000 0.000000 0.000000  0.000000 0.000000 1.000000
2451545.037346  1.0509511831e+00  1.000000 0.000000 0.000000  0.000000 0.000000 1.000000
2451545.038013  1.0482040432e+00  1.000000 0.000000 0.000000  0.000000 0.000000 1.000000
2451545.038680  1.0477122207e+00  1.000000 0.000000 0.000000  0.000000 0.000000 1.000000
2451545.039347  1.0443774741e+00  1.000000 0.000000 0.000000  0.000000 0.000000 1.000000
2451545.040014  1.0426822356e+00  1.000000 0.000000 0.000000  0.000000 0.000000 1.000000
2451545.040681  1.0393290372e+00  1.000000 0.000000 0.000000  0.000000 0.000000 1.000000
2451545.041348  1.0373980510e+00  1.000000 0.000000 0.000000  0.000000 0.000000 1.000000
2451545.042014  1.0347102418e+00  1.000000 0.000000 0.000000  0.000000 0.000000 1.000000
2451545.042681  1.0322788823e+00  1.000000 0.000000 0.000000  0.000000 0.000000 1.000000
2451545.043348  1.0248703428e+00  1.000000 0.000000 0.000000  0.000000 0.000000 1.000000
2451545.044015  1.0222612161e+00  1.000000 0.000000 0.000000  0.000000 0.000000 1.000000
2451545.044682  1.0207574711e+00  1.000000 0.000000 0.000000  0.000000 0.000000 1.000000
2451545.045349  1.0199610443e+00  1.000000 0.000000 0.000000  0.000000 0.000000 1.000000
2451545.046016  1.0187104487e+00  1.000000 0.000000 0.000000  0.000000 0.000000 1.000000
2451545.046683  1.0168414934e+00  1.000000 0.000000 0.000000  0.000000 0.000000 1.000000
2451545.047350  1.0120985610e+00  1.000000 0.000000 0.000000  0.000000 0.000000 1.000000
2451545.048017  1.0124191419e+00  1.000000 0.000000 0.000000  0.000000 0.000000 1.000000
2451545.048683  1.0093149676e+00  1.000000 0.000000 0.000000  0.000000 0.000000 1.000000
2451545.049350  1.0081736575e+00  1.000000 0.000000 0.000000  0.000000 0.000000 1.000000
2451545.050017  1.0057290217e+00  1.000000 0.000000 0.000000  0.000000 0.000000 1.000000
2451545.050684  1.0022723883e+00  1.000000 0.000000 0.000000  0.000000 0.000000 1.000000
2451545.051351  1.0005112185e+00  1.000000 0.000000 0.000000  0.000000 0.000000 1.000000
2451545.052018  9.9847642224e-01  1.000000 0.000000 0.000000  0.000000 0.000000 1.000000
2451545.052685  9.9548670890e-01  1.000000 0.000000 0.000000  0.000000 0.000000 1.000000
2451545.053352  9.9280865062e-01  1.000000 0.000000 0.000000  0.000000 0.000000 1.000000
2451545.054019  9.9028728245e-01  1.000000 0.000000 0.000000  0.000000 0.000000 1.000000
2451545.054685  9.8822165823e-01  1.000000 0.000000 0.000000  0.000000 0.000000 1.000000
2451545.055352  9.8558402884e-01  1.000000 0.000000 0.000000  0.000000 0.000000 1.000000
2451545.056019  9.8367794501e-01  1.000000 0.000000 0.000000  0.000000 0.000000 1.000000
2451545.056686  9.8365859315e-01  1.000000 0.000000 0.000000  0.000000 0.000000 1.000000
2451545.057353  9.8207751566e-01  1.000000 0.000000 0.000000  0.000000 0.000000 1.000000
2451545.058020  9.8120923192e-01  1.000000 0.000000 0.000000  0.000000 0.000000 1.000000
2451545.058687  9.7625560417e-01  1.000000 0.000000 0.000000  0.000000 0.000000 1.000000
2451545.059354  9.7547965434e-01  1.000000 0.000000 0.000000  0.000000 0.000000 1.000000
2451545.060021  9.7316635623e-01  1.000000 0.000000 0.000000  0.000000 0.000000 1.000000
2451545.060688  9.7046879607e-01  1.000000 0.000000 0.000000  0.000000 0.000000 1.000000
2451545.061354  9.6918872261e-01  1.000000 0.000000 0.000000  0.000000 0.000000 1.000000
2451545.062021  9.6612032668e-01  1.000000 0.000000 0.000000  0.000000 0.000000 1.000000
2451545.062688  9.6314779000e-01  1.000000 0.000000 0.000000  0.000000 0.000000 1.000000
2451545.063355  9.5806132444e-01  1.000000 0.000000 0.000000  0.000000 0.000000 1.000000
2451545.064022  9.5693516583e-01  1.000000 0.000000 0.000000  0.000000 0.000000 1.000000
2451545.064689  9.5475223030e-01  1.000000 0.000000 0.000000  0.000000 0.000000 1.000000
2451545.065356  9.5231952068e-01  1.000000 0.000000 0.000000  0.000000 0.000000 1.000000
2451545.066023  9.4976064889e-01  1.000000 0.000000 0.000000  0.000000 0.000000 1.000000
2451545.066690  9.4576718874e-01  1.000000 0.000000 0.000000  0.000000 0.000000 1.000000
2451545.067356  9.4339868531e-01  1.000000 0.000000 0.000000  0.000000 0.000000 1.000000
2451545.068023  9.4117907124e-01  1.000000 0.000000 0.000000  0.000000 0.000000 1.000000
2451545.068690  9.4004023641e-01  1.000000 0.000000 0.000000  0.000000 0.000000 1.000000
2451545.069357  9.3672326651e-01  1.000000 0.000000 0.000000  0.000000 0.000000 1.000000
2451545.070024  9.3500507580e-01  1.000000 0.000000 0.000000  0.000000 0.000000 1.000000
2451545.070691  9.2982672638e-01  1.000000 0.000000 0.000000  0.000000 0.000000 1.000000
2451545.071358  9.2745874800e-01  1.000000 0.000000 0.000000  0.000000 0.000000 1.000000
2451545.072025  9.2610944287e-01  1.000000 0.000000 0.000000  0.000000 0.000000 1.000000
2451545.072692  9.2277642142e-01  1.000000 0.000000 0.000000  0.000000 0.000000 1.000000
2451545.073359  9.2048457538e-01  1.000000 0.000000 0.000000  0.000000 0.000000 1.000000
2451545.074025  9.1747701032e-01  1.000000 0.000000 0.000000  0.000000 0.000000 1.000000
2451545.074692  9.1374930080e-01  1.000000 0.000000 0.000000  0.000000 0.000000 1.000000
2451545.075359  9.0989745431e-01  1.000000 0.000000 0.000000  0.000000 0.000000 1.000000
2451545.076026  9.0757733055e-01  1.000000 0.000000 0.000000  0.000000 0.000000 1.000000
2451545.076693  9.0621647431e-01  1.000000 0.000000 0.000000  0.000000 0.000000 1.000000
2451545.077360  9.0353744093e-01  1.000000 0.000000 0.000000  0.000000 0.000000 1.000000
2451545.078027  9.0165985985e-01  1.000000 0.000000 0.000000  0.000000 0.000000 1.000000
2451545.078694  9.0028032680e-01  1.000000 0.000000 0.000000  0.000000 0.000000 1.000000
2451545.079361  9.0072504469e-01  1.000000 0.000000 0.000000  0.000000 0.000000 1.000000
2451545.080028  9.0239838107e-01  1.000000 0.000000 0.000000  0.000000 0.000000 1.000000
2451545.080694  9.0598627710e-01  1.000000 0.000000 0.000000  0.000000 0.000000 1.000000
2451545.081361  9.0895866377e-01  1.000000 0.000000 0.000000  0.000000 0.000000 1.000000
2451545.082028  9.1163409680e-01  1.000000 0.000000 0.000000  0.000000 0.000000 1.000000
2451545.082695  9.1646043728e-01  1.000000 0.000000 0.000000  0.000000 0.000000 1.000000
2451545.083362  9.1981776107e-01  1.000000 0.000000 0.000000  0.000000 0.000000 1.000000
2451545.084029  9.2533866853e-01  1.000000 0.000000 0.000000  0.000000 0.000000 1.000000
2451545.084696  9.2794937032e-01  1.000000 0.000000 0.000000  0.000000 0.000000 1.000000
2451545.085363  9.3186467292e-01  1.000000 0.000000 0.000000  0.000000 0.000000 1.000000
2451545.086030  9.3509463444e-01  1.000000 0.000000 0.000000  0.000000 0.000000 1.000000
2451545.086696  9.3712778052e-01  1.000000 0.000000 0.000000  0.000000 0.000000 1.000000
2451545.087363  9.3946215566e-01  1.000000 0.000000 0.000000  0.000000 0.000000 1.000000
2451545.088030  9.4493010801e-01  1.000000 0.000000 0.000000  0.000000 0.000000 1.000000
2451545.088697  9.4635314525e-01  1.000000 0.000000 0.000000  0.000000 0.000000 1.000000
2451545.089364  9.4780911067e-01  1.000000 0.000000 0.000000  0.000000 0.000000 1.000000
2451545.090031  9.5119546227e-01  1.000000 0.000000 0.000000  0.000000 0.000000 1.000000
2451545.090698  9.5156907330e-01  1.000000 0.000000 0.000000  0.000000 0.000000 1.000000
2451545.091365  9.5363582263e-01  1.000000 0.000000 0.000000  0.000000 0.000000 1.000000
2451545.092032  9.5621127101e-01  1.000000 0.000000 0.000000  0.000000 0.000000 1.000000
2451545.092699  9.5769423904e-01  1.000000 0.000000 0.000000  0.000000 0.000000 1.000000
2451545.093365  9.5700364743e-01  1.000000 0.000000 0.000000  0.000000 0.000000 1.000000
2451545.094032  9.5494957433e-01  1.000000 0.000000 0.000000  0.000000 0.000000 1.000000
2451545.094699  9.5623309812e-01  1.000000 0.000000 0.000000  0.000000 0.000000 1.000000
2451545.095366  9.5526347960e-01  1.000000 0.000000 0.000000  0.000000 0.000000 1.000000
2451545.096033  9.5448415444e-01  1.000000 0.000000 0.000000  0.000000 0.000000 1.000000
2451545.096700  9.5180579613e-01  1.000000 0.000000 0.000000  0.000000 0.000000 1.000000
2451545.097367  9.4906728202e-01  1.000000 0.000000 0.000000  0.000000 0.000000 1.000000
2451545.098034  9.4787856737e-01  1.000000 0.000000 0.000000  0.000000 0.000000 1.000000
2451545.098701  9.4761529198e-01  1.000000 0.000000 0.000000  0.000000 0.000000 1.000000
2451545.099367  9.4653811309e-01  1.000000 0.000000 0.000000  0.000000 0.000000 1.000000
2451545.100034  9.4471551231e-01  1.000000 0.000000 0.000000  0.000000 0.000000 1.000000
2451545.100701  9.4404247240e-01  1.000000 0.000000 0.000000  0.000000 0.000000 1.000000
2451545.101368  9.4050753148e-01  1.000000 0.000000 0.000000  0.000000 0.000000 1.000000
2451545.102035  9.3927981307e-01  1.000000 0.000000 0.000000  0.000000 0.000000 1.000000
2451545.102702  9.3694123753e-01  1.000000 0.000000 0.000000  0.000000 0.000000 1.000000
2451545.103369  9.3339204523e-01  1.000000 0.000000 0.000000  0.000000 0.000000 1.000000
2451545.104036  9.3191927819e-01  1.000000 0.000000 0.000000  0.000000 0.000000 1.000000
2451545.104703  9.2966403569e-01  1.000000 0.000000 0.000000  0.000000 0.000000 1.000000
2451545.105370  9.2604673682e-01  1.000000 0.000000 0.000000  0.000000 0.000000 1.000000
2451545.106036  9.2298449148e-01  1.000000 0.000000 0.000000  0.000000 0.000000 1.000000
2451545.106703  9.1973142774e-01  1.000000 0.000000 0.000000  0.000000 0.000000 1.000000
2451545.107370  9.1697648705e-01  1.000000 0.000000 0.000000  0.000000 0.000000 1.000000
2451545.108037  9.1588678195e-01  1.000000 0.000000 0.000000  0.000000 0.000000 1.000000
2451545.108704  9.1694693420e-01  1.000000 0.000000 0.000000  0.000000 0.000000 1.000000
2451545.109371  9.2111486117e-01  1.000000 0.000000 0.000000  0.000000 0.000000 1.000000
2451545.110038  9.2469975691e-01  1.000000 0.000000 0.000000  0.000000 0.000000 1.000000
2451545.110705  9.2876747422e-01  1.000000 0.000000 0.000000  0.000000 0.000000 1.000000
2451545.111372  9.3610295668e-01  1.000000 0.000000 0.000000  0.000000 0.000000 1.000000
2451545.112039  9.3921463179e-01  1.000000 0.000000 0.000000  0.000000 0.000000 1.000000
2451545.112705  9.4410862878e-01  1.000000 0.000000 0.000000  0.000000 0.000000 1.000000
2451545.113372  9.4737031835e-01  1.000000 0.000000 0.000000  0.000000 0.000000 1.000000
2451545.114039  9.5086460536e-01  1.000000 0.000000 0.000000  0.000000 0.000000 1.000000
2451545.114706  9.5497845211e-01  1.000000 0.000000 0.000000  0.000000 0.000000 1.000000
2451545.115373  9.6267269418e-01  1.000000 0.000000 0.000000  0.000000 0.000000 1.000000
2451545.116040  9.6676771412e-01  1.000000 0.000000 0.000000  0.000000 0.000000 1.000000
2451545.116707  9.6864176986e-01  1.000000 0.000000 0.000000  0.000000 0.000000 1.000000
2451545.117374  9.7359869793e-01  1.000000 0.000000 0.000000  0.000000 0.000000 1.000000
2451545.118041  9.7400981258e-01  1.000000 0.000000 0.000000  0.000000 0.000000 1.000000
2451545.118707  9.7746937123e-01  1.000000 0.000000 0.000000  0.000000 0.000000 1.000000
2451545.119374  9.8248435490e-01  1.000000 0.000000 0.000000  0.000000 0.000000 1.000000
2451545.120041  9.8473689714e-01  1.000000 0.000000 0.000000  0.000000 0.000000 1.000000
2451545.120708  9.8755799422e-01  1.000000 0.000000 0.000000  0.000000 0.000000 1.000000
2451545.121375  9.8890722435e-01  1.000000 0.000000 0.000000  0.000000 0.000000 1.000000
2451545.122042  9.9195019282e-01  1.000000 0.000000 0.000000  0.000000 0.000000 1.000000
2451545.122709  9.9647530424e-01  1.000000 0.000000 0.000000  0.000000 0.000000 1.000000
2451545.123376  9.9815449119e-01  1.000000 0.000000 0.000000  0.000000 0.000000 1.000000
2451545.124043  9.9975754580e-01  1.000000 0.000000 0.000000  0.000000 0.000000 1.000000
2451545.124710  1.0009782885e+00  1.000000 0.000000 0.000000  0.000000 0.000000 1.000000
2451545.125376  1.0029840570e+00  1.000000 0.000000 0.000000  0.000000 0.000000 1.000000
2451545.126043  1.0050087272e+00  1.000000 0.000000 0.000000  0.000000 0.000000 1.000000
2451545.126710  1.0093136174e+00  1.000000 0.000000 0.000000  0.000000 0.000000 1.000000
2451545.127377  1.0095698421e+00  1.000000 0.000000 0.000000  0.000000 0.000000 1.000000
2451545.128044  1.0115952625e+00  1.000000 0.000000 0.000000  0.000000 0.000000 1.000000
2451545.128711  1.0115176300e+00  1.000000 0.000000 0.000000  0.000000 0.000000 1.000000
2451545.129378  1.0123195323e+00  1.000000 0.000000 0.000000  0.000000 0.000000 1.000000
2451545.130045  1.0133455563e+00  1.000000 0.000000 0.000000  0.000000 0.000000 1.000000
2451545.130712  1.0159604585e+00  1.000000 0.000000 0.000000  0.000000 0.000000 1.000000
2451545.131378  1.0202498972e+00  1.000000 0.000000 0.000000  0.000000 0.000000 1.000000
2451545.132045  1.0217223642e+00  1.000000 0.000000 0.000000  0.000000 0.000000 1.000000
2451545.132712  1.0267847524e+00  1.000000 0.000000 0.000000  0.000000 0.000000 1.000000
2451545.133379  1.0322284024e+00  1.000000 0.000000 0.000000  0.000000 0.000000 1.000000
2451545.134046  1.0392426289e+00  1.000000 0.000000 0.000000  0.000000 0.000000 1.000000
2451545.134713  1.0490782525e+00  1.000000 0.000000 0.000000  0.000000 0.000000 1.000000
2451545.135380  1.0557021413e+00  1.000000 0.000000 0.000000  0.000000 0.000000 1.000000
2451545.136047  1.0622583736e+00  1.000000 0.000000 0.000000  0.000000 0.000000 1.000000
2451545.136714  1.0729378286e+00  1.000000 0.000000 0.000000  0.000000 0.000000 1.000000
2451545.137381  1.0793147186e+00  1.000000 0.000000 0.000000  0.000000 0.000000 1.000000
2451545.138047  1.0872872375e+00  1.000000 0.000000 0.000000  0.000000 0.000000 1.000000
2451545.138714  1.0963454861e+00  1.000000 0.000000 0.000000  0.000000 0.000000 1.000000
2451545.139381  1.1011796274e+00  1.000000 0.000000 0.000000  0.000000 0.000000 1.000000
2451545.140048  1.1078937499e+00  1.000000 0.000000 0.000000  0.000000 0.000000 1.000000
2451545.140715  1.1127688451e+00  1.000000 0.000000 0.000000  0.000000 0.000000 1.000000
2451545.141382  1.1181825672e+00  1.000000 0.000000 0.000000  0.000000 0.000000 1.000000
2451545.142049  1.1209378829e+00  1.000000 0.000000 0.000000  0.000000 0.000000 1.000000
2451545.142716  1.1289186526e+00  1.000000 0.000000 0.000000  0.000000 0.000000 1.000000
2451545.143383  1.1338086742e+00  1.000000 0.000000 0.000000  0.000000 0.000000 1.000000
2451545.144050  1.1366816763e+00  1.000000 0.000000 0.000000  0.000000 0.000000 1.000000
2451545.144716  1.1394170401e+00  1.000000 0.000000 0.000000  0.000000 0.000000 1.000000
2451545.145383  1.1406258567e+00  1.000000 0.000000 0.000000  0.000000 0.000000 1.000000
2451545.146050  1.1445419094e+00  1.000000 0.000000 0.000000  0.000000 0.000000 1.000000
2451545.146717  1.1472810236e+00  1.000000 0.000000 0.000000  0.000000 0.000000 1.000000
2451545.147384  1.1478807064e+00  1.000000 0.000000 0.000000  0.000000 0.000000 1.000000
2451545.148051  1.1501335487e+00  1.000000 0.000000 0.000000  0.000000 0.000000 1.000000
2451545.148718  1.1491787066e+00  1.000000 0.000000 0.000000  0.000000 0.000000 1.000000
2451545.149385  1.1510637884e+00  1.000000 0.000000 0.000000  0.000000 0.000000 1.000000
2451545.150052  1.1525200539e+00  1.000000 0.000000 0.000000  0.000000 0.000000 1.000000
2451545.150718  1.1530223023e+00  1.000000 0.000000 0.000000  0.000000 0.000000 1.000000
2451545.151385  1.1526318146e+00  1.000000 0.000000 0.000000  0.000000 0.000000 1.000000
2451545.152052  1.1526147130e+00  1.000000 0.000000 0.000000  0.000000 0.000000 1.000000
2451545.152719  1.1535742055e+00  1.000000 0.000000 0.000000  0.000000 0.000000 1.000000
2451545.153386  1.1544943193e+00  1.000000 0.000000 0.000000  0.000000 0.000000 1.000000
2451545.154053  1.1580960916e+00  1.000000 0.000000 0.000000  0.000000 0.000000 1.000000
2451545.154720  1.1587460293e+00  1.000000 0.000000 0.000000  0.000000 0.000000 1.000000
2451545.155387  1.1608588331e+00  1.000000 0.000000 0.000000  0.000000 0.000000 1.000000
2451545.156054  1.1629687866e+00  1.000000 0.000000 0.000000  0.000000 0.000000 1.000000
2451545.156721  1.1665010272e+00  1.000000 0.000000 0.000000  0.000000 0.000000 1.000000
2451545.157387  1.1677793755e+00  1.000000 0.000000 0.000000  0.000000 0.000000 1.000000
2451545.158054  1.1733275106e+00  1.000000 0.000000 0.000000  0.000000 0.000000 1.000000
2451545.158721  1.1780711931e+00  1.000000 0.000000 0.000000  0.000000 0.000000 1.000000
2451545.159388  1.1807443009e+00  1.000000 0.000000 0.000000  0.000000 0.000000 1.000000
2451545.160055  1.1839434345e+00  1.000000 0.000000 0.000000  0.000000 0.000000 1.000000
2451545.160722  1.1857917627e+00  1.000000 0.000000 0.000000  0.000000 0.000000 1.000000
2451545.161389  1.1878825894e+00  1.000000 0.000000 0.000000  0.000000 0.000000 1.000000
2451545.162056  1.1925013848e+00  1.000000 0.000000 0.000000  0.000000 0.000000 1.000000
2451545.162723  1.1935150326e+00  1.000000 0.000000 0.000000  0.000000 0.000000 1.000000
2451545.163389  1.1941811718e+00  1.000000 0.000000 0.000000  0.000000 0.000000 1.000000
2451545.164056  1.1958439322e+00  1.000000 0.000000 0.000000  0.000000 0.000000 1.000000
2451545.164723  1.1994772076e+00  1.000000 0.000000 0.000000  0.000000 0.000000 1.000000
2451545.165390  1.2012536039e+00  1.000000 0.000000 0.000000  0.000000 0.000000 1.000000
2451545.166057  1.2028025033e+00  1.000000 0.000000 0.000000  0.000000 0.000000 1.000000
2451545.166724  1.2016622433e+00  1.000000 0.000000 0.000000  0.000000 0.000000 1.000000
2451545.167391  1.2023283076e+00  1.000000 0.000000 0.000000  0.000000 0.000000 1.000000
2451545.168058  1.2006861742e+00  1.000000 0.000000 0.000000  0.000000 0.000000 1.000000
2451545.168725  1.2004682782e+00  1.000000 0.000000 0.000000  0.000000 0.000000 1.000000
2451545.169392  1.2011569946e+00  1.000000 0.000000 0.000000  0.000000 0.000000 1.000000
2451545.170058  1.1990291144e+00  1.000000 0.000000 0.000000  0.000000 0.000000 1.000000
2451545.170725  1.1977224134e+00  1.000000 0.000000 0.000000  0.000000 0.000000 1.000000
2451545.171392  1.1930884664e+00  1.000000 0.000000 0.000000  0.000000 0.000000 1.000000
2451545.172059  1.1905112929e+00  1.000000 0.000000 0.000000  0.000000 0.000000 1.000000
2451545.172726  1.1884380929e+00  1.000000 0.000000 0.000000  0.000000 0.000000 1.000000
2451545.173393  1.1861402463e+00  1.000000 0.000000 0.000000  0.000000 0.000000 1.000000
2451545.174060  1.1845756704e+00  1.000000 0.000000 0.000000  0.000000 0.000000 1.000000
2451545.174727  1.1807091975e+00  1.000000 0.000000 0.000000  0.000000 0.000000 1.000000
2451545.175394  1.1765504964e+00  1.000000 0.000000 0.000000  0.000000 0.000000 1.000000
2451545.176061  1.1720164592e+00  1.000000 0.000000 0.000000  0.000000 0.000000 1.000000
2451545.176727  1.1700355181e+00  1.000000 0.000000 0.000000  0.000000 0.000000 1.000000
2451545.177394  1.1661894472e+00  1.000000 0.000000 0.000000  0.000000 0.000000 1.000000
2451545.178061  1.1636244998e+00  1.000000 0.000000 0.000000  0.000000 0.000000 1.000000
2451545.178728  1.1600352536e+00  1.000000 0.000000 0.000000  0.000000 0.000000 1.000000
2451545.179395  1.1535396272e+00  1.000000 0.000000 0.000000  0.000000 0.000000 1.000000
2451545.180062  1.1499127274e+00  1.000000 0.000000 0.000000  0.000000 0.000000 1.000000
2451545.180729  1.1460326032e+00  1.000000 0.000000 0.000000  0.000000 0.000000 1.000000
2451545.181396  1.1393349822e+00  1.000000 0.000000 0.000000  0.000000 0.000000 1.000000
2451545.182063  1.1337209158e+00  1.000000 0.000000 0.000000  0.000000 0.000000 1.000000
2451545.182729  1.1292894884e+00  1.000000 0.000000 0.000000  0.000000 0.000000 1.000000
2451545.183396  1.1201470067e+00  1.000000 0.000000 0.000000  0.000000 0.000000 1.000000
2451545.184063  1.1151529500e+00  1.000000 0.000000 0.000000  0.000000 0.000000 1.000000
2451545.184730  1.1097854323e+00  1.000000 0.000000 0.000000  0.000000 0.000000 1.000000
2451545.185397  1.1035069518e+00  1.000000 0.000000 0.000000  0.000000 0.000000 1.000000
2451545.186064  1.0985269965e+00  1.000000 0.000000 0.000000  0.000000 0.000000 1.000000
2451545.186731  1.0925655716e+00  1.000000 0.000000 0.000000  0.000000 0.000000 1.000000
2451545.187398  1.0846022036e+00  1.000000 0.000000 0.000000  0.000000 0.000000 1.000000
2451545.188065  1.0843426035e+00  1.000000 0.000000 0.000000  0.000000 0.000000 1.000000
2451545.188732  1.0843562549e+00  1.000000 0.000000 0.000000  0.000000 0.000000 1.000000
2451545.189398  1.0840412245e+00  1.000000 0.000000 0.000000  0.000000 0.000000 1.000000
2451545.190065  1.0825648571e+00  1.000000 0.000000 0.000000  0.000000 0.000000 1.000000
2451545.190732  1.0811856991e+00  1.000000 0.000000 0.000000  0.000000 0.000000 1.000000
2451545.191399  1.0791989075e+00  1.000000 0.000000 0.000000  0.000000 0.000000 1.000000
2451545.192066  1.0777736200e+00  1.000000 0.000000 0.000000  0.000000 0.000000 1.000000
2451545.192733  1.0749240202e+00  1.000000 0.000000 0.000000  0.000000 0.000000 1.000000
2451545.193400  1.0733173652e+00  1.000000 0.000000 0.000000  0.000000 0.000000 1.000000
2451545.194067  1.0705560489e+00  1.000000 0.000000 0.000000  0.000000 0.000000 1.000000
2451545.194734  1.0679634989e+00  1.000000 0.000000 0.000000  0.000000 0.000000 1.000000
2451545.195400  1.0667114031e+00  1.000000 0.000000 0.000000  0.000000 0.000000 1.000000
2451545.196067  1.0645748971e+00  1.000000 0.000000 0.000000  0.000000 0.000000 1.000000
2451545.196734  1.0636586837e+00  1.000000 0.000000 0.000000  0.000000 0.000000 1.000000
2451545.197401  1.0603833428e+00  1.000000 0.000000 0.000000  0.000000 0.000000 1.000000
2451545.198068  1.0597725589e+00  1.000000 0.000000 0.000000  0.000000 0.000000 1.000000
2451545.198735  1.0541769442e+00  1.000000 0.000000 0.000000  0.000000 0.000000 1.000000
2451545.199402  1.0520339125e+00  1.000000 0.000000 0.000000  0.000000 0.000000 1.000000
2451545.200069  1.0488126519e+00  1.000000 0.000000 0.000000  0.000000 0.000000 1.000000
2451545.200736  1.0465433830e+00  1.000000 0.000000 0.000000  0.000000 0.000000 1.000000
2451545.201403  1.0439826360e+00  1.000000 0.000000 0.000000  0.000000 0.000000 1.000000
2451545.202069  1.0404272182e+00  1.000000 0.000000 0.000000  0.000000 0.000000 1.000000
2451545.202736  1.0354659397e+00  1.000000 0.000000 0.000000  0.000000 0.000000 1.000000
2451545.203403  1.0317108525e+00  1.000000 0.000000 0.000000  0.000000 0.000000 1.000000
2451545.204070  1.0279627410e+00  1.000000 0.000000 0.000000  0.000000 0.000000 1.000000
2451545.204737  1.0233227185e+00  1.000000 0.000000 0.000000  0.000000 0.000000 1.000000
2451545.205404  1.0183531142e+00  1.000000 0.000000 0.000000  0.000000 0.000000 1.000000
2451545.206071  1.0144148594e+00  1.000000 0.000000 0.000000  0.000000 0.000000 1.000000
2451545.206738  1.0090578428e+00  1.000000 0.000000 0.000000  0.000000 0.000000 1.000000
2451545.207405  1.0057666003e+00  1.000000 0.000000 0.000000  0.000000 0.000000 1.000000
2451545.208072  1.0016635546e+00  1.000000 0.000000 0.000000  0.000000 0.000000 1.000000
2451545.208738  9.9573078244e-01  1.000000 0.000000 0.000000  0.000000 0.000000 1.000000
2451545.209405  9.9174362290e-01  1.000000 0.000000 0.000000  0.000000 0.000000 1.000000
2451545.210072  9.8915572331e-01  1.000000 0.000000 0.000000  0.000000 0.000000 1.000000
2451545.210739  9.8063917694e-01  1.000000 0.000000 0.000000  0.000000 0.000000 1.000000
2451545.211406  9.7611939103e-01  1.000000 0.000000 0.000000  0.000000 0.000000 1.000000
2451545.212073  9.7192431144e-01  1.000000 0.000000 0.000000  0.000000 0.000000 1.000000
2451545.212740  9.6703901529e-01  1.000000 0.000000 0.000000  0.000000 0.000000 1.000000
2451545.213407  9.6318694378e-01  1.000000 0.000000 0.000000  0.000000 0.000000 1.000000
2451545.214074  9.5877801856e-01  1.000000 0.000000 0.000000  0.000000 0.000000 1.000000
2451545.214740  9.4965046326e-01  1.000000 0.000000 0.000000  0.000000 0.000000 1.000000
2451545.215407  9.4431647383e-01  1.000000 0.000000 0.000000  0.000000 0.000000 1.000000
2451545.216074  9.3850896373e-01  1.000000 0.000000 0.000000  0.000000 0.000000 1.000000
2451545.216741  9.3336541766e-01  1.000000 0.000000 0.000000  0.000000 0.000000 1.000000
2451545.217408  9.2732688528e-01  1.000000 0.000000 0.000000  0.000000 0.000000 1.000000
2451545.218075  9.1951098148e-01  1.000000 0.000000 0.000000  0.000000 0.000000 1.000000
2451545.218742  9.1361698804e-01  1.000000 0.000000 0.000000  0.000000 0.000000 1.000000
2451545.219409  9.0758843162e-01  1.000000 0.000000 0.000000  0.000000 0.000000 1.000000
2451545.220076  8.9879908394e-01  1.000000 0.000000 0.000000  0.000000 0.000000 1.000000
2451545.220743  8.9241131788e-01  1.000000 0.000000 0.000000  0.000000 0.000000 1.000000
2451545.221409  8.8731787665e-01  1.000000 0.000000 0.000000  0.000000 0.000000 1.000000
2451545.222076  8.8099679201e-01  1.000000 0.000000 0.000000  0.000000 0.000000 1.000000
2451545.222743  8.7675370779e-01  1.000000 0.000000 0.000000  0.000000 0.000000 1.000000
2451545.223410  8.7003515983e-01  1.000000 0.000000 0.000000  0.000000 0.000000 1.000000
2451545.224077  8.6370507433e-01  1.000000 0.000000 0.000000  0.000000 0.000000 1.000000
2451545.224744  8.5776367631e-01  1.000000 0.000000 0.000000  0.000000 0.000000 1.000000
2451545.225411  8.5260272857e-01  1.000000 0.000000 0.000000  0.000000 0.000000 1.000000
2451545.226078  8.4275232856e-01  1.000000 0.000000 0.000000  0.000000 0.000000 1.000000
2451545.226745  8.3685135944e-01  1.000000 0.000000 0.000000  0.000000 0.000000 1.000000
2451545.227411  8.3209567579e-01  1.000000 0.000000 0.000000  0.000000 0.000000 1.000000
2451545.228078  8.2639287578e-01  1.000000 0.000000 0.000000  0.000000 0.000000 1.000000
2451545.228745  8.2242679328e-01  1.000000 0.000000 0.000000  0.000000 0.000000 1.000000
2451545.229412  8.1839770470e-01  1.000000 0.000000 0.000000  0.000000 0.000000 1.000000
2451545.230079  8.1078034505e-01  1.000000 0.000000 0.000000  0.000000 0.000000 1.000000
2451545.230746  8.0837358793e-01  1.000000 0.000000 0.000000  0.000000 0.000000 1.000000
2451545.231413  8.0486804984e-01  1.000000 0.000000 0.000000  0.000000 0.000000 1.000000
2451545.232080  8.0148147322e-01  1.000000 0.000000 0.000000  0.000000 0.000000 1.000000
2451545.232747  7.9887797213e-01  1.000000 0.000000 0.000000  0.000000 0.000000 1.000000
2451545.233414  7.9822135880e-01  1.000000 0.000000 0.000000  0.000000 0.000000 1.000000
2451545.234080  7.9573014354e-01  1.000000 0.000000 0.000000  0.000000 0.000000 1.000000
2451545.234747  7.9594901465e-01  1.000000 0.000000 0.000000  0.000000 0.000000 1.000000
2451545.235414  7.9511110884e-01  1.000000 0.000000 0.000000  0.000000 0.000000 1.000000
2451545.236081  7.9555357651e-01  1.000000 0.000000 0.000000  0.000000 0.000000 1.000000
2451545.236748  7.9676824366e-01  1.000000 0.000000 0.000000  0.000000 0.000000 1.000000
2451545.237415  7.9861192147e-01  1.000000 0.000000 0.000000  0.000000 0.000000 1.000000
2451545.238082  8.0084533687e-01  1.000000 0.000000 0.000000  0.000000 0.000000 1.000000
2451545.238749  8.0409870064e-01  1.000000 0.000000 0.000000  0.000000 0.000000 1.000000
2451545.239416  8.1030892458e-01  1.000000 0.000000 0.000000  0.000000 0.000000 1.000000
360  1
2451545.000000  9.4787929897e-01  1.000000 0.000000 0.000000  0.000000 0.000000 -1.000000
2451545.000667  9.4826164974e-01  1.000000 0.000000 0.000000  0.000000 0.000000 -1.000000
2451545.001334  9.5015307625e-01  1.000000 0.000000 0.000000  0.000000 0.000000 -1.000000
2451545.002001  9.5363239614e-01  1.000000 0.000000 0.000000  0.000000 0.000000 -1.000000
2451545.002668  9.5510717769e-01  1.000000 0.000000 0.000000  0.000000 0.000000 -1.000000
2451545.003334  9.5578466837e-01  1.000000 0.000000 0.000000  0.000000 0.000000 -1.000000
2451545.004001  9.5686857478e-01  1.000000 0.000000 0.000000  0.000000 0.000000 -1.000000
2451545.004668  9.6046218679e-01  1.000000 0.000000 0.000000  0.000000 0.000000 -1.000000
2451545.005335  9.6334171891e-01  1.000000 0.000000 0.000000  0.000000 0.000000 -1.000000
2451545.006002  9.6305844755e-01  1.000000 0.000000 0.000000  0.000000 0.000000 -1.000000
2451545.006669  9.6368348057e-01  1.000000 0.000000 0.000000  0.000000 0.000000 -1.000000
2451545.007336  9.6742285931e-01  1.000000 0.000000 0.000000  0.000000 0.000000 -1.000000
2451545.008003  9.6936438289e-01  1.000000 0.000000 0.000000  0.000000 0.000000 -1.000000
2451545.008670  9.7170871572e-01  1.000000 0.000000 0.000000  0.000000 0.000000 -1.000000
2451545.009337  9.7328067509e-01  1.000000 0.000000 0.000000  0.000000 0.000000 -1.000000
2451545.010003  9.7636039875e-01  1.000000 0.000000 0.000000  0.000000 0.000000 -1.000000
2451545.010670  9.7759361277e-01  1.000000 0.000000 0.000000  0.000000 0.000000 -1.000000
2451545.011337  9.7877410684e-01  1.000000 0.000000 0.000000  0.000000 0.000000 -1.000000
2451545.012004  9.8132066396e-01  1.000000 0.000000 0.000000  0.000000 0.000000 -1.000000
2451545.012671  9.8382820569e-01  1.000000 0.000000 0.000000  0.000000 0.000000 -1.000000
2451545.013338  9.8765892634e-01  1.000000 0.000000 0.000000  0.000000 0.000000 -1.000000
2451545.014005  9.9757578472e-01  1.000000 0.000000 0.000000  0.000000 0.000000 -1.000000
2451545.014672  1.0017620372e+00  1.000000 0.000000 0.000000  0.000000 0.000000 -1.000000
2451545.015339  1.0065767324e+00  1.000000 0.000000 0.000000  0.000000 0.000000 -1.000000
2451545.016006  1.0132713790e+00  1.000000 0.000000 0.000000  0.000000 0.000000 -1.000000
2451545.016672  1.0178169664e+00  1.000000 0.000000 0.000000  0.000000 0.000000 -1.000000
2451545.017339  1.0216734568e+00  1.000000 0.000000 0.000000  0.000000 0.000000 -1.000000
2451545.018006  1.0295328602e+00  1.000000 0.000000 0.000000  0.000000 0.000000 -1.000000
2451545.018673  1.0316756245e+00  1.000000 0.000000 0.000000  0.000000 0.000000 -1.000000
2451545.019340  1.0372762666e+00  1.000000 0.000000 0.000000  0.000000 0.000000 -1.000000
2451545.020007  1.0464785861e+00  1.000000 0.000000 0.000000  0.000000 0.000000 -1.000000
2451545.020674  1.0491415336e+00  1.000000 0.000000 0.000000  0.000000 0.000000 -1.000000
2451545.021341  1.0509417494e+00  1.000000 0.000000 0.000000  0.000000 0.000000 -1.000000
2451545.022008  1.0581618906e+00  1.000000 0.000000 0.000000  0.000000 0.000000 -1.000000
2451545.022674  1.0621386403e+00  1.000000 0.000000 0.000000  0.000000 0.000000 -1.000000
2451545.023341  1.0673053919e+00  1.000000 0.000000 0.000000  0.000000 0.000000 -1.000000
2451545.024008  1.0745529423e+00  1.000000 0.000000 0.000000  0.000000 0.000000 -1.000000
2451545.024675  1.0785594616e+00  1.000000 0.000000 0.000000  0.000000 0.000000 -1.000000
2451545.025342  1.0873657258e+00  1.000000 0.000000 0.000000  0.000000 0.000000 -1.000000
2451545.026009  1.0948730071e+00  1.000000 0.000000 0.000000  0.000000 0.000000 -1.000000
2451545.026676  1.1002404749e+00  1.000000 0.000000 0.000000  0.000000 0.000000 -1.000000
2451545.027343  1.1040509338e+00  1.000000 0.000000 0.000000  0.000000 0.000000 -1.000000
2451545.028010  1.1070089557e+00  1.000000 0.000000 0.000000  0.000000 0.000000 -1.000000
2451545.028677  1.1132577122e+00  1.000000 0.000000 0.000000  0.000000 0.000000 -1.000000
2451545.029343  1.1195744013e+00  1.000000 0.000000 0.000000  0.000000 0.000000 -1.000000
2451545.030010  1.1231936520e+00  1.000000 0.000000 0.000000  0.000000 0.000000 -1.000000
2451545.030677  1.1267027416e+00  1.000000 0.000000 0.000000  0.000000 0.000000 -1.000000
2451545.031344  1.1315917300e+00  1.000000 0.000000 0.000000  0.000000 0.000000 -1.000000
2451545.032011  1.1339323908e+00  1.000000 0.000000 0.000000  0.000000 0.000000 -1.000000
2451545.032678  1.1369073959e+00  1.000000 0.000000 0.000000  0.000000 0.000000 -1.000000
2451545.033345  1.1389996041e+00  1.000000 0.000000 0.000000  0.000000 0.000000 -1.000000
2451545.034012  1.1417427463e+00  1.000000 0.000000 0.000000  0.000000 0.000000 -1.000000
2451545.034679  1.1432050691e+00  1.000000 0.000000 0.000000  0.000000 0.000000 -1.000000
2451545.035345  1.1463405946e+00  1.000000 0.000000 0.000000  0.000000 0.000000 -1.000000
2451545.036012  1.1473955182e+00  1.000000 0.000000 0.000000  0.000000 0.000000 -1.000000
2451545.036679  1.1473643059e+00  1.000000 0.000000 0.000000  0.000000 0.000000 -1.000000
2451545.037346  1.1479633068e+00  1.000000 0.000000 0.000000  0.000000 0.000000 -1.000000
2451545.038013  1.1481549740e+00  1.000000 0.000000 0.000000  0.000000 0.000000 -1.000000
2451545.038680  1.1461360753e+00  1.000000 0.000000 0.000000  0.000000 0.000000 -1.000000
2451545.039347  1.1456101873e+00  1.000000 0.000000 0.000000  0.000000 0.000000 -1.000000
2451545.040014  1.1439063625e+00  1.000000 0.000000 0.000000  0.000000 0.000000 -1.000000
2451545.040681  1.1438202008e+00  1.000000 0.000000 0.000000  0.000000 0.000000 -1.000000
2451545.041348  1.1460718147e+00  1.000000 0.000000 0.000000  0.000000 0.000000 -1.000000
2451545.042014  1.1448414858e+00  1.000000 0.000000 0.000000  0.000000 0.000000 -1.000000
2451545.042681  1.1438610522e+00  1.000000 0.000000 0.000000  0.000000 0.000000 -1.000000
2451545.043348  1.1434166046e+00  1.000000 0.000000 0.000000  0.000000 0.000000 -1.000000
2451545.044015  1.1415712753e+00  1.000000 0.000000 0.000000  0.000000 0.000000 -1.000000
2451545.044682  1.1419306103e+00  1.000000 0.000000 0.000000  0.000000 0.000000 -1.000000
2451545.045349  1.1409752907e+00  1.000000 0.000000 0.000000  0.000000 0.000000 -1.000000
2451545.046016  1.1396173586e+00  1.000000 0.000000 0.000000  0.000000 0.000000 -1.000000
2451545.046683  1.1392115986e+00  1.000000 0.000000 0.000000  0.000000 0.000000 -1.000000
2451545.047350  1.1403090784e+00  1.000000 0.000000 0.000000  0.000000 0.000000 -1.000000
2451545.048017  1.1394344125e+00  1.000000 0.000000 0.000000  0.000000 0.000000 -1.000000
2451545.048683  1.1339230796e+00  1.000000 0.000000 0.000000  0.000000 0.000000 -1.000000
2451545.049350  1.1356391008e+00  1.000000 0.000000 0.000000  0.000000 0.000000 -1.000000
2451545.050017  1.1366700905e+00  1.000000 0.000000 0.000000  0.000000 0.000000 -1.000000
2451545.050684  1.1345363096e+00  1.000000 0.000000 0.000000  0.000000 0.000000 -1.000000
2451545.051351  1.1333964047e+00  1.000000 0.000000 0.000000  0.000000 0.000000 -1.000000
2451545.052018  1.1317007764e+00  1.000000 0.000000 0.000000  0.000000 0.000000 -1.000000
2451545.052685  1.1296077157e+00  1.000000 0.000000 0.000000  0.000000 0.000000 -1.000000
2451545.053352  1.1275063274e+00  1.000000 0.000000 0.000000  0.000000 0.000000 -1.000000
2451545.054019  1.1261304941e+00  1.000000 0.000000 0.000000  0.000000 0.000000 -1.000000
2451545.054685  1.1217518532e+00  1.000000 0.000000 0.000000  0.000000 0.000000 -1.000000
2451545.055352  1.1203712332e+00  1.000000 0.000000 0.000000  0.000000 0.000000 -1.000000
2451545.056019  1.1178716257e+00  1.000000 0.000000 0.000000  0.000000 0.000000 -1.000000
2451545.056686  1.1186583594e+00  1.000000 0.000000 0.000000  0.000000 0.000000 -1.000000
2451545.057353  1.1166591980e+00  1.000000 0.000000 0.000000  0.000000 0.000000 -1.000000
2451545.058020  1.1149497996e+00  1.000000 0.000000 0.000000  0.000000 0.000000 -1.000000
2451545.058687  1.1103140506e+00  1.000000 0.000000 0.000000  0.000000 0.000000 -1.000000
2451545.059354  1.1073927490e+00  1.000000 0.000000 0.000000  0.000000 0.000000 -1.000000
2451545.060021  1.1054360127e+00  1.000000 0.000000 0.000000  0.000000 0.000000 -1.000000
2451545.060688  1.1024489424e+00  1.000000 0.000000 0.000000  0.000000 0.000000 -1.000000
2451545.061354  1.0977799484e+00  1.000000 0.000000 0.000000  0.000000 0.000000 -1.000000
2451545.062021  1.0942960384e+00  1.000000 0.000000 0.000000  0.000000 0.000000 -1.000000
2451545.062688  1.0914252274e+00  1.000000 0.000000 0.000000  0.000000 0.000000 -1.000000
2451545.063355  1.0877403391e+00  1.000000 0.000000 0.000000  0.000000 0.000000 -1.000000
2451545.064022  1.0818766874e+00  1.000000 0.000000 0.000000  0.000000 0.000000 -1.000000
2451545.064689  1.0750563391e+00  1.000000 0.000000 0.000000  0.000000 0.000000 -1.000000
2451545.065356  1.0696354301e+00  1.000000 0.000000 0.000000  0.000000 0.000000 -1.000000
2451545.066023  1.0644610720e+00  1.000000 0.000000 0.000000  0.000000 0.000000 -1.000000
2451545.066690  1.0579703546e+00  1.000000 0.000000 0.000000  0.000000 0.000000 -1.000000
2451545.067356  1.0534980767e+00  1.000000 0.000000 0.000000  0.000000 0.000000 -1.000000
2451545.068023  1.0485473851e+00  1.000000 0.000000 0.000000  0.000000 0.000000 -1.000000
2451545.068690  1.0442425783e+00  1.000000 0.000000 0.000000  0.000000 0.000000 -1.000000
2451545.069357  1.0391616605e+00  1.000000 0.000000 0.000000  0.000000 0.000000 -1.000000
2451545.070024  1.0351251091e+00  1.000000 0.000000 0.000000  0.000000 0.000000 -1.000000
2451545.070691  1.0261038341e+00  1.000000 0.000000 0.000000  0.000000 0.000000 -1.000000
2451545.071358  1.0257921700e+00  1.000000 0.000000 0.000000  0.000000 0.000000 -1.000000
2451545.072025  1.0196893770e+00  1.000000 0.000000 0.000000  0.000000 0.000000 -1.000000
2451545.072692  1.0150525132e+00  1.000000 0.000000 0.000000  0.000000 0.000000 -1.000000
2451545.073359  1.0120135098e+00  1.000000 0.000000 0.000000  0.000000 0.000000 -1.000000
2451545.074025  1.0055123009e+00  1.000000 0.000000 0.000000  0.000000 0.000000 -1.000000
2451545.074692  1.0019806545e+00  1.000000 0.000000 0.000000  0.000000 0.000000 -1.000000
2451545.075359  9.9634768532e-01  1.000000 0.000000 0.000000  0.000000 0.000000 -1.000000
2451545.076026  9.8916039572e-01  1.000000 0.000000 0.000000  0.000000 0.000000 -1.000000
2451545.076693  9.8652623431e-01  1.000000 0.000000 0.000000  0.000000 0.000000 -1.000000
2451545.077360  9.8177868491e-01  1.000000 0.000000 0.000000  0.000000 0.000000 -1.000000
2451545.078027  9.7588854210e-01  1.000000 0.000000 0.000000  0.000000 0.000000 -1.000000
2451545.078694  9.7132669281e-01  1.000000 0.000000 0.000000  0.000000 0.000000 -1.000000
2451545.079361  9.6722483164e-01  1.000000 0.000000 0.000000  0.000000 0.000000 -1.000000
2451545.080028  9.6170713822e-01  1.000000 0.000000 0.000000  0.000000 0.000000 -1.000000
2451545.080694  9.5888268664e-01  1.000000 0.000000 0.000000  0.000000 0.000000 -1.000000
2451545.081361  9.5683526416e-01  1.000000 0.000000 0.000000  0.000000 0.000000 -1.000000
2451545.082028  9.5330860124e-01  1.000000 0.000000 0.000000  0.000000 0.000000 -1.000000
2451545.082695  9.4948378208e-01  1.000000 0.000000 0.000000  0.000000 0.000000 -1.000000
2451545.083362  9.4854249494e-01  1.000000 0.000000 0.000000  0.000000 0.000000 -1.000000
2451545.084029  9.5003878413e-01  1.000000 0.000000 0.000000  0.000000 0.000000 -1.000000
2451545.084696  9.4861095219e-01  1.000000 0.000000 0.000000  0.000000 0.000000 -1.000000
2451545.085363  9.4717275986e-01  1.000000 0.000000 0.000000  0.000000 0.000000 -1.000000
2451545.086030  9.4467400478e-01  1.000000 0.000000 0.000000  0.000000 0.000000 -1.000000
2451545.086696  9.4287267430e-01  1.000000 0.000000 0.000000  0.000000 0.000000 -1.000000
2451545.087363  9.4152897133e-01  1.000000 0.000000 0.000000  0.000000 0.000000 -1.000000
2451545.088030  9.3826190825e-01  1.000000 0.000000 0.000000  0.000000 0.000000 -1.000000
2451545.088697  9.3612071770e-01  1.000000 0.000000 0.000000  0.000000 0.000000 -1.000000
2451545.089364  9.3417014518e-01  1.000000 0.000000 0.000000  0.000000 0.000000 -1.000000
2451545.090031  9.3195702206e-01  1.000000 0.000000 0.000000  0.000000 0.000000 -1.000000
2451545.090698  9.2996835216e-01  1.000000 0.000000 0.000000  0.000000 0.000000 -1.000000
2451545.091365  9.2719091577e-01  1.000000 0.000000 0.000000  0.000000 0.000000 -1.000000
2451545.092032  9.2000395402e-01  1.000000 0.000000 0.000000  0.000000 0.000000 -1.000000
2451545.092699  9.1728586035e-01  1.000000 0.000000 0.000000  0.000000 0.000000 -1.000000
2451545.093365  9.1307364138e-01  1.000000 0.000000 0.000000  0.000000 0.000000 -1.000000
2451545.094032  9.0764210966e-01  1.000000 0.000000 0.000000  0.000000 0.000000 -1.000000
2451545.094699  9.0261745267e-01  1.000000 0.000000 0.000000  0.000000 0.000000 -1.000000
2451545.095366  8.9775364398e-01  1.000000 0.000000 0.000000  0.000000 0.000000 -1.000000
2451545.096033  8.9147092116e-01  1.000000 0.000000 0.000000  0.000000 0.000000 -1.000000
2451545.096700  8.8644875591e-01  1.000000 0.000000 0.000000  0.000000 0.000000 -1.000000
2451545.097367  8.7927628559e-01  1.000000 0.000000 0.000000  0.000000 0.000000 -1.000000
2451545.098034  8.7441457521e-01  1.000000 0.000000 0.000000  0.000000 0.000000 -1.000000
2451545.098701  8.6883871935e-01  1.000000 0.000000 0.000000  0.000000 0.000000 -1.000000
2451545.099367  8.6297401851e-01  1.000000 0.000000 0.000000  0.000000 0.000000 -1.000000
2451545.100034  8.5820601062e-01  1.000000 0.000000 0.000000  0.000000 0.000000 -1.000000
2451545.100701  8.5349616517e-01  1.000000 0.000000 0.000000  0.000000 0.000000 -1.000000
2451545.101368  8.4341426187e-01  1.000000 0.000000 0.000000  0.000000 0.000000 -1.000000
2451545.102035  8.3908814419e-01  1.000000 0.000000 0.000000  0.000000 0.000000 -1.000000
2451545.102702  8.3266293325e-01  1.000000 0.000000 0.000000  0.000000 0.000000 -1.000000
2451545.103369  8.2295197118e-01  1.000000 0.000000 0.000000  0.000000 0.000000 -1.000000
2451545.104036  8.1566278257e-01  1.000000 0.000000 0.000000  0.000000 0.000000 -1.000000
2451545.104703  8.0911593542e-01  1.000000 0.000000 0.000000  0.000000 0.000000 -1.000000
2451545.105370  8.0067602246e-01  1.000000 0.000000 0.000000  0.000000 0.000000 -1.000000
2451545.106036  7.9383744515e-01  1.000000 0.000000 0.000000  0.000000 0.000000 -1.000000
2451545.106703  7.8576807999e-01  1.000000 0.000000 0.000000  0.000000 0.000000 -1.000000
2451545.107370  7.7661244782e-01  1.000000 0.000000 0.000000  0.000000 0.000000 -1.000000
2451545.108037  7.7038795300e-01  1.000000 0.000000 0.000000  0.000000 0.000000 -1.000000
2451545.108704  7.6486278436e-01  1.000000 0.000000 0.000000  0.000000 0.000000 -1.000000
2451545.109371  7.6421945673e-01  1.000000 0.000000 0.000000  0.000000 0.000000 -1.000000
2451545.110038  7.6673316224e-01  1.000000 0.000000 0.000000  0.000000 0.000000 -1.000000
2451545.110705  7.7080623727e-01  1.000000 0.000000 0.000000  0.000000 0.000000 -1.000000
2451545.111372  7.8104026778e-01  1.000000 0.000000 0.000000  0.000000 0.000000 -1.000000
2451545.112039  7.8609646494e-01  1.000000 0.000000 0.000000  0.000000 0.000000 -1.000000
2451545.112705  7.9183389039e-01  1.000000 0.000000 0.000000  0.000000 0.000000 -1.000000
2451545.113372  8.0163593207e-01  1.000000 0.000000 0.000000  0.000000 0.000000 -1.000000
2451545.114039  8.0870381493e-01  1.000000 0.000000 0.000000  0.000000 0.000000 -1.000000
2451545.114706  8.1533223374e-01  1.000000 0.000000 0.000000  0.000000 0.000000 -1.000000
2451545.115373  8.3144250578e-01  1.000000 0.000000 0.000000  0.000000 0.000000 -1.000000
2451545.116040  8.3820967510e-01  1.000000 0.000000 0.000000  0.000000 0.000000 -1.000000
2451545.116707  8.4732688203e-01  1.000000 0.000000 0.000000  0.000000 0.000000 -1.000000
2451545.117374  8.6391714167e-01  1.000000 0.000000 0.000000  0.000000 0.000000 -1.000000
2451545.118041  8.7129150840e-01  1.000000 0.000000 0.000000  0.000000 0.000000 -1.000000
2451545.118707  8.7962912893e-01  1.000000 0.000000 0.000000  0.000000 0.000000 -1.000000
2451545.119374  8.9029849245e-01  1.000000 0.000000 0.000000  0.000000 0.000000 -1.000000
2451545.120041  8.9807796347e-01  1.000000 0.000000 0.000000  0.000000 0.000000 -1.000000
2451545.120708  9.0966671306e-01  1.000000 0.000000 0.000000  0.000000 0.000000 -1.000000
2451545.121375  9.1480179342e-01  1.000000 0.000000 0.000000  0.000000 0.000000 -1.000000
2451545.122042  9.2161263375e-01  1.000000 0.000000 0.000000  0.000000 0.000000 -1.000000
2451545.122709  9.2821082383e-01  1.000000 0.000000 0.000000  0.000000 0.000000 -1.000000
2451545.123376  9.3617061805e-01  1.000000 0.000000 0.000000  0.000000 0.000000 -1.000000
2451545.124043  9.4255333829e-01  1.000000 0.000000 0.000000  0.000000 0.000000 -1.000000
2451545.124710  9.4451138604e-01  1.000000 0.000000 0.000000  0.000000 0.000000 -1.000000
2451545.125376  9.5042959370e-01  1.000000 0.000000 0.000000  0.000000 0.000000 -1.000000
2451545.126043  9.5615088841e-01  1.000000 0.000000 0.000000  0.000000 0.000000 -1.000000
2451545.126710  9.6071942605e-01  1.000000 0.000000 0.000000  0.000000 0.000000 -1.000000
2451545.127377  9.6448890237e-01  1.000000 0.000000 0.000000  0.000000 0.000000 -1.000000
2451545.128044  9.6669245196e-01  1.000000 0.000000 0.000000  0.000000 0.000000 -1.000000
2451545.128711  9.7144439469e-01  1.000000 0.000000 0.000000  0.000000 0.000000 -1.000000
2451545.129378  9.7431881218e-01  1.000000 0.000000 0.000000  0.000000 0.000000 -1.000000
2451545.130045  9.7747387816e-01  1.000000 0.000000 0.000000  0.000000 0.000000 -1.000000
2451545.130712  9.8054652004e-01  1.000000 0.000000 0.000000  0.000000 0.000000 -1.000000
2451545.131378  9.8235552245e-01  1.000000 0.000000 0.000000  0.000000 0.000000 -1.000000
2451545.132045  9.8655292214e-01  1.000000 0.000000 0.000000  0.000000 0.000000 -1.000000
2451545.132712  9.9086874500e-01  1.000000 0.000000 0.000000  0.000000 0.000000 -1.000000
2451545.133379  9.9387647052e-01  1.000000 0.000000 0.000000  0.000000 0.000000 -1.000000
2451545.134046  9.9700012747e-01  1.000000 0.000000 0.000000  0.000000 0.000000 -1.000000
2451545.134713  1.0000646384e+00  1.000000 0.000000 0.000000  0.000000 0.000000 -1.000000
2451545.135380  1.0040160117e+00  1.000000 0.000000 0.000000  0.000000 0.000000 -1.000000
2451545.136047  1.0082146572e+00  1.000000 0.000000 0.000000  0.000000 0.000000 -1.000000
2451545.136714  1.0139410666e+00  1.000000 0.000000 0.000000  0.000000 0.000000 -1.000000
2451545.137381  1.0172559317e+00  1.000000 0.000000 0.000000  0.000000 0.000000 -1.000000
2451545.138047  1.0181635804e+00  1.000000 0.000000 0.000000  0.000000 0.000000 -1.000000
2451545.138714  1.0261164239e+00  1.000000 0.000000 0.000000  0.000000 0.000000 -1.000000
2451545.139381  1.0290023166e+00  1.000000 0.000000 0.000000  0.000000 0.000000 -1.000000
2451545.140048  1.0305784725e+00  1.000000 0.000000 0.000000  0.000000 0.000000 -1.000000
2451545.140715  1.0337208175e+00  1.000000 0.000000 0.000000  0.000000 0.000000 -1.000000
2451545.141382  1.0356504070e+00  1.000000 0.000000 0.000000  0.000000 0.000000 -1.000000
2451545.142049  1.0376221593e+00  1.000000 0.000000 0.000000  0.000000 0.000000 -1.000000
2451545.142716  1.0420012592e+00  1.000000 0.000000 0.000000  0.000000 0.000000 -1.000000
2451545.143383  1.0437029201e+00  1.000000 0.000000 0.000000  0.000000 0.000000 -1.000000
2451545.144050  1.0458393239e+00  1.000000 0.000000 0.000000  0.000000 0.000000 -1.000000
2451545.144716  1.0477047183e+00  1.000000 0.000000 0.000000  0.000000 0.000000 -1.000000
2451545.145383  1.0486772178e+00  1.000000 0.000000 0.000000  0.000000 0.000000 -1.000000
2451545.146050  1.0477637988e+00  1.000000 0.000000 0.000000  0.000000 0.000000 -1.000000
2451545.146717  1.0478700911e+00  1.000000 0.000000 0.000000  0.000000 0.000000 -1.000000
2451545.147384  1.0493655934e+00  1.000000 0.000000 0.000000  0.000000 0.000000 -1.000000
2451545.148051  1.0489716364e+00  1.000000 0.000000 0.000000  0.000000 0.000000 -1.000000
2451545.148718  1.0475181658e+00  1.000000 0.000000 0.000000  0.000000 0.000000 -1.000000
2451545.149385  1.0476860958e+00  1.000000 0.000000 0.000000  0.000000 0.000000 -1.000000
2451545.150052  1.0455950024e+00  1.000000 0.000000 0.000000  0.000000 0.000000 -1.000000
2451545.150718  1.0451292439e+00  1.000000 0.000000 0.000000  0.000000 0.000000 -1.000000
2451545.151385  1.0439281602e+00  1.000000 0.000000 0.000000  0.000000 0.000000 -1.000000
2451545.152052  1.0398015784e+00  1.000000 0.000000 0.000000  0.000000 0.000000 -1.000000
2451545.152719  1.0388914380e+00  1.000000 0.000000 0.000000  0.000000 0.000000 -1.000000
2451545.153386  1.0372283990e+00  1.000000 0.000000 0.000000  0.000000 0.000000 -1.000000
2451545.154053  1.0379301513e+00  1.000000 0.000000 0.000000  0.000000 0.000000 -1.000000
2451545.154720  1.0371777118e+00  1.000000 0.000000 0.000000  0.000000 0.000000 -1.000000
2451545.155387  1.0372334480e+00  1.000000 0.000000 0.000000  0.000000 0.000000 -1.000000
2451545.156054  1.0387629167e+00  1.000000 0.000000 0.000000  0.000000 0.000000 -1.000000
2451545.156721  1.0409208937e+00  1.000000 0.000000 0.000000  0.000000 0.000000 -1.000000
2451545.157387  1.0440863856e+00  1.000000 0.000000 0.000000  0.000000 0.000000 -1.000000
2451545.158054  1.0485467949e+00  1.000000 0.000000 0.000000  0.000000 0.000000 -1.000000
2451545.158721  1.0492214660e+00  1.000000 0.000000 0.000000  0.000000 0.000000 -1.000000
2451545.159388  1.0531818882e+00  1.000000 0.000000 0.000000  0.000000 0.000000 -1.000000
2451545.160055  1.0618008129e+00  1.000000 0.000000 0.000000  0.000000 0.000000 -1.000000
2451545.160722  1.0653532457e+00  1.000000 0.000000 0.000000  0.000000 0.000000 -1.000000
2451545.161389  1.0676514813e+00  1.000000 0.000000 0.000000  0.000000 0.000000 -1.000000
2451545.162056  1.0744530104e+00  1.000000 0.000000 0.000000  0.000000 0.000000 -1.000000
2451545.162723  1.0786664753e+00  1.000000 0.000000 0.000000  0.000000 0.000000 -1.000000
2451545.163389  1.0840076487e+00  1.000000 0.000000 0.000000  0.000000 0.000000 -1.000000
2451545.164056  1.0910044514e+00  1.000000 0.000000 0.000000  0.000000 0.000000 -1.000000
2451545.164723  1.0949325466e+00  1.000000 0.000000 0.000000  0.000000 0.000000 -1.000000
2451545.165390  1.0993605632e+00  1.000000 0.000000 0.000000  0.000000 0.000000 -1.000000
2451545.166057  1.1101890702e+00  1.000000 0.000000 0.000000  0.000000 0.000000 -1.000000
2451545.166724  1.1151688759e+00  1.000000 0.000000 0.000000  0.000000 0.000000 -1.000000
2451545.167391  1.1211700322e+00  1.000000 0.000000 0.000000  0.000000 0.000000 -1.000000
2451545.168058  1.1236255753e+00  1.000000 0.000000 0.000000  0.000000 0.000000 -1.000000
2451545.168725  1.1292242502e+00  1.000000 0.000000 0.000000  0.000000 0.000000 -1.000000
2451545.169392  1.1360840729e+00  1.000000 0.000000 0.000000  0.000000 0.000000 -1.000000
2451545.170058  1.1397904689e+00  1.000000 0.000000 0.000000  0.000000 0.000000 -1.000000
2451545.170725  1.1438187582e+00  1.000000 0.000000 0.000000  0.000000 0.000000 -1.000000
2451545.171392  1.1475977425e+00  1.000000 0.000000 0.000000  0.000000 0.000000 -1.000000
2451545.172059  1.1501492175e+00  1.000000 0.000000 0.000000  0.000000 0.000000 -1.000000
2451545.172726  1.1516759321e+00  1.000000 0.000000 0.000000  0.000000 0.000000 -1.000000
2451545.173393  1.1533046113e+00  1.000000 0.000000 0.000000  0.000000 0.000000 -1.000000
2451545.174060  1.1562280112e+00  1.000000 0.000000 0.000000  0.000000 0.000000 -1.000000
2451545.174727  1.1570938904e+00  1.000000 0.000000 0.000000  0.000000 0.000000 -1.000000
2451545.175394  1.1593955358e+00  1.000000 0.000000 0.000000  0.000000 0.000000 -1.000000
2451545.176061  1.1588541728e+00  1.000000 0.000000 0.000000  0.000000 0.000000 -1.000000
2451545.176727  1.1612303081e+00  1.000000 0.000000 0.000000  0.000000 0.000000 -1.000000
2451545.177394  1.1598347376e+00  1.000000 0.000000 0.000000  0.000000 0.000000 -1.000000
2451545.178061  1.1585116243e+00  1.000000 0.000000 0.000000  0.000000 0.000000 -1.000000
2451545.178728  1.1577692172e+00  1.000000 0.000000 0.000000  0.000000 0.000000 -1.000000
2451545.179395  1.1534420504e+00  1.000000 0.000000 0.000000  0.000000 0.000000 -1.000000
2451545.180062  1.1528323612e+00  1.000000 0.000000 0.000000  0.000000 0.000000 -1.000000
2451545.180729  1.1501602992e+00  1.000000 0.000000 0.000000  0.000000 0.000000 -1.000000
2451545.181396  1.1479143900e+00  1.000000 0.000000 0.000000  0.000000 0.000000 -1.000000
2451545.182063  1.1453034411e+00  1.000000 0.000000 0.000000  0.000000 0.000000 -1.000000
2451545.182729  1.1407217235e+00  1.000000 0.000000 0.000000  0.000000 0.000000 -1.000000
2451545.183396  1.1346990595e+00  1.000000 0.000000 0.000000  0.000000 0.000000 -1.000000
2451545.184063  1.1314807165e+00  1.000000 0.000000 0.000000  0.000000 0.000000 -1.000000
2451545.184730  1.1269298177e+00  1.000000 0.000000 0.000000  0.000000 0.000000 -1.000000
2451545.185397  1.1209889877e+00  1.000000 0.000000 0.000000  0.000000 0.000000 -1.000000
2451545.186064  1.1158957423e+00  1.000000 0.000000 0.000000  0.000000 0.000000 -1.000000
2451545.186731  1.1109297724e+00  1.000000 0.000000 0.000000  0.000000 0.000000 -1.000000
2451545.187398  1.1049884833e+00  1.000000 0.000000 0.000000  0.000000 0.000000 -1.000000
2451545.188065  1.0992179440e+00  1.000000 0.000000 0.000000  0.000000 0.000000 -1.000000
2451545.188732  1.0927914216e+00  1.000000 0.000000 0.000000  0.000000 0.000000 -1.000000
2451545.189398  1.0802330577e+00  1.000000 0.000000 0.000000  0.000000 0.000000 -1.000000
2451545.190065  1.0750597488e+00  1.000000 0.000000 0.000000  0.000000 0.000000 -1.000000
2451545.190732  1.0690749200e+00  1.000000 0.000000 0.000000  0.000000 0.000000 -1.000000
2451545.191399  1.0575123992e+00  1.000000 0.000000 0.000000  0.000000 0.000000 -1.000000
2451545.192066  1.0487708547e+00  1.000000 0.000000 0.000000  0.000000 0.000000 -1.000000
2451545.192733  1.0367158876e+00  1.000000 0.000000 0.000000  0.000000 0.000000 -1.000000
2451545.193400  1.0280648982e+00  1.000000 0.000000 0.000000  0.000000 0.000000 -1.000000
2451545.194067  1.0195673473e+00  1.000000 0.000000 0.000000  0.000000 0.000000 -1.000000
2451545.194734  1.0058538658e+00  1.000000 0.000000 0.000000  0.000000 0.000000 -1.000000
2451545.195400  9.9842395952e-01  1.000000 0.000000 0.000000  0.000000 0.000000 -1.000000
2451545.196067  9.9020181142e-01  1.000000 0.000000 0.000000  0.000000 0.000000 -1.000000
2451545.196734  9.7969080446e-01  1.000000 0.000000 0.000000  0.000000 0.000000 -1.000000
2451545.197401  9.7249308889e-01  1.000000 0.000000 0.000000  0.000000 0.000000 -1.000000
2451545.198068  9.6410707617e-01  1.000000 0.000000 0.000000  0.000000 0.000000 -1.000000
2451545.198735  9.4930640962e-01  1.000000 0.000000 0.000000  0.000000 0.000000 -1.000000
2451545.199402  9.4075633557e-01  1.000000 0.000000 0.000000  0.000000 0.000000 -1.000000
2451545.200069  9.3123277849e-01  1.000000 0.000000 0.000000  0.000000 0.000000 -1.000000
2451545.200736  9.1876221563e-01  1.000000 0.000000 0.000000  0.000000 0.000000 -1.000000
2451545.201403  9.0996067267e-01  1.000000 0.000000 0.000000  0.000000 0.000000 -1.000000
2451545.202069  9.0200769794e-01  1.000000 0.000000 0.000000  0.000000 0.000000 -1.000000
2451545.202736  8.9117696154e-01  1.000000 0.000000 0.000000  0.000000 0.000000 -1.000000
2451545.203403  8.8314700520e-01  1.000000 0.000000 0.000000  0.000000 0.000000 -1.000000
2451545.204070  8.7436834689e-01  1.000000 0.000000 0.000000  0.000000 0.000000 -1.000000
2451545.204737  8.6253245615e-01  1.000000 0.000000 0.000000  0.000000 0.000000 -1.000000
2451545.205404  8.5471993681e-01  1.000000 0.000000 0.000000  0.000000 0.000000 -1.000000
2451545.206071  8.4775028092e-01  1.000000 0.000000 0.000000  0.000000 0.000000 -1.000000
2451545.206738  8.3619031747e-01  1.000000 0.000000 0.000000  0.000000 0.000000 -1.000000
2451545.207405  8.3159745260e-01  1.000000 0.000000 0.000000  0.000000 0.000000 -1.000000
2451545.208072  8.2747231334e-01  1.000000 0.000000 0.000000  0.000000 0.000000 -1.000000
2451545.208738  8.3103845065e-01  1.000000 0.000000 0.000000  0.000000 0.000000 -1.000000
2451545.209405  8.3508621486e-01  1.000000 0.000000 0.000000  0.000000 0.000000 -1.000000
2451545.210072  8.3867392539e-01  1.000000 0.000000 0.000000  0.000000 0.000000 -1.000000
2451545.210739  8.4339898357e-01  1.000000 0.000000 0.000000  0.000000 0.000000 -1.000000
2451545.211406  8.4864166771e-01  1.000000 0.000000 0.000000  0.000000 0.000000 -1.000000
2451545.212073  8.5276746269e-01  1.000000 0.000000 0.000000  0.000000 0.000000 -1.000000
2451545.212740  8.5859596775e-01  1.000000 0.000000 0.000000  0.000000 0.000000 -1.000000
2451545.213407  8.6138501041e-01  1.000000 0.000000 0.000000  0.000000 0.000000 -1.000000
2451545.214074  8.6533743282e-01  1.000000 0.000000 0.000000  0.000000 0.000000 -1.000000
2451545.214740  8.6861131540e-01  1.000000 0.000000 0.000000  0.000000 0.000000 -1.000000
2451545.215407  8.7216453501e-01  1.000000 0.000000 0.000000  0.000000 0.000000 -1.000000
2451545.216074  8.7509127903e-01  1.000000 0.000000 0.000000  0.000000 0.000000 -1.000000
2451545.216741  8.7790622265e-01  1.000000 0.000000 0.000000  0.000000 0.000000 -1.000000
2451545.217408  8.8065880723e-01  1.000000 0.000000 0.000000  0.000000 0.000000 -1.000000
2451545.218075  8.8540012728e-01  1.000000 0.000000 0.000000  0.000000 0.000000 -1.000000
2451545.218742  8.8778983599e-01  1.000000 0.000000 0.000000  0.000000 0.000000 -1.000000
2451545.219409  8.8990276498e-01  1.000000 0.000000 0.000000  0.000000 0.000000 -1.000000
2451545.220076  8.9241240501e-01  1.000000 0.000000 0.000000  0.000000 0.000000 -1.000000
2451545.220743  8.9579021933e-01  1.000000 0.000000 0.000000  0.000000 0.000000 -1.000000
2451545.221409  8.9791744303e-01  1.000000 0.000000 0.000000  0.000000 0.000000 -1.000000
2451545.222076  9.0083651511e-01  1.000000 0.000000 0.000000  0.000000 0.000000 -1.000000
2451545.222743  9.0155859480e-01  1.000000 0.000000 0.000000  0.000000 0.000000 -1.000000
2451545.223410  9.0359906664e-01  1.000000 0.000000 0.000000  0.000000 0.000000 -1.000000
2451545.224077  9.0972330176e-01  1.000000 0.000000 0.000000  0.000000 0.000000 -1.000000
2451545.224744  9.1153007472e-01  1.000000 0.000000 0.000000  0.000000 0.000000 -1.000000
2451545.225411  9.1314924598e-01  1.000000 0.000000 0.000000  0.000000 0.000000 -1.000000
2451545.226078  9.1511365421e-01  1.000000 0.000000 0.000000  0.000000 0.000000 -1.000000
2451545.226745  9.1635067142e-01  1.000000 0.000000 0.000000  0.000000 0.000000 -1.000000
2451545.227411  9.1756054178e-01  1.000000 0.000000 0.000000  0.000000 0.000000 -1.000000
2451545.228078  9.2077560620e-01  1.000000 0.000000 0.000000  0.000000 0.000000 -1.000000
2451545.228745  9.2170561495e-01  1.000000 0.000000 0.000000  0.000000 0.000000 -1.000000
2451545.229412  9.2238776125e-01  1.000000 0.000000 0.000000  0.000000 0.000000 -1.000000
2451545.230079  9.2433780920e-01  1.000000 0.000000 0.000000  0.000000 0.000000 -1.000000
2451545.230746  9.2492382683e-01  1.000000 0.000000 0.000000  0.000000 0.000000 -1.000000
2451545.231413  9.2802374670e-01  1.000000 0.000000 0.000000  0.000000 0.000000 -1.000000
2451545.232080  9.2775706507e-01  1.000000 0.000000 0.000000  0.000000 0.000000 -1.000000
2451545.232747  9.3226337480e-01  1.000000 0.000000 0.000000  0.000000 0.000000 -1.000000
2451545.233414  9.3247818892e-01  1.000000 0.000000 0.000000  0.000000 0.000000 -1.000000
2451545.234080  9.3308282902e-01  1.000000 0.000000 0.000000  0.000000 0.000000 -1.000000
2451545.234747  9.3536788471e-01  1.000000 0.000000 0.000000  0.000000 0.000000 -1.000000
2451545.235414  9.3594885329e-01  1.000000 0.000000 0.000000  0.000000 0.000000 -1.000000
2451545.236081  9.3851029527e-01  1.000000 0.000000 0.000000  0.000000 0.000000 -1.000000
2451545.236748  9.3990002984e-01  1.000000 0.000000 0.000000  0.000000 0.000000 -1.000000
2451545.237415  9.4262691016e-01  1.000000 0.000000 0.000000  0.000000 0.000000 -1.000000
2451545.238082  9.4205892485e-01  1.000000 0.000000 0.000000  0.000000 0.000000 -1.000000
2451545.238749  9.4271661276e-01  1.000000 0.000000 0.000000  0.000000 0.000000 -1.000000
2451545.239416  9.4578145156e-01  1.000000 0.000000 0.000000  0.000000 0.000000 -1.000000
360  1
2451545.000000  1.0473029378e+00  1.000000 0.000000 0.000000  0.000000 1.000000 0.000000
2451545.000667  1.0545901269e+00  1.000000 0.000000 0.000000  0.000000 1.000000 0.000000
2451545.001334  1.0636356203e+00  1.000000 0.000000 0.000000  0.000000 1.000000 0.000000
2451545.002001  1.0798992998e+00  1.000000 0.000000 0.000000  0.000000 1.000000 0.000000
2451545.002668  1.0844384072e+00  1.000000 0.000000 0.000000  0.000000 1.000000 0.000000
2451545.003334  1.0916282800e+00  1.000000 0.000000 0.000000  0.000000 1.000000 0.000000
2451545.004001  1.0990972165e+00  1.000000 0.000000 0.000000  0.000000 1.000000 0.000000
2451545.004668  1.1057811805e+00  1.000000 0.000000 0.000000  0.000000 1.000000 0.000000
2451545.005335  1.1081401668e+00  1.000000 0.000000 0.000000  0.000000 1.000000 0.000000
2451545.006002  1.1129171394e+00  1.000000 0.000000 0.000000  0.000000 1.000000 0.000000
2451545.006669  1.1133018268e+00  1.000000 0.000000 0.000000  0.000000 1.000000 0.000000
2451545.007336  1.1164405298e+00  1.000000 0.000000 0.000000  0.000000 1.000000 0.000000
2451545.008003  1.1159978596e+00  1.000000 0.000000 0.000000  0.000000 1.000000 0.000000
2451545.008670  1.1139886353e+00  1.000000 0.000000 0.000000  0.000000 1.000000 0.000000
2451545.009337  1.1122123596e+00  1.000000 0.000000 0.000000  0.000000 1.000000 0.000000
2451545.010003  1.1116859364e+00  1.000000 0.000000 0.000000  0.000000 1.000000 0.000000
2451545.010670  1.1092730363e+00  1.000000 0.000000 0.000000  0.000000 1.000000 0.000000
2451545.011337  1.1079336665e+00  1.000000 0.000000 0.000000  0.000000 1.000000 0.000000
2451545.012004  1.1035466369e+00  1.000000 0.000000 0.000000  0.000000 1.000000 0.000000
2451545.012671  1.1026623137e+00  1.000000 0.000000 0.000000  0.000000 1.000000 0.000000
2451545.013338  1.1012056219e+00  1.000000 0.000000 0.000000  0.000000 1.000000 0.000000
2451545.014005  1.1068230068e+00  1.000000 0.000000 0.000000  0.000000 1.000000 0.000000
2451545.014672  1.1057055654e+00  1.000000 0.000000 0.000000  0.000000 1.000000 0.000000
2451545.015339  1.1070612111e+00  1.000000 0.000000 0.000000  0.000000 1.000000 0.000000
2451545.016006  1.1025160003e+00  1.000000 0.000000 0.000000  0.000000 1.000000 0.000000
2451545.016672  1.0994573204e+00  1.000000 0.000000 0.000000  0.000000 1.000000 0.000000
2451545.017339  1.0953624091e+00  1.000000 0.000000 0.000000  0.000000 1.000000 0.000000
2451545.018006  1.0907888851e+00  1.000000 0.000000 0.000000  0.000000 1.000000 0.000000
2451545.018673  1.0897326478e+00  1.000000 0.000000 0.000000  0.000000 1.000000 0.000000
2451545.019340  1.0876084751e+00  1.000000 0.000000 0.000000  0.000000 1.000000 0.000000
2451545.020007  1.0897706249e+00  1.000000 0.000000 0.000000  0.000000 1.000000 0.000000
2451545.020674  1.0891285751e+00  1.000000 0.000000 0.000000  0.000000 1.000000 0.000000
2451545.021341  1.0927328362e+00  1.000000 0.000000 0.000000  0.000000 1.000000 0.000000
2451545.022008  1.0995882057e+00  1.000000 0.000000 0.000000  0.000000 1.000000 0.000000
2451545.022674  1.1034162603e+00  1.000000 0.000000 0.000000  0.000000 1.000000 0.000000
2451545.023341  1.1067063629e+00  1.000000 0.000000 0.000000  0.000000 1.000000 0.000000
2451545.024008  1.1044326555e+00  1.000000 0.000000 0.000000  0.000000 1.000000 0.000000
2451545.024675  1.1058393329e+00  1.000000 0.000000 0.000000  0.000000 1.000000 0.000000
2451545.025342  1.1142351472e+00  1.000000 0.000000 0.000000  0.000000 1.000000 0.000000
2451545.026009  1.1171124187e+00  1.000000 0.000000 0.000000  0.000000 1.000000 0.000000
2451545.026676  1.1197480951e+00  1.000000 0.000000 0.000000  0.000000 1.000000 0.000000
2451545.027343  1.1178429686e+00  1.000000 0.000000 0.000000  0.000000 1.000000 0.000000
2451545.028010  1.1206909097e+00  1.000000 0.000000 0.000000  0.000000 1.000000 0.000000
2451545.028677  1.1230505741e+00  1.000000 0.000000 0.000000  0.000000 1.000000 0.000000
2451545.029343  1.1247495393e+00  1.000000 0.000000 0.000000  0.000000 1.000000 0.000000
2451545.030010  1.1244440274e+00  1.000000 0.000000 0.000000  0.000000 1.000000 0.000000
2451545.030677  1.1249246746e+00  1.000000 0.000000 0.000000  0.000000 1.000000 0.000000
2451545.031344  1.1230824477e+00  1.000000 0.000000 0.000000  0.000000 1.000000 0.000000
2451545.032011  1.1220743600e+00  1.000000 0.000000 0.000000  0.000000 1.000000 0.000000
2451545.032678  1.1218914259e+00  1.000000 0.000000 0.000000  0.000000 1.000000 0.000000
2451545.033345  1.1169767863e+00  1.000000 0.000000 0.000000  0.000000 1.000000 0.000000
2451545.034012  1.1118659884e+00  1.000000 0.000000 0.000000  0.000000 1.000000 0.000000
2451545.034679  1.1080709943e+00  1.000000 0.000000 0.000000  0.000000 1.000000 0.000000
2451545.035345  1.0997964014e+00  1.000000 0.000000 0.000000  0.000000 1.000000 0.000000
2451545.036012  1.0964094912e+00  1.000000 0.000000 0.000000  0.000000 1.000000 0.000000
2451545.036679  1.0867721319e+00  1.000000 0.000000 0.000000  0.000000 1.000000 0.000000
2451545.037346  1.0802688981e+00  1.000000 0.000000 0.000000  0.000000 1.000000 0.000000
2451545.038013  1.0744389094e+00  1.000000 0.000000 0.000000  0.000000 1.000000 0.000000
2451545.038680  1.0685395788e+00  1.000000 0.000000 0.000000  0.000000 1.000000 0.000000
2451545.039347  1.0568558659e+00  1.000000 0.000000 0.000000  0.000000 1.000000 0.000000
2451545.040014  1.0522050313e+00  1.000000 0.000000 0.000000  0.000000 1.000000 0.000000
2451545.040681  1.0466661437e+00  1.000000 0.000000 0.000000  0.000000 1.000000 0.000000
2451545.041348  1.0429440520e+00  1.000000 0.000000 0.000000  0.000000 1.000000 0.000000
2451545.042014  1.0378271506e+00  1.000000 0.000000 0.000000  0.000000 1.000000 0.000000
2451545.042681  1.0286358524e+00  1.000000 0.000000 0.000000  0.000000 1.000000 0.000000
2451545.043348  1.0187630014e+00  1.000000 0.000000 0.000000  0.000000 1.000000 0.000000
2451545.044015  1.0114437692e+00  1.000000 0.000000 0.000000  0.000000 1.000000 0.000000
2451545.044682  1.0064502933e+00  1.000000 0.000000 0.000000  0.000000 1.000000 0.000000
2451545.045349  9.9627006547e-01  1.000000 0.000000 0.000000  0.000000 1.000000 0.000000
2451545.046016  9.9070608588e-01  1.000000 0.000000 0.000000  0.000000 1.000000 0.000000
2451545.046683  9.8413723984e-01  1.000000 0.000000 0.000000  0.000000 1.000000 0.000000
2451545.047350  9.7653080604e-01  1.000000 0.000000 0.000000  0.000000 1.000000 0.000000
2451545.048017  9.7169178156e-01  1.000000 0.000000 0.000000  0.000000 1.000000 0.000000
2451545.048683  9.6174941898e-01  1.000000 0.000000 0.000000  0.000000 1.000000 0.000000
2451545.049350  9.5695549227e-01  1.000000 0.000000 0.000000  0.000000 1.000000 0.000000
2451545.050017  9.5317338316e-01  1.000000 0.000000 0.000000  0.000000 1.000000 0.000000
2451545.050684  9.3892299690e-01  1.000000 0.000000 0.000000  0.000000 1.000000 0.000000
2451545.051351  9.3278715726e-01  1.000000 0.000000 0.000000  0.000000 1.000000 0.000000
2451545.052018  9.2729218064e-01  1.000000 0.000000 0.000000  0.000000 1.000000 0.000000
2451545.052685  9.2139149365e-01  1.000000 0.000000 0.000000  0.000000 1.000000 0.000000
2451545.053352  9.1799831041e-01  1.000000 0.000000 0.000000  0.000000 1.000000 0.000000
2451545.054019  9.1364095045e-01  1.000000 0.000000 0.000000  0.000000 1.000000 0.000000
2451545.054685  9.0206828658e-01  1.000000 0.000000 0.000000  0.000000 1.000000 0.000000
2451545.055352  8.9777416521e-01  1.000000 0.000000 0.000000  0.000000 1.000000 0.000000
2451545.056019  8.9456069488e-01  1.000000 0.000000 0.000000  0.000000 1.000000 0.000000
2451545.056686  8.9292920681e-01  1.000000 0.000000 0.000000  0.000000 1.000000 0.000000
2451545.057353  8.8588446064e-01  1.000000 0.000000 0.000000  0.000000 1.000000 0.000000
2451545.058020  8.8039575702e-01  1.000000 0.000000 0.000000  0.000000 1.000000 0.000000
2451545.058687  8.7422346618e-01  1.000000 0.000000 0.000000  0.000000 1.000000 0.000000
2451545.059354  8.6928695592e-01  1.000000 0.000000 0.000000  0.000000 1.000000 0.000000
2451545.060021  8.6671180551e-01  1.000000 0.000000 0.000000  0.000000 1.000000 0.000000
2451545.060688  8.6075059257e-01  1.000000 0.000000 0.000000  0.000000 1.000000 0.000000
2451545.061354  8.5623301684e-01  1.000000 0.000000 0.000000  0.000000 1.000000 0.000000
2451545.062021  8.5231646213e-01  1.000000 0.000000 0.000000  0.000000 1.000000 0.000000
2451545.062688  8.4588952148e-01  1.000000 0.000000 0.000000  0.000000 1.000000 0.000000
2451545.063355  8.4276794210e-01  1.000000 0.000000 0.000000  0.000000 1.000000 0.000000
2451545.064022  8.3664753064e-01  1.000000 0.000000 0.000000  0.000000 1.000000 0.000000
2451545.064689  8.3185987692e-01  1.000000 0.000000 0.000000  0.000000 1.000000 0.000000
2451545.065356  8.2742842777e-01  1.000000 0.000000 0.000000  0.000000 1.000000 0.000000
2451545.066023  8.2528475789e-01  1.000000 0.000000 0.000000  0.000000 1.000000 0.000000
2451545.066690  8.1622841388e-01  1.000000 0.000000 0.000000  0.000000 1.000000 0.000000
2451545.067356  8.1271027930e-01  1.000000 0.000000 0.000000  0.000000 1.000000 0.000000
2451545.068023  8.1158385233e-01  1.000000 0.000000 0.000000  0.000000 1.000000 0.000000
2451545.068690  8.1118238047e-01  1.000000 0.000000 0.000000  0.000000 1.000000 0.000000
2451545.069357  8.0937168810e-01  1.000000 0.000000 0.000000  0.000000 1.000000 0.000000
2451545.070024  8.0544580866e-01  1.000000 0.000000 0.000000  0.000000 1.000000 0.000000
2451545.070691  8.0086177307e-01  1.000000 0.000000 0.000000  0.000000 1.000000 0.000000
2451545.071358  7.9750605828e-01  1.000000 0.000000 0.000000  0.000000 1.000000 0.000000
2451545.072025  7.9804197575e-01  1.000000 0.000000 0.000000  0.000000 1.000000 0.000000
2451545.072692  7.9711764103e-01  1.000000 0.000000 0.000000  0.000000 1.000000 0.000000
2451545.073359  7.9507993396e-01  1.000000 0.000000 0.000000  0.000000 1.000000 0.000000
2451545.074025  7.9376887740e-01  1.000000 0.000000 0.000000  0.000000 1.000000 0.000000
2451545.074692  7.9345895740e-01  1.000000 0.000000 0.000000  0.000000 1.000000 0.000000
2451545.075359  7.9406692957e-01  1.000000 0.000000 0.000000  0.000000 1.000000 0.000000
2451545.076026  7.9339215844e-01  1.000000 0.000000 0.000000  0.000000 1.000000 0.000000
2451545.076693  7.9228455047e-01  1.000000 0.000000 0.000000  0.000000 1.000000 0.000000
2451545.077360  7.9211636631e-01  1.000000 0.000000 0.000000  0.000000 1.000000 0.000000
2451545.078027  7.9573029125e-01  1.000000 0.000000 0.000000  0.000000 1.000000 0.000000
2451545.078694  8.0458539071e-01  1.000000 0.000000 0.000000  0.000000 1.000000 0.000000
2451545.079361  8.1101538309e-01  1.000000 0.000000 0.000000  0.000000 1.000000 0.000000
2451545.080028  8.2994847751e-01  1.000000 0.000000 0.000000  0.000000 1.000000 0.000000
2451545.080694  8.4359089160e-01  1.000000 0.000000 0.000000  0.000000 1.000000 0.000000
2451545.081361  8.5540328572e-01  1.000000 0.000000 0.000000  0.000000 1.000000 0.000000
2451545.082028  8.7201214965e-01  1.000000 0.000000 0.000000  0.000000 1.000000 0.000000
2451545.082695  8.7967843124e-01  1.000000 0.000000 0.000000  0.000000 1.000000 0.000000
2451545.083362  8.9089522963e-01  1.000000 0.000000 0.000000  0.000000 1.000000 0.000000
2451545.084029  9.0970133823e-01  1.000000 0.000000 0.000000  0.000000 1.000000 0.000000
2451545.084696  9.1817615838e-01  1.000000 0.000000 0.000000  0.000000 1.000000 0.000000
2451545.085363  9.2623373940e-01  1.000000 0.000000 0.000000  0.000000 1.000000 0.000000
2451545.086030  9.3543809226e-01  1.000000 0.000000 0.000000  0.000000 1.000000 0.000000
2451545.086696  9.4021387814e-01  1.000000 0.000000 0.000000  0.000000 1.000000 0.000000
2451545.087363  9.4739747797e-01  1.000000 0.000000 0.000000  0.000000 1.000000 0.000000
2451545.088030  9.5402074650e-01  1.000000 0.000000 0.000000  0.000000 1.000000 0.000000
2451545.088697  9.5790576668e-01  1.000000 0.000000 0.000000  0.000000 1.000000 0.000000
2451545.089364  9.6306081462e-01  1.000000 0.000000 0.000000  0.000000 1.000000 0.000000
2451545.090031  9.6489388633e-01  1.000000 0.000000 0.000000  0.000000 1.000000 0.000000
2451545.090698  9.6607558350e-01  1.000000 0.000000 0.000000  0.000000 1.000000 0.000000
2451545.091365  9.6551118323e-01  1.000000 0.000000 0.000000  0.000000 1.000000 0.000000
2451545.092032  9.6585908031e-01  1.000000 0.000000 0.000000  0.000000 1.000000 0.000000
2451545.092699  9.6572548240e-01  1.000000 0.000000 0.000000  0.000000 1.000000 0.000000
2451545.093365  9.6543353369e-01  1.000000 0.000000 0.000000  0.000000 1.000000 0.000000
2451545.094032  9.5641703169e-01  1.000000 0.000000 0.000000  0.000000 1.000000 0.000000
2451545.094699  9.5415671797e-01  1.000000 0.000000 0.000000  0.000000 1.000000 0.000000
2451545.095366  9.5090323609e-01  1.000000 0.000000 0.000000  0.000000 1.000000 0.000000
2451545.096033  9.4816024060e-01  1.000000 0.000000 0.000000  0.000000 1.000000 0.000000
2451545.096700  9.4360757000e-01  1.000000 0.000000 0.000000  0.000000 1.000000 0.000000
2451545.097367  9.3292906264e-01  1.000000 0.000000 0.000000  0.000000 1.000000 0.000000
2451545.098034  9.2684849320e-01  1.000000 0.000000 0.000000  0.000000 1.000000 0.000000
2451545.098701  9.2041171920e-01  1.000000 0.000000 0.000000  0.000000 1.000000 0.000000
2451545.099367  9.1463784849e-01  1.000000 0.000000 0.000000  0.000000 1.000000 0.000000
2451545.100034  9.0606655980e-01  1.000000 0.000000 0.000000  0.000000 1.000000 0.000000
2451545.100701  8.9825006535e-01  1.000000 0.000000 0.000000  0.000000 1.000000 0.000000
2451545.101368  8.8415379138e-01  1.000000 0.000000 0.000000  0.000000 1.000000 0.000000
2451545.102035  8.7644003846e-01  1.000000 0.000000 0.000000  0.000000 1.000000 0.000000
2451545.102702  8.6885072825e-01  1.000000 0.000000 0.000000  0.000000 1.000000 0.000000
2451545.103369  8.5418751091e-01  1.000000 0.000000 0.000000  0.000000 1.000000 0.000000
2451545.104036  8.4375382001e-01  1.000000 0.000000 0.000000  0.000000 1.000000 0.000000
2451545.104703  8.3294663142e-01  1.000000 0.000000 0.000000  0.000000 1.000000 0.000000
2451545.105370  8.1828087097e-01  1.000000 0.000000 0.000000  0.000000 1.000000 0.000000
2451545.106036  8.1300019353e-01  1.000000 0.000000 0.000000  0.000000 1.000000 0.000000
2451545.106703  8.2022346583e-01  1.000000 0.000000 0.000000  0.000000 1.000000 0.000000
2451545.107370  8.4195058743e-01  1.000000 0.000000 0.000000  0.000000 1.000000 0.000000
2451545.108037  8.5798504820e-01  1.000000 0.000000 0.000000  0.000000 1.000000 0.000000
2451545.108704  8.7443759581e-01  1.000000 0.000000 0.000000  0.000000 1.000000 0.000000
2451545.109371  8.9534753227e-01  1.000000 0.000000 0.000000  0.000000 1.000000 0.000000
2451545.110038  9.1437506074e-01  1.000000 0.000000 0.000000  0.000000 1.000000 0.000000
2451545.110705  9.3377846046e-01  1.000000 0.000000 0.000000  0.000000 1.000000 0.000000
2451545.111372  9.6488117080e-01  1.000000 0.000000 0.000000  0.000000 1.000000 0.000000
2451545.112039  9.8343296867e-01  1.000000 0.000000 0.000000  0.000000 1.000000 0.000000
2451545.112705  1.0017357116e+00  1.000000 0.000000 0.000000  0.000000 1.000000 0.000000
2451545.113372  1.0245862084e+00  1.000000 0.000000 0.000000  0.000000 1.000000 0.000000
2451545.114039  1.0440716657e+00  1.000000 0.000000 0.000000  0.000000 1.000000 0.000000
2451545.114706  1.0629444037e+00  1.000000 0.000000 0.000000  0.000000 1.000000 0.000000
2451545.115373  1.0825015767e+00  1.000000 0.000000 0.000000  0.000000 1.000000 0.000000
2451545.116040  1.0969752478e+00  1.000000 0.000000 0.000000  0.000000 1.000000 0.000000
2451545.116707  1.1094530883e+00  1.000000 0.000000 0.000000  0.000000 1.000000 0.000000
2451545.117374  1.1256587849e+00  1.000000 0.000000 0.000000  0.000000 1.000000 0.000000
2451545.118041  1.1381150938e+00  1.000000 0.000000 0.000000  0.000000 1.000000 0.000000
2451545.118707  1.1461982754e+00  1.000000 0.000000 0.000000  0.000000 1.000000 0.000000
2451545.119374  1.1564575092e+00  1.000000 0.000000 0.000000  0.000000 1.000000 0.000000
2451545.120041  1.1607384064e+00  1.000000 0.000000 0.000000  0.000000 1.000000 0.000000
2451545.120708  1.1686523866e+00  1.000000 0.000000 0.000000  0.000000 1.000000 0.000000
2451545.121375  1.1710791891e+00  1.000000 0.000000 0.000000  0.000000 1.000000 0.000000
2451545.122042  1.1729227723e+00  1.000000 0.000000 0.000000  0.000000 1.000000 0.000000
2451545.122709  1.1775230838e+00  1.000000 0.000000 0.000000  0.000000 1.000000 0.000000
2451545.123376  1.1784255478e+00  1.000000 0.000000 0.000000  0.000000 1.000000 0.000000
2451545.124043  1.1781620819e+00  1.000000 0.000000 0.000000  0.000000 1.000000 0.000000
2451545.124710  1.1748599419e+00  1.000000 0.000000 0.000000  0.000000 1.000000 0.000000
2451545.125376  1.1741975472e+00  1.000000 0.000000 0.000000  0.000000 1.000000 0.000000
2451545.126043  1.1744076079e+00  1.000000 0.000000 0.000000  0.000000 1.000000 0.000000
2451545.126710  1.1730080512e+00  1.000000 0.000000 0.000000  0.000000 1.000000 0.000000
2451545.127377  1.1707852059e+00  1.000000 0.000000 0.000000  0.000000 1.000000 0.000000
2451545.128044  1.1673554019e+00  1.000000 0.000000 0.000000  0.000000 1.000000 0.000000
2451545.128711  1.1614709908e+00  1.000000 0.000000 0.000000  0.000000 1.000000 0.000000
2451545.129378  1.1582149658e+00  1.000000 0.000000 0.000000  0.000000 1.000000 0.000000
2451545.130045  1.1588490472e+00  1.000000 0.000000 0.000000  0.000000 1.000000 0.000000
2451545.130712  1.1578977556e+00  1.000000 0.000000 0.000000  0.000000 1.000000 0.000000
2451545.131378  1.1594331142e+00  1.000000 0.000000 0.000000  0.000000 1.000000 0.000000
2451545.132045  1.1634580053e+00  1.000000 0.000000 0.000000  0.000000 1.000000 0.000000
2451545.132712  1.1692440829e+00  1.000000 0.000000 0.000000  0.000000 1.000000 0.000000
2451545.133379  1.1780520501e+00  1.000000 0.000000 0.000000  0.000000 1.000000 0.000000
2451545.134046  1.1811780376e+00  1.000000 0.000000 0.000000  0.000000 1.000000 0.000000
2451545.134713  1.1945498650e+00  1.000000 0.000000 0.000000  0.000000 1.000000 0.000000
2451545.135380  1.2016883671e+00  1.000000 0.000000 0.000000  0.000000 1.000000 0.000000
2451545.136047  1.2069681968e+00  1.000000 0.000000 0.000000  0.000000 1.000000 0.000000
2451545.136714  1.2103551071e+00  1.000000 0.000000 0.000000  0.000000 1.000000 0.000000
2451545.137381  1.2185907056e+00  1.000000 0.000000 0.000000  0.000000 1.000000 0.000000
2451545.138047  1.2277228342e+00  1.000000 0.000000 0.000000  0.000000 1.000000 0.000000
2451545.138714  1.2418131743e+00  1.000000 0.000000 0.000000  0.000000 1.000000 0.000000
2451545.139381  1.2474978667e+00  1.000000 0.000000 0.000000  0.000000 1.000000 0.000000
2451545.140048  1.2512233493e+00  1.000000 0.000000 0.000000  0.000000 1.000000 0.000000
2451545.140715  1.2501713506e+00  1.000000 0.000000 0.000000  0.000000 1.000000 0.000000
2451545.141382  1.2542298107e+00  1.000000 0.000000 0.000000  0.000000 1.000000 0.000000
2451545.142049  1.2583057334e+00  1.000000 0.000000 0.000000  0.000000 1.000000 0.000000
2451545.142716  1.2563719547e+00  1.000000 0.000000 0.000000  0.000000 1.000000 0.000000
2451545.143383  1.2530662543e+00  1.000000 0.000000 0.000000  0.000000 1.000000 0.000000
2451545.144050  1.2450615699e+00  1.000000 0.000000 0.000000  0.000000 1.000000 0.000000
2451545.144716  1.2417712978e+00  1.000000 0.000000 0.000000  0.000000 1.000000 0.000000
2451545.145383  1.2371443684e+00  1.000000 0.000000 0.000000  0.000000 1.000000 0.000000
2451545.146050  1.2260826996e+00  1.000000 0.000000 0.000000  0.000000 1.000000 0.000000
2451545.146717  1.2183959036e+00  1.000000 0.000000 0.000000  0.000000 1.000000 0.000000
2451545.147384  1.2121829230e+00  1.000000 0.000000 0.000000  0.000000 1.000000 0.000000
2451545.148051  1.2006945208e+00  1.000000 0.000000 0.000000  0.000000 1.000000 0.000000
2451545.148718  1.1942991147e+00  1.000000 0.000000 0.000000  0.000000 1.000000 0.000000
2451545.149385  1.1859134728e+00  1.000000 0.000000 0.000000  0.000000 1.000000 0.000000
2451545.150052  1.1748287464e+00  1.000000 0.000000 0.000000  0.000000 1.000000 0.000000
2451545.150718  1.1687242718e+00  1.000000 0.000000 0.000000  0.000000 1.000000 0.000000
2451545.151385  1.1669381628e+00  1.000000 0.000000 0.000000  0.000000 1.000000 0.000000
2451545.152052  1.1569368001e+00  1.000000 0.000000 0.000000  0.000000 1.000000 0.000000
2451545.152719  1.1522912213e+00  1.000000 0.000000 0.000000  0.000000 1.000000 0.000000
2451545.153386  1.1514592862e+00  1.000000 0.000000 0.000000  0.000000 1.000000 0.000000
2451545.154053  1.1605246158e+00  1.000000 0.000000 0.000000  0.000000 1.000000 0.000000
2451545.154720  1.1637294396e+00  1.000000 0.000000 0.000000  0.000000 1.000000 0.000000
2451545.155387  1.1657920691e+00  1.000000 0.000000 0.000000  0.000000 1.000000 0.000000
2451545.156054  1.1691801662e+00  1.000000 0.000000 0.000000  0.000000 1.000000 0.000000
2451545.156721  1.1734434312e+00  1.000000 0.000000 0.000000  0.000000 1.000000 0.000000
2451545.157387  1.1809883218e+00  1.000000 0.000000 0.000000  0.000000 1.000000 0.000000
2451545.158054  1.1823244703e+00  1.000000 0.000000 0.000000  0.000000 1.000000 0.000000
2451545.158721  1.1861075967e+00  1.000000 0.000000 0.000000  0.000000 1.000000 0.000000
2451545.159388  1.1876963605e+00  1.000000 0.000000 0.000000  0.000000 1.000000 0.000000
2451545.160055  1.1874983372e+00  1.000000 0.000000 0.000000  0.000000 1.000000 0.000000
2451545.160722  1.1898495247e+00  1.000000 0.000000 0.000000  0.000000 1.000000 0.000000
2451545.161389  1.1871224660e+00  1.000000 0.000000 0.000000  0.000000 1.000000 0.000000
2451545.162056  1.1870943223e+00  1.000000 0.000000 0.000000  0.000000 1.000000 0.000000
2451545.162723  1.1869680146e+00  1.000000 0.000000 0.000000  0.000000 1.000000 0.000000
2451545.163389  1.1876005702e+00  1.000000 0.000000 0.000000  0.000000 1.000000 0.000000
2451545.164056  1.1893736245e+00  1.000000 0.000000 0.000000  0.000000 1.000000 0.000000
2451545.164723  1.1960043528e+00  1.000000 0.000000 0.000000  0.000000 1.000000 0.000000
2451545.165390  1.2077560515e+00  1.000000 0.000000 0.000000  0.000000 1.000000 0.000000
2451545.166057  1.2278594838e+00  1.000000 0.000000 0.000000  0.000000 1.000000 0.000000
2451545.166724  1.2381509303e+00  1.000000 0.000000 0.000000  0.000000 1.000000 0.000000
2451545.167391  1.2441801290e+00  1.000000 0.000000 0.000000  0.000000 1.000000 0.000000
2451545.168058  1.2514105220e+00  1.000000 0.000000 0.000000  0.000000 1.000000 0.000000
2451545.168725  1.2588423291e+00  1.000000 0.000000 0.000000  0.000000 1.000000 0.000000
2451545.169392  1.2683925445e+00  1.000000 0.000000 0.000000  0.000000 1.000000 0.000000
2451545.170058  1.2726224100e+00  1.000000 0.000000 0.000000  0.000000 1.000000 0.000000
2451545.170725  1.2727415970e+00  1.000000 0.000000 0.000000  0.000000 1.000000 0.000000
2451545.171392  1.2733722876e+00  1.000000 0.000000 0.000000  0.000000 1.000000 0.000000
2451545.172059  1.2695394859e+00  1.000000 0.000000 0.000000  0.000000 1.000000 0.000000
2451545.172726  1.2689360913e+00  1.000000 0.000000 0.000000  0.000000 1.000000 0.000000
2451545.173393  1.2659659116e+00  1.000000 0.000000 0.000000  0.000000 1.000000 0.000000
2451545.174060  1.2620125666e+00  1.000000 0.000000 0.000000  0.000000 1.000000 0.000000
2451545.174727  1.2569073635e+00  1.000000 0.000000 0.000000  0.000000 1.000000 0.000000
2451545.175394  1.2491714008e+00  1.000000 0.000000 0.000000  0.000000 1.000000 0.000000
2451545.176061  1.2424557327e+00  1.000000 0.000000 0.000000  0.000000 1.000000 0.000000
2451545.176727  1.2336986276e+00  1.000000 0.000000 0.000000  0.000000 1.000000 0.000000
2451545.177394  1.2190401574e+00  1.000000 0.000000 0.000000  0.000000 1.000000 0.000000
2451545.178061  1.2080634284e+00  1.000000 0.000000 0.000000  0.000000 1.000000 0.000000
2451545.178728  1.1991971392e+00  1.000000 0.000000 0.000000  0.000000 1.000000 0.000000
2451545.179395  1.1759424579e+00  1.000000 0.000000 0.000000  0.000000 1.000000 0.000000
2451545.180062  1.1625916534e+00  1.000000 0.000000 0.000000  0.000000 1.000000 0.000000
2451545.180729  1.1496933525e+00  1.000000 0.000000 0.000000  0.000000 1.000000 0.000000
2451545.181396  1.1348095630e+00  1.000000 0.000000 0.000000  0.000000 1.000000 0.000000
2451545.182063  1.1222642454e+00  1.000000 0.000000 0.000000  0.000000 1.000000 0.000000
2451545.182729  1.1084675494e+00  1.000000 0.000000 0.000000  0.000000 1.000000 0.000000
2451545.183396  1.0842929414e+00  1.000000 0.000000 0.000000  0.000000 1.000000 0.000000
2451545.184063  1.0696773650e+00  1.000000 0.000000 0.000000  0.000000 1.000000 0.000000
2451545.184730  1.0565001700e+00  1.000000 0.000000 0.000000  0.000000 1.000000 0.000000
2451545.185397  1.0332292127e+00  1.000000 0.000000 0.000000  0.000000 1.000000 0.000000
2451545.186064  1.0169551912e+00  1.000000 0.000000 0.000000  0.000000 1.000000 0.000000
2451545.186731  1.0010614491e+00  1.000000 0.000000 0.000000  0.000000 1.000000 0.000000
2451545.187398  9.7799563582e-01  1.000000 0.000000 0.000000  0.000000 1.000000 0.000000
2451545.188065  9.6408263512e-01  1.000000 0.000000 0.000000  0.000000 1.000000 0.000000
2451545.188732  9.4805309102e-01  1.000000 0.000000 0.000000  0.000000 1.000000 0.000000
2451545.189398  9.2609403805e-01  1.000000 0.000000 0.000000  0.000000 1.000000 0.000000
2451545.190065  9.1435454634e-01  1.000000 0.000000 0.000000  0.000000 1.000000 0.000000
2451545.190732  9.0456290525e-01  1.000000 0.000000 0.000000  0.000000 1.000000 0.000000
2451545.191399  8.9218238098e-01  1.000000 0.000000 0.000000  0.000000 1.000000 0.000000
2451545.192066  8.8411564477e-01  1.000000 0.000000 0.000000  0.000000 1.000000 0.000000
2451545.192733  8.7501030356e-01  1.000000 0.000000 0.000000  0.000000 1.000000 0.000000
2451545.193400  8.6716176596e-01  1.000000 0.000000 0.000000  0.000000 1.000000 0.000000
2451545.194067  8.6165797324e-01  1.000000 0.000000 0.000000  0.000000 1.000000 0.000000
2451545.194734  8.4713123598e-01  1.000000 0.000000 0.000000  0.000000 1.000000 0.000000
2451545.195400  8.4068903669e-01  1.000000 0.000000 0.000000  0.000000 1.000000 0.000000
2451545.196067  8.3463627188e-01  1.000000 0.000000 0.000000  0.000000 1.000000 0.000000
2451545.196734  8.2540258853e-01  1.000000 0.000000 0.000000  0.000000 1.000000 0.000000
2451545.197401  8.1896394958e-01  1.000000 0.000000 0.000000  0.000000 1.000000 0.000000
2451545.198068  8.0982436119e-01  1.000000 0.000000 0.000000  0.000000 1.000000 0.000000
2451545.198735  7.9484427269e-01  1.000000 0.000000 0.000000  0.000000 1.000000 0.000000
2451545.199402  7.8560296001e-01  1.000000 0.000000 0.000000  0.000000 1.000000 0.000000
2451545.200069  7.7676854449e-01  1.000000 0.000000 0.000000  0.000000 1.000000 0.000000
2451545.200736  7.6128763339e-01  1.000000 0.000000 0.000000  0.000000 1.000000 0.000000
2451545.201403  7.5197223152e-01  1.000000 0.000000 0.000000  0.000000 1.000000 0.000000
2451545.202069  7.4312187920e-01  1.000000 0.000000 0.000000  0.000000 1.000000 0.000000
2451545.202736  7.2940690178e-01  1.000000 0.000000 0.000000  0.000000 1.000000 0.000000
2451545.203403  7.2061504092e-01  1.000000 0.000000 0.000000  0.000000 1.000000 0.000000
2451545.204070  7.0939196953e-01  1.000000 0.000000 0.000000  0.000000 1.000000 0.000000
2451545.204737  6.9796900991e-01  1.000000 0.000000 0.000000  0.000000 1.000000 0.000000
2451545.205404  6.9125673263e-01  1.000000 0.000000 0.000000  0.000000 1.000000 0.000000
2451545.206071  6.8581210954e-01  1.000000 0.000000 0.000000  0.000000 1.000000 0.000000
2451545.206738  6.7611727607e-01  1.000000 0.000000 0.000000  0.000000 1.000000 0.000000
2451545.207405  6.6897199239e-01  1.000000 0.000000 0.000000  0.000000 1.000000 0.000000
2451545.208072  6.6606962885e-01  1.000000 0.000000 0.000000  0.000000 1.000000 0.000000
2451545.208738  6.6846438818e-01  1.000000 0.000000 0.000000  0.000000 1.000000 0.000000
2451545.209405  6.6803002546e-01  1.000000 0.000000 0.000000  0.000000 1.000000 0.000000
2451545.210072  6.6611235305e-01  1.000000 0.000000 0.000000  0.000000 1.000000 0.000000
2451545.210739  6.6042037039e-01  1.000000 0.000000 0.000000  0.000000 1.000000 0.000000
2451545.211406  6.6230956000e-01  1.000000 0.000000 0.000000  0.000000 1.000000 0.000000
2451545.212073  6.6305621629e-01  1.000000 0.000000 0.000000  0.000000 1.000000 0.000000
2451545.212740  6.7353924347e-01  1.000000 0.000000 0.000000  0.000000 1.000000 0.000000
2451545.213407  6.7753972072e-01  1.000000 0.000000 0.000000  0.000000 1.000000 0.000000
2451545.214074  6.8127673206e-01  1.000000 0.000000 0.000000  0.000000 1.000000 0.000000
2451545.214740  6.8846609627e-01  1.000000 0.000000 0.000000  0.000000 1.000000 0.000000
2451545.215407  6.9371388286e-01  1.000000 0.000000 0.000000  0.000000 1.000000 0.000000
2451545.216074  6.9622562512e-01  1.000000 0.000000 0.000000  0.000000 1.000000 0.000000
2451545.216741  7.0075371236e-01  1.000000 0.000000 0.000000  0.000000 1.000000 0.000000
2451545.217408  7.0565309325e-01  1.000000 0.000000 0.000000  0.000000 1.000000 0.000000
2451545.218075  7.1350773431e-01  1.000000 0.000000 0.000000  0.000000 1.000000 0.000000
2451545.218742  7.1908137771e-01  1.000000 0.000000 0.000000  0.000000 1.000000 0.000000
2451545.219409  7.2447886855e-01  1.000000 0.000000 0.000000  0.000000 1.000000 0.000000
2451545.220076  7.3204529079e-01  1.000000 0.000000 0.000000  0.000000 1.000000 0.000000
2451545.220743  7.4219347551e-01  1.000000 0.000000 0.000000  0.000000 1.000000 0.000000
2451545.221409  7.5188525726e-01  1.000000 0.000000 0.000000  0.000000 1.000000 0.000000
2451545.222076  7.5471997414e-01  1.000000 0.000000 0.000000  0.000000 1.000000 0.000000
2451545.222743  7.6239151148e-01  1.000000 0.000000 0.000000  0.000000 1.000000 0.000000
2451545.223410  7.6941404785e-01  1.000000 0.000000 0.000000  0.000000 1.000000 0.000000
2451545.224077  7.8533712053e-01  1.000000 0.000000 0.000000  0.000000 1.000000 0.000000
2451545.224744  7.9213043817e-01  1.000000 0.000000 0.000000  0.000000 1.000000 0.000000
2451545.225411  7.9723598029e-01  1.000000 0.000000 0.000000  0.000000 1.000000 0.000000
2451545.226078  8.0229557694e-01  1.000000 0.000000 0.000000  0.000000 1.000000 0.000000
2451545.226745  8.1333266242e-01  1.000000 0.000000 0.000000  0.000000 1.000000 0.000000
2451545.227411  8.2272842648e-01  1.000000 0.000000 0.000000  0.000000 1.000000 0.000000
2451545.228078  8.4039912246e-01  1.000000 0.000000 0.000000  0.000000 1.000000 0.000000
2451545.228745  8.5233443342e-01  1.000000 0.000000 0.000000  0.000000 1.000000 0.000000
2451545.229412  8.6402475839e-01  1.000000 0.000000 0.000000  0.000000 1.000000 0.000000
2451545.230079  8.8342832765e-01  1.000000 0.000000 0.000000  0.000000 1.000000 0.000000
2451545.230746  8.9781536355e-01  1.000000 0.000000 0.000000  0.000000 1.000000 0.000000
2451545.231413  9.1030897132e-01  1.000000 0.000000 0.000000  0.000000 1.000000 0.000000
2451545.232080  9.2475314236e-01  1.000000 0.000000 0.000000  0.000000 1.000000 0.000000
2451545.232747  9.3472008831e-01  1.000000 0.000000 0.000000  0.000000 1.000000 0.000000
2451545.233414  9.4621493310e-01  1.000000 0.000000 0.000000  0.000000 1.000000 0.000000
2451545.234080  9.6291873970e-01  1.000000 0.000000 0.000000  0.000000 1.000000 0.000000
2451545.234747  9.7053212465e-01  1.000000 0.000000 0.000000  0.000000 1.000000 0.000000
2451545.235414  9.8031071113e-01  1.000000 0.000000 0.000000  0.000000 1.000000 0.000000
2451545.236081  9.9647114048e-01  1.000000 0.000000 0.000000  0.000000 1.000000 0.000000
2451545.236748  1.0048130409e+00  1.000000 0.000000 0.000000  0.000000 1.000000 0.000000
2451545.237415  1.0129877744e+00  1.000000 0.000000 0.000000  0.000000 1.000000 0.000000
2451545.238082  1.0244505760e+00  1.000000 0.000000 0.000000  0.000000 1.000000 0.000000
2451545.238749  1.0321480531e+00  1.000000 0.000000 0.000000  0.000000 1.000000 0.000000
2451545.239416  1.0485950058e+00  1.000000 0.000000 0.000000  0.000000 1.000000 0.000000
360  1
2451545.000000  1.0459689993e+00  1.000000 0.000000 0.000000  0.000000 1.000000 0.000000
2451545.000667  1.0566804768e+00  1.000000 0.000000 0.000000  0.000000 1.000000 0.000000
2451545.001334  1.0648144717e+00  1.000000 0.000000 0.000000  0.000000 1.000000 0.000000
2451545.002001  1.0739791247e+00  1.000000 0.000000 0.000000  0.000000 1.000000 0.000000
2451545.002668  1.0798718834e+00  1.000000 0.000000 0.000000  0.000000 1.000000 0.000000
2451545.003334  1.0903495562e+00  1.000000 0.000000 0.000000  0.000000 1.000000 0.000000
2451545.004001  1.0955489686e+00  1.000000 0.000000 0.000000  0.000000 1.000000 0.000000
2451545.004668  1.1011050242e+00  1.000000 0.000000 0.000000  0.000000 1.000000 0.000000
2451545.005335  1.1064810078e+00  1.000000 0.000000 0.000000  0.000000 1.000000 0.000000
2451545.006002  1.1131098856e+00  1.000000 0.000000 0.000000  0.000000 1.000000 0.000000
2451545.006669  1.1136603006e+00  1.000000 0.000000 0.000000  0.000000 1.000000 0.000000
2451545.007336  1.1153211352e+00  1.000000 0.000000 0.000000  0.000000 1.000000 0.000000
2451545.008003  1.1182914886e+00  1.000000 0.000000 0.000000  0.000000 1.000000 0.000000
2451545.008670  1.1151346699e+00  1.000000 0.000000 0.000000  0.000000 1.000000 0.000000
2451545.009337  1.1158570896e+00  1.000000 0.000000 0.000000  0.000000 1.000000 0.000000
2451545.010003  1.1083022786e+00  1.000000 0.000000 0.000000  0.000000 1.000000 0.000000
2451545.010670  1.1053372527e+00  1.000000 0.000000 0.000000  0.000000 1.000000 0.000000
2451545.011337  1.1043565216e+00  1.000000 0.000000 0.000000  0.000000 1.000000 0.000000
2451545.012004  1.1051246062e+00  1.000000 0.000000 0.000000  0.000000 1.000000 0.000000
2451545.012671  1.1011567779e+00  1.000000 0.000000 0.000000  0.000000 1.000000 0.000000
2451545.013338  1.0981856633e+00  1.000000 0.000000 0.000000  0.000000 1.000000 0.000000
2451545.014005  1.0927019105e+00  1.000000 0.000000 0.000000  0.000000 1.000000 0.000000
2451545.014672  1.0922265383e+00  1.000000 0.000000 0.000000  0.000000 1.000000 0.000000
2451545.015339  1.0911386467e+00  1.000000 0.000000 0.000000  0.000000 1.000000 0.000000
2451545.016006  1.0900341636e+00  1.000000 0.000000 0.000000  0.000000 1.000000 0.000000
2451545.016672  1.0881600736e+00  1.000000 0.000000 0.000000  0.000000 1.000000 0.000000
2451545.017339  1.0812610114e+00  1.000000 0.000000 0.000000  0.000000 1.000000 0.000000
2451545.018006  1.0798828429e+00  1.000000 0.000000 0.000000  0.000000 1.000000 0.000000
2451545.018673  1.0767305908e+00  1.000000 0.000000 0.000000  0.000000 1.000000 0.000000
2451545.019340  1.0765474743e+00  1.000000 0.000000 0.000000  0.000000 1.000000 0.000000
2451545.020007  1.0736106085e+00  1.000000 0.000000 0.000000  0.000000 1.000000 0.000000
2451545.020674  1.0746901281e+00  1.000000 0.000000 0.000000  0.000000 1.000000 0.000000
2451545.021341  1.0776286683e+00  1.000000 0.000000 0.000000  0.000000 1.000000 0.000000
2451545.022008  1.0844679094e+00  1.000000 0.000000 0.000000  0.000000 1.000000 0.000000
2451545.022674  1.0897947269e+00  1.000000 0.000000 0.000000  0.000000 1.000000 0.000000
2451545.023341  1.0911718299e+00  1.000000 0.000000 0.000000  0.000000 1.000000 0.000000
2451545.024008  1.0909707519e+00  1.000000 0.000000 0.000000  0.000000 1.000000 0.000000
2451545.024675  1.0968137357e+00  1.000000 0.000000 0.000000  0.000000 1.000000 0.000000
2451545.025342  1.0985037959e+00  1.000000 0.000000 0.000000  0.000000 1.000000 0.000000
2451545.026009  1.1009004452e+00  1.000000 0.000000 0.000000  0.000000 1.000000 0.000000
2451545.026676  1.1026585462e+00  1.000000 0.000000 0.000000  0.000000 1.000000 0.000000
2451545.027343  1.1072433082e+00  1.000000 0.000000 0.000000  0.000000 1.000000 0.000000
2451545.028010  1.1112304680e+00  1.000000 0.000000 0.000000  0.000000 1.000000 0.000000
2451545.028677  1.1123074000e+00  1.000000 0.000000 0.000000  0.000000 1.000000 0.000000
2451545.029343  1.1096941466e+00  1.000000 0.000000 0.000000  0.000000 1.000000 0.000000
2451545.030010  1.1117408501e+00  1.000000 0.000000 0.000000  0.000000 1.000000 0.000000
2451545.030677  1.1103203654e+00  1.000000 0.000000 0.000000  0.000000 1.000000 0.000000
2451545.031344  1.1125107613e+00  1.000000 0.000000 0.000000  0.000000 1.000000 0.000000
2451545.032011  1.1152492889e+00  1.000000 0.000000 0.000000  0.000000 1.000000 0.000000
2451545.032678  1.1130967950e+00  1.000000 0.000000 0.000000  0.000000 1.000000 0.000000
2451545.033345  1.1119364483e+00  1.000000 0.000000 0.000000  0.000000 1.000000 0.000000
2451545.034012  1.1085088364e+00  1.000000 0.000000 0.000000  0.000000 1.000000 0.000000
2451545.034679  1.1072142348e+00  1.000000 0.000000 0.000000  0.000000 1.000000 0.000000
2451545.035345  1.1006958662e+00  1.000000 0.000000 0.000000  0.000000 1.000000 0.000000
2451545.036012  1.0949105724e+00  1.000000 0.000000 0.000000  0.000000 1.000000 0.000000
2451545.036679  1.0921320118e+00  1.000000 0.000000 0.000000  0.000000 1.000000 0.000000
2451545.037346  1.0822703593e+00  1.000000 0.000000 0.000000  0.000000 1.000000 0.000000
2451545.038013  1.0743517508e+00  1.000000 0.000000 0.000000  0.000000 1.000000 0.000000
2451545.038680  1.0686125786e+00  1.000000 0.000000 0.000000  0.000000 1.000000 0.000000
2451545.039347  1.0641036205e+00  1.000000 0.000000 0.000000  0.000000 1.000000 0.000000
2451545.040014  1.0594451857e+00  1.000000 0.000000 0.000000  0.000000 1.000000 0.000000
2451545.040681  1.0535174172e+00  1.000000 0.000000 0.000000  0.000000 1.000000 0.000000
2451545.041348  1.0440408725e+00  1.000000 0.000000 0.000000  0.000000 1.000000 0.000000
2451545.042014  1.0390897253e+00  1.000000 0.000000 0.000000  0.000000 1.000000 0.000000
2451545.042681  1.0337250058e+00  1.000000 0.000000 0.000000  0.000000 1.000000 0.000000
2451545.043348  1.0292705412e+00  1.000000 0.000000 0.000000  0.000000 1.000000 0.000000
2451545.044015  1.0274789526e+00  1.000000 0.000000 0.000000  0.000000 1.000000 0.000000
2451545.044682  1.0225944763e+00  1.000000 0.000000 0.000000  0.000000 1.000000 0.000000
2451545.045349  1.0145846901e+00  1.000000 0.000000 0.000000  0.000000 1.000000 0.000000
2451545.046016  1.0127772709e+00  1.000000 0.000000 0.000000  0.000000 1.000000 0.000000
2451545.046683  1.0084104830e+00  1.000000 0.000000 0.000000  0.000000 1.000000 0.000000
2451545.047350  9.9760828452e-01  1.000000 0.000000 0.000000  0.000000 1.000000 0.000000
2451545.048017  9.9037982579e-01  1.000000 0.000000 0.000000  0.000000 1.000000 0.000000
2451545.048683  9.8456271875e-01  1.000000 0.000000 0.000000  0.000000 1.000000 0.000000
2451545.049350  9.8070265968e-01  1.000000 0.000000 0.000000  0.000000 1.000000 0.000000
2451545.050017  9.7513092570e-01  1.000000 0.000000 0.000000  0.000000 1.000000 0.000000
2451545.050684  9.6690894965e-01  1.000000 0.000000 0.000000  0.000000 1.000000 0.000000
2451545.051351  9.6134513092e-01  1.000000 0.000000 0.000000  0.000000 1.000000 0.000000
2451545.052018  9.5791417026e-01  1.000000 0.000000 0.000000  0.000000 1.000000 0.000000
2451545.052685  9.4970376267e-01  1.000000 0.000000 0.000000  0.000000 1.000000 0.000000
2451545.053352  9.4696188626e-01  1.000000 0.000000 0.000000  0.000000 1.000000 0.000000
2451545.054019  9.4189094467e-01  1.000000 0.000000 0.000000  0.000000 1.000000 0.000000
2451545.054685  9.3654890543e-01  1.000000 0.000000 0.000000  0.000000 1.000000 0.000000
2451545.055352  9.3382103294e-01  1.000000 0.000000 0.000000  0.000000 1.000000 0.000000
2451545.056019  9.3099954728e-01  1.000000 0.000000 0.000000  0.000000 1.000000 0.000000
2451545.056686  9.2215378787e-01  1.000000 0.000000 0.000000  0.000000 1.000000 0.000000
2451545.057353  9.1777725811e-01  1.000000 0.000000 0.000000  0.000000 1.000000 0.000000
2451545.058020  9.1372753724e-01  1.000000 0.000000 0.000000  0.000000 1.000000 0.000000
2451545.058687  9.1065291548e-01  1.000000 0.000000 0.000000  0.000000 1.000000 0.000000
2451545.059354  9.0662952807e-01  1.000000 0.000000 0.000000  0.000000 1.000000 0.000000
2451545.060021  9.0112872699e-01  1.000000 0.000000 0.000000  0.000000 1.000000 0.000000
2451545.060688  8.9610573361e-01  1.000000 0.000000 0.000000  0.000000 1.000000 0.000000
2451545.061354  8.9195220107e-01  1.000000 0.000000 0.000000  0.000000 1.000000 0.000000
2451545.062021  8.8721156935e-01  1.000000 0.000000 0.000000  0.000000 1.000000 0.000000
2451545.062688  8.7996606237e-01  1.000000 0.000000 0.000000  0.000000 1.000000 0.000000
2451545.063355  8.7743120044e-01  1.000000 0.000000 0.000000  0.000000 1.000000 0.000000
2451545.064022  8.7418807498e-01  1.000000 0.000000 0.000000  0.000000 1.000000 0.000000
2451545.064689  8.6821601151e-01  1.000000 0.000000 0.000000  0.000000 1.000000 0.000000
2451545.065356  8.6489114577e-01  1.000000 0.000000 0.000000  0.000000 1.000000 0.000000
2451545.066023  8.6593215464e-01  1.000000 0.000000 0.000000  0.000000 1.000000 0.000000
2451545.066690  8.5886763312e-01  1.000000 0.000000 0.000000  0.000000 1.000000 0.000000
2451545.067356  8.6009708606e-01  1.000000 0.000000 0.000000  0.000000 1.000000 0.000000
2451545.068023  8.5631191752e-01  1.000000 0.000000 0.000000  0.000000 1.000000 0.000000
2451545.068690  8.4817442165e-01  1.000000 0.000000 0.000000  0.000000 1.000000 0.000000
2451545.069357  8.4464954339e-01  1.000000 0.000000 0.000000  0.000000 1.000000 0.000000
2451545.070024  8.4090090682e-01  1.000000 0.000000 0.000000  0.000000 1.000000 0.000000
2451545.070691  8.3904036413e-01  1.000000 0.000000 0.000000  0.000000 1.000000 0.000000
2451545.071358  8.3242457695e-01  1.000000 0.000000 0.000000  0.000000 1.000000 0.000000
2451545.072025  8.2475332032e-01  1.000000 0.000000 0.000000  0.000000 1.000000 0.000000
2451545.072692  8.2017479921e-01  1.000000 0.000000 0.000000  0.000000 1.000000 0.000000
2451545.073359  8.1672542035e-01  1.000000 0.000000 0.000000  0.000000 1.000000 0.000000
2451545.074025  8.1163514726e-01  1.000000 0.000000 0.000000  0.000000 1.000000 0.000000
2451545.074692  8.1043476768e-01  1.000000 0.000000 0.000000  0.000000 1.000000 0.000000
2451545.075359  8.0623298249e-01  1.000000 0.000000 0.000000  0.000000 1.000000 0.000000
2451545.076026  8.0527493163e-01  1.000000 0.000000 0.000000  0.000000 1.000000 0.000000
2451545.076693  8.0410636531e-01  1.000000 0.000000 0.000000  0.000000 1.000000 0.000000
2451545.077360  8.0685159048e-01  1.000000 0.000000 0.000000  0.000000 1.000000 0.000000
2451545.078027  8.1054634240e-01  1.000000 0.000000 0.000000  0.000000 1.000000 0.000000
2451545.078694  8.1688570436e-01  1.000000 0.000000 0.000000  0.000000 1.000000 0.000000
2451545.079361  8.2544042575e-01  1.000000 0.000000 0.000000  0.000000 1.000000 0.000000
2451545.080028  8.3781928310e-01  1.000000 0.000000 0.000000  0.000000 1.000000 0.000000
2451545.080694  8.4719749594e-01  1.000000 0.000000 0.000000  0.000000 1.000000 0.000000
2451545.081361  8.5739235047e-01  1.000000 0.000000 0.000000  0.000000 1.000000 0.000000
2451545.082028  8.7248583749e-01  1.000000 0.000000 0.000000  0.000000 1.000000 0.000000
2451545.082695  8.8315012781e-01  1.000000 0.000000 0.000000  0.000000 1.000000 0.000000
2451545.083362  8.9237795071e-01  1.000000 0.000000 0.000000  0.000000 1.000000 0.000000
2451545.084029  9.0304665531e-01  1.000000 0.000000 0.000000  0.000000 1.000000 0.000000
2451545.084696  9.1333771070e-01  1.000000 0.000000 0.000000  0.000000 1.000000 0.000000
2451545.085363  9.1814714428e-01  1.000000 0.000000 0.000000  0.000000 1.000000 0.000000
2451545.086030  9.3357215890e-01  1.000000 0.000000 0.000000  0.000000 1.000000 0.000000
2451545.086696  9.4114188711e-01  1.000000 0.000000 0.000000  0.000000 1.000000 0.000000
2451545.087363  9.4418789215e-01  1.000000 0.000000 0.000000  0.000000 1.000000 0.000000
2451545.088030  9.4816607125e-01  1.000000 0.000000 0.000000  0.000000 1.000000 0.000000
2451545.088697  9.5517427266e-01  1.000000 0.000000 0.000000  0.000000 1.000000 0.000000
2451545.089364  9.5444956975e-01  1.000000 0.000000 0.000000  0.000000 1.000000 0.000000
2451545.090031  9.5601131138e-01  1.000000 0.000000 0.000000  0.000000 1.000000 0.000000
2451545.090698  9.5616718111e-01  1.000000 0.000000 0.000000  0.000000 1.000000 0.000000
2451545.091365  9.5549073084e-01  1.000000 0.000000 0.000000  0.000000 1.000000 0.000000
2451545.092032  9.5635943059e-01  1.000000 0.000000 0.000000  0.000000 1.000000 0.000000
2451545.092699  9.5376535643e-01  1.000000 0.000000 0.000000  0.000000 1.000000 0.000000
2451545.093365  9.5251063555e-01  1.000000 0.000000 0.000000  0.000000 1.000000 0.000000
2451545.094032  9.4680403771e-01  1.000000 0.000000 0.000000  0.000000 1.000000 0.000000
2451545.094699  9.4686583763e-01  1.000000 0.000000 0.000000  0.000000 1.000000 0.000000
2451545.095366  9.4326789543e-01  1.000000 0.000000 0.000000  0.000000 1.000000 0.000000
2451545.096033  9.3387735305e-01  1.000000 0.000000 0.000000  0.000000 1.000000 0.000000
2451545.096700  9.2861233538e-01  1.000000 0.000000 0.000000  0.000000 1.000000 0.000000
2451545.097367  9.2396486019e-01  1.000000 0.000000 0.000000  0.000000 1.000000 0.000000
2451545.098034  9.1837014151e-01  1.000000 0.000000 0.000000  0.000000 1.000000 0.000000
2451545.098701  9.1182909264e-01  1.000000 0.000000 0.000000  0.000000 1.000000 0.000000
2451545.099367  8.9926909761e-01  1.000000 0.000000 0.000000  0.000000 1.000000 0.000000
2451545.100034  8.9197564241e-01  1.000000 0.000000 0.000000  0.000000 1.000000 0.000000
2451545.100701  8.8904045100e-01  1.000000 0.000000 0.000000  0.000000 1.000000 0.000000
2451545.101368  8.7507016979e-01  1.000000 0.000000 0.000000  0.000000 1.000000 0.000000
2451545.102035  8.6744533920e-01  1.000000 0.000000 0.000000  0.000000 1.000000 0.000000
2451545.102702  8.5791019112e-01  1.000000 0.000000 0.000000  0.000000 1.000000 0.000000
2451545.103369  8.4466765716e-01  1.000000 0.000000 0.000000  0.000000 1.000000 0.000000
2451545.104036  8.3753722587e-01  1.000000 0.000000 0.000000  0.000000 1.000000 0.000000
2451545.104703  8.2916973082e-01  1.000000 0.000000 0.000000  0.000000 1.000000 0.000000
2451545.105370  8.1716228180e-01  1.000000 0.000000 0.000000  0.000000 1.000000 0.000000
2451545.106036  8.2006215898e-01  1.000000 0.000000 0.000000  0.000000 1.000000 0.000000
2451545.106703  8.2803586986e-01  1.000000 0.000000 0.000000  0.000000 1.000000 0.000000
2451545.107370  8.5001532840e-01  1.000000 0.000000 0.000000  0.000000 1.000000 0.000000
2451545.108037  8.6249038661e-01  1.000000 0.000000 0.000000  0.000000 1.000000 0.000000
2451545.108704  8.7928306678e-01  1.000000 0.000000 0.000000  0.000000 1.000000 0.000000
2451545.109371  9.0376374740e-01  1.000000 0.000000 0.000000  0.000000 1.000000 0.000000
2451545.110038  9.1791881948e-01  1.000000 0.000000 0.000000  0.000000 1.000000 0.000000
2451545.110705  9.3569344851e-01  1.000000 0.000000 0.000000  0.000000 1.000000 0.000000
2451545.111372  9.5771309222e-01  1.000000 0.000000 0.000000  0.000000 1.000000 0.000000
2451545.112039  9.7408626363e-01  1.000000 0.000000 0.000000  0.000000 1.000000 0.000000
2451545.112705  9.9049459706e-01  1.000000 0.000000 0.000000  0.000000 1.000000 0.000000
2451545.113372  1.0172245814e+00  1.000000 0.000000 0.000000  0.000000 1.000000 0.000000
2451545.114039  1.0333245241e+00  1.000000 0.000000 0.000000  0.000000 1.000000 0.000000
2451545.114706  1.0452101999e+00  1.000000 0.000000 0.000000  0.000000 1.000000 0.000000
2451545.115373  1.0710602205e+00  1.000000 0.000000 0.000000  0.000000 1.000000 0.000000
2451545.116040  1.0828770944e+00  1.000000 0.000000 0.000000  0.000000 1.000000 0.000000
2451545.116707  1.0912351520e+00  1.000000 0.000000 0.000000  0.000000 1.000000 0.000000
2451545.117374  1.1056610173e+00  1.000000 0.000000 0.000000  0.000000 1.000000 0.000000
2451545.118041  1.1148506338e+00  1.000000 0.000000 0.000000  0.000000 1.000000 0.000000
2451545.118707  1.1222590125e+00  1.000000 0.000000 0.000000  0.000000 1.000000 0.000000
2451545.119374  1.1365637135e+00  1.000000 0.000000 0.000000  0.000000 1.000000 0.000000
2451545.120041  1.1365758908e+00  1.000000 0.000000 0.000000  0.000000 1.000000 0.000000
2451545.120708  1.1434134575e+00  1.000000 0.000000 0.000000  0.000000 1.000000 0.000000
2451545.121375  1.1469101757e+00  1.000000 0.000000 0.000000  0.000000 1.000000 0.000000
2451545.122042  1.1510218487e+00  1.000000 0.000000 0.000000  0.000000 1.000000 0.000000
2451545.122709  1.1498787025e+00  1.000000 0.000000 0.000000  0.000000 1.000000 0.000000
2451545.123376  1.1497038057e+00  1.000000 0.000000 0.000000  0.000000 1.000000 0.000000
2451545.124043  1.1480454066e+00  1.000000 0.000000 0.000000  0.000000 1.000000 0.000000
2451545.124710  1.1482177157e+00  1.000000 0.000000 0.000000  0.000000 1.000000 0.000000
2451545.125376  1.1458294383e+00  1.000000 0.000000 0.000000  0.000000 1.000000 0.000000
2451545.126043  1.1433661181e+00  1.000000 0.000000 0.000000  0.000000 1.000000 0.000000
2451545.126710  1.1385620121e+00  1.000000 0.000000 0.000000  0.000000 1.000000 0.000000
2451545.127377  1.1353411103e+00  1.000000 0.000000 0.000000  0.000000 1.000000 0.000000
2451545.128044  1.1349742684e+00  1.000000 0.000000 0.000000  0.000000 1.000000 0.000000
2451545.128711  1.1360285201e+00  1.000000 0.000000 0.000000  0.000000 1.000000 0.000000
2451545.129378  1.1352605877e+00  1.000000 0.000000 0.000000  0.000000 1.000000 0.000000
2451545.130045  1.1355712617e+00  1.000000 0.000000 0.000000  0.000000 1.000000 0.000000
2451545.130712  1.1372266165e+00  1.000000 0.000000 0.000000  0.000000 1.000000 0.000000
2451545.131378  1.1380137282e+00  1.000000 0.000000 0.000000  0.000000 1.000000 0.000000
2451545.132045  1.1411009839e+00  1.000000 0.000000 0.000000  0.000000 1.000000 0.000000
2451545.132712  1.1470043977e+00  1.000000 0.000000 0.000000  0.000000 1.000000 0.000000
2451545.133379  1.1520662063e+00  1.000000 0.000000 0.000000  0.000000 1.000000 0.000000
2451545.134046  1.1580056954e+00  1.000000 0.000000 0.000000  0.000000 1.000000 0.000000
2451545.134713  1.1722304827e+00  1.000000 0.000000 0.000000  0.000000 1.000000 0.000000
2451545.135380  1.1761369678e+00  1.000000 0.000000 0.000000  0.000000 1.000000 0.000000
2451545.136047  1.1753055611e+00  1.000000 0.000000 0.000000  0.000000 1.000000 0.000000
2451545.136714  1.1869320121e+00  1.000000 0.000000 0.000000  0.000000 1.000000 0.000000
2451545.137381  1.1928151811e+00  1.000000 0.000000 0.000000  0.000000 1.000000 0.000000
2451545.138047  1.2013049061e+00  1.000000 0.000000 0.000000  0.000000 1.000000 0.000000
2451545.138714  1.2088874205e+00  1.000000 0.000000 0.000000  0.000000 1.000000 0.000000
2451545.139381  1.2154143132e+00  1.000000 0.000000 0.000000  0.000000 1.000000 0.000000
2451545.140048  1.2188681063e+00  1.000000 0.000000 0.000000  0.000000 1.000000 0.000000
2451545.140715  1.2277627272e+00  1.000000 0.000000 0.000000  0.000000 1.000000 0.000000
2451545.141382  1.2336740563e+00  1.000000 0.000000 0.000000  0.000000 1.000000 0.000000
2451545.142049  1.2350010800e+00  1.000000 0.000000 0.000000  0.000000 1.000000 0.000000
2451545.142716  1.2336944533e+00  1.000000 0.000000 0.000000  0.000000 1.000000 0.000000
2451545.143383  1.2372315089e+00  1.000000 0.000000 0.000000  0.000000 1.000000 0.000000
2451545.144050  1.2270506583e+00  1.000000 0.000000 0.000000  0.000000 1.000000 0.000000
2451545.144716  1.2248397131e+00  1.000000 0.000000 0.000000  0.000000 1.000000 0.000000
2451545.145383  1.2225878217e+00  1.000000 0.000000 0.000000  0.000000 1.000000 0.000000
2451545.146050  1.2185333822e+00  1.000000 0.000000 0.000000  0.000000 1.000000 0.000000
2451545.146717  1.2134934927e+00  1.000000 0.000000 0.000000  0.000000 1.000000 0.000000
2451545.147384  1.2076690793e+00  1.000000 0.000000 0.000000  0.000000 1.000000 0.000000
2451545.148051  1.1946649164e+00  1.000000 0.000000 0.000000  0.000000 1.000000 0.000000
2451545.148718  1.1898254962e+00  1.000000 0.000000 0.000000  0.000000 1.000000 0.000000
2451545.149385  1.1826866930e+00  1.000000 0.000000 0.000000  0.000000 1.000000 0.000000
2451545.150052  1.1739220650e+00  1.000000 0.000000 0.000000  0.000000 1.000000 0.000000
2451545.150718  1.1681844150e+00  1.000000 0.000000 0.000000  0.000000 1.000000 0.000000
2451545.151385  1.1608804569e+00  1.000000 0.000000 0.000000  0.000000 1.000000 0.000000
2451545.152052  1.1621516171e+00  1.000000 0.000000 0.000000  0.000000 1.000000 0.000000
2451545.152719  1.1621806905e+00  1.000000 0.000000 0.000000  0.000000 1.000000 0.000000
2451545.153386  1.1671533002e+00  1.000000 0.000000 0.000000  0.000000 1.000000 0.000000
2451545.154053  1.1671977474e+00  1.000000 0.000000 0.000000  0.000000 1.000000 0.000000
2451545.154720  1.1701747984e+00  1.000000 0.000000 0.000000  0.000000 1.000000 0.000000
2451545.155387  1.1778151551e+00  1.000000 0.000000 0.000000  0.000000 1.000000 0.000000
2451545.156054  1.1863689632e+00  1.000000 0.000000 0.000000  0.000000 1.000000 0.000000
2451545.156721  1.1930217390e+00  1.000000 0.000000 0.000000  0.000000 1.000000 0.000000
2451545.157387  1.1931263117e+00  1.000000 0.000000 0.000000  0.000000 1.000000 0.000000
2451545.158054  1.2005832475e+00  1.000000 0.000000 0.000000  0.000000 1.000000 0.000000
2451545.158721  1.2054882730e+00  1.000000 0.000000 0.000000  0.000000 1.000000 0.000000
2451545.159388  1.2079123213e+00  1.000000 0.000000 0.000000  0.000000 1.000000 0.000000
2451545.160055  1.2069545749e+00  1.000000 0.000000 0.000000  0.000000 1.000000 0.000000
2451545.160722  1.2091875915e+00  1.000000 0.000000 0.000000  0.000000 1.000000 0.000000
2451545.161389  1.2095975106e+00  1.000000 0.000000 0.000000  0.000000 1.000000 0.000000
2451545.162056  1.2163772350e+00  1.000000 0.000000 0.000000  0.000000 1.000000 0.000000
2451545.162723  1.2136644319e+00  1.000000 0.000000 0.000000  0.000000 1.000000 0.000000
2451545.163389  1.2112190733e+00  1.000000 0.000000 0.000000  0.000000 1.000000 0.000000
2451545.164056  1.2027304139e+00  1.000000 0.000000 0.000000  0.000000 1.000000 0.000000
2451545.164723  1.2029072895e+00  1.000000 0.000000 0.000000  0.000000 1.000000 0.000000
2451545.165390  1.1988059672e+00  1.000000 0.000000 0.000000  0.000000 1.000000 0.000000
2451545.166057  1.1978263016e+00  1.000000 0.000000 0.000000  0.000000 1.000000 0.000000
2451545.166724  1.2055357646e+00  1.000000 0.000000 0.000000  0.000000 1.000000 0.000000
2451545.167391  1.2124520272e+00  1.000000 0.000000 0.000000  0.000000 1.000000 0.000000
2451545.168058  1.2261232030e+00  1.000000 0.000000 0.000000  0.000000 1.000000 0.000000
2451545.168725  1.2317848969e+00  1.000000 0.000000 0.000000  0.000000 1.000000 0.000000
2451545.169392  1.2355782851e+00  1.000000 0.000000 0.000000  0.000000 1.000000 0.000000
2451545.170058  1.2398106658e+00  1.000000 0.000000 0.000000  0.000000 1.000000 0.000000
2451545.170725  1.2406833232e+00  1.000000 0.000000 0.000000  0.000000 1.000000 0.000000
2451545.171392  1.2407413177e+00  1.000000 0.000000 0.000000  0.000000 1.000000 0.000000
2451545.172059  1.2409918661e+00  1.000000 0.000000 0.000000  0.000000 1.000000 0.000000
2451545.172726  1.2410658434e+00  1.000000 0.000000 0.000000  0.000000 1.000000 0.000000
2451545.173393  1.2389905232e+00  1.000000 0.000000 0.000000  0.000000 1.000000 0.000000
2451545.174060  1.2372219193e+00  1.000000 0.000000 0.000000  0.000000 1.000000 0.000000
2451545.174727  1.2307297319e+00  1.000000 0.000000 0.000000  0.000000 1.000000 0.000000
2451545.175394  1.2226855448e+00  1.000000 0.000000 0.000000  0.000000 1.000000 0.000000
2451545.176061  1.2179228417e+00  1.000000 0.000000 0.000000  0.000000 1.000000 0.000000
2451545.176727  1.2081304476e+00  1.000000 0.000000 0.000000  0.000000 1.000000 0.000000
2451545.177394  1.2002025539e+00  1.000000 0.000000 0.000000  0.000000 1.000000 0.000000
2451545.178061  1.1906626871e+00  1.000000 0.000000 0.000000  0.000000 1.000000 0.000000
2451545.178728  1.1778676698e+00  1.000000 0.000000 0.000000  0.000000 1.000000 0.000000
2451545.179395  1.1661180756e+00  1.000000 0.000000 0.000000  0.000000 1.000000 0.000000
2451545.180062  1.1542349875e+00  1.000000 0.000000 0.000000  0.000000 1.000000 0.000000
2451545.180729  1.1429565034e+00  1.000000 0.000000 0.000000  0.000000 1.000000 0.000000
2451545.181396  1.1226753247e+00  1.000000 0.000000 0.000000  0.000000 1.000000 0.000000
2451545.182063  1.1126934211e+00  1.000000 0.000000 0.000000  0.000000 1.000000 0.000000
2451545.182729  1.1012447590e+00  1.000000 0.000000 0.000000  0.000000 1.000000 0.000000
2451545.183396  1.0856375412e+00  1.000000 0.000000 0.000000  0.000000 1.000000 0.000000
2451545.184063  1.0719878280e+00  1.000000 0.000000 0.000000  0.000000 1.000000 0.000000
2451545.184730  1.0576660788e+00  1.000000 0.000000 0.000000  0.000000 1.000000 0.000000
2451545.185397  1.0311811631e+00  1.000000 0.000000 0.000000  0.000000 1.000000 0.000000
2451545.186064  1.0211239123e+00  1.000000 0.000000 0.000000  0.000000 1.000000 0.000000
2451545.186731  1.0052868475e+00  1.000000 0.000000 0.000000  0.000000 1.000000 0.000000
2451545.187398  9.8127986478e-01  1.000000 0.000000 0.000000  0.000000 1.000000 0.000000
2451545.188065  9.6736925245e-01  1.000000 0.000000 0.000000  0.000000 1.000000 0.000000
2451545.188732  9.5311782730e-01  1.000000 0.000000 0.000000  0.000000 1.000000 0.000000
2451545.189398  9.3422532005e-01  1.000000 0.000000 0.000000  0.000000 1.000000 0.000000
2451545.190065  9.2035352293e-01  1.000000 0.000000 0.000000  0.000000 1.000000 0.000000
2451545.190732  9.0579659920e-01  1.000000 0.000000 0.000000  0.000000 1.000000 0.000000
2451545.191399  8.8707320452e-01  1.000000 0.000000 0.000000  0.000000 1.000000 0.000000
2451545.192066  8.7931807658e-01  1.000000 0.000000 0.000000  0.000000 1.000000 0.000000
2451545.192733  8.7323611278e-01  1.000000 0.000000 0.000000  0.000000 1.000000 0.000000
2451545.193400  8.6760425326e-01  1.000000 0.000000 0.000000  0.000000 1.000000 0.000000
2451545.194067  8.6230209476e-01  1.000000 0.000000 0.000000  0.000000 1.000000 0.000000
2451545.194734  8.5575891486e-01  1.000000 0.000000 0.000000  0.000000 1.000000 0.000000
2451545.195400  8.4911862081e-01  1.000000 0.000000 0.000000  0.000000 1.000000 0.000000
2451545.196067  8.4309921800e-01  1.000000 0.000000 0.000000  0.000000 1.000000 0.000000
2451545.196734  8.3309448191e-01  1.000000 0.000000 0.000000  0.000000 1.000000 0.000000
2451545.197401  8.2722075032e-01  1.000000 0.000000 0.000000  0.000000 1.000000 0.000000
2451545.198068  8.2046903377e-01  1.000000 0.000000 0.000000  0.000000 1.000000 0.000000
2451545.198735  8.1125125716e-01  1.000000 0.000000 0.000000  0.000000 1.000000 0.000000
2451545.199402  8.0555501005e-01  1.000000 0.000000 0.000000  0.000000 1.000000 0.000000
2451545.200069  7.9790034503e-01  1.000000 0.000000 0.000000  0.000000 1.000000 0.000000
2451545.200736  7.8758402170e-01  1.000000 0.000000 0.000000  0.000000 1.000000 0.000000
2451545.201403  7.8036926245e-01  1.000000 0.000000 0.000000  0.000000 1.000000 0.000000
2451545.202069  7.7103778009e-01  1.000000 0.000000 0.000000  0.000000 1.000000 0.000000
2451545.202736  7.5893778342e-01  1.000000 0.000000 0.000000  0.000000 1.000000 0.000000
2451545.203403  7.5077441074e-01  1.000000 0.000000 0.000000  0.000000 1.000000 0.000000
2451545.204070  7.4433580360e-01  1.000000 0.000000 0.000000  0.000000 1.000000 0.000000
2451545.204737  7.3781865273e-01  1.000000 0.000000 0.000000  0.000000 1.000000 0.000000
2451545.205404  7.2736624782e-01  1.000000 0.000000 0.000000  0.000000 1.000000 0.000000
2451545.206071  7.2196621408e-01  1.000000 0.000000 0.000000  0.000000 1.000000 0.000000
2451545.206738  7.1162218734e-01  1.000000 0.000000 0.000000  0.000000 1.000000 0.000000
2451545.207405  7.0954321393e-01  1.000000 0.000000 0.000000  0.000000 1.000000 0.000000
2451545.208072  7.0462692434e-01  1.000000 0.000000 0.000000  0.000000 1.000000 0.000000
2451545.208738  6.9352516370e-01  1.000000 0.000000 0.000000  0.000000 1.000000 0.000000
2451545.209405  6.8743635015e-01  1.000000 0.000000 0.000000  0.000000 1.000000 0.000000
2451545.210072  6.8460618814e-01  1.000000 0.000000 0.000000  0.000000 1.000000 0.000000
2451545.210739  6.8254289303e-01  1.000000 0.000000 0.000000  0.000000 1.000000 0.000000
2451545.211406  6.8047792354e-01  1.000000 0.000000 0.000000  0.000000 1.000000 0.000000
2451545.212073  6.7822207452e-01  1.000000 0.000000 0.000000  0.000000 1.000000 0.000000
2451545.212740  6.7377171973e-01  1.000000 0.000000 0.000000  0.000000 1.000000 0.000000
2451545.213407  6.7703996092e-01  1.000000 0.000000 0.000000  0.000000 1.000000 0.000000
2451545.214074  6.7830077047e-01  1.000000 0.000000 0.000000  0.000000 1.000000 0.000000
2451545.214740  6.8701577586e-01  1.000000 0.000000 0.000000  0.000000 1.000000 0.000000
2451545.215407  6.8753803079e-01  1.000000 0.000000 0.000000  0.000000 1.000000 0.000000
2451545.216074  6.9468216156e-01  1.000000 0.000000 0.000000  0.000000 1.000000 0.000000
2451545.216741  6.9964685602e-01  1.000000 0.000000 0.000000  0.000000 1.000000 0.000000
2451545.217408  7.0210317421e-01  1.000000 0.000000 0.000000  0.000000 1.000000 0.000000
2451545.218075  7.0547872806e-01  1.000000 0.000000 0.000000  0.000000 1.000000 0.000000
2451545.218742  7.1178049254e-01  1.000000 0.000000 0.000000  0.000000 1.000000 0.000000
2451545.219409  7.1544297454e-01  1.000000 0.000000 0.000000  0.000000 1.000000 0.000000
2451545.220076  7.2592643163e-01  1.000000 0.000000 0.000000  0.000000 1.000000 0.000000
2451545.220743  7.3221023456e-01  1.000000 0.000000 0.000000  0.000000 1.000000 0.000000
2451545.221409  7.3785335810e-01  1.000000 0.000000 0.000000  0.000000 1.000000 0.000000
2451545.222076  7.5498745995e-01  1.000000 0.000000 0.000000  0.000000 1.000000 0.000000
2451545.222743  7.6031990955e-01  1.000000 0.000000 0.000000  0.000000 1.000000 0.000000
2451545.223410  7.6795250318e-01  1.000000 0.000000 0.000000  0.000000 1.000000 0.000000
2451545.224077  7.7659322691e-01  1.000000 0.000000 0.000000  0.000000 1.000000 0.000000
2451545.224744  7.8279772502e-01  1.000000 0.000000 0.000000  0.000000 1.000000 0.000000
2451545.225411  7.9293108408e-01  1.000000 0.000000 0.000000  0.000000 1.000000 0.000000
2451545.226078  8.0515209289e-01  1.000000 0.000000 0.000000  0.000000 1.000000 0.000000
2451545.226745  8.1562930909e-01  1.000000 0.000000 0.000000  0.000000 1.000000 0.000000
2451545.227411  8.2465818498e-01  1.000000 0.000000 0.000000  0.000000 1.000000 0.000000
2451545.228078  8.3843865218e-01  1.000000 0.000000 0.000000  0.000000 1.000000 0.000000
2451545.228745  8.5364401834e-01  1.000000 0.000000 0.000000  0.000000 1.000000 0.000000
2451545.229412  8.6454424429e-01  1.000000 0.000000 0.000000  0.000000 1.000000 0.000000
2451545.230079  8.8314266920e-01  1.000000 0.000000 0.000000  0.000000 1.000000 0.000000
2451545.230746  8.9345046840e-01  1.000000 0.000000 0.000000  0.000000 1.000000 0.000000
2451545.231413  9.0729973747e-01  1.000000 0.000000 0.000000  0.000000 1.000000 0.000000
2451545.232080  9.2310529342e-01  1.000000 0.000000 0.000000  0.000000 1.000000 0.000000
2451545.232747  9.3117885835e-01  1.000000 0.000000 0.000000  0.000000 1.000000 0.000000
2451545.233414  9.4323790877e-01  1.000000 0.000000 0.000000  0.000000 1.000000 0.000000
2451545.234080  9.5619016581e-01  1.000000 0.000000 0.000000  0.000000 1.000000 0.000000
2451545.234747  9.6773426769e-01  1.000000 0.000000 0.000000  0.000000 1.000000 0.000000
2451545.235414  9.7920241353e-01  1.000000 0.000000 0.000000  0.000000 1.000000 0.000000
2451545.236081  9.8997173326e-01  1.000000 0.000000 0.000000  0.000000 1.000000 0.000000
2451545.236748  1.0001918557e+00  1.000000 0.000000 0.000000  0.000000 1.000000 0.000000
2451545.237415  1.0106002701e+00  1.000000 0.000000 0.000000  0.000000 1.000000 0.000000
2451545.238082  1.0257901102e+00  1.000000 0.000000 0.000000  0.000000 1.000000 0.000000
2451545.238749  1.0317122466e+00  1.000000 0.000000 0.000000  0.000000 1.000000 0.000000
2451545.239416  1.0410390102e+00  1.000000 0.000000 0.000000  0.000000 1.000000 0.000000
360  1
2451545.000000  9.0097483154e-01  1.000000 0.000000 0.000000  0.000000 0.000000 1.000000
2451545.000667  9.0485379533e-01  1.000000 0.000000 0.000000  0.000000 0.000000 1.000000
2451545.001334  9.0954675973e-01  1.000000 0.000000 0.000000  0.000000 0.000000 1.000000
2451545.002001  9.1360182691e-01  1.000000 0.000000 0.000000  0.000000 0.000000 1.000000
2451545.002668  9.1583264357e-01  1.000000 0.000000 0.000000  0.000000 0.000000 1.000000
2451545.003334  9.1595508232e-01  1.000000 0.000000 0.000000  0.000000 0.000000 1.000000
2451545.004001  9.2044467681e-01  1.000000 0.000000 0.000000  0.000000 0.000000 1.000000
2451545.004668  9.2187486561e-01  1.000000 0.000000 0.000000  0.000000 0.000000 1.000000
2451545.005335  9.2454698278e-01  1.000000 0.000000 0.000000  0.000000 0.000000 1.000000
2451545.006002  9.2724254567e-01  1.000000 0.000000 0.000000  0.000000 0.000000 1.000000
2451545.006669  9.2816161782e-01  1.000000 0.000000 0.000000  0.000000 0.000000 1.000000
2451545.007336  9.2843654057e-01  1.000000 0.000000 0.000000  0.000000 0.000000 1.000000
2451545.008003  9.2814598734e-01  1.000000 0.000000 0.000000  0.000000 0.000000 1.000000
2451545.008670  9.2656348821e-01  1.000000 0.000000 0.000000  0.000000 0.000000 1.000000
2451545.009337  9.2982452708e-01  1.000000 0.000000 0.000000  0.000000 0.000000 1.000000
2451545.010003  9.2461610423e-01  1.000000 0.000000 0.000000  0.000000 0.000000 1.000000
2451545.010670  9.1983300408e-01  1.000000 0.000000 0.000000  0.000000 0.000000 1.000000
2451545.011337  9.1846568454e-01  1.000000 0.000000 0.000000  0.000000 0.000000 1.000000
2451545.012004  9.2394260427e-01  1.000000 0.000000 0.000000  0.000000 0.000000 1.000000
2451545.012671  9.2275347219e-01  1.000000 0.000000 0.000000  0.000000 0.000000 1.000000
2451545.013338  9.2490057895e-01  1.000000 0.000000 0.000000  0.000000 0.000000 1.000000
2451545.014005  9.2238962938e-01  1.000000 0.000000 0.000000  0.000000 0.000000 1.000000
2451545.014672  9.2412426517e-01  1.000000 0.000000 0.000000  0.000000 0.000000 1.000000
2451545.015339  9.2751573170e-01  1.000000 0.000000 0.000000  0.000000 0.000000 1.000000
2451545.016006  9.3780770723e-01  1.000000 0.000000 0.000000  0.000000 0.000000 1.000000
2451545.016672  9.3954824787e-01  1.000000 0.000000 0.000000  0.000000 0.000000 1.000000
2451545.017339  9.3705292878e-01  1.000000 0.000000 0.000000  0.000000 0.000000 1.000000
2451545.018006  9.3954894256e-01  1.000000 0.000000 0.000000  0.000000 0.000000 1.000000
2451545.018673  9.4501891541e-01  1.000000 0.000000 0.000000  0.000000 0.000000 1.000000
2451545.019340  9.4923636591e-01  1.000000 0.000000 0.000000  0.000000 0.000000 1.000000
2451545.020007  9.5392811460e-01  1.000000 0.000000 0.000000  0.000000 0.000000 1.000000
2451545.020674  9.5760040873e-01  1.000000 0.000000 0.000000  0.000000 0.000000 1.000000
2451545.021341  9.6740453965e-01  1.000000 0.000000 0.000000  0.000000 0.000000 1.000000
2451545.022008  9.8148638525e-01  1.000000 0.000000 0.000000  0.000000 0.000000 1.000000
2451545.022674  9.9191260923e-01  1.000000 0.000000 0.000000  0.000000 0.000000 1.000000
2451545.023341  9.9205502026e-01  1.000000 0.000000 0.000000  0.000000 0.000000 1.000000
2451545.024008  1.0048298105e+00  1.000000 0.000000 0.000000  0.000000 0.000000 1.000000
2451545.024675  1.0082280502e+00  1.000000 0.000000 0.000000  0.000000 0.000000 1.000000
2451545.025342  1.0106771726e+00  1.000000 0.000000 0.000000  0.000000 0.000000 1.000000
2451545.026009  1.0144800680e+00  1.000000 0.000000 0.000000  0.000000 0.000000 1.000000
2451545.026676  1.0183533007e+00  1.000000 0.000000 0.000000  0.000000 0.000000 1.000000
2451545.027343  1.0281940764e+00  1.000000 0.000000 0.000000  0.000000 0.000000 1.000000
2451545.028010  1.0298045367e+00  1.000000 0.000000 0.000000  0.000000 0.000000 1.000000
2451545.028677  1.0317802292e+00  1.000000 0.000000 0.000000  0.000000 0.000000 1.000000
2451545.029343  1.0266683680e+00  1.000000 0.000000 0.000000  0.000000 0.000000 1.000000
2451545.030010  1.0262947995e+00  1.000000 0.000000 0.000000  0.000000 0.000000 1.000000
2451545.030677  1.0235589447e+00  1.000000 0.000000 0.000000  0.000000 0.000000 1.000000
2451545.031344  1.0217784596e+00  1.000000 0.000000 0.000000  0.000000 0.000000 1.000000
2451545.032011  1.0219321593e+00  1.000000 0.000000 0.000000  0.000000 0.000000 1.000000
2451545.032678  1.0211145116e+00  1.000000 0.000000 0.000000  0.000000 0.000000 1.000000
2451545.033345  1.0192174925e+00  1.000000 0.000000 0.000000  0.000000 0.000000 1.000000
2451545.034012  1.0144336976e+00  1.000000 0.000000 0.000000  0.000000 0.000000 1.000000
2451545.034679  1.0122758232e+00  1.000000 0.000000 0.000000  0.000000 0.000000 1.000000
2451545.035345  1.0102247570e+00  1.000000 0.000000 0.000000  0.000000 0.000000 1.000000
2451545.036012  1.0067395076e+00  1.000000 0.000000 0.000000  0.000000 0.000000 1.000000
2451545.036679  1.0020001728e+00  1.000000 0.000000 0.000000  0.000000 0.000000 1.000000
2451545.037346  9.8859477962e-01  1.000000 0.000000 0.000000  0.000000 0.000000 1.000000
2451545.038013  9.8210795729e-01  1.000000 0.000000 0.000000  0.000000 0.000000 1.000000
2451545.038680  9.7548862323e-01  1.000000 0.000000 0.000000  0.000000 0.000000 1.000000
2451545.039347  9.7112633030e-01  1.000000 0.000000 0.000000  0.000000 0.000000 1.000000
2451545.040014  9.6212161153e-01  1.000000 0.000000 0.000000  0.000000 0.000000 1.000000
2451545.040681  9.5625601389e-01  1.000000 0.000000 0.000000  0.000000 0.000000 1.000000
2451545.041348  9.3930580178e-01  1.000000 0.000000 0.000000  0.000000 0.000000 1.000000
2451545.042014  9.3054561316e-01  1.000000 0.000000 0.000000  0.000000 0.000000 1.000000
2451545.042681  9.2335646132e-01  1.000000 0.000000 0.000000  0.000000 0.000000 1.000000
2451545.043348  9.1091546864e-01  1.000000 0.000000 0.000000  0.000000 0.000000 1.000000
2451545.044015  9.0131661801e-01  1.000000 0.000000 0.000000  0.000000 0.000000 1.000000
2451545.044682  8.9241540773e-01  1.000000 0.000000 0.000000  0.000000 0.000000 1.000000
2451545.045349  8.8218300169e-01  1.000000 0.000000 0.000000  0.000000 0.000000 1.000000
2451545.046016  8.7792508563e-01  1.000000 0.000000 0.000000  0.000000 0.000000 1.000000
2451545.046683  8.7414285713e-01  1.000000 0.000000 0.000000  0.000000 0.000000 1.000000
2451545.047350  8.6829514770e-01  1.000000 0.000000 0.000000  0.000000 0.000000 1.000000
2451545.048017  8.6530416877e-01  1.000000 0.000000 0.000000  0.000000 0.000000 1.000000
2451545.048683  8.6138213432e-01  1.000000 0.000000 0.000000  0.000000 0.000000 1.000000
2451545.049350  8.5557315375e-01  1.000000 0.000000 0.000000  0.000000 0.000000 1.000000
2451545.050017  8.5284876132e-01  1.000000 0.000000 0.000000  0.000000 0.000000 1.000000
2451545.050684  8.4840015341e-01  1.000000 0.000000 0.000000  0.000000 0.000000 1.000000
2451545.051351  8.4271830073e-01  1.000000 0.000000 0.000000  0.000000 0.000000 1.000000
2451545.052018  8.3864847142e-01  1.000000 0.000000 0.000000  0.000000 0.000000 1.000000
2451545.052685  8.3037769046e-01  1.000000 0.000000 0.000000  0.000000 0.000000 1.000000
2451545.053352  8.2563488221e-01  1.000000 0.000000 0.000000  0.000000 0.000000 1.000000
2451545.054019  8.2424342226e-01  1.000000 0.000000 0.000000  0.000000 0.000000 1.000000
2451545.054685  8.2831846173e-01  1.000000 0.000000 0.000000  0.000000 0.000000 1.000000
2451545.055352  8.2597111117e-01  1.000000 0.000000 0.000000  0.000000 0.000000 1.000000
2451545.056019  8.2791571639e-01  1.000000 0.000000 0.000000  0.000000 0.000000 1.000000
2451545.056686  8.2705187194e-01  1.000000 0.000000 0.000000  0.000000 0.000000 1.000000
2451545.057353  8.2709407423e-01  1.000000 0.000000 0.000000  0.000000 0.000000 1.000000
2451545.058020  8.2471528905e-01  1.000000 0.000000 0.000000  0.000000 0.000000 1.000000
2451545.058687  8.2589643222e-01  1.000000 0.000000 0.000000  0.000000 0.000000 1.000000
2451545.059354  8.2556940787e-01  1.000000 0.000000 0.000000  0.000000 0.000000 1.000000
2451545.060021  8.2591779387e-01  1.000000 0.000000 0.000000  0.000000 0.000000 1.000000
2451545.060688  8.2704179896e-01  1.000000 0.000000 0.000000  0.000000 0.000000 1.000000
2451545.061354  8.2379656424e-01  1.000000 0.000000 0.000000  0.000000 0.000000 1.000000
2451545.062021  8.2462428493e-01  1.000000 0.000000 0.000000  0.000000 0.000000 1.000000
2451545.062688  8.2283390043e-01  1.000000 0.000000 0.000000  0.000000 0.000000 1.000000
2451545.063355  8.2145320814e-01  1.000000 0.000000 0.000000  0.000000 0.000000 1.000000
2451545.064022  8.2224532607e-01  1.000000 0.000000 0.000000  0.000000 0.000000 1.000000
2451545.064689  8.1906122389e-01  1.000000 0.000000 0.000000  0.000000 0.000000 1.000000
2451545.065356  8.1646118059e-01  1.000000 0.000000 0.000000  0.000000 0.000000 1.000000
2451545.066023  8.1418642493e-01  1.000000 0.000000 0.000000  0.000000 0.000000 1.000000
2451545.066690  8.2263278827e-01  1.000000 0.000000 0.000000  0.000000 0.000000 1.000000
2451545.067356  8.2358728950e-01  1.000000 0.000000 0.000000  0.000000 0.000000 1.000000
2451545.068023  8.2601105573e-01  1.000000 0.000000 0.000000  0.000000 0.000000 1.000000
2451545.068690  8.2428788229e-01  1.000000 0.000000 0.000000  0.000000 0.000000 1.000000
2451545.069357  8.2799855793e-01  1.000000 0.000000 0.000000  0.000000 0.000000 1.000000
2451545.070024  8.3183045662e-01  1.000000 0.000000 0.000000  0.000000 0.000000 1.000000
2451545.070691  8.4011061587e-01  1.000000 0.000000 0.000000  0.000000 0.000000 1.000000
2451545.071358  8.4232024454e-01  1.000000 0.000000 0.000000  0.000000 0.000000 1.000000
2451545.072025  8.4306859713e-01  1.000000 0.000000 0.000000  0.000000 0.000000 1.000000
2451545.072692  8.4220857346e-01  1.000000 0.000000 0.000000  0.000000 0.000000 1.000000
2451545.073359  8.4345171753e-01  1.000000 0.000000 0.000000  0.000000 0.000000 1.000000
2451545.074025  8.4749601705e-01  1.000000 0.000000 0.000000  0.000000 0.000000 1.000000
2451545.074692  8.5073117880e-01  1.000000 0.000000 0.000000  0.000000 0.000000 1.000000
2451545.075359  8.5442935006e-01  1.000000 0.000000 0.000000  0.000000 0.000000 1.000000
2451545.076026  8.5871175387e-01  1.000000 0.000000 0.000000  0.000000 0.000000 1.000000
2451545.076693  8.6030137356e-01  1.000000 0.000000 0.000000  0.000000 0.000000 1.000000
2451545.077360  8.6410409535e-01  1.000000 0.000000 0.000000  0.000000 0.000000 1.000000
2451545.078027  8.7413330517e-01  1.000000 0.000000 0.000000  0.000000 0.000000 1.000000
2451545.078694  8.8429971585e-01  1.000000 0.000000 0.000000  0.000000 0.000000 1.000000
2451545.079361  8.9635255165e-01  1.000000 0.000000 0.000000  0.000000 0.000000 1.000000
2451545.080028  9.0751601320e-01  1.000000 0.000000 0.000000  0.000000 0.000000 1.000000
2451545.080694  9.2154089439e-01  1.000000 0.000000 0.000000  0.000000 0.000000 1.000000
2451545.081361  9.3228076997e-01  1.000000 0.000000 0.000000  0.000000 0.000000 1.000000
2451545.082028  9.5280358849e-01  1.000000 0.000000 0.000000  0.000000 0.000000 1.000000
2451545.082695  9.6055613225e-01  1.000000 0.000000 0.000000  0.000000 0.000000 1.000000
2451545.083362  9.7262425118e-01  1.000000 0.000000 0.000000  0.000000 0.000000 1.000000
2451545.084029  9.8117533873e-01  1.000000 0.000000 0.000000  0.000000 0.000000 1.000000
2451545.084696  9.8810728235e-01  1.000000 0.000000 0.000000  0.000000 0.000000 1.000000
2451545.085363  9.9924990327e-01  1.000000 0.000000 0.000000  0.000000 0.000000 1.000000
2451545.086030  1.0087494135e+00  1.000000 0.000000 0.000000  0.000000 0.000000 1.000000
2451545.086696  1.0147643691e+00  1.000000 0.000000 0.000000  0.000000 0.000000 1.000000
2451545.087363  1.0215226407e+00  1.000000 0.000000 0.000000  0.000000 0.000000 1.000000
2451545.088030  1.0285393363e+00  1.000000 0.000000 0.000000  0.000000 0.000000 1.000000
2451545.088697  1.0323186124e+00  1.000000 0.000000 0.000000  0.000000 0.000000 1.000000
2451545.089364  1.0396366288e+00  1.000000 0.000000 0.000000  0.000000 0.000000 1.000000
2451545.090031  1.0490468717e+00  1.000000 0.000000 0.000000  0.000000 0.000000 1.000000
2451545.090698  1.0539678674e+00  1.000000 0.000000 0.000000  0.000000 0.000000 1.000000
2451545.091365  1.0597171048e+00  1.000000 0.000000 0.000000  0.000000 0.000000 1.000000
2451545.092032  1.0653093427e+00  1.000000 0.000000 0.000000  0.000000 0.000000 1.000000
2451545.092699  1.0709750439e+00  1.000000 0.000000 0.000000  0.000000 0.000000 1.000000
2451545.093365  1.0717072450e+00  1.000000 0.000000 0.000000  0.000000 0.000000 1.000000
2451545.094032  1.0772347033e+00  1.000000 0.000000 0.000000  0.000000 0.000000 1.000000
2451545.094699  1.0810178001e+00  1.000000 0.000000 0.000000  0.000000 0.000000 1.000000
2451545.095366  1.0831388561e+00  1.000000 0.000000 0.000000  0.000000 0.000000 1.000000
2451545.096033  1.0804469403e+00  1.000000 0.000000 0.000000  0.000000 0.000000 1.000000
2451545.096700  1.0825039113e+00  1.000000 0.000000 0.000000  0.000000 0.000000 1.000000
2451545.097367  1.0870072259e+00  1.000000 0.000000 0.000000  0.000000 0.000000 1.000000
2451545.098034  1.0848219113e+00  1.000000 0.000000 0.000000  0.000000 0.000000 1.000000
2451545.098701  1.0843715798e+00  1.000000 0.000000 0.000000  0.000000 0.000000 1.000000
2451545.099367  1.0814005732e+00  1.000000 0.000000 0.000000  0.000000 0.000000 1.000000
2451545.100034  1.0782723934e+00  1.000000 0.000000 0.000000  0.000000 0.000000 1.000000
2451545.100701  1.0735407001e+00  1.000000 0.000000 0.000000  0.000000 0.000000 1.000000
2451545.101368  1.0689885837e+00  1.000000 0.000000 0.000000  0.000000 0.000000 1.000000
2451545.102035  1.0647261522e+00  1.000000 0.000000 0.000000  0.000000 0.000000 1.000000
2451545.102702  1.0606502444e+00  1.000000 0.000000 0.000000  0.000000 0.000000 1.000000
2451545.103369  1.0539327856e+00  1.000000 0.000000 0.000000  0.000000 0.000000 1.000000
2451545.104036  1.0466168532e+00  1.000000 0.000000 0.000000  0.000000 0.000000 1.000000
2451545.104703  1.0405343393e+00  1.000000 0.000000 0.000000  0.000000 0.000000 1.000000
2451545.105370  1.0317791872e+00  1.000000 0.000000 0.000000  0.000000 0.000000 1.000000
2451545.106036  1.0283937992e+00  1.000000 0.000000 0.000000  0.000000 0.000000 1.000000
2451545.106703  1.0324865532e+00  1.000000 0.000000 0.000000  0.000000 0.000000 1.000000
2451545.107370  1.0456020878e+00  1.000000 0.000000 0.000000  0.000000 0.000000 1.000000
2451545.108037  1.0547028472e+00  1.000000 0.000000 0.000000  0.000000 0.000000 1.000000
2451545.108704  1.0631735246e+00  1.000000 0.000000 0.000000  0.000000 0.000000 1.000000
2451545.109371  1.0864542543e+00  1.000000 0.000000 0.000000  0.000000 0.000000 1.000000
2451545.110038  1.0944902307e+00  1.000000 0.000000 0.000000  0.000000 0.000000 1.000000
2451545.110705  1.1051118357e+00  1.000000 0.000000 0.000000  0.000000 0.000000 1.000000
2451545.111372  1.1141967909e+00  1.000000 0.000000 0.000000  0.000000 0.000000 1.000000
2451545.112039  1.1241007832e+00  1.000000 0.000000 0.000000  0.000000 0.000000 1.000000
2451545.112705  1.1317465187e+00  1.000000 0.000000 0.000000  0.000000 0.000000 1.000000
2451545.113372  1.1490878401e+00  1.000000 0.000000 0.000000  0.000000 0.000000 1.000000
2451545.114039  1.1573643523e+00  1.000000 0.000000 0.000000  0.000000 0.000000 1.000000
2451545.114706  1.1612122288e+00  1.000000 0.000000 0.000000  0.000000 0.000000 1.000000
2451545.115373  1.1685700161e+00  1.000000 0.000000 0.000000  0.000000 0.000000 1.000000
2451545.116040  1.1716782237e+00  1.000000 0.000000 0.000000  0.000000 0.000000 1.000000
2451545.116707  1.1758506931e+00  1.000000 0.000000 0.000000  0.000000 0.000000 1.000000
2451545.117374  1.1812544969e+00  1.000000 0.000000 0.000000  0.000000 0.000000 1.000000
2451545.118041  1.1847036226e+00  1.000000 0.000000 0.000000  0.000000 0.000000 1.000000
2451545.118707  1.1853465563e+00  1.000000 0.000000 0.000000  0.000000 0.000000 1.000000
2451545.119374  1.1826030599e+00  1.000000 0.000000 0.000000  0.000000 0.000000 1.000000
2451545.120041  1.1827539809e+00  1.000000 0.000000 0.000000  0.000000 0.000000 1.000000
2451545.120708  1.1815863841e+00  1.000000 0.000000 0.000000  0.000000 0.000000 1.000000
2451545.121375  1.1777169723e+00  1.000000 0.000000 0.000000  0.000000 0.000000 1.000000
2451545.122042  1.1691485175e+00  1.000000 0.000000 0.000000  0.000000 0.000000 1.000000
2451545.122709  1.1580628610e+00  1.000000 0.000000 0.000000  0.000000 0.000000 1.000000
2451545.123376  1.1531349184e+00  1.000000 0.000000 0.000000  0.000000 0.000000 1.000000
2451545.124043  1.1466955085e+00  1.000000 0.000000 0.000000  0.000000 0.000000 1.000000
2451545.124710  1.1395454329e+00  1.000000 0.000000 0.000000  0.000000 0.000000 1.000000
2451545.125376  1.1301013240e+00  1.000000 0.000000 0.000000  0.000000 0.000000 1.000000
2451545.126043  1.1231598284e+00  1.000000 0.000000 0.000000  0.000000 0.000000 1.000000
2451545.126710  1.1049253120e+00  1.000000 0.000000 0.000000  0.000000 0.000000 1.000000
2451545.127377  1.0945333014e+00  1.000000 0.000000 0.000000  0.000000 0.000000 1.000000
2451545.128044  1.0879342869e+00  1.000000 0.000000 0.000000  0.000000 0.000000 1.000000
2451545.128711  1.0735000609e+00  1.000000 0.000000 0.000000  0.000000 0.000000 1.000000
2451545.129378  1.0658767291e+00  1.000000 0.000000 0.000000  0.000000 0.000000 1.000000
2451545.130045  1.0604753567e+00  1.000000 0.000000 0.000000  0.000000 0.000000 1.000000
2451545.130712  1.0544003106e+00  1.000000 0.000000 0.000000  0.000000 0.000000 1.000000
2451545.131378  1.0497884510e+00  1.000000 0.000000 0.000000  0.000000 0.000000 1.000000
2451545.132045  1.0525958587e+00  1.000000 0.000000 0.000000  0.000000 0.000000 1.000000
2451545.132712  1.0629005123e+00  1.000000 0.000000 0.000000  0.000000 0.000000 1.000000
2451545.133379  1.0711502789e+00  1.000000 0.000000 0.000000  0.000000 0.000000 1.000000
2451545.134046  1.0773446376e+00  1.000000 0.000000 0.000000  0.000000 0.000000 1.000000
2451545.134713  1.0877795452e+00  1.000000 0.000000 0.000000  0.000000 0.000000 1.000000
2451545.135380  1.0985986152e+00  1.000000 0.000000 0.000000  0.000000 0.000000 1.000000
2451545.136047  1.1021304087e+00  1.000000 0.000000 0.000000  0.000000 0.000000 1.000000
2451545.136714  1.1168385155e+00  1.000000 0.000000 0.000000  0.000000 0.000000 1.000000
2451545.137381  1.1201012911e+00  1.000000 0.000000 0.000000  0.000000 0.000000 1.000000
2451545.138047  1.1265368802e+00  1.000000 0.000000 0.000000  0.000000 0.000000 1.000000
2451545.138714  1.1305591234e+00  1.000000 0.000000 0.000000  0.000000 0.000000 1.000000
2451545.139381  1.1341440605e+00  1.000000 0.000000 0.000000  0.000000 0.000000 1.000000
2451545.140048  1.1383594269e+00  1.000000 0.000000 0.000000  0.000000 0.000000 1.000000
2451545.140715  1.1473999221e+00  1.000000 0.000000 0.000000  0.000000 0.000000 1.000000
2451545.141382  1.1499245918e+00  1.000000 0.000000 0.000000  0.000000 0.000000 1.000000
2451545.142049  1.1539119269e+00  1.000000 0.000000 0.000000  0.000000 0.000000 1.000000
2451545.142716  1.1512828804e+00  1.000000 0.000000 0.000000  0.000000 0.000000 1.000000
2451545.143383  1.1506357785e+00  1.000000 0.000000 0.000000  0.000000 0.000000 1.000000
2451545.144050  1.1529836501e+00  1.000000 0.000000 0.000000  0.000000 0.000000 1.000000
2451545.144716  1.1532644777e+00  1.000000 0.000000 0.000000  0.000000 0.000000 1.000000
2451545.145383  1.1537537117e+00  1.000000 0.000000 0.000000  0.000000 0.000000 1.000000
2451545.146050  1.1544737558e+00  1.000000 0.000000 0.000000  0.000000 0.000000 1.000000
2451545.146717  1.1515640553e+00  1.000000 0.000000 0.000000  0.000000 0.000000 1.000000
2451545.147384  1.1514296332e+00  1.000000 0.000000 0.000000  0.000000 0.000000 1.000000
2451545.148051  1.1514518632e+00  1.000000 0.000000 0.000000  0.000000 0.000000 1.000000
2451545.148718  1.1483905471e+00  1.000000 0.000000 0.000000  0.000000 0.000000 1.000000
2451545.149385  1.1473535517e+00  1.000000 0.000000 0.000000  0.000000 0.000000 1.000000
2451545.150052  1.1423696867e+00  1.000000 0.000000 0.000000  0.000000 0.000000 1.000000
2451545.150718  1.1401937504e+00  1.000000 0.000000 0.000000  0.000000 0.000000 1.000000
2451545.151385  1.1361548347e+00  1.000000 0.000000 0.000000  0.000000 0.000000 1.000000
2451545.152052  1.1427359609e+00  1.000000 0.000000 0.000000  0.000000 0.000000 1.000000
2451545.152719  1.1420629820e+00  1.000000 0.000000 0.000000  0.000000 0.000000 1.000000
2451545.153386  1.1456029381e+00  1.000000 0.000000 0.000000  0.000000 0.000000 1.000000
2451545.154053  1.1472182612e+00  1.000000 0.000000 0.000000  0.000000 0.000000 1.000000
2451545.154720  1.1537254032e+00  1.000000 0.000000 0.000000  0.000000 0.000000 1.000000
2451545.155387  1.1641521482e+00  1.000000 0.000000 0.000000  0.000000 0.000000 1.000000
2451545.156054  1.1958403386e+00  1.000000 0.000000 0.000000  0.000000 0.000000 1.000000
2451545.156721  1.2151884398e+00  1.000000 0.000000 0.000000  0.000000 0.000000 1.000000
2451545.157387  1.2285981749e+00  1.000000 0.000000 0.000000  0.000000 0.000000 1.000000
2451545.158054  1.2535070794e+00  1.000000 0.000000 0.000000  0.000000 0.000000 1.000000
2451545.158721  1.2724916851e+00  1.000000 0.000000 0.000000  0.000000 0.000000 1.000000
2451545.159388  1.2915740682e+00  1.000000 0.000000 0.000000  0.000000 0.000000 1.000000
2451545.160055  1.3172427877e+00  1.000000 0.000000 0.000000  0.000000 0.000000 1.000000
2451545.160722  1.3321360288e+00  1.000000 0.000000 0.000000  0.000000 0.000000 1.000000
2451545.161389  1.3478753998e+00  1.000000 0.000000 0.000000  0.000000 0.000000 1.000000
2451545.162056  1.3672028340e+00  1.000000 0.000000 0.000000  0.000000 0.000000 1.000000
2451545.162723  1.3809418511e+00  1.000000 0.000000 0.000000  0.000000 0.000000 1.000000
2451545.163389  1.3902899194e+00  1.000000 0.000000 0.000000  0.000000 0.000000 1.000000
2451545.164056  1.4088651803e+00  1.000000 0.000000 0.000000  0.000000 0.000000 1.000000
2451545.164723  1.4174072369e+00  1.000000 0.000000 0.000000  0.000000 0.000000 1.000000
2451545.165390  1.4245435925e+00  1.000000 0.000000 0.000000  0.000000 0.000000 1.000000
2451545.166057  1.4294729244e+00  1.000000 0.000000 0.000000  0.000000 0.000000 1.000000
2451545.166724  1.4368310591e+00  1.000000 0.000000 0.000000  0.000000 0.000000 1.000000
2451545.167391  1.4397569110e+00  1.000000 0.000000 0.000000  0.000000 0.000000 1.000000
2451545.168058  1.4477850723e+00  1.000000 0.000000 0.000000  0.000000 0.000000 1.000000
2451545.168725  1.4507968918e+00  1.000000 0.000000 0.000000  0.000000 0.000000 1.000000
2451545.169392  1.4507847348e+00  1.000000 0.000000 0.000000  0.000000 0.000000 1.000000
2451545.170058  1.4507704937e+00  1.000000 0.000000 0.000000  0.000000 0.000000 1.000000
2451545.170725  1.4512001582e+00  1.000000 0.000000 0.000000  0.000000 0.000000 1.000000
2451545.171392  1.4461680124e+00  1.000000 0.000000 0.000000  0.000000 0.000000 1.000000
2451545.172059  1.4411436819e+00  1.000000 0.000000 0.000000  0.000000 0.000000 1.000000
2451545.172726  1.4379422125e+00  1.000000 0.000000 0.000000  0.000000 0.000000 1.000000
2451545.173393  1.4316938418e+00  1.000000 0.000000 0.000000  0.000000 0.000000 1.000000
2451545.174060  1.4255128558e+00  1.000000 0.000000 0.000000  0.000000 0.000000 1.000000
2451545.174727  1.4189899097e+00  1.000000 0.000000 0.000000  0.000000 0.000000 1.000000
2451545.175394  1.4070602074e+00  1.000000 0.000000 0.000000  0.000000 0.000000 1.000000
2451545.176061  1.3984589286e+00  1.000000 0.000000 0.000000  0.000000 0.000000 1.000000
2451545.176727  1.3891436843e+00  1.000000 0.000000 0.000000  0.000000 0.000000 1.000000
2451545.177394  1.3710512316e+00  1.000000 0.000000 0.000000  0.000000 0.000000 1.000000
2451545.178061  1.3595360842e+00  1.000000 0.000000 0.000000  0.000000 0.000000 1.000000
2451545.178728  1.3450723339e+00  1.000000 0.000000 0.000000  0.000000 0.000000 1.000000
2451545.179395  1.3278808914e+00  1.000000 0.000000 0.000000  0.000000 0.000000 1.000000
2451545.180062  1.3139355520e+00  1.000000 0.000000 0.000000  0.000000 0.000000 1.000000
2451545.180729  1.3017719135e+00  1.000000 0.000000 0.000000  0.000000 0.000000 1.000000
2451545.181396  1.2789587088e+00  1.000000 0.000000 0.000000  0.000000 0.000000 1.000000
2451545.182063  1.2650276105e+00  1.000000 0.000000 0.000000  0.000000 0.000000 1.000000
2451545.182729  1.2522311113e+00  1.000000 0.000000 0.000000  0.000000 0.000000 1.000000
2451545.183396  1.2354519661e+00  1.000000 0.000000 0.000000  0.000000 0.000000 1.000000
2451545.184063  1.2203463241e+00  1.000000 0.000000 0.000000  0.000000 0.000000 1.000000
2451545.184730  1.2088136359e+00  1.000000 0.000000 0.000000  0.000000 0.000000 1.000000
2451545.185397  1.1833859732e+00  1.000000 0.000000 0.000000  0.000000 0.000000 1.000000
2451545.186064  1.1618374479e+00  1.000000 0.000000 0.000000  0.000000 0.000000 1.000000
2451545.186731  1.1465239206e+00  1.000000 0.000000 0.000000  0.000000 0.000000 1.000000
2451545.187398  1.1224003608e+00  1.000000 0.000000 0.000000  0.000000 0.000000 1.000000
2451545.188065  1.1036701845e+00  1.000000 0.000000 0.000000  0.000000 0.000000 1.000000
2451545.188732  1.0858245197e+00  1.000000 0.000000 0.000000  0.000000 0.000000 1.000000
2451545.189398  1.0563398793e+00  1.000000 0.000000 0.000000  0.000000 0.000000 1.000000
2451545.190065  1.0372998722e+00  1.000000 0.000000 0.000000  0.000000 0.000000 1.000000
2451545.190732  1.0161759750e+00  1.000000 0.000000 0.000000  0.000000 0.000000 1.000000
2451545.191399  9.8890148434e-01  1.000000 0.000000 0.000000  0.000000 0.000000 1.000000
2451545.192066  9.7097662505e-01  1.000000 0.000000 0.000000  0.000000 0.000000 1.000000
2451545.192733  9.4292998877e-01  1.000000 0.000000 0.000000  0.000000 0.000000 1.000000
2451545.193400  9.2134203996e-01  1.000000 0.000000 0.000000  0.000000 0.000000 1.000000
2451545.194067  9.0531611016e-01  1.000000 0.000000 0.000000  0.000000 0.000000 1.000000
2451545.194734  8.8339870559e-01  1.000000 0.000000 0.000000  0.000000 0.000000 1.000000
2451545.195400  8.6722359155e-01  1.000000 0.000000 0.000000  0.000000 0.000000 1.000000
2451545.196067  8.5298926195e-01  1.000000 0.000000 0.000000  0.000000 0.000000 1.000000
2451545.196734  8.2630890319e-01  1.000000 0.000000 0.000000  0.000000 0.000000 1.000000
2451545.197401  8.1271247079e-01  1.000000 0.000000 0.000000  0.000000 0.000000 1.000000
2451545.198068  7.9861777346e-01  1.000000 0.000000 0.000000  0.000000 0.000000 1.000000
2451545.198735  7.8198677046e-01  1.000000 0.000000 0.000000  0.000000 0.000000 1.000000
2451545.199402  7.6912497056e-01  1.000000 0.000000 0.000000  0.000000 0.000000 1.000000
2451545.200069  7.5217788455e-01  1.000000 0.000000 0.000000  0.000000 0.000000 1.000000
2451545.200736  7.3150327671e-01  1.000000 0.000000 0.000000  0.000000 0.000000 1.000000
2451545.201403  7.2113731691e-01  1.000000 0.000000 0.000000  0.000000 0.000000 1.000000
2451545.202069  7.1229480777e-01  1.000000 0.000000 0.000000  0.000000 0.000000 1.000000
2451545.202736  7.0049848550e-01  1.000000 0.000000 0.000000  0.000000 0.000000 1.000000
2451545.203403  6.9197779055e-01  1.000000 0.000000 0.000000  0.000000 0.000000 1.000000
2451545.204070  6.8439839776e-01  1.000000 0.000000 0.000000  0.000000 0.000000 1.000000
2451545.204737  6.7176080839e-01  1.000000 0.000000 0.000000  0.000000 0.000000 1.000000
2451545.205404  6.6568524133e-01  1.000000 0.000000 0.000000  0.000000 0.000000 1.000000
2451545.206071  6.6474967034e-01  1.000000 0.000000 0.000000  0.000000 0.000000 1.000000
2451545.206738  6.6584762463e-01  1.000000 0.000000 0.000000  0.000000 0.000000 1.000000
2451545.207405  6.6692803805e-01  1.000000 0.000000 0.000000  0.000000 0.000000 1.000000
2451545.208072  6.6779691900e-01  1.000000 0.000000 0.000000  0.000000 0.000000 1.000000
2451545.208738  6.6946555943e-01  1.000000 0.000000 0.000000  0.000000 0.000000 1.000000
2451545.209405  6.6911769445e-01  1.000000 0.000000 0.000000  0.000000 0.000000 1.000000
2451545.210072  6.7123110884e-01  1.000000 0.000000 0.000000  0.000000 0.000000 1.000000
2451545.210739  6.7815575824e-01  1.000000 0.000000 0.000000  0.000000 0.000000 1.000000
2451545.211406  6.8013805029e-01  1.000000 0.000000 0.000000  0.000000 0.000000 1.000000
2451545.212073  6.8164639148e-01  1.000000 0.000000 0.000000  0.000000 0.000000 1.000000
2451545.212740  6.7950918403e-01  1.000000 0.000000 0.000000  0.000000 0.000000 1.000000
2451545.213407  6.8481798928e-01  1.000000 0.000000 0.000000  0.000000 0.000000 1.000000
2451545.214074  6.9015423470e-01  1.000000 0.000000 0.000000  0.000000 0.000000 1.000000
2451545.214740  6.9229126848e-01  1.000000 0.000000 0.000000  0.000000 0.000000 1.000000
2451545.215407  6.9556897987e-01  1.000000 0.000000 0.000000  0.000000 0.000000 1.000000
2451545.216074  7.0096739986e-01  1.000000 0.000000 0.000000  0.000000 0.000000 1.000000
2451545.216741  7.0292537783e-01  1.000000 0.000000 0.000000  0.000000 0.000000 1.000000
2451545.217408  7.0720760797e-01  1.000000 0.000000 0.000000  0.000000 0.000000 1.000000
2451545.218075  7.1114753064e-01  1.000000 0.000000 0.000000  0.000000 0.000000 1.000000
2451545.218742  7.1413347308e-01  1.000000 0.000000 0.000000  0.000000 0.000000 1.000000
2451545.219409  7.1798551772e-01  1.000000 0.000000 0.000000  0.000000 0.000000 1.000000
2451545.220076  7.2718961193e-01  1.000000 0.000000 0.000000  0.000000 0.000000 1.000000
2451545.220743  7.3024346013e-01  1.000000 0.000000 0.000000  0.000000 0.000000 1.000000
2451545.221409  7.3190376431e-01  1.000000 0.000000 0.000000  0.000000 0.000000 1.000000
2451545.222076  7.4369591845e-01  1.000000 0.000000 0.000000  0.000000 0.000000 1.000000
2451545.222743  7.4676470243e-01  1.000000 0.000000 0.000000  0.000000 0.000000 1.000000
2451545.223410  7.4862750815e-01  1.000000 0.000000 0.000000  0.000000 0.000000 1.000000
2451545.224077  7.5072772347e-01  1.000000 0.000000 0.000000  0.000000 0.000000 1.000000
2451545.224744  7.5484496523e-01  1.000000 0.000000 0.000000  0.000000 0.000000 1.000000
2451545.225411  7.5718571625e-01  1.000000 0.000000 0.000000  0.000000 0.000000 1.000000
2451545.226078  7.7152112294e-01  1.000000 0.000000 0.000000  0.000000 0.000000 1.000000
2451545.226745  7.7783792040e-01  1.000000 0.000000 0.000000  0.000000 0.000000 1.000000
2451545.227411  7.8076203562e-01  1.000000 0.000000 0.000000  0.000000 0.000000 1.000000
2451545.228078  7.8912277867e-01  1.000000 0.000000 0.000000  0.000000 0.000000 1.000000
2451545.228745  7.9296440299e-01  1.000000 0.000000 0.000000  0.000000 0.000000 1.000000
2451545.229412  8.0350855024e-01  1.000000 0.000000 0.000000  0.000000 0.000000 1.000000
2451545.230079  8.1571265434e-01  1.000000 0.000000 0.000000  0.000000 0.000000 1.000000
2451545.230746  8.2480525113e-01  1.000000 0.000000 0.000000  0.000000 0.000000 1.000000
2451545.231413  8.3253052839e-01  1.000000 0.000000 0.000000  0.000000 0.000000 1.000000
2451545.232080  8.3884489444e-01  1.000000 0.000000 0.000000  0.000000 0.000000 1.000000
2451545.232747  8.4739355058e-01  1.000000 0.000000 0.000000  0.000000 0.000000 1.000000
2451545.233414  8.5121311856e-01  1.000000 0.000000 0.000000  0.000000 0.000000 1.000000
2451545.234080  8.5823068247e-01  1.000000 0.000000 0.000000  0.000000 0.000000 1.000000
2451545.234747  8.6710879437e-01  1.000000 0.000000 0.000000  0.000000 0.000000 1.000000
2451545.235414  8.7132676588e-01  1.000000 0.000000 0.000000  0.000000 0.000000 1.000000
2451545.236081  8.7513695557e-01  1.000000 0.000000 0.000000  0.000000 0.000000 1.000000
2451545.236748  8.8095323037e-01  1.000000 0.000000 0.000000  0.000000 0.000000 1.000000
2451545.237415  8.8162673033e-01  1.000000 0.000000 0.000000  0.000000 0.000000 1.000000
2451545.238082  8.9395205746e-01  1.000000 0.000000 0.000000  0.000000 0.000000 1.000000
2451545.238749  8.9801111911e-01  1.000000 0.000000 0.000000  0.000000 0.000000 1.000000
2451545.239416  8.9801268215e-01  1.000000 0.000000 0.000000  0.000000 0.000000 1.000000
360  1
2451545.000000  1.0753629540e+00  1.000000 0.000000 0.000000  0.000000 0.000000 -1.000000
2451545.000667  1.0836275138e+00  1.000000 0.000000 0.000000  0.000000 0.000000 -1.000000
2451545.001334  1.0881151480e+00  1.000000 0.000000 0.000000  0.000000 0.000000 -1.000000
2451545.002001  1.1041339771e+00  1.000000 0.000000 0.000000  0.000000 0.000000 -1.000000
2451545.002668  1.1093602054e+00  1.000000 0.000000 0.000000  0.000000 0.000000 -1.000000
2451545.003334  1.1107467284e+00  1.000000 0.000000 0.000000  0.000000 0.000000 -1.000000
2451545.004001  1.1228615812e+00  1.000000 0.000000 0.000000  0.000000 0.000000 -1.000000
2451545.004668  1.1251107666e+00  1.000000 0.000000 0.000000  0.000000 0.000000 -1.000000
2451545.005335  1.1294321314e+00  1.000000 0.000000 0.000000  0.000000 0.000000 -1.000000
2451545.006002  1.1328894916e+00  1.000000 0.000000 0.000000  0.000000 0.000000 -1.000000
2451545.006669  1.1345116251e+00  1.000000 0.000000 0.000000  0.000000 0.000000 -1.000000
2451545.007336  1.1343353646e+00  1.000000 0.000000 0.000000  0.000000 0.000000 -1.000000
2451545.008003  1.1374457213e+00  1.000000 0.000000 0.000000  0.000000 0.000000 -1.000000
2451545.008670  1.1390881352e+00  1.000000 0.000000 0.000000  0.000000 0.000000 -1.000000
2451545.009337  1.1396386883e+00  1.000000 0.000000 0.000000  0.000000 0.000000 -1.000000
2451545.010003  1.1357202473e+00  1.000000 0.000000 0.000000  0.000000 0.000000 -1.000000
2451545.010670  1.1385660641e+00  1.000000 0.000000 0.000000  0.000000 0.000000 -1.000000
2451545.011337  1.1376051312e+00  1.000000 0.000000 0.000000  0.000000 0.000000 -1.000000
2451545.012004  1.1353022623e+00  1.000000 0.000000 0.000000  0.000000 0.000000 -1.000000
2451545.012671  1.1343138912e+00  1.000000 0.000000 0.000000  0.000000 0.000000 -1.000000
2451545.013338  1.1335548676e+00  1.000000 0.000000 0.000000  0.000000 0.000000 -1.000000
2451545.014005  1.1362596163e+00  1.000000 0.000000 0.000000  0.000000 0.000000 -1.000000
2451545.014672  1.1361858017e+00  1.000000 0.000000 0.000000  0.000000 0.000000 -1.000000
2451545.015339  1.1368875630e+00  1.000000 0.000000 0.000000  0.000000 0.000000 -1.000000
2451545.016006  1.1351219756e+00  1.000000 0.000000 0.000000  0.000000 0.000000 -1.000000
2451545.016672  1.1348808476e+00  1.000000 0.000000 0.000000  0.000000 0.000000 -1.000000
2451545.017339  1.1345283266e+00  1.000000 0.000000 0.000000  0.000000 0.000000 -1.000000
2451545.018006  1.1331145146e+00  1.000000 0.000000 0.000000  0.000000 0.000000 -1.000000
2451545.018673  1.1320186275e+00  1.000000 0.000000 0.000000  0.000000 0.000000 -1.000000
2451545.019340  1.1312897262e+00  1.000000 0.000000 0.000000  0.000000 0.000000 -1.000000
2451545.020007  1.1332184516e+00  1.000000 0.000000 0.000000  0.000000 0.000000 -1.000000
2451545.020674  1.1328759217e+00  1.000000 0.000000 0.000000  0.000000 0.000000 -1.000000
2451545.021341  1.1330858834e+00  1.000000 0.000000 0.000000  0.000000 0.000000 -1.000000
2451545.022008  1.1323899377e+00  1.000000 0.000000 0.000000  0.000000 0.000000 -1.000000
2451545.022674  1.1378865217e+00  1.000000 0.000000 0.000000  0.000000 0.000000 -1.000000
2451545.023341  1.1400978305e+00  1.000000 0.000000 0.000000  0.000000 0.000000 -1.000000
2451545.024008  1.1448494081e+00  1.000000 0.000000 0.000000  0.000000 0.000000 -1.000000
2451545.024675  1.1474433603e+00  1.000000 0.000000 0.000000  0.000000 0.000000 -1.000000
2451545.025342  1.1508014062e+00  1.000000 0.000000 0.000000  0.000000 0.000000 -1.000000
2451545.026009  1.1549284669e+00  1.000000 0.000000 0.000000  0.000000 0.000000 -1.000000
2451545.026676  1.1549864748e+00  1.000000 0.000000 0.000000  0.000000 0.000000 -1.000000
2451545.027343  1.1491628695e+00  1.000000 0.000000 0.000000  0.000000 0.000000 -1.000000
2451545.028010  1.1483258558e+00  1.000000 0.000000 0.000000  0.000000 0.000000 -1.000000
2451545.028677  1.1492827624e+00  1.000000 0.000000 0.000000  0.000000 0.000000 -1.000000
2451545.029343  1.1491906059e+00  1.000000 0.000000 0.000000  0.000000 0.000000 -1.000000
2451545.030010  1.1467166958e+00  1.000000 0.000000 0.000000  0.000000 0.000000 -1.000000
2451545.030677  1.1433505973e+00  1.000000 0.000000 0.000000  0.000000 0.000000 -1.000000
2451545.031344  1.1344648012e+00  1.000000 0.000000 0.000000  0.000000 0.000000 -1.000000
2451545.032011  1.1330028233e+00  1.000000 0.000000 0.000000  0.000000 0.000000 -1.000000
2451545.032678  1.1292691426e+00  1.000000 0.000000 0.000000  0.000000 0.000000 -1.000000
2451545.033345  1.1187424239e+00  1.000000 0.000000 0.000000  0.000000 0.000000 -1.000000
2451545.034012  1.1148166759e+00  1.000000 0.000000 0.000000  0.000000 0.000000 -1.000000
2451545.034679  1.1091237002e+00  1.000000 0.000000 0.000000  0.000000 0.000000 -1.000000
2451545.035345  1.1007377563e+00  1.000000 0.000000 0.000000  0.000000 0.000000 -1.000000
2451545.036012  1.0983348275e+00  1.000000 0.000000 0.000000  0.000000 0.000000 -1.000000
2451545.036679  1.0888977327e+00  1.000000 0.000000 0.000000  0.000000 0.000000 -1.000000
2451545.037346  1.0772864601e+00  1.000000 0.000000 0.000000  0.000000 0.000000 -1.000000
2451545.038013  1.0695223489e+00  1.000000 0.000000 0.000000  0.000000 0.000000 -1.000000
2451545.038680  1.0633730643e+00  1.000000 0.000000 0.000000  0.000000 0.000000 -1.000000
2451545.039347  1.0547483783e+00  1.000000 0.000000 0.000000  0.000000 0.000000 -1.000000
2451545.040014  1.0494465459e+00  1.000000 0.000000 0.000000  0.000000 0.000000 -1.000000
2451545.040681  1.0413336417e+00  1.000000 0.000000 0.000000  0.000000 0.000000 -1.000000
2451545.041348  1.0369851369e+00  1.000000 0.000000 0.000000  0.000000 0.000000 -1.000000
2451545.042014  1.0293491203e+00  1.000000 0.000000 0.000000  0.000000 0.000000 -1.000000
2451545.042681  1.0232737995e+00  1.000000 0.000000 0.000000  0.000000 0.000000 -1.000000
2451545.043348  1.0117293329e+00  1.000000 0.000000 0.000000  0.000000 0.000000 -1.000000
2451545.044015  1.0058917102e+00  1.000000 0.000000 0.000000  0.000000 0.000000 -1.000000
2451545.044682  1.0013991550e+00  1.000000 0.000000 0.000000  0.000000 0.000000 -1.000000
2451545.045349  9.9702291388e-01  1.000000 0.000000 0.000000  0.000000 0.000000 -1.000000
2451545.046016  9.8758477524e-01  1.000000 0.000000 0.000000  0.000000 0.000000 -1.000000
2451545.046683  9.8738361160e-01  1.000000 0.000000 0.000000  0.000000 0.000000 -1.000000
2451545.047350  9.8154419949e-01  1.000000 0.000000 0.000000  0.000000 0.000000 -1.000000
2451545.048017  9.7702763590e-01  1.000000 0.000000 0.000000  0.000000 0.000000 -1.000000
2451545.048683  9.6950987186e-01  1.000000 0.000000 0.000000  0.000000 0.000000 -1.000000
2451545.049350  9.6468701463e-01  1.000000 0.000000 0.000000  0.000000 0.000000 -1.000000
2451545.050017  9.6274546491e-01  1.000000 0.000000 0.000000  0.000000 0.000000 -1.000000
2451545.050684  9.5668401229e-01  1.000000 0.000000 0.000000  0.000000 0.000000 -1.000000
2451545.051351  9.5458633333e-01  1.000000 0.000000 0.000000  0.000000 0.000000 -1.000000
2451545.052018  9.5370771498e-01  1.000000 0.000000 0.000000  0.000000 0.000000 -1.000000
2451545.052685  9.4551339095e-01  1.000000 0.000000 0.000000  0.000000 0.000000 -1.000000
2451545.053352  9.4799639744e-01  1.000000 0.000000 0.000000  0.000000 0.000000 -1.000000
2451545.054019  9.4569203739e-01  1.000000 0.000000 0.000000  0.000000 0.000000 -1.000000
2451545.054685  9.3942957025e-01  1.000000 0.000000 0.000000  0.000000 0.000000 -1.000000
2451545.055352  9.3693060786e-01  1.000000 0.000000 0.000000  0.000000 0.000000 -1.000000
2451545.056019  9.3384336486e-01  1.000000 0.000000 0.000000  0.000000 0.000000 -1.000000
2451545.056686  9.3536185954e-01  1.000000 0.000000 0.000000  0.000000 0.000000 -1.000000
2451545.057353  9.3384828583e-01  1.000000 0.000000 0.000000  0.000000 0.000000 -1.000000
2451545.058020  9.2977371559e-01  1.000000 0.000000 0.000000  0.000000 0.000000 -1.000000
2451545.058687  9.2272433924e-01  1.000000 0.000000 0.000000  0.000000 0.000000 -1.000000
2451545.059354  9.1855805984e-01  1.000000 0.000000 0.000000  0.000000 0.000000 -1.000000
2451545.060021  9.1450048934e-01  1.000000 0.000000 0.000000  0.000000 0.000000 -1.000000
2451545.060688  9.0921267419e-01  1.000000 0.000000 0.000000  0.000000 0.000000 -1.000000
2451545.061354  9.0378766813e-01  1.000000 0.000000 0.000000  0.000000 0.000000 -1.000000
2451545.062021  9.0127767082e-01  1.000000 0.000000 0.000000  0.000000 0.000000 -1.000000
2451545.062688  8.9267967743e-01  1.000000 0.000000 0.000000  0.000000 0.000000 -1.000000
2451545.063355  8.8994376247e-01  1.000000 0.000000 0.000000  0.000000 0.000000 -1.000000
2451545.064022  8.8710808586e-01  1.000000 0.000000 0.000000  0.000000 0.000000 -1.000000
2451545.064689  8.7826121025e-01  1.000000 0.000000 0.000000  0.000000 0.000000 -1.000000
2451545.065356  8.7479147300e-01  1.000000 0.000000 0.000000  0.000000 0.000000 -1.000000
2451545.066023  8.7016291986e-01  1.000000 0.000000 0.000000  0.000000 0.000000 -1.000000
2451545.066690  8.6904734894e-01  1.000000 0.000000 0.000000  0.000000 0.000000 -1.000000
2451545.067356  8.6412815982e-01  1.000000 0.000000 0.000000  0.000000 0.000000 -1.000000
2451545.068023  8.6256194655e-01  1.000000 0.000000 0.000000  0.000000 0.000000 -1.000000
2451545.068690  8.6060980927e-01  1.000000 0.000000 0.000000  0.000000 0.000000 -1.000000
2451545.069357  8.5778382549e-01  1.000000 0.000000 0.000000  0.000000 0.000000 -1.000000
2451545.070024  8.5497558706e-01  1.000000 0.000000 0.000000  0.000000 0.000000 -1.000000
2451545.070691  8.4994023303e-01  1.000000 0.000000 0.000000  0.000000 0.000000 -1.000000
2451545.071358  8.4604773899e-01  1.000000 0.000000 0.000000  0.000000 0.000000 -1.000000
2451545.072025  8.4285491862e-01  1.000000 0.000000 0.000000  0.000000 0.000000 -1.000000
2451545.072692  8.3902460786e-01  1.000000 0.000000 0.000000  0.000000 0.000000 -1.000000
2451545.073359  8.3445212405e-01  1.000000 0.000000 0.000000  0.000000 0.000000 -1.000000
2451545.074025  8.2579716660e-01  1.000000 0.000000 0.000000  0.000000 0.000000 -1.000000
2451545.074692  8.2484741774e-01  1.000000 0.000000 0.000000  0.000000 0.000000 -1.000000
2451545.075359  8.1988349246e-01  1.000000 0.000000 0.000000  0.000000 0.000000 -1.000000
2451545.076026  8.1357211377e-01  1.000000 0.000000 0.000000  0.000000 0.000000 -1.000000
2451545.076693  8.1023733064e-01  1.000000 0.000000 0.000000  0.000000 0.000000 -1.000000
2451545.077360  8.0864860016e-01  1.000000 0.000000 0.000000  0.000000 0.000000 -1.000000
2451545.078027  8.1275478397e-01  1.000000 0.000000 0.000000  0.000000 0.000000 -1.000000
2451545.078694  8.1342209849e-01  1.000000 0.000000 0.000000  0.000000 0.000000 -1.000000
2451545.079361  8.1577402800e-01  1.000000 0.000000 0.000000  0.000000 0.000000 -1.000000
2451545.080028  8.1989661507e-01  1.000000 0.000000 0.000000  0.000000 0.000000 -1.000000
2451545.080694  8.2534324361e-01  1.000000 0.000000 0.000000  0.000000 0.000000 -1.000000
2451545.081361  8.2979881690e-01  1.000000 0.000000 0.000000  0.000000 0.000000 -1.000000
2451545.082028  8.3869132340e-01  1.000000 0.000000 0.000000  0.000000 0.000000 -1.000000
2451545.082695  8.4488027410e-01  1.000000 0.000000 0.000000  0.000000 0.000000 -1.000000
2451545.083362  8.5054476779e-01  1.000000 0.000000 0.000000  0.000000 0.000000 -1.000000
2451545.084029  8.6129054464e-01  1.000000 0.000000 0.000000  0.000000 0.000000 -1.000000
2451545.084696  8.6641507277e-01  1.000000 0.000000 0.000000  0.000000 0.000000 -1.000000
2451545.085363  8.7238123735e-01  1.000000 0.000000 0.000000  0.000000 0.000000 -1.000000
2451545.086030  8.7503200447e-01  1.000000 0.000000 0.000000  0.000000 0.000000 -1.000000
2451545.086696  8.7857331959e-01  1.000000 0.000000 0.000000  0.000000 0.000000 -1.000000
2451545.087363  8.8267756483e-01  1.000000 0.000000 0.000000  0.000000 0.000000 -1.000000
2451545.088030  8.8695657937e-01  1.000000 0.000000 0.000000  0.000000 0.000000 -1.000000
2451545.088697  8.8500324912e-01  1.000000 0.000000 0.000000  0.000000 0.000000 -1.000000
2451545.089364  8.8560017873e-01  1.000000 0.000000 0.000000  0.000000 0.000000 -1.000000
2451545.090031  8.8490975053e-01  1.000000 0.000000 0.000000  0.000000 0.000000 -1.000000
2451545.090698  8.8446283620e-01  1.000000 0.000000 0.000000  0.000000 0.000000 -1.000000
2451545.091365  8.8188409431e-01  1.000000 0.000000 0.000000  0.000000 0.000000 -1.000000
2451545.092032  8.7344491432e-01  1.000000 0.000000 0.000000  0.000000 0.000000 -1.000000
2451545.092699  8.7242686824e-01  1.000000 0.000000 0.000000  0.000000 0.000000 -1.000000
2451545.093365  8.6635825783e-01  1.000000 0.000000 0.000000  0.000000 0.000000 -1.000000
2451545.094032  8.6055866092e-01  1.000000 0.000000 0.000000  0.000000 0.000000 -1.000000
2451545.094699  8.5753628536e-01  1.000000 0.000000 0.000000  0.000000 0.000000 -1.000000
2451545.095366  8.5267510414e-01  1.000000 0.000000 0.000000  0.000000 0.000000 -1.000000
2451545.096033  8.4450732358e-01  1.000000 0.000000 0.000000  0.000000 0.000000 -1.000000
2451545.096700  8.3693513053e-01  1.000000 0.000000 0.000000  0.000000 0.000000 -1.000000
2451545.097367  8.2355498983e-01  1.000000 0.000000 0.000000  0.000000 0.000000 -1.000000
2451545.098034  8.1640257117e-01  1.000000 0.000000 0.000000  0.000000 0.000000 -1.000000
2451545.098701  8.0947025446e-01  1.000000 0.000000 0.000000  0.000000 0.000000 -1.000000
2451545.099367  8.0019152570e-01  1.000000 0.000000 0.000000  0.000000 0.000000 -1.000000
2451545.100034  7.9062648547e-01  1.000000 0.000000 0.000000  0.000000 0.000000 -1.000000
2451545.100701  7.7971264974e-01  1.000000 0.000000 0.000000  0.000000 0.000000 -1.000000
2451545.101368  7.7135399485e-01  1.000000 0.000000 0.000000  0.000000 0.000000 -1.000000
2451545.102035  7.6491437248e-01  1.000000 0.000000 0.000000  0.000000 0.000000 -1.000000
2451545.102702  7.5510402892e-01  1.000000 0.000000 0.000000  0.000000 0.000000 -1.000000
2451545.103369  7.3961920060e-01  1.000000 0.000000 0.000000  0.000000 0.000000 -1.000000
2451545.104036  7.2986850526e-01  1.000000 0.000000 0.000000  0.000000 0.000000 -1.000000
2451545.104703  7.1979392006e-01  1.000000 0.000000 0.000000  0.000000 0.000000 -1.000000
2451545.105370  7.0960033665e-01  1.000000 0.000000 0.000000  0.000000 0.000000 -1.000000
2451545.106036  7.0482355767e-01  1.000000 0.000000 0.000000  0.000000 0.000000 -1.000000
2451545.106703  7.0829925974e-01  1.000000 0.000000 0.000000  0.000000 0.000000 -1.000000
2451545.107370  7.3015615882e-01  1.000000 0.000000 0.000000  0.000000 0.000000 -1.000000
2451545.108037  7.5303557760e-01  1.000000 0.000000 0.000000  0.000000 0.000000 -1.000000
2451545.108704  7.7673501035e-01  1.000000 0.000000 0.000000  0.000000 0.000000 -1.000000
2451545.109371  8.0449589074e-01  1.000000 0.000000 0.000000  0.000000 0.000000 -1.000000
2451545.110038  8.2585085001e-01  1.000000 0.000000 0.000000  0.000000 0.000000 -1.000000
2451545.110705  8.5026919299e-01  1.000000 0.000000 0.000000  0.000000 0.000000 -1.000000
2451545.111372  8.8173929825e-01  1.000000 0.000000 0.000000  0.000000 0.000000 -1.000000
2451545.112039  9.0624025402e-01  1.000000 0.000000 0.000000  0.000000 0.000000 -1.000000
2451545.112705  9.2363099226e-01  1.000000 0.000000 0.000000  0.000000 0.000000 -1.000000
2451545.113372  9.5943603227e-01  1.000000 0.000000 0.000000  0.000000 0.000000 -1.000000
2451545.114039  9.8079233362e-01  1.000000 0.000000 0.000000  0.000000 0.000000 -1.000000
2451545.114706  9.9976360070e-01  1.000000 0.000000 0.000000  0.000000 0.000000 -1.000000
2451545.115373  1.0340814613e+00  1.000000 0.000000 0.000000  0.000000 0.000000 -1.000000
2451545.116040  1.0505597308e+00  1.000000 0.000000 0.000000  0.000000 0.000000 -1.000000
2451545.116707  1.0694843232e+00  1.000000 0.000000 0.000000  0.000000 0.000000 -1.000000
2451545.117374  1.0945658053e+00  1.000000 0.000000 0.000000  0.000000 0.000000 -1.000000
2451545.118041  1.1065343708e+00  1.000000 0.000000 0.000000  0.000000 0.000000 -1.000000
2451545.118707  1.1204488105e+00  1.000000 0.000000 0.000000  0.000000 0.000000 -1.000000
2451545.119374  1.1359484017e+00  1.000000 0.000000 0.000000  0.000000 0.000000 -1.000000
2451545.120041  1.1496047137e+00  1.000000 0.000000 0.000000  0.000000 0.000000 -1.000000
2451545.120708  1.1669194005e+00  1.000000 0.000000 0.000000  0.000000 0.000000 -1.000000
2451545.121375  1.1699623547e+00  1.000000 0.000000 0.000000  0.000000 0.000000 -1.000000
2451545.122042  1.1784953315e+00  1.000000 0.000000 0.000000  0.000000 0.000000 -1.000000
2451545.122709  1.1907518488e+00  1.000000 0.000000 0.000000  0.000000 0.000000 -1.000000
2451545.123376  1.1962195033e+00  1.000000 0.000000 0.000000  0.000000 0.000000 -1.000000
2451545.124043  1.2011215435e+00  1.000000 0.000000 0.000000  0.000000 0.000000 -1.000000
2451545.124710  1.2043082500e+00  1.000000 0.000000 0.000000  0.000000 0.000000 -1.000000
2451545.125376  1.2086324480e+00  1.000000 0.000000 0.000000  0.000000 0.000000 -1.000000
2451545.126043  1.2110587887e+00  1.000000 0.000000 0.000000  0.000000 0.000000 -1.000000
2451545.126710  1.2164878210e+00  1.000000 0.000000 0.000000  0.000000 0.000000 -1.000000
2451545.127377  1.2181995760e+00  1.000000 0.000000 0.000000  0.000000 0.000000 -1.000000
2451545.128044  1.2222456642e+00  1.000000 0.000000 0.000000  0.000000 0.000000 -1.000000
2451545.128711  1.2237508871e+00  1.000000 0.000000 0.000000  0.000000 0.000000 -1.000000
2451545.129378  1.2305305044e+00  1.000000 0.000000 0.000000  0.000000 0.000000 -1.000000
2451545.130045  1.2348321853e+00  1.000000 0.000000 0.000000  0.000000 0.000000 -1.000000
2451545.130712  1.2401107549e+00  1.000000 0.000000 0.000000  0.000000 0.000000 -1.000000
2451545.131378  1.2434409153e+00  1.000000 0.000000 0.000000  0.000000 0.000000 -1.000000
2451545.132045  1.2469203454e+00  1.000000 0.000000 0.000000  0.000000 0.000000 -1.000000
2451545.132712  1.2612805065e+00  1.000000 0.000000 0.000000  0.000000 0.000000 -1.000000
2451545.133379  1.2682082004e+00  1.000000 0.000000 0.000000  0.000000 0.000000 -1.000000
2451545.134046  1.2750755006e+00  1.000000 0.000000 0.000000  0.000000 0.000000 -1.000000
2451545.134713  1.2820752198e+00  1.000000 0.000000 0.000000  0.000000 0.000000 -1.000000
2451545.135380  1.2877452309e+00  1.000000 0.000000 0.000000  0.000000 0.000000 -1.000000
2451545.136047  1.2961180523e+00  1.000000 0.000000 0.000000  0.000000 0.000000 -1.000000
2451545.136714  1.3003721637e+00  1.000000 0.000000 0.000000  0.000000 0.000000 -1.000000
2451545.137381  1.3033754518e+00  1.000000 0.000000 0.000000  0.000000 0.000000 -1.000000
2451545.138047  1.3062961271e+00  1.000000 0.000000 0.000000  0.000000 0.000000 -1.000000
2451545.138714  1.3101753494e+00  1.000000 0.000000 0.000000  0.000000 0.000000 -1.000000
2451545.139381  1.3109303468e+00  1.000000 0.000000 0.000000  0.000000 0.000000 -1.000000
2451545.140048  1.3088824742e+00  1.000000 0.000000 0.000000  0.000000 0.000000 -1.000000
2451545.140715  1.3007215531e+00  1.000000 0.000000 0.000000  0.000000 0.000000 -1.000000
2451545.141382  1.2983533695e+00  1.000000 0.000000 0.000000  0.000000 0.000000 -1.000000
2451545.142049  1.2923535037e+00  1.000000 0.000000 0.000000  0.000000 0.000000 -1.000000
2451545.142716  1.2892049721e+00  1.000000 0.000000 0.000000  0.000000 0.000000 -1.000000
2451545.143383  1.2800239173e+00  1.000000 0.000000 0.000000  0.000000 0.000000 -1.000000
2451545.144050  1.2710622189e+00  1.000000 0.000000 0.000000  0.000000 0.000000 -1.000000
2451545.144716  1.2618089897e+00  1.000000 0.000000 0.000000  0.000000 0.000000 -1.000000
2451545.145383  1.2523513163e+00  1.000000 0.000000 0.000000  0.000000 0.000000 -1.000000
2451545.146050  1.2395092026e+00  1.000000 0.000000 0.000000  0.000000 0.000000 -1.000000
2451545.146717  1.2265731429e+00  1.000000 0.000000 0.000000  0.000000 0.000000 -1.000000
2451545.147384  1.2161995710e+00  1.000000 0.000000 0.000000  0.000000 0.000000 -1.000000
2451545.148051  1.2015947031e+00  1.000000 0.000000 0.000000  0.000000 0.000000 -1.000000
2451545.148718  1.1891450747e+00  1.000000 0.000000 0.000000  0.000000 0.000000 -1.000000
2451545.149385  1.1790072624e+00  1.000000 0.000000 0.000000  0.000000 0.000000 -1.000000
2451545.150052  1.1628115763e+00  1.000000 0.000000 0.000000  0.000000 0.000000 -1.000000
2451545.150718  1.1552909790e+00  1.000000 0.000000 0.000000  0.000000 0.000000 -1.000000
2451545.151385  1.1488266026e+00  1.000000 0.000000 0.000000  0.000000 0.000000 -1.000000
2451545.152052  1.1328874039e+00  1.000000 0.000000 0.000000  0.000000 0.000000 -1.000000
2451545.152719  1.1296213654e+00  1.000000 0.000000 0.000000  0.000000 0.000000 -1.000000
2451545.153386  1.1271744461e+00  1.000000 0.000000 0.000000  0.000000 0.000000 -1.000000
2451545.154053  1.1310511333e+00  1.000000 0.000000 0.000000  0.000000 0.000000 -1.000000
2451545.154720  1.1363232908e+00  1.000000 0.000000 0.000000  0.000000 0.000000 -1.000000
2451545.155387  1.1352268073e+00  1.000000 0.000000 0.000000  0.000000 0.000000 -1.000000
2451545.156054  1.1373722049e+00  1.000000 0.000000 0.000000  0.000000 0.000000 -1.000000
2451545.156721  1.1391512132e+00  1.000000 0.000000 0.000000  0.000000 0.000000 -1.000000
2451545.157387  1.1433890704e+00  1.000000 0.000000 0.000000  0.000000 0.000000 -1.000000
2451545.158054  1.1502392217e+00  1.000000 0.000000 0.000000  0.000000 0.000000 -1.000000
2451545.158721  1.1505255332e+00  1.000000 0.000000 0.000000  0.000000 0.000000 -1.000000
2451545.159388  1.1550324039e+00  1.000000 0.000000 0.000000  0.000000 0.000000 -1.000000
2451545.160055  1.1598421386e+00  1.000000 0.000000 0.000000  0.000000 0.000000 -1.000000
2451545.160722  1.1646298033e+00  1.000000 0.000000 0.000000  0.000000 0.000000 -1.000000
2451545.161389  1.1626772187e+00  1.000000 0.000000 0.000000  0.000000 0.000000 -1.000000
2451545.162056  1.1616913827e+00  1.000000 0.000000 0.000000  0.000000 0.000000 -1.000000
2451545.162723  1.1614395180e+00  1.000000 0.000000 0.000000  0.000000 0.000000 -1.000000
2451545.163389  1.1622402954e+00  1.000000 0.000000 0.000000  0.000000 0.000000 -1.000000
2451545.164056  1.1594026803e+00  1.000000 0.000000 0.000000  0.000000 0.000000 -1.000000
2451545.164723  1.1531020383e+00  1.000000 0.000000 0.000000  0.000000 0.000000 -1.000000
2451545.165390  1.1498904287e+00  1.000000 0.000000 0.000000  0.000000 0.000000 -1.000000
2451545.166057  1.1435325244e+00  1.000000 0.000000 0.000000  0.000000 0.000000 -1.000000
2451545.166724  1.1398264311e+00  1.000000 0.000000 0.000000  0.000000 0.000000 -1.000000
2451545.167391  1.1325120675e+00  1.000000 0.000000 0.000000  0.000000 0.000000 -1.000000
2451545.168058  1.1196226825e+00  1.000000 0.000000 0.000000  0.000000 0.000000 -1.000000
2451545.168725  1.1087919070e+00  1.000000 0.000000 0.000000  0.000000 0.000000 -1.000000
2451545.169392  1.0964366719e+00  1.000000 0.000000 0.000000  0.000000 0.000000 -1.000000
2451545.170058  1.0862368254e+00  1.000000 0.000000 0.000000  0.000000 0.000000 -1.000000
2451545.170725  1.0735802177e+00  1.000000 0.000000 0.000000  0.000000 0.000000 -1.000000
2451545.171392  1.0537176570e+00  1.000000 0.000000 0.000000  0.000000 0.000000 -1.000000
2451545.172059  1.0438069553e+00  1.000000 0.000000 0.000000  0.000000 0.000000 -1.000000
2451545.172726  1.0312656178e+00  1.000000 0.000000 0.000000  0.000000 0.000000 -1.000000
2451545.173393  1.0097308191e+00  1.000000 0.000000 0.000000  0.000000 0.000000 -1.000000
2451545.174060  9.9854349625e-01  1.000000 0.000000 0.000000  0.000000 0.000000 -1.000000
2451545.174727  9.8850186670e-01  1.000000 0.000000 0.000000  0.000000 0.000000 -1.000000
2451545.175394  9.9002632621e-01  1.000000 0.000000 0.000000  0.000000 0.000000 -1.000000
2451545.176061  9.9409463339e-01  1.000000 0.000000 0.000000  0.000000 0.000000 -1.000000
2451545.176727  1.0015126358e+00  1.000000 0.000000 0.000000  0.000000 0.000000 -1.000000
2451545.177394  1.0063405631e+00  1.000000 0.000000 0.000000  0.000000 0.000000 -1.000000
2451545.178061  1.0108551881e+00  1.000000 0.000000 0.000000  0.000000 0.000000 -1.000000
2451545.178728  1.0165484621e+00  1.000000 0.000000 0.000000  0.000000 0.000000 -1.000000
2451545.179395  1.0196224334e+00  1.000000 0.000000 0.000000  0.000000 0.000000 -1.000000
2451545.180062  1.0231695642e+00  1.000000 0.000000 0.000000  0.000000 0.000000 -1.000000
2451545.180729  1.0256375095e+00  1.000000 0.000000 0.000000  0.000000 0.000000 -1.000000
2451545.181396  1.0315394031e+00  1.000000 0.000000 0.000000  0.000000 0.000000 -1.000000
2451545.182063  1.0326115800e+00  1.000000 0.000000 0.000000  0.000000 0.000000 -1.000000
2451545.182729  1.0337818781e+00  1.000000 0.000000 0.000000  0.000000 0.000000 -1.000000
2451545.183396  1.0321968757e+00  1.000000 0.000000 0.000000  0.000000 0.000000 -1.000000
2451545.184063  1.0319104151e+00  1.000000 0.000000 0.000000  0.000000 0.000000 -1.000000
2451545.184730  1.0307447396e+00  1.000000 0.000000 0.000000  0.000000 0.000000 -1.000000
2451545.185397  1.0290863699e+00  1.000000 0.000000 0.000000  0.000000 0.000000 -1.000000
2451545.186064  1.0236202065e+00  1.000000 0.000000 0.000000  0.000000 0.000000 -1.000000
2451545.186731  1.0221649389e+00  1.000000 0.000000 0.000000  0.000000 0.000000 -1.000000
2451545.187398  1.0180729216e+00  1.000000 0.000000 0.000000  0.000000 0.000000 -1.000000
2451545.188065  1.0132760113e+00  1.000000 0.000000 0.000000  0.000000 0.000000 -1.000000
2451545.188732  1.0076502890e+00  1.000000 0.000000 0.000000  0.000000 0.000000 -1.000000
2451545.189398  9.9822124672e-01  1.000000 0.000000 0.000000  0.000000 0.000000 -1.000000
2451545.190065  9.9089152371e-01  1.000000 0.000000 0.000000  0.000000 0.000000 -1.000000
2451545.190732  9.8397292610e-01  1.000000 0.000000 0.000000  0.000000 0.000000 -1.000000
2451545.191399  9.7248870422e-01  1.000000 0.000000 0.000000  0.000000 0.000000 -1.000000
2451545.192066  9.6584463756e-01  1.000000 0.000000 0.000000  0.000000 0.000000 -1.000000
2451545.192733  9.5574291242e-01  1.000000 0.000000 0.000000  0.000000 0.000000 -1.000000
2451545.193400  9.4970889798e-01  1.000000 0.000000 0.000000  0.000000 0.000000 -1.000000
2451545.194067  9.4553143454e-01  1.000000 0.000000 0.000000  0.000000 0.000000 -1.000000
2451545.194734  9.3437826031e-01  1.000000 0.000000 0.000000  0.000000 0.000000 -1.000000
2451545.195400  9.2719661403e-01  1.000000 0.000000 0.000000  0.000000 0.000000 -1.000000
2451545.196067  9.2053599498e-01  1.000000 0.000000 0.000000  0.000000 0.000000 -1.000000
2451545.196734  9.1162305896e-01  1.000000 0.000000 0.000000  0.000000 0.000000 -1.000000
2451545.197401  9.0431973030e-01  1.000000 0.000000 0.000000  0.000000 0.000000 -1.000000
2451545.198068  8.9779913546e-01  1.000000 0.000000 0.000000  0.000000 0.000000 -1.000000
2451545.198735  8.8471827972e-01  1.000000 0.000000 0.000000  0.000000 0.000000 -1.000000
2451545.199402  8.7750173922e-01  1.000000 0.000000 0.000000  0.000000 0.000000 -1.000000
2451545.200069  8.7013428872e-01  1.000000 0.000000 0.000000  0.000000 0.000000 -1.000000
2451545.200736  8.6161040825e-01  1.000000 0.000000 0.000000  0.000000 0.000000 -1.000000
2451545.201403  8.5341757542e-01  1.000000 0.000000 0.000000  0.000000 0.000000 -1.000000
2451545.202069  8.4556697429e-01  1.000000 0.000000 0.000000  0.000000 0.000000 -1.000000
2451545.202736  8.3847942308e-01  1.000000 0.000000 0.000000  0.000000 0.000000 -1.000000
2451545.203403  8.3049178015e-01  1.000000 0.000000 0.000000  0.000000 0.000000 -1.000000
2451545.204070  8.2379805634e-01  1.000000 0.000000 0.000000  0.000000 0.000000 -1.000000
2451545.204737  8.1272481074e-01  1.000000 0.000000 0.000000  0.000000 0.000000 -1.000000
2451545.205404  8.0823150995e-01  1.000000 0.000000 0.000000  0.000000 0.000000 -1.000000
2451545.206071  8.0323835704e-01  1.000000 0.000000 0.000000  0.000000 0.000000 -1.000000
2451545.206738  7.9932662644e-01  1.000000 0.000000 0.000000  0.000000 0.000000 -1.000000
2451545.207405  7.9484540442e-01  1.000000 0.000000 0.000000  0.000000 0.000000 -1.000000
2451545.208072  7.9610562229e-01  1.000000 0.000000 0.000000  0.000000 0.000000 -1.000000
2451545.208738  7.9773804509e-01  1.000000 0.000000 0.000000  0.000000 0.000000 -1.000000
2451545.209405  7.9377024516e-01  1.000000 0.000000 0.000000  0.000000 0.000000 -1.000000
2451545.210072  7.9220507574e-01  1.000000 0.000000 0.000000  0.000000 0.000000 -1.000000
2451545.210739  7.8269103474e-01  1.000000 0.000000 0.000000  0.000000 0.000000 -1.000000
2451545.211406  7.8039219214e-01  1.000000 0.000000 0.000000  0.000000 0.000000 -1.000000
2451545.212073  7.7649775954e-01  1.000000 0.000000 0.000000  0.000000 0.000000 -1.000000
2451545.212740  7.7604085413e-01  1.000000 0.000000 0.000000  0.000000 0.000000 -1.000000
2451545.213407  7.6819368277e-01  1.000000 0.000000 0.000000  0.000000 0.000000 -1.000000
2451545.214074  7.6787739806e-01  1.000000 0.000000 0.000000  0.000000 0.000000 -1.000000
2451545.214740  7.6544032071e-01  1.000000 0.000000 0.000000  0.000000 0.000000 -1.000000
2451545.215407  7.6242838359e-01  1.000000 0.000000 0.000000  0.000000 0.000000 -1.000000
2451545.216074  7.5654647212e-01  1.000000 0.000000 0.000000  0.000000 0.000000 -1.000000
2451545.216741  7.5069915663e-01  1.000000 0.000000 0.000000  0.000000 0.000000 -1.000000
2451545.217408  7.4728041861e-01  1.000000 0.000000 0.000000  0.000000 0.000000 -1.000000
2451545.218075  7.4994908020e-01  1.000000 0.000000 0.000000  0.000000 0.000000 -1.000000
2451545.218742  7.4989539680e-01  1.000000 0.000000 0.000000  0.000000 0.000000 -1.000000
2451545.219409  7.5310223449e-01  1.000000 0.000000 0.000000  0.000000 0.000000 -1.000000
2451545.220076  7.5793955642e-01  1.000000 0.000000 0.000000  0.000000 0.000000 -1.000000
2451545.220743  7.6261060892e-01  1.000000 0.000000 0.000000  0.000000 0.000000 -1.000000
2451545.221409  7.7002518152e-01  1.000000 0.000000 0.000000  0.000000 0.000000 -1.000000
2451545.222076  7.7498687000e-01  1.000000 0.000000 0.000000  0.000000 0.000000 -1.000000
2451545.222743  7.8297466205e-01  1.000000 0.000000 0.000000  0.000000 0.000000 -1.000000
2451545.223410  7.8919477895e-01  1.000000 0.000000 0.000000  0.000000 0.000000 -1.000000
2451545.224077  8.0060011605e-01  1.000000 0.000000 0.000000  0.000000 0.000000 -1.000000
2451545.224744  8.1184992040e-01  1.000000 0.000000 0.000000  0.000000 0.000000 -1.000000
2451545.225411  8.1768142911e-01  1.000000 0.000000 0.000000  0.000000 0.000000 -1.000000
2451545.226078  8.2473557732e-01  1.000000 0.000000 0.000000  0.000000 0.000000 -1.000000
2451545.226745  8.3308677618e-01  1.000000 0.000000 0.000000  0.000000 0.000000 -1.000000
2451545.227411  8.3860528083e-01  1.000000 0.000000 0.000000  0.000000 0.000000 -1.000000
2451545.228078  8.5830887899e-01  1.000000 0.000000 0.000000  0.000000 0.000000 -1.000000
2451545.228745  8.6664412195e-01  1.000000 0.000000 0.000000  0.000000 0.000000 -1.000000
2451545.229412  8.8001650839e-01  1.000000 0.000000 0.000000  0.000000 0.000000 -1.000000
2451545.230079  9.0125082912e-01  1.000000 0.000000 0.000000  0.000000 0.000000 -1.000000
2451545.230746  9.1080960630e-01  1.000000 0.000000 0.000000  0.000000 0.000000 -1.000000
2451545.231413  9.2511727690e-01  1.000000 0.000000 0.000000  0.000000 0.000000 -1.000000
2451545.232080  9.4061970145e-01  1.000000 0.000000 0.000000  0.000000 0.000000 -1.000000
2451545.232747  9.5213374744e-01  1.000000 0.000000 0.000000  0.000000 0.000000 -1.000000
2451545.233414  9.6514630596e-01  1.000000 0.000000 0.000000  0.000000 0.000000 -1.000000
2451545.234080  9.8153391018e-01  1.000000 0.000000 0.000000  0.000000 0.000000 -1.000000
2451545.234747  9.9282859982e-01  1.000000 0.000000 0.000000  0.000000 0.000000 -1.000000
2451545.235414  1.0056547576e+00  1.000000 0.000000 0.000000  0.000000 0.000000 -1.000000
2451545.236081  1.0211711995e+00  1.000000 0.000000 0.000000  0.000000 0.000000 -1.000000
2451545.236748  1.0316060600e+00  1.000000 0.000000 0.000000  0.000000 0.000000 -1.000000
2451545.237415  1.0421925761e+00  1.000000 0.000000 0.000000  0.000000 0.000000 -1.000000
2451545.238082  1.0534133019e+00  1.000000 0.000000 0.000000  0.000000 0.000000 -1.000000
2451545.238749  1.0631498308e+00  1.000000 0.000000 0.000000  0.000000 0.000000 -1.000000
2451545.239416  1.0755081974e+00  1.000000 0.000000 0.000000  0.000000 0.000000 -1.000000
360  1
2451545.000000  1.2775997741e+00  1.000000 0.000000 0.000000  -0.707107 0.707107 0.000000
2451545.000667  1.2980435259e+00  1.000000 0.000000 0.000000  -0.707107 0.707107 0.000000
2451545.001334  1.3190156600e+00  1.000000 0.000000 0.000000  -0.707107 0.707107 0.000000
2451545.002001  1.3534787543e+00  1.000000 0.000000 0.000000  -0.707107 0.707107 0.000000
2451545.002668  1.3737204336e+00  1.000000 0.000000 0.000000  -0.707107 0.707107 0.000000
2451545.003334  1.3983792685e+00  1.000000 0.000000 0.000000  -0.707107 0.707107 0.000000
2451545.004001  1.4286549711e+00  1.000000 0.000000 0.000000  -0.707107 0.707107 0.000000
2451545.004668  1.4447451827e+00  1.000000 0.000000 0.000000  -0.707107 0.707107 0.000000
2451545.005335  1.4687641214e+00  1.000000 0.000000 0.000000  -0.707107 0.707107 0.000000
2451545.006002  1.4945306131e+00  1.000000 0.000000 0.000000  -0.707107 0.707107 0.000000
2451545.006669  1.5093073533e+00  1.000000 0.000000 0.000000  -0.707107 0.707107 0.000000
2451545.007336  1.5160707954e+00  1.000000 0.000000 0.000000  -0.707107 0.707107 0.000000
2451545.008003  1.5098409745e+00  1.000000 0.000000 0.000000  -0.707107 0.707107 0.000000
2451545.008670  1.5082206522e+00  1.000000 0.000000 0.000000  -0.707107 0.707107 0.000000
2451545.009337  1.5069760352e+00  1.000000 0.000000 0.000000  -0.707107 0.707107 0.000000
2451545.010003  1.5056722932e+00  1.000000 0.000000 0.000000  -0.707107 0.707107 0.000000
2451545.010670  1.4947034974e+00  1.000000 0.000000 0.000000  -0.707107 0.707107 0.000000
2451545.011337  1.4811144945e+00  1.000000 0.000000 0.000000  -0.707107 0.707107 0.000000
2451545.012004  1.4430066106e+00  1.000000 0.000000 0.000000  -0.707107 0.707107 0.000000
2451545.012671  1.4298000488e+00  1.000000 0.000000 0.000000  -0.707107 0.707107 0.000000
2451545.013338  1.4128476610e+00  1.000000 0.000000 0.000000  -0.707107 0.707107 0.000000
2451545.014005  1.4103067862e+00  1.000000 0.000000 0.000000  -0.707107 0.707107 0.000000
2451545.014672  1.3872555504e+00  1.000000 0.000000 0.000000  -0.707107 0.707107 0.000000
2451545.015339  1.3663410445e+00  1.000000 0.000000 0.000000  -0.707107 0.707107 0.000000
2451545.016006  1.3428400102e+00  1.000000 0.000000 0.000000  -0.707107 0.707107 0.000000
2451545.016672  1.3251407026e+00  1.000000 0.000000 0.000000  -0.707107 0.707107 0.000000
2451545.017339  1.3058412800e+00  1.000000 0.000000 0.000000  -0.707107 0.707107 0.000000
2451545.018006  1.2711813521e+00  1.000000 0.000000 0.000000  -0.707107 0.707107 0.000000
2451545.018673  1.2473203294e+00  1.000000 0.000000 0.000000  -0.707107 0.707107 0.000000
2451545.019340  1.2223037513e+00  1.000000 0.000000 0.000000  -0.707107 0.707107 0.000000
2451545.020007  1.1904189526e+00  1.000000 0.000000 0.000000  -0.707107 0.707107 0.000000
2451545.020674  1.1637431346e+00  1.000000 0.000000 0.000000  -0.707107 0.707107 0.000000
2451545.021341  1.1375283412e+00  1.000000 0.000000 0.000000  -0.707107 0.707107 0.000000
2451545.022008  1.0923007689e+00  1.000000 0.000000 0.000000  -0.707107 0.707107 0.000000
2451545.022674  1.0662640987e+00  1.000000 0.000000 0.000000  -0.707107 0.707107 0.000000
2451545.023341  1.0466031908e+00  1.000000 0.000000 0.000000  -0.707107 0.707107 0.000000
2451545.024008  1.0059828719e+00  1.000000 0.000000 0.000000  -0.707107 0.707107 0.000000
2451545.024675  9.8547849833e-01  1.000000 0.000000 0.000000  -0.707107 0.707107 0.000000
2451545.025342  9.7364602958e-01  1.000000 0.000000 0.000000  -0.707107 0.707107 0.000000
2451545.026009  9.5826382020e-01  1.000000 0.000000 0.000000  -0.707107 0.707107 0.000000
2451545.026676  9.4770291150e-01  1.000000 0.000000 0.000000  -0.707107 0.707107 0.000000
2451545.027343  9.3142260203e-01  1.000000 0.000000 0.000000  -0.707107 0.707107 0.000000
2451545.028010  9.2461575173e-01  1.000000 0.000000 0.000000  -0.707107 0.707107 0.000000
2451545.028677  9.1976825647e-01  1.000000 0.000000 0.000000  -0.707107 0.707107 0.000000
2451545.029343  9.1685841216e-01  1.000000 0.000000 0.000000  -0.707107 0.707107 0.000000
2451545.030010  9.1067798668e-01  1.000000 0.000000 0.000000  -0.707107 0.707107 0.000000
2451545.030677  9.1741373739e-01  1.000000 0.000000 0.000000  -0.707107 0.707107 0.000000
2451545.031344  9.2537763998e-01  1.000000 0.000000 0.000000  -0.707107 0.707107 0.000000
2451545.032011  9.2567251618e-01  1.000000 0.000000 0.000000  -0.707107 0.707107 0.000000
2451545.032678  9.2830469787e-01  1.000000 0.000000 0.000000  -0.707107 0.707107 0.000000
2451545.033345  9.1770187784e-01  1.000000 0.000000 0.000000  -0.707107 0.707107 0.000000
2451545.034012  9.2216319006e-01  1.000000 0.000000 0.000000  -0.707107 0.707107 0.000000
2451545.034679  9.1805513054e-01  1.000000 0.000000 0.000000  -0.707107 0.707107 0.000000
2451545.035345  9.1219652425e-01  1.000000 0.000000 0.000000  -0.707107 0.707107 0.000000
2451545.036012  9.0012381373e-01  1.000000 0.000000 0.000000  -0.707107 0.707107 0.000000
2451545.036679  8.9477562766e-01  1.000000 0.000000 0.000000  -0.707107 0.707107 0.000000
2451545.037346  8.8907418890e-01  1.000000 0.000000 0.000000  -0.707107 0.707107 0.000000
2451545.038013  8.8290274441e-01  1.000000 0.000000 0.000000  -0.707107 0.707107 0.000000
2451545.038680  8.7135766769e-01  1.000000 0.000000 0.000000  -0.707107 0.707107 0.000000
2451545.039347  8.5836964349e-01  1.000000 0.000000 0.000000  -0.707107 0.707107 0.000000
2451545.040014  8.5238230952e-01  1.000000 0.000000 0.000000  -0.707107 0.707107 0.000000
2451545.040681  8.4540257495e-01  1.000000 0.000000 0.000000  -0.707107 0.707107 0.000000
2451545.041348  8.4791351313e-01  1.000000 0.000000 0.000000  -0.707107 0.707107 0.000000
2451545.042014  8.3284339354e-01  1.000000 0.000000 0.000000  -0.707107 0.707107 0.000000
2451545.042681  8.2564811495e-01  1.000000 0.000000 0.000000  -0.707107 0.707107 0.000000
2451545.043348  8.0677603829e-01  1.000000 0.000000 0.000000  -0.707107 0.707107 0.000000
2451545.044015  7.9949169810e-01  1.000000 0.000000 0.000000  -0.707107 0.707107 0.000000
2451545.044682  7.9263245863e-01  1.000000 0.000000 0.000000  -0.707107 0.707107 0.000000
2451545.045349  7.8394633388e-01  1.000000 0.000000 0.000000  -0.707107 0.707107 0.000000
2451545.046016  7.8132537843e-01  1.000000 0.000000 0.000000  -0.707107 0.707107 0.000000
2451545.046683  7.7364587420e-01  1.000000 0.000000 0.000000  -0.707107 0.707107 0.000000
2451545.047350  7.7246861466e-01  1.000000 0.000000 0.000000  -0.707107 0.707107 0.000000
2451545.048017  7.7601386479e-01  1.000000 0.000000 0.000000  -0.707107 0.707107 0.000000
2451545.048683  7.8370235002e-01  1.000000 0.000000 0.000000  -0.707107 0.707107 0.000000
2451545.049350  7.8271443991e-01  1.000000 0.000000 0.000000  -0.707107 0.707107 0.000000
2451545.050017  7.7746504486e-01  1.000000 0.000000 0.000000  -0.707107 0.707107 0.000000
2451545.050684  7.6056280107e-01  1.000000 0.000000 0.000000  -0.707107 0.707107 0.000000
2451545.051351  7.5117241616e-01  1.000000 0.000000 0.000000  -0.707107 0.707107 0.000000
2451545.052018  7.4419717209e-01  1.000000 0.000000 0.000000  -0.707107 0.707107 0.000000
2451545.052685  7.3017109386e-01  1.000000 0.000000 0.000000  -0.707107 0.707107 0.000000
2451545.053352  7.1715462982e-01  1.000000 0.000000 0.000000  -0.707107 0.707107 0.000000
2451545.054019  7.0689308782e-01  1.000000 0.000000 0.000000  -0.707107 0.707107 0.000000
2451545.054685  6.8070523747e-01  1.000000 0.000000 0.000000  -0.707107 0.707107 0.000000
2451545.055352  6.8228065472e-01  1.000000 0.000000 0.000000  -0.707107 0.707107 0.000000
2451545.056019  6.7252653928e-01  1.000000 0.000000 0.000000  -0.707107 0.707107 0.000000
2451545.056686  6.7659792637e-01  1.000000 0.000000 0.000000  -0.707107 0.707107 0.000000
2451545.057353  6.6918336167e-01  1.000000 0.000000 0.000000  -0.707107 0.707107 0.000000
2451545.058020  6.6135567093e-01  1.000000 0.000000 0.000000  -0.707107 0.707107 0.000000
2451545.058687  6.6134668993e-01  1.000000 0.000000 0.000000  -0.707107 0.707107 0.000000
2451545.059354  6.5684720845e-01  1.000000 0.000000 0.000000  -0.707107 0.707107 0.000000
2451545.060021  6.6028842865e-01  1.000000 0.000000 0.000000  -0.707107 0.707107 0.000000
2451545.060688  6.6538065619e-01  1.000000 0.000000 0.000000  -0.707107 0.707107 0.000000
2451545.061354  6.6707207803e-01  1.000000 0.000000 0.000000  -0.707107 0.707107 0.000000
2451545.062021  6.6875526729e-01  1.000000 0.000000 0.000000  -0.707107 0.707107 0.000000
2451545.062688  6.7379286041e-01  1.000000 0.000000 0.000000  -0.707107 0.707107 0.000000
2451545.063355  6.7485037327e-01  1.000000 0.000000 0.000000  -0.707107 0.707107 0.000000
2451545.064022  6.8651669350e-01  1.000000 0.000000 0.000000  -0.707107 0.707107 0.000000
2451545.064689  6.8515008453e-01  1.000000 0.000000 0.000000  -0.707107 0.707107 0.000000
2451545.065356  6.7922636598e-01  1.000000 0.000000 0.000000  -0.707107 0.707107 0.000000
2451545.066023  6.7784853075e-01  1.000000 0.000000 0.000000  -0.707107 0.707107 0.000000
2451545.066690  6.7178860036e-01  1.000000 0.000000 0.000000  -0.707107 0.707107 0.000000
2451545.067356  6.7105290670e-01  1.000000 0.000000 0.000000  -0.707107 0.707107 0.000000
2451545.068023  6.7361473722e-01  1.000000 0.000000 0.000000  -0.707107 0.707107 0.000000
2451545.068690  6.8537984847e-01  1.000000 0.000000 0.000000  -0.707107 0.707107 0.000000
2451545.069357  6.8551606031e-01  1.000000 0.000000 0.000000  -0.707107 0.707107 0.000000
2451545.070024  6.9559498863e-01  1.000000 0.000000 0.000000  -0.707107 0.707107 0.000000
2451545.070691  6.9200707875e-01  1.000000 0.000000 0.000000  -0.707107 0.707107 0.000000
2451545.071358  7.0055774007e-01  1.000000 0.000000 0.000000  -0.707107 0.707107 0.000000
2451545.072025  7.2634443904e-01  1.000000 0.000000 0.000000  -0.707107 0.707107 0.000000
2451545.072692  7.4346746577e-01  1.000000 0.000000 0.000000  -0.707107 0.707107 0.000000
2451545.073359  7.5647045831e-01  1.000000 0.000000 0.000000  -0.707107 0.707107 0.000000
2451545.074025  7.8469475062e-01  1.000000 0.000000 0.000000  -0.707107 0.707107 0.000000
2451545.074692  7.9882111670e-01  1.000000 0.000000 0.000000  -0.707107 0.707107 0.000000
2451545.075359  8.1527281360e-01  1.000000 0.000000 0.000000  -0.707107 0.707107 0.000000
2451545.076026  8.3618806798e-01  1.000000 0.000000 0.000000  -0.707107 0.707107 0.000000
2451545.076693  8.5400637386e-01  1.000000 0.000000 0.000000  -0.707107 0.707107 0.000000
2451545.077360  8.6356515253e-01  1.000000 0.000000 0.000000  -0.707107 0.707107 0.000000
2451545.078027  8.8651834571e-01  1.000000 0.000000 0.000000  -0.707107 0.707107 0.000000
2451545.078694  8.8438685482e-01  1.000000 0.000000 0.000000  -0.707107 0.707107 0.000000
2451545.079361  8.8981212781e-01  1.000000 0.000000 0.000000  -0.707107 0.707107 0.000000
2451545.080028  9.0346175241e-01  1.000000 0.000000 0.000000  -0.707107 0.707107 0.000000
2451545.080694  9.0814085391e-01  1.000000 0.000000 0.000000  -0.707107 0.707107 0.000000
2451545.081361  9.1492824538e-01  1.000000 0.000000 0.000000  -0.707107 0.707107 0.000000
2451545.082028  9.1427113547e-01  1.000000 0.000000 0.000000  -0.707107 0.707107 0.000000
2451545.082695  9.2005115800e-01  1.000000 0.000000 0.000000  -0.707107 0.707107 0.000000
2451545.083362  9.2628172741e-01  1.000000 0.000000 0.000000  -0.707107 0.707107 0.000000
2451545.084029  9.7070924227e-01  1.000000 0.000000 0.000000  -0.707107 0.707107 0.000000
2451545.084696  9.9179962616e-01  1.000000 0.000000 0.000000  -0.707107 0.707107 0.000000
2451545.085363  1.0283717589e+00  1.000000 0.000000 0.000000  -0.707107 0.707107 0.000000
2451545.086030  1.0617242027e+00  1.000000 0.000000 0.000000  -0.707107 0.707107 0.000000
2451545.086696  1.0864548857e+00  1.000000 0.000000 0.000000  -0.707107 0.707107 0.000000
2451545.087363  1.1165584524e+00  1.000000 0.000000 0.000000  -0.707107 0.707107 0.000000
2451545.088030  1.1480653006e+00  1.000000 0.000000 0.000000  -0.707107 0.707107 0.000000
2451545.088697  1.1680525182e+00  1.000000 0.000000 0.000000  -0.707107 0.707107 0.000000
2451545.089364  1.1911089929e+00  1.000000 0.000000 0.000000  -0.707107 0.707107 0.000000
2451545.090031  1.2094601715e+00  1.000000 0.000000 0.000000  -0.707107 0.707107 0.000000
2451545.090698  1.2189141718e+00  1.000000 0.000000 0.000000  -0.707107 0.707107 0.000000
2451545.091365  1.2278540098e+00  1.000000 0.000000 0.000000  -0.707107 0.707107 0.000000
2451545.092032  1.2305176250e+00  1.000000 0.000000 0.000000  -0.707107 0.707107 0.000000
2451545.092699  1.2264177981e+00  1.000000 0.000000 0.000000  -0.707107 0.707107 0.000000
2451545.093365  1.2189665610e+00  1.000000 0.000000 0.000000  -0.707107 0.707107 0.000000
2451545.094032  1.1924800924e+00  1.000000 0.000000 0.000000  -0.707107 0.707107 0.000000
2451545.094699  1.1780004736e+00  1.000000 0.000000 0.000000  -0.707107 0.707107 0.000000
2451545.095366  1.1604942575e+00  1.000000 0.000000 0.000000  -0.707107 0.707107 0.000000
2451545.096033  1.1418190144e+00  1.000000 0.000000 0.000000  -0.707107 0.707107 0.000000
2451545.096700  1.1195146986e+00  1.000000 0.000000 0.000000  -0.707107 0.707107 0.000000
2451545.097367  1.0795814263e+00  1.000000 0.000000 0.000000  -0.707107 0.707107 0.000000
2451545.098034  1.0540185039e+00  1.000000 0.000000 0.000000  -0.707107 0.707107 0.000000
2451545.098701  1.0273142460e+00  1.000000 0.000000 0.000000  -0.707107 0.707107 0.000000
2451545.099367  1.0023133846e+00  1.000000 0.000000 0.000000  -0.707107 0.707107 0.000000
2451545.100034  9.6821177559e-01  1.000000 0.000000 0.000000  -0.707107 0.707107 0.000000
2451545.100701  9.3764344202e-01  1.000000 0.000000 0.000000  -0.707107 0.707107 0.000000
2451545.101368  8.9791972641e-01  1.000000 0.000000 0.000000  -0.707107 0.707107 0.000000
2451545.102035  8.6816716710e-01  1.000000 0.000000 0.000000  -0.707107 0.707107 0.000000
2451545.102702  8.4497073849e-01  1.000000 0.000000 0.000000  -0.707107 0.707107 0.000000
2451545.103369  8.0099601576e-01  1.000000 0.000000 0.000000  -0.707107 0.707107 0.000000
2451545.104036  7.7229722723e-01  1.000000 0.000000 0.000000  -0.707107 0.707107 0.000000
2451545.104703  7.4047379878e-01  1.000000 0.000000 0.000000  -0.707107 0.707107 0.000000
2451545.105370  6.9670788433e-01  1.000000 0.000000 0.000000  -0.707107 0.707107 0.000000
2451545.106036  6.6960846238e-01  1.000000 0.000000 0.000000  -0.707107 0.707107 0.000000
2451545.106703  6.4669718055e-01  1.000000 0.000000 0.000000  -0.707107 0.707107 0.000000
2451545.107370  5.9913679319e-01  1.000000 0.000000 0.000000  -0.707107 0.707107 0.000000
2451545.108037  5.6471935231e-01  1.000000 0.000000 0.000000  -0.707107 0.707107 0.000000
2451545.108704  5.3718659707e-01  1.000000 0.000000 0.000000  -0.707107 0.707107 0.000000
2451545.109371  4.9152868508e-01  1.000000 0.000000 0.000000  -0.707107 0.707107 0.000000
2451545.110038  4.6810024727e-01  1.000000 0.000000 0.000000  -0.707107 0.707107 0.000000
2451545.110705  4.4922517694e-01  1.000000 0.000000 0.000000  -0.707107 0.707107 0.000000
2451545.111372  4.8047531816e-01  1.000000 0.000000 0.000000  -0.707107 0.707107 0.000000
2451545.112039  5.4118912982e-01  1.000000 0.000000 0.000000  -0.707107 0.707107 0.000000
2451545.112705  6.4197766455e-01  1.000000 0.000000 0.000000  -0.707107 0.707107 0.000000
2451545.113372  7.6876245494e-01  1.000000 0.000000 0.000000  -0.707107 0.707107 0.000000
2451545.114039  8.5916745574e-01  1.000000 0.000000 0.000000  -0.707107 0.707107 0.000000
2451545.114706  9.5301292831e-01  1.000000 0.000000 0.000000  -0.707107 0.707107 0.000000
2451545.115373  1.0857663423e+00  1.000000 0.000000 0.000000  -0.707107 0.707107 0.000000
2451545.116040  1.1722601171e+00  1.000000 0.000000 0.000000  -0.707107 0.707107 0.000000
2451545.116707  1.2565251070e+00  1.000000 0.000000 0.000000  -0.707107 0.707107 0.000000
2451545.117374  1.3648531920e+00  1.000000 0.000000 0.000000  -0.707107 0.707107 0.000000
2451545.118041  1.4307909525e+00  1.000000 0.000000 0.000000  -0.707107 0.707107 0.000000
2451545.118707  1.4872051100e+00  1.000000 0.000000 0.000000  -0.707107 0.707107 0.000000
2451545.119374  1.5694396452e+00  1.000000 0.000000 0.000000  -0.707107 0.707107 0.000000
2451545.120041  1.6063942188e+00  1.000000 0.000000 0.000000  -0.707107 0.707107 0.000000
2451545.120708  1.6530041169e+00  1.000000 0.000000 0.000000  -0.707107 0.707107 0.000000
2451545.121375  1.6703950768e+00  1.000000 0.000000 0.000000  -0.707107 0.707107 0.000000
2451545.122042  1.6824565611e+00  1.000000 0.000000 0.000000  -0.707107 0.707107 0.000000
2451545.122709  1.7083427995e+00  1.000000 0.000000 0.000000  -0.707107 0.707107 0.000000
2451545.123376  1.7095627188e+00  1.000000 0.000000 0.000000  -0.707107 0.707107 0.000000
2451545.124043  1.7081803931e+00  1.000000 0.000000 0.000000  -0.707107 0.707107 0.000000
2451545.124710  1.6871274300e+00  1.000000 0.000000 0.000000  -0.707107 0.707107 0.000000
2451545.125376  1.6759543164e+00  1.000000 0.000000 0.000000  -0.707107 0.707107 0.000000
2451545.126043  1.6532166673e+00  1.000000 0.000000 0.000000  -0.707107 0.707107 0.000000
2451545.126710  1.6197489672e+00  1.000000 0.000000 0.000000  -0.707107 0.707107 0.000000
2451545.127377  1.5870087283e+00  1.000000 0.000000 0.000000  -0.707107 0.707107 0.000000
2451545.128044  1.5519139702e+00  1.000000 0.000000 0.000000  -0.707107 0.707107 0.000000
2451545.128711  1.4805988354e+00  1.000000 0.000000 0.000000  -0.707107 0.707107 0.000000
2451545.129378  1.4375858282e+00  1.000000 0.000000 0.000000  -0.707107 0.707107 0.000000
2451545.130045  1.3939718423e+00  1.000000 0.000000 0.000000  -0.707107 0.707107 0.000000
2451545.130712  1.3139384008e+00  1.000000 0.000000 0.000000  -0.707107 0.707107 0.000000
2451545.131378  1.2571298277e+00  1.000000 0.000000 0.000000  -0.707107 0.707107 0.000000
2451545.132045  1.2033141732e+00  1.000000 0.000000 0.000000  -0.707107 0.707107 0.000000
2451545.132712  1.1117266739e+00  1.000000 0.000000 0.000000  -0.707107 0.707107 0.000000
2451545.133379  1.0517560401e+00  1.000000 0.000000 0.000000  -0.707107 0.707107 0.000000
2451545.134046  9.9765823245e-01  1.000000 0.000000 0.000000  -0.707107 0.707107 0.000000
2451545.134713  9.2565455418e-01  1.000000 0.000000 0.000000  -0.707107 0.707107 0.000000
2451545.135380  8.7459007962e-01  1.000000 0.000000 0.000000  -0.707107 0.707107 0.000000
2451545.136047  8.2637183394e-01  1.000000 0.000000 0.000000  -0.707107 0.707107 0.000000
2451545.136714  7.5877633030e-01  1.000000 0.000000 0.000000  -0.707107 0.707107 0.000000
2451545.137381  7.3462716717e-01  1.000000 0.000000 0.000000  -0.707107 0.707107 0.000000
2451545.138047  7.1266487776e-01  1.000000 0.000000 0.000000  -0.707107 0.707107 0.000000
2451545.138714  7.2508934416e-01  1.000000 0.000000 0.000000  -0.707107 0.707107 0.000000
2451545.139381  7.6431012372e-01  1.000000 0.000000 0.000000  -0.707107 0.707107 0.000000
2451545.140048  7.9768127799e-01  1.000000 0.000000 0.000000  -0.707107 0.707107 0.000000
2451545.140715  8.5915473265e-01  1.000000 0.000000 0.000000  -0.707107 0.707107 0.000000
2451545.141382  8.8590015348e-01  1.000000 0.000000 0.000000  -0.707107 0.707107 0.000000
2451545.142049  9.1541097418e-01  1.000000 0.000000 0.000000  -0.707107 0.707107 0.000000
2451545.142716  9.5496405077e-01  1.000000 0.000000 0.000000  -0.707107 0.707107 0.000000
2451545.143383  9.7804372637e-01  1.000000 0.000000 0.000000  -0.707107 0.707107 0.000000
2451545.144050  1.0058855777e+00  1.000000 0.000000 0.000000  -0.707107 0.707107 0.000000
2451545.144716  1.0228716442e+00  1.000000 0.000000 0.000000  -0.707107 0.707107 0.000000
2451545.145383  1.0418484992e+00  1.000000 0.000000 0.000000  -0.707107 0.707107 0.000000
2451545.146050  1.0593382501e+00  1.000000 0.000000 0.000000  -0.707107 0.707107 0.000000
2451545.146717  1.0626649626e+00  1.000000 0.000000 0.000000  -0.707107 0.707107 0.000000
2451545.147384  1.0709491875e+00  1.000000 0.000000 0.000000  -0.707107 0.707107 0.000000
2451545.148051  1.0740326645e+00  1.000000 0.000000 0.000000  -0.707107 0.707107 0.000000
2451545.148718  1.0708167178e+00  1.000000 0.000000 0.000000  -0.707107 0.707107 0.000000
2451545.149385  1.0700054340e+00  1.000000 0.000000 0.000000  -0.707107 0.707107 0.000000
2451545.150052  1.0594550031e+00  1.000000 0.000000 0.000000  -0.707107 0.707107 0.000000
2451545.150718  1.0421022125e+00  1.000000 0.000000 0.000000  -0.707107 0.707107 0.000000
2451545.151385  1.0300766522e+00  1.000000 0.000000 0.000000  -0.707107 0.707107 0.000000
2451545.152052  1.0055989341e+00  1.000000 0.000000 0.000000  -0.707107 0.707107 0.000000
2451545.152719  9.8820348370e-01  1.000000 0.000000 0.000000  -0.707107 0.707107 0.000000
2451545.153386  9.7305552876e-01  1.000000 0.000000 0.000000  -0.707107 0.707107 0.000000
2451545.154053  9.6217205245e-01  1.000000 0.000000 0.000000  -0.707107 0.707107 0.000000
2451545.154720  9.5047504713e-01  1.000000 0.000000 0.000000  -0.707107 0.707107 0.000000
2451545.155387  9.4022997030e-01  1.000000 0.000000 0.000000  -0.707107 0.707107 0.000000
2451545.156054  9.2981200920e-01  1.000000 0.000000 0.000000  -0.707107 0.707107 0.000000
2451545.156721  9.3405253848e-01  1.000000 0.000000 0.000000  -0.707107 0.707107 0.000000
2451545.157387  9.4362628549e-01  1.000000 0.000000 0.000000  -0.707107 0.707107 0.000000
2451545.158054  9.7355397432e-01  1.000000 0.000000 0.000000  -0.707107 0.707107 0.000000
2451545.158721  1.0018665798e+00  1.000000 0.000000 0.000000  -0.707107 0.707107 0.000000
2451545.159388  1.0375862658e+00  1.000000 0.000000 0.000000  -0.707107 0.707107 0.000000
2451545.160055  1.0928957602e+00  1.000000 0.000000 0.000000  -0.707107 0.707107 0.000000
2451545.160722  1.1449997856e+00  1.000000 0.000000 0.000000  -0.707107 0.707107 0.000000
2451545.161389  1.1934148649e+00  1.000000 0.000000 0.000000  -0.707107 0.707107 0.000000
2451545.162056  1.2745866483e+00  1.000000 0.000000 0.000000  -0.707107 0.707107 0.000000
2451545.162723  1.3156013828e+00  1.000000 0.000000 0.000000  -0.707107 0.707107 0.000000
2451545.163389  1.3556304524e+00  1.000000 0.000000 0.000000  -0.707107 0.707107 0.000000
2451545.164056  1.4005242309e+00  1.000000 0.000000 0.000000  -0.707107 0.707107 0.000000
2451545.164723  1.4315258978e+00  1.000000 0.000000 0.000000  -0.707107 0.707107 0.000000
2451545.165390  1.4793392500e+00  1.000000 0.000000 0.000000  -0.707107 0.707107 0.000000
2451545.166057  1.5401458653e+00  1.000000 0.000000 0.000000  -0.707107 0.707107 0.000000
2451545.166724  1.5706213952e+00  1.000000 0.000000 0.000000  -0.707107 0.707107 0.000000
2451545.167391  1.5984101090e+00  1.000000 0.000000 0.000000  -0.707107 0.707107 0.000000
2451545.168058  1.6168271483e+00  1.000000 0.000000 0.000000  -0.707107 0.707107 0.000000
2451545.168725  1.6299910504e+00  1.000000 0.000000 0.000000  -0.707107 0.707107 0.000000
2451545.169392  1.6457444745e+00  1.000000 0.000000 0.000000  -0.707107 0.707107 0.000000
2451545.170058  1.6397504048e+00  1.000000 0.000000 0.000000  -0.707107 0.707107 0.000000
2451545.170725  1.6418362422e+00  1.000000 0.000000 0.000000  -0.707107 0.707107 0.000000
2451545.171392  1.6141133891e+00  1.000000 0.000000 0.000000  -0.707107 0.707107 0.000000
2451545.172059  1.5890197241e+00  1.000000 0.000000 0.000000  -0.707107 0.707107 0.000000
2451545.172726  1.5691058513e+00  1.000000 0.000000 0.000000  -0.707107 0.707107 0.000000
2451545.173393  1.5297810418e+00  1.000000 0.000000 0.000000  -0.707107 0.707107 0.000000
2451545.174060  1.4948082757e+00  1.000000 0.000000 0.000000  -0.707107 0.707107 0.000000
2451545.174727  1.4585609559e+00  1.000000 0.000000 0.000000  -0.707107 0.707107 0.000000
2451545.175394  1.4011207191e+00  1.000000 0.000000 0.000000  -0.707107 0.707107 0.000000
2451545.176061  1.3573360942e+00  1.000000 0.000000 0.000000  -0.707107 0.707107 0.000000
2451545.176727  1.3118697769e+00  1.000000 0.000000 0.000000  -0.707107 0.707107 0.000000
2451545.177394  1.2391094493e+00  1.000000 0.000000 0.000000  -0.707107 0.707107 0.000000
2451545.178061  1.1876535528e+00  1.000000 0.000000 0.000000  -0.707107 0.707107 0.000000
2451545.178728  1.1344201665e+00  1.000000 0.000000 0.000000  -0.707107 0.707107 0.000000
2451545.179395  1.0514147620e+00  1.000000 0.000000 0.000000  -0.707107 0.707107 0.000000
2451545.180062  1.0021442424e+00  1.000000 0.000000 0.000000  -0.707107 0.707107 0.000000
2451545.180729  9.4868558269e-01  1.000000 0.000000 0.000000  -0.707107 0.707107 0.000000
2451545.181396  8.8158777619e-01  1.000000 0.000000 0.000000  -0.707107 0.707107 0.000000
2451545.182063  8.3848271372e-01  1.000000 0.000000 0.000000  -0.707107 0.707107 0.000000
2451545.182729  7.9452445616e-01  1.000000 0.000000 0.000000  -0.707107 0.707107 0.000000
2451545.183396  7.2201709342e-01  1.000000 0.000000 0.000000  -0.707107 0.707107 0.000000
2451545.184063  6.8717904232e-01  1.000000 0.000000 0.000000  -0.707107 0.707107 0.000000
2451545.184730  6.6054513559e-01  1.000000 0.000000 0.000000  -0.707107 0.707107 0.000000
2451545.185397  6.3637801046e-01  1.000000 0.000000 0.000000  -0.707107 0.707107 0.000000
2451545.186064  6.2379862180e-01  1.000000 0.000000 0.000000  -0.707107 0.707107 0.000000
2451545.186731  6.2288929545e-01  1.000000 0.000000 0.000000  -0.707107 0.707107 0.000000
2451545.187398  6.4155331225e-01  1.000000 0.000000 0.000000  -0.707107 0.707107 0.000000
2451545.188065  6.5525008712e-01  1.000000 0.000000 0.000000  -0.707107 0.707107 0.000000
2451545.188732  6.6802032205e-01  1.000000 0.000000 0.000000  -0.707107 0.707107 0.000000
2451545.189398  6.8779274405e-01  1.000000 0.000000 0.000000  -0.707107 0.707107 0.000000
2451545.190065  7.0067149941e-01  1.000000 0.000000 0.000000  -0.707107 0.707107 0.000000
2451545.190732  7.2010189497e-01  1.000000 0.000000 0.000000  -0.707107 0.707107 0.000000
2451545.191399  7.3787454743e-01  1.000000 0.000000 0.000000  -0.707107 0.707107 0.000000
2451545.192066  7.5717247322e-01  1.000000 0.000000 0.000000  -0.707107 0.707107 0.000000
2451545.192733  7.6830592072e-01  1.000000 0.000000 0.000000  -0.707107 0.707107 0.000000
2451545.193400  7.6965830978e-01  1.000000 0.000000 0.000000  -0.707107 0.707107 0.000000
2451545.194067  7.7563965642e-01  1.000000 0.000000 0.000000  -0.707107 0.707107 0.000000
2451545.194734  7.7090891417e-01  1.000000 0.000000 0.000000  -0.707107 0.707107 0.000000
2451545.195400  7.7384270781e-01  1.000000 0.000000 0.000000  -0.707107 0.707107 0.000000
2451545.196067  7.7482463058e-01  1.000000 0.000000 0.000000  -0.707107 0.707107 0.000000
2451545.196734  7.8390666779e-01  1.000000 0.000000 0.000000  -0.707107 0.707107 0.000000
2451545.197401  7.8513706492e-01  1.000000 0.000000 0.000000  -0.707107 0.707107 0.000000
2451545.198068  7.8654783048e-01  1.000000 0.000000 0.000000  -0.707107 0.707107 0.000000
2451545.198735  7.8218231561e-01  1.000000 0.000000 0.000000  -0.707107 0.707107 0.000000
2451545.199402  7.8432952325e-01  1.000000 0.000000 0.000000  -0.707107 0.707107 0.000000
2451545.200069  7.8752675959e-01  1.000000 0.000000 0.000000  -0.707107 0.707107 0.000000
2451545.200736  7.8601346093e-01  1.000000 0.000000 0.000000  -0.707107 0.707107 0.000000
2451545.201403  7.8191812450e-01  1.000000 0.000000 0.000000  -0.707107 0.707107 0.000000
2451545.202069  7.7543833231e-01  1.000000 0.000000 0.000000  -0.707107 0.707107 0.000000
2451545.202736  7.6285744682e-01  1.000000 0.000000 0.000000  -0.707107 0.707107 0.000000
2451545.203403  7.4926844396e-01  1.000000 0.000000 0.000000  -0.707107 0.707107 0.000000
2451545.204070  7.4048727029e-01  1.000000 0.000000 0.000000  -0.707107 0.707107 0.000000
2451545.204737  7.3691582558e-01  1.000000 0.000000 0.000000  -0.707107 0.707107 0.000000
2451545.205404  7.2242722580e-01  1.000000 0.000000 0.000000  -0.707107 0.707107 0.000000
2451545.206071  7.1950989732e-01  1.000000 0.000000 0.000000  -0.707107 0.707107 0.000000
2451545.206738  6.9237380295e-01  1.000000 0.000000 0.000000  -0.707107 0.707107 0.000000
2451545.207405  6.8644933600e-01  1.000000 0.000000 0.000000  -0.707107 0.707107 0.000000
2451545.208072  6.7732613587e-01  1.000000 0.000000 0.000000  -0.707107 0.707107 0.000000
2451545.208738  6.7880051685e-01  1.000000 0.000000 0.000000  -0.707107 0.707107 0.000000
2451545.209405  6.7697662525e-01  1.000000 0.000000 0.000000  -0.707107 0.707107 0.000000
2451545.210072  6.7223315991e-01  1.000000 0.000000 0.000000  -0.707107 0.707107 0.000000
2451545.210739  6.5878860149e-01  1.000000 0.000000 0.000000  -0.707107 0.707107 0.000000
2451545.211406  6.6789309120e-01  1.000000 0.000000 0.000000  -0.707107 0.707107 0.000000
2451545.212073  6.7021617678e-01  1.000000 0.000000 0.000000  -0.707107 0.707107 0.000000
2451545.212740  6.8535589913e-01  1.000000 0.000000 0.000000  -0.707107 0.707107 0.000000
2451545.213407  6.9793528779e-01  1.000000 0.000000 0.000000  -0.707107 0.707107 0.000000
2451545.214074  7.0172976069e-01  1.000000 0.000000 0.000000  -0.707107 0.707107 0.000000
2451545.214740  7.1477840665e-01  1.000000 0.000000 0.000000  -0.707107 0.707107 0.000000
2451545.215407  7.3564800761e-01  1.000000 0.000000 0.000000  -0.707107 0.707107 0.000000
2451545.216074  7.5251133372e-01  1.000000 0.000000 0.000000  -0.707107 0.707107 0.000000
2451545.216741  7.6712791277e-01  1.000000 0.000000 0.000000  -0.707107 0.707107 0.000000
2451545.217408  7.7514570136e-01  1.000000 0.000000 0.000000  -0.707107 0.707107 0.000000
2451545.218075  8.0523504821e-01  1.000000 0.000000 0.000000  -0.707107 0.707107 0.000000
2451545.218742  8.1345715458e-01  1.000000 0.000000 0.000000  -0.707107 0.707107 0.000000
2451545.219409  8.3073884565e-01  1.000000 0.000000 0.000000  -0.707107 0.707107 0.000000
2451545.220076  8.3945041657e-01  1.000000 0.000000 0.000000  -0.707107 0.707107 0.000000
2451545.220743  8.5035410014e-01  1.000000 0.000000 0.000000  -0.707107 0.707107 0.000000
2451545.221409  8.6146659198e-01  1.000000 0.000000 0.000000  -0.707107 0.707107 0.000000
2451545.222076  8.5448985108e-01  1.000000 0.000000 0.000000  -0.707107 0.707107 0.000000
2451545.222743  8.7238075338e-01  1.000000 0.000000 0.000000  -0.707107 0.707107 0.000000
2451545.223410  8.7916066068e-01  1.000000 0.000000 0.000000  -0.707107 0.707107 0.000000
2451545.224077  9.0307482096e-01  1.000000 0.000000 0.000000  -0.707107 0.707107 0.000000
2451545.224744  9.1116595439e-01  1.000000 0.000000 0.000000  -0.707107 0.707107 0.000000
2451545.225411  9.2402001200e-01  1.000000 0.000000 0.000000  -0.707107 0.707107 0.000000
2451545.226078  9.3751097226e-01  1.000000 0.000000 0.000000  -0.707107 0.707107 0.000000
2451545.226745  9.3904148451e-01  1.000000 0.000000 0.000000  -0.707107 0.707107 0.000000
2451545.227411  9.5133497797e-01  1.000000 0.000000 0.000000  -0.707107 0.707107 0.000000
2451545.228078  9.7933773893e-01  1.000000 0.000000 0.000000  -0.707107 0.707107 0.000000
2451545.228745  9.9586652276e-01  1.000000 0.000000 0.000000  -0.707107 0.707107 0.000000
2451545.229412  1.0106702060e+00  1.000000 0.000000 0.000000  -0.707107 0.707107 0.000000
2451545.230079  1.0361747518e+00  1.000000 0.000000 0.000000  -0.707107 0.707107 0.000000
2451545.230746  1.0477752114e+00  1.000000 0.000000 0.000000  -0.707107 0.707107 0.000000
2451545.231413  1.0577830401e+00  1.000000 0.000000 0.000000  -0.707107 0.707107 0.000000
2451545.232080  1.0740917894e+00  1.000000 0.000000 0.000000  -0.707107 0.707107 0.000000
2451545.232747  1.0823782596e+00  1.000000 0.000000 0.000000  -0.707107 0.707107 0.000000
2451545.233414  1.1011365770e+00  1.000000 0.000000 0.000000  -0.707107 0.707107 0.000000
2451545.234080  1.1209187284e+00  1.000000 0.000000 0.000000  -0.707107 0.707107 0.000000
2451545.234747  1.1426183235e+00  1.000000 0.000000 0.000000  -0.707107 0.707107 0.000000
2451545.235414  1.1429783120e+00  1.000000 0.000000 0.000000  -0.707107 0.707107 0.000000
2451545.236081  1.1598154435e+00  1.000000 0.000000 0.000000  -0.707107 0.707107 0.000000
2451545.236748  1.1711015680e+00  1.000000 0.000000 0.000000  -0.707107 0.707107 0.000000
2451545.237415  1.1937351872e+00  1.000000 0.000000 0.000000  -0.707107 0.707107 0.000000
2451545.238082  1.2216107173e+00  1.000000 0.000000 0.000000  -0.707107 0.707107 0.000000
2451545.238749  1.2317293117e+00  1.000000 0.000000 0.000000  -0.707107 0.707107 0.000000
2451545.239416  1.2740605113e+00  1.000000 0.000000 0.000000  -0.707107 0.707107 0.000000
360  1
2451545.000000  1.2642740191e+00  1.000000 0.000000 0.000000  -0.707107 0.707107 0.000000
2451545.000667  1.2744911764e+00  1.000000 0.000000 0.000000  -0.707107 0.707107 0.000000
2451545.001334  1.2776101566e+00  1.000000 0.000000 0.000000  -0.707107 0.707107 0.000000
2451545.002001  1.2860416700e+00  1.000000 0.000000 0.000000  -0.707107 0.707107 0.000000
2451545.002668  1.2947437356e+00  1.000000 0.000000 0.000000  -0.707107 0.707107 0.000000
2451545.003334  1.3033084440e+00  1.000000 0.000000 0.000000  -0.707107 0.707107 0.000000
2451545.004001  1.3246598609e+00  1.000000 0.000000 0.000000  -0.707107 0.707107 0.000000
2451545.004668  1.3237337403e+00  1.000000 0.000000 0.000000  -0.707107 0.707107 0.000000
2451545.005335  1.3346196469e+00  1.000000 0.000000 0.000000  -0.707107 0.707107 0.000000
2451545.006002  1.3598427338e+00  1.000000 0.000000 0.000000  -0.707107 0.707107 0.000000
2451545.006669  1.3694279092e+00  1.000000 0.000000 0.000000  -0.707107 0.707107 0.000000
2451545.007336  1.3774133586e+00  1.000000 0.000000 0.000000  -0.707107 0.707107 0.000000
2451545.008003  1.3719440437e+00  1.000000 0.000000 0.000000  -0.707107 0.707107 0.000000
2451545.008670  1.3740488004e+00  1.000000 0.000000 0.000000  -0.707107 0.707107 0.000000
2451545.009337  1.3728569837e+00  1.000000 0.000000 0.000000  -0.707107 0.707107 0.000000
2451545.010003  1.3696922178e+00  1.000000 0.000000 0.000000  -0.707107 0.707107 0.000000
2451545.010670  1.3612745788e+00  1.000000 0.000000 0.000000  -0.707107 0.707107 0.000000
2451545.011337  1.3546307904e+00  1.000000 0.000000 0.000000  -0.707107 0.707107 0.000000
2451545.012004  1.3388215292e+00  1.000000 0.000000 0.000000  -0.707107 0.707107 0.000000
2451545.012671  1.3301659431e+00  1.000000 0.000000 0.000000  -0.707107 0.707107 0.000000
2451545.013338  1.3145349688e+00  1.000000 0.000000 0.000000  -0.707107 0.707107 0.000000
2451545.014005  1.2804606658e+00  1.000000 0.000000 0.000000  -0.707107 0.707107 0.000000
2451545.014672  1.2697107289e+00  1.000000 0.000000 0.000000  -0.707107 0.707107 0.000000
2451545.015339  1.2596128920e+00  1.000000 0.000000 0.000000  -0.707107 0.707107 0.000000
2451545.016006  1.2470412376e+00  1.000000 0.000000 0.000000  -0.707107 0.707107 0.000000
2451545.016672  1.2362815886e+00  1.000000 0.000000 0.000000  -0.707107 0.707107 0.000000
2451545.017339  1.2241018879e+00  1.000000 0.000000 0.000000  -0.707107 0.707107 0.000000
2451545.018006  1.1899561314e+00  1.000000 0.000000 0.000000  -0.707107 0.707107 0.000000
2451545.018673  1.1739914762e+00  1.000000 0.000000 0.000000  -0.707107 0.707107 0.000000
2451545.019340  1.1587573117e+00  1.000000 0.000000 0.000000  -0.707107 0.707107 0.000000
2451545.020007  1.1274003230e+00  1.000000 0.000000 0.000000  -0.707107 0.707107 0.000000
2451545.020674  1.1062736724e+00  1.000000 0.000000 0.000000  -0.707107 0.707107 0.000000
2451545.021341  1.0836388673e+00  1.000000 0.000000 0.000000  -0.707107 0.707107 0.000000
2451545.022008  1.0473508931e+00  1.000000 0.000000 0.000000  -0.707107 0.707107 0.000000
2451545.022674  1.0256734262e+00  1.000000 0.000000 0.000000  -0.707107 0.707107 0.000000
2451545.023341  1.0044517355e+00  1.000000 0.000000 0.000000  -0.707107 0.707107 0.000000
2451545.024008  9.7443640781e-01  1.000000 0.000000 0.000000  -0.707107 0.707107 0.000000
2451545.024675  9.6165247411e-01  1.000000 0.000000 0.000000  -0.707107 0.707107 0.000000
2451545.025342  9.4769198562e-01  1.000000 0.000000 0.000000  -0.707107 0.707107 0.000000
2451545.026009  9.3668953345e-01  1.000000 0.000000 0.000000  -0.707107 0.707107 0.000000
2451545.026676  9.3286573041e-01  1.000000 0.000000 0.000000  -0.707107 0.707107 0.000000
2451545.027343  9.3432463059e-01  1.000000 0.000000 0.000000  -0.707107 0.707107 0.000000
2451545.028010  9.3555529579e-01  1.000000 0.000000 0.000000  -0.707107 0.707107 0.000000
2451545.028677  9.2545607142e-01  1.000000 0.000000 0.000000  -0.707107 0.707107 0.000000
2451545.029343  9.2180292431e-01  1.000000 0.000000 0.000000  -0.707107 0.707107 0.000000
2451545.030010  9.2106896502e-01  1.000000 0.000000 0.000000  -0.707107 0.707107 0.000000
2451545.030677  9.2416158366e-01  1.000000 0.000000 0.000000  -0.707107 0.707107 0.000000
2451545.031344  9.3693927386e-01  1.000000 0.000000 0.000000  -0.707107 0.707107 0.000000
2451545.032011  9.2677761438e-01  1.000000 0.000000 0.000000  -0.707107 0.707107 0.000000
2451545.032678  9.3074848677e-01  1.000000 0.000000 0.000000  -0.707107 0.707107 0.000000
2451545.033345  9.2766419281e-01  1.000000 0.000000 0.000000  -0.707107 0.707107 0.000000
2451545.034012  9.1413311907e-01  1.000000 0.000000 0.000000  -0.707107 0.707107 0.000000
2451545.034679  9.1046054771e-01  1.000000 0.000000 0.000000  -0.707107 0.707107 0.000000
2451545.035345  8.9354757269e-01  1.000000 0.000000 0.000000  -0.707107 0.707107 0.000000
2451545.036012  8.8645494526e-01  1.000000 0.000000 0.000000  -0.707107 0.707107 0.000000
2451545.036679  8.7917154392e-01  1.000000 0.000000 0.000000  -0.707107 0.707107 0.000000
2451545.037346  8.7514170504e-01  1.000000 0.000000 0.000000  -0.707107 0.707107 0.000000
2451545.038013  8.6556554806e-01  1.000000 0.000000 0.000000  -0.707107 0.707107 0.000000
2451545.038680  8.6295784203e-01  1.000000 0.000000 0.000000  -0.707107 0.707107 0.000000
2451545.039347  8.5424745178e-01  1.000000 0.000000 0.000000  -0.707107 0.707107 0.000000
2451545.040014  8.6677193295e-01  1.000000 0.000000 0.000000  -0.707107 0.707107 0.000000
2451545.040681  8.4326164897e-01  1.000000 0.000000 0.000000  -0.707107 0.707107 0.000000
2451545.041348  8.3504449601e-01  1.000000 0.000000 0.000000  -0.707107 0.707107 0.000000
2451545.042014  8.3174792270e-01  1.000000 0.000000 0.000000  -0.707107 0.707107 0.000000
2451545.042681  8.2803372794e-01  1.000000 0.000000 0.000000  -0.707107 0.707107 0.000000
2451545.043348  8.3059079217e-01  1.000000 0.000000 0.000000  -0.707107 0.707107 0.000000
2451545.044015  8.2185334671e-01  1.000000 0.000000 0.000000  -0.707107 0.707107 0.000000
2451545.044682  8.2198029808e-01  1.000000 0.000000 0.000000  -0.707107 0.707107 0.000000
2451545.045349  8.0848044189e-01  1.000000 0.000000 0.000000  -0.707107 0.707107 0.000000
2451545.046016  7.9901458692e-01  1.000000 0.000000 0.000000  -0.707107 0.707107 0.000000
2451545.046683  7.9766321386e-01  1.000000 0.000000 0.000000  -0.707107 0.707107 0.000000
2451545.047350  7.9034512635e-01  1.000000 0.000000 0.000000  -0.707107 0.707107 0.000000
2451545.048017  7.8864550417e-01  1.000000 0.000000 0.000000  -0.707107 0.707107 0.000000
2451545.048683  7.9392543250e-01  1.000000 0.000000 0.000000  -0.707107 0.707107 0.000000
2451545.049350  7.8841657546e-01  1.000000 0.000000 0.000000  -0.707107 0.707107 0.000000
2451545.050017  7.8709711367e-01  1.000000 0.000000 0.000000  -0.707107 0.707107 0.000000
2451545.050684  7.8542593415e-01  1.000000 0.000000 0.000000  -0.707107 0.707107 0.000000
2451545.051351  7.7855599191e-01  1.000000 0.000000 0.000000  -0.707107 0.707107 0.000000
2451545.052018  7.6849284115e-01  1.000000 0.000000 0.000000  -0.707107 0.707107 0.000000
2451545.052685  7.5007656765e-01  1.000000 0.000000 0.000000  -0.707107 0.707107 0.000000
2451545.053352  7.3409526308e-01  1.000000 0.000000 0.000000  -0.707107 0.707107 0.000000
2451545.054019  7.2120518971e-01  1.000000 0.000000 0.000000  -0.707107 0.707107 0.000000
2451545.054685  7.0857040652e-01  1.000000 0.000000 0.000000  -0.707107 0.707107 0.000000
2451545.055352  7.0533557459e-01  1.000000 0.000000 0.000000  -0.707107 0.707107 0.000000
2451545.056019  7.0736402163e-01  1.000000 0.000000 0.000000  -0.707107 0.707107 0.000000
2451545.056686  7.0352287550e-01  1.000000 0.000000 0.000000  -0.707107 0.707107 0.000000
2451545.057353  7.0692836338e-01  1.000000 0.000000 0.000000  -0.707107 0.707107 0.000000
2451545.058020  7.0743616886e-01  1.000000 0.000000 0.000000  -0.707107 0.707107 0.000000
2451545.058687  7.1277783858e-01  1.000000 0.000000 0.000000  -0.707107 0.707107 0.000000
2451545.059354  7.1076950951e-01  1.000000 0.000000 0.000000  -0.707107 0.707107 0.000000
2451545.060021  7.0882430926e-01  1.000000 0.000000 0.000000  -0.707107 0.707107 0.000000
2451545.060688  7.1466823468e-01  1.000000 0.000000 0.000000  -0.707107 0.707107 0.000000
2451545.061354  7.1626241091e-01  1.000000 0.000000 0.000000  -0.707107 0.707107 0.000000
2451545.062021  7.1369494083e-01  1.000000 0.000000 0.000000  -0.707107 0.707107 0.000000
2451545.062688  7.1237894766e-01  1.000000 0.000000 0.000000  -0.707107 0.707107 0.000000
2451545.063355  7.1319268513e-01  1.000000 0.000000 0.000000  -0.707107 0.707107 0.000000
2451545.064022  7.1419650281e-01  1.000000 0.000000 0.000000  -0.707107 0.707107 0.000000
2451545.064689  7.1383646039e-01  1.000000 0.000000 0.000000  -0.707107 0.707107 0.000000
2451545.065356  7.1537652621e-01  1.000000 0.000000 0.000000  -0.707107 0.707107 0.000000
2451545.066023  7.1182951877e-01  1.000000 0.000000 0.000000  -0.707107 0.707107 0.000000
2451545.066690  7.1777264662e-01  1.000000 0.000000 0.000000  -0.707107 0.707107 0.000000
2451545.067356  7.1825339690e-01  1.000000 0.000000 0.000000  -0.707107 0.707107 0.000000
2451545.068023  7.1951805454e-01  1.000000 0.000000 0.000000  -0.707107 0.707107 0.000000
2451545.068690  7.1229361969e-01  1.000000 0.000000 0.000000  -0.707107 0.707107 0.000000
2451545.069357  7.1565193437e-01  1.000000 0.000000 0.000000  -0.707107 0.707107 0.000000
2451545.070024  7.2305396241e-01  1.000000 0.000000 0.000000  -0.707107 0.707107 0.000000
2451545.070691  7.3208277167e-01  1.000000 0.000000 0.000000  -0.707107 0.707107 0.000000
2451545.071358  7.4162701738e-01  1.000000 0.000000 0.000000  -0.707107 0.707107 0.000000
2451545.072025  7.4982335863e-01  1.000000 0.000000 0.000000  -0.707107 0.707107 0.000000
2451545.072692  7.5352645382e-01  1.000000 0.000000 0.000000  -0.707107 0.707107 0.000000
2451545.073359  7.6446300227e-01  1.000000 0.000000 0.000000  -0.707107 0.707107 0.000000
2451545.074025  7.8079533086e-01  1.000000 0.000000 0.000000  -0.707107 0.707107 0.000000
2451545.074692  7.9124141690e-01  1.000000 0.000000 0.000000  -0.707107 0.707107 0.000000
2451545.075359  8.0018559192e-01  1.000000 0.000000 0.000000  -0.707107 0.707107 0.000000
2451545.076026  8.1619672660e-01  1.000000 0.000000 0.000000  -0.707107 0.707107 0.000000
2451545.076693  8.2099659839e-01  1.000000 0.000000 0.000000  -0.707107 0.707107 0.000000
2451545.077360  8.2375345494e-01  1.000000 0.000000 0.000000  -0.707107 0.707107 0.000000
2451545.078027  8.3198032002e-01  1.000000 0.000000 0.000000  -0.707107 0.707107 0.000000
2451545.078694  8.3930118242e-01  1.000000 0.000000 0.000000  -0.707107 0.707107 0.000000
2451545.079361  8.4404625007e-01  1.000000 0.000000 0.000000  -0.707107 0.707107 0.000000
2451545.080028  8.4807817012e-01  1.000000 0.000000 0.000000  -0.707107 0.707107 0.000000
2451545.080694  8.5331300644e-01  1.000000 0.000000 0.000000  -0.707107 0.707107 0.000000
2451545.081361  8.5618432734e-01  1.000000 0.000000 0.000000  -0.707107 0.707107 0.000000
2451545.082028  8.7835225666e-01  1.000000 0.000000 0.000000  -0.707107 0.707107 0.000000
2451545.082695  9.0156285215e-01  1.000000 0.000000 0.000000  -0.707107 0.707107 0.000000
2451545.083362  9.2982167239e-01  1.000000 0.000000 0.000000  -0.707107 0.707107 0.000000
2451545.084029  9.6593135967e-01  1.000000 0.000000 0.000000  -0.707107 0.707107 0.000000
2451545.084696  9.9618463451e-01  1.000000 0.000000 0.000000  -0.707107 0.707107 0.000000
2451545.085363  1.0258204956e+00  1.000000 0.000000 0.000000  -0.707107 0.707107 0.000000
2451545.086030  1.0719315922e+00  1.000000 0.000000 0.000000  -0.707107 0.707107 0.000000
2451545.086696  1.0965518336e+00  1.000000 0.000000 0.000000  -0.707107 0.707107 0.000000
2451545.087363  1.1200211879e+00  1.000000 0.000000 0.000000  -0.707107 0.707107 0.000000
2451545.088030  1.1488044629e+00  1.000000 0.000000 0.000000  -0.707107 0.707107 0.000000
2451545.088697  1.1688967720e+00  1.000000 0.000000 0.000000  -0.707107 0.707107 0.000000
2451545.089364  1.1852776612e+00  1.000000 0.000000 0.000000  -0.707107 0.707107 0.000000
2451545.090031  1.1984646482e+00  1.000000 0.000000 0.000000  -0.707107 0.707107 0.000000
2451545.090698  1.2060199891e+00  1.000000 0.000000 0.000000  -0.707107 0.707107 0.000000
2451545.091365  1.2094178460e+00  1.000000 0.000000 0.000000  -0.707107 0.707107 0.000000
2451545.092032  1.2190890431e+00  1.000000 0.000000 0.000000  -0.707107 0.707107 0.000000
2451545.092699  1.2154913939e+00  1.000000 0.000000 0.000000  -0.707107 0.707107 0.000000
2451545.093365  1.2103682470e+00  1.000000 0.000000 0.000000  -0.707107 0.707107 0.000000
2451545.094032  1.1947691840e+00  1.000000 0.000000 0.000000  -0.707107 0.707107 0.000000
2451545.094699  1.1845957312e+00  1.000000 0.000000 0.000000  -0.707107 0.707107 0.000000
2451545.095366  1.1751208578e+00  1.000000 0.000000 0.000000  -0.707107 0.707107 0.000000
2451545.096033  1.1435730952e+00  1.000000 0.000000 0.000000  -0.707107 0.707107 0.000000
2451545.096700  1.1255314323e+00  1.000000 0.000000 0.000000  -0.707107 0.707107 0.000000
2451545.097367  1.0911955957e+00  1.000000 0.000000 0.000000  -0.707107 0.707107 0.000000
2451545.098034  1.0648084410e+00  1.000000 0.000000 0.000000  -0.707107 0.707107 0.000000
2451545.098701  1.0322353553e+00  1.000000 0.000000 0.000000  -0.707107 0.707107 0.000000
2451545.099367  9.8342844974e-01  1.000000 0.000000 0.000000  -0.707107 0.707107 0.000000
2451545.100034  9.5464309348e-01  1.000000 0.000000 0.000000  -0.707107 0.707107 0.000000
2451545.100701  9.2633293772e-01  1.000000 0.000000 0.000000  -0.707107 0.707107 0.000000
2451545.101368  8.9151704447e-01  1.000000 0.000000 0.000000  -0.707107 0.707107 0.000000
2451545.102035  8.6722354684e-01  1.000000 0.000000 0.000000  -0.707107 0.707107 0.000000
2451545.102702  8.2853667736e-01  1.000000 0.000000 0.000000  -0.707107 0.707107 0.000000
2451545.103369  7.8631736864e-01  1.000000 0.000000 0.000000  -0.707107 0.707107 0.000000
2451545.104036  7.5616329624e-01  1.000000 0.000000 0.000000  -0.707107 0.707107 0.000000
2451545.104703  7.2279867222e-01  1.000000 0.000000 0.000000  -0.707107 0.707107 0.000000
2451545.105370  6.7842465880e-01  1.000000 0.000000 0.000000  -0.707107 0.707107 0.000000
2451545.106036  6.4744089328e-01  1.000000 0.000000 0.000000  -0.707107 0.707107 0.000000
2451545.106703  6.1800759943e-01  1.000000 0.000000 0.000000  -0.707107 0.707107 0.000000
2451545.107370  5.7372931983e-01  1.000000 0.000000 0.000000  -0.707107 0.707107 0.000000
2451545.108037  5.4582013616e-01  1.000000 0.000000 0.000000  -0.707107 0.707107 0.000000
2451545.108704  5.1369797064e-01  1.000000 0.000000 0.000000  -0.707107 0.707107 0.000000
2451545.109371  4.7778460707e-01  1.000000 0.000000 0.000000  -0.707107 0.707107 0.000000
2451545.110038  4.6082862120e-01  1.000000 0.000000 0.000000  -0.707107 0.707107 0.000000
2451545.110705  4.6226532224e-01  1.000000 0.000000 0.000000  -0.707107 0.707107 0.000000
2451545.111372  5.3736364865e-01  1.000000 0.000000 0.000000  -0.707107 0.707107 0.000000
2451545.112039  6.2429412033e-01  1.000000 0.000000 0.000000  -0.707107 0.707107 0.000000
2451545.112705  7.1290617739e-01  1.000000 0.000000 0.000000  -0.707107 0.707107 0.000000
2451545.113372  8.5076496061e-01  1.000000 0.000000 0.000000  -0.707107 0.707107 0.000000
2451545.114039  9.3756431859e-01  1.000000 0.000000 0.000000  -0.707107 0.707107 0.000000
2451545.114706  1.0238052293e+00  1.000000 0.000000 0.000000  -0.707107 0.707107 0.000000
2451545.115373  1.1505637453e+00  1.000000 0.000000 0.000000  -0.707107 0.707107 0.000000
2451545.116040  1.2349975067e+00  1.000000 0.000000 0.000000  -0.707107 0.707107 0.000000
2451545.116707  1.3267389498e+00  1.000000 0.000000 0.000000  -0.707107 0.707107 0.000000
2451545.117374  1.4187030780e+00  1.000000 0.000000 0.000000  -0.707107 0.707107 0.000000
2451545.118041  1.4820615243e+00  1.000000 0.000000 0.000000  -0.707107 0.707107 0.000000
2451545.118707  1.5310536540e+00  1.000000 0.000000 0.000000  -0.707107 0.707107 0.000000
2451545.119374  1.6078800453e+00  1.000000 0.000000 0.000000  -0.707107 0.707107 0.000000
2451545.120041  1.6463261927e+00  1.000000 0.000000 0.000000  -0.707107 0.707107 0.000000
2451545.120708  1.6921695122e+00  1.000000 0.000000 0.000000  -0.707107 0.707107 0.000000
2451545.121375  1.7167009569e+00  1.000000 0.000000 0.000000  -0.707107 0.707107 0.000000
2451545.122042  1.7294481233e+00  1.000000 0.000000 0.000000  -0.707107 0.707107 0.000000
2451545.122709  1.7565505067e+00  1.000000 0.000000 0.000000  -0.707107 0.707107 0.000000
2451545.123376  1.7637589860e+00  1.000000 0.000000 0.000000  -0.707107 0.707107 0.000000
2451545.124043  1.7535876143e+00  1.000000 0.000000 0.000000  -0.707107 0.707107 0.000000
2451545.124710  1.7454606454e+00  1.000000 0.000000 0.000000  -0.707107 0.707107 0.000000
2451545.125376  1.7355626008e+00  1.000000 0.000000 0.000000  -0.707107 0.707107 0.000000
2451545.126043  1.7212802247e+00  1.000000 0.000000 0.000000  -0.707107 0.707107 0.000000
2451545.126710  1.6812558566e+00  1.000000 0.000000 0.000000  -0.707107 0.707107 0.000000
2451545.127377  1.6514874944e+00  1.000000 0.000000 0.000000  -0.707107 0.707107 0.000000
2451545.128044  1.6216247858e+00  1.000000 0.000000 0.000000  -0.707107 0.707107 0.000000
2451545.128711  1.5699174230e+00  1.000000 0.000000 0.000000  -0.707107 0.707107 0.000000
2451545.129378  1.5329371129e+00  1.000000 0.000000 0.000000  -0.707107 0.707107 0.000000
2451545.130045  1.4928780586e+00  1.000000 0.000000 0.000000  -0.707107 0.707107 0.000000
2451545.130712  1.4206461971e+00  1.000000 0.000000 0.000000  -0.707107 0.707107 0.000000
2451545.131378  1.3737532742e+00  1.000000 0.000000 0.000000  -0.707107 0.707107 0.000000
2451545.132045  1.3234479262e+00  1.000000 0.000000 0.000000  -0.707107 0.707107 0.000000
2451545.132712  1.2536420152e+00  1.000000 0.000000 0.000000  -0.707107 0.707107 0.000000
2451545.133379  1.2149003416e+00  1.000000 0.000000 0.000000  -0.707107 0.707107 0.000000
2451545.134046  1.1740282436e+00  1.000000 0.000000 0.000000  -0.707107 0.707107 0.000000
2451545.134713  1.1096916473e+00  1.000000 0.000000 0.000000  -0.707107 0.707107 0.000000
2451545.135380  1.0718844190e+00  1.000000 0.000000 0.000000  -0.707107 0.707107 0.000000
2451545.136047  1.0311767335e+00  1.000000 0.000000 0.000000  -0.707107 0.707107 0.000000
2451545.136714  9.8178293798e-01  1.000000 0.000000 0.000000  -0.707107 0.707107 0.000000
2451545.137381  9.5628652408e-01  1.000000 0.000000 0.000000  -0.707107 0.707107 0.000000
2451545.138047  9.2961494284e-01  1.000000 0.000000 0.000000  -0.707107 0.707107 0.000000
2451545.138714  8.8312229834e-01  1.000000 0.000000 0.000000  -0.707107 0.707107 0.000000
2451545.139381  8.5793112271e-01  1.000000 0.000000 0.000000  -0.707107 0.707107 0.000000
2451545.140048  8.2450267614e-01  1.000000 0.000000 0.000000  -0.707107 0.707107 0.000000
2451545.140715  8.1488905810e-01  1.000000 0.000000 0.000000  -0.707107 0.707107 0.000000
2451545.141382  8.3365080582e-01  1.000000 0.000000 0.000000  -0.707107 0.707107 0.000000
2451545.142049  8.5794083484e-01  1.000000 0.000000 0.000000  -0.707107 0.707107 0.000000
2451545.142716  8.8452431321e-01  1.000000 0.000000 0.000000  -0.707107 0.707107 0.000000
2451545.143383  9.0212615551e-01  1.000000 0.000000 0.000000  -0.707107 0.707107 0.000000
2451545.144050  9.3324172846e-01  1.000000 0.000000 0.000000  -0.707107 0.707107 0.000000
2451545.144716  9.4968089044e-01  1.000000 0.000000 0.000000  -0.707107 0.707107 0.000000
2451545.145383  9.5273674175e-01  1.000000 0.000000 0.000000  -0.707107 0.707107 0.000000
2451545.146050  9.6949848508e-01  1.000000 0.000000 0.000000  -0.707107 0.707107 0.000000
2451545.146717  9.7788629398e-01  1.000000 0.000000 0.000000  -0.707107 0.707107 0.000000
2451545.147384  9.8596331482e-01  1.000000 0.000000 0.000000  -0.707107 0.707107 0.000000
2451545.148051  9.7885403804e-01  1.000000 0.000000 0.000000  -0.707107 0.707107 0.000000
2451545.148718  9.7335974919e-01  1.000000 0.000000 0.000000  -0.707107 0.707107 0.000000
2451545.149385  9.7128967874e-01  1.000000 0.000000 0.000000  -0.707107 0.707107 0.000000
2451545.150052  9.6491297380e-01  1.000000 0.000000 0.000000  -0.707107 0.707107 0.000000
2451545.150718  9.5606175771e-01  1.000000 0.000000 0.000000  -0.707107 0.707107 0.000000
2451545.151385  9.3977521487e-01  1.000000 0.000000 0.000000  -0.707107 0.707107 0.000000
2451545.152052  9.2523199878e-01  1.000000 0.000000 0.000000  -0.707107 0.707107 0.000000
2451545.152719  9.1689899402e-01  1.000000 0.000000 0.000000  -0.707107 0.707107 0.000000
2451545.153386  9.0593192175e-01  1.000000 0.000000 0.000000  -0.707107 0.707107 0.000000
2451545.154053  8.8212472418e-01  1.000000 0.000000 0.000000  -0.707107 0.707107 0.000000
2451545.154720  8.7132830784e-01  1.000000 0.000000 0.000000  -0.707107 0.707107 0.000000
2451545.155387  8.6978754831e-01  1.000000 0.000000 0.000000  -0.707107 0.707107 0.000000
2451545.156054  8.7325269639e-01  1.000000 0.000000 0.000000  -0.707107 0.707107 0.000000
2451545.156721  8.8577232150e-01  1.000000 0.000000 0.000000  -0.707107 0.707107 0.000000
2451545.157387  9.0590694771e-01  1.000000 0.000000 0.000000  -0.707107 0.707107 0.000000
2451545.158054  9.4417619574e-01  1.000000 0.000000 0.000000  -0.707107 0.707107 0.000000
2451545.158721  9.8822554663e-01  1.000000 0.000000 0.000000  -0.707107 0.707107 0.000000
2451545.159388  1.0427078028e+00  1.000000 0.000000 0.000000  -0.707107 0.707107 0.000000
2451545.160055  1.1129528408e+00  1.000000 0.000000 0.000000  -0.707107 0.707107 0.000000
2451545.160722  1.1622182974e+00  1.000000 0.000000 0.000000  -0.707107 0.707107 0.000000
2451545.161389  1.2048663272e+00  1.000000 0.000000 0.000000  -0.707107 0.707107 0.000000
2451545.162056  1.2801387782e+00  1.000000 0.000000 0.000000  -0.707107 0.707107 0.000000
2451545.162723  1.3253660713e+00  1.000000 0.000000 0.000000  -0.707107 0.707107 0.000000
2451545.163389  1.3688229824e+00  1.000000 0.000000 0.000000  -0.707107 0.707107 0.000000
2451545.164056  1.4228085327e+00  1.000000 0.000000 0.000000  -0.707107 0.707107 0.000000
2451545.164723  1.4619921081e+00  1.000000 0.000000 0.000000  -0.707107 0.707107 0.000000
2451545.165390  1.5030223750e+00  1.000000 0.000000 0.000000  -0.707107 0.707107 0.000000
2451545.166057  1.5640374239e+00  1.000000 0.000000 0.000000  -0.707107 0.707107 0.000000
2451545.166724  1.6016386164e+00  1.000000 0.000000 0.000000  -0.707107 0.707107 0.000000
2451545.167391  1.6369595402e+00  1.000000 0.000000 0.000000  -0.707107 0.707107 0.000000
2451545.168058  1.6776651446e+00  1.000000 0.000000 0.000000  -0.707107 0.707107 0.000000
2451545.168725  1.6971587705e+00  1.000000 0.000000 0.000000  -0.707107 0.707107 0.000000
2451545.169392  1.7048438376e+00  1.000000 0.000000 0.000000  -0.707107 0.707107 0.000000
2451545.170058  1.7127626895e+00  1.000000 0.000000 0.000000  -0.707107 0.707107 0.000000
2451545.170725  1.7152080643e+00  1.000000 0.000000 0.000000  -0.707107 0.707107 0.000000
2451545.171392  1.7087800238e+00  1.000000 0.000000 0.000000  -0.707107 0.707107 0.000000
2451545.172059  1.6966690018e+00  1.000000 0.000000 0.000000  -0.707107 0.707107 0.000000
2451545.172726  1.6781250832e+00  1.000000 0.000000 0.000000  -0.707107 0.707107 0.000000
2451545.173393  1.6422630551e+00  1.000000 0.000000 0.000000  -0.707107 0.707107 0.000000
2451545.174060  1.6190961642e+00  1.000000 0.000000 0.000000  -0.707107 0.707107 0.000000
2451545.174727  1.5821824516e+00  1.000000 0.000000 0.000000  -0.707107 0.707107 0.000000
2451545.175394  1.5304494210e+00  1.000000 0.000000 0.000000  -0.707107 0.707107 0.000000
2451545.176061  1.4904999750e+00  1.000000 0.000000 0.000000  -0.707107 0.707107 0.000000
2451545.176727  1.4450486093e+00  1.000000 0.000000 0.000000  -0.707107 0.707107 0.000000
2451545.177394  1.3848951648e+00  1.000000 0.000000 0.000000  -0.707107 0.707107 0.000000
2451545.178061  1.3331947392e+00  1.000000 0.000000 0.000000  -0.707107 0.707107 0.000000
2451545.178728  1.2837648700e+00  1.000000 0.000000 0.000000  -0.707107 0.707107 0.000000
2451545.179395  1.2070522494e+00  1.000000 0.000000 0.000000  -0.707107 0.707107 0.000000
2451545.180062  1.1578471467e+00  1.000000 0.000000 0.000000  -0.707107 0.707107 0.000000
2451545.180729  1.1061536583e+00  1.000000 0.000000 0.000000  -0.707107 0.707107 0.000000
2451545.181396  1.0203074762e+00  1.000000 0.000000 0.000000  -0.707107 0.707107 0.000000
2451545.182063  9.6388348837e-01  1.000000 0.000000 0.000000  -0.707107 0.707107 0.000000
2451545.182729  9.0970855161e-01  1.000000 0.000000 0.000000  -0.707107 0.707107 0.000000
2451545.183396  8.3460467542e-01  1.000000 0.000000 0.000000  -0.707107 0.707107 0.000000
2451545.184063  7.8726568844e-01  1.000000 0.000000 0.000000  -0.707107 0.707107 0.000000
2451545.184730  7.4431172670e-01  1.000000 0.000000 0.000000  -0.707107 0.707107 0.000000
2451545.185397  6.8970668147e-01  1.000000 0.000000 0.000000  -0.707107 0.707107 0.000000
2451545.186064  6.6533063076e-01  1.000000 0.000000 0.000000  -0.707107 0.707107 0.000000
2451545.186731  6.4487966671e-01  1.000000 0.000000 0.000000  -0.707107 0.707107 0.000000
2451545.187398  6.3486854520e-01  1.000000 0.000000 0.000000  -0.707107 0.707107 0.000000
2451545.188065  6.3007977299e-01  1.000000 0.000000 0.000000  -0.707107 0.707107 0.000000
2451545.188732  6.2945611570e-01  1.000000 0.000000 0.000000  -0.707107 0.707107 0.000000
2451545.189398  6.3546584099e-01  1.000000 0.000000 0.000000  -0.707107 0.707107 0.000000
2451545.190065  6.3877212643e-01  1.000000 0.000000 0.000000  -0.707107 0.707107 0.000000
2451545.190732  6.4177664221e-01  1.000000 0.000000 0.000000  -0.707107 0.707107 0.000000
2451545.191399  6.4471802917e-01  1.000000 0.000000 0.000000  -0.707107 0.707107 0.000000
2451545.192066  6.4847800967e-01  1.000000 0.000000 0.000000  -0.707107 0.707107 0.000000
2451545.192733  6.5204374764e-01  1.000000 0.000000 0.000000  -0.707107 0.707107 0.000000
2451545.193400  6.4967190754e-01  1.000000 0.000000 0.000000  -0.707107 0.707107 0.000000
2451545.194067  6.5304895276e-01  1.000000 0.000000 0.000000  -0.707107 0.707107 0.000000
2451545.194734  6.6020332156e-01  1.000000 0.000000 0.000000  -0.707107 0.707107 0.000000
2451545.195400  6.6590850231e-01  1.000000 0.000000 0.000000  -0.707107 0.707107 0.000000
2451545.196067  6.6966362674e-01  1.000000 0.000000 0.000000  -0.707107 0.707107 0.000000
2451545.196734  6.7480342297e-01  1.000000 0.000000 0.000000  -0.707107 0.707107 0.000000
2451545.197401  6.8087488963e-01  1.000000 0.000000 0.000000  -0.707107 0.707107 0.000000
2451545.198068  6.8807365673e-01  1.000000 0.000000 0.000000  -0.707107 0.707107 0.000000
2451545.198735  7.0457664126e-01  1.000000 0.000000 0.000000  -0.707107 0.707107 0.000000
2451545.199402  7.0865781566e-01  1.000000 0.000000 0.000000  -0.707107 0.707107 0.000000
2451545.200069  7.1203555460e-01  1.000000 0.000000 0.000000  -0.707107 0.707107 0.000000
2451545.200736  7.1067585686e-01  1.000000 0.000000 0.000000  -0.707107 0.707107 0.000000
2451545.201403  7.1511083017e-01  1.000000 0.000000 0.000000  -0.707107 0.707107 0.000000
2451545.202069  7.1607302444e-01  1.000000 0.000000 0.000000  -0.707107 0.707107 0.000000
2451545.202736  7.0931962773e-01  1.000000 0.000000 0.000000  -0.707107 0.707107 0.000000
2451545.203403  6.9855651011e-01  1.000000 0.000000 0.000000  -0.707107 0.707107 0.000000
2451545.204070  6.9377190024e-01  1.000000 0.000000 0.000000  -0.707107 0.707107 0.000000
2451545.204737  6.9437058348e-01  1.000000 0.000000 0.000000  -0.707107 0.707107 0.000000
2451545.205404  6.9009100420e-01  1.000000 0.000000 0.000000  -0.707107 0.707107 0.000000
2451545.206071  6.8238304417e-01  1.000000 0.000000 0.000000  -0.707107 0.707107 0.000000
2451545.206738  6.7392378177e-01  1.000000 0.000000 0.000000  -0.707107 0.707107 0.000000
2451545.207405  6.7216449938e-01  1.000000 0.000000 0.000000  -0.707107 0.707107 0.000000
2451545.208072  6.6890608086e-01  1.000000 0.000000 0.000000  -0.707107 0.707107 0.000000
2451545.208738  6.8242119896e-01  1.000000 0.000000 0.000000  -0.707107 0.707107 0.000000
2451545.209405  6.7027063467e-01  1.000000 0.000000 0.000000  -0.707107 0.707107 0.000000
2451545.210072  6.8442259079e-01  1.000000 0.000000 0.000000  -0.707107 0.707107 0.000000
2451545.210739  6.8477430853e-01  1.000000 0.000000 0.000000  -0.707107 0.707107 0.000000
2451545.211406  6.9557974326e-01  1.000000 0.000000 0.000000  -0.707107 0.707107 0.000000
2451545.212073  6.9842955874e-01  1.000000 0.000000 0.000000  -0.707107 0.707107 0.000000
2451545.212740  6.9638723723e-01  1.000000 0.000000 0.000000  -0.707107 0.707107 0.000000
2451545.213407  7.0408617885e-01  1.000000 0.000000 0.000000  -0.707107 0.707107 0.000000
2451545.214074  7.0364497081e-01  1.000000 0.000000 0.000000  -0.707107 0.707107 0.000000
2451545.214740  7.2086040921e-01  1.000000 0.000000 0.000000  -0.707107 0.707107 0.000000
2451545.215407  7.3111502761e-01  1.000000 0.000000 0.000000  -0.707107 0.707107 0.000000
2451545.216074  7.4258019325e-01  1.000000 0.000000 0.000000  -0.707107 0.707107 0.000000
2451545.216741  7.5387331549e-01  1.000000 0.000000 0.000000  -0.707107 0.707107 0.000000
2451545.217408  7.5665930842e-01  1.000000 0.000000 0.000000  -0.707107 0.707107 0.000000
2451545.218075  7.6398225200e-01  1.000000 0.000000 0.000000  -0.707107 0.707107 0.000000
2451545.218742  7.7017165163e-01  1.000000 0.000000 0.000000  -0.707107 0.707107 0.000000
2451545.219409  7.8122405188e-01  1.000000 0.000000 0.000000  -0.707107 0.707107 0.000000
2451545.220076  7.9847348272e-01  1.000000 0.000000 0.000000  -0.707107 0.707107 0.000000
2451545.220743  8.0007459619e-01  1.000000 0.000000 0.000000  -0.707107 0.707107 0.000000
2451545.221409  8.0831880435e-01  1.000000 0.000000 0.000000  -0.707107 0.707107 0.000000
2451545.222076  8.1585472099e-01  1.000000 0.000000 0.000000  -0.707107 0.707107 0.000000
2451545.222743  8.2522831076e-01  1.000000 0.000000 0.000000  -0.707107 0.707107 0.000000
2451545.223410  8.4199005409e-01  1.000000 0.000000 0.000000  -0.707107 0.707107 0.000000
2451545.224077  8.5852494989e-01  1.000000 0.000000 0.000000  -0.707107 0.707107 0.000000
2451545.224744  8.7032518389e-01  1.000000 0.000000 0.000000  -0.707107 0.707107 0.000000
2451545.225411  8.8496413381e-01  1.000000 0.000000 0.000000  -0.707107 0.707107 0.000000
2451545.226078  9.0420871297e-01  1.000000 0.000000 0.000000  -0.707107 0.707107 0.000000
2451545.226745  9.2207971992e-01  1.000000 0.000000 0.000000  -0.707107 0.707107 0.000000
2451545.227411  9.3767600804e-01  1.000000 0.000000 0.000000  -0.707107 0.707107 0.000000
2451545.228078  9.5629901110e-01  1.000000 0.000000 0.000000  -0.707107 0.707107 0.000000
2451545.228745  9.7921408045e-01  1.000000 0.000000 0.000000  -0.707107 0.707107 0.000000
2451545.229412  9.8968236564e-01  1.000000 0.000000 0.000000  -0.707107 0.707107 0.000000
2451545.230079  1.0294174511e+00  1.000000 0.000000 0.000000  -0.707107 0.707107 0.000000
2451545.230746  1.0373876385e+00  1.000000 0.000000 0.000000  -0.707107 0.707107 0.000000
2451545.231413  1.0515305763e+00  1.000000 0.000000 0.000000  -0.707107 0.707107 0.000000
2451545.232080  1.0805982779e+00  1.000000 0.000000 0.000000  -0.707107 0.707107 0.000000
2451545.232747  1.0963118053e+00  1.000000 0.000000 0.000000  -0.707107 0.707107 0.000000
2451545.233414  1.1129576968e+00  1.000000 0.000000 0.000000  -0.707107 0.707107 0.000000
2451545.234080  1.1350187927e+00  1.000000 0.000000 0.000000  -0.707107 0.707107 0.000000
2451545.234747  1.1467579791e+00  1.000000 0.000000 0.000000  -0.707107 0.707107 0.000000
2451545.235414  1.1578270287e+00  1.000000 0.000000 0.000000  -0.707107 0.707107 0.000000
2451545.236081  1.1798555196e+00  1.000000 0.000000 0.000000  -0.707107 0.707107 0.000000
2451545.236748  1.1868496383e+00  1.000000 0.000000 0.000000  -0.707107 0.707107 0.000000
2451545.237415  1.1986866397e+00  1.000000 0.000000 0.000000  -0.707107 0.707107 0.000000
2451545.238082  1.2275566302e+00  1.000000 0.000000 0.000000  -0.707107 0.707107 0.000000
2451545.238749  1.2394963026e+00  1.000000 0.000000 0.000000  -0.707107 0.707107 0.000000
2451545.239416  1.2538612318e+00  1.000000 0.000000 0.000000  -0.707107 0.707107 0.000000
360  1
2451545.000000  8.1085954454e-01  1.000000 0.000000 0.000000  -0.000000 0.000000 1.000000
2451545.000667  8.2228793646e-01  1.000000 0.000000 0.000000  -0.000000 0.000000 1.000000
2451545.001334  8.3715309173e-01  1.000000 0.000000 0.000000  -0.000000 0.000000 1.000000
2451545.002001  8.5415968593e-01  1.000000 0.000000 0.000000  -0.000000 0.000000 1.000000
2451545.002668  8.6433644372e-01  1.000000 0.000000 0.000000  -0.000000 0.000000 1.000000
2451545.003334  8.7875238909e-01  1.000000 0.000000 0.000000  -0.000000 0.000000 1.000000
2451545.004001  8.9586605524e-01  1.000000 0.000000 0.000000  -0.000000 0.000000 1.000000
2451545.004668  9.0592528003e-01  1.000000 0.000000 0.000000  -0.000000 0.000000 1.000000
2451545.005335  9.1669647173e-01  1.000000 0.000000 0.000000  -0.000000 0.000000 1.000000
2451545.006002  9.2939126633e-01  1.000000 0.000000 0.000000  -0.000000 0.000000 1.000000
2451545.006669  9.3531960618e-01  1.000000 0.000000 0.000000  -0.000000 0.000000 1.000000
2451545.007336  9.3756565564e-01  1.000000 0.000000 0.000000  -0.000000 0.000000 1.000000
2451545.008003  9.4753873058e-01  1.000000 0.000000 0.000000  -0.000000 0.000000 1.000000
2451545.008670  9.5633955232e-01  1.000000 0.000000 0.000000  -0.000000 0.000000 1.000000
2451545.009337  9.5565466107e-01  1.000000 0.000000 0.000000  -0.000000 0.000000 1.000000
2451545.010003  9.6466778063e-01  1.000000 0.000000 0.000000  -0.000000 0.000000 1.000000
2451545.010670  9.7152100057e-01  1.000000 0.000000 0.000000  -0.000000 0.000000 1.000000
2451545.011337  9.7450301583e-01  1.000000 0.000000 0.000000  -0.000000 0.000000 1.000000
2451545.012004  9.6798947240e-01  1.000000 0.000000 0.000000  -0.000000 0.000000 1.000000
2451545.012671  9.6147162148e-01  1.000000 0.000000 0.000000  -0.000000 0.000000 1.000000
2451545.013338  9.6677291356e-01  1.000000 0.000000 0.000000  -0.000000 0.000000 1.000000
2451545.014005  9.6667322588e-01  1.000000 0.000000 0.000000  -0.000000 0.000000 1.000000
2451545.014672  9.6297862837e-01  1.000000 0.000000 0.000000  -0.000000 0.000000 1.000000
2451545.015339  9.5413534707e-01  1.000000 0.000000 0.000000  -0.000000 0.000000 1.000000
2451545.016006  9.3561497707e-01  1.000000 0.000000 0.000000  -0.000000 0.000000 1.000000
2451545.016672  9.2607203598e-01  1.000000 0.000000 0.000000  -0.000000 0.000000 1.000000
2451545.017339  9.1810748307e-01  1.000000 0.000000 0.000000  -0.000000 0.000000 1.000000
2451545.018006  8.9843885874e-01  1.000000 0.000000 0.000000  -0.000000 0.000000 1.000000
2451545.018673  8.7879607937e-01  1.000000 0.000000 0.000000  -0.000000 0.000000 1.000000
2451545.019340  8.6467058203e-01  1.000000 0.000000 0.000000  -0.000000 0.000000 1.000000
2451545.020007  8.4409923043e-01  1.000000 0.000000 0.000000  -0.000000 0.000000 1.000000
2451545.020674  8.2314697346e-01  1.000000 0.000000 0.000000  -0.000000 0.000000 1.000000
2451545.021341  8.0574839748e-01  1.000000 0.000000 0.000000  -0.000000 0.000000 1.000000
2451545.022008  7.8154583003e-01  1.000000 0.000000 0.000000  -0.000000 0.000000 1.000000
2451545.022674  7.6757478705e-01  1.000000 0.000000 0.000000  -0.000000 0.000000 1.000000
2451545.023341  7.5523136074e-01  1.000000 0.000000 0.000000  -0.000000 0.000000 1.000000
2451545.024008  7.3049343355e-01  1.000000 0.000000 0.000000  -0.000000 0.000000 1.000000
2451545.024675  7.2653607902e-01  1.000000 0.000000 0.000000  -0.000000 0.000000 1.000000
2451545.025342  7.2520629467e-01  1.000000 0.000000 0.000000  -0.000000 0.000000 1.000000
2451545.026009  7.2512076018e-01  1.000000 0.000000 0.000000  -0.000000 0.000000 1.000000
2451545.026676  7.2339037907e-01  1.000000 0.000000 0.000000  -0.000000 0.000000 1.000000
2451545.027343  7.2003299665e-01  1.000000 0.000000 0.000000  -0.000000 0.000000 1.000000
2451545.028010  7.2343899219e-01  1.000000 0.000000 0.000000  -0.000000 0.000000 1.000000
2451545.028677  7.3064173435e-01  1.000000 0.000000 0.000000  -0.000000 0.000000 1.000000
2451545.029343  7.4276117108e-01  1.000000 0.000000 0.000000  -0.000000 0.000000 1.000000
2451545.030010  7.4653761095e-01  1.000000 0.000000 0.000000  -0.000000 0.000000 1.000000
2451545.030677  7.4754433339e-01  1.000000 0.000000 0.000000  -0.000000 0.000000 1.000000
2451545.031344  7.5575933620e-01  1.000000 0.000000 0.000000  -0.000000 0.000000 1.000000
2451545.032011  7.6610162475e-01  1.000000 0.000000 0.000000  -0.000000 0.000000 1.000000
2451545.032678  7.7502121020e-01  1.000000 0.000000 0.000000  -0.000000 0.000000 1.000000
2451545.033345  7.8399371626e-01  1.000000 0.000000 0.000000  -0.000000 0.000000 1.000000
2451545.034012  7.9114969136e-01  1.000000 0.000000 0.000000  -0.000000 0.000000 1.000000
2451545.034679  7.9592239262e-01  1.000000 0.000000 0.000000  -0.000000 0.000000 1.000000
2451545.035345  8.1683772823e-01  1.000000 0.000000 0.000000  -0.000000 0.000000 1.000000
2451545.036012  8.1987389481e-01  1.000000 0.000000 0.000000  -0.000000 0.000000 1.000000
2451545.036679  8.1993666113e-01  1.000000 0.000000 0.000000  -0.000000 0.000000 1.000000
2451545.037346  8.2770122333e-01  1.000000 0.000000 0.000000  -0.000000 0.000000 1.000000
2451545.038013  8.2829627260e-01  1.000000 0.000000 0.000000  -0.000000 0.000000 1.000000
2451545.038680  8.2899162490e-01  1.000000 0.000000 0.000000  -0.000000 0.000000 1.000000
2451545.039347  8.1929115267e-01  1.000000 0.000000 0.000000  -0.000000 0.000000 1.000000
2451545.040014  8.1109522590e-01  1.000000 0.000000 0.000000  -0.000000 0.000000 1.000000
2451545.040681  8.0952976019e-01  1.000000 0.000000 0.000000  -0.000000 0.000000 1.000000
2451545.041348  8.1665865963e-01  1.000000 0.000000 0.000000  -0.000000 0.000000 1.000000
2451545.042014  8.1196349323e-01  1.000000 0.000000 0.000000  -0.000000 0.000000 1.000000
2451545.042681  8.0543271984e-01  1.000000 0.000000 0.000000  -0.000000 0.000000 1.000000
2451545.043348  7.9578639894e-01  1.000000 0.000000 0.000000  -0.000000 0.000000 1.000000
2451545.044015  7.9145921544e-01  1.000000 0.000000 0.000000  -0.000000 0.000000 1.000000
2451545.044682  7.8701819108e-01  1.000000 0.000000 0.000000  -0.000000 0.000000 1.000000
2451545.045349  7.7920624646e-01  1.000000 0.000000 0.000000  -0.000000 0.000000 1.000000
2451545.046016  7.7484521838e-01  1.000000 0.000000 0.000000  -0.000000 0.000000 1.000000
2451545.046683  7.7164413638e-01  1.000000 0.000000 0.000000  -0.000000 0.000000 1.000000
2451545.047350  7.6727449332e-01  1.000000 0.000000 0.000000  -0.000000 0.000000 1.000000
2451545.048017  7.6824060226e-01  1.000000 0.000000 0.000000  -0.000000 0.000000 1.000000
2451545.048683  7.5783985489e-01  1.000000 0.000000 0.000000  -0.000000 0.000000 1.000000
2451545.049350  7.5489045350e-01  1.000000 0.000000 0.000000  -0.000000 0.000000 1.000000
2451545.050017  7.5585471638e-01  1.000000 0.000000 0.000000  -0.000000 0.000000 1.000000
2451545.050684  7.4621454904e-01  1.000000 0.000000 0.000000  -0.000000 0.000000 1.000000
2451545.051351  7.4103263603e-01  1.000000 0.000000 0.000000  -0.000000 0.000000 1.000000
2451545.052018  7.3231488736e-01  1.000000 0.000000 0.000000  -0.000000 0.000000 1.000000
2451545.052685  7.3196228836e-01  1.000000 0.000000 0.000000  -0.000000 0.000000 1.000000
2451545.053352  7.2794770572e-01  1.000000 0.000000 0.000000  -0.000000 0.000000 1.000000
2451545.054019  7.2247411396e-01  1.000000 0.000000 0.000000  -0.000000 0.000000 1.000000
2451545.054685  7.0509646008e-01  1.000000 0.000000 0.000000  -0.000000 0.000000 1.000000
2451545.055352  6.9845738403e-01  1.000000 0.000000 0.000000  -0.000000 0.000000 1.000000
2451545.056019  6.9047621651e-01  1.000000 0.000000 0.000000  -0.000000 0.000000 1.000000
2451545.056686  6.8515461769e-01  1.000000 0.000000 0.000000  -0.000000 0.000000 1.000000
2451545.057353  6.7380006849e-01  1.000000 0.000000 0.000000  -0.000000 0.000000 1.000000
2451545.058020  6.6292180484e-01  1.000000 0.000000 0.000000  -0.000000 0.000000 1.000000
2451545.058687  6.4860739321e-01  1.000000 0.000000 0.000000  -0.000000 0.000000 1.000000
2451545.059354  6.4428882469e-01  1.000000 0.000000 0.000000  -0.000000 0.000000 1.000000
2451545.060021  6.3922075255e-01  1.000000 0.000000 0.000000  -0.000000 0.000000 1.000000
2451545.060688  6.3265305779e-01  1.000000 0.000000 0.000000  -0.000000 0.000000 1.000000
2451545.061354  6.3247091241e-01  1.000000 0.000000 0.000000  -0.000000 0.000000 1.000000
2451545.062021  6.3403391669e-01  1.000000 0.000000 0.000000  -0.000000 0.000000 1.000000
2451545.062688  6.4105328276e-01  1.000000 0.000000 0.000000  -0.000000 0.000000 1.000000
2451545.063355  6.4925843987e-01  1.000000 0.000000 0.000000  -0.000000 0.000000 1.000000
2451545.064022  6.5124480909e-01  1.000000 0.000000 0.000000  -0.000000 0.000000 1.000000
2451545.064689  6.7397298353e-01  1.000000 0.000000 0.000000  -0.000000 0.000000 1.000000
2451545.065356  6.8527645818e-01  1.000000 0.000000 0.000000  -0.000000 0.000000 1.000000
2451545.066023  6.9307424961e-01  1.000000 0.000000 0.000000  -0.000000 0.000000 1.000000
2451545.066690  7.0835107805e-01  1.000000 0.000000 0.000000  -0.000000 0.000000 1.000000
2451545.067356  7.2018560494e-01  1.000000 0.000000 0.000000  -0.000000 0.000000 1.000000
2451545.068023  7.3332160980e-01  1.000000 0.000000 0.000000  -0.000000 0.000000 1.000000
2451545.068690  7.5920594524e-01  1.000000 0.000000 0.000000  -0.000000 0.000000 1.000000
2451545.069357  7.7768508639e-01  1.000000 0.000000 0.000000  -0.000000 0.000000 1.000000
2451545.070024  7.9022419592e-01  1.000000 0.000000 0.000000  -0.000000 0.000000 1.000000
2451545.070691  8.0933776912e-01  1.000000 0.000000 0.000000  -0.000000 0.000000 1.000000
2451545.071358  8.2772029937e-01  1.000000 0.000000 0.000000  -0.000000 0.000000 1.000000
2451545.072025  8.5582791609e-01  1.000000 0.000000 0.000000  -0.000000 0.000000 1.000000
2451545.072692  8.7685093901e-01  1.000000 0.000000 0.000000  -0.000000 0.000000 1.000000
2451545.073359  8.9364215860e-01  1.000000 0.000000 0.000000  -0.000000 0.000000 1.000000
2451545.074025  9.1942926779e-01  1.000000 0.000000 0.000000  -0.000000 0.000000 1.000000
2451545.074692  9.3701429665e-01  1.000000 0.000000 0.000000  -0.000000 0.000000 1.000000
2451545.075359  9.5599864508e-01  1.000000 0.000000 0.000000  -0.000000 0.000000 1.000000
2451545.076026  9.8211004689e-01  1.000000 0.000000 0.000000  -0.000000 0.000000 1.000000
2451545.076693  9.9793946503e-01  1.000000 0.000000 0.000000  -0.000000 0.000000 1.000000
2451545.077360  1.0129904578e+00  1.000000 0.000000 0.000000  -0.000000 0.000000 1.000000
2451545.078027  1.0374065538e+00  1.000000 0.000000 0.000000  -0.000000 0.000000 1.000000
2451545.078694  1.0444006903e+00  1.000000 0.000000 0.000000  -0.000000 0.000000 1.000000
2451545.079361  1.0536211848e+00  1.000000 0.000000 0.000000  -0.000000 0.000000 1.000000
2451545.080028  1.0707908484e+00  1.000000 0.000000 0.000000  -0.000000 0.000000 1.000000
2451545.080694  1.0851674110e+00  1.000000 0.000000 0.000000  -0.000000 0.000000 1.000000
2451545.081361  1.0974997609e+00  1.000000 0.000000 0.000000  -0.000000 0.000000 1.000000
2451545.082028  1.1038742338e+00  1.000000 0.000000 0.000000  -0.000000 0.000000 1.000000
2451545.082695  1.1110609767e+00  1.000000 0.000000 0.000000  -0.000000 0.000000 1.000000
2451545.083362  1.1252073962e+00  1.000000 0.000000 0.000000  -0.000000 0.000000 1.000000
2451545.084029  1.1427044291e+00  1.000000 0.000000 0.000000  -0.000000 0.000000 1.000000
2451545.084696  1.1598273256e+00  1.000000 0.000000 0.000000  -0.000000 0.000000 1.000000
2451545.085363  1.1867479206e+00  1.000000 0.000000 0.000000  -0.000000 0.000000 1.000000
2451545.086030  1.2370083539e+00  1.000000 0.000000 0.000000  -0.000000 0.000000 1.000000
2451545.086696  1.2664980602e+00  1.000000 0.000000 0.000000  -0.000000 0.000000 1.000000
2451545.087363  1.3035264931e+00  1.000000 0.000000 0.000000  -0.000000 0.000000 1.000000
2451545.088030  1.3447418083e+00  1.000000 0.000000 0.000000  -0.000000 0.000000 1.000000
2451545.088697  1.3699098693e+00  1.000000 0.000000 0.000000  -0.000000 0.000000 1.000000
2451545.089364  1.3954268372e+00  1.000000 0.000000 0.000000  -0.000000 0.000000 1.000000
2451545.090031  1.4319857535e+00  1.000000 0.000000 0.000000  -0.000000 0.000000 1.000000
2451545.090698  1.4538075085e+00  1.000000 0.000000 0.000000  -0.000000 0.000000 1.000000
2451545.091365  1.4687102005e+00  1.000000 0.000000 0.000000  -0.000000 0.000000 1.000000
2451545.092032  1.4968547385e+00  1.000000 0.000000 0.000000  -0.000000 0.000000 1.000000
2451545.092699  1.5113322195e+00  1.000000 0.000000 0.000000  -0.000000 0.000000 1.000000
2451545.093365  1.5190506300e+00  1.000000 0.000000 0.000000  -0.000000 0.000000 1.000000
2451545.094032  1.5316746587e+00  1.000000 0.000000 0.000000  -0.000000 0.000000 1.000000
2451545.094699  1.5299787375e+00  1.000000 0.000000 0.000000  -0.000000 0.000000 1.000000
2451545.095366  1.5324241623e+00  1.000000 0.000000 0.000000  -0.000000 0.000000 1.000000
2451545.096033  1.5320752555e+00  1.000000 0.000000 0.000000  -0.000000 0.000000 1.000000
2451545.096700  1.5305651718e+00  1.000000 0.000000 0.000000  -0.000000 0.000000 1.000000
2451545.097367  1.5114866739e+00  1.000000 0.000000 0.000000  -0.000000 0.000000 1.000000
2451545.098034  1.5022711022e+00  1.000000 0.000000 0.000000  -0.000000 0.000000 1.000000
2451545.098701  1.4953114257e+00  1.000000 0.000000 0.000000  -0.000000 0.000000 1.000000
2451545.099367  1.4778537755e+00  1.000000 0.000000 0.000000  -0.000000 0.000000 1.000000
2451545.100034  1.4635541324e+00  1.000000 0.000000 0.000000  -0.000000 0.000000 1.000000
2451545.100701  1.4408302655e+00  1.000000 0.000000 0.000000  -0.000000 0.000000 1.000000
2451545.101368  1.4056214403e+00  1.000000 0.000000 0.000000  -0.000000 0.000000 1.000000
2451545.102035  1.3848987111e+00  1.000000 0.000000 0.000000  -0.000000 0.000000 1.000000
2451545.102702  1.3598844891e+00  1.000000 0.000000 0.000000  -0.000000 0.000000 1.000000
2451545.103369  1.3250461083e+00  1.000000 0.000000 0.000000  -0.000000 0.000000 1.000000
2451545.104036  1.3017653442e+00  1.000000 0.000000 0.000000  -0.000000 0.000000 1.000000
2451545.104703  1.2754311835e+00  1.000000 0.000000 0.000000  -0.000000 0.000000 1.000000
2451545.105370  1.2394685472e+00  1.000000 0.000000 0.000000  -0.000000 0.000000 1.000000
2451545.106036  1.2130426985e+00  1.000000 0.000000 0.000000  -0.000000 0.000000 1.000000
2451545.106703  1.1836680637e+00  1.000000 0.000000 0.000000  -0.000000 0.000000 1.000000
2451545.107370  1.1452378498e+00  1.000000 0.000000 0.000000  -0.000000 0.000000 1.000000
2451545.108037  1.1214457248e+00  1.000000 0.000000 0.000000  -0.000000 0.000000 1.000000
2451545.108704  1.0956204636e+00  1.000000 0.000000 0.000000  -0.000000 0.000000 1.000000
2451545.109371  1.0432567434e+00  1.000000 0.000000 0.000000  -0.000000 0.000000 1.000000
2451545.110038  1.0160943136e+00  1.000000 0.000000 0.000000  -0.000000 0.000000 1.000000
2451545.110705  9.8852759478e-01  1.000000 0.000000 0.000000  -0.000000 0.000000 1.000000
2451545.111372  9.5311816357e-01  1.000000 0.000000 0.000000  -0.000000 0.000000 1.000000
2451545.112039  9.2519392294e-01  1.000000 0.000000 0.000000  -0.000000 0.000000 1.000000
2451545.112705  9.0081228690e-01  1.000000 0.000000 0.000000  -0.000000 0.000000 1.000000
2451545.113372  8.8241191132e-01  1.000000 0.000000 0.000000  -0.000000 0.000000 1.000000
2451545.114039  8.8114120115e-01  1.000000 0.000000 0.000000  -0.000000 0.000000 1.000000
2451545.114706  8.7219023254e-01  1.000000 0.000000 0.000000  -0.000000 0.000000 1.000000
2451545.115373  8.7928221062e-01  1.000000 0.000000 0.000000  -0.000000 0.000000 1.000000
2451545.116040  8.7236314758e-01  1.000000 0.000000 0.000000  -0.000000 0.000000 1.000000
2451545.116707  8.7146534316e-01  1.000000 0.000000 0.000000  -0.000000 0.000000 1.000000
2451545.117374  8.7017494159e-01  1.000000 0.000000 0.000000  -0.000000 0.000000 1.000000
2451545.118041  8.5707708880e-01  1.000000 0.000000 0.000000  -0.000000 0.000000 1.000000
2451545.118707  8.5496887909e-01  1.000000 0.000000 0.000000  -0.000000 0.000000 1.000000
2451545.119374  8.5592083485e-01  1.000000 0.000000 0.000000  -0.000000 0.000000 1.000000
2451545.120041  8.5304958368e-01  1.000000 0.000000 0.000000  -0.000000 0.000000 1.000000
2451545.120708  8.5484580789e-01  1.000000 0.000000 0.000000  -0.000000 0.000000 1.000000
2451545.121375  8.5109336691e-01  1.000000 0.000000 0.000000  -0.000000 0.000000 1.000000
2451545.122042  8.4710093708e-01  1.000000 0.000000 0.000000  -0.000000 0.000000 1.000000
2451545.122709  8.4750768740e-01  1.000000 0.000000 0.000000  -0.000000 0.000000 1.000000
2451545.123376  8.4322111740e-01  1.000000 0.000000 0.000000  -0.000000 0.000000 1.000000
2451545.124043  8.3651681361e-01  1.000000 0.000000 0.000000  -0.000000 0.000000 1.000000
2451545.124710  8.1249946832e-01  1.000000 0.000000 0.000000  -0.000000 0.000000 1.000000
2451545.125376  8.0082862613e-01  1.000000 0.000000 0.000000  -0.000000 0.000000 1.000000
2451545.126043  7.8691358055e-01  1.000000 0.000000 0.000000  -0.000000 0.000000 1.000000
2451545.126710  7.6836182740e-01  1.000000 0.000000 0.000000  -0.000000 0.000000 1.000000
2451545.127377  7.4490814822e-01  1.000000 0.000000 0.000000  -0.000000 0.000000 1.000000
2451545.128044  7.2102064305e-01  1.000000 0.000000 0.000000  -0.000000 0.000000 1.000000
2451545.128711  6.8441619047e-01  1.000000 0.000000 0.000000  -0.000000 0.000000 1.000000
2451545.129378  6.5494863695e-01  1.000000 0.000000 0.000000  -0.000000 0.000000 1.000000
2451545.130045  6.2879785236e-01  1.000000 0.000000 0.000000  -0.000000 0.000000 1.000000
2451545.130712  5.9038240702e-01  1.000000 0.000000 0.000000  -0.000000 0.000000 1.000000
2451545.131378  5.7235801397e-01  1.000000 0.000000 0.000000  -0.000000 0.000000 1.000000
2451545.132045  5.6756808274e-01  1.000000 0.000000 0.000000  -0.000000 0.000000 1.000000
2451545.132712  5.6555463786e-01  1.000000 0.000000 0.000000  -0.000000 0.000000 1.000000
2451545.133379  5.6626845084e-01  1.000000 0.000000 0.000000  -0.000000 0.000000 1.000000
2451545.134046  5.6646905690e-01  1.000000 0.000000 0.000000  -0.000000 0.000000 1.000000
2451545.134713  5.7743839323e-01  1.000000 0.000000 0.000000  -0.000000 0.000000 1.000000
2451545.135380  5.8920153882e-01  1.000000 0.000000 0.000000  -0.000000 0.000000 1.000000
2451545.136047  6.1601690791e-01  1.000000 0.000000 0.000000  -0.000000 0.000000 1.000000
2451545.136714  6.7207091808e-01  1.000000 0.000000 0.000000  -0.000000 0.000000 1.000000
2451545.137381  7.0627855899e-01  1.000000 0.000000 0.000000  -0.000000 0.000000 1.000000
2451545.138047  7.5923548233e-01  1.000000 0.000000 0.000000  -0.000000 0.000000 1.000000
2451545.138714  8.6556900182e-01  1.000000 0.000000 0.000000  -0.000000 0.000000 1.000000
2451545.139381  9.5868528945e-01  1.000000 0.000000 0.000000  -0.000000 0.000000 1.000000
2451545.140048  1.0512969851e+00  1.000000 0.000000 0.000000  -0.000000 0.000000 1.000000
2451545.140715  1.1826582645e+00  1.000000 0.000000 0.000000  -0.000000 0.000000 1.000000
2451545.141382  1.2745715311e+00  1.000000 0.000000 0.000000  -0.000000 0.000000 1.000000
2451545.142049  1.3669500069e+00  1.000000 0.000000 0.000000  -0.000000 0.000000 1.000000
2451545.142716  1.5047977540e+00  1.000000 0.000000 0.000000  -0.000000 0.000000 1.000000
2451545.143383  1.5807191485e+00  1.000000 0.000000 0.000000  -0.000000 0.000000 1.000000
2451545.144050  1.6906955756e+00  1.000000 0.000000 0.000000  -0.000000 0.000000 1.000000
2451545.144716  1.7659105414e+00  1.000000 0.000000 0.000000  -0.000000 0.000000 1.000000
2451545.145383  1.8413138061e+00  1.000000 0.000000 0.000000  -0.000000 0.000000 1.000000
2451545.146050  1.9390489560e+00  1.000000 0.000000 0.000000  -0.000000 0.000000 1.000000
2451545.146717  1.9939307129e+00  1.000000 0.000000 0.000000  -0.000000 0.000000 1.000000
2451545.147384  2.0464655020e+00  1.000000 0.000000 0.000000  -0.000000 0.000000 1.000000
2451545.148051  2.1087161473e+00  1.000000 0.000000 0.000000  -0.000000 0.000000 1.000000
2451545.148718  2.1440615815e+00  1.000000 0.000000 0.000000  -0.000000 0.000000 1.000000
2451545.149385  2.1735469803e+00  1.000000 0.000000 0.000000  -0.000000 0.000000 1.000000
2451545.150052  2.2161960750e+00  1.000000 0.000000 0.000000  -0.000000 0.000000 1.000000
2451545.150718  2.2368289622e+00  1.000000 0.000000 0.000000  -0.000000 0.000000 1.000000
2451545.151385  2.2505077111e+00  1.000000 0.000000 0.000000  -0.000000 0.000000 1.000000
2451545.152052  2.2476635356e+00  1.000000 0.000000 0.000000  -0.000000 0.000000 1.000000
2451545.152719  2.2527894512e+00  1.000000 0.000000 0.000000  -0.000000 0.000000 1.000000
2451545.153386  2.2469478766e+00  1.000000 0.000000 0.000000  -0.000000 0.000000 1.000000
2451545.154053  2.2489287076e+00  1.000000 0.000000 0.000000  -0.000000 0.000000 1.000000
2451545.154720  2.2408989269e+00  1.000000 0.000000 0.000000  -0.000000 0.000000 1.000000
2451545.155387  2.2279118382e+00  1.000000 0.000000 0.000000  -0.000000 0.000000 1.000000
2451545.156054  2.2035652775e+00  1.000000 0.000000 0.000000  -0.000000 0.000000 1.000000
2451545.156721  2.1933823661e+00  1.000000 0.000000 0.000000  -0.000000 0.000000 1.000000
2451545.157387  2.1704966605e+00  1.000000 0.000000 0.000000  -0.000000 0.000000 1.000000
2451545.158054  2.1547915443e+00  1.000000 0.000000 0.000000  -0.000000 0.000000 1.000000
2451545.158721  2.1307606612e+00  1.000000 0.000000 0.000000  -0.000000 0.000000 1.000000
2451545.159388  2.1161379562e+00  1.000000 0.000000 0.000000  -0.000000 0.000000 1.000000
2451545.160055  2.0893447399e+00  1.000000 0.000000 0.000000  -0.000000 0.000000 1.000000
2451545.160722  2.0776671288e+00  1.000000 0.000000 0.000000  -0.000000 0.000000 1.000000
2451545.161389  2.0597664223e+00  1.000000 0.000000 0.000000  -0.000000 0.000000 1.000000
2451545.162056  2.0407826892e+00  1.000000 0.000000 0.000000  -0.000000 0.000000 1.000000
2451545.162723  2.0218057251e+00  1.000000 0.000000 0.000000  -0.000000 0.000000 1.000000
2451545.163389  2.0016202017e+00  1.000000 0.000000 0.000000  -0.000000 0.000000 1.000000
2451545.164056  1.9676937785e+00  1.000000 0.000000 0.000000  -0.000000 0.000000 1.000000
2451545.164723  1.9428764704e+00  1.000000 0.000000 0.000000  -0.000000 0.000000 1.000000
2451545.165390  1.9131966190e+00  1.000000 0.000000 0.000000  -0.000000 0.000000 1.000000
2451545.166057  1.8725468160e+00  1.000000 0.000000 0.000000  -0.000000 0.000000 1.000000
2451545.166724  1.8381939511e+00  1.000000 0.000000 0.000000  -0.000000 0.000000 1.000000
2451545.167391  1.8017039547e+00  1.000000 0.000000 0.000000  -0.000000 0.000000 1.000000
2451545.168058  1.7390034842e+00  1.000000 0.000000 0.000000  -0.000000 0.000000 1.000000
2451545.168725  1.7021602735e+00  1.000000 0.000000 0.000000  -0.000000 0.000000 1.000000
2451545.169392  1.6475308125e+00  1.000000 0.000000 0.000000  -0.000000 0.000000 1.000000
2451545.170058  1.6078643484e+00  1.000000 0.000000 0.000000  -0.000000 0.000000 1.000000
2451545.170725  1.5619514054e+00  1.000000 0.000000 0.000000  -0.000000 0.000000 1.000000
2451545.171392  1.4948394476e+00  1.000000 0.000000 0.000000  -0.000000 0.000000 1.000000
2451545.172059  1.4428467871e+00  1.000000 0.000000 0.000000  -0.000000 0.000000 1.000000
2451545.172726  1.3956409811e+00  1.000000 0.000000 0.000000  -0.000000 0.000000 1.000000
2451545.173393  1.3161702131e+00  1.000000 0.000000 0.000000  -0.000000 0.000000 1.000000
2451545.174060  1.2665731336e+00  1.000000 0.000000 0.000000  -0.000000 0.000000 1.000000
2451545.174727  1.2170289747e+00  1.000000 0.000000 0.000000  -0.000000 0.000000 1.000000
2451545.175394  1.1506486753e+00  1.000000 0.000000 0.000000  -0.000000 0.000000 1.000000
2451545.176061  1.1095047414e+00  1.000000 0.000000 0.000000  -0.000000 0.000000 1.000000
2451545.176727  1.0687417128e+00  1.000000 0.000000 0.000000  -0.000000 0.000000 1.000000
2451545.177394  1.0104576525e+00  1.000000 0.000000 0.000000  -0.000000 0.000000 1.000000
2451545.178061  9.7446424840e-01  1.000000 0.000000 0.000000  -0.000000 0.000000 1.000000
2451545.178728  9.3594603860e-01  1.000000 0.000000 0.000000  -0.000000 0.000000 1.000000
2451545.179395  8.7797396373e-01  1.000000 0.000000 0.000000  -0.000000 0.000000 1.000000
2451545.180062  8.3751922856e-01  1.000000 0.000000 0.000000  -0.000000 0.000000 1.000000
2451545.180729  8.0249993307e-01  1.000000 0.000000 0.000000  -0.000000 0.000000 1.000000
2451545.181396  7.6020159127e-01  1.000000 0.000000 0.000000  -0.000000 0.000000 1.000000
2451545.182063  7.3372959084e-01  1.000000 0.000000 0.000000  -0.000000 0.000000 1.000000
2451545.182729  7.1825830990e-01  1.000000 0.000000 0.000000  -0.000000 0.000000 1.000000
2451545.183396  7.0024807003e-01  1.000000 0.000000 0.000000  -0.000000 0.000000 1.000000
2451545.184063  6.8903443736e-01  1.000000 0.000000 0.000000  -0.000000 0.000000 1.000000
2451545.184730  6.7890936948e-01  1.000000 0.000000 0.000000  -0.000000 0.000000 1.000000
2451545.185397  6.5989240718e-01  1.000000 0.000000 0.000000  -0.000000 0.000000 1.000000
2451545.186064  6.4857785612e-01  1.000000 0.000000 0.000000  -0.000000 0.000000 1.000000
2451545.186731  6.4104343707e-01  1.000000 0.000000 0.000000  -0.000000 0.000000 1.000000
2451545.187398  6.2708162443e-01  1.000000 0.000000 0.000000  -0.000000 0.000000 1.000000
2451545.188065  6.2823480160e-01  1.000000 0.000000 0.000000  -0.000000 0.000000 1.000000
2451545.188732  6.2550446696e-01  1.000000 0.000000 0.000000  -0.000000 0.000000 1.000000
2451545.189398  6.3538523850e-01  1.000000 0.000000 0.000000  -0.000000 0.000000 1.000000
2451545.190065  6.4006317493e-01  1.000000 0.000000 0.000000  -0.000000 0.000000 1.000000
2451545.190732  6.4659517904e-01  1.000000 0.000000 0.000000  -0.000000 0.000000 1.000000
2451545.191399  6.5946227332e-01  1.000000 0.000000 0.000000  -0.000000 0.000000 1.000000
2451545.192066  6.6556968178e-01  1.000000 0.000000 0.000000  -0.000000 0.000000 1.000000
2451545.192733  6.8195230498e-01  1.000000 0.000000 0.000000  -0.000000 0.000000 1.000000
2451545.193400  6.8858707354e-01  1.000000 0.000000 0.000000  -0.000000 0.000000 1.000000
2451545.194067  6.9457202615e-01  1.000000 0.000000 0.000000  -0.000000 0.000000 1.000000
2451545.194734  6.9748266010e-01  1.000000 0.000000 0.000000  -0.000000 0.000000 1.000000
2451545.195400  7.0324546919e-01  1.000000 0.000000 0.000000  -0.000000 0.000000 1.000000
2451545.196067  7.0898304868e-01  1.000000 0.000000 0.000000  -0.000000 0.000000 1.000000
2451545.196734  7.1416250026e-01  1.000000 0.000000 0.000000  -0.000000 0.000000 1.000000
2451545.197401  7.1593226416e-01  1.000000 0.000000 0.000000  -0.000000 0.000000 1.000000
2451545.198068  7.1771802732e-01  1.000000 0.000000 0.000000  -0.000000 0.000000 1.000000
2451545.198735  7.2350483529e-01  1.000000 0.000000 0.000000  -0.000000 0.000000 1.000000
2451545.199402  7.2792124541e-01  1.000000 0.000000 0.000000  -0.000000 0.000000 1.000000
2451545.200069  7.2811015971e-01  1.000000 0.000000 0.000000  -0.000000 0.000000 1.000000
2451545.200736  7.3620886023e-01  1.000000 0.000000 0.000000  -0.000000 0.000000 1.000000
2451545.201403  7.3537320676e-01  1.000000 0.000000 0.000000  -0.000000 0.000000 1.000000
2451545.202069  7.3817184592e-01  1.000000 0.000000 0.000000  -0.000000 0.000000 1.000000
2451545.202736  7.4490568680e-01  1.000000 0.000000 0.000000  -0.000000 0.000000 1.000000
2451545.203403  7.4695359161e-01  1.000000 0.000000 0.000000  -0.000000 0.000000 1.000000
2451545.204070  7.4329160797e-01  1.000000 0.000000 0.000000  -0.000000 0.000000 1.000000
2451545.204737  7.3948932315e-01  1.000000 0.000000 0.000000  -0.000000 0.000000 1.000000
2451545.205404  7.3256902940e-01  1.000000 0.000000 0.000000  -0.000000 0.000000 1.000000
2451545.206071  7.2705297807e-01  1.000000 0.000000 0.000000  -0.000000 0.000000 1.000000
2451545.206738  7.1908104089e-01  1.000000 0.000000 0.000000  -0.000000 0.000000 1.000000
2451545.207405  7.1408619611e-01  1.000000 0.000000 0.000000  -0.000000 0.000000 1.000000
2451545.208072  7.0878736546e-01  1.000000 0.000000 0.000000  -0.000000 0.000000 1.000000
2451545.208738  6.9409635595e-01  1.000000 0.000000 0.000000  -0.000000 0.000000 1.000000
2451545.209405  6.8841969670e-01  1.000000 0.000000 0.000000  -0.000000 0.000000 1.000000
2451545.210072  6.7958133825e-01  1.000000 0.000000 0.000000  -0.000000 0.000000 1.000000
2451545.210739  6.5907459903e-01  1.000000 0.000000 0.000000  -0.000000 0.000000 1.000000
2451545.211406  6.5200354306e-01  1.000000 0.000000 0.000000  -0.000000 0.000000 1.000000
2451545.212073  6.4839694145e-01  1.000000 0.000000 0.000000  -0.000000 0.000000 1.000000
2451545.212740  6.4905044954e-01  1.000000 0.000000 0.000000  -0.000000 0.000000 1.000000
2451545.213407  6.4187662911e-01  1.000000 0.000000 0.000000  -0.000000 0.000000 1.000000
2451545.214074  6.4515216918e-01  1.000000 0.000000 0.000000  -0.000000 0.000000 1.000000
2451545.214740  6.2831664395e-01  1.000000 0.000000 0.000000  -0.000000 0.000000 1.000000
2451545.215407  6.3319703251e-01  1.000000 0.000000 0.000000  -0.000000 0.000000 1.000000
2451545.216074  6.2416975976e-01  1.000000 0.000000 0.000000  -0.000000 0.000000 1.000000
2451545.216741  6.2578876144e-01  1.000000 0.000000 0.000000  -0.000000 0.000000 1.000000
2451545.217408  6.2517771292e-01  1.000000 0.000000 0.000000  -0.000000 0.000000 1.000000
2451545.218075  6.3226107601e-01  1.000000 0.000000 0.000000  -0.000000 0.000000 1.000000
2451545.218742  6.3528493547e-01  1.000000 0.000000 0.000000  -0.000000 0.000000 1.000000
2451545.219409  6.3189555454e-01  1.000000 0.000000 0.000000  -0.000000 0.000000 1.000000
2451545.220076  6.3545354302e-01  1.000000 0.000000 0.000000  -0.000000 0.000000 1.000000
2451545.220743  6.3927490388e-01  1.000000 0.000000 0.000000  -0.000000 0.000000 1.000000
2451545.221409  6.4206308198e-01  1.000000 0.000000 0.000000  -0.000000 0.000000 1.000000
2451545.222076  6.4974764791e-01  1.000000 0.000000 0.000000  -0.000000 0.000000 1.000000
2451545.222743  6.4206123592e-01  1.000000 0.000000 0.000000  -0.000000 0.000000 1.000000
2451545.223410  6.4293688753e-01  1.000000 0.000000 0.000000  -0.000000 0.000000 1.000000
2451545.224077  6.5876261353e-01  1.000000 0.000000 0.000000  -0.000000 0.000000 1.000000
2451545.224744  6.5647779665e-01  1.000000 0.000000 0.000000  -0.000000 0.000000 1.000000
2451545.225411  6.5566121922e-01  1.000000 0.000000 0.000000  -0.000000 0.000000 1.000000
2451545.226078  6.5174078604e-01  1.000000 0.000000 0.000000  -0.000000 0.000000 1.000000
2451545.226745  6.5294688383e-01  1.000000 0.000000 0.000000  -0.000000 0.000000 1.000000
2451545.227411  6.5331486673e-01  1.000000 0.000000 0.000000  -0.000000 0.000000 1.000000
2451545.228078  6.6361408036e-01  1.000000 0.000000 0.000000  -0.000000 0.000000 1.000000
2451545.228745  6.6084128615e-01  1.000000 0.000000 0.000000  -0.000000 0.000000 1.000000
2451545.229412  6.6097420305e-01  1.000000 0.000000 0.000000  -0.000000 0.000000 1.000000
2451545.230079  6.6063575725e-01  1.000000 0.000000 0.000000  -0.000000 0.000000 1.000000
2451545.230746  6.6393098871e-01  1.000000 0.000000 0.000000  -0.000000 0.000000 1.000000
2451545.231413  6.6526508055e-01  1.000000 0.000000 0.000000  -0.000000 0.000000 1.000000
2451545.232080  6.7356746391e-01  1.000000 0.000000 0.000000  -0.000000 0.000000 1.000000
2451545.232747  6.7651378851e-01  1.000000 0.000000 0.000000  -0.000000 0.000000 1.000000
2451545.233414  6.8566967067e-01  1.000000 0.000000 0.000000  -0.000000 0.000000 1.000000
2451545.234080  6.9350499882e-01  1.000000 0.000000 0.000000  -0.000000 0.000000 1.000000
2451545.234747  7.0675484454e-01  1.000000 0.000000 0.000000  -0.000000 0.000000 1.000000
2451545.235414  7.2084526659e-01  1.000000 0.000000 0.000000  -0.000000 0.000000 1.000000
2451545.236081  7.4109417163e-01  1.000000 0.000000 0.000000  -0.000000 0.000000 1.000000
2451545.236748  7.4878673719e-01  1.000000 0.000000 0.000000  -0.000000 0.000000 1.000000
2451545.237415  7.5885765374e-01  1.000000 0.000000 0.000000  -0.000000 0.000000 1.000000
2451545.238082  7.7114569801e-01  1.000000 0.000000 0.000000  -0.000000 0.000000 1.000000
2451545.238749  7.8466691574e-01  1.000000 0.000000 0.000000  -0.000000 0.000000 1.000000
2451545.239416  8.0234855549e-01  1.000000 0.000000 0.000000  -0.000000 0.000000 1.000000
360  1
2451545.000000  1.2493514516e+00  1.000000 0.000000 0.000000  -0.000000 0.000000 -1.000000
2451545.000667  1.2518133264e+00  1.000000 0.000000 0.000000  -0.000000 0.000000 -1.000000
2451545.001334  1.2471402333e+00  1.000000 0.000000 0.000000  -0.000000 0.000000 -1.000000
2451545.002001  1.2469566128e+00  1.000000 0.000000 0.000000  -0.000000 0.000000 -1.000000
2451545.002668  1.2408349579e+00  1.000000 0.000000 0.000000  -0.000000 0.000000 -1.000000
2451545.003334  1.2214775683e+00  1.000000 0.000000 0.000000  -0.000000 0.000000 -1.000000
2451545.004001  1.2175360425e+00  1.000000 0.000000 0.000000  -0.000000 0.000000 -1.000000
2451545.004668  1.2077235184e+00  1.000000 0.000000 0.000000  -0.000000 0.000000 -1.000000
2451545.005335  1.1997952905e+00  1.000000 0.000000 0.000000  -0.000000 0.000000 -1.000000
2451545.006002  1.1825038743e+00  1.000000 0.000000 0.000000  -0.000000 0.000000 -1.000000
2451545.006669  1.1695105380e+00  1.000000 0.000000 0.000000  -0.000000 0.000000 -1.000000
2451545.007336  1.1634709780e+00  1.000000 0.000000 0.000000  -0.000000 0.000000 -1.000000
2451545.008003  1.1477218769e+00  1.000000 0.000000 0.000000  -0.000000 0.000000 -1.000000
2451545.008670  1.1388546583e+00  1.000000 0.000000 0.000000  -0.000000 0.000000 -1.000000
2451545.009337  1.1210852460e+00  1.000000 0.000000 0.000000  -0.000000 0.000000 -1.000000
2451545.010003  1.1088701108e+00  1.000000 0.000000 0.000000  -0.000000 0.000000 -1.000000
2451545.010670  1.1030452605e+00  1.000000 0.000000 0.000000  -0.000000 0.000000 -1.000000
2451545.011337  1.0955896853e+00  1.000000 0.000000 0.000000  -0.000000 0.000000 -1.000000
2451545.012004  1.0666918019e+00  1.000000 0.000000 0.000000  -0.000000 0.000000 -1.000000
2451545.012671  1.0544353765e+00  1.000000 0.000000 0.000000  -0.000000 0.000000 -1.000000
2451545.013338  1.0390267991e+00  1.000000 0.000000 0.000000  -0.000000 0.000000 -1.000000
2451545.014005  1.0221458573e+00  1.000000 0.000000 0.000000  -0.000000 0.000000 -1.000000
2451545.014672  1.0078220010e+00  1.000000 0.000000 0.000000  -0.000000 0.000000 -1.000000
2451545.015339  9.9160899097e-01  1.000000 0.000000 0.000000  -0.000000 0.000000 -1.000000
2451545.016006  9.5926700881e-01  1.000000 0.000000 0.000000  -0.000000 0.000000 -1.000000
2451545.016672  9.4303602533e-01  1.000000 0.000000 0.000000  -0.000000 0.000000 -1.000000
2451545.017339  9.3629307253e-01  1.000000 0.000000 0.000000  -0.000000 0.000000 -1.000000
2451545.018006  9.1445777765e-01  1.000000 0.000000 0.000000  -0.000000 0.000000 -1.000000
2451545.018673  8.9808300668e-01  1.000000 0.000000 0.000000  -0.000000 0.000000 -1.000000
2451545.019340  8.7716921468e-01  1.000000 0.000000 0.000000  -0.000000 0.000000 -1.000000
2451545.020007  8.4827764631e-01  1.000000 0.000000 0.000000  -0.000000 0.000000 -1.000000
2451545.020674  8.3884936514e-01  1.000000 0.000000 0.000000  -0.000000 0.000000 -1.000000
2451545.021341  8.2772915223e-01  1.000000 0.000000 0.000000  -0.000000 0.000000 -1.000000
2451545.022008  8.1271599042e-01  1.000000 0.000000 0.000000  -0.000000 0.000000 -1.000000
2451545.022674  8.0149425188e-01  1.000000 0.000000 0.000000  -0.000000 0.000000 -1.000000
2451545.023341  7.9813370528e-01  1.000000 0.000000 0.000000  -0.000000 0.000000 -1.000000
2451545.024008  7.9619451735e-01  1.000000 0.000000 0.000000  -0.000000 0.000000 -1.000000
2451545.024675  7.9180268418e-01  1.000000 0.000000 0.000000  -0.000000 0.000000 -1.000000
2451545.025342  7.9789373563e-01  1.000000 0.000000 0.000000  -0.000000 0.000000 -1.000000
2451545.026009  7.9661324982e-01  1.000000 0.000000 0.000000  -0.000000 0.000000 -1.000000
2451545.026676  8.0121104884e-01  1.000000 0.000000 0.000000  -0.000000 0.000000 -1.000000
2451545.027343  7.9787187605e-01  1.000000 0.000000 0.000000  -0.000000 0.000000 -1.000000
2451545.028010  8.0086372435e-01  1.000000 0.000000 0.000000  -0.000000 0.000000 -1.000000
2451545.028677  8.0653895794e-01  1.000000 0.000000 0.000000  -0.000000 0.000000 -1.000000
2451545.029343  8.2020216905e-01  1.000000 0.000000 0.000000  -0.000000 0.000000 -1.000000
2451545.030010  8.2592403642e-01  1.000000 0.000000 0.000000  -0.000000 0.000000 -1.000000
2451545.030677  8.2758245014e-01  1.000000 0.000000 0.000000  -0.000000 0.000000 -1.000000
2451545.031344  8.2558739884e-01  1.000000 0.000000 0.000000  -0.000000 0.000000 -1.000000
2451545.032011  8.2459400222e-01  1.000000 0.000000 0.000000  -0.000000 0.000000 -1.000000
2451545.032678  8.2121936832e-01  1.000000 0.000000 0.000000  -0.000000 0.000000 -1.000000
2451545.033345  8.1348010429e-01  1.000000 0.000000 0.000000  -0.000000 0.000000 -1.000000
2451545.034012  8.0551981559e-01  1.000000 0.000000 0.000000  -0.000000 0.000000 -1.000000
2451545.034679  7.9684398986e-01  1.000000 0.000000 0.000000  -0.000000 0.000000 -1.000000
2451545.035345  7.8609150372e-01  1.000000 0.000000 0.000000  -0.000000 0.000000 -1.000000
2451545.036012  7.8079371226e-01  1.000000 0.000000 0.000000  -0.000000 0.000000 -1.000000
2451545.036679  7.6832306287e-01  1.000000 0.000000 0.000000  -0.000000 0.000000 -1.000000
2451545.037346  7.5787029590e-01  1.000000 0.000000 0.000000  -0.000000 0.000000 -1.000000
2451545.038013  7.6083591270e-01  1.000000 0.000000 0.000000  -0.000000 0.000000 -1.000000
2451545.038680  7.5767598850e-01  1.000000 0.000000 0.000000  -0.000000 0.000000 -1.000000
2451545.039347  7.4617444730e-01  1.000000 0.000000 0.000000  -0.000000 0.000000 -1.000000
2451545.040014  7.4281487223e-01  1.000000 0.000000 0.000000  -0.000000 0.000000 -1.000000
2451545.040681  7.3672527809e-01  1.000000 0.000000 0.000000  -0.000000 0.000000 -1.000000
2451545.041348  7.4029421939e-01  1.000000 0.000000 0.000000  -0.000000 0.000000 -1.000000
2451545.042014  7.3780271266e-01  1.000000 0.000000 0.000000  -0.000000 0.000000 -1.000000
2451545.042681  7.3635123633e-01  1.000000 0.000000 0.000000  -0.000000 0.000000 -1.000000
2451545.043348  7.2548167997e-01  1.000000 0.000000 0.000000  -0.000000 0.000000 -1.000000
2451545.044015  7.2859837078e-01  1.000000 0.000000 0.000000  -0.000000 0.000000 -1.000000
2451545.044682  7.2685640488e-01  1.000000 0.000000 0.000000  -0.000000 0.000000 -1.000000
2451545.045349  7.3679279991e-01  1.000000 0.000000 0.000000  -0.000000 0.000000 -1.000000
2451545.046016  7.3594804846e-01  1.000000 0.000000 0.000000  -0.000000 0.000000 -1.000000
2451545.046683  7.3553028753e-01  1.000000 0.000000 0.000000  -0.000000 0.000000 -1.000000
2451545.047350  7.3642750198e-01  1.000000 0.000000 0.000000  -0.000000 0.000000 -1.000000
2451545.048017  7.3771138818e-01  1.000000 0.000000 0.000000  -0.000000 0.000000 -1.000000
2451545.048683  7.4116860272e-01  1.000000 0.000000 0.000000  -0.000000 0.000000 -1.000000
2451545.049350  7.4440722143e-01  1.000000 0.000000 0.000000  -0.000000 0.000000 -1.000000
2451545.050017  7.4500811709e-01  1.000000 0.000000 0.000000  -0.000000 0.000000 -1.000000
2451545.050684  7.4007125164e-01  1.000000 0.000000 0.000000  -0.000000 0.000000 -1.000000
2451545.051351  7.3864454950e-01  1.000000 0.000000 0.000000  -0.000000 0.000000 -1.000000
2451545.052018  7.3846141477e-01  1.000000 0.000000 0.000000  -0.000000 0.000000 -1.000000
2451545.052685  7.4031656474e-01  1.000000 0.000000 0.000000  -0.000000 0.000000 -1.000000
2451545.053352  7.4314276598e-01  1.000000 0.000000 0.000000  -0.000000 0.000000 -1.000000
2451545.054019  7.4713869780e-01  1.000000 0.000000 0.000000  -0.000000 0.000000 -1.000000
2451545.054685  7.4056430668e-01  1.000000 0.000000 0.000000  -0.000000 0.000000 -1.000000
2451545.055352  7.4588590080e-01  1.000000 0.000000 0.000000  -0.000000 0.000000 -1.000000
2451545.056019  7.5489642104e-01  1.000000 0.000000 0.000000  -0.000000 0.000000 -1.000000
2451545.056686  7.7250310097e-01  1.000000 0.000000 0.000000  -0.000000 0.000000 -1.000000
2451545.057353  7.7637661913e-01  1.000000 0.000000 0.000000  -0.000000 0.000000 -1.000000
2451545.058020  7.8487659666e-01  1.000000 0.000000 0.000000  -0.000000 0.000000 -1.000000
2451545.058687  7.9278976581e-01  1.000000 0.000000 0.000000  -0.000000 0.000000 -1.000000
2451545.059354  7.9932140930e-01  1.000000 0.000000 0.000000  -0.000000 0.000000 -1.000000
2451545.060021  8.0157731830e-01  1.000000 0.000000 0.000000  -0.000000 0.000000 -1.000000
2451545.060688  8.0931318195e-01  1.000000 0.000000 0.000000  -0.000000 0.000000 -1.000000
2451545.061354  8.1155063174e-01  1.000000 0.000000 0.000000  -0.000000 0.000000 -1.000000
2451545.062021  8.1421555783e-01  1.000000 0.000000 0.000000  -0.000000 0.000000 -1.000000
2451545.062688  8.2175371369e-01  1.000000 0.000000 0.000000  -0.000000 0.000000 -1.000000
2451545.063355  8.2334752020e-01  1.000000 0.000000 0.000000  -0.000000 0.000000 -1.000000
2451545.064022  8.2453862460e-01  1.000000 0.000000 0.000000  -0.000000 0.000000 -1.000000
2451545.064689  8.2734490933e-01  1.000000 0.000000 0.000000  -0.000000 0.000000 -1.000000
2451545.065356  8.3217296263e-01  1.000000 0.000000 0.000000  -0.000000 0.000000 -1.000000
2451545.066023  8.2986070449e-01  1.000000 0.000000 0.000000  -0.000000 0.000000 -1.000000
2451545.066690  8.2121839679e-01  1.000000 0.000000 0.000000  -0.000000 0.000000 -1.000000
2451545.067356  8.1657444975e-01  1.000000 0.000000 0.000000  -0.000000 0.000000 -1.000000
2451545.068023  8.1612025619e-01  1.000000 0.000000 0.000000  -0.000000 0.000000 -1.000000
2451545.068690  8.1875555040e-01  1.000000 0.000000 0.000000  -0.000000 0.000000 -1.000000
2451545.069357  8.1696403611e-01  1.000000 0.000000 0.000000  -0.000000 0.000000 -1.000000
2451545.070024  8.2051646128e-01  1.000000 0.000000 0.000000  -0.000000 0.000000 -1.000000
2451545.070691  8.1625772868e-01  1.000000 0.000000 0.000000  -0.000000 0.000000 -1.000000
2451545.071358  8.2247945186e-01  1.000000 0.000000 0.000000  -0.000000 0.000000 -1.000000
2451545.072025  8.2251442719e-01  1.000000 0.000000 0.000000  -0.000000 0.000000 -1.000000
2451545.072692  8.3304734596e-01  1.000000 0.000000 0.000000  -0.000000 0.000000 -1.000000
2451545.073359  8.3717297799e-01  1.000000 0.000000 0.000000  -0.000000 0.000000 -1.000000
2451545.074025  8.4479274296e-01  1.000000 0.000000 0.000000  -0.000000 0.000000 -1.000000
2451545.074692  8.5490304312e-01  1.000000 0.000000 0.000000  -0.000000 0.000000 -1.000000
2451545.075359  8.5782251191e-01  1.000000 0.000000 0.000000  -0.000000 0.000000 -1.000000
2451545.076026  8.6655808717e-01  1.000000 0.000000 0.000000  -0.000000 0.000000 -1.000000
2451545.076693  8.7510324117e-01  1.000000 0.000000 0.000000  -0.000000 0.000000 -1.000000
2451545.077360  8.7960534379e-01  1.000000 0.000000 0.000000  -0.000000 0.000000 -1.000000
2451545.078027  8.8080179165e-01  1.000000 0.000000 0.000000  -0.000000 0.000000 -1.000000
2451545.078694  8.8491139332e-01  1.000000 0.000000 0.000000  -0.000000 0.000000 -1.000000
2451545.079361  8.9603743545e-01  1.000000 0.000000 0.000000  -0.000000 0.000000 -1.000000
2451545.080028  9.0787901461e-01  1.000000 0.000000 0.000000  -0.000000 0.000000 -1.000000
2451545.080694  9.1858195237e-01  1.000000 0.000000 0.000000  -0.000000 0.000000 -1.000000
2451545.081361  9.2910564154e-01  1.000000 0.000000 0.000000  -0.000000 0.000000 -1.000000
2451545.082028  9.4469006713e-01  1.000000 0.000000 0.000000  -0.000000 0.000000 -1.000000
2451545.082695  9.5227922868e-01  1.000000 0.000000 0.000000  -0.000000 0.000000 -1.000000
2451545.083362  9.6369624616e-01  1.000000 0.000000 0.000000  -0.000000 0.000000 -1.000000
2451545.084029  9.8194559784e-01  1.000000 0.000000 0.000000  -0.000000 0.000000 -1.000000
2451545.084696  9.9146811810e-01  1.000000 0.000000 0.000000  -0.000000 0.000000 -1.000000
2451545.085363  9.9523476719e-01  1.000000 0.000000 0.000000  -0.000000 0.000000 -1.000000
2451545.086030  9.8985536662e-01  1.000000 0.000000 0.000000  -0.000000 0.000000 -1.000000
2451545.086696  9.9226380693e-01  1.000000 0.000000 0.000000  -0.000000 0.000000 -1.000000
2451545.087363  9.9366962102e-01  1.000000 0.000000 0.000000  -0.000000 0.000000 -1.000000
2451545.088030  9.8927293017e-01  1.000000 0.000000 0.000000  -0.000000 0.000000 -1.000000
2451545.088697  9.8031292985e-01  1.000000 0.000000 0.000000  -0.000000 0.000000 -1.000000
2451545.089364  9.7179740773e-01  1.000000 0.000000 0.000000  -0.000000 0.000000 -1.000000
2451545.090031  9.6147288365e-01  1.000000 0.000000 0.000000  -0.000000 0.000000 -1.000000
2451545.090698  9.5206840515e-01  1.000000 0.000000 0.000000  -0.000000 0.000000 -1.000000
2451545.091365  9.3917125100e-01  1.000000 0.000000 0.000000  -0.000000 0.000000 -1.000000
2451545.092032  9.1579704145e-01  1.000000 0.000000 0.000000  -0.000000 0.000000 -1.000000
2451545.092699  9.0028596691e-01  1.000000 0.000000 0.000000  -0.000000 0.000000 -1.000000
2451545.093365  8.8169414842e-01  1.000000 0.000000 0.000000  -0.000000 0.000000 -1.000000
2451545.094032  8.5347051176e-01  1.000000 0.000000 0.000000  -0.000000 0.000000 -1.000000
2451545.094699  8.3632628346e-01  1.000000 0.000000 0.000000  -0.000000 0.000000 -1.000000
2451545.095366  8.1013073036e-01  1.000000 0.000000 0.000000  -0.000000 0.000000 -1.000000
2451545.096033  7.8214317720e-01  1.000000 0.000000 0.000000  -0.000000 0.000000 -1.000000
2451545.096700  7.5794801887e-01  1.000000 0.000000 0.000000  -0.000000 0.000000 -1.000000
2451545.097367  7.1211138728e-01  1.000000 0.000000 0.000000  -0.000000 0.000000 -1.000000
2451545.098034  6.8627238828e-01  1.000000 0.000000 0.000000  -0.000000 0.000000 -1.000000
2451545.098701  6.5988447085e-01  1.000000 0.000000 0.000000  -0.000000 0.000000 -1.000000
2451545.099367  6.2628872015e-01  1.000000 0.000000 0.000000  -0.000000 0.000000 -1.000000
2451545.100034  5.9928970593e-01  1.000000 0.000000 0.000000  -0.000000 0.000000 -1.000000
2451545.100701  5.7315001621e-01  1.000000 0.000000 0.000000  -0.000000 0.000000 -1.000000
2451545.101368  5.3399513059e-01  1.000000 0.000000 0.000000  -0.000000 0.000000 -1.000000
2451545.102035  5.1099204820e-01  1.000000 0.000000 0.000000  -0.000000 0.000000 -1.000000
2451545.102702  4.8818667359e-01  1.000000 0.000000 0.000000  -0.000000 0.000000 -1.000000
2451545.103369  4.6016463086e-01  1.000000 0.000000 0.000000  -0.000000 0.000000 -1.000000
2451545.104036  4.4269445188e-01  1.000000 0.000000 0.000000  -0.000000 0.000000 -1.000000
2451545.104703  4.2649310028e-01  1.000000 0.000000 0.000000  -0.000000 0.000000 -1.000000
2451545.105370  4.0148865158e-01  1.000000 0.000000 0.000000  -0.000000 0.000000 -1.000000
2451545.106036  3.9086732294e-01  1.000000 0.000000 0.000000  -0.000000 0.000000 -1.000000
2451545.106703  3.8556855995e-01  1.000000 0.000000 0.000000  -0.000000 0.000000 -1.000000
2451545.107370  3.7803137562e-01  1.000000 0.000000 0.000000  -0.000000 0.000000 -1.000000
2451545.108037  3.8132877232e-01  1.000000 0.000000 0.000000  -0.000000 0.000000 -1.000000
2451545.108704  3.8317420692e-01  1.000000 0.000000 0.000000  -0.000000 0.000000 -1.000000
2451545.109371  4.2734999594e-01  1.000000 0.000000 0.000000  -0.000000 0.000000 -1.000000
2451545.110038  4.9869724701e-01  1.000000 0.000000 0.000000  -0.000000 0.000000 -1.000000
2451545.110705  5.8557257452e-01  1.000000 0.000000 0.000000  -0.000000 0.000000 -1.000000
2451545.111372  7.5240054239e-01  1.000000 0.000000 0.000000  -0.000000 0.000000 -1.000000
2451545.112039  8.5186213220e-01  1.000000 0.000000 0.000000  -0.000000 0.000000 -1.000000
2451545.112705  9.6940208317e-01  1.000000 0.000000 0.000000  -0.000000 0.000000 -1.000000
2451545.113372  1.1365302560e+00  1.000000 0.000000 0.000000  -0.000000 0.000000 -1.000000
2451545.114039  1.2641406741e+00  1.000000 0.000000 0.000000  -0.000000 0.000000 -1.000000
2451545.114706  1.3837028794e+00  1.000000 0.000000 0.000000  -0.000000 0.000000 -1.000000
2451545.115373  1.5471377542e+00  1.000000 0.000000 0.000000  -0.000000 0.000000 -1.000000
2451545.116040  1.6484724674e+00  1.000000 0.000000 0.000000  -0.000000 0.000000 -1.000000
2451545.116707  1.7404469070e+00  1.000000 0.000000 0.000000  -0.000000 0.000000 -1.000000
2451545.117374  1.8851418039e+00  1.000000 0.000000 0.000000  -0.000000 0.000000 -1.000000
2451545.118041  1.9657808352e+00  1.000000 0.000000 0.000000  -0.000000 0.000000 -1.000000
2451545.118707  2.0390988492e+00  1.000000 0.000000 0.000000  -0.000000 0.000000 -1.000000
2451545.119374  2.1450148453e+00  1.000000 0.000000 0.000000  -0.000000 0.000000 -1.000000
2451545.120041  2.2035140048e+00  1.000000 0.000000 0.000000  -0.000000 0.000000 -1.000000
2451545.120708  2.2881829717e+00  1.000000 0.000000 0.000000  -0.000000 0.000000 -1.000000
2451545.121375  2.3271017738e+00  1.000000 0.000000 0.000000  -0.000000 0.000000 -1.000000
2451545.122042  2.3692392781e+00  1.000000 0.000000 0.000000  -0.000000 0.000000 -1.000000
2451545.122709  2.4173342476e+00  1.000000 0.000000 0.000000  -0.000000 0.000000 -1.000000
2451545.123376  2.4396130491e+00  1.000000 0.000000 0.000000  -0.000000 0.000000 -1.000000
2451545.124043  2.4536507877e+00  1.000000 0.000000 0.000000  -0.000000 0.000000 -1.000000
2451545.124710  2.4505447838e+00  1.000000 0.000000 0.000000  -0.000000 0.000000 -1.000000
2451545.125376  2.4457910531e+00  1.000000 0.000000 0.000000  -0.000000 0.000000 -1.000000
2451545.126043  2.4376762900e+00  1.000000 0.000000 0.000000  -0.000000 0.000000 -1.000000
2451545.126710  2.4145065890e+00  1.000000 0.000000 0.000000  -0.000000 0.000000 -1.000000
2451545.127377  2.3958729944e+00  1.000000 0.000000 0.000000  -0.000000 0.000000 -1.000000
2451545.128044  2.3711566065e+00  1.000000 0.000000 0.000000  -0.000000 0.000000 -1.000000
2451545.128711  2.3170628816e+00  1.000000 0.000000 0.000000  -0.000000 0.000000 -1.000000
2451545.129378  2.2792948651e+00  1.000000 0.000000 0.000000  -0.000000 0.000000 -1.000000
2451545.130045  2.2367726322e+00  1.000000 0.000000 0.000000  -0.000000 0.000000 -1.000000
2451545.130712  2.1683152180e+00  1.000000 0.000000 0.000000  -0.000000 0.000000 -1.000000
2451545.131378  2.1191462144e+00  1.000000 0.000000 0.000000  -0.000000 0.000000 -1.000000
2451545.132045  2.0678772335e+00  1.000000 0.000000 0.000000  -0.000000 0.000000 -1.000000
2451545.132712  1.9901970182e+00  1.000000 0.000000 0.000000  -0.000000 0.000000 -1.000000
2451545.133379  1.9360785192e+00  1.000000 0.000000 0.000000  -0.000000 0.000000 -1.000000
2451545.134046  1.8801534470e+00  1.000000 0.000000 0.000000  -0.000000 0.000000 -1.000000
2451545.134713  1.7984020058e+00  1.000000 0.000000 0.000000  -0.000000 0.000000 -1.000000
2451545.135380  1.7467818143e+00  1.000000 0.000000 0.000000  -0.000000 0.000000 -1.000000
2451545.136047  1.6825977058e+00  1.000000 0.000000 0.000000  -0.000000 0.000000 -1.000000
2451545.136714  1.5888919871e+00  1.000000 0.000000 0.000000  -0.000000 0.000000 -1.000000
2451545.137381  1.5250649185e+00  1.000000 0.000000 0.000000  -0.000000 0.000000 -1.000000
2451545.138047  1.4661198235e+00  1.000000 0.000000 0.000000  -0.000000 0.000000 -1.000000
2451545.138714  1.3801762000e+00  1.000000 0.000000 0.000000  -0.000000 0.000000 -1.000000
2451545.139381  1.3141588011e+00  1.000000 0.000000 0.000000  -0.000000 0.000000 -1.000000
2451545.140048  1.2470785407e+00  1.000000 0.000000 0.000000  -0.000000 0.000000 -1.000000
2451545.140715  1.1424376869e+00  1.000000 0.000000 0.000000  -0.000000 0.000000 -1.000000
2451545.141382  1.0741308610e+00  1.000000 0.000000 0.000000  -0.000000 0.000000 -1.000000
2451545.142049  1.0022356631e+00  1.000000 0.000000 0.000000  -0.000000 0.000000 -1.000000
2451545.142716  9.0097430090e-01  1.000000 0.000000 0.000000  -0.000000 0.000000 -1.000000
2451545.143383  8.2890665512e-01  1.000000 0.000000 0.000000  -0.000000 0.000000 -1.000000
2451545.144050  7.2157318648e-01  1.000000 0.000000 0.000000  -0.000000 0.000000 -1.000000
2451545.144716  6.5223604554e-01  1.000000 0.000000 0.000000  -0.000000 0.000000 -1.000000
2451545.145383  5.8341090461e-01  1.000000 0.000000 0.000000  -0.000000 0.000000 -1.000000
2451545.146050  4.8629169060e-01  1.000000 0.000000 0.000000  -0.000000 0.000000 -1.000000
2451545.146717  4.2083632588e-01  1.000000 0.000000 0.000000  -0.000000 0.000000 -1.000000
2451545.147384  3.5667116235e-01  1.000000 0.000000 0.000000  -0.000000 0.000000 -1.000000
2451545.148051  2.9706347906e-01  1.000000 0.000000 0.000000  -0.000000 0.000000 -1.000000
2451545.148718  2.8838668179e-01  1.000000 0.000000 0.000000  -0.000000 0.000000 -1.000000
2451545.149385  2.8980901201e-01  1.000000 0.000000 0.000000  -0.000000 0.000000 -1.000000
2451545.150052  2.9715043162e-01  1.000000 0.000000 0.000000  -0.000000 0.000000 -1.000000
2451545.150718  3.0683325549e-01  1.000000 0.000000 0.000000  -0.000000 0.000000 -1.000000
2451545.151385  3.1100697860e-01  1.000000 0.000000 0.000000  -0.000000 0.000000 -1.000000
2451545.152052  3.2199069056e-01  1.000000 0.000000 0.000000  -0.000000 0.000000 -1.000000
2451545.152719  3.3477271757e-01  1.000000 0.000000 0.000000  -0.000000 0.000000 -1.000000
2451545.153386  3.5044215265e-01  1.000000 0.000000 0.000000  -0.000000 0.000000 -1.000000
2451545.154053  3.8861821470e-01  1.000000 0.000000 0.000000  -0.000000 0.000000 -1.000000
2451545.154720  4.1884467496e-01  1.000000 0.000000 0.000000  -0.000000 0.000000 -1.000000
2451545.155387  4.5199934784e-01  1.000000 0.000000 0.000000  -0.000000 0.000000 -1.000000
2451545.156054  5.1186545999e-01  1.000000 0.000000 0.000000  -0.000000 0.000000 -1.000000
2451545.156721  5.6931195915e-01  1.000000 0.000000 0.000000  -0.000000 0.000000 -1.000000
2451545.157387  6.3302292912e-01  1.000000 0.000000 0.000000  -0.000000 0.000000 -1.000000
2451545.158054  7.2612386595e-01  1.000000 0.000000 0.000000  -0.000000 0.000000 -1.000000
2451545.158721  8.0085449475e-01  1.000000 0.000000 0.000000  -0.000000 0.000000 -1.000000
2451545.159388  8.6591638696e-01  1.000000 0.000000 0.000000  -0.000000 0.000000 -1.000000
2451545.160055  9.6852624253e-01  1.000000 0.000000 0.000000  -0.000000 0.000000 -1.000000
2451545.160722  1.0328847419e+00  1.000000 0.000000 0.000000  -0.000000 0.000000 -1.000000
2451545.161389  1.0968847442e+00  1.000000 0.000000 0.000000  -0.000000 0.000000 -1.000000
2451545.162056  1.1852178630e+00  1.000000 0.000000 0.000000  -0.000000 0.000000 -1.000000
2451545.162723  1.2414465405e+00  1.000000 0.000000 0.000000  -0.000000 0.000000 -1.000000
2451545.163389  1.2929511191e+00  1.000000 0.000000 0.000000  -0.000000 0.000000 -1.000000
2451545.164056  1.3661986966e+00  1.000000 0.000000 0.000000  -0.000000 0.000000 -1.000000
2451545.164723  1.4223268200e+00  1.000000 0.000000 0.000000  -0.000000 0.000000 -1.000000
2451545.165390  1.4642151251e+00  1.000000 0.000000 0.000000  -0.000000 0.000000 -1.000000
2451545.166057  1.5316223077e+00  1.000000 0.000000 0.000000  -0.000000 0.000000 -1.000000
2451545.166724  1.5619852689e+00  1.000000 0.000000 0.000000  -0.000000 0.000000 -1.000000
2451545.167391  1.5942655585e+00  1.000000 0.000000 0.000000  -0.000000 0.000000 -1.000000
2451545.168058  1.6235836316e+00  1.000000 0.000000 0.000000  -0.000000 0.000000 -1.000000
2451545.168725  1.6471749797e+00  1.000000 0.000000 0.000000  -0.000000 0.000000 -1.000000
2451545.169392  1.6798516564e+00  1.000000 0.000000 0.000000  -0.000000 0.000000 -1.000000
2451545.170058  1.6938748219e+00  1.000000 0.000000 0.000000  -0.000000 0.000000 -1.000000
2451545.170725  1.6959937442e+00  1.000000 0.000000 0.000000  -0.000000 0.000000 -1.000000
2451545.171392  1.6901135163e+00  1.000000 0.000000 0.000000  -0.000000 0.000000 -1.000000
2451545.172059  1.6936484538e+00  1.000000 0.000000 0.000000  -0.000000 0.000000 -1.000000
2451545.172726  1.6869030722e+00  1.000000 0.000000 0.000000  -0.000000 0.000000 -1.000000
2451545.173393  1.6732976675e+00  1.000000 0.000000 0.000000  -0.000000 0.000000 -1.000000
2451545.174060  1.6595771357e+00  1.000000 0.000000 0.000000  -0.000000 0.000000 -1.000000
2451545.174727  1.6411009301e+00  1.000000 0.000000 0.000000  -0.000000 0.000000 -1.000000
2451545.175394  1.6163617111e+00  1.000000 0.000000 0.000000  -0.000000 0.000000 -1.000000
2451545.176061  1.5934382947e+00  1.000000 0.000000 0.000000  -0.000000 0.000000 -1.000000
2451545.176727  1.5681302407e+00  1.000000 0.000000 0.000000  -0.000000 0.000000 -1.000000
2451545.177394  1.5235386338e+00  1.000000 0.000000 0.000000  -0.000000 0.000000 -1.000000
2451545.178061  1.4959736993e+00  1.000000 0.000000 0.000000  -0.000000 0.000000 -1.000000
2451545.178728  1.4638673149e+00  1.000000 0.000000 0.000000  -0.000000 0.000000 -1.000000
2451545.179395  1.4148352980e+00  1.000000 0.000000 0.000000  -0.000000 0.000000 -1.000000
2451545.180062  1.3806566250e+00  1.000000 0.000000 0.000000  -0.000000 0.000000 -1.000000
2451545.180729  1.3409707944e+00  1.000000 0.000000 0.000000  -0.000000 0.000000 -1.000000
2451545.181396  1.2919737529e+00  1.000000 0.000000 0.000000  -0.000000 0.000000 -1.000000
2451545.182063  1.2540595201e+00  1.000000 0.000000 0.000000  -0.000000 0.000000 -1.000000
2451545.182729  1.2168549950e+00  1.000000 0.000000 0.000000  -0.000000 0.000000 -1.000000
2451545.183396  1.1559784844e+00  1.000000 0.000000 0.000000  -0.000000 0.000000 -1.000000
2451545.184063  1.1182925628e+00  1.000000 0.000000 0.000000  -0.000000 0.000000 -1.000000
2451545.184730  1.0790332369e+00  1.000000 0.000000 0.000000  -0.000000 0.000000 -1.000000
2451545.185397  1.0308027381e+00  1.000000 0.000000 0.000000  -0.000000 0.000000 -1.000000
2451545.186064  9.8760868722e-01  1.000000 0.000000 0.000000  -0.000000 0.000000 -1.000000
2451545.186731  9.5166813189e-01  1.000000 0.000000 0.000000  -0.000000 0.000000 -1.000000
2451545.187398  8.9569642595e-01  1.000000 0.000000 0.000000  -0.000000 0.000000 -1.000000
2451545.188065  8.5920938103e-01  1.000000 0.000000 0.000000  -0.000000 0.000000 -1.000000
2451545.188732  8.2523133051e-01  1.000000 0.000000 0.000000  -0.000000 0.000000 -1.000000
2451545.189398  7.7267846340e-01  1.000000 0.000000 0.000000  -0.000000 0.000000 -1.000000
2451545.190065  7.3790569558e-01  1.000000 0.000000 0.000000  -0.000000 0.000000 -1.000000
2451545.190732  7.0580562615e-01  1.000000 0.000000 0.000000  -0.000000 0.000000 -1.000000
2451545.191399  6.5634224682e-01  1.000000 0.000000 0.000000  -0.000000 0.000000 -1.000000
2451545.192066  6.3008840150e-01  1.000000 0.000000 0.000000  -0.000000 0.000000 -1.000000
2451545.192733  6.1275083733e-01  1.000000 0.000000 0.000000  -0.000000 0.000000 -1.000000
2451545.193400  6.0685992251e-01  1.000000 0.000000 0.000000  -0.000000 0.000000 -1.000000
2451545.194067  5.9773913282e-01  1.000000 0.000000 0.000000  -0.000000 0.000000 -1.000000
2451545.194734  5.8495321966e-01  1.000000 0.000000 0.000000  -0.000000 0.000000 -1.000000
2451545.195400  5.7874946992e-01  1.000000 0.000000 0.000000  -0.000000 0.000000 -1.000000
2451545.196067  5.7424590999e-01  1.000000 0.000000 0.000000  -0.000000 0.000000 -1.000000
2451545.196734  5.7332294980e-01  1.000000 0.000000 0.000000  -0.000000 0.000000 -1.000000
2451545.197401  5.6659408429e-01  1.000000 0.000000 0.000000  -0.000000 0.000000 -1.000000
2451545.198068  5.6041802336e-01  1.000000 0.000000 0.000000  -0.000000 0.000000 -1.000000
2451545.198735  5.4898837590e-01  1.000000 0.000000 0.000000  -0.000000 0.000000 -1.000000
2451545.199402  5.4850260738e-01  1.000000 0.000000 0.000000  -0.000000 0.000000 -1.000000
2451545.200069  5.4048305492e-01  1.000000 0.000000 0.000000  -0.000000 0.000000 -1.000000
2451545.200736  5.3617866008e-01  1.000000 0.000000 0.000000  -0.000000 0.000000 -1.000000
2451545.201403  5.3329853854e-01  1.000000 0.000000 0.000000  -0.000000 0.000000 -1.000000
2451545.202069  5.2995547960e-01  1.000000 0.000000 0.000000  -0.000000 0.000000 -1.000000
2451545.202736  5.2879206400e-01  1.000000 0.000000 0.000000  -0.000000 0.000000 -1.000000
2451545.203403  5.2875951751e-01  1.000000 0.000000 0.000000  -0.000000 0.000000 -1.000000
2451545.204070  5.3131320261e-01  1.000000 0.000000 0.000000  -0.000000 0.000000 -1.000000
2451545.204737  5.3573515342e-01  1.000000 0.000000 0.000000  -0.000000 0.000000 -1.000000
2451545.205404  5.3916759377e-01  1.000000 0.000000 0.000000  -0.000000 0.000000 -1.000000
2451545.206071  5.4555447824e-01  1.000000 0.000000 0.000000  -0.000000 0.000000 -1.000000
2451545.206738  5.5450087704e-01  1.000000 0.000000 0.000000  -0.000000 0.000000 -1.000000
2451545.207405  5.6644689643e-01  1.000000 0.000000 0.000000  -0.000000 0.000000 -1.000000
2451545.208072  5.7865425929e-01  1.000000 0.000000 0.000000  -0.000000 0.000000 -1.000000
2451545.208738  5.9977936059e-01  1.000000 0.000000 0.000000  -0.000000 0.000000 -1.000000
2451545.209405  6.1723642382e-01  1.000000 0.000000 0.000000  -0.000000 0.000000 -1.000000
2451545.210072  6.3421451929e-01  1.000000 0.000000 0.000000  -0.000000 0.000000 -1.000000
2451545.210739  6.5472172304e-01  1.000000 0.000000 0.000000  -0.000000 0.000000 -1.000000
2451545.211406  6.7405045237e-01  1.000000 0.000000 0.000000  -0.000000 0.000000 -1.000000
2451545.212073  6.8678827445e-01  1.000000 0.000000 0.000000  -0.000000 0.000000 -1.000000
2451545.212740  7.1736740265e-01  1.000000 0.000000 0.000000  -0.000000 0.000000 -1.000000
2451545.213407  7.3107287561e-01  1.000000 0.000000 0.000000  -0.000000 0.000000 -1.000000
2451545.214074  7.4060511124e-01  1.000000 0.000000 0.000000  -0.000000 0.000000 -1.000000
2451545.214740  7.5744864883e-01  1.000000 0.000000 0.000000  -0.000000 0.000000 -1.000000
2451545.215407  7.6301361297e-01  1.000000 0.000000 0.000000  -0.000000 0.000000 -1.000000
2451545.216074  7.7807389433e-01  1.000000 0.000000 0.000000  -0.000000 0.000000 -1.000000
2451545.216741  7.8972165185e-01  1.000000 0.000000 0.000000  -0.000000 0.000000 -1.000000
2451545.217408  8.0250756501e-01  1.000000 0.000000 0.000000  -0.000000 0.000000 -1.000000
2451545.218075  8.1836887866e-01  1.000000 0.000000 0.000000  -0.000000 0.000000 -1.000000
2451545.218742  8.2575013129e-01  1.000000 0.000000 0.000000  -0.000000 0.000000 -1.000000
2451545.219409  8.3668478063e-01  1.000000 0.000000 0.000000  -0.000000 0.000000 -1.000000
2451545.220076  8.5357640930e-01  1.000000 0.000000 0.000000  -0.000000 0.000000 -1.000000
2451545.220743  8.6560063742e-01  1.000000 0.000000 0.000000  -0.000000 0.000000 -1.000000
2451545.221409  8.7821021661e-01  1.000000 0.000000 0.000000  -0.000000 0.000000 -1.000000
2451545.222076  8.9718287761e-01  1.000000 0.000000 0.000000  -0.000000 0.000000 -1.000000
2451545.222743  9.0703329162e-01  1.000000 0.000000 0.000000  -0.000000 0.000000 -1.000000
2451545.223410  9.1688710601e-01  1.000000 0.000000 0.000000  -0.000000 0.000000 -1.000000
2451545.224077  9.4209169133e-01  1.000000 0.000000 0.000000  -0.000000 0.000000 -1.000000
2451545.224744  9.5575781704e-01  1.000000 0.000000 0.000000  -0.000000 0.000000 -1.000000
2451545.225411  9.6434571867e-01  1.000000 0.000000 0.000000  -0.000000 0.000000 -1.000000
2451545.226078  9.7348302449e-01  1.000000 0.000000 0.000000  -0.000000 0.000000 -1.000000
2451545.226745  9.9329897964e-01  1.000000 0.000000 0.000000  -0.000000 0.000000 -1.000000
2451545.227411  9.9965817531e-01  1.000000 0.000000 0.000000  -0.000000 0.000000 -1.000000
2451545.228078  1.0310747684e+00  1.000000 0.000000 0.000000  -0.000000 0.000000 -1.000000
2451545.228745  1.0413997783e+00  1.000000 0.000000 0.000000  -0.000000 0.000000 -1.000000
2451545.229412  1.0471794521e+00  1.000000 0.000000 0.000000  -0.000000 0.000000 -1.000000
2451545.230079  1.0700829520e+00  1.000000 0.000000 0.000000  -0.000000 0.000000 -1.000000
2451545.230746  1.0790167208e+00  1.000000 0.000000 0.000000  -0.000000 0.000000 -1.000000
2451545.231413  1.0924059584e+00  1.000000 0.000000 0.000000  -0.000000 0.000000 -1.000000
2451545.232080  1.1195035837e+00  1.000000 0.000000 0.000000  -0.000000 0.000000 -1.000000
2451545.232747  1.1307661268e+00  1.000000 0.000000 0.000000  -0.000000 0.000000 -1.000000
2451545.233414  1.1476470685e+00  1.000000 0.000000 0.000000  -0.000000 0.000000 -1.000000
2451545.234080  1.1737959878e+00  1.000000 0.000000 0.000000  -0.000000 0.000000 -1.000000
2451545.234747  1.1821254606e+00  1.000000 0.000000 0.000000  -0.000000 0.000000 -1.000000
2451545.235414  1.1949638368e+00  1.000000 0.000000 0.000000  -0.000000 0.000000 -1.000000
2451545.236081  1.2171265396e+00  1.000000 0.000000 0.000000  -0.000000 0.000000 -1.000000
2451545.236748  1.2314741986e+00  1.000000 0.000000 0.000000  -0.000000 0.000000 -1.000000
2451545.237415  1.2427571439e+00  1.000000 0.000000 0.000000  -0.000000 0.000000 -1.000000
2451545.238082  1.2395330983e+00  1.000000 0.000000 0.000000  -0.000000 0.000000 -1.000000
2451545.238749  1.2439084153e+00  1.000000 0.000000 0.000000  -0.000000 0.000000 -1.000000
2451545.239416  1.2575920287e+00  1.000000 0.000000 0.000000  -0.000000 0.000000 -1.000000
360  1
2451545.000000  1.0229993819e+00  1.000000 0.000000 0.000000  -0.707107 -0.707107 0.000000
2451545.000667  1.0309510593e+00  1.000000 0.000000 0.000000  -0.707107 -0.707107 0.000000
2451545.001334  1.0439224681e+00  1.000000 0.000000 0.000000  -0.707107 -0.707107 0.000000
2451545.002001  1.0406557803e+00  1.000000 0.000000 0.000000  -0.707107 -0.707107 0.000000
2451545.002668  1.0433093552e+00  1.000000 0.000000 0.000000  -0.707107 -0.707107 0.000000
2451545.003334  1.0477632967e+00  1.000000 0.000000 0.000000  -0.707107 -0.707107 0.000000
2451545.004001  1.0439022861e+00  1.000000 0.000000 0.000000  -0.707107 -0.707107 0.000000
2451545.004668  1.0411464098e+00  1.000000 0.000000 0.000000  -0.707107 -0.707107 0.000000
2451545.005335  1.0374273687e+00  1.000000 0.000000 0.000000  -0.707107 -0.707107 0.000000
2451545.006002  1.0250454112e+00  1.000000 0.000000 0.000000  -0.707107 -0.707107 0.000000
2451545.006669  1.0226674240e+00  1.000000 0.000000 0.000000  -0.707107 -0.707107 0.000000
2451545.007336  1.0095735319e+00  1.000000 0.000000 0.000000  -0.707107 -0.707107 0.000000
2451545.008003  9.9845886003e-01  1.000000 0.000000 0.000000  -0.707107 -0.707107 0.000000
2451545.008670  9.9909354670e-01  1.000000 0.000000 0.000000  -0.707107 -0.707107 0.000000
2451545.009337  9.8947929637e-01  1.000000 0.000000 0.000000  -0.707107 -0.707107 0.000000
2451545.010003  9.7680435311e-01  1.000000 0.000000 0.000000  -0.707107 -0.707107 0.000000
2451545.010670  9.6967735076e-01  1.000000 0.000000 0.000000  -0.707107 -0.707107 0.000000
2451545.011337  9.7435955678e-01  1.000000 0.000000 0.000000  -0.707107 -0.707107 0.000000
2451545.012004  9.8563846774e-01  1.000000 0.000000 0.000000  -0.707107 -0.707107 0.000000
2451545.012671  9.8627176255e-01  1.000000 0.000000 0.000000  -0.707107 -0.707107 0.000000
2451545.013338  9.9712058979e-01  1.000000 0.000000 0.000000  -0.707107 -0.707107 0.000000
2451545.014005  1.0118589606e+00  1.000000 0.000000 0.000000  -0.707107 -0.707107 0.000000
2451545.014672  1.0180499394e+00  1.000000 0.000000 0.000000  -0.707107 -0.707107 0.000000
2451545.015339  1.0443991790e+00  1.000000 0.000000 0.000000  -0.707107 -0.707107 0.000000
2451545.016006  1.0487487313e+00  1.000000 0.000000 0.000000  -0.707107 -0.707107 0.000000
2451545.016672  1.0646110264e+00  1.000000 0.000000 0.000000  -0.707107 -0.707107 0.000000
2451545.017339  1.0887249442e+00  1.000000 0.000000 0.000000  -0.707107 -0.707107 0.000000
2451545.018006  1.1254261182e+00  1.000000 0.000000 0.000000  -0.707107 -0.707107 0.000000
2451545.018673  1.1522792100e+00  1.000000 0.000000 0.000000  -0.707107 -0.707107 0.000000
2451545.019340  1.1775254032e+00  1.000000 0.000000 0.000000  -0.707107 -0.707107 0.000000
2451545.020007  1.2380342865e+00  1.000000 0.000000 0.000000  -0.707107 -0.707107 0.000000
2451545.020674  1.2835027660e+00  1.000000 0.000000 0.000000  -0.707107 -0.707107 0.000000
2451545.021341  1.3269641881e+00  1.000000 0.000000 0.000000  -0.707107 -0.707107 0.000000
2451545.022008  1.3923884135e+00  1.000000 0.000000 0.000000  -0.707107 -0.707107 0.000000
2451545.022674  1.4361852731e+00  1.000000 0.000000 0.000000  -0.707107 -0.707107 0.000000
2451545.023341  1.4674136665e+00  1.000000 0.000000 0.000000  -0.707107 -0.707107 0.000000
2451545.024008  1.5290276840e+00  1.000000 0.000000 0.000000  -0.707107 -0.707107 0.000000
2451545.024675  1.5588482143e+00  1.000000 0.000000 0.000000  -0.707107 -0.707107 0.000000
2451545.025342  1.5894788053e+00  1.000000 0.000000 0.000000  -0.707107 -0.707107 0.000000
2451545.026009  1.6054559286e+00  1.000000 0.000000 0.000000  -0.707107 -0.707107 0.000000
2451545.026676  1.6176068378e+00  1.000000 0.000000 0.000000  -0.707107 -0.707107 0.000000
2451545.027343  1.6398501001e+00  1.000000 0.000000 0.000000  -0.707107 -0.707107 0.000000
2451545.028010  1.6424306025e+00  1.000000 0.000000 0.000000  -0.707107 -0.707107 0.000000
2451545.028677  1.6325122315e+00  1.000000 0.000000 0.000000  -0.707107 -0.707107 0.000000
2451545.029343  1.6116775282e+00  1.000000 0.000000 0.000000  -0.707107 -0.707107 0.000000
2451545.030010  1.5888796109e+00  1.000000 0.000000 0.000000  -0.707107 -0.707107 0.000000
2451545.030677  1.5654922424e+00  1.000000 0.000000 0.000000  -0.707107 -0.707107 0.000000
2451545.031344  1.5135850337e+00  1.000000 0.000000 0.000000  -0.707107 -0.707107 0.000000
2451545.032011  1.4769068253e+00  1.000000 0.000000 0.000000  -0.707107 -0.707107 0.000000
2451545.032678  1.4384999308e+00  1.000000 0.000000 0.000000  -0.707107 -0.707107 0.000000
2451545.033345  1.3549871355e+00  1.000000 0.000000 0.000000  -0.707107 -0.707107 0.000000
2451545.034012  1.3007659650e+00  1.000000 0.000000 0.000000  -0.707107 -0.707107 0.000000
2451545.034679  1.2365610061e+00  1.000000 0.000000 0.000000  -0.707107 -0.707107 0.000000
2451545.035345  1.1349624245e+00  1.000000 0.000000 0.000000  -0.707107 -0.707107 0.000000
2451545.036012  1.0721882944e+00  1.000000 0.000000 0.000000  -0.707107 -0.707107 0.000000
2451545.036679  1.0024458336e+00  1.000000 0.000000 0.000000  -0.707107 -0.707107 0.000000
2451545.037346  9.0946632480e-01  1.000000 0.000000 0.000000  -0.707107 -0.707107 0.000000
2451545.038013  8.5482272573e-01  1.000000 0.000000 0.000000  -0.707107 -0.707107 0.000000
2451545.038680  8.0360031050e-01  1.000000 0.000000 0.000000  -0.707107 -0.707107 0.000000
2451545.039347  7.4158195858e-01  1.000000 0.000000 0.000000  -0.707107 -0.707107 0.000000
2451545.040014  7.0408812215e-01  1.000000 0.000000 0.000000  -0.707107 -0.707107 0.000000
2451545.040681  6.7051653796e-01  1.000000 0.000000 0.000000  -0.707107 -0.707107 0.000000
2451545.041348  6.4074611448e-01  1.000000 0.000000 0.000000  -0.707107 -0.707107 0.000000
2451545.042014  6.3391836132e-01  1.000000 0.000000 0.000000  -0.707107 -0.707107 0.000000
2451545.042681  6.2836694078e-01  1.000000 0.000000 0.000000  -0.707107 -0.707107 0.000000
2451545.043348  6.2793685705e-01  1.000000 0.000000 0.000000  -0.707107 -0.707107 0.000000
2451545.044015  6.3014364589e-01  1.000000 0.000000 0.000000  -0.707107 -0.707107 0.000000
2451545.044682  6.2472236395e-01  1.000000 0.000000 0.000000  -0.707107 -0.707107 0.000000
2451545.045349  6.2624227149e-01  1.000000 0.000000 0.000000  -0.707107 -0.707107 0.000000
2451545.046016  6.3122024706e-01  1.000000 0.000000 0.000000  -0.707107 -0.707107 0.000000
2451545.046683  6.3096136171e-01  1.000000 0.000000 0.000000  -0.707107 -0.707107 0.000000
2451545.047350  6.4146709627e-01  1.000000 0.000000 0.000000  -0.707107 -0.707107 0.000000
2451545.048017  6.4597253648e-01  1.000000 0.000000 0.000000  -0.707107 -0.707107 0.000000
2451545.048683  6.5773929323e-01  1.000000 0.000000 0.000000  -0.707107 -0.707107 0.000000
2451545.049350  6.6883378318e-01  1.000000 0.000000 0.000000  -0.707107 -0.707107 0.000000
2451545.050017  6.7808615075e-01  1.000000 0.000000 0.000000  -0.707107 -0.707107 0.000000
2451545.050684  6.8794536786e-01  1.000000 0.000000 0.000000  -0.707107 -0.707107 0.000000
2451545.051351  7.0470749839e-01  1.000000 0.000000 0.000000  -0.707107 -0.707107 0.000000
2451545.052018  7.1989195932e-01  1.000000 0.000000 0.000000  -0.707107 -0.707107 0.000000
2451545.052685  7.3505832612e-01  1.000000 0.000000 0.000000  -0.707107 -0.707107 0.000000
2451545.053352  7.4872287951e-01  1.000000 0.000000 0.000000  -0.707107 -0.707107 0.000000
2451545.054019  7.6263518339e-01  1.000000 0.000000 0.000000  -0.707107 -0.707107 0.000000
2451545.054685  7.8669133908e-01  1.000000 0.000000 0.000000  -0.707107 -0.707107 0.000000
2451545.055352  7.9970589538e-01  1.000000 0.000000 0.000000  -0.707107 -0.707107 0.000000
2451545.056019  8.0667353015e-01  1.000000 0.000000 0.000000  -0.707107 -0.707107 0.000000
2451545.056686  8.0657610018e-01  1.000000 0.000000 0.000000  -0.707107 -0.707107 0.000000
2451545.057353  8.0424334831e-01  1.000000 0.000000 0.000000  -0.707107 -0.707107 0.000000
2451545.058020  8.1270514126e-01  1.000000 0.000000 0.000000  -0.707107 -0.707107 0.000000
2451545.058687  7.9740028472e-01  1.000000 0.000000 0.000000  -0.707107 -0.707107 0.000000
2451545.059354  7.9418300790e-01  1.000000 0.000000 0.000000  -0.707107 -0.707107 0.000000
2451545.060021  7.9189340359e-01  1.000000 0.000000 0.000000  -0.707107 -0.707107 0.000000
2451545.060688  7.8941102712e-01  1.000000 0.000000 0.000000  -0.707107 -0.707107 0.000000
2451545.061354  7.8119211317e-01  1.000000 0.000000 0.000000  -0.707107 -0.707107 0.000000
2451545.062021  7.7444856734e-01  1.000000 0.000000 0.000000  -0.707107 -0.707107 0.000000
2451545.062688  7.6245424202e-01  1.000000 0.000000 0.000000  -0.707107 -0.707107 0.000000
2451545.063355  7.5536551572e-01  1.000000 0.000000 0.000000  -0.707107 -0.707107 0.000000
2451545.064022  7.4818701467e-01  1.000000 0.000000 0.000000  -0.707107 -0.707107 0.000000
2451545.064689  7.3266294069e-01  1.000000 0.000000 0.000000  -0.707107 -0.707107 0.000000
2451545.065356  7.2579621554e-01  1.000000 0.000000 0.000000  -0.707107 -0.707107 0.000000
2451545.066023  7.1887659984e-01  1.000000 0.000000 0.000000  -0.707107 -0.707107 0.000000
2451545.066690  7.1989752675e-01  1.000000 0.000000 0.000000  -0.707107 -0.707107 0.000000
2451545.067356  7.1536285754e-01  1.000000 0.000000 0.000000  -0.707107 -0.707107 0.000000
2451545.068023  7.1289718335e-01  1.000000 0.000000 0.000000  -0.707107 -0.707107 0.000000
2451545.068690  7.1240585793e-01  1.000000 0.000000 0.000000  -0.707107 -0.707107 0.000000
2451545.069357  7.1786611186e-01  1.000000 0.000000 0.000000  -0.707107 -0.707107 0.000000
2451545.070024  7.2809138728e-01  1.000000 0.000000 0.000000  -0.707107 -0.707107 0.000000
2451545.070691  7.4973197563e-01  1.000000 0.000000 0.000000  -0.707107 -0.707107 0.000000
2451545.071358  7.5901218034e-01  1.000000 0.000000 0.000000  -0.707107 -0.707107 0.000000
2451545.072025  7.6978793510e-01  1.000000 0.000000 0.000000  -0.707107 -0.707107 0.000000
2451545.072692  7.7649459672e-01  1.000000 0.000000 0.000000  -0.707107 -0.707107 0.000000
2451545.073359  7.8594878352e-01  1.000000 0.000000 0.000000  -0.707107 -0.707107 0.000000
2451545.074025  7.9938089684e-01  1.000000 0.000000 0.000000  -0.707107 -0.707107 0.000000
2451545.074692  8.0841474291e-01  1.000000 0.000000 0.000000  -0.707107 -0.707107 0.000000
2451545.075359  8.1781464729e-01  1.000000 0.000000 0.000000  -0.707107 -0.707107 0.000000
2451545.076026  8.3335124798e-01  1.000000 0.000000 0.000000  -0.707107 -0.707107 0.000000
2451545.076693  8.4168638197e-01  1.000000 0.000000 0.000000  -0.707107 -0.707107 0.000000
2451545.077360  8.5527925474e-01  1.000000 0.000000 0.000000  -0.707107 -0.707107 0.000000
2451545.078027  8.6316829865e-01  1.000000 0.000000 0.000000  -0.707107 -0.707107 0.000000
2451545.078694  8.8158117126e-01  1.000000 0.000000 0.000000  -0.707107 -0.707107 0.000000
2451545.079361  8.9680947568e-01  1.000000 0.000000 0.000000  -0.707107 -0.707107 0.000000
2451545.080028  9.0259124851e-01  1.000000 0.000000 0.000000  -0.707107 -0.707107 0.000000
2451545.080694  9.1164179686e-01  1.000000 0.000000 0.000000  -0.707107 -0.707107 0.000000
2451545.081361  9.2299378030e-01  1.000000 0.000000 0.000000  -0.707107 -0.707107 0.000000
2451545.082028  9.5240301695e-01  1.000000 0.000000 0.000000  -0.707107 -0.707107 0.000000
2451545.082695  9.6294911535e-01  1.000000 0.000000 0.000000  -0.707107 -0.707107 0.000000
2451545.083362  9.7193772608e-01  1.000000 0.000000 0.000000  -0.707107 -0.707107 0.000000
2451545.084029  9.9079738469e-01  1.000000 0.000000 0.000000  -0.707107 -0.707107 0.000000
2451545.084696  1.0011054756e+00  1.000000 0.000000 0.000000  -0.707107 -0.707107 0.000000
2451545.085363  1.0171194831e+00  1.000000 0.000000 0.000000  -0.707107 -0.707107 0.000000
2451545.086030  1.0522450754e+00  1.000000 0.000000 0.000000  -0.707107 -0.707107 0.000000
2451545.086696  1.0677148669e+00  1.000000 0.000000 0.000000  -0.707107 -0.707107 0.000000
2451545.087363  1.0762880084e+00  1.000000 0.000000 0.000000  -0.707107 -0.707107 0.000000
2451545.088030  1.0980392494e+00  1.000000 0.000000 0.000000  -0.707107 -0.707107 0.000000
2451545.088697  1.1082241609e+00  1.000000 0.000000 0.000000  -0.707107 -0.707107 0.000000
2451545.089364  1.1206764071e+00  1.000000 0.000000 0.000000  -0.707107 -0.707107 0.000000
2451545.090031  1.1378032041e+00  1.000000 0.000000 0.000000  -0.707107 -0.707107 0.000000
2451545.090698  1.1426774864e+00  1.000000 0.000000 0.000000  -0.707107 -0.707107 0.000000
2451545.091365  1.1518943616e+00  1.000000 0.000000 0.000000  -0.707107 -0.707107 0.000000
2451545.092032  1.1780383024e+00  1.000000 0.000000 0.000000  -0.707107 -0.707107 0.000000
2451545.092699  1.1895294715e+00  1.000000 0.000000 0.000000  -0.707107 -0.707107 0.000000
2451545.093365  1.2015592892e+00  1.000000 0.000000 0.000000  -0.707107 -0.707107 0.000000
2451545.094032  1.2252375557e+00  1.000000 0.000000 0.000000  -0.707107 -0.707107 0.000000
2451545.094699  1.2300749538e+00  1.000000 0.000000 0.000000  -0.707107 -0.707107 0.000000
2451545.095366  1.2450478525e+00  1.000000 0.000000 0.000000  -0.707107 -0.707107 0.000000
2451545.096033  1.2589650279e+00  1.000000 0.000000 0.000000  -0.707107 -0.707107 0.000000
2451545.096700  1.2824157259e+00  1.000000 0.000000 0.000000  -0.707107 -0.707107 0.000000
2451545.097367  1.3129043474e+00  1.000000 0.000000 0.000000  -0.707107 -0.707107 0.000000
2451545.098034  1.3261422968e+00  1.000000 0.000000 0.000000  -0.707107 -0.707107 0.000000
2451545.098701  1.3446790446e+00  1.000000 0.000000 0.000000  -0.707107 -0.707107 0.000000
2451545.099367  1.3782735944e+00  1.000000 0.000000 0.000000  -0.707107 -0.707107 0.000000
2451545.100034  1.3997833482e+00  1.000000 0.000000 0.000000  -0.707107 -0.707107 0.000000
2451545.100701  1.4224643495e+00  1.000000 0.000000 0.000000  -0.707107 -0.707107 0.000000
2451545.101368  1.4470723764e+00  1.000000 0.000000 0.000000  -0.707107 -0.707107 0.000000
2451545.102035  1.4607160519e+00  1.000000 0.000000 0.000000  -0.707107 -0.707107 0.000000
2451545.102702  1.4791115263e+00  1.000000 0.000000 0.000000  -0.707107 -0.707107 0.000000
2451545.103369  1.4948624729e+00  1.000000 0.000000 0.000000  -0.707107 -0.707107 0.000000
2451545.104036  1.4924128051e+00  1.000000 0.000000 0.000000  -0.707107 -0.707107 0.000000
2451545.104703  1.4933258631e+00  1.000000 0.000000 0.000000  -0.707107 -0.707107 0.000000
2451545.105370  1.4850902469e+00  1.000000 0.000000 0.000000  -0.707107 -0.707107 0.000000
2451545.106036  1.4747223061e+00  1.000000 0.000000 0.000000  -0.707107 -0.707107 0.000000
2451545.106703  1.4605761703e+00  1.000000 0.000000 0.000000  -0.707107 -0.707107 0.000000
2451545.107370  1.4578704008e+00  1.000000 0.000000 0.000000  -0.707107 -0.707107 0.000000
2451545.108037  1.4548319776e+00  1.000000 0.000000 0.000000  -0.707107 -0.707107 0.000000
2451545.108704  1.4538715965e+00  1.000000 0.000000 0.000000  -0.707107 -0.707107 0.000000
2451545.109371  1.4581967912e+00  1.000000 0.000000 0.000000  -0.707107 -0.707107 0.000000
2451545.110038  1.4510642215e+00  1.000000 0.000000 0.000000  -0.707107 -0.707107 0.000000
2451545.110705  1.4421960063e+00  1.000000 0.000000 0.000000  -0.707107 -0.707107 0.000000
2451545.111372  1.4059903333e+00  1.000000 0.000000 0.000000  -0.707107 -0.707107 0.000000
2451545.112039  1.3891335565e+00  1.000000 0.000000 0.000000  -0.707107 -0.707107 0.000000
2451545.112705  1.3693928526e+00  1.000000 0.000000 0.000000  -0.707107 -0.707107 0.000000
2451545.113372  1.3369493683e+00  1.000000 0.000000 0.000000  -0.707107 -0.707107 0.000000
2451545.114039  1.3067732186e+00  1.000000 0.000000 0.000000  -0.707107 -0.707107 0.000000
2451545.114706  1.2705320532e+00  1.000000 0.000000 0.000000  -0.707107 -0.707107 0.000000
2451545.115373  1.2213904638e+00  1.000000 0.000000 0.000000  -0.707107 -0.707107 0.000000
2451545.116040  1.1851882704e+00  1.000000 0.000000 0.000000  -0.707107 -0.707107 0.000000
2451545.116707  1.1581848581e+00  1.000000 0.000000 0.000000  -0.707107 -0.707107 0.000000
2451545.117374  1.1090314378e+00  1.000000 0.000000 0.000000  -0.707107 -0.707107 0.000000
2451545.118041  1.0760896688e+00  1.000000 0.000000 0.000000  -0.707107 -0.707107 0.000000
2451545.118707  1.0472636201e+00  1.000000 0.000000 0.000000  -0.707107 -0.707107 0.000000
2451545.119374  1.0256529567e+00  1.000000 0.000000 0.000000  -0.707107 -0.707107 0.000000
2451545.120041  1.0128325644e+00  1.000000 0.000000 0.000000  -0.707107 -0.707107 0.000000
2451545.120708  9.8025059036e-01  1.000000 0.000000 0.000000  -0.707107 -0.707107 0.000000
2451545.121375  9.5963162485e-01  1.000000 0.000000 0.000000  -0.707107 -0.707107 0.000000
2451545.122042  9.5055463122e-01  1.000000 0.000000 0.000000  -0.707107 -0.707107 0.000000
2451545.122709  9.3793953781e-01  1.000000 0.000000 0.000000  -0.707107 -0.707107 0.000000
2451545.123376  9.2884723375e-01  1.000000 0.000000 0.000000  -0.707107 -0.707107 0.000000
2451545.124043  9.2298194952e-01  1.000000 0.000000 0.000000  -0.707107 -0.707107 0.000000
2451545.124710  9.3024187419e-01  1.000000 0.000000 0.000000  -0.707107 -0.707107 0.000000
2451545.125376  9.2693760633e-01  1.000000 0.000000 0.000000  -0.707107 -0.707107 0.000000
2451545.126043  9.2885976046e-01  1.000000 0.000000 0.000000  -0.707107 -0.707107 0.000000
2451545.126710  9.1414992268e-01  1.000000 0.000000 0.000000  -0.707107 -0.707107 0.000000
2451545.127377  9.0484884012e-01  1.000000 0.000000 0.000000  -0.707107 -0.707107 0.000000
2451545.128044  8.9841080684e-01  1.000000 0.000000 0.000000  -0.707107 -0.707107 0.000000
2451545.128711  8.8936791370e-01  1.000000 0.000000 0.000000  -0.707107 -0.707107 0.000000
2451545.129378  8.8082052156e-01  1.000000 0.000000 0.000000  -0.707107 -0.707107 0.000000
2451545.130045  8.7029182137e-01  1.000000 0.000000 0.000000  -0.707107 -0.707107 0.000000
2451545.130712  8.6893893663e-01  1.000000 0.000000 0.000000  -0.707107 -0.707107 0.000000
2451545.131378  8.5728700806e-01  1.000000 0.000000 0.000000  -0.707107 -0.707107 0.000000
2451545.132045  8.5630087758e-01  1.000000 0.000000 0.000000  -0.707107 -0.707107 0.000000
2451545.132712  8.3017085536e-01  1.000000 0.000000 0.000000  -0.707107 -0.707107 0.000000
2451545.133379  8.3379455435e-01  1.000000 0.000000 0.000000  -0.707107 -0.707107 0.000000
2451545.134046  8.2720202497e-01  1.000000 0.000000 0.000000  -0.707107 -0.707107 0.000000
2451545.134713  8.2461595518e-01  1.000000 0.000000 0.000000  -0.707107 -0.707107 0.000000
2451545.135380  8.1389796247e-01  1.000000 0.000000 0.000000  -0.707107 -0.707107 0.000000
2451545.136047  8.0884273885e-01  1.000000 0.000000 0.000000  -0.707107 -0.707107 0.000000
2451545.136714  7.9883668086e-01  1.000000 0.000000 0.000000  -0.707107 -0.707107 0.000000
2451545.137381  7.8924957174e-01  1.000000 0.000000 0.000000  -0.707107 -0.707107 0.000000
2451545.138047  7.8381297938e-01  1.000000 0.000000 0.000000  -0.707107 -0.707107 0.000000
2451545.138714  7.6902519761e-01  1.000000 0.000000 0.000000  -0.707107 -0.707107 0.000000
2451545.139381  7.6091693627e-01  1.000000 0.000000 0.000000  -0.707107 -0.707107 0.000000
2451545.140048  7.5485470430e-01  1.000000 0.000000 0.000000  -0.707107 -0.707107 0.000000
2451545.140715  7.5014048558e-01  1.000000 0.000000 0.000000  -0.707107 -0.707107 0.000000
2451545.141382  7.4109202501e-01  1.000000 0.000000 0.000000  -0.707107 -0.707107 0.000000
2451545.142049  7.3942458066e-01  1.000000 0.000000 0.000000  -0.707107 -0.707107 0.000000
2451545.142716  7.3086744552e-01  1.000000 0.000000 0.000000  -0.707107 -0.707107 0.000000
2451545.143383  7.3891307331e-01  1.000000 0.000000 0.000000  -0.707107 -0.707107 0.000000
2451545.144050  7.2736901364e-01  1.000000 0.000000 0.000000  -0.707107 -0.707107 0.000000
2451545.144716  7.2011256861e-01  1.000000 0.000000 0.000000  -0.707107 -0.707107 0.000000
2451545.145383  7.1339338028e-01  1.000000 0.000000 0.000000  -0.707107 -0.707107 0.000000
2451545.146050  6.9462280049e-01  1.000000 0.000000 0.000000  -0.707107 -0.707107 0.000000
2451545.146717  6.8376423026e-01  1.000000 0.000000 0.000000  -0.707107 -0.707107 0.000000
2451545.147384  6.7133564564e-01  1.000000 0.000000 0.000000  -0.707107 -0.707107 0.000000
2451545.148051  6.5379477127e-01  1.000000 0.000000 0.000000  -0.707107 -0.707107 0.000000
2451545.148718  6.4414502860e-01  1.000000 0.000000 0.000000  -0.707107 -0.707107 0.000000
2451545.149385  6.3153898225e-01  1.000000 0.000000 0.000000  -0.707107 -0.707107 0.000000
2451545.150052  6.3407703299e-01  1.000000 0.000000 0.000000  -0.707107 -0.707107 0.000000
2451545.150718  6.3238801485e-01  1.000000 0.000000 0.000000  -0.707107 -0.707107 0.000000
2451545.151385  6.3738686828e-01  1.000000 0.000000 0.000000  -0.707107 -0.707107 0.000000
2451545.152052  6.4851267500e-01  1.000000 0.000000 0.000000  -0.707107 -0.707107 0.000000
2451545.152719  6.4899008186e-01  1.000000 0.000000 0.000000  -0.707107 -0.707107 0.000000
2451545.153386  6.5649845296e-01  1.000000 0.000000 0.000000  -0.707107 -0.707107 0.000000
2451545.154053  6.5941926430e-01  1.000000 0.000000 0.000000  -0.707107 -0.707107 0.000000
2451545.154720  6.6700070787e-01  1.000000 0.000000 0.000000  -0.707107 -0.707107 0.000000
2451545.155387  6.6598256468e-01  1.000000 0.000000 0.000000  -0.707107 -0.707107 0.000000
2451545.156054  6.7536994235e-01  1.000000 0.000000 0.000000  -0.707107 -0.707107 0.000000
2451545.156721  6.7462251529e-01  1.000000 0.000000 0.000000  -0.707107 -0.707107 0.000000
2451545.157387  6.7597679189e-01  1.000000 0.000000 0.000000  -0.707107 -0.707107 0.000000
2451545.158054  6.6862013317e-01  1.000000 0.000000 0.000000  -0.707107 -0.707107 0.000000
2451545.158721  6.6836959896e-01  1.000000 0.000000 0.000000  -0.707107 -0.707107 0.000000
2451545.159388  6.6523235390e-01  1.000000 0.000000 0.000000  -0.707107 -0.707107 0.000000
2451545.160055  6.5897665386e-01  1.000000 0.000000 0.000000  -0.707107 -0.707107 0.000000
2451545.160722  6.5844148495e-01  1.000000 0.000000 0.000000  -0.707107 -0.707107 0.000000
2451545.161389  6.5814293168e-01  1.000000 0.000000 0.000000  -0.707107 -0.707107 0.000000
2451545.162056  6.6414879344e-01  1.000000 0.000000 0.000000  -0.707107 -0.707107 0.000000
2451545.162723  6.6692206797e-01  1.000000 0.000000 0.000000  -0.707107 -0.707107 0.000000
2451545.163389  6.6930701446e-01  1.000000 0.000000 0.000000  -0.707107 -0.707107 0.000000
2451545.164056  6.7703112336e-01  1.000000 0.000000 0.000000  -0.707107 -0.707107 0.000000
2451545.164723  6.9107217399e-01  1.000000 0.000000 0.000000  -0.707107 -0.707107 0.000000
2451545.165390  7.0395589576e-01  1.000000 0.000000 0.000000  -0.707107 -0.707107 0.000000
2451545.166057  7.1582008247e-01  1.000000 0.000000 0.000000  -0.707107 -0.707107 0.000000
2451545.166724  7.2699877975e-01  1.000000 0.000000 0.000000  -0.707107 -0.707107 0.000000
2451545.167391  7.4110176801e-01  1.000000 0.000000 0.000000  -0.707107 -0.707107 0.000000
2451545.168058  7.6643216854e-01  1.000000 0.000000 0.000000  -0.707107 -0.707107 0.000000
2451545.168725  7.7926647939e-01  1.000000 0.000000 0.000000  -0.707107 -0.707107 0.000000
2451545.169392  7.9185512753e-01  1.000000 0.000000 0.000000  -0.707107 -0.707107 0.000000
2451545.170058  8.0227039140e-01  1.000000 0.000000 0.000000  -0.707107 -0.707107 0.000000
2451545.170725  8.1533714233e-01  1.000000 0.000000 0.000000  -0.707107 -0.707107 0.000000
2451545.171392  8.3246950674e-01  1.000000 0.000000 0.000000  -0.707107 -0.707107 0.000000
2451545.172059  8.5298129929e-01  1.000000 0.000000 0.000000  -0.707107 -0.707107 0.000000
2451545.172726  8.4839165174e-01  1.000000 0.000000 0.000000  -0.707107 -0.707107 0.000000
2451545.173393  8.6254961834e-01  1.000000 0.000000 0.000000  -0.707107 -0.707107 0.000000
2451545.174060  8.6910178387e-01  1.000000 0.000000 0.000000  -0.707107 -0.707107 0.000000
2451545.174727  8.7270390907e-01  1.000000 0.000000 0.000000  -0.707107 -0.707107 0.000000
2451545.175394  8.8233973317e-01  1.000000 0.000000 0.000000  -0.707107 -0.707107 0.000000
2451545.176061  8.9575444828e-01  1.000000 0.000000 0.000000  -0.707107 -0.707107 0.000000
2451545.176727  9.1334055799e-01  1.000000 0.000000 0.000000  -0.707107 -0.707107 0.000000
2451545.177394  9.4900897433e-01  1.000000 0.000000 0.000000  -0.707107 -0.707107 0.000000
2451545.178061  9.6834673573e-01  1.000000 0.000000 0.000000  -0.707107 -0.707107 0.000000
2451545.178728  9.9168747707e-01  1.000000 0.000000 0.000000  -0.707107 -0.707107 0.000000
2451545.179395  1.0144652124e+00  1.000000 0.000000 0.000000  -0.707107 -0.707107 0.000000
2451545.180062  1.0298173920e+00  1.000000 0.000000 0.000000  -0.707107 -0.707107 0.000000
2451545.180729  1.0487313331e+00  1.000000 0.000000 0.000000  -0.707107 -0.707107 0.000000
2451545.181396  1.0602051040e+00  1.000000 0.000000 0.000000  -0.707107 -0.707107 0.000000
2451545.182063  1.0765830820e+00  1.000000 0.000000 0.000000  -0.707107 -0.707107 0.000000
2451545.182729  1.0880645081e+00  1.000000 0.000000 0.000000  -0.707107 -0.707107 0.000000
2451545.183396  1.1119425062e+00  1.000000 0.000000 0.000000  -0.707107 -0.707107 0.000000
2451545.184063  1.1298062913e+00  1.000000 0.000000 0.000000  -0.707107 -0.707107 0.000000
2451545.184730  1.1387545382e+00  1.000000 0.000000 0.000000  -0.707107 -0.707107 0.000000
2451545.185397  1.1598091549e+00  1.000000 0.000000 0.000000  -0.707107 -0.707107 0.000000
2451545.186064  1.1691986203e+00  1.000000 0.000000 0.000000  -0.707107 -0.707107 0.000000
2451545.186731  1.1732217822e+00  1.000000 0.000000 0.000000  -0.707107 -0.707107 0.000000
2451545.187398  1.1661852505e+00  1.000000 0.000000 0.000000  -0.707107 -0.707107 0.000000
2451545.188065  1.1664545748e+00  1.000000 0.000000 0.000000  -0.707107 -0.707107 0.000000
2451545.188732  1.1655853603e+00  1.000000 0.000000 0.000000  -0.707107 -0.707107 0.000000
2451545.189398  1.1600979651e+00  1.000000 0.000000 0.000000  -0.707107 -0.707107 0.000000
2451545.190065  1.1545604631e+00  1.000000 0.000000 0.000000  -0.707107 -0.707107 0.000000
2451545.190732  1.1396592451e+00  1.000000 0.000000 0.000000  -0.707107 -0.707107 0.000000
2451545.191399  1.1178572013e+00  1.000000 0.000000 0.000000  -0.707107 -0.707107 0.000000
2451545.192066  1.1081274269e+00  1.000000 0.000000 0.000000  -0.707107 -0.707107 0.000000
2451545.192733  1.0800801221e+00  1.000000 0.000000 0.000000  -0.707107 -0.707107 0.000000
2451545.193400  1.0639881705e+00  1.000000 0.000000 0.000000  -0.707107 -0.707107 0.000000
2451545.194067  1.0453317230e+00  1.000000 0.000000 0.000000  -0.707107 -0.707107 0.000000
2451545.194734  1.0254768868e+00  1.000000 0.000000 0.000000  -0.707107 -0.707107 0.000000
2451545.195400  1.0111873898e+00  1.000000 0.000000 0.000000  -0.707107 -0.707107 0.000000
2451545.196067  9.8890445955e-01  1.000000 0.000000 0.000000  -0.707107 -0.707107 0.000000
2451545.196734  9.4397950006e-01  1.000000 0.000000 0.000000  -0.707107 -0.707107 0.000000
2451545.197401  9.1993169551e-01  1.000000 0.000000 0.000000  -0.707107 -0.707107 0.000000
2451545.198068  8.9324562653e-01  1.000000 0.000000 0.000000  -0.707107 -0.707107 0.000000
2451545.198735  8.4287085204e-01  1.000000 0.000000 0.000000  -0.707107 -0.707107 0.000000
2451545.199402  8.0316674713e-01  1.000000 0.000000 0.000000  -0.707107 -0.707107 0.000000
2451545.200069  7.6783933568e-01  1.000000 0.000000 0.000000  -0.707107 -0.707107 0.000000
2451545.200736  7.1817927962e-01  1.000000 0.000000 0.000000  -0.707107 -0.707107 0.000000
2451545.201403  6.7943625177e-01  1.000000 0.000000 0.000000  -0.707107 -0.707107 0.000000
2451545.202069  6.3682873373e-01  1.000000 0.000000 0.000000  -0.707107 -0.707107 0.000000
2451545.202736  5.7638178806e-01  1.000000 0.000000 0.000000  -0.707107 -0.707107 0.000000
2451545.203403  5.3734368659e-01  1.000000 0.000000 0.000000  -0.707107 -0.707107 0.000000
2451545.204070  5.0667273181e-01  1.000000 0.000000 0.000000  -0.707107 -0.707107 0.000000
2451545.204737  4.9055503095e-01  1.000000 0.000000 0.000000  -0.707107 -0.707107 0.000000
2451545.205404  5.1213646538e-01  1.000000 0.000000 0.000000  -0.707107 -0.707107 0.000000
2451545.206071  5.5193591248e-01  1.000000 0.000000 0.000000  -0.707107 -0.707107 0.000000
2451545.206738  6.4209412772e-01  1.000000 0.000000 0.000000  -0.707107 -0.707107 0.000000
2451545.207405  7.0126961228e-01  1.000000 0.000000 0.000000  -0.707107 -0.707107 0.000000
2451545.208072  7.6429218882e-01  1.000000 0.000000 0.000000  -0.707107 -0.707107 0.000000
2451545.208738  8.4635606128e-01  1.000000 0.000000 0.000000  -0.707107 -0.707107 0.000000
2451545.209405  9.0582801132e-01  1.000000 0.000000 0.000000  -0.707107 -0.707107 0.000000
2451545.210072  9.6526725273e-01  1.000000 0.000000 0.000000  -0.707107 -0.707107 0.000000
2451545.210739  1.0543509546e+00  1.000000 0.000000 0.000000  -0.707107 -0.707107 0.000000
2451545.211406  1.1067300027e+00  1.000000 0.000000 0.000000  -0.707107 -0.707107 0.000000
2451545.212073  1.1551144221e+00  1.000000 0.000000 0.000000  -0.707107 -0.707107 0.000000
2451545.212740  1.2310979685e+00  1.000000 0.000000 0.000000  -0.707107 -0.707107 0.000000
2451545.213407  1.2820677617e+00  1.000000 0.000000 0.000000  -0.707107 -0.707107 0.000000
2451545.214074  1.3290846819e+00  1.000000 0.000000 0.000000  -0.707107 -0.707107 0.000000
2451545.214740  1.3916569928e+00  1.000000 0.000000 0.000000  -0.707107 -0.707107 0.000000
2451545.215407  1.4332742047e+00  1.000000 0.000000 0.000000  -0.707107 -0.707107 0.000000
2451545.216074  1.4913897904e+00  1.000000 0.000000 0.000000  -0.707107 -0.707107 0.000000
2451545.216741  1.5277172509e+00  1.000000 0.000000 0.000000  -0.707107 -0.707107 0.000000
2451545.217408  1.5589219827e+00  1.000000 0.000000 0.000000  -0.707107 -0.707107 0.000000
2451545.218075  1.5954053312e+00  1.000000 0.000000 0.000000  -0.707107 -0.707107 0.000000
2451545.218742  1.6154550273e+00  1.000000 0.000000 0.000000  -0.707107 -0.707107 0.000000
2451545.219409  1.6414632620e+00  1.000000 0.000000 0.000000  -0.707107 -0.707107 0.000000
2451545.220076  1.6535626726e+00  1.000000 0.000000 0.000000  -0.707107 -0.707107 0.000000
2451545.220743  1.6573972378e+00  1.000000 0.000000 0.000000  -0.707107 -0.707107 0.000000
2451545.221409  1.6592978182e+00  1.000000 0.000000 0.000000  -0.707107 -0.707107 0.000000
2451545.222076  1.6604015606e+00  1.000000 0.000000 0.000000  -0.707107 -0.707107 0.000000
2451545.222743  1.6477113069e+00  1.000000 0.000000 0.000000  -0.707107 -0.707107 0.000000
2451545.223410  1.6286922807e+00  1.000000 0.000000 0.000000  -0.707107 -0.707107 0.000000
2451545.224077  1.5855739512e+00  1.000000 0.000000 0.000000  -0.707107 -0.707107 0.000000
2451545.224744  1.5492388355e+00  1.000000 0.000000 0.000000  -0.707107 -0.707107 0.000000
2451545.225411  1.5097657788e+00  1.000000 0.000000 0.000000  -0.707107 -0.707107 0.000000
2451545.226078  1.4528012587e+00  1.000000 0.000000 0.000000  -0.707107 -0.707107 0.000000
2451545.226745  1.4062547861e+00  1.000000 0.000000 0.000000  -0.707107 -0.707107 0.000000
2451545.227411  1.3540072684e+00  1.000000 0.000000 0.000000  -0.707107 -0.707107 0.000000
2451545.228078  1.2828061417e+00  1.000000 0.000000 0.000000  -0.707107 -0.707107 0.000000
2451545.228745  1.2248088639e+00  1.000000 0.000000 0.000000  -0.707107 -0.707107 0.000000
2451545.229412  1.1750673842e+00  1.000000 0.000000 0.000000  -0.707107 -0.707107 0.000000
2451545.230079  1.1017568987e+00  1.000000 0.000000 0.000000  -0.707107 -0.707107 0.000000
2451545.230746  1.0578535620e+00  1.000000 0.000000 0.000000  -0.707107 -0.707107 0.000000
2451545.231413  1.0076360673e+00  1.000000 0.000000 0.000000  -0.707107 -0.707107 0.000000
2451545.232080  9.3354057463e-01  1.000000 0.000000 0.000000  -0.707107 -0.707107 0.000000
2451545.232747  8.9676632812e-01  1.000000 0.000000 0.000000  -0.707107 -0.707107 0.000000
2451545.233414  8.5044394448e-01  1.000000 0.000000 0.000000  -0.707107 -0.707107 0.000000
2451545.234080  8.2622424562e-01  1.000000 0.000000 0.000000  -0.707107 -0.707107 0.000000
2451545.234747  8.4438380030e-01  1.000000 0.000000 0.000000  -0.707107 -0.707107 0.000000
2451545.235414  8.6647256652e-01  1.000000 0.000000 0.000000  -0.707107 -0.707107 0.000000
2451545.236081  8.9930925035e-01  1.000000 0.000000 0.000000  -0.707107 -0.707107 0.000000
2451545.236748  9.2355957006e-01  1.000000 0.000000 0.000000  -0.707107 -0.707107 0.000000
2451545.237415  9.4372339842e-01  1.000000 0.000000 0.000000  -0.707107 -0.707107 0.000000
2451545.238082  9.7831730137e-01  1.000000 0.000000 0.000000  -0.707107 -0.707107 0.000000
2451545.238749  9.9530769641e-01  1.000000 0.000000 0.000000  -0.707107 -0.707107 0.000000
2451545.239416  1.0116606211e+00  1.000000 0.000000 0.000000  -0.707107 -0.707107 0.000000
360  1
2451545.000000  9.1913255454e-01  1.000000 0.000000 0.000000  -0.707107 -0.707107 0.000000
2451545.000667  9.3593101934e-01  1.000000 0.000000 0.000000  -0.707107 -0.707107 0.000000
2451545.001334  9.4318277504e-01  1.000000 0.000000 0.000000  -0.707107 -0.707107 0.000000
2451545.002001  9.5711291943e-01  1.000000 0.000000 0.000000  -0.707107 -0.707107 0.000000
2451545.002668  9.5991291113e-01  1.000000 0.000000 0.000000  -0.707107 -0.707107 0.000000
2451545.003334  9.5705870208e-01  1.000000 0.000000 0.000000  -0.707107 -0.707107 0.000000
2451545.004001  9.6837230251e-01  1.000000 0.000000 0.000000  -0.707107 -0.707107 0.000000
2451545.004668  9.6545347827e-01  1.000000 0.000000 0.000000  -0.707107 -0.707107 0.000000
2451545.005335  9.5965890658e-01  1.000000 0.000000 0.000000  -0.707107 -0.707107 0.000000
2451545.006002  9.4640016603e-01  1.000000 0.000000 0.000000  -0.707107 -0.707107 0.000000
2451545.006669  9.4263020373e-01  1.000000 0.000000 0.000000  -0.707107 -0.707107 0.000000
2451545.007336  9.2778876230e-01  1.000000 0.000000 0.000000  -0.707107 -0.707107 0.000000
2451545.008003  9.2096777456e-01  1.000000 0.000000 0.000000  -0.707107 -0.707107 0.000000
2451545.008670  9.0594065729e-01  1.000000 0.000000 0.000000  -0.707107 -0.707107 0.000000
2451545.009337  8.8972447193e-01  1.000000 0.000000 0.000000  -0.707107 -0.707107 0.000000
2451545.010003  8.7599485745e-01  1.000000 0.000000 0.000000  -0.707107 -0.707107 0.000000
2451545.010670  8.5597008921e-01  1.000000 0.000000 0.000000  -0.707107 -0.707107 0.000000
2451545.011337  8.4802093505e-01  1.000000 0.000000 0.000000  -0.707107 -0.707107 0.000000
2451545.012004  8.3131233735e-01  1.000000 0.000000 0.000000  -0.707107 -0.707107 0.000000
2451545.012671  8.3268485318e-01  1.000000 0.000000 0.000000  -0.707107 -0.707107 0.000000
2451545.013338  8.4137596800e-01  1.000000 0.000000 0.000000  -0.707107 -0.707107 0.000000
2451545.014005  8.7690689719e-01  1.000000 0.000000 0.000000  -0.707107 -0.707107 0.000000
2451545.014672  9.0145398624e-01  1.000000 0.000000 0.000000  -0.707107 -0.707107 0.000000
2451545.015339  9.2576935184e-01  1.000000 0.000000 0.000000  -0.707107 -0.707107 0.000000
2451545.016006  9.7219573945e-01  1.000000 0.000000 0.000000  -0.707107 -0.707107 0.000000
2451545.016672  1.0056797781e+00  1.000000 0.000000 0.000000  -0.707107 -0.707107 0.000000
2451545.017339  1.0388318284e+00  1.000000 0.000000 0.000000  -0.707107 -0.707107 0.000000
2451545.018006  1.0918333690e+00  1.000000 0.000000 0.000000  -0.707107 -0.707107 0.000000
2451545.018673  1.1339067721e+00  1.000000 0.000000 0.000000  -0.707107 -0.707107 0.000000
2451545.019340  1.1811085421e+00  1.000000 0.000000 0.000000  -0.707107 -0.707107 0.000000
2451545.020007  1.2641598609e+00  1.000000 0.000000 0.000000  -0.707107 -0.707107 0.000000
2451545.020674  1.3180036271e+00  1.000000 0.000000 0.000000  -0.707107 -0.707107 0.000000
2451545.021341  1.3714173680e+00  1.000000 0.000000 0.000000  -0.707107 -0.707107 0.000000
2451545.022008  1.4626361958e+00  1.000000 0.000000 0.000000  -0.707107 -0.707107 0.000000
2451545.022674  1.5230818522e+00  1.000000 0.000000 0.000000  -0.707107 -0.707107 0.000000
2451545.023341  1.5714474383e+00  1.000000 0.000000 0.000000  -0.707107 -0.707107 0.000000
2451545.024008  1.6203618822e+00  1.000000 0.000000 0.000000  -0.707107 -0.707107 0.000000
2451545.024675  1.6596412353e+00  1.000000 0.000000 0.000000  -0.707107 -0.707107 0.000000
2451545.025342  1.7162998472e+00  1.000000 0.000000 0.000000  -0.707107 -0.707107 0.000000
2451545.026009  1.7420025827e+00  1.000000 0.000000 0.000000  -0.707107 -0.707107 0.000000
2451545.026676  1.7669938084e+00  1.000000 0.000000 0.000000  -0.707107 -0.707107 0.000000
2451545.027343  1.7848328006e+00  1.000000 0.000000 0.000000  -0.707107 -0.707107 0.000000
2451545.028010  1.7961070377e+00  1.000000 0.000000 0.000000  -0.707107 -0.707107 0.000000
2451545.028677  1.7946921878e+00  1.000000 0.000000 0.000000  -0.707107 -0.707107 0.000000
2451545.029343  1.7999542412e+00  1.000000 0.000000 0.000000  -0.707107 -0.707107 0.000000
2451545.030010  1.7892206921e+00  1.000000 0.000000 0.000000  -0.707107 -0.707107 0.000000
2451545.030677  1.7573401500e+00  1.000000 0.000000 0.000000  -0.707107 -0.707107 0.000000
2451545.031344  1.7146317354e+00  1.000000 0.000000 0.000000  -0.707107 -0.707107 0.000000
2451545.032011  1.6667102859e+00  1.000000 0.000000 0.000000  -0.707107 -0.707107 0.000000
2451545.032678  1.6216244779e+00  1.000000 0.000000 0.000000  -0.707107 -0.707107 0.000000
2451545.033345  1.5356246267e+00  1.000000 0.000000 0.000000  -0.707107 -0.707107 0.000000
2451545.034012  1.4652601668e+00  1.000000 0.000000 0.000000  -0.707107 -0.707107 0.000000
2451545.034679  1.3895304177e+00  1.000000 0.000000 0.000000  -0.707107 -0.707107 0.000000
2451545.035345  1.2710038725e+00  1.000000 0.000000 0.000000  -0.707107 -0.707107 0.000000
2451545.036012  1.1959522116e+00  1.000000 0.000000 0.000000  -0.707107 -0.707107 0.000000
2451545.036679  1.1162608828e+00  1.000000 0.000000 0.000000  -0.707107 -0.707107 0.000000
2451545.037346  9.9589688937e-01  1.000000 0.000000 0.000000  -0.707107 -0.707107 0.000000
2451545.038013  9.1702996130e-01  1.000000 0.000000 0.000000  -0.707107 -0.707107 0.000000
2451545.038680  8.4558932422e-01  1.000000 0.000000 0.000000  -0.707107 -0.707107 0.000000
2451545.039347  7.4544245921e-01  1.000000 0.000000 0.000000  -0.707107 -0.707107 0.000000
2451545.040014  6.9922922747e-01  1.000000 0.000000 0.000000  -0.707107 -0.707107 0.000000
2451545.040681  6.6112631652e-01  1.000000 0.000000 0.000000  -0.707107 -0.707107 0.000000
2451545.041348  6.3918611629e-01  1.000000 0.000000 0.000000  -0.707107 -0.707107 0.000000
2451545.042014  6.3243197185e-01  1.000000 0.000000 0.000000  -0.707107 -0.707107 0.000000
2451545.042681  6.2514902262e-01  1.000000 0.000000 0.000000  -0.707107 -0.707107 0.000000
2451545.043348  6.1685673950e-01  1.000000 0.000000 0.000000  -0.707107 -0.707107 0.000000
2451545.044015  6.1099532451e-01  1.000000 0.000000 0.000000  -0.707107 -0.707107 0.000000
2451545.044682  6.0879469443e-01  1.000000 0.000000 0.000000  -0.707107 -0.707107 0.000000
2451545.045349  6.0568796623e-01  1.000000 0.000000 0.000000  -0.707107 -0.707107 0.000000
2451545.046016  6.0686737918e-01  1.000000 0.000000 0.000000  -0.707107 -0.707107 0.000000
2451545.046683  6.0933389707e-01  1.000000 0.000000 0.000000  -0.707107 -0.707107 0.000000
2451545.047350  6.0603332330e-01  1.000000 0.000000 0.000000  -0.707107 -0.707107 0.000000
2451545.048017  6.1226608997e-01  1.000000 0.000000 0.000000  -0.707107 -0.707107 0.000000
2451545.048683  6.2138723005e-01  1.000000 0.000000 0.000000  -0.707107 -0.707107 0.000000
2451545.049350  6.2926508469e-01  1.000000 0.000000 0.000000  -0.707107 -0.707107 0.000000
2451545.050017  6.4092329947e-01  1.000000 0.000000 0.000000  -0.707107 -0.707107 0.000000
2451545.050684  6.6408079052e-01  1.000000 0.000000 0.000000  -0.707107 -0.707107 0.000000
2451545.051351  6.7167047625e-01  1.000000 0.000000 0.000000  -0.707107 -0.707107 0.000000
2451545.052018  6.7349529843e-01  1.000000 0.000000 0.000000  -0.707107 -0.707107 0.000000
2451545.052685  6.9420409648e-01  1.000000 0.000000 0.000000  -0.707107 -0.707107 0.000000
2451545.053352  7.0632130194e-01  1.000000 0.000000 0.000000  -0.707107 -0.707107 0.000000
2451545.054019  7.2150067340e-01  1.000000 0.000000 0.000000  -0.707107 -0.707107 0.000000
2451545.054685  7.3265682071e-01  1.000000 0.000000 0.000000  -0.707107 -0.707107 0.000000
2451545.055352  7.4170591856e-01  1.000000 0.000000 0.000000  -0.707107 -0.707107 0.000000
2451545.056019  7.5321113645e-01  1.000000 0.000000 0.000000  -0.707107 -0.707107 0.000000
2451545.056686  7.7019899062e-01  1.000000 0.000000 0.000000  -0.707107 -0.707107 0.000000
2451545.057353  7.7557542031e-01  1.000000 0.000000 0.000000  -0.707107 -0.707107 0.000000
2451545.058020  7.7928076742e-01  1.000000 0.000000 0.000000  -0.707107 -0.707107 0.000000
2451545.058687  7.7626390633e-01  1.000000 0.000000 0.000000  -0.707107 -0.707107 0.000000
2451545.059354  7.7540979746e-01  1.000000 0.000000 0.000000  -0.707107 -0.707107 0.000000
2451545.060021  7.7348693843e-01  1.000000 0.000000 0.000000  -0.707107 -0.707107 0.000000
2451545.060688  7.6419869010e-01  1.000000 0.000000 0.000000  -0.707107 -0.707107 0.000000
2451545.061354  7.5545038711e-01  1.000000 0.000000 0.000000  -0.707107 -0.707107 0.000000
2451545.062021  7.4897475644e-01  1.000000 0.000000 0.000000  -0.707107 -0.707107 0.000000
2451545.062688  7.3345894035e-01  1.000000 0.000000 0.000000  -0.707107 -0.707107 0.000000
2451545.063355  7.2614405487e-01  1.000000 0.000000 0.000000  -0.707107 -0.707107 0.000000
2451545.064022  7.1869919629e-01  1.000000 0.000000 0.000000  -0.707107 -0.707107 0.000000
2451545.064689  7.2069706836e-01  1.000000 0.000000 0.000000  -0.707107 -0.707107 0.000000
2451545.065356  7.2066438941e-01  1.000000 0.000000 0.000000  -0.707107 -0.707107 0.000000
2451545.066023  7.2514363343e-01  1.000000 0.000000 0.000000  -0.707107 -0.707107 0.000000
2451545.066690  7.1348021972e-01  1.000000 0.000000 0.000000  -0.707107 -0.707107 0.000000
2451545.067356  7.1058516199e-01  1.000000 0.000000 0.000000  -0.707107 -0.707107 0.000000
2451545.068023  7.1646440186e-01  1.000000 0.000000 0.000000  -0.707107 -0.707107 0.000000
2451545.068690  7.3157247379e-01  1.000000 0.000000 0.000000  -0.707107 -0.707107 0.000000
2451545.069357  7.3999101648e-01  1.000000 0.000000 0.000000  -0.707107 -0.707107 0.000000
2451545.070024  7.5226047614e-01  1.000000 0.000000 0.000000  -0.707107 -0.707107 0.000000
2451545.070691  7.5264965271e-01  1.000000 0.000000 0.000000  -0.707107 -0.707107 0.000000
2451545.071358  7.6617131025e-01  1.000000 0.000000 0.000000  -0.707107 -0.707107 0.000000
2451545.072025  7.9191415173e-01  1.000000 0.000000 0.000000  -0.707107 -0.707107 0.000000
2451545.072692  8.0287571075e-01  1.000000 0.000000 0.000000  -0.707107 -0.707107 0.000000
2451545.073359  8.0514466954e-01  1.000000 0.000000 0.000000  -0.707107 -0.707107 0.000000
2451545.074025  8.1499068811e-01  1.000000 0.000000 0.000000  -0.707107 -0.707107 0.000000
2451545.074692  8.2585272488e-01  1.000000 0.000000 0.000000  -0.707107 -0.707107 0.000000
2451545.075359  8.3317503740e-01  1.000000 0.000000 0.000000  -0.707107 -0.707107 0.000000
2451545.076026  8.3079318770e-01  1.000000 0.000000 0.000000  -0.707107 -0.707107 0.000000
2451545.076693  8.4128758630e-01  1.000000 0.000000 0.000000  -0.707107 -0.707107 0.000000
2451545.077360  8.4578316980e-01  1.000000 0.000000 0.000000  -0.707107 -0.707107 0.000000
2451545.078027  8.5929145867e-01  1.000000 0.000000 0.000000  -0.707107 -0.707107 0.000000
2451545.078694  8.7387815285e-01  1.000000 0.000000 0.000000  -0.707107 -0.707107 0.000000
2451545.079361  8.8429456760e-01  1.000000 0.000000 0.000000  -0.707107 -0.707107 0.000000
2451545.080028  9.0553365585e-01  1.000000 0.000000 0.000000  -0.707107 -0.707107 0.000000
2451545.080694  9.1267994767e-01  1.000000 0.000000 0.000000  -0.707107 -0.707107 0.000000
2451545.081361  9.2256904303e-01  1.000000 0.000000 0.000000  -0.707107 -0.707107 0.000000
2451545.082028  9.3320678338e-01  1.000000 0.000000 0.000000  -0.707107 -0.707107 0.000000
2451545.082695  9.4686361294e-01  1.000000 0.000000 0.000000  -0.707107 -0.707107 0.000000
2451545.083362  9.5858570021e-01  1.000000 0.000000 0.000000  -0.707107 -0.707107 0.000000
2451545.084029  9.9561391939e-01  1.000000 0.000000 0.000000  -0.707107 -0.707107 0.000000
2451545.084696  1.0076041226e+00  1.000000 0.000000 0.000000  -0.707107 -0.707107 0.000000
2451545.085363  1.0182151256e+00  1.000000 0.000000 0.000000  -0.707107 -0.707107 0.000000
2451545.086030  1.0337324271e+00  1.000000 0.000000 0.000000  -0.707107 -0.707107 0.000000
2451545.086696  1.0482225698e+00  1.000000 0.000000 0.000000  -0.707107 -0.707107 0.000000
2451545.087363  1.0606933021e+00  1.000000 0.000000 0.000000  -0.707107 -0.707107 0.000000
2451545.088030  1.0737492846e+00  1.000000 0.000000 0.000000  -0.707107 -0.707107 0.000000
2451545.088697  1.0885966677e+00  1.000000 0.000000 0.000000  -0.707107 -0.707107 0.000000
2451545.089364  1.1017610849e+00  1.000000 0.000000 0.000000  -0.707107 -0.707107 0.000000
2451545.090031  1.1266906662e+00  1.000000 0.000000 0.000000  -0.707107 -0.707107 0.000000
2451545.090698  1.1386348218e+00  1.000000 0.000000 0.000000  -0.707107 -0.707107 0.000000
2451545.091365  1.1464606872e+00  1.000000 0.000000 0.000000  -0.707107 -0.707107 0.000000
2451545.092032  1.1601048908e+00  1.000000 0.000000 0.000000  -0.707107 -0.707107 0.000000
2451545.092699  1.1707463447e+00  1.000000 0.000000 0.000000  -0.707107 -0.707107 0.000000
2451545.093365  1.1912560982e+00  1.000000 0.000000 0.000000  -0.707107 -0.707107 0.000000
2451545.094032  1.2142464810e+00  1.000000 0.000000 0.000000  -0.707107 -0.707107 0.000000
2451545.094699  1.2165577739e+00  1.000000 0.000000 0.000000  -0.707107 -0.707107 0.000000
2451545.095366  1.2308265910e+00  1.000000 0.000000 0.000000  -0.707107 -0.707107 0.000000
2451545.096033  1.2591592391e+00  1.000000 0.000000 0.000000  -0.707107 -0.707107 0.000000
2451545.096700  1.2712838716e+00  1.000000 0.000000 0.000000  -0.707107 -0.707107 0.000000
2451545.097367  1.2817530183e+00  1.000000 0.000000 0.000000  -0.707107 -0.707107 0.000000
2451545.098034  1.2947971176e+00  1.000000 0.000000 0.000000  -0.707107 -0.707107 0.000000
2451545.098701  1.3057430799e+00  1.000000 0.000000 0.000000  -0.707107 -0.707107 0.000000
2451545.099367  1.3355158298e+00  1.000000 0.000000 0.000000  -0.707107 -0.707107 0.000000
2451545.100034  1.3527205534e+00  1.000000 0.000000 0.000000  -0.707107 -0.707107 0.000000
2451545.100701  1.3740509941e+00  1.000000 0.000000 0.000000  -0.707107 -0.707107 0.000000
2451545.101368  1.3886673964e+00  1.000000 0.000000 0.000000  -0.707107 -0.707107 0.000000
2451545.102035  1.3973243469e+00  1.000000 0.000000 0.000000  -0.707107 -0.707107 0.000000
2451545.102702  1.4115612278e+00  1.000000 0.000000 0.000000  -0.707107 -0.707107 0.000000
2451545.103369  1.4176632787e+00  1.000000 0.000000 0.000000  -0.707107 -0.707107 0.000000
2451545.104036  1.4200963749e+00  1.000000 0.000000 0.000000  -0.707107 -0.707107 0.000000
2451545.104703  1.4163345823e+00  1.000000 0.000000 0.000000  -0.707107 -0.707107 0.000000
2451545.105370  1.4020330863e+00  1.000000 0.000000 0.000000  -0.707107 -0.707107 0.000000
2451545.106036  1.3950888098e+00  1.000000 0.000000 0.000000  -0.707107 -0.707107 0.000000
2451545.106703  1.3817639686e+00  1.000000 0.000000 0.000000  -0.707107 -0.707107 0.000000
2451545.107370  1.3955641399e+00  1.000000 0.000000 0.000000  -0.707107 -0.707107 0.000000
2451545.108037  1.3986805232e+00  1.000000 0.000000 0.000000  -0.707107 -0.707107 0.000000
2451545.108704  1.4009933015e+00  1.000000 0.000000 0.000000  -0.707107 -0.707107 0.000000
2451545.109371  1.3767366095e+00  1.000000 0.000000 0.000000  -0.707107 -0.707107 0.000000
2451545.110038  1.3592578284e+00  1.000000 0.000000 0.000000  -0.707107 -0.707107 0.000000
2451545.110705  1.3415309844e+00  1.000000 0.000000 0.000000  -0.707107 -0.707107 0.000000
2451545.111372  1.3251714573e+00  1.000000 0.000000 0.000000  -0.707107 -0.707107 0.000000
2451545.112039  1.3118332475e+00  1.000000 0.000000 0.000000  -0.707107 -0.707107 0.000000
2451545.112705  1.2874146461e+00  1.000000 0.000000 0.000000  -0.707107 -0.707107 0.000000
2451545.113372  1.2396187135e+00  1.000000 0.000000 0.000000  -0.707107 -0.707107 0.000000
2451545.114039  1.2206589819e+00  1.000000 0.000000 0.000000  -0.707107 -0.707107 0.000000
2451545.114706  1.1987611157e+00  1.000000 0.000000 0.000000  -0.707107 -0.707107 0.000000
2451545.115373  1.1590502520e+00  1.000000 0.000000 0.000000  -0.707107 -0.707107 0.000000
2451545.116040  1.1232979972e+00  1.000000 0.000000 0.000000  -0.707107 -0.707107 0.000000
2451545.116707  1.0979227939e+00  1.000000 0.000000 0.000000  -0.707107 -0.707107 0.000000
2451545.117374  1.0592390889e+00  1.000000 0.000000 0.000000  -0.707107 -0.707107 0.000000
2451545.118041  1.0391950104e+00  1.000000 0.000000 0.000000  -0.707107 -0.707107 0.000000
2451545.118707  1.0093011998e+00  1.000000 0.000000 0.000000  -0.707107 -0.707107 0.000000
2451545.119374  9.6847776639e-01  1.000000 0.000000 0.000000  -0.707107 -0.707107 0.000000
2451545.120041  9.4438669720e-01  1.000000 0.000000 0.000000  -0.707107 -0.707107 0.000000
2451545.120708  9.2030082694e-01  1.000000 0.000000 0.000000  -0.707107 -0.707107 0.000000
2451545.121375  9.1549627884e-01  1.000000 0.000000 0.000000  -0.707107 -0.707107 0.000000
2451545.122042  9.1162902240e-01  1.000000 0.000000 0.000000  -0.707107 -0.707107 0.000000
2451545.122709  9.0491572664e-01  1.000000 0.000000 0.000000  -0.707107 -0.707107 0.000000
2451545.123376  8.9653506183e-01  1.000000 0.000000 0.000000  -0.707107 -0.707107 0.000000
2451545.124043  8.9734535120e-01  1.000000 0.000000 0.000000  -0.707107 -0.707107 0.000000
2451545.124710  8.8751938563e-01  1.000000 0.000000 0.000000  -0.707107 -0.707107 0.000000
2451545.125376  8.9263809725e-01  1.000000 0.000000 0.000000  -0.707107 -0.707107 0.000000
2451545.126043  8.9326642430e-01  1.000000 0.000000 0.000000  -0.707107 -0.707107 0.000000
2451545.126710  8.9383310697e-01  1.000000 0.000000 0.000000  -0.707107 -0.707107 0.000000
2451545.127377  8.9454758761e-01  1.000000 0.000000 0.000000  -0.707107 -0.707107 0.000000
2451545.128044  8.8898919560e-01  1.000000 0.000000 0.000000  -0.707107 -0.707107 0.000000
2451545.128711  8.8315451793e-01  1.000000 0.000000 0.000000  -0.707107 -0.707107 0.000000
2451545.129378  8.8701063382e-01  1.000000 0.000000 0.000000  -0.707107 -0.707107 0.000000
2451545.130045  8.8253436061e-01  1.000000 0.000000 0.000000  -0.707107 -0.707107 0.000000
2451545.130712  8.6703117049e-01  1.000000 0.000000 0.000000  -0.707107 -0.707107 0.000000
2451545.131378  8.6231351868e-01  1.000000 0.000000 0.000000  -0.707107 -0.707107 0.000000
2451545.132045  8.5958259840e-01  1.000000 0.000000 0.000000  -0.707107 -0.707107 0.000000
2451545.132712  8.5390017492e-01  1.000000 0.000000 0.000000  -0.707107 -0.707107 0.000000
2451545.133379  8.5017106130e-01  1.000000 0.000000 0.000000  -0.707107 -0.707107 0.000000
2451545.134046  8.4117989431e-01  1.000000 0.000000 0.000000  -0.707107 -0.707107 0.000000
2451545.134713  8.4182456084e-01  1.000000 0.000000 0.000000  -0.707107 -0.707107 0.000000
2451545.135380  8.4281681254e-01  1.000000 0.000000 0.000000  -0.707107 -0.707107 0.000000
2451545.136047  8.3893915825e-01  1.000000 0.000000 0.000000  -0.707107 -0.707107 0.000000
2451545.136714  8.4028048053e-01  1.000000 0.000000 0.000000  -0.707107 -0.707107 0.000000
2451545.137381  8.1840043928e-01  1.000000 0.000000 0.000000  -0.707107 -0.707107 0.000000
2451545.138047  8.0933945817e-01  1.000000 0.000000 0.000000  -0.707107 -0.707107 0.000000
2451545.138714  8.0445544082e-01  1.000000 0.000000 0.000000  -0.707107 -0.707107 0.000000
2451545.139381  7.9676994635e-01  1.000000 0.000000 0.000000  -0.707107 -0.707107 0.000000
2451545.140048  7.8504637367e-01  1.000000 0.000000 0.000000  -0.707107 -0.707107 0.000000
2451545.140715  7.6919708377e-01  1.000000 0.000000 0.000000  -0.707107 -0.707107 0.000000
2451545.141382  7.6797385132e-01  1.000000 0.000000 0.000000  -0.707107 -0.707107 0.000000
2451545.142049  7.6578956071e-01  1.000000 0.000000 0.000000  -0.707107 -0.707107 0.000000
2451545.142716  7.7514688046e-01  1.000000 0.000000 0.000000  -0.707107 -0.707107 0.000000
2451545.143383  7.7019156358e-01  1.000000 0.000000 0.000000  -0.707107 -0.707107 0.000000
2451545.144050  7.6811422226e-01  1.000000 0.000000 0.000000  -0.707107 -0.707107 0.000000
2451545.144716  7.6113875222e-01  1.000000 0.000000 0.000000  -0.707107 -0.707107 0.000000
2451545.145383  7.5637950903e-01  1.000000 0.000000 0.000000  -0.707107 -0.707107 0.000000
2451545.146050  7.3738338495e-01  1.000000 0.000000 0.000000  -0.707107 -0.707107 0.000000
2451545.146717  7.2454872803e-01  1.000000 0.000000 0.000000  -0.707107 -0.707107 0.000000
2451545.147384  7.1382854760e-01  1.000000 0.000000 0.000000  -0.707107 -0.707107 0.000000
2451545.148051  7.0271547709e-01  1.000000 0.000000 0.000000  -0.707107 -0.707107 0.000000
2451545.148718  6.9841596728e-01  1.000000 0.000000 0.000000  -0.707107 -0.707107 0.000000
2451545.149385  6.9865511777e-01  1.000000 0.000000 0.000000  -0.707107 -0.707107 0.000000
2451545.150052  7.1777304519e-01  1.000000 0.000000 0.000000  -0.707107 -0.707107 0.000000
2451545.150718  7.2090576800e-01  1.000000 0.000000 0.000000  -0.707107 -0.707107 0.000000
2451545.151385  7.2839964500e-01  1.000000 0.000000 0.000000  -0.707107 -0.707107 0.000000
2451545.152052  7.2010958999e-01  1.000000 0.000000 0.000000  -0.707107 -0.707107 0.000000
2451545.152719  7.2422193855e-01  1.000000 0.000000 0.000000  -0.707107 -0.707107 0.000000
2451545.153386  7.2440167276e-01  1.000000 0.000000 0.000000  -0.707107 -0.707107 0.000000
2451545.154053  7.3481585941e-01  1.000000 0.000000 0.000000  -0.707107 -0.707107 0.000000
2451545.154720  7.3599304425e-01  1.000000 0.000000 0.000000  -0.707107 -0.707107 0.000000
2451545.155387  7.3420684264e-01  1.000000 0.000000 0.000000  -0.707107 -0.707107 0.000000
2451545.156054  7.2881184537e-01  1.000000 0.000000 0.000000  -0.707107 -0.707107 0.000000
2451545.156721  7.2692092259e-01  1.000000 0.000000 0.000000  -0.707107 -0.707107 0.000000
2451545.157387  7.3539813885e-01  1.000000 0.000000 0.000000  -0.707107 -0.707107 0.000000
2451545.158054  7.3450243858e-01  1.000000 0.000000 0.000000  -0.707107 -0.707107 0.000000
2451545.158721  7.2647084435e-01  1.000000 0.000000 0.000000  -0.707107 -0.707107 0.000000
2451545.159388  7.2580166861e-01  1.000000 0.000000 0.000000  -0.707107 -0.707107 0.000000
2451545.160055  7.1889526998e-01  1.000000 0.000000 0.000000  -0.707107 -0.707107 0.000000
2451545.160722  7.1441528326e-01  1.000000 0.000000 0.000000  -0.707107 -0.707107 0.000000
2451545.161389  7.1092829094e-01  1.000000 0.000000 0.000000  -0.707107 -0.707107 0.000000
2451545.162056  7.1199184217e-01  1.000000 0.000000 0.000000  -0.707107 -0.707107 0.000000
2451545.162723  7.0959959462e-01  1.000000 0.000000 0.000000  -0.707107 -0.707107 0.000000
2451545.163389  7.0740787697e-01  1.000000 0.000000 0.000000  -0.707107 -0.707107 0.000000
2451545.164056  7.1051460517e-01  1.000000 0.000000 0.000000  -0.707107 -0.707107 0.000000
2451545.164723  7.1440191460e-01  1.000000 0.000000 0.000000  -0.707107 -0.707107 0.000000
2451545.165390  7.1497156808e-01  1.000000 0.000000 0.000000  -0.707107 -0.707107 0.000000
2451545.166057  7.2389811988e-01  1.000000 0.000000 0.000000  -0.707107 -0.707107 0.000000
2451545.166724  7.3514636241e-01  1.000000 0.000000 0.000000  -0.707107 -0.707107 0.000000
2451545.167391  7.4628765565e-01  1.000000 0.000000 0.000000  -0.707107 -0.707107 0.000000
2451545.168058  7.5081294727e-01  1.000000 0.000000 0.000000  -0.707107 -0.707107 0.000000
2451545.168725  7.5631489383e-01  1.000000 0.000000 0.000000  -0.707107 -0.707107 0.000000
2451545.169392  7.7516396264e-01  1.000000 0.000000 0.000000  -0.707107 -0.707107 0.000000
2451545.170058  7.8662313292e-01  1.000000 0.000000 0.000000  -0.707107 -0.707107 0.000000
2451545.170725  7.9384518049e-01  1.000000 0.000000 0.000000  -0.707107 -0.707107 0.000000
2451545.171392  8.0219019554e-01  1.000000 0.000000 0.000000  -0.707107 -0.707107 0.000000
2451545.172059  8.0969892660e-01  1.000000 0.000000 0.000000  -0.707107 -0.707107 0.000000
2451545.172726  8.1058942794e-01  1.000000 0.000000 0.000000  -0.707107 -0.707107 0.000000
2451545.173393  8.1687641196e-01  1.000000 0.000000 0.000000  -0.707107 -0.707107 0.000000
2451545.174060  8.2195353220e-01  1.000000 0.000000 0.000000  -0.707107 -0.707107 0.000000
2451545.174727  8.2475426660e-01  1.000000 0.000000 0.000000  -0.707107 -0.707107 0.000000
2451545.175394  8.2998586913e-01  1.000000 0.000000 0.000000  -0.707107 -0.707107 0.000000
2451545.176061  8.3144082503e-01  1.000000 0.000000 0.000000  -0.707107 -0.707107 0.000000
2451545.176727  8.3615550602e-01  1.000000 0.000000 0.000000  -0.707107 -0.707107 0.000000
2451545.177394  8.5947936263e-01  1.000000 0.000000 0.000000  -0.707107 -0.707107 0.000000
2451545.178061  8.8515164729e-01  1.000000 0.000000 0.000000  -0.707107 -0.707107 0.000000
2451545.178728  9.1980321568e-01  1.000000 0.000000 0.000000  -0.707107 -0.707107 0.000000
2451545.179395  9.5574560253e-01  1.000000 0.000000 0.000000  -0.707107 -0.707107 0.000000
2451545.180062  9.6926131844e-01  1.000000 0.000000 0.000000  -0.707107 -0.707107 0.000000
2451545.180729  9.9011123012e-01  1.000000 0.000000 0.000000  -0.707107 -0.707107 0.000000
2451545.181396  1.0257513367e+00  1.000000 0.000000 0.000000  -0.707107 -0.707107 0.000000
2451545.182063  1.0484736036e+00  1.000000 0.000000 0.000000  -0.707107 -0.707107 0.000000
2451545.182729  1.0705712569e+00  1.000000 0.000000 0.000000  -0.707107 -0.707107 0.000000
2451545.183396  1.0931056198e+00  1.000000 0.000000 0.000000  -0.707107 -0.707107 0.000000
2451545.184063  1.1163566915e+00  1.000000 0.000000 0.000000  -0.707107 -0.707107 0.000000
2451545.184730  1.1315932511e+00  1.000000 0.000000 0.000000  -0.707107 -0.707107 0.000000
2451545.185397  1.1619653627e+00  1.000000 0.000000 0.000000  -0.707107 -0.707107 0.000000
2451545.186064  1.1722406638e+00  1.000000 0.000000 0.000000  -0.707107 -0.707107 0.000000
2451545.186731  1.1833084294e+00  1.000000 0.000000 0.000000  -0.707107 -0.707107 0.000000
2451545.187398  1.1893495786e+00  1.000000 0.000000 0.000000  -0.707107 -0.707107 0.000000
2451545.188065  1.1908208740e+00  1.000000 0.000000 0.000000  -0.707107 -0.707107 0.000000
2451545.188732  1.1917960435e+00  1.000000 0.000000 0.000000  -0.707107 -0.707107 0.000000
2451545.189398  1.1849995650e+00  1.000000 0.000000 0.000000  -0.707107 -0.707107 0.000000
2451545.190065  1.1794939049e+00  1.000000 0.000000 0.000000  -0.707107 -0.707107 0.000000
2451545.190732  1.1731742420e+00  1.000000 0.000000 0.000000  -0.707107 -0.707107 0.000000
2451545.191399  1.1518267190e+00  1.000000 0.000000 0.000000  -0.707107 -0.707107 0.000000
2451545.192066  1.1397800704e+00  1.000000 0.000000 0.000000  -0.707107 -0.707107 0.000000
2451545.192733  1.1293948492e+00  1.000000 0.000000 0.000000  -0.707107 -0.707107 0.000000
2451545.193400  1.1217576304e+00  1.000000 0.000000 0.000000  -0.707107 -0.707107 0.000000
2451545.194067  1.1063049441e+00  1.000000 0.000000 0.000000  -0.707107 -0.707107 0.000000
2451545.194734  1.0614679417e+00  1.000000 0.000000 0.000000  -0.707107 -0.707107 0.000000
2451545.195400  1.0401248750e+00  1.000000 0.000000 0.000000  -0.707107 -0.707107 0.000000
2451545.196067  1.0076048653e+00  1.000000 0.000000 0.000000  -0.707107 -0.707107 0.000000
2451545.196734  9.6908678315e-01  1.000000 0.000000 0.000000  -0.707107 -0.707107 0.000000
2451545.197401  9.3704507439e-01  1.000000 0.000000 0.000000  -0.707107 -0.707107 0.000000
2451545.198068  9.0188846771e-01  1.000000 0.000000 0.000000  -0.707107 -0.707107 0.000000
2451545.198735  8.3702892518e-01  1.000000 0.000000 0.000000  -0.707107 -0.707107 0.000000
2451545.199402  7.9752453298e-01  1.000000 0.000000 0.000000  -0.707107 -0.707107 0.000000
2451545.200069  7.5725738441e-01  1.000000 0.000000 0.000000  -0.707107 -0.707107 0.000000
2451545.200736  6.9820503953e-01  1.000000 0.000000 0.000000  -0.707107 -0.707107 0.000000
2451545.201403  6.4082377722e-01  1.000000 0.000000 0.000000  -0.707107 -0.707107 0.000000
2451545.202069  5.9893902072e-01  1.000000 0.000000 0.000000  -0.707107 -0.707107 0.000000
2451545.202736  5.3065190214e-01  1.000000 0.000000 0.000000  -0.707107 -0.707107 0.000000
2451545.203403  4.9301763702e-01  1.000000 0.000000 0.000000  -0.707107 -0.707107 0.000000
2451545.204070  4.6365783013e-01  1.000000 0.000000 0.000000  -0.707107 -0.707107 0.000000
2451545.204737  4.4483401324e-01  1.000000 0.000000 0.000000  -0.707107 -0.707107 0.000000
2451545.205404  4.6186717231e-01  1.000000 0.000000 0.000000  -0.707107 -0.707107 0.000000
2451545.206071  5.1511751847e-01  1.000000 0.000000 0.000000  -0.707107 -0.707107 0.000000
2451545.206738  6.1911232963e-01  1.000000 0.000000 0.000000  -0.707107 -0.707107 0.000000
2451545.207405  6.9525724985e-01  1.000000 0.000000 0.000000  -0.707107 -0.707107 0.000000
2451545.208072  7.5948326641e-01  1.000000 0.000000 0.000000  -0.707107 -0.707107 0.000000
2451545.208738  8.6237516306e-01  1.000000 0.000000 0.000000  -0.707107 -0.707107 0.000000
2451545.209405  9.2951257682e-01  1.000000 0.000000 0.000000  -0.707107 -0.707107 0.000000
2451545.210072  9.9692850435e-01  1.000000 0.000000 0.000000  -0.707107 -0.707107 0.000000
2451545.210739  1.0856993818e+00  1.000000 0.000000 0.000000  -0.707107 -0.707107 0.000000
2451545.211406  1.1493616865e+00  1.000000 0.000000 0.000000  -0.707107 -0.707107 0.000000
2451545.212073  1.2150166644e+00  1.000000 0.000000 0.000000  -0.707107 -0.707107 0.000000
2451545.212740  1.3092612657e+00  1.000000 0.000000 0.000000  -0.707107 -0.707107 0.000000
2451545.213407  1.3663625288e+00  1.000000 0.000000 0.000000  -0.707107 -0.707107 0.000000
2451545.214074  1.4215364767e+00  1.000000 0.000000 0.000000  -0.707107 -0.707107 0.000000
2451545.214740  1.4959211900e+00  1.000000 0.000000 0.000000  -0.707107 -0.707107 0.000000
2451545.215407  1.5480686216e+00  1.000000 0.000000 0.000000  -0.707107 -0.707107 0.000000
2451545.216074  1.6096491288e+00  1.000000 0.000000 0.000000  -0.707107 -0.707107 0.000000
2451545.216741  1.6541043817e+00  1.000000 0.000000 0.000000  -0.707107 -0.707107 0.000000
2451545.217408  1.6900185458e+00  1.000000 0.000000 0.000000  -0.707107 -0.707107 0.000000
2451545.218075  1.7290216132e+00  1.000000 0.000000 0.000000  -0.707107 -0.707107 0.000000
2451545.218742  1.7618921789e+00  1.000000 0.000000 0.000000  -0.707107 -0.707107 0.000000
2451545.219409  1.7758683709e+00  1.000000 0.000000 0.000000  -0.707107 -0.707107 0.000000
2451545.220076  1.7972329760e+00  1.000000 0.000000 0.000000  -0.707107 -0.707107 0.000000
2451545.220743  1.8082524659e+00  1.000000 0.000000 0.000000  -0.707107 -0.707107 0.000000
2451545.221409  1.8232320502e+00  1.000000 0.000000 0.000000  -0.707107 -0.707107 0.000000
2451545.222076  1.8193098337e+00  1.000000 0.000000 0.000000  -0.707107 -0.707107 0.000000
2451545.222743  1.7889206399e+00  1.000000 0.000000 0.000000  -0.707107 -0.707107 0.000000
2451545.223410  1.7664018738e+00  1.000000 0.000000 0.000000  -0.707107 -0.707107 0.000000
2451545.224077  1.7355893391e+00  1.000000 0.000000 0.000000  -0.707107 -0.707107 0.000000
2451545.224744  1.6945319541e+00  1.000000 0.000000 0.000000  -0.707107 -0.707107 0.000000
2451545.225411  1.6475366558e+00  1.000000 0.000000 0.000000  -0.707107 -0.707107 0.000000
2451545.226078  1.5611431717e+00  1.000000 0.000000 0.000000  -0.707107 -0.707107 0.000000
2451545.226745  1.4995797468e+00  1.000000 0.000000 0.000000  -0.707107 -0.707107 0.000000
2451545.227411  1.4328716156e+00  1.000000 0.000000 0.000000  -0.707107 -0.707107 0.000000
2451545.228078  1.3347107394e+00  1.000000 0.000000 0.000000  -0.707107 -0.707107 0.000000
2451545.228745  1.2533706091e+00  1.000000 0.000000 0.000000  -0.707107 -0.707107 0.000000
2451545.229412  1.1765966191e+00  1.000000 0.000000 0.000000  -0.707107 -0.707107 0.000000
2451545.230079  1.0423344175e+00  1.000000 0.000000 0.000000  -0.707107 -0.707107 0.000000
2451545.230746  9.6668636586e-01  1.000000 0.000000 0.000000  -0.707107 -0.707107 0.000000
2451545.231413  8.8757731649e-01  1.000000 0.000000 0.000000  -0.707107 -0.707107 0.000000
2451545.232080  7.7733265648e-01  1.000000 0.000000 0.000000  -0.707107 -0.707107 0.000000
2451545.232747  7.2366119750e-01  1.000000 0.000000 0.000000  -0.707107 -0.707107 0.000000
2451545.233414  6.8761557489e-01  1.000000 0.000000 0.000000  -0.707107 -0.707107 0.000000
2451545.234080  7.0112386377e-01  1.000000 0.000000 0.000000  -0.707107 -0.707107 0.000000
2451545.234747  7.2737768516e-01  1.000000 0.000000 0.000000  -0.707107 -0.707107 0.000000
2451545.235414  7.5124371523e-01  1.000000 0.000000 0.000000  -0.707107 -0.707107 0.000000
2451545.236081  8.0507337002e-01  1.000000 0.000000 0.000000  -0.707107 -0.707107 0.000000
2451545.236748  8.3186787947e-01  1.000000 0.000000 0.000000  -0.707107 -0.707107 0.000000
2451545.237415  8.4982199072e-01  1.000000 0.000000 0.000000  -0.707107 -0.707107 0.000000
2451545.238082  8.7419231637e-01  1.000000 0.000000 0.000000  -0.707107 -0.707107 0.000000
2451545.238749  8.8848564271e-01  1.000000 0.000000 0.000000  -0.707107 -0.707107 0.000000
2451545.239416  9.1722009336e-01  1.000000 0.000000 0.000000  -0.707107 -0.707107 0.000000
360  1
2451545.000000  2.1770875070e+00  1.000000 0.000000 0.000000  -0.000000 -0.000000 1.000000
2451545.000667  2.1835514342e+00  1.000000 0.000000 0.000000  -0.000000 -0.000000 1.000000
2451545.001334  2.1823706873e+00  1.000000 0.000000 0.000000  -0.000000 -0.000000 1.000000
2451545.002001  2.1557726438e+00  1.000000 0.000000 0.000000  -0.000000 -0.000000 1.000000
2451545.002668  2.1480046003e+00  1.000000 0.000000 0.000000  -0.000000 -0.000000 1.000000
2451545.003334  2.1337424492e+00  1.000000 0.000000 0.000000  -0.000000 -0.000000 1.000000
2451545.004001  2.0980012952e+00  1.000000 0.000000 0.000000  -0.000000 -0.000000 1.000000
2451545.004668  2.0749417858e+00  1.000000 0.000000 0.000000  -0.000000 -0.000000 1.000000
2451545.005335  2.0417177934e+00  1.000000 0.000000 0.000000  -0.000000 -0.000000 1.000000
2451545.006002  1.9841963607e+00  1.000000 0.000000 0.000000  -0.000000 -0.000000 1.000000
2451545.006669  1.9454773949e+00  1.000000 0.000000 0.000000  -0.000000 -0.000000 1.000000
2451545.007336  1.9030335169e+00  1.000000 0.000000 0.000000  -0.000000 -0.000000 1.000000
2451545.008003  1.8263940454e+00  1.000000 0.000000 0.000000  -0.000000 -0.000000 1.000000
2451545.008670  1.7673429366e+00  1.000000 0.000000 0.000000  -0.000000 -0.000000 1.000000
2451545.009337  1.7098363294e+00  1.000000 0.000000 0.000000  -0.000000 -0.000000 1.000000
2451545.010003  1.6205040941e+00  1.000000 0.000000 0.000000  -0.000000 -0.000000 1.000000
2451545.010670  1.5458697744e+00  1.000000 0.000000 0.000000  -0.000000 -0.000000 1.000000
2451545.011337  1.4720000279e+00  1.000000 0.000000 0.000000  -0.000000 -0.000000 1.000000
2451545.012004  1.3566294125e+00  1.000000 0.000000 0.000000  -0.000000 -0.000000 1.000000
2451545.012671  1.2808116985e+00  1.000000 0.000000 0.000000  -0.000000 -0.000000 1.000000
2451545.013338  1.2068900628e+00  1.000000 0.000000 0.000000  -0.000000 -0.000000 1.000000
2451545.014005  1.1108291589e+00  1.000000 0.000000 0.000000  -0.000000 -0.000000 1.000000
2451545.014672  1.0418952519e+00  1.000000 0.000000 0.000000  -0.000000 -0.000000 1.000000
2451545.015339  9.7912505531e-01  1.000000 0.000000 0.000000  -0.000000 -0.000000 1.000000
2451545.016006  9.0232462106e-01  1.000000 0.000000 0.000000  -0.000000 -0.000000 1.000000
2451545.016672  8.6302587146e-01  1.000000 0.000000 0.000000  -0.000000 -0.000000 1.000000
2451545.017339  8.2574974651e-01  1.000000 0.000000 0.000000  -0.000000 -0.000000 1.000000
2451545.018006  7.9787829666e-01  1.000000 0.000000 0.000000  -0.000000 -0.000000 1.000000
2451545.018673  7.9307059202e-01  1.000000 0.000000 0.000000  -0.000000 -0.000000 1.000000
2451545.019340  8.0230742104e-01  1.000000 0.000000 0.000000  -0.000000 -0.000000 1.000000
2451545.020007  8.3578821263e-01  1.000000 0.000000 0.000000  -0.000000 -0.000000 1.000000
2451545.020674  8.5769397876e-01  1.000000 0.000000 0.000000  -0.000000 -0.000000 1.000000
2451545.021341  8.7476450714e-01  1.000000 0.000000 0.000000  -0.000000 -0.000000 1.000000
2451545.022008  9.0260736492e-01  1.000000 0.000000 0.000000  -0.000000 -0.000000 1.000000
2451545.022674  9.1816516068e-01  1.000000 0.000000 0.000000  -0.000000 -0.000000 1.000000
2451545.023341  9.2967347130e-01  1.000000 0.000000 0.000000  -0.000000 -0.000000 1.000000
2451545.024008  9.4655444480e-01  1.000000 0.000000 0.000000  -0.000000 -0.000000 1.000000
2451545.024675  9.5751685856e-01  1.000000 0.000000 0.000000  -0.000000 -0.000000 1.000000
2451545.025342  9.7271513544e-01  1.000000 0.000000 0.000000  -0.000000 -0.000000 1.000000
2451545.026009  9.7321708522e-01  1.000000 0.000000 0.000000  -0.000000 -0.000000 1.000000
2451545.026676  9.7687687095e-01  1.000000 0.000000 0.000000  -0.000000 -0.000000 1.000000
2451545.027343  9.6958536207e-01  1.000000 0.000000 0.000000  -0.000000 -0.000000 1.000000
2451545.028010  9.6567671938e-01  1.000000 0.000000 0.000000  -0.000000 -0.000000 1.000000
2451545.028677  9.5493404102e-01  1.000000 0.000000 0.000000  -0.000000 -0.000000 1.000000
2451545.029343  9.3555126086e-01  1.000000 0.000000 0.000000  -0.000000 -0.000000 1.000000
2451545.030010  9.2209339424e-01  1.000000 0.000000 0.000000  -0.000000 -0.000000 1.000000
2451545.030677  9.0847562379e-01  1.000000 0.000000 0.000000  -0.000000 -0.000000 1.000000
2451545.031344  8.8867031628e-01  1.000000 0.000000 0.000000  -0.000000 -0.000000 1.000000
2451545.032011  8.6709018213e-01  1.000000 0.000000 0.000000  -0.000000 -0.000000 1.000000
2451545.032678  8.4367591924e-01  1.000000 0.000000 0.000000  -0.000000 -0.000000 1.000000
2451545.033345  8.0841500617e-01  1.000000 0.000000 0.000000  -0.000000 -0.000000 1.000000
2451545.034012  7.8348536326e-01  1.000000 0.000000 0.000000  -0.000000 -0.000000 1.000000
2451545.034679  7.6309127078e-01  1.000000 0.000000 0.000000  -0.000000 -0.000000 1.000000
2451545.035345  7.3222294776e-01  1.000000 0.000000 0.000000  -0.000000 -0.000000 1.000000
2451545.036012  7.0673046453e-01  1.000000 0.000000 0.000000  -0.000000 -0.000000 1.000000
2451545.036679  6.8777921293e-01  1.000000 0.000000 0.000000  -0.000000 -0.000000 1.000000
2451545.037346  6.7025068185e-01  1.000000 0.000000 0.000000  -0.000000 -0.000000 1.000000
2451545.038013  6.5410145370e-01  1.000000 0.000000 0.000000  -0.000000 -0.000000 1.000000
2451545.038680  6.4148811229e-01  1.000000 0.000000 0.000000  -0.000000 -0.000000 1.000000
2451545.039347  6.1639009382e-01  1.000000 0.000000 0.000000  -0.000000 -0.000000 1.000000
2451545.040014  6.1091365228e-01  1.000000 0.000000 0.000000  -0.000000 -0.000000 1.000000
2451545.040681  6.0655918499e-01  1.000000 0.000000 0.000000  -0.000000 -0.000000 1.000000
2451545.041348  6.0884919849e-01  1.000000 0.000000 0.000000  -0.000000 -0.000000 1.000000
2451545.042014  6.0644005134e-01  1.000000 0.000000 0.000000  -0.000000 -0.000000 1.000000
2451545.042681  6.0474570609e-01  1.000000 0.000000 0.000000  -0.000000 -0.000000 1.000000
2451545.043348  5.9720534026e-01  1.000000 0.000000 0.000000  -0.000000 -0.000000 1.000000
2451545.044015  5.9824259724e-01  1.000000 0.000000 0.000000  -0.000000 -0.000000 1.000000
2451545.044682  5.9950700238e-01  1.000000 0.000000 0.000000  -0.000000 -0.000000 1.000000
2451545.045349  6.0466257728e-01  1.000000 0.000000 0.000000  -0.000000 -0.000000 1.000000
2451545.046016  6.0494532114e-01  1.000000 0.000000 0.000000  -0.000000 -0.000000 1.000000
2451545.046683  6.0845632219e-01  1.000000 0.000000 0.000000  -0.000000 -0.000000 1.000000
2451545.047350  6.1330214960e-01  1.000000 0.000000 0.000000  -0.000000 -0.000000 1.000000
2451545.048017  6.1527923871e-01  1.000000 0.000000 0.000000  -0.000000 -0.000000 1.000000
2451545.048683  6.2119885742e-01  1.000000 0.000000 0.000000  -0.000000 -0.000000 1.000000
2451545.049350  6.2393045965e-01  1.000000 0.000000 0.000000  -0.000000 -0.000000 1.000000
2451545.050017  6.3204531443e-01  1.000000 0.000000 0.000000  -0.000000 -0.000000 1.000000
2451545.050684  6.3642625586e-01  1.000000 0.000000 0.000000  -0.000000 -0.000000 1.000000
2451545.051351  6.4313109770e-01  1.000000 0.000000 0.000000  -0.000000 -0.000000 1.000000
2451545.052018  6.4956113792e-01  1.000000 0.000000 0.000000  -0.000000 -0.000000 1.000000
2451545.052685  6.6225760814e-01  1.000000 0.000000 0.000000  -0.000000 -0.000000 1.000000
2451545.053352  6.6138502034e-01  1.000000 0.000000 0.000000  -0.000000 -0.000000 1.000000
2451545.054019  6.6123729461e-01  1.000000 0.000000 0.000000  -0.000000 -0.000000 1.000000
2451545.054685  6.5509741102e-01  1.000000 0.000000 0.000000  -0.000000 -0.000000 1.000000
2451545.055352  6.5189509850e-01  1.000000 0.000000 0.000000  -0.000000 -0.000000 1.000000
2451545.056019  6.5006944149e-01  1.000000 0.000000 0.000000  -0.000000 -0.000000 1.000000
2451545.056686  6.4101634304e-01  1.000000 0.000000 0.000000  -0.000000 -0.000000 1.000000
2451545.057353  6.3572098465e-01  1.000000 0.000000 0.000000  -0.000000 -0.000000 1.000000
2451545.058020  6.2806783896e-01  1.000000 0.000000 0.000000  -0.000000 -0.000000 1.000000
2451545.058687  6.2197560882e-01  1.000000 0.000000 0.000000  -0.000000 -0.000000 1.000000
2451545.059354  6.1565887794e-01  1.000000 0.000000 0.000000  -0.000000 -0.000000 1.000000
2451545.060021  6.1067538498e-01  1.000000 0.000000 0.000000  -0.000000 -0.000000 1.000000
2451545.060688  5.9863494406e-01  1.000000 0.000000 0.000000  -0.000000 -0.000000 1.000000
2451545.061354  5.9493015228e-01  1.000000 0.000000 0.000000  -0.000000 -0.000000 1.000000
2451545.062021  5.8821366182e-01  1.000000 0.000000 0.000000  -0.000000 -0.000000 1.000000
2451545.062688  5.8191599232e-01  1.000000 0.000000 0.000000  -0.000000 -0.000000 1.000000
2451545.063355  5.6668276957e-01  1.000000 0.000000 0.000000  -0.000000 -0.000000 1.000000
2451545.064022  5.5781446064e-01  1.000000 0.000000 0.000000  -0.000000 -0.000000 1.000000
2451545.064689  5.5043929347e-01  1.000000 0.000000 0.000000  -0.000000 -0.000000 1.000000
2451545.065356  5.4457474097e-01  1.000000 0.000000 0.000000  -0.000000 -0.000000 1.000000
2451545.066023  5.4004130847e-01  1.000000 0.000000 0.000000  -0.000000 -0.000000 1.000000
2451545.066690  5.2644948268e-01  1.000000 0.000000 0.000000  -0.000000 -0.000000 1.000000
2451545.067356  5.2155864922e-01  1.000000 0.000000 0.000000  -0.000000 -0.000000 1.000000
2451545.068023  5.2316457083e-01  1.000000 0.000000 0.000000  -0.000000 -0.000000 1.000000
2451545.068690  5.2566478904e-01  1.000000 0.000000 0.000000  -0.000000 -0.000000 1.000000
2451545.069357  5.2833973660e-01  1.000000 0.000000 0.000000  -0.000000 -0.000000 1.000000
2451545.070024  5.3439119655e-01  1.000000 0.000000 0.000000  -0.000000 -0.000000 1.000000
2451545.070691  5.3314373486e-01  1.000000 0.000000 0.000000  -0.000000 -0.000000 1.000000
2451545.071358  5.4138354760e-01  1.000000 0.000000 0.000000  -0.000000 -0.000000 1.000000
2451545.072025  5.4037911855e-01  1.000000 0.000000 0.000000  -0.000000 -0.000000 1.000000
2451545.072692  5.3948270402e-01  1.000000 0.000000 0.000000  -0.000000 -0.000000 1.000000
2451545.073359  5.4237473957e-01  1.000000 0.000000 0.000000  -0.000000 -0.000000 1.000000
2451545.074025  5.4706278108e-01  1.000000 0.000000 0.000000  -0.000000 -0.000000 1.000000
2451545.074692  5.4768704140e-01  1.000000 0.000000 0.000000  -0.000000 -0.000000 1.000000
2451545.075359  5.5338057092e-01  1.000000 0.000000 0.000000  -0.000000 -0.000000 1.000000
2451545.076026  5.5914875753e-01  1.000000 0.000000 0.000000  -0.000000 -0.000000 1.000000
2451545.076693  5.6281119068e-01  1.000000 0.000000 0.000000  -0.000000 -0.000000 1.000000
2451545.077360  5.6709417778e-01  1.000000 0.000000 0.000000  -0.000000 -0.000000 1.000000
2451545.078027  5.7996431839e-01  1.000000 0.000000 0.000000  -0.000000 -0.000000 1.000000
2451545.078694  5.8327941076e-01  1.000000 0.000000 0.000000  -0.000000 -0.000000 1.000000
2451545.079361  5.8868278366e-01  1.000000 0.000000 0.000000  -0.000000 -0.000000 1.000000
2451545.080028  6.0841025718e-01  1.000000 0.000000 0.000000  -0.000000 -0.000000 1.000000
2451545.080694  6.0943268864e-01  1.000000 0.000000 0.000000  -0.000000 -0.000000 1.000000
2451545.081361  6.1695558154e-01  1.000000 0.000000 0.000000  -0.000000 -0.000000 1.000000
2451545.082028  6.2635178491e-01  1.000000 0.000000 0.000000  -0.000000 -0.000000 1.000000
2451545.082695  6.3697585910e-01  1.000000 0.000000 0.000000  -0.000000 -0.000000 1.000000
2451545.083362  6.4273980984e-01  1.000000 0.000000 0.000000  -0.000000 -0.000000 1.000000
2451545.084029  6.6801308716e-01  1.000000 0.000000 0.000000  -0.000000 -0.000000 1.000000
2451545.084696  6.8908121136e-01  1.000000 0.000000 0.000000  -0.000000 -0.000000 1.000000
2451545.085363  7.0347785114e-01  1.000000 0.000000 0.000000  -0.000000 -0.000000 1.000000
2451545.086030  7.2514482049e-01  1.000000 0.000000 0.000000  -0.000000 -0.000000 1.000000
2451545.086696  7.3870911317e-01  1.000000 0.000000 0.000000  -0.000000 -0.000000 1.000000
2451545.087363  7.4951162309e-01  1.000000 0.000000 0.000000  -0.000000 -0.000000 1.000000
2451545.088030  7.7046220209e-01  1.000000 0.000000 0.000000  -0.000000 -0.000000 1.000000
2451545.088697  7.8367332968e-01  1.000000 0.000000 0.000000  -0.000000 -0.000000 1.000000
2451545.089364  8.0162385862e-01  1.000000 0.000000 0.000000  -0.000000 -0.000000 1.000000
2451545.090031  8.2753357437e-01  1.000000 0.000000 0.000000  -0.000000 -0.000000 1.000000
2451545.090698  8.4136154953e-01  1.000000 0.000000 0.000000  -0.000000 -0.000000 1.000000
2451545.091365  8.6329908464e-01  1.000000 0.000000 0.000000  -0.000000 -0.000000 1.000000
2451545.092032  8.8030025076e-01  1.000000 0.000000 0.000000  -0.000000 -0.000000 1.000000
2451545.092699  8.9591470119e-01  1.000000 0.000000 0.000000  -0.000000 -0.000000 1.000000
2451545.093365  9.0955788682e-01  1.000000 0.000000 0.000000  -0.000000 -0.000000 1.000000
2451545.094032  9.1944915669e-01  1.000000 0.000000 0.000000  -0.000000 -0.000000 1.000000
2451545.094699  9.3371183730e-01  1.000000 0.000000 0.000000  -0.000000 -0.000000 1.000000
2451545.095366  9.5330005682e-01  1.000000 0.000000 0.000000  -0.000000 -0.000000 1.000000
2451545.096033  9.7827470578e-01  1.000000 0.000000 0.000000  -0.000000 -0.000000 1.000000
2451545.096700  9.8893478481e-01  1.000000 0.000000 0.000000  -0.000000 -0.000000 1.000000
2451545.097367  9.9502913288e-01  1.000000 0.000000 0.000000  -0.000000 -0.000000 1.000000
2451545.098034  1.0055028339e+00  1.000000 0.000000 0.000000  -0.000000 -0.000000 1.000000
2451545.098701  1.0222519662e+00  1.000000 0.000000 0.000000  -0.000000 -0.000000 1.000000
2451545.099367  1.0468014404e+00  1.000000 0.000000 0.000000  -0.000000 -0.000000 1.000000
2451545.100034  1.0596233981e+00  1.000000 0.000000 0.000000  -0.000000 -0.000000 1.000000
2451545.100701  1.0644697550e+00  1.000000 0.000000 0.000000  -0.000000 -0.000000 1.000000
2451545.101368  1.0767595823e+00  1.000000 0.000000 0.000000  -0.000000 -0.000000 1.000000
2451545.102035  1.0845482756e+00  1.000000 0.000000 0.000000  -0.000000 -0.000000 1.000000
2451545.102702  1.0863818749e+00  1.000000 0.000000 0.000000  -0.000000 -0.000000 1.000000
2451545.103369  1.0880693369e+00  1.000000 0.000000 0.000000  -0.000000 -0.000000 1.000000
2451545.104036  1.0894703486e+00  1.000000 0.000000 0.000000  -0.000000 -0.000000 1.000000
2451545.104703  1.0861383128e+00  1.000000 0.000000 0.000000  -0.000000 -0.000000 1.000000
2451545.105370  1.0879967977e+00  1.000000 0.000000 0.000000  -0.000000 -0.000000 1.000000
2451545.106036  1.0790374177e+00  1.000000 0.000000 0.000000  -0.000000 -0.000000 1.000000
2451545.106703  1.0786588374e+00  1.000000 0.000000 0.000000  -0.000000 -0.000000 1.000000
2451545.107370  1.0770931565e+00  1.000000 0.000000 0.000000  -0.000000 -0.000000 1.000000
2451545.108037  1.0807831228e+00  1.000000 0.000000 0.000000  -0.000000 -0.000000 1.000000
2451545.108704  1.0821846640e+00  1.000000 0.000000 0.000000  -0.000000 -0.000000 1.000000
2451545.109371  1.0786620143e+00  1.000000 0.000000 0.000000  -0.000000 -0.000000 1.000000
2451545.110038  1.0761792691e+00  1.000000 0.000000 0.000000  -0.000000 -0.000000 1.000000
2451545.110705  1.0772382349e+00  1.000000 0.000000 0.000000  -0.000000 -0.000000 1.000000
2451545.111372  1.0723421066e+00  1.000000 0.000000 0.000000  -0.000000 -0.000000 1.000000
2451545.112039  1.0656944489e+00  1.000000 0.000000 0.000000  -0.000000 -0.000000 1.000000
2451545.112705  1.0635436894e+00  1.000000 0.000000 0.000000  -0.000000 -0.000000 1.000000
2451545.113372  1.0460522221e+00  1.000000 0.000000 0.000000  -0.000000 -0.000000 1.000000
2451545.114039  1.0310990958e+00  1.000000 0.000000 0.000000  -0.000000 -0.000000 1.000000
2451545.114706  1.0168162948e+00  1.000000 0.000000 0.000000  -0.000000 -0.000000 1.000000
2451545.115373  1.0010625904e+00  1.000000 0.000000 0.000000  -0.000000 -0.000000 1.000000
2451545.116040  9.9733503086e-01  1.000000 0.000000 0.000000  -0.000000 -0.000000 1.000000
2451545.116707  9.8906609657e-01  1.000000 0.000000 0.000000  -0.000000 -0.000000 1.000000
2451545.117374  9.8736169115e-01  1.000000 0.000000 0.000000  -0.000000 -0.000000 1.000000
2451545.118041  9.7975831684e-01  1.000000 0.000000 0.000000  -0.000000 -0.000000 1.000000
2451545.118707  9.7211258391e-01  1.000000 0.000000 0.000000  -0.000000 -0.000000 1.000000
2451545.119374  9.6344441951e-01  1.000000 0.000000 0.000000  -0.000000 -0.000000 1.000000
2451545.120041  9.5720128676e-01  1.000000 0.000000 0.000000  -0.000000 -0.000000 1.000000
2451545.120708  9.3955891686e-01  1.000000 0.000000 0.000000  -0.000000 -0.000000 1.000000
2451545.121375  9.3171250991e-01  1.000000 0.000000 0.000000  -0.000000 -0.000000 1.000000
2451545.122042  9.1965830243e-01  1.000000 0.000000 0.000000  -0.000000 -0.000000 1.000000
2451545.122709  9.2111755728e-01  1.000000 0.000000 0.000000  -0.000000 -0.000000 1.000000
2451545.123376  9.1748848155e-01  1.000000 0.000000 0.000000  -0.000000 -0.000000 1.000000
2451545.124043  9.0800332505e-01  1.000000 0.000000 0.000000  -0.000000 -0.000000 1.000000
2451545.124710  8.9180326654e-01  1.000000 0.000000 0.000000  -0.000000 -0.000000 1.000000
2451545.125376  8.8310756904e-01  1.000000 0.000000 0.000000  -0.000000 -0.000000 1.000000
2451545.126043  8.7766872079e-01  1.000000 0.000000 0.000000  -0.000000 -0.000000 1.000000
2451545.126710  8.7411430215e-01  1.000000 0.000000 0.000000  -0.000000 -0.000000 1.000000
2451545.127377  8.5761084995e-01  1.000000 0.000000 0.000000  -0.000000 -0.000000 1.000000
2451545.128044  8.4975755972e-01  1.000000 0.000000 0.000000  -0.000000 -0.000000 1.000000
2451545.128711  8.3216231380e-01  1.000000 0.000000 0.000000  -0.000000 -0.000000 1.000000
2451545.129378  8.2211378751e-01  1.000000 0.000000 0.000000  -0.000000 -0.000000 1.000000
2451545.130045  8.1394651393e-01  1.000000 0.000000 0.000000  -0.000000 -0.000000 1.000000
2451545.130712  7.9311348013e-01  1.000000 0.000000 0.000000  -0.000000 -0.000000 1.000000
2451545.131378  7.8596599060e-01  1.000000 0.000000 0.000000  -0.000000 -0.000000 1.000000
2451545.132045  7.6641112850e-01  1.000000 0.000000 0.000000  -0.000000 -0.000000 1.000000
2451545.132712  7.5650556259e-01  1.000000 0.000000 0.000000  -0.000000 -0.000000 1.000000
2451545.133379  7.4918705008e-01  1.000000 0.000000 0.000000  -0.000000 -0.000000 1.000000
2451545.134046  7.4011541972e-01  1.000000 0.000000 0.000000  -0.000000 -0.000000 1.000000
2451545.134713  7.2341764730e-01  1.000000 0.000000 0.000000  -0.000000 -0.000000 1.000000
2451545.135380  7.1337759274e-01  1.000000 0.000000 0.000000  -0.000000 -0.000000 1.000000
2451545.136047  7.0738066952e-01  1.000000 0.000000 0.000000  -0.000000 -0.000000 1.000000
2451545.136714  6.9356540195e-01  1.000000 0.000000 0.000000  -0.000000 -0.000000 1.000000
2451545.137381  6.8972294462e-01  1.000000 0.000000 0.000000  -0.000000 -0.000000 1.000000
2451545.138047  6.8836958635e-01  1.000000 0.000000 0.000000  -0.000000 -0.000000 1.000000
2451545.138714  6.9887823327e-01  1.000000 0.000000 0.000000  -0.000000 -0.000000 1.000000
2451545.139381  7.0142928184e-01  1.000000 0.000000 0.000000  -0.000000 -0.000000 1.000000
2451545.140048  7.0816271575e-01  1.000000 0.000000 0.000000  -0.000000 -0.000000 1.000000
2451545.140715  6.9949455136e-01  1.000000 0.000000 0.000000  -0.000000 -0.000000 1.000000
2451545.141382  7.0802928606e-01  1.000000 0.000000 0.000000  -0.000000 -0.000000 1.000000
2451545.142049  7.1204170740e-01  1.000000 0.000000 0.000000  -0.000000 -0.000000 1.000000
2451545.142716  7.1599747408e-01  1.000000 0.000000 0.000000  -0.000000 -0.000000 1.000000
2451545.143383  7.1964296378e-01  1.000000 0.000000 0.000000  -0.000000 -0.000000 1.000000
2451545.144050  7.2875801173e-01  1.000000 0.000000 0.000000  -0.000000 -0.000000 1.000000
2451545.144716  7.3152455983e-01  1.000000 0.000000 0.000000  -0.000000 -0.000000 1.000000
2451545.145383  7.3190314010e-01  1.000000 0.000000 0.000000  -0.000000 -0.000000 1.000000
2451545.146050  7.2737976777e-01  1.000000 0.000000 0.000000  -0.000000 -0.000000 1.000000
2451545.146717  7.3003194756e-01  1.000000 0.000000 0.000000  -0.000000 -0.000000 1.000000
2451545.147384  7.3387811128e-01  1.000000 0.000000 0.000000  -0.000000 -0.000000 1.000000
2451545.148051  7.3622054358e-01  1.000000 0.000000 0.000000  -0.000000 -0.000000 1.000000
2451545.148718  7.4309534943e-01  1.000000 0.000000 0.000000  -0.000000 -0.000000 1.000000
2451545.149385  7.5669035212e-01  1.000000 0.000000 0.000000  -0.000000 -0.000000 1.000000
2451545.150052  7.7434066426e-01  1.000000 0.000000 0.000000  -0.000000 -0.000000 1.000000
2451545.150718  7.8715044382e-01  1.000000 0.000000 0.000000  -0.000000 -0.000000 1.000000
2451545.151385  7.9975107764e-01  1.000000 0.000000 0.000000  -0.000000 -0.000000 1.000000
2451545.152052  8.1350015985e-01  1.000000 0.000000 0.000000  -0.000000 -0.000000 1.000000
2451545.152719  8.2354762717e-01  1.000000 0.000000 0.000000  -0.000000 -0.000000 1.000000
2451545.153386  8.3223114657e-01  1.000000 0.000000 0.000000  -0.000000 -0.000000 1.000000
2451545.154053  8.5134971477e-01  1.000000 0.000000 0.000000  -0.000000 -0.000000 1.000000
2451545.154720  8.5998134485e-01  1.000000 0.000000 0.000000  -0.000000 -0.000000 1.000000
2451545.155387  8.7249620244e-01  1.000000 0.000000 0.000000  -0.000000 -0.000000 1.000000
2451545.156054  8.8441698023e-01  1.000000 0.000000 0.000000  -0.000000 -0.000000 1.000000
2451545.156721  8.9814806002e-01  1.000000 0.000000 0.000000  -0.000000 -0.000000 1.000000
2451545.157387  9.0215889291e-01  1.000000 0.000000 0.000000  -0.000000 -0.000000 1.000000
2451545.158054  9.1133959674e-01  1.000000 0.000000 0.000000  -0.000000 -0.000000 1.000000
2451545.158721  9.2113661866e-01  1.000000 0.000000 0.000000  -0.000000 -0.000000 1.000000
2451545.159388  9.2570711497e-01  1.000000 0.000000 0.000000  -0.000000 -0.000000 1.000000
2451545.160055  9.4158683633e-01  1.000000 0.000000 0.000000  -0.000000 -0.000000 1.000000
2451545.160722  9.4424325199e-01  1.000000 0.000000 0.000000  -0.000000 -0.000000 1.000000
2451545.161389  9.5497639965e-01  1.000000 0.000000 0.000000  -0.000000 -0.000000 1.000000
2451545.162056  9.6327763240e-01  1.000000 0.000000 0.000000  -0.000000 -0.000000 1.000000
2451545.162723  9.7034993537e-01  1.000000 0.000000 0.000000  -0.000000 -0.000000 1.000000
2451545.163389  9.7638339290e-01  1.000000 0.000000 0.000000  -0.000000 -0.000000 1.000000
2451545.164056  9.8320683891e-01  1.000000 0.000000 0.000000  -0.000000 -0.000000 1.000000
2451545.164723  9.9209315025e-01  1.000000 0.000000 0.000000  -0.000000 -0.000000 1.000000
2451545.165390  9.9858778738e-01  1.000000 0.000000 0.000000  -0.000000 -0.000000 1.000000
2451545.166057  1.0158002172e+00  1.000000 0.000000 0.000000  -0.000000 -0.000000 1.000000
2451545.166724  1.0257841466e+00  1.000000 0.000000 0.000000  -0.000000 -0.000000 1.000000
2451545.167391  1.0405466590e+00  1.000000 0.000000 0.000000  -0.000000 -0.000000 1.000000
2451545.168058  1.0561102791e+00  1.000000 0.000000 0.000000  -0.000000 -0.000000 1.000000
2451545.168725  1.0722118538e+00  1.000000 0.000000 0.000000  -0.000000 -0.000000 1.000000
2451545.169392  1.1029679264e+00  1.000000 0.000000 0.000000  -0.000000 -0.000000 1.000000
2451545.170058  1.1243632710e+00  1.000000 0.000000 0.000000  -0.000000 -0.000000 1.000000
2451545.170725  1.1443099505e+00  1.000000 0.000000 0.000000  -0.000000 -0.000000 1.000000
2451545.171392  1.1730407511e+00  1.000000 0.000000 0.000000  -0.000000 -0.000000 1.000000
2451545.172059  1.1951053621e+00  1.000000 0.000000 0.000000  -0.000000 -0.000000 1.000000
2451545.172726  1.2151049898e+00  1.000000 0.000000 0.000000  -0.000000 -0.000000 1.000000
2451545.173393  1.2390741507e+00  1.000000 0.000000 0.000000  -0.000000 -0.000000 1.000000
2451545.174060  1.2559508884e+00  1.000000 0.000000 0.000000  -0.000000 -0.000000 1.000000
2451545.174727  1.2684567448e+00  1.000000 0.000000 0.000000  -0.000000 -0.000000 1.000000
2451545.175394  1.2963297831e+00  1.000000 0.000000 0.000000  -0.000000 -0.000000 1.000000
2451545.176061  1.2996496408e+00  1.000000 0.000000 0.000000  -0.000000 -0.000000 1.000000
2451545.176727  1.3110250512e+00  1.000000 0.000000 0.000000  -0.000000 -0.000000 1.000000
2451545.177394  1.3241472257e+00  1.000000 0.000000 0.000000  -0.000000 -0.000000 1.000000
2451545.178061  1.3334910102e+00  1.000000 0.000000 0.000000  -0.000000 -0.000000 1.000000
2451545.178728  1.3443268776e+00  1.000000 0.000000 0.000000  -0.000000 -0.000000 1.000000
2451545.179395  1.3504815867e+00  1.000000 0.000000 0.000000  -0.000000 -0.000000 1.000000
2451545.180062  1.3545887855e+00  1.000000 0.000000 0.000000  -0.000000 -0.000000 1.000000
2451545.180729  1.3573828667e+00  1.000000 0.000000 0.000000  -0.000000 -0.000000 1.000000
2451545.181396  1.3784732292e+00  1.000000 0.000000 0.000000  -0.000000 -0.000000 1.000000
2451545.182063  1.3889501071e+00  1.000000 0.000000 0.000000  -0.000000 -0.000000 1.000000
2451545.182729  1.3993353845e+00  1.000000 0.000000 0.000000  -0.000000 -0.000000 1.000000
2451545.183396  1.4151192695e+00  1.000000 0.000000 0.000000  -0.000000 -0.000000 1.000000
2451545.184063  1.4234475059e+00  1.000000 0.000000 0.000000  -0.000000 -0.000000 1.000000
2451545.184730  1.4330729753e+00  1.000000 0.000000 0.000000  -0.000000 -0.000000 1.000000
2451545.185397  1.4378436162e+00  1.000000 0.000000 0.000000  -0.000000 -0.000000 1.000000
2451545.186064  1.4369943256e+00  1.000000 0.000000 0.000000  -0.000000 -0.000000 1.000000
2451545.186731  1.4353020983e+00  1.000000 0.000000 0.000000  -0.000000 -0.000000 1.000000
2451545.187398  1.4337443596e+00  1.000000 0.000000 0.000000  -0.000000 -0.000000 1.000000
2451545.188065  1.4276028876e+00  1.000000 0.000000 0.000000  -0.000000 -0.000000 1.000000
2451545.188732  1.4169041563e+00  1.000000 0.000000 0.000000  -0.000000 -0.000000 1.000000
2451545.189398  1.3961092453e+00  1.000000 0.000000 0.000000  -0.000000 -0.000000 1.000000
2451545.190065  1.3854110435e+00  1.000000 0.000000 0.000000  -0.000000 -0.000000 1.000000
2451545.190732  1.3723841759e+00  1.000000 0.000000 0.000000  -0.000000 -0.000000 1.000000
2451545.191399  1.3444973711e+00  1.000000 0.000000 0.000000  -0.000000 -0.000000 1.000000
2451545.192066  1.3231216173e+00  1.000000 0.000000 0.000000  -0.000000 -0.000000 1.000000
2451545.192733  1.3032813639e+00  1.000000 0.000000 0.000000  -0.000000 -0.000000 1.000000
2451545.193400  1.2820406283e+00  1.000000 0.000000 0.000000  -0.000000 -0.000000 1.000000
2451545.194067  1.2540924034e+00  1.000000 0.000000 0.000000  -0.000000 -0.000000 1.000000
2451545.194734  1.2144320170e+00  1.000000 0.000000 0.000000  -0.000000 -0.000000 1.000000
2451545.195400  1.1847788573e+00  1.000000 0.000000 0.000000  -0.000000 -0.000000 1.000000
2451545.196067  1.1546216298e+00  1.000000 0.000000 0.000000  -0.000000 -0.000000 1.000000
2451545.196734  1.1154859609e+00  1.000000 0.000000 0.000000  -0.000000 -0.000000 1.000000
2451545.197401  1.0648938708e+00  1.000000 0.000000 0.000000  -0.000000 -0.000000 1.000000
2451545.198068  1.0222577905e+00  1.000000 0.000000 0.000000  -0.000000 -0.000000 1.000000
2451545.198735  9.7451325933e-01  1.000000 0.000000 0.000000  -0.000000 -0.000000 1.000000
2451545.199402  9.3256338891e-01  1.000000 0.000000 0.000000  -0.000000 -0.000000 1.000000
2451545.200069  8.9067335006e-01  1.000000 0.000000 0.000000  -0.000000 -0.000000 1.000000
2451545.200736  8.1871397787e-01  1.000000 0.000000 0.000000  -0.000000 -0.000000 1.000000
2451545.201403  7.7740213433e-01  1.000000 0.000000 0.000000  -0.000000 -0.000000 1.000000
2451545.202069  7.3943768162e-01  1.000000 0.000000 0.000000  -0.000000 -0.000000 1.000000
2451545.202736  6.8543731011e-01  1.000000 0.000000 0.000000  -0.000000 -0.000000 1.000000
2451545.203403  6.4945365289e-01  1.000000 0.000000 0.000000  -0.000000 -0.000000 1.000000
2451545.204070  6.1477093514e-01  1.000000 0.000000 0.000000  -0.000000 -0.000000 1.000000
2451545.204737  5.6502125226e-01  1.000000 0.000000 0.000000  -0.000000 -0.000000 1.000000
2451545.205404  5.4681127670e-01  1.000000 0.000000 0.000000  -0.000000 -0.000000 1.000000
2451545.206071  5.3887379870e-01  1.000000 0.000000 0.000000  -0.000000 -0.000000 1.000000
2451545.206738  5.2386295876e-01  1.000000 0.000000 0.000000  -0.000000 -0.000000 1.000000
2451545.207405  5.1716182330e-01  1.000000 0.000000 0.000000  -0.000000 -0.000000 1.000000
2451545.208072  5.0807695587e-01  1.000000 0.000000 0.000000  -0.000000 -0.000000 1.000000
2451545.208738  5.0125562780e-01  1.000000 0.000000 0.000000  -0.000000 -0.000000 1.000000
2451545.209405  4.9306823387e-01  1.000000 0.000000 0.000000  -0.000000 -0.000000 1.000000
2451545.210072  4.8726668984e-01  1.000000 0.000000 0.000000  -0.000000 -0.000000 1.000000
2451545.210739  4.7530355342e-01  1.000000 0.000000 0.000000  -0.000000 -0.000000 1.000000
2451545.211406  4.6350137980e-01  1.000000 0.000000 0.000000  -0.000000 -0.000000 1.000000
2451545.212073  4.6541387200e-01  1.000000 0.000000 0.000000  -0.000000 -0.000000 1.000000
2451545.212740  5.0895642695e-01  1.000000 0.000000 0.000000  -0.000000 -0.000000 1.000000
2451545.213407  5.6702693345e-01  1.000000 0.000000 0.000000  -0.000000 -0.000000 1.000000
2451545.214074  6.2839347094e-01  1.000000 0.000000 0.000000  -0.000000 -0.000000 1.000000
2451545.214740  7.1963819843e-01  1.000000 0.000000 0.000000  -0.000000 -0.000000 1.000000
2451545.215407  7.8505263261e-01  1.000000 0.000000 0.000000  -0.000000 -0.000000 1.000000
2451545.216074  8.8423377915e-01  1.000000 0.000000 0.000000  -0.000000 -0.000000 1.000000
2451545.216741  9.4241918343e-01  1.000000 0.000000 0.000000  -0.000000 -0.000000 1.000000
2451545.217408  1.0098387693e+00  1.000000 0.000000 0.000000  -0.000000 -0.000000 1.000000
2451545.218075  1.0985298008e+00  1.000000 0.000000 0.000000  -0.000000 -0.000000 1.000000
2451545.218742  1.1571732078e+00  1.000000 0.000000 0.000000  -0.000000 -0.000000 1.000000
2451545.219409  1.2124072745e+00  1.000000 0.000000 0.000000  -0.000000 -0.000000 1.000000
2451545.220076  1.3013752255e+00  1.000000 0.000000 0.000000  -0.000000 -0.000000 1.000000
2451545.220743  1.3524523220e+00  1.000000 0.000000 0.000000  -0.000000 -0.000000 1.000000
2451545.221409  1.4003758184e+00  1.000000 0.000000 0.000000  -0.000000 -0.000000 1.000000
2451545.222076  1.4672532138e+00  1.000000 0.000000 0.000000  -0.000000 -0.000000 1.000000
2451545.222743  1.5099793061e+00  1.000000 0.000000 0.000000  -0.000000 -0.000000 1.000000
2451545.223410  1.5610389297e+00  1.000000 0.000000 0.000000  -0.000000 -0.000000 1.000000
2451545.224077  1.6229413039e+00  1.000000 0.000000 0.000000  -0.000000 -0.000000 1.000000
2451545.224744  1.6573899902e+00  1.000000 0.000000 0.000000  -0.000000 -0.000000 1.000000
2451545.225411  1.6874090226e+00  1.000000 0.000000 0.000000  -0.000000 -0.000000 1.000000
2451545.226078  1.7322747553e+00  1.000000 0.000000 0.000000  -0.000000 -0.000000 1.000000
2451545.226745  1.7622217781e+00  1.000000 0.000000 0.000000  -0.000000 -0.000000 1.000000
2451545.227411  1.7912257919e+00  1.000000 0.000000 0.000000  -0.000000 -0.000000 1.000000
2451545.228078  1.8223122618e+00  1.000000 0.000000 0.000000  -0.000000 -0.000000 1.000000
2451545.228745  1.8506147108e+00  1.000000 0.000000 0.000000  -0.000000 -0.000000 1.000000
2451545.229412  1.8677736628e+00  1.000000 0.000000 0.000000  -0.000000 -0.000000 1.000000
2451545.230079  1.8949536080e+00  1.000000 0.000000 0.000000  -0.000000 -0.000000 1.000000
2451545.230746  1.9132784813e+00  1.000000 0.000000 0.000000  -0.000000 -0.000000 1.000000
2451545.231413  1.9221669106e+00  1.000000 0.000000 0.000000  -0.000000 -0.000000 1.000000
2451545.232080  1.9339648484e+00  1.000000 0.000000 0.000000  -0.000000 -0.000000 1.000000
2451545.232747  1.9416238184e+00  1.000000 0.000000 0.000000  -0.000000 -0.000000 1.000000
2451545.233414  1.9709079286e+00  1.000000 0.000000 0.000000  -0.000000 -0.000000 1.000000
2451545.234080  2.0113365947e+00  1.000000 0.000000 0.000000  -0.000000 -0.000000 1.000000
2451545.234747  2.0386113173e+00  1.000000 0.000000 0.000000  -0.000000 -0.000000 1.000000
2451545.235414  2.0645951607e+00  1.000000 0.000000 0.000000  -0.000000 -0.000000 1.000000
2451545.236081  2.1055194227e+00  1.000000 0.000000 0.000000  -0.000000 -0.000000 1.000000
2451545.236748  2.1286345278e+00  1.000000 0.000000 0.000000  -0.000000 -0.000000 1.000000
2451545.237415  2.1451671015e+00  1.000000 0.000000 0.000000  -0.000000 -0.000000 1.000000
2451545.238082  2.1613629242e+00  1.000000 0.000000 0.000000  -0.000000 -0.000000 1.000000
2451545.238749  2.1724667099e+00  1.000000 0.000000 0.000000  -0.000000 -0.000000 1.000000
2451545.239416  2.1837934078e+00  1.000000 0.000000 0.000000  -0.000000 -0.000000 1.000000
360  1
2451545.000000  4.4302470281e-01  1.000000 0.000000 0.000000  -0.000000 -0.000000 -1.000000
2451545.000667  4.4046232509e-01  1.000000 0.000000 0.000000  -0.000000 -0.000000 -1.000000
2451545.001334  4.4166074217e-01  1.000000 0.000000 0.000000  -0.000000 -0.000000 -1.000000
2451545.002001  4.5069173427e-01  1.000000 0.000000 0.000000  -0.000000 -0.000000 -1.000000
2451545.002668  4.5538134666e-01  1.000000 0.000000 0.000000  -0.000000 -0.000000 -1.000000
2451545.003334  4.6233713206e-01  1.000000 0.000000 0.000000  -0.000000 -0.000000 -1.000000
2451545.004001  4.6723958616e-01  1.000000 0.000000 0.000000  -0.000000 -0.000000 -1.000000
2451545.004668  4.7573551784e-01  1.000000 0.000000 0.000000  -0.000000 -0.000000 -1.000000
2451545.005335  4.8916523865e-01  1.000000 0.000000 0.000000  -0.000000 -0.000000 -1.000000
2451545.006002  5.1114824015e-01  1.000000 0.000000 0.000000  -0.000000 -0.000000 -1.000000
2451545.006669  5.3063330767e-01  1.000000 0.000000 0.000000  -0.000000 -0.000000 -1.000000
2451545.007336  5.5020173820e-01  1.000000 0.000000 0.000000  -0.000000 -0.000000 -1.000000
2451545.008003  5.8605669829e-01  1.000000 0.000000 0.000000  -0.000000 -0.000000 -1.000000
2451545.008670  6.1126070437e-01  1.000000 0.000000 0.000000  -0.000000 -0.000000 -1.000000
2451545.009337  6.4257326759e-01  1.000000 0.000000 0.000000  -0.000000 -0.000000 -1.000000
2451545.010003  6.8104204216e-01  1.000000 0.000000 0.000000  -0.000000 -0.000000 -1.000000
2451545.010670  7.1573287633e-01  1.000000 0.000000 0.000000  -0.000000 -0.000000 -1.000000
2451545.011337  7.5506602474e-01  1.000000 0.000000 0.000000  -0.000000 -0.000000 -1.000000
2451545.012004  8.0853541019e-01  1.000000 0.000000 0.000000  -0.000000 -0.000000 -1.000000
2451545.012671  8.4000523979e-01  1.000000 0.000000 0.000000  -0.000000 -0.000000 -1.000000
2451545.013338  8.7918466918e-01  1.000000 0.000000 0.000000  -0.000000 -0.000000 -1.000000
2451545.014005  9.4392993556e-01  1.000000 0.000000 0.000000  -0.000000 -0.000000 -1.000000
2451545.014672  9.8653552530e-01  1.000000 0.000000 0.000000  -0.000000 -0.000000 -1.000000
2451545.015339  1.0275329776e+00  1.000000 0.000000 0.000000  -0.000000 -0.000000 -1.000000
2451545.016006  1.0754785294e+00  1.000000 0.000000 0.000000  -0.000000 -0.000000 -1.000000
2451545.016672  1.1096449453e+00  1.000000 0.000000 0.000000  -0.000000 -0.000000 -1.000000
2451545.017339  1.1492482844e+00  1.000000 0.000000 0.000000  -0.000000 -0.000000 -1.000000
2451545.018006  1.2053368054e+00  1.000000 0.000000 0.000000  -0.000000 -0.000000 -1.000000
2451545.018673  1.2427360504e+00  1.000000 0.000000 0.000000  -0.000000 -0.000000 -1.000000
2451545.019340  1.2777774821e+00  1.000000 0.000000 0.000000  -0.000000 -0.000000 -1.000000
2451545.020007  1.3340628817e+00  1.000000 0.000000 0.000000  -0.000000 -0.000000 -1.000000
2451545.020674  1.3689860681e+00  1.000000 0.000000 0.000000  -0.000000 -0.000000 -1.000000
2451545.021341  1.4036591654e+00  1.000000 0.000000 0.000000  -0.000000 -0.000000 -1.000000
2451545.022008  1.4478581119e+00  1.000000 0.000000 0.000000  -0.000000 -0.000000 -1.000000
2451545.022674  1.4800439173e+00  1.000000 0.000000 0.000000  -0.000000 -0.000000 -1.000000
2451545.023341  1.5124472943e+00  1.000000 0.000000 0.000000  -0.000000 -0.000000 -1.000000
2451545.024008  1.5559326298e+00  1.000000 0.000000 0.000000  -0.000000 -0.000000 -1.000000
2451545.024675  1.5791654851e+00  1.000000 0.000000 0.000000  -0.000000 -0.000000 -1.000000
2451545.025342  1.6179718503e+00  1.000000 0.000000 0.000000  -0.000000 -0.000000 -1.000000
2451545.026009  1.6412904335e+00  1.000000 0.000000 0.000000  -0.000000 -0.000000 -1.000000
2451545.026676  1.6584265563e+00  1.000000 0.000000 0.000000  -0.000000 -0.000000 -1.000000
2451545.027343  1.6582119409e+00  1.000000 0.000000 0.000000  -0.000000 -0.000000 -1.000000
2451545.028010  1.6643157682e+00  1.000000 0.000000 0.000000  -0.000000 -0.000000 -1.000000
2451545.028677  1.6634159208e+00  1.000000 0.000000 0.000000  -0.000000 -0.000000 -1.000000
2451545.029343  1.6661663087e+00  1.000000 0.000000 0.000000  -0.000000 -0.000000 -1.000000
2451545.030010  1.6565180756e+00  1.000000 0.000000 0.000000  -0.000000 -0.000000 -1.000000
2451545.030677  1.6422600458e+00  1.000000 0.000000 0.000000  -0.000000 -0.000000 -1.000000
2451545.031344  1.6022806863e+00  1.000000 0.000000 0.000000  -0.000000 -0.000000 -1.000000
2451545.032011  1.5783531393e+00  1.000000 0.000000 0.000000  -0.000000 -0.000000 -1.000000
2451545.032678  1.5509893810e+00  1.000000 0.000000 0.000000  -0.000000 -0.000000 -1.000000
2451545.033345  1.5016928756e+00  1.000000 0.000000 0.000000  -0.000000 -0.000000 -1.000000
2451545.034012  1.4574543169e+00  1.000000 0.000000 0.000000  -0.000000 -0.000000 -1.000000
2451545.034679  1.4161175003e+00  1.000000 0.000000 0.000000  -0.000000 -0.000000 -1.000000
2451545.035345  1.3299822331e+00  1.000000 0.000000 0.000000  -0.000000 -0.000000 -1.000000
2451545.036012  1.2725971513e+00  1.000000 0.000000 0.000000  -0.000000 -0.000000 -1.000000
2451545.036679  1.2158133474e+00  1.000000 0.000000 0.000000  -0.000000 -0.000000 -1.000000
2451545.037346  1.1149263759e+00  1.000000 0.000000 0.000000  -0.000000 -0.000000 -1.000000
2451545.038013  1.0536125909e+00  1.000000 0.000000 0.000000  -0.000000 -0.000000 -1.000000
2451545.038680  9.8490905988e-01  1.000000 0.000000 0.000000  -0.000000 -0.000000 -1.000000
2451545.039347  8.9345215862e-01  1.000000 0.000000 0.000000  -0.000000 -0.000000 -1.000000
2451545.040014  8.3306187016e-01  1.000000 0.000000 0.000000  -0.000000 -0.000000 -1.000000
2451545.040681  7.7367607633e-01  1.000000 0.000000 0.000000  -0.000000 -0.000000 -1.000000
2451545.041348  6.9577778336e-01  1.000000 0.000000 0.000000  -0.000000 -0.000000 -1.000000
2451545.042014  6.4584334401e-01  1.000000 0.000000 0.000000  -0.000000 -0.000000 -1.000000
2451545.042681  6.0576406715e-01  1.000000 0.000000 0.000000  -0.000000 -0.000000 -1.000000
2451545.043348  5.5652136337e-01  1.000000 0.000000 0.000000  -0.000000 -0.000000 -1.000000
2451545.044015  5.3296747178e-01  1.000000 0.000000 0.000000  -0.000000 -0.000000 -1.000000
2451545.044682  5.1541039544e-01  1.000000 0.000000 0.000000  -0.000000 -0.000000 -1.000000
2451545.045349  5.0030395492e-01  1.000000 0.000000 0.000000  -0.000000 -0.000000 -1.000000
2451545.046016  4.8722305802e-01  1.000000 0.000000 0.000000  -0.000000 -0.000000 -1.000000
2451545.046683  4.7689491394e-01  1.000000 0.000000 0.000000  -0.000000 -0.000000 -1.000000
2451545.047350  4.6372060318e-01  1.000000 0.000000 0.000000  -0.000000 -0.000000 -1.000000
2451545.048017  4.5417346994e-01  1.000000 0.000000 0.000000  -0.000000 -0.000000 -1.000000
2451545.048683  4.4482676264e-01  1.000000 0.000000 0.000000  -0.000000 -0.000000 -1.000000
2451545.049350  4.3800695945e-01  1.000000 0.000000 0.000000  -0.000000 -0.000000 -1.000000
2451545.050017  4.3371642527e-01  1.000000 0.000000 0.000000  -0.000000 -0.000000 -1.000000
2451545.050684  4.3083537620e-01  1.000000 0.000000 0.000000  -0.000000 -0.000000 -1.000000
2451545.051351  4.3030149824e-01  1.000000 0.000000 0.000000  -0.000000 -0.000000 -1.000000
2451545.052018  4.2949979446e-01  1.000000 0.000000 0.000000  -0.000000 -0.000000 -1.000000
2451545.052685  4.3211597384e-01  1.000000 0.000000 0.000000  -0.000000 -0.000000 -1.000000
2451545.053352  4.3682805285e-01  1.000000 0.000000 0.000000  -0.000000 -0.000000 -1.000000
2451545.054019  4.4632315812e-01  1.000000 0.000000 0.000000  -0.000000 -0.000000 -1.000000
2451545.054685  4.5281837771e-01  1.000000 0.000000 0.000000  -0.000000 -0.000000 -1.000000
2451545.055352  4.5505794550e-01  1.000000 0.000000 0.000000  -0.000000 -0.000000 -1.000000
2451545.056019  4.6212547280e-01  1.000000 0.000000 0.000000  -0.000000 -0.000000 -1.000000
2451545.056686  4.8537370003e-01  1.000000 0.000000 0.000000  -0.000000 -0.000000 -1.000000
2451545.057353  5.0314420932e-01  1.000000 0.000000 0.000000  -0.000000 -0.000000 -1.000000
2451545.058020  5.2103000786e-01  1.000000 0.000000 0.000000  -0.000000 -0.000000 -1.000000
2451545.058687  5.3900981150e-01  1.000000 0.000000 0.000000  -0.000000 -0.000000 -1.000000
2451545.059354  5.5923686888e-01  1.000000 0.000000 0.000000  -0.000000 -0.000000 -1.000000
2451545.060021  5.7479382435e-01  1.000000 0.000000 0.000000  -0.000000 -0.000000 -1.000000
2451545.060688  6.0065941342e-01  1.000000 0.000000 0.000000  -0.000000 -0.000000 -1.000000
2451545.061354  6.1633993534e-01  1.000000 0.000000 0.000000  -0.000000 -0.000000 -1.000000
2451545.062021  6.2724807309e-01  1.000000 0.000000 0.000000  -0.000000 -0.000000 -1.000000
2451545.062688  6.4652029890e-01  1.000000 0.000000 0.000000  -0.000000 -0.000000 -1.000000
2451545.063355  6.5575822043e-01  1.000000 0.000000 0.000000  -0.000000 -0.000000 -1.000000
2451545.064022  6.6234862756e-01  1.000000 0.000000 0.000000  -0.000000 -0.000000 -1.000000
2451545.064689  6.7257626305e-01  1.000000 0.000000 0.000000  -0.000000 -0.000000 -1.000000
2451545.065356  6.8037927671e-01  1.000000 0.000000 0.000000  -0.000000 -0.000000 -1.000000
2451545.066023  6.8880662606e-01  1.000000 0.000000 0.000000  -0.000000 -0.000000 -1.000000
2451545.066690  7.0272115299e-01  1.000000 0.000000 0.000000  -0.000000 -0.000000 -1.000000
2451545.067356  7.1105686216e-01  1.000000 0.000000 0.000000  -0.000000 -0.000000 -1.000000
2451545.068023  7.1509316874e-01  1.000000 0.000000 0.000000  -0.000000 -0.000000 -1.000000
2451545.068690  7.3692718104e-01  1.000000 0.000000 0.000000  -0.000000 -0.000000 -1.000000
2451545.069357  7.4493475924e-01  1.000000 0.000000 0.000000  -0.000000 -0.000000 -1.000000
2451545.070024  7.4989751849e-01  1.000000 0.000000 0.000000  -0.000000 -0.000000 -1.000000
2451545.070691  7.5369733428e-01  1.000000 0.000000 0.000000  -0.000000 -0.000000 -1.000000
2451545.071358  7.6195263658e-01  1.000000 0.000000 0.000000  -0.000000 -0.000000 -1.000000
2451545.072025  7.8034275174e-01  1.000000 0.000000 0.000000  -0.000000 -0.000000 -1.000000
2451545.072692  7.9223764731e-01  1.000000 0.000000 0.000000  -0.000000 -0.000000 -1.000000
2451545.073359  8.0115098523e-01  1.000000 0.000000 0.000000  -0.000000 -0.000000 -1.000000
2451545.074025  8.0649094730e-01  1.000000 0.000000 0.000000  -0.000000 -0.000000 -1.000000
2451545.074692  8.1402495268e-01  1.000000 0.000000 0.000000  -0.000000 -0.000000 -1.000000
2451545.075359  8.2938680326e-01  1.000000 0.000000 0.000000  -0.000000 -0.000000 -1.000000
2451545.076026  8.4210646047e-01  1.000000 0.000000 0.000000  -0.000000 -0.000000 -1.000000
2451545.076693  8.4464696279e-01  1.000000 0.000000 0.000000  -0.000000 -0.000000 -1.000000
2451545.077360  8.5381452832e-01  1.000000 0.000000 0.000000  -0.000000 -0.000000 -1.000000
2451545.078027  8.6978238655e-01  1.000000 0.000000 0.000000  -0.000000 -0.000000 -1.000000
2451545.078694  8.7746951972e-01  1.000000 0.000000 0.000000  -0.000000 -0.000000 -1.000000
2451545.079361  8.8385477108e-01  1.000000 0.000000 0.000000  -0.000000 -0.000000 -1.000000
2451545.080028  8.9415394504e-01  1.000000 0.000000 0.000000  -0.000000 -0.000000 -1.000000
2451545.080694  9.0030270561e-01  1.000000 0.000000 0.000000  -0.000000 -0.000000 -1.000000
2451545.081361  9.0814296657e-01  1.000000 0.000000 0.000000  -0.000000 -0.000000 -1.000000
2451545.082028  9.2029918447e-01  1.000000 0.000000 0.000000  -0.000000 -0.000000 -1.000000
2451545.082695  9.2952823760e-01  1.000000 0.000000 0.000000  -0.000000 -0.000000 -1.000000
2451545.083362  9.3899378152e-01  1.000000 0.000000 0.000000  -0.000000 -0.000000 -1.000000
2451545.084029  9.5587212930e-01  1.000000 0.000000 0.000000  -0.000000 -0.000000 -1.000000
2451545.084696  9.6737622384e-01  1.000000 0.000000 0.000000  -0.000000 -0.000000 -1.000000
2451545.085363  9.7584022926e-01  1.000000 0.000000 0.000000  -0.000000 -0.000000 -1.000000
2451545.086030  9.7691744481e-01  1.000000 0.000000 0.000000  -0.000000 -0.000000 -1.000000
2451545.086696  9.8532942226e-01  1.000000 0.000000 0.000000  -0.000000 -0.000000 -1.000000
2451545.087363  9.9010003275e-01  1.000000 0.000000 0.000000  -0.000000 -0.000000 -1.000000
2451545.088030  1.0060406945e+00  1.000000 0.000000 0.000000  -0.000000 -0.000000 -1.000000
2451545.088697  1.0090541784e+00  1.000000 0.000000 0.000000  -0.000000 -0.000000 -1.000000
2451545.089364  1.0143362003e+00  1.000000 0.000000 0.000000  -0.000000 -0.000000 -1.000000
2451545.090031  1.0266082987e+00  1.000000 0.000000 0.000000  -0.000000 -0.000000 -1.000000
2451545.090698  1.0314604985e+00  1.000000 0.000000 0.000000  -0.000000 -0.000000 -1.000000
2451545.091365  1.0378221007e+00  1.000000 0.000000 0.000000  -0.000000 -0.000000 -1.000000
2451545.092032  1.0492989988e+00  1.000000 0.000000 0.000000  -0.000000 -0.000000 -1.000000
2451545.092699  1.0536616627e+00  1.000000 0.000000 0.000000  -0.000000 -0.000000 -1.000000
2451545.093365  1.0580799019e+00  1.000000 0.000000 0.000000  -0.000000 -0.000000 -1.000000
2451545.094032  1.0670198451e+00  1.000000 0.000000 0.000000  -0.000000 -0.000000 -1.000000
2451545.094699  1.0642948799e+00  1.000000 0.000000 0.000000  -0.000000 -0.000000 -1.000000
2451545.095366  1.0630166472e+00  1.000000 0.000000 0.000000  -0.000000 -0.000000 -1.000000
2451545.096033  1.0662465202e+00  1.000000 0.000000 0.000000  -0.000000 -0.000000 -1.000000
2451545.096700  1.0815705322e+00  1.000000 0.000000 0.000000  -0.000000 -0.000000 -1.000000
2451545.097367  1.0919028149e+00  1.000000 0.000000 0.000000  -0.000000 -0.000000 -1.000000
2451545.098034  1.0976743727e+00  1.000000 0.000000 0.000000  -0.000000 -0.000000 -1.000000
2451545.098701  1.1044557461e+00  1.000000 0.000000 0.000000  -0.000000 -0.000000 -1.000000
2451545.099367  1.1247105911e+00  1.000000 0.000000 0.000000  -0.000000 -0.000000 -1.000000
2451545.100034  1.1271836936e+00  1.000000 0.000000 0.000000  -0.000000 -0.000000 -1.000000
2451545.100701  1.1330356582e+00  1.000000 0.000000 0.000000  -0.000000 -0.000000 -1.000000
2451545.101368  1.1274639352e+00  1.000000 0.000000 0.000000  -0.000000 -0.000000 -1.000000
2451545.102035  1.1302462493e+00  1.000000 0.000000 0.000000  -0.000000 -0.000000 -1.000000
2451545.102702  1.1334761223e+00  1.000000 0.000000 0.000000  -0.000000 -0.000000 -1.000000
2451545.103369  1.1403739675e+00  1.000000 0.000000 0.000000  -0.000000 -0.000000 -1.000000
2451545.104036  1.1499583480e+00  1.000000 0.000000 0.000000  -0.000000 -0.000000 -1.000000
2451545.104703  1.1495149278e+00  1.000000 0.000000 0.000000  -0.000000 -0.000000 -1.000000
2451545.105370  1.1506394415e+00  1.000000 0.000000 0.000000  -0.000000 -0.000000 -1.000000
2451545.106036  1.1485051121e+00  1.000000 0.000000 0.000000  -0.000000 -0.000000 -1.000000
2451545.106703  1.1441566377e+00  1.000000 0.000000 0.000000  -0.000000 -0.000000 -1.000000
2451545.107370  1.1374556711e+00  1.000000 0.000000 0.000000  -0.000000 -0.000000 -1.000000
2451545.108037  1.1322865736e+00  1.000000 0.000000 0.000000  -0.000000 -0.000000 -1.000000
2451545.108704  1.1267402734e+00  1.000000 0.000000 0.000000  -0.000000 -0.000000 -1.000000
2451545.109371  1.1243795040e+00  1.000000 0.000000 0.000000  -0.000000 -0.000000 -1.000000
2451545.110038  1.1215156006e+00  1.000000 0.000000 0.000000  -0.000000 -0.000000 -1.000000
2451545.110705  1.1241371010e+00  1.000000 0.000000 0.000000  -0.000000 -0.000000 -1.000000
2451545.111372  1.1375354868e+00  1.000000 0.000000 0.000000  -0.000000 -0.000000 -1.000000
2451545.112039  1.1489337517e+00  1.000000 0.000000 0.000000  -0.000000 -0.000000 -1.000000
2451545.112705  1.1457706873e+00  1.000000 0.000000 0.000000  -0.000000 -0.000000 -1.000000
2451545.113372  1.1349825687e+00  1.000000 0.000000 0.000000  -0.000000 -0.000000 -1.000000
2451545.114039  1.1351693964e+00  1.000000 0.000000 0.000000  -0.000000 -0.000000 -1.000000
2451545.114706  1.1314056454e+00  1.000000 0.000000 0.000000  -0.000000 -0.000000 -1.000000
2451545.115373  1.1346437956e+00  1.000000 0.000000 0.000000  -0.000000 -0.000000 -1.000000
2451545.116040  1.1282804196e+00  1.000000 0.000000 0.000000  -0.000000 -0.000000 -1.000000
2451545.116707  1.1166923709e+00  1.000000 0.000000 0.000000  -0.000000 -0.000000 -1.000000
2451545.117374  1.0918507869e+00  1.000000 0.000000 0.000000  -0.000000 -0.000000 -1.000000
2451545.118041  1.0899026940e+00  1.000000 0.000000 0.000000  -0.000000 -0.000000 -1.000000
2451545.118707  1.0871209711e+00  1.000000 0.000000 0.000000  -0.000000 -0.000000 -1.000000
2451545.119374  1.0783270610e+00  1.000000 0.000000 0.000000  -0.000000 -0.000000 -1.000000
2451545.120041  1.0726867557e+00  1.000000 0.000000 0.000000  -0.000000 -0.000000 -1.000000
2451545.120708  1.0703732845e+00  1.000000 0.000000 0.000000  -0.000000 -0.000000 -1.000000
2451545.121375  1.0649192156e+00  1.000000 0.000000 0.000000  -0.000000 -0.000000 -1.000000
2451545.122042  1.0548417518e+00  1.000000 0.000000 0.000000  -0.000000 -0.000000 -1.000000
2451545.122709  1.0422438873e+00  1.000000 0.000000 0.000000  -0.000000 -0.000000 -1.000000
2451545.123376  1.0267442809e+00  1.000000 0.000000 0.000000  -0.000000 -0.000000 -1.000000
2451545.124043  1.0185410065e+00  1.000000 0.000000 0.000000  -0.000000 -0.000000 -1.000000
2451545.124710  1.0159183237e+00  1.000000 0.000000 0.000000  -0.000000 -0.000000 -1.000000
2451545.125376  1.0028386092e+00  1.000000 0.000000 0.000000  -0.000000 -0.000000 -1.000000
2451545.126043  9.9096972763e-01  1.000000 0.000000 0.000000  -0.000000 -0.000000 -1.000000
2451545.126710  9.7962408192e-01  1.000000 0.000000 0.000000  -0.000000 -0.000000 -1.000000
2451545.127377  9.7172942808e-01  1.000000 0.000000 0.000000  -0.000000 -0.000000 -1.000000
2451545.128044  9.5956788914e-01  1.000000 0.000000 0.000000  -0.000000 -0.000000 -1.000000
2451545.128711  9.4295086369e-01  1.000000 0.000000 0.000000  -0.000000 -0.000000 -1.000000
2451545.129378  9.3878921699e-01  1.000000 0.000000 0.000000  -0.000000 -0.000000 -1.000000
2451545.130045  9.3365500191e-01  1.000000 0.000000 0.000000  -0.000000 -0.000000 -1.000000
2451545.130712  9.2989420710e-01  1.000000 0.000000 0.000000  -0.000000 -0.000000 -1.000000
2451545.131378  9.2168324683e-01  1.000000 0.000000 0.000000  -0.000000 -0.000000 -1.000000
2451545.132045  9.1718814811e-01  1.000000 0.000000 0.000000  -0.000000 -0.000000 -1.000000
2451545.132712  9.1386072268e-01  1.000000 0.000000 0.000000  -0.000000 -0.000000 -1.000000
2451545.133379  9.1321805895e-01  1.000000 0.000000 0.000000  -0.000000 -0.000000 -1.000000
2451545.134046  9.1577984545e-01  1.000000 0.000000 0.000000  -0.000000 -0.000000 -1.000000
2451545.134713  9.1249557959e-01  1.000000 0.000000 0.000000  -0.000000 -0.000000 -1.000000
2451545.135380  9.1688189254e-01  1.000000 0.000000 0.000000  -0.000000 -0.000000 -1.000000
2451545.136047  9.1791062748e-01  1.000000 0.000000 0.000000  -0.000000 -0.000000 -1.000000
2451545.136714  9.2964234441e-01  1.000000 0.000000 0.000000  -0.000000 -0.000000 -1.000000
2451545.137381  9.3087446143e-01  1.000000 0.000000 0.000000  -0.000000 -0.000000 -1.000000
2451545.138047  9.3665902619e-01  1.000000 0.000000 0.000000  -0.000000 -0.000000 -1.000000
2451545.138714  9.4937809217e-01  1.000000 0.000000 0.000000  -0.000000 -0.000000 -1.000000
2451545.139381  9.5813298126e-01  1.000000 0.000000 0.000000  -0.000000 -0.000000 -1.000000
2451545.140048  9.6796922450e-01  1.000000 0.000000 0.000000  -0.000000 -0.000000 -1.000000
2451545.140715  9.5278947183e-01  1.000000 0.000000 0.000000  -0.000000 -0.000000 -1.000000
2451545.141382  9.4946973235e-01  1.000000 0.000000 0.000000  -0.000000 -0.000000 -1.000000
2451545.142049  9.4764638835e-01  1.000000 0.000000 0.000000  -0.000000 -0.000000 -1.000000
2451545.142716  9.4931719579e-01  1.000000 0.000000 0.000000  -0.000000 -0.000000 -1.000000
2451545.143383  9.3954598752e-01  1.000000 0.000000 0.000000  -0.000000 -0.000000 -1.000000
2451545.144050  9.3183106668e-01  1.000000 0.000000 0.000000  -0.000000 -0.000000 -1.000000
2451545.144716  9.2946261141e-01  1.000000 0.000000 0.000000  -0.000000 -0.000000 -1.000000
2451545.145383  9.3129305013e-01  1.000000 0.000000 0.000000  -0.000000 -0.000000 -1.000000
2451545.146050  9.4314596859e-01  1.000000 0.000000 0.000000  -0.000000 -0.000000 -1.000000
2451545.146717  9.4568883582e-01  1.000000 0.000000 0.000000  -0.000000 -0.000000 -1.000000
2451545.147384  9.4592296171e-01  1.000000 0.000000 0.000000  -0.000000 -0.000000 -1.000000
2451545.148051  9.4503789492e-01  1.000000 0.000000 0.000000  -0.000000 -0.000000 -1.000000
2451545.148718  9.4743650277e-01  1.000000 0.000000 0.000000  -0.000000 -0.000000 -1.000000
2451545.149385  9.4556113080e-01  1.000000 0.000000 0.000000  -0.000000 -0.000000 -1.000000
2451545.150052  9.4050022786e-01  1.000000 0.000000 0.000000  -0.000000 -0.000000 -1.000000
2451545.150718  9.3930121955e-01  1.000000 0.000000 0.000000  -0.000000 -0.000000 -1.000000
2451545.151385  9.3501364151e-01  1.000000 0.000000 0.000000  -0.000000 -0.000000 -1.000000
2451545.152052  9.3759552972e-01  1.000000 0.000000 0.000000  -0.000000 -0.000000 -1.000000
2451545.152719  9.3858701736e-01  1.000000 0.000000 0.000000  -0.000000 -0.000000 -1.000000
2451545.153386  9.3421016404e-01  1.000000 0.000000 0.000000  -0.000000 -0.000000 -1.000000
2451545.154053  9.3761858757e-01  1.000000 0.000000 0.000000  -0.000000 -0.000000 -1.000000
2451545.154720  9.3521584113e-01  1.000000 0.000000 0.000000  -0.000000 -0.000000 -1.000000
2451545.155387  9.2846521150e-01  1.000000 0.000000 0.000000  -0.000000 -0.000000 -1.000000
2451545.156054  9.1243882180e-01  1.000000 0.000000 0.000000  -0.000000 -0.000000 -1.000000
2451545.156721  9.0741753107e-01  1.000000 0.000000 0.000000  -0.000000 -0.000000 -1.000000
2451545.157387  8.9557288979e-01  1.000000 0.000000 0.000000  -0.000000 -0.000000 -1.000000
2451545.158054  8.9147864296e-01  1.000000 0.000000 0.000000  -0.000000 -0.000000 -1.000000
2451545.158721  8.7926330237e-01  1.000000 0.000000 0.000000  -0.000000 -0.000000 -1.000000
2451545.159388  8.6485450968e-01  1.000000 0.000000 0.000000  -0.000000 -0.000000 -1.000000
2451545.160055  8.4562307853e-01  1.000000 0.000000 0.000000  -0.000000 -0.000000 -1.000000
2451545.160722  8.3881746479e-01  1.000000 0.000000 0.000000  -0.000000 -0.000000 -1.000000
2451545.161389  8.2934423492e-01  1.000000 0.000000 0.000000  -0.000000 -0.000000 -1.000000
2451545.162056  8.2007024854e-01  1.000000 0.000000 0.000000  -0.000000 -0.000000 -1.000000
2451545.162723  8.1322324890e-01  1.000000 0.000000 0.000000  -0.000000 -0.000000 -1.000000
2451545.163389  8.0131889370e-01  1.000000 0.000000 0.000000  -0.000000 -0.000000 -1.000000
2451545.164056  7.9042553662e-01  1.000000 0.000000 0.000000  -0.000000 -0.000000 -1.000000
2451545.164723  7.8356552999e-01  1.000000 0.000000 0.000000  -0.000000 -0.000000 -1.000000
2451545.165390  7.7355723971e-01  1.000000 0.000000 0.000000  -0.000000 -0.000000 -1.000000
2451545.166057  7.6252849165e-01  1.000000 0.000000 0.000000  -0.000000 -0.000000 -1.000000
2451545.166724  7.5483012517e-01  1.000000 0.000000 0.000000  -0.000000 -0.000000 -1.000000
2451545.167391  7.4949844028e-01  1.000000 0.000000 0.000000  -0.000000 -0.000000 -1.000000
2451545.168058  7.4505418709e-01  1.000000 0.000000 0.000000  -0.000000 -0.000000 -1.000000
2451545.168725  7.3682371632e-01  1.000000 0.000000 0.000000  -0.000000 -0.000000 -1.000000
2451545.169392  7.3603738444e-01  1.000000 0.000000 0.000000  -0.000000 -0.000000 -1.000000
2451545.170058  7.3556499409e-01  1.000000 0.000000 0.000000  -0.000000 -0.000000 -1.000000
2451545.170725  7.3590081101e-01  1.000000 0.000000 0.000000  -0.000000 -0.000000 -1.000000
2451545.171392  7.1983480910e-01  1.000000 0.000000 0.000000  -0.000000 -0.000000 -1.000000
2451545.172059  7.1982416702e-01  1.000000 0.000000 0.000000  -0.000000 -0.000000 -1.000000
2451545.172726  7.1557206259e-01  1.000000 0.000000 0.000000  -0.000000 -0.000000 -1.000000
2451545.173393  7.2172141439e-01  1.000000 0.000000 0.000000  -0.000000 -0.000000 -1.000000
2451545.174060  7.1876114091e-01  1.000000 0.000000 0.000000  -0.000000 -0.000000 -1.000000
2451545.174727  7.1849035896e-01  1.000000 0.000000 0.000000  -0.000000 -0.000000 -1.000000
2451545.175394  7.0930742153e-01  1.000000 0.000000 0.000000  -0.000000 -0.000000 -1.000000
2451545.176061  7.0725231655e-01  1.000000 0.000000 0.000000  -0.000000 -0.000000 -1.000000
2451545.176727  6.9951433786e-01  1.000000 0.000000 0.000000  -0.000000 -0.000000 -1.000000
2451545.177394  6.9649967150e-01  1.000000 0.000000 0.000000  -0.000000 -0.000000 -1.000000
2451545.178061  6.9232620026e-01  1.000000 0.000000 0.000000  -0.000000 -0.000000 -1.000000
2451545.178728  6.8753253192e-01  1.000000 0.000000 0.000000  -0.000000 -0.000000 -1.000000
2451545.179395  6.8189873005e-01  1.000000 0.000000 0.000000  -0.000000 -0.000000 -1.000000
2451545.180062  6.7442739472e-01  1.000000 0.000000 0.000000  -0.000000 -0.000000 -1.000000
2451545.180729  6.6721501682e-01  1.000000 0.000000 0.000000  -0.000000 -0.000000 -1.000000
2451545.181396  6.6077359889e-01  1.000000 0.000000 0.000000  -0.000000 -0.000000 -1.000000
2451545.182063  6.5979216210e-01  1.000000 0.000000 0.000000  -0.000000 -0.000000 -1.000000
2451545.182729  6.5983946026e-01  1.000000 0.000000 0.000000  -0.000000 -0.000000 -1.000000
2451545.183396  6.4091783205e-01  1.000000 0.000000 0.000000  -0.000000 -0.000000 -1.000000
2451545.184063  6.3320172876e-01  1.000000 0.000000 0.000000  -0.000000 -0.000000 -1.000000
2451545.184730  6.2634053968e-01  1.000000 0.000000 0.000000  -0.000000 -0.000000 -1.000000
2451545.185397  6.2011787573e-01  1.000000 0.000000 0.000000  -0.000000 -0.000000 -1.000000
2451545.186064  6.1180640687e-01  1.000000 0.000000 0.000000  -0.000000 -0.000000 -1.000000
2451545.186731  6.0604017015e-01  1.000000 0.000000 0.000000  -0.000000 -0.000000 -1.000000
2451545.187398  5.9051336725e-01  1.000000 0.000000 0.000000  -0.000000 -0.000000 -1.000000
2451545.188065  5.8752707978e-01  1.000000 0.000000 0.000000  -0.000000 -0.000000 -1.000000
2451545.188732  5.8506934924e-01  1.000000 0.000000 0.000000  -0.000000 -0.000000 -1.000000
2451545.189398  5.8334533137e-01  1.000000 0.000000 0.000000  -0.000000 -0.000000 -1.000000
2451545.190065  5.8189209545e-01  1.000000 0.000000 0.000000  -0.000000 -0.000000 -1.000000
2451545.190732  5.7411805192e-01  1.000000 0.000000 0.000000  -0.000000 -0.000000 -1.000000
2451545.191399  5.6193463758e-01  1.000000 0.000000 0.000000  -0.000000 -0.000000 -1.000000
2451545.192066  5.5673420508e-01  1.000000 0.000000 0.000000  -0.000000 -0.000000 -1.000000
2451545.192733  5.4350313653e-01  1.000000 0.000000 0.000000  -0.000000 -0.000000 -1.000000
2451545.193400  5.3491379099e-01  1.000000 0.000000 0.000000  -0.000000 -0.000000 -1.000000
2451545.194067  5.2709304053e-01  1.000000 0.000000 0.000000  -0.000000 -0.000000 -1.000000
2451545.194734  5.1363789695e-01  1.000000 0.000000 0.000000  -0.000000 -0.000000 -1.000000
2451545.195400  5.0779125337e-01  1.000000 0.000000 0.000000  -0.000000 -0.000000 -1.000000
2451545.196067  5.0195702555e-01  1.000000 0.000000 0.000000  -0.000000 -0.000000 -1.000000
2451545.196734  5.0513900914e-01  1.000000 0.000000 0.000000  -0.000000 -0.000000 -1.000000
2451545.197401  5.0583547452e-01  1.000000 0.000000 0.000000  -0.000000 -0.000000 -1.000000
2451545.198068  5.0192450806e-01  1.000000 0.000000 0.000000  -0.000000 -0.000000 -1.000000
2451545.198735  4.9535065529e-01  1.000000 0.000000 0.000000  -0.000000 -0.000000 -1.000000
2451545.199402  5.0188844322e-01  1.000000 0.000000 0.000000  -0.000000 -0.000000 -1.000000
2451545.200069  5.2364796092e-01  1.000000 0.000000 0.000000  -0.000000 -0.000000 -1.000000
2451545.200736  6.0114776691e-01  1.000000 0.000000 0.000000  -0.000000 -0.000000 -1.000000
2451545.201403  6.5431976519e-01  1.000000 0.000000 0.000000  -0.000000 -0.000000 -1.000000
2451545.202069  7.0707080987e-01  1.000000 0.000000 0.000000  -0.000000 -0.000000 -1.000000
2451545.202736  7.8533388989e-01  1.000000 0.000000 0.000000  -0.000000 -0.000000 -1.000000
2451545.203403  8.5444714118e-01  1.000000 0.000000 0.000000  -0.000000 -0.000000 -1.000000
2451545.204070  9.1482797002e-01  1.000000 0.000000 0.000000  -0.000000 -0.000000 -1.000000
2451545.204737  9.9689204827e-01  1.000000 0.000000 0.000000  -0.000000 -0.000000 -1.000000
2451545.205404  1.0558911797e+00  1.000000 0.000000 0.000000  -0.000000 -0.000000 -1.000000
2451545.206071  1.1156896499e+00  1.000000 0.000000 0.000000  -0.000000 -0.000000 -1.000000
2451545.206738  1.2082627877e+00  1.000000 0.000000 0.000000  -0.000000 -0.000000 -1.000000
2451545.207405  1.2737606860e+00  1.000000 0.000000 0.000000  -0.000000 -0.000000 -1.000000
2451545.208072  1.3391834985e+00  1.000000 0.000000 0.000000  -0.000000 -0.000000 -1.000000
2451545.208738  1.4486816910e+00  1.000000 0.000000 0.000000  -0.000000 -0.000000 -1.000000
2451545.209405  1.5216485598e+00  1.000000 0.000000 0.000000  -0.000000 -0.000000 -1.000000
2451545.210072  1.5930208894e+00  1.000000 0.000000 0.000000  -0.000000 -0.000000 -1.000000
2451545.210739  1.6964371299e+00  1.000000 0.000000 0.000000  -0.000000 -0.000000 -1.000000
2451545.211406  1.7605054414e+00  1.000000 0.000000 0.000000  -0.000000 -0.000000 -1.000000
2451545.212073  1.8227480440e+00  1.000000 0.000000 0.000000  -0.000000 -0.000000 -1.000000
2451545.212740  1.9247701714e+00  1.000000 0.000000 0.000000  -0.000000 -0.000000 -1.000000
2451545.213407  1.9869341408e+00  1.000000 0.000000 0.000000  -0.000000 -0.000000 -1.000000
2451545.214074  2.0469874299e+00  1.000000 0.000000 0.000000  -0.000000 -0.000000 -1.000000
2451545.214740  2.1286352843e+00  1.000000 0.000000 0.000000  -0.000000 -0.000000 -1.000000
2451545.215407  2.1793749748e+00  1.000000 0.000000 0.000000  -0.000000 -0.000000 -1.000000
2451545.216074  2.2660293393e+00  1.000000 0.000000 0.000000  -0.000000 -0.000000 -1.000000
2451545.216741  2.3109750054e+00  1.000000 0.000000 0.000000  -0.000000 -0.000000 -1.000000
2451545.217408  2.3507291075e+00  1.000000 0.000000 0.000000  -0.000000 -0.000000 -1.000000
2451545.218075  2.4137468086e+00  1.000000 0.000000 0.000000  -0.000000 -0.000000 -1.000000
2451545.218742  2.4460224806e+00  1.000000 0.000000 0.000000  -0.000000 -0.000000 -1.000000
2451545.219409  2.4753207335e+00  1.000000 0.000000 0.000000  -0.000000 -0.000000 -1.000000
2451545.220076  2.5002787891e+00  1.000000 0.000000 0.000000  -0.000000 -0.000000 -1.000000
2451545.220743  2.5123209002e+00  1.000000 0.000000 0.000000  -0.000000 -0.000000 -1.000000
2451545.221409  2.5251327889e+00  1.000000 0.000000 0.000000  -0.000000 -0.000000 -1.000000
2451545.222076  2.5305295087e+00  1.000000 0.000000 0.000000  -0.000000 -0.000000 -1.000000
2451545.222743  2.5209853316e+00  1.000000 0.000000 0.000000  -0.000000 -0.000000 -1.000000
2451545.223410  2.5033845045e+00  1.000000 0.000000 0.000000  -0.000000 -0.000000 -1.000000
2451545.224077  2.4705495318e+00  1.000000 0.000000 0.000000  -0.000000 -0.000000 -1.000000
2451545.224744  2.4417254429e+00  1.000000 0.000000 0.000000  -0.000000 -0.000000 -1.000000
2451545.225411  2.4093031466e+00  1.000000 0.000000 0.000000  -0.000000 -0.000000 -1.000000
2451545.226078  2.3217844083e+00  1.000000 0.000000 0.000000  -0.000000 -0.000000 -1.000000
2451545.226745  2.2594028674e+00  1.000000 0.000000 0.000000  -0.000000 -0.000000 -1.000000
2451545.227411  2.1919929410e+00  1.000000 0.000000 0.000000  -0.000000 -0.000000 -1.000000
2451545.228078  2.0909942275e+00  1.000000 0.000000 0.000000  -0.000000 -0.000000 -1.000000
2451545.228745  2.0063547646e+00  1.000000 0.000000 0.000000  -0.000000 -0.000000 -1.000000
2451545.229412  1.9167265283e+00  1.000000 0.000000 0.000000  -0.000000 -0.000000 -1.000000
2451545.230079  1.7466423512e+00  1.000000 0.000000 0.000000  -0.000000 -0.000000 -1.000000
2451545.230746  1.6360616221e+00  1.000000 0.000000 0.000000  -0.000000 -0.000000 -1.000000
2451545.231413  1.5139176758e+00  1.000000 0.000000 0.000000  -0.000000 -0.000000 -1.000000
2451545.232080  1.3282534854e+00  1.000000 0.000000 0.000000  -0.000000 -0.000000 -1.000000
2451545.232747  1.2021920691e+00  1.000000 0.000000 0.000000  -0.000000 -0.000000 -1.000000
2451545.233414  1.0736037487e+00  1.000000 0.000000 0.000000  -0.000000 -0.000000 -1.000000
2451545.234080  8.8721589645e-01  1.000000 0.000000 0.000000  -0.000000 -0.000000 -1.000000
2451545.234747  7.6704901313e-01  1.000000 0.000000 0.000000  -0.000000 -0.000000 -1.000000
2451545.235414  6.5488261328e-01  1.000000 0.000000 0.000000  -0.000000 -0.000000 -1.000000
2451545.236081  5.1562323715e-01  1.000000 0.000000 0.000000  -0.000000 -0.000000 -1.000000
2451545.236748  4.6327659172e-01  1.000000 0.000000 0.000000  -0.000000 -0.000000 -1.000000
2451545.237415  4.4769362226e-01  1.000000 0.000000 0.000000  -0.000000 -0.000000 -1.000000
2451545.238082  4.4464052614e-01  1.000000 0.000000 0.000000  -0.000000 -0.000000 -1.000000
2451545.238749  4.4317073588e-01  1.000000 0.000000 0.000000  -0.000000 -0.000000 -1.000000
2451545.239416  4.4723719503e-01  1.000000 0.000000 0.000000  -0.000000 -0.000000 -1.000000
360  1
2451545.000000  1.1740457960e+00  1.000000 0.000000 0.000000  -0.000000 -1.000000 0.000000
2451545.000667  1.1818177601e+00  1.000000 0.000000 0.000000  -0.000000 -1.000000 0.000000
2451545.001334  1.1872931784e+00  1.000000 0.000000 0.000000  -0.000000 -1.000000 0.000000
2451545.002001  1.1960260199e+00  1.000000 0.000000 0.000000  -0.000000 -1.000000 0.000000
2451545.002668  1.2000194765e+00  1.000000 0.000000 0.000000  -0.000000 -1.000000 0.000000
2451545.003334  1.2033609309e+00  1.000000 0.000000 0.000000  -0.000000 -1.000000 0.000000
2451545.004001  1.2056252039e+00  1.000000 0.000000 0.000000  -0.000000 -1.000000 0.000000
2451545.004668  1.2052140299e+00  1.000000 0.000000 0.000000  -0.000000 -1.000000 0.000000
2451545.005335  1.2062884712e+00  1.000000 0.000000 0.000000  -0.000000 -1.000000 0.000000
2451545.006002  1.2074148229e+00  1.000000 0.000000 0.000000  -0.000000 -1.000000 0.000000
2451545.006669  1.2036554964e+00  1.000000 0.000000 0.000000  -0.000000 -1.000000 0.000000
2451545.007336  1.2027156268e+00  1.000000 0.000000 0.000000  -0.000000 -1.000000 0.000000
2451545.008003  1.1959345295e+00  1.000000 0.000000 0.000000  -0.000000 -1.000000 0.000000
2451545.008670  1.1909896337e+00  1.000000 0.000000 0.000000  -0.000000 -1.000000 0.000000
2451545.009337  1.1868850490e+00  1.000000 0.000000 0.000000  -0.000000 -1.000000 0.000000
2451545.010003  1.1695626147e+00  1.000000 0.000000 0.000000  -0.000000 -1.000000 0.000000
2451545.010670  1.1645760078e+00  1.000000 0.000000 0.000000  -0.000000 -1.000000 0.000000
2451545.011337  1.1564105285e+00  1.000000 0.000000 0.000000  -0.000000 -1.000000 0.000000
2451545.012004  1.1496951947e+00  1.000000 0.000000 0.000000  -0.000000 -1.000000 0.000000
2451545.012671  1.1400844412e+00  1.000000 0.000000 0.000000  -0.000000 -1.000000 0.000000
2451545.013338  1.1285169199e+00  1.000000 0.000000 0.000000  -0.000000 -1.000000 0.000000
2451545.014005  1.1090784848e+00  1.000000 0.000000 0.000000  -0.000000 -1.000000 0.000000
2451545.014672  1.0948953430e+00  1.000000 0.000000 0.000000  -0.000000 -1.000000 0.000000
2451545.015339  1.0884727480e+00  1.000000 0.000000 0.000000  -0.000000 -1.000000 0.000000
2451545.016006  1.0664307187e+00  1.000000 0.000000 0.000000  -0.000000 -1.000000 0.000000
2451545.016672  1.0508822236e+00  1.000000 0.000000 0.000000  -0.000000 -1.000000 0.000000
2451545.017339  1.0417060876e+00  1.000000 0.000000 0.000000  -0.000000 -1.000000 0.000000
2451545.018006  1.0298919532e+00  1.000000 0.000000 0.000000  -0.000000 -1.000000 0.000000
2451545.018673  1.0196205204e+00  1.000000 0.000000 0.000000  -0.000000 -1.000000 0.000000
2451545.019340  1.0098675838e+00  1.000000 0.000000 0.000000  -0.000000 -1.000000 0.000000
2451545.020007  9.9521191930e-01  1.000000 0.000000 0.000000  -0.000000 -1.000000 0.000000
2451545.020674  9.9152946913e-01  1.000000 0.000000 0.000000  -0.000000 -1.000000 0.000000
2451545.021341  9.9101888881e-01  1.000000 0.000000 0.000000  -0.000000 -1.000000 0.000000
2451545.022008  9.8793013668e-01  1.000000 0.000000 0.000000  -0.000000 -1.000000 0.000000
2451545.022674  9.8426869429e-01  1.000000 0.000000 0.000000  -0.000000 -1.000000 0.000000
2451545.023341  9.8057787146e-01  1.000000 0.000000 0.000000  -0.000000 -1.000000 0.000000
2451545.024008  9.7695661786e-01  1.000000 0.000000 0.000000  -0.000000 -1.000000 0.000000
2451545.024675  9.7187197469e-01  1.000000 0.000000 0.000000  -0.000000 -1.000000 0.000000
2451545.025342  9.6106514801e-01  1.000000 0.000000 0.000000  -0.000000 -1.000000 0.000000
2451545.026009  9.5579265269e-01  1.000000 0.000000 0.000000  -0.000000 -1.000000 0.000000
2451545.026676  9.4714521235e-01  1.000000 0.000000 0.000000  -0.000000 -1.000000 0.000000
2451545.027343  9.3800287141e-01  1.000000 0.000000 0.000000  -0.000000 -1.000000 0.000000
2451545.028010  9.3105690877e-01  1.000000 0.000000 0.000000  -0.000000 -1.000000 0.000000
2451545.028677  9.2055530377e-01  1.000000 0.000000 0.000000  -0.000000 -1.000000 0.000000
2451545.029343  9.0482656808e-01  1.000000 0.000000 0.000000  -0.000000 -1.000000 0.000000
2451545.030010  8.9313086886e-01  1.000000 0.000000 0.000000  -0.000000 -1.000000 0.000000
2451545.030677  8.7959394456e-01  1.000000 0.000000 0.000000  -0.000000 -1.000000 0.000000
2451545.031344  8.5863031443e-01  1.000000 0.000000 0.000000  -0.000000 -1.000000 0.000000
2451545.032011  8.4656378228e-01  1.000000 0.000000 0.000000  -0.000000 -1.000000 0.000000
2451545.032678  8.3163455995e-01  1.000000 0.000000 0.000000  -0.000000 -1.000000 0.000000
2451545.033345  8.1404191686e-01  1.000000 0.000000 0.000000  -0.000000 -1.000000 0.000000
2451545.034012  8.0221347285e-01  1.000000 0.000000 0.000000  -0.000000 -1.000000 0.000000
2451545.034679  7.8972008704e-01  1.000000 0.000000 0.000000  -0.000000 -1.000000 0.000000
2451545.035345  7.6667744814e-01  1.000000 0.000000 0.000000  -0.000000 -1.000000 0.000000
2451545.036012  7.5357925147e-01  1.000000 0.000000 0.000000  -0.000000 -1.000000 0.000000
2451545.036679  7.4625332208e-01  1.000000 0.000000 0.000000  -0.000000 -1.000000 0.000000
2451545.037346  7.2672080870e-01  1.000000 0.000000 0.000000  -0.000000 -1.000000 0.000000
2451545.038013  7.1837082630e-01  1.000000 0.000000 0.000000  -0.000000 -1.000000 0.000000
2451545.038680  7.1121204574e-01  1.000000 0.000000 0.000000  -0.000000 -1.000000 0.000000
2451545.039347  7.0421112797e-01  1.000000 0.000000 0.000000  -0.000000 -1.000000 0.000000
2451545.040014  6.9925877291e-01  1.000000 0.000000 0.000000  -0.000000 -1.000000 0.000000
2451545.040681  6.9372581161e-01  1.000000 0.000000 0.000000  -0.000000 -1.000000 0.000000
2451545.041348  6.9013378622e-01  1.000000 0.000000 0.000000  -0.000000 -1.000000 0.000000
2451545.042014  6.9117077880e-01  1.000000 0.000000 0.000000  -0.000000 -1.000000 0.000000
2451545.042681  6.9311917399e-01  1.000000 0.000000 0.000000  -0.000000 -1.000000 0.000000
2451545.043348  6.9769460691e-01  1.000000 0.000000 0.000000  -0.000000 -1.000000 0.000000
2451545.044015  6.9991777774e-01  1.000000 0.000000 0.000000  -0.000000 -1.000000 0.000000
2451545.044682  7.0388291951e-01  1.000000 0.000000 0.000000  -0.000000 -1.000000 0.000000
2451545.045349  7.1221706997e-01  1.000000 0.000000 0.000000  -0.000000 -1.000000 0.000000
2451545.046016  7.1556689700e-01  1.000000 0.000000 0.000000  -0.000000 -1.000000 0.000000
2451545.046683  7.1966813264e-01  1.000000 0.000000 0.000000  -0.000000 -1.000000 0.000000
2451545.047350  7.2395706819e-01  1.000000 0.000000 0.000000  -0.000000 -1.000000 0.000000
2451545.048017  7.3092525645e-01  1.000000 0.000000 0.000000  -0.000000 -1.000000 0.000000
2451545.048683  7.4054788389e-01  1.000000 0.000000 0.000000  -0.000000 -1.000000 0.000000
2451545.049350  7.4576116163e-01  1.000000 0.000000 0.000000  -0.000000 -1.000000 0.000000
2451545.050017  7.4928574901e-01  1.000000 0.000000 0.000000  -0.000000 -1.000000 0.000000
2451545.050684  7.5622699251e-01  1.000000 0.000000 0.000000  -0.000000 -1.000000 0.000000
2451545.051351  7.6128514761e-01  1.000000 0.000000 0.000000  -0.000000 -1.000000 0.000000
2451545.052018  7.6743996955e-01  1.000000 0.000000 0.000000  -0.000000 -1.000000 0.000000
2451545.052685  7.7473286498e-01  1.000000 0.000000 0.000000  -0.000000 -1.000000 0.000000
2451545.053352  7.8031042974e-01  1.000000 0.000000 0.000000  -0.000000 -1.000000 0.000000
2451545.054019  7.8538259002e-01  1.000000 0.000000 0.000000  -0.000000 -1.000000 0.000000
2451545.054685  7.9705789039e-01  1.000000 0.000000 0.000000  -0.000000 -1.000000 0.000000
2451545.055352  8.0454579278e-01  1.000000 0.000000 0.000000  -0.000000 -1.000000 0.000000
2451545.056019  8.1273989139e-01  1.000000 0.000000 0.000000  -0.000000 -1.000000 0.000000
2451545.056686  8.2406323537e-01  1.000000 0.000000 0.000000  -0.000000 -1.000000 0.000000
2451545.057353  8.3000919739e-01  1.000000 0.000000 0.000000  -0.000000 -1.000000 0.000000
2451545.058020  8.3873686308e-01  1.000000 0.000000 0.000000  -0.000000 -1.000000 0.000000
2451545.058687  8.5040835768e-01  1.000000 0.000000 0.000000  -0.000000 -1.000000 0.000000
2451545.059354  8.5623877693e-01  1.000000 0.000000 0.000000  -0.000000 -1.000000 0.000000
2451545.060021  8.6444109597e-01  1.000000 0.000000 0.000000  -0.000000 -1.000000 0.000000
2451545.060688  8.7617865851e-01  1.000000 0.000000 0.000000  -0.000000 -1.000000 0.000000
2451545.061354  8.8485106461e-01  1.000000 0.000000 0.000000  -0.000000 -1.000000 0.000000
2451545.062021  8.9172624018e-01  1.000000 0.000000 0.000000  -0.000000 -1.000000 0.000000
2451545.062688  8.9942452481e-01  1.000000 0.000000 0.000000  -0.000000 -1.000000 0.000000
2451545.063355  9.0728493467e-01  1.000000 0.000000 0.000000  -0.000000 -1.000000 0.000000
2451545.064022  9.1288305052e-01  1.000000 0.000000 0.000000  -0.000000 -1.000000 0.000000
2451545.064689  9.2078897723e-01  1.000000 0.000000 0.000000  -0.000000 -1.000000 0.000000
2451545.065356  9.2641479899e-01  1.000000 0.000000 0.000000  -0.000000 -1.000000 0.000000
2451545.066023  9.3302326713e-01  1.000000 0.000000 0.000000  -0.000000 -1.000000 0.000000
2451545.066690  9.4404930540e-01  1.000000 0.000000 0.000000  -0.000000 -1.000000 0.000000
2451545.067356  9.5157176407e-01  1.000000 0.000000 0.000000  -0.000000 -1.000000 0.000000
2451545.068023  9.5521052415e-01  1.000000 0.000000 0.000000  -0.000000 -1.000000 0.000000
2451545.068690  9.6636854606e-01  1.000000 0.000000 0.000000  -0.000000 -1.000000 0.000000
2451545.069357  9.7464332671e-01  1.000000 0.000000 0.000000  -0.000000 -1.000000 0.000000
2451545.070024  9.8322256789e-01  1.000000 0.000000 0.000000  -0.000000 -1.000000 0.000000
2451545.070691  1.0001622954e+00  1.000000 0.000000 0.000000  -0.000000 -1.000000 0.000000
2451545.071358  1.0083898846e+00  1.000000 0.000000 0.000000  -0.000000 -1.000000 0.000000
2451545.072025  1.0219721735e+00  1.000000 0.000000 0.000000  -0.000000 -1.000000 0.000000
2451545.072692  1.0302996259e+00  1.000000 0.000000 0.000000  -0.000000 -1.000000 0.000000
2451545.073359  1.0389782734e+00  1.000000 0.000000 0.000000  -0.000000 -1.000000 0.000000
2451545.074025  1.0465917658e+00  1.000000 0.000000 0.000000  -0.000000 -1.000000 0.000000
2451545.074692  1.0530438934e+00  1.000000 0.000000 0.000000  -0.000000 -1.000000 0.000000
2451545.075359  1.0590094932e+00  1.000000 0.000000 0.000000  -0.000000 -1.000000 0.000000
2451545.076026  1.0710563876e+00  1.000000 0.000000 0.000000  -0.000000 -1.000000 0.000000
2451545.076693  1.0760388843e+00  1.000000 0.000000 0.000000  -0.000000 -1.000000 0.000000
2451545.077360  1.0802445499e+00  1.000000 0.000000 0.000000  -0.000000 -1.000000 0.000000
2451545.078027  1.0821603678e+00  1.000000 0.000000 0.000000  -0.000000 -1.000000 0.000000
2451545.078694  1.0827782704e+00  1.000000 0.000000 0.000000  -0.000000 -1.000000 0.000000
2451545.079361  1.0891131808e+00  1.000000 0.000000 0.000000  -0.000000 -1.000000 0.000000
2451545.080028  1.0893689276e+00  1.000000 0.000000 0.000000  -0.000000 -1.000000 0.000000
2451545.080694  1.0913741047e+00  1.000000 0.000000 0.000000  -0.000000 -1.000000 0.000000
2451545.081361  1.0948084195e+00  1.000000 0.000000 0.000000  -0.000000 -1.000000 0.000000
2451545.082028  1.1007578829e+00  1.000000 0.000000 0.000000  -0.000000 -1.000000 0.000000
2451545.082695  1.1043202233e+00  1.000000 0.000000 0.000000  -0.000000 -1.000000 0.000000
2451545.083362  1.1065471999e+00  1.000000 0.000000 0.000000  -0.000000 -1.000000 0.000000
2451545.084029  1.1111096933e+00  1.000000 0.000000 0.000000  -0.000000 -1.000000 0.000000
2451545.084696  1.1126216443e+00  1.000000 0.000000 0.000000  -0.000000 -1.000000 0.000000
2451545.085363  1.1109996308e+00  1.000000 0.000000 0.000000  -0.000000 -1.000000 0.000000
2451545.086030  1.1139338692e+00  1.000000 0.000000 0.000000  -0.000000 -1.000000 0.000000
2451545.086696  1.1137974709e+00  1.000000 0.000000 0.000000  -0.000000 -1.000000 0.000000
2451545.087363  1.1127548458e+00  1.000000 0.000000 0.000000  -0.000000 -1.000000 0.000000
2451545.088030  1.1182631458e+00  1.000000 0.000000 0.000000  -0.000000 -1.000000 0.000000
2451545.088697  1.1175039734e+00  1.000000 0.000000 0.000000  -0.000000 -1.000000 0.000000
2451545.089364  1.1204000020e+00  1.000000 0.000000 0.000000  -0.000000 -1.000000 0.000000
2451545.090031  1.1236111473e+00  1.000000 0.000000 0.000000  -0.000000 -1.000000 0.000000
2451545.090698  1.1262780693e+00  1.000000 0.000000 0.000000  -0.000000 -1.000000 0.000000
2451545.091365  1.1306537762e+00  1.000000 0.000000 0.000000  -0.000000 -1.000000 0.000000
2451545.092032  1.1382514366e+00  1.000000 0.000000 0.000000  -0.000000 -1.000000 0.000000
2451545.092699  1.1426035477e+00  1.000000 0.000000 0.000000  -0.000000 -1.000000 0.000000
2451545.093365  1.1418072312e+00  1.000000 0.000000 0.000000  -0.000000 -1.000000 0.000000
2451545.094032  1.1476562225e+00  1.000000 0.000000 0.000000  -0.000000 -1.000000 0.000000
2451545.094699  1.1500928202e+00  1.000000 0.000000 0.000000  -0.000000 -1.000000 0.000000
2451545.095366  1.1518972055e+00  1.000000 0.000000 0.000000  -0.000000 -1.000000 0.000000
2451545.096033  1.1540308649e+00  1.000000 0.000000 0.000000  -0.000000 -1.000000 0.000000
2451545.096700  1.1575811792e+00  1.000000 0.000000 0.000000  -0.000000 -1.000000 0.000000
2451545.097367  1.1642948385e+00  1.000000 0.000000 0.000000  -0.000000 -1.000000 0.000000
2451545.098034  1.1693880066e+00  1.000000 0.000000 0.000000  -0.000000 -1.000000 0.000000
2451545.098701  1.1679317718e+00  1.000000 0.000000 0.000000  -0.000000 -1.000000 0.000000
2451545.099367  1.1686627816e+00  1.000000 0.000000 0.000000  -0.000000 -1.000000 0.000000
2451545.100034  1.1682893607e+00  1.000000 0.000000 0.000000  -0.000000 -1.000000 0.000000
2451545.100701  1.1721692535e+00  1.000000 0.000000 0.000000  -0.000000 -1.000000 0.000000
2451545.101368  1.1721762561e+00  1.000000 0.000000 0.000000  -0.000000 -1.000000 0.000000
2451545.102035  1.1671474815e+00  1.000000 0.000000 0.000000  -0.000000 -1.000000 0.000000
2451545.102702  1.1643986595e+00  1.000000 0.000000 0.000000  -0.000000 -1.000000 0.000000
2451545.103369  1.1675192278e+00  1.000000 0.000000 0.000000  -0.000000 -1.000000 0.000000
2451545.104036  1.1632738301e+00  1.000000 0.000000 0.000000  -0.000000 -1.000000 0.000000
2451545.104703  1.1574322980e+00  1.000000 0.000000 0.000000  -0.000000 -1.000000 0.000000
2451545.105370  1.1439136414e+00  1.000000 0.000000 0.000000  -0.000000 -1.000000 0.000000
2451545.106036  1.1364198020e+00  1.000000 0.000000 0.000000  -0.000000 -1.000000 0.000000
2451545.106703  1.1301244715e+00  1.000000 0.000000 0.000000  -0.000000 -1.000000 0.000000
2451545.107370  1.1214604381e+00  1.000000 0.000000 0.000000  -0.000000 -1.000000 0.000000
2451545.108037  1.1143048544e+00  1.000000 0.000000 0.000000  -0.000000 -1.000000 0.000000
2451545.108704  1.1080567153e+00  1.000000 0.000000 0.000000  -0.000000 -1.000000 0.000000
2451545.109371  1.1015357795e+00  1.000000 0.000000 0.000000  -0.000000 -1.000000 0.000000
2451545.110038  1.0990404210e+00  1.000000 0.000000 0.000000  -0.000000 -1.000000 0.000000
2451545.110705  1.0912185254e+00  1.000000 0.000000 0.000000  -0.000000 -1.000000 0.000000
2451545.111372  1.0770401027e+00  1.000000 0.000000 0.000000  -0.000000 -1.000000 0.000000
2451545.112039  1.0687991172e+00  1.000000 0.000000 0.000000  -0.000000 -1.000000 0.000000
2451545.112705  1.0562579311e+00  1.000000 0.000000 0.000000  -0.000000 -1.000000 0.000000
2451545.113372  1.0485392476e+00  1.000000 0.000000 0.000000  -0.000000 -1.000000 0.000000
2451545.114039  1.0382906493e+00  1.000000 0.000000 0.000000  -0.000000 -1.000000 0.000000
2451545.114706  1.0223589907e+00  1.000000 0.000000 0.000000  -0.000000 -1.000000 0.000000
2451545.115373  1.0118678895e+00  1.000000 0.000000 0.000000  -0.000000 -1.000000 0.000000
2451545.116040  1.0007069753e+00  1.000000 0.000000 0.000000  -0.000000 -1.000000 0.000000
2451545.116707  9.9245944383e-01  1.000000 0.000000 0.000000  -0.000000 -1.000000 0.000000
2451545.117374  9.7410991185e-01  1.000000 0.000000 0.000000  -0.000000 -1.000000 0.000000
2451545.118041  9.6765869758e-01  1.000000 0.000000 0.000000  -0.000000 -1.000000 0.000000
2451545.118707  9.6165701929e-01  1.000000 0.000000 0.000000  -0.000000 -1.000000 0.000000
2451545.119374  9.4745378310e-01  1.000000 0.000000 0.000000  -0.000000 -1.000000 0.000000
2451545.120041  9.4048270247e-01  1.000000 0.000000 0.000000  -0.000000 -1.000000 0.000000
2451545.120708  9.2715859608e-01  1.000000 0.000000 0.000000  -0.000000 -1.000000 0.000000
2451545.121375  9.1597697848e-01  1.000000 0.000000 0.000000  -0.000000 -1.000000 0.000000
2451545.122042  9.1168301932e-01  1.000000 0.000000 0.000000  -0.000000 -1.000000 0.000000
2451545.122709  8.9829725968e-01  1.000000 0.000000 0.000000  -0.000000 -1.000000 0.000000
2451545.123376  8.9293205613e-01  1.000000 0.000000 0.000000  -0.000000 -1.000000 0.000000
2451545.124043  8.8717668641e-01  1.000000 0.000000 0.000000  -0.000000 -1.000000 0.000000
2451545.124710  8.8642025421e-01  1.000000 0.000000 0.000000  -0.000000 -1.000000 0.000000
2451545.125376  8.8061206059e-01  1.000000 0.000000 0.000000  -0.000000 -1.000000 0.000000
2451545.126043  8.7198973824e-01  1.000000 0.000000 0.000000  -0.000000 -1.000000 0.000000
2451545.126710  8.6483232775e-01  1.000000 0.000000 0.000000  -0.000000 -1.000000 0.000000
2451545.127377  8.5779441803e-01  1.000000 0.000000 0.000000  -0.000000 -1.000000 0.000000
2451545.128044  8.5408395749e-01  1.000000 0.000000 0.000000  -0.000000 -1.000000 0.000000
2451545.128711  8.4540287426e-01  1.000000 0.000000 0.000000  -0.000000 -1.000000 0.000000
2451545.129378  8.3635156702e-01  1.000000 0.000000 0.000000  -0.000000 -1.000000 0.000000
2451545.130045  8.3572970638e-01  1.000000 0.000000 0.000000  -0.000000 -1.000000 0.000000
2451545.130712  8.3499534757e-01  1.000000 0.000000 0.000000  -0.000000 -1.000000 0.000000
2451545.131378  8.3154839762e-01  1.000000 0.000000 0.000000  -0.000000 -1.000000 0.000000
2451545.132045  8.2886564362e-01  1.000000 0.000000 0.000000  -0.000000 -1.000000 0.000000
2451545.132712  8.1793794610e-01  1.000000 0.000000 0.000000  -0.000000 -1.000000 0.000000
2451545.133379  8.1533450406e-01  1.000000 0.000000 0.000000  -0.000000 -1.000000 0.000000
2451545.134046  8.1280611155e-01  1.000000 0.000000 0.000000  -0.000000 -1.000000 0.000000
2451545.134713  8.1324407803e-01  1.000000 0.000000 0.000000  -0.000000 -1.000000 0.000000
2451545.135380  8.1003612961e-01  1.000000 0.000000 0.000000  -0.000000 -1.000000 0.000000
2451545.136047  8.0364215391e-01  1.000000 0.000000 0.000000  -0.000000 -1.000000 0.000000
2451545.136714  8.0299989442e-01  1.000000 0.000000 0.000000  -0.000000 -1.000000 0.000000
2451545.137381  8.0114131508e-01  1.000000 0.000000 0.000000  -0.000000 -1.000000 0.000000
2451545.138047  7.9817906631e-01  1.000000 0.000000 0.000000  -0.000000 -1.000000 0.000000
2451545.138714  7.8909168049e-01  1.000000 0.000000 0.000000  -0.000000 -1.000000 0.000000
2451545.139381  7.8465477712e-01  1.000000 0.000000 0.000000  -0.000000 -1.000000 0.000000
2451545.140048  7.8034742170e-01  1.000000 0.000000 0.000000  -0.000000 -1.000000 0.000000
2451545.140715  7.7689286024e-01  1.000000 0.000000 0.000000  -0.000000 -1.000000 0.000000
2451545.141382  7.7478157866e-01  1.000000 0.000000 0.000000  -0.000000 -1.000000 0.000000
2451545.142049  7.7282785541e-01  1.000000 0.000000 0.000000  -0.000000 -1.000000 0.000000
2451545.142716  7.6451973633e-01  1.000000 0.000000 0.000000  -0.000000 -1.000000 0.000000
2451545.143383  7.6484657472e-01  1.000000 0.000000 0.000000  -0.000000 -1.000000 0.000000
2451545.144050  7.6185311874e-01  1.000000 0.000000 0.000000  -0.000000 -1.000000 0.000000
2451545.144716  7.5988188900e-01  1.000000 0.000000 0.000000  -0.000000 -1.000000 0.000000
2451545.145383  7.5868353234e-01  1.000000 0.000000 0.000000  -0.000000 -1.000000 0.000000
2451545.146050  7.5958306099e-01  1.000000 0.000000 0.000000  -0.000000 -1.000000 0.000000
2451545.146717  7.5980242481e-01  1.000000 0.000000 0.000000  -0.000000 -1.000000 0.000000
2451545.147384  7.6316382134e-01  1.000000 0.000000 0.000000  -0.000000 -1.000000 0.000000
2451545.148051  7.6696135759e-01  1.000000 0.000000 0.000000  -0.000000 -1.000000 0.000000
2451545.148718  7.7024405108e-01  1.000000 0.000000 0.000000  -0.000000 -1.000000 0.000000
2451545.149385  7.7511541964e-01  1.000000 0.000000 0.000000  -0.000000 -1.000000 0.000000
2451545.150052  7.8341196921e-01  1.000000 0.000000 0.000000  -0.000000 -1.000000 0.000000
2451545.150718  7.9030343342e-01  1.000000 0.000000 0.000000  -0.000000 -1.000000 0.000000
2451545.151385  7.9936889808e-01  1.000000 0.000000 0.000000  -0.000000 -1.000000 0.000000
2451545.152052  8.1310828863e-01  1.000000 0.000000 0.000000  -0.000000 -1.000000 0.000000
2451545.152719  8.2129919040e-01  1.000000 0.000000 0.000000  -0.000000 -1.000000 0.000000
2451545.153386  8.3018563227e-01  1.000000 0.000000 0.000000  -0.000000 -1.000000 0.000000
2451545.154053  8.3662603819e-01  1.000000 0.000000 0.000000  -0.000000 -1.000000 0.000000
2451545.154720  8.4427119445e-01  1.000000 0.000000 0.000000  -0.000000 -1.000000 0.000000
2451545.155387  8.4998911553e-01  1.000000 0.000000 0.000000  -0.000000 -1.000000 0.000000
2451545.156054  8.5863229342e-01  1.000000 0.000000 0.000000  -0.000000 -1.000000 0.000000
2451545.156721  8.6390448427e-01  1.000000 0.000000 0.000000  -0.000000 -1.000000 0.000000
2451545.157387  8.6548372107e-01  1.000000 0.000000 0.000000  -0.000000 -1.000000 0.000000
2451545.158054  8.7672638301e-01  1.000000 0.000000 0.000000  -0.000000 -1.000000 0.000000
2451545.158721  8.8105474620e-01  1.000000 0.000000 0.000000  -0.000000 -1.000000 0.000000
2451545.159388  8.8535433788e-01  1.000000 0.000000 0.000000  -0.000000 -1.000000 0.000000
2451545.160055  8.8808961132e-01  1.000000 0.000000 0.000000  -0.000000 -1.000000 0.000000
2451545.160722  8.8842253892e-01  1.000000 0.000000 0.000000  -0.000000 -1.000000 0.000000
2451545.161389  8.9033820460e-01  1.000000 0.000000 0.000000  -0.000000 -1.000000 0.000000
2451545.162056  8.9392505416e-01  1.000000 0.000000 0.000000  -0.000000 -1.000000 0.000000
2451545.162723  8.9773020193e-01  1.000000 0.000000 0.000000  -0.000000 -1.000000 0.000000
2451545.163389  8.9964251855e-01  1.000000 0.000000 0.000000  -0.000000 -1.000000 0.000000
2451545.164056  9.0196311675e-01  1.000000 0.000000 0.000000  -0.000000 -1.000000 0.000000
2451545.164723  9.0389583222e-01  1.000000 0.000000 0.000000  -0.000000 -1.000000 0.000000
2451545.165390  9.0644797265e-01  1.000000 0.000000 0.000000  -0.000000 -1.000000 0.000000
2451545.166057  9.0580403862e-01  1.000000 0.000000 0.000000  -0.000000 -1.000000 0.000000
2451545.166724  9.0671863807e-01  1.000000 0.000000 0.000000  -0.000000 -1.000000 0.000000
2451545.167391  9.0634978413e-01  1.000000 0.000000 0.000000  -0.000000 -1.000000 0.000000
2451545.168058  9.0779186146e-01  1.000000 0.000000 0.000000  -0.000000 -1.000000 0.000000
2451545.168725  9.0779064361e-01  1.000000 0.000000 0.000000  -0.000000 -1.000000 0.000000
2451545.169392  9.0511062976e-01  1.000000 0.000000 0.000000  -0.000000 -1.000000 0.000000
2451545.170058  9.0457219130e-01  1.000000 0.000000 0.000000  -0.000000 -1.000000 0.000000
2451545.170725  9.0137733468e-01  1.000000 0.000000 0.000000  -0.000000 -1.000000 0.000000
2451545.171392  8.9338022204e-01  1.000000 0.000000 0.000000  -0.000000 -1.000000 0.000000
2451545.172059  8.9246897166e-01  1.000000 0.000000 0.000000  -0.000000 -1.000000 0.000000
2451545.172726  8.8774206962e-01  1.000000 0.000000 0.000000  -0.000000 -1.000000 0.000000
2451545.173393  8.8273765181e-01  1.000000 0.000000 0.000000  -0.000000 -1.000000 0.000000
2451545.174060  8.8025629845e-01  1.000000 0.000000 0.000000  -0.000000 -1.000000 0.000000
2451545.174727  8.8315202260e-01  1.000000 0.000000 0.000000  -0.000000 -1.000000 0.000000
2451545.175394  8.9687573344e-01  1.000000 0.000000 0.000000  -0.000000 -1.000000 0.000000
2451545.176061  9.0354250577e-01  1.000000 0.000000 0.000000  -0.000000 -1.000000 0.000000
2451545.176727  9.1489035883e-01  1.000000 0.000000 0.000000  -0.000000 -1.000000 0.000000
2451545.177394  9.2695460752e-01  1.000000 0.000000 0.000000  -0.000000 -1.000000 0.000000
2451545.178061  9.3402829136e-01  1.000000 0.000000 0.000000  -0.000000 -1.000000 0.000000
2451545.178728  9.4380786820e-01  1.000000 0.000000 0.000000  -0.000000 -1.000000 0.000000
2451545.179395  9.5829318707e-01  1.000000 0.000000 0.000000  -0.000000 -1.000000 0.000000
2451545.180062  9.6687760408e-01  1.000000 0.000000 0.000000  -0.000000 -1.000000 0.000000
2451545.180729  9.7615497327e-01  1.000000 0.000000 0.000000  -0.000000 -1.000000 0.000000
2451545.181396  9.8154879610e-01  1.000000 0.000000 0.000000  -0.000000 -1.000000 0.000000
2451545.182063  9.9100549255e-01  1.000000 0.000000 0.000000  -0.000000 -1.000000 0.000000
2451545.182729  1.0002609406e+00  1.000000 0.000000 0.000000  -0.000000 -1.000000 0.000000
2451545.183396  1.0098607335e+00  1.000000 0.000000 0.000000  -0.000000 -1.000000 0.000000
2451545.184063  1.0175160892e+00  1.000000 0.000000 0.000000  -0.000000 -1.000000 0.000000
2451545.184730  1.0225431893e+00  1.000000 0.000000 0.000000  -0.000000 -1.000000 0.000000
2451545.185397  1.0377308986e+00  1.000000 0.000000 0.000000  -0.000000 -1.000000 0.000000
2451545.186064  1.0448858734e+00  1.000000 0.000000 0.000000  -0.000000 -1.000000 0.000000
2451545.186731  1.0532979658e+00  1.000000 0.000000 0.000000  -0.000000 -1.000000 0.000000
2451545.187398  1.0569629094e+00  1.000000 0.000000 0.000000  -0.000000 -1.000000 0.000000
2451545.188065  1.0596916370e+00  1.000000 0.000000 0.000000  -0.000000 -1.000000 0.000000
2451545.188732  1.0620731273e+00  1.000000 0.000000 0.000000  -0.000000 -1.000000 0.000000
2451545.189398  1.0726627214e+00  1.000000 0.000000 0.000000  -0.000000 -1.000000 0.000000
2451545.190065  1.0758604704e+00  1.000000 0.000000 0.000000  -0.000000 -1.000000 0.000000
2451545.190732  1.0752573341e+00  1.000000 0.000000 0.000000  -0.000000 -1.000000 0.000000
2451545.191399  1.0793894724e+00  1.000000 0.000000 0.000000  -0.000000 -1.000000 0.000000
2451545.192066  1.0824768545e+00  1.000000 0.000000 0.000000  -0.000000 -1.000000 0.000000
2451545.192733  1.0816269529e+00  1.000000 0.000000 0.000000  -0.000000 -1.000000 0.000000
2451545.193400  1.0853354345e+00  1.000000 0.000000 0.000000  -0.000000 -1.000000 0.000000
2451545.194067  1.0857778156e+00  1.000000 0.000000 0.000000  -0.000000 -1.000000 0.000000
2451545.194734  1.0883371109e+00  1.000000 0.000000 0.000000  -0.000000 -1.000000 0.000000
2451545.195400  1.0911494128e+00  1.000000 0.000000 0.000000  -0.000000 -1.000000 0.000000
2451545.196067  1.0932174610e+00  1.000000 0.000000 0.000000  -0.000000 -1.000000 0.000000
2451545.196734  1.0933780639e+00  1.000000 0.000000 0.000000  -0.000000 -1.000000 0.000000
2451545.197401  1.0987947213e+00  1.000000 0.000000 0.000000  -0.000000 -1.000000 0.000000
2451545.198068  1.1022002646e+00  1.000000 0.000000 0.000000  -0.000000 -1.000000 0.000000
2451545.198735  1.1030763498e+00  1.000000 0.000000 0.000000  -0.000000 -1.000000 0.000000
2451545.199402  1.1074380514e+00  1.000000 0.000000 0.000000  -0.000000 -1.000000 0.000000
2451545.200069  1.1142220411e+00  1.000000 0.000000 0.000000  -0.000000 -1.000000 0.000000
2451545.200736  1.1272783744e+00  1.000000 0.000000 0.000000  -0.000000 -1.000000 0.000000
2451545.201403  1.1348361505e+00  1.000000 0.000000 0.000000  -0.000000 -1.000000 0.000000
2451545.202069  1.1412677271e+00  1.000000 0.000000 0.000000  -0.000000 -1.000000 0.000000
2451545.202736  1.1502550976e+00  1.000000 0.000000 0.000000  -0.000000 -1.000000 0.000000
2451545.203403  1.1568684371e+00  1.000000 0.000000 0.000000  -0.000000 -1.000000 0.000000
2451545.204070  1.1639005621e+00  1.000000 0.000000 0.000000  -0.000000 -1.000000 0.000000
2451545.204737  1.1742616586e+00  1.000000 0.000000 0.000000  -0.000000 -1.000000 0.000000
2451545.205404  1.1778827599e+00  1.000000 0.000000 0.000000  -0.000000 -1.000000 0.000000
2451545.206071  1.1858447074e+00  1.000000 0.000000 0.000000  -0.000000 -1.000000 0.000000
2451545.206738  1.2051595315e+00  1.000000 0.000000 0.000000  -0.000000 -1.000000 0.000000
2451545.207405  1.2169560071e+00  1.000000 0.000000 0.000000  -0.000000 -1.000000 0.000000
2451545.208072  1.2298541732e+00  1.000000 0.000000 0.000000  -0.000000 -1.000000 0.000000
2451545.208738  1.2410085416e+00  1.000000 0.000000 0.000000  -0.000000 -1.000000 0.000000
2451545.209405  1.2518602762e+00  1.000000 0.000000 0.000000  -0.000000 -1.000000 0.000000
2451545.210072  1.2600403697e+00  1.000000 0.000000 0.000000  -0.000000 -1.000000 0.000000
2451545.210739  1.2732815106e+00  1.000000 0.000000 0.000000  -0.000000 -1.000000 0.000000
2451545.211406  1.2804133464e+00  1.000000 0.000000 0.000000  -0.000000 -1.000000 0.000000
2451545.212073  1.2821443567e+00  1.000000 0.000000 0.000000  -0.000000 -1.000000 0.000000
2451545.212740  1.2926094265e+00  1.000000 0.000000 0.000000  -0.000000 -1.000000 0.000000
2451545.213407  1.2952946161e+00  1.000000 0.000000 0.000000  -0.000000 -1.000000 0.000000
2451545.214074  1.2979193704e+00  1.000000 0.000000 0.000000  -0.000000 -1.000000 0.000000
2451545.214740  1.2987510044e+00  1.000000 0.000000 0.000000  -0.000000 -1.000000 0.000000
2451545.215407  1.2953905212e+00  1.000000 0.000000 0.000000  -0.000000 -1.000000 0.000000
2451545.216074  1.3003652541e+00  1.000000 0.000000 0.000000  -0.000000 -1.000000 0.000000
2451545.216741  1.2991968868e+00  1.000000 0.000000 0.000000  -0.000000 -1.000000 0.000000
2451545.217408  1.2992433171e+00  1.000000 0.000000 0.000000  -0.000000 -1.000000 0.000000
2451545.218075  1.2949630586e+00  1.000000 0.000000 0.000000  -0.000000 -1.000000 0.000000
2451545.218742  1.2883914302e+00  1.000000 0.000000 0.000000  -0.000000 -1.000000 0.000000
2451545.219409  1.2900592650e+00  1.000000 0.000000 0.000000  -0.000000 -1.000000 0.000000
2451545.220076  1.2861137609e+00  1.000000 0.000000 0.000000  -0.000000 -1.000000 0.000000
2451545.220743  1.2811671906e+00  1.000000 0.000000 0.000000  -0.000000 -1.000000 0.000000
2451545.221409  1.2801589696e+00  1.000000 0.000000 0.000000  -0.000000 -1.000000 0.000000
2451545.222076  1.2771776920e+00  1.000000 0.000000 0.000000  -0.000000 -1.000000 0.000000
2451545.222743  1.2756843131e+00  1.000000 0.000000 0.000000  -0.000000 -1.000000 0.000000
2451545.223410  1.2710562085e+00  1.000000 0.000000 0.000000  -0.000000 -1.000000 0.000000
2451545.224077  1.2598117198e+00  1.000000 0.000000 0.000000  -0.000000 -1.000000 0.000000
2451545.224744  1.2524670661e+00  1.000000 0.000000 0.000000  -0.000000 -1.000000 0.000000
2451545.225411  1.2460558884e+00  1.000000 0.000000 0.000000  -0.000000 -1.000000 0.000000
2451545.226078  1.2307345209e+00  1.000000 0.000000 0.000000  -0.000000 -1.000000 0.000000
2451545.226745  1.2216098386e+00  1.000000 0.000000 0.000000  -0.000000 -1.000000 0.000000
2451545.227411  1.2104230452e+00  1.000000 0.000000 0.000000  -0.000000 -1.000000 0.000000
2451545.228078  1.1994426760e+00  1.000000 0.000000 0.000000  -0.000000 -1.000000 0.000000
2451545.228745  1.1876807566e+00  1.000000 0.000000 0.000000  -0.000000 -1.000000 0.000000
2451545.229412  1.1725833199e+00  1.000000 0.000000 0.000000  -0.000000 -1.000000 0.000000
2451545.230079  1.1537942991e+00  1.000000 0.000000 0.000000  -0.000000 -1.000000 0.000000
2451545.230746  1.1415383925e+00  1.000000 0.000000 0.000000  -0.000000 -1.000000 0.000000
2451545.231413  1.1273555552e+00  1.000000 0.000000 0.000000  -0.000000 -1.000000 0.000000
2451545.232080  1.1165141722e+00  1.000000 0.000000 0.000000  -0.000000 -1.000000 0.000000
2451545.232747  1.0982870334e+00  1.000000 0.000000 0.000000  -0.000000 -1.000000 0.000000
2451545.233414  1.0858994476e+00  1.000000 0.000000 0.000000  -0.000000 -1.000000 0.000000
2451545.234080  1.0764092605e+00  1.000000 0.000000 0.000000  -0.000000 -1.000000 0.000000
2451545.234747  1.0816704908e+00  1.000000 0.000000 0.000000  -0.000000 -1.000000 0.000000
2451545.235414  1.0944566154e+00  1.000000 0.000000 0.000000  -0.000000 -1.000000 0.000000
2451545.236081  1.1089647688e+00  1.000000 0.000000 0.000000  -0.000000 -1.000000 0.000000
2451545.236748  1.1231224881e+00  1.000000 0.000000 0.000000  -0.000000 -1.000000 0.000000
2451545.237415  1.1327795196e+00  1.000000 0.000000 0.000000  -0.000000 -1.000000 0.000000
2451545.238082  1.1508213942e+00  1.000000 0.000000 0.000000  -0.000000 -1.000000 0.000000
2451545.238749  1.1604091609e+00  1.000000 0.000000 0.000000  -0.000000 -1.000000 0.000000
2451545.239416  1.1678083131e+00  1.000000 0.000000 0.000000  -0.000000 -1.000000 0.000000
360  1
2451545.000000  1.1858716369e+00  1.000000 0.000000 0.000000  -0.000000 -1.000000 0.000000
2451545.000667  1.1946065834e+00  1.000000 0.000000 0.000000  -0.000000 -1.000000 0.000000
2451545.001334  1.2018068880e+00  1.000000 0.000000 0.000000  -0.000000 -1.000000 0.000000
2451545.002001  1.2062095993e+00  1.000000 0.000000 0.000000  -0.000000 -1.000000 0.000000
2451545.002668  1.2104553566e+00  1.000000 0.000000 0.000000  -0.000000 -1.000000 0.000000
2451545.003334  1.2145737804e+00  1.000000 0.000000 0.000000  -0.000000 -1.000000 0.000000
2451545.004001  1.2181614207e+00  1.000000 0.000000 0.000000  -0.000000 -1.000000 0.000000
2451545.004668  1.2184743072e+00  1.000000 0.000000 0.000000  -0.000000 -1.000000 0.000000
2451545.005335  1.2168708916e+00  1.000000 0.000000 0.000000  -0.000000 -1.000000 0.000000
2451545.006002  1.2148996045e+00  1.000000 0.000000 0.000000  -0.000000 -1.000000 0.000000
2451545.006669  1.2137238118e+00  1.000000 0.000000 0.000000  -0.000000 -1.000000 0.000000
2451545.007336  1.2117506522e+00  1.000000 0.000000 0.000000  -0.000000 -1.000000 0.000000
2451545.008003  1.2026454510e+00  1.000000 0.000000 0.000000  -0.000000 -1.000000 0.000000
2451545.008670  1.1978227773e+00  1.000000 0.000000 0.000000  -0.000000 -1.000000 0.000000
2451545.009337  1.1907741494e+00  1.000000 0.000000 0.000000  -0.000000 -1.000000 0.000000
2451545.010003  1.1746981164e+00  1.000000 0.000000 0.000000  -0.000000 -1.000000 0.000000
2451545.010670  1.1669014889e+00  1.000000 0.000000 0.000000  -0.000000 -1.000000 0.000000
2451545.011337  1.1575726028e+00  1.000000 0.000000 0.000000  -0.000000 -1.000000 0.000000
2451545.012004  1.1460826210e+00  1.000000 0.000000 0.000000  -0.000000 -1.000000 0.000000
2451545.012671  1.1388610373e+00  1.000000 0.000000 0.000000  -0.000000 -1.000000 0.000000
2451545.013338  1.1276195942e+00  1.000000 0.000000 0.000000  -0.000000 -1.000000 0.000000
2451545.014005  1.1109857108e+00  1.000000 0.000000 0.000000  -0.000000 -1.000000 0.000000
2451545.014672  1.0969725496e+00  1.000000 0.000000 0.000000  -0.000000 -1.000000 0.000000
2451545.015339  1.0872943474e+00  1.000000 0.000000 0.000000  -0.000000 -1.000000 0.000000
2451545.016006  1.0775289863e+00  1.000000 0.000000 0.000000  -0.000000 -1.000000 0.000000
2451545.016672  1.0666567766e+00  1.000000 0.000000 0.000000  -0.000000 -1.000000 0.000000
2451545.017339  1.0571893216e+00  1.000000 0.000000 0.000000  -0.000000 -1.000000 0.000000
2451545.018006  1.0433045154e+00  1.000000 0.000000 0.000000  -0.000000 -1.000000 0.000000
2451545.018673  1.0363074678e+00  1.000000 0.000000 0.000000  -0.000000 -1.000000 0.000000
2451545.019340  1.0274472305e+00  1.000000 0.000000 0.000000  -0.000000 -1.000000 0.000000
2451545.020007  1.0252144671e+00  1.000000 0.000000 0.000000  -0.000000 -1.000000 0.000000
2451545.020674  1.0214662980e+00  1.000000 0.000000 0.000000  -0.000000 -1.000000 0.000000
2451545.021341  1.0170322640e+00  1.000000 0.000000 0.000000  -0.000000 -1.000000 0.000000
2451545.022008  1.0110772068e+00  1.000000 0.000000 0.000000  -0.000000 -1.000000 0.000000
2451545.022674  1.0072265580e+00  1.000000 0.000000 0.000000  -0.000000 -1.000000 0.000000
2451545.023341  1.0032855160e+00  1.000000 0.000000 0.000000  -0.000000 -1.000000 0.000000
2451545.024008  9.9700225136e-01  1.000000 0.000000 0.000000  -0.000000 -1.000000 0.000000
2451545.024675  9.8967376199e-01  1.000000 0.000000 0.000000  -0.000000 -1.000000 0.000000
2451545.025342  9.7925828478e-01  1.000000 0.000000 0.000000  -0.000000 -1.000000 0.000000
2451545.026009  9.7243180970e-01  1.000000 0.000000 0.000000  -0.000000 -1.000000 0.000000
2451545.026676  9.6174208867e-01  1.000000 0.000000 0.000000  -0.000000 -1.000000 0.000000
2451545.027343  9.5094971772e-01  1.000000 0.000000 0.000000  -0.000000 -1.000000 0.000000
2451545.028010  9.4325012250e-01  1.000000 0.000000 0.000000  -0.000000 -1.000000 0.000000
2451545.028677  9.3187555797e-01  1.000000 0.000000 0.000000  -0.000000 -1.000000 0.000000
2451545.029343  9.1314424556e-01  1.000000 0.000000 0.000000  -0.000000 -1.000000 0.000000
2451545.030010  9.0140010727e-01  1.000000 0.000000 0.000000  -0.000000 -1.000000 0.000000
2451545.030677  8.8863815160e-01  1.000000 0.000000 0.000000  -0.000000 -1.000000 0.000000
2451545.031344  8.7237316100e-01  1.000000 0.000000 0.000000  -0.000000 -1.000000 0.000000
2451545.032011  8.5580039086e-01  1.000000 0.000000 0.000000  -0.000000 -1.000000 0.000000
2451545.032678  8.4087257294e-01  1.000000 0.000000 0.000000  -0.000000 -1.000000 0.000000
2451545.033345  8.1550084906e-01  1.000000 0.000000 0.000000  -0.000000 -1.000000 0.000000
2451545.034012  8.0227364923e-01  1.000000 0.000000 0.000000  -0.000000 -1.000000 0.000000
2451545.034679  7.8968413862e-01  1.000000 0.000000 0.000000  -0.000000 -1.000000 0.000000
2451545.035345  7.6635826341e-01  1.000000 0.000000 0.000000  -0.000000 -1.000000 0.000000
2451545.036012  7.5330657281e-01  1.000000 0.000000 0.000000  -0.000000 -1.000000 0.000000
2451545.036679  7.4183906159e-01  1.000000 0.000000 0.000000  -0.000000 -1.000000 0.000000
2451545.037346  7.2617516032e-01  1.000000 0.000000 0.000000  -0.000000 -1.000000 0.000000
2451545.038013  7.1294676887e-01  1.000000 0.000000 0.000000  -0.000000 -1.000000 0.000000
2451545.038680  7.0498876141e-01  1.000000 0.000000 0.000000  -0.000000 -1.000000 0.000000
2451545.039347  6.9537660920e-01  1.000000 0.000000 0.000000  -0.000000 -1.000000 0.000000
2451545.040014  6.9262293570e-01  1.000000 0.000000 0.000000  -0.000000 -1.000000 0.000000
2451545.040681  6.9048379987e-01  1.000000 0.000000 0.000000  -0.000000 -1.000000 0.000000
2451545.041348  6.8878624596e-01  1.000000 0.000000 0.000000  -0.000000 -1.000000 0.000000
2451545.042014  6.9126635657e-01  1.000000 0.000000 0.000000  -0.000000 -1.000000 0.000000
2451545.042681  6.9302485355e-01  1.000000 0.000000 0.000000  -0.000000 -1.000000 0.000000
2451545.043348  7.0108363838e-01  1.000000 0.000000 0.000000  -0.000000 -1.000000 0.000000
2451545.044015  7.0525108898e-01  1.000000 0.000000 0.000000  -0.000000 -1.000000 0.000000
2451545.044682  7.0853707807e-01  1.000000 0.000000 0.000000  -0.000000 -1.000000 0.000000
2451545.045349  7.1225681840e-01  1.000000 0.000000 0.000000  -0.000000 -1.000000 0.000000
2451545.046016  7.1893808556e-01  1.000000 0.000000 0.000000  -0.000000 -1.000000 0.000000
2451545.046683  7.2264318593e-01  1.000000 0.000000 0.000000  -0.000000 -1.000000 0.000000
2451545.047350  7.2791374016e-01  1.000000 0.000000 0.000000  -0.000000 -1.000000 0.000000
2451545.048017  7.3281778480e-01  1.000000 0.000000 0.000000  -0.000000 -1.000000 0.000000
2451545.048683  7.4126452845e-01  1.000000 0.000000 0.000000  -0.000000 -1.000000 0.000000
2451545.049350  7.4896974133e-01  1.000000 0.000000 0.000000  -0.000000 -1.000000 0.000000
2451545.050017  7.5326112086e-01  1.000000 0.000000 0.000000  -0.000000 -1.000000 0.000000
2451545.050684  7.6389398438e-01  1.000000 0.000000 0.000000  -0.000000 -1.000000 0.000000
2451545.051351  7.7329607025e-01  1.000000 0.000000 0.000000  -0.000000 -1.000000 0.000000
2451545.052018  7.7872511051e-01  1.000000 0.000000 0.000000  -0.000000 -1.000000 0.000000
2451545.052685  7.8610330763e-01  1.000000 0.000000 0.000000  -0.000000 -1.000000 0.000000
2451545.053352  7.9038345185e-01  1.000000 0.000000 0.000000  -0.000000 -1.000000 0.000000
2451545.054019  7.9689567858e-01  1.000000 0.000000 0.000000  -0.000000 -1.000000 0.000000
2451545.054685  8.0951702258e-01  1.000000 0.000000 0.000000  -0.000000 -1.000000 0.000000
2451545.055352  8.1710664790e-01  1.000000 0.000000 0.000000  -0.000000 -1.000000 0.000000
2451545.056019  8.2318546386e-01  1.000000 0.000000 0.000000  -0.000000 -1.000000 0.000000
2451545.056686  8.2961002109e-01  1.000000 0.000000 0.000000  -0.000000 -1.000000 0.000000
2451545.057353  8.3457671113e-01  1.000000 0.000000 0.000000  -0.000000 -1.000000 0.000000
2451545.058020  8.4328799537e-01  1.000000 0.000000 0.000000  -0.000000 -1.000000 0.000000
2451545.058687  8.5833957199e-01  1.000000 0.000000 0.000000  -0.000000 -1.000000 0.000000
2451545.059354  8.6372281983e-01  1.000000 0.000000 0.000000  -0.000000 -1.000000 0.000000
2451545.060021  8.7064956158e-01  1.000000 0.000000 0.000000  -0.000000 -1.000000 0.000000
2451545.060688  8.7775249350e-01  1.000000 0.000000 0.000000  -0.000000 -1.000000 0.000000
2451545.061354  8.8512337065e-01  1.000000 0.000000 0.000000  -0.000000 -1.000000 0.000000
2451545.062021  8.9129632493e-01  1.000000 0.000000 0.000000  -0.000000 -1.000000 0.000000
2451545.062688  9.0047455566e-01  1.000000 0.000000 0.000000  -0.000000 -1.000000 0.000000
2451545.063355  9.0510895275e-01  1.000000 0.000000 0.000000  -0.000000 -1.000000 0.000000
2451545.064022  9.1290319699e-01  1.000000 0.000000 0.000000  -0.000000 -1.000000 0.000000
2451545.064689  9.2179594858e-01  1.000000 0.000000 0.000000  -0.000000 -1.000000 0.000000
2451545.065356  9.2840129225e-01  1.000000 0.000000 0.000000  -0.000000 -1.000000 0.000000
2451545.066023  9.3608539635e-01  1.000000 0.000000 0.000000  -0.000000 -1.000000 0.000000
2451545.066690  9.4625335617e-01  1.000000 0.000000 0.000000  -0.000000 -1.000000 0.000000
2451545.067356  9.5217096239e-01  1.000000 0.000000 0.000000  -0.000000 -1.000000 0.000000
2451545.068023  9.6104311591e-01  1.000000 0.000000 0.000000  -0.000000 -1.000000 0.000000
2451545.068690  9.6940661609e-01  1.000000 0.000000 0.000000  -0.000000 -1.000000 0.000000
2451545.069357  9.7976540603e-01  1.000000 0.000000 0.000000  -0.000000 -1.000000 0.000000
2451545.070024  9.8882141016e-01  1.000000 0.000000 0.000000  -0.000000 -1.000000 0.000000
2451545.070691  1.0069841476e+00  1.000000 0.000000 0.000000  -0.000000 -1.000000 0.000000
2451545.071358  1.0147661351e+00  1.000000 0.000000 0.000000  -0.000000 -1.000000 0.000000
2451545.072025  1.0252445982e+00  1.000000 0.000000 0.000000  -0.000000 -1.000000 0.000000
2451545.072692  1.0321863203e+00  1.000000 0.000000 0.000000  -0.000000 -1.000000 0.000000
2451545.073359  1.0420398616e+00  1.000000 0.000000 0.000000  -0.000000 -1.000000 0.000000
2451545.074025  1.0521475592e+00  1.000000 0.000000 0.000000  -0.000000 -1.000000 0.000000
2451545.074692  1.0596944563e+00  1.000000 0.000000 0.000000  -0.000000 -1.000000 0.000000
2451545.075359  1.0652528729e+00  1.000000 0.000000 0.000000  -0.000000 -1.000000 0.000000
2451545.076026  1.0710925129e+00  1.000000 0.000000 0.000000  -0.000000 -1.000000 0.000000
2451545.076693  1.0762224554e+00  1.000000 0.000000 0.000000  -0.000000 -1.000000 0.000000
2451545.077360  1.0803430922e+00  1.000000 0.000000 0.000000  -0.000000 -1.000000 0.000000
2451545.078027  1.0827244682e+00  1.000000 0.000000 0.000000  -0.000000 -1.000000 0.000000
2451545.078694  1.0830753165e+00  1.000000 0.000000 0.000000  -0.000000 -1.000000 0.000000
2451545.079361  1.0866524024e+00  1.000000 0.000000 0.000000  -0.000000 -1.000000 0.000000
2451545.080028  1.0909448033e+00  1.000000 0.000000 0.000000  -0.000000 -1.000000 0.000000
2451545.080694  1.0891517492e+00  1.000000 0.000000 0.000000  -0.000000 -1.000000 0.000000
2451545.081361  1.0879243762e+00  1.000000 0.000000 0.000000  -0.000000 -1.000000 0.000000
2451545.082028  1.0937081800e+00  1.000000 0.000000 0.000000  -0.000000 -1.000000 0.000000
2451545.082695  1.0966485981e+00  1.000000 0.000000 0.000000  -0.000000 -1.000000 0.000000
2451545.083362  1.0981754092e+00  1.000000 0.000000 0.000000  -0.000000 -1.000000 0.000000
2451545.084029  1.0971305250e+00  1.000000 0.000000 0.000000  -0.000000 -1.000000 0.000000
2451545.084696  1.0952818050e+00  1.000000 0.000000 0.000000  -0.000000 -1.000000 0.000000
2451545.085363  1.0961482861e+00  1.000000 0.000000 0.000000  -0.000000 -1.000000 0.000000
2451545.086030  1.0992494032e+00  1.000000 0.000000 0.000000  -0.000000 -1.000000 0.000000
2451545.086696  1.0994712155e+00  1.000000 0.000000 0.000000  -0.000000 -1.000000 0.000000
2451545.087363  1.0971943620e+00  1.000000 0.000000 0.000000  -0.000000 -1.000000 0.000000
2451545.088030  1.0946298163e+00  1.000000 0.000000 0.000000  -0.000000 -1.000000 0.000000
2451545.088697  1.0972898622e+00  1.000000 0.000000 0.000000  -0.000000 -1.000000 0.000000
2451545.089364  1.0961898227e+00  1.000000 0.000000 0.000000  -0.000000 -1.000000 0.000000
2451545.090031  1.0988949801e+00  1.000000 0.000000 0.000000  -0.000000 -1.000000 0.000000
2451545.090698  1.0968298952e+00  1.000000 0.000000 0.000000  -0.000000 -1.000000 0.000000
2451545.091365  1.1033123313e+00  1.000000 0.000000 0.000000  -0.000000 -1.000000 0.000000
2451545.092032  1.1097893200e+00  1.000000 0.000000 0.000000  -0.000000 -1.000000 0.000000
2451545.092699  1.1133781519e+00  1.000000 0.000000 0.000000  -0.000000 -1.000000 0.000000
2451545.093365  1.1161185473e+00  1.000000 0.000000 0.000000  -0.000000 -1.000000 0.000000
2451545.094032  1.1261281913e+00  1.000000 0.000000 0.000000  -0.000000 -1.000000 0.000000
2451545.094699  1.1299618169e+00  1.000000 0.000000 0.000000  -0.000000 -1.000000 0.000000
2451545.095366  1.1376547731e+00  1.000000 0.000000 0.000000  -0.000000 -1.000000 0.000000
2451545.096033  1.1390879566e+00  1.000000 0.000000 0.000000  -0.000000 -1.000000 0.000000
2451545.096700  1.1449146589e+00  1.000000 0.000000 0.000000  -0.000000 -1.000000 0.000000
2451545.097367  1.1540855697e+00  1.000000 0.000000 0.000000  -0.000000 -1.000000 0.000000
2451545.098034  1.1585904202e+00  1.000000 0.000000 0.000000  -0.000000 -1.000000 0.000000
2451545.098701  1.1612450186e+00  1.000000 0.000000 0.000000  -0.000000 -1.000000 0.000000
2451545.099367  1.1616154436e+00  1.000000 0.000000 0.000000  -0.000000 -1.000000 0.000000
2451545.100034  1.1630321146e+00  1.000000 0.000000 0.000000  -0.000000 -1.000000 0.000000
2451545.100701  1.1643851189e+00  1.000000 0.000000 0.000000  -0.000000 -1.000000 0.000000
2451545.101368  1.1717781262e+00  1.000000 0.000000 0.000000  -0.000000 -1.000000 0.000000
2451545.102035  1.1685992130e+00  1.000000 0.000000 0.000000  -0.000000 -1.000000 0.000000
2451545.102702  1.1660288795e+00  1.000000 0.000000 0.000000  -0.000000 -1.000000 0.000000
2451545.103369  1.1614932169e+00  1.000000 0.000000 0.000000  -0.000000 -1.000000 0.000000
2451545.104036  1.1602755472e+00  1.000000 0.000000 0.000000  -0.000000 -1.000000 0.000000
2451545.104703  1.1542336716e+00  1.000000 0.000000 0.000000  -0.000000 -1.000000 0.000000
2451545.105370  1.1451046379e+00  1.000000 0.000000 0.000000  -0.000000 -1.000000 0.000000
2451545.106036  1.1392944481e+00  1.000000 0.000000 0.000000  -0.000000 -1.000000 0.000000
2451545.106703  1.1325544509e+00  1.000000 0.000000 0.000000  -0.000000 -1.000000 0.000000
2451545.107370  1.1247116905e+00  1.000000 0.000000 0.000000  -0.000000 -1.000000 0.000000
2451545.108037  1.1191481669e+00  1.000000 0.000000 0.000000  -0.000000 -1.000000 0.000000
2451545.108704  1.1150801318e+00  1.000000 0.000000 0.000000  -0.000000 -1.000000 0.000000
2451545.109371  1.1080861484e+00  1.000000 0.000000 0.000000  -0.000000 -1.000000 0.000000
2451545.110038  1.1010431382e+00  1.000000 0.000000 0.000000  -0.000000 -1.000000 0.000000
2451545.110705  1.0945063980e+00  1.000000 0.000000 0.000000  -0.000000 -1.000000 0.000000
2451545.111372  1.0745169006e+00  1.000000 0.000000 0.000000  -0.000000 -1.000000 0.000000
2451545.112039  1.0688985623e+00  1.000000 0.000000 0.000000  -0.000000 -1.000000 0.000000
2451545.112705  1.0589835673e+00  1.000000 0.000000 0.000000  -0.000000 -1.000000 0.000000
2451545.113372  1.0505155447e+00  1.000000 0.000000 0.000000  -0.000000 -1.000000 0.000000
2451545.114039  1.0410423018e+00  1.000000 0.000000 0.000000  -0.000000 -1.000000 0.000000
2451545.114706  1.0295541925e+00  1.000000 0.000000 0.000000  -0.000000 -1.000000 0.000000
2451545.115373  1.0075746825e+00  1.000000 0.000000 0.000000  -0.000000 -1.000000 0.000000
2451545.116040  1.0019731972e+00  1.000000 0.000000 0.000000  -0.000000 -1.000000 0.000000
2451545.116707  9.9298630728e-01  1.000000 0.000000 0.000000  -0.000000 -1.000000 0.000000
2451545.117374  9.8291640111e-01  1.000000 0.000000 0.000000  -0.000000 -1.000000 0.000000
2451545.118041  9.7640025904e-01  1.000000 0.000000 0.000000  -0.000000 -1.000000 0.000000
2451545.118707  9.6785512127e-01  1.000000 0.000000 0.000000  -0.000000 -1.000000 0.000000
2451545.119374  9.5350421973e-01  1.000000 0.000000 0.000000  -0.000000 -1.000000 0.000000
2451545.120041  9.4403574337e-01  1.000000 0.000000 0.000000  -0.000000 -1.000000 0.000000
2451545.120708  9.3342739326e-01  1.000000 0.000000 0.000000  -0.000000 -1.000000 0.000000
2451545.121375  9.2513896541e-01  1.000000 0.000000 0.000000  -0.000000 -1.000000 0.000000
2451545.122042  9.1945117245e-01  1.000000 0.000000 0.000000  -0.000000 -1.000000 0.000000
2451545.122709  9.1288310960e-01  1.000000 0.000000 0.000000  -0.000000 -1.000000 0.000000
2451545.123376  9.0425523906e-01  1.000000 0.000000 0.000000  -0.000000 -1.000000 0.000000
2451545.124043  8.9522493997e-01  1.000000 0.000000 0.000000  -0.000000 -1.000000 0.000000
2451545.124710  8.9338745532e-01  1.000000 0.000000 0.000000  -0.000000 -1.000000 0.000000
2451545.125376  8.9006622820e-01  1.000000 0.000000 0.000000  -0.000000 -1.000000 0.000000
2451545.126043  8.8308262894e-01  1.000000 0.000000 0.000000  -0.000000 -1.000000 0.000000
2451545.126710  8.7195711389e-01  1.000000 0.000000 0.000000  -0.000000 -1.000000 0.000000
2451545.127377  8.6804875646e-01  1.000000 0.000000 0.000000  -0.000000 -1.000000 0.000000
2451545.128044  8.6557834907e-01  1.000000 0.000000 0.000000  -0.000000 -1.000000 0.000000
2451545.128711  8.6390564904e-01  1.000000 0.000000 0.000000  -0.000000 -1.000000 0.000000
2451545.129378  8.5917251736e-01  1.000000 0.000000 0.000000  -0.000000 -1.000000 0.000000
2451545.130045  8.5613591821e-01  1.000000 0.000000 0.000000  -0.000000 -1.000000 0.000000
2451545.130712  8.5068866313e-01  1.000000 0.000000 0.000000  -0.000000 -1.000000 0.000000
2451545.131378  8.4871005611e-01  1.000000 0.000000 0.000000  -0.000000 -1.000000 0.000000
2451545.132045  8.4686440032e-01  1.000000 0.000000 0.000000  -0.000000 -1.000000 0.000000
2451545.132712  8.4313648885e-01  1.000000 0.000000 0.000000  -0.000000 -1.000000 0.000000
2451545.133379  8.3865666246e-01  1.000000 0.000000 0.000000  -0.000000 -1.000000 0.000000
2451545.134046  8.3476617939e-01  1.000000 0.000000 0.000000  -0.000000 -1.000000 0.000000
2451545.134713  8.2999389435e-01  1.000000 0.000000 0.000000  -0.000000 -1.000000 0.000000
2451545.135380  8.2802958682e-01  1.000000 0.000000 0.000000  -0.000000 -1.000000 0.000000
2451545.136047  8.2333560852e-01  1.000000 0.000000 0.000000  -0.000000 -1.000000 0.000000
2451545.136714  8.1877066610e-01  1.000000 0.000000 0.000000  -0.000000 -1.000000 0.000000
2451545.137381  8.1707055871e-01  1.000000 0.000000 0.000000  -0.000000 -1.000000 0.000000
2451545.138047  8.1359731437e-01  1.000000 0.000000 0.000000  -0.000000 -1.000000 0.000000
2451545.138714  8.0252712474e-01  1.000000 0.000000 0.000000  -0.000000 -1.000000 0.000000
2451545.139381  7.9668595271e-01  1.000000 0.000000 0.000000  -0.000000 -1.000000 0.000000
2451545.140048  7.9435479513e-01  1.000000 0.000000 0.000000  -0.000000 -1.000000 0.000000
2451545.140715  7.8940121297e-01  1.000000 0.000000 0.000000  -0.000000 -1.000000 0.000000
2451545.141382  7.8561508214e-01  1.000000 0.000000 0.000000  -0.000000 -1.000000 0.000000
2451545.142049  7.8021361947e-01  1.000000 0.000000 0.000000  -0.000000 -1.000000 0.000000
2451545.142716  7.7103709106e-01  1.000000 0.000000 0.000000  -0.000000 -1.000000 0.000000
2451545.143383  7.6813327290e-01  1.000000 0.000000 0.000000  -0.000000 -1.000000 0.000000
2451545.144050  7.6479655466e-01  1.000000 0.000000 0.000000  -0.000000 -1.000000 0.000000
2451545.144716  7.5997813674e-01  1.000000 0.000000 0.000000  -0.000000 -1.000000 0.000000
2451545.145383  7.5554376230e-01  1.000000 0.000000 0.000000  -0.000000 -1.000000 0.000000
2451545.146050  7.5061980051e-01  1.000000 0.000000 0.000000  -0.000000 -1.000000 0.000000
2451545.146717  7.5067921149e-01  1.000000 0.000000 0.000000  -0.000000 -1.000000 0.000000
2451545.147384  7.5254444396e-01  1.000000 0.000000 0.000000  -0.000000 -1.000000 0.000000
2451545.148051  7.6036235046e-01  1.000000 0.000000 0.000000  -0.000000 -1.000000 0.000000
2451545.148718  7.6645069941e-01  1.000000 0.000000 0.000000  -0.000000 -1.000000 0.000000
2451545.149385  7.7606846927e-01  1.000000 0.000000 0.000000  -0.000000 -1.000000 0.000000
2451545.150052  7.8864027574e-01  1.000000 0.000000 0.000000  -0.000000 -1.000000 0.000000
2451545.150718  7.9755703006e-01  1.000000 0.000000 0.000000  -0.000000 -1.000000 0.000000
2451545.151385  8.0715369115e-01  1.000000 0.000000 0.000000  -0.000000 -1.000000 0.000000
2451545.152052  8.1882769384e-01  1.000000 0.000000 0.000000  -0.000000 -1.000000 0.000000
2451545.152719  8.2728924768e-01  1.000000 0.000000 0.000000  -0.000000 -1.000000 0.000000
2451545.153386  8.3542991412e-01  1.000000 0.000000 0.000000  -0.000000 -1.000000 0.000000
2451545.154053  8.4292897600e-01  1.000000 0.000000 0.000000  -0.000000 -1.000000 0.000000
2451545.154720  8.4912746508e-01  1.000000 0.000000 0.000000  -0.000000 -1.000000 0.000000
2451545.155387  8.5439904070e-01  1.000000 0.000000 0.000000  -0.000000 -1.000000 0.000000
2451545.156054  8.6514306574e-01  1.000000 0.000000 0.000000  -0.000000 -1.000000 0.000000
2451545.156721  8.6888544694e-01  1.000000 0.000000 0.000000  -0.000000 -1.000000 0.000000
2451545.157387  8.7309988158e-01  1.000000 0.000000 0.000000  -0.000000 -1.000000 0.000000
2451545.158054  8.7880537867e-01  1.000000 0.000000 0.000000  -0.000000 -1.000000 0.000000
2451545.158721  8.8205510834e-01  1.000000 0.000000 0.000000  -0.000000 -1.000000 0.000000
2451545.159388  8.8565687787e-01  1.000000 0.000000 0.000000  -0.000000 -1.000000 0.000000
2451545.160055  8.8945407378e-01  1.000000 0.000000 0.000000  -0.000000 -1.000000 0.000000
2451545.160722  8.9165772755e-01  1.000000 0.000000 0.000000  -0.000000 -1.000000 0.000000
2451545.161389  8.9456052432e-01  1.000000 0.000000 0.000000  -0.000000 -1.000000 0.000000
2451545.162056  8.9792805456e-01  1.000000 0.000000 0.000000  -0.000000 -1.000000 0.000000
2451545.162723  8.9904971347e-01  1.000000 0.000000 0.000000  -0.000000 -1.000000 0.000000
2451545.163389  8.9812722604e-01  1.000000 0.000000 0.000000  -0.000000 -1.000000 0.000000
2451545.164056  9.0384463938e-01  1.000000 0.000000 0.000000  -0.000000 -1.000000 0.000000
2451545.164723  9.0364631905e-01  1.000000 0.000000 0.000000  -0.000000 -1.000000 0.000000
2451545.165390  9.0550678503e-01  1.000000 0.000000 0.000000  -0.000000 -1.000000 0.000000
2451545.166057  9.0248380444e-01  1.000000 0.000000 0.000000  -0.000000 -1.000000 0.000000
2451545.166724  9.0214487245e-01  1.000000 0.000000 0.000000  -0.000000 -1.000000 0.000000
2451545.167391  9.0217500352e-01  1.000000 0.000000 0.000000  -0.000000 -1.000000 0.000000
2451545.168058  9.0569318911e-01  1.000000 0.000000 0.000000  -0.000000 -1.000000 0.000000
2451545.168725  9.0415769610e-01  1.000000 0.000000 0.000000  -0.000000 -1.000000 0.000000
2451545.169392  8.9926046074e-01  1.000000 0.000000 0.000000  -0.000000 -1.000000 0.000000
2451545.170058  8.9602707335e-01  1.000000 0.000000 0.000000  -0.000000 -1.000000 0.000000
2451545.170725  8.9498542349e-01  1.000000 0.000000 0.000000  -0.000000 -1.000000 0.000000
2451545.171392  8.9391891975e-01  1.000000 0.000000 0.000000  -0.000000 -1.000000 0.000000
2451545.172059  8.9073609128e-01  1.000000 0.000000 0.000000  -0.000000 -1.000000 0.000000
2451545.172726  8.8632708141e-01  1.000000 0.000000 0.000000  -0.000000 -1.000000 0.000000
2451545.173393  8.7549470594e-01  1.000000 0.000000 0.000000  -0.000000 -1.000000 0.000000
2451545.174060  8.7327096478e-01  1.000000 0.000000 0.000000  -0.000000 -1.000000 0.000000
2451545.174727  8.6567912644e-01  1.000000 0.000000 0.000000  -0.000000 -1.000000 0.000000
2451545.175394  8.6932379444e-01  1.000000 0.000000 0.000000  -0.000000 -1.000000 0.000000
2451545.176061  8.7690167376e-01  1.000000 0.000000 0.000000  -0.000000 -1.000000 0.000000
2451545.176727  8.8761505704e-01  1.000000 0.000000 0.000000  -0.000000 -1.000000 0.000000
2451545.177394  9.0135482554e-01  1.000000 0.000000 0.000000  -0.000000 -1.000000 0.000000
2451545.178061  9.1045628163e-01  1.000000 0.000000 0.000000  -0.000000 -1.000000 0.000000
2451545.178728  9.2040157794e-01  1.000000 0.000000 0.000000  -0.000000 -1.000000 0.000000
2451545.179395  9.3659847572e-01  1.000000 0.000000 0.000000  -0.000000 -1.000000 0.000000
2451545.180062  9.4481115032e-01  1.000000 0.000000 0.000000  -0.000000 -1.000000 0.000000
2451545.180729  9.5576439054e-01  1.000000 0.000000 0.000000  -0.000000 -1.000000 0.000000
2451545.181396  9.6909560215e-01  1.000000 0.000000 0.000000  -0.000000 -1.000000 0.000000
2451545.182063  9.7817424714e-01  1.000000 0.000000 0.000000  -0.000000 -1.000000 0.000000
2451545.182729  9.8880540834e-01  1.000000 0.000000 0.000000  -0.000000 -1.000000 0.000000
2451545.183396  1.0054335039e+00  1.000000 0.000000 0.000000  -0.000000 -1.000000 0.000000
2451545.184063  1.0132623052e+00  1.000000 0.000000 0.000000  -0.000000 -1.000000 0.000000
2451545.184730  1.0214812784e+00  1.000000 0.000000 0.000000  -0.000000 -1.000000 0.000000
2451545.185397  1.0291229947e+00  1.000000 0.000000 0.000000  -0.000000 -1.000000 0.000000
2451545.186064  1.0372822165e+00  1.000000 0.000000 0.000000  -0.000000 -1.000000 0.000000
2451545.186731  1.0443119486e+00  1.000000 0.000000 0.000000  -0.000000 -1.000000 0.000000
2451545.187398  1.0508669036e+00  1.000000 0.000000 0.000000  -0.000000 -1.000000 0.000000
2451545.188065  1.0576918466e+00  1.000000 0.000000 0.000000  -0.000000 -1.000000 0.000000
2451545.188732  1.0610752084e+00  1.000000 0.000000 0.000000  -0.000000 -1.000000 0.000000
2451545.189398  1.0675361953e+00  1.000000 0.000000 0.000000  -0.000000 -1.000000 0.000000
2451545.190065  1.0707045541e+00  1.000000 0.000000 0.000000  -0.000000 -1.000000 0.000000
2451545.190732  1.0721414827e+00  1.000000 0.000000 0.000000  -0.000000 -1.000000 0.000000
2451545.191399  1.0749513328e+00  1.000000 0.000000 0.000000  -0.000000 -1.000000 0.000000
2451545.192066  1.0752638788e+00  1.000000 0.000000 0.000000  -0.000000 -1.000000 0.000000
2451545.192733  1.0772072478e+00  1.000000 0.000000 0.000000  -0.000000 -1.000000 0.000000
2451545.193400  1.0772637648e+00  1.000000 0.000000 0.000000  -0.000000 -1.000000 0.000000
2451545.194067  1.0792159859e+00  1.000000 0.000000 0.000000  -0.000000 -1.000000 0.000000
2451545.194734  1.0839831640e+00  1.000000 0.000000 0.000000  -0.000000 -1.000000 0.000000
2451545.195400  1.0838154854e+00  1.000000 0.000000 0.000000  -0.000000 -1.000000 0.000000
2451545.196067  1.0803546680e+00  1.000000 0.000000 0.000000  -0.000000 -1.000000 0.000000
2451545.196734  1.0786004268e+00  1.000000 0.000000 0.000000  -0.000000 -1.000000 0.000000
2451545.197401  1.0771177057e+00  1.000000 0.000000 0.000000  -0.000000 -1.000000 0.000000
2451545.198068  1.0782575795e+00  1.000000 0.000000 0.000000  -0.000000 -1.000000 0.000000
2451545.198735  1.0825949217e+00  1.000000 0.000000 0.000000  -0.000000 -1.000000 0.000000
2451545.199402  1.0855527034e+00  1.000000 0.000000 0.000000  -0.000000 -1.000000 0.000000
2451545.200069  1.0844715597e+00  1.000000 0.000000 0.000000  -0.000000 -1.000000 0.000000
2451545.200736  1.0866278890e+00  1.000000 0.000000 0.000000  -0.000000 -1.000000 0.000000
2451545.201403  1.0929222187e+00  1.000000 0.000000 0.000000  -0.000000 -1.000000 0.000000
2451545.202069  1.0979592145e+00  1.000000 0.000000 0.000000  -0.000000 -1.000000 0.000000
2451545.202736  1.1107460241e+00  1.000000 0.000000 0.000000  -0.000000 -1.000000 0.000000
2451545.203403  1.1196580119e+00  1.000000 0.000000 0.000000  -0.000000 -1.000000 0.000000
2451545.204070  1.1271984402e+00  1.000000 0.000000 0.000000  -0.000000 -1.000000 0.000000
2451545.204737  1.1474044728e+00  1.000000 0.000000 0.000000  -0.000000 -1.000000 0.000000
2451545.205404  1.1630797796e+00  1.000000 0.000000 0.000000  -0.000000 -1.000000 0.000000
2451545.206071  1.1759517051e+00  1.000000 0.000000 0.000000  -0.000000 -1.000000 0.000000
2451545.206738  1.1989435851e+00  1.000000 0.000000 0.000000  -0.000000 -1.000000 0.000000
2451545.207405  1.2124635840e+00  1.000000 0.000000 0.000000  -0.000000 -1.000000 0.000000
2451545.208072  1.2261471760e+00  1.000000 0.000000 0.000000  -0.000000 -1.000000 0.000000
2451545.208738  1.2411939861e+00  1.000000 0.000000 0.000000  -0.000000 -1.000000 0.000000
2451545.209405  1.2497244839e+00  1.000000 0.000000 0.000000  -0.000000 -1.000000 0.000000
2451545.210072  1.2608396148e+00  1.000000 0.000000 0.000000  -0.000000 -1.000000 0.000000
2451545.210739  1.2772290450e+00  1.000000 0.000000 0.000000  -0.000000 -1.000000 0.000000
2451545.211406  1.2851383661e+00  1.000000 0.000000 0.000000  -0.000000 -1.000000 0.000000
2451545.212073  1.2907461500e+00  1.000000 0.000000 0.000000  -0.000000 -1.000000 0.000000
2451545.212740  1.2961489745e+00  1.000000 0.000000 0.000000  -0.000000 -1.000000 0.000000
2451545.213407  1.3013628415e+00  1.000000 0.000000 0.000000  -0.000000 -1.000000 0.000000
2451545.214074  1.3052187675e+00  1.000000 0.000000 0.000000  -0.000000 -1.000000 0.000000
2451545.214740  1.3086426445e+00  1.000000 0.000000 0.000000  -0.000000 -1.000000 0.000000
2451545.215407  1.3114664536e+00  1.000000 0.000000 0.000000  -0.000000 -1.000000 0.000000
2451545.216074  1.3130024573e+00  1.000000 0.000000 0.000000  -0.000000 -1.000000 0.000000
2451545.216741  1.3096279476e+00  1.000000 0.000000 0.000000  -0.000000 -1.000000 0.000000
2451545.217408  1.3102162695e+00  1.000000 0.000000 0.000000  -0.000000 -1.000000 0.000000
2451545.218075  1.3047717381e+00  1.000000 0.000000 0.000000  -0.000000 -1.000000 0.000000
2451545.218742  1.3013436053e+00  1.000000 0.000000 0.000000  -0.000000 -1.000000 0.000000
2451545.219409  1.2968530543e+00  1.000000 0.000000 0.000000  -0.000000 -1.000000 0.000000
2451545.220076  1.2894288945e+00  1.000000 0.000000 0.000000  -0.000000 -1.000000 0.000000
2451545.220743  1.2822840855e+00  1.000000 0.000000 0.000000  -0.000000 -1.000000 0.000000
2451545.221409  1.2760003101e+00  1.000000 0.000000 0.000000  -0.000000 -1.000000 0.000000
2451545.222076  1.2709229693e+00  1.000000 0.000000 0.000000  -0.000000 -1.000000 0.000000
2451545.222743  1.2662735918e+00  1.000000 0.000000 0.000000  -0.000000 -1.000000 0.000000
2451545.223410  1.2620246000e+00  1.000000 0.000000 0.000000  -0.000000 -1.000000 0.000000
2451545.224077  1.2513629673e+00  1.000000 0.000000 0.000000  -0.000000 -1.000000 0.000000
2451545.224744  1.2460907107e+00  1.000000 0.000000 0.000000  -0.000000 -1.000000 0.000000
2451545.225411  1.2347134225e+00  1.000000 0.000000 0.000000  -0.000000 -1.000000 0.000000
2451545.226078  1.2255927302e+00  1.000000 0.000000 0.000000  -0.000000 -1.000000 0.000000
2451545.226745  1.2162759306e+00  1.000000 0.000000 0.000000  -0.000000 -1.000000 0.000000
2451545.227411  1.2022670252e+00  1.000000 0.000000 0.000000  -0.000000 -1.000000 0.000000
2451545.228078  1.1837454387e+00  1.000000 0.000000 0.000000  -0.000000 -1.000000 0.000000
2451545.228745  1.1679489266e+00  1.000000 0.000000 0.000000  -0.000000 -1.000000 0.000000
2451545.229412  1.1572224355e+00  1.000000 0.000000 0.000000  -0.000000 -1.000000 0.000000
2451545.230079  1.1433502265e+00  1.000000 0.000000 0.000000  -0.000000 -1.000000 0.000000
2451545.230746  1.1278092327e+00  1.000000 0.000000 0.000000  -0.000000 -1.000000 0.000000
2451545.231413  1.1150088046e+00  1.000000 0.000000 0.000000  -0.000000 -1.000000 0.000000
2451545.232080  1.0968671760e+00  1.000000 0.000000 0.000000  -0.000000 -1.000000 0.000000
2451545.232747  1.0858405658e+00  1.000000 0.000000 0.000000  -0.000000 -1.000000 0.000000
2451545.233414  1.0761065274e+00  1.000000 0.000000 0.000000  -0.000000 -1.000000 0.000000
2451545.234080  1.0797911999e+00  1.000000 0.000000 0.000000  -0.000000 -1.000000 0.000000
2451545.234747  1.0881776815e+00  1.000000 0.000000 0.000000  -0.000000 -1.000000 0.000000
2451545.235414  1.1027369470e+00  1.000000 0.000000 0.000000  -0.000000 -1.000000 0.000000
2451545.236081  1.1205101935e+00  1.000000 0.000000 0.000000  -0.000000 -1.000000 0.000000
2451545.236748  1.1304895362e+00  1.000000 0.000000 0.000000  -0.000000 -1.000000 0.000000
2451545.237415  1.1407798929e+00  1.000000 0.000000 0.000000  -0.000000 -1.000000 0.000000
2451545.238082  1.1589426303e+00  1.000000 0.000000 0.000000  -0.000000 -1.000000 0.000000
2451545.238749  1.1698953598e+00  1.000000 0.000000 0.000000  -0.000000 -1.000000 0.000000
2451545.239416  1.1799685004e+00  1.000000 0.000000 0.000000  -0.000000 -1.000000 0.000000
360  1
2451545.000000  1.2282176860e+00  1.000000 0.000000 0.000000  -0.000000 -0.000000 1.000000
2451545.000667  1.2289385952e+00  1.000000 0.000000 0.000000  -0.000000 -0.000000 1.000000
2451545.001334  1.2277339499e+00  1.000000 0.000000 0.000000  -0.000000 -0.000000 1.000000
2451545.002001  1.2225783890e+00  1.000000 0.000000 0.000000  -0.000000 -0.000000 1.000000
2451545.002668  1.2168105097e+00  1.000000 0.000000 0.000000  -0.000000 -0.000000 1.000000
2451545.003334  1.2144346898e+00  1.000000 0.000000 0.000000  -0.000000 -0.000000 1.000000
2451545.004001  1.2087552582e+00  1.000000 0.000000 0.000000  -0.000000 -0.000000 1.000000
2451545.004668  1.2051007332e+00  1.000000 0.000000 0.000000  -0.000000 -0.000000 1.000000
2451545.005335  1.1980053814e+00  1.000000 0.000000 0.000000  -0.000000 -0.000000 1.000000
2451545.006002  1.1805648312e+00  1.000000 0.000000 0.000000  -0.000000 -0.000000 1.000000
2451545.006669  1.1754768177e+00  1.000000 0.000000 0.000000  -0.000000 -0.000000 1.000000
2451545.007336  1.1664654528e+00  1.000000 0.000000 0.000000  -0.000000 -0.000000 1.000000
2451545.008003  1.1462999870e+00  1.000000 0.000000 0.000000  -0.000000 -0.000000 1.000000
2451545.008670  1.1353144516e+00  1.000000 0.000000 0.000000  -0.000000 -0.000000 1.000000
2451545.009337  1.1225526929e+00  1.000000 0.000000 0.000000  -0.000000 -0.000000 1.000000
2451545.010003  1.1041944980e+00  1.000000 0.000000 0.000000  -0.000000 -0.000000 1.000000
2451545.010670  1.0911876908e+00  1.000000 0.000000 0.000000  -0.000000 -0.000000 1.000000
2451545.011337  1.0777631803e+00  1.000000 0.000000 0.000000  -0.000000 -0.000000 1.000000
2451545.012004  1.0478203079e+00  1.000000 0.000000 0.000000  -0.000000 -0.000000 1.000000
2451545.012671  1.0328255482e+00  1.000000 0.000000 0.000000  -0.000000 -0.000000 1.000000
2451545.013338  1.0126516011e+00  1.000000 0.000000 0.000000  -0.000000 -0.000000 1.000000
2451545.014005  9.9401867313e-01  1.000000 0.000000 0.000000  -0.000000 -0.000000 1.000000
2451545.014672  9.7112344531e-01  1.000000 0.000000 0.000000  -0.000000 -0.000000 1.000000
2451545.015339  9.5743162291e-01  1.000000 0.000000 0.000000  -0.000000 -0.000000 1.000000
2451545.016006  9.3635169290e-01  1.000000 0.000000 0.000000  -0.000000 -0.000000 1.000000
2451545.016672  9.2158244445e-01  1.000000 0.000000 0.000000  -0.000000 -0.000000 1.000000
2451545.017339  9.1153969476e-01  1.000000 0.000000 0.000000  -0.000000 -0.000000 1.000000
2451545.018006  8.9291736842e-01  1.000000 0.000000 0.000000  -0.000000 -0.000000 1.000000
2451545.018673  8.8270620464e-01  1.000000 0.000000 0.000000  -0.000000 -0.000000 1.000000
2451545.019340  8.7653364686e-01  1.000000 0.000000 0.000000  -0.000000 -0.000000 1.000000
2451545.020007  8.7595192160e-01  1.000000 0.000000 0.000000  -0.000000 -0.000000 1.000000
2451545.020674  8.7754352553e-01  1.000000 0.000000 0.000000  -0.000000 -0.000000 1.000000
2451545.021341  8.7801166215e-01  1.000000 0.000000 0.000000  -0.000000 -0.000000 1.000000
2451545.022008  8.7914361075e-01  1.000000 0.000000 0.000000  -0.000000 -0.000000 1.000000
2451545.022674  8.8021770486e-01  1.000000 0.000000 0.000000  -0.000000 -0.000000 1.000000
2451545.023341  8.7893748524e-01  1.000000 0.000000 0.000000  -0.000000 -0.000000 1.000000
2451545.024008  8.7807315147e-01  1.000000 0.000000 0.000000  -0.000000 -0.000000 1.000000
2451545.024675  8.7692484611e-01  1.000000 0.000000 0.000000  -0.000000 -0.000000 1.000000
2451545.025342  8.7804437568e-01  1.000000 0.000000 0.000000  -0.000000 -0.000000 1.000000
2451545.026009  8.7428640934e-01  1.000000 0.000000 0.000000  -0.000000 -0.000000 1.000000
2451545.026676  8.7048527931e-01  1.000000 0.000000 0.000000  -0.000000 -0.000000 1.000000
2451545.027343  8.6286242186e-01  1.000000 0.000000 0.000000  -0.000000 -0.000000 1.000000
2451545.028010  8.5791768148e-01  1.000000 0.000000 0.000000  -0.000000 -0.000000 1.000000
2451545.028677  8.5000918648e-01  1.000000 0.000000 0.000000  -0.000000 -0.000000 1.000000
2451545.029343  8.3886447559e-01  1.000000 0.000000 0.000000  -0.000000 -0.000000 1.000000
2451545.030010  8.2814110280e-01  1.000000 0.000000 0.000000  -0.000000 -0.000000 1.000000
2451545.030677  8.1821678819e-01  1.000000 0.000000 0.000000  -0.000000 -0.000000 1.000000
2451545.031344  8.0738209855e-01  1.000000 0.000000 0.000000  -0.000000 -0.000000 1.000000
2451545.032011  7.9626495183e-01  1.000000 0.000000 0.000000  -0.000000 -0.000000 1.000000
2451545.032678  7.8614693074e-01  1.000000 0.000000 0.000000  -0.000000 -0.000000 1.000000
2451545.033345  7.6371499309e-01  1.000000 0.000000 0.000000  -0.000000 -0.000000 1.000000
2451545.034012  7.5291559164e-01  1.000000 0.000000 0.000000  -0.000000 -0.000000 1.000000
2451545.034679  7.4073646694e-01  1.000000 0.000000 0.000000  -0.000000 -0.000000 1.000000
2451545.035345  7.2384795749e-01  1.000000 0.000000 0.000000  -0.000000 -0.000000 1.000000
2451545.036012  7.0765839677e-01  1.000000 0.000000 0.000000  -0.000000 -0.000000 1.000000
2451545.036679  6.9698606315e-01  1.000000 0.000000 0.000000  -0.000000 -0.000000 1.000000
2451545.037346  6.8226724805e-01  1.000000 0.000000 0.000000  -0.000000 -0.000000 1.000000
2451545.038013  6.7095260857e-01  1.000000 0.000000 0.000000  -0.000000 -0.000000 1.000000
2451545.038680  6.6324645278e-01  1.000000 0.000000 0.000000  -0.000000 -0.000000 1.000000
2451545.039347  6.4899531995e-01  1.000000 0.000000 0.000000  -0.000000 -0.000000 1.000000
2451545.040014  6.4271826063e-01  1.000000 0.000000 0.000000  -0.000000 -0.000000 1.000000
2451545.040681  6.3422682876e-01  1.000000 0.000000 0.000000  -0.000000 -0.000000 1.000000
2451545.041348  6.3367342494e-01  1.000000 0.000000 0.000000  -0.000000 -0.000000 1.000000
2451545.042014  6.3256661730e-01  1.000000 0.000000 0.000000  -0.000000 -0.000000 1.000000
2451545.042681  6.3271473687e-01  1.000000 0.000000 0.000000  -0.000000 -0.000000 1.000000
2451545.043348  6.3203729426e-01  1.000000 0.000000 0.000000  -0.000000 -0.000000 1.000000
2451545.044015  6.3077600608e-01  1.000000 0.000000 0.000000  -0.000000 -0.000000 1.000000
2451545.044682  6.3246726510e-01  1.000000 0.000000 0.000000  -0.000000 -0.000000 1.000000
2451545.045349  6.3252163620e-01  1.000000 0.000000 0.000000  -0.000000 -0.000000 1.000000
2451545.046016  6.3181526635e-01  1.000000 0.000000 0.000000  -0.000000 -0.000000 1.000000
2451545.046683  6.3510842800e-01  1.000000 0.000000 0.000000  -0.000000 -0.000000 1.000000
2451545.047350  6.4044830538e-01  1.000000 0.000000 0.000000  -0.000000 -0.000000 1.000000
2451545.048017  6.4315610695e-01  1.000000 0.000000 0.000000  -0.000000 -0.000000 1.000000
2451545.048683  6.4342629644e-01  1.000000 0.000000 0.000000  -0.000000 -0.000000 1.000000
2451545.049350  6.4488113966e-01  1.000000 0.000000 0.000000  -0.000000 -0.000000 1.000000
2451545.050017  6.4694390924e-01  1.000000 0.000000 0.000000  -0.000000 -0.000000 1.000000
2451545.050684  6.4942544224e-01  1.000000 0.000000 0.000000  -0.000000 -0.000000 1.000000
2451545.051351  6.5162103480e-01  1.000000 0.000000 0.000000  -0.000000 -0.000000 1.000000
2451545.052018  6.5548304833e-01  1.000000 0.000000 0.000000  -0.000000 -0.000000 1.000000
2451545.052685  6.5970915129e-01  1.000000 0.000000 0.000000  -0.000000 -0.000000 1.000000
2451545.053352  6.6382408885e-01  1.000000 0.000000 0.000000  -0.000000 -0.000000 1.000000
2451545.054019  6.6728127249e-01  1.000000 0.000000 0.000000  -0.000000 -0.000000 1.000000
2451545.054685  6.7263053986e-01  1.000000 0.000000 0.000000  -0.000000 -0.000000 1.000000
2451545.055352  6.7730115300e-01  1.000000 0.000000 0.000000  -0.000000 -0.000000 1.000000
2451545.056019  6.8482041762e-01  1.000000 0.000000 0.000000  -0.000000 -0.000000 1.000000
2451545.056686  6.9546034062e-01  1.000000 0.000000 0.000000  -0.000000 -0.000000 1.000000
2451545.057353  6.9707011873e-01  1.000000 0.000000 0.000000  -0.000000 -0.000000 1.000000
2451545.058020  7.0576434418e-01  1.000000 0.000000 0.000000  -0.000000 -0.000000 1.000000
2451545.058687  7.1721877340e-01  1.000000 0.000000 0.000000  -0.000000 -0.000000 1.000000
2451545.059354  7.2521768496e-01  1.000000 0.000000 0.000000  -0.000000 -0.000000 1.000000
2451545.060021  7.3247569572e-01  1.000000 0.000000 0.000000  -0.000000 -0.000000 1.000000
2451545.060688  7.3754099150e-01  1.000000 0.000000 0.000000  -0.000000 -0.000000 1.000000
2451545.061354  7.4664383312e-01  1.000000 0.000000 0.000000  -0.000000 -0.000000 1.000000
2451545.062021  7.5545134429e-01  1.000000 0.000000 0.000000  -0.000000 -0.000000 1.000000
2451545.062688  7.7026133320e-01  1.000000 0.000000 0.000000  -0.000000 -0.000000 1.000000
2451545.063355  7.7827205797e-01  1.000000 0.000000 0.000000  -0.000000 -0.000000 1.000000
2451545.064022  7.8325814462e-01  1.000000 0.000000 0.000000  -0.000000 -0.000000 1.000000
2451545.064689  7.9147029990e-01  1.000000 0.000000 0.000000  -0.000000 -0.000000 1.000000
2451545.065356  7.9881721270e-01  1.000000 0.000000 0.000000  -0.000000 -0.000000 1.000000
2451545.066023  8.0673222011e-01  1.000000 0.000000 0.000000  -0.000000 -0.000000 1.000000
2451545.066690  8.1421725669e-01  1.000000 0.000000 0.000000  -0.000000 -0.000000 1.000000
2451545.067356  8.2070241039e-01  1.000000 0.000000 0.000000  -0.000000 -0.000000 1.000000
2451545.068023  8.2686739560e-01  1.000000 0.000000 0.000000  -0.000000 -0.000000 1.000000
2451545.068690  8.4233680438e-01  1.000000 0.000000 0.000000  -0.000000 -0.000000 1.000000
2451545.069357  8.5083656608e-01  1.000000 0.000000 0.000000  -0.000000 -0.000000 1.000000
2451545.070024  8.6024155346e-01  1.000000 0.000000 0.000000  -0.000000 -0.000000 1.000000
2451545.070691  8.7552558560e-01  1.000000 0.000000 0.000000  -0.000000 -0.000000 1.000000
2451545.071358  8.8310437066e-01  1.000000 0.000000 0.000000  -0.000000 -0.000000 1.000000
2451545.072025  9.0024731864e-01  1.000000 0.000000 0.000000  -0.000000 -0.000000 1.000000
2451545.072692  9.0785018450e-01  1.000000 0.000000 0.000000  -0.000000 -0.000000 1.000000
2451545.073359  9.1450011744e-01  1.000000 0.000000 0.000000  -0.000000 -0.000000 1.000000
2451545.074025  9.3189356622e-01  1.000000 0.000000 0.000000  -0.000000 -0.000000 1.000000
2451545.074692  9.3743002766e-01  1.000000 0.000000 0.000000  -0.000000 -0.000000 1.000000
2451545.075359  9.4578833365e-01  1.000000 0.000000 0.000000  -0.000000 -0.000000 1.000000
2451545.076026  9.5100523240e-01  1.000000 0.000000 0.000000  -0.000000 -0.000000 1.000000
2451545.076693  9.5679991866e-01  1.000000 0.000000 0.000000  -0.000000 -0.000000 1.000000
2451545.077360  9.6156306868e-01  1.000000 0.000000 0.000000  -0.000000 -0.000000 1.000000
2451545.078027  9.6744923166e-01  1.000000 0.000000 0.000000  -0.000000 -0.000000 1.000000
2451545.078694  9.6843684696e-01  1.000000 0.000000 0.000000  -0.000000 -0.000000 1.000000
2451545.079361  9.7348199969e-01  1.000000 0.000000 0.000000  -0.000000 -0.000000 1.000000
2451545.080028  9.8288062611e-01  1.000000 0.000000 0.000000  -0.000000 -0.000000 1.000000
2451545.080694  9.8840527433e-01  1.000000 0.000000 0.000000  -0.000000 -0.000000 1.000000
2451545.081361  9.9162195297e-01  1.000000 0.000000 0.000000  -0.000000 -0.000000 1.000000
2451545.082028  9.9480849276e-01  1.000000 0.000000 0.000000  -0.000000 -0.000000 1.000000
2451545.082695  1.0020507526e+00  1.000000 0.000000 0.000000  -0.000000 -0.000000 1.000000
2451545.083362  1.0067201541e+00  1.000000 0.000000 0.000000  -0.000000 -0.000000 1.000000
2451545.084029  1.0121087989e+00  1.000000 0.000000 0.000000  -0.000000 -0.000000 1.000000
2451545.084696  1.0163554992e+00  1.000000 0.000000 0.000000  -0.000000 -0.000000 1.000000
2451545.085363  1.0227973378e+00  1.000000 0.000000 0.000000  -0.000000 -0.000000 1.000000
2451545.086030  1.0256432631e+00  1.000000 0.000000 0.000000  -0.000000 -0.000000 1.000000
2451545.086696  1.0317505453e+00  1.000000 0.000000 0.000000  -0.000000 -0.000000 1.000000
2451545.087363  1.0349207284e+00  1.000000 0.000000 0.000000  -0.000000 -0.000000 1.000000
2451545.088030  1.0381504318e+00  1.000000 0.000000 0.000000  -0.000000 -0.000000 1.000000
2451545.088697  1.0415970139e+00  1.000000 0.000000 0.000000  -0.000000 -0.000000 1.000000
2451545.089364  1.0484189957e+00  1.000000 0.000000 0.000000  -0.000000 -0.000000 1.000000
2451545.090031  1.0624867208e+00  1.000000 0.000000 0.000000  -0.000000 -0.000000 1.000000
2451545.090698  1.0675012803e+00  1.000000 0.000000 0.000000  -0.000000 -0.000000 1.000000
2451545.091365  1.0723749899e+00  1.000000 0.000000 0.000000  -0.000000 -0.000000 1.000000
2451545.092032  1.0782820532e+00  1.000000 0.000000 0.000000  -0.000000 -0.000000 1.000000
2451545.092699  1.0840958224e+00  1.000000 0.000000 0.000000  -0.000000 -0.000000 1.000000
2451545.093365  1.0869534095e+00  1.000000 0.000000 0.000000  -0.000000 -0.000000 1.000000
2451545.094032  1.0884524765e+00  1.000000 0.000000 0.000000  -0.000000 -0.000000 1.000000
2451545.094699  1.0930484241e+00  1.000000 0.000000 0.000000  -0.000000 -0.000000 1.000000
2451545.095366  1.0958434617e+00  1.000000 0.000000 0.000000  -0.000000 -0.000000 1.000000
2451545.096033  1.1029472948e+00  1.000000 0.000000 0.000000  -0.000000 -0.000000 1.000000
2451545.096700  1.1052972165e+00  1.000000 0.000000 0.000000  -0.000000 -0.000000 1.000000
2451545.097367  1.1072554845e+00  1.000000 0.000000 0.000000  -0.000000 -0.000000 1.000000
2451545.098034  1.1081039159e+00  1.000000 0.000000 0.000000  -0.000000 -0.000000 1.000000
2451545.098701  1.1091019813e+00  1.000000 0.000000 0.000000  -0.000000 -0.000000 1.000000
2451545.099367  1.1153687420e+00  1.000000 0.000000 0.000000  -0.000000 -0.000000 1.000000
2451545.100034  1.1124620846e+00  1.000000 0.000000 0.000000  -0.000000 -0.000000 1.000000
2451545.100701  1.1103784147e+00  1.000000 0.000000 0.000000  -0.000000 -0.000000 1.000000
2451545.101368  1.1115854832e+00  1.000000 0.000000 0.000000  -0.000000 -0.000000 1.000000
2451545.102035  1.1094448676e+00  1.000000 0.000000 0.000000  -0.000000 -0.000000 1.000000
2451545.102702  1.1062362159e+00  1.000000 0.000000 0.000000  -0.000000 -0.000000 1.000000
2451545.103369  1.0980710105e+00  1.000000 0.000000 0.000000  -0.000000 -0.000000 1.000000
2451545.104036  1.0940754168e+00  1.000000 0.000000 0.000000  -0.000000 -0.000000 1.000000
2451545.104703  1.0898093306e+00  1.000000 0.000000 0.000000  -0.000000 -0.000000 1.000000
2451545.105370  1.0822599271e+00  1.000000 0.000000 0.000000  -0.000000 -0.000000 1.000000
2451545.106036  1.0770512068e+00  1.000000 0.000000 0.000000  -0.000000 -0.000000 1.000000
2451545.106703  1.0708441181e+00  1.000000 0.000000 0.000000  -0.000000 -0.000000 1.000000
2451545.107370  1.0614741160e+00  1.000000 0.000000 0.000000  -0.000000 -0.000000 1.000000
2451545.108037  1.0574282403e+00  1.000000 0.000000 0.000000  -0.000000 -0.000000 1.000000
2451545.108704  1.0525925450e+00  1.000000 0.000000 0.000000  -0.000000 -0.000000 1.000000
2451545.109371  1.0499024633e+00  1.000000 0.000000 0.000000  -0.000000 -0.000000 1.000000
2451545.110038  1.0463009463e+00  1.000000 0.000000 0.000000  -0.000000 -0.000000 1.000000
2451545.110705  1.0435776967e+00  1.000000 0.000000 0.000000  -0.000000 -0.000000 1.000000
2451545.111372  1.0407703915e+00  1.000000 0.000000 0.000000  -0.000000 -0.000000 1.000000
2451545.112039  1.0350070557e+00  1.000000 0.000000 0.000000  -0.000000 -0.000000 1.000000
2451545.112705  1.0315312435e+00  1.000000 0.000000 0.000000  -0.000000 -0.000000 1.000000
2451545.113372  1.0224533914e+00  1.000000 0.000000 0.000000  -0.000000 -0.000000 1.000000
2451545.114039  1.0178160976e+00  1.000000 0.000000 0.000000  -0.000000 -0.000000 1.000000
2451545.114706  1.0156018765e+00  1.000000 0.000000 0.000000  -0.000000 -0.000000 1.000000
2451545.115373  1.0028160371e+00  1.000000 0.000000 0.000000  -0.000000 -0.000000 1.000000
2451545.116040  9.9992013271e-01  1.000000 0.000000 0.000000  -0.000000 -0.000000 1.000000
2451545.116707  9.9603282678e-01  1.000000 0.000000 0.000000  -0.000000 -0.000000 1.000000
2451545.117374  9.9498659974e-01  1.000000 0.000000 0.000000  -0.000000 -0.000000 1.000000
2451545.118041  9.9126331579e-01  1.000000 0.000000 0.000000  -0.000000 -0.000000 1.000000
2451545.118707  9.8845161849e-01  1.000000 0.000000 0.000000  -0.000000 -0.000000 1.000000
2451545.119374  9.7661583436e-01  1.000000 0.000000 0.000000  -0.000000 -0.000000 1.000000
2451545.120041  9.7274231051e-01  1.000000 0.000000 0.000000  -0.000000 -0.000000 1.000000
2451545.120708  9.6744938311e-01  1.000000 0.000000 0.000000  -0.000000 -0.000000 1.000000
2451545.121375  9.6135633737e-01  1.000000 0.000000 0.000000  -0.000000 -0.000000 1.000000
2451545.122042  9.5401502827e-01  1.000000 0.000000 0.000000  -0.000000 -0.000000 1.000000
2451545.122709  9.5133342782e-01  1.000000 0.000000 0.000000  -0.000000 -0.000000 1.000000
2451545.123376  9.5048045291e-01  1.000000 0.000000 0.000000  -0.000000 -0.000000 1.000000
2451545.124043  9.4454582545e-01  1.000000 0.000000 0.000000  -0.000000 -0.000000 1.000000
2451545.124710  9.3776443260e-01  1.000000 0.000000 0.000000  -0.000000 -0.000000 1.000000
2451545.125376  9.3272276325e-01  1.000000 0.000000 0.000000  -0.000000 -0.000000 1.000000
2451545.126043  9.2830113638e-01  1.000000 0.000000 0.000000  -0.000000 -0.000000 1.000000
2451545.126710  9.3206410062e-01  1.000000 0.000000 0.000000  -0.000000 -0.000000 1.000000
2451545.127377  9.2651309984e-01  1.000000 0.000000 0.000000  -0.000000 -0.000000 1.000000
2451545.128044  9.2111824557e-01  1.000000 0.000000 0.000000  -0.000000 -0.000000 1.000000
2451545.128711  9.1707312716e-01  1.000000 0.000000 0.000000  -0.000000 -0.000000 1.000000
2451545.129378  9.1324019232e-01  1.000000 0.000000 0.000000  -0.000000 -0.000000 1.000000
2451545.130045  9.0965987860e-01  1.000000 0.000000 0.000000  -0.000000 -0.000000 1.000000
2451545.130712  9.0152284327e-01  1.000000 0.000000 0.000000  -0.000000 -0.000000 1.000000
2451545.131378  8.9896725047e-01  1.000000 0.000000 0.000000  -0.000000 -0.000000 1.000000
2451545.132045  8.9496241817e-01  1.000000 0.000000 0.000000  -0.000000 -0.000000 1.000000
2451545.132712  8.9374474802e-01  1.000000 0.000000 0.000000  -0.000000 -0.000000 1.000000
2451545.133379  8.9240379634e-01  1.000000 0.000000 0.000000  -0.000000 -0.000000 1.000000
2451545.134046  8.8690898407e-01  1.000000 0.000000 0.000000  -0.000000 -0.000000 1.000000
2451545.134713  8.7877846115e-01  1.000000 0.000000 0.000000  -0.000000 -0.000000 1.000000
2451545.135380  8.7702162363e-01  1.000000 0.000000 0.000000  -0.000000 -0.000000 1.000000
2451545.136047  8.7484950606e-01  1.000000 0.000000 0.000000  -0.000000 -0.000000 1.000000
2451545.136714  8.6986856876e-01  1.000000 0.000000 0.000000  -0.000000 -0.000000 1.000000
2451545.137381  8.6722982909e-01  1.000000 0.000000 0.000000  -0.000000 -0.000000 1.000000
2451545.138047  8.6676244972e-01  1.000000 0.000000 0.000000  -0.000000 -0.000000 1.000000
2451545.138714  8.6643319414e-01  1.000000 0.000000 0.000000  -0.000000 -0.000000 1.000000
2451545.139381  8.6445962950e-01  1.000000 0.000000 0.000000  -0.000000 -0.000000 1.000000
2451545.140048  8.6262797492e-01  1.000000 0.000000 0.000000  -0.000000 -0.000000 1.000000
2451545.140715  8.6524081639e-01  1.000000 0.000000 0.000000  -0.000000 -0.000000 1.000000
2451545.141382  8.6946010404e-01  1.000000 0.000000 0.000000  -0.000000 -0.000000 1.000000
2451545.142049  8.7176428732e-01  1.000000 0.000000 0.000000  -0.000000 -0.000000 1.000000
2451545.142716  8.7232602098e-01  1.000000 0.000000 0.000000  -0.000000 -0.000000 1.000000
2451545.143383  8.7635569133e-01  1.000000 0.000000 0.000000  -0.000000 -0.000000 1.000000
2451545.144050  8.8473626069e-01  1.000000 0.000000 0.000000  -0.000000 -0.000000 1.000000
2451545.144716  8.8872776527e-01  1.000000 0.000000 0.000000  -0.000000 -0.000000 1.000000
2451545.145383  8.9229353964e-01  1.000000 0.000000 0.000000  -0.000000 -0.000000 1.000000
2451545.146050  8.9213905910e-01  1.000000 0.000000 0.000000  -0.000000 -0.000000 1.000000
2451545.146717  8.9590323495e-01  1.000000 0.000000 0.000000  -0.000000 -0.000000 1.000000
2451545.147384  9.0081495891e-01  1.000000 0.000000 0.000000  -0.000000 -0.000000 1.000000
2451545.148051  9.0837102624e-01  1.000000 0.000000 0.000000  -0.000000 -0.000000 1.000000
2451545.148718  9.0997429194e-01  1.000000 0.000000 0.000000  -0.000000 -0.000000 1.000000
2451545.149385  9.1720867626e-01  1.000000 0.000000 0.000000  -0.000000 -0.000000 1.000000
2451545.150052  9.3029514698e-01  1.000000 0.000000 0.000000  -0.000000 -0.000000 1.000000
2451545.150718  9.3996593176e-01  1.000000 0.000000 0.000000  -0.000000 -0.000000 1.000000
2451545.151385  9.4910330432e-01  1.000000 0.000000 0.000000  -0.000000 -0.000000 1.000000
2451545.152052  9.6153338418e-01  1.000000 0.000000 0.000000  -0.000000 -0.000000 1.000000
2451545.152719  9.7193219638e-01  1.000000 0.000000 0.000000  -0.000000 -0.000000 1.000000
2451545.153386  9.7860727028e-01  1.000000 0.000000 0.000000  -0.000000 -0.000000 1.000000
2451545.154053  9.8984875868e-01  1.000000 0.000000 0.000000  -0.000000 -0.000000 1.000000
2451545.154720  9.9609461899e-01  1.000000 0.000000 0.000000  -0.000000 -0.000000 1.000000
2451545.155387  1.0027940766e+00  1.000000 0.000000 0.000000  -0.000000 -0.000000 1.000000
2451545.156054  1.0150457466e+00  1.000000 0.000000 0.000000  -0.000000 -0.000000 1.000000
2451545.156721  1.0205317746e+00  1.000000 0.000000 0.000000  -0.000000 -0.000000 1.000000
2451545.157387  1.0254400152e+00  1.000000 0.000000 0.000000  -0.000000 -0.000000 1.000000
2451545.158054  1.0328322120e+00  1.000000 0.000000 0.000000  -0.000000 -0.000000 1.000000
2451545.158721  1.0368773304e+00  1.000000 0.000000 0.000000  -0.000000 -0.000000 1.000000
2451545.159388  1.0403307278e+00  1.000000 0.000000 0.000000  -0.000000 -0.000000 1.000000
2451545.160055  1.0487400729e+00  1.000000 0.000000 0.000000  -0.000000 -0.000000 1.000000
2451545.160722  1.0526148084e+00  1.000000 0.000000 0.000000  -0.000000 -0.000000 1.000000
2451545.161389  1.0544802366e+00  1.000000 0.000000 0.000000  -0.000000 -0.000000 1.000000
2451545.162056  1.0604557560e+00  1.000000 0.000000 0.000000  -0.000000 -0.000000 1.000000
2451545.162723  1.0620275198e+00  1.000000 0.000000 0.000000  -0.000000 -0.000000 1.000000
2451545.163389  1.0667924872e+00  1.000000 0.000000 0.000000  -0.000000 -0.000000 1.000000
2451545.164056  1.0649037354e+00  1.000000 0.000000 0.000000  -0.000000 -0.000000 1.000000
2451545.164723  1.0680708894e+00  1.000000 0.000000 0.000000  -0.000000 -0.000000 1.000000
2451545.165390  1.0697615427e+00  1.000000 0.000000 0.000000  -0.000000 -0.000000 1.000000
2451545.166057  1.0731078638e+00  1.000000 0.000000 0.000000  -0.000000 -0.000000 1.000000
2451545.166724  1.0738440696e+00  1.000000 0.000000 0.000000  -0.000000 -0.000000 1.000000
2451545.167391  1.0723344009e+00  1.000000 0.000000 0.000000  -0.000000 -0.000000 1.000000
2451545.168058  1.0695955518e+00  1.000000 0.000000 0.000000  -0.000000 -0.000000 1.000000
2451545.168725  1.0672271531e+00  1.000000 0.000000 0.000000  -0.000000 -0.000000 1.000000
2451545.169392  1.0646012868e+00  1.000000 0.000000 0.000000  -0.000000 -0.000000 1.000000
2451545.170058  1.0605234548e+00  1.000000 0.000000 0.000000  -0.000000 -0.000000 1.000000
2451545.170725  1.0557387987e+00  1.000000 0.000000 0.000000  -0.000000 -0.000000 1.000000
2451545.171392  1.0537556926e+00  1.000000 0.000000 0.000000  -0.000000 -0.000000 1.000000
2451545.172059  1.0482611833e+00  1.000000 0.000000 0.000000  -0.000000 -0.000000 1.000000
2451545.172726  1.0441510921e+00  1.000000 0.000000 0.000000  -0.000000 -0.000000 1.000000
2451545.173393  1.0302439057e+00  1.000000 0.000000 0.000000  -0.000000 -0.000000 1.000000
2451545.174060  1.0219766221e+00  1.000000 0.000000 0.000000  -0.000000 -0.000000 1.000000
2451545.174727  1.0157293987e+00  1.000000 0.000000 0.000000  -0.000000 -0.000000 1.000000
2451545.175394  1.0047753653e+00  1.000000 0.000000 0.000000  -0.000000 -0.000000 1.000000
2451545.176061  9.9401291798e-01  1.000000 0.000000 0.000000  -0.000000 -0.000000 1.000000
2451545.176727  9.8227360846e-01  1.000000 0.000000 0.000000  -0.000000 -0.000000 1.000000
2451545.177394  9.6592093446e-01  1.000000 0.000000 0.000000  -0.000000 -0.000000 1.000000
2451545.178061  9.5576823097e-01  1.000000 0.000000 0.000000  -0.000000 -0.000000 1.000000
2451545.178728  9.4407678012e-01  1.000000 0.000000 0.000000  -0.000000 -0.000000 1.000000
2451545.179395  9.2244268903e-01  1.000000 0.000000 0.000000  -0.000000 -0.000000 1.000000
2451545.180062  9.1161390600e-01  1.000000 0.000000 0.000000  -0.000000 -0.000000 1.000000
2451545.180729  8.9980371717e-01  1.000000 0.000000 0.000000  -0.000000 -0.000000 1.000000
2451545.181396  8.8000930758e-01  1.000000 0.000000 0.000000  -0.000000 -0.000000 1.000000
2451545.182063  8.7233450226e-01  1.000000 0.000000 0.000000  -0.000000 -0.000000 1.000000
2451545.182729  8.6713729221e-01  1.000000 0.000000 0.000000  -0.000000 -0.000000 1.000000
2451545.183396  8.7588195101e-01  1.000000 0.000000 0.000000  -0.000000 -0.000000 1.000000
2451545.184063  8.8786706633e-01  1.000000 0.000000 0.000000  -0.000000 -0.000000 1.000000
2451545.184730  9.0050160573e-01  1.000000 0.000000 0.000000  -0.000000 -0.000000 1.000000
2451545.185397  9.1964522817e-01  1.000000 0.000000 0.000000  -0.000000 -0.000000 1.000000
2451545.186064  9.3516734209e-01  1.000000 0.000000 0.000000  -0.000000 -0.000000 1.000000
2451545.186731  9.4737175920e-01  1.000000 0.000000 0.000000  -0.000000 -0.000000 1.000000
2451545.187398  9.7289482218e-01  1.000000 0.000000 0.000000  -0.000000 -0.000000 1.000000
2451545.188065  9.8234524502e-01  1.000000 0.000000 0.000000  -0.000000 -0.000000 1.000000
2451545.188732  9.9535447546e-01  1.000000 0.000000 0.000000  -0.000000 -0.000000 1.000000
2451545.189398  1.0113960681e+00  1.000000 0.000000 0.000000  -0.000000 -0.000000 1.000000
2451545.190065  1.0202658258e+00  1.000000 0.000000 0.000000  -0.000000 -0.000000 1.000000
2451545.190732  1.0334705801e+00  1.000000 0.000000 0.000000  -0.000000 -0.000000 1.000000
2451545.191399  1.0469173540e+00  1.000000 0.000000 0.000000  -0.000000 -0.000000 1.000000
2451545.192066  1.0605741911e+00  1.000000 0.000000 0.000000  -0.000000 -0.000000 1.000000
2451545.192733  1.0782517629e+00  1.000000 0.000000 0.000000  -0.000000 -0.000000 1.000000
2451545.193400  1.0884811009e+00  1.000000 0.000000 0.000000  -0.000000 -0.000000 1.000000
2451545.194067  1.0983163620e+00  1.000000 0.000000 0.000000  -0.000000 -0.000000 1.000000
2451545.194734  1.1091186410e+00  1.000000 0.000000 0.000000  -0.000000 -0.000000 1.000000
2451545.195400  1.1214249850e+00  1.000000 0.000000 0.000000  -0.000000 -0.000000 1.000000
2451545.196067  1.1291038795e+00  1.000000 0.000000 0.000000  -0.000000 -0.000000 1.000000
2451545.196734  1.1449629730e+00  1.000000 0.000000 0.000000  -0.000000 -0.000000 1.000000
2451545.197401  1.1501882016e+00  1.000000 0.000000 0.000000  -0.000000 -0.000000 1.000000
2451545.198068  1.1547661264e+00  1.000000 0.000000 0.000000  -0.000000 -0.000000 1.000000
2451545.198735  1.1695085680e+00  1.000000 0.000000 0.000000  -0.000000 -0.000000 1.000000
2451545.199402  1.1748027070e+00  1.000000 0.000000 0.000000  -0.000000 -0.000000 1.000000
2451545.200069  1.1807595978e+00  1.000000 0.000000 0.000000  -0.000000 -0.000000 1.000000
2451545.200736  1.1886143275e+00  1.000000 0.000000 0.000000  -0.000000 -0.000000 1.000000
2451545.201403  1.1911974845e+00  1.000000 0.000000 0.000000  -0.000000 -0.000000 1.000000
2451545.202069  1.1970895541e+00  1.000000 0.000000 0.000000  -0.000000 -0.000000 1.000000
2451545.202736  1.2077231161e+00  1.000000 0.000000 0.000000  -0.000000 -0.000000 1.000000
2451545.203403  1.2144804282e+00  1.000000 0.000000 0.000000  -0.000000 -0.000000 1.000000
2451545.204070  1.2205737768e+00  1.000000 0.000000 0.000000  -0.000000 -0.000000 1.000000
2451545.204737  1.2257408480e+00  1.000000 0.000000 0.000000  -0.000000 -0.000000 1.000000
2451545.205404  1.2338144252e+00  1.000000 0.000000 0.000000  -0.000000 -0.000000 1.000000
2451545.206071  1.2460620060e+00  1.000000 0.000000 0.000000  -0.000000 -0.000000 1.000000
2451545.206738  1.2618959585e+00  1.000000 0.000000 0.000000  -0.000000 -0.000000 1.000000
2451545.207405  1.2752632204e+00  1.000000 0.000000 0.000000  -0.000000 -0.000000 1.000000
2451545.208072  1.2874149323e+00  1.000000 0.000000 0.000000  -0.000000 -0.000000 1.000000
2451545.208738  1.3076223502e+00  1.000000 0.000000 0.000000  -0.000000 -0.000000 1.000000
2451545.209405  1.3180406996e+00  1.000000 0.000000 0.000000  -0.000000 -0.000000 1.000000
2451545.210072  1.3284710138e+00  1.000000 0.000000 0.000000  -0.000000 -0.000000 1.000000
2451545.210739  1.3396843322e+00  1.000000 0.000000 0.000000  -0.000000 -0.000000 1.000000
2451545.211406  1.3460693764e+00  1.000000 0.000000 0.000000  -0.000000 -0.000000 1.000000
2451545.212073  1.3566827954e+00  1.000000 0.000000 0.000000  -0.000000 -0.000000 1.000000
2451545.212740  1.3683987814e+00  1.000000 0.000000 0.000000  -0.000000 -0.000000 1.000000
2451545.213407  1.3756666365e+00  1.000000 0.000000 0.000000  -0.000000 -0.000000 1.000000
2451545.214074  1.3819429386e+00  1.000000 0.000000 0.000000  -0.000000 -0.000000 1.000000
2451545.214740  1.3928786464e+00  1.000000 0.000000 0.000000  -0.000000 -0.000000 1.000000
2451545.215407  1.3976392217e+00  1.000000 0.000000 0.000000  -0.000000 -0.000000 1.000000
2451545.216074  1.4027158764e+00  1.000000 0.000000 0.000000  -0.000000 -0.000000 1.000000
2451545.216741  1.4058968125e+00  1.000000 0.000000 0.000000  -0.000000 -0.000000 1.000000
2451545.217408  1.4067037461e+00  1.000000 0.000000 0.000000  -0.000000 -0.000000 1.000000
2451545.218075  1.4111750491e+00  1.000000 0.000000 0.000000  -0.000000 -0.000000 1.000000
2451545.218742  1.4073549876e+00  1.000000 0.000000 0.000000  -0.000000 -0.000000 1.000000
2451545.219409  1.4088028641e+00  1.000000 0.000000 0.000000  -0.000000 -0.000000 1.000000
2451545.220076  1.4098884685e+00  1.000000 0.000000 0.000000  -0.000000 -0.000000 1.000000
2451545.220743  1.4034690447e+00  1.000000 0.000000 0.000000  -0.000000 -0.000000 1.000000
2451545.221409  1.4012972301e+00  1.000000 0.000000 0.000000  -0.000000 -0.000000 1.000000
2451545.222076  1.3877171789e+00  1.000000 0.000000 0.000000  -0.000000 -0.000000 1.000000
2451545.222743  1.3811305527e+00  1.000000 0.000000 0.000000  -0.000000 -0.000000 1.000000
2451545.223410  1.3725646067e+00  1.000000 0.000000 0.000000  -0.000000 -0.000000 1.000000
2451545.224077  1.3616411664e+00  1.000000 0.000000 0.000000  -0.000000 -0.000000 1.000000
2451545.224744  1.3526682702e+00  1.000000 0.000000 0.000000  -0.000000 -0.000000 1.000000
2451545.225411  1.3377569602e+00  1.000000 0.000000 0.000000  -0.000000 -0.000000 1.000000
2451545.226078  1.3194764600e+00  1.000000 0.000000 0.000000  -0.000000 -0.000000 1.000000
2451545.226745  1.3083886948e+00  1.000000 0.000000 0.000000  -0.000000 -0.000000 1.000000
2451545.227411  1.2987478975e+00  1.000000 0.000000 0.000000  -0.000000 -0.000000 1.000000
2451545.228078  1.2847799790e+00  1.000000 0.000000 0.000000  -0.000000 -0.000000 1.000000
2451545.228745  1.2730774721e+00  1.000000 0.000000 0.000000  -0.000000 -0.000000 1.000000
2451545.229412  1.2625549241e+00  1.000000 0.000000 0.000000  -0.000000 -0.000000 1.000000
2451545.230079  1.2528918633e+00  1.000000 0.000000 0.000000  -0.000000 -0.000000 1.000000
2451545.230746  1.2438723200e+00  1.000000 0.000000 0.000000  -0.000000 -0.000000 1.000000
2451545.231413  1.2337586910e+00  1.000000 0.000000 0.000000  -0.000000 -0.000000 1.000000
2451545.232080  1.2125447264e+00  1.000000 0.000000 0.000000  -0.000000 -0.000000 1.000000
2451545.232747  1.1999176081e+00  1.000000 0.000000 0.000000  -0.000000 -0.000000 1.000000
2451545.233414  1.1970074674e+00  1.000000 0.000000 0.000000  -0.000000 -0.000000 1.000000
2451545.234080  1.1968832771e+00  1.000000 0.000000 0.000000  -0.000000 -0.000000 1.000000
2451545.234747  1.2006701707e+00  1.000000 0.000000 0.000000  -0.000000 -0.000000 1.000000
2451545.235414  1.2055225257e+00  1.000000 0.000000 0.000000  -0.000000 -0.000000 1.000000
2451545.236081  1.2160594616e+00  1.000000 0.000000 0.000000  -0.000000 -0.000000 1.000000
2451545.236748  1.2198492328e+00  1.000000 0.000000 0.000000  -0.000000 -0.000000 1.000000
2451545.237415  1.2237572876e+00  1.000000 0.000000 0.000000  -0.000000 -0.000000 1.000000
2451545.238082  1.2257491779e+00  1.000000 0.000000 0.000000  -0.000000 -0.000000 1.000000
2451545.238749  1.2270860404e+00  1.000000 0.000000 0.000000  -0.000000 -0.000000 1.000000
2451545.239416  1.2289179978e+00  1.000000 0.000000 0.000000  -0.000000 -0.000000 1.000000
360  1
2451545.000000  1.0130010582e+00  1.000000 0.000000 0.000000  -0.000000 -0.000000 -1.000000
2451545.000667  1.0274308753e+00  1.000000 0.000000 0.000000  -0.000000 -0.000000 -1.000000
2451545.001334  1.0389387157e+00  1.000000 0.000000 0.000000  -0.000000 -0.000000 -1.000000
2451545.002001  1.0537290106e+00  1.000000 0.000000 0.000000  -0.000000 -0.000000 -1.000000
2451545.002668  1.0634285920e+00  1.000000 0.000000 0.000000  -0.000000 -0.000000 -1.000000
2451545.003334  1.0736557693e+00  1.000000 0.000000 0.000000  -0.000000 -0.000000 -1.000000
2451545.004001  1.0899730884e+00  1.000000 0.000000 0.000000  -0.000000 -0.000000 -1.000000
2451545.004668  1.0977204268e+00  1.000000 0.000000 0.000000  -0.000000 -0.000000 -1.000000
2451545.005335  1.1045204751e+00  1.000000 0.000000 0.000000  -0.000000 -0.000000 -1.000000
2451545.006002  1.1136679453e+00  1.000000 0.000000 0.000000  -0.000000 -0.000000 -1.000000
2451545.006669  1.1199923631e+00  1.000000 0.000000 0.000000  -0.000000 -0.000000 -1.000000
2451545.007336  1.1221775010e+00  1.000000 0.000000 0.000000  -0.000000 -0.000000 -1.000000
2451545.008003  1.1293050524e+00  1.000000 0.000000 0.000000  -0.000000 -0.000000 -1.000000
2451545.008670  1.1323862056e+00  1.000000 0.000000 0.000000  -0.000000 -0.000000 -1.000000
2451545.009337  1.1338189668e+00  1.000000 0.000000 0.000000  -0.000000 -0.000000 -1.000000
2451545.010003  1.1328715040e+00  1.000000 0.000000 0.000000  -0.000000 -0.000000 -1.000000
2451545.010670  1.1355611037e+00  1.000000 0.000000 0.000000  -0.000000 -0.000000 -1.000000
2451545.011337  1.1307086370e+00  1.000000 0.000000 0.000000  -0.000000 -0.000000 -1.000000
2451545.012004  1.1297920773e+00  1.000000 0.000000 0.000000  -0.000000 -0.000000 -1.000000
2451545.012671  1.1267262893e+00  1.000000 0.000000 0.000000  -0.000000 -0.000000 -1.000000
2451545.013338  1.1206392551e+00  1.000000 0.000000 0.000000  -0.000000 -0.000000 -1.000000
2451545.014005  1.1102889836e+00  1.000000 0.000000 0.000000  -0.000000 -0.000000 -1.000000
2451545.014672  1.1038088421e+00  1.000000 0.000000 0.000000  -0.000000 -0.000000 -1.000000
2451545.015339  1.0990207712e+00  1.000000 0.000000 0.000000  -0.000000 -0.000000 -1.000000
2451545.016006  1.0914184525e+00  1.000000 0.000000 0.000000  -0.000000 -0.000000 -1.000000
2451545.016672  1.0820679545e+00  1.000000 0.000000 0.000000  -0.000000 -0.000000 -1.000000
2451545.017339  1.0756753429e+00  1.000000 0.000000 0.000000  -0.000000 -0.000000 -1.000000
2451545.018006  1.0613045696e+00  1.000000 0.000000 0.000000  -0.000000 -0.000000 -1.000000
2451545.018673  1.0549095409e+00  1.000000 0.000000 0.000000  -0.000000 -0.000000 -1.000000
2451545.019340  1.0480654688e+00  1.000000 0.000000 0.000000  -0.000000 -0.000000 -1.000000
2451545.020007  1.0386502298e+00  1.000000 0.000000 0.000000  -0.000000 -0.000000 -1.000000
2451545.020674  1.0320689198e+00  1.000000 0.000000 0.000000  -0.000000 -0.000000 -1.000000
2451545.021341  1.0259817129e+00  1.000000 0.000000 0.000000  -0.000000 -0.000000 -1.000000
2451545.022008  1.0166275895e+00  1.000000 0.000000 0.000000  -0.000000 -0.000000 -1.000000
2451545.022674  1.0106103029e+00  1.000000 0.000000 0.000000  -0.000000 -0.000000 -1.000000
2451545.023341  1.0029870945e+00  1.000000 0.000000 0.000000  -0.000000 -0.000000 -1.000000
2451545.024008  9.9435996919e-01  1.000000 0.000000 0.000000  -0.000000 -0.000000 -1.000000
2451545.024675  9.9067318563e-01  1.000000 0.000000 0.000000  -0.000000 -0.000000 -1.000000
2451545.025342  9.8330030907e-01  1.000000 0.000000 0.000000  -0.000000 -0.000000 -1.000000
2451545.026009  9.7956846578e-01  1.000000 0.000000 0.000000  -0.000000 -0.000000 -1.000000
2451545.026676  9.7064491304e-01  1.000000 0.000000 0.000000  -0.000000 -0.000000 -1.000000
2451545.027343  9.6522410681e-01  1.000000 0.000000 0.000000  -0.000000 -0.000000 -1.000000
2451545.028010  9.5965948925e-01  1.000000 0.000000 0.000000  -0.000000 -0.000000 -1.000000
2451545.028677  9.5245114113e-01  1.000000 0.000000 0.000000  -0.000000 -0.000000 -1.000000
2451545.029343  9.3996320846e-01  1.000000 0.000000 0.000000  -0.000000 -0.000000 -1.000000
2451545.030010  9.2887230002e-01  1.000000 0.000000 0.000000  -0.000000 -0.000000 -1.000000
2451545.030677  9.2272812113e-01  1.000000 0.000000 0.000000  -0.000000 -0.000000 -1.000000
2451545.031344  9.1180692041e-01  1.000000 0.000000 0.000000  -0.000000 -0.000000 -1.000000
2451545.032011  9.0026075333e-01  1.000000 0.000000 0.000000  -0.000000 -0.000000 -1.000000
2451545.032678  8.8538638145e-01  1.000000 0.000000 0.000000  -0.000000 -0.000000 -1.000000
2451545.033345  8.6582614306e-01  1.000000 0.000000 0.000000  -0.000000 -0.000000 -1.000000
2451545.034012  8.5369592593e-01  1.000000 0.000000 0.000000  -0.000000 -0.000000 -1.000000
2451545.034679  8.3983962770e-01  1.000000 0.000000 0.000000  -0.000000 -0.000000 -1.000000
2451545.035345  8.1974782262e-01  1.000000 0.000000 0.000000  -0.000000 -0.000000 -1.000000
2451545.036012  8.0690994331e-01  1.000000 0.000000 0.000000  -0.000000 -0.000000 -1.000000
2451545.036679  7.9325460111e-01  1.000000 0.000000 0.000000  -0.000000 -0.000000 -1.000000
2451545.037346  7.7089099154e-01  1.000000 0.000000 0.000000  -0.000000 -0.000000 -1.000000
2451545.038013  7.5773130636e-01  1.000000 0.000000 0.000000  -0.000000 -0.000000 -1.000000
2451545.038680  7.4338176810e-01  1.000000 0.000000 0.000000  -0.000000 -0.000000 -1.000000
2451545.039347  7.2616618939e-01  1.000000 0.000000 0.000000  -0.000000 -0.000000 -1.000000
2451545.040014  7.2219575397e-01  1.000000 0.000000 0.000000  -0.000000 -0.000000 -1.000000
2451545.040681  7.1228105984e-01  1.000000 0.000000 0.000000  -0.000000 -0.000000 -1.000000
2451545.041348  7.0169754812e-01  1.000000 0.000000 0.000000  -0.000000 -0.000000 -1.000000
2451545.042014  6.9671093812e-01  1.000000 0.000000 0.000000  -0.000000 -0.000000 -1.000000
2451545.042681  6.9484950519e-01  1.000000 0.000000 0.000000  -0.000000 -0.000000 -1.000000
2451545.043348  7.0205129289e-01  1.000000 0.000000 0.000000  -0.000000 -0.000000 -1.000000
2451545.044015  7.0674907175e-01  1.000000 0.000000 0.000000  -0.000000 -0.000000 -1.000000
2451545.044682  7.1054237582e-01  1.000000 0.000000 0.000000  -0.000000 -0.000000 -1.000000
2451545.045349  7.1436002250e-01  1.000000 0.000000 0.000000  -0.000000 -0.000000 -1.000000
2451545.046016  7.1968639321e-01  1.000000 0.000000 0.000000  -0.000000 -0.000000 -1.000000
2451545.046683  7.2575409141e-01  1.000000 0.000000 0.000000  -0.000000 -0.000000 -1.000000
2451545.047350  7.3691940883e-01  1.000000 0.000000 0.000000  -0.000000 -0.000000 -1.000000
2451545.048017  7.4116020262e-01  1.000000 0.000000 0.000000  -0.000000 -0.000000 -1.000000
2451545.048683  7.4903995796e-01  1.000000 0.000000 0.000000  -0.000000 -0.000000 -1.000000
2451545.049350  7.5498404404e-01  1.000000 0.000000 0.000000  -0.000000 -0.000000 -1.000000
2451545.050017  7.6030592604e-01  1.000000 0.000000 0.000000  -0.000000 -0.000000 -1.000000
2451545.050684  7.7145190748e-01  1.000000 0.000000 0.000000  -0.000000 -0.000000 -1.000000
2451545.051351  7.7876746668e-01  1.000000 0.000000 0.000000  -0.000000 -0.000000 -1.000000
2451545.052018  7.8562276060e-01  1.000000 0.000000 0.000000  -0.000000 -0.000000 -1.000000
2451545.052685  7.9670503690e-01  1.000000 0.000000 0.000000  -0.000000 -0.000000 -1.000000
2451545.053352  8.0560217532e-01  1.000000 0.000000 0.000000  -0.000000 -0.000000 -1.000000
2451545.054019  8.1015752400e-01  1.000000 0.000000 0.000000  -0.000000 -0.000000 -1.000000
2451545.054685  8.2445561475e-01  1.000000 0.000000 0.000000  -0.000000 -0.000000 -1.000000
2451545.055352  8.3293185042e-01  1.000000 0.000000 0.000000  -0.000000 -0.000000 -1.000000
2451545.056019  8.3987277509e-01  1.000000 0.000000 0.000000  -0.000000 -0.000000 -1.000000
2451545.056686  8.4906047107e-01  1.000000 0.000000 0.000000  -0.000000 -0.000000 -1.000000
2451545.057353  8.5737666700e-01  1.000000 0.000000 0.000000  -0.000000 -0.000000 -1.000000
2451545.058020  8.6755533174e-01  1.000000 0.000000 0.000000  -0.000000 -0.000000 -1.000000
2451545.058687  8.8523670029e-01  1.000000 0.000000 0.000000  -0.000000 -0.000000 -1.000000
2451545.059354  8.9458857942e-01  1.000000 0.000000 0.000000  -0.000000 -0.000000 -1.000000
2451545.060021  9.0291064520e-01  1.000000 0.000000 0.000000  -0.000000 -0.000000 -1.000000
2451545.060688  9.1607948045e-01  1.000000 0.000000 0.000000  -0.000000 -0.000000 -1.000000
2451545.061354  9.2680352328e-01  1.000000 0.000000 0.000000  -0.000000 -0.000000 -1.000000
2451545.062021  9.3796400670e-01  1.000000 0.000000 0.000000  -0.000000 -0.000000 -1.000000
2451545.062688  9.5267989263e-01  1.000000 0.000000 0.000000  -0.000000 -0.000000 -1.000000
2451545.063355  9.6101905004e-01  1.000000 0.000000 0.000000  -0.000000 -0.000000 -1.000000
2451545.064022  9.7162759494e-01  1.000000 0.000000 0.000000  -0.000000 -0.000000 -1.000000
2451545.064689  9.8496337562e-01  1.000000 0.000000 0.000000  -0.000000 -0.000000 -1.000000
2451545.065356  9.9239149782e-01  1.000000 0.000000 0.000000  -0.000000 -0.000000 -1.000000
2451545.066023  1.0004074682e+00  1.000000 0.000000 0.000000  -0.000000 -0.000000 -1.000000
2451545.066690  1.0172038706e+00  1.000000 0.000000 0.000000  -0.000000 -0.000000 -1.000000
2451545.067356  1.0280682719e+00  1.000000 0.000000 0.000000  -0.000000 -0.000000 -1.000000
2451545.068023  1.0355873768e+00  1.000000 0.000000 0.000000  -0.000000 -0.000000 -1.000000
2451545.068690  1.0483254686e+00  1.000000 0.000000 0.000000  -0.000000 -0.000000 -1.000000
2451545.069357  1.0570308011e+00  1.000000 0.000000 0.000000  -0.000000 -0.000000 -1.000000
2451545.070024  1.0653060807e+00  1.000000 0.000000 0.000000  -0.000000 -0.000000 -1.000000
2451545.070691  1.0838206226e+00  1.000000 0.000000 0.000000  -0.000000 -0.000000 -1.000000
2451545.071358  1.0917974031e+00  1.000000 0.000000 0.000000  -0.000000 -0.000000 -1.000000
2451545.072025  1.1026124286e+00  1.000000 0.000000 0.000000  -0.000000 -0.000000 -1.000000
2451545.072692  1.1112642419e+00  1.000000 0.000000 0.000000  -0.000000 -0.000000 -1.000000
2451545.073359  1.1187016868e+00  1.000000 0.000000 0.000000  -0.000000 -0.000000 -1.000000
2451545.074025  1.1334571079e+00  1.000000 0.000000 0.000000  -0.000000 -0.000000 -1.000000
2451545.074692  1.1413688021e+00  1.000000 0.000000 0.000000  -0.000000 -0.000000 -1.000000
2451545.075359  1.1433027449e+00  1.000000 0.000000 0.000000  -0.000000 -0.000000 -1.000000
2451545.076026  1.1522397638e+00  1.000000 0.000000 0.000000  -0.000000 -0.000000 -1.000000
2451545.076693  1.1579188434e+00  1.000000 0.000000 0.000000  -0.000000 -0.000000 -1.000000
2451545.077360  1.1623538602e+00  1.000000 0.000000 0.000000  -0.000000 -0.000000 -1.000000
2451545.078027  1.1684450378e+00  1.000000 0.000000 0.000000  -0.000000 -0.000000 -1.000000
2451545.078694  1.1734121392e+00  1.000000 0.000000 0.000000  -0.000000 -0.000000 -1.000000
2451545.079361  1.1754275693e+00  1.000000 0.000000 0.000000  -0.000000 -0.000000 -1.000000
2451545.080028  1.1785035432e+00  1.000000 0.000000 0.000000  -0.000000 -0.000000 -1.000000
2451545.080694  1.1816302741e+00  1.000000 0.000000 0.000000  -0.000000 -0.000000 -1.000000
2451545.081361  1.1840334596e+00  1.000000 0.000000 0.000000  -0.000000 -0.000000 -1.000000
2451545.082028  1.1895680374e+00  1.000000 0.000000 0.000000  -0.000000 -0.000000 -1.000000
2451545.082695  1.1971325472e+00  1.000000 0.000000 0.000000  -0.000000 -0.000000 -1.000000
2451545.083362  1.1978971815e+00  1.000000 0.000000 0.000000  -0.000000 -0.000000 -1.000000
2451545.084029  1.1966532913e+00  1.000000 0.000000 0.000000  -0.000000 -0.000000 -1.000000
2451545.084696  1.1979577791e+00  1.000000 0.000000 0.000000  -0.000000 -0.000000 -1.000000
2451545.085363  1.1985666896e+00  1.000000 0.000000 0.000000  -0.000000 -0.000000 -1.000000
2451545.086030  1.2041242288e+00  1.000000 0.000000 0.000000  -0.000000 -0.000000 -1.000000
2451545.086696  1.2012799414e+00  1.000000 0.000000 0.000000  -0.000000 -0.000000 -1.000000
2451545.087363  1.1995091458e+00  1.000000 0.000000 0.000000  -0.000000 -0.000000 -1.000000
2451545.088030  1.1943602517e+00  1.000000 0.000000 0.000000  -0.000000 -0.000000 -1.000000
2451545.088697  1.1943486847e+00  1.000000 0.000000 0.000000  -0.000000 -0.000000 -1.000000
2451545.089364  1.1958287500e+00  1.000000 0.000000 0.000000  -0.000000 -0.000000 -1.000000
2451545.090031  1.1924641176e+00  1.000000 0.000000 0.000000  -0.000000 -0.000000 -1.000000
2451545.090698  1.1907528838e+00  1.000000 0.000000 0.000000  -0.000000 -0.000000 -1.000000
2451545.091365  1.1879334568e+00  1.000000 0.000000 0.000000  -0.000000 -0.000000 -1.000000
2451545.092032  1.1860167783e+00  1.000000 0.000000 0.000000  -0.000000 -0.000000 -1.000000
2451545.092699  1.1819722791e+00  1.000000 0.000000 0.000000  -0.000000 -0.000000 -1.000000
2451545.093365  1.1798256406e+00  1.000000 0.000000 0.000000  -0.000000 -0.000000 -1.000000
2451545.094032  1.1787234900e+00  1.000000 0.000000 0.000000  -0.000000 -0.000000 -1.000000
2451545.094699  1.1753267460e+00  1.000000 0.000000 0.000000  -0.000000 -0.000000 -1.000000
2451545.095366  1.1730010770e+00  1.000000 0.000000 0.000000  -0.000000 -0.000000 -1.000000
2451545.096033  1.1699311456e+00  1.000000 0.000000 0.000000  -0.000000 -0.000000 -1.000000
2451545.096700  1.1679410939e+00  1.000000 0.000000 0.000000  -0.000000 -0.000000 -1.000000
2451545.097367  1.1704658199e+00  1.000000 0.000000 0.000000  -0.000000 -0.000000 -1.000000
2451545.098034  1.1706527919e+00  1.000000 0.000000 0.000000  -0.000000 -0.000000 -1.000000
2451545.098701  1.1682064457e+00  1.000000 0.000000 0.000000  -0.000000 -0.000000 -1.000000
2451545.099367  1.1649997813e+00  1.000000 0.000000 0.000000  -0.000000 -0.000000 -1.000000
2451545.100034  1.1615731702e+00  1.000000 0.000000 0.000000  -0.000000 -0.000000 -1.000000
2451545.100701  1.1585897327e+00  1.000000 0.000000 0.000000  -0.000000 -0.000000 -1.000000
2451545.101368  1.1618735684e+00  1.000000 0.000000 0.000000  -0.000000 -0.000000 -1.000000
2451545.102035  1.1626028109e+00  1.000000 0.000000 0.000000  -0.000000 -0.000000 -1.000000
2451545.102702  1.1596620162e+00  1.000000 0.000000 0.000000  -0.000000 -0.000000 -1.000000
2451545.103369  1.1527894580e+00  1.000000 0.000000 0.000000  -0.000000 -0.000000 -1.000000
2451545.104036  1.1561951793e+00  1.000000 0.000000 0.000000  -0.000000 -0.000000 -1.000000
2451545.104703  1.1540290321e+00  1.000000 0.000000 0.000000  -0.000000 -0.000000 -1.000000
2451545.105370  1.1524595379e+00  1.000000 0.000000 0.000000  -0.000000 -0.000000 -1.000000
2451545.106036  1.1487553174e+00  1.000000 0.000000 0.000000  -0.000000 -0.000000 -1.000000
2451545.106703  1.1455408841e+00  1.000000 0.000000 0.000000  -0.000000 -0.000000 -1.000000
2451545.107370  1.1407037826e+00  1.000000 0.000000 0.000000  -0.000000 -0.000000 -1.000000
2451545.108037  1.1378765868e+00  1.000000 0.000000 0.000000  -0.000000 -0.000000 -1.000000
2451545.108704  1.1316813057e+00  1.000000 0.000000 0.000000  -0.000000 -0.000000 -1.000000
2451545.109371  1.1347586607e+00  1.000000 0.000000 0.000000  -0.000000 -0.000000 -1.000000
2451545.110038  1.1327228587e+00  1.000000 0.000000 0.000000  -0.000000 -0.000000 -1.000000
2451545.110705  1.1289243754e+00  1.000000 0.000000 0.000000  -0.000000 -0.000000 -1.000000
2451545.111372  1.1200591758e+00  1.000000 0.000000 0.000000  -0.000000 -0.000000 -1.000000
2451545.112039  1.1160036276e+00  1.000000 0.000000 0.000000  -0.000000 -0.000000 -1.000000
2451545.112705  1.1127866046e+00  1.000000 0.000000 0.000000  -0.000000 -0.000000 -1.000000
2451545.113372  1.1065973660e+00  1.000000 0.000000 0.000000  -0.000000 -0.000000 -1.000000
2451545.114039  1.0989033742e+00  1.000000 0.000000 0.000000  -0.000000 -0.000000 -1.000000
2451545.114706  1.0915798734e+00  1.000000 0.000000 0.000000  -0.000000 -0.000000 -1.000000
2451545.115373  1.0749177870e+00  1.000000 0.000000 0.000000  -0.000000 -0.000000 -1.000000
2451545.116040  1.0689826783e+00  1.000000 0.000000 0.000000  -0.000000 -0.000000 -1.000000
2451545.116707  1.0620503858e+00  1.000000 0.000000 0.000000  -0.000000 -0.000000 -1.000000
2451545.117374  1.0549815329e+00  1.000000 0.000000 0.000000  -0.000000 -0.000000 -1.000000
2451545.118041  1.0496753614e+00  1.000000 0.000000 0.000000  -0.000000 -0.000000 -1.000000
2451545.118707  1.0475427069e+00  1.000000 0.000000 0.000000  -0.000000 -0.000000 -1.000000
2451545.119374  1.0389088485e+00  1.000000 0.000000 0.000000  -0.000000 -0.000000 -1.000000
2451545.120041  1.0354468456e+00  1.000000 0.000000 0.000000  -0.000000 -0.000000 -1.000000
2451545.120708  1.0254841569e+00  1.000000 0.000000 0.000000  -0.000000 -0.000000 -1.000000
2451545.121375  1.0209391667e+00  1.000000 0.000000 0.000000  -0.000000 -0.000000 -1.000000
2451545.122042  1.0163208035e+00  1.000000 0.000000 0.000000  -0.000000 -0.000000 -1.000000
2451545.122709  1.0061048479e+00  1.000000 0.000000 0.000000  -0.000000 -0.000000 -1.000000
2451545.123376  1.0001562732e+00  1.000000 0.000000 0.000000  -0.000000 -0.000000 -1.000000
2451545.124043  9.9402538776e-01  1.000000 0.000000 0.000000  -0.000000 -0.000000 -1.000000
2451545.124710  9.8421427921e-01  1.000000 0.000000 0.000000  -0.000000 -0.000000 -1.000000
2451545.125376  9.8569935119e-01  1.000000 0.000000 0.000000  -0.000000 -0.000000 -1.000000
2451545.126043  9.7723416465e-01  1.000000 0.000000 0.000000  -0.000000 -0.000000 -1.000000
2451545.126710  9.6300236868e-01  1.000000 0.000000 0.000000  -0.000000 -0.000000 -1.000000
2451545.127377  9.5246667897e-01  1.000000 0.000000 0.000000  -0.000000 -0.000000 -1.000000
2451545.128044  9.4725200805e-01  1.000000 0.000000 0.000000  -0.000000 -0.000000 -1.000000
2451545.128711  9.3855409924e-01  1.000000 0.000000 0.000000  -0.000000 -0.000000 -1.000000
2451545.129378  9.3245290836e-01  1.000000 0.000000 0.000000  -0.000000 -0.000000 -1.000000
2451545.130045  9.2595101392e-01  1.000000 0.000000 0.000000  -0.000000 -0.000000 -1.000000
2451545.130712  9.1330908401e-01  1.000000 0.000000 0.000000  -0.000000 -0.000000 -1.000000
2451545.131378  9.0927597932e-01  1.000000 0.000000 0.000000  -0.000000 -0.000000 -1.000000
2451545.132045  9.0289735172e-01  1.000000 0.000000 0.000000  -0.000000 -0.000000 -1.000000
2451545.132712  8.9504435598e-01  1.000000 0.000000 0.000000  -0.000000 -0.000000 -1.000000
2451545.133379  8.8837620668e-01  1.000000 0.000000 0.000000  -0.000000 -0.000000 -1.000000
2451545.134046  8.8486966203e-01  1.000000 0.000000 0.000000  -0.000000 -0.000000 -1.000000
2451545.134713  8.7305520830e-01  1.000000 0.000000 0.000000  -0.000000 -0.000000 -1.000000
2451545.135380  8.6992208968e-01  1.000000 0.000000 0.000000  -0.000000 -0.000000 -1.000000
2451545.136047  8.6197828391e-01  1.000000 0.000000 0.000000  -0.000000 -0.000000 -1.000000
2451545.136714  8.5210692308e-01  1.000000 0.000000 0.000000  -0.000000 -0.000000 -1.000000
2451545.137381  8.4489753911e-01  1.000000 0.000000 0.000000  -0.000000 -0.000000 -1.000000
2451545.138047  8.3824043893e-01  1.000000 0.000000 0.000000  -0.000000 -0.000000 -1.000000
2451545.138714  8.2667769816e-01  1.000000 0.000000 0.000000  -0.000000 -0.000000 -1.000000
2451545.139381  8.1714782447e-01  1.000000 0.000000 0.000000  -0.000000 -0.000000 -1.000000
2451545.140048  8.0772913264e-01  1.000000 0.000000 0.000000  -0.000000 -0.000000 -1.000000
2451545.140715  7.9855939149e-01  1.000000 0.000000 0.000000  -0.000000 -0.000000 -1.000000
2451545.141382  7.8988116394e-01  1.000000 0.000000 0.000000  -0.000000 -0.000000 -1.000000
2451545.142049  7.8132499473e-01  1.000000 0.000000 0.000000  -0.000000 -0.000000 -1.000000
2451545.142716  7.6472833989e-01  1.000000 0.000000 0.000000  -0.000000 -0.000000 -1.000000
2451545.143383  7.5996564740e-01  1.000000 0.000000 0.000000  -0.000000 -0.000000 -1.000000
2451545.144050  7.5354316857e-01  1.000000 0.000000 0.000000  -0.000000 -0.000000 -1.000000
2451545.144716  7.4739588211e-01  1.000000 0.000000 0.000000  -0.000000 -0.000000 -1.000000
2451545.145383  7.4034912750e-01  1.000000 0.000000 0.000000  -0.000000 -0.000000 -1.000000
2451545.146050  7.2622247089e-01  1.000000 0.000000 0.000000  -0.000000 -0.000000 -1.000000
2451545.146717  7.2211064115e-01  1.000000 0.000000 0.000000  -0.000000 -0.000000 -1.000000
2451545.147384  7.1406877437e-01  1.000000 0.000000 0.000000  -0.000000 -0.000000 -1.000000
2451545.148051  7.0452025527e-01  1.000000 0.000000 0.000000  -0.000000 -0.000000 -1.000000
2451545.148718  7.0030725694e-01  1.000000 0.000000 0.000000  -0.000000 -0.000000 -1.000000
2451545.149385  6.9402599980e-01  1.000000 0.000000 0.000000  -0.000000 -0.000000 -1.000000
2451545.150052  6.8786628307e-01  1.000000 0.000000 0.000000  -0.000000 -0.000000 -1.000000
2451545.150718  6.8659528796e-01  1.000000 0.000000 0.000000  -0.000000 -0.000000 -1.000000
2451545.151385  6.8454377547e-01  1.000000 0.000000 0.000000  -0.000000 -0.000000 -1.000000
2451545.152052  6.8625846217e-01  1.000000 0.000000 0.000000  -0.000000 -0.000000 -1.000000
2451545.152719  6.8693090525e-01  1.000000 0.000000 0.000000  -0.000000 -0.000000 -1.000000
2451545.153386  6.8645751913e-01  1.000000 0.000000 0.000000  -0.000000 -0.000000 -1.000000
2451545.154053  6.8293112058e-01  1.000000 0.000000 0.000000  -0.000000 -0.000000 -1.000000
2451545.154720  6.8252713680e-01  1.000000 0.000000 0.000000  -0.000000 -0.000000 -1.000000
2451545.155387  6.8272101449e-01  1.000000 0.000000 0.000000  -0.000000 -0.000000 -1.000000
2451545.156054  6.8709025440e-01  1.000000 0.000000 0.000000  -0.000000 -0.000000 -1.000000
2451545.156721  6.8737874025e-01  1.000000 0.000000 0.000000  -0.000000 -0.000000 -1.000000
2451545.157387  6.8660789087e-01  1.000000 0.000000 0.000000  -0.000000 -0.000000 -1.000000
2451545.158054  6.8768725265e-01  1.000000 0.000000 0.000000  -0.000000 -0.000000 -1.000000
2451545.158721  6.9006557765e-01  1.000000 0.000000 0.000000  -0.000000 -0.000000 -1.000000
2451545.159388  6.9080086265e-01  1.000000 0.000000 0.000000  -0.000000 -0.000000 -1.000000
2451545.160055  6.9559601196e-01  1.000000 0.000000 0.000000  -0.000000 -0.000000 -1.000000
2451545.160722  6.9406415382e-01  1.000000 0.000000 0.000000  -0.000000 -0.000000 -1.000000
2451545.161389  6.9431966493e-01  1.000000 0.000000 0.000000  -0.000000 -0.000000 -1.000000
2451545.162056  6.9373820452e-01  1.000000 0.000000 0.000000  -0.000000 -0.000000 -1.000000
2451545.162723  6.9276881610e-01  1.000000 0.000000 0.000000  -0.000000 -0.000000 -1.000000
2451545.163389  6.9386561479e-01  1.000000 0.000000 0.000000  -0.000000 -0.000000 -1.000000
2451545.164056  6.9773626276e-01  1.000000 0.000000 0.000000  -0.000000 -0.000000 -1.000000
2451545.164723  6.9751372640e-01  1.000000 0.000000 0.000000  -0.000000 -0.000000 -1.000000
2451545.165390  6.9740064547e-01  1.000000 0.000000 0.000000  -0.000000 -0.000000 -1.000000
2451545.166057  6.9745882604e-01  1.000000 0.000000 0.000000  -0.000000 -0.000000 -1.000000
2451545.166724  6.9571513538e-01  1.000000 0.000000 0.000000  -0.000000 -0.000000 -1.000000
2451545.167391  6.9873638157e-01  1.000000 0.000000 0.000000  -0.000000 -0.000000 -1.000000
2451545.168058  7.0167942064e-01  1.000000 0.000000 0.000000  -0.000000 -0.000000 -1.000000
2451545.168725  7.0424575348e-01  1.000000 0.000000 0.000000  -0.000000 -0.000000 -1.000000
2451545.169392  7.1800433598e-01  1.000000 0.000000 0.000000  -0.000000 -0.000000 -1.000000
2451545.170058  7.3097860296e-01  1.000000 0.000000 0.000000  -0.000000 -0.000000 -1.000000
2451545.170725  7.4490102333e-01  1.000000 0.000000 0.000000  -0.000000 -0.000000 -1.000000
2451545.171392  7.7000757916e-01  1.000000 0.000000 0.000000  -0.000000 -0.000000 -1.000000
2451545.172059  7.8460451431e-01  1.000000 0.000000 0.000000  -0.000000 -0.000000 -1.000000
2451545.172726  8.0064957593e-01  1.000000 0.000000 0.000000  -0.000000 -0.000000 -1.000000
2451545.173393  8.1955377229e-01  1.000000 0.000000 0.000000  -0.000000 -0.000000 -1.000000
2451545.174060  8.3411583364e-01  1.000000 0.000000 0.000000  -0.000000 -0.000000 -1.000000
2451545.174727  8.4818051154e-01  1.000000 0.000000 0.000000  -0.000000 -0.000000 -1.000000
2451545.175394  8.7040186357e-01  1.000000 0.000000 0.000000  -0.000000 -0.000000 -1.000000
2451545.176061  8.8229400650e-01  1.000000 0.000000 0.000000  -0.000000 -0.000000 -1.000000
2451545.176727  8.9637802037e-01  1.000000 0.000000 0.000000  -0.000000 -0.000000 -1.000000
2451545.177394  9.1487080933e-01  1.000000 0.000000 0.000000  -0.000000 -0.000000 -1.000000
2451545.178061  9.2764550143e-01  1.000000 0.000000 0.000000  -0.000000 -0.000000 -1.000000
2451545.178728  9.3918286373e-01  1.000000 0.000000 0.000000  -0.000000 -0.000000 -1.000000
2451545.179395  9.5809517430e-01  1.000000 0.000000 0.000000  -0.000000 -0.000000 -1.000000
2451545.180062  9.7208009130e-01  1.000000 0.000000 0.000000  -0.000000 -0.000000 -1.000000
2451545.180729  9.8381046807e-01  1.000000 0.000000 0.000000  -0.000000 -0.000000 -1.000000
2451545.181396  1.0001039624e+00  1.000000 0.000000 0.000000  -0.000000 -0.000000 -1.000000
2451545.182063  1.0130323065e+00  1.000000 0.000000 0.000000  -0.000000 -0.000000 -1.000000
2451545.182729  1.0242086730e+00  1.000000 0.000000 0.000000  -0.000000 -0.000000 -1.000000
2451545.183396  1.0463632124e+00  1.000000 0.000000 0.000000  -0.000000 -0.000000 -1.000000
2451545.184063  1.0580685560e+00  1.000000 0.000000 0.000000  -0.000000 -0.000000 -1.000000
2451545.184730  1.0697065689e+00  1.000000 0.000000 0.000000  -0.000000 -0.000000 -1.000000
2451545.185397  1.0821582466e+00  1.000000 0.000000 0.000000  -0.000000 -0.000000 -1.000000
2451545.186064  1.0923037640e+00  1.000000 0.000000 0.000000  -0.000000 -0.000000 -1.000000
2451545.186731  1.1028824417e+00  1.000000 0.000000 0.000000  -0.000000 -0.000000 -1.000000
2451545.187398  1.1221745661e+00  1.000000 0.000000 0.000000  -0.000000 -0.000000 -1.000000
2451545.188065  1.1315041743e+00  1.000000 0.000000 0.000000  -0.000000 -0.000000 -1.000000
2451545.188732  1.1422573938e+00  1.000000 0.000000 0.000000  -0.000000 -0.000000 -1.000000
2451545.189398  1.1506894329e+00  1.000000 0.000000 0.000000  -0.000000 -0.000000 -1.000000
2451545.190065  1.1586532652e+00  1.000000 0.000000 0.000000  -0.000000 -0.000000 -1.000000
2451545.190732  1.1666535251e+00  1.000000 0.000000 0.000000  -0.000000 -0.000000 -1.000000
2451545.191399  1.1781674080e+00  1.000000 0.000000 0.000000  -0.000000 -0.000000 -1.000000
2451545.192066  1.1846352919e+00  1.000000 0.000000 0.000000  -0.000000 -0.000000 -1.000000
2451545.192733  1.1938961883e+00  1.000000 0.000000 0.000000  -0.000000 -0.000000 -1.000000
2451545.193400  1.1980425466e+00  1.000000 0.000000 0.000000  -0.000000 -0.000000 -1.000000
2451545.194067  1.2051176146e+00  1.000000 0.000000 0.000000  -0.000000 -0.000000 -1.000000
2451545.194734  1.2150525079e+00  1.000000 0.000000 0.000000  -0.000000 -0.000000 -1.000000
2451545.195400  1.2223242159e+00  1.000000 0.000000 0.000000  -0.000000 -0.000000 -1.000000
2451545.196067  1.2271397370e+00  1.000000 0.000000 0.000000  -0.000000 -0.000000 -1.000000
2451545.196734  1.2382116548e+00  1.000000 0.000000 0.000000  -0.000000 -0.000000 -1.000000
2451545.197401  1.2441990741e+00  1.000000 0.000000 0.000000  -0.000000 -0.000000 -1.000000
2451545.198068  1.2501745812e+00  1.000000 0.000000 0.000000  -0.000000 -0.000000 -1.000000
2451545.198735  1.2602809086e+00  1.000000 0.000000 0.000000  -0.000000 -0.000000 -1.000000
2451545.199402  1.2652205598e+00  1.000000 0.000000 0.000000  -0.000000 -0.000000 -1.000000
2451545.200069  1.2688607299e+00  1.000000 0.000000 0.000000  -0.000000 -0.000000 -1.000000
2451545.200736  1.2701622827e+00  1.000000 0.000000 0.000000  -0.000000 -0.000000 -1.000000
2451545.201403  1.2712178198e+00  1.000000 0.000000 0.000000  -0.000000 -0.000000 -1.000000
2451545.202069  1.2718067039e+00  1.000000 0.000000 0.000000  -0.000000 -0.000000 -1.000000
2451545.202736  1.2783631534e+00  1.000000 0.000000 0.000000  -0.000000 -0.000000 -1.000000
2451545.203403  1.2763185466e+00  1.000000 0.000000 0.000000  -0.000000 -0.000000 -1.000000
2451545.204070  1.2755798088e+00  1.000000 0.000000 0.000000  -0.000000 -0.000000 -1.000000
2451545.204737  1.2737950292e+00  1.000000 0.000000 0.000000  -0.000000 -0.000000 -1.000000
2451545.205404  1.2710624415e+00  1.000000 0.000000 0.000000  -0.000000 -0.000000 -1.000000
2451545.206071  1.2709602370e+00  1.000000 0.000000 0.000000  -0.000000 -0.000000 -1.000000
2451545.206738  1.2750801810e+00  1.000000 0.000000 0.000000  -0.000000 -0.000000 -1.000000
2451545.207405  1.2760713224e+00  1.000000 0.000000 0.000000  -0.000000 -0.000000 -1.000000
2451545.208072  1.2756005259e+00  1.000000 0.000000 0.000000  -0.000000 -0.000000 -1.000000
2451545.208738  1.2724320155e+00  1.000000 0.000000 0.000000  -0.000000 -0.000000 -1.000000
2451545.209405  1.2695973960e+00  1.000000 0.000000 0.000000  -0.000000 -0.000000 -1.000000
2451545.210072  1.2737478977e+00  1.000000 0.000000 0.000000  -0.000000 -0.000000 -1.000000
2451545.210739  1.2691518054e+00  1.000000 0.000000 0.000000  -0.000000 -0.000000 -1.000000
2451545.211406  1.2647487275e+00  1.000000 0.000000 0.000000  -0.000000 -0.000000 -1.000000
2451545.212073  1.2602670972e+00  1.000000 0.000000 0.000000  -0.000000 -0.000000 -1.000000
2451545.212740  1.2492417930e+00  1.000000 0.000000 0.000000  -0.000000 -0.000000 -1.000000
2451545.213407  1.2450205078e+00  1.000000 0.000000 0.000000  -0.000000 -0.000000 -1.000000
2451545.214074  1.2390931681e+00  1.000000 0.000000 0.000000  -0.000000 -0.000000 -1.000000
2451545.214740  1.2375594109e+00  1.000000 0.000000 0.000000  -0.000000 -0.000000 -1.000000
2451545.215407  1.2337388293e+00  1.000000 0.000000 0.000000  -0.000000 -0.000000 -1.000000
2451545.216074  1.2267590600e+00  1.000000 0.000000 0.000000  -0.000000 -0.000000 -1.000000
2451545.216741  1.2216008432e+00  1.000000 0.000000 0.000000  -0.000000 -0.000000 -1.000000
2451545.217408  1.2165595055e+00  1.000000 0.000000 0.000000  -0.000000 -0.000000 -1.000000
2451545.218075  1.2111217803e+00  1.000000 0.000000 0.000000  -0.000000 -0.000000 -1.000000
2451545.218742  1.2059803099e+00  1.000000 0.000000 0.000000  -0.000000 -0.000000 -1.000000
2451545.219409  1.1992341261e+00  1.000000 0.000000 0.000000  -0.000000 -0.000000 -1.000000
2451545.220076  1.1878234835e+00  1.000000 0.000000 0.000000  -0.000000 -0.000000 -1.000000
2451545.220743  1.1847162613e+00  1.000000 0.000000 0.000000  -0.000000 -0.000000 -1.000000
2451545.221409  1.1805208725e+00  1.000000 0.000000 0.000000  -0.000000 -0.000000 -1.000000
2451545.222076  1.1776102902e+00  1.000000 0.000000 0.000000  -0.000000 -0.000000 -1.000000
2451545.222743  1.1727814756e+00  1.000000 0.000000 0.000000  -0.000000 -0.000000 -1.000000
2451545.223410  1.1695858603e+00  1.000000 0.000000 0.000000  -0.000000 -0.000000 -1.000000
2451545.224077  1.1552458174e+00  1.000000 0.000000 0.000000  -0.000000 -0.000000 -1.000000
2451545.224744  1.1464158370e+00  1.000000 0.000000 0.000000  -0.000000 -0.000000 -1.000000
2451545.225411  1.1373842100e+00  1.000000 0.000000 0.000000  -0.000000 -0.000000 -1.000000
2451545.226078  1.1235705545e+00  1.000000 0.000000 0.000000  -0.000000 -0.000000 -1.000000
2451545.226745  1.1107708292e+00  1.000000 0.000000 0.000000  -0.000000 -0.000000 -1.000000
2451545.227411  1.0996314082e+00  1.000000 0.000000 0.000000  -0.000000 -0.000000 -1.000000
2451545.228078  1.0732685319e+00  1.000000 0.000000 0.000000  -0.000000 -0.000000 -1.000000
2451545.228745  1.0571084902e+00  1.000000 0.000000 0.000000  -0.000000 -0.000000 -1.000000
2451545.229412  1.0457451517e+00  1.000000 0.000000 0.000000  -0.000000 -0.000000 -1.000000
2451545.230079  1.0211263114e+00  1.000000 0.000000 0.000000  -0.000000 -0.000000 -1.000000
2451545.230746  1.0082466525e+00  1.000000 0.000000 0.000000  -0.000000 -0.000000 -1.000000
2451545.231413  9.9265529577e-01  1.000000 0.000000 0.000000  -0.000000 -0.000000 -1.000000
2451545.232080  9.6965221786e-01  1.000000 0.000000 0.000000  -0.000000 -0.000000 -1.000000
2451545.232747  9.5596165656e-01  1.000000 0.000000 0.000000  -0.000000 -0.000000 -1.000000
2451545.233414  9.4032782971e-01  1.000000 0.000000 0.000000  -0.000000 -0.000000 -1.000000
2451545.234080  9.2091882627e-01  1.000000 0.000000 0.000000  -0.000000 -0.000000 -1.000000
2451545.234747  9.0768490475e-01  1.000000 0.000000 0.000000  -0.000000 -0.000000 -1.000000
2451545.235414  9.0150084541e-01  1.000000 0.000000 0.000000  -0.000000 -0.000000 -1.000000
2451545.236081  9.1511285431e-01  1.000000 0.000000 0.000000  -0.000000 -0.000000 -1.000000
2451545.236748  9.3024066558e-01  1.000000 0.000000 0.000000  -0.000000 -0.000000 -1.000000
2451545.237415  9.4464631269e-01  1.000000 0.000000 0.000000  -0.000000 -0.000000 -1.000000
2451545.238082  9.6962114219e-01  1.000000 0.000000 0.000000  -0.000000 -0.000000 -1.000000
2451545.238749  9.8424328317e-01  1.000000 0.000000 0.000000  -0.000000 -0.000000 -1.000000
2451545.239416  1.0035260848e+00  1.000000 0.000000 0.000000  -0.000000 -0.000000 -1.000000
360  1
2451545.000000  9.8243154679e-01  1.000000 0.000000 0.000000  0.707107 -0.707107 0.000000
2451545.000667  9.8205724714e-01  1.000000 0.000000 0.000000  0.707107 -0.707107 0.000000
2451545.001334  9.8131580316e-01  1.000000 0.000000 0.000000  0.707107 -0.707107 0.000000
2451545.002001  9.8213824814e-01  1.000000 0.000000 0.000000  0.707107 -0.707107 0.000000
2451545.002668  9.8045327449e-01  1.000000 0.000000 0.000000  0.707107 -0.707107 0.000000
2451545.003334  9.8047390682e-01  1.000000 0.000000 0.000000  0.707107 -0.707107 0.000000
2451545.004001  9.7689624683e-01  1.000000 0.000000 0.000000  0.707107 -0.707107 0.000000
2451545.004668  9.7429233558e-01  1.000000 0.000000 0.000000  0.707107 -0.707107 0.000000
2451545.005335  9.7398882497e-01  1.000000 0.000000 0.000000  0.707107 -0.707107 0.000000
2451545.006002  9.7198144510e-01  1.000000 0.000000 0.000000  0.707107 -0.707107 0.000000
2451545.006669  9.6910618744e-01  1.000000 0.000000 0.000000  0.707107 -0.707107 0.000000
2451545.007336  9.6800656065e-01  1.000000 0.000000 0.000000  0.707107 -0.707107 0.000000
2451545.008003  9.6680870451e-01  1.000000 0.000000 0.000000  0.707107 -0.707107 0.000000
2451545.008670  9.6473887190e-01  1.000000 0.000000 0.000000  0.707107 -0.707107 0.000000
2451545.009337  9.6089069913e-01  1.000000 0.000000 0.000000  0.707107 -0.707107 0.000000
2451545.010003  9.5709810166e-01  1.000000 0.000000 0.000000  0.707107 -0.707107 0.000000
2451545.010670  9.5287125269e-01  1.000000 0.000000 0.000000  0.707107 -0.707107 0.000000
2451545.011337  9.4962989274e-01  1.000000 0.000000 0.000000  0.707107 -0.707107 0.000000
2451545.012004  9.4707947271e-01  1.000000 0.000000 0.000000  0.707107 -0.707107 0.000000
2451545.012671  9.4206185668e-01  1.000000 0.000000 0.000000  0.707107 -0.707107 0.000000
2451545.013338  9.3962640806e-01  1.000000 0.000000 0.000000  0.707107 -0.707107 0.000000
2451545.014005  9.3227546302e-01  1.000000 0.000000 0.000000  0.707107 -0.707107 0.000000
2451545.014672  9.3008336474e-01  1.000000 0.000000 0.000000  0.707107 -0.707107 0.000000
2451545.015339  9.2655884863e-01  1.000000 0.000000 0.000000  0.707107 -0.707107 0.000000
2451545.016006  9.1728478978e-01  1.000000 0.000000 0.000000  0.707107 -0.707107 0.000000
2451545.016672  9.1305898284e-01  1.000000 0.000000 0.000000  0.707107 -0.707107 0.000000
2451545.017339  9.1033252805e-01  1.000000 0.000000 0.000000  0.707107 -0.707107 0.000000
2451545.018006  9.0687720319e-01  1.000000 0.000000 0.000000  0.707107 -0.707107 0.000000
2451545.018673  9.0507281211e-01  1.000000 0.000000 0.000000  0.707107 -0.707107 0.000000
2451545.019340  9.0296456307e-01  1.000000 0.000000 0.000000  0.707107 -0.707107 0.000000
2451545.020007  9.0007999655e-01  1.000000 0.000000 0.000000  0.707107 -0.707107 0.000000
2451545.020674  9.0143957682e-01  1.000000 0.000000 0.000000  0.707107 -0.707107 0.000000
2451545.021341  9.0239262376e-01  1.000000 0.000000 0.000000  0.707107 -0.707107 0.000000
2451545.022008  9.0156601063e-01  1.000000 0.000000 0.000000  0.707107 -0.707107 0.000000
2451545.022674  9.0106770859e-01  1.000000 0.000000 0.000000  0.707107 -0.707107 0.000000
2451545.023341  8.9986519802e-01  1.000000 0.000000 0.000000  0.707107 -0.707107 0.000000
2451545.024008  9.0121352428e-01  1.000000 0.000000 0.000000  0.707107 -0.707107 0.000000
2451545.024675  8.9968443935e-01  1.000000 0.000000 0.000000  0.707107 -0.707107 0.000000
2451545.025342  8.9661960045e-01  1.000000 0.000000 0.000000  0.707107 -0.707107 0.000000
2451545.026009  8.9366084090e-01  1.000000 0.000000 0.000000  0.707107 -0.707107 0.000000
2451545.026676  8.9064782597e-01  1.000000 0.000000 0.000000  0.707107 -0.707107 0.000000
2451545.027343  8.9003462199e-01  1.000000 0.000000 0.000000  0.707107 -0.707107 0.000000
2451545.028010  8.8593462364e-01  1.000000 0.000000 0.000000  0.707107 -0.707107 0.000000
2451545.028677  8.8313397582e-01  1.000000 0.000000 0.000000  0.707107 -0.707107 0.000000
2451545.029343  8.8130436745e-01  1.000000 0.000000 0.000000  0.707107 -0.707107 0.000000
2451545.030010  8.7745709778e-01  1.000000 0.000000 0.000000  0.707107 -0.707107 0.000000
2451545.030677  8.7557087207e-01  1.000000 0.000000 0.000000  0.707107 -0.707107 0.000000
2451545.031344  8.7043856251e-01  1.000000 0.000000 0.000000  0.707107 -0.707107 0.000000
2451545.032011  8.6561935030e-01  1.000000 0.000000 0.000000  0.707107 -0.707107 0.000000
2451545.032678  8.6415285705e-01  1.000000 0.000000 0.000000  0.707107 -0.707107 0.000000
2451545.033345  8.5986675091e-01  1.000000 0.000000 0.000000  0.707107 -0.707107 0.000000
2451545.034012  8.5784394890e-01  1.000000 0.000000 0.000000  0.707107 -0.707107 0.000000
2451545.034679  8.5493138632e-01  1.000000 0.000000 0.000000  0.707107 -0.707107 0.000000
2451545.035345  8.5098019084e-01  1.000000 0.000000 0.000000  0.707107 -0.707107 0.000000
2451545.036012  8.4940067132e-01  1.000000 0.000000 0.000000  0.707107 -0.707107 0.000000
2451545.036679  8.4689783765e-01  1.000000 0.000000 0.000000  0.707107 -0.707107 0.000000
2451545.037346  8.4500667963e-01  1.000000 0.000000 0.000000  0.707107 -0.707107 0.000000
2451545.038013  8.4486273960e-01  1.000000 0.000000 0.000000  0.707107 -0.707107 0.000000
2451545.038680  8.4370211891e-01  1.000000 0.000000 0.000000  0.707107 -0.707107 0.000000
2451545.039347  8.4655598008e-01  1.000000 0.000000 0.000000  0.707107 -0.707107 0.000000
2451545.040014  8.4615507375e-01  1.000000 0.000000 0.000000  0.707107 -0.707107 0.000000
2451545.040681  8.4759100059e-01  1.000000 0.000000 0.000000  0.707107 -0.707107 0.000000
2451545.041348  8.5074364846e-01  1.000000 0.000000 0.000000  0.707107 -0.707107 0.000000
2451545.042014  8.5410914974e-01  1.000000 0.000000 0.000000  0.707107 -0.707107 0.000000
2451545.042681  8.5879136884e-01  1.000000 0.000000 0.000000  0.707107 -0.707107 0.000000
2451545.043348  8.6260237562e-01  1.000000 0.000000 0.000000  0.707107 -0.707107 0.000000
2451545.044015  8.6851933896e-01  1.000000 0.000000 0.000000  0.707107 -0.707107 0.000000
2451545.044682  8.7393341530e-01  1.000000 0.000000 0.000000  0.707107 -0.707107 0.000000
2451545.045349  8.8295370344e-01  1.000000 0.000000 0.000000  0.707107 -0.707107 0.000000
2451545.046016  8.8768274473e-01  1.000000 0.000000 0.000000  0.707107 -0.707107 0.000000
2451545.046683  8.9232501908e-01  1.000000 0.000000 0.000000  0.707107 -0.707107 0.000000
2451545.047350  8.9821829344e-01  1.000000 0.000000 0.000000  0.707107 -0.707107 0.000000
2451545.048017  9.0385619931e-01  1.000000 0.000000 0.000000  0.707107 -0.707107 0.000000
2451545.048683  9.1270288410e-01  1.000000 0.000000 0.000000  0.707107 -0.707107 0.000000
2451545.049350  9.1675328149e-01  1.000000 0.000000 0.000000  0.707107 -0.707107 0.000000
2451545.050017  9.2183501753e-01  1.000000 0.000000 0.000000  0.707107 -0.707107 0.000000
2451545.050684  9.3015644626e-01  1.000000 0.000000 0.000000  0.707107 -0.707107 0.000000
2451545.051351  9.3739026636e-01  1.000000 0.000000 0.000000  0.707107 -0.707107 0.000000
2451545.052018  9.4298593499e-01  1.000000 0.000000 0.000000  0.707107 -0.707107 0.000000
2451545.052685  9.5049728424e-01  1.000000 0.000000 0.000000  0.707107 -0.707107 0.000000
2451545.053352  9.5633171826e-01  1.000000 0.000000 0.000000  0.707107 -0.707107 0.000000
2451545.054019  9.6169160868e-01  1.000000 0.000000 0.000000  0.707107 -0.707107 0.000000
2451545.054685  9.7278374404e-01  1.000000 0.000000 0.000000  0.707107 -0.707107 0.000000
2451545.055352  9.7867993611e-01  1.000000 0.000000 0.000000  0.707107 -0.707107 0.000000
2451545.056019  9.8340508712e-01  1.000000 0.000000 0.000000  0.707107 -0.707107 0.000000
2451545.056686  9.9370534391e-01  1.000000 0.000000 0.000000  0.707107 -0.707107 0.000000
2451545.057353  9.9992338644e-01  1.000000 0.000000 0.000000  0.707107 -0.707107 0.000000
2451545.058020  1.0057264204e+00  1.000000 0.000000 0.000000  0.707107 -0.707107 0.000000
2451545.058687  1.0129958087e+00  1.000000 0.000000 0.000000  0.707107 -0.707107 0.000000
2451545.059354  1.0186894983e+00  1.000000 0.000000 0.000000  0.707107 -0.707107 0.000000
2451545.060021  1.0244675928e+00  1.000000 0.000000 0.000000  0.707107 -0.707107 0.000000
2451545.060688  1.0363058266e+00  1.000000 0.000000 0.000000  0.707107 -0.707107 0.000000
2451545.061354  1.0445472964e+00  1.000000 0.000000 0.000000  0.707107 -0.707107 0.000000
2451545.062021  1.0524011284e+00  1.000000 0.000000 0.000000  0.707107 -0.707107 0.000000
2451545.062688  1.0601697913e+00  1.000000 0.000000 0.000000  0.707107 -0.707107 0.000000
2451545.063355  1.0669604678e+00  1.000000 0.000000 0.000000  0.707107 -0.707107 0.000000
2451545.064022  1.0736026889e+00  1.000000 0.000000 0.000000  0.707107 -0.707107 0.000000
2451545.064689  1.0817544045e+00  1.000000 0.000000 0.000000  0.707107 -0.707107 0.000000
2451545.065356  1.0867870954e+00  1.000000 0.000000 0.000000  0.707107 -0.707107 0.000000
2451545.066023  1.0923967273e+00  1.000000 0.000000 0.000000  0.707107 -0.707107 0.000000
2451545.066690  1.1010375056e+00  1.000000 0.000000 0.000000  0.707107 -0.707107 0.000000
2451545.067356  1.1049000585e+00  1.000000 0.000000 0.000000  0.707107 -0.707107 0.000000
2451545.068023  1.1095520585e+00  1.000000 0.000000 0.000000  0.707107 -0.707107 0.000000
2451545.068690  1.1145609214e+00  1.000000 0.000000 0.000000  0.707107 -0.707107 0.000000
2451545.069357  1.1189688764e+00  1.000000 0.000000 0.000000  0.707107 -0.707107 0.000000
2451545.070024  1.1229014542e+00  1.000000 0.000000 0.000000  0.707107 -0.707107 0.000000
2451545.070691  1.1267835279e+00  1.000000 0.000000 0.000000  0.707107 -0.707107 0.000000
2451545.071358  1.1304553185e+00  1.000000 0.000000 0.000000  0.707107 -0.707107 0.000000
2451545.072025  1.1370753789e+00  1.000000 0.000000 0.000000  0.707107 -0.707107 0.000000
2451545.072692  1.1398892953e+00  1.000000 0.000000 0.000000  0.707107 -0.707107 0.000000
2451545.073359  1.1419660054e+00  1.000000 0.000000 0.000000  0.707107 -0.707107 0.000000
2451545.074025  1.1409633575e+00  1.000000 0.000000 0.000000  0.707107 -0.707107 0.000000
2451545.074692  1.1426504847e+00  1.000000 0.000000 0.000000  0.707107 -0.707107 0.000000
2451545.075359  1.1444242398e+00  1.000000 0.000000 0.000000  0.707107 -0.707107 0.000000
2451545.076026  1.1467408268e+00  1.000000 0.000000 0.000000  0.707107 -0.707107 0.000000
2451545.076693  1.1467400626e+00  1.000000 0.000000 0.000000  0.707107 -0.707107 0.000000
2451545.077360  1.1458379366e+00  1.000000 0.000000 0.000000  0.707107 -0.707107 0.000000
2451545.078027  1.1436848799e+00  1.000000 0.000000 0.000000  0.707107 -0.707107 0.000000
2451545.078694  1.1443419189e+00  1.000000 0.000000 0.000000  0.707107 -0.707107 0.000000
2451545.079361  1.1421127936e+00  1.000000 0.000000 0.000000  0.707107 -0.707107 0.000000
2451545.080028  1.1393200653e+00  1.000000 0.000000 0.000000  0.707107 -0.707107 0.000000
2451545.080694  1.1373882678e+00  1.000000 0.000000 0.000000  0.707107 -0.707107 0.000000
2451545.081361  1.1356700185e+00  1.000000 0.000000 0.000000  0.707107 -0.707107 0.000000
2451545.082028  1.1359277489e+00  1.000000 0.000000 0.000000  0.707107 -0.707107 0.000000
2451545.082695  1.1343292643e+00  1.000000 0.000000 0.000000  0.707107 -0.707107 0.000000
2451545.083362  1.1326042070e+00  1.000000 0.000000 0.000000  0.707107 -0.707107 0.000000
2451545.084029  1.1271793629e+00  1.000000 0.000000 0.000000  0.707107 -0.707107 0.000000
2451545.084696  1.1241883697e+00  1.000000 0.000000 0.000000  0.707107 -0.707107 0.000000
2451545.085363  1.1239921889e+00  1.000000 0.000000 0.000000  0.707107 -0.707107 0.000000
2451545.086030  1.1172917528e+00  1.000000 0.000000 0.000000  0.707107 -0.707107 0.000000
2451545.086696  1.1139159006e+00  1.000000 0.000000 0.000000  0.707107 -0.707107 0.000000
2451545.087363  1.1114965688e+00  1.000000 0.000000 0.000000  0.707107 -0.707107 0.000000
2451545.088030  1.1071415493e+00  1.000000 0.000000 0.000000  0.707107 -0.707107 0.000000
2451545.088697  1.1045884894e+00  1.000000 0.000000 0.000000  0.707107 -0.707107 0.000000
2451545.089364  1.1005246150e+00  1.000000 0.000000 0.000000  0.707107 -0.707107 0.000000
2451545.090031  1.0934148668e+00  1.000000 0.000000 0.000000  0.707107 -0.707107 0.000000
2451545.090698  1.0907515594e+00  1.000000 0.000000 0.000000  0.707107 -0.707107 0.000000
2451545.091365  1.0847365057e+00  1.000000 0.000000 0.000000  0.707107 -0.707107 0.000000
2451545.092032  1.0813060508e+00  1.000000 0.000000 0.000000  0.707107 -0.707107 0.000000
2451545.092699  1.0797898871e+00  1.000000 0.000000 0.000000  0.707107 -0.707107 0.000000
2451545.093365  1.0765159461e+00  1.000000 0.000000 0.000000  0.707107 -0.707107 0.000000
2451545.094032  1.0739626779e+00  1.000000 0.000000 0.000000  0.707107 -0.707107 0.000000
2451545.094699  1.0698692791e+00  1.000000 0.000000 0.000000  0.707107 -0.707107 0.000000
2451545.095366  1.0690677443e+00  1.000000 0.000000 0.000000  0.707107 -0.707107 0.000000
2451545.096033  1.0645354396e+00  1.000000 0.000000 0.000000  0.707107 -0.707107 0.000000
2451545.096700  1.0643082756e+00  1.000000 0.000000 0.000000  0.707107 -0.707107 0.000000
2451545.097367  1.0627849566e+00  1.000000 0.000000 0.000000  0.707107 -0.707107 0.000000
2451545.098034  1.0594715571e+00  1.000000 0.000000 0.000000  0.707107 -0.707107 0.000000
2451545.098701  1.0575248933e+00  1.000000 0.000000 0.000000  0.707107 -0.707107 0.000000
2451545.099367  1.0546486630e+00  1.000000 0.000000 0.000000  0.707107 -0.707107 0.000000
2451545.100034  1.0529331925e+00  1.000000 0.000000 0.000000  0.707107 -0.707107 0.000000
2451545.100701  1.0498204893e+00  1.000000 0.000000 0.000000  0.707107 -0.707107 0.000000
2451545.101368  1.0416586312e+00  1.000000 0.000000 0.000000  0.707107 -0.707107 0.000000
2451545.102035  1.0396163778e+00  1.000000 0.000000 0.000000  0.707107 -0.707107 0.000000
2451545.102702  1.0368430314e+00  1.000000 0.000000 0.000000  0.707107 -0.707107 0.000000
2451545.103369  1.0358312830e+00  1.000000 0.000000 0.000000  0.707107 -0.707107 0.000000
2451545.104036  1.0317816498e+00  1.000000 0.000000 0.000000  0.707107 -0.707107 0.000000
2451545.104703  1.0274750502e+00  1.000000 0.000000 0.000000  0.707107 -0.707107 0.000000
2451545.105370  1.0201984372e+00  1.000000 0.000000 0.000000  0.707107 -0.707107 0.000000
2451545.106036  1.0176688579e+00  1.000000 0.000000 0.000000  0.707107 -0.707107 0.000000
2451545.106703  1.0154925986e+00  1.000000 0.000000 0.000000  0.707107 -0.707107 0.000000
2451545.107370  1.0087639580e+00  1.000000 0.000000 0.000000  0.707107 -0.707107 0.000000
2451545.108037  1.0054424306e+00  1.000000 0.000000 0.000000  0.707107 -0.707107 0.000000
2451545.108704  1.0019320862e+00  1.000000 0.000000 0.000000  0.707107 -0.707107 0.000000
2451545.109371  1.0001172748e+00  1.000000 0.000000 0.000000  0.707107 -0.707107 0.000000
2451545.110038  9.9728154505e-01  1.000000 0.000000 0.000000  0.707107 -0.707107 0.000000
2451545.110705  9.9319405114e-01  1.000000 0.000000 0.000000  0.707107 -0.707107 0.000000
2451545.111372  9.8594515625e-01  1.000000 0.000000 0.000000  0.707107 -0.707107 0.000000
2451545.112039  9.8133386513e-01  1.000000 0.000000 0.000000  0.707107 -0.707107 0.000000
2451545.112705  9.7757919781e-01  1.000000 0.000000 0.000000  0.707107 -0.707107 0.000000
2451545.113372  9.7159943438e-01  1.000000 0.000000 0.000000  0.707107 -0.707107 0.000000
2451545.114039  9.6614291240e-01  1.000000 0.000000 0.000000  0.707107 -0.707107 0.000000
2451545.114706  9.6299957339e-01  1.000000 0.000000 0.000000  0.707107 -0.707107 0.000000
2451545.115373  9.5788852138e-01  1.000000 0.000000 0.000000  0.707107 -0.707107 0.000000
2451545.116040  9.5411537527e-01  1.000000 0.000000 0.000000  0.707107 -0.707107 0.000000
2451545.116707  9.4958835020e-01  1.000000 0.000000 0.000000  0.707107 -0.707107 0.000000
2451545.117374  9.4421713631e-01  1.000000 0.000000 0.000000  0.707107 -0.707107 0.000000
2451545.118041  9.4418705618e-01  1.000000 0.000000 0.000000  0.707107 -0.707107 0.000000
2451545.118707  9.4164768175e-01  1.000000 0.000000 0.000000  0.707107 -0.707107 0.000000
2451545.119374  9.4197856319e-01  1.000000 0.000000 0.000000  0.707107 -0.707107 0.000000
2451545.120041  9.3937652761e-01  1.000000 0.000000 0.000000  0.707107 -0.707107 0.000000
2451545.120708  9.3663444227e-01  1.000000 0.000000 0.000000  0.707107 -0.707107 0.000000
2451545.121375  9.3450750603e-01  1.000000 0.000000 0.000000  0.707107 -0.707107 0.000000
2451545.122042  9.3010906832e-01  1.000000 0.000000 0.000000  0.707107 -0.707107 0.000000
2451545.122709  9.2706249980e-01  1.000000 0.000000 0.000000  0.707107 -0.707107 0.000000
2451545.123376  9.2402141934e-01  1.000000 0.000000 0.000000  0.707107 -0.707107 0.000000
2451545.124043  9.2222730969e-01  1.000000 0.000000 0.000000  0.707107 -0.707107 0.000000
2451545.124710  9.1976303138e-01  1.000000 0.000000 0.000000  0.707107 -0.707107 0.000000
2451545.125376  9.1773189307e-01  1.000000 0.000000 0.000000  0.707107 -0.707107 0.000000
2451545.126043  9.1494868201e-01  1.000000 0.000000 0.000000  0.707107 -0.707107 0.000000
2451545.126710  9.1072871048e-01  1.000000 0.000000 0.000000  0.707107 -0.707107 0.000000
2451545.127377  9.0853501441e-01  1.000000 0.000000 0.000000  0.707107 -0.707107 0.000000
2451545.128044  9.0787012541e-01  1.000000 0.000000 0.000000  0.707107 -0.707107 0.000000
2451545.128711  9.0106673602e-01  1.000000 0.000000 0.000000  0.707107 -0.707107 0.000000
2451545.129378  9.0000920751e-01  1.000000 0.000000 0.000000  0.707107 -0.707107 0.000000
2451545.130045  8.9586197016e-01  1.000000 0.000000 0.000000  0.707107 -0.707107 0.000000
2451545.130712  8.9601341285e-01  1.000000 0.000000 0.000000  0.707107 -0.707107 0.000000
2451545.131378  8.9327473150e-01  1.000000 0.000000 0.000000  0.707107 -0.707107 0.000000
2451545.132045  8.9018467530e-01  1.000000 0.000000 0.000000  0.707107 -0.707107 0.000000
2451545.132712  8.8468751389e-01  1.000000 0.000000 0.000000  0.707107 -0.707107 0.000000
2451545.133379  8.8122447796e-01  1.000000 0.000000 0.000000  0.707107 -0.707107 0.000000
2451545.134046  8.7994048010e-01  1.000000 0.000000 0.000000  0.707107 -0.707107 0.000000
2451545.134713  8.7446874439e-01  1.000000 0.000000 0.000000  0.707107 -0.707107 0.000000
2451545.135380  8.7044599571e-01  1.000000 0.000000 0.000000  0.707107 -0.707107 0.000000
2451545.136047  8.6750807690e-01  1.000000 0.000000 0.000000  0.707107 -0.707107 0.000000
2451545.136714  8.6277521481e-01  1.000000 0.000000 0.000000  0.707107 -0.707107 0.000000
2451545.137381  8.6014817034e-01  1.000000 0.000000 0.000000  0.707107 -0.707107 0.000000
2451545.138047  8.5579467915e-01  1.000000 0.000000 0.000000  0.707107 -0.707107 0.000000
2451545.138714  8.4860351310e-01  1.000000 0.000000 0.000000  0.707107 -0.707107 0.000000
2451545.139381  8.4413331378e-01  1.000000 0.000000 0.000000  0.707107 -0.707107 0.000000
2451545.140048  8.4119108788e-01  1.000000 0.000000 0.000000  0.707107 -0.707107 0.000000
2451545.140715  8.3461687714e-01  1.000000 0.000000 0.000000  0.707107 -0.707107 0.000000
2451545.141382  8.3084386996e-01  1.000000 0.000000 0.000000  0.707107 -0.707107 0.000000
2451545.142049  8.2841272843e-01  1.000000 0.000000 0.000000  0.707107 -0.707107 0.000000
2451545.142716  8.2377330232e-01  1.000000 0.000000 0.000000  0.707107 -0.707107 0.000000
2451545.143383  8.1965211588e-01  1.000000 0.000000 0.000000  0.707107 -0.707107 0.000000
2451545.144050  8.1302448338e-01  1.000000 0.000000 0.000000  0.707107 -0.707107 0.000000
2451545.144716  8.1048080186e-01  1.000000 0.000000 0.000000  0.707107 -0.707107 0.000000
2451545.145383  8.0844452284e-01  1.000000 0.000000 0.000000  0.707107 -0.707107 0.000000
2451545.146050  8.1032081447e-01  1.000000 0.000000 0.000000  0.707107 -0.707107 0.000000
2451545.146717  8.1121752195e-01  1.000000 0.000000 0.000000  0.707107 -0.707107 0.000000
2451545.147384  8.1475836330e-01  1.000000 0.000000 0.000000  0.707107 -0.707107 0.000000
2451545.148051  8.2055556187e-01  1.000000 0.000000 0.000000  0.707107 -0.707107 0.000000
2451545.148718  8.2442596476e-01  1.000000 0.000000 0.000000  0.707107 -0.707107 0.000000
2451545.149385  8.2862002430e-01  1.000000 0.000000 0.000000  0.707107 -0.707107 0.000000
2451545.150052  8.3602855925e-01  1.000000 0.000000 0.000000  0.707107 -0.707107 0.000000
2451545.150718  8.4310711585e-01  1.000000 0.000000 0.000000  0.707107 -0.707107 0.000000
2451545.151385  8.4949070331e-01  1.000000 0.000000 0.000000  0.707107 -0.707107 0.000000
2451545.152052  8.6026355856e-01  1.000000 0.000000 0.000000  0.707107 -0.707107 0.000000
2451545.152719  8.6629264507e-01  1.000000 0.000000 0.000000  0.707107 -0.707107 0.000000
2451545.153386  8.7073985011e-01  1.000000 0.000000 0.000000  0.707107 -0.707107 0.000000
2451545.154053  8.8026941641e-01  1.000000 0.000000 0.000000  0.707107 -0.707107 0.000000
2451545.154720  8.8620485854e-01  1.000000 0.000000 0.000000  0.707107 -0.707107 0.000000
2451545.155387  8.9213404845e-01  1.000000 0.000000 0.000000  0.707107 -0.707107 0.000000
2451545.156054  8.9758445714e-01  1.000000 0.000000 0.000000  0.707107 -0.707107 0.000000
2451545.156721  9.0172912414e-01  1.000000 0.000000 0.000000  0.707107 -0.707107 0.000000
2451545.157387  9.0720315233e-01  1.000000 0.000000 0.000000  0.707107 -0.707107 0.000000
2451545.158054  9.1622878959e-01  1.000000 0.000000 0.000000  0.707107 -0.707107 0.000000
2451545.158721  9.2093969944e-01  1.000000 0.000000 0.000000  0.707107 -0.707107 0.000000
2451545.159388  9.2529513576e-01  1.000000 0.000000 0.000000  0.707107 -0.707107 0.000000
2451545.160055  9.2881916559e-01  1.000000 0.000000 0.000000  0.707107 -0.707107 0.000000
2451545.160722  9.3228352143e-01  1.000000 0.000000 0.000000  0.707107 -0.707107 0.000000
2451545.161389  9.3731183571e-01  1.000000 0.000000 0.000000  0.707107 -0.707107 0.000000
2451545.162056  9.4214980459e-01  1.000000 0.000000 0.000000  0.707107 -0.707107 0.000000
2451545.162723  9.4585799707e-01  1.000000 0.000000 0.000000  0.707107 -0.707107 0.000000
2451545.163389  9.4974250219e-01  1.000000 0.000000 0.000000  0.707107 -0.707107 0.000000
2451545.164056  9.5448585412e-01  1.000000 0.000000 0.000000  0.707107 -0.707107 0.000000
2451545.164723  9.5869172341e-01  1.000000 0.000000 0.000000  0.707107 -0.707107 0.000000
2451545.165390  9.6162054177e-01  1.000000 0.000000 0.000000  0.707107 -0.707107 0.000000
2451545.166057  9.6421910390e-01  1.000000 0.000000 0.000000  0.707107 -0.707107 0.000000
2451545.166724  9.6664274276e-01  1.000000 0.000000 0.000000  0.707107 -0.707107 0.000000
2451545.167391  9.6811222319e-01  1.000000 0.000000 0.000000  0.707107 -0.707107 0.000000
2451545.168058  9.7359861689e-01  1.000000 0.000000 0.000000  0.707107 -0.707107 0.000000
2451545.168725  9.7664365709e-01  1.000000 0.000000 0.000000  0.707107 -0.707107 0.000000
2451545.169392  9.8234714180e-01  1.000000 0.000000 0.000000  0.707107 -0.707107 0.000000
2451545.170058  9.8563122527e-01  1.000000 0.000000 0.000000  0.707107 -0.707107 0.000000
2451545.170725  9.8954004458e-01  1.000000 0.000000 0.000000  0.707107 -0.707107 0.000000
2451545.171392  9.9562213604e-01  1.000000 0.000000 0.000000  0.707107 -0.707107 0.000000
2451545.172059  1.0005600710e+00  1.000000 0.000000 0.000000  0.707107 -0.707107 0.000000
2451545.172726  1.0054346501e+00  1.000000 0.000000 0.000000  0.707107 -0.707107 0.000000
2451545.173393  1.0144520205e+00  1.000000 0.000000 0.000000  0.707107 -0.707107 0.000000
2451545.174060  1.0173933433e+00  1.000000 0.000000 0.000000  0.707107 -0.707107 0.000000
2451545.174727  1.0217407212e+00  1.000000 0.000000 0.000000  0.707107 -0.707107 0.000000
2451545.175394  1.0282847824e+00  1.000000 0.000000 0.000000  0.707107 -0.707107 0.000000
2451545.176061  1.0306447875e+00  1.000000 0.000000 0.000000  0.707107 -0.707107 0.000000
2451545.176727  1.0347001172e+00  1.000000 0.000000 0.000000  0.707107 -0.707107 0.000000
2451545.177394  1.0353869585e+00  1.000000 0.000000 0.000000  0.707107 -0.707107 0.000000
2451545.178061  1.0398125586e+00  1.000000 0.000000 0.000000  0.707107 -0.707107 0.000000
2451545.178728  1.0417758951e+00  1.000000 0.000000 0.000000  0.707107 -0.707107 0.000000
2451545.179395  1.0469369648e+00  1.000000 0.000000 0.000000  0.707107 -0.707107 0.000000
2451545.180062  1.0502590479e+00  1.000000 0.000000 0.000000  0.707107 -0.707107 0.000000
2451545.180729  1.0519457583e+00  1.000000 0.000000 0.000000  0.707107 -0.707107 0.000000
2451545.181396  1.0533830050e+00  1.000000 0.000000 0.000000  0.707107 -0.707107 0.000000
2451545.182063  1.0546890246e+00  1.000000 0.000000 0.000000  0.707107 -0.707107 0.000000
2451545.182729  1.0586530024e+00  1.000000 0.000000 0.000000  0.707107 -0.707107 0.000000
2451545.183396  1.0594810049e+00  1.000000 0.000000 0.000000  0.707107 -0.707107 0.000000
2451545.184063  1.0616769935e+00  1.000000 0.000000 0.000000  0.707107 -0.707107 0.000000
2451545.184730  1.0632403267e+00  1.000000 0.000000 0.000000  0.707107 -0.707107 0.000000
2451545.185397  1.0679779821e+00  1.000000 0.000000 0.000000  0.707107 -0.707107 0.000000
2451545.186064  1.0705265265e+00  1.000000 0.000000 0.000000  0.707107 -0.707107 0.000000
2451545.186731  1.0720139994e+00  1.000000 0.000000 0.000000  0.707107 -0.707107 0.000000
2451545.187398  1.0711443154e+00  1.000000 0.000000 0.000000  0.707107 -0.707107 0.000000
2451545.188065  1.0733074451e+00  1.000000 0.000000 0.000000  0.707107 -0.707107 0.000000
2451545.188732  1.0738536808e+00  1.000000 0.000000 0.000000  0.707107 -0.707107 0.000000
2451545.189398  1.0765941684e+00  1.000000 0.000000 0.000000  0.707107 -0.707107 0.000000
2451545.190065  1.0774940020e+00  1.000000 0.000000 0.000000  0.707107 -0.707107 0.000000
2451545.190732  1.0792861665e+00  1.000000 0.000000 0.000000  0.707107 -0.707107 0.000000
2451545.191399  1.0831574030e+00  1.000000 0.000000 0.000000  0.707107 -0.707107 0.000000
2451545.192066  1.0857723598e+00  1.000000 0.000000 0.000000  0.707107 -0.707107 0.000000
2451545.192733  1.0887930858e+00  1.000000 0.000000 0.000000  0.707107 -0.707107 0.000000
2451545.193400  1.0913259302e+00  1.000000 0.000000 0.000000  0.707107 -0.707107 0.000000
2451545.194067  1.0955429145e+00  1.000000 0.000000 0.000000  0.707107 -0.707107 0.000000
2451545.194734  1.1022279980e+00  1.000000 0.000000 0.000000  0.707107 -0.707107 0.000000
2451545.195400  1.1067079230e+00  1.000000 0.000000 0.000000  0.707107 -0.707107 0.000000
2451545.196067  1.1106316087e+00  1.000000 0.000000 0.000000  0.707107 -0.707107 0.000000
2451545.196734  1.1163038323e+00  1.000000 0.000000 0.000000  0.707107 -0.707107 0.000000
2451545.197401  1.1196435606e+00  1.000000 0.000000 0.000000  0.707107 -0.707107 0.000000
2451545.198068  1.1230374747e+00  1.000000 0.000000 0.000000  0.707107 -0.707107 0.000000
2451545.198735  1.1271204531e+00  1.000000 0.000000 0.000000  0.707107 -0.707107 0.000000
2451545.199402  1.1293258200e+00  1.000000 0.000000 0.000000  0.707107 -0.707107 0.000000
2451545.200069  1.1323279283e+00  1.000000 0.000000 0.000000  0.707107 -0.707107 0.000000
2451545.200736  1.1381973053e+00  1.000000 0.000000 0.000000  0.707107 -0.707107 0.000000
2451545.201403  1.1398549081e+00  1.000000 0.000000 0.000000  0.707107 -0.707107 0.000000
2451545.202069  1.1439043329e+00  1.000000 0.000000 0.000000  0.707107 -0.707107 0.000000
2451545.202736  1.1463908413e+00  1.000000 0.000000 0.000000  0.707107 -0.707107 0.000000
2451545.203403  1.1468669827e+00  1.000000 0.000000 0.000000  0.707107 -0.707107 0.000000
2451545.204070  1.1508249862e+00  1.000000 0.000000 0.000000  0.707107 -0.707107 0.000000
2451545.204737  1.1516276325e+00  1.000000 0.000000 0.000000  0.707107 -0.707107 0.000000
2451545.205404  1.1547905618e+00  1.000000 0.000000 0.000000  0.707107 -0.707107 0.000000
2451545.206071  1.1569995410e+00  1.000000 0.000000 0.000000  0.707107 -0.707107 0.000000
2451545.206738  1.1631871561e+00  1.000000 0.000000 0.000000  0.707107 -0.707107 0.000000
2451545.207405  1.1678060888e+00  1.000000 0.000000 0.000000  0.707107 -0.707107 0.000000
2451545.208072  1.1711756193e+00  1.000000 0.000000 0.000000  0.707107 -0.707107 0.000000
2451545.208738  1.1756952807e+00  1.000000 0.000000 0.000000  0.707107 -0.707107 0.000000
2451545.209405  1.1778854338e+00  1.000000 0.000000 0.000000  0.707107 -0.707107 0.000000
2451545.210072  1.1811243623e+00  1.000000 0.000000 0.000000  0.707107 -0.707107 0.000000
2451545.210739  1.1831341041e+00  1.000000 0.000000 0.000000  0.707107 -0.707107 0.000000
2451545.211406  1.1853601033e+00  1.000000 0.000000 0.000000  0.707107 -0.707107 0.000000
2451545.212073  1.1869169759e+00  1.000000 0.000000 0.000000  0.707107 -0.707107 0.000000
2451545.212740  1.1898755271e+00  1.000000 0.000000 0.000000  0.707107 -0.707107 0.000000
2451545.213407  1.1912453888e+00  1.000000 0.000000 0.000000  0.707107 -0.707107 0.000000
2451545.214074  1.1912897795e+00  1.000000 0.000000 0.000000  0.707107 -0.707107 0.000000
2451545.214740  1.1879539416e+00  1.000000 0.000000 0.000000  0.707107 -0.707107 0.000000
2451545.215407  1.1875014197e+00  1.000000 0.000000 0.000000  0.707107 -0.707107 0.000000
2451545.216074  1.1876789133e+00  1.000000 0.000000 0.000000  0.707107 -0.707107 0.000000
2451545.216741  1.1857533681e+00  1.000000 0.000000 0.000000  0.707107 -0.707107 0.000000
2451545.217408  1.1851572535e+00  1.000000 0.000000 0.000000  0.707107 -0.707107 0.000000
2451545.218075  1.1786559159e+00  1.000000 0.000000 0.000000  0.707107 -0.707107 0.000000
2451545.218742  1.1751166723e+00  1.000000 0.000000 0.000000  0.707107 -0.707107 0.000000
2451545.219409  1.1734778956e+00  1.000000 0.000000 0.000000  0.707107 -0.707107 0.000000
2451545.220076  1.1655097869e+00  1.000000 0.000000 0.000000  0.707107 -0.707107 0.000000
2451545.220743  1.1615111440e+00  1.000000 0.000000 0.000000  0.707107 -0.707107 0.000000
2451545.221409  1.1574892984e+00  1.000000 0.000000 0.000000  0.707107 -0.707107 0.000000
2451545.222076  1.1512133186e+00  1.000000 0.000000 0.000000  0.707107 -0.707107 0.000000
2451545.222743  1.1452052118e+00  1.000000 0.000000 0.000000  0.707107 -0.707107 0.000000
2451545.223410  1.1401798847e+00  1.000000 0.000000 0.000000  0.707107 -0.707107 0.000000
2451545.224077  1.1288764937e+00  1.000000 0.000000 0.000000  0.707107 -0.707107 0.000000
2451545.224744  1.1205096321e+00  1.000000 0.000000 0.000000  0.707107 -0.707107 0.000000
2451545.225411  1.1138166292e+00  1.000000 0.000000 0.000000  0.707107 -0.707107 0.000000
2451545.226078  1.1024186908e+00  1.000000 0.000000 0.000000  0.707107 -0.707107 0.000000
2451545.226745  1.0945492282e+00  1.000000 0.000000 0.000000  0.707107 -0.707107 0.000000
2451545.227411  1.0862518357e+00  1.000000 0.000000 0.000000  0.707107 -0.707107 0.000000
2451545.228078  1.0747484432e+00  1.000000 0.000000 0.000000  0.707107 -0.707107 0.000000
2451545.228745  1.0646341552e+00  1.000000 0.000000 0.000000  0.707107 -0.707107 0.000000
2451545.229412  1.0567460054e+00  1.000000 0.000000 0.000000  0.707107 -0.707107 0.000000
2451545.230079  1.0418276496e+00  1.000000 0.000000 0.000000  0.707107 -0.707107 0.000000
2451545.230746  1.0324360489e+00  1.000000 0.000000 0.000000  0.707107 -0.707107 0.000000
2451545.231413  1.0237249679e+00  1.000000 0.000000 0.000000  0.707107 -0.707107 0.000000
2451545.232080  1.0101918264e+00  1.000000 0.000000 0.000000  0.707107 -0.707107 0.000000
2451545.232747  1.0035962886e+00  1.000000 0.000000 0.000000  0.707107 -0.707107 0.000000
2451545.233414  9.9461198548e-01  1.000000 0.000000 0.000000  0.707107 -0.707107 0.000000
2451545.234080  9.8420495464e-01  1.000000 0.000000 0.000000  0.707107 -0.707107 0.000000
2451545.234747  9.8151761097e-01  1.000000 0.000000 0.000000  0.707107 -0.707107 0.000000
2451545.235414  9.8034629204e-01  1.000000 0.000000 0.000000  0.707107 -0.707107 0.000000
2451545.236081  9.8071600672e-01  1.000000 0.000000 0.000000  0.707107 -0.707107 0.000000
2451545.236748  9.8100930537e-01  1.000000 0.000000 0.000000  0.707107 -0.707107 0.000000
2451545.237415  9.8216131189e-01  1.000000 0.000000 0.000000  0.707107 -0.707107 0.000000
2451545.238082  9.8418793471e-01  1.000000 0.000000 0.000000  0.707107 -0.707107 0.000000
2451545.238749  9.8409963945e-01  1.000000 0.000000 0.000000  0.707107 -0.707107 0.000000
2451545.239416  9.8367969858e-01  1.000000 0.000000 0.000000  0.707107 -0.707107 0.000000
360  1
2451545.000000  9.9217481401e-01  1.000000 0.000000 0.000000  0.707107 -0.707107 0.000000
2451545.000667  9.9087719674e-01  1.000000 0.000000 0.000000  0.707107 -0.707107 0.000000
2451545.001334  9.9123596872e-01  1.000000 0.000000 0.000000  0.707107 -0.707107 0.000000
2451545.002001  9.9250317537e-01  1.000000 0.000000 0.000000  0.707107 -0.707107 0.000000
2451545.002668  9.8962449925e-01  1.000000 0.000000 0.000000  0.707107 -0.707107 0.000000
2451545.003334  9.8723473787e-01  1.000000 0.000000 0.000000  0.707107 -0.707107 0.000000
2451545.004001  9.8575817428e-01  1.000000 0.000000 0.000000  0.707107 -0.707107 0.000000
2451545.004668  9.8524844841e-01  1.000000 0.000000 0.000000  0.707107 -0.707107 0.000000
2451545.005335  9.8323504587e-01  1.000000 0.000000 0.000000  0.707107 -0.707107 0.000000
2451545.006002  9.8151270590e-01  1.000000 0.000000 0.000000  0.707107 -0.707107 0.000000
2451545.006669  9.7915474743e-01  1.000000 0.000000 0.000000  0.707107 -0.707107 0.000000
2451545.007336  9.7743966203e-01  1.000000 0.000000 0.000000  0.707107 -0.707107 0.000000
2451545.008003  9.7220661809e-01  1.000000 0.000000 0.000000  0.707107 -0.707107 0.000000
2451545.008670  9.6915353892e-01  1.000000 0.000000 0.000000  0.707107 -0.707107 0.000000
2451545.009337  9.6732472515e-01  1.000000 0.000000 0.000000  0.707107 -0.707107 0.000000
2451545.010003  9.6450584435e-01  1.000000 0.000000 0.000000  0.707107 -0.707107 0.000000
2451545.010670  9.6178083343e-01  1.000000 0.000000 0.000000  0.707107 -0.707107 0.000000
2451545.011337  9.5762154066e-01  1.000000 0.000000 0.000000  0.707107 -0.707107 0.000000
2451545.012004  9.4981524575e-01  1.000000 0.000000 0.000000  0.707107 -0.707107 0.000000
2451545.012671  9.4507111656e-01  1.000000 0.000000 0.000000  0.707107 -0.707107 0.000000
2451545.013338  9.4194703044e-01  1.000000 0.000000 0.000000  0.707107 -0.707107 0.000000
2451545.014005  9.3755397897e-01  1.000000 0.000000 0.000000  0.707107 -0.707107 0.000000
2451545.014672  9.3371520676e-01  1.000000 0.000000 0.000000  0.707107 -0.707107 0.000000
2451545.015339  9.2868001501e-01  1.000000 0.000000 0.000000  0.707107 -0.707107 0.000000
2451545.016006  9.2159185028e-01  1.000000 0.000000 0.000000  0.707107 -0.707107 0.000000
2451545.016672  9.1979821024e-01  1.000000 0.000000 0.000000  0.707107 -0.707107 0.000000
2451545.017339  9.1729369459e-01  1.000000 0.000000 0.000000  0.707107 -0.707107 0.000000
2451545.018006  9.1254201770e-01  1.000000 0.000000 0.000000  0.707107 -0.707107 0.000000
2451545.018673  9.0991871746e-01  1.000000 0.000000 0.000000  0.707107 -0.707107 0.000000
2451545.019340  9.0839217788e-01  1.000000 0.000000 0.000000  0.707107 -0.707107 0.000000
2451545.020007  9.0805326440e-01  1.000000 0.000000 0.000000  0.707107 -0.707107 0.000000
2451545.020674  9.0910928216e-01  1.000000 0.000000 0.000000  0.707107 -0.707107 0.000000
2451545.021341  9.0881638763e-01  1.000000 0.000000 0.000000  0.707107 -0.707107 0.000000
2451545.022008  9.0943031566e-01  1.000000 0.000000 0.000000  0.707107 -0.707107 0.000000
2451545.022674  9.0938114573e-01  1.000000 0.000000 0.000000  0.707107 -0.707107 0.000000
2451545.023341  9.0914203769e-01  1.000000 0.000000 0.000000  0.707107 -0.707107 0.000000
2451545.024008  9.0709925044e-01  1.000000 0.000000 0.000000  0.707107 -0.707107 0.000000
2451545.024675  9.0603018909e-01  1.000000 0.000000 0.000000  0.707107 -0.707107 0.000000
2451545.025342  9.0490726798e-01  1.000000 0.000000 0.000000  0.707107 -0.707107 0.000000
2451545.026009  9.0361998299e-01  1.000000 0.000000 0.000000  0.707107 -0.707107 0.000000
2451545.026676  9.0135303653e-01  1.000000 0.000000 0.000000  0.707107 -0.707107 0.000000
2451545.027343  8.9710170585e-01  1.000000 0.000000 0.000000  0.707107 -0.707107 0.000000
2451545.028010  8.9374598611e-01  1.000000 0.000000 0.000000  0.707107 -0.707107 0.000000
2451545.028677  8.9256451540e-01  1.000000 0.000000 0.000000  0.707107 -0.707107 0.000000
2451545.029343  8.8947208563e-01  1.000000 0.000000 0.000000  0.707107 -0.707107 0.000000
2451545.030010  8.8651939812e-01  1.000000 0.000000 0.000000  0.707107 -0.707107 0.000000
2451545.030677  8.8350068661e-01  1.000000 0.000000 0.000000  0.707107 -0.707107 0.000000
2451545.031344  8.7727317892e-01  1.000000 0.000000 0.000000  0.707107 -0.707107 0.000000
2451545.032011  8.7433265567e-01  1.000000 0.000000 0.000000  0.707107 -0.707107 0.000000
2451545.032678  8.7094454678e-01  1.000000 0.000000 0.000000  0.707107 -0.707107 0.000000
2451545.033345  8.6609372396e-01  1.000000 0.000000 0.000000  0.707107 -0.707107 0.000000
2451545.034012  8.6230771234e-01  1.000000 0.000000 0.000000  0.707107 -0.707107 0.000000
2451545.034679  8.5999408742e-01  1.000000 0.000000 0.000000  0.707107 -0.707107 0.000000
2451545.035345  8.5502777754e-01  1.000000 0.000000 0.000000  0.707107 -0.707107 0.000000
2451545.036012  8.5273261883e-01  1.000000 0.000000 0.000000  0.707107 -0.707107 0.000000
2451545.036679  8.4913068302e-01  1.000000 0.000000 0.000000  0.707107 -0.707107 0.000000
2451545.037346  8.4821176950e-01  1.000000 0.000000 0.000000  0.707107 -0.707107 0.000000
2451545.038013  8.4832491164e-01  1.000000 0.000000 0.000000  0.707107 -0.707107 0.000000
2451545.038680  8.4806345363e-01  1.000000 0.000000 0.000000  0.707107 -0.707107 0.000000
2451545.039347  8.4680144976e-01  1.000000 0.000000 0.000000  0.707107 -0.707107 0.000000
2451545.040014  8.4714402716e-01  1.000000 0.000000 0.000000  0.707107 -0.707107 0.000000
2451545.040681  8.5015914803e-01  1.000000 0.000000 0.000000  0.707107 -0.707107 0.000000
2451545.041348  8.5670886167e-01  1.000000 0.000000 0.000000  0.707107 -0.707107 0.000000
2451545.042014  8.6090867750e-01  1.000000 0.000000 0.000000  0.707107 -0.707107 0.000000
2451545.042681  8.6535610168e-01  1.000000 0.000000 0.000000  0.707107 -0.707107 0.000000
2451545.043348  8.7086613869e-01  1.000000 0.000000 0.000000  0.707107 -0.707107 0.000000
2451545.044015  8.7582915103e-01  1.000000 0.000000 0.000000  0.707107 -0.707107 0.000000
2451545.044682  8.8157983493e-01  1.000000 0.000000 0.000000  0.707107 -0.707107 0.000000
2451545.045349  8.8976776474e-01  1.000000 0.000000 0.000000  0.707107 -0.707107 0.000000
2451545.046016  8.9427315228e-01  1.000000 0.000000 0.000000  0.707107 -0.707107 0.000000
2451545.046683  8.9963340786e-01  1.000000 0.000000 0.000000  0.707107 -0.707107 0.000000
2451545.047350  9.0835040908e-01  1.000000 0.000000 0.000000  0.707107 -0.707107 0.000000
2451545.048017  9.1242286672e-01  1.000000 0.000000 0.000000  0.707107 -0.707107 0.000000
2451545.048683  9.2095615852e-01  1.000000 0.000000 0.000000  0.707107 -0.707107 0.000000
2451545.049350  9.2638793399e-01  1.000000 0.000000 0.000000  0.707107 -0.707107 0.000000
2451545.050017  9.3164222873e-01  1.000000 0.000000 0.000000  0.707107 -0.707107 0.000000
2451545.050684  9.3936249457e-01  1.000000 0.000000 0.000000  0.707107 -0.707107 0.000000
2451545.051351  9.4535382536e-01  1.000000 0.000000 0.000000  0.707107 -0.707107 0.000000
2451545.052018  9.5011532158e-01  1.000000 0.000000 0.000000  0.707107 -0.707107 0.000000
2451545.052685  9.6081443538e-01  1.000000 0.000000 0.000000  0.707107 -0.707107 0.000000
2451545.053352  9.6644882616e-01  1.000000 0.000000 0.000000  0.707107 -0.707107 0.000000
2451545.054019  9.7251482784e-01  1.000000 0.000000 0.000000  0.707107 -0.707107 0.000000
2451545.054685  9.7856566085e-01  1.000000 0.000000 0.000000  0.707107 -0.707107 0.000000
2451545.055352  9.8473659746e-01  1.000000 0.000000 0.000000  0.707107 -0.707107 0.000000
2451545.056019  9.9096271286e-01  1.000000 0.000000 0.000000  0.707107 -0.707107 0.000000
2451545.056686  1.0001940565e+00  1.000000 0.000000 0.000000  0.707107 -0.707107 0.000000
2451545.057353  1.0054180872e+00  1.000000 0.000000 0.000000  0.707107 -0.707107 0.000000
2451545.058020  1.0089248341e+00  1.000000 0.000000 0.000000  0.707107 -0.707107 0.000000
2451545.058687  1.0148623784e+00  1.000000 0.000000 0.000000  0.707107 -0.707107 0.000000
2451545.059354  1.0211462373e+00  1.000000 0.000000 0.000000  0.707107 -0.707107 0.000000
2451545.060021  1.0263367064e+00  1.000000 0.000000 0.000000  0.707107 -0.707107 0.000000
2451545.060688  1.0355551530e+00  1.000000 0.000000 0.000000  0.707107 -0.707107 0.000000
2451545.061354  1.0399775159e+00  1.000000 0.000000 0.000000  0.707107 -0.707107 0.000000
2451545.062021  1.0470209074e+00  1.000000 0.000000 0.000000  0.707107 -0.707107 0.000000
2451545.062688  1.0559661715e+00  1.000000 0.000000 0.000000  0.707107 -0.707107 0.000000
2451545.063355  1.0624527190e+00  1.000000 0.000000 0.000000  0.707107 -0.707107 0.000000
2451545.064022  1.0676446536e+00  1.000000 0.000000 0.000000  0.707107 -0.707107 0.000000
2451545.064689  1.0755376371e+00  1.000000 0.000000 0.000000  0.707107 -0.707107 0.000000
2451545.065356  1.0809412736e+00  1.000000 0.000000 0.000000  0.707107 -0.707107 0.000000
2451545.066023  1.0868304540e+00  1.000000 0.000000 0.000000  0.707107 -0.707107 0.000000
2451545.066690  1.0924580299e+00  1.000000 0.000000 0.000000  0.707107 -0.707107 0.000000
2451545.067356  1.0959661691e+00  1.000000 0.000000 0.000000  0.707107 -0.707107 0.000000
2451545.068023  1.1009411992e+00  1.000000 0.000000 0.000000  0.707107 -0.707107 0.000000
2451545.068690  1.1079341017e+00  1.000000 0.000000 0.000000  0.707107 -0.707107 0.000000
2451545.069357  1.1119919769e+00  1.000000 0.000000 0.000000  0.707107 -0.707107 0.000000
2451545.070024  1.1150507718e+00  1.000000 0.000000 0.000000  0.707107 -0.707107 0.000000
2451545.070691  1.1178921491e+00  1.000000 0.000000 0.000000  0.707107 -0.707107 0.000000
2451545.071358  1.1215245688e+00  1.000000 0.000000 0.000000  0.707107 -0.707107 0.000000
2451545.072025  1.1269500424e+00  1.000000 0.000000 0.000000  0.707107 -0.707107 0.000000
2451545.072692  1.1281924076e+00  1.000000 0.000000 0.000000  0.707107 -0.707107 0.000000
2451545.073359  1.1296189952e+00  1.000000 0.000000 0.000000  0.707107 -0.707107 0.000000
2451545.074025  1.1312758974e+00  1.000000 0.000000 0.000000  0.707107 -0.707107 0.000000
2451545.074692  1.1327149423e+00  1.000000 0.000000 0.000000  0.707107 -0.707107 0.000000
2451545.075359  1.1332621135e+00  1.000000 0.000000 0.000000  0.707107 -0.707107 0.000000
2451545.076026  1.1336987807e+00  1.000000 0.000000 0.000000  0.707107 -0.707107 0.000000
2451545.076693  1.1322732922e+00  1.000000 0.000000 0.000000  0.707107 -0.707107 0.000000
2451545.077360  1.1314610724e+00  1.000000 0.000000 0.000000  0.707107 -0.707107 0.000000
2451545.078027  1.1301223458e+00  1.000000 0.000000 0.000000  0.707107 -0.707107 0.000000
2451545.078694  1.1288113185e+00  1.000000 0.000000 0.000000  0.707107 -0.707107 0.000000
2451545.079361  1.1266538503e+00  1.000000 0.000000 0.000000  0.707107 -0.707107 0.000000
2451545.080028  1.1250158540e+00  1.000000 0.000000 0.000000  0.707107 -0.707107 0.000000
2451545.080694  1.1239931780e+00  1.000000 0.000000 0.000000  0.707107 -0.707107 0.000000
2451545.081361  1.1231161065e+00  1.000000 0.000000 0.000000  0.707107 -0.707107 0.000000
2451545.082028  1.1202000583e+00  1.000000 0.000000 0.000000  0.707107 -0.707107 0.000000
2451545.082695  1.1183078586e+00  1.000000 0.000000 0.000000  0.707107 -0.707107 0.000000
2451545.083362  1.1170232849e+00  1.000000 0.000000 0.000000  0.707107 -0.707107 0.000000
2451545.084029  1.1164453367e+00  1.000000 0.000000 0.000000  0.707107 -0.707107 0.000000
2451545.084696  1.1143191584e+00  1.000000 0.000000 0.000000  0.707107 -0.707107 0.000000
2451545.085363  1.1120100034e+00  1.000000 0.000000 0.000000  0.707107 -0.707107 0.000000
2451545.086030  1.1054454142e+00  1.000000 0.000000 0.000000  0.707107 -0.707107 0.000000
2451545.086696  1.1034993547e+00  1.000000 0.000000 0.000000  0.707107 -0.707107 0.000000
2451545.087363  1.1020735732e+00  1.000000 0.000000 0.000000  0.707107 -0.707107 0.000000
2451545.088030  1.0985140657e+00  1.000000 0.000000 0.000000  0.707107 -0.707107 0.000000
2451545.088697  1.0957271344e+00  1.000000 0.000000 0.000000  0.707107 -0.707107 0.000000
2451545.089364  1.0940037685e+00  1.000000 0.000000 0.000000  0.707107 -0.707107 0.000000
2451545.090031  1.0908047916e+00  1.000000 0.000000 0.000000  0.707107 -0.707107 0.000000
2451545.090698  1.0870157756e+00  1.000000 0.000000 0.000000  0.707107 -0.707107 0.000000
2451545.091365  1.0836307444e+00  1.000000 0.000000 0.000000  0.707107 -0.707107 0.000000
2451545.092032  1.0798306633e+00  1.000000 0.000000 0.000000  0.707107 -0.707107 0.000000
2451545.092699  1.0779868274e+00  1.000000 0.000000 0.000000  0.707107 -0.707107 0.000000
2451545.093365  1.0768584837e+00  1.000000 0.000000 0.000000  0.707107 -0.707107 0.000000
2451545.094032  1.0729288460e+00  1.000000 0.000000 0.000000  0.707107 -0.707107 0.000000
2451545.094699  1.0722989433e+00  1.000000 0.000000 0.000000  0.707107 -0.707107 0.000000
2451545.095366  1.0698221269e+00  1.000000 0.000000 0.000000  0.707107 -0.707107 0.000000
2451545.096033  1.0704747460e+00  1.000000 0.000000 0.000000  0.707107 -0.707107 0.000000
2451545.096700  1.0686068015e+00  1.000000 0.000000 0.000000  0.707107 -0.707107 0.000000
2451545.097367  1.0659569744e+00  1.000000 0.000000 0.000000  0.707107 -0.707107 0.000000
2451545.098034  1.0624365977e+00  1.000000 0.000000 0.000000  0.707107 -0.707107 0.000000
2451545.098701  1.0623444865e+00  1.000000 0.000000 0.000000  0.707107 -0.707107 0.000000
2451545.099367  1.0614789931e+00  1.000000 0.000000 0.000000  0.707107 -0.707107 0.000000
2451545.100034  1.0586143132e+00  1.000000 0.000000 0.000000  0.707107 -0.707107 0.000000
2451545.100701  1.0549686300e+00  1.000000 0.000000 0.000000  0.707107 -0.707107 0.000000
2451545.101368  1.0512103910e+00  1.000000 0.000000 0.000000  0.707107 -0.707107 0.000000
2451545.102035  1.0505458274e+00  1.000000 0.000000 0.000000  0.707107 -0.707107 0.000000
2451545.102702  1.0461260293e+00  1.000000 0.000000 0.000000  0.707107 -0.707107 0.000000
2451545.103369  1.0423400909e+00  1.000000 0.000000 0.000000  0.707107 -0.707107 0.000000
2451545.104036  1.0384309713e+00  1.000000 0.000000 0.000000  0.707107 -0.707107 0.000000
2451545.104703  1.0359183217e+00  1.000000 0.000000 0.000000  0.707107 -0.707107 0.000000
2451545.105370  1.0294196100e+00  1.000000 0.000000 0.000000  0.707107 -0.707107 0.000000
2451545.106036  1.0252295402e+00  1.000000 0.000000 0.000000  0.707107 -0.707107 0.000000
2451545.106703  1.0210517079e+00  1.000000 0.000000 0.000000  0.707107 -0.707107 0.000000
2451545.107370  1.0162386236e+00  1.000000 0.000000 0.000000  0.707107 -0.707107 0.000000
2451545.108037  1.0152651175e+00  1.000000 0.000000 0.000000  0.707107 -0.707107 0.000000
2451545.108704  1.0131143909e+00  1.000000 0.000000 0.000000  0.707107 -0.707107 0.000000
2451545.109371  1.0078614152e+00  1.000000 0.000000 0.000000  0.707107 -0.707107 0.000000
2451545.110038  1.0031222690e+00  1.000000 0.000000 0.000000  0.707107 -0.707107 0.000000
2451545.110705  1.0007995575e+00  1.000000 0.000000 0.000000  0.707107 -0.707107 0.000000
2451545.111372  9.9733868297e-01  1.000000 0.000000 0.000000  0.707107 -0.707107 0.000000
2451545.112039  9.9229902122e-01  1.000000 0.000000 0.000000  0.707107 -0.707107 0.000000
2451545.112705  9.8659142513e-01  1.000000 0.000000 0.000000  0.707107 -0.707107 0.000000
2451545.113372  9.7853898744e-01  1.000000 0.000000 0.000000  0.707107 -0.707107 0.000000
2451545.114039  9.7444007623e-01  1.000000 0.000000 0.000000  0.707107 -0.707107 0.000000
2451545.114706  9.6860321671e-01  1.000000 0.000000 0.000000  0.707107 -0.707107 0.000000
2451545.115373  9.6259327315e-01  1.000000 0.000000 0.000000  0.707107 -0.707107 0.000000
2451545.116040  9.5738001443e-01  1.000000 0.000000 0.000000  0.707107 -0.707107 0.000000
2451545.116707  9.5389693649e-01  1.000000 0.000000 0.000000  0.707107 -0.707107 0.000000
2451545.117374  9.4995608720e-01  1.000000 0.000000 0.000000  0.707107 -0.707107 0.000000
2451545.118041  9.4643483112e-01  1.000000 0.000000 0.000000  0.707107 -0.707107 0.000000
2451545.118707  9.4514989105e-01  1.000000 0.000000 0.000000  0.707107 -0.707107 0.000000
2451545.119374  9.4294369254e-01  1.000000 0.000000 0.000000  0.707107 -0.707107 0.000000
2451545.120041  9.4013668287e-01  1.000000 0.000000 0.000000  0.707107 -0.707107 0.000000
2451545.120708  9.3592404330e-01  1.000000 0.000000 0.000000  0.707107 -0.707107 0.000000
2451545.121375  9.3391708927e-01  1.000000 0.000000 0.000000  0.707107 -0.707107 0.000000
2451545.122042  9.3214404051e-01  1.000000 0.000000 0.000000  0.707107 -0.707107 0.000000
2451545.122709  9.2882459367e-01  1.000000 0.000000 0.000000  0.707107 -0.707107 0.000000
2451545.123376  9.2706378243e-01  1.000000 0.000000 0.000000  0.707107 -0.707107 0.000000
2451545.124043  9.2596775456e-01  1.000000 0.000000 0.000000  0.707107 -0.707107 0.000000
2451545.124710  9.2075969862e-01  1.000000 0.000000 0.000000  0.707107 -0.707107 0.000000
2451545.125376  9.1782232634e-01  1.000000 0.000000 0.000000  0.707107 -0.707107 0.000000
2451545.126043  9.1517315875e-01  1.000000 0.000000 0.000000  0.707107 -0.707107 0.000000
2451545.126710  9.1355758568e-01  1.000000 0.000000 0.000000  0.707107 -0.707107 0.000000
2451545.127377  9.1193959442e-01  1.000000 0.000000 0.000000  0.707107 -0.707107 0.000000
2451545.128044  9.0866858472e-01  1.000000 0.000000 0.000000  0.707107 -0.707107 0.000000
2451545.128711  9.0221281422e-01  1.000000 0.000000 0.000000  0.707107 -0.707107 0.000000
2451545.129378  9.0051560880e-01  1.000000 0.000000 0.000000  0.707107 -0.707107 0.000000
2451545.130045  8.9888032379e-01  1.000000 0.000000 0.000000  0.707107 -0.707107 0.000000
2451545.130712  8.9529384976e-01  1.000000 0.000000 0.000000  0.707107 -0.707107 0.000000
2451545.131378  8.9164113189e-01  1.000000 0.000000 0.000000  0.707107 -0.707107 0.000000
2451545.132045  8.8979304585e-01  1.000000 0.000000 0.000000  0.707107 -0.707107 0.000000
2451545.132712  8.8576074488e-01  1.000000 0.000000 0.000000  0.707107 -0.707107 0.000000
2451545.133379  8.8203181728e-01  1.000000 0.000000 0.000000  0.707107 -0.707107 0.000000
2451545.134046  8.7942170718e-01  1.000000 0.000000 0.000000  0.707107 -0.707107 0.000000
2451545.134713  8.7440783950e-01  1.000000 0.000000 0.000000  0.707107 -0.707107 0.000000
2451545.135380  8.7190456959e-01  1.000000 0.000000 0.000000  0.707107 -0.707107 0.000000
2451545.136047  8.6756823575e-01  1.000000 0.000000 0.000000  0.707107 -0.707107 0.000000
2451545.136714  8.6135113362e-01  1.000000 0.000000 0.000000  0.707107 -0.707107 0.000000
2451545.137381  8.5718224136e-01  1.000000 0.000000 0.000000  0.707107 -0.707107 0.000000
2451545.138047  8.5290189237e-01  1.000000 0.000000 0.000000  0.707107 -0.707107 0.000000
2451545.138714  8.4816648333e-01  1.000000 0.000000 0.000000  0.707107 -0.707107 0.000000
2451545.139381  8.4393808885e-01  1.000000 0.000000 0.000000  0.707107 -0.707107 0.000000
2451545.140048  8.3916889839e-01  1.000000 0.000000 0.000000  0.707107 -0.707107 0.000000
2451545.140715  8.3073482580e-01  1.000000 0.000000 0.000000  0.707107 -0.707107 0.000000
2451545.141382  8.2776257291e-01  1.000000 0.000000 0.000000  0.707107 -0.707107 0.000000
2451545.142049  8.2336578424e-01  1.000000 0.000000 0.000000  0.707107 -0.707107 0.000000
2451545.142716  8.1813574472e-01  1.000000 0.000000 0.000000  0.707107 -0.707107 0.000000
2451545.143383  8.1430290807e-01  1.000000 0.000000 0.000000  0.707107 -0.707107 0.000000
2451545.144050  8.0662455758e-01  1.000000 0.000000 0.000000  0.707107 -0.707107 0.000000
2451545.144716  8.0355828826e-01  1.000000 0.000000 0.000000  0.707107 -0.707107 0.000000
2451545.145383  7.9984826653e-01  1.000000 0.000000 0.000000  0.707107 -0.707107 0.000000
2451545.146050  8.0113078841e-01  1.000000 0.000000 0.000000  0.707107 -0.707107 0.000000
2451545.146717  8.0402653845e-01  1.000000 0.000000 0.000000  0.707107 -0.707107 0.000000
2451545.147384  8.0769237319e-01  1.000000 0.000000 0.000000  0.707107 -0.707107 0.000000
2451545.148051  8.1475445074e-01  1.000000 0.000000 0.000000  0.707107 -0.707107 0.000000
2451545.148718  8.2060457369e-01  1.000000 0.000000 0.000000  0.707107 -0.707107 0.000000
2451545.149385  8.2578998655e-01  1.000000 0.000000 0.000000  0.707107 -0.707107 0.000000
2451545.150052  8.3571388615e-01  1.000000 0.000000 0.000000  0.707107 -0.707107 0.000000
2451545.150718  8.4175358081e-01  1.000000 0.000000 0.000000  0.707107 -0.707107 0.000000
2451545.151385  8.4891077397e-01  1.000000 0.000000 0.000000  0.707107 -0.707107 0.000000
2451545.152052  8.5663206571e-01  1.000000 0.000000 0.000000  0.707107 -0.707107 0.000000
2451545.152719  8.6233980836e-01  1.000000 0.000000 0.000000  0.707107 -0.707107 0.000000
2451545.153386  8.6990252523e-01  1.000000 0.000000 0.000000  0.707107 -0.707107 0.000000
2451545.154053  8.7893535718e-01  1.000000 0.000000 0.000000  0.707107 -0.707107 0.000000
2451545.154720  8.8407914780e-01  1.000000 0.000000 0.000000  0.707107 -0.707107 0.000000
2451545.155387  8.8876245576e-01  1.000000 0.000000 0.000000  0.707107 -0.707107 0.000000
2451545.156054  8.9525838292e-01  1.000000 0.000000 0.000000  0.707107 -0.707107 0.000000
2451545.156721  9.0089790321e-01  1.000000 0.000000 0.000000  0.707107 -0.707107 0.000000
2451545.157387  9.0457656170e-01  1.000000 0.000000 0.000000  0.707107 -0.707107 0.000000
2451545.158054  9.1242623753e-01  1.000000 0.000000 0.000000  0.707107 -0.707107 0.000000
2451545.158721  9.1544538872e-01  1.000000 0.000000 0.000000  0.707107 -0.707107 0.000000
2451545.159388  9.1965802829e-01  1.000000 0.000000 0.000000  0.707107 -0.707107 0.000000
2451545.160055  9.2482819921e-01  1.000000 0.000000 0.000000  0.707107 -0.707107 0.000000
2451545.160722  9.2880480845e-01  1.000000 0.000000 0.000000  0.707107 -0.707107 0.000000
2451545.161389  9.3143441065e-01  1.000000 0.000000 0.000000  0.707107 -0.707107 0.000000
2451545.162056  9.3617853984e-01  1.000000 0.000000 0.000000  0.707107 -0.707107 0.000000
2451545.162723  9.3956049332e-01  1.000000 0.000000 0.000000  0.707107 -0.707107 0.000000
2451545.163389  9.4284322759e-01  1.000000 0.000000 0.000000  0.707107 -0.707107 0.000000
2451545.164056  9.4701952099e-01  1.000000 0.000000 0.000000  0.707107 -0.707107 0.000000
2451545.164723  9.4963373469e-01  1.000000 0.000000 0.000000  0.707107 -0.707107 0.000000
2451545.165390  9.5306471155e-01  1.000000 0.000000 0.000000  0.707107 -0.707107 0.000000
2451545.166057  9.5662333971e-01  1.000000 0.000000 0.000000  0.707107 -0.707107 0.000000
2451545.166724  9.5890867909e-01  1.000000 0.000000 0.000000  0.707107 -0.707107 0.000000
2451545.167391  9.6178229900e-01  1.000000 0.000000 0.000000  0.707107 -0.707107 0.000000
2451545.168058  9.6284132118e-01  1.000000 0.000000 0.000000  0.707107 -0.707107 0.000000
2451545.168725  9.6592209966e-01  1.000000 0.000000 0.000000  0.707107 -0.707107 0.000000
2451545.169392  9.7204196110e-01  1.000000 0.000000 0.000000  0.707107 -0.707107 0.000000
2451545.170058  9.7471171996e-01  1.000000 0.000000 0.000000  0.707107 -0.707107 0.000000
2451545.170725  9.7770251233e-01  1.000000 0.000000 0.000000  0.707107 -0.707107 0.000000
2451545.171392  9.8053868688e-01  1.000000 0.000000 0.000000  0.707107 -0.707107 0.000000
2451545.172059  9.8377181155e-01  1.000000 0.000000 0.000000  0.707107 -0.707107 0.000000
2451545.172726  9.8851513467e-01  1.000000 0.000000 0.000000  0.707107 -0.707107 0.000000
2451545.173393  9.9606407517e-01  1.000000 0.000000 0.000000  0.707107 -0.707107 0.000000
2451545.174060  1.0002452782e+00  1.000000 0.000000 0.000000  0.707107 -0.707107 0.000000
2451545.174727  1.0047511055e+00  1.000000 0.000000 0.000000  0.707107 -0.707107 0.000000
2451545.175394  1.0109124426e+00  1.000000 0.000000 0.000000  0.707107 -0.707107 0.000000
2451545.176061  1.0150709293e+00  1.000000 0.000000 0.000000  0.707107 -0.707107 0.000000
2451545.176727  1.0178668739e+00  1.000000 0.000000 0.000000  0.707107 -0.707107 0.000000
2451545.177394  1.0224595362e+00  1.000000 0.000000 0.000000  0.707107 -0.707107 0.000000
2451545.178061  1.0260874126e+00  1.000000 0.000000 0.000000  0.707107 -0.707107 0.000000
2451545.178728  1.0288347003e+00  1.000000 0.000000 0.000000  0.707107 -0.707107 0.000000
2451545.179395  1.0330036658e+00  1.000000 0.000000 0.000000  0.707107 -0.707107 0.000000
2451545.180062  1.0366225290e+00  1.000000 0.000000 0.000000  0.707107 -0.707107 0.000000
2451545.180729  1.0397321792e+00  1.000000 0.000000 0.000000  0.707107 -0.707107 0.000000
2451545.181396  1.0466075429e+00  1.000000 0.000000 0.000000  0.707107 -0.707107 0.000000
2451545.182063  1.0498520990e+00  1.000000 0.000000 0.000000  0.707107 -0.707107 0.000000
2451545.182729  1.0521378048e+00  1.000000 0.000000 0.000000  0.707107 -0.707107 0.000000
2451545.183396  1.0549286199e+00  1.000000 0.000000 0.000000  0.707107 -0.707107 0.000000
2451545.184063  1.0572596119e+00  1.000000 0.000000 0.000000  0.707107 -0.707107 0.000000
2451545.184730  1.0596794175e+00  1.000000 0.000000 0.000000  0.707107 -0.707107 0.000000
2451545.185397  1.0635133533e+00  1.000000 0.000000 0.000000  0.707107 -0.707107 0.000000
2451545.186064  1.0656589504e+00  1.000000 0.000000 0.000000  0.707107 -0.707107 0.000000
2451545.186731  1.0673152664e+00  1.000000 0.000000 0.000000  0.707107 -0.707107 0.000000
2451545.187398  1.0689055583e+00  1.000000 0.000000 0.000000  0.707107 -0.707107 0.000000
2451545.188065  1.0722414196e+00  1.000000 0.000000 0.000000  0.707107 -0.707107 0.000000
2451545.188732  1.0725651644e+00  1.000000 0.000000 0.000000  0.707107 -0.707107 0.000000
2451545.189398  1.0734469257e+00  1.000000 0.000000 0.000000  0.707107 -0.707107 0.000000
2451545.190065  1.0743581449e+00  1.000000 0.000000 0.000000  0.707107 -0.707107 0.000000
2451545.190732  1.0751743219e+00  1.000000 0.000000 0.000000  0.707107 -0.707107 0.000000
2451545.191399  1.0783435476e+00  1.000000 0.000000 0.000000  0.707107 -0.707107 0.000000
2451545.192066  1.0817493899e+00  1.000000 0.000000 0.000000  0.707107 -0.707107 0.000000
2451545.192733  1.0844979965e+00  1.000000 0.000000 0.000000  0.707107 -0.707107 0.000000
2451545.193400  1.0865281799e+00  1.000000 0.000000 0.000000  0.707107 -0.707107 0.000000
2451545.194067  1.0911416533e+00  1.000000 0.000000 0.000000  0.707107 -0.707107 0.000000
2451545.194734  1.0946160111e+00  1.000000 0.000000 0.000000  0.707107 -0.707107 0.000000
2451545.195400  1.0978966203e+00  1.000000 0.000000 0.000000  0.707107 -0.707107 0.000000
2451545.196067  1.1015864171e+00  1.000000 0.000000 0.000000  0.707107 -0.707107 0.000000
2451545.196734  1.1076870063e+00  1.000000 0.000000 0.000000  0.707107 -0.707107 0.000000
2451545.197401  1.1126321387e+00  1.000000 0.000000 0.000000  0.707107 -0.707107 0.000000
2451545.198068  1.1156164092e+00  1.000000 0.000000 0.000000  0.707107 -0.707107 0.000000
2451545.198735  1.1188930614e+00  1.000000 0.000000 0.000000  0.707107 -0.707107 0.000000
2451545.199402  1.1231767812e+00  1.000000 0.000000 0.000000  0.707107 -0.707107 0.000000
2451545.200069  1.1263966424e+00  1.000000 0.000000 0.000000  0.707107 -0.707107 0.000000
2451545.200736  1.1299582018e+00  1.000000 0.000000 0.000000  0.707107 -0.707107 0.000000
2451545.201403  1.1329758141e+00  1.000000 0.000000 0.000000  0.707107 -0.707107 0.000000
2451545.202069  1.1347722387e+00  1.000000 0.000000 0.000000  0.707107 -0.707107 0.000000
2451545.202736  1.1386228821e+00  1.000000 0.000000 0.000000  0.707107 -0.707107 0.000000
2451545.203403  1.1435560700e+00  1.000000 0.000000 0.000000  0.707107 -0.707107 0.000000
2451545.204070  1.1469039490e+00  1.000000 0.000000 0.000000  0.707107 -0.707107 0.000000
2451545.204737  1.1505593781e+00  1.000000 0.000000 0.000000  0.707107 -0.707107 0.000000
2451545.205404  1.1544930461e+00  1.000000 0.000000 0.000000  0.707107 -0.707107 0.000000
2451545.206071  1.1594302644e+00  1.000000 0.000000 0.000000  0.707107 -0.707107 0.000000
2451545.206738  1.1659152731e+00  1.000000 0.000000 0.000000  0.707107 -0.707107 0.000000
2451545.207405  1.1698890244e+00  1.000000 0.000000 0.000000  0.707107 -0.707107 0.000000
2451545.208072  1.1732258383e+00  1.000000 0.000000 0.000000  0.707107 -0.707107 0.000000
2451545.208738  1.1804950011e+00  1.000000 0.000000 0.000000  0.707107 -0.707107 0.000000
2451545.209405  1.1845909812e+00  1.000000 0.000000 0.000000  0.707107 -0.707107 0.000000
2451545.210072  1.1880447477e+00  1.000000 0.000000 0.000000  0.707107 -0.707107 0.000000
2451545.210739  1.1893723359e+00  1.000000 0.000000 0.000000  0.707107 -0.707107 0.000000
2451545.211406  1.1915218901e+00  1.000000 0.000000 0.000000  0.707107 -0.707107 0.000000
2451545.212073  1.1925252938e+00  1.000000 0.000000 0.000000  0.707107 -0.707107 0.000000
2451545.212740  1.1952768316e+00  1.000000 0.000000 0.000000  0.707107 -0.707107 0.000000
2451545.213407  1.1973043769e+00  1.000000 0.000000 0.000000  0.707107 -0.707107 0.000000
2451545.214074  1.1955275909e+00  1.000000 0.000000 0.000000  0.707107 -0.707107 0.000000
2451545.214740  1.1951862592e+00  1.000000 0.000000 0.000000  0.707107 -0.707107 0.000000
2451545.215407  1.1947789768e+00  1.000000 0.000000 0.000000  0.707107 -0.707107 0.000000
2451545.216074  1.1935247405e+00  1.000000 0.000000 0.000000  0.707107 -0.707107 0.000000
2451545.216741  1.1909882754e+00  1.000000 0.000000 0.000000  0.707107 -0.707107 0.000000
2451545.217408  1.1891716259e+00  1.000000 0.000000 0.000000  0.707107 -0.707107 0.000000
2451545.218075  1.1847287450e+00  1.000000 0.000000 0.000000  0.707107 -0.707107 0.000000
2451545.218742  1.1820894700e+00  1.000000 0.000000 0.000000  0.707107 -0.707107 0.000000
2451545.219409  1.1787614495e+00  1.000000 0.000000 0.000000  0.707107 -0.707107 0.000000
2451545.220076  1.1729894416e+00  1.000000 0.000000 0.000000  0.707107 -0.707107 0.000000
2451545.220743  1.1673055877e+00  1.000000 0.000000 0.000000  0.707107 -0.707107 0.000000
2451545.221409  1.1640164782e+00  1.000000 0.000000 0.000000  0.707107 -0.707107 0.000000
2451545.222076  1.1541904788e+00  1.000000 0.000000 0.000000  0.707107 -0.707107 0.000000
2451545.222743  1.1488131493e+00  1.000000 0.000000 0.000000  0.707107 -0.707107 0.000000
2451545.223410  1.1424634862e+00  1.000000 0.000000 0.000000  0.707107 -0.707107 0.000000
2451545.224077  1.1334406202e+00  1.000000 0.000000 0.000000  0.707107 -0.707107 0.000000
2451545.224744  1.1269578099e+00  1.000000 0.000000 0.000000  0.707107 -0.707107 0.000000
2451545.225411  1.1189369553e+00  1.000000 0.000000 0.000000  0.707107 -0.707107 0.000000
2451545.226078  1.1059637870e+00  1.000000 0.000000 0.000000  0.707107 -0.707107 0.000000
2451545.226745  1.0961511976e+00  1.000000 0.000000 0.000000  0.707107 -0.707107 0.000000
2451545.227411  1.0878187624e+00  1.000000 0.000000 0.000000  0.707107 -0.707107 0.000000
2451545.228078  1.0756098165e+00  1.000000 0.000000 0.000000  0.707107 -0.707107 0.000000
2451545.228745  1.0664488203e+00  1.000000 0.000000 0.000000  0.707107 -0.707107 0.000000
2451545.229412  1.0562954122e+00  1.000000 0.000000 0.000000  0.707107 -0.707107 0.000000
2451545.230079  1.0420446317e+00  1.000000 0.000000 0.000000  0.707107 -0.707107 0.000000
2451545.230746  1.0345809875e+00  1.000000 0.000000 0.000000  0.707107 -0.707107 0.000000
2451545.231413  1.0237581061e+00  1.000000 0.000000 0.000000  0.707107 -0.707107 0.000000
2451545.232080  1.0112057768e+00  1.000000 0.000000 0.000000  0.707107 -0.707107 0.000000
2451545.232747  1.0023359897e+00  1.000000 0.000000 0.000000  0.707107 -0.707107 0.000000
2451545.233414  9.9620557613e-01  1.000000 0.000000 0.000000  0.707107 -0.707107 0.000000
2451545.234080  9.8895927621e-01  1.000000 0.000000 0.000000  0.707107 -0.707107 0.000000
2451545.234747  9.9012521185e-01  1.000000 0.000000 0.000000  0.707107 -0.707107 0.000000
2451545.235414  9.8850626796e-01  1.000000 0.000000 0.000000  0.707107 -0.707107 0.000000
2451545.236081  9.9216169714e-01  1.000000 0.000000 0.000000  0.707107 -0.707107 0.000000
2451545.236748  9.9363408385e-01  1.000000 0.000000 0.000000  0.707107 -0.707107 0.000000
2451545.237415  9.9356556837e-01  1.000000 0.000000 0.000000  0.707107 -0.707107 0.000000
2451545.238082  9.9187994097e-01  1.000000 0.000000 0.000000  0.707107 -0.707107 0.000000
2451545.238749  9.9096960104e-01  1.000000 0.000000 0.000000  0.707107 -0.707107 0.000000
2451545.239416  9.9319485198e-01  1.000000 0.000000 0.000000  0.707107 -0.707107 0.000000
360  1
2451545.000000  1.0125347299e+00  1.000000 0.000000 0.000000  0.000000 -0.000000 1.000000
2451545.000667  1.0098666746e+00  1.000000 0.000000 0.000000  0.000000 -0.000000 1.000000
2451545.001334  1.0066086049e+00  1.000000 0.000000 0.000000  0.000000 -0.000000 1.000000
2451545.002001  1.0036560806e+00  1.000000 0.000000 0.000000  0.000000 -0.000000 1.000000
2451545.002668  1.0004917292e+00  1.000000 0.000000 0.000000  0.000000 -0.000000 1.000000
2451545.003334  9.9539554795e-01  1.000000 0.000000 0.000000  0.000000 -0.000000 1.000000
2451545.004001  9.8651630214e-01  1.000000 0.000000 0.000000  0.000000 -0.000000 1.000000
2451545.004668  9.8208469897e-01  1.000000 0.000000 0.000000  0.000000 -0.000000 1.000000
2451545.005335  9.7496363238e-01  1.000000 0.000000 0.000000  0.000000 -0.000000 1.000000
2451545.006002  9.6694090823e-01  1.000000 0.000000 0.000000  0.000000 -0.000000 1.000000
2451545.006669  9.5983422414e-01  1.000000 0.000000 0.000000  0.000000 -0.000000 1.000000
2451545.007336  9.5377176344e-01  1.000000 0.000000 0.000000  0.000000 -0.000000 1.000000
2451545.008003  9.4505085781e-01  1.000000 0.000000 0.000000  0.000000 -0.000000 1.000000
2451545.008670  9.3619905145e-01  1.000000 0.000000 0.000000  0.000000 -0.000000 1.000000
2451545.009337  9.2991707517e-01  1.000000 0.000000 0.000000  0.000000 -0.000000 1.000000
2451545.010003  9.1679777209e-01  1.000000 0.000000 0.000000  0.000000 -0.000000 1.000000
2451545.010670  9.0858310437e-01  1.000000 0.000000 0.000000  0.000000 -0.000000 1.000000
2451545.011337  9.0055163140e-01  1.000000 0.000000 0.000000  0.000000 -0.000000 1.000000
2451545.012004  8.8917844479e-01  1.000000 0.000000 0.000000  0.000000 -0.000000 1.000000
2451545.012671  8.8175587568e-01  1.000000 0.000000 0.000000  0.000000 -0.000000 1.000000
2451545.013338  8.7170846502e-01  1.000000 0.000000 0.000000  0.000000 -0.000000 1.000000
2451545.014005  8.6264324074e-01  1.000000 0.000000 0.000000  0.000000 -0.000000 1.000000
2451545.014672  8.5478574977e-01  1.000000 0.000000 0.000000  0.000000 -0.000000 1.000000
2451545.015339  8.4686396831e-01  1.000000 0.000000 0.000000  0.000000 -0.000000 1.000000
2451545.016006  8.3504896684e-01  1.000000 0.000000 0.000000  0.000000 -0.000000 1.000000
2451545.016672  8.2737844853e-01  1.000000 0.000000 0.000000  0.000000 -0.000000 1.000000
2451545.017339  8.2222182095e-01  1.000000 0.000000 0.000000  0.000000 -0.000000 1.000000
2451545.018006  8.1839507863e-01  1.000000 0.000000 0.000000  0.000000 -0.000000 1.000000
2451545.018673  8.1384549910e-01  1.000000 0.000000 0.000000  0.000000 -0.000000 1.000000
2451545.019340  8.1126738415e-01  1.000000 0.000000 0.000000  0.000000 -0.000000 1.000000
2451545.020007  8.0893125331e-01  1.000000 0.000000 0.000000  0.000000 -0.000000 1.000000
2451545.020674  8.0965475330e-01  1.000000 0.000000 0.000000  0.000000 -0.000000 1.000000
2451545.021341  8.0932123810e-01  1.000000 0.000000 0.000000  0.000000 -0.000000 1.000000
2451545.022008  8.0701771645e-01  1.000000 0.000000 0.000000  0.000000 -0.000000 1.000000
2451545.022674  8.0487273382e-01  1.000000 0.000000 0.000000  0.000000 -0.000000 1.000000
2451545.023341  8.0536956013e-01  1.000000 0.000000 0.000000  0.000000 -0.000000 1.000000
2451545.024008  8.0426740903e-01  1.000000 0.000000 0.000000  0.000000 -0.000000 1.000000
2451545.024675  8.0449726410e-01  1.000000 0.000000 0.000000  0.000000 -0.000000 1.000000
2451545.025342  8.0178009611e-01  1.000000 0.000000 0.000000  0.000000 -0.000000 1.000000
2451545.026009  8.0059575923e-01  1.000000 0.000000 0.000000  0.000000 -0.000000 1.000000
2451545.026676  8.0071466350e-01  1.000000 0.000000 0.000000  0.000000 -0.000000 1.000000
2451545.027343  7.9897384934e-01  1.000000 0.000000 0.000000  0.000000 -0.000000 1.000000
2451545.028010  7.9811958116e-01  1.000000 0.000000 0.000000  0.000000 -0.000000 1.000000
2451545.028677  7.9603511113e-01  1.000000 0.000000 0.000000  0.000000 -0.000000 1.000000
2451545.029343  7.9488172647e-01  1.000000 0.000000 0.000000  0.000000 -0.000000 1.000000
2451545.030010  7.9445363134e-01  1.000000 0.000000 0.000000  0.000000 -0.000000 1.000000
2451545.030677  7.9363111073e-01  1.000000 0.000000 0.000000  0.000000 -0.000000 1.000000
2451545.031344  7.9059766004e-01  1.000000 0.000000 0.000000  0.000000 -0.000000 1.000000
2451545.032011  7.9087066265e-01  1.000000 0.000000 0.000000  0.000000 -0.000000 1.000000
2451545.032678  7.8829215003e-01  1.000000 0.000000 0.000000  0.000000 -0.000000 1.000000
2451545.033345  7.8874483462e-01  1.000000 0.000000 0.000000  0.000000 -0.000000 1.000000
2451545.034012  7.8732872057e-01  1.000000 0.000000 0.000000  0.000000 -0.000000 1.000000
2451545.034679  7.8665784599e-01  1.000000 0.000000 0.000000  0.000000 -0.000000 1.000000
2451545.035345  7.8681565595e-01  1.000000 0.000000 0.000000  0.000000 -0.000000 1.000000
2451545.036012  7.8556570300e-01  1.000000 0.000000 0.000000  0.000000 -0.000000 1.000000
2451545.036679  7.8466709426e-01  1.000000 0.000000 0.000000  0.000000 -0.000000 1.000000
2451545.037346  7.8535526763e-01  1.000000 0.000000 0.000000  0.000000 -0.000000 1.000000
2451545.038013  7.8617944521e-01  1.000000 0.000000 0.000000  0.000000 -0.000000 1.000000
2451545.038680  7.8711006663e-01  1.000000 0.000000 0.000000  0.000000 -0.000000 1.000000
2451545.039347  7.8968632577e-01  1.000000 0.000000 0.000000  0.000000 -0.000000 1.000000
2451545.040014  7.9286678296e-01  1.000000 0.000000 0.000000  0.000000 -0.000000 1.000000
2451545.040681  7.9648454805e-01  1.000000 0.000000 0.000000  0.000000 -0.000000 1.000000
2451545.041348  8.0157781304e-01  1.000000 0.000000 0.000000  0.000000 -0.000000 1.000000
2451545.042014  8.0692161210e-01  1.000000 0.000000 0.000000  0.000000 -0.000000 1.000000
2451545.042681  8.1017192722e-01  1.000000 0.000000 0.000000  0.000000 -0.000000 1.000000
2451545.043348  8.1486122257e-01  1.000000 0.000000 0.000000  0.000000 -0.000000 1.000000
2451545.044015  8.2019441702e-01  1.000000 0.000000 0.000000  0.000000 -0.000000 1.000000
2451545.044682  8.2652563848e-01  1.000000 0.000000 0.000000  0.000000 -0.000000 1.000000
2451545.045349  8.3541131335e-01  1.000000 0.000000 0.000000  0.000000 -0.000000 1.000000
2451545.046016  8.4016357362e-01  1.000000 0.000000 0.000000  0.000000 -0.000000 1.000000
2451545.046683  8.4444386216e-01  1.000000 0.000000 0.000000  0.000000 -0.000000 1.000000
2451545.047350  8.5030715490e-01  1.000000 0.000000 0.000000  0.000000 -0.000000 1.000000
2451545.048017  8.5492506793e-01  1.000000 0.000000 0.000000  0.000000 -0.000000 1.000000
2451545.048683  8.6225550943e-01  1.000000 0.000000 0.000000  0.000000 -0.000000 1.000000
2451545.049350  8.6733147563e-01  1.000000 0.000000 0.000000  0.000000 -0.000000 1.000000
2451545.050017  8.7210481258e-01  1.000000 0.000000 0.000000  0.000000 -0.000000 1.000000
2451545.050684  8.8246916873e-01  1.000000 0.000000 0.000000  0.000000 -0.000000 1.000000
2451545.051351  8.8870488236e-01  1.000000 0.000000 0.000000  0.000000 -0.000000 1.000000
2451545.052018  8.9338317543e-01  1.000000 0.000000 0.000000  0.000000 -0.000000 1.000000
2451545.052685  9.0171654858e-01  1.000000 0.000000 0.000000  0.000000 -0.000000 1.000000
2451545.053352  9.0692069809e-01  1.000000 0.000000 0.000000  0.000000 -0.000000 1.000000
2451545.054019  9.1240825600e-01  1.000000 0.000000 0.000000  0.000000 -0.000000 1.000000
2451545.054685  9.2185054070e-01  1.000000 0.000000 0.000000  0.000000 -0.000000 1.000000
2451545.055352  9.2764397552e-01  1.000000 0.000000 0.000000  0.000000 -0.000000 1.000000
2451545.056019  9.3259354795e-01  1.000000 0.000000 0.000000  0.000000 -0.000000 1.000000
2451545.056686  9.4327518098e-01  1.000000 0.000000 0.000000  0.000000 -0.000000 1.000000
2451545.057353  9.4976076590e-01  1.000000 0.000000 0.000000  0.000000 -0.000000 1.000000
2451545.058020  9.5650457324e-01  1.000000 0.000000 0.000000  0.000000 -0.000000 1.000000
2451545.058687  9.6460583784e-01  1.000000 0.000000 0.000000  0.000000 -0.000000 1.000000
2451545.059354  9.7190983408e-01  1.000000 0.000000 0.000000  0.000000 -0.000000 1.000000
2451545.060021  9.7919076527e-01  1.000000 0.000000 0.000000  0.000000 -0.000000 1.000000
2451545.060688  9.9217353391e-01  1.000000 0.000000 0.000000  0.000000 -0.000000 1.000000
2451545.061354  9.9981276861e-01  1.000000 0.000000 0.000000  0.000000 -0.000000 1.000000
2451545.062021  1.0065099156e+00  1.000000 0.000000 0.000000  0.000000 -0.000000 1.000000
2451545.062688  1.0138432734e+00  1.000000 0.000000 0.000000  0.000000 -0.000000 1.000000
2451545.063355  1.0190261474e+00  1.000000 0.000000 0.000000  0.000000 -0.000000 1.000000
2451545.064022  1.0241044997e+00  1.000000 0.000000 0.000000  0.000000 -0.000000 1.000000
2451545.064689  1.0307674468e+00  1.000000 0.000000 0.000000  0.000000 -0.000000 1.000000
2451545.065356  1.0360767146e+00  1.000000 0.000000 0.000000  0.000000 -0.000000 1.000000
2451545.066023  1.0403151812e+00  1.000000 0.000000 0.000000  0.000000 -0.000000 1.000000
2451545.066690  1.0468690333e+00  1.000000 0.000000 0.000000  0.000000 -0.000000 1.000000
2451545.067356  1.0505162925e+00  1.000000 0.000000 0.000000  0.000000 -0.000000 1.000000
2451545.068023  1.0534863143e+00  1.000000 0.000000 0.000000  0.000000 -0.000000 1.000000
2451545.068690  1.0585396794e+00  1.000000 0.000000 0.000000  0.000000 -0.000000 1.000000
2451545.069357  1.0611961360e+00  1.000000 0.000000 0.000000  0.000000 -0.000000 1.000000
2451545.070024  1.0636910047e+00  1.000000 0.000000 0.000000  0.000000 -0.000000 1.000000
2451545.070691  1.0679945571e+00  1.000000 0.000000 0.000000  0.000000 -0.000000 1.000000
2451545.071358  1.0711210633e+00  1.000000 0.000000 0.000000  0.000000 -0.000000 1.000000
2451545.072025  1.0755702304e+00  1.000000 0.000000 0.000000  0.000000 -0.000000 1.000000
2451545.072692  1.0775892169e+00  1.000000 0.000000 0.000000  0.000000 -0.000000 1.000000
2451545.073359  1.0789758368e+00  1.000000 0.000000 0.000000  0.000000 -0.000000 1.000000
2451545.074025  1.0777722791e+00  1.000000 0.000000 0.000000  0.000000 -0.000000 1.000000
2451545.074692  1.0783893352e+00  1.000000 0.000000 0.000000  0.000000 -0.000000 1.000000
2451545.075359  1.0794238819e+00  1.000000 0.000000 0.000000  0.000000 -0.000000 1.000000
2451545.076026  1.0831084561e+00  1.000000 0.000000 0.000000  0.000000 -0.000000 1.000000
2451545.076693  1.0814518161e+00  1.000000 0.000000 0.000000  0.000000 -0.000000 1.000000
2451545.077360  1.0794886363e+00  1.000000 0.000000 0.000000  0.000000 -0.000000 1.000000
2451545.078027  1.0813548501e+00  1.000000 0.000000 0.000000  0.000000 -0.000000 1.000000
2451545.078694  1.0808573610e+00  1.000000 0.000000 0.000000  0.000000 -0.000000 1.000000
2451545.079361  1.0788862278e+00  1.000000 0.000000 0.000000  0.000000 -0.000000 1.000000
2451545.080028  1.0762656281e+00  1.000000 0.000000 0.000000  0.000000 -0.000000 1.000000
2451545.080694  1.0751377608e+00  1.000000 0.000000 0.000000  0.000000 -0.000000 1.000000
2451545.081361  1.0754942748e+00  1.000000 0.000000 0.000000  0.000000 -0.000000 1.000000
2451545.082028  1.0757919994e+00  1.000000 0.000000 0.000000  0.000000 -0.000000 1.000000
2451545.082695  1.0756714382e+00  1.000000 0.000000 0.000000  0.000000 -0.000000 1.000000
2451545.083362  1.0748156456e+00  1.000000 0.000000 0.000000  0.000000 -0.000000 1.000000
2451545.084029  1.0716409547e+00  1.000000 0.000000 0.000000  0.000000 -0.000000 1.000000
2451545.084696  1.0736321041e+00  1.000000 0.000000 0.000000  0.000000 -0.000000 1.000000
2451545.085363  1.0726784176e+00  1.000000 0.000000 0.000000  0.000000 -0.000000 1.000000
2451545.086030  1.0699063707e+00  1.000000 0.000000 0.000000  0.000000 -0.000000 1.000000
2451545.086696  1.0699538926e+00  1.000000 0.000000 0.000000  0.000000 -0.000000 1.000000
2451545.087363  1.0684472417e+00  1.000000 0.000000 0.000000  0.000000 -0.000000 1.000000
2451545.088030  1.0695415056e+00  1.000000 0.000000 0.000000  0.000000 -0.000000 1.000000
2451545.088697  1.0682865155e+00  1.000000 0.000000 0.000000  0.000000 -0.000000 1.000000
2451545.089364  1.0677189696e+00  1.000000 0.000000 0.000000  0.000000 -0.000000 1.000000
2451545.090031  1.0653196750e+00  1.000000 0.000000 0.000000  0.000000 -0.000000 1.000000
2451545.090698  1.0632374585e+00  1.000000 0.000000 0.000000  0.000000 -0.000000 1.000000
2451545.091365  1.0618092154e+00  1.000000 0.000000 0.000000  0.000000 -0.000000 1.000000
2451545.092032  1.0618555443e+00  1.000000 0.000000 0.000000  0.000000 -0.000000 1.000000
2451545.092699  1.0606015484e+00  1.000000 0.000000 0.000000  0.000000 -0.000000 1.000000
2451545.093365  1.0603143621e+00  1.000000 0.000000 0.000000  0.000000 -0.000000 1.000000
2451545.094032  1.0580949483e+00  1.000000 0.000000 0.000000  0.000000 -0.000000 1.000000
2451545.094699  1.0570806167e+00  1.000000 0.000000 0.000000  0.000000 -0.000000 1.000000
2451545.095366  1.0563866108e+00  1.000000 0.000000 0.000000  0.000000 -0.000000 1.000000
2451545.096033  1.0537235926e+00  1.000000 0.000000 0.000000  0.000000 -0.000000 1.000000
2451545.096700  1.0526576960e+00  1.000000 0.000000 0.000000  0.000000 -0.000000 1.000000
2451545.097367  1.0514414790e+00  1.000000 0.000000 0.000000  0.000000 -0.000000 1.000000
2451545.098034  1.0493958484e+00  1.000000 0.000000 0.000000  0.000000 -0.000000 1.000000
2451545.098701  1.0462925398e+00  1.000000 0.000000 0.000000  0.000000 -0.000000 1.000000
2451545.099367  1.0454704169e+00  1.000000 0.000000 0.000000  0.000000 -0.000000 1.000000
2451545.100034  1.0429691854e+00  1.000000 0.000000 0.000000  0.000000 -0.000000 1.000000
2451545.100701  1.0388170139e+00  1.000000 0.000000 0.000000  0.000000 -0.000000 1.000000
2451545.101368  1.0336025249e+00  1.000000 0.000000 0.000000  0.000000 -0.000000 1.000000
2451545.102035  1.0323116116e+00  1.000000 0.000000 0.000000  0.000000 -0.000000 1.000000
2451545.102702  1.0298980008e+00  1.000000 0.000000 0.000000  0.000000 -0.000000 1.000000
2451545.103369  1.0263755447e+00  1.000000 0.000000 0.000000  0.000000 -0.000000 1.000000
2451545.104036  1.0233214150e+00  1.000000 0.000000 0.000000  0.000000 -0.000000 1.000000
2451545.104703  1.0204919043e+00  1.000000 0.000000 0.000000  0.000000 -0.000000 1.000000
2451545.105370  1.0136230288e+00  1.000000 0.000000 0.000000  0.000000 -0.000000 1.000000
2451545.106036  1.0116184248e+00  1.000000 0.000000 0.000000  0.000000 -0.000000 1.000000
2451545.106703  1.0086297786e+00  1.000000 0.000000 0.000000  0.000000 -0.000000 1.000000
2451545.107370  1.0050242751e+00  1.000000 0.000000 0.000000  0.000000 -0.000000 1.000000
2451545.108037  1.0027786149e+00  1.000000 0.000000 0.000000  0.000000 -0.000000 1.000000
2451545.108704  1.0032236774e+00  1.000000 0.000000 0.000000  0.000000 -0.000000 1.000000
2451545.109371  1.0023989033e+00  1.000000 0.000000 0.000000  0.000000 -0.000000 1.000000
2451545.110038  1.0018863026e+00  1.000000 0.000000 0.000000  0.000000 -0.000000 1.000000
2451545.110705  1.0010133438e+00  1.000000 0.000000 0.000000  0.000000 -0.000000 1.000000
2451545.111372  9.9887956231e-01  1.000000 0.000000 0.000000  0.000000 -0.000000 1.000000
2451545.112039  9.9836159305e-01  1.000000 0.000000 0.000000  0.000000 -0.000000 1.000000
2451545.112705  9.9536863874e-01  1.000000 0.000000 0.000000  0.000000 -0.000000 1.000000
2451545.113372  9.9368734299e-01  1.000000 0.000000 0.000000  0.000000 -0.000000 1.000000
2451545.114039  9.9279456680e-01  1.000000 0.000000 0.000000  0.000000 -0.000000 1.000000
2451545.114706  9.9236123564e-01  1.000000 0.000000 0.000000  0.000000 -0.000000 1.000000
2451545.115373  9.9298306387e-01  1.000000 0.000000 0.000000  0.000000 -0.000000 1.000000
2451545.116040  9.9206337846e-01  1.000000 0.000000 0.000000  0.000000 -0.000000 1.000000
2451545.116707  9.9312523201e-01  1.000000 0.000000 0.000000  0.000000 -0.000000 1.000000
2451545.117374  9.9019199495e-01  1.000000 0.000000 0.000000  0.000000 -0.000000 1.000000
2451545.118041  9.8790544069e-01  1.000000 0.000000 0.000000  0.000000 -0.000000 1.000000
2451545.118707  9.8723542773e-01  1.000000 0.000000 0.000000  0.000000 -0.000000 1.000000
2451545.119374  9.8871583226e-01  1.000000 0.000000 0.000000  0.000000 -0.000000 1.000000
2451545.120041  9.8627411920e-01  1.000000 0.000000 0.000000  0.000000 -0.000000 1.000000
2451545.120708  9.8543741492e-01  1.000000 0.000000 0.000000  0.000000 -0.000000 1.000000
2451545.121375  9.8354793728e-01  1.000000 0.000000 0.000000  0.000000 -0.000000 1.000000
2451545.122042  9.8223037990e-01  1.000000 0.000000 0.000000  0.000000 -0.000000 1.000000
2451545.122709  9.8039081025e-01  1.000000 0.000000 0.000000  0.000000 -0.000000 1.000000
2451545.123376  9.8034819294e-01  1.000000 0.000000 0.000000  0.000000 -0.000000 1.000000
2451545.124043  9.7902838208e-01  1.000000 0.000000 0.000000  0.000000 -0.000000 1.000000
2451545.124710  9.7755917867e-01  1.000000 0.000000 0.000000  0.000000 -0.000000 1.000000
2451545.125376  9.7558479782e-01  1.000000 0.000000 0.000000  0.000000 -0.000000 1.000000
2451545.126043  9.7606631371e-01  1.000000 0.000000 0.000000  0.000000 -0.000000 1.000000
2451545.126710  9.7368836091e-01  1.000000 0.000000 0.000000  0.000000 -0.000000 1.000000
2451545.127377  9.7344326170e-01  1.000000 0.000000 0.000000  0.000000 -0.000000 1.000000
2451545.128044  9.7121642468e-01  1.000000 0.000000 0.000000  0.000000 -0.000000 1.000000
2451545.128711  9.6653541418e-01  1.000000 0.000000 0.000000  0.000000 -0.000000 1.000000
2451545.129378  9.6507230843e-01  1.000000 0.000000 0.000000  0.000000 -0.000000 1.000000
2451545.130045  9.6380624972e-01  1.000000 0.000000 0.000000  0.000000 -0.000000 1.000000
2451545.130712  9.6212787024e-01  1.000000 0.000000 0.000000  0.000000 -0.000000 1.000000
2451545.131378  9.6021512873e-01  1.000000 0.000000 0.000000  0.000000 -0.000000 1.000000
2451545.132045  9.5676862821e-01  1.000000 0.000000 0.000000  0.000000 -0.000000 1.000000
2451545.132712  9.5375241002e-01  1.000000 0.000000 0.000000  0.000000 -0.000000 1.000000
2451545.133379  9.5147201969e-01  1.000000 0.000000 0.000000  0.000000 -0.000000 1.000000
2451545.134046  9.4888608383e-01  1.000000 0.000000 0.000000  0.000000 -0.000000 1.000000
2451545.134713  9.4304830845e-01  1.000000 0.000000 0.000000  0.000000 -0.000000 1.000000
2451545.135380  9.3942928406e-01  1.000000 0.000000 0.000000  0.000000 -0.000000 1.000000
2451545.136047  9.3627964654e-01  1.000000 0.000000 0.000000  0.000000 -0.000000 1.000000
2451545.136714  9.3287397379e-01  1.000000 0.000000 0.000000  0.000000 -0.000000 1.000000
2451545.137381  9.2997235174e-01  1.000000 0.000000 0.000000  0.000000 -0.000000 1.000000
2451545.138047  9.2490924363e-01  1.000000 0.000000 0.000000  0.000000 -0.000000 1.000000
2451545.138714  9.1795983928e-01  1.000000 0.000000 0.000000  0.000000 -0.000000 1.000000
2451545.139381  9.1569051752e-01  1.000000 0.000000 0.000000  0.000000 -0.000000 1.000000
2451545.140048  9.1219961016e-01  1.000000 0.000000 0.000000  0.000000 -0.000000 1.000000
2451545.140715  9.0488103257e-01  1.000000 0.000000 0.000000  0.000000 -0.000000 1.000000
2451545.141382  9.0123019433e-01  1.000000 0.000000 0.000000  0.000000 -0.000000 1.000000
2451545.142049  8.9692452100e-01  1.000000 0.000000 0.000000  0.000000 -0.000000 1.000000
2451545.142716  8.9283319348e-01  1.000000 0.000000 0.000000  0.000000 -0.000000 1.000000
2451545.143383  8.8924710968e-01  1.000000 0.000000 0.000000  0.000000 -0.000000 1.000000
2451545.144050  8.8172240485e-01  1.000000 0.000000 0.000000  0.000000 -0.000000 1.000000
2451545.144716  8.7690234131e-01  1.000000 0.000000 0.000000  0.000000 -0.000000 1.000000
2451545.145383  8.7197132696e-01  1.000000 0.000000 0.000000  0.000000 -0.000000 1.000000
2451545.146050  8.6477616061e-01  1.000000 0.000000 0.000000  0.000000 -0.000000 1.000000
2451545.146717  8.6043290716e-01  1.000000 0.000000 0.000000  0.000000 -0.000000 1.000000
2451545.147384  8.5609720950e-01  1.000000 0.000000 0.000000  0.000000 -0.000000 1.000000
2451545.148051  8.5133354926e-01  1.000000 0.000000 0.000000  0.000000 -0.000000 1.000000
2451545.148718  8.4842443770e-01  1.000000 0.000000 0.000000  0.000000 -0.000000 1.000000
2451545.149385  8.4618633329e-01  1.000000 0.000000 0.000000  0.000000 -0.000000 1.000000
2451545.150052  8.4311278389e-01  1.000000 0.000000 0.000000  0.000000 -0.000000 1.000000
2451545.150718  8.4198378985e-01  1.000000 0.000000 0.000000  0.000000 -0.000000 1.000000
2451545.151385  8.4080647853e-01  1.000000 0.000000 0.000000  0.000000 -0.000000 1.000000
2451545.152052  8.4329074262e-01  1.000000 0.000000 0.000000  0.000000 -0.000000 1.000000
2451545.152719  8.4878048772e-01  1.000000 0.000000 0.000000  0.000000 -0.000000 1.000000
2451545.153386  8.5491578889e-01  1.000000 0.000000 0.000000  0.000000 -0.000000 1.000000
2451545.154053  8.6957501492e-01  1.000000 0.000000 0.000000  0.000000 -0.000000 1.000000
2451545.154720  8.7788638349e-01  1.000000 0.000000 0.000000  0.000000 -0.000000 1.000000
2451545.155387  8.8577582086e-01  1.000000 0.000000 0.000000  0.000000 -0.000000 1.000000
2451545.156054  8.9569902494e-01  1.000000 0.000000 0.000000  0.000000 -0.000000 1.000000
2451545.156721  9.0535028687e-01  1.000000 0.000000 0.000000  0.000000 -0.000000 1.000000
2451545.157387  9.1260238677e-01  1.000000 0.000000 0.000000  0.000000 -0.000000 1.000000
2451545.158054  9.2703407748e-01  1.000000 0.000000 0.000000  0.000000 -0.000000 1.000000
2451545.158721  9.3467092614e-01  1.000000 0.000000 0.000000  0.000000 -0.000000 1.000000
2451545.159388  9.4218986471e-01  1.000000 0.000000 0.000000  0.000000 -0.000000 1.000000
2451545.160055  9.4985998535e-01  1.000000 0.000000 0.000000  0.000000 -0.000000 1.000000
2451545.160722  9.6009556167e-01  1.000000 0.000000 0.000000  0.000000 -0.000000 1.000000
2451545.161389  9.6919763700e-01  1.000000 0.000000 0.000000  0.000000 -0.000000 1.000000
2451545.162056  9.7935480544e-01  1.000000 0.000000 0.000000  0.000000 -0.000000 1.000000
2451545.162723  9.8705905969e-01  1.000000 0.000000 0.000000  0.000000 -0.000000 1.000000
2451545.163389  9.9341487061e-01  1.000000 0.000000 0.000000  0.000000 -0.000000 1.000000
2451545.164056  1.0050538354e+00  1.000000 0.000000 0.000000  0.000000 -0.000000 1.000000
2451545.164723  1.0122459530e+00  1.000000 0.000000 0.000000  0.000000 -0.000000 1.000000
2451545.165390  1.0188182969e+00  1.000000 0.000000 0.000000  0.000000 -0.000000 1.000000
2451545.166057  1.0281823726e+00  1.000000 0.000000 0.000000  0.000000 -0.000000 1.000000
2451545.166724  1.0335442658e+00  1.000000 0.000000 0.000000  0.000000 -0.000000 1.000000
2451545.167391  1.0407900692e+00  1.000000 0.000000 0.000000  0.000000 -0.000000 1.000000
2451545.168058  1.0490657134e+00  1.000000 0.000000 0.000000  0.000000 -0.000000 1.000000
2451545.168725  1.0543965881e+00  1.000000 0.000000 0.000000  0.000000 -0.000000 1.000000
2451545.169392  1.0650104842e+00  1.000000 0.000000 0.000000  0.000000 -0.000000 1.000000
2451545.170058  1.0693210621e+00  1.000000 0.000000 0.000000  0.000000 -0.000000 1.000000
2451545.170725  1.0752394989e+00  1.000000 0.000000 0.000000  0.000000 -0.000000 1.000000
2451545.171392  1.0802880919e+00  1.000000 0.000000 0.000000  0.000000 -0.000000 1.000000
2451545.172059  1.0841370377e+00  1.000000 0.000000 0.000000  0.000000 -0.000000 1.000000
2451545.172726  1.0899571829e+00  1.000000 0.000000 0.000000  0.000000 -0.000000 1.000000
2451545.173393  1.0960179203e+00  1.000000 0.000000 0.000000  0.000000 -0.000000 1.000000
2451545.174060  1.1002511509e+00  1.000000 0.000000 0.000000  0.000000 -0.000000 1.000000
2451545.174727  1.1011211934e+00  1.000000 0.000000 0.000000  0.000000 -0.000000 1.000000
2451545.175394  1.1080999593e+00  1.000000 0.000000 0.000000  0.000000 -0.000000 1.000000
2451545.176061  1.1100076636e+00  1.000000 0.000000 0.000000  0.000000 -0.000000 1.000000
2451545.176727  1.1120824569e+00  1.000000 0.000000 0.000000  0.000000 -0.000000 1.000000
2451545.177394  1.1131877894e+00  1.000000 0.000000 0.000000  0.000000 -0.000000 1.000000
2451545.178061  1.1151560063e+00  1.000000 0.000000 0.000000  0.000000 -0.000000 1.000000
2451545.178728  1.1167453070e+00  1.000000 0.000000 0.000000  0.000000 -0.000000 1.000000
2451545.179395  1.1220165970e+00  1.000000 0.000000 0.000000  0.000000 -0.000000 1.000000
2451545.180062  1.1227009925e+00  1.000000 0.000000 0.000000  0.000000 -0.000000 1.000000
2451545.180729  1.1235149631e+00  1.000000 0.000000 0.000000  0.000000 -0.000000 1.000000
2451545.181396  1.1254451360e+00  1.000000 0.000000 0.000000  0.000000 -0.000000 1.000000
2451545.182063  1.1298220591e+00  1.000000 0.000000 0.000000  0.000000 -0.000000 1.000000
2451545.182729  1.1325308759e+00  1.000000 0.000000 0.000000  0.000000 -0.000000 1.000000
2451545.183396  1.1325080097e+00  1.000000 0.000000 0.000000  0.000000 -0.000000 1.000000
2451545.184063  1.1351923697e+00  1.000000 0.000000 0.000000  0.000000 -0.000000 1.000000
2451545.184730  1.1385120788e+00  1.000000 0.000000 0.000000  0.000000 -0.000000 1.000000
2451545.185397  1.1436639343e+00  1.000000 0.000000 0.000000  0.000000 -0.000000 1.000000
2451545.186064  1.1451823166e+00  1.000000 0.000000 0.000000  0.000000 -0.000000 1.000000
2451545.186731  1.1469446714e+00  1.000000 0.000000 0.000000  0.000000 -0.000000 1.000000
2451545.187398  1.1470855139e+00  1.000000 0.000000 0.000000  0.000000 -0.000000 1.000000
2451545.188065  1.1486663309e+00  1.000000 0.000000 0.000000  0.000000 -0.000000 1.000000
2451545.188732  1.1495009806e+00  1.000000 0.000000 0.000000  0.000000 -0.000000 1.000000
2451545.189398  1.1504968867e+00  1.000000 0.000000 0.000000  0.000000 -0.000000 1.000000
2451545.190065  1.1505583272e+00  1.000000 0.000000 0.000000  0.000000 -0.000000 1.000000
2451545.190732  1.1501507785e+00  1.000000 0.000000 0.000000  0.000000 -0.000000 1.000000
2451545.191399  1.1526412065e+00  1.000000 0.000000 0.000000  0.000000 -0.000000 1.000000
2451545.192066  1.1526065427e+00  1.000000 0.000000 0.000000  0.000000 -0.000000 1.000000
2451545.192733  1.1499480977e+00  1.000000 0.000000 0.000000  0.000000 -0.000000 1.000000
2451545.193400  1.1489637904e+00  1.000000 0.000000 0.000000  0.000000 -0.000000 1.000000
2451545.194067  1.1478691288e+00  1.000000 0.000000 0.000000  0.000000 -0.000000 1.000000
2451545.194734  1.1489911636e+00  1.000000 0.000000 0.000000  0.000000 -0.000000 1.000000
2451545.195400  1.1491788653e+00  1.000000 0.000000 0.000000  0.000000 -0.000000 1.000000
2451545.196067  1.1453712776e+00  1.000000 0.000000 0.000000  0.000000 -0.000000 1.000000
2451545.196734  1.1478714486e+00  1.000000 0.000000 0.000000  0.000000 -0.000000 1.000000
2451545.197401  1.1487253191e+00  1.000000 0.000000 0.000000  0.000000 -0.000000 1.000000
2451545.198068  1.1507789032e+00  1.000000 0.000000 0.000000  0.000000 -0.000000 1.000000
2451545.198735  1.1503873277e+00  1.000000 0.000000 0.000000  0.000000 -0.000000 1.000000
2451545.199402  1.1502221608e+00  1.000000 0.000000 0.000000  0.000000 -0.000000 1.000000
2451545.200069  1.1520050620e+00  1.000000 0.000000 0.000000  0.000000 -0.000000 1.000000
2451545.200736  1.1547422462e+00  1.000000 0.000000 0.000000  0.000000 -0.000000 1.000000
2451545.201403  1.1554569311e+00  1.000000 0.000000 0.000000  0.000000 -0.000000 1.000000
2451545.202069  1.1563681991e+00  1.000000 0.000000 0.000000  0.000000 -0.000000 1.000000
2451545.202736  1.1548751353e+00  1.000000 0.000000 0.000000  0.000000 -0.000000 1.000000
2451545.203403  1.1579723463e+00  1.000000 0.000000 0.000000  0.000000 -0.000000 1.000000
2451545.204070  1.1588020250e+00  1.000000 0.000000 0.000000  0.000000 -0.000000 1.000000
2451545.204737  1.1595483249e+00  1.000000 0.000000 0.000000  0.000000 -0.000000 1.000000
2451545.205404  1.1601908322e+00  1.000000 0.000000 0.000000  0.000000 -0.000000 1.000000
2451545.206071  1.1629703023e+00  1.000000 0.000000 0.000000  0.000000 -0.000000 1.000000
2451545.206738  1.1702112673e+00  1.000000 0.000000 0.000000  0.000000 -0.000000 1.000000
2451545.207405  1.1710276240e+00  1.000000 0.000000 0.000000  0.000000 -0.000000 1.000000
2451545.208072  1.1740849351e+00  1.000000 0.000000 0.000000  0.000000 -0.000000 1.000000
2451545.208738  1.1763133628e+00  1.000000 0.000000 0.000000  0.000000 -0.000000 1.000000
2451545.209405  1.1784680221e+00  1.000000 0.000000 0.000000  0.000000 -0.000000 1.000000
2451545.210072  1.1805398329e+00  1.000000 0.000000 0.000000  0.000000 -0.000000 1.000000
2451545.210739  1.1807350904e+00  1.000000 0.000000 0.000000  0.000000 -0.000000 1.000000
2451545.211406  1.1831852209e+00  1.000000 0.000000 0.000000  0.000000 -0.000000 1.000000
2451545.212073  1.1837515074e+00  1.000000 0.000000 0.000000  0.000000 -0.000000 1.000000
2451545.212740  1.1858304763e+00  1.000000 0.000000 0.000000  0.000000 -0.000000 1.000000
2451545.213407  1.1865820123e+00  1.000000 0.000000 0.000000  0.000000 -0.000000 1.000000
2451545.214074  1.1866199238e+00  1.000000 0.000000 0.000000  0.000000 -0.000000 1.000000
2451545.214740  1.1837393784e+00  1.000000 0.000000 0.000000  0.000000 -0.000000 1.000000
2451545.215407  1.1822213275e+00  1.000000 0.000000 0.000000  0.000000 -0.000000 1.000000
2451545.216074  1.1839005023e+00  1.000000 0.000000 0.000000  0.000000 -0.000000 1.000000
2451545.216741  1.1822232496e+00  1.000000 0.000000 0.000000  0.000000 -0.000000 1.000000
2451545.217408  1.1796154417e+00  1.000000 0.000000 0.000000  0.000000 -0.000000 1.000000
2451545.218075  1.1759903197e+00  1.000000 0.000000 0.000000  0.000000 -0.000000 1.000000
2451545.218742  1.1744458897e+00  1.000000 0.000000 0.000000  0.000000 -0.000000 1.000000
2451545.219409  1.1731395335e+00  1.000000 0.000000 0.000000  0.000000 -0.000000 1.000000
2451545.220076  1.1651759963e+00  1.000000 0.000000 0.000000  0.000000 -0.000000 1.000000
2451545.220743  1.1616517507e+00  1.000000 0.000000 0.000000  0.000000 -0.000000 1.000000
2451545.221409  1.1565794961e+00  1.000000 0.000000 0.000000  0.000000 -0.000000 1.000000
2451545.222076  1.1513159608e+00  1.000000 0.000000 0.000000  0.000000 -0.000000 1.000000
2451545.222743  1.1470672210e+00  1.000000 0.000000 0.000000  0.000000 -0.000000 1.000000
2451545.223410  1.1421621879e+00  1.000000 0.000000 0.000000  0.000000 -0.000000 1.000000
2451545.224077  1.1328321796e+00  1.000000 0.000000 0.000000  0.000000 -0.000000 1.000000
2451545.224744  1.1268015990e+00  1.000000 0.000000 0.000000  0.000000 -0.000000 1.000000
2451545.225411  1.1221913081e+00  1.000000 0.000000 0.000000  0.000000 -0.000000 1.000000
2451545.226078  1.1095566360e+00  1.000000 0.000000 0.000000  0.000000 -0.000000 1.000000
2451545.226745  1.1043888073e+00  1.000000 0.000000 0.000000  0.000000 -0.000000 1.000000
2451545.227411  1.0983660476e+00  1.000000 0.000000 0.000000  0.000000 -0.000000 1.000000
2451545.228078  1.0897032686e+00  1.000000 0.000000 0.000000  0.000000 -0.000000 1.000000
2451545.228745  1.0830462865e+00  1.000000 0.000000 0.000000  0.000000 -0.000000 1.000000
2451545.229412  1.0758284528e+00  1.000000 0.000000 0.000000  0.000000 -0.000000 1.000000
2451545.230079  1.0648386231e+00  1.000000 0.000000 0.000000  0.000000 -0.000000 1.000000
2451545.230746  1.0584541797e+00  1.000000 0.000000 0.000000  0.000000 -0.000000 1.000000
2451545.231413  1.0505019100e+00  1.000000 0.000000 0.000000  0.000000 -0.000000 1.000000
2451545.232080  1.0437909769e+00  1.000000 0.000000 0.000000  0.000000 -0.000000 1.000000
2451545.232747  1.0371470518e+00  1.000000 0.000000 0.000000  0.000000 -0.000000 1.000000
2451545.233414  1.0307821607e+00  1.000000 0.000000 0.000000  0.000000 -0.000000 1.000000
2451545.234080  1.0284724088e+00  1.000000 0.000000 0.000000  0.000000 -0.000000 1.000000
2451545.234747  1.0270698157e+00  1.000000 0.000000 0.000000  0.000000 -0.000000 1.000000
2451545.235414  1.0260859723e+00  1.000000 0.000000 0.000000  0.000000 -0.000000 1.000000
2451545.236081  1.0239110317e+00  1.000000 0.000000 0.000000  0.000000 -0.000000 1.000000
2451545.236748  1.0237549450e+00  1.000000 0.000000 0.000000  0.000000 -0.000000 1.000000
2451545.237415  1.0231807050e+00  1.000000 0.000000 0.000000  0.000000 -0.000000 1.000000
2451545.238082  1.0207588093e+00  1.000000 0.000000 0.000000  0.000000 -0.000000 1.000000
2451545.238749  1.0168821590e+00  1.000000 0.000000 0.000000  0.000000 -0.000000 1.000000
2451545.239416  1.0153832626e+00  1.000000 0.000000 0.000000  0.000000 -0.000000 1.000000
360  1
2451545.000000  9.2286926932e-01  1.000000 0.000000 0.000000  0.000000 -0.000000 -1.000000
2451545.000667  9.2701945601e-01  1.000000 0.000000 0.000000  0.000000 -0.000000 -1.000000
2451545.001334  9.3131737087e-01  1.000000 0.000000 0.000000  0.000000 -0.000000 -1.000000
2451545.002001  9.3527348624e-01  1.000000 0.000000 0.000000  0.000000 -0.000000 -1.000000
2451545.002668  9.3921790334e-01  1.000000 0.000000 0.000000  0.000000 -0.000000 -1.000000
2451545.003334  9.4246889791e-01  1.000000 0.000000 0.000000  0.000000 -0.000000 -1.000000
2451545.004001  9.4984765748e-01  1.000000 0.000000 0.000000  0.000000 -0.000000 -1.000000
2451545.004668  9.5314342044e-01  1.000000 0.000000 0.000000  0.000000 -0.000000 -1.000000
2451545.005335  9.5611568120e-01  1.000000 0.000000 0.000000  0.000000 -0.000000 -1.000000
2451545.006002  9.5882113139e-01  1.000000 0.000000 0.000000  0.000000 -0.000000 -1.000000
2451545.006669  9.6261317101e-01  1.000000 0.000000 0.000000  0.000000 -0.000000 -1.000000
2451545.007336  9.6478552498e-01  1.000000 0.000000 0.000000  0.000000 -0.000000 -1.000000
2451545.008003  9.6830572977e-01  1.000000 0.000000 0.000000  0.000000 -0.000000 -1.000000
2451545.008670  9.6994986180e-01  1.000000 0.000000 0.000000  0.000000 -0.000000 -1.000000
2451545.009337  9.7096213721e-01  1.000000 0.000000 0.000000  0.000000 -0.000000 -1.000000
2451545.010003  9.7312106816e-01  1.000000 0.000000 0.000000  0.000000 -0.000000 -1.000000
2451545.010670  9.7340820073e-01  1.000000 0.000000 0.000000  0.000000 -0.000000 -1.000000
2451545.011337  9.7292827165e-01  1.000000 0.000000 0.000000  0.000000 -0.000000 -1.000000
2451545.012004  9.7433146429e-01  1.000000 0.000000 0.000000  0.000000 -0.000000 -1.000000
2451545.012671  9.7523245614e-01  1.000000 0.000000 0.000000  0.000000 -0.000000 -1.000000
2451545.013338  9.7541047984e-01  1.000000 0.000000 0.000000  0.000000 -0.000000 -1.000000
2451545.014005  9.7332758764e-01  1.000000 0.000000 0.000000  0.000000 -0.000000 -1.000000
2451545.014672  9.7113236205e-01  1.000000 0.000000 0.000000  0.000000 -0.000000 -1.000000
2451545.015339  9.7106052267e-01  1.000000 0.000000 0.000000  0.000000 -0.000000 -1.000000
2451545.016006  9.7082528243e-01  1.000000 0.000000 0.000000  0.000000 -0.000000 -1.000000
2451545.016672  9.6967757704e-01  1.000000 0.000000 0.000000  0.000000 -0.000000 -1.000000
2451545.017339  9.6817974839e-01  1.000000 0.000000 0.000000  0.000000 -0.000000 -1.000000
2451545.018006  9.6367808864e-01  1.000000 0.000000 0.000000  0.000000 -0.000000 -1.000000
2451545.018673  9.6294267232e-01  1.000000 0.000000 0.000000  0.000000 -0.000000 -1.000000
2451545.019340  9.6197396547e-01  1.000000 0.000000 0.000000  0.000000 -0.000000 -1.000000
2451545.020007  9.6221670460e-01  1.000000 0.000000 0.000000  0.000000 -0.000000 -1.000000
2451545.020674  9.6127544370e-01  1.000000 0.000000 0.000000  0.000000 -0.000000 -1.000000
2451545.021341  9.6009399329e-01  1.000000 0.000000 0.000000  0.000000 -0.000000 -1.000000
2451545.022008  9.5809126425e-01  1.000000 0.000000 0.000000  0.000000 -0.000000 -1.000000
2451545.022674  9.5694385881e-01  1.000000 0.000000 0.000000  0.000000 -0.000000 -1.000000
2451545.023341  9.5603679286e-01  1.000000 0.000000 0.000000  0.000000 -0.000000 -1.000000
2451545.024008  9.5574966029e-01  1.000000 0.000000 0.000000  0.000000 -0.000000 -1.000000
2451545.024675  9.5576645781e-01  1.000000 0.000000 0.000000  0.000000 -0.000000 -1.000000
2451545.025342  9.5432157133e-01  1.000000 0.000000 0.000000  0.000000 -0.000000 -1.000000
2451545.026009  9.5281924335e-01  1.000000 0.000000 0.000000  0.000000 -0.000000 -1.000000
2451545.026676  9.5144687115e-01  1.000000 0.000000 0.000000  0.000000 -0.000000 -1.000000
2451545.027343  9.5095021955e-01  1.000000 0.000000 0.000000  0.000000 -0.000000 -1.000000
2451545.028010  9.5175095122e-01  1.000000 0.000000 0.000000  0.000000 -0.000000 -1.000000
2451545.028677  9.5057932436e-01  1.000000 0.000000 0.000000  0.000000 -0.000000 -1.000000
2451545.029343  9.4583335071e-01  1.000000 0.000000 0.000000  0.000000 -0.000000 -1.000000
2451545.030010  9.4439836277e-01  1.000000 0.000000 0.000000  0.000000 -0.000000 -1.000000
2451545.030677  9.4348732241e-01  1.000000 0.000000 0.000000  0.000000 -0.000000 -1.000000
2451545.031344  9.4290315873e-01  1.000000 0.000000 0.000000  0.000000 -0.000000 -1.000000
2451545.032011  9.4148361851e-01  1.000000 0.000000 0.000000  0.000000 -0.000000 -1.000000
2451545.032678  9.3959832212e-01  1.000000 0.000000 0.000000  0.000000 -0.000000 -1.000000
2451545.033345  9.3546553286e-01  1.000000 0.000000 0.000000  0.000000 -0.000000 -1.000000
2451545.034012  9.3284991939e-01  1.000000 0.000000 0.000000  0.000000 -0.000000 -1.000000
2451545.034679  9.3150866760e-01  1.000000 0.000000 0.000000  0.000000 -0.000000 -1.000000
2451545.035345  9.2824792447e-01  1.000000 0.000000 0.000000  0.000000 -0.000000 -1.000000
2451545.036012  9.2494248794e-01  1.000000 0.000000 0.000000  0.000000 -0.000000 -1.000000
2451545.036679  9.2333022620e-01  1.000000 0.000000 0.000000  0.000000 -0.000000 -1.000000
2451545.037346  9.2190588669e-01  1.000000 0.000000 0.000000  0.000000 -0.000000 -1.000000
2451545.038013  9.1941962911e-01  1.000000 0.000000 0.000000  0.000000 -0.000000 -1.000000
2451545.038680  9.1666768579e-01  1.000000 0.000000 0.000000  0.000000 -0.000000 -1.000000
2451545.039347  9.1534855573e-01  1.000000 0.000000 0.000000  0.000000 -0.000000 -1.000000
2451545.040014  9.1267670057e-01  1.000000 0.000000 0.000000  0.000000 -0.000000 -1.000000
2451545.040681  9.1218859770e-01  1.000000 0.000000 0.000000  0.000000 -0.000000 -1.000000
2451545.041348  9.1226763602e-01  1.000000 0.000000 0.000000  0.000000 -0.000000 -1.000000
2451545.042014  9.1088461540e-01  1.000000 0.000000 0.000000  0.000000 -0.000000 -1.000000
2451545.042681  9.1134632217e-01  1.000000 0.000000 0.000000  0.000000 -0.000000 -1.000000
2451545.043348  9.1483308190e-01  1.000000 0.000000 0.000000  0.000000 -0.000000 -1.000000
2451545.044015  9.1771213144e-01  1.000000 0.000000 0.000000  0.000000 -0.000000 -1.000000
2451545.044682  9.2092585652e-01  1.000000 0.000000 0.000000  0.000000 -0.000000 -1.000000
2451545.045349  9.2599525737e-01  1.000000 0.000000 0.000000  0.000000 -0.000000 -1.000000
2451545.046016  9.3076957682e-01  1.000000 0.000000 0.000000  0.000000 -0.000000 -1.000000
2451545.046683  9.3628388692e-01  1.000000 0.000000 0.000000  0.000000 -0.000000 -1.000000
2451545.047350  9.4539923987e-01  1.000000 0.000000 0.000000  0.000000 -0.000000 -1.000000
2451545.048017  9.5170753263e-01  1.000000 0.000000 0.000000  0.000000 -0.000000 -1.000000
2451545.048683  9.5903844928e-01  1.000000 0.000000 0.000000  0.000000 -0.000000 -1.000000
2451545.049350  9.6601234368e-01  1.000000 0.000000 0.000000  0.000000 -0.000000 -1.000000
2451545.050017  9.7100893029e-01  1.000000 0.000000 0.000000  0.000000 -0.000000 -1.000000
2451545.050684  9.8079558403e-01  1.000000 0.000000 0.000000  0.000000 -0.000000 -1.000000
2451545.051351  9.8666841615e-01  1.000000 0.000000 0.000000  0.000000 -0.000000 -1.000000
2451545.052018  9.9308949225e-01  1.000000 0.000000 0.000000  0.000000 -0.000000 -1.000000
2451545.052685  1.0042325455e+00  1.000000 0.000000 0.000000  0.000000 -0.000000 -1.000000
2451545.053352  1.0094986423e+00  1.000000 0.000000 0.000000  0.000000 -0.000000 -1.000000
2451545.054019  1.0163742263e+00  1.000000 0.000000 0.000000  0.000000 -0.000000 -1.000000
2451545.054685  1.0258154060e+00  1.000000 0.000000 0.000000  0.000000 -0.000000 -1.000000
2451545.055352  1.0329778976e+00  1.000000 0.000000 0.000000  0.000000 -0.000000 -1.000000
2451545.056019  1.0417803968e+00  1.000000 0.000000 0.000000  0.000000 -0.000000 -1.000000
2451545.056686  1.0512599709e+00  1.000000 0.000000 0.000000  0.000000 -0.000000 -1.000000
2451545.057353  1.0578534465e+00  1.000000 0.000000 0.000000  0.000000 -0.000000 -1.000000
2451545.058020  1.0639561946e+00  1.000000 0.000000 0.000000  0.000000 -0.000000 -1.000000
2451545.058687  1.0750331827e+00  1.000000 0.000000 0.000000  0.000000 -0.000000 -1.000000
2451545.059354  1.0814502094e+00  1.000000 0.000000 0.000000  0.000000 -0.000000 -1.000000
2451545.060021  1.0872239812e+00  1.000000 0.000000 0.000000  0.000000 -0.000000 -1.000000
2451545.060688  1.0923299766e+00  1.000000 0.000000 0.000000  0.000000 -0.000000 -1.000000
2451545.061354  1.0980823015e+00  1.000000 0.000000 0.000000  0.000000 -0.000000 -1.000000
2451545.062021  1.1034029152e+00  1.000000 0.000000 0.000000  0.000000 -0.000000 -1.000000
2451545.062688  1.1135411920e+00  1.000000 0.000000 0.000000  0.000000 -0.000000 -1.000000
2451545.063355  1.1182094771e+00  1.000000 0.000000 0.000000  0.000000 -0.000000 -1.000000
2451545.064022  1.1227309340e+00  1.000000 0.000000 0.000000  0.000000 -0.000000 -1.000000
2451545.064689  1.1294979339e+00  1.000000 0.000000 0.000000  0.000000 -0.000000 -1.000000
2451545.065356  1.1329138292e+00  1.000000 0.000000 0.000000  0.000000 -0.000000 -1.000000
2451545.066023  1.1371928468e+00  1.000000 0.000000 0.000000  0.000000 -0.000000 -1.000000
2451545.066690  1.1418828787e+00  1.000000 0.000000 0.000000  0.000000 -0.000000 -1.000000
2451545.067356  1.1459252313e+00  1.000000 0.000000 0.000000  0.000000 -0.000000 -1.000000
2451545.068023  1.1491266582e+00  1.000000 0.000000 0.000000  0.000000 -0.000000 -1.000000
2451545.068690  1.1524678645e+00  1.000000 0.000000 0.000000  0.000000 -0.000000 -1.000000
2451545.069357  1.1537357021e+00  1.000000 0.000000 0.000000  0.000000 -0.000000 -1.000000
2451545.070024  1.1570835074e+00  1.000000 0.000000 0.000000  0.000000 -0.000000 -1.000000
2451545.070691  1.1609899051e+00  1.000000 0.000000 0.000000  0.000000 -0.000000 -1.000000
2451545.071358  1.1608181055e+00  1.000000 0.000000 0.000000  0.000000 -0.000000 -1.000000
2451545.072025  1.1607489657e+00  1.000000 0.000000 0.000000  0.000000 -0.000000 -1.000000
2451545.072692  1.1612837867e+00  1.000000 0.000000 0.000000  0.000000 -0.000000 -1.000000
2451545.073359  1.1639315704e+00  1.000000 0.000000 0.000000  0.000000 -0.000000 -1.000000
2451545.074025  1.1672960982e+00  1.000000 0.000000 0.000000  0.000000 -0.000000 -1.000000
2451545.074692  1.1677121367e+00  1.000000 0.000000 0.000000  0.000000 -0.000000 -1.000000
2451545.075359  1.1682943507e+00  1.000000 0.000000 0.000000  0.000000 -0.000000 -1.000000
2451545.076026  1.1672972980e+00  1.000000 0.000000 0.000000  0.000000 -0.000000 -1.000000
2451545.076693  1.1701477018e+00  1.000000 0.000000 0.000000  0.000000 -0.000000 -1.000000
2451545.077360  1.1723772723e+00  1.000000 0.000000 0.000000  0.000000 -0.000000 -1.000000
2451545.078027  1.1714678817e+00  1.000000 0.000000 0.000000  0.000000 -0.000000 -1.000000
2451545.078694  1.1725676691e+00  1.000000 0.000000 0.000000  0.000000 -0.000000 -1.000000
2451545.079361  1.1732229223e+00  1.000000 0.000000 0.000000  0.000000 -0.000000 -1.000000
2451545.080028  1.1731436590e+00  1.000000 0.000000 0.000000  0.000000 -0.000000 -1.000000
2451545.080694  1.1721951242e+00  1.000000 0.000000 0.000000  0.000000 -0.000000 -1.000000
2451545.081361  1.1705857870e+00  1.000000 0.000000 0.000000  0.000000 -0.000000 -1.000000
2451545.082028  1.1684827978e+00  1.000000 0.000000 0.000000  0.000000 -0.000000 -1.000000
2451545.082695  1.1672142103e+00  1.000000 0.000000 0.000000  0.000000 -0.000000 -1.000000
2451545.083362  1.1657765227e+00  1.000000 0.000000 0.000000  0.000000 -0.000000 -1.000000
2451545.084029  1.1644376706e+00  1.000000 0.000000 0.000000  0.000000 -0.000000 -1.000000
2451545.084696  1.1593089535e+00  1.000000 0.000000 0.000000  0.000000 -0.000000 -1.000000
2451545.085363  1.1576792943e+00  1.000000 0.000000 0.000000  0.000000 -0.000000 -1.000000
2451545.086030  1.1581898189e+00  1.000000 0.000000 0.000000  0.000000 -0.000000 -1.000000
2451545.086696  1.1557523041e+00  1.000000 0.000000 0.000000  0.000000 -0.000000 -1.000000
2451545.087363  1.1530035853e+00  1.000000 0.000000 0.000000  0.000000 -0.000000 -1.000000
2451545.088030  1.1478445727e+00  1.000000 0.000000 0.000000  0.000000 -0.000000 -1.000000
2451545.088697  1.1451225500e+00  1.000000 0.000000 0.000000  0.000000 -0.000000 -1.000000
2451545.089364  1.1425373070e+00  1.000000 0.000000 0.000000  0.000000 -0.000000 -1.000000
2451545.090031  1.1399257429e+00  1.000000 0.000000 0.000000  0.000000 -0.000000 -1.000000
2451545.090698  1.1364943250e+00  1.000000 0.000000 0.000000  0.000000 -0.000000 -1.000000
2451545.091365  1.1337950989e+00  1.000000 0.000000 0.000000  0.000000 -0.000000 -1.000000
2451545.092032  1.1288130602e+00  1.000000 0.000000 0.000000  0.000000 -0.000000 -1.000000
2451545.092699  1.1256047343e+00  1.000000 0.000000 0.000000  0.000000 -0.000000 -1.000000
2451545.093365  1.1214980412e+00  1.000000 0.000000 0.000000  0.000000 -0.000000 -1.000000
2451545.094032  1.1164107180e+00  1.000000 0.000000 0.000000  0.000000 -0.000000 -1.000000
2451545.094699  1.1130164946e+00  1.000000 0.000000 0.000000  0.000000 -0.000000 -1.000000
2451545.095366  1.1096902111e+00  1.000000 0.000000 0.000000  0.000000 -0.000000 -1.000000
2451545.096033  1.1045299987e+00  1.000000 0.000000 0.000000  0.000000 -0.000000 -1.000000
2451545.096700  1.0997445809e+00  1.000000 0.000000 0.000000  0.000000 -0.000000 -1.000000
2451545.097367  1.0960950952e+00  1.000000 0.000000 0.000000  0.000000 -0.000000 -1.000000
2451545.098034  1.0928704217e+00  1.000000 0.000000 0.000000  0.000000 -0.000000 -1.000000
2451545.098701  1.0917965054e+00  1.000000 0.000000 0.000000  0.000000 -0.000000 -1.000000
2451545.099367  1.0859732410e+00  1.000000 0.000000 0.000000  0.000000 -0.000000 -1.000000
2451545.100034  1.0832620166e+00  1.000000 0.000000 0.000000  0.000000 -0.000000 -1.000000
2451545.100701  1.0820184004e+00  1.000000 0.000000 0.000000  0.000000 -0.000000 -1.000000
2451545.101368  1.0796615737e+00  1.000000 0.000000 0.000000  0.000000 -0.000000 -1.000000
2451545.102035  1.0760006897e+00  1.000000 0.000000 0.000000  0.000000 -0.000000 -1.000000
2451545.102702  1.0717550421e+00  1.000000 0.000000 0.000000  0.000000 -0.000000 -1.000000
2451545.103369  1.0664324787e+00  1.000000 0.000000 0.000000  0.000000 -0.000000 -1.000000
2451545.104036  1.0638730319e+00  1.000000 0.000000 0.000000  0.000000 -0.000000 -1.000000
2451545.104703  1.0616845553e+00  1.000000 0.000000 0.000000  0.000000 -0.000000 -1.000000
2451545.105370  1.0580721892e+00  1.000000 0.000000 0.000000  0.000000 -0.000000 -1.000000
2451545.106036  1.0536689899e+00  1.000000 0.000000 0.000000  0.000000 -0.000000 -1.000000
2451545.106703  1.0506821063e+00  1.000000 0.000000 0.000000  0.000000 -0.000000 -1.000000
2451545.107370  1.0461333535e+00  1.000000 0.000000 0.000000  0.000000 -0.000000 -1.000000
2451545.108037  1.0427503034e+00  1.000000 0.000000 0.000000  0.000000 -0.000000 -1.000000
2451545.108704  1.0383806992e+00  1.000000 0.000000 0.000000  0.000000 -0.000000 -1.000000
2451545.109371  1.0340926079e+00  1.000000 0.000000 0.000000  0.000000 -0.000000 -1.000000
2451545.110038  1.0311951110e+00  1.000000 0.000000 0.000000  0.000000 -0.000000 -1.000000
2451545.110705  1.0274000719e+00  1.000000 0.000000 0.000000  0.000000 -0.000000 -1.000000
2451545.111372  1.0200846779e+00  1.000000 0.000000 0.000000  0.000000 -0.000000 -1.000000
2451545.112039  1.0152139227e+00  1.000000 0.000000 0.000000  0.000000 -0.000000 -1.000000
2451545.112705  1.0122661083e+00  1.000000 0.000000 0.000000  0.000000 -0.000000 -1.000000
2451545.113372  1.0067133289e+00  1.000000 0.000000 0.000000  0.000000 -0.000000 -1.000000
2451545.114039  1.0020706900e+00  1.000000 0.000000 0.000000  0.000000 -0.000000 -1.000000
2451545.114706  9.9663436839e-01  1.000000 0.000000 0.000000  0.000000 -0.000000 -1.000000
2451545.115373  9.8666054231e-01  1.000000 0.000000 0.000000  0.000000 -0.000000 -1.000000
2451545.116040  9.8084552665e-01  1.000000 0.000000 0.000000  0.000000 -0.000000 -1.000000
2451545.116707  9.7544130028e-01  1.000000 0.000000 0.000000  0.000000 -0.000000 -1.000000
2451545.117374  9.6752022085e-01  1.000000 0.000000 0.000000  0.000000 -0.000000 -1.000000
2451545.118041  9.5985162911e-01  1.000000 0.000000 0.000000  0.000000 -0.000000 -1.000000
2451545.118707  9.5408408143e-01  1.000000 0.000000 0.000000  0.000000 -0.000000 -1.000000
2451545.119374  9.4248547046e-01  1.000000 0.000000 0.000000  0.000000 -0.000000 -1.000000
2451545.120041  9.3682013268e-01  1.000000 0.000000 0.000000  0.000000 -0.000000 -1.000000
2451545.120708  9.2721322738e-01  1.000000 0.000000 0.000000  0.000000 -0.000000 -1.000000
2451545.121375  9.2093193062e-01  1.000000 0.000000 0.000000  0.000000 -0.000000 -1.000000
2451545.122042  9.1654357913e-01  1.000000 0.000000 0.000000  0.000000 -0.000000 -1.000000
2451545.122709  9.0650278794e-01  1.000000 0.000000 0.000000  0.000000 -0.000000 -1.000000
2451545.123376  9.0107906446e-01  1.000000 0.000000 0.000000  0.000000 -0.000000 -1.000000
2451545.124043  8.9462424334e-01  1.000000 0.000000 0.000000  0.000000 -0.000000 -1.000000
2451545.124710  8.8544874929e-01  1.000000 0.000000 0.000000  0.000000 -0.000000 -1.000000
2451545.125376  8.7906029337e-01  1.000000 0.000000 0.000000  0.000000 -0.000000 -1.000000
2451545.126043  8.7352753599e-01  1.000000 0.000000 0.000000  0.000000 -0.000000 -1.000000
2451545.126710  8.6502686721e-01  1.000000 0.000000 0.000000  0.000000 -0.000000 -1.000000
2451545.127377  8.5942317032e-01  1.000000 0.000000 0.000000  0.000000 -0.000000 -1.000000
2451545.128044  8.5436179329e-01  1.000000 0.000000 0.000000  0.000000 -0.000000 -1.000000
2451545.128711  8.4804322704e-01  1.000000 0.000000 0.000000  0.000000 -0.000000 -1.000000
2451545.129378  8.4283562161e-01  1.000000 0.000000 0.000000  0.000000 -0.000000 -1.000000
2451545.130045  8.3847996529e-01  1.000000 0.000000 0.000000  0.000000 -0.000000 -1.000000
2451545.130712  8.3048794634e-01  1.000000 0.000000 0.000000  0.000000 -0.000000 -1.000000
2451545.131378  8.2684295999e-01  1.000000 0.000000 0.000000  0.000000 -0.000000 -1.000000
2451545.132045  8.2323659294e-01  1.000000 0.000000 0.000000  0.000000 -0.000000 -1.000000
2451545.132712  8.1786903615e-01  1.000000 0.000000 0.000000  0.000000 -0.000000 -1.000000
2451545.133379  8.1336527671e-01  1.000000 0.000000 0.000000  0.000000 -0.000000 -1.000000
2451545.134046  8.1088839274e-01  1.000000 0.000000 0.000000  0.000000 -0.000000 -1.000000
2451545.134713  8.0490007769e-01  1.000000 0.000000 0.000000  0.000000 -0.000000 -1.000000
2451545.135380  8.0162628649e-01  1.000000 0.000000 0.000000  0.000000 -0.000000 -1.000000
2451545.136047  7.9825800925e-01  1.000000 0.000000 0.000000  0.000000 -0.000000 -1.000000
2451545.136714  7.9251993221e-01  1.000000 0.000000 0.000000  0.000000 -0.000000 -1.000000
2451545.137381  7.8857873964e-01  1.000000 0.000000 0.000000  0.000000 -0.000000 -1.000000
2451545.138047  7.8520956253e-01  1.000000 0.000000 0.000000  0.000000 -0.000000 -1.000000
2451545.138714  7.7816682830e-01  1.000000 0.000000 0.000000  0.000000 -0.000000 -1.000000
2451545.139381  7.7505058882e-01  1.000000 0.000000 0.000000  0.000000 -0.000000 -1.000000
2451545.140048  7.7290508088e-01  1.000000 0.000000 0.000000  0.000000 -0.000000 -1.000000
2451545.140715  7.7139375422e-01  1.000000 0.000000 0.000000  0.000000 -0.000000 -1.000000
2451545.141382  7.7215279205e-01  1.000000 0.000000 0.000000  0.000000 -0.000000 -1.000000
2451545.142049  7.7377615215e-01  1.000000 0.000000 0.000000  0.000000 -0.000000 -1.000000
2451545.142716  7.7453474005e-01  1.000000 0.000000 0.000000  0.000000 -0.000000 -1.000000
2451545.143383  7.7669389597e-01  1.000000 0.000000 0.000000  0.000000 -0.000000 -1.000000
2451545.144050  7.7870097437e-01  1.000000 0.000000 0.000000  0.000000 -0.000000 -1.000000
2451545.144716  7.8047078782e-01  1.000000 0.000000 0.000000  0.000000 -0.000000 -1.000000
2451545.145383  7.8386538617e-01  1.000000 0.000000 0.000000  0.000000 -0.000000 -1.000000
2451545.146050  7.8660638111e-01  1.000000 0.000000 0.000000  0.000000 -0.000000 -1.000000
2451545.146717  7.8999895476e-01  1.000000 0.000000 0.000000  0.000000 -0.000000 -1.000000
2451545.147384  7.9339865236e-01  1.000000 0.000000 0.000000  0.000000 -0.000000 -1.000000
2451545.148051  7.9930020523e-01  1.000000 0.000000 0.000000  0.000000 -0.000000 -1.000000
2451545.148718  8.0343059485e-01  1.000000 0.000000 0.000000  0.000000 -0.000000 -1.000000
2451545.149385  8.0722135965e-01  1.000000 0.000000 0.000000  0.000000 -0.000000 -1.000000
2451545.150052  8.1304784862e-01  1.000000 0.000000 0.000000  0.000000 -0.000000 -1.000000
2451545.150718  8.1713871907e-01  1.000000 0.000000 0.000000  0.000000 -0.000000 -1.000000
2451545.151385  8.2059728297e-01  1.000000 0.000000 0.000000  0.000000 -0.000000 -1.000000
2451545.152052  8.2925115411e-01  1.000000 0.000000 0.000000  0.000000 -0.000000 -1.000000
2451545.152719  8.3596806149e-01  1.000000 0.000000 0.000000  0.000000 -0.000000 -1.000000
2451545.153386  8.4218441785e-01  1.000000 0.000000 0.000000  0.000000 -0.000000 -1.000000
2451545.154053  8.5164359498e-01  1.000000 0.000000 0.000000  0.000000 -0.000000 -1.000000
2451545.154720  8.5766130569e-01  1.000000 0.000000 0.000000  0.000000 -0.000000 -1.000000
2451545.155387  8.6506788615e-01  1.000000 0.000000 0.000000  0.000000 -0.000000 -1.000000
2451545.156054  8.7311989623e-01  1.000000 0.000000 0.000000  0.000000 -0.000000 -1.000000
2451545.156721  8.7890641611e-01  1.000000 0.000000 0.000000  0.000000 -0.000000 -1.000000
2451545.157387  8.8439028071e-01  1.000000 0.000000 0.000000  0.000000 -0.000000 -1.000000
2451545.158054  8.9060701201e-01  1.000000 0.000000 0.000000  0.000000 -0.000000 -1.000000
2451545.158721  8.9773898305e-01  1.000000 0.000000 0.000000  0.000000 -0.000000 -1.000000
2451545.159388  9.0053846934e-01  1.000000 0.000000 0.000000  0.000000 -0.000000 -1.000000
2451545.160055  9.0983747015e-01  1.000000 0.000000 0.000000  0.000000 -0.000000 -1.000000
2451545.160722  9.1294171141e-01  1.000000 0.000000 0.000000  0.000000 -0.000000 -1.000000
2451545.161389  9.1793229890e-01  1.000000 0.000000 0.000000  0.000000 -0.000000 -1.000000
2451545.162056  9.2354686919e-01  1.000000 0.000000 0.000000  0.000000 -0.000000 -1.000000
2451545.162723  9.2694109259e-01  1.000000 0.000000 0.000000  0.000000 -0.000000 -1.000000
2451545.163389  9.3059057827e-01  1.000000 0.000000 0.000000  0.000000 -0.000000 -1.000000
2451545.164056  9.3688034878e-01  1.000000 0.000000 0.000000  0.000000 -0.000000 -1.000000
2451545.164723  9.3985583406e-01  1.000000 0.000000 0.000000  0.000000 -0.000000 -1.000000
2451545.165390  9.4297844761e-01  1.000000 0.000000 0.000000  0.000000 -0.000000 -1.000000
2451545.166057  9.4928891505e-01  1.000000 0.000000 0.000000  0.000000 -0.000000 -1.000000
2451545.166724  9.5141755049e-01  1.000000 0.000000 0.000000  0.000000 -0.000000 -1.000000
2451545.167391  9.5435561630e-01  1.000000 0.000000 0.000000  0.000000 -0.000000 -1.000000
2451545.168058  9.5880133432e-01  1.000000 0.000000 0.000000  0.000000 -0.000000 -1.000000
2451545.168725  9.6242097441e-01  1.000000 0.000000 0.000000  0.000000 -0.000000 -1.000000
2451545.169392  9.6690981106e-01  1.000000 0.000000 0.000000  0.000000 -0.000000 -1.000000
2451545.170058  9.6826178626e-01  1.000000 0.000000 0.000000  0.000000 -0.000000 -1.000000
2451545.170725  9.7114705988e-01  1.000000 0.000000 0.000000  0.000000 -0.000000 -1.000000
2451545.171392  9.7672488559e-01  1.000000 0.000000 0.000000  0.000000 -0.000000 -1.000000
2451545.172059  9.7896405469e-01  1.000000 0.000000 0.000000  0.000000 -0.000000 -1.000000
2451545.172726  9.8005611831e-01  1.000000 0.000000 0.000000  0.000000 -0.000000 -1.000000
2451545.173393  9.8184752858e-01  1.000000 0.000000 0.000000  0.000000 -0.000000 -1.000000
2451545.174060  9.8348326185e-01  1.000000 0.000000 0.000000  0.000000 -0.000000 -1.000000
2451545.174727  9.8481101563e-01  1.000000 0.000000 0.000000  0.000000 -0.000000 -1.000000
2451545.175394  9.8866364630e-01  1.000000 0.000000 0.000000  0.000000 -0.000000 -1.000000
2451545.176061  9.8935826865e-01  1.000000 0.000000 0.000000  0.000000 -0.000000 -1.000000
2451545.176727  9.9139946700e-01  1.000000 0.000000 0.000000  0.000000 -0.000000 -1.000000
2451545.177394  9.9188277058e-01  1.000000 0.000000 0.000000  0.000000 -0.000000 -1.000000
2451545.178061  9.9162090927e-01  1.000000 0.000000 0.000000  0.000000 -0.000000 -1.000000
2451545.178728  9.9195101049e-01  1.000000 0.000000 0.000000  0.000000 -0.000000 -1.000000
2451545.179395  9.9328198880e-01  1.000000 0.000000 0.000000  0.000000 -0.000000 -1.000000
2451545.180062  9.9351662913e-01  1.000000 0.000000 0.000000  0.000000 -0.000000 -1.000000
2451545.180729  9.9295571202e-01  1.000000 0.000000 0.000000  0.000000 -0.000000 -1.000000
2451545.181396  9.9319027736e-01  1.000000 0.000000 0.000000  0.000000 -0.000000 -1.000000
2451545.182063  9.9288702217e-01  1.000000 0.000000 0.000000  0.000000 -0.000000 -1.000000
2451545.182729  9.9427716674e-01  1.000000 0.000000 0.000000  0.000000 -0.000000 -1.000000
2451545.183396  9.9445759007e-01  1.000000 0.000000 0.000000  0.000000 -0.000000 -1.000000
2451545.184063  9.9421800048e-01  1.000000 0.000000 0.000000  0.000000 -0.000000 -1.000000
2451545.184730  9.9438927517e-01  1.000000 0.000000 0.000000  0.000000 -0.000000 -1.000000
2451545.185397  9.9524527367e-01  1.000000 0.000000 0.000000  0.000000 -0.000000 -1.000000
2451545.186064  9.9802106347e-01  1.000000 0.000000 0.000000  0.000000 -0.000000 -1.000000
2451545.186731  9.9988723769e-01  1.000000 0.000000 0.000000  0.000000 -0.000000 -1.000000
2451545.187398  1.0052864398e+00  1.000000 0.000000 0.000000  0.000000 -0.000000 -1.000000
2451545.188065  1.0071046961e+00  1.000000 0.000000 0.000000  0.000000 -0.000000 -1.000000
2451545.188732  1.0083768831e+00  1.000000 0.000000 0.000000  0.000000 -0.000000 -1.000000
2451545.189398  1.0111259018e+00  1.000000 0.000000 0.000000  0.000000 -0.000000 -1.000000
2451545.190065  1.0136818241e+00  1.000000 0.000000 0.000000  0.000000 -0.000000 -1.000000
2451545.190732  1.0169031981e+00  1.000000 0.000000 0.000000  0.000000 -0.000000 -1.000000
2451545.191399  1.0189357727e+00  1.000000 0.000000 0.000000  0.000000 -0.000000 -1.000000
2451545.192066  1.0210013425e+00  1.000000 0.000000 0.000000  0.000000 -0.000000 -1.000000
2451545.192733  1.0256780263e+00  1.000000 0.000000 0.000000  0.000000 -0.000000 -1.000000
2451545.193400  1.0303835810e+00  1.000000 0.000000 0.000000  0.000000 -0.000000 -1.000000
2451545.194067  1.0344476804e+00  1.000000 0.000000 0.000000  0.000000 -0.000000 -1.000000
2451545.194734  1.0401676851e+00  1.000000 0.000000 0.000000  0.000000 -0.000000 -1.000000
2451545.195400  1.0449698254e+00  1.000000 0.000000 0.000000  0.000000 -0.000000 -1.000000
2451545.196067  1.0490708944e+00  1.000000 0.000000 0.000000  0.000000 -0.000000 -1.000000
2451545.196734  1.0534431982e+00  1.000000 0.000000 0.000000  0.000000 -0.000000 -1.000000
2451545.197401  1.0570235441e+00  1.000000 0.000000 0.000000  0.000000 -0.000000 -1.000000
2451545.198068  1.0615446260e+00  1.000000 0.000000 0.000000  0.000000 -0.000000 -1.000000
2451545.198735  1.0693742190e+00  1.000000 0.000000 0.000000  0.000000 -0.000000 -1.000000
2451545.199402  1.0742002808e+00  1.000000 0.000000 0.000000  0.000000 -0.000000 -1.000000
2451545.200069  1.0784762989e+00  1.000000 0.000000 0.000000  0.000000 -0.000000 -1.000000
2451545.200736  1.0827787131e+00  1.000000 0.000000 0.000000  0.000000 -0.000000 -1.000000
2451545.201403  1.0860279079e+00  1.000000 0.000000 0.000000  0.000000 -0.000000 -1.000000
2451545.202069  1.0912831313e+00  1.000000 0.000000 0.000000  0.000000 -0.000000 -1.000000
2451545.202736  1.0981048732e+00  1.000000 0.000000 0.000000  0.000000 -0.000000 -1.000000
2451545.203403  1.1013692908e+00  1.000000 0.000000 0.000000  0.000000 -0.000000 -1.000000
2451545.204070  1.1050558210e+00  1.000000 0.000000 0.000000  0.000000 -0.000000 -1.000000
2451545.204737  1.1094005289e+00  1.000000 0.000000 0.000000  0.000000 -0.000000 -1.000000
2451545.205404  1.1130863842e+00  1.000000 0.000000 0.000000  0.000000 -0.000000 -1.000000
2451545.206071  1.1162210710e+00  1.000000 0.000000 0.000000  0.000000 -0.000000 -1.000000
2451545.206738  1.1214240271e+00  1.000000 0.000000 0.000000  0.000000 -0.000000 -1.000000
2451545.207405  1.1243356218e+00  1.000000 0.000000 0.000000  0.000000 -0.000000 -1.000000
2451545.208072  1.1267704370e+00  1.000000 0.000000 0.000000  0.000000 -0.000000 -1.000000
2451545.208738  1.1320619550e+00  1.000000 0.000000 0.000000  0.000000 -0.000000 -1.000000
2451545.209405  1.1363487715e+00  1.000000 0.000000 0.000000  0.000000 -0.000000 -1.000000
2451545.210072  1.1398512789e+00  1.000000 0.000000 0.000000  0.000000 -0.000000 -1.000000
2451545.210739  1.1460321655e+00  1.000000 0.000000 0.000000  0.000000 -0.000000 -1.000000
2451545.211406  1.1484508581e+00  1.000000 0.000000 0.000000  0.000000 -0.000000 -1.000000
2451545.212073  1.1524039739e+00  1.000000 0.000000 0.000000  0.000000 -0.000000 -1.000000
2451545.212740  1.1541054725e+00  1.000000 0.000000 0.000000  0.000000 -0.000000 -1.000000
2451545.213407  1.1552682506e+00  1.000000 0.000000 0.000000  0.000000 -0.000000 -1.000000
2451545.214074  1.1576328762e+00  1.000000 0.000000 0.000000  0.000000 -0.000000 -1.000000
2451545.214740  1.1608019829e+00  1.000000 0.000000 0.000000  0.000000 -0.000000 -1.000000
2451545.215407  1.1605084013e+00  1.000000 0.000000 0.000000  0.000000 -0.000000 -1.000000
2451545.216074  1.1582279883e+00  1.000000 0.000000 0.000000  0.000000 -0.000000 -1.000000
2451545.216741  1.1580882839e+00  1.000000 0.000000 0.000000  0.000000 -0.000000 -1.000000
2451545.217408  1.1595480932e+00  1.000000 0.000000 0.000000  0.000000 -0.000000 -1.000000
2451545.218075  1.1569872216e+00  1.000000 0.000000 0.000000  0.000000 -0.000000 -1.000000
2451545.218742  1.1553341659e+00  1.000000 0.000000 0.000000  0.000000 -0.000000 -1.000000
2451545.219409  1.1517256242e+00  1.000000 0.000000 0.000000  0.000000 -0.000000 -1.000000
2451545.220076  1.1477017938e+00  1.000000 0.000000 0.000000  0.000000 -0.000000 -1.000000
2451545.220743  1.1453198458e+00  1.000000 0.000000 0.000000  0.000000 -0.000000 -1.000000
2451545.221409  1.1418729052e+00  1.000000 0.000000 0.000000  0.000000 -0.000000 -1.000000
2451545.222076  1.1361128564e+00  1.000000 0.000000 0.000000  0.000000 -0.000000 -1.000000
2451545.222743  1.1300283306e+00  1.000000 0.000000 0.000000  0.000000 -0.000000 -1.000000
2451545.223410  1.1256983205e+00  1.000000 0.000000 0.000000  0.000000 -0.000000 -1.000000
2451545.224077  1.1168820233e+00  1.000000 0.000000 0.000000  0.000000 -0.000000 -1.000000
2451545.224744  1.1095424080e+00  1.000000 0.000000 0.000000  0.000000 -0.000000 -1.000000
2451545.225411  1.1013338960e+00  1.000000 0.000000 0.000000  0.000000 -0.000000 -1.000000
2451545.226078  1.0921233071e+00  1.000000 0.000000 0.000000  0.000000 -0.000000 -1.000000
2451545.226745  1.0851785084e+00  1.000000 0.000000 0.000000  0.000000 -0.000000 -1.000000
2451545.227411  1.0770337371e+00  1.000000 0.000000 0.000000  0.000000 -0.000000 -1.000000
2451545.228078  1.0616946788e+00  1.000000 0.000000 0.000000  0.000000 -0.000000 -1.000000
2451545.228745  1.0512694195e+00  1.000000 0.000000 0.000000  0.000000 -0.000000 -1.000000
2451545.229412  1.0432258831e+00  1.000000 0.000000 0.000000  0.000000 -0.000000 -1.000000
2451545.230079  1.0291006706e+00  1.000000 0.000000 0.000000  0.000000 -0.000000 -1.000000
2451545.230746  1.0189233246e+00  1.000000 0.000000 0.000000  0.000000 -0.000000 -1.000000
2451545.231413  1.0066678107e+00  1.000000 0.000000 0.000000  0.000000 -0.000000 -1.000000
2451545.232080  9.9097098032e-01  1.000000 0.000000 0.000000  0.000000 -0.000000 -1.000000
2451545.232747  9.8212498757e-01  1.000000 0.000000 0.000000  0.000000 -0.000000 -1.000000
2451545.233414  9.7185510525e-01  1.000000 0.000000 0.000000  0.000000 -0.000000 -1.000000
2451545.234080  9.5664967729e-01  1.000000 0.000000 0.000000  0.000000 -0.000000 -1.000000
2451545.234747  9.4606454155e-01  1.000000 0.000000 0.000000  0.000000 -0.000000 -1.000000
2451545.235414  9.3598220651e-01  1.000000 0.000000 0.000000  0.000000 -0.000000 -1.000000
2451545.236081  9.2327735901e-01  1.000000 0.000000 0.000000  0.000000 -0.000000 -1.000000
2451545.236748  9.1766676314e-01  1.000000 0.000000 0.000000  0.000000 -0.000000 -1.000000
2451545.237415  9.1133049951e-01  1.000000 0.000000 0.000000  0.000000 -0.000000 -1.000000
2451545.238082  9.1131385197e-01  1.000000 0.000000 0.000000  0.000000 -0.000000 -1.000000
2451545.238749  9.1515065997e-01  1.000000 0.000000 0.000000  0.000000 -0.000000 -1.000000
2451545.239416  9.1932349331e-01  1.000000 0.000000 0.000000  0.000000 -0.000000 -1.000000
